method,n_samples,point_id,x,y,rating,parent_asin
pacmap,5000,0,3.3464673,0.005279176,3.0,B083NRGZMM
pacmap,5000,1,4.152152,-1.2498312,1.0,B07N69T6TM
pacmap,5000,2,-12.325448,-0.6302165,5.0,B01G8JO5F2
pacmap,5000,3,8.994142,0.7816218,5.0,B001OC5JKY
pacmap,5000,4,-11.555503,-1.714886,5.0,B07CJYMRWM
pacmap,5000,5,5.551769,0.25326326,5.0,B07CML419K
pacmap,5000,6,-11.816134,-0.34616482,5.0,B07BHHB5RH
pacmap,5000,7,-11.23403,-0.92677176,5.0,B09S6Y5BRG
pacmap,5000,8,5.895079,-4.8420043,5.0,B01LW71IBJ
pacmap,5000,9,-5.7697415,2.5914176,5.0,B017T99JPG
pacmap,5000,10,-2.414867,-4.094729,1.0,B00L0YLRUW
pacmap,5000,11,3.6493976,-4.7633677,3.0,B01HHURN3W
pacmap,5000,12,-12.231705,-0.7400423,5.0,B004S2JX7W
pacmap,5000,13,-9.370994,-2.28534,3.0,B0047T79VS
pacmap,5000,14,4.579463,-1.3301206,5.0,B00IXNUDG2
pacmap,5000,15,-2.6106098,-3.8632224,5.0,B00PVCXB4Y
pacmap,5000,16,-2.7575808,-0.104238346,5.0,B00X5C22SS
pacmap,5000,17,6.7756534,2.5272074,5.0,B0BKQZGST4
pacmap,5000,18,7.2904763,-3.617328,5.0,B01LQF8B7G
pacmap,5000,19,4.5623474,-4.843947,4.0,B075X8471B
pacmap,5000,20,-0.6272493,-2.250484,5.0,B0B2DLVCF3
pacmap,5000,21,-6.023027,3.3346748,5.0,B0199HAOAU
pacmap,5000,22,-6.296005,-3.1710105,5.0,B0093162RM
pacmap,5000,23,-8.628508,0.3688815,5.0,B07FCZY1ZB
pacmap,5000,24,-8.417263,-1.0308352,5.0,B00RH29CJO
pacmap,5000,25,7.652465,1.3842859,5.0,B08P3VMW76
pacmap,5000,26,8.45156,2.4722846,5.0,B013KPXNSW
pacmap,5000,27,-5.316034,5.2689414,4.0,B0862W5BQ8
pacmap,5000,28,-2.1017063,-3.0366542,5.0,B004XC6GJ0
pacmap,5000,29,-3.421355,3.0056417,5.0,B0BNX9QVXZ
pacmap,5000,30,-10.9557905,-1.6478963,5.0,B0BN534JBB
pacmap,5000,31,5.554174,1.2592472,5.0,B08X4R1T16
pacmap,5000,32,-9.402443,-1.8294206,5.0,B08932J7NC
pacmap,5000,33,4.944471,-2.6201584,5.0,B078LLS33F
pacmap,5000,34,-7.2621946,4.796569,5.0,B00V3KLZSW
pacmap,5000,35,5.326365,-2.8370292,5.0,B012ASFKOU
pacmap,5000,36,-2.1600182,-3.1486087,4.0,B001FWYGJS
pacmap,5000,37,3.5319202,2.3659935,5.0,B08YP2F6VG
pacmap,5000,38,-4.3757763,4.4474754,5.0,B0C8HDXFXN
pacmap,5000,39,-6.447061,4.47302,5.0,B00RBGYGPG
pacmap,5000,40,4.0426545,0.056039304,5.0,B007EVDJV0
pacmap,5000,41,-0.79722804,4.7264137,5.0,B00KLZLBCK
pacmap,5000,42,5.9979777,-0.41934803,5.0,B09NHSGWPD
pacmap,5000,43,4.339141,-4.0446286,1.0,B095KHWNLK
pacmap,5000,44,-6.9663186,7.5753136,5.0,B08BRJ98H3
pacmap,5000,45,5.6529994,-0.6558668,5.0,B08912RRG5
pacmap,5000,46,-7.0791945,5.104706,5.0,B07GVWH35S
pacmap,5000,47,7.6252193,2.7806718,5.0,B06VTQK7CB
pacmap,5000,48,5.8675976,-2.4355347,1.0,B0776DSP7Y
pacmap,5000,49,0.8995528,-1.9623939,2.0,B00NWXM5U0
pacmap,5000,50,1.3089803,-4.459524,5.0,B01DDIAX1Q
pacmap,5000,51,0.54680634,4.149518,2.0,B00L49X8E6
pacmap,5000,52,-11.416487,-2.0298376,5.0,B09HDZ8FQY
pacmap,5000,53,7.1125264,3.6334462,5.0,B00PQBDQPO
pacmap,5000,54,-8.932215,-2.7954056,5.0,B00CRF9V2O
pacmap,5000,55,-10.192669,-3.5945616,5.0,B00BHC7ZTE
pacmap,5000,56,-1.3532991,-1.6011388,4.0,B00852JEPW
pacmap,5000,57,0.5161486,0.31475723,2.0,B09ZTXZ1MQ
pacmap,5000,58,-9.078092,-2.6104867,5.0,B09MYGF318
pacmap,5000,59,4.754404,0.5124836,1.0,B07VV6TT69
pacmap,5000,60,6.343238,-0.56577194,5.0,B07BRHB8C1
pacmap,5000,61,3.3537483,-5.3824544,5.0,B07Z6BPJXQ
pacmap,5000,62,7.0690894,-1.6438379,4.0,B083YHS7SV
pacmap,5000,63,6.3457212,-2.6113827,5.0,B0046EDOWW
pacmap,5000,64,6.1876974,-7.984582,5.0,B0045DT3A6
pacmap,5000,65,6.445036,1.6786119,5.0,B09DSSQ52Q
pacmap,5000,66,7.5402513,5.397627,3.0,B07H3PN7K3
pacmap,5000,67,6.674234,-4.0897527,5.0,B0733GXPYZ
pacmap,5000,68,4.6858516,-0.14882635,2.0,B07TPLH5YK
pacmap,5000,69,-2.780662,-0.48267323,2.0,B07FPQ343D
pacmap,5000,70,4.9648366,5.701946,5.0,B00VKIY9RG
pacmap,5000,71,7.9381423,2.8118544,5.0,B07BJ8KD6X
pacmap,5000,72,-8.855804,-1.5002289,1.0,B0061F6QUG
pacmap,5000,73,-4.391618,-0.65220034,5.0,B09DRXBKVG
pacmap,5000,74,-8.72723,-2.7738843,5.0,B09TB71VLY
pacmap,5000,75,0.8872247,-4.3811703,5.0,B002N3MM6W
pacmap,5000,76,5.6359982,-4.37684,5.0,B07KTYJ769
pacmap,5000,77,6.8200965,-6.7882376,5.0,B07PGL2N7J
pacmap,5000,78,-6.2019873,-2.222857,5.0,B07J2GSF3S
pacmap,5000,79,-6.7423577,-1.7272062,3.0,B07Z9QXZMW
pacmap,5000,80,4.076012,-3.8448062,4.0,B07Q585X37
pacmap,5000,81,4.060266,-4.6973195,4.0,B07P97SHQP
pacmap,5000,82,-6.537352,-2.2212396,5.0,B07B3TX6MF
pacmap,5000,83,1.7750297,-2.9240983,4.0,B07WPY2W4Y
pacmap,5000,84,0.04533409,-3.8569732,4.0,B083Z3QCY6
pacmap,5000,85,4.1701393,-0.8492066,4.0,B07F71KFMQ
pacmap,5000,86,1.7153263,3.0860047,4.0,B07547WSQQ
pacmap,5000,87,4.60552,-2.7652981,4.0,B07P7KG4TJ
pacmap,5000,88,-1.3739061,5.0046597,4.0,B01LYC6A8M
pacmap,5000,89,-0.49248064,4.682344,5.0,B0B2Y5WYRG
pacmap,5000,90,0.43424532,3.48542,5.0,B08KG14KCT
pacmap,5000,91,-0.22564356,4.0520577,5.0,B09FF1RNDT
pacmap,5000,92,5.670798,-3.7009044,3.0,B00FGI4C14
pacmap,5000,93,4.6657543,-3.3338692,3.0,B07B4BF3KT
pacmap,5000,94,3.138886,-4.87216,5.0,B08XBLP2V8
pacmap,5000,95,2.6962745,-5.072825,5.0,B018S7DPU8
pacmap,5000,96,3.7609751,-3.6247962,5.0,B00MYU0E0K
pacmap,5000,97,-0.10753985,4.6839895,5.0,B000Q85WOK
pacmap,5000,98,4.2744465,-4.516171,5.0,B01KWY71BO
pacmap,5000,99,4.674632,-4.297442,4.0,B008I64LC6
pacmap,5000,100,3.1510477,-5.36009,5.0,B079Y46M3N
pacmap,5000,101,0.79155815,0.72095734,3.0,B01MZ45YUU
pacmap,5000,102,1.0037143,0.74251354,5.0,B074V4CWFD
pacmap,5000,103,4.0511804,-4.227324,3.0,B0083J8DFY
pacmap,5000,104,2.05001,-3.735629,5.0,B09N7SXX1X
pacmap,5000,105,6.9866543,3.370406,5.0,B00X4XEBTQ
pacmap,5000,106,3.0855527,-5.733025,4.0,B001CJOLBW
pacmap,5000,107,-10.27478,-1.9989214,5.0,B0032FOKME
pacmap,5000,108,-1.9659352,-4.1632724,5.0,B002WBX7TQ
pacmap,5000,109,-4.721623,1.3351587,4.0,B07CB22VVJ
pacmap,5000,110,-4.4195027,1.9456973,4.0,B0002MQGK4
pacmap,5000,111,-3.2681656,1.4110941,4.0,B0092TGP4A
pacmap,5000,112,-5.7142963,2.9394433,5.0,B00552PA7G
pacmap,5000,113,-6.174835,3.1733985,5.0,B07CDCX945
pacmap,5000,114,-4.660193,2.108437,4.0,B07BYZBG2X
pacmap,5000,115,5.109852,-4.382695,5.0,B07CBLV151
pacmap,5000,116,-6.098351,3.5366013,3.0,B000SJ2TJ8
pacmap,5000,117,-2.1745021,2.2376564,5.0,B003UT2C4U
pacmap,5000,118,4.6848373,-2.2992985,5.0,B084JBVY4S
pacmap,5000,119,7.0262055,-3.8037002,5.0,B0075VFKI4
pacmap,5000,120,5.249397,-4.5049143,5.0,B009RUZ7TS
pacmap,5000,121,1.1413728,0.46573797,5.0,B071CMGRLL
pacmap,5000,122,-7.095851,8.391987,3.0,B006ZZXVCI
pacmap,5000,123,6.814945,-3.1025984,5.0,B01DFKC6CQ
pacmap,5000,124,6.732858,-3.1115272,5.0,B07P9W1SMH
pacmap,5000,125,6.629312,-4.227101,5.0,B01M3ULMWP
pacmap,5000,126,6.065028,-2.487304,1.0,B071HXSW4Y
pacmap,5000,127,3.9093328,-5.5338793,5.0,B0CCDMQZM7
pacmap,5000,128,6.1035705,5.236925,1.0,B005HSG31K
pacmap,5000,129,6.5924463,2.7815437,3.0,B00D2J8558
pacmap,5000,130,5.4777412,-0.8336968,1.0,B0BFHVDPTG
pacmap,5000,131,3.033827,-6.051143,5.0,B08N4M55K5
pacmap,5000,132,-3.3393073,-0.39543292,5.0,B0945WPX5W
pacmap,5000,133,-12.559705,-1.158505,5.0,B09K7K5J3N
pacmap,5000,134,0.15443288,0.6172683,4.0,B084ZJFNKN
pacmap,5000,135,-9.508122,-2.9658391,5.0,B0B3T4JWN9
pacmap,5000,136,-12.509602,-1.3563622,4.0,B07S5JVP78
pacmap,5000,137,-9.511361,-2.7347221,5.0,B0935ZDCYD
pacmap,5000,138,4.73005,4.089135,5.0,B075LX7S6B
pacmap,5000,139,4.4629865,-4.565715,5.0,B001L5SN5M
pacmap,5000,140,6.5205154,2.326171,5.0,B000WOIFO2
pacmap,5000,141,-11.880226,-1.3475509,5.0,B00365EB3I
pacmap,5000,142,5.459661,-1.2345879,4.0,B07XZ1YDKP
pacmap,5000,143,-6.8706474,6.8836575,1.0,B09CD8GVY5
pacmap,5000,144,-0.11804534,0.45956868,1.0,B09V28P31X
pacmap,5000,145,1.8280973,0.4531187,5.0,B01D0PVYH4
pacmap,5000,146,-10.2517805,-3.0032392,5.0,B017SJKHIK
pacmap,5000,147,4.9802313,-2.7825623,5.0,B0BWNQZT64
pacmap,5000,148,3.140543,-4.359425,5.0,B08F9ZCTCL
pacmap,5000,149,5.420938,4.808799,5.0,B08F9NJMW7
pacmap,5000,150,-12.07332,-0.64105994,5.0,B01L2VGEQE
pacmap,5000,151,-9.344935,-2.7613714,5.0,B0BW4PFM58
pacmap,5000,152,5.553204,-6.6093035,1.0,B00MNB1OD6
pacmap,5000,153,5.9443736,-0.66758347,5.0,B00TIRFCXQ
pacmap,5000,154,-5.4913282,2.0251455,4.0,B08N51H3LB
pacmap,5000,155,4.982744,0.14059697,5.0,B09KRX2QJC
pacmap,5000,156,5.160209,3.5645006,5.0,B09V28Y3HH
pacmap,5000,157,-7.187515,4.258928,5.0,B0C5XK6534
pacmap,5000,158,3.7306216,-3.120755,4.0,B0BTHV3YSV
pacmap,5000,159,-5.5901737,6.517703,5.0,B0BRKGSJKH
pacmap,5000,160,7.809121,-2.93006,5.0,B00JQZJ4OS
pacmap,5000,161,3.150882,-5.6371493,5.0,B08BJWB991
pacmap,5000,162,-6.816773,6.0568633,5.0,B09JNRLN4W
pacmap,5000,163,6.165962,5.063863,5.0,B07HHY1MWS
pacmap,5000,164,2.1939301,1.1200932,4.0,B00IYM0Y2A
pacmap,5000,165,6.2002296,5.08235,5.0,B01HNL545Y
pacmap,5000,166,5.57325,-2.3977177,5.0,B08RJJ97VW
pacmap,5000,167,5.102977,-6.37549,5.0,B01KXHYDXO
pacmap,5000,168,7.6981235,-2.7923367,2.0,B071KJ97ZL
pacmap,5000,169,7.747382,-2.8207421,1.0,B07QWP1RYY
pacmap,5000,170,4.1118355,-4.461579,5.0,B0772SXNSC
pacmap,5000,171,5.872071,-2.3122692,3.0,B08W69YRFB
pacmap,5000,172,4.1455235,-5.79021,5.0,B073J9QWKY
pacmap,5000,173,3.7976027,-6.121306,5.0,B073M1NGHJ
pacmap,5000,174,5.3418756,-1.254069,5.0,B0B8N1CQD1
pacmap,5000,175,-3.248459,-1.1840924,5.0,B085XZGVN5
pacmap,5000,176,-5.0841565,-2.0231295,4.0,B09GV31691
pacmap,5000,177,-3.686489,-1.2300333,4.0,B09KPLV3WD
pacmap,5000,178,4.039787,0.7272272,5.0,B093YD69JB
pacmap,5000,179,-0.4056397,4.631687,5.0,B09KM3BZSS
pacmap,5000,180,-8.28601,-0.7440089,2.0,B0992TJFM3
pacmap,5000,181,5.511586,1.135736,3.0,B07ZWCTNJH
pacmap,5000,182,-8.184864,-2.2399945,5.0,B07VKFSLKN
pacmap,5000,183,-8.195636,-2.2906666,5.0,B00MJ1YR8Y
pacmap,5000,184,-1.7071604,-1.2589245,4.0,B08ZZYS2P3
pacmap,5000,185,-8.700734,-2.1839414,5.0,B007JYZ3BG
pacmap,5000,186,-0.12914152,0.6532292,1.0,B08L1N8TG9
pacmap,5000,187,-2.7842174,1.6850641,5.0,B07G95FFN3
pacmap,5000,188,5.735129,-5.5168614,5.0,B083WD2J3F
pacmap,5000,189,4.8962054,-1.1239477,3.0,B08TTVLTWT
pacmap,5000,190,6.6277237,-1.4162736,5.0,B095KG3VZG
pacmap,5000,191,1.661917,3.594816,4.0,B088DJQ2PQ
pacmap,5000,192,3.7050726,-4.2546344,1.0,B00UVSJU4S
pacmap,5000,193,2.8710704,-6.9364157,5.0,B0BJ13Q5JG
pacmap,5000,194,3.6947649,0.603972,5.0,B07QQPH27F
pacmap,5000,195,-6.4463434,-3.2389855,5.0,B00PYG7LH0
pacmap,5000,196,-10.543345,-2.808361,5.0,B07S764D9V
pacmap,5000,197,-3.8855233,0.17444757,5.0,B071WRSYML
pacmap,5000,198,6.499413,2.454331,5.0,B00BKX75YA
pacmap,5000,199,5.4481163,2.635308,4.0,B09FN58JBR
pacmap,5000,200,-0.9294217,4.8378963,5.0,B0032GU1LW
pacmap,5000,201,-11.904936,-0.66940516,3.0,B0B9HR3T4B
pacmap,5000,202,-8.791314,-1.4391462,5.0,B07LC6VRD6
pacmap,5000,203,3.7020671,-1.9907796,4.0,B01KUEGE1E
pacmap,5000,204,4.733916,-2.4812384,5.0,B08KGQHF67
pacmap,5000,205,-5.738142,6.043497,5.0,B0C9DP86HZ
pacmap,5000,206,5.9670796,1.8926018,5.0,B089W47DTX
pacmap,5000,207,9.037988,7.707577,5.0,B00EQ94566
pacmap,5000,208,7.8759646,4.098479,5.0,B07SPFR8VB
pacmap,5000,209,-0.6093526,4.792909,5.0,B00KQQK87S
pacmap,5000,210,-7.2405496,-4.6511564,5.0,B07KTYJ769
pacmap,5000,211,2.7093172,-3.209003,3.0,B06X95BTH4
pacmap,5000,212,3.7983413,-2.9599023,5.0,B005L38VRU
pacmap,5000,213,-9.293425,-2.40288,5.0,B00V3CSE4I
pacmap,5000,214,-3.937815,1.4850882,3.0,B003MVYTBU
pacmap,5000,215,3.6940389,-5.6938267,5.0,B006R9O2PC
pacmap,5000,216,2.9962254,-6.450312,5.0,B00D8XNU6C
pacmap,5000,217,4.0589137,-1.7432593,5.0,B00E0ISVLI
pacmap,5000,218,6.013636,-2.0973234,5.0,B08HC6J3H1
pacmap,5000,219,3.3531919,5.764929,3.0,B07RJZPTLX
pacmap,5000,220,8.162134,-0.3391899,5.0,B09DTP4L96
pacmap,5000,221,2.6173766,3.735877,5.0,B004M5MVNS
pacmap,5000,222,6.6277213,3.263128,5.0,B008I636D6
pacmap,5000,223,3.6886709,-4.0355597,1.0,B072LX4LTV
pacmap,5000,224,8.460773,6.194637,5.0,B0068LWHPQ
pacmap,5000,225,-7.1686635,6.9994545,5.0,B08JYY4FDG
pacmap,5000,226,-10.260242,-3.0459192,1.0,B09Q5BNT76
pacmap,5000,227,5.272793,-4.5893636,5.0,B08FRLCF2W
pacmap,5000,228,-9.12076,-2.6220577,3.0,B09Q5BNT76
pacmap,5000,229,5.2727776,-6.309105,1.0,B07FP8VLXS
pacmap,5000,230,5.6991,2.2593138,1.0,B09GLQ2PFV
pacmap,5000,231,2.7553017,-4.1876936,1.0,B09KTMJVJW
pacmap,5000,232,-10.267415,-2.6764507,4.0,B08PNW6WGX
pacmap,5000,233,-4.0530157,-2.4362967,5.0,B0791TX5P5
pacmap,5000,234,4.7275033,-4.8501225,5.0,B07VYM342S
pacmap,5000,235,-11.390784,-1.5301011,2.0,B00IYA2SMQ
pacmap,5000,236,-12.765265,-1.0520624,5.0,B07S764D9V
pacmap,5000,237,-6.6559496,-3.092076,4.0,B00B20M8CU
pacmap,5000,238,-5.987593,5.4568048,5.0,B0C2PTV9ZW
pacmap,5000,239,-7.062283,4.472881,5.0,B07X4854MR
pacmap,5000,240,2.720983,-6.8921905,5.0,B0BBMN8HMM
pacmap,5000,241,-5.11369,4.4459844,1.0,B09CFY36RN
pacmap,5000,242,4.2352557,-5.4848194,5.0,B08FZPS1N1
pacmap,5000,243,5.1115503,-5.9093733,5.0,B00L1KFWSI
pacmap,5000,244,2.132984,-4.0461574,1.0,B00007AP2O
pacmap,5000,245,4.0741196,-4.3213434,5.0,B00KMFN8E8
pacmap,5000,246,6.7673216,-4.6728654,5.0,B004WX0XP8
pacmap,5000,247,2.264462,-4.464225,1.0,B0BVY4JVNG
pacmap,5000,248,5.5301614,-5.488312,5.0,B075X8471B
pacmap,5000,249,6.757888,-6.8293667,5.0,B01D2WRSF2
pacmap,5000,250,-10.522852,-0.32919005,5.0,B0C2BVCBRV
pacmap,5000,251,9.049179,7.713249,5.0,B0BBFFXWVH
pacmap,5000,252,5.458561,1.285993,4.0,B0997HW4JP
pacmap,5000,253,6.126761,5.123264,5.0,B0B19M78LS
pacmap,5000,254,-5.979694,-2.5805845,5.0,B092D3LR5M
pacmap,5000,255,-6.6925516,-2.6868963,5.0,B08SW8DMM5
pacmap,5000,256,-6.607679,-2.6823945,5.0,B08K3FS8VJ
pacmap,5000,257,8.957263,7.6364646,5.0,B08LYQ7MBZ
pacmap,5000,258,-5.1652555,6.3026757,5.0,B08G56K774
pacmap,5000,259,9.154056,7.7855062,5.0,B089DZNCZJ
pacmap,5000,260,8.816604,7.111946,5.0,B09Y37DKJV
pacmap,5000,261,-3.7774038,1.7221823,5.0,B08CKSDF3M
pacmap,5000,262,-5.0628953,6.5451484,5.0,B09CYHT3VK
pacmap,5000,263,0.66639423,-2.428736,4.0,B08735Q7LS
pacmap,5000,264,-5.284577,6.558508,5.0,B08NPZ574Z
pacmap,5000,265,-9.47918,-1.7417321,5.0,B085M686ST
pacmap,5000,266,-12.1801405,-1.1880598,4.0,B082CJ19WL
pacmap,5000,267,-8.397936,-2.5661008,5.0,B081STV3XJ
pacmap,5000,268,-5.095128,6.46465,5.0,B095LLDH4H
pacmap,5000,269,2.8496096,0.88612574,5.0,B07JGKCKKR
pacmap,5000,270,-6.291545,4.2902555,5.0,B07DTRYMQQ
pacmap,5000,271,9.094735,7.83135,4.0,B0787GLJNQ
pacmap,5000,272,-11.261858,-1.5070269,5.0,B074QQP2T2
pacmap,5000,273,-7.179387,-5.1890345,4.0,B075QC3TZY
pacmap,5000,274,7.2151756,3.3744822,5.0,B0719QH4JP
pacmap,5000,275,8.571978,0.8602785,5.0,B01MREKZDP
pacmap,5000,276,-7.2599154,-5.1055045,3.0,B01HCVG51M
pacmap,5000,277,0.77739334,-2.4111087,4.0,B012D4IEUI
pacmap,5000,278,-3.1388078,-0.28066477,1.0,B00YEX1Y1S
pacmap,5000,279,-7.841966,-1.8130859,5.0,B01MQGLIKL
pacmap,5000,280,1.1121874,1.0304358,4.0,B000LY1UMC
pacmap,5000,281,0.97874373,0.8453107,5.0,B004WMSV76
pacmap,5000,282,9.090916,7.821554,5.0,B005J7Y98I
pacmap,5000,283,-0.25037444,0.37737283,5.0,B00KTCN43E
pacmap,5000,284,4.2890935,-1.7162144,4.0,B019CB11IM
pacmap,5000,285,-1.6775326,-1.5586042,5.0,B00BTVSUNI
pacmap,5000,286,-0.42020613,4.86007,4.0,B00WHEUS22
pacmap,5000,287,-5.248671,6.538227,5.0,B003XNSBXY
pacmap,5000,288,-6.6484957,-2.4656374,4.0,B00ENY0ZLS
pacmap,5000,289,7.3727403,4.103873,4.0,B00IHVNMYK
pacmap,5000,290,9.047802,7.803781,3.0,B00GXXJF72
pacmap,5000,291,-1.7045561,-1.3785514,5.0,B00DLKE8C2
pacmap,5000,292,-8.54785,-2.6643121,5.0,B00C27S0M4
pacmap,5000,293,0.8025525,0.98439914,3.0,B00ARDJ5BU
pacmap,5000,294,6.1636205,5.018207,4.0,B008HK3U6Q
pacmap,5000,295,6.180595,3.193689,4.0,B007Q8GOGI
pacmap,5000,296,6.033483,5.136551,4.0,B009WZRCO6
pacmap,5000,297,-11.984735,-1.5345911,4.0,B0046W5EQI
pacmap,5000,298,4.7924814,5.680419,3.0,B008ULPDIK
pacmap,5000,299,3.7594175,5.4888225,5.0,B008GFRBBW
pacmap,5000,300,1.1087412,0.81178087,4.0,B00QU5CR6E
pacmap,5000,301,-8.344884,-0.18724972,2.0,B00XIUKJDW
pacmap,5000,302,-8.70392,-2.2772985,5.0,B008DF53W4
pacmap,5000,303,1.0541712,0.9689474,4.0,B00A4QXIRM
pacmap,5000,304,-7.9875965,-1.9731917,5.0,B007GFX798
pacmap,5000,305,8.233919,5.7555714,5.0,B003VAGXZC
pacmap,5000,306,-7.48408,-2.7537954,4.0,B005OB1TU0
pacmap,5000,307,-5.950119,-1.3118126,3.0,B004TPJKEY
pacmap,5000,308,-3.9132075,-0.62739414,4.0,B005K69PLE
pacmap,5000,309,5.434622,3.6955366,4.0,B005NHR6MU
pacmap,5000,310,-8.904845,-1.490097,2.0,B004DNWCZ6
pacmap,5000,311,7.265639,4.3048677,5.0,B0058GAOO8
pacmap,5000,312,0.95581543,0.9576023,5.0,B0020HRE1Y
pacmap,5000,313,-0.26380154,3.0141256,5.0,B00305GHAE
pacmap,5000,314,1.1637106,-2.5254,5.0,B00XI3MMMA
pacmap,5000,315,-8.799707,-1.2777333,4.0,B0035JJJPK
pacmap,5000,316,8.717759,0.65732354,4.0,B00BWH2SWI
pacmap,5000,317,0.42722782,2.6527398,4.0,B0032AN4N0
pacmap,5000,318,0.9716448,0.87972134,5.0,B001Q9F0BS
pacmap,5000,319,0.0061988994,0.45361772,5.0,B002GP7ZT6
pacmap,5000,320,8.674204,6.8274755,5.0,B002CWZ29S
pacmap,5000,321,8.967599,7.57663,5.0,B001VFUN82
pacmap,5000,322,0.18313015,1.2628788,5.0,B0023B14TK
pacmap,5000,323,1.1931726,0.9780451,4.0,B001DQRBSY
pacmap,5000,324,0.9461965,2.447439,5.0,B000V2MK00
pacmap,5000,325,6.5468125,2.4265935,4.0,B000WOGA6C
pacmap,5000,326,-2.9931297,-0.13430585,5.0,B00KSBB7EY
pacmap,5000,327,4.877646,-3.5906212,5.0,B00INZSFUG
pacmap,5000,328,-9.082279,-2.7337503,5.0,B078G91T8X
pacmap,5000,329,8.98995,0.86614686,5.0,B01M2BIW94
pacmap,5000,330,4.5985055,-5.216195,5.0,B0B7XZB7V1
pacmap,5000,331,4.7326865,-5.330724,5.0,B08M5KCX78
pacmap,5000,332,-9.636641,-2.340734,5.0,B0C4DTCKS5
pacmap,5000,333,-7.1356645,8.499947,4.0,B078PFDHN4
pacmap,5000,334,-7.1764255,-5.240521,1.0,B07MKN9Q5B
pacmap,5000,335,0.40875366,-0.47766387,1.0,B07G5ZG3Q4
pacmap,5000,336,0.26189187,-0.00030168096,1.0,B07G5YXYFL
pacmap,5000,337,8.5813875,0.47703227,2.0,B07X92YR8W
pacmap,5000,338,-8.41364,-3.9059126,5.0,B07456BG8N
pacmap,5000,339,-6.7435107,6.1625805,4.0,B012BN15LQ
pacmap,5000,340,-11.571276,-1.8630679,4.0,B0756T7R5T
pacmap,5000,341,6.620577,3.090911,5.0,B0833NKK5K
pacmap,5000,342,1.5677027,2.7456796,5.0,B00KL2TENQ
pacmap,5000,343,-9.393816,-0.20599435,4.0,B008DWJ4KY
pacmap,5000,344,-8.09006,-2.3464673,5.0,B01MQJ2XE6
pacmap,5000,345,-7.8616405,-2.226649,5.0,B00009WBYL
pacmap,5000,346,-8.773063,-2.2906961,4.0,B0009X3JBU
pacmap,5000,347,-9.001881,-2.394189,4.0,B07CG8G732
pacmap,5000,348,-4.673574,-2.2685797,4.0,B07R8L532P
pacmap,5000,349,-3.3396025,0.0312726,5.0,B0076GEMGO
pacmap,5000,350,-3.0869417,-0.176968,5.0,B0078YGN34
pacmap,5000,351,-7.386005,-2.261648,5.0,B009HB2USI
pacmap,5000,352,-2.3168824,1.7005465,4.0,B004GJ0EEI
pacmap,5000,353,-4.648851,1.4812226,4.0,B003L1ZYYW
pacmap,5000,354,-9.540992,-3.233772,5.0,B099V8GPR4
pacmap,5000,355,6.03022,2.8646326,5.0,B0BPMM75N8
pacmap,5000,356,6.2931757,3.273005,5.0,B07GZMMYHT
pacmap,5000,357,-7.7747235,-4.7442994,5.0,B01K1O7UH0
pacmap,5000,358,2.1382496,-2.924325,2.0,B00OTXNUBU
pacmap,5000,359,6.701993,-3.0850239,5.0,B00MICP8PA
pacmap,5000,360,4.5197644,5.7869554,5.0,B0051VVOB2
pacmap,5000,361,-7.6344004,-4.509848,5.0,B07H65KP63
pacmap,5000,362,6.1246414,-4.1011844,5.0,B06XD94B2F
pacmap,5000,363,5.0274825,1.4165882,1.0,B07VWT32HX
pacmap,5000,364,7.274174,2.1764634,3.0,B09P664R9L
pacmap,5000,365,5.168838,0.49481684,5.0,B01054S5FM
pacmap,5000,366,5.8267455,4.458311,3.0,B08PFZK4YZ
pacmap,5000,367,6.4889245,2.8995764,5.0,B08PNWVR4C
pacmap,5000,368,-0.32693604,3.5276232,5.0,B0887P21Z2
pacmap,5000,369,5.953667,-0.27709514,5.0,B0BPN2DXC1
pacmap,5000,370,5.7150474,-1.8475636,1.0,B07V4LLTSQ
pacmap,5000,371,-9.488391,-2.3906872,3.0,B071DGXVWB
pacmap,5000,372,-8.8953495,-2.1945899,1.0,B0CBWV3Q8B
pacmap,5000,373,4.2346606,-3.965685,5.0,B07PLFCP3W
pacmap,5000,374,-8.490854,-2.0496984,1.0,B07Y8H8STR
pacmap,5000,375,5.887808,-0.8483444,1.0,B07H9FG9SD
pacmap,5000,376,-7.6294312,-4.791258,5.0,B07PGL2N7J
pacmap,5000,377,-7.476154,4.3516154,5.0,B0896VGNF7
pacmap,5000,378,5.169214,0.60825837,5.0,B01LZJGEI2
pacmap,5000,379,5.2275624,0.76843107,5.0,B074512LY1
pacmap,5000,380,1.7911825,-3.5904565,1.0,B09JKYBVJD
pacmap,5000,381,-7.9846573,-2.4842496,3.0,B06XDSMDKV
pacmap,5000,382,-4.078593,0.31675804,5.0,B008GVOVK0
pacmap,5000,383,-3.914443,-1.5918272,5.0,B075X8471B
pacmap,5000,384,4.5917125,-5.3086257,5.0,B00TOVTZ7K
pacmap,5000,385,-10.165784,-3.4684105,5.0,B07P1FN7KQ
pacmap,5000,386,5.0029154,-2.7726405,5.0,B075M3G8SV
pacmap,5000,387,-7.5575023,-5.0232205,5.0,B01K8B8YA8
pacmap,5000,388,-8.91148,-3.0650918,5.0,B073VC4KGT
pacmap,5000,389,5.2994537,0.9967653,4.0,B01M60S5H2
pacmap,5000,390,7.0569277,-3.8852422,5.0,B0122TWDH4
pacmap,5000,391,2.891042,-2.345894,1.0,B0B9GFKYSZ
pacmap,5000,392,9.036925,7.7230067,1.0,B008I646WG
pacmap,5000,393,-0.90551764,4.9317665,5.0,B07454F4JH
pacmap,5000,394,8.969348,7.594305,5.0,B0C617749R
pacmap,5000,395,5.249536,1.2043647,3.0,B00DOPW5L0
pacmap,5000,396,-4.231019,5.8973126,5.0,B00DS4BLLW
pacmap,5000,397,5.506922,3.6574826,5.0,B005TUQV0E
pacmap,5000,398,5.5022764,-2.94818,1.0,B0B2CJ3YSP
pacmap,5000,399,5.227669,-0.28619924,1.0,B093DR9RWD
pacmap,5000,400,0.68487215,0.34011757,5.0,B08F6GPRH6
pacmap,5000,401,5.9518695,-2.526947,5.0,B08JQCJZQM
pacmap,5000,402,-7.1863017,-5.1473684,5.0,B07KTYJ769
pacmap,5000,403,2.8084974,-2.1637793,5.0,B0BFVWWFZP
pacmap,5000,404,-3.6122284,-0.8248601,5.0,B09QLBKCZ3
pacmap,5000,405,-7.9210606,-4.4195824,5.0,B08F1P3BCC
pacmap,5000,406,-6.1961827,5.813286,1.0,B08L3PV71G
pacmap,5000,407,5.6841917,-2.2165508,5.0,B09V19FR6M
pacmap,5000,408,5.140558,0.15368092,5.0,B0B74ZCLQ7
pacmap,5000,409,-12.640223,-0.81440926,5.0,B0BMT6TQSK
pacmap,5000,410,-10.404313,-3.6468844,5.0,B0BJQ8TH85
pacmap,5000,411,-5.307674,6.11516,5.0,B09QLBKCZ3
pacmap,5000,412,0.78894174,0.18734777,5.0,B096K4MF5V
pacmap,5000,413,-4.274201,-0.66920614,5.0,B01DU67QZM
pacmap,5000,414,3.4895375,1.6850461,5.0,B00MVRBOIC
pacmap,5000,415,-0.17255266,3.521964,5.0,B00IVPU7AO
pacmap,5000,416,-9.971837,-2.7488651,3.0,B000BBE9C8
pacmap,5000,417,6.4805193,2.4675756,5.0,B07XXZ1XGW
pacmap,5000,418,6.3207965,-4.8978252,4.0,B0170RBJ9Q
pacmap,5000,419,-7.223325,-5.1851187,5.0,B08XVF418R
pacmap,5000,420,6.5892906,2.322032,5.0,B0879L79L7
pacmap,5000,421,-2.8069801,-0.69063616,5.0,B01LXFFO8O
pacmap,5000,422,2.649753,-7.331718,5.0,B06XDN9MBD
pacmap,5000,423,3.9240153,-4.2718825,5.0,B07QC4WTNC
pacmap,5000,424,-3.1678102,-0.6158274,1.0,B0791T9CV7
pacmap,5000,425,6.900588,3.7348604,3.0,B08XLXS9P4
pacmap,5000,426,7.032398,3.6950533,4.0,B07YRPBMC8
pacmap,5000,427,-7.467756,-5.096301,5.0,B07H65KP63
pacmap,5000,428,-6.3873363,-3.1178327,2.0,B07VHQW6F3
pacmap,5000,429,5.5109363,-3.4172015,5.0,B082TR27NZ
pacmap,5000,430,-7.375091,-5.027521,5.0,B07KGVB6D6
pacmap,5000,431,0.6454099,-4.2477317,5.0,B00FHBH5SC
pacmap,5000,432,0.025372287,-3.6437306,4.0,B005I9IM4E
pacmap,5000,433,-2.4526815,1.1271571,4.0,B000F2KUK8
pacmap,5000,434,-9.353273,-0.2930655,5.0,B09GGBWFP1
pacmap,5000,435,-7.185991,5.7739873,5.0,B09RZDNN93
pacmap,5000,436,-7.4622555,-4.93956,4.0,B01K8B8YA8
pacmap,5000,437,4.946737,-4.720399,5.0,B08PBPZB5Z
pacmap,5000,438,3.7987442,-2.889755,5.0,B07DCGFWNQ
pacmap,5000,439,4.427336,-4.50105,5.0,B07P5GWG56
pacmap,5000,440,-8.82845,-2.494172,5.0,B079G2DFNC
pacmap,5000,441,-11.558185,-1.0637959,4.0,B08KDZ2NZX
pacmap,5000,442,-6.185277,-2.6402624,5.0,B09SVJGMN1
pacmap,5000,443,6.7553415,-3.353172,5.0,B07JL18G1D
pacmap,5000,444,6.8567653,-3.5856345,5.0,B0B5MZSSXG
pacmap,5000,445,-6.5718427,6.8638,4.0,B0BS6KLLT1
pacmap,5000,446,-9.011892,-2.195189,2.0,B00065XSP8
pacmap,5000,447,6.0808344,-5.1837626,5.0,B015W2SJFS
pacmap,5000,448,-3.8635292,5.5789876,1.0,B0BS22ZZY8
pacmap,5000,449,4.6081915,-3.006381,5.0,B08F9ZCTCL
pacmap,5000,450,6.05714,-4.92366,5.0,B09ZPV8WBV
pacmap,5000,451,-5.3614492,-0.7044855,5.0,B08PBLGCNB
pacmap,5000,452,1.1895254,-1.8398653,5.0,B09V3TSYFX
pacmap,5000,453,-7.196709,5.7748113,5.0,B00T38OHQ8
pacmap,5000,454,7.642345,-2.5967524,5.0,B09LQV1C2D
pacmap,5000,455,-3.4653504,-1.5947183,1.0,B0BQD6LHL7
pacmap,5000,456,3.926553,-3.6292326,1.0,B07PHB491R
pacmap,5000,457,-9.284362,-2.966694,1.0,B08XQPY9BC
pacmap,5000,458,-6.778592,8.869144,5.0,B07SCLKCRY
pacmap,5000,459,-6.9472375,5.4659247,5.0,B092MV7LB5
pacmap,5000,460,-8.395436,3.9709573,5.0,B0925Z7N6N
pacmap,5000,461,3.9870985,-4.2923813,3.0,B075KH6W4S
pacmap,5000,462,-6.749774,8.898259,5.0,B09K8CBWBG
pacmap,5000,463,-3.6516447,-0.65615886,5.0,B0BTPBBL52
pacmap,5000,464,-5.6996875,4.635315,5.0,B076QBXVML
pacmap,5000,465,-4.095151,-0.95775175,5.0,B0093UA2GA
pacmap,5000,466,-4.399374,-0.7913966,2.0,B07MQQV5VR
pacmap,5000,467,-6.669113,6.0426373,5.0,B07589ZKM6
pacmap,5000,468,-4.0884275,-0.5422587,5.0,B00KC0HVTQ
pacmap,5000,469,-3.863042,-0.81476766,5.0,B077DZYBLS
pacmap,5000,470,5.8051076,-0.7120902,5.0,B078N1F14R
pacmap,5000,471,-6.474018,3.0092556,5.0,B01BT9SEDA
pacmap,5000,472,6.7119546,-4.546845,5.0,B0BXYXD1Q2
pacmap,5000,473,-2.4073687,-0.59550446,4.0,B00M0RH36U
pacmap,5000,474,4.262422,-1.3404353,5.0,B00BCGRX9M
pacmap,5000,475,5.2964444,-4.0988398,3.0,B000EVM5DK
pacmap,5000,476,-2.3776245,-3.715269,4.0,B09LYWCHJX
pacmap,5000,477,6.657507,-4.0951447,4.0,B00EUY59Z8
pacmap,5000,478,-2.8904126,-0.6251251,5.0,B0036WT3ZM
pacmap,5000,479,-6.562844,5.710231,2.0,B08YF1VBYD
pacmap,5000,480,-5.2089453,5.6176424,1.0,B07X23N387
pacmap,5000,481,4.6612425,-3.4887056,5.0,B074CKFLR3
pacmap,5000,482,8.802215,7.290634,1.0,B003B4BBFK
pacmap,5000,483,-12.265601,-0.9763827,5.0,B08XNCHTCY
pacmap,5000,484,4.8704004,-4.506198,5.0,B096V83KF4
pacmap,5000,485,1.0357043,0.64636934,5.0,B06X9ZNT4P
pacmap,5000,486,-0.30770653,3.8789191,5.0,B08KSG2JMV
pacmap,5000,487,-7.6896815,-3.5355058,5.0,B07H65KP63
pacmap,5000,488,3.8839793,-2.1769006,4.0,B08TBDBQ1C
pacmap,5000,489,-5.2896495,5.4296594,5.0,B0BC87S9SY
pacmap,5000,490,-5.165392,4.941169,5.0,B09B36FJVT
pacmap,5000,491,-5.4489703,5.631078,5.0,B095KD3MNN
pacmap,5000,492,-6.251732,5.810006,5.0,B00VUIITTU
pacmap,5000,493,6.138923,-1.786871,5.0,B091SDZ3S1
pacmap,5000,494,17.134739,2.0555673,5.0,B091SDZ3S1
pacmap,5000,495,0.09948642,2.5108147,5.0,B07Z18JVPH
pacmap,5000,496,0.3812686,2.0421927,4.0,B0BNXXNBB4
pacmap,5000,497,-6.394845,5.665704,5.0,B09Y95BMKX
pacmap,5000,498,5.401794,-2.5617447,5.0,B09DG877JS
pacmap,5000,499,-7.748956,-2.981872,5.0,B07W1Q3X7S
pacmap,5000,500,8.951266,7.586211,5.0,B0BG7KP5L4
pacmap,5000,501,5.3457007,-2.7680502,5.0,B0B5BYZPNB
pacmap,5000,502,-5.93603,6.1361628,5.0,B0BJKGH183
pacmap,5000,503,-12.656611,-0.60258645,5.0,B0C33824RM
pacmap,5000,504,0.1751055,3.92672,4.0,B07F2BDJ5S
pacmap,5000,505,-6.7236013,8.592457,5.0,B0BZDWGL19
pacmap,5000,506,-12.589188,-0.48158497,3.0,B08S395JJ4
pacmap,5000,507,-12.922801,-0.43891096,5.0,B07B1L21NK
pacmap,5000,508,3.5830991,5.7088876,5.0,B08YFJYD5Z
pacmap,5000,509,-7.3117223,5.2786965,5.0,B08TZSVYB4
pacmap,5000,510,-6.3413754,3.3719523,5.0,B0B12PXQYM
pacmap,5000,511,6.049781,0.9481438,5.0,B096F75FBW
pacmap,5000,512,6.11883,5.1992483,4.0,B092LY2GGV
pacmap,5000,513,-11.417902,-0.5660768,5.0,B093TFXGWR
pacmap,5000,514,5.2670608,5.6507277,3.0,B09JMKS73X
pacmap,5000,515,5.9957623,5.375558,1.0,B08Z2JQC6N
pacmap,5000,516,-12.785736,-0.3971633,5.0,B09B48ZGJV
pacmap,5000,517,-8.282588,-1.0698247,5.0,B0819ZF1YR
pacmap,5000,518,-6.9679623,6.873819,5.0,B07JW7GT7H
pacmap,5000,519,-7.200398,5.225292,4.0,B0C3M8B3MY
pacmap,5000,520,-11.0563545,-1.4423001,5.0,B09Y4HCRLM
pacmap,5000,521,4.169685,-2.843,5.0,B09N75D6M4
pacmap,5000,522,-11.575334,-0.7557147,4.0,B0BPBJ6SKW
pacmap,5000,523,-12.911463,-0.39983985,3.0,B09S2XYNWL
pacmap,5000,524,-12.189719,-0.9284793,4.0,B088KTR418
pacmap,5000,525,-9.449537,0.1553907,5.0,B09H5FHRTF
pacmap,5000,526,8.63562,0.4239901,5.0,B0863MN3T3
pacmap,5000,527,6.893078,-1.6495113,5.0,B07C3PQHC7
pacmap,5000,528,2.698216,-1.0914216,5.0,B07YJJSCLX
pacmap,5000,529,-5.83478,2.774758,5.0,B08R5TCSH8
pacmap,5000,530,4.8444347,-2.6885357,5.0,B01H4ZGTWQ
pacmap,5000,531,-8.910346,0.24896255,5.0,B08GFCX4Y6
pacmap,5000,532,-6.4586105,7.6502466,5.0,B005DLKFME
pacmap,5000,533,8.354254,5.5038548,5.0,B07HP726Q8
pacmap,5000,534,7.839782,4.112865,5.0,B08C4QSVNG
pacmap,5000,535,-8.226909,-1.520525,5.0,B09MH11HB7
pacmap,5000,536,0.74966735,-1.4567333,4.0,B0822W4JF3
pacmap,5000,537,6.1515756,1.1648978,5.0,B07HCWW319
pacmap,5000,538,-5.6877737,6.4999456,5.0,B082FJXVW6
pacmap,5000,539,-6.755504,5.128635,5.0,B08B3F8FZ8
pacmap,5000,540,-1.8884559,-3.656624,5.0,B07ZZVX1F2
pacmap,5000,541,-0.80316895,5.053161,5.0,B07GB3SGSF
pacmap,5000,542,-0.33027348,4.5516996,5.0,B0BWVDRR6L
pacmap,5000,543,-4.9752517,6.5303917,5.0,B0BCPC68J6
pacmap,5000,544,8.748486,0.6665709,5.0,B07GWKZLLT
pacmap,5000,545,8.888875,1.163766,5.0,B075Y6Y9H5
pacmap,5000,546,-12.219856,-0.37434715,5.0,B009UNGYHG
pacmap,5000,547,-7.033247,7.0164366,5.0,B012JXHX28
pacmap,5000,548,-6.788146,7.062525,5.0,B0BGS23YKX
pacmap,5000,549,-9.079119,0.05103798,5.0,B09MCTFR69
pacmap,5000,550,6.4792542,2.017774,5.0,B07TXNTGVS
pacmap,5000,551,-8.638706,4.0688844,5.0,B08NBBFNMY
pacmap,5000,552,-9.157368,-0.6081839,5.0,B083G8QM5V
pacmap,5000,553,4.0007463,0.8651075,4.0,B07N5ZPYFK
pacmap,5000,554,17.119837,2.0574062,5.0,B08BTG7G5X
pacmap,5000,555,-5.9787326,5.7115064,5.0,B087R7MNBQ
pacmap,5000,556,-2.5123496,-0.66947037,1.0,B08BW4JTCG
pacmap,5000,557,5.16915,-0.97266567,5.0,B00068YUN4
pacmap,5000,558,3.0398953,-4.88542,5.0,B0BPD6Q7KC
pacmap,5000,559,4.7730465,-2.6438975,5.0,B07L95W89W
pacmap,5000,560,0.23292254,-0.10106188,5.0,B08F6GPRH6
pacmap,5000,561,-11.558636,-0.5870289,5.0,B079RC9338
pacmap,5000,562,17.123516,2.0524895,5.0,B087G45PDT
pacmap,5000,563,6.5989785,-0.9180344,5.0,B07YYNBSPG
pacmap,5000,564,6.647848,-1.7943027,5.0,B087J8VVVF
pacmap,5000,565,3.248362,0.20120697,4.0,B07PPRX94L
pacmap,5000,566,6.423131,2.6583564,5.0,B07XNGYMGS
pacmap,5000,567,-11.405767,-0.5271829,3.0,B000MUXVYK
pacmap,5000,568,5.167231,-1.7868634,5.0,B089T4YVYD
pacmap,5000,569,-8.545457,0.3144388,5.0,B00NH12EHQ
pacmap,5000,570,-3.9166777,-1.9711217,5.0,B07GZFM1ZM
pacmap,5000,571,5.380695,-2.084584,5.0,B07545HGR5
pacmap,5000,572,-7.2453074,5.300767,5.0,B07WFW5LQ3
pacmap,5000,573,1.0962853,-2.5486393,1.0,B0B8YVVFNT
pacmap,5000,574,5.646181,4.280873,2.0,B07X3VBJNR
pacmap,5000,575,-0.45616186,3.0924408,1.0,B00JWX20GI
pacmap,5000,576,-0.68156,2.6566668,5.0,B0C71PTXVC
pacmap,5000,577,2.1617458,0.5966677,5.0,B0827ZXTMS
pacmap,5000,578,0.3805062,0.2954683,5.0,B07N86MCD2
pacmap,5000,579,1.8505517,-0.09768818,5.0,B07S9ZBL9K
pacmap,5000,580,1.5769157,-1.7252709,4.0,B07KTYJ769
pacmap,5000,581,17.133017,2.0551548,3.0,B07RTR39H6
pacmap,5000,582,-0.02886052,3.7770386,1.0,B09T5PV313
pacmap,5000,583,7.094458,3.4338057,5.0,B076Q643SF
pacmap,5000,584,-7.078762,4.670453,5.0,B07FTCRKB7
pacmap,5000,585,7.1871514,-0.67182356,2.0,B07CPSZXLK
pacmap,5000,586,-7.3870287,4.5101447,5.0,B07S8F43Y6
pacmap,5000,587,1.3808253,-0.48301974,5.0,B07N1H8CGW
pacmap,5000,588,-8.1109495,-4.2890396,5.0,B07456BG8N
pacmap,5000,589,-7.951566,-1.9819466,5.0,B00XIIB3XY
pacmap,5000,590,6.228507,-1.2665987,5.0,B07KCYGQ8S
pacmap,5000,591,17.122997,2.0594075,4.0,B09G35YJGN
pacmap,5000,592,-7.0671344,5.9208035,5.0,B07RL3F6TR
pacmap,5000,593,0.5127615,4.5578475,5.0,B08KZ1TZYB
pacmap,5000,594,17.148664,2.0627074,4.0,B09ZHVV9R1
pacmap,5000,595,17.104334,2.0491943,4.0,B07KQYR8XY
pacmap,5000,596,17.14268,2.0585868,4.0,B08MLFZ58K
pacmap,5000,597,-6.322354,6.2756286,5.0,B07375RHX1
pacmap,5000,598,-6.6929235,5.648868,5.0,B07DMHHBJ7
pacmap,5000,599,17.14172,2.058401,4.0,B07KCYGQ8S
pacmap,5000,600,6.5418205,3.2035208,5.0,B07SH58QD9
pacmap,5000,601,-12.230711,-0.5250584,5.0,B002QKZLZ6
pacmap,5000,602,-7.912385,-2.073036,5.0,B071Y3DJR7
pacmap,5000,603,-12.876947,-0.37860447,5.0,B071WJLSNF
pacmap,5000,604,0.37853724,0.014355821,5.0,B07324B77V
pacmap,5000,605,4.6026154,1.6806206,5.0,B088RD3BBW
pacmap,5000,606,2.0396125,-0.3630126,5.0,B07DNY6Z6G
pacmap,5000,607,7.2812734,0.62272465,2.0,B01HYE9A2I
pacmap,5000,608,-6.2869716,6.384619,5.0,B07NLMZFXF
pacmap,5000,609,-8.998693,0.47150597,5.0,B010V3KWF8
pacmap,5000,610,-7.093362,5.1043863,5.0,B01DJ96XDQ
pacmap,5000,611,-7.1410117,5.3025565,5.0,B0C2VQGL6R
pacmap,5000,612,-5.8299513,5.9088354,5.0,B0BB6Y5N3M
pacmap,5000,613,-0.36920103,3.7216175,5.0,B073JYC4XM
pacmap,5000,614,17.144749,2.0606806,5.0,B01M4NYI4H
pacmap,5000,615,17.1383,2.0564942,5.0,B075F3Z3D9
pacmap,5000,616,-10.645783,-1.3792542,5.0,B008X0TBKO
pacmap,5000,617,-5.7090087,6.095077,5.0,B00LK4ZT7O
pacmap,5000,618,-2.1733,-3.7476625,1.0,B018YPWORE
pacmap,5000,619,-10.783039,-1.5179344,5.0,B0105VDCZ8
pacmap,5000,620,-8.154933,-2.6510775,5.0,B01NAWBY12
pacmap,5000,621,4.0283523,-1.4499549,5.0,B07586BG8S
pacmap,5000,622,-7.754426,-4.342694,5.0,B01K8B8YA8
pacmap,5000,623,-6.3395286,5.996361,5.0,B00XM9QACS
pacmap,5000,624,4.68779,1.3907263,5.0,B005IXSXPI
pacmap,5000,625,-7.2526174,4.99498,5.0,B0746LYM4T
pacmap,5000,626,5.668769,-0.8829609,5.0,B01EA8CGWW
pacmap,5000,627,-4.9618454,5.6283827,1.0,B06XGCK56D
pacmap,5000,628,4.740337,1.3394253,3.0,B002RSQ732
pacmap,5000,629,-2.4003408,2.3260958,5.0,B01CX27190
pacmap,5000,630,6.191436,1.5801386,4.0,B015JRGC8M
pacmap,5000,631,7.985964,0.31546253,5.0,B083YHS7SV
pacmap,5000,632,-11.027469,-1.3025968,5.0,B007VL90QG
pacmap,5000,633,5.4780946,-0.38899297,5.0,B01HBY8V80
pacmap,5000,634,1.2934489,-1.2447683,5.0,B007P2NKNU
pacmap,5000,635,8.095773,5.944609,1.0,B00VM984YC
pacmap,5000,636,7.874583,0.9107056,5.0,B09CD66HJM
pacmap,5000,637,0.38158005,2.83562,1.0,B00MFJ6G20
pacmap,5000,638,-5.147917,6.5473104,5.0,B07SYW3XL1
pacmap,5000,639,-8.680067,3.985899,5.0,B00I0F192U
pacmap,5000,640,8.193837,0.39034188,5.0,B01AB2ZGGE
pacmap,5000,641,-8.572113,4.0264134,5.0,B00ZPRNQSQ
pacmap,5000,642,-5.3842473,6.2631044,5.0,B0191GGFY8
pacmap,5000,643,-5.912927,5.646858,4.0,B01H355BGM
pacmap,5000,644,-6.8622384,5.115941,5.0,B01ITR015O
pacmap,5000,645,-7.0937023,5.097007,5.0,B097CCR1FB
pacmap,5000,646,-4.2806745,-0.5805161,4.0,B01FNAFLZA
pacmap,5000,647,1.1439393,-1.0512401,5.0,B016AR5A7O
pacmap,5000,648,-5.5453324,6.366398,5.0,B0CCQHH8Z6
pacmap,5000,649,8.986065,7.688469,5.0,B0B2VDVB92
pacmap,5000,650,0.5085472,2.6886854,3.0,B01F4H1DM2
pacmap,5000,651,6.754664,-4.1349745,5.0,B0018Z8CN8
pacmap,5000,652,8.133793,1.1977693,5.0,B01MZGZYSB
pacmap,5000,653,4.132918,5.757277,5.0,B0117U82EM
pacmap,5000,654,-0.6932606,3.5345309,4.0,B00CBL543E
pacmap,5000,655,1.1445365,-1.2551719,4.0,B004RO3QPQ
pacmap,5000,656,-12.059504,-0.67958486,5.0,B008D76Q64
pacmap,5000,657,-4.2274966,-0.13384645,4.0,B01MQGMSVQ
pacmap,5000,658,-3.9473147,-1.0998861,4.0,B009AB5L5E
pacmap,5000,659,-6.586445,3.113924,4.0,B08YB2CN2M
pacmap,5000,660,8.939315,7.7232943,5.0,B005HQ5138
pacmap,5000,661,-12.237295,-1.5015202,4.0,B00FG3UOI4
pacmap,5000,662,-11.832593,-0.8814668,5.0,B00JB31RYK
pacmap,5000,663,-11.279667,-1.499751,4.0,B00M3GMYZS
pacmap,5000,664,3.5285163,-2.0334625,5.0,B0002YP96Y
pacmap,5000,665,0.2842649,4.7619567,4.0,B00K4PAV14
pacmap,5000,666,5.0039506,-2.8676736,4.0,B003J37580
pacmap,5000,667,5.4760838,-2.3323698,4.0,B004O292WC
pacmap,5000,668,9.118916,1.3398376,4.0,B00KY47K6Y
pacmap,5000,669,6.640065,-2.8553336,4.0,B005ZUNQUQ
pacmap,5000,670,0.45948616,2.4866073,4.0,B0857KC57L
pacmap,5000,671,0.4232414,2.488852,4.0,B00281XW0O
pacmap,5000,672,0.6921997,2.3389983,4.0,B07VZYRKJQ
pacmap,5000,673,0.55873036,2.3896673,4.0,B07JVR8KBV
pacmap,5000,674,3.959371,5.4997416,5.0,B007T36S34
pacmap,5000,675,5.652715,4.7656446,3.0,B00DR0BOSC
pacmap,5000,676,1.0449136,4.2289777,5.0,B008ABO71E
pacmap,5000,677,5.2136464,-2.57792,5.0,B0001HKIK4
pacmap,5000,678,6.041169,5.0273814,3.0,B00DR0CDEQ
pacmap,5000,679,1.9338275,4.5371513,5.0,B009PHTHRG
pacmap,5000,680,-6.7891364,7.5916734,5.0,B00WUIBCOS
pacmap,5000,681,-10.291639,-1.4357711,5.0,B000Y31J26
pacmap,5000,682,-12.749444,-0.51771784,4.0,B000Y190AG
pacmap,5000,683,-2.269956,1.3142208,5.0,B001CTILS6
pacmap,5000,684,2.4544218,5.2231936,4.0,B0051VVOB2
pacmap,5000,685,-6.2789087,3.767026,5.0,B0199HAOAU
pacmap,5000,686,-10.031952,-2.3848453,5.0,B085HZPNRJ
pacmap,5000,687,-8.108189,-1.478382,1.0,B08N4CW66B
pacmap,5000,688,-9.193156,-2.3311217,5.0,B091LXKW6C
pacmap,5000,689,-4.198486,-2.186376,5.0,B0748KYTZN
pacmap,5000,690,5.1862097,-3.1006148,5.0,B092F8GG57
pacmap,5000,691,-7.6720204,-1.8687891,4.0,B06XD9T2T5
pacmap,5000,692,1.6078528,1.1380574,4.0,B0098QHS7U
pacmap,5000,693,5.353519,-0.9927995,1.0,B0BLCBK97H
pacmap,5000,694,5.566878,-4.478423,3.0,B0B2JJV92T
pacmap,5000,695,6.4988875,-5.0368624,4.0,B07VTKFLBW
pacmap,5000,696,5.2706347,-0.56514263,5.0,B08HFNNPPJ
pacmap,5000,697,5.490276,-0.54966676,5.0,B081M5HPCD
pacmap,5000,698,5.1753154,-0.60386586,2.0,B09P5HMNDF
pacmap,5000,699,3.2898293,-2.610757,4.0,B0C6D5GYQ4
pacmap,5000,700,6.0610037,-0.81104535,4.0,B07H2CKXRH
pacmap,5000,701,8.968582,7.5247784,5.0,B0B1D1Q35D
pacmap,5000,702,4.9865294,3.621094,5.0,B07V42PDX8
pacmap,5000,703,-9.69404,-1.5780085,5.0,B0C33C3XFV
pacmap,5000,704,4.6610527,5.818215,5.0,B07Q4T7G99
pacmap,5000,705,2.4796188,-7.7503476,5.0,B00TZAO9D0
pacmap,5000,706,4.655833,5.8926253,5.0,B07NPK4PY4
pacmap,5000,707,2.535451,-7.690389,5.0,B072FS9VVZ
pacmap,5000,708,-11.317375,-1.0124521,5.0,B0BS1QXF6M
pacmap,5000,709,3.501718,5.4006147,5.0,B07H8ZCSL9
pacmap,5000,710,5.6538925,-0.9340324,5.0,B07P374FF3
pacmap,5000,711,6.8487186,-3.2890742,5.0,B072QY9HVM
pacmap,5000,712,6.9364142,-1.1360476,3.0,B013R9SHC8
pacmap,5000,713,7.102378,-3.6064038,4.0,B09KMWTYVR
pacmap,5000,714,6.620693,-2.8798685,5.0,B01M65QWE9
pacmap,5000,715,-8.254056,0.1124623,2.0,B00R43UG5A
pacmap,5000,716,1.916554,-2.3308055,1.0,B00URC7P2M
pacmap,5000,717,4.0333486,-4.4291296,2.0,059449771X
pacmap,5000,718,2.6994467,-6.918586,4.0,B00IWANYH6
pacmap,5000,719,-6.562112,4.7625847,5.0,B07Q3BBNS8
pacmap,5000,720,3.26629,5.606076,5.0,B09WYFWH2Y
pacmap,5000,721,-6.8217115,3.536773,1.0,B0BK9KB853
pacmap,5000,722,-9.266437,-2.863618,3.0,B09HCFHR8C
pacmap,5000,723,2.9504805,-4.3792696,1.0,B0BW4PFM58
pacmap,5000,724,5.7870255,4.895098,5.0,B07N7D9RSV
pacmap,5000,725,5.955912,5.1331925,5.0,B07K4BQKJ7
pacmap,5000,726,5.6932616,4.492572,3.0,B07LCGR2YZ
pacmap,5000,727,-9.826386,-3.0067167,5.0,B0C72D4J46
pacmap,5000,728,-2.3259604,-4.241312,5.0,B093GRDN8K
pacmap,5000,729,-11.8854685,-2.2965515,1.0,B07BRM55KC
pacmap,5000,730,-1.0147489,0.79197073,2.0,B01CW4BLG8
pacmap,5000,731,17.149906,2.059864,1.0,B07YYD5TNH
pacmap,5000,732,17.142183,2.0597875,4.0,B07HRD5K99
pacmap,5000,733,-11.660099,-1.4928027,4.0,B08XNCHTCY
pacmap,5000,734,0.017040586,-3.4453998,2.0,B07MCMTCP3
pacmap,5000,735,-5.166232,6.319092,5.0,B017LSIXDE
pacmap,5000,736,-8.267598,-1.1813512,4.0,B000EFMIB0
pacmap,5000,737,6.4708486,-6.5606976,5.0,B01K8B8YA8
pacmap,5000,738,6.6811514,-3.0896358,5.0,B00WBD91L8
pacmap,5000,739,3.8841627,-6.0137463,5.0,B0B3X4NMHG
pacmap,5000,740,8.765234,0.2969066,5.0,B0C5PHZ4QS
pacmap,5000,741,-6.560274,8.908643,5.0,B09K8CBWBG
pacmap,5000,742,3.643203,-1.6336471,5.0,B074KBWL9J
pacmap,5000,743,-6.908557,7.306326,5.0,B0B7J9L5HQ
pacmap,5000,744,7.468087,4.7902365,5.0,B086C51NNG
pacmap,5000,745,7.7277923,-3.4510632,5.0,B078J27VG4
pacmap,5000,746,3.8532827,-6.120322,5.0,B00009OY9U
pacmap,5000,747,5.641652,-1.0001165,5.0,B07WGZLBZS
pacmap,5000,748,-6.701601,7.361085,5.0,B0841FLXW3
pacmap,5000,749,6.491176,2.7462876,5.0,B07CHC71M2
pacmap,5000,750,5.3902845,0.7023402,1.0,B004RDWVUS
pacmap,5000,751,5.9698253,2.9898026,3.0,B003YMC5RC
pacmap,5000,752,-4.608655,-1.0153977,5.0,B09W5QTSM1
pacmap,5000,753,-7.1245008,8.004369,5.0,B0BS6KLLT1
pacmap,5000,754,-7.775868,-4.4218516,5.0,B07456BG8N
pacmap,5000,755,4.99329,-5.4232454,5.0,B01M74RA05
pacmap,5000,756,4.720043,5.673419,5.0,B083NY7M4L
pacmap,5000,757,-11.48079,-0.55264264,1.0,B07CKCNVGC
pacmap,5000,758,4.824208,-4.068549,5.0,B0C5MCSLKZ
pacmap,5000,759,4.731018,-5.303381,5.0,B07BGQZK8S
pacmap,5000,760,1.3726937,-0.03216722,5.0,B08RYY7YB6
pacmap,5000,761,6.2143054,-7.3181868,5.0,B07ZS8JCZ9
pacmap,5000,762,0.9885334,-1.9463611,5.0,B07Z4G6LN2
pacmap,5000,763,-9.27529,-2.6649837,5.0,B089KKRXG6
pacmap,5000,764,3.1759322,-4.311206,3.0,B085L34V8J
pacmap,5000,765,4.668552,-4.088993,1.0,B08NDSTXZ3
pacmap,5000,766,-4.0893946,-0.5982814,5.0,B07KGVB6D6
pacmap,5000,767,-3.9475842,-3.0550103,5.0,B07PR9SN8W
pacmap,5000,768,-6.8925176,7.842415,5.0,B00TOVTZ7K
pacmap,5000,769,5.2124996,0.8883893,5.0,B005YV5HQC
pacmap,5000,770,-3.0890002,-0.24554105,5.0,B00U9U9GII
pacmap,5000,771,6.476489,4.61493,5.0,B00FF322AS
pacmap,5000,772,-0.30034778,4.883612,5.0,B00E3W15P0
pacmap,5000,773,1.7533202,4.335045,5.0,B00BKRMMUS
pacmap,5000,774,0.19839695,1.9025631,3.0,B008MDOTUE
pacmap,5000,775,0.40282026,1.3475916,5.0,B00DYQQSSK
pacmap,5000,776,2.4812455,-0.7680638,5.0,B002BWQ4H8
pacmap,5000,777,-7.9034834,-2.2025976,1.0,B008I64KGS
pacmap,5000,778,5.8565927,0.4409941,5.0,B07TWDMX8D
pacmap,5000,779,-11.813916,-0.50878996,5.0,B08MVJP62X
pacmap,5000,780,-7.531892,-2.001,5.0,B00GM15NGM
pacmap,5000,781,-11.470632,-0.45692062,1.0,B07FTTPVGG
pacmap,5000,782,5.774217,-2.689693,1.0,B07PGKLS1J
pacmap,5000,783,1.3997281,-3.382609,5.0,B01AQ6GSQM
pacmap,5000,784,2.3232932,-4.4828906,5.0,B08C7HDL8C
pacmap,5000,785,5.969093,-6.464087,5.0,B07HZLHPKP
pacmap,5000,786,2.9295263,-5.084639,1.0,B00B3Y6E84
pacmap,5000,787,7.2496204,-5.035081,5.0,B01N9P7AL5
pacmap,5000,788,5.8435755,-4.761111,5.0,B01K8B8YA8
pacmap,5000,789,7.305242,-5.185679,5.0,B01N6KWHSC
pacmap,5000,790,-8.382579,0.4276017,1.0,B07CBSSNXG
pacmap,5000,791,-6.912607,-2.0319955,1.0,B004JO1ZO8
pacmap,5000,792,4.2316666,-2.9530208,5.0,B00E6GRHBO
pacmap,5000,793,5.8412986,-4.7163577,5.0,B0B993N8M1
pacmap,5000,794,5.741283,-3.12026,5.0,B08Y1XYLVP
pacmap,5000,795,-7.577827,-1.9681617,4.0,B07XXDNSCM
pacmap,5000,796,-7.445629,-1.7894548,2.0,B08GRYND4H
pacmap,5000,797,6.5246463,-6.5748143,5.0,B01BRWH8G8
pacmap,5000,798,0.8511563,-2.6064792,5.0,B09RL7NM59
pacmap,5000,799,-7.2308445,-5.1174397,2.0,B0C3NMZ2C7
pacmap,5000,800,-8.475563,0.057034854,5.0,B01M0GB8CC
pacmap,5000,801,6.3429117,-3.578946,4.0,B09CPQ412S
pacmap,5000,802,8.168428,0.022191646,5.0,B07K21PVMQ
pacmap,5000,803,2.2291727,3.4272323,5.0,B07P83ZWZT
pacmap,5000,804,-3.7928653,-1.751171,3.0,B086VR2KY8
pacmap,5000,805,-9.484536,-3.4185264,5.0,B09Z228SQJ
pacmap,5000,806,5.776416,-5.4027886,5.0,B01IXCP8DK
pacmap,5000,807,0.9166943,-2.1953595,5.0,B08S55D31N
pacmap,5000,808,2.575868,-2.4431121,5.0,B07P6YXJBY
pacmap,5000,809,2.216055,-4.4317813,1.0,B0872FYTWS
pacmap,5000,810,3.236669,-5.568618,5.0,B01N63ZGUM
pacmap,5000,811,1.4261914,3.1381164,5.0,B07Q478Y95
pacmap,5000,812,2.5235906,3.1937919,5.0,B07QD3J1D1
pacmap,5000,813,2.3723097,3.2929287,5.0,B07P97SJHD
pacmap,5000,814,6.834194,-4.0723886,5.0,B07NXJN1QW
pacmap,5000,815,6.3449273,-4.172938,5.0,B07R217P25
pacmap,5000,816,2.1604283,3.5070364,5.0,B01M0OE05T
pacmap,5000,817,2.009032,3.9508383,5.0,B076CRF7DN
pacmap,5000,818,-2.71238,-0.574013,5.0,B00LD3Q56G
pacmap,5000,819,-12.141466,-1.2554898,5.0,B072QW59MF
pacmap,5000,820,2.9473352,-4.9053693,2.0,B00O23IQI4
pacmap,5000,821,-6.3072305,-2.6054513,3.0,B0081IKTN6
pacmap,5000,822,-7.8232017,0.1997429,2.0,B00KWR8ME2
pacmap,5000,823,8.89123,7.6027904,3.0,B00QRPPCMI
pacmap,5000,824,2.452776,5.313229,4.0,B00VKIY9RG
pacmap,5000,825,8.369142,6.2771225,5.0,B0C6DDHVNP
pacmap,5000,826,5.2847595,-2.4676738,4.0,B007S642BW
pacmap,5000,827,-6.7315273,8.615024,5.0,B0089W5Q1O
pacmap,5000,828,-0.089953445,-3.5687492,3.0,B007Q45EF4
pacmap,5000,829,-6.8629255,-2.4072132,5.0,B00006JQ06
pacmap,5000,830,5.0486536,-4.5629506,5.0,B009R10KBC
pacmap,5000,831,8.541283,6.6458635,5.0,B003VAHYNC
pacmap,5000,832,0.39096978,1.0181521,5.0,B00ARDIRFA
pacmap,5000,833,0.9319154,0.71379954,5.0,B003ZHV70C
pacmap,5000,834,1.7081784,4.405137,5.0,B002PY7LL0
pacmap,5000,835,-12.272771,-1.1123072,5.0,B09Y54MQWT
pacmap,5000,836,6.117805,-6.5289845,5.0,B00IA8M3K4
pacmap,5000,837,2.814112,-5.0298843,5.0,B097D8D6L1
pacmap,5000,838,9.080438,7.719486,5.0,B089N5L1YQ
pacmap,5000,839,5.1396704,0.08517397,5.0,B00LI6NW8W
pacmap,5000,840,3.3611526,-5.1019816,5.0,B08HSCF9X7
pacmap,5000,841,5.795237,-1.5890033,5.0,B07HMRN7Y6
pacmap,5000,842,6.5925894,2.4457643,5.0,B01D06IWB4
pacmap,5000,843,2.0675488,-2.9021597,3.0,B00P7EVST6
pacmap,5000,844,5.0217457,-2.2037766,5.0,B07VHQW6F3
pacmap,5000,845,-6.80303,8.7693615,5.0,B01IARZGAS
pacmap,5000,846,3.6761358,1.2524875,5.0,B01E7C8TWW
pacmap,5000,847,6.151389,-3.8153105,5.0,B00HHEAMXC
pacmap,5000,848,7.1108594,3.721012,5.0,B07PR21291
pacmap,5000,849,6.6265945,-3.7155368,5.0,B018PU87TM
pacmap,5000,850,-12.438851,-1.6398777,5.0,B09WD1B2P1
pacmap,5000,851,0.87964183,4.095055,5.0,B07BNX8N72
pacmap,5000,852,-7.4221315,-5.2159257,5.0,B07PDHSLM6
pacmap,5000,853,-10.784789,-1.256679,4.0,B00WMLVJ1E
pacmap,5000,854,-3.8590708,-1.2589194,5.0,B07GKT53H5
pacmap,5000,855,5.5145607,-1.2964238,2.0,B072JJPZXQ
pacmap,5000,856,-6.457452,8.792748,5.0,B089F9YDFC
pacmap,5000,857,-2.3706512,-3.6978648,1.0,B01MS1PMML
pacmap,5000,858,-7.02203,6.6940026,5.0,B0C5MF2LCQ
pacmap,5000,859,3.727309,-1.5179135,3.0,B00OQVZDJM
pacmap,5000,860,-0.90289485,-0.7587909,3.0,B00ZVJAF9G
pacmap,5000,861,5.5718427,-0.6201718,5.0,B071K5BQPF
pacmap,5000,862,-9.529487,-2.697685,1.0,B08YF1VBYD
pacmap,5000,863,5.6020327,-5.2430034,5.0,B017LSIXDE
pacmap,5000,864,-6.20441,3.242516,5.0,B01LXR37IE
pacmap,5000,865,2.2593124,-2.9809036,1.0,B01KV93B9G
pacmap,5000,866,4.7077312,4.1459513,5.0,B004ZX2NU8
pacmap,5000,867,-5.121092,-2.6770434,5.0,B008X0TBKO
pacmap,5000,868,-6.518354,-2.611451,5.0,B00ET7PG5E
pacmap,5000,869,4.5737743,-2.311879,5.0,B0874YZVWK
pacmap,5000,870,6.2335014,1.354148,5.0,B007T356BO
pacmap,5000,871,6.172791,-4.9764557,4.0,B083J66JC2
pacmap,5000,872,6.321613,-4.9479856,4.0,B0916X99SD
pacmap,5000,873,5.99685,-4.818051,3.0,B08Z3HGG2J
pacmap,5000,874,6.5345225,-2.9016583,4.0,B09P39CW4T
pacmap,5000,875,4.7363997,-2.9939091,4.0,B0BXJX78RL
pacmap,5000,876,5.581148,-2.8792677,4.0,B07PXGQC1Q
pacmap,5000,877,6.6118646,-24.783577,5.0,B07QD3HBFS
pacmap,5000,878,6.294957,-1.8313999,5.0,B0BQQ234HZ
pacmap,5000,879,-3.735045,-1.8086128,2.0,B07SPS13MC
pacmap,5000,880,4.4488664,-4.834567,5.0,B07JG1VFBX
pacmap,5000,881,4.507027,-5.5639358,5.0,B072DZH41G
pacmap,5000,882,4.9047456,-3.5302722,5.0,B07FFVVDJ8
pacmap,5000,883,4.163949,1.9535294,5.0,B0753R71ZH
pacmap,5000,884,0.35716346,-4.139008,4.0,B07TG9S4DG
pacmap,5000,885,4.8436074,-5.253672,5.0,B07XX31MHV
pacmap,5000,886,3.2559507,-4.1385965,5.0,B07QF6NRH2
pacmap,5000,887,-6.6079655,4.6392407,5.0,B07BWC32CX
pacmap,5000,888,-11.866567,-1.4626926,1.0,B095WJGGZJ
pacmap,5000,889,5.2472157,-4.0461445,3.0,B076HFYGLR
pacmap,5000,890,6.075621,3.7261398,5.0,B08BLB8FRT
pacmap,5000,891,-4.703093,-2.2699344,3.0,B07JMC8B3Y
pacmap,5000,892,-6.5480494,6.4929166,4.0,B08F1P3BCC
pacmap,5000,893,1.0472533,2.9340777,5.0,B09ZGMKVVK
pacmap,5000,894,-3.3625605,3.5943077,5.0,B0855GZ7PT
pacmap,5000,895,-11.328227,-0.5529785,4.0,B07J3CRZGG
pacmap,5000,896,-0.37066114,4.725838,5.0,B07RLZ1KDY
pacmap,5000,897,8.08762,5.166623,5.0,B083TNW1JM
pacmap,5000,898,6.770983,-1.0929868,1.0,B005HEVKXU
pacmap,5000,899,2.9200656,-4.098221,5.0,B072ZQB512
pacmap,5000,900,-4.3497114,-1.1582083,5.0,B01AQ6OWAG
pacmap,5000,901,-4.4133897,-1.0553247,3.0,B07GF959QQ
pacmap,5000,902,1.5962986,2.228129,5.0,B072BMZCHN
pacmap,5000,903,-9.604482,-0.57852507,5.0,B07SM5MQN8
pacmap,5000,904,-4.683094,-2.1967416,5.0,B0BF9KC3NZ
pacmap,5000,905,-3.728104,-0.8121753,1.0,B07GY54JPV
pacmap,5000,906,4.1668935,-3.3539574,3.0,B0BJPSZ739
pacmap,5000,907,-9.583733,-2.0307739,5.0,B078RYSGTR
pacmap,5000,908,6.5161214,-0.22588764,5.0,B010P5714W
pacmap,5000,909,3.814632,-3.7270057,5.0,B01NCOM06N
pacmap,5000,910,4.247544,-3.870012,5.0,B01MRS3MIS
pacmap,5000,911,1.1638256,3.7241745,1.0,B014KF85IO
pacmap,5000,912,-0.7575086,-2.9958873,5.0,B09LNX8MHV
pacmap,5000,913,-4.077988,-1.1792388,4.0,B01F8DPALM
pacmap,5000,914,3.4157968,-3.708707,1.0,B00DU15MU4
pacmap,5000,915,7.6389146,6.613753,4.0,B00WU37B2K
pacmap,5000,916,-5.6969895,3.767725,1.0,B08N5821RN
pacmap,5000,917,-5.0819173,6.2932377,5.0,B00WSW1YXA
pacmap,5000,918,21.233149,-8.396671,5.0,B07GFQN1MM
pacmap,5000,919,5.6871047,-0.7724727,4.0,B07Q12TXD8
pacmap,5000,920,4.1190486,-3.998099,1.0,B07S764D9V
pacmap,5000,921,12.58476,-3.67467,5.0,B07FFCGJ5L
pacmap,5000,922,3.900369,-4.4114513,5.0,B07L814B45
pacmap,5000,923,2.9340682,-4.522638,1.0,B0177NSA9A
pacmap,5000,924,-0.4512033,-3.697628,5.0,B0087NZ31S
pacmap,5000,925,6.5071077,2.521235,5.0,B0819QKM8T
pacmap,5000,926,5.3535237,2.283695,2.0,B07PTVBKHM
pacmap,5000,927,4.985889,-2.4503336,3.0,B0B9S7TTCZ
pacmap,5000,928,-9.190032,-1.8587726,5.0,B0935ZDCYD
pacmap,5000,929,6.419506,3.0649056,1.0,B01H8SKNQM
pacmap,5000,930,-7.1796966,-5.216753,2.0,B07N8VFFNS
pacmap,5000,931,6.894047,-3.9743636,4.0,B075R8JR8L
pacmap,5000,932,4.234876,6.1155467,1.0,B00OQVZDJM
pacmap,5000,933,-0.14759386,-3.5670903,1.0,B08KVSN48H
pacmap,5000,934,1.4547743,4.9017687,2.0,B00U3FPN4U
pacmap,5000,935,-12.210157,-1.5541593,5.0,B08L3R87HW
pacmap,5000,936,5.0471244,-0.6243177,5.0,B0BV6WXP1T
pacmap,5000,937,4.077787,-3.9253855,5.0,B0915QKXBV
pacmap,5000,938,5.18753,-4.958728,5.0,B0BLRCRNP1
pacmap,5000,939,5.001103,-2.6334724,4.0,B008YCZBCI
pacmap,5000,940,2.2628438,3.8961813,5.0,B003U9RHM2
pacmap,5000,941,5.983842,2.8241825,5.0,B004V68IQ2
pacmap,5000,942,6.4812865,-0.98547435,5.0,B07KWR33LS
pacmap,5000,943,-2.3608117,-3.9607224,5.0,B00R92CL5E
pacmap,5000,944,-8.059669,-1.0444913,5.0,B0BWMYK1XZ
pacmap,5000,945,-11.651548,-1.02611,3.0,B007L5NKZO
pacmap,5000,946,6.0917687,4.6246824,5.0,B00FJ8JC3O
pacmap,5000,947,6.2342086,0.7043253,3.0,B08BWN7F7Q
pacmap,5000,948,-3.9354994,-1.0501662,5.0,B075NFX24M
pacmap,5000,949,4.606795,-1.5378294,5.0,B07Q2WQWT7
pacmap,5000,950,5.430614,-0.92043155,5.0,B09T3VLCWD
pacmap,5000,951,3.3906226,-5.1493745,5.0,B07TMJ8S5Z
pacmap,5000,952,-0.45215067,4.9406624,5.0,B01NANB0IW
pacmap,5000,953,12.466377,-3.6545472,5.0,B07Y8SH1MC
pacmap,5000,954,4.1242313,-2.5257509,5.0,B07ZSZQNWP
pacmap,5000,955,2.640493,-0.42575023,5.0,B09KZJ9W7R
pacmap,5000,956,-5.55258,-2.5532134,4.0,B07Q74L1TR
pacmap,5000,957,1.9670868,-3.5015125,5.0,B09XGQQ98K
pacmap,5000,958,5.952733,2.033635,5.0,B0BGS23YKX
pacmap,5000,959,-4.2271914,-0.88476384,5.0,B08HR9JFC2
pacmap,5000,960,3.5079103,-3.5018964,2.0,B08JTWH2SQ
pacmap,5000,961,-2.9016092,-3.4623504,5.0,B087D7C96F
pacmap,5000,962,-10.442237,-3.3468204,5.0,B07S5XSTCW
pacmap,5000,963,4.658406,-5.401563,5.0,B09T6T159F
pacmap,5000,964,-4.1563826,-1.0748185,5.0,B009XUM3Q2
pacmap,5000,965,3.7546067,-2.2435586,5.0,B00XJ30884
pacmap,5000,966,-5.0473256,-2.4765737,5.0,B07797JBDW
pacmap,5000,967,5.9416504,-7.227638,5.0,B06XBBRVD5
pacmap,5000,968,6.7145696,-3.8242195,5.0,B06ZZY4VNW
pacmap,5000,969,3.5939534,-3.1478853,5.0,B01HMB1US0
pacmap,5000,970,6.1926723,-7.6651545,5.0,B011BRUOMO
pacmap,5000,971,-8.325831,-2.3439677,5.0,B0B6T5ZWCM
pacmap,5000,972,5.98373,-7.424772,5.0,B00AYB3OMG
pacmap,5000,973,-4.3173623,-1.0727348,5.0,B001905C62
pacmap,5000,974,2.6755104,1.3935065,1.0,B004SPMRUO
pacmap,5000,975,3.5913055,-3.683635,1.0,B07NSM8TF8
pacmap,5000,976,3.8191712,-4.3584156,1.0,B0963TH5MF
pacmap,5000,977,-9.867546,-1.1299777,1.0,B0B62FJF1J
pacmap,5000,978,-3.6368692,1.8392706,1.0,B0BRXJ655D
pacmap,5000,979,-6.1489987,-3.256579,5.0,B0C1CST5HF
pacmap,5000,980,5.244487,5.2392135,5.0,B019Q6G21Y
pacmap,5000,981,0.7227788,-2.4322352,5.0,B0095PZHPE
pacmap,5000,982,-9.050965,-2.7137692,5.0,B003VAK1I2
pacmap,5000,983,3.2320888,-4.778434,5.0,B0BLNQ6B3L
pacmap,5000,984,-7.2853584,4.5422144,5.0,B085N11H5T
pacmap,5000,985,5.0881295,-3.7964242,5.0,B0043T7FXE
pacmap,5000,986,4.719457,-5.2629113,5.0,B00KC0HVTQ
pacmap,5000,987,6.5309305,-2.9451976,5.0,B01HRVABD0
pacmap,5000,988,2.7242534,-0.8059921,5.0,B0CBVWHXTS
pacmap,5000,989,6.133576,-5.7006607,5.0,B07Z8RLTN7
pacmap,5000,990,1.5521322,0.5753553,5.0,B08C2LDLG5
pacmap,5000,991,-11.168365,-2.0290852,5.0,B08J83TR22
pacmap,5000,992,3.7996285,-5.5761304,5.0,B00TOT6I7W
pacmap,5000,993,7.610075,3.5688276,5.0,B00GMFVET8
pacmap,5000,994,4.7462573,-2.6721268,5.0,B08L5M9BTJ
pacmap,5000,995,-4.4604807,-0.7817873,5.0,B07Z3KTCPX
pacmap,5000,996,6.0504937,-2.9124527,5.0,B0BWD4WGJB
pacmap,5000,997,1.0678848,0.040202994,4.0,B07G61MFF6
pacmap,5000,998,-2.867075,-0.6751607,2.0,B00VA5MLM4
pacmap,5000,999,-7.1038046,8.306075,5.0,B085D9SLF4
pacmap,5000,1000,2.7526138,-6.6594434,5.0,B0BTKKJLTP
pacmap,5000,1001,8.375867,6.4719024,5.0,B00M4L721S
pacmap,5000,1002,0.13122849,-2.881877,5.0,B00JM6EP1I
pacmap,5000,1003,-6.5608563,-2.061941,5.0,B0007M610O
pacmap,5000,1004,6.2950134,3.4994082,5.0,B086YCPY39
pacmap,5000,1005,-6.9554744,4.763536,4.0,B01M71T4E7
pacmap,5000,1006,1.9242804,-3.359418,1.0,B06ZXR6KS6
pacmap,5000,1007,3.3559413,5.0906057,4.0,B00J3FOZPO
pacmap,5000,1008,6.351301,-2.521783,5.0,B08QJBQ1VM
pacmap,5000,1009,4.428084,-4.17151,5.0,B07F4P3JH7
pacmap,5000,1010,-12.027154,-2.0582473,5.0,B01FLKRNTE
pacmap,5000,1011,4.438752,-5.183869,5.0,B08YGKCHNF
pacmap,5000,1012,6.7629113,-0.8612229,5.0,B07V44WYM6
pacmap,5000,1013,-12.775175,-0.8445498,5.0,B0BDSZ2KT3
pacmap,5000,1014,-10.920651,-2.0626163,5.0,B09KQC7Z4S
pacmap,5000,1015,5.6092486,-2.7772763,5.0,B0BHWYQ47Y
pacmap,5000,1016,-11.995329,-1.4579998,5.0,B0BDSZ2KT3
pacmap,5000,1017,6.317061,2.3349473,5.0,B0BW7DFJL2
pacmap,5000,1018,-11.774567,-1.6695026,3.0,B08B3G74MY
pacmap,5000,1019,-12.012055,-0.835506,4.0,B0BQC7892K
pacmap,5000,1020,-12.160355,-0.7025605,2.0,B0B5D4K48M
pacmap,5000,1021,3.213422,-2.4924989,5.0,B07H8WS1FT
pacmap,5000,1022,6.4232397,3.6469352,1.0,B01MXKRKWY
pacmap,5000,1023,-10.232102,-2.4394915,5.0,B08VD2NX25
pacmap,5000,1024,5.5093083,-4.7198443,5.0,B0C1ZDMQ5Y
pacmap,5000,1025,3.9144764,-3.387374,4.0,B0BQ5XQ17G
pacmap,5000,1026,4.059605,-3.9067955,3.0,B07QF4Z874
pacmap,5000,1027,0.7130112,0.4855355,5.0,B007Z549YQ
pacmap,5000,1028,6.8378057,0.2601049,5.0,B08434BWYM
pacmap,5000,1029,-5.9740252,6.27481,5.0,B09LCZ16HN
pacmap,5000,1030,4.834917,-3.623836,5.0,B0CB11DLHG
pacmap,5000,1031,3.707159,0.4019416,2.0,B07THRBHPG
pacmap,5000,1032,5.4775724,-3.5023856,1.0,B086C1FGF9
pacmap,5000,1033,3.587847,0.35260886,5.0,B01M1AQ316
pacmap,5000,1034,8.993296,7.8263373,5.0,B0B4SWZTZ1
pacmap,5000,1035,-6.817837,4.909884,5.0,B0739N6PLY
pacmap,5000,1036,6.0458283,-6.4388103,4.0,B092LYGF9J
pacmap,5000,1037,2.8076682,-6.6771293,5.0,B004A9PBJW
pacmap,5000,1038,5.041362,-0.8333333,2.0,B0000BYDKO
pacmap,5000,1039,4.010852,-5.7203364,5.0,B001KPILLE
pacmap,5000,1040,9.093939,7.863103,5.0,B00NMTXYN6
pacmap,5000,1041,6.279494,-6.20687,5.0,B07RN4XTV5
pacmap,5000,1042,5.401461,-3.5001426,5.0,B071HSGBZC
pacmap,5000,1043,7.812411,2.4301243,5.0,B089XF38N2
pacmap,5000,1044,-2.4065135,-0.7380636,4.0,B07SHFPD8S
pacmap,5000,1045,-10.829403,-2.3524919,5.0,B07V3RB9C1
pacmap,5000,1046,5.9638877,-5.2368145,5.0,B076FR2J17
pacmap,5000,1047,8.390385,1.8102951,5.0,B07CP7PGKB
pacmap,5000,1048,4.701036,-5.317197,5.0,B09XKS77DP
pacmap,5000,1049,4.644654,-2.358071,5.0,B005INJ4ZG
pacmap,5000,1050,4.0054646,-5.3446107,5.0,B0015V1H28
pacmap,5000,1051,2.5420485,-7.698913,5.0,B000NU4OTA
pacmap,5000,1052,0.276585,-0.6785657,1.0,B07G5ZG3Q4
pacmap,5000,1053,6.824578,-2.5026293,5.0,B07P6TNT8H
pacmap,5000,1054,6.0893154,-5.5242944,5.0,B07CK1CZ9J
pacmap,5000,1055,2.7763364,-6.7691298,5.0,B0B3J6BWH2
pacmap,5000,1056,5.8808675,-7.266044,4.0,B00JDN86EW
pacmap,5000,1057,1.8313911,3.915361,5.0,B081N87HH9
pacmap,5000,1058,1.1793296,0.7139413,5.0,B082X8CY8X
pacmap,5000,1059,-8.521552,-1.2732193,5.0,B082YWZ77X
pacmap,5000,1060,1.0313758,3.8581536,5.0,B0CBZF7ZY5
pacmap,5000,1061,-1.3439604,4.8884244,5.0,B0C1SJVWTY
pacmap,5000,1062,-5.1091843,6.476981,5.0,B0BN11KNM4
pacmap,5000,1063,-5.445281,6.4116554,5.0,B09YVBF9Z9
pacmap,5000,1064,-0.98499143,4.934483,4.0,B0C1ZC8CFP
pacmap,5000,1065,-6.62442,-2.5889623,4.0,B09V1KS388
pacmap,5000,1066,-0.9093997,4.0901375,4.0,B09QFZF8QC
pacmap,5000,1067,-6.917287,7.6394677,4.0,B09N8NQG9J
pacmap,5000,1068,0.6971726,-2.4238086,3.0,B0C28HGT5N
pacmap,5000,1069,-3.40207,4.921286,5.0,B0BV9PZ629
pacmap,5000,1070,-7.123309,3.9334435,5.0,B0019R6SO0
pacmap,5000,1071,-8.007049,-1.5262221,5.0,B0C1V5SRCW
pacmap,5000,1072,8.721932,6.9365606,4.0,B09N7532L7
pacmap,5000,1073,0.15170594,0.779646,5.0,B09FPGG9GZ
pacmap,5000,1074,4.679476,1.8485776,5.0,B07SSDKNSL
pacmap,5000,1075,-6.6234565,-2.5934339,3.0,B086XH336K
pacmap,5000,1076,-6.62245,-2.6075974,4.0,B09Y4LSD91
pacmap,5000,1077,-5.998116,2.963431,4.0,B09WZZ9RDX
pacmap,5000,1078,-6.83501,8.6346245,4.0,B07RW9LZ15
pacmap,5000,1079,1.0484672,-2.0710378,4.0,B098BN33KP
pacmap,5000,1080,-7.023715,8.324077,5.0,B0BGPJNJBH
pacmap,5000,1081,8.50579,6.6416187,5.0,B00002JXFH
pacmap,5000,1082,-1.4193265,2.9359756,5.0,B07N7HWP59
pacmap,5000,1083,-2.1324685,-4.0870376,2.0,B07P374Y47
pacmap,5000,1084,0.13159168,1.1301942,4.0,B01DLWBPCA
pacmap,5000,1085,-7.306949,5.409343,5.0,B09CT914BT
pacmap,5000,1086,-2.9014752,1.7382282,4.0,B0932GQP4B
pacmap,5000,1087,-0.8025149,4.884518,5.0,B07KJTXRKM
pacmap,5000,1088,-3.992565,-0.86335087,3.0,B07CM5NZRC
pacmap,5000,1089,0.92003065,-2.4945943,3.0,B0B696YT88
pacmap,5000,1090,-6.4641604,3.1572306,5.0,B07JJCKSDH
pacmap,5000,1091,0.27181652,0.4040568,4.0,B07Z7MRNDZ
pacmap,5000,1092,-1.2107337,3.2055182,5.0,B071WNBMQ2
pacmap,5000,1093,-4.5424676,-1.638418,5.0,B07DK1M5JF
pacmap,5000,1094,-3.5442123,1.6357621,4.0,B07HXW73SH
pacmap,5000,1095,-7.3400025,-2.4873023,5.0,B07CPMG2LK
pacmap,5000,1096,-5.532101,1.8851907,5.0,B07H5F2SSX
pacmap,5000,1097,-3.3325448,4.913788,5.0,B076YN6CSG
pacmap,5000,1098,-7.365474,3.991521,5.0,B077HNPLHZ
pacmap,5000,1099,-1.5823308,-3.8859553,5.0,B0BJGKZKV9
pacmap,5000,1100,-2.3392677,1.88259,5.0,B07659Z1QM
pacmap,5000,1101,0.21949817,0.5703831,3.0,B00X5X1XPU
pacmap,5000,1102,-2.1750386,-4.0122256,4.0,B084BXS6NL
pacmap,5000,1103,5.328475,-4.53445,5.0,B0002KR5Q0
pacmap,5000,1104,-6.4460607,5.095065,5.0,B01N14PF8X
pacmap,5000,1105,0.17165807,1.0469294,3.0,B01EY9L448
pacmap,5000,1106,-2.991048,2.1422613,5.0,B07SVBV9TM
pacmap,5000,1107,-2.8243756,2.2684367,2.0,B07S9H9QVN
pacmap,5000,1108,-2.1587844,-4.126952,4.0,B01K7IH638
pacmap,5000,1109,-0.7933988,4.26601,3.0,B01IEKG3TY
pacmap,5000,1110,-2.9366496,2.1474721,4.0,B076ZTM2X5
pacmap,5000,1111,1.3207308,3.769752,5.0,B01DSSLEHI
pacmap,5000,1112,-1.0671291,4.8689623,5.0,B01BCWKBZI
pacmap,5000,1113,-7.2310348,-1.7209355,3.0,B00L8O8WK2
pacmap,5000,1114,-1.6294938,2.3613482,5.0,B009NXOKOM
pacmap,5000,1115,-1.8752216,-4.007639,1.0,B00HCNHH2W
pacmap,5000,1116,0.9806043,0.23166034,4.0,B004V3Q2YA
pacmap,5000,1117,0.8481135,2.5595064,1.0,B0076O2A4C
pacmap,5000,1118,-0.8253209,4.802095,5.0,B00BXK7LBC
pacmap,5000,1119,-0.009041698,4.545446,4.0,B002OB4DC4
pacmap,5000,1120,0.5343405,-2.7546084,1.0,B0014FWBBQ
pacmap,5000,1121,-1.3775718,2.986013,5.0,B0007PN5MS
pacmap,5000,1122,0.49134824,1.1263965,3.0,B0006G332A
pacmap,5000,1123,6.3751373,-1.3503072,5.0,B01NBTC7KN
pacmap,5000,1124,5.9840198,-7.3542047,5.0,B09HRNNQRT
pacmap,5000,1125,-9.393088,-1.3241906,2.0,B08YXY5XMD
pacmap,5000,1126,-7.7307243,-1.8397462,4.0,B093S4ZDKM
pacmap,5000,1127,7.449253,4.6631894,5.0,B01DKA81PW
pacmap,5000,1128,8.375277,5.937248,5.0,B08SM7QW5K
pacmap,5000,1129,3.3252792,-4.3570495,1.0,B00198445E
pacmap,5000,1130,-9.66734,-0.39149684,5.0,B09R6RKBWY
pacmap,5000,1131,5.3934984,1.0429062,5.0,B07QMBY7JF
pacmap,5000,1132,7.947261,2.602113,5.0,B0C9DMZ9DS
pacmap,5000,1133,3.2824862,-3.210645,5.0,B078SL6YB7
pacmap,5000,1134,-8.8652315,-3.2732968,4.0,B07LGM767X
pacmap,5000,1135,-10.98502,-2.3162975,4.0,B08J83TR22
pacmap,5000,1136,-5.648719,5.6463485,5.0,B07WNYLXM1
pacmap,5000,1137,8.414537,6.4976106,5.0,B00ZYLMQH0
pacmap,5000,1138,4.801184,1.9932641,5.0,B09Q3NR84W
pacmap,5000,1139,7.1633086,-1.3447955,5.0,B084H2NHNN
pacmap,5000,1140,6.2426524,2.4359167,5.0,B01B208CLA
pacmap,5000,1141,-6.9150314,6.98761,5.0,B07CLBNM1C
pacmap,5000,1142,-9.45167,-3.884918,4.0,B00UAZ5KDM
pacmap,5000,1143,9.093114,7.8918376,5.0,B09BQVHBMD
pacmap,5000,1144,9.025936,1.3352612,5.0,B01F4SKT08
pacmap,5000,1145,0.78317314,-2.5978732,5.0,B08J5ZRFRG
pacmap,5000,1146,5.398506,-1.64447,5.0,B07ZHMHH9Q
pacmap,5000,1147,5.8776913,-0.3440112,5.0,B07LDB7MDJ
pacmap,5000,1148,6.168968,-4.8124456,5.0,B09QL59Q12
pacmap,5000,1149,6.7620435,2.288377,5.0,B09HKP7N83
pacmap,5000,1150,3.6260102,-1.4312466,5.0,B0BVY5RHRR
pacmap,5000,1151,6.3469987,2.9417384,5.0,B07KW59B6C
pacmap,5000,1152,5.062249,-2.5470648,5.0,B09H5NT2C1
pacmap,5000,1153,-7.1363335,4.8636656,5.0,B09331MCDS
pacmap,5000,1154,-9.328671,-2.2795608,5.0,B0C9GQLBF4
pacmap,5000,1155,6.5505548,2.4230247,5.0,B06XSGYL1Q
pacmap,5000,1156,-7.11189,5.114474,5.0,B0B6NS4VH2
pacmap,5000,1157,3.158312,-3.5677173,5.0,B011BRUOMO
pacmap,5000,1158,6.897008,-4.8886366,5.0,B00MPB9IT6
pacmap,5000,1159,8.462589,6.5681314,1.0,B013S0N2OY
pacmap,5000,1160,6.663394,-3.8691764,5.0,B0B4BMHPJ2
pacmap,5000,1161,6.066145,0.32869947,4.0,B0BKKW5PF4
pacmap,5000,1162,2.9006755,-0.4392655,5.0,B09PHJ83GH
pacmap,5000,1163,5.1073794,4.994968,5.0,B09ZQS1HW3
pacmap,5000,1164,12.596336,-3.6738994,5.0,B09XXPCNFY
pacmap,5000,1165,4.4700427,0.8558992,5.0,B09SLNKQTZ
pacmap,5000,1166,-4.22418,-1.1255184,5.0,B07PK6PDL6
pacmap,5000,1167,6.193107,4.832626,1.0,B09B4XST7Y
pacmap,5000,1168,-6.9208083,8.579408,3.0,B09GKYFS67
pacmap,5000,1169,-6.950905,8.4372225,4.0,B09GKV31QZ
pacmap,5000,1170,4.29762,0.66678387,4.0,B0BSCCQLCY
pacmap,5000,1171,-7.3462214,-5.0451818,5.0,B09TNV7Q69
pacmap,5000,1172,-6.669598,8.822034,5.0,B0BPP72J81
pacmap,5000,1173,12.599063,-3.6735291,5.0,B097SVMKSZ
pacmap,5000,1174,-6.7450976,5.607445,5.0,B099WZQ323
pacmap,5000,1175,-6.682768,5.887492,5.0,B097BFSJ7N
pacmap,5000,1176,4.5804186,-4.941291,3.0,B09J96N8YW
pacmap,5000,1177,5.5767946,2.7103658,5.0,B08QJKMBFN
pacmap,5000,1178,-6.65458,4.9485807,5.0,B08XP6XW63
pacmap,5000,1179,3.5750406,0.9923801,4.0,B07F6Y9N43
pacmap,5000,1180,4.627641,-1.2070081,5.0,B07H82M1B4
pacmap,5000,1181,14.4413185,-3.1874182,3.0,B07VF5G3B3
pacmap,5000,1182,-9.173,-2.0814347,3.0,B07YDJGPCN
pacmap,5000,1183,4.959058,1.278241,4.0,B07ZYGVWMH
pacmap,5000,1184,1.4885293,2.1091757,5.0,B09TGH81T9
pacmap,5000,1185,5.516922,3.77806,5.0,B07X7MY4ZP
pacmap,5000,1186,8.335852,0.9441887,5.0,B07QLQGQ13
pacmap,5000,1187,-5.311917,6.505824,5.0,B07VDHPHZT
pacmap,5000,1188,5.6467795,2.667868,4.0,B0784BCRVZ
pacmap,5000,1189,3.248766,-3.131222,5.0,B0BYYQNJ3H
pacmap,5000,1190,-8.421572,-2.9478683,5.0,B008S08HJ0
pacmap,5000,1191,-6.0909667,5.5688977,5.0,B0C5PHZ4QS
pacmap,5000,1192,-6.8844433,6.767988,5.0,B01NBF0ZZ9
pacmap,5000,1193,5.267133,-1.3329409,5.0,B00JO6RO8C
pacmap,5000,1194,-4.1760464,-0.6800042,5.0,B00BJ2MC0E
pacmap,5000,1195,4.1028256,5.8233843,5.0,B018SZT3BK
pacmap,5000,1196,6.8093433,3.4490607,5.0,B01LY0G6UP
pacmap,5000,1197,8.591995,1.4982761,5.0,B00XQAKHMW
pacmap,5000,1198,-0.25417048,3.4951048,4.0,B07BMHSL19
pacmap,5000,1199,8.633364,0.574274,5.0,B01G7QDWB4
pacmap,5000,1200,-9.376402,-1.6891671,5.0,B00IPSC6F6
pacmap,5000,1201,7.5173664,4.8653903,5.0,B00M1C82VY
pacmap,5000,1202,-8.968316,-2.5168273,4.0,B00OPVJ0JW
pacmap,5000,1203,-8.775793,-2.4274936,4.0,B000O8WE66
pacmap,5000,1204,4.474862,5.8773656,5.0,B00154JDAI
pacmap,5000,1205,0.6739144,1.0896761,5.0,B0002OD3JY
pacmap,5000,1206,5.345867,-4.112841,5.0,B00005JLS3
pacmap,5000,1207,-8.95945,-2.6854887,2.0,B07GC8NMB8
pacmap,5000,1208,5.8584056,5.2033515,2.0,B019F6P5AY
pacmap,5000,1209,5.8958507,-1.2674615,4.0,B00OUXHL8C
pacmap,5000,1210,4.0882173,-4.293577,1.0,B08K2S5B88
pacmap,5000,1211,3.886022,-3.9417753,1.0,B07C5J2WWD
pacmap,5000,1212,5.7184424,-2.9874687,4.0,B00OUXHMCW
pacmap,5000,1213,3.0125184,-5.43638,3.0,B0C6J534BX
pacmap,5000,1214,-6.9503155,7.7197165,4.0,B0BS6KLLT1
pacmap,5000,1215,-9.357995,-0.22717445,3.0,B07VXP6FKN
pacmap,5000,1216,0.35839918,-4.257741,5.0,B082DT8YZW
pacmap,5000,1217,4.894196,-5.1625,5.0,B00OUXHOGG
pacmap,5000,1218,2.159345,-2.901433,3.0,B07PC39CTK
pacmap,5000,1219,5.014299,-3.2082107,5.0,B07SJ8L4M3
pacmap,5000,1220,5.259252,-0.091240816,3.0,B07F7TDK2S
pacmap,5000,1221,-2.1880412,-1.2750334,5.0,B00KXTZ3BE
pacmap,5000,1222,2.674865,-7.273658,4.0,B019WJROSK
pacmap,5000,1223,0.41876516,-4.1781087,5.0,B0756SFQR1
pacmap,5000,1224,-0.79330826,2.8129752,5.0,B07KKKBXG4
pacmap,5000,1225,-9.5021925,-2.8869553,1.0,B084D7CMKC
pacmap,5000,1226,2.6807077,-4.1104527,1.0,B0C163NSMW
pacmap,5000,1227,6.8638077,-0.9779294,3.0,B0BTSVTK32
pacmap,5000,1228,-6.9101453,6.151936,1.0,B01N9P860N
pacmap,5000,1229,-6.840512,5.7895083,3.0,B08XQ41Z1H
pacmap,5000,1230,6.1463575,-3.5318124,5.0,B0C1J4XGB1
pacmap,5000,1231,6.8230643,-4.4198384,5.0,B0C6M7FY32
pacmap,5000,1232,-11.513085,-0.28147158,3.0,B00KY59Q3I
pacmap,5000,1233,-11.556206,-0.16400969,4.0,B016YBEBG2
pacmap,5000,1234,-6.1898417,3.68091,5.0,B08KRKTXH9
pacmap,5000,1235,-6.3717065,4.12125,5.0,B013JMOTXO
pacmap,5000,1236,-8.686387,-0.65877336,4.0,B01MUXYVOA
pacmap,5000,1237,-4.732659,-2.2870154,5.0,B0CF1VPN1J
pacmap,5000,1238,-4.7667227,-2.1419265,5.0,B0BMKD7JF8
pacmap,5000,1239,5.464419,2.4090664,5.0,B07ZDJF4XB
pacmap,5000,1240,-7.141928,0.020061892,3.0,B07GTJC9XM
pacmap,5000,1241,5.1118765,-5.2984347,5.0,B00N23J4LI
pacmap,5000,1242,5.985583,0.12751186,4.0,B07VN6JCNZ
pacmap,5000,1243,4.6225867,-4.1633205,5.0,B01GL6WZA4
pacmap,5000,1244,-7.1933165,5.1884756,5.0,B0BPM2XF22
pacmap,5000,1245,5.3614078,-2.9870317,1.0,B071HNJX6Q
pacmap,5000,1246,-12.490766,-2.3714035,2.0,B000I4RMOU
pacmap,5000,1247,-12.624067,-0.64599705,1.0,B00DW1X5JC
pacmap,5000,1248,-1.2038283,4.8089724,2.0,B081Q8JHJQ
pacmap,5000,1249,-6.612135,8.702155,4.0,B00M5D2P4Y
pacmap,5000,1250,-6.59761,8.801488,4.0,B07QCRCP2R
pacmap,5000,1251,6.013819,-2.5198517,5.0,B09MTSLT2T
pacmap,5000,1252,2.9990466,-5.9211173,5.0,B008TUQ7SC
pacmap,5000,1253,4.43315,1.3261498,3.0,B0BGK3Y8VY
pacmap,5000,1254,6.480609,3.7848892,5.0,B07Q14H7BZ
pacmap,5000,1255,3.1433983,-2.3551888,1.0,B084HM5WG1
pacmap,5000,1256,7.1241274,-0.5091364,5.0,B0C49KQRX4
pacmap,5000,1257,-9.422097,-2.561081,4.0,B0BW4PFM58
pacmap,5000,1258,4.6945395,-1.0646108,5.0,B087CHS5Z9
pacmap,5000,1259,6.7208104,-3.1110334,5.0,B07ZN4JZYH
pacmap,5000,1260,3.4029648,-1.1552076,5.0,B015FY0SSO
pacmap,5000,1261,4.3064885,-4.992582,5.0,B08421KFJX
pacmap,5000,1262,2.530643,-7.7070265,5.0,B01K8B8YA8
pacmap,5000,1263,8.557979,0.2825755,5.0,B0C5PHZ4QS
pacmap,5000,1264,12.909261,-16.178299,5.0,B01LXZZVKP
pacmap,5000,1265,-6.5507317,3.4833362,1.0,B0BSS1WJ4D
pacmap,5000,1266,-7.358902,-5.264907,5.0,B07VXXBTX4
pacmap,5000,1267,3.7984712,-2.6208196,5.0,B07H8WS1FT
pacmap,5000,1268,3.6035092,2.6057463,5.0,B08HN4345K
pacmap,5000,1269,5.115245,-0.9366723,4.0,B09WHPJZD3
pacmap,5000,1270,-8.454638,-0.99205244,4.0,B0B3VDGR74
pacmap,5000,1271,1.1998029,4.015943,1.0,B0B4F9H4DF
pacmap,5000,1272,-0.49927402,4.7798643,3.0,B00INKHXY0
pacmap,5000,1273,-5.9344397,6.868895,5.0,B09XQ1P16Z
pacmap,5000,1274,2.672068,-1.4817048,4.0,B07FD3YXKR
pacmap,5000,1275,0.2837771,0.1474501,4.0,B07BGTKP34
pacmap,5000,1276,-6.5766363,3.82215,5.0,B09WTY19L9
pacmap,5000,1277,3.065164,-5.2093987,4.0,B07G6XRZJ7
pacmap,5000,1278,3.8601108,-5.449218,4.0,B07DGV6LY8
pacmap,5000,1279,0.8638716,-4.5483212,4.0,B07JKPCPF8
pacmap,5000,1280,-12.162043,-2.0528374,5.0,B07J4RVYHX
pacmap,5000,1281,-12.385483,-0.97807926,4.0,B07FC9BNQL
pacmap,5000,1282,5.1697326,-1.0647274,5.0,B08P6S2757
pacmap,5000,1283,-6.729496,3.5844083,5.0,B08J42GSW6
pacmap,5000,1284,-0.49930888,4.6373124,3.0,B0B1TXQSBV
pacmap,5000,1285,3.879497,0.84496975,4.0,B07H1B8LQV
pacmap,5000,1286,-7.0779967,6.963009,4.0,B07H3V77T7
pacmap,5000,1287,0.9730824,0.4256102,4.0,B07CWJCBJ7
pacmap,5000,1288,8.659899,1.095487,5.0,B0B2QVW1ZV
pacmap,5000,1289,7.771706,3.3428988,5.0,B07TX777BZ
pacmap,5000,1290,7.382111,4.551713,4.0,B085ZTR62L
pacmap,5000,1291,-6.7868114,6.2018986,5.0,B08BC9J8QQ
pacmap,5000,1292,4.598427,1.6987818,5.0,B082W1SWKC
pacmap,5000,1293,-6.720607,4.499941,4.0,B077HNPLHZ
pacmap,5000,1294,3.4184763,1.5612587,1.0,B083JG42ZG
pacmap,5000,1295,2.9664712,-0.1847267,4.0,B07YKGXRKH
pacmap,5000,1296,-4.580876,3.4453647,4.0,B086QKZHDY
pacmap,5000,1297,5.7046413,1.6090686,4.0,B07ZYH9R2C
pacmap,5000,1298,-0.061986305,-3.2191718,4.0,B07DGFBLCX
pacmap,5000,1299,-3.5324202,3.8825896,5.0,B0764GBNX2
pacmap,5000,1300,8.997727,7.707349,5.0,B07NR78GS6
pacmap,5000,1301,5.8396354,2.3306487,3.0,B085N11H5T
pacmap,5000,1302,-5.7106266,4.634779,4.0,B07PTYNGCV
pacmap,5000,1303,7.636479,2.999902,4.0,B07SZ8Z734
pacmap,5000,1304,-8.358527,4.0962477,5.0,B07PMK7WVC
pacmap,5000,1305,7.117024,0.6171826,5.0,B07M8JKBY5
pacmap,5000,1306,2.6149595,-0.5339508,5.0,B0B614JJWR
pacmap,5000,1307,-11.896499,-0.6202615,5.0,B075QLZYD6
pacmap,5000,1308,-6.778625,7.293056,5.0,B07H59Q7LG
pacmap,5000,1309,-10.57856,-1.3501846,4.0,B073RZSTGL
pacmap,5000,1310,4.8751187,-0.82911015,5.0,B01LZFDA8E
pacmap,5000,1311,-3.2955592,2.216669,4.0,B07659Z1QM
pacmap,5000,1312,-5.3687596,3.7304313,4.0,B07YLQBC4B
pacmap,5000,1313,-10.251536,-0.8923425,3.0,B074QQQ51L
pacmap,5000,1314,14.424894,-3.1934924,5.0,B07JPYR7XJ
pacmap,5000,1315,-12.258044,-1.4009503,4.0,B082SW81WD
pacmap,5000,1316,-11.948488,-1.1202431,5.0,B07JW2S287
pacmap,5000,1317,-8.113254,-0.8073819,2.0,B0BXLCC4V6
pacmap,5000,1318,4.422405,1.1858282,3.0,B0C25CVMJS
pacmap,5000,1319,-10.6129875,-2.340356,3.0,B078LHSFHC
pacmap,5000,1320,-2.4022872,-4.338189,3.0,B074F3M2W8
pacmap,5000,1321,-1.4567777,2.2571578,1.0,B019XE45I6
pacmap,5000,1322,-12.369337,-1.6500237,2.0,B071XNVKBM
pacmap,5000,1323,-12.482313,-1.2784581,4.0,B00H36UL5I
pacmap,5000,1324,2.7568839,0.9385329,5.0,B0755PDKCN
pacmap,5000,1325,-9.013186,-2.9918911,5.0,B06Y2M9FNC
pacmap,5000,1326,-6.857992,5.7841606,4.0,B09YYX736L
pacmap,5000,1327,8.253843,0.751375,5.0,B07VP6W2RF
pacmap,5000,1328,4.1226053,0.66196203,5.0,B01LQX0P8Q
pacmap,5000,1329,-11.590316,-0.6172151,5.0,B01N6YGQLJ
pacmap,5000,1330,-1.1342022,0.90006924,4.0,B01N8UG7HA
pacmap,5000,1331,1.5194339,3.8120713,4.0,B01K1INXJK
pacmap,5000,1332,-3.9551258,-1.0514643,2.0,B01DA0YCNC
pacmap,5000,1333,-2.0969684,-4.187504,5.0,B09LYWCHJX
pacmap,5000,1334,-2.7373385,2.5546043,1.0,B01I4PKSZE
pacmap,5000,1335,1.1724198,3.7222002,4.0,B01HNBLHAA
pacmap,5000,1336,-0.050927855,2.7778783,5.0,B01LXHZLY7
pacmap,5000,1337,-0.22106436,-3.210671,4.0,B00YY3XSSA
pacmap,5000,1338,-9.64459,-0.34257755,2.0,B00U0WUGXO
pacmap,5000,1339,2.2390108,5.2420683,2.0,B00NGK93AE
pacmap,5000,1340,-2.3850694,-3.7761898,4.0,B00KATWRIY
pacmap,5000,1341,8.714479,0.8936519,4.0,B01CHQ8F1K
pacmap,5000,1342,-9.001955,-2.041568,4.0,B00K4WAB30
pacmap,5000,1343,-6.865931,8.33858,4.0,B00IM3P8GS
pacmap,5000,1344,5.862329,5.405041,4.0,B00ECERJTA
pacmap,5000,1345,6.1606393,4.8203535,4.0,B00EUFP6WI
pacmap,5000,1346,4.2589064,5.921987,4.0,B007OZNUCE
pacmap,5000,1347,6.458842,1.2702404,5.0,B00BGIQRDE
pacmap,5000,1348,-9.732126,-0.4974667,1.0,B007GR44PM
pacmap,5000,1349,5.68795,3.6995025,1.0,B00B5YER7M
pacmap,5000,1350,-1.8851852,0.18117364,2.0,B00AITG3NQ
pacmap,5000,1351,5.528119,4.847444,3.0,B008ULPBJG
pacmap,5000,1352,3.153858,-0.49337363,5.0,B005DEP2AG
pacmap,5000,1353,3.2887807,2.2528346,4.0,B006W3ZV6W
pacmap,5000,1354,0.91640675,0.37276056,3.0,B004HO58KC
pacmap,5000,1355,-1.1536599,2.979961,5.0,B0015ACUKC
pacmap,5000,1356,-10.821265,-0.7511524,4.0,B005JXAEGS
pacmap,5000,1357,-8.508215,-0.270773,3.0,B003YKG86S
pacmap,5000,1358,-8.221276,-1.5326672,2.0,B001IAX9AE
pacmap,5000,1359,-7.484938,-5.013078,5.0,B07PDHSLM6
pacmap,5000,1360,7.52312,5.4030976,5.0,B01MXXQKGM
pacmap,5000,1361,-2.0795798,2.3148983,5.0,B0BVR7B323
pacmap,5000,1362,-12.4067135,-1.2147111,5.0,B09F9FKWCC
pacmap,5000,1363,1.6069064,0.8836027,5.0,B09YM4K17L
pacmap,5000,1364,5.854545,1.9755365,5.0,B081GM5BCH
pacmap,5000,1365,4.0110006,-4.690052,5.0,B0B2JWCMCY
pacmap,5000,1366,-12.465495,-0.9941261,5.0,B07HLTDQ7B
pacmap,5000,1367,4.994439,-4.992054,5.0,B01F26T1JW
pacmap,5000,1368,5.783588,3.7395852,5.0,B006ZT4VA0
pacmap,5000,1369,2.7098327,-6.9186516,5.0,B00XJN2T2W
pacmap,5000,1370,4.4394403,-5.4726763,5.0,B00404SUZ4
pacmap,5000,1371,4.656142,-4.938004,5.0,B0CF6479D8
pacmap,5000,1372,0.9033315,-3.1532192,5.0,B07RWJNZMZ
pacmap,5000,1373,4.955112,-3.3523026,5.0,B07KNLXQ2S
pacmap,5000,1374,-10.886437,-2.7238865,5.0,B01M4R72FX
pacmap,5000,1375,6.260195,-4.514666,4.0,B07FTSFGXH
pacmap,5000,1376,4.535584,-3.3178086,5.0,B01MTF91W6
pacmap,5000,1377,3.9785476,-3.3072994,5.0,B074N2QSZT
pacmap,5000,1378,3.3638182,-4.2480164,5.0,B00YOP4DSW
pacmap,5000,1379,6.48692,-6.3998017,5.0,B01KIOU214
pacmap,5000,1380,5.6095467,-0.71612865,5.0,B0B11P89KH
pacmap,5000,1381,5.352765,-5.1817594,4.0,B004HBK4T0
pacmap,5000,1382,4.277252,-5.161607,4.0,B0089W5NKI
pacmap,5000,1383,5.013987,-5.1134896,4.0,B07Q1JVCTS
pacmap,5000,1384,5.6287823,-5.595197,4.0,B004X8AKDM
pacmap,5000,1385,6.108211,-6.0139227,4.0,B0054L7FVW
pacmap,5000,1386,4.297729,-4.2438993,3.0,B001RJXTNI
pacmap,5000,1387,4.200815,-4.2534385,1.0,B007UZCIBW
pacmap,5000,1388,4.150383,-4.1516376,2.0,B003VANOFY
pacmap,5000,1389,6.1785727,-5.8310475,5.0,B0108LX660
pacmap,5000,1390,3.794798,-3.231675,4.0,B08SHVBZ8M
pacmap,5000,1391,3.7817156,0.90571606,1.0,B0C7K8RKCG
pacmap,5000,1392,-11.259879,-1.3966768,3.0,B07BW245J3
pacmap,5000,1393,3.4548173,1.6009036,5.0,B0BTTB89J3
pacmap,5000,1394,4.5213184,-1.9976536,5.0,B09T3921MQ
pacmap,5000,1395,-8.75746,-0.6103121,4.0,B092VHZ5LX
pacmap,5000,1396,-11.727801,-1.8486749,3.0,B08KDX5H5Z
pacmap,5000,1397,-3.1866174,-0.40731698,3.0,B08BH87FPJ
pacmap,5000,1398,-11.704425,-0.7275305,5.0,B07W6N4HNP
pacmap,5000,1399,5.159971,-1.7666389,1.0,B082D1RRVF
pacmap,5000,1400,3.4919288,1.341047,1.0,B0881XYVRY
pacmap,5000,1401,-6.230838,4.7326145,5.0,B0184S7U7A
pacmap,5000,1402,4.3283243,-2.2279801,5.0,B01MXWN6UF
pacmap,5000,1403,1.842346,-0.14101517,1.0,B072R4ST2Z
pacmap,5000,1404,1.3255218,-2.452877,1.0,B07VKQ58ZF
pacmap,5000,1405,-0.15673682,-0.75875884,1.0,B07NGK5564
pacmap,5000,1406,8.366262,6.354246,1.0,B00MULE6KW
pacmap,5000,1407,5.0056334,-3.5342069,1.0,B08SGSYLZD
pacmap,5000,1408,5.310839,2.1081765,5.0,B0122ZKEYC
pacmap,5000,1409,3.477359,1.6920614,1.0,B07DNGZQDZ
pacmap,5000,1410,3.4472113,1.6075135,4.0,B00KB8CHU2
pacmap,5000,1411,9.118719,7.828474,4.0,B00DPC015E
pacmap,5000,1412,2.3536062,-3.9521563,5.0,B00ZGF40QO
pacmap,5000,1413,-12.483392,-0.8409788,1.0,B00AVLOHJ8
pacmap,5000,1414,4.124336,-5.8469048,5.0,B09ZV66F82
pacmap,5000,1415,-4.002834,-2.4458175,5.0,B08WJSHSLC
pacmap,5000,1416,9.095409,7.8430047,5.0,B0BV2YBX3Q
pacmap,5000,1417,-0.25932947,4.047115,1.0,B0BM3JL7K4
pacmap,5000,1418,-10.999662,-1.453708,4.0,B002MRMCKU
pacmap,5000,1419,6.35749,2.3042557,4.0,B0BK5PPJX7
pacmap,5000,1420,-7.3752418,-4.88891,5.0,B07KTYJ769
pacmap,5000,1421,-0.29536328,0.094463624,3.0,B0971YMVC8
pacmap,5000,1422,7.7627063,-2.9268713,5.0,B09D2WWSLG
pacmap,5000,1423,4.9443617,-2.3826892,3.0,B08YNPQPR8
pacmap,5000,1424,2.6029105,-2.6561425,5.0,B08YFJYD5Z
pacmap,5000,1425,3.6960418,-2.429005,3.0,B086KVFX57
pacmap,5000,1426,3.564534,-5.8173594,5.0,B07RXXNDXD
pacmap,5000,1427,3.126611,-4.710201,5.0,B01N44JBS4
pacmap,5000,1428,3.1132507,-5.328271,5.0,B00JKQK9JW
pacmap,5000,1429,5.844849,-0.45777154,5.0,B00H89DJ1S
pacmap,5000,1430,7.331027,4.2754436,4.0,B01B9OO1CS
pacmap,5000,1431,4.7848,-3.9862278,5.0,B003ZDLATE
pacmap,5000,1432,4.5872564,-4.906309,5.0,B01JZ8Z7C8
pacmap,5000,1433,6.535156,-2.5380154,5.0,B09Y54MQWT
pacmap,5000,1434,6.8416333,-4.7796173,5.0,B003UVZG0U
pacmap,5000,1435,6.1754,-7.6389318,5.0,B000067RPU
pacmap,5000,1436,-10.610129,-1.3308457,1.0,B0BRKBTGRS
pacmap,5000,1437,-6.8520823,7.541406,4.0,B08T1D4K9Z
pacmap,5000,1438,7.1525497,3.661725,2.0,B07NL2S9QW
pacmap,5000,1439,-11.107089,-2.4276688,4.0,B01LNJPR72
pacmap,5000,1440,7.6543956,-1.4509687,5.0,B07FL447HM
pacmap,5000,1441,-12.540944,-0.9948447,5.0,B07S764D9V
pacmap,5000,1442,5.053372,-0.19148454,5.0,B07PXB3VR5
pacmap,5000,1443,2.7677014,5.459413,3.0,B07PHQ93TV
pacmap,5000,1444,-6.913537,8.480438,5.0,B07DGRR6G2
pacmap,5000,1445,-4.145921,-1.0761039,5.0,B07JR4MVGH
pacmap,5000,1446,2.0367193,-2.3257492,5.0,B09Y5N3H8S
pacmap,5000,1447,-8.376127,-1.6719714,4.0,B09KXR45WK
pacmap,5000,1448,8.998159,7.7979403,5.0,B07RQL8GJ6
pacmap,5000,1449,5.1814885,-2.2995083,5.0,B07BFCVJZC
pacmap,5000,1450,8.716673,0.49751762,5.0,B08HRLQNY3
pacmap,5000,1451,-12.260376,-2.5229392,5.0,B0BTDWQMNL
pacmap,5000,1452,17.137135,2.0586963,4.0,B0BPC2MJ2X
pacmap,5000,1453,-8.039689,-2.02975,5.0,B0BVFV4CWS
pacmap,5000,1454,9.037849,0.9967018,5.0,B0BG3G3S9H
pacmap,5000,1455,8.698054,0.9832037,4.0,B0C54G93XF
pacmap,5000,1456,-8.374806,-1.0284275,4.0,B09W8WWNBB
pacmap,5000,1457,-2.784567,-0.36339295,5.0,B0BG465CZK
pacmap,5000,1458,-6.9587483,6.650388,5.0,B0B4R636FH
pacmap,5000,1459,-6.43971,5.989622,5.0,B0B9NR6CHX
pacmap,5000,1460,-6.4597282,4.7130055,5.0,B0BRPBX6N8
pacmap,5000,1461,-6.450207,4.8095255,5.0,B0BRPBX6N8
pacmap,5000,1462,-11.7772045,-1.1656693,5.0,B09SFTSMXM
pacmap,5000,1463,17.147884,2.0613601,4.0,B0B38N74WZ
pacmap,5000,1464,17.157879,2.0626202,5.0,B0B5PNM6WN
pacmap,5000,1465,-2.0665305,2.1530151,5.0,B08623SZH9
pacmap,5000,1466,-5.2008,5.724335,4.0,B09YVBF9Z9
pacmap,5000,1467,2.7082913,-0.021931691,4.0,B09WTG9JBT
pacmap,5000,1468,-6.816011,5.957962,4.0,B0BWDNJVJY
pacmap,5000,1469,0.4833483,1.825868,4.0,B09WWZ4193
pacmap,5000,1470,-7.4708867,-1.185314,4.0,B0C74JJ9Z3
pacmap,5000,1471,3.0574305,5.3313026,5.0,B09MKXV23H
pacmap,5000,1472,4.7811704,-0.3786104,4.0,B09SPJGPVQ
pacmap,5000,1473,9.049701,7.8045597,4.0,B0BBBVW58J
pacmap,5000,1474,7.8256903,2.4532282,5.0,B0BDVTCDDC
pacmap,5000,1475,12.626823,-3.673029,4.0,B09VKPQBD1
pacmap,5000,1476,12.611566,-3.6653292,3.0,B09SF1ZTF6
pacmap,5000,1477,4.186431,5.5961423,5.0,B09TN3N4F2
pacmap,5000,1478,12.621032,-3.6745217,4.0,B09T9CCD6N
pacmap,5000,1479,0.29338786,1.2834424,5.0,B0BC8MC7PY
pacmap,5000,1480,8.802802,0.45805976,5.0,B0BXYBTYFV
pacmap,5000,1481,2.875056,0.28798243,5.0,B0B73NLLC1
pacmap,5000,1482,-2.1886568,2.2651103,5.0,B09JSJNMNT
pacmap,5000,1483,1.4799292,3.981295,5.0,B09PBPXVTP
pacmap,5000,1484,3.074312,0.12684444,5.0,B09NKT74SB
pacmap,5000,1485,-11.619416,-1.5708854,4.0,B09YXK3QDQ
pacmap,5000,1486,-6.522312,5.298449,5.0,B09KTTN3M7
pacmap,5000,1487,12.618982,-3.6762922,4.0,B09LLMFTKZ
pacmap,5000,1488,8.66894,6.868663,4.0,B0BK4XYBVK
pacmap,5000,1489,-12.330424,-0.61877924,4.0,B0BGZ2SFMH
pacmap,5000,1490,-12.455812,-1.2524679,4.0,B09PC48LDS
pacmap,5000,1491,-5.00946,6.5630784,5.0,B09NRFZF1G
pacmap,5000,1492,-6.8229995,5.4722753,5.0,B0BYYGZHG5
pacmap,5000,1493,8.512336,6.3045006,5.0,B09KC4MVRF
pacmap,5000,1494,3.4884465,4.471195,5.0,B09NVBBPRF
pacmap,5000,1495,7.9423256,5.6693907,5.0,B0B15CWFS2
pacmap,5000,1496,-6.9622207,6.782631,5.0,B09JLYPDRY
pacmap,5000,1497,12.59797,-3.6710393,5.0,B09K5XSJ32
pacmap,5000,1498,0.46410963,0.38881606,4.0,B0B7B9ZS19
pacmap,5000,1499,0.27699405,0.05343635,5.0,B0BTYLH7Y2
pacmap,5000,1500,-2.4288795,0.6373217,5.0,B09JRV9PP4
pacmap,5000,1501,17.151352,2.0624065,3.0,B0B19SL9TF
pacmap,5000,1502,-11.335607,-0.7804728,4.0,B095PNFDKR
pacmap,5000,1503,-11.204705,-0.5571793,5.0,B09HJD942X
pacmap,5000,1504,4.24972,-0.7577673,5.0,B08SJC9KG5
pacmap,5000,1505,-9.025809,-3.0832465,4.0,B0931QN643
pacmap,5000,1506,9.152127,7.891734,5.0,B094J6VY97
pacmap,5000,1507,-0.6255538,4.778807,5.0,B09HLCMJZQ
pacmap,5000,1508,-11.281963,-1.1942736,5.0,B0BYF74D2Z
pacmap,5000,1509,-9.473286,-2.8439167,4.0,B091PYQHZD
pacmap,5000,1510,6.1100564,-0.26992655,4.0,B09647HCRZ
pacmap,5000,1511,-5.5513954,6.601439,5.0,B093GQ4CB7
pacmap,5000,1512,-6.9564695,6.922296,5.0,B092DCJMXF
pacmap,5000,1513,7.038287,1.3128904,4.0,B094Q98CNJ
pacmap,5000,1514,-5.320066,6.587061,5.0,B07DNG9XSZ
pacmap,5000,1515,-6.877636,6.6929007,5.0,B091F2TVMT
pacmap,5000,1516,9.2319975,1.3410904,5.0,B0B85V929L
pacmap,5000,1517,17.155304,2.064548,4.0,B09BFKS9WQ
pacmap,5000,1518,17.157484,2.06902,4.0,B091YJ34CX
pacmap,5000,1519,14.438515,-3.1911616,3.0,B08ZCKJ299
pacmap,5000,1520,12.623259,-3.6852372,4.0,B08ZSM5Q7W
pacmap,5000,1521,-6.843596,4.511018,5.0,B08QHSM2NH
pacmap,5000,1522,17.14285,2.0604649,5.0,B08PK9VS8F
pacmap,5000,1523,17.136793,2.0583436,4.0,B08RS42VC7
pacmap,5000,1524,17.136759,2.057714,5.0,B08PKBTC76
pacmap,5000,1525,17.142834,2.058593,4.0,B08RDX61MZ
pacmap,5000,1526,14.472988,-3.1800954,5.0,B08B3XRQPN
pacmap,5000,1527,12.584703,-3.657325,4.0,B08MYTBRY2
pacmap,5000,1528,17.150715,2.0617807,4.0,B08NXC2F9R
pacmap,5000,1529,17.15266,2.0631013,4.0,B08ML79GYD
pacmap,5000,1530,12.612817,-3.6725352,5.0,B08NX1KL65
pacmap,5000,1531,17.152437,2.062481,4.0,B08JCF4VWG
pacmap,5000,1532,-5.001215,6.5147033,4.0,B08L36JTQT
pacmap,5000,1533,3.2739227,-1.8677133,5.0,B08J3CPG5G
pacmap,5000,1534,2.6225467,-0.31593707,5.0,B0899WBQ3S
pacmap,5000,1535,12.639701,-3.6725159,5.0,B08L5HLN61
pacmap,5000,1536,12.611983,-3.677124,5.0,B08H5P93R4
pacmap,5000,1537,-0.60971993,4.7549133,5.0,B09HRKD9F7
pacmap,5000,1538,-12.131902,-1.0715877,3.0,B08DCRJPHP
pacmap,5000,1539,1.4357395,4.079078,5.0,B08G5F3X8F
pacmap,5000,1540,0.17254366,0.06533548,5.0,B07XRV8428
pacmap,5000,1541,12.608772,-3.661149,4.0,B08GFY98KX
pacmap,5000,1542,0.3543291,-0.30892754,4.0,B0C5YP4GDQ
pacmap,5000,1543,-6.8739595,7.446085,4.0,B089SM95C2
pacmap,5000,1544,-6.648055,4.854444,4.0,B08BK48TW5
pacmap,5000,1545,-2.3419511,2.0772636,5.0,B087N4LQPN
pacmap,5000,1546,1.7555498,0.8694786,4.0,B0856481P2
pacmap,5000,1547,-1.4436814,-1.472181,4.0,B087CY4XQH
pacmap,5000,1548,-3.6996284,-0.7599767,4.0,B089DF8FWN
pacmap,5000,1549,4.5805907,1.376008,4.0,B082W1CBDC
pacmap,5000,1550,-11.416245,-0.7686506,4.0,B09JZZMQNN
pacmap,5000,1551,-7.0611067,1.5182649,4.0,B07TGD2F8B
pacmap,5000,1552,12.607723,-3.6696248,4.0,B082SX4MG5
pacmap,5000,1553,-0.27909848,4.614427,4.0,B0C3M91B2C
pacmap,5000,1554,-4.9807034,6.479754,4.0,B07YXVWHFG
pacmap,5000,1555,-0.55183285,4.6652045,5.0,B0C8SS7HML
pacmap,5000,1556,-2.532078,1.2977366,4.0,B082TQXKHN
pacmap,5000,1557,12.599108,-3.664187,5.0,B0831N3T39
pacmap,5000,1558,12.566681,-3.6645405,4.0,B082KQBRKJ
pacmap,5000,1559,12.602463,-3.6751516,4.0,B082KPTZKX
pacmap,5000,1560,-6.4171667,5.807049,4.0,B082PFDSRT
pacmap,5000,1561,12.563567,-3.6625743,4.0,B0838FF88L
pacmap,5000,1562,12.584149,-3.6697078,4.0,B09CGWWR1H
pacmap,5000,1563,12.599612,-3.6689274,4.0,B082PP61YH
pacmap,5000,1564,-6.473414,4.995844,4.0,B081VZ5ZTZ
pacmap,5000,1565,-5.678549,6.569644,5.0,B0B751K1LV
pacmap,5000,1566,12.589209,-3.6581197,4.0,B0823DQ3YW
pacmap,5000,1567,5.181903,-0.7649755,4.0,B078Y5VWBT
pacmap,5000,1568,-3.895619,-0.9667732,4.0,B07XLBF5MP
pacmap,5000,1569,0.8370947,3.606863,5.0,B09JLG3YT7
pacmap,5000,1570,-5.0638385,6.448332,4.0,B07YC18BL7
pacmap,5000,1571,-8.782004,4.0093164,5.0,B095L8F33R
pacmap,5000,1572,-11.86963,-1.7025803,4.0,B0BNC1QBH6
pacmap,5000,1573,-12.256137,-1.0888078,3.0,B07PSKXM33
pacmap,5000,1574,-6.0828657,6.45822,5.0,B07TXGPNN2
pacmap,5000,1575,-0.8267903,1.5332423,4.0,B07TWN55VV
pacmap,5000,1576,-11.999986,-1.3829106,5.0,B07TBHNP4C
pacmap,5000,1577,3.233914,1.0125084,5.0,B07WC81LRS
pacmap,5000,1578,-5.412113,6.0552974,5.0,B07QKPCWN5
pacmap,5000,1579,-11.070107,-1.266739,2.0,B07QH5MDTS
pacmap,5000,1580,-7.062902,7.843344,5.0,B0BGPJNJBH
pacmap,5000,1581,-7.736394,0.43845594,4.0,B0B23LRBRP
pacmap,5000,1582,-6.224256,6.536707,5.0,B07RXXTZ6R
pacmap,5000,1583,-10.903355,-0.99425274,4.0,B0C5PC4J6W
pacmap,5000,1584,-0.4805797,1.6721371,4.0,B08SM7PP2M
pacmap,5000,1585,8.981986,0.7453398,4.0,B07NTVBTSM
pacmap,5000,1586,-7.8929143,-1.9472055,4.0,B0BJ7QMYBF
pacmap,5000,1587,7.339066,-0.4430457,4.0,B08J7RH9JH
pacmap,5000,1588,0.7079418,-2.4860346,4.0,B08J79T7CQ
pacmap,5000,1589,-11.542561,-1.8071656,4.0,B082R17ZJG
pacmap,5000,1590,1.6792473,4.209104,5.0,B088GJHYVN
pacmap,5000,1591,0.8864273,0.24541071,4.0,B07H9YR3XW
pacmap,5000,1592,2.1647089,3.058248,5.0,B07MMYYNHB
pacmap,5000,1593,0.6308744,1.1350346,4.0,B07LBQYCHT
pacmap,5000,1594,-6.3809643,4.9455338,4.0,B08PFVF5L8
pacmap,5000,1595,-9.711095,-2.6116502,4.0,B097C49PBW
pacmap,5000,1596,0.2979915,4.839686,5.0,B07JHTVHM8
pacmap,5000,1597,3.4470253,2.5881872,5.0,B07J9NT4H9
pacmap,5000,1598,0.025544537,0.17422584,4.0,B07HFWGBST
pacmap,5000,1599,-6.7692585,5.302673,4.0,B07HLQ32HK
pacmap,5000,1600,-12.405975,-1.8987836,4.0,B07K8XPS7J
pacmap,5000,1601,-6.753335,5.1304517,5.0,B07FGKRX43
pacmap,5000,1602,-6.804301,5.063053,5.0,B07QDNWC7X
pacmap,5000,1603,8.777787,0.6769548,5.0,B07D9JW39N
pacmap,5000,1604,-6.977055,4.709172,5.0,B09YYX736L
pacmap,5000,1605,-5.5154843,6.4840155,4.0,B095LLDH4H
pacmap,5000,1606,17.147116,2.0607784,3.0,B07F2DDC28
pacmap,5000,1607,1.6745582,4.0371985,4.0,B07CZCFHC6
pacmap,5000,1608,-11.63011,-1.6948496,5.0,B07G2G18YH
pacmap,5000,1609,1.0206671,4.0084424,5.0,B098DSFTQM
pacmap,5000,1610,-9.035261,-3.2880535,4.0,B01MFESB51
pacmap,5000,1611,-6.671854,5.0943575,4.0,B07DC8673V
pacmap,5000,1612,0.33417568,0.09742147,4.0,B0759MFSWC
pacmap,5000,1613,9.121629,1.1973643,4.0,B077CMJVRZ
pacmap,5000,1614,-12.202265,-1.2209281,4.0,B0751W3JZ9
pacmap,5000,1615,4.1177635,1.8363947,4.0,B076MJW31F
pacmap,5000,1616,-12.451422,-1.5920279,4.0,B00VV6X1UI
pacmap,5000,1617,-0.14687298,4.982463,5.0,B08KG14KCT
pacmap,5000,1618,8.672944,6.722211,4.0,B076PMVZMR
pacmap,5000,1619,3.9335718,1.7805954,4.0,B01M716C56
pacmap,5000,1620,-2.2207823,1.0197077,5.0,B08N6HGY8P
pacmap,5000,1621,-9.443253,-0.53612894,5.0,B09K7JMBYK
pacmap,5000,1622,-9.1658325,-2.6776357,4.0,B06XFTNSCT
pacmap,5000,1623,17.122318,2.0555534,5.0,B016XFCHBA
pacmap,5000,1624,-6.7311254,5.0742397,5.0,B01I33N124
pacmap,5000,1625,1.4461632,0.8899115,5.0,B014TUZ92U
pacmap,5000,1626,-6.365444,4.9183908,4.0,B01E6L4WW0
pacmap,5000,1627,-6.5458565,4.8376946,2.0,B00Y85YSGK
pacmap,5000,1628,-9.049248,-2.6055205,5.0,B06WRMP8KT
pacmap,5000,1629,4.947518,-0.46257612,4.0,B017O1BWMW
pacmap,5000,1630,17.116735,2.0528557,4.0,B01N3JWG1N
pacmap,5000,1631,1.3323295,1.4763572,4.0,B06XJF5NMP
pacmap,5000,1632,0.43034554,-0.04448716,5.0,B08739SDH3
pacmap,5000,1633,-3.9487116,-1.2422241,4.0,B00IYETYX8
pacmap,5000,1634,0.29721463,2.4888403,4.0,B09HJ4LVWP
pacmap,5000,1635,-2.221073,-4.1583595,5.0,B09LYWCHJX
pacmap,5000,1636,-11.603545,-0.9467646,5.0,B01IOECNKS
pacmap,5000,1637,-0.041213226,3.448988,5.0,B00IVPU786
pacmap,5000,1638,-2.2884922,-4.115623,5.0,B00PVCV682
pacmap,5000,1639,4.9445295,0.4188705,5.0,B07BV831R5
pacmap,5000,1640,0.15364148,4.6193166,5.0,B09Z3BM734
pacmap,5000,1641,-4.1310678,5.156164,5.0,B01HAUTGKM
pacmap,5000,1642,7.666755,1.6413134,5.0,B01DJ7LUJK
pacmap,5000,1643,6.202854,2.315385,5.0,B01HIPOC30
pacmap,5000,1644,-6.296587,-2.4037762,5.0,B00EDIC062
pacmap,5000,1645,0.21385877,0.16198394,5.0,B01EJ2CQ7O
pacmap,5000,1646,-4.5523376,-2.0453336,5.0,B01F75X68U
pacmap,5000,1647,4.9127693,1.7168548,4.0,B01E7C8TWW
pacmap,5000,1648,17.048695,2.0407286,5.0,B00SWL1F2G
pacmap,5000,1649,3.099191,0.19092706,5.0,B01C2ADMNW
pacmap,5000,1650,-2.7880428,-2.0382762,5.0,B09N5LVWH7
pacmap,5000,1651,-12.611746,-0.28584024,5.0,B017ILTARW
pacmap,5000,1652,2.0077655,4.193154,4.0,B011KFQASE
pacmap,5000,1653,2.60808,-0.74692345,5.0,B015CAP52U
pacmap,5000,1654,-12.427807,-1.0654211,4.0,B00006JPRN
pacmap,5000,1655,6.398869,-0.73397917,5.0,B0183F4MR0
pacmap,5000,1656,-11.3788185,-0.753007,5.0,B0171F4ULQ
pacmap,5000,1657,7.719537,0.70480084,5.0,B0170O61J2
pacmap,5000,1658,-12.07692,-1.2452843,5.0,B0178I3JOK
pacmap,5000,1659,3.2873113,0.9837842,4.0,B00Y4FUVI8
pacmap,5000,1660,-8.540621,-0.99439234,4.0,B010AX4WG4
pacmap,5000,1661,-1.32245,3.0688055,4.0,B014H8SON0
pacmap,5000,1662,-0.21240714,2.993282,5.0,B01N0H8WUZ
pacmap,5000,1663,-12.7532,-1.1816187,4.0,B08JH3PJ2Q
pacmap,5000,1664,5.230368,1.2845067,5.0,B07GST8F8L
pacmap,5000,1665,5.566182,2.09468,5.0,B00XHRW9TI
pacmap,5000,1666,-12.641629,-1.0766416,5.0,B08N6HJ3FB
pacmap,5000,1667,1.8123604,0.6356582,5.0,B006MPRFJQ
pacmap,5000,1668,0.72734743,0.4795753,5.0,B00KH3SZTS
pacmap,5000,1669,-6.4399,5.732801,5.0,B00IG9LSGM
pacmap,5000,1670,8.055813,1.0660709,5.0,B00KFCESEC
pacmap,5000,1671,4.8831897,-1.0253365,5.0,B00L7SV16G
pacmap,5000,1672,-12.454682,-1.3350644,5.0,B00CWXJXTC
pacmap,5000,1673,5.05692,0.6384079,5.0,B00JFHYY42
pacmap,5000,1674,0.26063225,2.2758965,5.0,B005P99KT8
pacmap,5000,1675,0.04552278,1.0164036,5.0,B08LZJ8GMH
pacmap,5000,1676,5.8884606,-2.579587,1.0,B0BYZMDN97
pacmap,5000,1677,5.1293664,1.2752376,5.0,B08FT8J1RR
pacmap,5000,1678,0.31606194,-3.9255223,5.0,B0C2YWQP1J
pacmap,5000,1679,-8.987976,-1.4501001,5.0,B09Z228SQJ
pacmap,5000,1680,-7.780176,0.37070256,1.0,B085F4RL5S
pacmap,5000,1681,-12.385732,-1.333557,5.0,B00KJLMBQQ
pacmap,5000,1682,12.490128,-3.6744585,5.0,B07Y1SNHQW
pacmap,5000,1683,4.771055,-4.119358,3.0,B0B5GZBXCV
pacmap,5000,1684,3.5397062,-3.9049768,5.0,B07QF4Q875
pacmap,5000,1685,6.8585143,-3.122318,5.0,B08YXY5XMD
pacmap,5000,1686,0.6329607,-4.3693085,5.0,B075NCMLYL
pacmap,5000,1687,1.4229192,0.9194849,5.0,B0BXM4RTZ4
pacmap,5000,1688,5.069597,-0.6891533,5.0,B073ZNM75V
pacmap,5000,1689,1.4434618,-2.686772,1.0,B098PZNSL7
pacmap,5000,1690,3.5651758,-5.0245113,5.0,B0BR3MLGZZ
pacmap,5000,1691,-6.4287605,8.878164,5.0,B09KH1J658
pacmap,5000,1692,-11.619899,-0.24594073,1.0,B08Q2D3XR1
pacmap,5000,1693,-11.870912,-1.8449924,5.0,B082LMXMNZ
pacmap,5000,1694,-0.8849667,3.9107525,5.0,B093QLDGNJ
pacmap,5000,1695,-6.6309543,6.052745,3.0,B09KMSH26Q
pacmap,5000,1696,-3.8065746,-1.775294,5.0,B075JZNHTD
pacmap,5000,1697,6.759533,-4.3514657,5.0,B01N34WW1E
pacmap,5000,1698,-5.2101173,4.7523956,5.0,B09CG9LZSR
pacmap,5000,1699,2.6296923,-0.82386404,1.0,B094BMCMPS
pacmap,5000,1700,6.020497,5.225687,3.0,B01H3CN9ZA
pacmap,5000,1701,6.036263,5.1993694,5.0,B08148XDKN
pacmap,5000,1702,4.30601,5.8694034,5.0,B07P92XS72
pacmap,5000,1703,-4.253985,-1.1323694,5.0,B07YXG4F7R
pacmap,5000,1704,6.4863296,-5.0164366,5.0,B003LY0QH4
pacmap,5000,1705,-0.076138675,3.837846,5.0,B005OTPVMY
pacmap,5000,1706,-0.39615008,4.5787625,5.0,B07V4JD954
pacmap,5000,1707,-12.18565,-1.6563382,5.0,B01N7CV2TS
pacmap,5000,1708,4.9327164,5.559748,5.0,B07FSBRRTP
pacmap,5000,1709,6.9662137,-2.828495,5.0,B07LG3CMWX
pacmap,5000,1710,-7.0800257,-2.3625214,3.0,B075FTYGQK
pacmap,5000,1711,2.644544,-7.3503056,5.0,B082SR59W9
pacmap,5000,1712,5.0666504,-3.1751153,5.0,B07DD69HKJ
pacmap,5000,1713,0.81510055,2.496388,5.0,B09GFP5DMH
pacmap,5000,1714,-9.676127,-2.7325566,4.0,B0919NL52L
pacmap,5000,1715,-6.4100924,3.0734944,5.0,B077V8RVN7
pacmap,5000,1716,7.6047792,0.9861083,5.0,B08QS8NWL3
pacmap,5000,1717,3.09317,5.5324574,5.0,B09HTM917T
pacmap,5000,1718,4.440653,-3.8769076,5.0,B08CXRWGW2
pacmap,5000,1719,6.6779127,3.3623548,5.0,B0BM3XNNWF
pacmap,5000,1720,4.8361497,-1.2054338,5.0,B088WD4DRZ
pacmap,5000,1721,3.0689209,5.5338974,5.0,B07F4P3JH7
pacmap,5000,1722,-5.3682556,-2.3697991,4.0,B081TZ8TBM
pacmap,5000,1723,-8.966368,-3.902589,5.0,B07R11T5MC
pacmap,5000,1724,-5.61888,6.3479614,5.0,B07T58DGSZ
pacmap,5000,1725,-8.071753,4.033466,5.0,B07S7QYRSP
pacmap,5000,1726,-2.4077513,-0.72288734,3.0,B07DBXWFVQ
pacmap,5000,1727,-4.8752832,-2.425985,5.0,B07WC6TDT8
pacmap,5000,1728,-4.5907927,-1.9770404,1.0,B07PN74YD7
pacmap,5000,1729,4.790796,-4.0550103,5.0,B07H5RNMP5
pacmap,5000,1730,-11.970535,-0.8562372,5.0,B00G3KZ8YE
pacmap,5000,1731,-7.538184,-4.898067,5.0,B07456BG8N
pacmap,5000,1732,2.0558197,3.449054,1.0,B06X6M5HGP
pacmap,5000,1733,8.069861,6.612757,3.0,B0043T7FXE
pacmap,5000,1734,-4.435691,-0.7265984,5.0,B00C28WXI0
pacmap,5000,1735,7.252999,5.337553,2.0,B00CLZWK64
pacmap,5000,1736,-6.0576806,4.425016,5.0,B00XIL20DI
pacmap,5000,1737,5.4261417,-1.0919316,2.0,B0070Z8CEY
pacmap,5000,1738,-3.3007889,-0.5895349,5.0,B00752RAA4
pacmap,5000,1739,-1.9033078,-3.681043,5.0,B005ESVW96
pacmap,5000,1740,6.3822575,-4.2385554,5.0,B081S43284
pacmap,5000,1741,4.4096775,1.7688593,5.0,B09Q3NR84W
pacmap,5000,1742,4.491973,-2.9413564,5.0,B07PGL2N7J
pacmap,5000,1743,5.585607,-2.482714,5.0,B07MGTL6L9
pacmap,5000,1744,6.9977818,-2.6302888,5.0,B00QE9UCZO
pacmap,5000,1745,3.9159112,-5.9966183,5.0,B0BP28CLNX
pacmap,5000,1746,5.058109,1.7627614,3.0,B07H3PZ5LS
pacmap,5000,1747,7.4806194,3.153646,5.0,B09LTTFKYC
pacmap,5000,1748,-11.861447,-0.46305436,1.0,B081PGLYND
pacmap,5000,1749,-2.4063404,0.2787911,5.0,B0B65BNKW1
pacmap,5000,1750,0.17258392,3.201348,5.0,B0BQ5JWN9Z
pacmap,5000,1751,-3.400323,-0.630079,1.0,B0BSDJW7F3
pacmap,5000,1752,-3.2177868,-0.9861178,5.0,B08MQ2HHFN
pacmap,5000,1753,-6.3348703,2.2702432,2.0,B0C6QKB234
pacmap,5000,1754,-3.223748,-1.7079697,5.0,B0BT98MVYD
pacmap,5000,1755,-2.5065138,-3.6094964,5.0,B0BZJZKYST
pacmap,5000,1756,1.3854724,-2.3398376,1.0,B084LN55B3
pacmap,5000,1757,2.0477278,-3.279933,1.0,B0BS2TMK39
pacmap,5000,1758,1.3838223,-4.0000615,1.0,B07XZ6D1YH
pacmap,5000,1759,-3.3290803,-0.64849657,5.0,B08HTPQZRB
pacmap,5000,1760,3.545139,-4.109699,1.0,B0B2KHS3ZZ
pacmap,5000,1761,-9.708698,-3.0180688,2.0,B099V8GPR4
pacmap,5000,1762,1.3117706,3.509901,5.0,B00N9ZVN90
pacmap,5000,1763,7.303859,0.42042512,1.0,B01MQHBZS1
pacmap,5000,1764,4.80435,-1.0119083,5.0,B000KUS9EE
pacmap,5000,1765,4.11227,-4.190194,1.0,B0BBCW8P9M
pacmap,5000,1766,-5.733161,5.744127,2.0,B0B7MR7WS7
pacmap,5000,1767,5.069405,-4.0995793,2.0,B07H65KP63
pacmap,5000,1768,3.8674304,-0.7587423,5.0,B01AY37QWC
pacmap,5000,1769,-3.823213,-0.15228777,5.0,B0BZ3LHSDW
pacmap,5000,1770,-7.2652063,-2.222334,2.0,B07ZG6W84H
pacmap,5000,1771,2.778777,-0.65935236,5.0,B09X2J3LGX
pacmap,5000,1772,-3.9127567,-1.0670327,5.0,B07L2T2W6L
pacmap,5000,1773,8.399681,5.969688,5.0,B08HJ6D2Y3
pacmap,5000,1774,6.0351324,5.2432046,5.0,B09XLGGLTQ
pacmap,5000,1775,5.829135,5.3383346,4.0,B07GSP157Z
pacmap,5000,1776,1.6046233,4.146368,4.0,B07CY79CKZ
pacmap,5000,1777,-6.8420916,8.466438,5.0,B0742FQ3Q3
pacmap,5000,1778,7.7346463,5.4010086,2.0,B07L5L22ZL
pacmap,5000,1779,2.2754784,-2.1220257,5.0,B07GGVNF14
pacmap,5000,1780,4.3970547,5.848971,5.0,B01BFIBRIE
pacmap,5000,1781,4.5484333,5.910319,5.0,B007OZNUCE
pacmap,5000,1782,6.476496,0.9978837,5.0,B007T356BO
pacmap,5000,1783,6.817219,-4.7733636,5.0,B0C1J4XGB1
pacmap,5000,1784,4.7790804,-0.9158359,5.0,B08F4RGHLY
pacmap,5000,1785,6.1147423,2.2210228,5.0,B094JBZGF4
pacmap,5000,1786,3.3205667,-5.1548524,5.0,B000GDGWWG
pacmap,5000,1787,5.7699776,0.6082593,5.0,B0796VRYV3
pacmap,5000,1788,4.0535746,-3.4934742,3.0,B0BLVJWGCC
pacmap,5000,1789,5.711753,-1.8878131,5.0,B001DAT0XE
pacmap,5000,1790,1.0687435,-2.7632067,1.0,B084LS3RQJ
pacmap,5000,1791,4.1630588,-0.7861516,5.0,B0742J69SQ
pacmap,5000,1792,4.2023,-4.802423,5.0,B0B2JWCMCY
pacmap,5000,1793,7.0335736,-4.8633237,5.0,B07T451KJM
pacmap,5000,1794,6.2872586,-5.1378655,5.0,B00R124LAK
pacmap,5000,1795,6.799724,3.727586,1.0,B016B12PUE
pacmap,5000,1796,7.019001,3.6536267,3.0,B07864XM91
pacmap,5000,1797,-6.765748,7.585598,5.0,B07C4ZNM7Q
pacmap,5000,1798,7.7502885,-2.9402843,5.0,B06XNZJTGD
pacmap,5000,1799,7.8094077,4.931402,5.0,B081NM793Z
pacmap,5000,1800,6.511421,-4.866352,5.0,B09V6JXVX1
pacmap,5000,1801,6.1834793,-0.72287077,5.0,B07V5DDC7R
pacmap,5000,1802,6.684182,2.4369252,4.0,B092JBV61J
pacmap,5000,1803,-7.871826,-1.8313286,5.0,B01772N80C
pacmap,5000,1804,8.186674,-0.28372636,5.0,B094QJBPB1
pacmap,5000,1805,5.664668,-0.96882904,1.0,B010B2BGX6
pacmap,5000,1806,5.788131,2.7399282,4.0,B07D8JK4HM
pacmap,5000,1807,7.0023847,3.6789331,5.0,B07WNJQFP9
pacmap,5000,1808,5.527692,-4.1006217,5.0,B013EKI2DY
pacmap,5000,1809,-9.221201,-2.9838188,4.0,B00IIEICNC
pacmap,5000,1810,5.4463644,-1.8272122,1.0,B0099WSJHQ
pacmap,5000,1811,-4.3465285,4.8700466,1.0,B007PFZNHS
pacmap,5000,1812,6.5333276,2.321457,3.0,B009Z3SXTS
pacmap,5000,1813,6.1533394,2.9657204,5.0,B00G3J8EZ0
pacmap,5000,1814,-4.1621895,4.882616,5.0,B004SBBD8U
pacmap,5000,1815,6.085515,5.1476927,5.0,B007T356BO
pacmap,5000,1816,3.5296457,-3.9166553,1.0,B0878WQ4WM
pacmap,5000,1817,8.008545,-0.5202532,5.0,B08L1WHFWJ
pacmap,5000,1818,-3.6543036,3.9021988,5.0,B0C8HDXFXN
pacmap,5000,1819,3.35289,-5.4519787,5.0,B0C98XDNLY
pacmap,5000,1820,-0.25319374,-3.568051,5.0,B0CCDMQZM7
pacmap,5000,1821,1.4247663,3.5696046,5.0,B07P841621
pacmap,5000,1822,3.3953345,1.8087887,5.0,B09DCPPYNR
pacmap,5000,1823,5.4005904,-1.7723707,5.0,B07PTVBKHM
pacmap,5000,1824,1.373433,-3.372489,4.0,B07D36JJZT
pacmap,5000,1825,2.7678432,-6.797501,5.0,B07P5LBBMN
pacmap,5000,1826,1.1962091,-3.5722337,4.0,B08TX9GNB3
pacmap,5000,1827,4.232921,-4.876996,5.0,B01GDIUA8Y
pacmap,5000,1828,0.5491427,-3.6710296,5.0,B00SGBJOWA
pacmap,5000,1829,4.1237955,-5.5293384,5.0,B01D0J787A
pacmap,5000,1830,6.596574,-3.5427876,5.0,B09JLMDSLC
pacmap,5000,1831,-7.000099,7.77164,5.0,B089F9YDFC
pacmap,5000,1832,-6.935722,7.846136,5.0,B0C3KV52B7
pacmap,5000,1833,1.2572887,-3.8287206,3.0,B09P2C15L1
pacmap,5000,1834,-1.6491332,-3.5709078,3.0,B0B55KLJBY
pacmap,5000,1835,8.389708,5.9729457,5.0,B081TK1W3Z
pacmap,5000,1836,-2.694031,2.4427865,5.0,B0B8W72ZG6
pacmap,5000,1837,0.5087208,-2.249599,5.0,B07M87KRKR
pacmap,5000,1838,2.301641,-2.5425837,5.0,B015PZLB6G
pacmap,5000,1839,6.255878,-6.051847,5.0,B072118L7D
pacmap,5000,1840,4.107711,-5.3617277,5.0,B07TCSG6CH
pacmap,5000,1841,4.4928875,-2.4822874,5.0,B07LBQWTRY
pacmap,5000,1842,4.2562985,-3.1755164,5.0,B07RW8W2WW
pacmap,5000,1843,0.6710789,-2.422272,2.0,B00NWXM5U0
pacmap,5000,1844,4.3112373,-5.449918,5.0,B0CJ2FDZD9
pacmap,5000,1845,6.473394,2.3873377,5.0,B07Q2TVNP3
pacmap,5000,1846,4.4197645,0.602412,5.0,B0B7RW47VZ
pacmap,5000,1847,9.105163,7.8886476,5.0,B07WH4GTY9
pacmap,5000,1848,-7.779958,-2.591993,5.0,B0BGDLLL4W
pacmap,5000,1849,8.61555,7.1116314,5.0,B0B8J17B9L
pacmap,5000,1850,4.26646,-4.359802,5.0,B00PGE653G
pacmap,5000,1851,5.8948913,-6.155712,4.0,B00X0G30MQ
pacmap,5000,1852,4.601839,-5.466762,5.0,B0029U2YSA
pacmap,5000,1853,0.9285712,-4.0670614,5.0,B01CF3L4YA
pacmap,5000,1854,2.734443,-4.7256713,5.0,B0961LFNFG
pacmap,5000,1855,-9.556607,-2.4850614,4.0,B07467F8QW
pacmap,5000,1856,5.9195566,-0.58112067,5.0,B07KCT9LB5
pacmap,5000,1857,4.399252,-2.8176894,2.0,B0B9GHF8QM
pacmap,5000,1858,4.2590156,-3.2986963,5.0,B07TWNFDS8
pacmap,5000,1859,3.474704,2.6218717,5.0,B007UJ4U6O
pacmap,5000,1860,-11.442492,-1.9974567,3.0,B0B37TT7JB
pacmap,5000,1861,-3.4579508,-1.5471917,5.0,B075XN1NZC
pacmap,5000,1862,-6.234323,4.2409263,5.0,B01C43ZHVC
pacmap,5000,1863,-12.620849,-1.1262006,5.0,B08XNCHTCY
pacmap,5000,1864,6.551632,-2.8895495,5.0,B08SKV4XKR
pacmap,5000,1865,7.109996,-4.947189,5.0,B00A8OWC1S
pacmap,5000,1866,7.089428,1.1812359,5.0,B08BL1YDSZ
pacmap,5000,1867,5.4393034,-0.909369,5.0,B0912GH93X
pacmap,5000,1868,-5.664148,2.7959392,5.0,B0B4WG6N98
pacmap,5000,1869,5.0101132,-1.6716211,5.0,B01GW7YJTC
pacmap,5000,1870,-1.6730899,-1.2984504,5.0,B008UZQWQ8
pacmap,5000,1871,-7.007456,6.66288,1.0,B00U879XZ8
pacmap,5000,1872,-7.700922,-3.49132,5.0,B06XTX41HM
pacmap,5000,1873,-8.092669,3.9492006,2.0,B07W42PJBG
pacmap,5000,1874,3.2261121,-5.598612,5.0,B07TQLFRRJ
pacmap,5000,1875,2.809798,-5.0096326,5.0,B0BHZ1GDVT
pacmap,5000,1876,-1.7560726,0.63792896,5.0,B0BFF9G61F
pacmap,5000,1877,4.6784997,-1.6241308,3.0,B0BR8MK1DY
pacmap,5000,1878,6.1573367,-5.306002,5.0,B09BYYK39G
pacmap,5000,1879,3.9997513,-4.1592193,1.0,B0BJV9Z6T1
pacmap,5000,1880,6.1796036,-7.9230266,5.0,B0BY8KX5CW
pacmap,5000,1881,6.1973915,-7.880647,5.0,B087JNFL1C
pacmap,5000,1882,3.8379223,-5.683437,5.0,B08DPP3T9Z
pacmap,5000,1883,5.808386,-4.3043466,4.0,B07H9YX94V
pacmap,5000,1884,5.886373,-4.8763924,5.0,B09T3FX6CL
pacmap,5000,1885,6.448984,-5.0351987,5.0,B09MLGP9SP
pacmap,5000,1886,5.2174125,-5.153882,5.0,B07FTSXDK4
pacmap,5000,1887,1.7034962,0.40058652,5.0,B0BS3V1QBY
pacmap,5000,1888,6.286915,-7.7869997,5.0,B09DXXSS9Z
pacmap,5000,1889,-11.714604,-0.5710922,1.0,B0BN248QTJ
pacmap,5000,1890,6.2068057,-0.466514,5.0,B096982VDG
pacmap,5000,1891,5.5173745,-4.0296082,5.0,B0BL78N7W9
pacmap,5000,1892,6.169912,-7.943305,5.0,B0974XHKV5
pacmap,5000,1893,7.8580217,-0.6002423,5.0,B074D9L6SJ
pacmap,5000,1894,1.9516082,-3.6046994,5.0,B0BV3NWX67
pacmap,5000,1895,-0.9476486,3.6846926,3.0,B0823Z9MZ3
pacmap,5000,1896,12.91046,-16.178633,5.0,B005IR2J2M
pacmap,5000,1897,6.123332,-4.946897,5.0,B09869JTSG
pacmap,5000,1898,5.9773817,-5.143222,5.0,B0B5GRZ3FW
pacmap,5000,1899,2.7412436,-6.9939547,5.0,B0BNPL25Z9
pacmap,5000,1900,2.880638,-6.9235635,5.0,B09LTX3SQX
pacmap,5000,1901,-11.658267,-0.6012779,1.0,B07G7GY4PZ
pacmap,5000,1902,-9.844442,-2.3535469,5.0,B07P9QZPGR
pacmap,5000,1903,5.4301863,-1.8351623,1.0,B09PBSXZ3T
pacmap,5000,1904,-2.510029,2.4212868,5.0,B01JGBIFGO
pacmap,5000,1905,9.049075,7.7433906,5.0,B07CLBNM1C
pacmap,5000,1906,-8.982855,-1.6260477,3.0,B00CO07FIO
pacmap,5000,1907,0.39043638,-2.359418,5.0,B0B1VWCFXZ
pacmap,5000,1908,-6.9758887,7.747059,5.0,B0BVY4JVNG
pacmap,5000,1909,6.6845036,-6.72876,5.0,B0B27MJXLK
pacmap,5000,1910,6.1687956,-3.6062844,5.0,B00H1SVSAU
pacmap,5000,1911,1.4883363,-4.0237775,5.0,B0C7HW72LR
pacmap,5000,1912,4.8714414,-4.0264854,1.0,B07RGD3JNQ
pacmap,5000,1913,-6.4955945,4.09609,1.0,B07HMRT5RB
pacmap,5000,1914,1.2914075,-3.8441207,5.0,B08XB712XZ
pacmap,5000,1915,2.0710607,0.5194865,5.0,B08LCWGSZM
pacmap,5000,1916,8.240054,2.528386,1.0,B0CF6479D8
pacmap,5000,1917,-0.83968294,5.0384426,5.0,B09NR7BPJZ
pacmap,5000,1918,6.5026283,-0.48447096,5.0,B08TBPJSKS
pacmap,5000,1919,-4.164429,-0.8094561,1.0,B08M85C13W
pacmap,5000,1920,5.703185,-0.6024431,5.0,B00TKU6762
pacmap,5000,1921,6.682154,-2.9974854,5.0,1426320965
pacmap,5000,1922,-6.600158,8.238332,5.0,B07NVG9L16
pacmap,5000,1923,5.4281554,-2.225477,5.0,B07J6GKJYB
pacmap,5000,1924,2.3064032,0.72927773,5.0,B08TW9RNRJ
pacmap,5000,1925,-6.768743,8.709984,5.0,B071KKMXP8
pacmap,5000,1926,-6.724466,8.832887,5.0,B01HBARDWO
pacmap,5000,1927,6.430183,3.0833476,5.0,B07HMLRWXH
pacmap,5000,1928,6.8490005,2.2249217,5.0,B075JDJM5W
pacmap,5000,1929,-6.0100045,-1.5630809,5.0,B07SJ8L4M3
pacmap,5000,1930,-6.3059516,5.6605706,2.0,B07D22Z8GQ
pacmap,5000,1931,-6.846852,7.7668,5.0,B078Z9LP9Z
pacmap,5000,1932,5.0991597,-6.112713,5.0,B00GHUHMUS
pacmap,5000,1933,8.123243,4.72849,5.0,B004ZKXXAK
pacmap,5000,1934,6.3014445,2.155909,2.0,B00N28AUK2
pacmap,5000,1935,5.1935353,0.7662378,5.0,B0BMWBNRQQ
pacmap,5000,1936,-5.1979713,6.085067,5.0,B092DD5L2V
pacmap,5000,1937,-9.596812,-2.8201494,5.0,B00GUTY132
pacmap,5000,1938,-10.435368,-2.6748734,5.0,B0067Y5B7A
pacmap,5000,1939,8.445883,6.2384634,5.0,B00EYWU8HK
pacmap,5000,1940,1.2333817,0.87205935,5.0,B00A81SXHI
pacmap,5000,1941,5.273838,-0.48337817,5.0,B07SHFPD8S
pacmap,5000,1942,4.2740216,0.39226046,5.0,B07RW4VG9Q
pacmap,5000,1943,-7.017131,5.5910597,5.0,B093FMQJ73
pacmap,5000,1944,-5.692837,5.8447294,5.0,B0BB6TYK7V
pacmap,5000,1945,-7.1426883,5.486682,2.0,B07QMBY7JF
pacmap,5000,1946,-6.793454,-2.527871,5.0,B072KLXG5M
pacmap,5000,1947,-6.870527,5.253096,2.0,B07GVB87YG
pacmap,5000,1948,5.60021,2.5523324,5.0,B076CKXBB1
pacmap,5000,1949,3.1994083,5.4055853,5.0,B07BSFXVCH
pacmap,5000,1950,4.353128,4.7961993,5.0,B076BL6Z79
pacmap,5000,1951,-9.997453,-3.3178449,5.0,B0BW4PFM58
pacmap,5000,1952,-7.434718,3.6344302,5.0,B005IKCLPO
pacmap,5000,1953,4.9668555,-1.0259854,4.0,B071K5BQPF
pacmap,5000,1954,5.916549,2.3550804,5.0,B07BT6TH6X
pacmap,5000,1955,3.3677232,-5.694455,5.0,B07SJ8X19K
pacmap,5000,1956,4.8240595,-2.628758,5.0,B0C8RP1481
pacmap,5000,1957,0.63536125,0.6884995,5.0,B08KZSGZCH
pacmap,5000,1958,6.2634935,-1.1418737,5.0,B0BNWPM92Y
pacmap,5000,1959,3.9489002,-4.9270234,5.0,B08FJBFG7V
pacmap,5000,1960,2.7887278,0.4198868,5.0,B07837W5NX
pacmap,5000,1961,0.68468654,4.5590463,5.0,B07NLWT9Z7
pacmap,5000,1962,4.7528443,-4.780158,5.0,B0BSRMK724
pacmap,5000,1963,-7.1945095,5.0075884,5.0,B017LSIXDE
pacmap,5000,1964,2.059253,-0.7199634,5.0,B07DRGR6LX
pacmap,5000,1965,-8.74156,3.9034724,5.0,B0797RKSF7
pacmap,5000,1966,-6.6771355,7.6058125,5.0,B07BFWHD7G
pacmap,5000,1967,2.381982,0.26793382,4.0,B0824RG1SN
pacmap,5000,1968,-6.2324047,4.701179,1.0,B0BGS23YKX
pacmap,5000,1969,-6.6990943,6.2255416,1.0,B08C4Y26FP
pacmap,5000,1970,5.234331,-2.8199544,4.0,B00DGRUY3M
pacmap,5000,1971,5.2308154,0.4387232,2.0,B000KMZKTO
pacmap,5000,1972,-11.11285,-2.1715105,4.0,B07S764D9V
pacmap,5000,1973,5.1547465,0.07930374,5.0,B002UKSZUU
pacmap,5000,1974,-0.16609372,4.254278,5.0,B01M7VOJFW
pacmap,5000,1975,5.2852445,0.11641883,5.0,B01MTY7MSK
pacmap,5000,1976,4.238701,6.039077,1.0,B00BHJS3C0
pacmap,5000,1977,-8.212083,-0.92094,5.0,B000AJR482
pacmap,5000,1978,-11.80566,-0.6485576,1.0,B00FWGU1CY
pacmap,5000,1979,-9.650232,-3.818102,5.0,B075S2Y5C3
pacmap,5000,1980,3.4637568,-3.3253627,1.0,B07GTJSHZ3
pacmap,5000,1981,6.575813,2.4869277,5.0,B078C6N6CR
pacmap,5000,1982,2.0735276,-4.423875,5.0,B07GKT53H5
pacmap,5000,1983,5.315179,-5.9766226,5.0,B0BVCMW9DS
pacmap,5000,1984,-12.011299,-0.52454984,5.0,B06XG2ZY5M
pacmap,5000,1985,-4.21365,-1.6298201,4.0,B00HSMK59E
pacmap,5000,1986,6.79305,3.4066029,5.0,B0816152WW
pacmap,5000,1987,-3.3481221,-1.1639936,5.0,B075JZNHTD
pacmap,5000,1988,2.7878206,-4.515872,3.0,B01MZI5VRW
pacmap,5000,1989,6.022568,-5.5773134,5.0,B018SZT3BK
pacmap,5000,1990,-7.3800697,4.404348,5.0,B01G61RGNA
pacmap,5000,1991,-11.985976,-2.4424326,5.0,B006T9ZKAQ
pacmap,5000,1992,4.584647,-4.1674924,4.0,B0048FU2GU
pacmap,5000,1993,5.361378,-2.3591864,5.0,B008BBNOJE
pacmap,5000,1994,2.7488403,-0.69447494,4.0,B007TPS9PC
pacmap,5000,1995,1.4503531,-1.6519078,5.0,B008PQ1QOA
pacmap,5000,1996,5.913236,-0.7574738,5.0,B007OZNZG0
pacmap,5000,1997,3.9728198,-3.8053563,3.0,B005DOK8NW
pacmap,5000,1998,-2.8055193,-0.53904635,1.0,B07Y9XK7MW
pacmap,5000,1999,3.1970818,-4.376389,3.0,B091Y9L722
pacmap,5000,2000,5.1060357,3.2841625,5.0,B0BLBPR39X
pacmap,5000,2001,6.2127233,1.8062415,5.0,B0C5N822K2
pacmap,5000,2002,6.9007506,3.3796403,5.0,B00BN1Q5JA
pacmap,5000,2003,-0.89063805,3.7239811,1.0,B00099YIP0
pacmap,5000,2004,7.227398,3.1672375,5.0,B07JGWQ34C
pacmap,5000,2005,0.39919224,0.30563965,5.0,B0BV3FZ8KY
pacmap,5000,2006,4.646129,-5.4293904,5.0,B003D8GAA0
pacmap,5000,2007,6.3977604,-5.0620184,5.0,B005FNKMGE
pacmap,5000,2008,3.4092174,-3.9484832,1.0,B08Y57JG1K
pacmap,5000,2009,-6.979359,-2.5413675,5.0,B09FDMGNQR
pacmap,5000,2010,4.655293,-5.0953197,3.0,B08723V9DD
pacmap,5000,2011,4.512646,-2.918391,1.0,B0053UJXQ4
pacmap,5000,2012,3.6595266,-5.273011,5.0,B08ZRVYSGX
pacmap,5000,2013,4.640373,-1.145651,5.0,B07WHTQW4X
pacmap,5000,2014,6.078155,-6.115866,5.0,B09TF5TPL5
pacmap,5000,2015,0.7246564,-3.2416077,1.0,B0BWFBFTGG
pacmap,5000,2016,5.139389,-3.9852295,2.0,B09S6Y5BRG
pacmap,5000,2017,-12.389644,-2.2477517,5.0,B07VHBC8VP
pacmap,5000,2018,4.897163,-4.1710486,5.0,B08N5TC2Z3
pacmap,5000,2019,8.462969,6.1914816,5.0,B09KNJ518H
pacmap,5000,2020,-12.913883,-0.6798188,5.0,B08J83TR22
pacmap,5000,2021,-6.921735,6.572784,1.0,B01F9RGWF0
pacmap,5000,2022,-3.0136387,-0.63154626,5.0,B01054S5FM
pacmap,5000,2023,5.031355,-4.371627,5.0,B00HRUC1OO
pacmap,5000,2024,2.7968178,-0.59929115,4.0,B07VCJFPCK
pacmap,5000,2025,-7.6053224,-3.981454,5.0,B07H65KP63
pacmap,5000,2026,-2.3252974,-3.656403,5.0,B00416Q5KI
pacmap,5000,2027,8.576952,0.6604188,4.0,B079BBK5B7
pacmap,5000,2028,-4.570869,5.674421,5.0,B00DX6B278
pacmap,5000,2029,5.0109954,-0.8338081,2.0,B07V31SK5X
pacmap,5000,2030,3.6201155,-2.3387089,5.0,B07VTK654B
pacmap,5000,2031,0.0076075844,-3.8152995,5.0,B094VH58NQ
pacmap,5000,2032,-5.181256,-2.5560157,5.0,B09P7TJCZW
pacmap,5000,2033,-6.0617056,-0.7819018,3.0,B07V4D6F5F
pacmap,5000,2034,-9.465965,-2.970583,5.0,B00XIWVO4I
pacmap,5000,2035,1.1480529,-2.6775532,5.0,B0B696YT88
pacmap,5000,2036,-5.409115,6.492271,5.0,B09QLBKCZ3
pacmap,5000,2037,-7.086917,7.7594123,5.0,B0B4ZV9WF9
pacmap,5000,2038,8.861762,0.79004383,5.0,B09FKQLP6J
pacmap,5000,2039,-7.2936735,7.034516,4.0,B0BNQ8ZL47
pacmap,5000,2040,-5.687519,6.3515334,5.0,B0C3TLTQGR
pacmap,5000,2041,-6.989234,6.3394775,5.0,B0BTN6S6Q1
pacmap,5000,2042,-2.5055063,4.461184,5.0,B0C1B9TW7G
pacmap,5000,2043,-3.4587512,5.1576505,4.0,B0B9NR6CHX
pacmap,5000,2044,8.337516,1.070302,5.0,B0BRQK5LVF
pacmap,5000,2045,-6.7063127,6.8312874,5.0,B0BBQRB6SQ
pacmap,5000,2046,-6.7858033,6.7796354,5.0,B0BN41CPQN
pacmap,5000,2047,-7.046208,6.897564,5.0,B0BN41CPQN
pacmap,5000,2048,5.6745276,-3.2351537,5.0,B0BFDZXDS6
pacmap,5000,2049,3.6934607,-1.5727756,5.0,B095MTK53S
pacmap,5000,2050,-5.3693175,6.3893414,5.0,B0B9XVXB6P
pacmap,5000,2051,8.200521,1.9018764,5.0,B09P4KT1KG
pacmap,5000,2052,-6.638302,6.087527,5.0,B0B79XLJT3
pacmap,5000,2053,-6.52386,4.930476,5.0,B0BHXQLLXB
pacmap,5000,2054,-6.6521554,3.6795545,5.0,B0BHXQLLXB
pacmap,5000,2055,4.8118668,-3.3930776,5.0,B0B2VP252D
pacmap,5000,2056,-5.1707587,6.5184913,5.0,B0B5TH2Q4X
pacmap,5000,2057,-8.876414,-1.8997859,5.0,B0C1NRVQ4S
pacmap,5000,2058,-4.347882,3.513771,5.0,B0BHZ1GDVT
pacmap,5000,2059,-6.9396353,6.4851594,5.0,B0BHXQLLXB
pacmap,5000,2060,1.7380762,0.21672778,5.0,B09MF9F8VX
pacmap,5000,2061,-4.7450676,3.5574563,5.0,B0CFQT6GW6
pacmap,5000,2062,5.8622317,1.3649776,5.0,B0B7HXB21R
pacmap,5000,2063,-5.309407,6.1243596,4.0,B0BV6RLX21
pacmap,5000,2064,-10.135302,-3.3305962,4.0,B00BYVYBPE
pacmap,5000,2065,-11.894247,-0.30206215,2.0,B00T8H16UE
pacmap,5000,2066,-10.414766,-2.8421268,2.0,B004DU9T3C
pacmap,5000,2067,0.36787143,3.3715894,5.0,B096N8LQPY
pacmap,5000,2068,5.7332807,1.1194128,1.0,B095Z3KQ13
pacmap,5000,2069,14.409697,-3.1734154,5.0,B071Z2WHPR
pacmap,5000,2070,-5.5884686,6.172573,5.0,B0B751K1LV
pacmap,5000,2071,-6.6413374,2.2567904,5.0,B08K4C9MX2
pacmap,5000,2072,4.3680797,0.27311438,5.0,B09KY26HWG
pacmap,5000,2073,-8.842302,-2.2548347,4.0,B09F3D2SP1
pacmap,5000,2074,-9.283448,-2.827657,5.0,B093F4J7ZM
pacmap,5000,2075,5.2328043,0.6468471,5.0,B09X9V54SK
pacmap,5000,2076,5.348813,0.032251026,5.0,B000M9H03E
pacmap,5000,2077,2.6844645,-6.8700356,5.0,B079NW5W5Q
pacmap,5000,2078,-6.553082,3.3317676,5.0,B0BVH1QB5C
pacmap,5000,2079,-8.360318,-0.8800084,5.0,B07Q6Q44J2
pacmap,5000,2080,-6.6849327,2.4801383,5.0,B0C2HWSXNL
pacmap,5000,2081,2.7766805,-6.121213,2.0,B0BS6RY81M
pacmap,5000,2082,3.0701132,-6.684012,5.0,B0BKLWZ4LD
pacmap,5000,2083,5.426905,-2.2304888,5.0,B01L8G5Q5S
pacmap,5000,2084,-6.5772166,3.0828035,5.0,B01HAVTUPM
pacmap,5000,2085,4.2623568,-3.0498307,5.0,B07S6X6RLG
pacmap,5000,2086,-6.1832986,1.9740359,5.0,B01N249DAV
pacmap,5000,2087,-8.07162,-0.085924916,5.0,B00M10X9J6
pacmap,5000,2088,-6.688748,2.3752084,5.0,B01611VL68
pacmap,5000,2089,-8.1803875,-0.98850787,2.0,B007BTULVG
pacmap,5000,2090,4.8754663,-3.5753963,1.0,B087Q2FP2X
pacmap,5000,2091,-6.8639445,1.8480712,5.0,B00OUUXC7O
pacmap,5000,2092,-9.379212,-2.7566996,5.0,B0042F3K9W
pacmap,5000,2093,-6.1839814,1.1768765,1.0,B016HPOSXQ
pacmap,5000,2094,-6.7544,3.2602475,5.0,B082KPKM3L
pacmap,5000,2095,-5.287445,-0.46106553,5.0,B077HQ5W4T
pacmap,5000,2096,-7.1255827,-5.1098037,4.0,B07KTYJ769
pacmap,5000,2097,4.9084377,0.10521038,5.0,B0B3BGW87S
pacmap,5000,2098,-5.768636,-2.4806557,5.0,B0BML2MF98
pacmap,5000,2099,3.729903,0.042028487,4.0,B07TXHPB39
pacmap,5000,2100,-6.347534,-0.11718877,5.0,B01GC6LR84
pacmap,5000,2101,-5.278373,1.9373369,4.0,B0B3D5VN6V
pacmap,5000,2102,-5.71423,-2.0707963,1.0,B0BFM4362X
pacmap,5000,2103,-6.311251,-2.3604355,5.0,B00PTJ43FU
pacmap,5000,2104,2.7324886,-0.12166424,2.0,B00MG1VGMW
pacmap,5000,2105,3.5295115,0.7931784,3.0,B01J9F19I8
pacmap,5000,2106,-7.443996,-5.026844,5.0,B01K8B8YA8
pacmap,5000,2107,2.7323952,-0.8903969,1.0,B0000XMVI6
pacmap,5000,2108,-6.774452,-2.659502,3.0,B008H0QXT2
pacmap,5000,2109,2.6336498,0.281112,2.0,B01KDYC2TO
pacmap,5000,2110,-2.6177118,0.77130675,1.0,B004RIL1JK
pacmap,5000,2111,-3.9817667,0.07636726,3.0,B01BRWH8G8
pacmap,5000,2112,-4.186422,-2.5624158,4.0,B075X8471B
pacmap,5000,2113,-6.6223,4.9879127,5.0,B09MK5D6JH
pacmap,5000,2114,-0.26286507,3.3586612,2.0,B00IVPU786
pacmap,5000,2115,-9.4755745,-2.1427598,4.0,B0935ZDCYD
pacmap,5000,2116,8.965358,7.694125,2.0,B00ABZPX06
pacmap,5000,2117,8.597921,6.617658,3.0,B0BXYXD1Q2
pacmap,5000,2118,8.259823,5.9105844,1.0,B011KPIZ9G
pacmap,5000,2119,8.602628,6.885581,5.0,B00VRC6D3S
pacmap,5000,2120,2.5225165,-0.9925222,4.0,B006FD5RQ8
pacmap,5000,2121,2.4081936,-1.1379259,5.0,B00ADJ4YQE
pacmap,5000,2122,-0.35529467,3.278027,1.0,B004JISIE4
pacmap,5000,2123,-5.6736903,-1.4365684,1.0,B0002MQGR2
pacmap,5000,2124,-2.3635254,-4.285333,5.0,B000LIFB7S
pacmap,5000,2125,-5.595757,5.831346,5.0,B082FJXVW6
pacmap,5000,2126,-7.3140893,5.4220753,5.0,B07KJZPPLR
pacmap,5000,2127,-4.024513,-0.89846253,5.0,B08Q3QPZ5X
pacmap,5000,2128,-11.807463,-1.6726582,4.0,B09MGJD7Y8
pacmap,5000,2129,6.17261,-3.0124936,5.0,B09XYMSZLL
pacmap,5000,2130,-10.943179,-2.1895158,5.0,B07N1KNGJ8
pacmap,5000,2131,7.302216,4.245829,5.0,B07Y85CY2J
pacmap,5000,2132,-6.4474382,-2.6432478,5.0,B09SVJGMN1
pacmap,5000,2133,-6.73335,-2.540685,5.0,B0088YPRUI
pacmap,5000,2134,6.284946,2.5366673,5.0,B0145VHFA2
pacmap,5000,2135,5.018333,-0.7425482,1.0,B015TN5FVQ
pacmap,5000,2136,-11.447004,-2.326331,5.0,B017OKABWK
pacmap,5000,2137,0.4856889,-3.9276676,5.0,B08DLSLCF3
pacmap,5000,2138,-8.065922,-1.4169128,5.0,B0057YDNQ2
pacmap,5000,2139,14.4449005,-3.1877606,5.0,B0BQ3VKQG9
pacmap,5000,2140,-12.101901,-1.5028434,5.0,B00CXP4AS8
pacmap,5000,2141,-6.899208,-2.7466571,5.0,B000066R6M
pacmap,5000,2142,6.131286,2.2178764,5.0,B00H1ZHD0W
pacmap,5000,2143,6.870625,3.5195649,4.0,B005LIDN00
pacmap,5000,2144,6.88354,3.2386868,5.0,B01ITOFEX6
pacmap,5000,2145,-6.7601523,4.665453,3.0,B01HRVABD0
pacmap,5000,2146,6.2708597,2.5261676,5.0,B08NJ8VWQ3
pacmap,5000,2147,6.434708,1.8328605,5.0,B08RYNJRCY
pacmap,5000,2148,5.5029826,-3.945384,5.0,B01CU0YQPW
pacmap,5000,2149,6.41493,2.3627186,5.0,B086X647CC
pacmap,5000,2150,4.239472,-2.07436,2.0,B09XT8WXMN
pacmap,5000,2151,2.3869996,-2.9690902,3.0,B07DKDL58Y
pacmap,5000,2152,7.0791802,-1.0785757,3.0,B092D8D5BZ
pacmap,5000,2153,-2.1228476,1.1349882,5.0,B075DD9DW4
pacmap,5000,2154,6.57751,3.4283342,5.0,B01E6MTP0S
pacmap,5000,2155,-2.974661,-0.8670208,5.0,B075X8471B
pacmap,5000,2156,-3.4777725,2.6711278,1.0,B07TB47MN4
pacmap,5000,2157,-12.031641,-0.92047167,5.0,B0C2Z2HX4L
pacmap,5000,2158,6.430997,3.083688,5.0,B0BZ46CGSP
pacmap,5000,2159,-7.9157605,-2.3983676,5.0,B0C4Y7T5Z3
pacmap,5000,2160,-9.636309,-0.3835829,1.0,B0BG6YCGG7
pacmap,5000,2161,-0.11371092,3.2933073,4.0,B0BDRRTMR7
pacmap,5000,2162,-6.5966396,5.157432,4.0,B0BV2PMLTR
pacmap,5000,2163,-6.843111,5.312095,5.0,B0C1SG4FHJ
pacmap,5000,2164,-7.5911226,-2.1899383,3.0,B0BCFDDGPB
pacmap,5000,2165,-1.3841475,-1.7598075,5.0,B09N922QG2
pacmap,5000,2166,-5.4299836,5.6950526,5.0,B0B1S914V5
pacmap,5000,2167,-8.107988,3.9408138,5.0,B0B741XVYD
pacmap,5000,2168,-5.446481,2.5098877,5.0,B09TR4ZR8S
pacmap,5000,2169,-7.470242,3.7467546,4.0,B0C5YHPG2J
pacmap,5000,2170,-1.3359238,-1.6329992,5.0,B09LQWML9P
pacmap,5000,2171,-12.208159,-1.4577798,5.0,B09VTMLL5Q
pacmap,5000,2172,1.9744828,4.4332504,5.0,B0BKTBD37R
pacmap,5000,2173,-0.7202428,4.9039626,5.0,B09SLPPNBC
pacmap,5000,2174,-1.354417,0.47039285,5.0,B0C4P6C6NM
pacmap,5000,2175,-1.9332849,1.2754196,5.0,B09VS779K4
pacmap,5000,2176,6.254535,2.9582982,5.0,B09Q8MWHT9
pacmap,5000,2177,7.052296,0.033951133,5.0,B0B9L1N68J
pacmap,5000,2178,-0.14569241,4.1463203,5.0,B0998X1F7G
pacmap,5000,2179,3.4650595,1.5386477,4.0,B09W5J7GVX
pacmap,5000,2180,0.07825987,4.2078133,5.0,B09NN648FM
pacmap,5000,2181,-8.347,0.048066784,5.0,B09N232D3J
pacmap,5000,2182,-6.3050437,4.6803336,5.0,B0BPHC35QG
pacmap,5000,2183,-6.5663805,8.771442,5.0,B0BPP72J81
pacmap,5000,2184,-0.33904654,4.03582,5.0,B09JCD2CN6
pacmap,5000,2185,-2.4306607,4.9031754,5.0,B0BPSXJ8M3
pacmap,5000,2186,-11.687066,-1.8677322,5.0,B0BYJSHNQ6
pacmap,5000,2187,5.257253,3.6732066,5.0,B09DCMLWTT
pacmap,5000,2188,-2.4920523,-3.8387983,5.0,B09SN7TZ99
pacmap,5000,2189,-1.1073198,4.9246907,5.0,B09FJMWMBM
pacmap,5000,2190,-9.423613,-2.0421627,3.0,B091XN41PN
pacmap,5000,2191,3.755102,1.0461719,5.0,B099D2QTGY
pacmap,5000,2192,-6.0872993,2.9323232,5.0,B0C5N45FB3
pacmap,5000,2193,-1.0533755,2.062391,5.0,B0B4YTVNFL
pacmap,5000,2194,-2.3818138,-3.1543918,5.0,B0989J83Z9
pacmap,5000,2195,-6.006122,3.0872648,5.0,B093D6F1ZZ
pacmap,5000,2196,5.1557903,0.14783743,4.0,B09W99JC95
pacmap,5000,2197,-0.37174028,4.722095,4.0,B098QLDYC6
pacmap,5000,2198,-7.06606,4.8300877,5.0,B0C2YRYZJ7
pacmap,5000,2199,-2.1456733,4.4420996,5.0,B0963LKFYF
pacmap,5000,2200,-0.5213568,2.6215177,5.0,B0C5MCSLKZ
pacmap,5000,2201,-0.06589203,1.4190468,5.0,B0C6QYPNYR
pacmap,5000,2202,3.2878642,1.7593584,5.0,B09MVP6Y94
pacmap,5000,2203,-6.7739778,5.7644124,4.0,B096P33NMR
pacmap,5000,2204,8.638966,0.27850533,5.0,B0BXHPS3XG
pacmap,5000,2205,5.709669,2.4780178,4.0,B082S4VMHG
pacmap,5000,2206,-0.39667505,4.857169,5.0,B08Z85SDM3
pacmap,5000,2207,-0.43689054,4.862234,5.0,B08ZMYM34Q
pacmap,5000,2208,-2.4525378,1.0607066,5.0,B09PHCV2PN
pacmap,5000,2209,-1.5672436,-1.4927697,5.0,B08JV9C6NR
pacmap,5000,2210,1.1615437,3.7770693,5.0,B08XDX7CW8
pacmap,5000,2211,8.635591,0.52763414,5.0,B08W43825W
pacmap,5000,2212,-10.74047,-1.094601,5.0,B0BZQ8FW4F
pacmap,5000,2213,-5.918016,3.159992,5.0,B08MPYBG5C
pacmap,5000,2214,-5.6206694,5.5897403,4.0,B08SCQTJKB
pacmap,5000,2215,-6.6064963,4.797486,5.0,B08SH3HLNL
pacmap,5000,2216,-11.57903,-1.832078,5.0,B08XXRWLLS
pacmap,5000,2217,6.3614626,1.7434653,5.0,B08HK1QRLB
pacmap,5000,2218,-5.8670154,5.361056,5.0,B08P5KZD1C
pacmap,5000,2219,-0.5482521,4.9295387,4.0,B08XMR6T51
pacmap,5000,2220,-3.7325323,2.590432,5.0,B0898CS5TM
pacmap,5000,2221,-3.8514478,2.3139622,5.0,B08FBZ6SS3
pacmap,5000,2222,-5.724771,2.5797238,5.0,B08CV3B9SS
pacmap,5000,2223,-5.5238085,2.470678,5.0,B07FN9PR61
pacmap,5000,2224,-3.802201,2.467474,5.0,B0BZT5GQGJ
pacmap,5000,2225,6.3805733,-0.83542156,5.0,B09Y273HR1
pacmap,5000,2226,-4.996682,2.5308437,5.0,B0BZT5GQGJ
pacmap,5000,2227,-3.4994159,2.5056014,5.0,B08HK2F8QK
pacmap,5000,2228,5.891527,-0.83300686,5.0,B08FRMQNHR
pacmap,5000,2229,-0.7810484,4.7851777,4.0,B0933YVHDN
pacmap,5000,2230,5.2427163,-0.8631567,5.0,B08HCJB6C5
pacmap,5000,2231,4.970851,-0.69715136,5.0,B088FKGCH1
pacmap,5000,2232,-4.6196647,6.16207,5.0,B0B8YY8QXG
pacmap,5000,2233,-0.5413005,2.690343,5.0,B09H1PLZ7S
pacmap,5000,2234,-4.5548143,5.1586285,5.0,B08M4256ZR
pacmap,5000,2235,-3.3000133,4.915333,5.0,B0827X1Z1D
pacmap,5000,2236,-6.69841,3.8794262,5.0,B08NC5TMNL
pacmap,5000,2237,-5.7154617,3.906282,5.0,B088CRTM52
pacmap,5000,2238,-3.6699426,3.4055054,5.0,B09N7WWZRT
pacmap,5000,2239,-5.3168354,2.508693,5.0,B07FN9PR61
pacmap,5000,2240,-5.6237464,2.46354,5.0,B08QYZ75XJ
pacmap,5000,2241,-5.164506,3.357899,5.0,B08PFZQPFJ
pacmap,5000,2242,-2.576632,2.5753925,5.0,B08D6SKVVN
pacmap,5000,2243,-3.917423,3.6783419,4.0,B081DZMGFG
pacmap,5000,2244,-2.3199666,-4.1259527,5.0,B09MKVBBWX
pacmap,5000,2245,-5.892046,2.7301018,5.0,B08GKCN3BX
pacmap,5000,2246,-6.9247327,4.0644484,5.0,B08J42GSW6
pacmap,5000,2247,-6.254536,3.2278185,5.0,B08D6G3T5T
pacmap,5000,2248,-5.6046696,2.4626002,5.0,B09WTY19L9
pacmap,5000,2249,6.218189,2.1444957,3.0,B09LH3NSVJ
pacmap,5000,2250,4.474725,-1.207157,5.0,B08GKK5NX8
pacmap,5000,2251,7.5592556,1.9086251,5.0,B09LCRR2BG
pacmap,5000,2252,6.7254295,3.0115225,5.0,B087QSHTM8
pacmap,5000,2253,-6.257239,4.8520155,5.0,B08BJ83YHJ
pacmap,5000,2254,-6.4536166,4.807853,5.0,B085SGW4KK
pacmap,5000,2255,-0.4477353,4.755704,5.0,B013Q6ZRQQ
pacmap,5000,2256,8.136287,1.6158371,5.0,B07XKZ2PDG
pacmap,5000,2257,-12.32346,-1.3863276,4.0,B08BYF5V86
pacmap,5000,2258,4.549113,1.2837908,5.0,B08CK95N8C
pacmap,5000,2259,7.954325,2.2672408,5.0,B088WH1Y25
pacmap,5000,2260,-3.5004697,4.006585,5.0,B0834PQKXK
pacmap,5000,2261,8.998965,7.617471,5.0,B09Y1PSVTB
pacmap,5000,2262,-5.8222117,3.0393379,5.0,B08GFZXG55
pacmap,5000,2263,-5.8562865,3.4536805,5.0,B07W87RMTG
pacmap,5000,2264,-3.991808,2.8541806,5.0,B089YF6T86
pacmap,5000,2265,-3.777852,3.9388633,5.0,B086VFXX78
pacmap,5000,2266,-4.6631813,4.324902,5.0,B094NRML1L
pacmap,5000,2267,-6.933495,8.504875,5.0,B089F191ZP
pacmap,5000,2268,2.8045332,-0.4502804,4.0,B089VYXB9K
pacmap,5000,2269,-0.43012083,4.476196,5.0,B0C1Z4MNJT
pacmap,5000,2270,6.680912,-0.88103366,5.0,B08CVCS7Y7
pacmap,5000,2271,5.154454,-0.20775346,5.0,B087B2DLCR
pacmap,5000,2272,2.7875655,-4.321702,5.0,B08BFT7VNS
pacmap,5000,2273,-0.4473733,2.4803438,5.0,B08B5DC4HM
pacmap,5000,2274,-6.4600387,5.6381893,5.0,B081CRF2YH
pacmap,5000,2275,-5.350255,6.218256,5.0,B09WV2XQYH
pacmap,5000,2276,-6.465746,4.800633,5.0,B082T7HDGT
pacmap,5000,2277,-5.2702527,4.2310915,5.0,B09FYFT34G
pacmap,5000,2278,-8.617747,4.0444493,5.0,B085DZMDKH
pacmap,5000,2279,-7.123017,5.4329305,5.0,B082YB9888
pacmap,5000,2280,-0.35026014,2.0146031,5.0,B083KYZMG5
pacmap,5000,2281,-8.167043,-2.2161896,5.0,B0BSDJQV5D
pacmap,5000,2282,-1.0560046,2.1546183,5.0,B0899QP2L3
pacmap,5000,2283,-5.8998647,4.7152624,5.0,B09NSRDB1W
pacmap,5000,2284,-2.1451852,-4.4910574,5.0,B083NQPY1R
pacmap,5000,2285,7.3712687,4.181293,5.0,B08T6D9Z69
pacmap,5000,2286,-8.396191,-0.5090806,5.0,B097D5GXZH
pacmap,5000,2287,-4.502993,2.2921467,5.0,B082CDDZC7
pacmap,5000,2288,-9.09193,0.15033051,5.0,B082HHZ11Q
pacmap,5000,2289,-0.62038773,4.74496,5.0,B085DPJYYV
pacmap,5000,2290,-0.47474945,0.25957322,5.0,B0BYSB9KW8
pacmap,5000,2291,2.4301085,-0.08471203,3.0,B084GFVQLL
pacmap,5000,2292,-0.517193,4.8163333,4.0,B0828Y7BMQ
pacmap,5000,2293,-10.820904,-1.6150045,5.0,B09Q5PQM38
pacmap,5000,2294,-8.185745,0.09826034,5.0,B07T95WVZZ
pacmap,5000,2295,-11.134126,-1.6136153,5.0,B07VX7V91Q
pacmap,5000,2296,-0.5889375,4.7436666,5.0,B0815V2KJS
pacmap,5000,2297,-9.387961,-3.3692722,5.0,B07RMBKSY3
pacmap,5000,2298,-8.453885,-1.2522247,5.0,B07VKRYQLK
pacmap,5000,2299,-0.5954039,4.8245516,5.0,B07X8ZRNX7
pacmap,5000,2300,-10.415817,-1.1708632,5.0,B086ZKY8C4
pacmap,5000,2301,-7.878306,-3.4620903,4.0,B0BPLD4VK9
pacmap,5000,2302,5.7331324,-0.38007027,5.0,B084F798YV
pacmap,5000,2303,6.4098806,-2.1978161,5.0,B07MG94T5M
pacmap,5000,2304,0.28119287,0.85795283,5.0,B07DK1VQCH
pacmap,5000,2305,-11.489497,-2.0003414,5.0,B07PQBQ6GC
pacmap,5000,2306,-8.02504,-1.8225585,5.0,B0BJ7QMYBF
pacmap,5000,2307,-2.2708805,0.95195675,4.0,B084HC99VY
pacmap,5000,2308,-11.064456,-1.2093916,5.0,B082SW81WD
pacmap,5000,2309,-0.31487674,3.0845478,5.0,B07RZPB86Z
pacmap,5000,2310,-8.328657,-2.8465168,5.0,B07FLH7VLQ
pacmap,5000,2311,-2.4525373,-4.1538253,5.0,B0BL6788GP
pacmap,5000,2312,-12.150088,-0.8727476,5.0,B07PHWGWFS
pacmap,5000,2313,-0.30827525,4.2501655,5.0,B07KJTXRKM
pacmap,5000,2314,-9.248886,-3.042411,5.0,B07PYHVH31
pacmap,5000,2315,-12.136746,-1.5163698,3.0,B07MCSKB9P
pacmap,5000,2316,-11.825822,-0.98788947,5.0,B07FDCDQMM
pacmap,5000,2317,-11.66513,-0.952985,5.0,B07K8XPS7J
pacmap,5000,2318,-11.544821,-1.9006221,5.0,B07DF7NZCN
pacmap,5000,2319,-8.452833,-2.465137,4.0,B07G1LGS62
pacmap,5000,2320,-2.9775627,0.03220557,5.0,B07GG424BQ
pacmap,5000,2321,-2.3944376,-4.2014284,5.0,B09MTNF6MX
pacmap,5000,2322,-0.08293393,3.557296,4.0,B01FRP1ZHE
pacmap,5000,2323,-6.947515,5.2818985,5.0,B07DDK15FN
pacmap,5000,2324,-9.246295,-0.06830156,5.0,B07VHBC8VP
pacmap,5000,2325,-2.2133029,0.9967154,5.0,B0C2V1QS15
pacmap,5000,2326,-11.802453,-2.2566113,4.0,B07QFC584D
pacmap,5000,2327,7.8933783,0.13695873,5.0,B07FMYHX1F
pacmap,5000,2328,-0.33825123,2.8452272,5.0,B09ZMQWGCG
pacmap,5000,2329,0.34414348,0.593203,4.0,B07B535G94
pacmap,5000,2330,-10.8719425,-1.7088456,5.0,B08V47HYBW
pacmap,5000,2331,-12.192969,-1.3502572,5.0,B076F79LTS
pacmap,5000,2332,-12.079723,-1.0887735,4.0,B0778PCW73
pacmap,5000,2333,3.2967806,0.4273896,5.0,B079Y4MW5F
pacmap,5000,2334,-2.30877,0.959419,4.0,B0C2V1WQ8F
pacmap,5000,2335,0.45780715,0.6944841,5.0,B077W1KN7V
pacmap,5000,2336,-10.539197,-1.3791288,4.0,B06XJKWXC6
pacmap,5000,2337,-11.52927,-1.7714995,4.0,B074JG8SPQ
pacmap,5000,2338,-8.725336,-0.8494616,4.0,B0B11CLXY5
pacmap,5000,2339,-3.433391,4.8773484,4.0,B071YZ2WN7
pacmap,5000,2340,-11.652992,-1.3870171,5.0,B072J2HGJR
pacmap,5000,2341,3.3704515,0.46109378,5.0,B071X8QSZH
pacmap,5000,2342,-2.2049584,0.8625187,5.0,B07FKJCFWB
pacmap,5000,2343,-11.98984,-1.7383938,5.0,B01MQKG0L8
pacmap,5000,2344,5.2357464,2.4528167,4.0,B01LZWQ0KV
pacmap,5000,2345,-12.2125,-1.3831695,5.0,B01M2UVSHF
pacmap,5000,2346,-6.5839825,5.792451,5.0,B07JMFQTC5
pacmap,5000,2347,-12.463007,-1.4997715,5.0,B01HETFQMQ
pacmap,5000,2348,-10.002909,-2.3863356,3.0,B01DT4ODOM
pacmap,5000,2349,6.6102586,2.895092,4.0,B00VRLUTWA
pacmap,5000,2350,-1.728487,-3.703021,4.0,B01EO5A3RQ
pacmap,5000,2351,-0.59597975,4.841776,5.0,B01BCWKBZI
pacmap,5000,2352,-8.918493,-2.1767175,5.0,B01BWMX5BK
pacmap,5000,2353,-8.656538,-0.27354842,4.0,B00K6L5EX6
pacmap,5000,2354,0.72698253,3.8527343,4.0,B00PVIBIN4
pacmap,5000,2355,-10.629163,-1.2110884,5.0,B0B37YMFK2
pacmap,5000,2356,-6.6693363,4.891924,5.0,B079ZQT987
pacmap,5000,2357,-2.2655513,1.1358314,4.0,B014D7XH64
pacmap,5000,2358,-0.49563175,4.8448567,5.0,B00UK0P9VU
pacmap,5000,2359,6.289107,2.2585359,3.0,B00OGKQAJU
pacmap,5000,2360,9.102324,7.7931843,3.0,B00S0CTU2Y
pacmap,5000,2361,-10.302003,-1.6400551,4.0,B01A86LI6K
pacmap,5000,2362,6.052743,2.9249208,5.0,B00MJKZEXC
pacmap,5000,2363,1.1120518,3.7600093,5.0,B00NJNFW1C
pacmap,5000,2364,6.16472,2.2910776,5.0,B00FQ1NO9W
pacmap,5000,2365,-11.067075,-1.2447308,5.0,B00KONCDVM
pacmap,5000,2366,-8.823809,-1.6538515,5.0,B00I59VBH4
pacmap,5000,2367,-2.3316462,-4.157223,4.0,B00BXKY9CQ
pacmap,5000,2368,-11.169615,-2.1247804,4.0,B00EXPNGCM
pacmap,5000,2369,-9.219103,-2.9292428,5.0,B00DVU9FNY
pacmap,5000,2370,2.2213407,4.7088037,4.0,B00CPIF4G0
pacmap,5000,2371,-1.7283593,-3.9777904,5.0,B007KZQM9Q
pacmap,5000,2372,-11.531195,-1.9570615,4.0,B001UAB4TU
pacmap,5000,2373,-9.09418,-2.7124732,5.0,B07FCKYFRC
pacmap,5000,2374,5.3025417,0.12608412,5.0,B07GZL22ZQ
pacmap,5000,2375,6.0971503,-0.38059458,4.0,B00S7IBOYS
pacmap,5000,2376,14.439959,-3.1903307,4.0,B07F2YKPB3
pacmap,5000,2377,-11.610712,-0.84965086,1.0,B0C338S8M7
pacmap,5000,2378,-9.146616,-1.8236973,4.0,B00KWR8ME2
pacmap,5000,2379,-5.0271277,-2.4779656,4.0,B00PLL0L2U
pacmap,5000,2380,5.831642,0.78411776,5.0,B07PSCZRB5
pacmap,5000,2381,0.87573117,-2.4344652,4.0,B0BHT8XX49
pacmap,5000,2382,17.14618,2.0629807,4.0,B085XS36F5
pacmap,5000,2383,-1.5385551,-1.4575187,4.0,B07S1BDQ4P
pacmap,5000,2384,6.010392,2.0621748,4.0,B00N1X2UC4
pacmap,5000,2385,-3.7009525,-0.45144555,4.0,B007ILEHSA
pacmap,5000,2386,5.0109777,-3.5970242,1.0,B018H3B280
pacmap,5000,2387,5.151598,-6.60065,5.0,B00763W3M2
pacmap,5000,2388,4.9956894,-3.6555092,1.0,B00OB0S8KE
pacmap,5000,2389,-0.65233624,4.3770103,5.0,B00FHL3F0E
pacmap,5000,2390,-6.6180563,5.5249343,5.0,B07PHB491R
pacmap,5000,2391,3.9882212,0.9975091,5.0,B08GL4JSLK
pacmap,5000,2392,4.480108,0.9533433,5.0,B07T5SY43L
pacmap,5000,2393,1.7711314,-2.5753894,5.0,B074KBWL9J
pacmap,5000,2394,-10.377761,-1.2402061,1.0,B09674F2X6
pacmap,5000,2395,-9.76999,-1.2328135,1.0,B09S9PX2GH
pacmap,5000,2396,3.147917,-2.9581192,1.0,B07KTYJ769
pacmap,5000,2397,0.7857095,0.17305817,5.0,B084T3RMQ6
pacmap,5000,2398,-4.3566966,-0.8808435,5.0,B00RFLGH5E
pacmap,5000,2399,0.5606326,0.13256153,4.0,B00P7EVST6
pacmap,5000,2400,-1.5671915,-3.669366,5.0,B09BZGJCGD
pacmap,5000,2401,-4.1046486,-1.288188,1.0,B0022NHQ00
pacmap,5000,2402,5.4219365,1.277524,4.0,B002SBB0SU
pacmap,5000,2403,1.833975,4.458378,5.0,B09MRC553G
pacmap,5000,2404,1.7567747,4.4226747,5.0,B0B5B88GQW
pacmap,5000,2405,1.5706507,4.4091625,4.0,B09X21S46V
pacmap,5000,2406,-11.204455,-1.1734103,4.0,B07S764D9V
pacmap,5000,2407,-3.075764,-0.9038156,5.0,B0BTPBBL52
pacmap,5000,2408,-6.4565372,-2.8879933,4.0,B091BD9T1Z
pacmap,5000,2409,-6.596046,3.1998754,2.0,B07MYSFW2G
pacmap,5000,2410,-6.387108,6.1106243,4.0,B01DXKPK3A
pacmap,5000,2411,1.9700521,5.159146,4.0,B0189XYY0Q
pacmap,5000,2412,7.813886,2.713735,5.0,B00Q6A1RLY
pacmap,5000,2413,1.6090847,4.3134694,4.0,B00MHX6TIA
pacmap,5000,2414,3.2110894,4.960767,4.0,B00DVFLJKQ
pacmap,5000,2415,-1.4767958,-3.8024385,5.0,B002M3SHXA
pacmap,5000,2416,-2.798705,-0.34862098,4.0,B0039NIRIW
pacmap,5000,2417,-4.419079,1.2533387,5.0,B000HDJY7K
pacmap,5000,2418,-9.093716,0.06425609,5.0,B00005T3GH
pacmap,5000,2419,-3.0534277,0.20927255,4.0,B0036WT3PW
pacmap,5000,2420,-0.04865561,1.3308532,2.0,B000V2H136
pacmap,5000,2421,-2.1622825,-4.4845333,1.0,B00008SCFL
pacmap,5000,2422,1.0129995,0.8395602,5.0,B000OSLLPG
pacmap,5000,2423,-8.153684,-1.4000626,2.0,B00XJ5U76A
pacmap,5000,2424,-6.919504,7.5782614,4.0,B07V29CYF3
pacmap,5000,2425,1.8720477,-2.8730996,1.0,B0B3J5JC2S
pacmap,5000,2426,6.4736276,-2.4708526,5.0,B07X349T36
pacmap,5000,2427,6.958847,2.206878,5.0,B074D9L6SJ
pacmap,5000,2428,6.6180496,-2.9867418,5.0,B07Y75XPQZ
pacmap,5000,2429,4.290964,-4.2130814,5.0,B07QC4XL1V
pacmap,5000,2430,-10.814758,-2.1666768,5.0,B07ZPC9QD4
pacmap,5000,2431,3.616098,-2.742837,5.0,B093V1K56G
pacmap,5000,2432,-6.8702164,8.591757,1.0,B01N7KFVOB
pacmap,5000,2433,8.332428,6.5947723,5.0,B07C9C7N4G
pacmap,5000,2434,6.391832,-2.016348,5.0,B0745BZ29C
pacmap,5000,2435,-8.575532,-2.541853,2.0,B07CZ2PZJM
pacmap,5000,2436,2.9855893,-4.290313,5.0,B08XPWDSWW
pacmap,5000,2437,-7.250053,7.2483873,1.0,B09FKBCYM3
pacmap,5000,2438,-5.666645,6.242466,5.0,B07G5C4YLY
pacmap,5000,2439,-6.7861977,5.892132,3.0,B08FYNN55Z
pacmap,5000,2440,4.5458827,-2.9353344,1.0,B08MY4R4PK
pacmap,5000,2441,2.5732741,-4.48603,1.0,B00WUWV1N6
pacmap,5000,2442,-1.5818917,-1.415487,4.0,B071FVHM19
pacmap,5000,2443,-1.6514823,-1.3317195,5.0,B085SX3ZKZ
pacmap,5000,2444,3.5799193,-5.445098,5.0,B07X8MSSRQ
pacmap,5000,2445,6.410161,-4.8581486,5.0,B01ENBNAWG
pacmap,5000,2446,2.9511147,-0.029055703,5.0,B00E6GRHBO
pacmap,5000,2447,-8.797323,-2.8201845,2.0,B0C6D2TBZ7
pacmap,5000,2448,5.3093514,-1.6654307,5.0,B07KB1FNK3
pacmap,5000,2449,5.767016,-2.6954243,5.0,B0C6PGZ3MB
pacmap,5000,2450,1.2419128,4.090311,2.0,B0C8TKRRJB
pacmap,5000,2451,7.209719,6.1615033,5.0,B07BSJCMGS
pacmap,5000,2452,-11.029517,-1.5330222,5.0,B08TX43PBC
pacmap,5000,2453,-4.0085444,-2.3917363,5.0,B08WJSHSLC
pacmap,5000,2454,6.3630066,0.7495492,5.0,B0987B3T53
pacmap,5000,2455,6.4965124,1.9699787,5.0,B01MQPTTS6
pacmap,5000,2456,6.5082006,-4.8366566,3.0,B07TS32GFV
pacmap,5000,2457,-6.2163014,5.0638347,5.0,B07SMNZK8H
pacmap,5000,2458,-8.339987,0.2523259,5.0,B081B15L2D
pacmap,5000,2459,5.1102138,-1.9221864,4.0,B076WXJPQ1
pacmap,5000,2460,-0.40407157,4.1463842,5.0,B08KZ1TZYB
pacmap,5000,2461,4.357589,-3.7828114,5.0,B07961C64Q
pacmap,5000,2462,4.666443,-2.6879337,5.0,B0BNPL25Z9
pacmap,5000,2463,-8.247377,0.18805836,5.0,B00P28VN38
pacmap,5000,2464,-8.461444,-0.14971338,5.0,B00GN76HAG
pacmap,5000,2465,2.5937963,-4.034255,3.0,B076JDXPRG
pacmap,5000,2466,4.4768877,-1.8348215,5.0,B06XGC4WKK
pacmap,5000,2467,3.3505142,-2.5375547,5.0,B07GZFM1ZM
pacmap,5000,2468,-8.65819,0.17853203,5.0,B07K59CQ3R
pacmap,5000,2469,-8.358648,0.39132217,5.0,B074S1P2MG
pacmap,5000,2470,-8.706095,-0.8064824,5.0,B072KQC4XY
pacmap,5000,2471,5.3286266,-3.329157,5.0,B00KAMJ1JO
pacmap,5000,2472,-7.120887,5.445671,5.0,B0C6PGZ3MB
pacmap,5000,2473,6.497792,-4.3906736,5.0,B075753TQ8
pacmap,5000,2474,5.2021847,-5.6511664,5.0,B075X8471B
pacmap,5000,2475,6.0008783,1.884765,5.0,B07F4P3JH7
pacmap,5000,2476,-7.1501937,5.352667,5.0,B0C1FRBK4K
pacmap,5000,2477,-7.109631,8.431698,5.0,B00HJN524K
pacmap,5000,2478,-10.396018,-1.6792196,4.0,B071WGSZ81
pacmap,5000,2479,2.44959,1.0510793,5.0,B000063Y71
pacmap,5000,2480,3.2828746,0.9765825,5.0,B07837W5NX
pacmap,5000,2481,9.06849,7.818469,3.0,B003NR57BY
pacmap,5000,2482,-7.3674,-2.0653136,5.0,B07H6X3YQN
pacmap,5000,2483,-6.990744,8.197139,5.0,B00N9DWGPC
pacmap,5000,2484,1.3551412,0.5013398,4.0,B000063Y6S
pacmap,5000,2485,2.9820604,-0.16714104,4.0,B00G97AJMW
pacmap,5000,2486,-6.5364738,-2.048764,2.0,B00XJ5CD58
pacmap,5000,2487,5.084573,-1.4251273,3.0,B00D68R31M
pacmap,5000,2488,7.039669,-4.701592,5.0,B00GNHSXE4
pacmap,5000,2489,1.1323282,0.91748303,5.0,B00004UDQ1
pacmap,5000,2490,-7.0493536,8.340094,1.0,B00PFQPX5Q
pacmap,5000,2491,-7.0797343,8.3788,5.0,B000165C10
pacmap,5000,2492,3.8531632,-3.688217,5.0,B07QC4WTNC
pacmap,5000,2493,-9.346233,-2.7519536,5.0,B09NBBT6T8
pacmap,5000,2494,8.455503,6.2298484,5.0,B07TPLJ4HX
pacmap,5000,2495,-1.1355782,-3.853565,1.0,B09VYMTDF9
pacmap,5000,2496,-3.484451,2.910032,5.0,B07K1DYGHM
pacmap,5000,2497,-2.4276986,1.979022,5.0,B08RLW7918
pacmap,5000,2498,-6.0537868,3.8645868,5.0,B0BMQJYLQV
pacmap,5000,2499,-4.4299746,-0.39793822,4.0,B0001FTVEK
pacmap,5000,2500,5.467801,-3.187443,1.0,B005PPMF3U
pacmap,5000,2501,6.00008,-5.4255576,5.0,B07VVXLXJM
pacmap,5000,2502,1.2889827,-4.0014515,5.0,B07P374FF3
pacmap,5000,2503,1.4131665,0.7822112,5.0,B07P6YM5KH
pacmap,5000,2504,-5.769893,6.162928,5.0,B002Y470G2
pacmap,5000,2505,-11.872755,-0.8610918,5.0,B09PRC3WC5
pacmap,5000,2506,2.0615458,-0.7977248,5.0,B08Y8XW37R
pacmap,5000,2507,-9.372497,-1.8541418,5.0,B0BXM18YDP
pacmap,5000,2508,-0.12319711,-2.5452883,1.0,B09M8N7YML
pacmap,5000,2509,-10.222195,-2.7283022,5.0,B07H4SS6DG
pacmap,5000,2510,2.9311535,-4.385657,2.0,B019RC1EI8
pacmap,5000,2511,3.6174011,-3.2690706,1.0,B07VM4W41Q
pacmap,5000,2512,-7.0998826,8.652465,3.0,B00WETRG4I
pacmap,5000,2513,2.7240045,-6.3508105,1.0,B001MQ321U
pacmap,5000,2514,3.9745882,-5.8593507,5.0,B0051V7XK8
pacmap,5000,2515,6.3926086,-3.768516,5.0,B0C6D2TBZ7
pacmap,5000,2516,0.39048836,-3.7071965,2.0,B07MG5Y5W9
pacmap,5000,2517,-9.551369,-2.8694646,4.0,B094MKQMZR
pacmap,5000,2518,5.0335927,-2.352468,1.0,B0B58CRF1N
pacmap,5000,2519,-7.188931,4.1935425,2.0,B07Q2SJNZ5
pacmap,5000,2520,2.985706,-6.156255,2.0,B075X8471B
pacmap,5000,2521,3.5180085,4.947092,2.0,B01J94SWWU
pacmap,5000,2522,5.6399,-4.4666653,5.0,B008I6ITME
pacmap,5000,2523,-8.110248,0.24359286,5.0,B015SKPC8Q
pacmap,5000,2524,-5.7613597,4.174342,1.0,B01I1D2Q7W
pacmap,5000,2525,1.038825,1.0183531,1.0,B00RBW707G
pacmap,5000,2526,6.165188,3.7951643,5.0,B06XNQ6BXC
pacmap,5000,2527,6.0136456,-1.0846924,5.0,B07ZRGNMRJ
pacmap,5000,2528,4.1149573,-2.5851567,4.0,B06VWK3L8N
pacmap,5000,2529,5.346101,-5.710597,5.0,B01I6GE05A
pacmap,5000,2530,-6.8480496,5.908506,1.0,B01CGGW4NG
pacmap,5000,2531,-7.259318,-5.1260543,3.0,B01K8B8YA8
pacmap,5000,2532,6.122161,-0.740585,1.0,B01E9X4L9O
pacmap,5000,2533,-7.2717505,-2.4490123,5.0,B00140DBRY
pacmap,5000,2534,-3.6686788,-1.7203507,2.0,B01DA0YCNC
pacmap,5000,2535,7.4997888,2.2892463,1.0,B073QFMPK1
pacmap,5000,2536,-11.920042,-0.880885,1.0,B00WUCSWDI
pacmap,5000,2537,-6.6592565,5.556756,1.0,B00488M4TU
pacmap,5000,2538,3.4386766,2.0913649,2.0,B0032ALZIQ
pacmap,5000,2539,1.054344,3.8157215,1.0,B0034NGZWM
pacmap,5000,2540,6.2580914,-7.684843,5.0,B09B52572Z
pacmap,5000,2541,5.0358634,-2.321567,5.0,B08KZZCGGG
pacmap,5000,2542,3.7573125,0.49235287,5.0,B08JD7FN44
pacmap,5000,2543,21.233297,-8.396828,5.0,B098744XH6
pacmap,5000,2544,21.233068,-8.396891,5.0,B09BPWCXMS
pacmap,5000,2545,5.2892966,-2.0739958,5.0,B09NWZY4XF
pacmap,5000,2546,21.234804,-8.395153,5.0,B07Y887RM3
pacmap,5000,2547,21.235123,-8.396856,5.0,B086VR9J8Q
pacmap,5000,2548,21.307114,-8.440685,5.0,B09JKSVK9L
pacmap,5000,2549,21.232977,-8.396492,5.0,B09CM12QBL
pacmap,5000,2550,21.234447,-8.398746,5.0,B09H7DTXKT
pacmap,5000,2551,21.23301,-8.397423,5.0,B09G2W5GGF
pacmap,5000,2552,21.23321,-8.39498,5.0,B07K7BBRTQ
pacmap,5000,2553,21.129002,-8.335704,5.0,B07D77BLWK
pacmap,5000,2554,21.234188,-8.396721,5.0,B07C78TJMZ
pacmap,5000,2555,21.231586,-8.397908,5.0,B07S764D9V
pacmap,5000,2556,21.236185,-8.399587,5.0,B07PBZ1P2N
pacmap,5000,2557,21.230297,-8.396883,5.0,B07CH42JNS
pacmap,5000,2558,21.238655,-8.394508,5.0,B01LXJFMGF
pacmap,5000,2559,21.230932,-8.395615,5.0,B071R715MZ
pacmap,5000,2560,21.227703,-8.398308,5.0,B01D5H8N8K
pacmap,5000,2561,21.230164,-8.396271,5.0,B07JGHZ45W
pacmap,5000,2562,21.130842,-8.334578,5.0,B017MVKO82
pacmap,5000,2563,21.233433,-8.397668,5.0,B09T918243
pacmap,5000,2564,21.232248,-8.393993,5.0,B09HLGPB3D
pacmap,5000,2565,21.23226,-8.396786,5.0,B01MDNQXMV
pacmap,5000,2566,21.561049,-8.590971,5.0,B07F9WZSP9
pacmap,5000,2567,21.234911,-8.398639,5.0,B07QF6RKYH
pacmap,5000,2568,21.23333,-8.397676,5.0,B09S6QPQFS
pacmap,5000,2569,21.236958,-8.395252,5.0,B00NVKHLP8
pacmap,5000,2570,21.233257,-8.396477,5.0,B07FPLCZSL
pacmap,5000,2571,21.234146,-8.397127,5.0,B08TY4HJ8L
pacmap,5000,2572,21.236269,-8.39824,5.0,B0713VGCJX
pacmap,5000,2573,21.230507,-8.396372,5.0,B09QZPKYCW
pacmap,5000,2574,21.231514,-8.396244,5.0,B07W1JV6YM
pacmap,5000,2575,21.231966,-8.396215,5.0,B08M8Y6473
pacmap,5000,2576,21.231459,-8.396327,5.0,B07DVF9LKG
pacmap,5000,2577,21.231783,-8.396716,5.0,B00JX8Y2HM
pacmap,5000,2578,21.23181,-8.396167,5.0,B00M0T1WTM
pacmap,5000,2579,21.231092,-8.396168,5.0,B07BVZJP4J
pacmap,5000,2580,21.232058,-8.396114,5.0,B073W74WR8
pacmap,5000,2581,21.231087,-8.396153,5.0,B0BZJGGX2T
pacmap,5000,2582,21.231432,-8.39607,5.0,B09Y1PSVTB
pacmap,5000,2583,21.231407,-8.396049,5.0,B00XZ6AMA4
pacmap,5000,2584,21.233374,-8.396793,5.0,B01G8JO5F2
pacmap,5000,2585,-3.9820566,-1.1538587,5.0,B075NCMLYL
pacmap,5000,2586,21.233068,-8.396772,5.0,B08XPWDSWW
pacmap,5000,2587,21.230324,-8.396609,5.0,B01985CJUG
pacmap,5000,2588,21.239908,-8.397436,5.0,B01N1H6MS0
pacmap,5000,2589,21.231014,-8.396581,5.0,B00TQYC9PA
pacmap,5000,2590,21.232243,-8.397733,5.0,B00XJPY07M
pacmap,5000,2591,21.231234,-8.396492,5.0,B000Q8UAWY
pacmap,5000,2592,21.235588,-8.396158,5.0,B07YFD37SF
pacmap,5000,2593,21.22472,-8.398285,5.0,B004XUNW26
pacmap,5000,2594,21.231531,-8.396676,5.0,B005MTXM3Q
pacmap,5000,2595,21.233965,-8.3976145,5.0,B000WKPHHO
pacmap,5000,2596,4.684063,-5.3491383,5.0,B00XHWBDYU
pacmap,5000,2597,21.232555,-8.396077,5.0,B0B3XNLPYC
pacmap,5000,2598,-8.926582,-1.0874186,5.0,B07QLN5ZWR
pacmap,5000,2599,-2.3785722,2.3702633,5.0,B0812DKDD9
pacmap,5000,2600,21.233171,-8.396569,5.0,B0BGNG1294
pacmap,5000,2601,5.8139052,1.9370862,1.0,B0873727DF
pacmap,5000,2602,6.6116514,-24.782768,5.0,B07P61P5NZ
pacmap,5000,2603,6.611694,-24.782988,5.0,B07P6YRR6J
pacmap,5000,2604,6.6112905,-24.781937,5.0,B07Q38S8HD
pacmap,5000,2605,6.61169,-24.78257,5.0,B07PBD7RDM
pacmap,5000,2606,-7.9647946,0.113756515,5.0,B0B1HR8JSR
pacmap,5000,2607,3.8730307,1.2480401,4.0,B0C6FJFRJG
pacmap,5000,2608,7.747065,2.7264168,5.0,B07KG7BLFD
pacmap,5000,2609,6.6114817,-24.782885,5.0,B0B2K24RQT
pacmap,5000,2610,6.6116652,-24.78164,5.0,B0C33Y9Q9L
pacmap,5000,2611,12.911505,-16.17906,5.0,B07ZCVRSCG
pacmap,5000,2612,12.909772,-16.176651,5.0,B07JL18G1D
pacmap,5000,2613,12.910855,-16.178411,5.0,B0BVBDXFHM
pacmap,5000,2614,12.9098215,-16.1763,5.0,B09LRLD1Z3
pacmap,5000,2615,12.9103565,-16.17902,5.0,B0BB6RBYJ6
pacmap,5000,2616,12.909836,-16.177391,5.0,B08MXVP2CL
pacmap,5000,2617,12.911298,-16.179235,5.0,B00FOSEUIQ
pacmap,5000,2618,12.90953,-16.176447,5.0,B07G8BR51Z
pacmap,5000,2619,-12.4506855,-1.2045754,5.0,B07PXGQC1Q
pacmap,5000,2620,6.611618,-24.782393,5.0,B0BZDWGL19
pacmap,5000,2621,6.8594394,-0.9244782,5.0,B0B4SWZTZ1
pacmap,5000,2622,6.611405,-24.782284,5.0,B07T6GWDGR
pacmap,5000,2623,6.6118283,-24.78261,5.0,B07VZVL6GK
pacmap,5000,2624,-12.566573,-1.0688763,4.0,B0C3GDKZQT
pacmap,5000,2625,6.6116905,-24.783464,5.0,B096NQ56RD
pacmap,5000,2626,6.611526,-24.78322,5.0,B0839511NG
pacmap,5000,2627,3.209129,-6.0431833,5.0,B07SHFPD8S
pacmap,5000,2628,8.426209,6.1416655,5.0,B01GKQ2RHQ
pacmap,5000,2629,0.73244184,-2.6599317,5.0,B00U1PPWDO
pacmap,5000,2630,-7.0849733,8.44779,4.0,B00JHPLUMQ
pacmap,5000,2631,-7.272142,8.58563,5.0,B00GG835JI
pacmap,5000,2632,-6.949974,7.576769,5.0,B0BS6KLLT1
pacmap,5000,2633,-5.212868,2.7166102,5.0,B00T7W84FA
pacmap,5000,2634,2.8742623,-1.2052078,5.0,B07JVSC152
pacmap,5000,2635,-5.54305,4.3698373,5.0,B001TH7GUK
pacmap,5000,2636,-12.094538,-0.7062187,5.0,B000066R6M
pacmap,5000,2637,0.88975185,0.9260714,4.0,B004YZZPZW
pacmap,5000,2638,5.9463167,5.208412,4.0,B005KDY8AU
pacmap,5000,2639,4.1264663,6.030777,5.0,B005890G8Y
pacmap,5000,2640,2.885175,-6.6535754,5.0,B016PMVM7Q
pacmap,5000,2641,2.7370033,-3.11931,5.0,B07KML89F3
pacmap,5000,2642,8.076466,2.253507,5.0,B00AHU2QH8
pacmap,5000,2643,4.4342494,6.017289,1.0,B00BYHTK5Y
pacmap,5000,2644,3.5755937,-2.9850442,2.0,B00902SFC4
pacmap,5000,2645,-10.706671,-0.9479396,5.0,B007B5ZKGG
pacmap,5000,2646,0.24342744,-0.24286644,1.0,B004NIG13U
pacmap,5000,2647,2.9411936,-3.7057037,5.0,B09L1PGZPQ
pacmap,5000,2648,-8.31876,-1.5017726,5.0,B0719SNR5N
pacmap,5000,2649,5.9256635,-5.6386967,5.0,B07TQT6H2P
pacmap,5000,2650,4.1999164,-3.6388144,4.0,B08ZF2Z7Y1
pacmap,5000,2651,5.8931265,-5.82629,5.0,B01M5HQMMJ
pacmap,5000,2652,6.245455,-7.818432,5.0,B094V7S7D7
pacmap,5000,2653,-9.681169,-2.883061,5.0,B09Q5BNT76
pacmap,5000,2654,-9.6760645,-3.0176144,4.0,B076DWW62Z
pacmap,5000,2655,-8.446601,-2.265255,5.0,B08GMC5NM5
pacmap,5000,2656,6.2454143,0.4762826,5.0,B07HRFLB6Y
pacmap,5000,2657,1.6403656,-2.3675704,5.0,B07Q44XSYX
pacmap,5000,2658,5.169877,-4.265269,5.0,B07D18BQ9S
pacmap,5000,2659,6.138128,-7.5479064,5.0,B073S39FM8
pacmap,5000,2660,-3.652325,-1.2638259,5.0,B01H7EK9WK
pacmap,5000,2661,-3.5038002,-3.1457388,5.0,B00UVN20YA
pacmap,5000,2662,3.6410441,-3.6880484,5.0,B0195A5THO
pacmap,5000,2663,-4.525103,0.030130962,5.0,B01AQB0Y1C
pacmap,5000,2664,6.8860717,-2.029671,5.0,B017IM9K26
pacmap,5000,2665,-8.440493,-4.191741,5.0,B07VXXBTX4
pacmap,5000,2666,7.087574,3.3456702,5.0,B08HGHSZ8N
pacmap,5000,2667,-8.030625,-4.1583114,5.0,B07NJQTTXK
pacmap,5000,2668,-11.662703,-0.8664593,5.0,B07SNBHTKD
pacmap,5000,2669,3.6857555,-5.774915,5.0,B0BDF98BNH
pacmap,5000,2670,-6.2961397,4.3350787,5.0,B01JPDTZXK
pacmap,5000,2671,6.2356596,0.7443785,4.0,B01HVHIZFG
pacmap,5000,2672,5.6472235,-5.1242943,5.0,B07B3JZ2M6
pacmap,5000,2673,7.1212325,3.3031628,3.0,B00JUNH8H6
pacmap,5000,2674,7.3219275,2.878344,1.0,B00DULMXTW
pacmap,5000,2675,-1.3508148,-3.8473313,1.0,B09G3MBH6V
pacmap,5000,2676,2.3547542,-3.0756507,4.0,B07N8VFFNS
pacmap,5000,2677,3.022696,-1.3122581,5.0,B07KXX9168
pacmap,5000,2678,-6.319506,3.3328967,5.0,B09QL59Q12
pacmap,5000,2679,6.8296914,-3.7793157,5.0,B00MVJYK6S
pacmap,5000,2680,4.3916993,6.017889,4.0,B00FPG7WX2
pacmap,5000,2681,3.6754177,-1.6459321,5.0,B00D38XF6M
pacmap,5000,2682,-8.972573,-2.8757305,4.0,B08F1P3BCC
pacmap,5000,2683,1.6947874,-3.6420639,5.0,B000YC8NYY
pacmap,5000,2684,-8.678835,-1.9707459,5.0,B086LL8V2G
pacmap,5000,2685,-6.925518,7.8861365,4.0,B07M5WCCLH
pacmap,5000,2686,-9.0059805,-3.3116477,5.0,B01KBQ6GQ4
pacmap,5000,2687,-6.8398046,5.631207,1.0,B0CC4HBS85
pacmap,5000,2688,5.6285224,-1.9681323,5.0,B08C2P9RTY
pacmap,5000,2689,4.121179,-2.3320868,2.0,B0BXRJKJDZ
pacmap,5000,2690,-11.660214,-2.3940794,5.0,B0071369KE
pacmap,5000,2691,-11.511405,-1.9348631,5.0,B0B37TV4WJ
pacmap,5000,2692,4.4026704,-3.8133237,5.0,B07HZLHPKP
pacmap,5000,2693,4.9671097,-5.157044,5.0,B071L978GM
pacmap,5000,2694,5.635318,-5.757255,5.0,B001B077PO
pacmap,5000,2695,5.781605,-5.873169,5.0,B077Q9DVXJ
pacmap,5000,2696,4.5211678,-5.0391393,5.0,B001MXQRN8
pacmap,5000,2697,5.733372,-5.912346,5.0,B01AUR77FI
pacmap,5000,2698,6.1084337,-5.4200106,5.0,B000001OM5
pacmap,5000,2699,-6.9942994,7.423666,5.0,B07MHTZQ2V
pacmap,5000,2700,-8.083876,-1.6165447,5.0,B07SKFQQ48
pacmap,5000,2701,4.3656993,-3.7834024,2.0,B0C3GLMP8K
pacmap,5000,2702,6.5796022,2.5721505,5.0,B07Y89KHBJ
pacmap,5000,2703,6.0080953,-5.8139935,5.0,B07Z3BKFQW
pacmap,5000,2704,-7.0389757,4.9721823,4.0,B0CCRNKX6X
pacmap,5000,2705,6.5994697,-2.8102002,5.0,B09KWWZ67B
pacmap,5000,2706,8.297692,2.181976,5.0,B08PZ94XG9
pacmap,5000,2707,5.162538,-1.0379394,5.0,B09HJZPSFC
pacmap,5000,2708,12.582643,-3.6707597,2.0,B0B9N65HF4
pacmap,5000,2709,5.2295074,-5.5950527,5.0,B07QPTYSPP
pacmap,5000,2710,0.67670417,-4.292819,5.0,B0791TX5P5
pacmap,5000,2711,-5.880403,-0.884176,4.0,B085DXH843
pacmap,5000,2712,2.592646,-4.3143764,5.0,B07P5GCV4R
pacmap,5000,2713,-6.4011965,4.4846845,5.0,B0BGS23YKX
pacmap,5000,2714,-3.963977,-0.36842236,4.0,B094XQ4HKT
pacmap,5000,2715,4.779143,-3.4112608,5.0,B0018MEZK0
pacmap,5000,2716,3.9646664,-4.0493903,2.0,B001TOD7MO
pacmap,5000,2717,3.8602,-4.188174,5.0,B00KALCGUG
pacmap,5000,2718,5.284067,-4.30237,5.0,B000F6MOQM
pacmap,5000,2719,-1.0608568,2.8919234,5.0,B00KFNMHQ2
pacmap,5000,2720,-0.88037276,3.1851962,4.0,B00CHCGRH4
pacmap,5000,2721,3.668177,-4.578882,4.0,B008I640QS
pacmap,5000,2722,-10.577594,-1.6020095,2.0,B004MCJBJI
pacmap,5000,2723,-0.12856507,2.8868496,5.0,B001BXS4LW
pacmap,5000,2724,5.353684,-4.648191,5.0,B000QKKAOU
pacmap,5000,2725,4.8647366,-4.580779,5.0,B094QJN15X
pacmap,5000,2726,1.7300036,3.770512,5.0,B09R9133PG
pacmap,5000,2727,8.434408,6.689791,1.0,B09QLYHV6F
pacmap,5000,2728,6.642903,-0.27449477,4.0,B086Q4XT9Q
pacmap,5000,2729,-0.35629615,4.2217393,2.0,B003WGJYCY
pacmap,5000,2730,4.9811196,0.26152024,5.0,B07JBTD7NG
pacmap,5000,2731,7.7145333,2.7919688,5.0,B088ZD69V9
pacmap,5000,2732,5.426083,-2.9461021,5.0,B0002J1WTC
pacmap,5000,2733,14.414964,-3.1846821,5.0,B01MQVXHUM
pacmap,5000,2734,8.316994,1.4255192,4.0,B07CKP2CKV
pacmap,5000,2735,-0.54274786,4.7874207,5.0,B0046RDQGS
pacmap,5000,2736,7.8414674,4.102614,3.0,B006OU6IBA
pacmap,5000,2737,4.100759,1.1774001,5.0,B083P6GZXR
pacmap,5000,2738,3.7023933,-3.0460572,5.0,B07GZFM1ZM
pacmap,5000,2739,5.0508285,-5.2344475,5.0,B0791TX5P5
pacmap,5000,2740,6.074635,-5.855689,5.0,B07VRPLTL3
pacmap,5000,2741,7.511768,0.54955405,5.0,B00FB50SBU
pacmap,5000,2742,2.5428689,-7.682554,4.0,B0BDH3VXRQ
pacmap,5000,2743,3.6119287,-5.244393,5.0,B07FKYHTWP
pacmap,5000,2744,5.2879167,-1.4639844,5.0,B07N8VFFNS
pacmap,5000,2745,3.1494215,-6.309717,5.0,B00N5828GS
pacmap,5000,2746,4.662234,-5.155402,4.0,B01J94SWWU
pacmap,5000,2747,3.9002414,-5.4967546,5.0,B007T356BO
pacmap,5000,2748,-6.8403325,7.581546,5.0,B01J2G4VBG
pacmap,5000,2749,6.2295356,-5.96748,5.0,B00OQVZDJM
pacmap,5000,2750,-12.143042,-2.240622,4.0,B0BZVGQ1M3
pacmap,5000,2751,2.7858539,5.0450554,3.0,B00Z7Y7WRI
pacmap,5000,2752,0.85789084,0.44071403,3.0,B001P05OFU
pacmap,5000,2753,6.585673,-1.1782256,3.0,B07ZPPZYTS
pacmap,5000,2754,-10.904729,-2.0837722,5.0,B08XPWDSWW
pacmap,5000,2755,5.9114237,2.3149297,5.0,B071R4R5B8
pacmap,5000,2756,2.9564908,-4.620403,1.0,B0BZJZKYST
pacmap,5000,2757,6.971325,3.555519,2.0,B0919SHYMH
pacmap,5000,2758,5.7508526,-0.08218584,3.0,B07QYL62CZ
pacmap,5000,2759,2.7060454,4.333269,5.0,B0051VVOB2
pacmap,5000,2760,2.9161284,-3.9656684,1.0,B09XYMSZLL
pacmap,5000,2761,1.6426564,-2.7984252,1.0,B00NH13YHK
pacmap,5000,2762,-9.863471,-2.6636012,5.0,B002RB3DUE
pacmap,5000,2763,-5.5663824,6.4393773,5.0,B000GKD5PQ
pacmap,5000,2764,9.095073,7.8173842,5.0,B087Z5WDJ2
pacmap,5000,2765,-3.410304,5.0051236,5.0,B08H1VGMCT
pacmap,5000,2766,-0.90507627,4.3080244,2.0,B0BCFFR6TD
pacmap,5000,2767,0.51642704,4.176514,5.0,B09277SKTV
pacmap,5000,2768,9.128452,7.8657794,5.0,B003NR57BY
pacmap,5000,2769,3.7642083,1.2552853,5.0,B00009R8WQ
pacmap,5000,2770,-0.6778669,4.5087276,2.0,B09VS4V18K
pacmap,5000,2771,-5.4622436,1.7353574,5.0,B07V48GCZ7
pacmap,5000,2772,-3.4486766,5.3597155,5.0,B07GSQR6D4
pacmap,5000,2773,-2.0507038,0.93841517,5.0,B004WEP94C
pacmap,5000,2774,-7.741157,-2.1172917,5.0,B074F246M9
pacmap,5000,2775,-0.50598735,3.7985585,5.0,B00LZSA736
pacmap,5000,2776,-8.110347,0.3928774,1.0,B08ZDF3WT3
pacmap,5000,2777,-9.503975,-2.8223562,5.0,B01C6ESQM6
pacmap,5000,2778,3.7673552,0.29396787,2.0,B0C5LYQL9L
pacmap,5000,2779,0.65004593,4.197476,5.0,B015YEI8JG
pacmap,5000,2780,0.033383608,4.550891,5.0,B01NC0XJQW
pacmap,5000,2781,-0.32468596,3.4876688,5.0,B00G6E6YVI
pacmap,5000,2782,5.8516626,2.665759,5.0,B00J63LFTW
pacmap,5000,2783,1.9475731,-1.8369486,5.0,B003O3E588
pacmap,5000,2784,-7.47622,-2.0192728,5.0,B06XYGK2NZ
pacmap,5000,2785,-10.201979,-0.36480772,2.0,B014W3EJA2
pacmap,5000,2786,-0.42065942,3.2094107,5.0,B00E5TQ3OY
pacmap,5000,2787,-0.8056639,5.055162,5.0,B00KT7DOSE
pacmap,5000,2788,-0.0056979614,4.701763,5.0,B018AX3OHO
pacmap,5000,2789,5.841163,0.6679876,4.0,B0792GSLTF
pacmap,5000,2790,3.447385,1.4229776,4.0,B0083UXMFO
pacmap,5000,2791,-6.83413,2.2393615,3.0,B005JBWX46
pacmap,5000,2792,-5.279325,1.4624726,5.0,B00108UNEY
pacmap,5000,2793,9.266634,7.941577,5.0,B003NR57BY
pacmap,5000,2794,1.693216,4.2917585,4.0,B00BCHHZGW
pacmap,5000,2795,-6.8281474,3.500242,4.0,B07BN3MLNR
pacmap,5000,2796,1.3602067,-2.4539645,2.0,B005DIBHCE
pacmap,5000,2797,-11.672998,-1.5367641,5.0,B07CQMZVZ6
pacmap,5000,2798,-5.788425,3.1647193,5.0,B07D1XGQHJ
pacmap,5000,2799,-5.6392503,2.5723422,5.0,B0019EHU8G
pacmap,5000,2800,1.0198715,3.9594028,5.0,B0051E3BYM
pacmap,5000,2801,-0.6386169,4.8836823,4.0,B00DI12GSM
pacmap,5000,2802,3.0156684,4.5838113,5.0,B004I1J80K
pacmap,5000,2803,-2.9840586,-0.28037181,5.0,B000N815XU
pacmap,5000,2804,3.6099298,1.1042002,5.0,B0B2KFXVGS
pacmap,5000,2805,-6.383166,3.3259423,5.0,B01F9RGWF0
pacmap,5000,2806,-3.7753408,3.8297076,5.0,B07CHJ1SLT
pacmap,5000,2807,5.4935236,0.3703008,2.0,B01MTYGQ11
pacmap,5000,2808,2.0841577,-1.2207652,5.0,B08BDRBYHC
pacmap,5000,2809,1.9356858,-3.8276503,5.0,B0C5YKWC5N
pacmap,5000,2810,7.5710044,-3.3823524,5.0,B08D8KG472
pacmap,5000,2811,5.2435493,-5.730788,5.0,B07Q39HCK1
pacmap,5000,2812,-9.444875,-2.9593225,5.0,B09WWG19YS
pacmap,5000,2813,0.63045335,4.5376215,5.0,B009AEYBYI
pacmap,5000,2814,7.921116,0.5843156,5.0,B01E3TOP5Y
pacmap,5000,2815,2.50598,-1.2798854,5.0,B07K7GQTSB
pacmap,5000,2816,5.5079055,0.9783883,5.0,B08XYKH44H
pacmap,5000,2817,3.4689288,-2.485163,5.0,B01M4NU4OM
pacmap,5000,2818,3.3640063,0.7344255,5.0,B00EO96W2I
pacmap,5000,2819,3.0828643,-4.900252,5.0,B00SO25G0K
pacmap,5000,2820,4.526928,-4.4276066,5.0,B07GRWNQ4M
pacmap,5000,2821,2.281609,0.93606806,3.0,B08Y85SYG4
pacmap,5000,2822,4.414014,-2.9989522,5.0,B00QUG4XL0
pacmap,5000,2823,5.653067,-5.1656876,5.0,B07P374FF3
pacmap,5000,2824,6.853098,3.5244155,5.0,B07YZ7SQKL
pacmap,5000,2825,-4.1266747,-0.5293054,5.0,B08F9ZCTCL
pacmap,5000,2826,-11.783319,-1.4392592,3.0,B0BL78QGLK
pacmap,5000,2827,-12.387987,-1.9416604,5.0,B07NXDPLJ9
pacmap,5000,2828,8.654557,0.57338816,5.0,B07TVWZM5B
pacmap,5000,2829,0.46807384,0.23872848,3.0,B07Q5R22DV
pacmap,5000,2830,-12.780757,-0.43108302,5.0,B089B4CFSC
pacmap,5000,2831,-11.949714,-1.9365805,4.0,B09JQMJHXY
pacmap,5000,2832,5.713006,-4.3123856,5.0,B09KXJBNGN
pacmap,5000,2833,-9.079259,-2.4777856,5.0,B0BJQ8TH85
pacmap,5000,2834,-0.35332376,4.5313478,5.0,B01N5XPZ49
pacmap,5000,2835,-11.241071,-0.3856959,2.0,B07X3WB7D8
pacmap,5000,2836,4.3888307,-4.125907,5.0,B07ZZVX1F2
pacmap,5000,2837,-12.15452,-1.1060504,5.0,B08K2S5B88
pacmap,5000,2838,2.595682,-6.429141,4.0,B005EVDRZA
pacmap,5000,2839,5.068719,-6.6804533,4.0,B08ZSBSJHY
pacmap,5000,2840,-6.801363,8.525962,3.0,B005GYK6MW
pacmap,5000,2841,-7.0686646,7.632011,5.0,B07YZPVQXT
pacmap,5000,2842,-12.171261,-1.6582365,5.0,B09BYXSPTP
pacmap,5000,2843,3.9213088,-5.2938523,5.0,B0BJPV4RXY
pacmap,5000,2844,2.0112941,-3.0129879,1.0,B07CTX3KWG
pacmap,5000,2845,-11.203395,-1.8040764,5.0,B09F3RBZB6
pacmap,5000,2846,-2.09443,-1.0024487,5.0,B09Q7YPZPJ
pacmap,5000,2847,1.3003645,0.67576724,5.0,B08RLW7918
pacmap,5000,2848,3.2897913,0.26694056,4.0,B0BL3B12HK
pacmap,5000,2849,7.707797,-2.7572186,1.0,B00DR0BOSC
pacmap,5000,2850,4.7051253,-3.6703005,5.0,B09TZKM847
pacmap,5000,2851,6.888926,3.531847,3.0,B071XCBTY9
pacmap,5000,2852,-8.9642725,-1.3999529,3.0,B00FGUSHSQ
pacmap,5000,2853,0.61999184,0.82026535,1.0,B07324B77V
pacmap,5000,2854,4.3077555,0.5628076,5.0,B08GKLM5T1
pacmap,5000,2855,-6.5090337,-3.1273904,3.0,B083Y4S579
pacmap,5000,2856,-6.8952804,6.353122,5.0,B0BPHRQH8B
pacmap,5000,2857,5.4357667,-1.7399273,5.0,B09SKP8XQN
pacmap,5000,2858,6.4189353,2.2511678,5.0,B09WDCQ4TG
pacmap,5000,2859,8.314959,0.104323894,4.0,B0B99KN5PN
pacmap,5000,2860,-6.7963276,7.122048,3.0,B08TRLHMGV
pacmap,5000,2861,6.8364534,3.3389425,5.0,B07X6SKXQG
pacmap,5000,2862,5.3254733,-3.5642705,5.0,B01BL7C5R6
pacmap,5000,2863,-6.06818,3.0951707,5.0,B082M34LGX
pacmap,5000,2864,-7.0253763,8.374968,5.0,B01DZZM7KM
pacmap,5000,2865,-7.779523,-3.692175,5.0,B0792K2BK6
pacmap,5000,2866,-3.9933395,-2.1857927,5.0,B07GZFM1ZM
pacmap,5000,2867,6.271934,-7.7615657,5.0,B00CX5P8FC
pacmap,5000,2868,-3.754573,-0.9189783,5.0,B007JPCL88
pacmap,5000,2869,6.5384827,-1.2511392,4.0,B009XE050O
pacmap,5000,2870,5.6854377,-1.8754776,3.0,B073R6HLFL
pacmap,5000,2871,-9.390665,-2.2424915,5.0,B004TU5MCS
pacmap,5000,2872,5.2966304,-1.5252242,5.0,B07ZQHT7YJ
pacmap,5000,2873,3.0817227,-6.6053424,5.0,B08KRC18S8
pacmap,5000,2874,1.6170365,-2.5412693,5.0,B06XCBK7WB
pacmap,5000,2875,14.435867,-3.1849093,5.0,B01B6FBG0K
pacmap,5000,2876,-8.990495,-0.568612,1.0,B01M3ULMWP
pacmap,5000,2877,7.5242777,2.0490873,5.0,B07YXTTD61
pacmap,5000,2878,5.6905904,-5.7565,5.0,B07W36WN5X
pacmap,5000,2879,4.330381,-4.529561,5.0,B08GZ7N6M6
pacmap,5000,2880,-0.17319624,-3.4991336,5.0,B07KQ2TLXF
pacmap,5000,2881,5.9468803,2.0143223,1.0,B0B6D5X24N
pacmap,5000,2882,2.7421184,-4.7025633,1.0,B094G3PS2W
pacmap,5000,2883,8.218196,5.3736725,4.0,B0C65PM6LG
pacmap,5000,2884,-6.813045,8.357432,4.0,B077C6VSS1
pacmap,5000,2885,-7.5147834,3.9691758,5.0,B00XWIX5MW
pacmap,5000,2886,5.1387596,1.2993077,4.0,B00G8MMQI8
pacmap,5000,2887,8.338461,5.988486,2.0,B001E25JMM
pacmap,5000,2888,6.626649,-4.650009,5.0,B06XF6BJ3L
pacmap,5000,2889,12.449739,-3.617998,5.0,B07NP2DPP7
pacmap,5000,2890,5.5421867,-0.79455847,5.0,B06XKF5CM9
pacmap,5000,2891,0.9785085,2.2473779,3.0,B00YLM3WB2
pacmap,5000,2892,-7.2175374,3.9731495,2.0,B00821B9B8
pacmap,5000,2893,6.0906134,-2.4362907,5.0,B01HZ7FJ0G
pacmap,5000,2894,6.9682336,3.5742314,5.0,B09JSS2WYC
pacmap,5000,2895,-9.416679,-3.093537,5.0,B094YFRL85
pacmap,5000,2896,-2.3810534,-3.4470096,3.0,B084PCDJT5
pacmap,5000,2897,-9.424125,-2.72674,5.0,B01HB18J0I
pacmap,5000,2898,-11.140463,-1.2367073,3.0,B01C423L5M
pacmap,5000,2899,-10.404495,-3.4861608,5.0,B0110RZ0A6
pacmap,5000,2900,4.1055284,0.35396475,3.0,B001F42MKG
pacmap,5000,2901,3.5882325,2.6705296,3.0,B00A3EIHQC
pacmap,5000,2902,8.549045,0.64289886,5.0,B07KX1668K
pacmap,5000,2903,5.1957197,0.19506565,3.0,B01HUMI33Q
pacmap,5000,2904,8.294872,1.852482,3.0,B01GC6MOOA
pacmap,5000,2905,3.1604047,5.32223,3.0,B07KS9K73R
pacmap,5000,2906,-1.4810776,2.4672945,2.0,B001TUYTWA
pacmap,5000,2907,6.018861,1.7224046,5.0,B01LXL7BUI
pacmap,5000,2908,-6.532826,6.019534,1.0,B0C9DBV55F
pacmap,5000,2909,-5.8856106,3.9260378,1.0,B076JL8YH3
pacmap,5000,2910,-11.605144,-0.7923458,4.0,B094Z5DQJ5
pacmap,5000,2911,-12.494861,-1.3504485,4.0,B0BWYJDBYQ
pacmap,5000,2912,-8.345565,0.09778308,3.0,B01CW4AR9K
pacmap,5000,2913,4.9870214,0.2770553,5.0,B01LXG2LJQ
pacmap,5000,2914,5.241097,-6.578094,5.0,B079SCW1X8
pacmap,5000,2915,1.0675737,-1.7170893,1.0,B0864SF4GC
pacmap,5000,2916,1.0288953,-2.2043395,1.0,B0B39F2QC6
pacmap,5000,2917,3.7070363,-3.9439466,1.0,B07QC4WTNC
pacmap,5000,2918,2.247575,-3.6981015,1.0,B07RQ3SWKY
pacmap,5000,2919,-6.329455,5.107985,1.0,B0BTT1Z16D
pacmap,5000,2920,-12.583719,-0.6044382,1.0,B08XPWDSWW
pacmap,5000,2921,5.871763,-4.9791837,5.0,B08ZXR6BB2
pacmap,5000,2922,2.0116484,-3.3774424,1.0,B07W14ZBWP
pacmap,5000,2923,-4.085741,-0.779983,1.0,B07Y84NDYQ
pacmap,5000,2924,2.8860319,-4.552705,1.0,B073HR91MX
pacmap,5000,2925,4.233673,-4.070268,1.0,B01MZG8DHI
pacmap,5000,2926,3.6101315,-2.8236773,1.0,B07RN77YL6
pacmap,5000,2927,3.0397258,-4.615892,1.0,B07SKFQQ48
pacmap,5000,2928,-6.93174,6.969119,5.0,B07S8NFZCX
pacmap,5000,2929,-7.224581,-5.168036,1.0,B07GZFM1ZM
pacmap,5000,2930,-8.723914,-2.7036614,1.0,B07456BG8N
pacmap,5000,2931,5.8170767,-2.0540762,1.0,B01MTOSEFH
pacmap,5000,2932,2.4507446,-3.513469,1.0,B010UR6JUM
pacmap,5000,2933,-6.7922645,5.557165,1.0,B01KSTSV76
pacmap,5000,2934,2.9782062,-4.328196,1.0,B00KOHS6UK
pacmap,5000,2935,5.6069036,-1.035075,1.0,B00B0ZAPK4
pacmap,5000,2936,-4.0157084,-0.98070383,1.0,B0105UYPJ6
pacmap,5000,2937,6.407739,2.5433948,2.0,B07GK3LQVC
pacmap,5000,2938,-1.2637296,-3.5394745,1.0,B00MI7JU72
pacmap,5000,2939,0.43645543,0.8175261,1.0,B01M05OZJT
pacmap,5000,2940,3.563765,-4.379269,1.0,B015E3FRY6
pacmap,5000,2941,1.1448466,-3.2974155,1.0,B00ZVJAF9G
pacmap,5000,2942,3.3664246,-5.215439,5.0,B00E362W9O
pacmap,5000,2943,-6.172567,-0.95015085,1.0,B0090BTY8Y
pacmap,5000,2944,-5.4638767,6.033038,5.0,B092DD5L2V
pacmap,5000,2945,-3.4849265,-1.6244768,5.0,B075X8471B
pacmap,5000,2946,-11.838318,-2.334587,5.0,B08V47HYBW
pacmap,5000,2947,2.0055265,4.163882,5.0,B01K1IO3QW
pacmap,5000,2948,2.718068,-0.5618667,5.0,B00OQVZDJM
pacmap,5000,2949,-3.5965333,2.9970584,5.0,B005FUKLHM
pacmap,5000,2950,-6.336047,-3.233306,5.0,B000MXWSYQ
pacmap,5000,2951,-8.728385,-2.1244898,5.0,B0097BEEF0
pacmap,5000,2952,6.2716236,-3.844354,5.0,B097QW23XR
pacmap,5000,2953,4.0207334,-2.5046878,5.0,B0BRP2V3P1
pacmap,5000,2954,-7.4896154,5.420369,5.0,B0BNL1V25R
pacmap,5000,2955,5.434685,1.3534904,1.0,B0BJVBTZ4K
pacmap,5000,2956,-6.9440413,5.1294236,5.0,B0B55P1FXW
pacmap,5000,2957,-7.179585,5.137544,5.0,B01FJCSOGK
pacmap,5000,2958,-6.3606277,5.494031,5.0,B09L75PVXT
pacmap,5000,2959,-6.06218,6.2876177,5.0,B0B49LT7BT
pacmap,5000,2960,-7.179572,5.601501,5.0,B0BGB66N4G
pacmap,5000,2961,7.094364,3.5650713,5.0,B094X7HC69
pacmap,5000,2962,6.201832,3.275044,5.0,B088KDKNWM
pacmap,5000,2963,-3.4775786,-0.38036343,5.0,B0846MH1CJ
pacmap,5000,2964,-12.278391,-0.9737643,5.0,B07X5NM5BP
pacmap,5000,2965,4.783308,1.0126128,5.0,B07ZWTMNDP
pacmap,5000,2966,-8.925442,-1.8157713,1.0,B07X23N387
pacmap,5000,2967,5.2596807,3.3504114,4.0,B07T64VJQT
pacmap,5000,2968,-6.694318,-2.82605,5.0,B07DQQPF1T
pacmap,5000,2969,2.3544505,-0.6904824,5.0,B07JD4C1LS
pacmap,5000,2970,-2.5947762,4.7544494,5.0,B07GJPFR6L
pacmap,5000,2971,3.3027406,0.49190456,5.0,B07JVN1MSN
pacmap,5000,2972,9.086817,7.8537893,5.0,B0BC2STR39
pacmap,5000,2973,2.9673562,0.5925393,4.0,B07HQ9GCMY
pacmap,5000,2974,3.9728868,-1.7341754,5.0,B071HN7FB4
pacmap,5000,2975,-9.376309,-3.6273005,4.0,B0783QYFK2
pacmap,5000,2976,-9.146464,-2.7108004,5.0,B06XFTNSCT
pacmap,5000,2977,-9.415754,-1.4944288,4.0,B06XF9DTSJ
pacmap,5000,2978,9.222859,1.2900645,5.0,B071W8TY6H
pacmap,5000,2979,0.77702427,-1.1618991,5.0,B0754KJQZ4
pacmap,5000,2980,-11.599157,-1.2073611,5.0,B09TWYBW14
pacmap,5000,2981,8.744606,0.600355,4.0,B083G9MW65
pacmap,5000,2982,1.3758736,4.2219324,5.0,B06WD61CF5
pacmap,5000,2983,14.438557,-3.1899984,5.0,B01JNKT0RG
pacmap,5000,2984,2.6877565,5.2397084,4.0,B01GE9R0J4
pacmap,5000,2985,2.8340182,-0.47181708,5.0,B0B1S5LBRQ
pacmap,5000,2986,-1.9561068,2.7455335,5.0,B01F3R9DP2
pacmap,5000,2987,-11.702446,-0.6718854,3.0,B01H7HQ71E
pacmap,5000,2988,-11.343009,-1.4666724,3.0,B011A49BYA
pacmap,5000,2989,8.859654,7.608615,4.0,B01AZC3RCK
pacmap,5000,2990,0.93374807,2.8654482,3.0,B015XK1O6K
pacmap,5000,2991,-2.2355204,0.9825136,4.0,B017AED6TA
pacmap,5000,2992,0.90694916,2.51046,2.0,B013SKI49W
pacmap,5000,2993,-12.097455,-0.9101958,3.0,B00FO0IHMY
pacmap,5000,2994,-1.782733,1.2344117,2.0,B00BK0YRZS
pacmap,5000,2995,6.8407187,3.4400268,5.0,B00NWE9ZNE
pacmap,5000,2996,3.259154,0.91651934,4.0,B00CF7M7RA
pacmap,5000,2997,6.9995103,3.7004666,4.0,B00JAZGUBE
pacmap,5000,2998,7.108022,3.6379359,5.0,B008HY8XTG
pacmap,5000,2999,6.9773946,3.4096088,3.0,B002L6NG0W
pacmap,5000,3000,7.7035704,1.3260374,5.0,B005X64OT4
pacmap,5000,3001,-10.163587,-1.4525012,4.0,B0042X8XJ6
pacmap,5000,3002,-6.5884485,-2.6284308,4.0,B002RL8J8K
pacmap,5000,3003,-3.1522262,-0.85568655,5.0,B089B6LTLV
pacmap,5000,3004,5.883628,-0.32418528,5.0,B08LD5BTLJ
pacmap,5000,3005,8.064144,-0.7158584,4.0,B07R8C7LS1
pacmap,5000,3006,-6.8944616,6.9217215,2.0,B0BVY4JVNG
pacmap,5000,3007,-4.1425614,-2.481092,5.0,B07GWGGZLQ
pacmap,5000,3008,4.9019046,-3.273934,5.0,B075ZQXB26
pacmap,5000,3009,-3.9422283,-2.450099,5.0,B07GZFM1ZM
pacmap,5000,3010,-3.0997925,2.4472718,5.0,B07P5GM4Z2
pacmap,5000,3011,4.8648696,-5.0162587,5.0,B07PC1DGYY
pacmap,5000,3012,4.3697586,-1.6628754,5.0,B00KCZSLHC
pacmap,5000,3013,7.834336,0.08917774,5.0,B01JOOM9GK
pacmap,5000,3014,-10.527487,-0.684904,5.0,B00009W3FR
pacmap,5000,3015,4.1194506,-4.5333114,3.0,B07DC4RZPY
pacmap,5000,3016,5.225796,1.9797246,1.0,B09NVQQCS1
pacmap,5000,3017,-6.4678197,6.232676,5.0,B0BKR7WJK1
pacmap,5000,3018,1.4475626,-2.732887,1.0,B07Q38RQG7
pacmap,5000,3019,-8.840495,-0.6522628,4.0,B019Y5OGNS
pacmap,5000,3020,-12.581551,-1.8198248,4.0,B00KHA1ZTS
pacmap,5000,3021,8.262716,5.5141435,5.0,B002C03AIA
pacmap,5000,3022,6.0376215,3.0604568,4.0,B004PBLR3O
pacmap,5000,3023,2.6113913,-0.56904453,5.0,B074D5Z4P2
pacmap,5000,3024,1.1020631,-0.8915052,1.0,B0002Q7I2U
pacmap,5000,3025,5.9121795,-0.054818638,5.0,B008GGH4FY
pacmap,5000,3026,4.4754705,5.9484806,5.0,B006GWO5WK
pacmap,5000,3027,2.8214445,-2.6672707,5.0,B009D7BJR4
pacmap,5000,3028,8.36005,0.36887032,5.0,B0BZHJFFQ5
pacmap,5000,3029,6.7801614,-0.60086125,5.0,B08VHZDMYC
pacmap,5000,3030,6.9045568,0.3894714,5.0,B06ZZY4VNW
pacmap,5000,3031,2.9641058,5.307245,5.0,1400501466
pacmap,5000,3032,1.6897378,0.863499,4.0,B0BGP6X9NF
pacmap,5000,3033,7.243266,0.45252034,5.0,B07DPDT6LC
pacmap,5000,3034,-3.6971192,-1.3819356,5.0,B0B285L64J
pacmap,5000,3035,-7.828029,4.356057,5.0,B00IQXZXSW
pacmap,5000,3036,5.1967936,-0.80206746,3.0,B00S5BNIX2
pacmap,5000,3037,-9.483551,-2.798079,5.0,B00CO07C5U
pacmap,5000,3038,-0.68850213,4.9803925,5.0,B00AA9Q94C
pacmap,5000,3039,-8.73521,0.056080226,3.0,B006C13X4Q
pacmap,5000,3040,4.1256146,-1.0943507,5.0,B09PN77YZV
pacmap,5000,3041,-6.9502516,8.335596,5.0,B000GABK8K
pacmap,5000,3042,-10.44166,-2.976107,5.0,B086ND88S1
pacmap,5000,3043,-9.146535,-3.125447,3.0,B079GPYJ3N
pacmap,5000,3044,4.891166,-4.1639047,2.0,B07JPC1M9H
pacmap,5000,3045,6.817463,-3.8592405,5.0,B07C64MGWQ
pacmap,5000,3046,3.8246331,-3.4038062,5.0,B07QQBVRVS
pacmap,5000,3047,4.9398575,-1.6465518,4.0,B07D4734HR
pacmap,5000,3048,-9.851621,-3.1678238,5.0,B07CT1X8V8
pacmap,5000,3049,4.348644,-5.3959074,5.0,B07DNZZCPX
pacmap,5000,3050,4.570135,-3.5537472,4.0,B07G5YXYFL
pacmap,5000,3051,2.7704206,-6.810796,5.0,B001W26TIW
pacmap,5000,3052,-0.4184429,-3.7365096,5.0,B07DQF8LHL
pacmap,5000,3053,4.3059473,-4.1646585,2.0,B07FJGGWJL
pacmap,5000,3054,-9.433352,-3.1067715,4.0,B01HL8LXQ8
pacmap,5000,3055,2.5140936,-7.742084,5.0,B07DNSZPXG
pacmap,5000,3056,4.689805,-4.222884,5.0,B07TM7WR7G
pacmap,5000,3057,4.2626348,-2.5707033,5.0,B07M93Z1NT
pacmap,5000,3058,4.875639,-3.1553383,5.0,B07MV5B9XC
pacmap,5000,3059,-6.5402946,3.3375418,5.0,B07CHLYDJP
pacmap,5000,3060,5.3954744,-1.4891604,2.0,B07KHZ3GMS
pacmap,5000,3061,5.590708,-1.808415,2.0,B0C19LF9N1
pacmap,5000,3062,-9.836179,-2.930102,5.0,B01NAYSJZP
pacmap,5000,3063,-3.0219207,-0.8942481,5.0,B079TSTB5V
pacmap,5000,3064,7.306423,3.3957324,1.0,B09NKWBQHD
pacmap,5000,3065,3.9659948,-5.5568542,5.0,B01DRV2AS8
pacmap,5000,3066,6.203462,-7.941323,5.0,B00FZ1ABQM
pacmap,5000,3067,5.076721,-5.3316283,5.0,B00F5JV4NS
pacmap,5000,3068,5.9235835,-5.0035577,5.0,B071K5BQPF
pacmap,5000,3069,-0.4143113,-3.608064,5.0,B0791TX5P5
pacmap,5000,3070,4.033641,-5.6195273,4.0,B07G4B7RKG
pacmap,5000,3071,4.869783,-2.1537359,3.0,B0B4274T5Q
pacmap,5000,3072,-0.1480929,1.2553179,1.0,B08F6GPRH6
pacmap,5000,3073,0.28366068,1.1347805,2.0,B0C58WY192
pacmap,5000,3074,0.5080372,1.227739,2.0,B0C2P8Y25Y
pacmap,5000,3075,-0.11499886,5.047163,3.0,B01K9HS4Q0
pacmap,5000,3076,0.3348017,0.8264324,3.0,B01C8BZGKW
pacmap,5000,3077,0.9722321,0.6714453,4.0,B001T9NVJI
pacmap,5000,3078,-10.309428,-3.4482806,5.0,B00WUQ91YI
pacmap,5000,3079,4.964205,-1.418506,5.0,B00WUR607I
pacmap,5000,3080,4.8892803,-2.6781728,4.0,B005NAQU1A
pacmap,5000,3081,-4.8363066,6.0241566,1.0,B001PUSERA
pacmap,5000,3082,-8.311605,-4.0050907,5.0,B07S9THRC5
pacmap,5000,3083,-5.171334,6.2472725,5.0,B0BX8DMYWL
pacmap,5000,3084,-7.611307,-4.67232,5.0,B07H65KP63
pacmap,5000,3085,-7.869539,5.5361195,5.0,B0BC86L9C1
pacmap,5000,3086,-9.055661,-0.8289963,5.0,B0BVB9MRK1
pacmap,5000,3087,-7.889475,-1.7799114,2.0,B071GQM5VF
pacmap,5000,3088,3.4806082,-3.182961,5.0,B01K8B8YA8
pacmap,5000,3089,4.50401,-5.341292,5.0,B0B4SWZTZ1
pacmap,5000,3090,2.476506,-4.0425024,5.0,B07CLBNM1C
pacmap,5000,3091,-5.929009,3.7074099,3.0,B09PFQ4H5T
pacmap,5000,3092,-2.6721241,2.071651,5.0,B092PWBV1D
pacmap,5000,3093,4.01625,0.6631533,5.0,B0C5XFWQ16
pacmap,5000,3094,4.754587,1.1593399,5.0,B09TND753D
pacmap,5000,3095,5.620545,2.1012905,5.0,B07QG7FS3S
pacmap,5000,3096,3.7306235,1.4459134,5.0,B07T3KCQ94
pacmap,5000,3097,0.67336637,-2.8358707,3.0,B08FC1KJ8Z
pacmap,5000,3098,-6.9620037,7.553163,5.0,B09G2SFXSZ
pacmap,5000,3099,-13.050487,-0.4735243,5.0,B08D8PC712
pacmap,5000,3100,3.3879976,-4.692341,5.0,B07RR5WZCR
pacmap,5000,3101,0.8921775,3.688358,5.0,B0BC89JP1P
pacmap,5000,3102,-6.5745797,5.555528,5.0,B017LSIXDE
pacmap,5000,3103,-10.173216,-2.9509633,5.0,B0B59QBY9G
pacmap,5000,3104,4.4324155,-4.687879,5.0,B01A0MTS3W
pacmap,5000,3105,0.5063551,-0.56764907,5.0,B08MRTZWJ5
pacmap,5000,3106,-9.689541,-2.0502434,5.0,B07GLXY253
pacmap,5000,3107,-9.586335,-1.2844292,5.0,B07H3W1FD8
pacmap,5000,3108,2.3992856,-0.27186477,5.0,B075K7JXFQ
pacmap,5000,3109,3.228845,-4.9559155,5.0,B0B46FYQVX
pacmap,5000,3110,-6.606295,3.1362906,5.0,B07799Z6F4
pacmap,5000,3111,-0.27266794,0.15366149,5.0,B006WG5628
pacmap,5000,3112,-6.3657527,3.0907638,5.0,B074W4N5HZ
pacmap,5000,3113,0.82107925,2.3944879,5.0,B08X2DCF2B
pacmap,5000,3114,-10.365128,-2.197924,5.0,B01L3YMW8O
pacmap,5000,3115,5.4686055,-1.1663873,5.0,B00ZN07GBS
pacmap,5000,3116,4.7716002,-3.2613726,5.0,B00UBNCLGC
pacmap,5000,3117,2.2061634,-3.6772513,5.0,B00MW5Y7F0
pacmap,5000,3118,5.766124,-4.521463,5.0,B08MV8WRJZ
pacmap,5000,3119,4.877062,-5.365493,5.0,B01K5W753C
pacmap,5000,3120,2.2560518,-1.9600935,1.0,B075QC3TZY
pacmap,5000,3121,-6.37269,5.392706,2.0,B071JN93MK
pacmap,5000,3122,5.595178,-4.664131,5.0,B08YMVB98D
pacmap,5000,3123,6.3835044,2.69943,5.0,B0765VCQF1
pacmap,5000,3124,5.639498,-3.6404996,5.0,B089F9YDFC
pacmap,5000,3125,2.5676603,-4.9686213,5.0,B08KZ1TZYB
pacmap,5000,3126,-2.0062392,1.1273243,2.0,B08N5DB78L
pacmap,5000,3127,7.1281776,-4.7849813,5.0,B0BWQ2D1YL
pacmap,5000,3128,6.9769964,-4.873041,5.0,B0BWVDRR6L
pacmap,5000,3129,6.936517,-4.8545356,5.0,B07CLBNM1C
pacmap,5000,3130,-10.5049515,-1.2649971,5.0,B0BM8P66Y5
pacmap,5000,3131,5.7388372,-4.657111,5.0,B000WBN7KW
pacmap,5000,3132,5.733998,-4.5211535,5.0,B0B6D4W3R7
pacmap,5000,3133,6.402629,-4.9558096,5.0,B08HVMVP91
pacmap,5000,3134,-7.164721,7.017409,1.0,B08VWZRB92
pacmap,5000,3135,5.838048,-2.3025944,5.0,B0722RV8BD
pacmap,5000,3136,-9.356127,-1.4433149,4.0,B00HEGP40E
pacmap,5000,3137,-0.39283943,4.702727,5.0,B008422IL0
pacmap,5000,3138,-0.37826273,3.5185802,4.0,B002YK5OX2
pacmap,5000,3139,-7.2417865,8.72085,5.0,B000UXDHNY
pacmap,5000,3140,-9.600286,-2.848622,1.0,B0BRKGDT42
pacmap,5000,3141,2.9688492,-1.5933954,5.0,B0933BVK6T
pacmap,5000,3142,-4.007238,-2.3468404,5.0,B0C3NMZ2C7
pacmap,5000,3143,7.134583,3.677684,5.0,B08HGHSZ8N
pacmap,5000,3144,-7.3639216,-2.8650959,1.0,B092LS2DW9
pacmap,5000,3145,2.9579809,-0.48008555,5.0,B0B751K1LV
pacmap,5000,3146,6.9822145,3.3150415,5.0,B09W8XTYK3
pacmap,5000,3147,17.119116,2.057191,5.0,B01N0QQ962
pacmap,5000,3148,-8.606475,-2.3140464,2.0,B08YF1VBYD
pacmap,5000,3149,-8.200016,-0.9728105,5.0,B07WNGQ8KR
pacmap,5000,3150,4.911851,-0.050516874,5.0,B01ITOFEX6
pacmap,5000,3151,-0.31592503,-3.1955729,4.0,B01BEWBQDM
pacmap,5000,3152,4.569902,5.9490986,4.0,B01BRWH8G8
pacmap,5000,3153,6.4736114,3.7225435,5.0,B00FJ8JC3O
pacmap,5000,3154,2.0748794,-3.968895,3.0,B00G8B4JXE
pacmap,5000,3155,5.355393,-1.7490141,3.0,B00DR0B31U
pacmap,5000,3156,1.6093414,-4.445372,1.0,B00D7QH9PS
pacmap,5000,3157,-3.3725448,-1.0877236,4.0,B00BD8SZLE
pacmap,5000,3158,-3.7218912,-0.80020505,4.0,B00E0ITM6G
pacmap,5000,3159,5.703533,-2.7913065,4.0,B07Y69FKM2
pacmap,5000,3160,5.3083014,-0.89240354,5.0,B0C3HNDTW1
pacmap,5000,3161,8.597932,0.12594028,5.0,B07K3QSBW3
pacmap,5000,3162,-10.972448,-2.9067135,5.0,B076Z6MS5S
pacmap,5000,3163,6.07806,1.2708199,5.0,B07G33WLL1
pacmap,5000,3164,2.255774,1.2850966,5.0,B082FBHMJV
pacmap,5000,3165,-8.818428,-1.3182594,4.0,B097MBW35T
pacmap,5000,3166,4.955659,-0.9219304,5.0,B01LEXSQV6
pacmap,5000,3167,-2.2536438,-4.018234,5.0,B07RKYQGG4
pacmap,5000,3168,-0.636766,-2.6596348,4.0,B071V7SV6P
pacmap,5000,3169,0.2814858,0.3465747,1.0,B0C6JPB6N3
pacmap,5000,3170,-0.24759424,2.8842392,2.0,B07DRX79RY
pacmap,5000,3171,1.6791966,0.07303721,5.0,B01B4J8OJ4
pacmap,5000,3172,2.4579933,-4.8835936,3.0,B004S55GWK
pacmap,5000,3173,0.52013385,0.049400095,5.0,B0C16WKB95
pacmap,5000,3174,-7.487745,0.12277653,5.0,B082F13J55
pacmap,5000,3175,-10.588958,-1.7376984,5.0,B07FKFMRGF
pacmap,5000,3176,1.4908808,1.0283282,5.0,B07FZVBRDW
pacmap,5000,3177,0.7913002,-2.4210544,5.0,B0B76XXRG6
pacmap,5000,3178,-9.46673,-3.1542208,5.0,B0BKZQ9MYV
pacmap,5000,3179,5.528696,-4.6443014,5.0,B09ZTXZ1MQ
pacmap,5000,3180,-6.376937,8.390433,4.0,B01LZDH3IR
pacmap,5000,3181,4.811792,-2.205656,5.0,B0BPG4DHF7
pacmap,5000,3182,-6.995886,5.132336,5.0,B0C177TK5Y
pacmap,5000,3183,-6.8535733,5.280736,5.0,B0C177TK5Y
pacmap,5000,3184,5.4193115,-1.4577589,4.0,B095HVX3Y2
pacmap,5000,3185,3.9596796,-1.7556789,4.0,B09SZNN6Y3
pacmap,5000,3186,-1.9663084,-3.9437566,5.0,B08D6XRT7L
pacmap,5000,3187,5.3960238,-2.750442,5.0,B0B12M535K
pacmap,5000,3188,1.5682044,4.1693096,5.0,B07BD4HTM8
pacmap,5000,3189,-6.755139,5.3991323,5.0,B078N74NXD
pacmap,5000,3190,4.0702744,1.595836,5.0,B076MJW31F
pacmap,5000,3191,7.1880403,3.3273222,4.0,B06ZZGPD4D
pacmap,5000,3192,-12.380342,-1.8315443,4.0,B076FBTHMD
pacmap,5000,3193,-12.041968,-1.6429085,5.0,B0778PCW73
pacmap,5000,3194,-11.026146,-2.2213128,5.0,B079MSMRDF
pacmap,5000,3195,1.0924586,-2.6321197,5.0,B09BDZ5297
pacmap,5000,3196,5.716527,4.9025536,5.0,B07RGNMCVM
pacmap,5000,3197,-9.259985,-1.816142,5.0,B072C77LPK
pacmap,5000,3198,-6.7218657,5.092094,5.0,B09PQQ4LZB
pacmap,5000,3199,-5.5836124,4.690494,5.0,B085SGR1TV
pacmap,5000,3200,-5.636728,4.919006,5.0,B085S9XQ1X
pacmap,5000,3201,-9.365524,-0.047526482,5.0,B089VT8KYF
pacmap,5000,3202,-4.1062007,-0.66643757,2.0,B0BV3NWX67
pacmap,5000,3203,-6.2288375,5.21301,5.0,B07XS5W3BZ
pacmap,5000,3204,8.841641,7.265697,5.0,B083R5QN26
pacmap,5000,3205,4.47035,1.5397916,3.0,B08B3NKF9J
pacmap,5000,3206,0.5692662,2.6335707,5.0,B083ZZ96PT
pacmap,5000,3207,1.5593917,-2.1675277,1.0,B07FCTF698
pacmap,5000,3208,-4.266467,4.8842278,3.0,B07V4GJDLN
pacmap,5000,3209,-4.3258057,-0.84737694,5.0,B07CM5NZRC
pacmap,5000,3210,-0.36336437,4.8630104,5.0,B07NQ9Q3QT
pacmap,5000,3211,7.3365755,1.0137334,5.0,B07ZZ595TG
pacmap,5000,3212,-2.146424,-3.7349007,5.0,B0BRT3SCLX
pacmap,5000,3213,-6.9482965,1.7375717,5.0,B07QKZX6JS
pacmap,5000,3214,8.376943,6.184279,5.0,B07K72MW7K
pacmap,5000,3215,-0.8252698,4.9544377,5.0,B07VLPLP27
pacmap,5000,3216,0.43267936,2.415522,5.0,B07P5R2D42
pacmap,5000,3217,0.38563055,2.4092658,5.0,B08Q4PLP1Q
pacmap,5000,3218,-0.021492144,3.3619447,5.0,B09GFXT5LQ
pacmap,5000,3219,7.5809655,4.97752,3.0,B07WZZXW7D
pacmap,5000,3220,-6.6526823,-2.8350303,3.0,B07DQYFCXM
pacmap,5000,3221,-6.0407424,5.2141776,5.0,B07XS83Y6N
pacmap,5000,3222,-5.066898,6.596437,5.0,B07QKPCWN5
pacmap,5000,3223,7.856771,1.0028894,3.0,B07HCCGXZ6
pacmap,5000,3224,-7.554583,-4.970212,5.0,B07MLY3JKV
pacmap,5000,3225,-6.3571754,3.134888,5.0,B07STTXY55
pacmap,5000,3226,-1.1895777,3.3401115,5.0,B07N7HWP59
pacmap,5000,3227,4.5133295,2.3017092,3.0,B07JHPZ7NY
pacmap,5000,3228,9.179423,1.2434057,2.0,B07RPV215N
pacmap,5000,3229,2.4982085,-0.38741535,5.0,B07JGSN975
pacmap,5000,3230,-7.2139964,-5.184386,5.0,B07KTYJ769
pacmap,5000,3231,-7.3233633,-4.9643283,3.0,B07FQDMKFT
pacmap,5000,3232,-6.208909,4.6673346,5.0,B07DWD3NNP
pacmap,5000,3233,2.8085878,0.3101938,5.0,B07HP4QYKQ
pacmap,5000,3234,-6.53301,4.802775,5.0,B07JMFQTC5
pacmap,5000,3235,2.7786827,-0.64792424,5.0,B07G3N7M78
pacmap,5000,3236,0.21682097,0.18662542,4.0,B07B1B8W17
pacmap,5000,3237,0.19984335,0.69645894,1.0,B09PZ9MMQY
pacmap,5000,3238,-2.2285905,-4.2095985,3.0,B0762QT7S6
pacmap,5000,3239,-4.3887973,-0.9670644,5.0,B01DU67QZM
pacmap,5000,3240,2.3568666,-1.4040412,4.0,B075QC3TZY
pacmap,5000,3241,-0.016477015,1.3887441,5.0,B073VJVS79
pacmap,5000,3242,-2.3277392,-4.1183815,5.0,B06XJNDYX8
pacmap,5000,3243,-0.8749943,4.7849913,5.0,B0BVH2C84P
pacmap,5000,3244,-0.690461,4.7486157,5.0,B098RJMJTW
pacmap,5000,3245,-4.670135,-2.046693,5.0,B07D19HKXB
pacmap,5000,3246,3.7580972,0.043565672,5.0,B078HH3Z92
pacmap,5000,3247,-11.812816,-1.1311071,3.0,B076K6QXF5
pacmap,5000,3248,-3.0263045,-0.306385,5.0,B07BFTYT32
pacmap,5000,3249,8.883504,7.3520484,5.0,B076PMVZMR
pacmap,5000,3250,1.6105705,4.164375,5.0,B07CY79CKZ
pacmap,5000,3251,-3.454633,4.5165925,5.0,B078JWNK19
pacmap,5000,3252,-10.440201,-0.86413044,3.0,B076WTK9T8
pacmap,5000,3253,-0.9417518,4.7704816,5.0,B01MZC303G
pacmap,5000,3254,-2.3676798,-4.6433163,5.0,B077HD38VF
pacmap,5000,3255,-6.0716567,3.1684854,5.0,B078N74NXD
pacmap,5000,3256,-5.634705,4.790447,5.0,B07BWMNQTY
pacmap,5000,3257,0.1527872,0.38039654,3.0,B0B7N8S4T5
pacmap,5000,3258,-7.666733,-4.706838,5.0,B07CJZ5YHS
pacmap,5000,3259,-0.10642627,3.2909455,5.0,B01DZK3J40
pacmap,5000,3260,6.9862227,3.5640316,5.0,B071QWWPJY
pacmap,5000,3261,-0.04895871,3.2214034,5.0,B084Y41WCL
pacmap,5000,3262,-6.5851536,-2.642321,5.0,B0BSDQJCWP
pacmap,5000,3263,5.893193,3.1792958,5.0,B071FQFSR2
pacmap,5000,3264,4.1132765,1.881732,5.0,B07F9CQK4V
pacmap,5000,3265,5.8078647,4.7698727,2.0,B00ZTRYG3Q
pacmap,5000,3266,-6.1406503,5.794206,5.0,B01NCUV35P
pacmap,5000,3267,-4.9815145,7.2976155,5.0,B06WP2Y7B4
pacmap,5000,3268,4.6603117,-0.43675125,5.0,B00JROCJY0
pacmap,5000,3269,-2.3882408,-4.5909615,5.0,B01EOQ61KI
pacmap,5000,3270,0.80161303,-2.3917046,3.0,B0163JVYEW
pacmap,5000,3271,-7.849646,-0.08541605,4.0,B0BG9GCSM4
pacmap,5000,3272,-5.0646477,7.2395887,5.0,B01HDC21FE
pacmap,5000,3273,-3.3781805,4.919065,5.0,B017PDWTJY
pacmap,5000,3274,-4.103151,2.712716,5.0,B07WNYRQPT
pacmap,5000,3275,-4.3178625,2.6285338,5.0,B01B448PBG
pacmap,5000,3276,-4.4218435,2.5540478,5.0,B015OV4Z0A
pacmap,5000,3277,-4.279695,-0.53603876,5.0,B01KICHFQQ
pacmap,5000,3278,-2.2309043,-4.087731,5.0,B01GPAOJJG
pacmap,5000,3279,-3.4744062,4.8328843,4.0,B01DBOX9HW
pacmap,5000,3280,1.1882623,-2.287203,4.0,B01CEAYWZW
pacmap,5000,3281,-2.668839,2.0914316,5.0,B07LBZNCPW
pacmap,5000,3282,6.046269,5.0451007,3.0,B0182XHSVA
pacmap,5000,3283,0.79964286,-2.3734753,1.0,B012D4MMPG
pacmap,5000,3284,-4.0428967,2.8876572,5.0,B082JQM2NZ
pacmap,5000,3285,-4.0407834,2.7861717,5.0,B09J74RPGH
pacmap,5000,3286,6.5134034,3.1091588,5.0,B012VOOCR4
pacmap,5000,3287,0.699405,4.6269827,5.0,B00ZCFYT5K
pacmap,5000,3288,0.030745076,2.5299206,5.0,B00TKFEPHA
pacmap,5000,3289,-11.604171,-1.6094964,5.0,B00ZBA3OSO
pacmap,5000,3290,6.186189,-1.1511837,5.0,B00R5VS6G2
pacmap,5000,3291,-2.0462224,-4.119163,5.0,B099RZY28N
pacmap,5000,3292,-3.4249053,3.9456122,5.0,B00PAPMSLE
pacmap,5000,3293,-2.3262496,-4.692252,5.0,B01EYGOOLQ
pacmap,5000,3294,-2.4211617,-4.0589614,5.0,B00ON7AX3U
pacmap,5000,3295,5.941994,2.858396,5.0,B00IU7COAE
pacmap,5000,3296,5.9935994,4.9289794,3.0,B00LNTM2HG
pacmap,5000,3297,2.721551,4.656228,5.0,B00NGK92IM
pacmap,5000,3298,-9.122,-1.6441846,5.0,B01AS57B0I
pacmap,5000,3299,-10.207045,-0.50715405,5.0,B00LSYHLR2
pacmap,5000,3300,-0.16428386,2.6354492,5.0,B00MBFPT3A
pacmap,5000,3301,-5.870558,6.262049,5.0,B00GV4UIVA
pacmap,5000,3302,5.617932,3.0105753,5.0,B00FZ9SMVU
pacmap,5000,3303,6.1208787,3.2270472,4.0,B00EL8NIJC
pacmap,5000,3304,5.969183,5.1601,4.0,B00DQZT494
pacmap,5000,3305,5.7176514,3.4683778,5.0,B00DQZTS8Q
pacmap,5000,3306,6.070931,5.0427017,4.0,B00DQZT0AC
pacmap,5000,3307,-2.564617,-4.2668157,5.0,B00EXK14S0
pacmap,5000,3308,5.457864,1.3706063,5.0,B071HQ3Z7C
pacmap,5000,3309,0.48356003,4.793935,4.0,B00AQRUW4Q
pacmap,5000,3310,5.1832943,3.5917983,5.0,B006422WSG
pacmap,5000,3311,6.024989,4.9799676,5.0,B009WZRAQQ
pacmap,5000,3312,6.0161247,4.9315267,5.0,B008MF3OEY
pacmap,5000,3313,5.865855,3.019559,5.0,B008LURQ76
pacmap,5000,3314,5.999254,4.9866056,5.0,B009X0167Y
pacmap,5000,3315,5.9541774,5.056642,5.0,B009X01C64
pacmap,5000,3316,5.529008,4.341424,2.0,B07C3PQHC7
pacmap,5000,3317,-5.854478,5.279967,5.0,B006GWO5WK
pacmap,5000,3318,5.182568,3.6593537,3.0,B000CKVOOY
pacmap,5000,3319,7.399994,4.7794137,5.0,B00G5D6ER4
pacmap,5000,3320,5.2106442,3.5393226,5.0,B006422BWS
pacmap,5000,3321,7.5072837,5.0166483,4.0,B004YIZXEC
pacmap,5000,3322,7.349108,4.64716,4.0,B007MD2DJY
pacmap,5000,3323,5.3134084,0.9771541,2.0,B06XKCPK5W
pacmap,5000,3324,-6.7779384,8.869897,5.0,B005NESDDY
pacmap,5000,3325,5.8270674,3.0305486,5.0,B006N1TF7E
pacmap,5000,3326,-8.068489,-1.7362643,5.0,B004M8ST5O
pacmap,5000,3327,-8.977088,-2.2740624,5.0,B0054QNL38
pacmap,5000,3328,6.0333514,2.0652335,4.0,B07G98G3BV
pacmap,5000,3329,-5.7623234,2.0795233,3.0,B07XG26541
pacmap,5000,3330,-6.233827,3.9981441,5.0,B07WGPTZHR
pacmap,5000,3331,-6.9996953,7.644079,5.0,B01HRVABD0
pacmap,5000,3332,-5.34744,5.7839503,5.0,B08WQ55H4Y
pacmap,5000,3333,2.1220016,-2.0193744,5.0,B00CRQUKQ4
pacmap,5000,3334,5.9491715,1.5022726,5.0,B00C5H9QDI
pacmap,5000,3335,-9.665736,-3.0821157,5.0,B00XI9QUOK
pacmap,5000,3336,5.336699,0.007757895,5.0,B009BKVYZK
pacmap,5000,3337,-7.1249633,6.545444,1.0,B08QTLS3R5
pacmap,5000,3338,-12.031287,-1.3386127,5.0,B08LG67VW3
pacmap,5000,3339,-6.955867,7.136615,1.0,B07N8VFFNS
pacmap,5000,3340,-6.4923077,5.169913,1.0,B0BXL16HVK
pacmap,5000,3341,-6.0239067,4.980644,1.0,B0CB11DLHG
pacmap,5000,3342,6.406798,-0.13961272,5.0,B09GJJK9ZY
pacmap,5000,3343,5.6482964,3.6035972,4.0,B09YVMS3B1
pacmap,5000,3344,3.4298398,-2.3204992,3.0,B013FC2FKM
pacmap,5000,3345,4.592045,-3.7662294,5.0,B077QS9KHC
pacmap,5000,3346,-6.3469524,4.5527864,1.0,B0BZ15FM42
pacmap,5000,3347,-4.2288547,-0.97104377,4.0,B08ZKMJWJH
pacmap,5000,3348,5.002514,-0.341258,5.0,B075RD4SCC
pacmap,5000,3349,-0.599464,4.5883574,1.0,B07Q3VM5PH
pacmap,5000,3350,5.596679,-0.6238954,5.0,B07HMMRBGQ
pacmap,5000,3351,4.985511,0.37679842,5.0,B006R0VWSG
pacmap,5000,3352,6.519198,1.6830302,5.0,B07DS5H8LY
pacmap,5000,3353,6.4762707,3.086666,4.0,B00ZZ3C6QS
pacmap,5000,3354,6.110086,2.644999,5.0,B013JZCAZK
pacmap,5000,3355,-12.551332,-0.5946157,5.0,B018DOWITK
pacmap,5000,3356,-7.0240154,6.84786,5.0,B008FSAS06
pacmap,5000,3357,8.869479,0.81414783,3.0,B09CTXCL6D
pacmap,5000,3358,-1.9831773,1.978488,5.0,B09L4X16B6
pacmap,5000,3359,-0.5417457,2.3873994,3.0,B017WYDD1Y
pacmap,5000,3360,-0.30481213,2.1537116,5.0,B084KQMH6V
pacmap,5000,3361,0.97145057,0.71926653,5.0,B088MCTLM5
pacmap,5000,3362,0.79688984,-2.3918436,5.0,B08J79T7CQ
pacmap,5000,3363,4.1484537,-1.2734205,4.0,B0BSXSYLRF
pacmap,5000,3364,4.207047,5.3058457,5.0,B010BWYDYA
pacmap,5000,3365,8.067383,2.9775305,5.0,B0031MQMU6
pacmap,5000,3366,5.060725,-3.357261,5.0,B08LZKCGQ6
pacmap,5000,3367,-9.451066,-2.9455721,5.0,B09YDHLYRL
pacmap,5000,3368,-9.063938,-2.7628646,5.0,B0BBMSYX16
pacmap,5000,3369,-11.441372,-0.08458535,5.0,B01CD7J968
pacmap,5000,3370,-12.53756,-0.4532208,5.0,B0797CHKDJ
pacmap,5000,3371,2.3553169,4.688772,5.0,B00K4PAP06
pacmap,5000,3372,6.1159344,4.939436,4.0,B00DQZQ5T6
pacmap,5000,3373,6.3020983,2.2324188,5.0,B009NPLXGS
pacmap,5000,3374,8.790663,0.8580561,4.0,B01C7HZ47M
pacmap,5000,3375,8.710392,0.61403996,2.0,B01522TOL6
pacmap,5000,3376,-2.143792,-4.2277946,4.0,B00CF030S2
pacmap,5000,3377,2.702076,5.725119,5.0,B005VBNYDS
pacmap,5000,3378,-9.244902,-2.1722312,4.0,B00BLCLUQO
pacmap,5000,3379,8.7932,0.5604313,3.0,B002VPE1WK
pacmap,5000,3380,-4.090752,0.35974398,4.0,B00187P1HQ
pacmap,5000,3381,-9.1450405,-2.4809725,5.0,B007XOQI4S
pacmap,5000,3382,-11.238453,-0.9084993,4.0,B0065VKQ34
pacmap,5000,3383,-2.119219,-4.245824,1.0,B000CRFI8A
pacmap,5000,3384,-2.919442,-0.69845325,4.0,B0874YZVWK
pacmap,5000,3385,2.9463508,-6.420442,5.0,B07Z9FFTG1
pacmap,5000,3386,-7.0292406,7.306438,5.0,B09CPMSXHC
pacmap,5000,3387,2.711462,-6.9533916,3.0,B09ZGWQ67Z
pacmap,5000,3388,2.3087018,-3.3755717,5.0,B09FSZRG9Y
pacmap,5000,3389,5.5926666,-2.8525846,5.0,B09DPZ1578
pacmap,5000,3390,-3.0356998,2.5836732,5.0,B0BLTJMQ3W
pacmap,5000,3391,5.563994,-2.986728,5.0,B09Y5GR45N
pacmap,5000,3392,0.7381726,4.317908,5.0,B01N6SEXI5
pacmap,5000,3393,3.8953936,1.4667689,4.0,B07JKWH97B
pacmap,5000,3394,-2.9423978,2.414593,5.0,B084V9CJB1
pacmap,5000,3395,-11.841521,-1.6964787,5.0,B07ZNBZCW5
pacmap,5000,3396,-2.6048286,2.0455952,5.0,B01NAVO5PF
pacmap,5000,3397,8.829979,0.92568016,5.0,B07YFW6SKQ
pacmap,5000,3398,1.2831147,-4.0531073,5.0,B00SFSU53G
pacmap,5000,3399,6.1271987,-5.5517178,4.0,B00K4QX99O
pacmap,5000,3400,-1.616642,-3.8970306,4.0,B07324B77V
pacmap,5000,3401,-6.83031,8.661593,5.0,B08MRTZWJ5
pacmap,5000,3402,5.1208634,-4.3315706,5.0,B01LH3DSB6
pacmap,5000,3403,5.7753596,-7.1777616,4.0,B008CQSDN0
pacmap,5000,3404,5.758425,-7.171302,3.0,B002AR5XIK
pacmap,5000,3405,5.421262,-5.581466,5.0,B000V3UX62
pacmap,5000,3406,5.743545,-7.100274,4.0,B00CE8DUYY
pacmap,5000,3407,5.812495,-7.2165985,3.0,B0096PLB9O
pacmap,5000,3408,5.8558745,-7.2088413,4.0,B00BJH6A1Q
pacmap,5000,3409,4.75972,-4.2198987,5.0,B00B0CQCCC
pacmap,5000,3410,5.718985,-7.076193,3.0,B00DSX557O
pacmap,5000,3411,4.8799434,-5.2740555,5.0,B00WY654TU
pacmap,5000,3412,-0.21333924,3.4783993,5.0,B008J0Z9TA
pacmap,5000,3413,8.416978,6.3259635,5.0,B0BXYXD1Q2
pacmap,5000,3414,-6.3445754,3.1333888,5.0,B013EKI2DY
pacmap,5000,3415,6.0363417,-0.0702227,3.0,B01AAZWQL0
pacmap,5000,3416,-7.055808,7.629626,5.0,B08HRK6RT8
pacmap,5000,3417,4.1467667,0.50183207,5.0,B07LGVQ8TC
pacmap,5000,3418,1.5333806,1.5111067,5.0,B07V2P6H3Y
pacmap,5000,3419,-6.679401,5.3614955,5.0,B07K8G9142
pacmap,5000,3420,5.4546733,-4.5890236,5.0,B084DQY6TK
pacmap,5000,3421,0.32193503,0.37573647,4.0,B08RLW7918
pacmap,5000,3422,4.5826993,-2.637654,5.0,B0BC7QQXX5
pacmap,5000,3423,4.531984,-5.4414988,5.0,B0791TX5P5
pacmap,5000,3424,6.148229,3.7626517,2.0,B0741WGQ36
pacmap,5000,3425,4.3360267,5.7663913,5.0,B08J9NQ6CS
pacmap,5000,3426,-7.1550727,8.563059,5.0,B0083YCFIK
pacmap,5000,3427,5.7410274,1.9874907,5.0,B09VSZJHNV
pacmap,5000,3428,5.1751437,-0.35464123,5.0,B01EG5502W
pacmap,5000,3429,6.121541,-1.586772,3.0,B07JY97R2B
pacmap,5000,3430,5.8066597,-1.4216849,5.0,B01N4DUGHQ
pacmap,5000,3431,4.87535,-0.8078932,5.0,B09MT8LK6Q
pacmap,5000,3432,-1.8153856,1.8215744,5.0,B01G2AJ5W0
pacmap,5000,3433,6.1995316,-0.2331517,5.0,B00902SFC4
pacmap,5000,3434,4.3822136,5.9361167,5.0,B0086829D4
pacmap,5000,3435,8.100083,2.2176106,2.0,B07B65Q3RC
pacmap,5000,3436,-0.63711077,0.23087302,5.0,B0875M44Y5
pacmap,5000,3437,9.076551,7.8723464,5.0,B00MK24EUI
pacmap,5000,3438,0.026291607,4.263158,5.0,B0928VH1XV
pacmap,5000,3439,7.6754937,1.395773,3.0,B015QTOS0C
pacmap,5000,3440,7.021667,1.8903799,5.0,B00L661Z6U
pacmap,5000,3441,3.2402081,-3.8331747,1.0,B000Q37TBY
pacmap,5000,3442,0.56042594,-2.518889,5.0,B079BZQ987
pacmap,5000,3443,-4.7552047,-1.3827754,2.0,B075X8471B
pacmap,5000,3444,-6.4481916,3.173955,5.0,B0153CASRY
pacmap,5000,3445,-4.925928,7.448043,5.0,B079Z981R2
pacmap,5000,3446,-6.9956717,-2.5370066,5.0,B007IPZDNO
pacmap,5000,3447,3.899617,-5.9592524,5.0,B0001O04SS
pacmap,5000,3448,3.4392893,2.786341,5.0,B000BJSEQW
pacmap,5000,3449,-7.794125,0.59731615,3.0,B0001ZZ838
pacmap,5000,3450,7.7577915,-2.749704,5.0,B000OUS3A0
pacmap,5000,3451,2.945684,-4.956602,5.0,B002L6HE6E
pacmap,5000,3452,-1.9538603,2.2805078,5.0,B000P6MOG2
pacmap,5000,3453,-10.091012,-3.40799,5.0,B000065BP9
pacmap,5000,3454,-5.441507,7.7359347,5.0,B0BZ5KPQZK
pacmap,5000,3455,6.480966,1.0174047,5.0,B071L6FK53
pacmap,5000,3456,6.4958878,2.5065024,5.0,B00AX2DULQ
pacmap,5000,3457,6.963157,-4.6619644,5.0,B00AX2DUQQ
pacmap,5000,3458,4.6352053,5.856681,5.0,B010BWYDYA
pacmap,5000,3459,6.620716,2.36889,3.0,B06XPVC1BD
pacmap,5000,3460,-4.054263,-1.1111109,1.0,B0BV3NWX67
pacmap,5000,3461,6.815757,3.4247653,3.0,B08YNPQPR8
pacmap,5000,3462,2.7434988,-0.41491863,5.0,B07VDPY2RL
pacmap,5000,3463,-7.5590005,-4.912391,4.0,B07MLY3JKV
pacmap,5000,3464,3.7883153,-4.3193755,1.0,B0887X4XSD
pacmap,5000,3465,-7.156064,8.5330105,4.0,B08PQC7RKN
pacmap,5000,3466,-7.2118893,-5.235915,5.0,B07KTYJ769
pacmap,5000,3467,-10.390468,-3.433517,5.0,B0792K2BK6
pacmap,5000,3468,6.8442254,3.4529648,5.0,B00WTPH5SO
pacmap,5000,3469,-10.134333,-1.588648,5.0,B098B43MXM
pacmap,5000,3470,4.1086,-2.5058062,5.0,B07H65KP63
pacmap,5000,3471,3.255445,-2.514616,5.0,B01M3ULMWP
pacmap,5000,3472,6.5899544,0.65520203,5.0,B0721MMN1M
pacmap,5000,3473,-1.673938,0.8484526,5.0,B0C21131CZ
pacmap,5000,3474,1.0683599,0.53551453,5.0,B0B5LCZY7N
pacmap,5000,3475,-9.775694,-1.7100381,5.0,B0BLTVYRCF
pacmap,5000,3476,-6.8297105,3.6126575,5.0,B08QHPDHF9
pacmap,5000,3477,-8.589538,-2.427707,5.0,B0C5WN1QFK
pacmap,5000,3478,6.127984,1.3057226,2.0,B082B4WPNS
pacmap,5000,3479,-10.401038,-1.3202581,5.0,B07G7VT8KQ
pacmap,5000,3480,-9.506263,-1.522639,5.0,B08PFW1S1V
pacmap,5000,3481,-0.26012927,-3.6078215,5.0,B0C5SBGRNJ
pacmap,5000,3482,-8.460793,-2.2702785,5.0,B0BXWV8898
pacmap,5000,3483,-7.0796256,3.6857045,5.0,B001EZYMF4
pacmap,5000,3484,-8.314498,-2.306736,5.0,B089NDQJSJ
pacmap,5000,3485,-2.070142,-4.2071147,5.0,B0BS2TMK39
pacmap,5000,3486,2.3330398,-4.092224,5.0,B00TZAO9DK
pacmap,5000,3487,-8.413064,-2.0021806,5.0,B094YFRL85
pacmap,5000,3488,5.328624,1.7076744,5.0,B00RNGOHO4
pacmap,5000,3489,6.548198,1.3393326,5.0,B01HCHVUOS
pacmap,5000,3490,-9.001911,-1.7450336,4.0,B00ZVJAF9G
pacmap,5000,3491,-8.017377,-1.9891298,5.0,B00B9B4IYI
pacmap,5000,3492,-9.493894,-0.60207295,5.0,B001MPWMDA
pacmap,5000,3493,-3.5494533,3.7475088,5.0,B001LOP874
pacmap,5000,3494,-8.50343,-1.3507406,5.0,B000EPHR0C
pacmap,5000,3495,5.4231524,0.565732,4.0,B000FARNN2
pacmap,5000,3496,5.486186,-5.645253,5.0,B07725JKKY
pacmap,5000,3497,2.5214708,-7.6919656,5.0,B0BMGZXST9
pacmap,5000,3498,6.5267067,-6.4754915,5.0,B08HPFJ6J1
pacmap,5000,3499,5.846778,-0.49033225,5.0,B07PQJJMHD
pacmap,5000,3500,-11.584618,-0.78150684,3.0,B09F5PYV9J
pacmap,5000,3501,6.682922,3.0226328,5.0,B081CDDL1P
pacmap,5000,3502,-10.283974,-1.3431329,4.0,B0BTLN9QH9
pacmap,5000,3503,1.73537,3.3277667,1.0,B00CRXZVGQ
pacmap,5000,3504,5.1347013,-6.522986,5.0,B07L3RSM2L
pacmap,5000,3505,0.5728507,-4.1483574,5.0,B07K843CLB
pacmap,5000,3506,6.308497,3.577119,1.0,B00Y5IQ7HS
pacmap,5000,3507,-9.347943,0.033941753,1.0,B0BS1615YC
pacmap,5000,3508,5.310119,-4.089534,5.0,B01LYW41TH
pacmap,5000,3509,4.9130774,-3.1913543,1.0,B07KQL6J9Q
pacmap,5000,3510,-10.9891615,-1.0120054,1.0,B07WWNNC1J
pacmap,5000,3511,-0.02127882,0.62319326,2.0,B07GZFM1ZM
pacmap,5000,3512,8.509137,6.2550373,4.0,B0B4X15PCR
pacmap,5000,3513,-5.4549427,6.3444715,4.0,B0BNT7YX1C
pacmap,5000,3514,-6.8547816,3.7821155,5.0,B0C493YD8M
pacmap,5000,3515,2.9728267,-0.74889433,5.0,B0BR3HFB4L
pacmap,5000,3516,4.1698036,0.42590645,5.0,B0BMLRK2HT
pacmap,5000,3517,-5.2291217,6.39579,5.0,B0BWHHJQQ9
pacmap,5000,3518,-1.9273946,1.301334,5.0,B0C9F57ZG8
pacmap,5000,3519,5.8411317,2.4193308,5.0,B0C461JPR5
pacmap,5000,3520,5.144878,1.944583,5.0,B0C65RMTNV
pacmap,5000,3521,4.0275664,0.5597038,5.0,B0BBZC1FTG
pacmap,5000,3522,0.05832174,0.8279898,5.0,B0BM3581GL
pacmap,5000,3523,3.0281677,-0.54659516,5.0,B0BT76ZMN9
pacmap,5000,3524,-2.2590084,1.0288382,5.0,B0BVB5R4HJ
pacmap,5000,3525,6.1644325,1.7556553,5.0,B0BGX92F3J
pacmap,5000,3526,0.43721828,3.6975913,2.0,B0C1GNZZ1M
pacmap,5000,3527,-3.3890576,4.879555,5.0,B0BM8TJY8S
pacmap,5000,3528,8.476986,6.067045,4.0,B0BN4X5WG1
pacmap,5000,3529,-3.5160751,3.5847235,4.0,B0C1NFW1HT
pacmap,5000,3530,2.5300934,-0.7359816,4.0,B0BNWJN35V
pacmap,5000,3531,8.2690115,5.694594,5.0,B0BTNH4TQ9
pacmap,5000,3532,4.2701535,1.5043688,1.0,B0B6C7F94W
pacmap,5000,3533,0.9355759,0.85334927,2.0,B0CB1HY9P1
pacmap,5000,3534,8.359027,5.658187,4.0,B0C48XL8M7
pacmap,5000,3535,-9.067583,-0.8639717,4.0,B0BLVWK2BR
pacmap,5000,3536,2.621527,0.10688145,5.0,B0BF55ZD6Z
pacmap,5000,3537,3.4849029,0.3471216,2.0,B0BB6YT4ML
pacmap,5000,3538,-3.9285066,4.8650827,3.0,B0BCWDGVTM
pacmap,5000,3539,-3.5260794,4.9029293,5.0,B0BND3RXWC
pacmap,5000,3540,4.0359526,1.6824201,5.0,B09M7RD84H
pacmap,5000,3541,-3.4170256,3.7993758,2.0,B0BV5NRPM5
pacmap,5000,3542,2.7787907,-0.05657265,5.0,B0BBVMYMK9
pacmap,5000,3543,-3.4623828,3.5017848,2.0,B0B4RYZPFH
pacmap,5000,3544,2.5038042,-0.30989364,3.0,B0BLCBHTZC
pacmap,5000,3545,2.7797744,-0.3089152,4.0,B0B5GTGSTB
pacmap,5000,3546,-6.4261827,3.181073,5.0,B0C2PVFRWV
pacmap,5000,3547,-6.7478366,4.5071087,4.0,B01I0VD8JA
pacmap,5000,3548,-12.923288,-0.4496549,5.0,B07RZRT1TF
pacmap,5000,3549,-10.308404,-1.5748348,5.0,B0142FEWD4
pacmap,5000,3550,3.0307736,-3.0908237,1.0,B0872FMZ82
pacmap,5000,3551,3.4022114,-1.9061861,1.0,B0CD2GYCTB
pacmap,5000,3552,-9.471517,-3.574457,5.0,B00JX6R9T2
pacmap,5000,3553,4.988716,-2.6770856,5.0,B0090T8NL0
pacmap,5000,3554,17.693724,-17.287092,4.0,B07XXWZKBT
pacmap,5000,3555,17.692781,-17.286861,5.0,B0BRZFGB6R
pacmap,5000,3556,26.036873,2.094528,3.0,B09VBWBHBC
pacmap,5000,3557,26.03735,2.0940542,5.0,B09GLQ2PFV
pacmap,5000,3558,26.03783,2.0942545,3.0,B084HM5WG1
pacmap,5000,3559,17.69247,-17.286362,4.0,B0B8CPMS4T
pacmap,5000,3560,26.03892,2.0941443,5.0,B07PHQ93TV
pacmap,5000,3561,17.70037,-17.29016,4.0,B08HPKB3H9
pacmap,5000,3562,17.691446,-17.28535,5.0,B09DCCW5XZ
pacmap,5000,3563,17.6919,-17.287144,4.0,B08KZKX21T
pacmap,5000,3564,17.69285,-17.286774,5.0,B09FLC43DP
pacmap,5000,3565,17.692984,-17.286938,4.0,B08F1P3BCC
pacmap,5000,3566,17.692362,-17.285994,5.0,B0876WPHJ9
pacmap,5000,3567,17.692976,-17.28711,5.0,B0BGPTTKVC
pacmap,5000,3568,26.037397,2.0940528,5.0,B09JF83P1H
pacmap,5000,3569,26.038776,2.094113,5.0,B086V1Z43F
pacmap,5000,3570,26.038397,2.0950954,5.0,B07R4X3RTG
pacmap,5000,3571,26.036077,2.094002,5.0,B0BXL7Y9ZB
pacmap,5000,3572,26.03723,2.093677,5.0,B07FP8VLXS
pacmap,5000,3573,26.03716,2.0941603,4.0,B07JPCWW76
pacmap,5000,3574,26.038528,2.0940201,5.0,B0C6RGTGMW
pacmap,5000,3575,17.69101,-17.286482,5.0,B00BHM9Q0K
pacmap,5000,3576,17.693136,-17.28632,3.0,B089R3W3D6
pacmap,5000,3577,4.8609333,-5.313215,3.0,B074XLN4GS
pacmap,5000,3578,4.789541,-5.3917537,5.0,B07KM2NR5K
pacmap,5000,3579,26.037987,2.094618,5.0,B06W568Y6C
pacmap,5000,3580,4.973523,-5.2675014,5.0,B07PS179D8
pacmap,5000,3581,26.036844,2.0942714,4.0,B01H5RHG9S
pacmap,5000,3582,26.038033,2.0940824,5.0,B099NY674N
pacmap,5000,3583,26.036343,2.094184,5.0,B06X6BTQ8N
pacmap,5000,3584,26.037016,2.0936174,5.0,B0BN74ZJDK
pacmap,5000,3585,26.039034,2.094287,5.0,B01LWPGB6C
pacmap,5000,3586,26.037226,2.0945106,4.0,B07PRC9KVY
pacmap,5000,3587,26.037222,2.094105,5.0,B07QPTS1JQ
pacmap,5000,3588,17.692879,-17.287592,5.0,B0043T7FXE
pacmap,5000,3589,17.692644,-17.286781,5.0,B07QLSGMXC
pacmap,5000,3590,26.037683,2.0938733,5.0,B0C449B8FT
pacmap,5000,3591,-11.233352,-2.6846256,5.0,B07HGJQCL9
pacmap,5000,3592,8.329016,6.001326,2.0,B07GZGXB27
pacmap,5000,3593,-3.4689991,2.7008376,5.0,B004XD8KXE
pacmap,5000,3594,-6.746698,5.5532093,1.0,B0C7THZNCB
pacmap,5000,3595,6.8543854,3.2834833,5.0,B09L511K6J
pacmap,5000,3596,-2.552648,0.32907727,5.0,B0BQ7F5QD3
pacmap,5000,3597,-0.093440056,2.0478916,3.0,B08QV7TPDW
pacmap,5000,3598,9.282309,1.2710406,5.0,B08SQ2XXX8
pacmap,5000,3599,5.1030865,2.5243082,3.0,B08TLZQXB1
pacmap,5000,3600,7.927466,2.3139384,3.0,B08GFM3RG7
pacmap,5000,3601,-6.650853,9.019625,4.0,B089F9YDFC
pacmap,5000,3602,8.59947,6.845001,2.0,B08NDVF9VG
pacmap,5000,3603,9.2574,1.2095675,2.0,B08NPX3B8M
pacmap,5000,3604,9.161505,1.2117233,5.0,B08FJBNFWK
pacmap,5000,3605,5.0252156,2.9790258,4.0,B08B1W2LYL
pacmap,5000,3606,-6.243148,4.727514,2.0,B07MLVKBQM
pacmap,5000,3607,6.6565714,3.3083806,3.0,B08CBPH3MW
pacmap,5000,3608,4.493286,1.511372,4.0,B07WC81LRS
pacmap,5000,3609,8.7741,7.4652977,4.0,B07G28NF3L
pacmap,5000,3610,6.94521,3.5199196,5.0,B06XRTFG29
pacmap,5000,3611,5.3264923,-0.5654941,5.0,B09X5RHMRZ
pacmap,5000,3612,-6.663385,8.918466,4.0,B09BP1LB8L
pacmap,5000,3613,0.41074413,0.6856365,2.0,B07PCQ3W1C
pacmap,5000,3614,-9.406625,-0.9547505,4.0,B0BGT3RRRR
pacmap,5000,3615,2.6917534,-0.46707714,4.0,B07JGSN975
pacmap,5000,3616,-9.098812,-2.5954762,2.0,B07D81YXPH
pacmap,5000,3617,5.1793556,3.6186118,3.0,B07J1GYCWC
pacmap,5000,3618,-4.191068,-1.8796823,5.0,B0792LX8P5
pacmap,5000,3619,-6.599103,4.8210115,5.0,B07DDLX3HC
pacmap,5000,3620,-6.7104793,4.9542646,5.0,B07DTJ7RV5
pacmap,5000,3621,5.184732,3.546211,5.0,B07Z3ZF5NG
pacmap,5000,3622,8.88757,7.3056364,5.0,B08YMVB98D
pacmap,5000,3623,3.0987084,4.5627294,4.0,B078WSWCWH
pacmap,5000,3624,0.27299365,3.2373388,4.0,B0771R6PFQ
pacmap,5000,3625,-6.567871,4.412576,5.0,B09YYX736L
pacmap,5000,3626,-7.5365686,-2.6749792,4.0,B0742RKNKP
pacmap,5000,3627,4.0875683,1.7728053,4.0,B08XD4N3K4
pacmap,5000,3628,3.421302,5.1418333,4.0,B01D3NROZE
pacmap,5000,3629,-9.169972,-1.6615344,3.0,B06X9FX834
pacmap,5000,3630,-9.2073145,-1.8891928,4.0,B01N17AQ7U
pacmap,5000,3631,5.7997537,3.1028504,5.0,B07BLKHQK6
pacmap,5000,3632,-10.932557,-0.58742493,4.0,B01I095OO4
pacmap,5000,3633,3.4552052,1.9298084,1.0,B01N6JCWPI
pacmap,5000,3634,-9.515624,-0.567915,2.0,B01A33NUH8
pacmap,5000,3635,5.0459557,1.8914218,5.0,B00Y0M32TK
pacmap,5000,3636,0.6216632,0.57328343,2.0,B0167KVZTQ
pacmap,5000,3637,-5.9308777,-0.87382513,2.0,B00ZXI2MJG
pacmap,5000,3638,-8.944985,-1.0853953,4.0,B007ZG03DG
pacmap,5000,3639,-5.8997393,-1.6064497,4.0,B011IH6MBO
pacmap,5000,3640,-9.083032,-1.479536,5.0,B013G6TMUS
pacmap,5000,3641,-10.25179,-0.8150661,4.0,B00JJVG08W
pacmap,5000,3642,-2.451195,-3.910524,5.0,B099RZY28N
pacmap,5000,3643,6.522023,3.6145356,4.0,B00DVFLJKQ
pacmap,5000,3644,1.4567814,4.1202464,4.0,B00O0M750W
pacmap,5000,3645,5.169352,3.5695665,3.0,B00OD37KZS
pacmap,5000,3646,-11.853577,-1.4415145,5.0,B00WUEKA2C
pacmap,5000,3647,-9.490116,-0.9701975,2.0,B00MPMK3GW
pacmap,5000,3648,-0.2404627,4.22376,5.0,B00IYOJD84
pacmap,5000,3649,-7.0682855,8.567485,5.0,B000BNY64C
pacmap,5000,3650,-4.9490533,-1.877806,3.0,B00DIFIM36
pacmap,5000,3651,-8.96274,-2.4121826,5.0,B0BYSP9676
pacmap,5000,3652,-0.16031206,3.5609221,5.0,B00A4A1TYM
pacmap,5000,3653,14.442075,-3.1881523,5.0,B005DQG5SC
pacmap,5000,3654,-0.31141683,3.4073212,5.0,B00109Y2DQ
pacmap,5000,3655,-0.2812279,3.3422172,2.0,B0026H5DFM
pacmap,5000,3656,-0.50892025,3.5104356,1.0,B002P5KOXG
pacmap,5000,3657,-6.5545025,-2.2757657,5.0,B00009QOS3
pacmap,5000,3658,1.1003022,-2.6047018,3.0,B002XDRWZS
pacmap,5000,3659,5.968302,-0.23188531,5.0,B09TQMFXR5
pacmap,5000,3660,-7.078204,5.25672,5.0,B07P7KG4TJ
pacmap,5000,3661,-6.3877215,3.2729936,5.0,B0BMQJYLQV
pacmap,5000,3662,-3.4399655,0.021201126,1.0,B07BYB11K5
pacmap,5000,3663,-6.899629,6.6761775,1.0,B091GDK56V
pacmap,5000,3664,-6.920577,7.775887,4.0,B07GRS3T39
pacmap,5000,3665,-5.0573983,5.9769073,5.0,B08WZCCBQJ
pacmap,5000,3666,-5.673465,5.2560844,5.0,B07H65KP63
pacmap,5000,3667,6.6316695,3.0219092,5.0,B08F3842HL
pacmap,5000,3668,4.293075,-1.4226036,2.0,B0C2Q5KR4N
pacmap,5000,3669,6.077734,-1.3218633,5.0,B08VJBG4Q5
pacmap,5000,3670,6.311589,-6.3637953,5.0,B07RWCK6KX
pacmap,5000,3671,5.6717167,-1.5035253,4.0,B0C6L1SNTV
pacmap,5000,3672,-8.863368,-0.17947042,1.0,B0BGRL2618
pacmap,5000,3673,5.608489,-2.7787433,5.0,B0B1QG1V5P
pacmap,5000,3674,-6.243069,5.752662,5.0,B0BJKGH183
pacmap,5000,3675,3.9127107,-0.039830036,5.0,B0BBF4N2FT
pacmap,5000,3676,-5.7662144,6.226446,5.0,B09WCL9HRK
pacmap,5000,3677,0.15218882,-3.8708844,5.0,B08T6GN9GV
pacmap,5000,3678,4.2259507,-0.15213443,5.0,B0895FSRBC
pacmap,5000,3679,-6.6088524,6.8336034,2.0,B092HSPZJ3
pacmap,5000,3680,5.354607,-0.5008763,5.0,B0972FX87Z
pacmap,5000,3681,-8.121494,-2.0997598,5.0,B09NDHMLY3
pacmap,5000,3682,4.3567905,-2.3290162,5.0,B08MV6Q6BJ
pacmap,5000,3683,5.259652,1.3627263,1.0,B08D3CGWV6
pacmap,5000,3684,4.255941,1.1192918,4.0,B08ZJKHX28
pacmap,5000,3685,6.0364165,-0.5027958,5.0,B07C3ZGG2P
pacmap,5000,3686,5.354896,1.1931146,3.0,B00EY2Q1AS
pacmap,5000,3687,-7.388931,-1.7297398,5.0,B0C5829XY7
pacmap,5000,3688,6.38992,-2.4258204,5.0,B09TQZSZ51
pacmap,5000,3689,4.983718,-1.7178894,5.0,B0836G48XD
pacmap,5000,3690,-12.549441,-1.1680301,5.0,B0851Z83VV
pacmap,5000,3691,8.697043,0.72484285,5.0,B0C4Z5NQKJ
pacmap,5000,3692,1.6934265,-2.6926143,5.0,B00JVLLE7C
pacmap,5000,3693,3.6820233,0.25426227,5.0,B07WHTQW4X
pacmap,5000,3694,3.016527,-4.191292,1.0,B008I640HW
pacmap,5000,3695,5.3057775,-4.2222967,5.0,B075DHMSKQ
pacmap,5000,3696,5.5120564,-0.50111115,5.0,B07FT87W4X
pacmap,5000,3697,1.1171056,0.8086952,5.0,B09NDHYLRH
pacmap,5000,3698,-12.549073,-1.1196293,5.0,B0B4PXG2H8
pacmap,5000,3699,0.72286683,-4.218213,5.0,B01IEU7UZ0
pacmap,5000,3700,5.7274714,-4.785818,5.0,B019PZMVN4
pacmap,5000,3701,6.1994414,5.1148014,1.0,B00OPSSWO4
pacmap,5000,3702,-12.252248,-1.9381378,5.0,B0BRNTHSLP
pacmap,5000,3703,2.3093102,0.6877607,5.0,B0891V9KDC
pacmap,5000,3704,-6.2856946,-3.2575033,5.0,B00NNY1SNI
pacmap,5000,3705,-9.590596,-2.6772943,1.0,B0BD7FN8K9
pacmap,5000,3706,-8.626769,-1.7890188,1.0,B09VDYNVKS
pacmap,5000,3707,8.443053,6.1278377,5.0,B00CYX26BC
pacmap,5000,3708,-3.3463545,-0.6862615,5.0,B08VWD7M67
pacmap,5000,3709,8.257513,5.7626195,3.0,B0BF7YTR5Q
pacmap,5000,3710,-2.439375,2.2883193,5.0,B0BRR8T4FH
pacmap,5000,3711,-10.469594,-0.53205436,3.0,B08RB1DBQY
pacmap,5000,3712,-11.263909,-0.34494752,1.0,B08FX6FB1S
pacmap,5000,3713,6.022209,5.209866,5.0,B07YJ1RD3B
pacmap,5000,3714,5.290396,2.933488,5.0,B07N5ZPYFK
pacmap,5000,3715,-11.82299,-1.297569,4.0,B07S764D9V
pacmap,5000,3716,5.960864,-4.210726,5.0,1891396722
pacmap,5000,3717,-9.488527,-2.9064531,5.0,B07PGGFFW8
pacmap,5000,3718,3.292725,1.2273649,5.0,B0BL3B12HK
pacmap,5000,3719,5.546364,-4.207616,5.0,B00DYQYLP2
pacmap,5000,3720,4.611893,-4.3965755,5.0,B00CE8DUYY
pacmap,5000,3721,17.127539,2.0515544,3.0,B07Q72SWTP
pacmap,5000,3722,4.501863,-5.247996,5.0,B07CZZM9J5
pacmap,5000,3723,-5.6329436,6.7987065,5.0,B08698CM5W
pacmap,5000,3724,3.6802058,-1.8387133,5.0,B0BBV96SD7
pacmap,5000,3725,2.2739317,-1.4342437,5.0,B07Z95LWK5
pacmap,5000,3726,5.3848796,5.4103813,5.0,B07SFLKCFN
pacmap,5000,3727,-7.05545,5.056983,5.0,B07RGJYJS5
pacmap,5000,3728,1.6520836,-2.360148,5.0,B00XIVH2LI
pacmap,5000,3729,6.3088574,3.5849862,5.0,B004B8QOWU
pacmap,5000,3730,4.714822,5.7477937,5.0,B003DZ168E
pacmap,5000,3731,5.731224,5.1366787,5.0,B004JXVOFE
pacmap,5000,3732,-10.51092,-1.4090384,5.0,B001PBWNOY
pacmap,5000,3733,6.285012,-7.7749963,5.0,B0C1CMV4T7
pacmap,5000,3734,4.9855824,-5.67118,5.0,B09ZH6PG3G
pacmap,5000,3735,21.23325,-8.396055,4.0,B01GEGO6FS
pacmap,5000,3736,6.2495427,-7.711289,5.0,B083NC7SCB
pacmap,5000,3737,21.234753,-8.398184,5.0,B0BJ4VTSLC
pacmap,5000,3738,3.2851026,-3.1728802,5.0,B08HSPKMKQ
pacmap,5000,3739,0.41554803,0.24194466,5.0,B0831FDDK7
pacmap,5000,3740,4.5908413,-5.509503,4.0,B00E9MD700
pacmap,5000,3741,-7.9856763,3.8364766,5.0,B09VXT3PC5
pacmap,5000,3742,12.908143,-16.175465,5.0,B08CLNX58K
pacmap,5000,3743,-1.1322212,-3.9340534,1.0,B0BHMVBV9M
pacmap,5000,3744,2.1823182,-2.971037,5.0,B09WHR6NRB
pacmap,5000,3745,4.698475,-4.2333546,5.0,B07L1N4W4Y
pacmap,5000,3746,2.7062247,-6.0841756,1.0,B085ZZ243N
pacmap,5000,3747,7.6324387,-2.8138642,5.0,B0751HWFQY
pacmap,5000,3748,5.0135083,-4.2443805,5.0,B078T633Q9
pacmap,5000,3749,-6.7779856,3.8720033,5.0,B07Z4PXXBS
pacmap,5000,3750,6.169351,2.2849438,5.0,B0BX65VLJ9
pacmap,5000,3751,-6.9016957,5.768642,1.0,B0BZ15FM42
pacmap,5000,3752,6.5680203,-4.422797,5.0,B08M5YL7GW
pacmap,5000,3753,-7.934637,-4.4838686,5.0,B07456BG8N
pacmap,5000,3754,4.616733,-4.496555,5.0,B01K8B8YA8
pacmap,5000,3755,-1.9331639,-3.5905912,5.0,B00IF0JAIU
pacmap,5000,3756,-7.5428734,-1.5768584,3.0,B09G9STJF6
pacmap,5000,3757,2.8151445,-2.49839,4.0,B010BWYDYA
pacmap,5000,3758,5.1092715,-1.8406129,5.0,B003SWLRLS
pacmap,5000,3759,5.320959,-6.0602646,5.0,B07KTYJ769
pacmap,5000,3760,-7.378083,-2.65196,5.0,B09YGYC783
pacmap,5000,3761,-0.61463994,-3.0641198,5.0,B0BVBFPD2X
pacmap,5000,3762,0.18580458,-2.349986,5.0,B083FFPJC1
pacmap,5000,3763,-3.215131,0.56532353,5.0,B08L3C66BK
pacmap,5000,3764,-2.8836114,-0.9677425,4.0,B086VRY8GZ
pacmap,5000,3765,-6.791048,4.907711,5.0,B07VPBFW43
pacmap,5000,3766,7.094531,-2.9257343,5.0,B07F4MYW5B
pacmap,5000,3767,-3.175169,-0.94615287,5.0,B07CHX3TNJ
pacmap,5000,3768,3.7823517,-1.574479,5.0,B07P374FF3
pacmap,5000,3769,6.87097,-2.6682215,5.0,B01FLSXRT6
pacmap,5000,3770,6.9254656,-3.4562616,5.0,B09WDS7KLW
pacmap,5000,3771,3.2288115,-5.619782,5.0,B00EZMZULI
pacmap,5000,3772,6.529679,2.7404125,5.0,B07BRQPVFZ
pacmap,5000,3773,6.3599176,2.4515815,5.0,B007FG43R8
pacmap,5000,3774,8.493737,0.49398455,5.0,B09NR95LFW
pacmap,5000,3775,-2.4555962,0.5157693,5.0,B0BR3GJ3J9
pacmap,5000,3776,-12.205202,-0.45734254,4.0,B0BTY9GGP7
pacmap,5000,3777,7.545162,0.9309743,5.0,B0BP6V5PHH
pacmap,5000,3778,-7.3819814,5.246351,3.0,B0BSFZXBPN
pacmap,5000,3779,-7.3103623,5.572626,3.0,B09NCXYHMV
pacmap,5000,3780,5.324609,0.57831126,4.0,B09X5XJ9BT
pacmap,5000,3781,-11.69223,-0.6202746,4.0,B0BB2GRZFG
pacmap,5000,3782,-6.120262,6.197472,4.0,B0B3XPTKJH
pacmap,5000,3783,-6.4923544,-3.327368,4.0,B09YHBRHC4
pacmap,5000,3784,-9.515739,-0.09737686,4.0,B0B3D7FSMY
pacmap,5000,3785,-8.749123,-3.2869437,5.0,B09ZQSD516
pacmap,5000,3786,4.8623095,-0.7810456,4.0,B09TP1XDL2
pacmap,5000,3787,-2.2576423,1.0004152,5.0,B0B6RJW8FS
pacmap,5000,3788,-2.36802,0.69726354,5.0,B0BKKWQ983
pacmap,5000,3789,-6.265701,-3.3061712,4.0,B09VH12VJV
pacmap,5000,3790,8.696514,0.63581544,5.0,B09V5L1LRJ
pacmap,5000,3791,2.610933,0.52314,5.0,B09TXCQ1PM
pacmap,5000,3792,-5.5968432,6.4898105,5.0,B09JBD923G
pacmap,5000,3793,0.541686,-1.4621435,5.0,B09PVB4272
pacmap,5000,3794,-11.304982,-1.1705319,5.0,B09J31ZBB1
pacmap,5000,3795,-5.572239,6.413875,5.0,B074DWW665
pacmap,5000,3796,-7.0075903,5.448854,5.0,B09FJ84PGH
pacmap,5000,3797,7.6150293,0.91092396,5.0,B09HXHQ1L1
pacmap,5000,3798,-5.7208834,6.3762193,5.0,B09M8991B5
pacmap,5000,3799,-2.278066,0.9137341,5.0,B0BNQNLMVS
pacmap,5000,3800,-2.2024918,0.97341436,4.0,B09GFX6T6G
pacmap,5000,3801,7.649015,1.263806,5.0,B09DKNYKCN
pacmap,5000,3802,-3.4376218,4.172982,5.0,B09F5TF4TQ
pacmap,5000,3803,-3.5576217,3.9769688,4.0,B08NX53RV3
pacmap,5000,3804,-7.756968,4.082152,4.0,B08NV6PJW9
pacmap,5000,3805,8.708,0.6177346,5.0,B08SC8Q1H5
pacmap,5000,3806,8.86921,0.9268354,4.0,B094CFZLPR
pacmap,5000,3807,-8.830211,-3.1031008,5.0,B08SW2BZ1P
pacmap,5000,3808,-7.595099,-2.2260315,5.0,B08LCZ6MS7
pacmap,5000,3809,-7.601146,4.3081007,5.0,B08B39FF2Z
pacmap,5000,3810,7.8184404,0.8803437,5.0,B086RQQCQ9
pacmap,5000,3811,-8.577906,-2.2192435,5.0,B0BR89N1H7
pacmap,5000,3812,1.1978493,1.2743523,5.0,B08B3KD42F
pacmap,5000,3813,-7.648039,5.261279,5.0,B082T84YJQ
pacmap,5000,3814,-5.1067276,5.5930376,5.0,B07Q3CW9WM
pacmap,5000,3815,-3.5696073,4.6007614,5.0,B0859TMPHT
pacmap,5000,3816,6.3995028,-2.4592254,4.0,B084ZYD2SN
pacmap,5000,3817,4.195381,1.5440319,5.0,B07ZH2WYV4
pacmap,5000,3818,-5.8540235,5.663868,3.0,B083ZBRKX9
pacmap,5000,3819,-9.228334,-1.0691378,5.0,B0C5MCNJKR
pacmap,5000,3820,-11.883246,-0.7064497,5.0,B09TS8ZL94
pacmap,5000,3821,-7.4381433,3.8317554,5.0,B095L8F33R
pacmap,5000,3822,8.945799,0.80679744,5.0,B0C8Y7KTML
pacmap,5000,3823,8.876583,0.8421892,5.0,B07W7Y3KZK
pacmap,5000,3824,6.7051773,1.4728049,4.0,B08ZSSG82Y
pacmap,5000,3825,4.1117053,-3.5503244,5.0,B07C7LN2W1
pacmap,5000,3826,-9.634114,-0.55361027,5.0,B07WC183S5
pacmap,5000,3827,7.028486,1.4333235,4.0,B07DCPKRL1
pacmap,5000,3828,4.2190733,-3.2119768,5.0,B07799YR1F
pacmap,5000,3829,-9.189537,-1.7981981,3.0,B0BZRW4B7S
pacmap,5000,3830,-5.821805,6.3185244,5.0,B09Z2B5KG2
pacmap,5000,3831,-6.318219,4.185607,5.0,B0B6TPXW2C
pacmap,5000,3832,-6.6804442,2.547837,5.0,B00R124LAK
pacmap,5000,3833,8.771932,0.79784906,4.0,B07YFW6SKQ
pacmap,5000,3834,-5.9440784,5.9866376,5.0,B01HPADPCW
pacmap,5000,3835,-6.263244,3.9474568,5.0,B09797FV1F
pacmap,5000,3836,1.4674157,2.2968628,5.0,B07YX2KPG7
pacmap,5000,3837,-0.1938623,3.7994356,5.0,B00419ZT4I
pacmap,5000,3838,3.6149223,0.9527979,4.0,B07Q1DPGWM
pacmap,5000,3839,-7.5480337,-4.9834466,4.0,B07H65KP63
pacmap,5000,3840,4.8451715,-2.4060817,5.0,B01EJ5UV3C
pacmap,5000,3841,-12.3315735,-0.61345613,5.0,B07Y2C5M2X
pacmap,5000,3842,-0.43749058,3.5144212,1.0,B00GVN0E3S
pacmap,5000,3843,6.3959637,3.3512666,3.0,B07M7NHRQG
pacmap,5000,3844,5.043063,-1.0626428,5.0,B002CQU14A
pacmap,5000,3845,-0.31958178,3.653497,5.0,B0BSFD74LD
pacmap,5000,3846,-5.1804824,6.973498,5.0,B07S7TK88B
pacmap,5000,3847,9.062685,7.815708,4.0,B082M94GY9
pacmap,5000,3848,8.070978,5.421626,4.0,B00X5P8BJO
pacmap,5000,3849,-11.690229,-1.214932,5.0,B07YP9MNJV
pacmap,5000,3850,9.078497,7.7976327,4.0,B07538T649
pacmap,5000,3851,4.4521365,-3.892432,5.0,B07LCSZFVZ
pacmap,5000,3852,5.454003,-6.600767,1.0,B01MTF2Z37
pacmap,5000,3853,3.378261,-5.612785,5.0,B002SEEC78
pacmap,5000,3854,5.492826,-3.6249669,5.0,B07XJ2XC5V
pacmap,5000,3855,-11.3770485,-0.22258714,5.0,B07YWG7NSN
pacmap,5000,3856,0.42902076,3.254981,5.0,B07SZ3N73V
pacmap,5000,3857,2.8104897,-6.4676347,5.0,B01L8LLP2G
pacmap,5000,3858,3.6049964,-2.428848,1.0,B07176FCQ5
pacmap,5000,3859,1.6525085,0.5768126,5.0,B0C4KBLJHD
pacmap,5000,3860,4.4728966,-5.3749743,5.0,B0B67LVBL1
pacmap,5000,3861,3.7926497,-2.79847,5.0,B00E1CR7DQ
pacmap,5000,3862,-7.0843296,8.353816,5.0,B0001FTVEK
pacmap,5000,3863,4.1592026,-4.2897506,5.0,B002PAR1FK
pacmap,5000,3864,4.713483,-2.940979,5.0,B002ISZD2C
pacmap,5000,3865,3.2677255,-4.5928044,5.0,B00EDP03DW
pacmap,5000,3866,2.6797957,0.102475196,1.0,B005CX9RKE
pacmap,5000,3867,0.7706339,-1.3912255,5.0,B000KKXRJQ
pacmap,5000,3868,-6.8990655,5.4507236,1.0,B0C3M8B3MY
pacmap,5000,3869,0.9868069,0.8548415,5.0,B06Y6HP2JN
pacmap,5000,3870,9.084816,0.95972306,5.0,B076Q5MP77
pacmap,5000,3871,5.5885096,-0.5734907,5.0,B0BTZDHJXY
pacmap,5000,3872,4.9418173,-0.10153263,4.0,B07PXVTTP6
pacmap,5000,3873,5.5622115,-5.147067,5.0,B01EBI4N7C
pacmap,5000,3874,4.9448533,-5.505739,2.0,B01IN26Z5A
pacmap,5000,3875,-4.093098,-0.93714166,1.0,B00U3FPN4U
pacmap,5000,3876,6.364829,4.121753,3.0,B076Q8F3KB
pacmap,5000,3877,6.1590524,4.599774,3.0,B0725SDWHR
pacmap,5000,3878,-7.305853,-5.1878486,5.0,B07KTYJ769
pacmap,5000,3879,-9.175141,-3.735045,5.0,B07HZLHPKP
pacmap,5000,3880,-8.125156,-2.5736654,5.0,B07BFRHZLB
pacmap,5000,3881,3.5520976,-3.893752,5.0,B07W36WN5X
pacmap,5000,3882,6.5316505,-3.5096273,5.0,B073QNQT43
pacmap,5000,3883,1.8088506,-2.9787142,5.0,B075X8471B
pacmap,5000,3884,6.868079,-1.6632233,5.0,B07PTZCDQG
pacmap,5000,3885,6.8684893,-1.5685219,5.0,B07Q3B3CTC
pacmap,5000,3886,5.057533,-3.9872475,5.0,B010BWYDYA
pacmap,5000,3887,5.651465,-1.3493892,5.0,B016FQ0ODK
pacmap,5000,3888,26.038551,2.0946562,5.0,B0B4NZ74H8
pacmap,5000,3889,-9.244634,-2.5325656,1.0,B08LPN41F4
pacmap,5000,3890,5.776744,-2.2899544,5.0,B09GBPVD27
pacmap,5000,3891,-6.008866,7.0528784,5.0,B01DLNMD7A
pacmap,5000,3892,4.5415,1.5891203,5.0,B07NQQ4FVK
pacmap,5000,3893,-9.245775,-2.757461,5.0,B0B6WNTT91
pacmap,5000,3894,-8.258967,-2.557642,5.0,B0BJ7QMYBF
pacmap,5000,3895,-6.1426287,5.3743005,5.0,B08F4Z9KWP
pacmap,5000,3896,-9.589577,-2.6200345,5.0,B07FSXHVLN
pacmap,5000,3897,4.7003555,-4.8333383,5.0,B07PRMHDGZ
pacmap,5000,3898,5.191966,-2.083696,2.0,B077YDMN27
pacmap,5000,3899,6.1907873,-7.8765283,5.0,B012CD5PIY
pacmap,5000,3900,8.415577,6.4917326,2.0,B08HSGZT6H
pacmap,5000,3901,-2.0107808,-4.1374745,2.0,B0118SPFCK
pacmap,5000,3902,-6.4144917,4.6969576,3.0,B09W563Y2W
pacmap,5000,3903,-3.2443724,0.11537396,3.0,B01LW4G71Y
pacmap,5000,3904,-2.8021133,-0.43129155,1.0,B075CF97SZ
pacmap,5000,3905,-9.843517,-0.09117111,2.0,B08Q2D3XR1
pacmap,5000,3906,-2.378506,-4.2798705,3.0,B00IB8IVDQ
pacmap,5000,3907,-5.719148,-0.23565148,5.0,B003L76BJS
pacmap,5000,3908,-9.444336,-1.8747455,3.0,B005VO7LG6
pacmap,5000,3909,-9.207732,-2.1941729,2.0,B005J7Y9B0
pacmap,5000,3910,5.204577,0.32663065,5.0,B000RGD9PK
pacmap,5000,3911,-9.402077,-2.326357,5.0,B008BWA0EK
pacmap,5000,3912,3.7271287,-3.9191487,4.0,B008EQSZ8Q
pacmap,5000,3913,-10.471161,-3.7175512,4.0,B0BMQN7L6B
pacmap,5000,3914,5.9499917,2.0108943,5.0,B01D8OM0H0
pacmap,5000,3915,4.0894794,-4.4921737,5.0,B00KCZTAI6
pacmap,5000,3916,4.0458245,-4.3253784,1.0,B005VGOD4M
pacmap,5000,3917,-5.2184906,-2.479058,5.0,B00005N5X1
pacmap,5000,3918,3.806119,-1.6712339,5.0,B01CZBOO2Q
pacmap,5000,3919,-0.54745615,4.625582,5.0,B074CPK9SB
pacmap,5000,3920,6.5322843,2.2977307,5.0,B07RLZ1KDY
pacmap,5000,3921,-6.5796666,5.7715287,5.0,B0000BYDKO
pacmap,5000,3922,-5.1492953,6.5289383,5.0,B086SBHXHV
pacmap,5000,3923,6.771139,-4.5924788,5.0,B00XJ7QAC8
pacmap,5000,3924,6.1891623,-5.3506603,5.0,B06XKM77TP
pacmap,5000,3925,4.249772,-4.264662,5.0,B00YBC936A
pacmap,5000,3926,6.865945,-4.84385,5.0,B00IKMJOZC
pacmap,5000,3927,-1.3421246,-3.8065457,5.0,B0040IUI46
pacmap,5000,3928,4.5725813,5.855862,5.0,B01FU08V64
pacmap,5000,3929,3.1223729,-1.5055681,5.0,B00XJ118WG
pacmap,5000,3930,-7.0403705,8.450912,5.0,B0063JAUR0
pacmap,5000,3931,4.425367,5.720458,5.0,B0051VVOB2
pacmap,5000,3932,4.221441,5.7559104,5.0,B005KDYBXO
pacmap,5000,3933,4.2128863,5.6283693,5.0,B008RB6RYC
pacmap,5000,3934,4.1888866,-0.5785602,5.0,B0013CED4I
pacmap,5000,3935,-4.047404,-2.5866506,5.0,B0064L8Q1E
pacmap,5000,3936,4.28913,-0.80910856,5.0,B075XLNFCL
pacmap,5000,3937,-6.041403,5.6482415,5.0,B07LG4FYVR
pacmap,5000,3938,4.0269403,-5.0801935,5.0,B08C5FX1BB
pacmap,5000,3939,0.7989564,0.08177046,4.0,B07VNQVL37
pacmap,5000,3940,-8.178011,-1.0055565,5.0,B017KUN1HG
pacmap,5000,3941,6.668864,0.1654685,4.0,B07J38VMPN
pacmap,5000,3942,2.4362032,-2.0685294,5.0,B08S55D31N
pacmap,5000,3943,21.236668,-8.398533,5.0,B07MC5P85F
pacmap,5000,3944,5.0790997,-1.3381876,5.0,B08XHFK5SZ
pacmap,5000,3945,4.391468,-3.6654372,5.0,B07YFD37SF
pacmap,5000,3946,5.2079306,-3.3458474,5.0,B092DD5L2V
pacmap,5000,3947,-5.4633303,6.1425104,5.0,B07GL6S731
pacmap,5000,3948,-7.8421082,-1.7798303,5.0,B00LZRRAY6
pacmap,5000,3949,4.067633,-2.5824494,5.0,B018PZHB26
pacmap,5000,3950,1.0793189,-4.3122396,5.0,B08BF4CZSV
pacmap,5000,3951,1.2120816,-4.2385883,5.0,B0C8SCDNGK
pacmap,5000,3952,3.4241073,-0.80958056,3.0,B002RD7452
pacmap,5000,3953,2.8766572,-6.9738474,5.0,B09F5BLMVR
pacmap,5000,3954,3.7674673,-5.7731853,5.0,B09JQLTLG3
pacmap,5000,3955,3.9156582,-5.8659015,5.0,B07VKJKWP1
pacmap,5000,3956,6.7663517,-3.445339,5.0,B075V2W6B2
pacmap,5000,3957,8.82071,0.5322812,5.0,B071CRMDS4
pacmap,5000,3958,1.4178165,-1.4119829,5.0,B072QLXK2T
pacmap,5000,3959,4.8274965,-0.88844264,5.0,B0851B3K9T
pacmap,5000,3960,1.4560738,-4.517257,5.0,B07L48NDCH
pacmap,5000,3961,-0.38152948,3.084444,1.0,B08KGSZKCT
pacmap,5000,3962,-1.7790321,0.2223897,5.0,B083ZJYDRV
pacmap,5000,3963,1.1243461,3.971492,4.0,B07J245KLY
pacmap,5000,3964,4.4791384,-2.6997063,1.0,B08WJSHSLC
pacmap,5000,3965,-6.0278735,5.0028048,5.0,B09MKBDFZK
pacmap,5000,3966,-4.100834,-2.256399,5.0,B0791TX5P5
pacmap,5000,3967,-7.91372,-3.6042268,5.0,B01DFKC6CQ
pacmap,5000,3968,1.5637822,4.3385983,3.0,B01HAQBIVG
pacmap,5000,3969,-3.3673165,-1.2699462,5.0,B075X8471B
pacmap,5000,3970,-0.22452112,4.4669137,5.0,B0BJW2XLMR
pacmap,5000,3971,-6.8467407,-2.7922308,5.0,B09718NNFN
pacmap,5000,3972,0.07511924,-3.4984257,1.0,B092WHC7C1
pacmap,5000,3973,-7.4407,-2.9840708,5.0,B077RV2H31
pacmap,5000,3974,-6.923199,7.6963806,5.0,B00WIF2T7C
pacmap,5000,3975,6.3542886,-0.25728163,4.0,B0C2YLQJYK
pacmap,5000,3976,-3.7191696,-0.7587276,4.0,B09LTYP9P5
pacmap,5000,3977,-3.950646,-0.861508,5.0,B0B148JDG2
pacmap,5000,3978,-5.530681,6.027809,5.0,B0C8J2WHVR
pacmap,5000,3979,-8.51761,0.04347593,5.0,B0B57RY228
pacmap,5000,3980,-1.570197,-3.1566284,5.0,B0C3NMZ2C7
pacmap,5000,3981,4.262475,5.963844,5.0,B09F81Q875
pacmap,5000,3982,-6.7797713,3.314582,5.0,B0BZT5JSTV
pacmap,5000,3983,-9.021152,-1.889076,5.0,B0B3ZKBJ8V
pacmap,5000,3984,-9.520455,-1.9477124,5.0,B09XNQQC8J
pacmap,5000,3985,-5.768496,3.4831717,5.0,B0C1ZYD3YQ
pacmap,5000,3986,-9.989495,-1.9617025,5.0,B09WD35WWZ
pacmap,5000,3987,-7.885218,3.9372618,5.0,B09PWGV7GC
pacmap,5000,3988,-5.063794,3.6819766,5.0,B098XPKHY8
pacmap,5000,3989,-7.301992,4.473762,5.0,B08JTMXXL6
pacmap,5000,3990,-6.661593,7.4039464,4.0,B09NRKZVDC
pacmap,5000,3991,6.0018854,0.57499886,5.0,B009SKN5DC
pacmap,5000,3992,3.4209502,1.7730091,5.0,B0BG7KP5L4
pacmap,5000,3993,4.739023,-0.26196024,5.0,B099YQ926V
pacmap,5000,3994,8.984247,7.690547,5.0,B08P6PL5R3
pacmap,5000,3995,9.085811,7.782874,5.0,B0BWBC2GLD
pacmap,5000,3996,-4.428976,-0.8537194,4.0,B0BLHNNSGG
pacmap,5000,3997,-11.471578,-1.3139371,5.0,B09D4LQTYD
pacmap,5000,3998,-6.87017,4.6606703,5.0,B08L883DQ5
pacmap,5000,3999,-5.35693,5.3058496,5.0,B0922LNFT3
pacmap,5000,4000,-7.031103,8.135924,4.0,B08L6HPFCR
pacmap,5000,4001,6.7879744,3.4682431,4.0,B082W1GHY6
pacmap,5000,4002,5.010894,-2.548607,5.0,B07YLMJZXB
pacmap,5000,4003,-5.7276707,6.325051,4.0,B087LWC6BM
pacmap,5000,4004,-11.208865,-0.95619506,5.0,B09V3W5XFY
pacmap,5000,4005,2.9611945,-0.5298679,4.0,B0BSTPV9HY
pacmap,5000,4006,-5.37574,5.990196,4.0,B087M428L1
pacmap,5000,4007,7.942745,-0.20376526,5.0,B081LBFY9D
pacmap,5000,4008,4.631922,1.2922579,3.0,B0813DY3FY
pacmap,5000,4009,3.9577138,0.8090041,5.0,B088GT45PY
pacmap,5000,4010,-5.4817824,6.267545,3.0,B07HKFG85D
pacmap,5000,4011,8.794707,0.79012245,5.0,B0974WBDVS
pacmap,5000,4012,8.638255,0.94625074,4.0,B07ZB12C8G
pacmap,5000,4013,-8.059841,-4.0153503,5.0,B07XYQS9TP
pacmap,5000,4014,7.0081363,3.2870638,5.0,B07X54PV85
pacmap,5000,4015,5.0047956,-1.0733659,4.0,B0BMQ999F8
pacmap,5000,4016,-3.314326,3.0411685,3.0,B0BN4PNNBH
pacmap,5000,4017,-10.414318,-0.2896814,1.0,B07CB24GSV
pacmap,5000,4018,-1.0059782,4.8447576,4.0,B07K51MHPF
pacmap,5000,4019,-4.8255005,5.163215,5.0,B07VJMBRVQ
pacmap,5000,4020,-11.589636,-0.91604584,1.0,B07KZZZ3JL
pacmap,5000,4021,1.0497067,-2.1278868,5.0,B07D33RMRN
pacmap,5000,4022,0.723139,-2.409066,5.0,B07C64VJNB
pacmap,5000,4023,-3.4215682,4.367523,5.0,B07Z9ZYJ5Q
pacmap,5000,4024,-5.3949914,3.2314563,5.0,B0BWSB1W9D
pacmap,5000,4025,-11.943547,-1.8946972,4.0,B07G8N2V9V
pacmap,5000,4026,-0.70615155,4.912187,4.0,B08JZ4YSNR
pacmap,5000,4027,-3.360467,4.8453245,5.0,B07CWT66DG
pacmap,5000,4028,-5.9798274,4.661136,5.0,B07DWD3NNP
pacmap,5000,4029,-7.7113376,-4.4956274,5.0,B07H7DRWJN
pacmap,5000,4030,-1.6369327,3.8838842,4.0,B018LWTYGO
pacmap,5000,4031,-1.7265153,-1.3897743,4.0,B07BHGK4MC
pacmap,5000,4032,-11.65017,-1.8405507,5.0,B07DBY9H6X
pacmap,5000,4033,-2.2021916,-4.0204554,3.0,B079S3NVV4
pacmap,5000,4034,0.19540693,0.4078275,3.0,B071HN7FB4
pacmap,5000,4035,8.269645,1.4591599,5.0,B07CWJ8MM1
pacmap,5000,4036,-9.263542,-2.6207986,5.0,B00X69BZPG
pacmap,5000,4037,-10.744683,-2.1078024,5.0,B077378YSS
pacmap,5000,4038,-9.112518,-0.28073832,5.0,B0C7KLM8L2
pacmap,5000,4039,-11.805931,-1.3923322,5.0,B074F3YW3R
pacmap,5000,4040,-11.407066,-1.109202,3.0,B0747QMY9B
pacmap,5000,4041,1.9774231,-3.0711672,5.0,B071QWMTST
pacmap,5000,4042,-0.6570792,-2.8807611,5.0,B07319K943
pacmap,5000,4043,8.771101,1.1027101,5.0,B071W8TY6H
pacmap,5000,4044,-3.78956,4.2976055,5.0,B09RXJHHX7
pacmap,5000,4045,-6.1130013,5.9994154,5.0,B0BHTS96ZL
pacmap,5000,4046,-9.5153265,-0.79098225,5.0,B01MSZSL4I
pacmap,5000,4047,-7.936274,-1.703806,2.0,B018PQPALY
pacmap,5000,4048,8.90324,0.7315428,4.0,B01ER4AZ9A
pacmap,5000,4049,-6.9778256,5.11346,5.0,B07JMFQTC5
pacmap,5000,4050,7.140243,3.04304,5.0,B0167G90D8
pacmap,5000,4051,7.233637,3.0279102,5.0,B0C15Q5H7H
pacmap,5000,4052,4.3573346,5.6549006,5.0,B01D3NROZE
pacmap,5000,4053,5.1762824,3.3816905,5.0,B00S74HGMG
pacmap,5000,4054,1.6042069,-1.6967219,4.0,B01DPGPOTC
pacmap,5000,4055,8.3070545,0.56225,4.0,B06WRRWQDB
pacmap,5000,4056,-5.9491463,3.157632,5.0,B0000CCQKV
pacmap,5000,4057,4.9144607,0.17307262,5.0,B00RM11QHG
pacmap,5000,4058,8.684504,1.2753044,5.0,B071LP2ZRC
pacmap,5000,4059,6.3140345,-3.2975953,5.0,B07L6JJDCG
pacmap,5000,4060,3.3512337,0.9263948,5.0,B00F4A7A1I
pacmap,5000,4061,-3.8842218,-0.88108605,5.0,B00BUCLVZU
pacmap,5000,4062,-6.9238806,7.0536175,5.0,B00GJKW4YA
pacmap,5000,4063,-12.35725,-1.6817908,5.0,B01L1FEJ6S
pacmap,5000,4064,-9.317921,-2.4753826,5.0,B00PJOPF98
pacmap,5000,4065,-10.069411,-1.2556957,5.0,B00LSYHLR2
pacmap,5000,4066,-11.532574,-1.5034088,5.0,B00M58CMYC
pacmap,5000,4067,-8.869247,-1.3513249,5.0,B004I408OW
pacmap,5000,4068,9.069639,1.2449248,5.0,B00LGN7Y3G
pacmap,5000,4069,-9.260763,-2.8498874,4.0,B00IG54NXG
pacmap,5000,4070,-8.87425,-1.7340368,5.0,B00J3O9YRY
pacmap,5000,4071,-9.141025,-2.1126833,5.0,B00FRKOFIQ
pacmap,5000,4072,-8.899934,-1.8282747,5.0,B00XI6A46I
pacmap,5000,4073,-4.9637394,-1.1235862,5.0,B00IAKLM54
pacmap,5000,4074,-7.08093,8.372225,5.0,B006DTXIHE
pacmap,5000,4075,6.716939,3.3169029,5.0,B00CB7T52O
pacmap,5000,4076,-0.4503058,4.9071727,3.0,B00CWLYLWS
pacmap,5000,4077,-10.099705,-2.7043233,5.0,B00A0JUO1Q
pacmap,5000,4078,-11.271548,-1.2632449,5.0,B00CD1FB26
pacmap,5000,4079,-8.24232,-1.1123637,3.0,B004M3EL3S
pacmap,5000,4080,-8.615499,-2.7191808,3.0,B004I8WH9M
pacmap,5000,4081,4.3155875,-0.3485864,3.0,B002COJEOU
pacmap,5000,4082,-6.0470805,6.3526697,4.0,B007R9CTE2
pacmap,5000,4083,7.16178,3.5464346,5.0,B009T0NLYO
pacmap,5000,4084,4.235247,-1.0509716,5.0,B00NTRMUYU
pacmap,5000,4085,8.249476,5.8786163,5.0,B007X3VEC0
pacmap,5000,4086,6.673279,3.3506284,3.0,B008MF48J4
pacmap,5000,4087,4.296675,5.968027,5.0,B007OZNUCE
pacmap,5000,4088,5.2104197,-1.4400218,5.0,B0BTJBQC91
pacmap,5000,4089,-8.647131,-1.0663968,5.0,B001F7AHOG
pacmap,5000,4090,-2.2845583,-3.9503357,5.0,B001769K3O
pacmap,5000,4091,1.1442173,0.8378195,4.0,B0084Y96FE
pacmap,5000,4092,-4.7541656,7.171603,5.0,B0B4QS4F25
pacmap,5000,4093,-6.984295,7.94546,4.0,B004NSUMTO
pacmap,5000,4094,0.02498775,3.1925852,5.0,B00109Y2DQ
pacmap,5000,4095,6.304562,3.0649116,4.0,B003CFB1AS
pacmap,5000,4096,-2.8497481,0.6525296,5.0,B002ONSRA6
pacmap,5000,4097,-2.3924189,1.0971003,3.0,B004MSGEOC
pacmap,5000,4098,-3.782002,-1.137678,5.0,B005TI1ILS
pacmap,5000,4099,-3.2816167,-0.21065198,5.0,B004NP1E9E
pacmap,5000,4100,5.242015,5.486436,5.0,B01M0MT6BT
pacmap,5000,4101,4.990236,5.6284823,5.0,B0057WTEWQ
pacmap,5000,4102,-2.6220927,0.8014651,5.0,B004SBCF4Q
pacmap,5000,4103,5.90058,3.091901,5.0,B004JWA70I
pacmap,5000,4104,4.6902,5.794194,5.0,B074D5QYPN
pacmap,5000,4105,4.4065657,5.87517,5.0,B004HFS6Z0
pacmap,5000,4106,1.2016857,-2.339773,5.0,B003VD1CVY
pacmap,5000,4107,0.7769105,0.90214455,5.0,B003WQAIJC
pacmap,5000,4108,7.07565,3.613749,4.0,B07PR21291
pacmap,5000,4109,8.444379,0.62200266,5.0,B004JMZPJQ
pacmap,5000,4110,7.796615,1.0042939,5.0,B004BQTTE2
pacmap,5000,4111,-7.8470964,-2.3074067,5.0,B003JQLPYC
pacmap,5000,4112,3.4303987,1.8135761,5.0,B003H4QV22
pacmap,5000,4113,-10.082435,-2.2052414,5.0,B003UYU16G
pacmap,5000,4114,-1.3103132,0.24747135,4.0,B002XN7C6W
pacmap,5000,4115,-0.37299663,4.610373,5.0,B003SHMKHS
pacmap,5000,4116,-5.3483095,6.0403237,5.0,B07YFD37SF
pacmap,5000,4117,-3.6177726,-1.0943601,5.0,B0018O77Q2
pacmap,5000,4118,8.24056,0.9000597,5.0,B001TZQITM
pacmap,5000,4119,-10.901661,-1.3943782,3.0,B0002QLQ96
pacmap,5000,4120,-8.754604,-2.138897,5.0,B00E57BSMI
pacmap,5000,4121,-4.3631935,-0.6260398,2.0,B002IC0YLS
pacmap,5000,4122,0.92165476,0.7573416,3.0,B001Q3M9D6
pacmap,5000,4123,-0.8836093,1.988776,5.0,B001TOD7MO
pacmap,5000,4124,-4.4671183,-0.86731523,4.0,B002IC0YL8
pacmap,5000,4125,0.26293242,1.5553129,3.0,B001OQC0JS
pacmap,5000,4126,-8.676961,-0.99792325,5.0,B0007LI13U
pacmap,5000,4127,-0.7128842,-3.3549445,4.0,B001C1MGKI
pacmap,5000,4128,-3.5761826,-1.1523569,5.0,B000ER5G6C
pacmap,5000,4129,3.1432524,-2.806463,5.0,B0006Q3B2W
pacmap,5000,4130,-4.4505677,-0.9656996,5.0,B00093IIRA
pacmap,5000,4131,0.9840573,0.7777863,4.0,B0019MOKYA
pacmap,5000,4132,-9.015055,-1.0988951,4.0,B000H0QIRC
pacmap,5000,4133,2.9092538,5.505301,5.0,B08J9NQ6CS
pacmap,5000,4134,6.611477,-24.78319,4.0,B082T7HDGT
pacmap,5000,4135,5.48686,-6.6397924,4.0,B07KJ6GDGN
pacmap,5000,4136,-10.420985,-3.6652246,5.0,B088CTT6KZ
pacmap,5000,4137,4.8066106,-5.1512713,1.0,B07KXVLRHG
pacmap,5000,4138,-5.025324,6.538831,5.0,B08RMVG7BY
pacmap,5000,4139,-5.364817,6.313756,5.0,B0BCPC68J6
pacmap,5000,4140,17.139,2.0587769,4.0,B0757LCDD5
pacmap,5000,4141,-6.0400405,5.9008946,5.0,B0B12PXQYM
pacmap,5000,4142,4.826606,0.82802033,5.0,B00FES2TU2
pacmap,5000,4143,-12.218222,-1.1025292,5.0,B001S0PX1M
pacmap,5000,4144,-7.1141024,8.462323,5.0,B005PCPI82
pacmap,5000,4145,9.097327,7.831541,5.0,B005DION7U
pacmap,5000,4146,-6.455683,2.9807785,5.0,B076GVVB6R
pacmap,5000,4147,-12.768761,-1.2702547,4.0,B0753CSBW1
pacmap,5000,4148,-9.238512,-2.9073038,5.0,B008F2YEN4
pacmap,5000,4149,3.6653945,-2.80936,5.0,B0B24GTQ9G
pacmap,5000,4150,-10.908704,-2.5207253,5.0,B00AZFMOS6
pacmap,5000,4151,5.8760095,1.3106178,5.0,B00WH2TB1S
pacmap,5000,4152,-12.074831,-1.0154734,5.0,B0046EDOWW
pacmap,5000,4153,0.45798844,2.238238,5.0,B077HGQ44Q
pacmap,5000,4154,1.8660598,-2.9478302,1.0,B00E9MD700
pacmap,5000,4155,8.406718,6.129664,1.0,B09FLGDRMZ
pacmap,5000,4156,-11.396994,-1.0493438,3.0,B0B4DPLGHQ
pacmap,5000,4157,-12.427196,-1.5632071,2.0,B08KR8CRQP
pacmap,5000,4158,4.1773,-3.8877537,5.0,B09DGFHKNC
pacmap,5000,4159,2.56256,-4.4291534,2.0,B0BWLWDLPF
pacmap,5000,4160,-9.300818,-2.842396,4.0,B08M9DXY4P
pacmap,5000,4161,8.217486,2.408742,1.0,B06XSW5JRZ
pacmap,5000,4162,-7.04651,8.367775,5.0,B0B21DKG75
pacmap,5000,4163,4.508775,-3.8963413,3.0,B00D23LYW0
pacmap,5000,4164,5.8886166,-3.8191645,5.0,B0194TXW4I
pacmap,5000,4165,0.695254,-4.0275187,5.0,B08D3LP9W4
pacmap,5000,4166,4.165438,-4.247209,5.0,B07QC4WZFZ
pacmap,5000,4167,0.35412142,-4.0490894,5.0,B0002F67N2
pacmap,5000,4168,2.968927,0.4252566,5.0,B0BP9Z1LB5
pacmap,5000,4169,-8.266759,-1.3583783,5.0,B0791TX5P5
pacmap,5000,4170,1.449123,0.6664398,5.0,B0BPMLRQHQ
pacmap,5000,4171,6.5853205,-4.022533,5.0,B07H65KP63
pacmap,5000,4172,4.7001944,-3.8755393,5.0,B07KTYJ769
pacmap,5000,4173,6.5894785,-0.5110618,5.0,B093K8HLJZ
pacmap,5000,4174,4.5115385,5.750402,5.0,B07J2FGZSM
pacmap,5000,4175,2.8869996,-0.5071454,4.0,B00OQVZDJM
pacmap,5000,4176,6.230162,-3.9292507,3.0,B00ZXB1US2
pacmap,5000,4177,5.2123365,-3.8124156,3.0,B01N0H8WUZ
pacmap,5000,4178,5.156148,-1.2381951,5.0,B07SNQLZD4
pacmap,5000,4179,-12.349546,-1.4504206,4.0,B07VQLT75P
pacmap,5000,4180,5.0643477,-3.740317,5.0,B09SGKSD4P
pacmap,5000,4181,-6.1950703,-3.4787178,2.0,B00RCSU7OW
pacmap,5000,4182,-12.316996,-0.7119649,5.0,B000MUXVYK
pacmap,5000,4183,4.340832,-3.682397,5.0,B07WZSTQD9
pacmap,5000,4184,-0.5434929,3.513345,5.0,B00HPMCO4Q
pacmap,5000,4185,4.245392,-2.8100603,5.0,B0012BL8LG
pacmap,5000,4186,6.17318,-7.85471,5.0,B00L3KSP08
pacmap,5000,4187,-3.9058805,-1.2107341,3.0,B095YT1C6M
pacmap,5000,4188,-10.562066,-3.4933968,5.0,B07XV3GGRX
pacmap,5000,4189,0.46552184,1.1598499,4.0,B071GGB84Y
pacmap,5000,4190,-6.1457496,3.072368,5.0,B075KP9XHS
pacmap,5000,4191,-6.197296,3.0393229,4.0,B07GVWH35S
pacmap,5000,4192,-4.2854104,-1.8050662,4.0,B00ND5UOFU
pacmap,5000,4193,-2.9019186,-0.657947,4.0,B00LD3Q56G
pacmap,5000,4194,-6.771844,2.057621,5.0,B000E1PXJS
pacmap,5000,4195,-8.990672,-0.9804756,4.0,B007R9RUPU
pacmap,5000,4196,4.4830017,-5.584957,5.0,B01M0GB8CC
pacmap,5000,4197,4.8397465,-3.7390826,1.0,B0C211KFK4
pacmap,5000,4198,-1.0509776,-3.1255229,5.0,B07GZFM1ZM
pacmap,5000,4199,3.0677214,-6.152,5.0,B07KJ6GDGN
pacmap,5000,4200,1.8796061,0.35255182,5.0,B01DKOFZVQ
pacmap,5000,4201,2.3449538,0.40949282,3.0,B00GMCLLYE
pacmap,5000,4202,-6.854655,3.5439796,5.0,B0BHWQ3H17
pacmap,5000,4203,-6.7347956,3.5544555,5.0,B0819PCPBV
pacmap,5000,4204,-7.0234222,8.147045,4.0,B00RELNQXG
pacmap,5000,4205,-6.930516,7.3762674,5.0,B010JKMO7W
pacmap,5000,4206,-11.409645,-1.0428183,5.0,B01M9AWXJO
pacmap,5000,4207,-4.3515925,-1.0373384,4.0,B00BII1156
pacmap,5000,4208,-4.212707,-0.9526736,5.0,B0B58ZK8CZ
pacmap,5000,4209,-6.2119436,6.0650105,3.0,B071WW5M69
pacmap,5000,4210,5.451461,-3.0836625,2.0,B07DWXL8GD
pacmap,5000,4211,2.228186,-3.246693,1.0,B008RSH6NG
pacmap,5000,4212,6.281764,3.744018,5.0,B07X3GQT7V
pacmap,5000,4213,-12.281923,-0.4565851,1.0,B07PYLT6DN
pacmap,5000,4214,-3.126021,-0.62333524,1.0,B07XNXQCZ2
pacmap,5000,4215,5.6669006,-1.0753559,5.0,B071K5BQPF
pacmap,5000,4216,8.775819,1.1057183,5.0,B07J3FMTJ4
pacmap,5000,4217,-5.178812,6.0526075,1.0,B01MYT9D96
pacmap,5000,4218,-3.9544024,-2.0032032,5.0,B00WHT67YA
pacmap,5000,4219,-5.320035,5.965261,2.0,B084CZJK7H
pacmap,5000,4220,-3.1350048,-1.0760074,5.0,B075X8471B
pacmap,5000,4221,3.1201584,-3.4988573,5.0,B0153WUOXM
pacmap,5000,4222,-6.3193064,-2.843052,2.0,B0C1N6CWVL
pacmap,5000,4223,-9.111975,-2.5763922,1.0,B07S4MFN8Z
pacmap,5000,4224,-4.1537256,-0.8637162,5.0,B078T633Q9
pacmap,5000,4225,-3.3343663,-1.343991,5.0,B08WJSHSLC
pacmap,5000,4226,-3.162087,-0.7187332,5.0,B0791TX5P5
pacmap,5000,4227,-3.7024496,-0.8852464,5.0,B075X8471B
pacmap,5000,4228,-6.8731465,-5.1752734,5.0,B01BRWH8G8
pacmap,5000,4229,-8.911563,-2.8349273,5.0,B01K8B8YA8
pacmap,5000,4230,1.1253083,0.6978289,5.0,B00QFY4JRA
pacmap,5000,4231,-6.767668,5.241979,3.0,B0774TF8WY
pacmap,5000,4232,5.806931,-4.746804,5.0,B07GP2ZDQ8
pacmap,5000,4233,4.9522653,-4.915026,5.0,B01MZ8ZU42
pacmap,5000,4234,4.9932137,-5.230414,5.0,B07CKQY7RN
pacmap,5000,4235,-10.146728,-3.3236089,5.0,B01D4HTIOY
pacmap,5000,4236,4.551536,0.84897035,5.0,B08H1SR1B3
pacmap,5000,4237,5.20174,-5.7957854,5.0,B09ZTW2DJJ
pacmap,5000,4238,-11.773695,-1.9524742,5.0,B07YY1DCHG
pacmap,5000,4239,5.283376,-0.33863828,5.0,B08VRLPWQL
pacmap,5000,4240,-12.48743,-1.362387,4.0,B0858N128P
pacmap,5000,4241,-6.7345862,5.2664657,5.0,B08DXJB77C
pacmap,5000,4242,4.2531404,-3.3988917,5.0,B08RD8K7ZG
pacmap,5000,4243,5.457216,-1.9840692,5.0,B087R7MNBQ
pacmap,5000,4244,-11.845417,-0.44586352,1.0,B07TGTSKSH
pacmap,5000,4245,6.678805,-2.7993345,5.0,B0BJVP51YS
pacmap,5000,4246,-4.3233047,-1.1050755,5.0,B07TH2CYNT
pacmap,5000,4247,6.708,3.624537,5.0,B099ZTR1GJ
pacmap,5000,4248,6.0595202,-1.6996046,2.0,B07S764D9V
pacmap,5000,4249,2.0208032,-3.98649,1.0,B016UCB7G2
pacmap,5000,4250,3.8615909,-3.9537086,5.0,B01M7VOJFW
pacmap,5000,4251,3.8063838,1.2402866,2.0,B000HVHYJW
pacmap,5000,4252,5.285072,-1.4151387,1.0,B0C211KFK4
pacmap,5000,4253,-7.851577,-0.9894562,5.0,B09W4XDQ9Q
pacmap,5000,4254,4.7061834,-4.989664,5.0,B0C6ML153J
pacmap,5000,4255,8.492759,6.619534,5.0,B01AOODE18
pacmap,5000,4256,5.292656,-1.1761918,3.0,B00006IAGZ
pacmap,5000,4257,3.4624026,-3.479647,3.0,B00L0YLRUW
pacmap,5000,4258,1.9143971,-1.2877331,5.0,B00P8D9N52
pacmap,5000,4259,4.2090263,-5.7217803,5.0,B07PHQ93TV
pacmap,5000,4260,2.3433242,-0.85454464,5.0,B003VAGXZC
pacmap,5000,4261,4.586646,-2.6616857,5.0,B07GPGVYGX
pacmap,5000,4262,0.26661578,-4.1466913,5.0,B09YVLCHCH
pacmap,5000,4263,6.860844,-2.8513856,5.0,B07KPCRBTL
pacmap,5000,4264,-6.43389,5.6664405,1.0,B009XHC70W
pacmap,5000,4265,0.45406464,-3.668086,2.0,B08GWV46QP
pacmap,5000,4266,7.514211,4.8386326,5.0,B09RH3B1YG
pacmap,5000,4267,6.3566837,3.0143442,5.0,B07CYG62HB
pacmap,5000,4268,-11.80746,-0.518923,1.0,B013ZR5KJU
pacmap,5000,4269,5.000745,-2.8993137,3.0,B01LX3FJ8X
pacmap,5000,4270,-2.399955,-0.96441084,3.0,B086VR9J8Q
pacmap,5000,4271,-4.146708,-2.5799005,5.0,B07GZFM1ZM
pacmap,5000,4272,4.0365686,-3.8197868,2.0,B0BS2TMK39
pacmap,5000,4273,8.441441,7.622017,5.0,B003VAGXZC
pacmap,5000,4274,3.476373,-4.377359,2.0,B0B5R4Z5WH
pacmap,5000,4275,6.685447,3.3647249,4.0,B07NPGGFYJ
pacmap,5000,4276,1.8069049,-2.7682412,4.0,B07N8VFFNS
pacmap,5000,4277,-2.5565133,-3.523417,5.0,B074TC662N
pacmap,5000,4278,21.048227,-8.286767,5.0,B0791TX5P5
pacmap,5000,4279,-12.300183,-2.262094,5.0,B073S582XZ
pacmap,5000,4280,-7.2925773,-5.076784,1.0,B07H65KP63
pacmap,5000,4281,6.5076275,4.317757,5.0,B07HQH7M9T
pacmap,5000,4282,2.8264544,5.3209963,5.0,B07F4P3JH7
pacmap,5000,4283,8.323494,0.15465085,5.0,B09NW99FDL
pacmap,5000,4284,5.398383,-0.32274464,5.0,B09FXTQ32M
pacmap,5000,4285,3.1964028,-0.3706423,3.0,B0C1Z6K266
pacmap,5000,4286,-12.218366,-1.4049248,5.0,B0B2K1C5TG
pacmap,5000,4287,2.9938464,-0.54580784,5.0,B08R5WKLD8
pacmap,5000,4288,8.704294,6.972794,4.0,B08ZC74KH9
pacmap,5000,4289,2.8341599,1.0951504,5.0,B08FT8LKHC
pacmap,5000,4290,-10.516242,-2.8303406,4.0,B08SQ8QNPW
pacmap,5000,4291,-8.542186,-0.8276022,4.0,B087CGPX49
pacmap,5000,4292,1.134337,2.0265589,4.0,B0BHT61RNB
pacmap,5000,4293,1.2638801,0.8542773,3.0,B07KR82DHG
pacmap,5000,4294,4.4520383,-0.99222237,5.0,B000VL21KU
pacmap,5000,4295,3.0805595,-0.846983,2.0,B07K2ZHN9C
pacmap,5000,4296,-5.460713,2.7789478,1.0,B07JGT5HCW
pacmap,5000,4297,8.393576,0.98989564,4.0,B07K9F16YG
pacmap,5000,4298,1.153398,1.0249447,2.0,B07DLTYC6S
pacmap,5000,4299,-12.315243,-0.73647976,5.0,B07K8XPS7J
pacmap,5000,4300,-12.223702,-1.8642713,5.0,B083MMMKV5
pacmap,5000,4301,1.0556521,1.0160452,5.0,B088W1VYR5
pacmap,5000,4302,-2.7206542,-0.14839208,4.0,B09HVB9XJ7
pacmap,5000,4303,0.5896257,-2.4034135,4.0,B07B4915CX
pacmap,5000,4304,-6.6992197,2.5032225,5.0,B07PYHMYWV
pacmap,5000,4305,-7.9714556,-3.6040847,4.0,B07FLH7VLQ
pacmap,5000,4306,-12.0124035,-1.460652,5.0,B07FC9BNQL
pacmap,5000,4307,8.86151,0.5485814,5.0,B07FP3LY47
pacmap,5000,4308,14.442526,-3.188404,5.0,B07JYZRZ3F
pacmap,5000,4309,3.155231,4.3964257,2.0,B07B8QMNMV
pacmap,5000,4310,3.161855,0.6838631,3.0,B01NGTX7X8
pacmap,5000,4311,8.013576,1.4665605,5.0,B07CSPD27K
pacmap,5000,4312,8.158531,0.017420968,4.0,B01M6C9CC3
pacmap,5000,4313,7.3724103,3.9173388,5.0,B071QWFRFG
pacmap,5000,4314,8.969288,0.97490287,5.0,B079L8JS1G
pacmap,5000,4315,-10.505661,-1.2039785,5.0,B073RZSTGL
pacmap,5000,4316,-9.307742,-3.2752435,5.0,B07C1QB53H
pacmap,5000,4317,-12.099447,-1.2557793,5.0,B079P9QV3C
pacmap,5000,4318,5.596238,-1.0908275,3.0,B01N5C85GL
pacmap,5000,4319,-9.26843,-2.6727746,5.0,B079V81NS8
pacmap,5000,4320,0.78364164,-2.2752326,5.0,B073WY596L
pacmap,5000,4321,-11.842248,-1.4705275,5.0,B074PP3ZPF
pacmap,5000,4322,-12.075074,-1.3832525,4.0,B0747LJMDJ
pacmap,5000,4323,-1.449863,-1.5558497,5.0,B077RKPYCS
pacmap,5000,4324,4.6055465,1.899331,5.0,B011I91K7S
pacmap,5000,4325,-3.6529973,4.4255304,5.0,B09RXJHHX7
pacmap,5000,4326,3.3715546,0.49148628,5.0,B09299G7TR
pacmap,5000,4327,-8.19712,-1.8361508,5.0,B01IWIBJ6K
pacmap,5000,4328,-7.513837,-4.9125676,5.0,B01K8B8YA8
pacmap,5000,4329,-3.732666,-1.7949771,5.0,B01LWVSFZ8
pacmap,5000,4330,9.293246,1.2562335,5.0,B01N5Y1V39
pacmap,5000,4331,0.35209438,1.6788216,5.0,B01M4LZBOM
pacmap,5000,4332,-2.957946,-0.38607737,5.0,B016W8XDY8
pacmap,5000,4333,-1.4778715,-1.4541428,5.0,B00QOQU95K
pacmap,5000,4334,2.1342409,0.7142157,2.0,B07HL5SDPQ
pacmap,5000,4335,6.059205,4.8543196,5.0,B00FQ1NO9W
pacmap,5000,4336,-12.145014,-0.6427793,5.0,B00DBRONZC
pacmap,5000,4337,9.0698395,1.529098,4.0,B008E18PDG
pacmap,5000,4338,-2.4798005,1.172919,5.0,B009PK2MNY
pacmap,5000,4339,8.711646,0.77975196,3.0,B01KTKFMFS
pacmap,5000,4340,-5.393435,4.8556247,1.0,B08Y8K3JK5
pacmap,5000,4341,-7.099069,5.774156,5.0,B093BNHQFR
pacmap,5000,4342,-7.488501,-5.2493896,5.0,B07H65KP63
pacmap,5000,4343,5.0653863,-0.79828656,5.0,B086WVQ3KB
pacmap,5000,4344,5.4778166,-1.5287247,5.0,B098FZ19GX
pacmap,5000,4345,5.412601,-1.0256082,1.0,B07C4ZPTYT
pacmap,5000,4346,-6.4936204,-3.044571,2.0,B09WDS7KLW
pacmap,5000,4347,5.297276,-0.6639577,5.0,B01B6AN7WK
pacmap,5000,4348,-7.1869884,8.218594,5.0,B008R79VMQ
pacmap,5000,4349,2.4599347,-0.7616039,3.0,B007LOSMS0
pacmap,5000,4350,2.5485175,-1.594949,1.0,B008USBYMM
pacmap,5000,4351,5.378891,-4.977789,5.0,B07FXJD8W1
pacmap,5000,4352,-11.702432,-0.64876145,5.0,B013HSW4SM
pacmap,5000,4353,2.8229885,-3.2972877,4.0,B01J66NF46
pacmap,5000,4354,-11.946598,-0.2059231,1.0,B08JSMB43D
pacmap,5000,4355,4.315607,-1.3031642,5.0,B0BT22X92B
pacmap,5000,4356,5.6953998,-0.65621597,3.0,B0B9LDXJ3X
pacmap,5000,4357,6.97297,3.5149324,5.0,B08GLMFT79
pacmap,5000,4358,-1.660559,-1.2619008,5.0,B07SHFPD8S
pacmap,5000,4359,6.277827,-2.9550302,5.0,B0C876SJG6
pacmap,5000,4360,-3.9590132,-2.0841882,3.0,B075X8471B
pacmap,5000,4361,5.198048,-5.2222853,5.0,B071RXTD57
pacmap,5000,4362,2.8753035,-6.5225577,5.0,B08CLNX58K
pacmap,5000,4363,7.7596345,-2.8650267,5.0,B00SC7GHSM
pacmap,5000,4364,-10.136379,-3.5408404,5.0,B00O15BQC6
pacmap,5000,4365,-8.295635,-2.7898886,1.0,B000VN32O2
pacmap,5000,4366,-7.183585,-2.053945,4.0,B08PBPZB5Z
pacmap,5000,4367,0.5875408,-3.1988132,1.0,B07PHQ93TV
pacmap,5000,4368,1.393243,-3.6444998,1.0,B07HZLHPKP
pacmap,5000,4369,0.82952464,-3.428742,1.0,B07S9THRC5
pacmap,5000,4370,5.0233903,-0.068688296,1.0,B0C9LWR99P
pacmap,5000,4371,3.3817067,-3.5332565,5.0,B0BSH231H2
pacmap,5000,4372,3.4466128,-6.2629156,5.0,B01HAVSPOY
pacmap,5000,4373,3.0066388,-5.161138,5.0,B000067RG5
pacmap,5000,4374,3.2236173,-4.806599,2.0,B00711ST5O
pacmap,5000,4375,4.5668044,-3.2993412,1.0,B0133U4MHU
pacmap,5000,4376,5.1427927,-0.7935607,1.0,B00KA3LS8K
pacmap,5000,4377,3.4313617,-2.967751,5.0,B00NNBQKA2
pacmap,5000,4378,3.9546924,-3.965938,1.0,B00LEFU2EY
pacmap,5000,4379,1.2504838,2.3577032,1.0,B01F4H1DM2
pacmap,5000,4380,5.212554,-5.4154124,5.0,B016NP71MA
pacmap,5000,4381,3.9787326,-3.4797616,1.0,B00NWQZK3Q
pacmap,5000,4382,-0.50472903,4.341452,5.0,B07454F4JH
pacmap,5000,4383,-10.7750635,-1.9835656,5.0,B07CZ2PZJM
pacmap,5000,4384,8.296476,5.8407464,1.0,B0B7HTGNQK
pacmap,5000,4385,3.093545,-4.424618,1.0,B00906E03I
pacmap,5000,4386,6.205539,-7.8981614,5.0,B081R1QS8K
pacmap,5000,4387,5.2665553,-4.8485928,5.0,B08X2LQYZR
pacmap,5000,4388,7.9204693,-5.506384,5.0,B076WQHK2G
pacmap,5000,4389,7.935694,-5.5088425,5.0,B07QVCZQ7N
pacmap,5000,4390,7.9607825,-5.49033,5.0,B087F362BX
pacmap,5000,4391,7.9748106,-5.5220633,5.0,B07FMQ4YR7
pacmap,5000,4392,7.9583454,-5.5273848,5.0,B08HS9ZWQL
pacmap,5000,4393,7.8993726,-5.5070944,5.0,B08FPD1938
pacmap,5000,4394,7.9230094,-5.495461,5.0,B08B1WQY3D
pacmap,5000,4395,7.958843,-5.483811,5.0,B08DLSLCF3
pacmap,5000,4396,7.9287267,-5.50479,5.0,B07GNK18VJ
pacmap,5000,4397,-2.9319403,-3.3219776,5.0,B0B6DPD19Z
pacmap,5000,4398,5.19431,-6.280179,5.0,B072J983PB
pacmap,5000,4399,3.094569,5.483723,5.0,B07F4P3JH7
pacmap,5000,4400,4.5989547,-1.5985456,5.0,B076BBWMDJ
pacmap,5000,4401,6.279798,-7.7510276,5.0,B0043C0HJA
pacmap,5000,4402,4.1014533,-5.6112843,5.0,B07HWJ9TKL
pacmap,5000,4403,6.0792923,-5.545342,5.0,B0711ZKF75
pacmap,5000,4404,0.8830283,-4.169625,5.0,B0C26NRH8Z
pacmap,5000,4405,-10.176019,-1.3463007,3.0,B0BHNC2ZYV
pacmap,5000,4406,7.012761,3.2505405,5.0,B07S8WB3BR
pacmap,5000,4407,4.8888707,-3.4563177,1.0,B09BJJTKLK
pacmap,5000,4408,8.496099,6.5670247,5.0,B08TC81YQG
pacmap,5000,4409,-6.991309,6.6102753,1.0,B0BBGK39G4
pacmap,5000,4410,-4.1112013,4.402952,1.0,B08T9T4C7J
pacmap,5000,4411,1.3917159,3.9091332,4.0,B0B4F9H4DF
pacmap,5000,4412,7.5007415,3.861299,3.0,B0B47D3S6T
pacmap,5000,4413,2.285585,-4.5738864,1.0,B09M8LN19F
pacmap,5000,4414,1.3261838,2.9568994,5.0,B09NQ7151V
pacmap,5000,4415,-4.1631556,-0.5473656,3.0,B0933G71SZ
pacmap,5000,4416,6.7876954,2.156612,1.0,B09GDD648C
pacmap,5000,4417,6.2112846,1.8330526,1.0,B0BVYB9NVD
pacmap,5000,4418,-5.921527,6.015011,1.0,B0BVY4JVNG
pacmap,5000,4419,2.1870792,-2.7720451,5.0,B0BVY5RHRR
pacmap,5000,4420,-12.187578,-1.4137659,2.0,B0BLVYRWTX
pacmap,5000,4421,4.4979835,-1.0987827,4.0,B0BWYPV5NY
pacmap,5000,4422,-6.006552,5.2695365,2.0,B07LG4FYVR
pacmap,5000,4423,-6.618453,2.5890036,5.0,B07ZQC6B9D
pacmap,5000,4424,-9.477322,-1.8733826,5.0,B078H4YD2L
pacmap,5000,4425,0.5711543,-2.527127,5.0,B07P5JV6HT
pacmap,5000,4426,0.6400445,-2.48731,1.0,B08M8Y6473
pacmap,5000,4427,-0.37503996,3.3400493,5.0,B01IEU7UZ0
pacmap,5000,4428,2.041934,-3.0818338,1.0,B0883DTP6L
pacmap,5000,4429,7.189296,3.6114705,1.0,B01MFBM684
pacmap,5000,4430,-0.12147987,4.324792,5.0,B0BHMN1T7B
pacmap,5000,4431,6.4571023,-5.0567393,5.0,B073S3WQQH
pacmap,5000,4432,-5.0683045,-0.7885747,1.0,B01DLCQZGG
pacmap,5000,4433,2.3028352,-3.952789,4.0,B0BGMZZMZN
pacmap,5000,4434,-11.45128,-2.0264313,5.0,B00WSLYQ7C
pacmap,5000,4435,-10.220008,-2.7148976,5.0,B00IOG3URW
pacmap,5000,4436,-1.6372384,3.6949918,5.0,B003KPBRRW
pacmap,5000,4437,5.2304935,-1.0417478,5.0,B0063N7UGA
pacmap,5000,4438,-3.3790538,-0.37442493,5.0,B004MFBH8S
pacmap,5000,4439,8.442539,6.5653796,1.0,B0009RKLMG
pacmap,5000,4440,-5.319082,-2.5058165,5.0,B001GGAIGI
pacmap,5000,4441,-4.391886,-1.8837904,5.0,B001DVZXC0
pacmap,5000,4442,6.481617,2.607152,5.0,B08SHKWV8L
pacmap,5000,4443,6.7845626,3.5313451,1.0,B078JCWJ9Z
pacmap,5000,4444,0.16660166,2.3946257,3.0,B01CIEBS74
pacmap,5000,4445,5.894065,2.5468364,1.0,B01K6PBIRC
pacmap,5000,4446,2.6974258,-0.5598452,1.0,B01A08E70K
pacmap,5000,4447,1.9748379,-2.967808,5.0,B00A83I8G2
pacmap,5000,4448,6.7539988,3.4002593,5.0,B00GA2PELW
pacmap,5000,4449,1.0007411,1.0307456,5.0,B00B8KXLT8
pacmap,5000,4450,5.312611,-1.3642912,1.0,B0BYPFJKT7
pacmap,5000,4451,-0.17763238,3.6332183,5.0,B008J0Z9TA
pacmap,5000,4452,1.5628779,4.3669763,5.0,B00AW4O0M8
pacmap,5000,4453,6.636455,3.07789,5.0,B004V9F61O
pacmap,5000,4454,0.1615907,3.072496,5.0,B004Q3C98S
pacmap,5000,4455,4.44458,6.054467,1.0,B00825C0PS
pacmap,5000,4456,6.442746,2.5520353,5.0,B0777SJZ55
pacmap,5000,4457,9.0269165,7.743898,5.0,B0043T7FXE
pacmap,5000,4458,4.5343366,-3.8690257,1.0,B01J94SWWU
pacmap,5000,4459,-5.8413386,5.7397213,5.0,B08XKBPPM3
pacmap,5000,4460,-7.141993,8.33055,3.0,B005HGILN0
pacmap,5000,4461,5.6459045,-2.3876326,4.0,B0C36JWCCM
pacmap,5000,4462,-12.299523,-1.0649556,5.0,B09JQMJHXY
pacmap,5000,4463,4.1312485,-5.876099,5.0,B0097BEFWC
pacmap,5000,4464,-7.887169,0.10318165,3.0,B09L44Z63L
pacmap,5000,4465,2.9283566,-3.0540817,5.0,B0B7RL1835
pacmap,5000,4466,-8.639207,-1.7760917,5.0,B07H65KP63
pacmap,5000,4467,4.808959,4.0274324,5.0,B07JMQP6T6
pacmap,5000,4468,6.009176,-0.5813152,5.0,B094QBNBC4
pacmap,5000,4469,1.2425787,-2.5009286,5.0,B07H65KP63
pacmap,5000,4470,-2.6439278,-3.758035,5.0,B0C26NRH8Z
pacmap,5000,4471,-4.1671777,-1.1101213,5.0,B09TKC23YB
pacmap,5000,4472,-7.004257,5.0783563,5.0,B095H4PGJ5
pacmap,5000,4473,1.101377,-4.303924,5.0,B0778MP49B
pacmap,5000,4474,-11.89047,-1.3159361,5.0,B0787KLT56
pacmap,5000,4475,-4.865454,-3.0273216,5.0,B00ZVJAF9G
pacmap,5000,4476,-6.5330315,6.8400764,5.0,B013DN53WU
pacmap,5000,4477,1.4507825,3.8674824,5.0,B00PVIBIN4
pacmap,5000,4478,-2.189269,2.2368703,5.0,B01F69ARK2
pacmap,5000,4479,6.7122006,-2.7424393,5.0,B00MWZTWJG
pacmap,5000,4480,4.983658,-0.64162004,5.0,B07RYN4ZVL
pacmap,5000,4481,-11.233226,-1.268919,5.0,B07FM4HKWN
pacmap,5000,4482,1.2974544,0.8734501,5.0,B0C61QZ71T
pacmap,5000,4483,2.904513,-2.9899228,1.0,B0BX86Q6PB
pacmap,5000,4484,-8.82414,-1.5259224,5.0,B00BCSYZSW
pacmap,5000,4485,-12.403004,-1.6272622,5.0,B00BONB8FS
pacmap,5000,4486,-1.5729233,-1.487389,5.0,B003U46SWC
pacmap,5000,4487,1.9758626,3.1715264,5.0,B0BC8KWS2Q
pacmap,5000,4488,8.526354,1.0520253,5.0,B0BY98CSFT
pacmap,5000,4489,8.659199,0.9008474,5.0,B0BRTPJ8FW
pacmap,5000,4490,-9.851081,-2.6047285,5.0,B0BCF1BSXK
pacmap,5000,4491,-9.164831,-2.3127835,5.0,B08G6KK3L6
pacmap,5000,4492,-7.3132806,-5.1254406,5.0,B07HZLHPKP
pacmap,5000,4493,6.3823066,-1.9409178,1.0,B06XW7T3WD
pacmap,5000,4494,-6.985324,7.2165065,1.0,B0B8J17B9L
pacmap,5000,4495,4.766969,-4.2474,5.0,B0BN1LF4PS
pacmap,5000,4496,6.6267467,-2.9330132,5.0,B0822D8551
pacmap,5000,4497,4.2134867,1.0791026,5.0,B0B2K25S5S
pacmap,5000,4498,-2.2894475,-3.3611236,4.0,B08G1NNG1W
pacmap,5000,4499,-2.3210144,-4.1621604,5.0,B0C4P11F1C
pacmap,5000,4500,-2.2642875,-3.9998631,4.0,B0895N285F
pacmap,5000,4501,-2.2601092,1.0219827,5.0,B0CDCF3MLP
pacmap,5000,4502,8.983337,7.6641355,4.0,B09Y1PSVTB
pacmap,5000,4503,9.087817,7.768006,4.0,B087Q5XTK9
pacmap,5000,4504,-0.4718673,4.934718,5.0,B0C447ZT7H
pacmap,5000,4505,3.8983626,1.5365045,4.0,B087LS8ZRV
pacmap,5000,4506,-6.1804733,4.3996224,5.0,B08LPJL3KB
pacmap,5000,4507,-5.6656156,2.2862663,5.0,B08CV271C7
pacmap,5000,4508,-7.386659,4.2638817,4.0,B08K42MJFP
pacmap,5000,4509,-6.702691,1.9817995,5.0,B08Q2WMGKP
pacmap,5000,4510,-6.584172,4.877276,5.0,B08HM2TBPN
pacmap,5000,4511,-4.4654956,3.3728592,5.0,B08HS2ZCMB
pacmap,5000,4512,-0.7544247,4.5893717,5.0,B08QV1HG4S
pacmap,5000,4513,-6.0639143,2.9177635,5.0,B08HCDV6TT
pacmap,5000,4514,-6.01422,2.7984343,5.0,B08FD2XKWH
pacmap,5000,4515,-3.3643763,4.7335477,5.0,B08GX2YF4D
pacmap,5000,4516,-6.160107,2.754712,5.0,B08CDD6PCW
pacmap,5000,4517,5.513862,-0.8371164,4.0,B08315RYD4
pacmap,5000,4518,-6.2768683,2.3136249,5.0,B09LQ4FCD6
pacmap,5000,4519,-7.0488734,4.3430643,5.0,B08BC9J8QQ
pacmap,5000,4520,-6.6044164,3.1368802,5.0,B0B23LRBRP
pacmap,5000,4521,-5.711011,2.4982545,5.0,B09WKF4TZ4
pacmap,5000,4522,-6.237536,3.1864245,5.0,B08DCSS6LH
pacmap,5000,4523,-6.1103697,5.1316667,5.0,B08BJ8TBZ4
pacmap,5000,4524,-0.29753244,2.5594575,4.0,B08MFWGDH1
pacmap,5000,4525,-3.1962388,4.551394,4.0,B09LH8BBBK
pacmap,5000,4526,-4.3468523,2.9446983,4.0,B08C4NSZQK
pacmap,5000,4527,-6.8782115,3.4717832,5.0,B087T7T8Z7
pacmap,5000,4528,-6.6688747,3.1081073,5.0,B08N3ZWCN8
pacmap,5000,4529,-6.67798,3.47308,5.0,B087TCTMKV
pacmap,5000,4530,-8.011933,4.2647343,4.0,B088K166SR
pacmap,5000,4531,7.0889373,0.90700376,4.0,B08C5GPVP2
pacmap,5000,4532,-3.4944077,0.16704734,5.0,B08P1YXVNR
pacmap,5000,4533,-4.5992227,-0.8388955,4.0,B0931DYBX5
pacmap,5000,4534,4.6706285,0.4109644,4.0,B08FG7X8TL
pacmap,5000,4535,0.44028875,0.23098838,5.0,B0BKG4RT1F
pacmap,5000,4536,4.2905364,-0.18560064,4.0,B081VT2CPW
pacmap,5000,4537,4.0337214,1.7184173,5.0,B07Z7ZWC6S
pacmap,5000,4538,-3.2593822,4.693346,5.0,B0859TMPHT
pacmap,5000,4539,-6.863379,-2.6722612,4.0,B07XQ325Y3
pacmap,5000,4540,-6.2029243,5.169763,5.0,B084Z66SFG
pacmap,5000,4541,9.040739,7.6751695,4.0,B09Y2SCDB2
pacmap,5000,4542,3.863831,1.633512,5.0,B07ZNQZC9W
pacmap,5000,4543,-3.3128974,0.7876806,4.0,B0BVV61JV3
pacmap,5000,4544,5.9667373,-0.91125673,5.0,B083XSR7Z6
pacmap,5000,4545,-4.5097384,3.3682554,5.0,B082WCKGD8
pacmap,5000,4546,-6.1248975,6.2042966,4.0,B083SG6P3J
pacmap,5000,4547,-3.6135066,0.13189733,5.0,B0C45YWP9R
pacmap,5000,4548,0.87422997,-1.3852385,5.0,B07ZWYLVNY
pacmap,5000,4549,-8.102034,-1.2270641,4.0,B07ZVG36ZR
pacmap,5000,4550,-4.6906195,2.596971,5.0,B0823BYWGN
pacmap,5000,4551,4.0090184,1.8831226,5.0,B083169BMW
pacmap,5000,4552,7.139728,3.5210657,5.0,B0814BN42P
pacmap,5000,4553,-3.8629644,3.13472,5.0,B0B28GXPRR
pacmap,5000,4554,7.314109,3.7855496,5.0,B07YJXWDJP
pacmap,5000,4555,-8.725861,-0.73383737,4.0,B08LYFRFDK
pacmap,5000,4556,-6.265239,3.2064037,5.0,B0814TG59P
pacmap,5000,4557,-3.569778,4.763442,5.0,B0773LJBZ5
pacmap,5000,4558,2.0030177,-0.41192466,5.0,B07WL1RMZK
pacmap,5000,4559,-3.748265,4.5529733,4.0,B07Q8N8BN8
pacmap,5000,4560,-4.7692494,5.38542,5.0,B07TX1M942
pacmap,5000,4561,4.7125053,-0.19681892,5.0,B07R3QL594
pacmap,5000,4562,-12.355802,-0.8068303,5.0,B07QXJZ6HR
pacmap,5000,4563,-3.4714296,3.8163118,4.0,B07PVG3ZW3
pacmap,5000,4564,-5.658149,2.3159401,4.0,B0891X1KDY
pacmap,5000,4565,-0.2344719,3.49979,4.0,B07S1FMVKG
pacmap,5000,4566,-7.705098,-1.7587972,3.0,B0BJ7QMYBF
pacmap,5000,4567,3.394934,1.5341207,4.0,B07Q1DPGWM
pacmap,5000,4568,-4.434622,2.898438,5.0,B07LFWRL26
pacmap,5000,4569,3.0725224,0.2088671,4.0,B07PVM4YSX
pacmap,5000,4570,-5.8631344,5.8221045,4.0,B0BXPGHMN6
pacmap,5000,4571,4.945886,-0.5166148,5.0,B09WHPJZD3
pacmap,5000,4572,0.40305176,0.60942966,4.0,B08D8XN6C2
pacmap,5000,4573,3.2870066,0.20788102,4.0,B0B9HF8KDV
pacmap,5000,4574,7.083176,3.3892741,4.0,B06ZYB8VD7
pacmap,5000,4575,-5.4325113,2.7902195,5.0,B07HF1TZ1X
pacmap,5000,4576,3.9678237,1.7692728,5.0,B07DND2W6W
pacmap,5000,4577,9.066841,7.794483,4.0,B0BG27Y7DY
pacmap,5000,4578,0.5421461,1.0522748,4.0,B079YGJ9XL
pacmap,5000,4579,4.029692,1.6734939,5.0,B076B3Q8JR
pacmap,5000,4580,-12.135757,-1.557623,3.0,B077P4WWHV
pacmap,5000,4581,-12.14278,-1.0910552,5.0,B0778PCW73
pacmap,5000,4582,-1.6348399,-1.3437598,4.0,B071XY12YY
pacmap,5000,4583,-9.513139,-0.14930308,5.0,B0764DQM28
pacmap,5000,4584,3.9068654,-2.000285,5.0,B06XDH6XL3
pacmap,5000,4585,2.6423357,4.7610946,5.0,B06WD61CF5
pacmap,5000,4586,1.6530659,4.376987,5.0,B01MS79LGW
pacmap,5000,4587,-6.1885085,4.6398444,4.0,B01N526C57
pacmap,5000,4588,-4.092864,2.900406,5.0,B07ZPPR4DH
pacmap,5000,4589,-10.874397,-2.0765786,5.0,B01DM7AEKI
pacmap,5000,4590,-8.601753,4.012746,5.0,B01BD79DSS
pacmap,5000,4591,-9.095429,-2.1983526,5.0,B0156KV764
pacmap,5000,4592,3.553668,0.74411,4.0,B00UAN79KQ
pacmap,5000,4593,8.070238,0.86447865,5.0,B00U5ROEIW
pacmap,5000,4594,-3.1632187,1.3500158,4.0,B00SOXMCCO
pacmap,5000,4595,6.773485,2.7321322,5.0,B01BJLCN94
pacmap,5000,4596,-9.102282,0.24907942,3.0,B00O90HI3Y
pacmap,5000,4597,3.6297534,-1.545276,4.0,B00GTRVO12
pacmap,5000,4598,-5.4977574,5.868644,5.0,B07MFZMQHP
pacmap,5000,4599,-8.615186,-0.7329441,5.0,B00I59VBH4
pacmap,5000,4600,1.5359273,4.3882637,5.0,B00ANG3T1S
pacmap,5000,4601,6.947002,3.5736015,4.0,B00EZBY6F0
pacmap,5000,4602,8.500357,0.39116368,5.0,B00EN9Q35A
pacmap,5000,4603,-8.55171,-2.7261426,5.0,B00BF9I0JI
pacmap,5000,4604,-8.444213,-1.0761268,5.0,B00CACUZF6
pacmap,5000,4605,7.4569426,3.2191634,4.0,B009YQ8BTI
pacmap,5000,4606,3.3734684,0.55954987,4.0,B008RW6QHY
pacmap,5000,4607,-11.474105,-1.0930794,4.0,B0094S37GS
pacmap,5000,4608,6.5363917,2.0953422,4.0,B002MCZ2L6
pacmap,5000,4609,6.537041,2.3871262,4.0,B00AFSNGAI
pacmap,5000,4610,1.0948231,-2.471788,4.0,B006ZGB58Y
pacmap,5000,4611,-0.30137724,4.716608,4.0,B0013G04AQ
pacmap,5000,4612,-8.348663,-1.3574505,5.0,B003LNNOCO
pacmap,5000,4613,8.464744,0.63160044,5.0,B004JMZPJQ
pacmap,5000,4614,7.00205,3.4983282,5.0,B0079T724W
pacmap,5000,4615,1.1214229,-2.4792106,3.0,B007CRWQ74
pacmap,5000,4616,-11.216053,-1.1172699,5.0,B007K3SB6K
pacmap,5000,4617,4.139992,0.18362942,5.0,B003ES61EE
pacmap,5000,4618,-11.597722,-1.287757,4.0,B005FVDTAW
pacmap,5000,4619,-11.21173,-1.0321493,3.0,B004JU0E08
pacmap,5000,4620,-11.367072,-0.69314736,5.0,B002YOENAS
pacmap,5000,4621,-2.1472597,-4.1449037,4.0,B004K1EZDS
pacmap,5000,4622,0.65566254,1.0171866,4.0,B004I1KJ8U
pacmap,5000,4623,3.5206835,4.6088753,5.0,B00267SENK
pacmap,5000,4624,7.084196,3.5502691,4.0,B004AM625G
pacmap,5000,4625,-8.812045,-2.274799,4.0,B0041HXGIQ
pacmap,5000,4626,-7.7288475,-2.0138378,3.0,B001D559Y8
pacmap,5000,4627,6.3964796,-0.3987423,5.0,B0033A7K7A
pacmap,5000,4628,-2.1894567,-4.103376,5.0,B0013F6HK8
pacmap,5000,4629,-11.91935,-2.0293007,4.0,B0C39XH7F7
pacmap,5000,4630,2.6881177,-0.68804735,1.0,B07N86MCD2
pacmap,5000,4631,-11.007197,-0.46031553,1.0,B00AFGP5MM
pacmap,5000,4632,-8.604008,-1.0962487,5.0,B07Z9X3397
pacmap,5000,4633,5.379086,2.1329181,5.0,B07S83DXDK
pacmap,5000,4634,3.0036533,-6.2835436,5.0,B06W568Y6C
pacmap,5000,4635,2.787919,-6.917411,5.0,B07H65KP63
pacmap,5000,4636,3.9351618,0.8881685,4.0,B0C5S13X5W
pacmap,5000,4637,-4.8464456,3.4599195,1.0,B083LC9WMB
pacmap,5000,4638,-10.592696,-3.097444,5.0,B097MPYBR7
pacmap,5000,4639,5.958289,-0.9184197,3.0,B082TNQZYQ
pacmap,5000,4640,0.38260928,-2.374433,5.0,B07MFZ9MHM
pacmap,5000,4641,-4.0453014,-2.4364126,5.0,B075X8471B
pacmap,5000,4642,3.3504963,-3.750761,4.0,B076F4MWJ2
pacmap,5000,4643,6.300147,2.1834042,5.0,B078XRNNDG
pacmap,5000,4644,3.273011,5.4112463,5.0,B01BFIBRIE
pacmap,5000,4645,4.625235,4.271889,5.0,B01BRWH8G8
pacmap,5000,4646,6.128668,-2.233439,3.0,B0BB2LBQJ9
pacmap,5000,4647,6.578876,2.345828,5.0,B0995VY79Y
pacmap,5000,4648,4.8265257,0.020682078,5.0,B08SQKZDKR
pacmap,5000,4649,7.331663,-2.9951599,5.0,B07D1MFR2V
pacmap,5000,4650,5.5391016,-1.5787427,5.0,B091GFZJRT
pacmap,5000,4651,5.02668,-5.076009,5.0,B07TLVMRNW
pacmap,5000,4652,-9.450743,-2.5604453,5.0,B07TJLM1YM
pacmap,5000,4653,-9.147007,-3.1713572,5.0,B078W4T2SS
pacmap,5000,4654,6.358232,2.5087354,5.0,B07L63NVK4
pacmap,5000,4655,3.6369216,-2.443604,3.0,B075QCZRXY
pacmap,5000,4656,-0.6436361,4.850383,5.0,B09ZQ4GHM8
pacmap,5000,4657,12.897519,-16.170864,5.0,B0C4T2HF5W
pacmap,5000,4658,6.446644,2.10515,5.0,B01HCGZY50
pacmap,5000,4659,6.530157,0.89717007,5.0,B09G2SP42N
pacmap,5000,4660,7.6560445,-2.7052085,1.0,B00G2UBWGI
pacmap,5000,4661,-4.8628383,4.452199,5.0,B07LF54F6H
pacmap,5000,4662,-6.9025917,6.83933,5.0,B077XVH192
pacmap,5000,4663,5.46729,-0.21056524,1.0,B07BSJCMGS
pacmap,5000,4664,-3.9563568,-0.8346855,5.0,B01ETRH0AM
pacmap,5000,4665,-12.324603,-0.94763833,5.0,B07V3RB9C1
pacmap,5000,4666,-6.965672,6.7616653,5.0,B075WD3YHX
pacmap,5000,4667,-6.9183774,1.6244736,4.0,B09F5PVRQD
pacmap,5000,4668,-6.997332,1.5783317,5.0,B0B787CN26
pacmap,5000,4669,2.5758994,-1.9767524,5.0,B01I8VCDX4
pacmap,5000,4670,-4.343208,2.301444,1.0,B0199HAOAU
pacmap,5000,4671,-3.84482,4.1255674,5.0,B0761T4DHF
pacmap,5000,4672,-1.9951434,-3.6028848,5.0,B013CV95J0
pacmap,5000,4673,3.9305453,5.885903,3.0,B07P374FF3
pacmap,5000,4674,-4.4988394,-2.1488776,5.0,B00RFLXE0A
pacmap,5000,4675,-6.9312935,6.6025133,4.0,B018SZT3BK
pacmap,5000,4676,-2.431737,-4.0895166,5.0,B00QGOQ2BA
pacmap,5000,4677,-2.5708954,-3.603849,5.0,B01N0FGGBR
pacmap,5000,4678,1.0467818,-2.4054909,5.0,B00TIYNGBY
pacmap,5000,4679,-4.357849,0.50028443,5.0,B08J91XPGV
pacmap,5000,4680,-2.3504937,2.0978246,5.0,B00BH61UV4
pacmap,5000,4681,2.9802656,-4.7621727,1.0,B09J49WZXQ
pacmap,5000,4682,4.823682,-2.1537173,4.0,B00O8NVPBI
pacmap,5000,4683,-10.013616,-2.540818,5.0,B001THL8SQ
pacmap,5000,4684,5.872121,-0.6239503,5.0,B01CXIFOU2
pacmap,5000,4685,3.9755874,-2.2211583,5.0,B00LMRP6UY
pacmap,5000,4686,6.1093073,1.4611355,4.0,B098Q3L9NJ
pacmap,5000,4687,5.3515024,-0.7764798,1.0,B07H4SVXYP
pacmap,5000,4688,3.2865999,-2.5747736,3.0,B09BQLWBR3
pacmap,5000,4689,-1.5989312,-3.6690135,1.0,B00NR1EHP8
pacmap,5000,4690,-10.390314,-2.5467756,5.0,B00FO0IHMY
pacmap,5000,4691,8.403969,6.393985,4.0,B00QRPPCMI
pacmap,5000,4692,0.38840634,-0.01903549,4.0,B0B2V9KS41
pacmap,5000,4693,0.47783315,-0.5163727,5.0,B081498PMW
pacmap,5000,4694,5.284092,1.7485046,2.0,B07PG6YW52
pacmap,5000,4695,2.854215,5.2764497,5.0,B0794ZR7T8
pacmap,5000,4696,6.4229827,2.7871218,5.0,B07FMBYFD1
pacmap,5000,4697,0.4103839,4.548811,3.0,B07PSGC87H
pacmap,5000,4698,4.664403,-3.4351313,5.0,B08YFJYD5Z
pacmap,5000,4699,-6.5767684,5.701723,5.0,B008KRZDYI
pacmap,5000,4700,-7.2467628,7.040027,2.0,B08TZX2DW5
pacmap,5000,4701,2.505656,-7.7243237,5.0,B0041OTZAM
pacmap,5000,4702,0.1451076,-3.714491,1.0,B09L7HBXYC
pacmap,5000,4703,3.4838045,-0.44137466,1.0,B08XQCYPJ3
pacmap,5000,4704,2.8091493,-0.10050749,5.0,B0BNSWXKFB
pacmap,5000,4705,3.0857096,-2.1381567,5.0,B0C5S4MXKF
pacmap,5000,4706,9.095748,1.1241229,4.0,B017EHRZX6
pacmap,5000,4707,9.097835,1.0595907,2.0,B088LWZRQ8
pacmap,5000,4708,-6.0250177,5.8986964,4.0,B00GYP8MA0
pacmap,5000,4709,-6.3585625,6.4201417,5.0,B07TKVB64D
pacmap,5000,4710,1.4246079,0.7901005,5.0,B014TUZ92U
pacmap,5000,4711,0.16418998,2.6241708,5.0,B011BRUOMO
pacmap,5000,4712,5.9019275,-1.06187,5.0,B00S05R5QY
pacmap,5000,4713,1.0767018,-4.340035,5.0,B07KTYJ769
pacmap,5000,4714,5.81848,-2.2318897,5.0,B07SGBZF17
pacmap,5000,4715,-6.4620643,5.484202,5.0,B078H4694S
pacmap,5000,4716,-3.6114032,-1.631577,5.0,B075JZNHTD
pacmap,5000,4717,-2.2206502,2.2497654,5.0,B01L73OEOG
pacmap,5000,4718,-12.5741005,-2.035605,5.0,B01DOW5RTO
pacmap,5000,4719,-9.546435,-3.249695,5.0,B01LZV6TYQ
pacmap,5000,4720,-7.139918,8.210011,5.0,B01FJPACGC
pacmap,5000,4721,2.2193751,-1.3769754,2.0,B017NHHZ4G
pacmap,5000,4722,3.3031826,5.504099,5.0,B07P374FF3
pacmap,5000,4723,6.79927,-3.0987122,5.0,B00BT6NZLA
pacmap,5000,4724,-5.5554256,6.1396117,4.0,B004I2KA4M
pacmap,5000,4725,5.219394,-0.7354223,5.0,B00CRQUKQ4
pacmap,5000,4726,5.704744,-4.862903,5.0,B098ZZWTC5
pacmap,5000,4727,5.2283907,-0.63058686,4.0,B0BLMPQL2D
pacmap,5000,4728,7.21138,3.8834984,5.0,B0079EZRGC
pacmap,5000,4729,4.6952133,-2.5022542,5.0,B00BQM8S2S
pacmap,5000,4730,4.412638,5.8246183,5.0,B0051VVOB2
pacmap,5000,4731,7.101972,1.1040845,5.0,B009AOGJDE
pacmap,5000,4732,2.965749,-5.2930236,5.0,B07NSWGL41
pacmap,5000,4733,-0.1973353,-3.7055032,5.0,B011CUSX3C
pacmap,5000,4734,-3.2731214,-0.31313136,5.0,B08N9DPW69
pacmap,5000,4735,0.24938636,0.48120233,4.0,B0BM2YG2K7
pacmap,5000,4736,5.596892,-0.88704205,5.0,B071FXZBMV
pacmap,5000,4737,-5.0443316,5.534259,4.0,B07BK59YYC
pacmap,5000,4738,-0.2993882,4.395149,5.0,B0C1BVZHD1
pacmap,5000,4739,-6.5184836,8.787175,3.0,B07W1Q3X7S
pacmap,5000,4740,-8.363684,-0.8725749,4.0,B07CPNR79C
pacmap,5000,4741,12.445547,-3.6222842,5.0,B082Z2KZP8
pacmap,5000,4742,4.2649894,-4.894686,4.0,B07PQJGCVT
pacmap,5000,4743,-6.978878,5.0965295,5.0,B00KDOUH0G
pacmap,5000,4744,-8.371748,-2.5841515,4.0,B001FA1O18
pacmap,5000,4745,0.32320634,0.12360647,5.0,B005FM8UL4
pacmap,5000,4746,0.3217608,0.50760764,5.0,B07KVP7TTW
pacmap,5000,4747,2.2838902,-3.1585891,5.0,B091YNGYMT
pacmap,5000,4748,6.047959,5.0137653,5.0,B00FJK0LDW
pacmap,5000,4749,-2.3968513,-1.0069664,1.0,B002UUTCMU
pacmap,5000,4750,4.755552,-3.380342,1.0,B00WUWVO88
pacmap,5000,4751,-7.146195,-4.9820266,2.0,B07HZLHPKP
pacmap,5000,4752,1.7373081,0.67288345,4.0,B00N1XLAZC
pacmap,5000,4753,-3.9718382,-2.7406626,5.0,B01CCMUN8C
pacmap,5000,4754,9.053623,7.8010225,4.0,B00BIFNTMC
pacmap,5000,4755,4.5243363,1.3909405,5.0,B08FD79VFW
pacmap,5000,4756,5.1717978,-3.4803836,5.0,B07TXJQC3J
pacmap,5000,4757,-9.541876,-2.8890204,3.0,B07CRKFF9C
pacmap,5000,4758,-1.8928567,-0.81941265,1.0,B075X8471B
pacmap,5000,4759,6.710734,-3.934874,5.0,B0736ZHMMK
pacmap,5000,4760,-6.5008826,-2.5977535,5.0,B09FDMGNQR
pacmap,5000,4761,5.74718,-1.9194914,5.0,B07NZ5F523
pacmap,5000,4762,4.7744894,-1.4422253,5.0,B0BQRNFHCV
pacmap,5000,4763,6.0285587,1.4393456,5.0,B00SF6VSVG
pacmap,5000,4764,6.131947,3.755994,5.0,B06XSGYL1Q
pacmap,5000,4765,-8.361823,-1.5904052,5.0,B07Y4WVD8L
pacmap,5000,4766,-5.464906,4.799393,5.0,B08HM51MMR
pacmap,5000,4767,-7.0751014,4.746382,5.0,B08H5LZRVS
pacmap,5000,4768,-4.6520824,2.5041792,5.0,B08H5DV1YC
pacmap,5000,4769,-6.125036,5.732052,5.0,B08KTJC3P5
pacmap,5000,4770,8.980085,7.5931034,5.0,B09Y1PSVTB
pacmap,5000,4771,7.914193,3.1436996,5.0,B087Q5XTK9
pacmap,5000,4772,-0.15904742,3.7869802,5.0,B083P66G5H
pacmap,5000,4773,-0.0734254,3.9427614,5.0,B09BQQZQMM
pacmap,5000,4774,3.6873791,1.2381967,4.0,B082W1SWKC
pacmap,5000,4775,1.0465481,3.6458032,4.0,B08CSHM6L3
pacmap,5000,4776,-5.6134214,6.088403,4.0,B07921HW1Z
pacmap,5000,4777,4.8627086,1.1216294,5.0,B07X54PV85
pacmap,5000,4778,-6.358564,6.685961,4.0,B07VSGQ62K
pacmap,5000,4779,-6.4928527,2.9232826,5.0,B0BMQ999F8
pacmap,5000,4780,-6.1994042,3.3087635,5.0,B07SCXM7BH
pacmap,5000,4781,-4.1610155,0.94200754,4.0,B07M8RNRGT
pacmap,5000,4782,-7.0248337,8.408705,5.0,B0BGPJNJBH
pacmap,5000,4783,-6.3026104,5.842108,1.0,B07RXXTZ6R
pacmap,5000,4784,1.4255522,4.050118,5.0,B07RF2123Z
pacmap,5000,4785,-3.730628,5.155826,5.0,B07FQ94LV7
pacmap,5000,4786,-10.642437,-1.2350228,4.0,B07S479R2L
pacmap,5000,4787,-8.359542,-1.1298413,4.0,B08TRD3FRW
pacmap,5000,4788,-3.6271539,3.7415392,4.0,B07PVG3ZW3
pacmap,5000,4789,-5.5377693,6.4677505,4.0,B07YJ9L5MY
pacmap,5000,4790,-4.0426564,2.4794362,4.0,B07QKBV6TP
pacmap,5000,4791,3.4205763,-3.1044443,5.0,B00JZFG6QS
pacmap,5000,4792,7.7805634,1.366185,4.0,B07PPP7QMP
pacmap,5000,4793,-7.177754,8.074885,2.0,B07PCGV1FC
pacmap,5000,4794,3.1384597,-0.77274925,5.0,B07JGSN975
pacmap,5000,4795,-0.06472406,1.7147648,2.0,B07M9K3122
pacmap,5000,4796,-12.260549,-1.6910353,3.0,B07N5XKK95
pacmap,5000,4797,0.5140074,1.0954514,4.0,B07G57SHSL
pacmap,5000,4798,-3.388419,4.90312,4.0,B07JX736SB
pacmap,5000,4799,-5.892145,5.2673774,4.0,B07FZSR9JW
pacmap,5000,4800,-4.7731423,5.066307,3.0,B07FDHN9V8
pacmap,5000,4801,2.61274,-0.3088515,4.0,B07STM5GQG
pacmap,5000,4802,9.06085,7.7287097,4.0,B07BMX18JN
pacmap,5000,4803,-4.235339,3.5007496,5.0,B07N3B66YQ
pacmap,5000,4804,-7.267329,-5.123085,4.0,B07MC8C9LP
pacmap,5000,4805,-6.1498804,6.8092313,4.0,B07DN7XBN3
pacmap,5000,4806,0.20021573,1.2058992,1.0,B07MZRP64K
pacmap,5000,4807,-11.515471,-0.64157295,3.0,B07MCSKB9P
pacmap,5000,4808,-5.505028,6.6242986,4.0,B0BXPGHMN6
pacmap,5000,4809,-2.3985693,-4.1433897,5.0,B00QGOQ2BA
pacmap,5000,4810,-2.429168,-4.0817513,5.0,B0C1D3JB4R
pacmap,5000,4811,-1.8557649,0.67667377,5.0,B07LCDQSVL
pacmap,5000,4812,4.252429,-0.7376608,5.0,B08Y929JZN
pacmap,5000,4813,0.6838446,2.854506,4.0,B085QC3JXX
pacmap,5000,4814,2.1770315,3.3107412,4.0,B07JW1YSRH
pacmap,5000,4815,4.939089,1.6553718,4.0,B07KXWX1VY
pacmap,5000,4816,8.548735,6.5567822,3.0,B0CBW96P7H
pacmap,5000,4817,-9.080346,-2.746667,4.0,B07HT12PD5
pacmap,5000,4818,-9.162034,-1.3938322,4.0,B07HR7H4ML
pacmap,5000,4819,-7.072031,8.401821,5.0,B0BC2STR39
pacmap,5000,4820,-0.70972866,4.836963,5.0,B0B6D4W3R7
pacmap,5000,4821,9.069529,7.808601,5.0,B0BG27Y7DY
pacmap,5000,4822,1.3758364,4.068534,5.0,B06WVQ7SQL
pacmap,5000,4823,9.091835,7.8173866,4.0,B074HYNMWG
pacmap,5000,4824,8.906922,0.672674,5.0,B0722Y445X
pacmap,5000,4825,1.028213,3.9564064,2.0,B00CRGJDD0
pacmap,5000,4826,-4.8675747,7.3716626,5.0,B06WP2Y7B4
pacmap,5000,4827,7.7930207,-0.45519218,5.0,B01AC402TM
pacmap,5000,4828,2.8497517,-0.8662818,5.0,B01IOHQYDM
pacmap,5000,4829,8.72258,0.6579347,5.0,B01CXP8AX8
pacmap,5000,4830,-2.3640828,-4.7712374,5.0,B00PEW7NP4
pacmap,5000,4831,-2.4111261,-4.8668723,5.0,B00TLEXZ8K
pacmap,5000,4832,-2.4401813,-4.8185034,5.0,B00V5EMQAM
pacmap,5000,4833,0.5960763,3.2172449,5.0,B01BF11RJK
pacmap,5000,4834,0.43100682,3.2542381,5.0,B00ZVNTU6Q
pacmap,5000,4835,0.40487692,3.0402708,5.0,B01BF13LZ8
pacmap,5000,4836,0.3835467,2.6831198,5.0,B015IX72CM
pacmap,5000,4837,8.3264475,1.0700147,5.0,B017KF7WH6
pacmap,5000,4838,6.6610003,4.4697175,5.0,B00Y3DLTF0
pacmap,5000,4839,-0.09304357,4.007276,4.0,B00SSUWGQK
pacmap,5000,4840,0.7808814,-1.3034847,5.0,B00M30SQL0
pacmap,5000,4841,-2.3928154,-4.259111,5.0,B00BK0YRZS
pacmap,5000,4842,-2.4080667,-4.8626695,5.0,B00MEIBYJM
pacmap,5000,4843,-2.392874,-4.878867,5.0,B00PT90SCW
pacmap,5000,4844,-2.4307332,-4.9468155,5.0,B00P9WGLCU
pacmap,5000,4845,-2.4144516,-4.8457932,5.0,B00NZV0LP0
pacmap,5000,4846,-2.4267306,-4.848825,5.0,B00MOTL0Q8
pacmap,5000,4847,-2.5289383,-4.1804633,4.0,B00KVD6CJY
pacmap,5000,4848,6.413576,0.24728124,4.0,B00LIC2FHA
pacmap,5000,4849,7.7769504,2.0813487,3.0,B00CNMYP0E
pacmap,5000,4850,-3.0174503,0.016507478,3.0,B000JTL6QO
pacmap,5000,4851,0.37051538,1.9710823,4.0,B001FN14RE
pacmap,5000,4852,0.18700759,1.5912211,4.0,B0046TVZSW
pacmap,5000,4853,0.41454315,2.3722787,5.0,B00IYOJD84
pacmap,5000,4854,2.6112394,5.4437704,5.0,B00DGM6ZE4
pacmap,5000,4855,6.3970904,4.1970906,4.0,B00EUFP66Y
pacmap,5000,4856,6.5796084,3.6593997,5.0,B00E60PZFK
pacmap,5000,4857,9.075213,7.7804403,5.0,B006UIFTTS
pacmap,5000,4858,7.7036395,0.5983133,4.0,B00BW0QC8G
pacmap,5000,4859,6.0813007,5.1362467,5.0,B00B29X7R6
pacmap,5000,4860,4.757726,-1.2235737,2.0,B00A3G8ZIK
pacmap,5000,4861,-1.2932314,4.991427,5.0,B00GPL2ZJ2
pacmap,5000,4862,-6.733765,-2.6988845,4.0,B000068EAM
pacmap,5000,4863,-6.7548037,-2.648331,4.0,B0001M2FYQ
pacmap,5000,4864,2.7688048,5.290643,5.0,B0055D66V4
pacmap,5000,4865,-2.8763406,-0.19055046,5.0,B000XG8WV0
pacmap,5000,4866,6.620785,3.5324845,4.0,B005EJLFXI
pacmap,5000,4867,5.193172,3.5253584,4.0,B005EJLFXS
pacmap,5000,4868,5.400306,3.7900546,4.0,B005G0CUP2
pacmap,5000,4869,0.20167656,0.7144026,5.0,B0026FCXCU
pacmap,5000,4870,0.88093305,0.8740291,5.0,B002B55PR0
pacmap,5000,4871,0.5896561,0.9698916,5.0,B000N386VE
pacmap,5000,4872,-1.8632728,1.6209372,5.0,B0076LY2BY
pacmap,5000,4873,-3.2406623,-0.13430661,5.0,B007GNMNLS
pacmap,5000,4874,-2.653746,0.70021033,5.0,B007GNMMNM
pacmap,5000,4875,-8.259974,-1.0352769,5.0,B004YIZWYI
pacmap,5000,4876,2.683651,-6.998475,5.0,B08KZ1TZYB
pacmap,5000,4877,-6.6068807,-2.5406723,5.0,B00LICJZYQ
pacmap,5000,4878,-9.4626465,-2.7408373,5.0,B07TRQ9JSH
pacmap,5000,4879,-6.996232,7.673005,5.0,B016NFJFYC
pacmap,5000,4880,-1.8615727,-3.909424,1.0,B09XV3FW7H
pacmap,5000,4881,-9.160284,-0.5222498,3.0,B0BRL1Z4WB
pacmap,5000,4882,3.0573428,-3.7349818,1.0,B01GVOVB1A
pacmap,5000,4883,4.1993227,-2.3309276,1.0,B08LYQT6C6
pacmap,5000,4884,6.882199,0.30739647,5.0,B08K2GBBY1
pacmap,5000,4885,4.663489,-5.4058747,5.0,B07KM2BW2P
pacmap,5000,4886,3.168509,0.8600928,5.0,B08F28DTVP
pacmap,5000,4887,7.683987,-0.74120444,5.0,B06WD7HC3C
pacmap,5000,4888,5.7015386,-2.9971125,5.0,B01MQFICHV
pacmap,5000,4889,8.431005,6.1762557,5.0,B0753GNMW2
pacmap,5000,4890,2.069654,-3.684995,1.0,B095JX15XF
pacmap,5000,4891,2.313567,-2.0411508,5.0,B0098USJJ2
pacmap,5000,4892,-9.661949,-2.9554515,3.0,B088BG6512
pacmap,5000,4893,6.219798,-3.0282636,5.0,B07SYZRRS2
pacmap,5000,4894,6.3974843,2.420362,5.0,B07R78QTJ3
pacmap,5000,4895,5.427706,-5.528924,5.0,B00RBG6OE2
pacmap,5000,4896,5.976589,-5.60441,5.0,B076PHPKML
pacmap,5000,4897,5.041927,-6.611342,5.0,B00OPTOKI0
pacmap,5000,4898,5.8729463,-5.635484,5.0,B01985CJUG
pacmap,5000,4899,5.377999,-4.626898,5.0,B0779JLSB1
pacmap,5000,4900,-10.3934765,-3.629004,5.0,B00TFGX35Y
pacmap,5000,4901,5.323206,-4.177997,5.0,B0013GJIBC
pacmap,5000,4902,5.0313077,0.49763447,1.0,B086Y77P1D
pacmap,5000,4903,1.7735087,-2.539451,1.0,B0852JSP1W
pacmap,5000,4904,4.2408113,-2.9833016,1.0,B07JF2ZSC9
pacmap,5000,4905,-3.4277222,-0.9822596,5.0,B07H65KP63
pacmap,5000,4906,-9.746392,-2.7301362,4.0,B0170RBJ9Q
pacmap,5000,4907,3.1061943,-6.134699,5.0,B08G43DN5X
pacmap,5000,4908,5.089006,-1.0129012,5.0,B07P6WSXBW
pacmap,5000,4909,-12.007691,-1.5532254,5.0,B07X6KGF9R
pacmap,5000,4910,7.19372,4.591368,5.0,B079D84TFQ
pacmap,5000,4911,0.5866708,-0.71121866,5.0,B00N2ZDXW2
pacmap,5000,4912,-9.131802,-2.6778564,4.0,B09F3H9RRY
pacmap,5000,4913,4.884471,-5.357862,5.0,B09YNVBNRT
pacmap,5000,4914,-9.958839,-2.266255,5.0,B0C338S8M7
pacmap,5000,4915,8.3144245,0.5413787,2.0,B01M71YIG3
pacmap,5000,4916,-4.2270446,-0.5865571,5.0,B07GZFM1ZM
pacmap,5000,4917,-3.1738436,-1.422743,4.0,B075X8471B
pacmap,5000,4918,2.764231,-6.816922,5.0,B076YTXPC8
pacmap,5000,4919,6.402195,-3.2494588,5.0,B0B17GGGGY
pacmap,5000,4920,-11.678699,-1.1916233,5.0,B07C6FHTSH
pacmap,5000,4921,4.4804974,-3.5312006,5.0,B09N97CTTW
pacmap,5000,4922,-8.297773,-0.46897015,1.0,B073VLYXRW
pacmap,5000,4923,6.769555,-6.705924,5.0,B0BHYZQ5LM
pacmap,5000,4924,6.7534766,-6.8652024,5.0,B09Y8VRNRV
pacmap,5000,4925,6.778011,-6.8875523,5.0,B0BPHSS2PW
pacmap,5000,4926,5.5665917,-6.70022,5.0,B09YPZWP36
pacmap,5000,4927,-9.31331,-2.5372937,5.0,B0B16HQ7NW
pacmap,5000,4928,-9.256209,-2.6911225,5.0,B0C2CJ136N
pacmap,5000,4929,-8.349574,-2.6439707,5.0,B097ZY395L
pacmap,5000,4930,-3.896672,0.24464373,4.0,B08FWXW5TC
pacmap,5000,4931,8.458591,0.5969101,5.0,B07N6YPCMZ
pacmap,5000,4932,-1.8413635,-3.5982413,5.0,B08NXWM3GK
pacmap,5000,4933,-4.989454,6.014425,5.0,B08BPG8YJ6
pacmap,5000,4934,-2.084865,-3.3304503,3.0,B0BMJ4RFGT
pacmap,5000,4935,0.024677275,0.87663025,5.0,B08L588BBW
pacmap,5000,4936,0.1837826,0.32912052,5.0,B09XXVR2JT
pacmap,5000,4937,0.36217675,0.35544884,5.0,B09XXVR2JT
pacmap,5000,4938,-0.16028783,4.1893616,5.0,B07ZSD7CBJ
pacmap,5000,4939,0.5131818,0.14341275,5.0,B09TD6YRS4
pacmap,5000,4940,-2.3158858,-3.9079406,5.0,B08HPHRXDT
pacmap,5000,4941,-2.052425,-4.0265884,5.0,B0B5P8C87Y
pacmap,5000,4942,-0.21917154,-2.816436,5.0,B084JSDR5B
pacmap,5000,4943,2.2342267,0.8316374,5.0,B095PVXLWJ
pacmap,5000,4944,-8.120714,-0.7986277,5.0,B08WLY6BPG
pacmap,5000,4945,-3.4893796,4.0972924,5.0,B0B8W72ZG6
pacmap,5000,4946,0.73471975,-2.377287,5.0,B0BFFXDM1V
pacmap,5000,4947,-2.2514753,1.0334268,5.0,B08QSLJKGX
pacmap,5000,4948,-1.852791,-3.63459,5.0,B0BN5D2G8G
pacmap,5000,4949,1.4674847,-0.89679563,5.0,B093CFF943
pacmap,5000,4950,3.190623,-2.883787,4.0,B09K3ZLPB5
pacmap,5000,4951,3.2073076,-1.491188,5.0,B08H5S9QZ5
pacmap,5000,4952,-0.03887554,0.64219177,5.0,B08RRS4W2D
pacmap,5000,4953,-2.1842966,-3.893447,5.0,B08N3DHVS1
pacmap,5000,4954,-3.321663,3.8895254,4.0,B0BV25ZQW3
pacmap,5000,4955,-12.295873,-1.2597857,5.0,B0BDSZ2KT3
pacmap,5000,4956,-11.928618,-1.456959,5.0,B08JWJG7WS
pacmap,5000,4957,0.17896765,-0.004552661,5.0,B08R62YZ97
pacmap,5000,4958,-2.4529274,0.6270021,5.0,B08T252MCJ
pacmap,5000,4959,-3.2850323,4.6359982,5.0,B087ZMWQB6
pacmap,5000,4960,-3.3069596,4.7170315,5.0,B08NDGD2V5
pacmap,5000,4961,0.3167866,-0.3528944,5.0,B08PBQGJ2Q
pacmap,5000,4962,-3.572084,4.124868,5.0,B08R6936N6
pacmap,5000,4963,-12.479257,-1.5971832,5.0,B08SQ8QNPW
pacmap,5000,4964,-12.38349,-1.0908079,5.0,B08N63BCW8
pacmap,5000,4965,0.63214254,0.29631823,5.0,B08DR5MNNG
pacmap,5000,4966,-11.330413,-1.4510599,5.0,B0C4TNHV6H
pacmap,5000,4967,0.09847871,-0.021795271,5.0,B08PB9PFPY
pacmap,5000,4968,1.459214,3.658841,5.0,B08T91YHPW
pacmap,5000,4969,8.41179,5.8208494,5.0,B09XHR8WDZ
pacmap,5000,4970,3.3306258,0.6535968,5.0,B08NJCDFPD
pacmap,5000,4971,-3.6705058,3.4527085,5.0,B08PCWHQ7W
pacmap,5000,4972,0.61723036,0.3443669,5.0,B08P3J2JP2
pacmap,5000,4973,-12.690467,-1.2220868,5.0,B08Q81H52F
pacmap,5000,4974,8.429748,5.9942465,5.0,B09X9BNL7K
pacmap,5000,4975,8.85494,0.74914306,5.0,B086GFYLYF
pacmap,5000,4976,-3.6434064,4.1642995,5.0,B08T9T4C7J
pacmap,5000,4977,-2.2789717,-4.0850406,5.0,B0922SG3ZT
pacmap,5000,4978,3.965296,-1.4661683,4.0,B0C68XNGG1
pacmap,5000,4979,-2.1193252,-3.730707,5.0,B08V4FB3X3
pacmap,5000,4980,-0.5577884,2.1244326,5.0,B0BS2SLDVY
pacmap,5000,4981,-8.46302,-0.81915176,4.0,B08DHCNQQ2
pacmap,5000,4982,-5.6509686,4.7753153,5.0,B089X3PYHP
pacmap,5000,4983,-3.2968783,1.8677735,5.0,B0BM3V5NTN
pacmap,5000,4984,-1.6847936,-3.6122816,5.0,B07TXDLM8T
pacmap,5000,4985,-2.1289608,-3.875836,5.0,B0BM3PMNM7
pacmap,5000,4986,3.8892531,-2.4691722,5.0,B0B8F272SB
pacmap,5000,4987,-12.41651,-1.0683222,5.0,B08HMHP2BP
pacmap,5000,4988,-12.41918,-0.7903478,5.0,B092HWCDVW
pacmap,5000,4989,-9.537115,-2.8196685,5.0,B08P19WSDC
pacmap,5000,4990,-0.19416495,1.615708,4.0,B08R9J16VM
pacmap,5000,4991,4.857027,0.01864516,5.0,B08J3T813G
pacmap,5000,4992,-3.446889,2.3185897,4.0,B08H1H29F4
pacmap,5000,4993,9.079322,7.8580317,5.0,B07DBSKWQ5
pacmap,5000,4994,-3.5224779,3.7702906,5.0,B08P5BMJ9D
pacmap,5000,4995,-6.3672585,6.406361,5.0,B09MHWMM15
pacmap,5000,4996,-12.398063,-0.8454748,5.0,B08L5LKVY7
pacmap,5000,4997,-4.637884,2.41354,5.0,B0874V465W
pacmap,5000,4998,-5.855785,6.050675,5.0,B095RSQWSQ
pacmap,5000,4999,-12.006032,-1.9425259,5.0,B081SLB69N
