method,n_samples,point_id,x,y,rating,parent_asin
pacmap,10000,0,-0.60660446,1.9038517,3.0,B083NRGZMM
pacmap,10000,1,1.2172782,2.0371509,1.0,B07N69T6TM
pacmap,10000,2,-3.339421,-11.432637,5.0,B01G8JO5F2
pacmap,10000,3,2.511477,8.10598,5.0,B001OC5JKY
pacmap,10000,4,-2.294224,-12.1275,5.0,B07CJYMRWM
pacmap,10000,5,0.5930866,4.4938507,5.0,B07CML419K
pacmap,10000,6,-3.6541119,-11.029358,5.0,B07BHHB5RH
pacmap,10000,7,-3.0095832,-11.088203,5.0,B09S6Y5BRG
pacmap,10000,8,6.9083595,1.7135724,5.0,B01LW71IBJ
pacmap,10000,9,-1.9012277,-5.829755,5.0,B017T99JPG
pacmap,10000,10,1.7431754,-4.4965568,1.0,B00L0YLRUW
pacmap,10000,11,5.3178563,-0.07141216,3.0,B01HHURN3W
pacmap,10000,12,-2.930666,-11.95785,5.0,B004S2JX7W
pacmap,10000,13,-0.7990345,-9.84853,3.0,B0047T79VS
pacmap,10000,14,2.97968,2.7381632,5.0,B00IXNUDG2
pacmap,10000,15,1.3851386,-4.6544795,5.0,B00PVCXB4Y
pacmap,10000,16,-1.2261326,-4.5225687,5.0,B00X5C22SS
pacmap,10000,17,-0.20308073,7.9822903,5.0,B0BKQZGST4
pacmap,10000,18,5.876573,6.350094,5.0,B01LQF8B7G
pacmap,10000,19,4.648867,2.178533,4.0,B075X8471B
pacmap,10000,20,0.96625894,2.2580404,5.0,B0B2DLVCF3
pacmap,10000,21,-5.108131,-5.252708,5.0,B0199HAOAU
pacmap,10000,22,0.40765998,-0.7153075,5.0,B0093162RM
pacmap,10000,23,-2.7039478,-7.945547,5.0,B07FCZY1ZB
pacmap,10000,24,-2.3529782,-9.134566,5.0,B00RH29CJO
pacmap,10000,25,0.68318844,6.8744574,5.0,B08P3VMW76
pacmap,10000,26,-0.094507016,8.364169,5.0,B013KPXNSW
pacmap,10000,27,-3.1854315,-4.9868636,4.0,B0862W5BQ8
pacmap,10000,28,0.9215398,-4.312969,5.0,B004XC6GJ0
pacmap,10000,29,-3.801366,-2.6910815,5.0,B0BNX9QVXZ
pacmap,10000,30,-2.6463504,-10.795627,5.0,B0BN534JBB
pacmap,10000,31,1.3743409,4.669183,5.0,B08X4R1T16
pacmap,10000,32,-1.1672759,-9.664695,5.0,B08932J7NC
pacmap,10000,33,3.6834145,2.185952,5.0,B078LLS33F
pacmap,10000,34,-6.468986,-5.4189277,5.0,B00V3KLZSW
pacmap,10000,35,3.8630276,2.4545903,5.0,B012ASFKOU
pacmap,10000,36,0.9503998,-4.4775357,4.0,B001FWYGJS
pacmap,10000,37,-1.772502,5.4781175,5.0,B08YP2F6VG
pacmap,10000,38,-2.9211648,-6.13472,5.0,B0C8HDXFXN
pacmap,10000,39,-5.888067,-5.291089,5.0,B00RBGYGPG
pacmap,10000,40,-0.20624553,3.3881094,5.0,B007EVDJV0
pacmap,10000,41,-6.6562967,1.6260048,5.0,B00KLZLBCK
pacmap,10000,42,3.1462367,5.438135,5.0,B09NHSGWPD
pacmap,10000,43,4.0122733,1.6684891,1.0,B095KHWNLK
pacmap,10000,44,-9.370382,-4.3139095,5.0,B08BRJ98H3
pacmap,10000,45,2.3980439,3.3283105,5.0,B08912RRG5
pacmap,10000,46,-6.7659254,-5.0383835,5.0,B07GVWH35S
pacmap,10000,47,0.20171282,8.3210535,5.0,B06VTQK7CB
pacmap,10000,48,3.2367127,5.154884,1.0,B0776DSP7Y
pacmap,10000,49,0.3340602,20.880209,2.0,B00NWXM5U0
pacmap,10000,50,1.9270471,0.537134,5.0,B01DDIAX1Q
pacmap,10000,51,-5.871965,2.626409,2.0,B00L49X8E6
pacmap,10000,52,-2.038878,-11.90923,5.0,B09HDZ8FQY
pacmap,10000,53,-0.7795494,8.863001,5.0,B00PQBDQPO
pacmap,10000,54,-0.13051482,-10.25155,5.0,B00CRF9V2O
pacmap,10000,55,0.031596072,-10.81158,5.0,B00BHC7ZTE
pacmap,10000,56,0.7682349,2.4045544,4.0,B00852JEPW
pacmap,10000,57,-2.114622,0.32816207,2.0,B09ZTXZ1MQ
pacmap,10000,58,-0.45948464,-9.263783,5.0,B09MYGF318
pacmap,10000,59,1.1325443,1.1832232,1.0,B07VV6TT69
pacmap,10000,60,1.5646354,4.661541,5.0,B07BRHB8C1
pacmap,10000,61,5.9962525,-0.6759018,5.0,B07Z6BPJXQ
pacmap,10000,62,3.9737933,3.7773712,4.0,B083YHS7SV
pacmap,10000,63,5.938353,4.3558025,5.0,B0046EDOWW
pacmap,10000,64,9.376621,4.13461,5.0,B0045DT3A6
pacmap,10000,65,-0.2774203,7.24492,5.0,B09DSSQ52Q
pacmap,10000,66,-6.332432,7.209215,3.0,B07H3PN7K3
pacmap,10000,67,6.479182,3.5612903,5.0,B0733GXPYZ
pacmap,10000,68,0.4426562,3.8209233,2.0,B07TPLH5YK
pacmap,10000,69,-0.8010897,-4.078297,2.0,B07FPQ343D
pacmap,10000,70,-3.4537106,9.024852,5.0,B00VKIY9RG
pacmap,10000,71,0.15518002,8.248311,5.0,B07BJ8KD6X
pacmap,10000,72,-1.5002028,-9.180437,1.0,B0061F6QUG
pacmap,10000,73,-0.6959699,-5.184116,5.0,B09DRXBKVG
pacmap,10000,74,-1.9729775,-10.256477,5.0,B09TB71VLY
pacmap,10000,75,1.7875193,0.9032478,5.0,B002N3MM6W
pacmap,10000,76,6.239269,2.317718,5.0,B07KTYJ769
pacmap,10000,77,16.3025,17.224895,5.0,B07PGL2N7J
pacmap,10000,78,1.3201283,1.3896402,5.0,B07J2GSF3S
pacmap,10000,79,1.221884,1.9481022,3.0,B07Z9QXZMW
pacmap,10000,80,3.6994529,0.9052267,4.0,B07Q585X37
pacmap,10000,81,4.2411447,1.3783348,4.0,B07P97SHQP
pacmap,10000,82,-0.24807085,-7.6139445,5.0,B07B3TX6MF
pacmap,10000,83,1.7683568,-0.14818342,4.0,B07WPY2W4Y
pacmap,10000,84,1.0971421,0.49699283,4.0,B083Z3QCY6
pacmap,10000,85,1.3491762,3.4587572,4.0,B07F71KFMQ
pacmap,10000,86,-5.534966,3.9217937,4.0,B07547WSQQ
pacmap,10000,87,3.8018599,1.1684456,4.0,B07P7KG4TJ
pacmap,10000,88,-6.9126706,1.6158676,4.0,B01LYC6A8M
pacmap,10000,89,-6.8982024,1.6891291,5.0,B0B2Y5WYRG
pacmap,10000,90,-6.1603475,2.5480652,5.0,B08KG14KCT
pacmap,10000,91,-6.029382,1.9971554,5.0,B09FF1RNDT
pacmap,10000,92,5.203165,2.9304397,3.0,B00FGI4C14
pacmap,10000,93,4.5860605,2.1699727,3.0,B07B4BF3KT
pacmap,10000,94,4.8680086,-0.39891368,5.0,B08XBLP2V8
pacmap,10000,95,4.7385178,-0.9557494,5.0,B018S7DPU8
pacmap,10000,96,3.5007212,1.4184481,5.0,B00MYU0E0K
pacmap,10000,97,-7.2070537,1.8208468,5.0,B000Q85WOK
pacmap,10000,98,6.1427145,1.3840939,5.0,B01KWY71BO
pacmap,10000,99,4.073934,0.29891896,4.0,B008I64LC6
pacmap,10000,100,5.943336,-0.75671697,5.0,B079Y46M3N
pacmap,10000,101,-2.1655364,1.0667679,3.0,B01MZ45YUU
pacmap,10000,102,-2.0955675,1.3225939,5.0,B074V4CWFD
pacmap,10000,103,4.0069704,0.2614735,3.0,B0083J8DFY
pacmap,10000,104,1.915678,1.3526841,5.0,B09N7SXX1X
pacmap,10000,105,-0.4352504,7.633668,5.0,B00X4XEBTQ
pacmap,10000,106,5.95993,-0.8127972,4.0,B001CJOLBW
pacmap,10000,107,-0.5896668,-10.292861,5.0,B0032FOKME
pacmap,10000,108,1.7523744,-4.189487,5.0,B002WBX7TQ
pacmap,10000,109,-3.4435225,-5.0636396,4.0,B07CB22VVJ
pacmap,10000,110,-3.3942423,-4.408339,4.0,B0002MQGK4
pacmap,10000,111,-3.2377205,-3.7473128,4.0,B0092TGP4A
pacmap,10000,112,-5.540977,-3.705839,5.0,B00552PA7G
pacmap,10000,113,-5.297549,-5.778143,5.0,B07CDCX945
pacmap,10000,114,-3.7914124,-4.4788117,4.0,B07BYZBG2X
pacmap,10000,115,5.1509776,2.54407,5.0,B07CBLV151
pacmap,10000,116,-5.266946,-5.5337706,3.0,B000SJ2TJ8
pacmap,10000,117,-3.1822925,-2.2844002,5.0,B003UT2C4U
pacmap,10000,118,3.5597427,2.6752434,5.0,B084JBVY4S
pacmap,10000,119,5.8425446,4.1546855,5.0,B0075VFKI4
pacmap,10000,120,5.762543,2.1559079,5.0,B009RUZ7TS
pacmap,10000,121,-2.0156956,1.0252297,5.0,B071CMGRLL
pacmap,10000,122,-10.269244,-3.4015012,3.0,B006ZZXVCI
pacmap,10000,123,5.6765513,4.535266,5.0,B01DFKC6CQ
pacmap,10000,124,5.3886447,4.32565,5.0,B07P9W1SMH
pacmap,10000,125,6.330563,3.5216153,5.0,B01M3ULMWP
pacmap,10000,126,4.343952,4.752172,1.0,B071HXSW4Y
pacmap,10000,127,7.0992074,0.76040727,5.0,B0CCDMQZM7
pacmap,10000,128,-2.4092479,9.247277,1.0,B005HSG31K
pacmap,10000,129,-0.5427205,7.981797,3.0,B00D2J8558
pacmap,10000,130,1.6676836,3.677677,1.0,B0BFHVDPTG
pacmap,10000,131,6.0172496,-1.0237997,5.0,B08N4M55K5
pacmap,10000,132,-1.41967,-4.5016,5.0,B0945WPX5W
pacmap,10000,133,-3.0312595,-12.296437,5.0,B09K7K5J3N
pacmap,10000,134,-2.344267,-8.290042,4.0,B084ZJFNKN
pacmap,10000,135,-0.4314732,-10.184631,5.0,B0B3T4JWN9
pacmap,10000,136,-3.1509495,-12.233735,4.0,B07S5JVP78
pacmap,10000,137,-0.7147821,-10.019097,5.0,B0935ZDCYD
pacmap,10000,138,-2.8553085,7.65599,5.0,B075LX7S6B
pacmap,10000,139,5.9251256,1.0471524,5.0,B001L5SN5M
pacmap,10000,140,-0.10124362,7.577611,5.0,B000WOIFO2
pacmap,10000,141,-2.9167821,-12.128483,5.0,B00365EB3I
pacmap,10000,142,2.9459069,3.8189425,4.0,B07XZ1YDKP
pacmap,10000,143,-9.00647,-3.8491764,1.0,B09CD8GVY5
pacmap,10000,144,-2.590086,0.10631129,1.0,B09V28P31X
pacmap,10000,145,-1.1857307,1.6056759,5.0,B01D0PVYH4
pacmap,10000,146,-0.97992414,-11.4017725,5.0,B017SJKHIK
pacmap,10000,147,3.950963,1.723847,5.0,B0BWNQZT64
pacmap,10000,148,4.4555435,-0.40516475,5.0,B08F9ZCTCL
pacmap,10000,149,-2.4893947,8.531667,5.0,B08F9NJMW7
pacmap,10000,150,-3.16859,-10.875135,5.0,B01L2VGEQE
pacmap,10000,151,-0.77046543,-9.924072,5.0,B0BW4PFM58
pacmap,10000,152,6.7549996,3.1740487,1.0,B00MNB1OD6
pacmap,10000,153,2.5150473,4.633531,5.0,B00TIRFCXQ
pacmap,10000,154,-3.4064264,-4.508471,4.0,B08N51H3LB
pacmap,10000,155,1.4506834,2.3997793,5.0,B09KRX2QJC
pacmap,10000,156,-1.9732399,7.0373282,5.0,B09V28Y3HH
pacmap,10000,157,-6.31291,-5.5336623,5.0,B0C5XK6534
pacmap,10000,158,3.8270605,1.0916914,4.0,B0BTHV3YSV
pacmap,10000,159,1.7456838,2.906992,5.0,B0BRKGSJKH
pacmap,10000,160,5.8127317,6.7610164,5.0,B00JQZJ4OS
pacmap,10000,161,6.204669,-0.58880407,5.0,B08BJWB991
pacmap,10000,162,-6.739514,-4.936364,5.0,B09JNRLN4W
pacmap,10000,163,-2.2753515,9.080374,5.0,B07HHY1MWS
pacmap,10000,164,-2.1148286,2.0825114,4.0,B00IYM0Y2A
pacmap,10000,165,-2.5249536,9.192276,5.0,B01HNL545Y
pacmap,10000,166,3.2380679,3.7269208,5.0,B08RJJ97VW
pacmap,10000,167,19.409517,12.072362,5.0,B01KXHYDXO
pacmap,10000,168,5.868414,6.8224344,2.0,B071KJ97ZL
pacmap,10000,169,5.939317,6.788202,1.0,B07QWP1RYY
pacmap,10000,170,5.211758,0.42225465,5.0,B0772SXNSC
pacmap,10000,171,3.951998,4.2349405,3.0,B08W69YRFB
pacmap,10000,172,6.171336,2.2076378,5.0,B073J9QWKY
pacmap,10000,173,6.142645,2.043261,5.0,B073M1NGHJ
pacmap,10000,174,2.5703688,4.575149,5.0,B0B8N1CQD1
pacmap,10000,175,0.4242308,-4.4506664,5.0,B085XZGVN5
pacmap,10000,176,-0.39882421,-5.7189074,4.0,B09GV31691
pacmap,10000,177,2.3845165,0.23074734,4.0,B09KPLV3WD
pacmap,10000,178,0.056801617,2.650996,5.0,B093YD69JB
pacmap,10000,179,-7.10155,2.0136817,5.0,B09KM3BZSS
pacmap,10000,180,-2.4634893,-9.012974,2.0,B0992TJFM3
pacmap,10000,181,1.1156126,5.269358,3.0,B07ZWCTNJH
pacmap,10000,182,-0.70214283,-9.727663,5.0,B07VKFSLKN
pacmap,10000,183,-0.70345443,-9.723194,5.0,B00MJ1YR8Y
pacmap,10000,184,0.12977491,2.7864888,4.0,B08ZZYS2P3
pacmap,10000,185,-1.1027088,-10.157357,5.0,B007JYZ3BG
pacmap,10000,186,-2.2602315,0.39074644,1.0,B08L1N8TG9
pacmap,10000,187,-0.15909745,-0.701152,5.0,B07G95FFN3
pacmap,10000,188,6.3207493,3.591588,5.0,B083WD2J3F
pacmap,10000,189,2.117272,3.54034,3.0,B08TTVLTWT
pacmap,10000,190,3.3420496,5.003297,5.0,B095KG3VZG
pacmap,10000,191,-5.3341084,2.979439,4.0,B088DJQ2PQ
pacmap,10000,192,5.0351562,0.044895213,1.0,B00UVSJU4S
pacmap,10000,193,9.7607355,-3.702819,5.0,B0BJ13Q5JG
pacmap,10000,194,-1.7548659,4.438651,5.0,B07QQPH27F
pacmap,10000,195,0.3937422,-0.82409096,5.0,B00PYG7LH0
pacmap,10000,196,-0.7664298,-11.188152,5.0,B07S764D9V
pacmap,10000,197,-2.0596905,-4.5568132,5.0,B071WRSYML
pacmap,10000,198,0.18340936,8.184848,5.0,B00BKX75YA
pacmap,10000,199,-0.40691715,6.9440103,4.0,B09FN58JBR
pacmap,10000,200,-7.1639204,1.6280355,5.0,B0032GU1LW
pacmap,10000,201,-3.1818807,-11.940612,3.0,B0B9HR3T4B
pacmap,10000,202,-1.7126151,-8.572294,5.0,B07LC6VRD6
pacmap,10000,203,2.0749729,2.2200553,4.0,B01KUEGE1E
pacmap,10000,204,3.1800888,2.2686586,5.0,B08KGQHF67
pacmap,10000,205,-7.0068917,-3.7356029,5.0,B0C9DP86HZ
pacmap,10000,206,-1.1204096,6.2607803,5.0,B089W47DTX
pacmap,10000,207,-8.148441,7.798102,5.0,B00EQ94566
pacmap,10000,208,-0.89363843,8.269236,5.0,B07SPFR8VB
pacmap,10000,209,-7.2243295,1.6456584,5.0,B00KQQK87S
pacmap,10000,210,2.2853847,-8.848204,5.0,B07KTYJ769
pacmap,10000,211,4.5155554,0.8197974,3.0,B06X95BTH4
pacmap,10000,212,4.032115,2.63239,5.0,B005L38VRU
pacmap,10000,213,-0.81074864,-9.799665,5.0,B00V3CSE4I
pacmap,10000,214,-1.4300668,-4.899014,3.0,B003MVYTBU
pacmap,10000,215,5.7878146,-0.33548754,5.0,B006R9O2PC
pacmap,10000,216,6.525442,-1.3295096,5.0,B00D8XNU6C
pacmap,10000,217,2.1290743,2.3678386,5.0,B00E0ISVLI
pacmap,10000,218,1.9837565,3.6055136,5.0,B08HC6J3H1
pacmap,10000,219,-3.8395634,8.573686,3.0,B07RJZPTLX
pacmap,10000,220,2.837416,6.9863677,5.0,B09DTP4L96
pacmap,10000,221,3.4603357,0.21651255,5.0,B004M5MVNS
pacmap,10000,222,-1.0505215,8.606991,5.0,B008I636D6
pacmap,10000,223,5.254093,0.3310357,1.0,B072LX4LTV
pacmap,10000,224,-6.2009816,7.6986737,5.0,B0068LWHPQ
pacmap,10000,225,-8.809019,-4.7059884,5.0,B08JYY4FDG
pacmap,10000,226,-0.44992533,-10.768625,1.0,B09Q5BNT76
pacmap,10000,227,6.5990763,1.9846123,5.0,B08FRLCF2W
pacmap,10000,228,-0.67644525,-10.2477865,3.0,B09Q5BNT76
pacmap,10000,229,6.6796293,3.382899,1.0,B07FP8VLXS
pacmap,10000,230,-0.22157829,6.4500294,1.0,B09GLQ2PFV
pacmap,10000,231,4.870634,-0.23680234,1.0,B09KTMJVJW
pacmap,10000,232,-0.9556215,-11.04474,4.0,B08PNW6WGX
pacmap,10000,233,0.51076263,-6.30129,5.0,B0791TX5P5
pacmap,10000,234,6.697703,3.4309464,5.0,B07VYM342S
pacmap,10000,235,-2.3700006,-12.041392,2.0,B00IYA2SMQ
pacmap,10000,236,-2.944123,-12.710448,5.0,B07S764D9V
pacmap,10000,237,0.37249112,-8.030966,4.0,B00B20M8CU
pacmap,10000,238,-7.142006,-3.062399,5.0,B0C2PTV9ZW
pacmap,10000,239,3.6195867,4.1595225,5.0,B07X4854MR
pacmap,10000,240,8.249758,-2.5886936,5.0,B0BBMN8HMM
pacmap,10000,241,-7.304905,-2.1836624,1.0,B09CFY36RN
pacmap,10000,242,6.784306,0.57759845,5.0,B08FZPS1N1
pacmap,10000,243,7.575347,0.10992571,5.0,B00L1KFWSI
pacmap,10000,244,2.6656716,-1.8257403,1.0,B00007AP2O
pacmap,10000,245,3.8685563,1.8008738,5.0,B00KMFN8E8
pacmap,10000,246,6.940014,1.3120512,5.0,B004WX0XP8
pacmap,10000,247,-0.5655605,-1.4601033,1.0,B0BVY4JVNG
pacmap,10000,248,7.0075655,4.6474113,5.0,B075X8471B
pacmap,10000,249,16.304852,17.219736,5.0,B01D2WRSF2
pacmap,10000,250,-3.1178668,-10.598689,5.0,B0C2BVCBRV
pacmap,10000,251,-8.166069,7.785682,5.0,B0BBFFXWVH
pacmap,10000,252,0.12601642,4.6592755,4.0,B0997HW4JP
pacmap,10000,253,-2.3216493,9.133732,5.0,B0B19M78LS
pacmap,10000,254,0.10032738,-7.4439015,5.0,B092D3LR5M
pacmap,10000,255,0.2496436,-7.8474846,5.0,B08SW8DMM5
pacmap,10000,256,0.16274321,-7.6304774,5.0,B08K3FS8VJ
pacmap,10000,257,-8.178407,7.883472,5.0,B08LYQ7MBZ
pacmap,10000,258,-7.426542,-3.2730417,5.0,B08G56K774
pacmap,10000,259,-8.084676,7.8000417,5.0,B089DZNCZJ
pacmap,10000,260,-7.2866173,7.780529,5.0,B09Y37DKJV
pacmap,10000,261,-3.0394926,-4.511416,5.0,B08CKSDF3M
pacmap,10000,262,-7.352128,-3.2591012,5.0,B09CYHT3VK
pacmap,10000,263,0.21707876,21.08036,4.0,B08735Q7LS
pacmap,10000,264,-7.4075613,-3.576945,5.0,B08NPZ574Z
pacmap,10000,265,-0.9580078,-9.442377,5.0,B085M686ST
pacmap,10000,266,-2.9516559,-12.01757,4.0,B082CJ19WL
pacmap,10000,267,-0.5874007,-9.870978,5.0,B081STV3XJ
pacmap,10000,268,-7.7332926,-3.196408,5.0,B095LLDH4H
pacmap,10000,269,-2.1643317,2.23516,5.0,B07JGKCKKR
pacmap,10000,270,-7.283822,-5.8635745,5.0,B07DTRYMQQ
pacmap,10000,271,-8.213249,7.749018,4.0,B0787GLJNQ
pacmap,10000,272,-3.0003312,-11.446669,5.0,B074QQP2T2
pacmap,10000,273,2.7823267,-8.743329,4.0,B075QC3TZY
pacmap,10000,274,-0.9511411,8.590279,5.0,B0719QH4JP
pacmap,10000,275,1.9692179,7.5995173,5.0,B01MREKZDP
pacmap,10000,276,2.7138522,-8.791552,3.0,B01HCVG51M
pacmap,10000,277,0.23818213,21.029415,4.0,B012D4IEUI
pacmap,10000,278,-1.8574046,-3.8572817,1.0,B00YEX1Y1S
pacmap,10000,279,-1.2198263,-9.184309,5.0,B01MQGLIKL
pacmap,10000,280,-2.687408,1.2827108,4.0,B000LY1UMC
pacmap,10000,281,-2.8242068,1.4594156,5.0,B004WMSV76
pacmap,10000,282,-8.22345,7.7835894,5.0,B005J7Y98I
pacmap,10000,283,-2.660353,-0.77772146,5.0,B00KTCN43E
pacmap,10000,284,3.228304,2.7065997,4.0,B019CB11IM
pacmap,10000,285,0.49533343,2.1693585,5.0,B00BTVSUNI
pacmap,10000,286,-7.0092587,1.5102142,4.0,B00WHEUS22
pacmap,10000,287,-7.0749717,-3.3740528,5.0,B003XNSBXY
pacmap,10000,288,-0.17240469,-7.454802,4.0,B00ENY0ZLS
pacmap,10000,289,-1.7749251,8.493788,4.0,B00IHVNMYK
pacmap,10000,290,-8.309177,7.9488497,3.0,B00GXXJF72
pacmap,10000,291,0.12057684,2.7306385,5.0,B00DLKE8C2
pacmap,10000,292,-0.83478737,-9.620199,5.0,B00C27S0M4
pacmap,10000,293,-2.832526,1.392661,3.0,B00ARDJ5BU
pacmap,10000,294,-2.3064532,9.044408,4.0,B008HK3U6Q
pacmap,10000,295,-1.1155055,6.6729503,4.0,B007Q8GOGI
pacmap,10000,296,-2.3030133,9.209023,4.0,B009WZRCO6
pacmap,10000,297,-2.833223,-12.125839,4.0,B0046W5EQI
pacmap,10000,298,-2.9079463,9.114264,3.0,B008ULPDIK
pacmap,10000,299,-3.5701358,8.395763,5.0,B008GFRBBW
pacmap,10000,300,-2.7098627,1.6407646,4.0,B00QU5CR6E
pacmap,10000,301,-2.725981,-8.062548,2.0,B00XIUKJDW
pacmap,10000,302,-0.7435768,-9.947611,5.0,B008DF53W4
pacmap,10000,303,-2.8613079,1.6453993,4.0,B00A4QXIRM
pacmap,10000,304,-1.1358783,-8.432191,5.0,B007GFX798
pacmap,10000,305,-5.9539723,7.5774875,5.0,B003VAGXZC
pacmap,10000,306,-0.78169477,-9.551243,4.0,B005OB1TU0
pacmap,10000,307,-0.860148,-9.070216,3.0,B004TPJKEY
pacmap,10000,308,-1.0599122,-9.003118,4.0,B005K69PLE
pacmap,10000,309,-2.0969675,7.693739,4.0,B005NHR6MU
pacmap,10000,310,-2.1339555,-9.2537155,2.0,B004DNWCZ6
pacmap,10000,311,-1.7189684,8.500608,5.0,B0058GAOO8
pacmap,10000,312,-2.9989583,1.3940898,5.0,B0020HRE1Y
pacmap,10000,313,-5.2364335,1.2559674,5.0,B00305GHAE
pacmap,10000,314,0.93277407,-0.4062907,5.0,B00XI3MMMA
pacmap,10000,315,-1.7386187,-9.192756,4.0,B0035JJJPK
pacmap,10000,316,2.4034712,7.8115077,4.0,B00BWH2SWI
pacmap,10000,317,-6.117451,-0.7834802,4.0,B0032AN4N0
pacmap,10000,318,-2.79684,1.251151,5.0,B001Q9F0BS
pacmap,10000,319,-2.5224297,0.04796338,5.0,B002GP7ZT6
pacmap,10000,320,-6.5575194,7.657483,5.0,B002CWZ29S
pacmap,10000,321,-7.5978765,7.5212398,5.0,B001VFUN82
pacmap,10000,322,-3.644388,0.80797064,5.0,B0023B14TK
pacmap,10000,323,-2.614504,1.8131484,4.0,B001DQRBSY
pacmap,10000,324,-6.014558,-0.9767971,5.0,B000V2MK00
pacmap,10000,325,-0.02646749,7.8458714,4.0,B000WOGA6C
pacmap,10000,326,-1.606494,-3.7491617,5.0,B00KSBB7EY
pacmap,10000,327,5.002781,2.1812208,5.0,B00INZSFUG
pacmap,10000,328,-1.1217713,-9.507784,5.0,B078G91T8X
pacmap,10000,329,2.4180257,8.177072,5.0,B01M2BIW94
pacmap,10000,330,8.16746,5.6446986,5.0,B0B7XZB7V1
pacmap,10000,331,8.138971,5.611521,5.0,B08M5KCX78
pacmap,10000,332,-0.9461208,-9.83516,5.0,B0C4DTCKS5
pacmap,10000,333,-10.610193,-3.227719,4.0,B078PFDHN4
pacmap,10000,334,2.816327,-8.800665,1.0,B07MKN9Q5B
pacmap,10000,335,-1.4737934,-0.084100686,1.0,B07G5ZG3Q4
pacmap,10000,336,-1.8032682,0.057185594,1.0,B07G5YXYFL
pacmap,10000,337,2.5282273,7.538571,2.0,B07X92YR8W
pacmap,10000,338,1.416942,-9.186428,5.0,B07456BG8N
pacmap,10000,339,-8.299371,-4.730632,4.0,B012BN15LQ
pacmap,10000,340,-2.6431038,-11.970387,4.0,B0756T7R5T
pacmap,10000,341,-0.11576348,7.127886,5.0,B0833NKK5K
pacmap,10000,342,-5.11638,3.8181946,5.0,B00KL2TENQ
pacmap,10000,343,-2.8829858,-9.221989,4.0,B008DWJ4KY
pacmap,10000,344,-0.76600176,-9.628528,5.0,B01MQJ2XE6
pacmap,10000,345,-0.72535086,-9.421573,5.0,B00009WBYL
pacmap,10000,346,-1.0463538,-10.381347,4.0,B0009X3JBU
pacmap,10000,347,-0.9252573,-10.029818,4.0,B07CG8G732
pacmap,10000,348,-0.33275458,-5.8271813,4.0,B07R8L532P
pacmap,10000,349,-1.553318,-4.711298,5.0,B0076GEMGO
pacmap,10000,350,-2.0474937,-3.7909076,5.0,B0078YGN34
pacmap,10000,351,-0.7810021,-9.033129,5.0,B009HB2USI
pacmap,10000,352,-0.90700066,1.5164279,4.0,B004GJ0EEI
pacmap,10000,353,-3.853814,-5.0224237,4.0,B003L1ZYYW
pacmap,10000,354,-0.38708887,-10.158029,5.0,B099V8GPR4
pacmap,10000,355,-1.4416481,6.6204557,5.0,B0BPMM75N8
pacmap,10000,356,-1.143784,7.082989,5.0,B07GZMMYHT
pacmap,10000,357,1.9455645,-9.11796,5.0,B01K1O7UH0
pacmap,10000,358,1.8647101,-1.3654915,2.0,B00OTXNUBU
pacmap,10000,359,5.7556705,4.5001903,5.0,B00MICP8PA
pacmap,10000,360,-3.6474884,9.326915,5.0,B0051VVOB2
pacmap,10000,361,2.364253,-8.92234,5.0,B07H65KP63
pacmap,10000,362,5.1833997,3.8038733,5.0,B06XD94B2F
pacmap,10000,363,-0.91724247,6.2104564,1.0,B07VWT32HX
pacmap,10000,364,0.36008206,7.6839447,3.0,B09P664R9L
pacmap,10000,365,0.113380075,4.3494005,5.0,B01054S5FM
pacmap,10000,366,-1.5793942,6.7967668,3.0,B08PFZK4YZ
pacmap,10000,367,0.013370165,7.593168,5.0,B08PNWVR4C
pacmap,10000,368,-5.516386,1.0573654,5.0,B0887P21Z2
pacmap,10000,369,2.576715,4.0732403,5.0,B0BPN2DXC1
pacmap,10000,370,3.519735,4.4421153,1.0,B07V4LLTSQ
pacmap,10000,371,-1.0824933,-9.53851,3.0,B071DGXVWB
pacmap,10000,372,-1.0500331,-9.17634,1.0,B0CBWV3Q8B
pacmap,10000,373,5.15212,1.3929564,5.0,B07PLFCP3W
pacmap,10000,374,-1.2168714,-9.390517,1.0,B07Y8H8STR
pacmap,10000,375,2.6630187,4.4185805,1.0,B07H9FG9SD
pacmap,10000,376,2.024687,-9.064212,5.0,B07PGL2N7J
pacmap,10000,377,3.8846135,4.0893464,5.0,B0896VGNF7
pacmap,10000,378,0.094155625,4.393011,5.0,B01LZJGEI2
pacmap,10000,379,0.20194593,4.364707,5.0,B074512LY1
pacmap,10000,380,1.8553659,-0.59228975,1.0,B09JKYBVJD
pacmap,10000,381,-0.7677231,-9.68147,3.0,B06XDSMDKV
pacmap,10000,382,-1.0879077,-5.387199,5.0,B008GVOVK0
pacmap,10000,383,-0.3753405,-5.0911255,5.0,B075X8471B
pacmap,10000,384,3.7974145,0.94697595,5.0,B00TOVTZ7K
pacmap,10000,385,0.09149242,-10.901995,5.0,B07P1FN7KQ
pacmap,10000,386,2.2633994,2.50352,5.0,B075M3G8SV
pacmap,10000,387,2.3255951,-8.936492,5.0,B01K8B8YA8
pacmap,10000,388,-0.12393074,-9.858205,5.0,B073VC4KGT
pacmap,10000,389,0.17774647,4.522554,4.0,B01M60S5H2
pacmap,10000,390,5.573518,5.68687,5.0,B0122TWDH4
pacmap,10000,391,1.9720409,1.816634,1.0,B0B9GFKYSZ
pacmap,10000,392,-7.9406404,7.5252037,1.0,B008I646WG
pacmap,10000,393,-7.120416,1.1937871,5.0,B07454F4JH
pacmap,10000,394,-8.12447,7.7503753,5.0,B0C617749R
pacmap,10000,395,-0.018977804,5.347429,3.0,B00DOPW5L0
pacmap,10000,396,-7.327767,-2.4496138,5.0,B00DS4BLLW
pacmap,10000,397,-1.7096013,7.403219,5.0,B005TUQV0E
pacmap,10000,398,3.152094,4.097005,1.0,B0B2CJ3YSP
pacmap,10000,399,1.6331745,3.3283558,1.0,B093DR9RWD
pacmap,10000,400,-2.029212,0.49262023,5.0,B08F6GPRH6
pacmap,10000,401,2.60772,3.0994794,5.0,B08JQCJZQM
pacmap,10000,402,2.478965,-8.649238,5.0,B07KTYJ769
pacmap,10000,403,2.4895132,1.6860892,5.0,B0BFVWWFZP
pacmap,10000,404,-1.3428293,-4.4557548,5.0,B09QLBKCZ3
pacmap,10000,405,2.1550038,-9.105218,5.0,B08F1P3BCC
pacmap,10000,406,-6.89346,-4.8053308,1.0,B08L3PV71G
pacmap,10000,407,2.4123745,5.1402054,5.0,B09V19FR6M
pacmap,10000,408,2.828243,3.4510875,5.0,B0B74ZCLQ7
pacmap,10000,409,-3.2811675,-11.968189,5.0,B0BMT6TQSK
pacmap,10000,410,0.272159,-11.056809,5.0,B0BJQ8TH85
pacmap,10000,411,-7.4093695,-3.3064182,5.0,B09QLBKCZ3
pacmap,10000,412,-2.048717,0.49345335,5.0,B096K4MF5V
pacmap,10000,413,-1.0585885,-3.9014845,5.0,B01DU67QZM
pacmap,10000,414,-2.2430952,4.611584,5.0,B00MVRBOIC
pacmap,10000,415,-5.45306,1.0915834,5.0,B00IVPU7AO
pacmap,10000,416,-1.0512667,-10.99026,3.0,B000BBE9C8
pacmap,10000,417,0.33924946,8.306244,5.0,B07XXZ1XGW
pacmap,10000,418,7.8726573,2.1222286,4.0,B0170RBJ9Q
pacmap,10000,419,2.6117024,-8.788776,5.0,B08XVF418R
pacmap,10000,420,-0.029119022,8.24221,5.0,B0879L79L7
pacmap,10000,421,-1.0267742,-3.6541107,5.0,B01LXFFO8O
pacmap,10000,422,9.266671,-3.4168901,5.0,B06XDN9MBD
pacmap,10000,423,4.4753017,0.24617063,5.0,B07QC4WTNC
pacmap,10000,424,-0.72743756,-5.418303,1.0,B0791T9CV7
pacmap,10000,425,-1.2849033,8.443805,3.0,B08XLXS9P4
pacmap,10000,426,-1.0746084,8.52401,4.0,B07YRPBMC8
pacmap,10000,427,2.4998798,-8.942432,5.0,B07H65KP63
pacmap,10000,428,0.6994582,-7.368337,2.0,B07VHQW6F3
pacmap,10000,429,4.641272,2.4211175,5.0,B082TR27NZ
pacmap,10000,430,2.5972073,-8.818558,5.0,B07KGVB6D6
pacmap,10000,431,1.3319002,1.4077218,5.0,B00FHBH5SC
pacmap,10000,432,0.14325097,1.9847616,4.0,B005I9IM4E
pacmap,10000,433,-1.4734179,-4.9132094,4.0,B000F2KUK8
pacmap,10000,434,-2.6671183,-8.737777,5.0,B09GGBWFP1
pacmap,10000,435,-7.8731084,-4.992778,5.0,B09RZDNN93
pacmap,10000,436,2.1976779,-8.804246,4.0,B01K8B8YA8
pacmap,10000,437,4.038238,1.2418675,5.0,B08PBPZB5Z
pacmap,10000,438,4.4625907,3.336328,5.0,B07DCGFWNQ
pacmap,10000,439,3.9881158,1.2186444,5.0,B07P5GWG56
pacmap,10000,440,-1.1283927,-9.024258,5.0,B079G2DFNC
pacmap,10000,441,-3.0094202,-10.947947,4.0,B08KDZ2NZX
pacmap,10000,442,-0.02902834,-7.736836,5.0,B09SVJGMN1
pacmap,10000,443,5.727955,4.457087,5.0,B07JL18G1D
pacmap,10000,444,5.4746413,4.4388075,5.0,B0B5MZSSXG
pacmap,10000,445,-8.750078,-4.0858274,4.0,B0BS6KLLT1
pacmap,10000,446,-0.85039574,-9.769013,2.0,B00065XSP8
pacmap,10000,447,8.017358,1.8758279,5.0,B015W2SJFS
pacmap,10000,448,-7.4451513,-2.483919,1.0,B0BS22ZZY8
pacmap,10000,449,3.4711537,2.4999473,5.0,B08F9ZCTCL
pacmap,10000,450,5.716042,3.2873998,5.0,B09ZPV8WBV
pacmap,10000,451,-1.2414185,-6.9969163,5.0,B08PBLGCNB
pacmap,10000,452,1.1074622,-0.24963334,5.0,B09V3TSYFX
pacmap,10000,453,-7.736351,-4.8187613,5.0,B00T38OHQ8
pacmap,10000,454,5.4988313,6.660267,5.0,B09LQV1C2D
pacmap,10000,455,-0.451107,-5.181701,1.0,B0BQD6LHL7
pacmap,10000,456,5.334163,1.3938551,1.0,B07PHB491R
pacmap,10000,457,-0.72831565,-10.2028265,1.0,B08XQPY9BC
pacmap,10000,458,-10.14027,-2.7543302,5.0,B07SCLKCRY
pacmap,10000,459,-7.986271,-5.03315,5.0,B092MV7LB5
pacmap,10000,460,-6.1595626,-6.704651,5.0,B0925Z7N6N
pacmap,10000,461,5.6039147,0.9414961,3.0,B075KH6W4S
pacmap,10000,462,-10.052076,-2.7740128,5.0,B09K8CBWBG
pacmap,10000,463,-1.2440097,-4.81032,5.0,B0BTPBBL52
pacmap,10000,464,-6.753523,-3.9575868,5.0,B076QBXVML
pacmap,10000,465,-0.75086683,-3.2571554,5.0,B0093UA2GA
pacmap,10000,466,-0.9357858,-3.9283285,2.0,B07MQQV5VR
pacmap,10000,467,-8.227095,-4.445903,5.0,B07589ZKM6
pacmap,10000,468,-1.1366891,-4.291412,5.0,B00KC0HVTQ
pacmap,10000,469,-0.69384605,-4.5779276,5.0,B077DZYBLS
pacmap,10000,470,3.2094438,4.69851,5.0,B078N1F14R
pacmap,10000,471,-5.098866,-5.8183126,5.0,B01BT9SEDA
pacmap,10000,472,6.367468,1.0628513,5.0,B0BXYXD1Q2
pacmap,10000,473,-1.1820154,-3.5804896,4.0,B00M0RH36U
pacmap,10000,474,-0.32344583,1.3663862,5.0,B00BCGRX9M
pacmap,10000,475,4.9199953,2.2761343,3.0,B000EVM5DK
pacmap,10000,476,1.5917252,-4.178074,4.0,B09LYWCHJX
pacmap,10000,477,6.0889235,3.7783287,4.0,B00EUY59Z8
pacmap,10000,478,-1.1816307,-3.8788066,5.0,B0036WT3ZM
pacmap,10000,479,-6.8852563,-4.658675,2.0,B08YF1VBYD
pacmap,10000,480,-7.097828,-3.1612477,1.0,B07X23N387
pacmap,10000,481,2.3906302,3.1899147,5.0,B074CKFLR3
pacmap,10000,482,-7.3869786,7.62365,1.0,B003B4BBFK
pacmap,10000,483,-3.253642,-12.425263,5.0,B08XNCHTCY
pacmap,10000,484,4.2979684,3.6226957,5.0,B096V83KF4
pacmap,10000,485,-2.8693013,0.91223675,5.0,B06X9ZNT4P
pacmap,10000,486,-5.121009,0.63365674,5.0,B08KSG2JMV
pacmap,10000,487,-4.218498,-0.28661865,5.0,B07H65KP63
pacmap,10000,488,2.8855681,1.5045629,4.0,B08TBDBQ1C
pacmap,10000,489,-4.3574567,0.09777023,5.0,B0BC87S9SY
pacmap,10000,490,-4.3662395,0.040910017,5.0,B09B36FJVT
pacmap,10000,491,-4.6068974,0.04811779,5.0,B095KD3MNN
pacmap,10000,492,-4.9122577,-0.32997522,5.0,B00VUIITTU
pacmap,10000,493,1.145017,19.698505,5.0,B091SDZ3S1
pacmap,10000,494,1.1292487,19.758678,5.0,B091SDZ3S1
pacmap,10000,495,-5.334093,1.444513,5.0,B07Z18JVPH
pacmap,10000,496,-3.9354873,0.8101725,4.0,B0BNXXNBB4
pacmap,10000,497,-7.9490523,-5.022138,5.0,B09Y95BMKX
pacmap,10000,498,3.9793298,2.7597623,5.0,B09DG877JS
pacmap,10000,499,1.4185122,-5.1652,5.0,B07W1Q3X7S
pacmap,10000,500,-7.994346,7.784425,5.0,B0BG7KP5L4
pacmap,10000,501,4.179133,2.4466734,5.0,B0B5BYZPNB
pacmap,10000,502,-8.037034,-3.8581038,5.0,B0BJKGH183
pacmap,10000,503,-3.7567377,-12.070382,5.0,B0C33824RM
pacmap,10000,504,-5.8171773,1.4950203,4.0,B07F2BDJ5S
pacmap,10000,505,-9.869908,-3.063822,5.0,B0BZDWGL19
pacmap,10000,506,-3.7142055,-12.03397,3.0,B08S395JJ4
pacmap,10000,507,-3.820449,-12.20177,5.0,B07B1L21NK
pacmap,10000,508,-3.7742128,9.115325,5.0,B08YFJYD5Z
pacmap,10000,509,-7.274007,-5.252726,5.0,B08TZSVYB4
pacmap,10000,510,-6.3670545,-5.746897,5.0,B0B12PXQYM
pacmap,10000,511,1.2377324,5.9339943,5.0,B096F75FBW
pacmap,10000,512,-2.3796875,9.256194,4.0,B092LY2GGV
pacmap,10000,513,-3.2840729,-11.802913,5.0,B093TFXGWR
pacmap,10000,514,-2.9288082,9.25118,3.0,B09JMKS73X
pacmap,10000,515,-2.3832014,9.4366255,1.0,B08Z2JQC6N
pacmap,10000,516,-3.8550766,-12.176997,5.0,B09B48ZGJV
pacmap,10000,517,-2.3234246,-9.005103,5.0,B0819ZF1YR
pacmap,10000,518,-8.903704,-4.255471,5.0,B07JW7GT7H
pacmap,10000,519,-7.363019,-5.230308,4.0,B0C3M8B3MY
pacmap,10000,520,-1.9047838,-12.128816,5.0,B09Y4HCRLM
pacmap,10000,521,2.2662437,1.5636404,5.0,B09N75D6M4
pacmap,10000,522,-3.3262353,-11.715223,4.0,B0BPBJ6SKW
pacmap,10000,523,-3.8845382,-12.203439,3.0,B09S2XYNWL
pacmap,10000,524,-3.0705416,-11.96647,4.0,B088KTR418
pacmap,10000,525,-2.889172,-8.724289,5.0,B09H5FHRTF
pacmap,10000,526,2.5734422,7.7688494,5.0,B0863MN3T3
pacmap,10000,527,2.5127463,5.6438975,5.0,B07C3PQHC7
pacmap,10000,528,0.81708413,1.4466515,5.0,B07YJJSCLX
pacmap,10000,529,-5.968707,-2.14918,5.0,B08R5TCSH8
pacmap,10000,530,3.893675,1.7001952,5.0,B01H4ZGTWQ
pacmap,10000,531,-3.1455886,-8.293295,5.0,B08GFCX4Y6
pacmap,10000,532,-9.304226,-3.171299,5.0,B005DLKFME
pacmap,10000,533,-5.7318354,7.7494793,5.0,B07HP726Q8
pacmap,10000,534,-0.5364376,8.820431,5.0,B08C4QSVNG
pacmap,10000,535,-1.4951453,-8.357559,5.0,B09MH11HB7
pacmap,10000,536,0.20036542,-0.8399829,4.0,B0822W4JF3
pacmap,10000,537,-0.92266434,5.3470025,5.0,B07HCWW319
pacmap,10000,538,-7.012592,-3.9055018,5.0,B082FJXVW6
pacmap,10000,539,-7.141543,-5.2505765,5.0,B08B3F8FZ8
pacmap,10000,540,1.585386,-4.112494,5.0,B07ZZVX1F2
pacmap,10000,541,-7.180749,1.4147104,5.0,B07GB3SGSF
pacmap,10000,542,-6.4987063,1.0410563,5.0,B0BWVDRR6L
pacmap,10000,543,-7.0954437,-3.4844437,5.0,B0BCPC68J6
pacmap,10000,544,2.388747,8.254564,5.0,B07GWKZLLT
pacmap,10000,545,2.3326428,8.297311,5.0,B075Y6Y9H5
pacmap,10000,546,-3.574566,-11.2076645,5.0,B009UNGYHG
pacmap,10000,547,-9.08535,-4.1060123,5.0,B012JXHX28
pacmap,10000,548,-8.9285755,-3.733983,5.0,B0BGS23YKX
pacmap,10000,549,-2.9251058,-9.377939,5.0,B09MCTFR69
pacmap,10000,550,0.8239848,7.041078,5.0,B07TXNTGVS
pacmap,10000,551,-6.293318,-7.2312083,5.0,B08NBBFNMY
pacmap,10000,552,-2.4547162,-9.7201185,5.0,B083G8QM5V
pacmap,10000,553,-0.6068343,3.2537072,4.0,B07N5ZPYFK
pacmap,10000,554,1.0886884,19.829098,5.0,B08BTG7G5X
pacmap,10000,555,-7.000606,-4.2844853,5.0,B087R7MNBQ
pacmap,10000,556,-1.9757211,-3.4790041,1.0,B08BW4JTCG
pacmap,10000,557,2.2152514,2.7520535,5.0,B00068YUN4
pacmap,10000,558,4.509742,-0.092751265,5.0,B0BPD6Q7KC
pacmap,10000,559,4.062519,1.5700754,5.0,B07L95W89W
pacmap,10000,560,-1.9927425,0.14540195,5.0,B08F6GPRH6
pacmap,10000,561,-3.285987,-11.339572,5.0,B079RC9338
pacmap,10000,562,1.1015366,19.803516,5.0,B087G45PDT
pacmap,10000,563,2.9433074,3.667166,5.0,B07YYNBSPG
pacmap,10000,564,1.0684764,19.834484,5.0,B087J8VVVF
pacmap,10000,565,-0.43473485,1.2601677,4.0,B07PPRX94L
pacmap,10000,566,-1.8717294,7.550643,5.0,B07XNGYMGS
pacmap,10000,567,-3.1368687,-10.735789,3.0,B000MUXVYK
pacmap,10000,568,3.8813295,2.6827655,5.0,B089T4YVYD
pacmap,10000,569,-8.788776,-4.098634,5.0,B00NH12EHQ
pacmap,10000,570,-0.071511246,-5.7153654,5.0,B07GZFM1ZM
pacmap,10000,571,3.743304,2.433866,5.0,B07545HGR5
pacmap,10000,572,-7.2566385,-5.171826,5.0,B07WFW5LQ3
pacmap,10000,573,1.1104206,-1.0551926,1.0,B0B8YVVFNT
pacmap,10000,574,-1.0222999,7.2430444,2.0,B07X3VBJNR
pacmap,10000,575,2.202339,-2.0241873,1.0,B00JWX20GI
pacmap,10000,576,-5.090272,0.7552241,5.0,B0C71PTXVC
pacmap,10000,577,-1.9994214,1.944834,5.0,B0827ZXTMS
pacmap,10000,578,-2.4158158,-0.011030229,5.0,B07N86MCD2
pacmap,10000,579,-1.3943807,1.5429212,5.0,B07S9ZBL9K
pacmap,10000,580,0.9839377,-0.12050668,4.0,B07KTYJ769
pacmap,10000,581,1.121926,19.78302,3.0,B07RTR39H6
pacmap,10000,582,-6.758813,0.7043998,1.0,B09T5PV313
pacmap,10000,583,-1.5170068,8.337859,5.0,B076Q643SF
pacmap,10000,584,-6.677905,-4.6843944,5.0,B07FTCRKB7
pacmap,10000,585,2.7158833,6.4074697,2.0,B07CPSZXLK
pacmap,10000,586,-6.5148582,-4.779597,5.0,B07S8F43Y6
pacmap,10000,587,-1.8687627,0.7522046,5.0,B07N1H8CGW
pacmap,10000,588,1.9790254,-9.114295,5.0,B07456BG8N
pacmap,10000,589,-0.9722919,-8.603825,5.0,B00XIIB3XY
pacmap,10000,590,2.3456466,4.4891996,5.0,B07KCYGQ8S
pacmap,10000,591,1.0645976,19.867971,4.0,B09G35YJGN
pacmap,10000,592,-8.271713,-5.109853,5.0,B07RL3F6TR
pacmap,10000,593,-5.9040728,1.3011892,5.0,B08KZ1TZYB
pacmap,10000,594,1.0831931,19.84489,4.0,B09ZHVV9R1
pacmap,10000,595,1.0832222,19.835558,4.0,B07KQYR8XY
pacmap,10000,596,1.0997093,19.817516,4.0,B08MLFZ58K
pacmap,10000,597,-8.573077,-4.0894637,5.0,B07375RHX1
pacmap,10000,598,-7.672172,-4.592834,5.0,B07DMHHBJ7
pacmap,10000,599,1.1113601,19.804897,4.0,B07KCYGQ8S
pacmap,10000,600,-0.43111515,7.462593,5.0,B07SH58QD9
pacmap,10000,601,-3.556498,-11.744705,5.0,B002QKZLZ6
pacmap,10000,602,-1.3764951,-8.419241,5.0,B071Y3DJR7
pacmap,10000,603,-3.7734442,-12.089656,5.0,B071WJLSNF
pacmap,10000,604,-1.9928076,-0.043902766,5.0,B07324B77V
pacmap,10000,605,-0.033807565,5.686138,5.0,B088RD3BBW
pacmap,10000,606,-1.6179338,1.6094686,5.0,B07DNY6Z6G
pacmap,10000,607,0.29900804,4.8697224,2.0,B01HYE9A2I
pacmap,10000,608,-7.508895,-4.1573873,5.0,B07NLMZFXF
pacmap,10000,609,-6.605997,-4.0200863,5.0,B010V3KWF8
pacmap,10000,610,-6.802891,-5.212748,5.0,B01DJ96XDQ
pacmap,10000,611,-7.285927,-5.105785,5.0,B0C2VQGL6R
pacmap,10000,612,-7.1557417,-4.2663937,5.0,B0BB6Y5N3M
pacmap,10000,613,-5.8382382,1.2340193,5.0,B073JYC4XM
pacmap,10000,614,1.103593,19.808195,5.0,B01M4NYI4H
pacmap,10000,615,1.0732423,19.844059,5.0,B075F3Z3D9
pacmap,10000,616,-2.5804372,-9.990016,5.0,B008X0TBKO
pacmap,10000,617,-7.022138,-4.0375223,5.0,B00LK4ZT7O
pacmap,10000,618,1.5484844,-3.8602986,1.0,B018YPWORE
pacmap,10000,619,-2.8043346,-11.610067,5.0,B0105VDCZ8
pacmap,10000,620,-0.4063143,-9.3938055,5.0,B01NAWBY12
pacmap,10000,621,2.4407873,1.6369826,5.0,B07586BG8S
pacmap,10000,622,1.9497435,-9.050114,5.0,B01K8B8YA8
pacmap,10000,623,-7.45444,-4.887286,5.0,B00XM9QACS
pacmap,10000,624,-1.150257,5.4255157,5.0,B005IXSXPI
pacmap,10000,625,-6.827523,-5.600971,5.0,B0746LYM4T
pacmap,10000,626,2.190272,4.3491735,5.0,B01EA8CGWW
pacmap,10000,627,-7.284533,-2.3099732,1.0,B06XGCK56D
pacmap,10000,628,0.6922972,5.066121,3.0,B002RSQ732
pacmap,10000,629,-3.0720122,-2.1276715,5.0,B01CX27190
pacmap,10000,630,0.5583824,6.3963094,4.0,B015JRGC8M
pacmap,10000,631,2.3655746,6.7985897,5.0,B083YHS7SV
pacmap,10000,632,-2.6561463,-10.802762,5.0,B007VL90QG
pacmap,10000,633,2.380446,4.2838726,5.0,B01HBY8V80
pacmap,10000,634,0.62753934,-0.2109239,5.0,B007P2NKNU
pacmap,10000,635,-5.5387383,7.8196816,1.0,B00VM984YC
pacmap,10000,636,1.3022854,6.1148987,5.0,B09CD66HJM
pacmap,10000,637,-4.276918,0.7755873,1.0,B00MFJ6G20
pacmap,10000,638,-7.3910537,-3.1085134,5.0,B07SYW3XL1
pacmap,10000,639,-6.30124,-7.099985,5.0,B00I0F192U
pacmap,10000,640,2.3510153,7.118861,5.0,B01AB2ZGGE
pacmap,10000,641,-6.272327,-7.117685,5.0,B00ZPRNQSQ
pacmap,10000,642,-7.367416,-3.2075372,5.0,B0191GGFY8
pacmap,10000,643,-6.9423523,-4.8128285,4.0,B01H355BGM
pacmap,10000,644,-6.899426,-5.2986016,5.0,B01ITR015O
pacmap,10000,645,-7.084405,-5.33071,5.0,B097CCR1FB
pacmap,10000,646,-1.5719708,-9.417094,4.0,B01FNAFLZA
pacmap,10000,647,-0.06538863,-0.51647043,5.0,B016AR5A7O
pacmap,10000,648,-7.7802052,-3.511669,5.0,B0CCQHH8Z6
pacmap,10000,649,-8.079331,7.6797614,5.0,B0B2VDVB92
pacmap,10000,650,-6.157413,-0.86984956,3.0,B01F4H1DM2
pacmap,10000,651,4.3457565,3.1576376,5.0,B0018Z8CN8
pacmap,10000,652,2.069909,7.9384494,5.0,B01MZGZYSB
pacmap,10000,653,-3.6706445,8.967969,5.0,B0117U82EM
pacmap,10000,654,-5.8436675,0.33921954,4.0,B00CBL543E
pacmap,10000,655,0.05388107,-0.46044472,4.0,B004RO3QPQ
pacmap,10000,656,-3.4146032,-11.90958,5.0,B008D76Q64
pacmap,10000,657,-1.5861804,-5.223644,4.0,B01MQGMSVQ
pacmap,10000,658,-0.6313911,-3.1782656,4.0,B009AB5L5E
pacmap,10000,659,-5.751954,-6.050867,4.0,B08YB2CN2M
pacmap,10000,660,-8.092995,7.5125437,5.0,B005HQ5138
pacmap,10000,661,-2.9158733,-12.502928,4.0,B00FG3UOI4
pacmap,10000,662,-3.205484,-11.071484,5.0,B00JB31RYK
pacmap,10000,663,-2.6228006,-11.128659,4.0,B00M3GMYZS
pacmap,10000,664,2.4022448,2.4424942,5.0,B0002YP96Y
pacmap,10000,665,-6.216139,2.8222156,4.0,B00K4PAV14
pacmap,10000,666,4.357458,1.9947209,4.0,B003J37580
pacmap,10000,667,3.5208974,2.7604423,4.0,B004O292WC
pacmap,10000,668,2.3400962,8.419419,4.0,B00KY47K6Y
pacmap,10000,669,4.2420564,3.9696622,4.0,B005ZUNQUQ
pacmap,10000,670,-3.4221954,1.168918,4.0,B0857KC57L
pacmap,10000,671,-3.3651998,1.1736643,4.0,B00281XW0O
pacmap,10000,672,-3.3408692,1.3305199,4.0,B07VZYRKJQ
pacmap,10000,673,-3.3689134,1.2083073,4.0,B07JVR8KBV
pacmap,10000,674,-3.676304,8.737141,5.0,B007T36S34
pacmap,10000,675,-2.2383718,8.909256,3.0,B00DR0BOSC
pacmap,10000,676,-5.915308,3.5511804,5.0,B008ABO71E
pacmap,10000,677,3.719239,2.354158,5.0,B0001HKIK4
pacmap,10000,678,-2.3006513,9.131039,3.0,B00DR0CDEQ
pacmap,10000,679,-5.7623415,4.5578456,5.0,B009PHTHRG
pacmap,10000,680,-9.564378,-2.6565447,5.0,B00WUIBCOS
pacmap,10000,681,-2.1464224,-10.412619,5.0,B000Y31J26
pacmap,10000,682,-3.5732243,-12.167679,4.0,B000Y190AG
pacmap,10000,683,-1.2861301,-4.8444448,5.0,B001CTILS6
pacmap,10000,684,-4.0206666,7.093707,4.0,B0051VVOB2
pacmap,10000,685,-6.3569,-5.71683,5.0,B0199HAOAU
pacmap,10000,686,-1.669913,-10.5136385,5.0,B085HZPNRJ
pacmap,10000,687,-1.1424747,-7.3380885,1.0,B08N4CW66B
pacmap,10000,688,-0.5935934,-10.161346,5.0,B091LXKW6C
pacmap,10000,689,-0.2514623,-5.4633183,5.0,B0748KYTZN
pacmap,10000,690,4.3232946,2.3916347,5.0,B092F8GG57
pacmap,10000,691,-0.95245814,-8.529788,4.0,B06XD9T2T5
pacmap,10000,692,-1.5689666,1.9133567,4.0,B0098QHS7U
pacmap,10000,693,1.6946039,3.8662179,1.0,B0BLCBK97H
pacmap,10000,694,6.0795507,2.1313264,3.0,B0B2JJV92T
pacmap,10000,695,7.82783,2.2052019,4.0,B07VTKFLBW
pacmap,10000,696,1.8183309,3.7310166,5.0,B08HFNNPPJ
pacmap,10000,697,2.9237454,4.63501,5.0,B081M5HPCD
pacmap,10000,698,2.535675,3.6421359,2.0,B09P5HMNDF
pacmap,10000,699,1.3837035,2.605327,4.0,B0C6D5GYQ4
pacmap,10000,700,2.608557,3.6972136,4.0,B07H2CKXRH
pacmap,10000,701,-8.228635,7.604144,5.0,B0B1D1Q35D
pacmap,10000,702,-2.9605427,7.1712728,5.0,B07V42PDX8
pacmap,10000,703,-2.069973,-10.751259,5.0,B0C33C3XFV
pacmap,10000,704,-3.7648633,9.340711,5.0,B07Q4T7G99
pacmap,10000,705,10.948909,-4.5948777,5.0,B00TZAO9D0
pacmap,10000,706,-3.68522,9.4316845,5.0,B07NPK4PY4
pacmap,10000,707,10.727548,-4.435149,5.0,B072FS9VVZ
pacmap,10000,708,-2.5605588,-11.903492,5.0,B0BS1QXF6M
pacmap,10000,709,-3.9036252,7.672958,5.0,B07H8ZCSL9
pacmap,10000,710,-3.39267,7.1599755,5.0,B07P374FF3
pacmap,10000,711,5.990429,4.6950483,5.0,B072QY9HVM
pacmap,10000,712,3.7913296,5.13664,3.0,B013R9SHC8
pacmap,10000,713,6.2853413,4.8992267,4.0,B09KMWTYVR
pacmap,10000,714,4.8972034,4.228962,5.0,B01M65QWE9
pacmap,10000,715,4.5453396,0.033367906,2.0,B00R43UG5A
pacmap,10000,716,-3.3415134,8.035661,1.0,B00URC7P2M
pacmap,10000,717,5.266275,2.6779296,2.0,059449771X
pacmap,10000,718,8.343799,-2.7286303,4.0,B00IWANYH6
pacmap,10000,719,-7.8221655,-5.7632184,5.0,B07Q3BBNS8
pacmap,10000,720,-3.9238756,7.679853,5.0,B09WYFWH2Y
pacmap,10000,721,-5.622074,-5.859196,1.0,B0BK9KB853
pacmap,10000,722,-0.30095795,-10.086852,3.0,B09HCFHR8C
pacmap,10000,723,4.5739646,-0.706275,1.0,B0BW4PFM58
pacmap,10000,724,-2.3550854,9.315839,5.0,B07N7D9RSV
pacmap,10000,725,-2.4616928,9.359975,5.0,B07K4BQKJ7
pacmap,10000,726,-2.370643,8.874465,3.0,B07LCGR2YZ
pacmap,10000,727,-0.41643867,-10.537492,5.0,B0C72D4J46
pacmap,10000,728,1.708278,-4.36478,5.0,B093GRDN8K
pacmap,10000,729,-3.2740622,-12.122892,1.0,B07BRM55KC
pacmap,10000,730,-2.6917899,-0.29331505,2.0,B01CW4BLG8
pacmap,10000,731,1.0312217,19.934288,1.0,B07YYD5TNH
pacmap,10000,732,1.0844761,19.841787,4.0,B07HRD5K99
pacmap,10000,733,-2.331182,-12.042564,4.0,B08XNCHTCY
pacmap,10000,734,0.3115509,-3.0911894,2.0,B07MCMTCP3
pacmap,10000,735,-7.1507444,-3.3042717,5.0,B017LSIXDE
pacmap,10000,736,-1.6020708,-8.374367,4.0,B000EFMIB0
pacmap,10000,737,7.475319,4.7539325,5.0,B01K8B8YA8
pacmap,10000,738,4.951733,4.395509,5.0,B00WBD91L8
pacmap,10000,739,7.42739,3.3129532,5.0,B0B3X4NMHG
pacmap,10000,740,2.834448,7.434115,5.0,B0C5PHZ4QS
pacmap,10000,741,-9.9486065,-2.6839373,5.0,B09K8CBWBG
pacmap,10000,742,0.43775433,20.673252,5.0,B074KBWL9J
pacmap,10000,743,-8.95159,-3.6443677,5.0,B0B7J9L5HQ
pacmap,10000,744,-3.0436277,8.314647,5.0,B086C51NNG
pacmap,10000,745,5.8904915,6.4010253,5.0,B078J27VG4
pacmap,10000,746,7.498261,3.319582,5.0,B00009OY9U
pacmap,10000,747,2.9680731,4.2175345,5.0,B07WGZLBZS
pacmap,10000,748,-8.836405,-3.6662385,5.0,B0841FLXW3
pacmap,10000,749,-0.3103619,7.21258,5.0,B07CHC71M2
pacmap,10000,750,0.13987394,5.2085114,1.0,B004RDWVUS
pacmap,10000,751,-1.0528901,5.7718763,3.0,B003YMC5RC
pacmap,10000,752,-0.73658955,-3.3104444,5.0,B09W5QTSM1
pacmap,10000,753,-9.797906,-3.9414086,5.0,B0BS6KLLT1
pacmap,10000,754,1.9097645,-9.026941,5.0,B07456BG8N
pacmap,10000,755,6.3487906,0.571158,5.0,B01M74RA05
pacmap,10000,756,-3.338844,8.833338,5.0,B083NY7M4L
pacmap,10000,757,-3.6068268,-10.780639,1.0,B07CKCNVGC
pacmap,10000,758,6.5582867,1.9506985,5.0,B0C5MCSLKZ
pacmap,10000,759,4.115978,0.46964914,5.0,B07BGQZK8S
pacmap,10000,760,-1.4967079,1.1271522,5.0,B08RYY7YB6
pacmap,10000,761,8.273259,3.8395133,5.0,B07ZS8JCZ9
pacmap,10000,762,0.06831307,-1.0562505,5.0,B07Z4G6LN2
pacmap,10000,763,0.9423801,-2.5895388,5.0,B089KKRXG6
pacmap,10000,764,4.092986,-0.18098056,3.0,B085L34V8J
pacmap,10000,765,5.0797944,1.9959314,1.0,B08NDSTXZ3
pacmap,10000,766,-1.3550323,-4.5520654,5.0,B07KGVB6D6
pacmap,10000,767,1.1598155,-4.7045164,5.0,B07PR9SN8W
pacmap,10000,768,-9.662569,-3.629764,5.0,B00TOVTZ7K
pacmap,10000,769,0.20608401,4.3188996,5.0,B005YV5HQC
pacmap,10000,770,-2.047756,-3.932053,5.0,B00U9U9GII
pacmap,10000,771,-2.13701,9.037898,5.0,B00FF322AS
pacmap,10000,772,-6.8808494,2.1358337,5.0,B00E3W15P0
pacmap,10000,773,-5.6617217,4.4369297,5.0,B00BKRMMUS
pacmap,10000,774,-2.9135852,0.7581568,3.0,B008MDOTUE
pacmap,10000,775,-3.4312682,0.6876387,5.0,B00DYQQSSK
pacmap,10000,776,-0.3433622,0.96445835,5.0,B002BWQ4H8
pacmap,10000,777,-0.8834588,-9.38822,1.0,B008I64KGS
pacmap,10000,778,1.4288867,5.1995435,5.0,B07TWDMX8D
pacmap,10000,779,-3.7612228,-11.262798,5.0,B08MVJP62X
pacmap,10000,780,-0.997939,-8.199259,5.0,B00GM15NGM
pacmap,10000,781,-3.406762,-10.808476,1.0,B07FTTPVGG
pacmap,10000,782,4.014144,2.4809961,1.0,B07PGKLS1J
pacmap,10000,783,0.8367756,-2.8511255,5.0,B01AQ6GSQM
pacmap,10000,784,2.5350888,-1.3219614,5.0,B08C7HDL8C
pacmap,10000,785,7.949267,3.6402936,5.0,B07HZLHPKP
pacmap,10000,786,5.0218086,-0.6605569,1.0,B00B3Y6E84
pacmap,10000,787,7.6799173,0.8152759,5.0,B01N9P7AL5
pacmap,10000,788,6.9875236,1.0014464,5.0,B01K8B8YA8
pacmap,10000,789,7.7539496,0.8477807,5.0,B01N6KWHSC
pacmap,10000,790,-2.5694244,-7.300928,1.0,B07CBSSNXG
pacmap,10000,791,-1.0327927,-7.1510353,1.0,B004JO1ZO8
pacmap,10000,792,3.5532532,1.0358928,5.0,B00E6GRHBO
pacmap,10000,793,6.100638,1.910546,5.0,B0B993N8M1
pacmap,10000,794,4.4107547,2.7584763,5.0,B08Y1XYLVP
pacmap,10000,795,-1.1566135,-8.11982,4.0,B07XXDNSCM
pacmap,10000,796,-1.2062888,-8.15658,2.0,B08GRYND4H
pacmap,10000,797,7.5974827,4.703681,5.0,B01BRWH8G8
pacmap,10000,798,0.106953025,21.249697,5.0,B09RL7NM59
pacmap,10000,799,2.5531392,-8.606019,2.0,B0C3NMZ2C7
pacmap,10000,800,-3.1905646,-7.1677775,5.0,B01M0GB8CC
pacmap,10000,801,5.453197,3.2735298,4.0,B09CPQ412S
pacmap,10000,802,2.777684,7.165941,5.0,B07K21PVMQ
pacmap,10000,803,-5.018049,5.302691,5.0,B07P83ZWZT
pacmap,10000,804,-0.2945202,-5.397462,3.0,B086VR2KY8
pacmap,10000,805,-0.51151437,-9.876792,5.0,B09Z228SQJ
pacmap,10000,806,7.2399044,0.52129126,5.0,B01IXCP8DK
pacmap,10000,807,0.06653139,21.31811,5.0,B08S55D31N
pacmap,10000,808,3.8132236,-0.13362545,5.0,B07P6YXJBY
pacmap,10000,809,4.4103336,-1.0878642,1.0,B0872FYTWS
pacmap,10000,810,6.71585,0.118342735,5.0,B01N63ZGUM
pacmap,10000,811,-6.1391273,3.589585,5.0,B07Q478Y95
pacmap,10000,812,3.8140569,-0.20604178,5.0,B07QD3J1D1
pacmap,10000,813,3.814559,-0.062807545,5.0,B07P97SJHD
pacmap,10000,814,5.7508698,3.6450627,5.0,B07NXJN1QW
pacmap,10000,815,5.1492963,3.911135,5.0,B07R217P25
pacmap,10000,816,-5.414933,3.8179665,5.0,B01M0OE05T
pacmap,10000,817,-2.760807,-1.8370639,5.0,B076CRF7DN
pacmap,10000,818,-1.4139585,-3.732466,5.0,B00LD3Q56G
pacmap,10000,819,-2.972748,-11.582947,5.0,B072QW59MF
pacmap,10000,820,5.0244555,-0.6425049,2.0,B00O23IQI4
pacmap,10000,821,-0.0022890903,-7.7922487,3.0,B0081IKTN6
pacmap,10000,822,-2.8132634,-6.823035,2.0,B00KWR8ME2
pacmap,10000,823,-7.654654,7.38023,3.0,B00QRPPCMI
pacmap,10000,824,-4.1591277,6.8319936,4.0,B00VKIY9RG
pacmap,10000,825,-6.322103,7.6882453,5.0,B0C6DDHVNP
pacmap,10000,826,4.5438323,2.4016836,4.0,B007S642BW
pacmap,10000,827,-9.470374,-3.0746553,5.0,B0089W5Q1O
pacmap,10000,828,1.6857632,-2.6482544,3.0,B007Q45EF4
pacmap,10000,829,-0.31848857,-8.07642,5.0,B00006JQ06
pacmap,10000,830,5.8064694,1.441385,5.0,B009R10KBC
pacmap,10000,831,-6.504666,7.6854467,5.0,B003VAHYNC
pacmap,10000,832,-2.7515147,0.9246289,5.0,B00ARDIRFA
pacmap,10000,833,-2.572733,0.97737366,5.0,B003ZHV70C
pacmap,10000,834,-5.6897187,4.2500563,5.0,B002PY7LL0
pacmap,10000,835,-2.5597494,-12.000799,5.0,B09Y54MQWT
pacmap,10000,836,7.1439676,3.6179755,5.0,B00IA8M3K4
pacmap,10000,837,5.4584746,-0.5340161,5.0,B097D8D6L1
pacmap,10000,838,-8.379394,7.7100573,5.0,B089N5L1YQ
pacmap,10000,839,0.16032001,3.0431528,5.0,B00LI6NW8W
pacmap,10000,840,5.246128,-0.124267265,5.0,B08HSCF9X7
pacmap,10000,841,2.4920282,3.0408201,5.0,B07HMRN7Y6
pacmap,10000,842,0.14378345,8.365597,5.0,B01D06IWB4
pacmap,10000,843,-0.72941405,-7.4463477,3.0,B00P7EVST6
pacmap,10000,844,3.4094265,2.6630547,5.0,B07VHQW6F3
pacmap,10000,845,-10.016985,-3.1221035,5.0,B01IARZGAS
pacmap,10000,846,-2.050649,1.2910279,5.0,B01E7C8TWW
pacmap,10000,847,4.859258,2.8385706,5.0,B00HHEAMXC
pacmap,10000,848,-1.4846019,8.433569,5.0,B07PR21291
pacmap,10000,849,5.7864594,4.171684,5.0,B018PU87TM
pacmap,10000,850,-2.9925642,-12.288,5.0,B09WD1B2P1
pacmap,10000,851,-5.8307385,3.4677477,5.0,B07BNX8N72
pacmap,10000,852,2.4666042,-8.9325285,5.0,B07PDHSLM6
pacmap,10000,853,-1.8096925,-10.778624,4.0,B00WMLVJ1E
pacmap,10000,854,-0.61763185,-3.268836,5.0,B07GKT53H5
pacmap,10000,855,2.4093838,3.3839858,2.0,B072JJPZXQ
pacmap,10000,856,-9.673638,-2.8627427,5.0,B089F9YDFC
pacmap,10000,857,1.7105132,-4.0944405,1.0,B01MS1PMML
pacmap,10000,858,-9.049961,-4.6226473,5.0,B0C5MF2LCQ
pacmap,10000,859,2.4420202,2.6619325,3.0,B00OQVZDJM
pacmap,10000,860,-0.44125158,-4.07629,3.0,B00ZVJAF9G
pacmap,10000,861,1.9328513,3.4723897,5.0,B071K5BQPF
pacmap,10000,862,-0.7447575,-9.774091,1.0,B08YF1VBYD
pacmap,10000,863,7.0183816,2.0346642,5.0,B017LSIXDE
pacmap,10000,864,-5.904367,-3.740303,5.0,B01LXR37IE
pacmap,10000,865,-5.6523547,1.8307594,1.0,B01KV93B9G
pacmap,10000,866,-2.183591,-5.1301427,5.0,B004ZX2NU8
pacmap,10000,867,-0.10137436,-5.6664133,5.0,B008X0TBKO
pacmap,10000,868,-0.08512082,-7.862682,5.0,B00ET7PG5E
pacmap,10000,869,2.9688132,2.9805977,5.0,B0874YZVWK
pacmap,10000,870,1.3784058,6.0122766,5.0,B007T356BO
pacmap,10000,871,7.175788,2.4156199,4.0,B083J66JC2
pacmap,10000,872,7.1977324,2.2513363,4.0,B0916X99SD
pacmap,10000,873,6.009253,1.9576573,3.0,B08Z3HGG2J
pacmap,10000,874,5.264831,3.8686192,4.0,B09P39CW4T
pacmap,10000,875,4.5593157,1.4471531,4.0,B0BXJX78RL
pacmap,10000,876,4.062356,2.809854,4.0,B07PXGQC1Q
pacmap,10000,877,10.791333,5.05359,5.0,B07QD3HBFS
pacmap,10000,878,3.8747346,4.530082,5.0,B0BQQ234HZ
pacmap,10000,879,-0.37714055,-5.59318,2.0,B07SPS13MC
pacmap,10000,880,6.1337366,2.6641014,5.0,B07JG1VFBX
pacmap,10000,881,4.02222,-0.17252854,5.0,B072DZH41G
pacmap,10000,882,2.7330594,3.0222254,5.0,B07FFVVDJ8
pacmap,10000,883,-1.1355836,5.3908634,5.0,B0753R71ZH
pacmap,10000,884,1.7487885,0.9776806,4.0,B07TG9S4DG
pacmap,10000,885,3.184491,1.1223097,5.0,B07XX31MHV
pacmap,10000,886,4.0591865,0.2615576,5.0,B07QF6NRH2
pacmap,10000,887,-7.6022115,-5.8884096,5.0,B07BWC32CX
pacmap,10000,888,-2.769041,-12.113748,1.0,B095WJGGZJ
pacmap,10000,889,4.5806217,2.5260706,3.0,B076HFYGLR
pacmap,10000,890,-1.5008289,7.5564995,5.0,B08BLB8FRT
pacmap,10000,891,-0.17740326,-5.672764,3.0,B07JMC8B3Y
pacmap,10000,892,-8.806179,-3.619202,4.0,B08F1P3BCC
pacmap,10000,893,-5.695111,3.4971108,5.0,B09ZGMKVVK
pacmap,10000,894,-4.4542828,-2.6533177,5.0,B0855GZ7PT
pacmap,10000,895,-3.3034036,-11.046325,4.0,B07J3CRZGG
pacmap,10000,896,-6.7437572,1.2173133,5.0,B07RLZ1KDY
pacmap,10000,897,-5.610803,7.6187625,5.0,B083TNW1JM
pacmap,10000,898,3.238318,5.2468243,1.0,B005HEVKXU
pacmap,10000,899,4.279762,0.48455867,5.0,B072ZQB512
pacmap,10000,900,-0.68575597,-3.274179,5.0,B01AQ6OWAG
pacmap,10000,901,-0.83337,-3.401557,3.0,B07GF959QQ
pacmap,10000,902,-5.952621,-0.7281295,5.0,B072BMZCHN
pacmap,10000,903,-2.8236053,-9.246543,5.0,B07SM5MQN8
pacmap,10000,904,-0.2633331,-5.830324,5.0,B0BF9KC3NZ
pacmap,10000,905,-0.5997291,-3.9669468,1.0,B07GY54JPV
pacmap,10000,906,3.7559206,2.3552523,3.0,B0BJPSZ739
pacmap,10000,907,-1.0960041,-9.883902,5.0,B078RYSGTR
pacmap,10000,908,2.2765074,5.948622,5.0,B010P5714W
pacmap,10000,909,5.139492,1.7260036,5.0,B01NCOM06N
pacmap,10000,910,4.33493,0.5300314,5.0,B01MRS3MIS
pacmap,10000,911,-6.064504,6.48991,1.0,B014KF85IO
pacmap,10000,912,0.39515963,-1.6489242,5.0,B09LNX8MHV
pacmap,10000,913,-0.5454783,-3.4880707,4.0,B01F8DPALM
pacmap,10000,914,3.8496861,2.0774653,1.0,B00DU15MU4
pacmap,10000,915,-5.1699214,7.385996,4.0,B00WU37B2K
pacmap,10000,916,-6.32108,-4.974545,1.0,B08N5821RN
pacmap,10000,917,-7.129896,-2.0793967,5.0,B00WSW1YXA
pacmap,10000,918,18.857958,-1.53778,5.0,B07GFQN1MM
pacmap,10000,919,2.9866037,4.6844597,4.0,B07Q12TXD8
pacmap,10000,920,4.411794,1.2557604,1.0,B07S764D9V
pacmap,10000,921,11.4851,12.437909,5.0,B07FFCGJ5L
pacmap,10000,922,4.421148,0.4786141,5.0,B07L814B45
pacmap,10000,923,4.575586,-0.5251097,1.0,B0177NSA9A
pacmap,10000,924,0.75720006,-2.077246,5.0,B0087NZ31S
pacmap,10000,925,0.20118174,8.249124,5.0,B0819QKM8T
pacmap,10000,926,-1.5947093,6.8441935,2.0,B07PTVBKHM
pacmap,10000,927,3.9166274,2.0904825,3.0,B0B9S7TTCZ
pacmap,10000,928,-1.3170042,-9.553146,5.0,B0935ZDCYD
pacmap,10000,929,-1.5755382,8.12758,1.0,B01H8SKNQM
pacmap,10000,930,2.9012203,-8.818374,2.0,B07N8VFFNS
pacmap,10000,931,5.8982058,4.1967826,4.0,B075R8JR8L
pacmap,10000,932,-3.8568497,9.347159,1.0,B00OQVZDJM
pacmap,10000,933,1.5772656,-3.305767,1.0,B08KVSN48H
pacmap,10000,934,-3.8433568,0.25145474,2.0,B00U3FPN4U
pacmap,10000,935,-2.8628201,-12.350085,5.0,B08L3R87HW
pacmap,10000,936,3.4913685,4.377708,5.0,B0BV6WXP1T
pacmap,10000,937,4.646507,1.2126868,5.0,B0915QKXBV
pacmap,10000,938,6.7283325,3.3084662,5.0,B0BLRCRNP1
pacmap,10000,939,2.760969,3.5237844,4.0,B008YCZBCI
pacmap,10000,940,-5.292167,4.479176,5.0,B003U9RHM2
pacmap,10000,941,-0.09359526,6.4207053,5.0,B004V68IQ2
pacmap,10000,942,2.1120346,4.1894927,5.0,B07KWR33LS
pacmap,10000,943,1.4452169,-4.6720223,5.0,B00R92CL5E
pacmap,10000,944,-1.8236481,-8.084985,5.0,B0BWMYK1XZ
pacmap,10000,945,-3.2103953,-11.401324,3.0,B007L5NKZO
pacmap,10000,946,-1.8964386,7.9714313,5.0,B00FJ8JC3O
pacmap,10000,947,1.3492172,6.0928,3.0,B08BWN7F7Q
pacmap,10000,948,-0.68962026,-3.1397266,5.0,B075NFX24M
pacmap,10000,949,2.5149732,2.4787388,5.0,B07Q2WQWT7
pacmap,10000,950,1.5866905,4.6724696,5.0,B09T3VLCWD
pacmap,10000,951,5.614659,-0.27086592,5.0,B07TMJ8S5Z
pacmap,10000,952,-6.510993,-0.17959344,5.0,B01NANB0IW
pacmap,10000,953,11.4658165,12.425249,5.0,B07Y8SH1MC
pacmap,10000,954,2.0359561,1.7783678,5.0,B07ZSZQNWP
pacmap,10000,955,-0.42437354,0.8843492,5.0,B09KZJ9W7R
pacmap,10000,956,-0.09705246,-6.6327753,4.0,B07Q74L1TR
pacmap,10000,957,2.2191994,1.4609934,5.0,B09XGQQ98K
pacmap,10000,958,0.38205537,7.411268,5.0,B0BGS23YKX
pacmap,10000,959,-1.0340663,-3.6725624,5.0,B08HR9JFC2
pacmap,10000,960,4.5633693,2.5377152,2.0,B08JTWH2SQ
pacmap,10000,961,1.1284615,-4.7244835,5.0,B087D7C96F
pacmap,10000,962,0.015399684,-10.494016,5.0,B07S5XSTCW
pacmap,10000,963,3.579991,-0.7761478,5.0,B09T6T159F
pacmap,10000,964,-0.7527444,-3.1048827,5.0,B009XUM3Q2
pacmap,10000,965,0.934537,3.1199439,5.0,B00XJ30884
pacmap,10000,966,0.07419208,-6.7040153,5.0,B07797JBDW
pacmap,10000,967,9.388894,4.037549,5.0,B06XBBRVD5
pacmap,10000,968,5.062299,4.3641725,5.0,B06ZZY4VNW
pacmap,10000,969,3.974222,0.28086117,5.0,B01HMB1US0
pacmap,10000,970,9.407874,4.001188,5.0,B011BRUOMO
pacmap,10000,971,-0.9212325,-9.68821,5.0,B0B6T5ZWCM
pacmap,10000,972,9.369261,4.0639577,5.0,B00AYB3OMG
pacmap,10000,973,-0.81479937,-3.0828893,5.0,B001905C62
pacmap,10000,974,-2.0724125,2.2364182,1.0,B004SPMRUO
pacmap,10000,975,4.589539,0.34087884,1.0,B07NSM8TF8
pacmap,10000,976,4.4222484,0.53597546,1.0,B0963TH5MF
pacmap,10000,977,-2.2320862,-9.936377,1.0,B0B62FJF1J
pacmap,10000,978,-3.9593937,-3.6591742,1.0,B0BRXJ655D
pacmap,10000,979,0.024498384,-0.026099017,5.0,B0C1CST5HF
pacmap,10000,980,-3.1482792,8.718636,5.0,B019Q6G21Y
pacmap,10000,981,0.25271195,21.003736,5.0,B0095PZHPE
pacmap,10000,982,-0.64918405,-9.551942,5.0,B003VAK1I2
pacmap,10000,983,4.4358053,0.08349083,5.0,B0BLNQ6B3L
pacmap,10000,984,3.99248,4.0554404,5.0,B085N11H5T
pacmap,10000,985,5.147153,3.3116243,5.0,B0043T7FXE
pacmap,10000,986,3.2530928,1.7515808,5.0,B00KC0HVTQ
pacmap,10000,987,4.781405,3.5471156,5.0,B01HRVABD0
pacmap,10000,988,0.09548143,1.0888933,5.0,B0CBVWHXTS
pacmap,10000,989,6.025368,4.312555,5.0,B07Z8RLTN7
pacmap,10000,990,-3.1979575,0.5010462,5.0,B08C2LDLG5
pacmap,10000,991,-1.7174017,-11.303709,5.0,B08J83TR22
pacmap,10000,992,6.5754557,-0.550437,5.0,B00TOT6I7W
pacmap,10000,993,-0.6258924,8.330194,5.0,B00GMFVET8
pacmap,10000,994,4.077662,1.0631143,5.0,B08L5M9BTJ
pacmap,10000,995,-1.1299292,-4.228515,5.0,B07Z3KTCPX
pacmap,10000,996,4.599276,3.404002,5.0,B0BWD4WGJB
pacmap,10000,997,-1.8949397,0.6367884,4.0,B07G61MFF6
pacmap,10000,998,-0.80547285,-4.2426987,2.0,B00VA5MLM4
pacmap,10000,999,-10.311225,-3.3977754,5.0,B085D9SLF4
pacmap,10000,1000,6.934849,-1.370672,5.0,B0BTKKJLTP
pacmap,10000,1001,-6.1292443,7.67084,5.0,B00M4L721S
pacmap,10000,1002,-10.16516,-2.4193256,5.0,B00JM6EP1I
pacmap,10000,1003,2.3793101,-0.090349525,5.0,B0007M610O
pacmap,10000,1004,-1.3396991,7.1312404,5.0,B086YCPY39
pacmap,10000,1005,-6.5468125,-5.7818036,4.0,B01M71T4E7
pacmap,10000,1006,1.9822952,-1.6168567,1.0,B06ZXR6KS6
pacmap,10000,1007,-3.9068537,7.4310923,4.0,B00J3FOZPO
pacmap,10000,1008,4.446325,4.683795,5.0,B08QJBQ1VM
pacmap,10000,1009,4.500212,2.0252109,5.0,B07F4P3JH7
pacmap,10000,1010,-2.9195848,-11.40003,5.0,B01FLKRNTE
pacmap,10000,1011,5.706411,2.6798692,5.0,B08YGKCHNF
pacmap,10000,1012,3.9212868,5.2697186,5.0,B07V44WYM6
pacmap,10000,1013,-3.3631613,-11.981683,5.0,B0BDSZ2KT3
pacmap,10000,1014,-1.591284,-11.589714,5.0,B09KQC7Z4S
pacmap,10000,1015,4.163384,2.5840268,5.0,B0BHWYQ47Y
pacmap,10000,1016,-2.4006608,-12.154043,5.0,B0BDSZ2KT3
pacmap,10000,1017,0.11326061,7.5579314,5.0,B0BW7DFJL2
pacmap,10000,1018,-2.5008156,-12.292118,3.0,B08B3G74MY
pacmap,10000,1019,-3.0179086,-11.901969,4.0,B0BQC7892K
pacmap,10000,1020,-3.3289795,-11.667579,2.0,B0B5D4K48M
pacmap,10000,1021,2.8767047,1.0154775,5.0,B07H8WS1FT
pacmap,10000,1022,-1.0859466,7.304863,1.0,B01MXKRKWY
pacmap,10000,1023,-1.3160399,-10.376668,5.0,B08VD2NX25
pacmap,10000,1024,6.6425676,1.892939,5.0,B0C1ZDMQ5Y
pacmap,10000,1025,2.528505,2.142705,4.0,B0BQ5XQ17G
pacmap,10000,1026,4.2699823,0.89806,3.0,B07QF4Z874
pacmap,10000,1027,-2.25658,1.0647131,5.0,B007Z549YQ
pacmap,10000,1028,0.015640298,7.83432,5.0,B08434BWYM
pacmap,10000,1029,-8.83473,-3.8960273,5.0,B09LCZ16HN
pacmap,10000,1030,5.6019287,1.7080053,5.0,B0CB11DLHG
pacmap,10000,1031,0.9584393,3.8774471,2.0,B07THRBHPG
pacmap,10000,1032,5.3947887,1.9232295,1.0,B086C1FGF9
pacmap,10000,1033,-1.7988955,4.30129,5.0,B01M1AQ316
pacmap,10000,1034,-8.160834,7.6752157,5.0,B0B4SWZTZ1
pacmap,10000,1035,-7.6031666,-5.8231378,5.0,B0739N6PLY
pacmap,10000,1036,7.7755084,3.6472578,4.0,B092LYGF9J
pacmap,10000,1037,7.7267256,-2.5008442,5.0,B004A9PBJW
pacmap,10000,1038,2.2455204,2.9677715,2.0,B0000BYDKO
pacmap,10000,1039,7.016943,1.1113815,5.0,B001KPILLE
pacmap,10000,1040,-8.263153,7.74124,5.0,B00NMTXYN6
pacmap,10000,1041,7.160634,4.1439853,5.0,B07RN4XTV5
pacmap,10000,1042,4.793298,2.9109476,5.0,B071HSGBZC
pacmap,10000,1043,0.49022868,7.683558,5.0,B089XF38N2
pacmap,10000,1044,-0.90182054,-3.3200033,4.0,B07SHFPD8S
pacmap,10000,1045,-1.6904204,-11.263398,5.0,B07V3RB9C1
pacmap,10000,1046,5.9027104,4.058078,5.0,B076FR2J17
pacmap,10000,1047,1.4111912,8.007463,5.0,B07CP7PGKB
pacmap,10000,1048,3.8616767,0.45135435,5.0,B09XKS77DP
pacmap,10000,1049,3.0822341,2.640519,5.0,B005INJ4ZG
pacmap,10000,1050,6.293635,0.0007372733,5.0,B0015V1H28
pacmap,10000,1051,10.976206,-4.6225753,5.0,B000NU4OTA
pacmap,10000,1052,-0.89333534,-0.45828518,1.0,B07G5ZG3Q4
pacmap,10000,1053,4.546387,4.324536,5.0,B07P6TNT8H
pacmap,10000,1054,7.4750166,1.8703796,5.0,B07CK1CZ9J
pacmap,10000,1055,8.297979,-2.7304137,5.0,B0B3J6BWH2
pacmap,10000,1056,9.328276,4.1199665,4.0,B00JDN86EW
pacmap,10000,1057,-5.179461,4.456308,5.0,B081N87HH9
pacmap,10000,1058,-3.1981173,1.0546116,5.0,B082X8CY8X
pacmap,10000,1059,-1.8332139,-8.090586,5.0,B082YWZ77X
pacmap,10000,1060,-5.4860663,3.9176211,5.0,B0CBZF7ZY5
pacmap,10000,1061,-6.94299,0.41262922,5.0,B0C1SJVWTY
pacmap,10000,1062,-7.3536057,-3.3426683,5.0,B0BN11KNM4
pacmap,10000,1063,-7.3683286,-3.4803293,5.0,B09YVBF9Z9
pacmap,10000,1064,-6.7684827,1.0180117,4.0,B0C1ZC8CFP
pacmap,10000,1065,0.28865522,-7.78043,4.0,B09V1KS388
pacmap,10000,1066,1.1544312,-1.940082,4.0,B09QFZF8QC
pacmap,10000,1067,-9.130366,-3.7977982,4.0,B09N8NQG9J
pacmap,10000,1068,0.14686643,21.18046,3.0,B0C28HGT5N
pacmap,10000,1069,-6.18377,-2.0633848,5.0,B0BV9PZ629
pacmap,10000,1070,-5.934428,-6.11356,5.0,B0019R6SO0
pacmap,10000,1071,-1.5039085,-8.344789,5.0,B0C1V5SRCW
pacmap,10000,1072,-6.845426,7.827317,4.0,B09N7532L7
pacmap,10000,1073,-2.6613152,0.34416217,5.0,B09FPGG9GZ
pacmap,10000,1074,-1.2264421,5.64538,5.0,B07SSDKNSL
pacmap,10000,1075,0.23130366,-7.466939,3.0,B086XH336K
pacmap,10000,1076,0.23921824,-7.700381,4.0,B09Y4LSD91
pacmap,10000,1077,-5.1678147,-5.3486304,4.0,B09WZZ9RDX
pacmap,10000,1078,-10.06916,-3.1767201,4.0,B07RW9LZ15
pacmap,10000,1079,0.93585,-0.3257989,4.0,B098BN33KP
pacmap,10000,1080,-10.171944,-3.4769304,5.0,B0BGPJNJBH
pacmap,10000,1081,-6.2352753,7.687169,5.0,B00002JXFH
pacmap,10000,1082,-1.4100235,-6.332067,5.0,B07N7HWP59
pacmap,10000,1083,1.7053796,-4.23382,2.0,B07P374Y47
pacmap,10000,1084,-3.6657944,0.557337,4.0,B01DLWBPCA
pacmap,10000,1085,-7.6296334,-5.2701297,5.0,B09CT914BT
pacmap,10000,1086,-0.4718809,-1.2720469,4.0,B0932GQP4B
pacmap,10000,1087,-7.161377,1.1547227,5.0,B07KJTXRKM
pacmap,10000,1088,-0.5587694,-4.43364,3.0,B07CM5NZRC
pacmap,10000,1089,0.99641293,-1.261685,3.0,B0B696YT88
pacmap,10000,1090,-5.4039993,-5.624029,5.0,B07JJCKSDH
pacmap,10000,1091,-2.288204,0.08647671,4.0,B07Z7MRNDZ
pacmap,10000,1092,-6.7462745,1.7332532,5.0,B071WNBMQ2
pacmap,10000,1093,-0.80448323,-5.2325687,5.0,B07DK1M5JF
pacmap,10000,1094,0.3287864,-3.4021142,4.0,B07HXW73SH
pacmap,10000,1095,-0.18138367,-8.196859,5.0,B07CPMG2LK
pacmap,10000,1096,0.64054865,-4.1218004,5.0,B07H5F2SSX
pacmap,10000,1097,-6.1642327,-2.0584047,5.0,B076YN6CSG
pacmap,10000,1098,-5.8978786,-6.051704,5.0,B077HNPLHZ
pacmap,10000,1099,1.7639762,-4.1734343,5.0,B0BJGKZKV9
pacmap,10000,1100,-2.6836772,-2.0788777,5.0,B07659Z1QM
pacmap,10000,1101,-2.8521643,0.47299683,3.0,B00X5X1XPU
pacmap,10000,1102,1.770393,-4.4836884,4.0,B084BXS6NL
pacmap,10000,1103,5.8587403,1.8482144,5.0,B0002KR5Q0
pacmap,10000,1104,-7.4128985,-5.758297,5.0,B01N14PF8X
pacmap,10000,1105,-4.264808,0.22999738,3.0,B01EY9L448
pacmap,10000,1106,-3.2078307,-2.8708029,5.0,B07SVBV9TM
pacmap,10000,1107,-2.119409,-2.0906386,2.0,B07S9H9QVN
pacmap,10000,1108,1.7273948,-4.2861147,4.0,B01K7IH638
pacmap,10000,1109,-6.898624,1.6944714,3.0,B01IEKG3TY
pacmap,10000,1110,-0.8668187,-1.8446602,4.0,B076ZTM2X5
pacmap,10000,1111,-5.3536096,3.8266153,5.0,B01DSSLEHI
pacmap,10000,1112,-7.091749,0.85481495,5.0,B01BCWKBZI
pacmap,10000,1113,-1.1536804,-8.842681,3.0,B00L8O8WK2
pacmap,10000,1114,-1.3189714,-5.7211103,5.0,B009NXOKOM
pacmap,10000,1115,1.828249,-4.2020082,1.0,B00HCNHH2W
pacmap,10000,1116,-2.187619,0.46564108,4.0,B004V3Q2YA
pacmap,10000,1117,-6.057024,-0.8906579,1.0,B0076O2A4C
pacmap,10000,1118,-6.972752,1.2858475,5.0,B00BXK7LBC
pacmap,10000,1119,-6.7049546,1.3274093,4.0,B002OB4DC4
pacmap,10000,1120,1.5214636,-1.4041411,1.0,B0014FWBBQ
pacmap,10000,1121,-1.3421401,-6.237993,5.0,B0007PN5MS
pacmap,10000,1122,-2.9747982,1.1603297,3.0,B0006G332A
pacmap,10000,1123,3.5551832,4.0106225,5.0,B01NBTC7KN
pacmap,10000,1124,9.358737,4.0606127,5.0,B09HRNNQRT
pacmap,10000,1125,-1.2711987,-9.0413685,2.0,B08YXY5XMD
pacmap,10000,1126,-1.0278833,-8.118927,4.0,B093S4ZDKM
pacmap,10000,1127,-2.8919082,8.314807,5.0,B01DKA81PW
pacmap,10000,1128,-6.189324,7.710022,5.0,B08SM7QW5K
pacmap,10000,1129,4.769838,0.14143264,1.0,B00198445E
pacmap,10000,1130,-3.2690818,-9.747034,5.0,B09R6RKBWY
pacmap,10000,1131,0.37145856,5.940516,5.0,B07QMBY7JF
pacmap,10000,1132,0.2990842,8.458924,5.0,B0C9DMZ9DS
pacmap,10000,1133,2.8672476,2.0825858,5.0,B078SL6YB7
pacmap,10000,1134,-0.40676102,-10.060737,4.0,B07LGM767X
pacmap,10000,1135,-1.4273149,-11.392485,4.0,B08J83TR22
pacmap,10000,1136,-6.830027,-4.008499,5.0,B07WNYLXM1
pacmap,10000,1137,-6.323658,7.6933684,5.0,B00ZYLMQH0
pacmap,10000,1138,-0.17444614,4.767915,5.0,B09Q3NR84W
pacmap,10000,1139,3.2727208,5.6816363,5.0,B084H2NHNN
pacmap,10000,1140,0.23099788,7.7330565,5.0,B01B208CLA
pacmap,10000,1141,1.8230373,-2.2304442,5.0,B07CLBNM1C
pacmap,10000,1142,-0.32418084,-9.95685,4.0,B00UAZ5KDM
pacmap,10000,1143,-8.147859,7.679251,5.0,B09BQVHBMD
pacmap,10000,1144,2.2661016,8.34478,5.0,B01F4SKT08
pacmap,10000,1145,0.25899324,21.023209,5.0,B08J5ZRFRG
pacmap,10000,1146,3.7604399,4.7003818,5.0,B07ZHMHH9Q
pacmap,10000,1147,1.4259732,4.172315,5.0,B07LDB7MDJ
pacmap,10000,1148,6.435809,2.7307065,5.0,B09QL59Q12
pacmap,10000,1149,-1.2270052,7.379186,5.0,B09HKP7N83
pacmap,10000,1150,1.3041677,1.7266878,5.0,B0BVY5RHRR
pacmap,10000,1151,-0.49089086,6.6533837,5.0,B07KW59B6C
pacmap,10000,1152,2.9418595,3.165897,5.0,B09H5NT2C1
pacmap,10000,1153,-6.712575,-4.952312,5.0,B09331MCDS
pacmap,10000,1154,-0.7813693,-9.882942,5.0,B0C9GQLBF4
pacmap,10000,1155,-0.2764355,8.108181,5.0,B06XSGYL1Q
pacmap,10000,1156,-7.00482,-4.6941886,5.0,B0B6NS4VH2
pacmap,10000,1157,-5.298735,2.5519524,5.0,B011BRUOMO
pacmap,10000,1158,7.0777473,0.8453456,5.0,B00MPB9IT6
pacmap,10000,1159,-6.3349276,7.658327,1.0,B013S0N2OY
pacmap,10000,1160,6.1306014,4.635936,5.0,B0B4BMHPJ2
pacmap,10000,1161,1.578519,5.677572,4.0,B0BKKW5PF4
pacmap,10000,1162,-0.36858457,1.026771,5.0,B09PHJ83GH
pacmap,10000,1163,-2.5317729,7.7261133,5.0,B09ZQS1HW3
pacmap,10000,1164,11.479986,12.435522,5.0,B09XXPCNFY
pacmap,10000,1165,-0.3108835,5.070814,5.0,B09SLNKQTZ
pacmap,10000,1166,-0.67764235,-3.0657785,5.0,B07PK6PDL6
pacmap,10000,1167,-2.2179773,8.931557,1.0,B09B4XST7Y
pacmap,10000,1168,-10.339035,-3.2922266,3.0,B09GKYFS67
pacmap,10000,1169,-10.211304,-3.3921,4.0,B09GKV31QZ
pacmap,10000,1170,0.69821733,3.767401,4.0,B0BSCCQLCY
pacmap,10000,1171,2.5307326,-8.865779,5.0,B09TNV7Q69
pacmap,10000,1172,-10.037164,-2.8222055,5.0,B0BPP72J81
pacmap,10000,1173,11.4759445,12.433258,5.0,B097SVMKSZ
pacmap,10000,1174,-7.603288,-5.0003076,5.0,B099WZQ323
pacmap,10000,1175,-7.748752,-4.8920193,5.0,B097BFSJ7N
pacmap,10000,1176,3.616058,1.2659564,3.0,B09J96N8YW
pacmap,10000,1177,0.33695024,5.9615917,5.0,B08QJKMBFN
pacmap,10000,1178,-6.734045,-4.5941305,5.0,B08XP6XW63
pacmap,10000,1179,-0.72983164,2.6314678,4.0,B07F6Y9N43
pacmap,10000,1180,1.8813043,3.5673223,5.0,B07H82M1B4
pacmap,10000,1181,-0.52750975,1.9385363,3.0,B07VF5G3B3
pacmap,10000,1182,-1.1165683,-9.085468,3.0,B07YDJGPCN
pacmap,10000,1183,-1.2636015,5.8469224,4.0,B07ZYGVWMH
pacmap,10000,1184,-6.1379657,-0.8888344,5.0,B09TGH81T9
pacmap,10000,1185,-1.7649152,6.5589046,5.0,B07X7MY4ZP
pacmap,10000,1186,1.9606454,7.849331,5.0,B07QLQGQ13
pacmap,10000,1187,-7.4241405,-3.4616709,5.0,B07VDHPHZT
pacmap,10000,1188,-0.5722646,5.390781,4.0,B0784BCRVZ
pacmap,10000,1189,3.4500685,0.73666257,5.0,B0BYYQNJ3H
pacmap,10000,1190,-1.5189629,-4.6159163,5.0,B008S08HJ0
pacmap,10000,1191,-7.958274,-4.7415953,5.0,B0C5PHZ4QS
pacmap,10000,1192,-8.709175,-3.3613281,5.0,B01NBF0ZZ9
pacmap,10000,1193,3.614379,3.7726266,5.0,B00JO6RO8C
pacmap,10000,1194,-0.8293233,-3.6811912,5.0,B00BJ2MC0E
pacmap,10000,1195,-3.7687032,9.013763,5.0,B018SZT3BK
pacmap,10000,1196,-1.0725231,8.109856,5.0,B01LY0G6UP
pacmap,10000,1197,2.3240023,8.200271,5.0,B00XQAKHMW
pacmap,10000,1198,-5.7018414,1.1394463,4.0,B07BMHSL19
pacmap,10000,1199,2.287033,7.6529083,5.0,B01G7QDWB4
pacmap,10000,1200,-1.7147834,-9.646653,5.0,B00IPSC6F6
pacmap,10000,1201,-3.68491,8.221891,5.0,B00M1C82VY
pacmap,10000,1202,-1.120527,-9.649728,4.0,B00OPVJ0JW
pacmap,10000,1203,-0.7080802,-9.845505,4.0,B000O8WE66
pacmap,10000,1204,-3.6251163,9.173918,5.0,B00154JDAI
pacmap,10000,1205,-3.031953,1.2519399,5.0,B0002OD3JY
pacmap,10000,1206,5.2595987,3.6739683,5.0,B00005JLS3
pacmap,10000,1207,-0.7876199,-10.284584,2.0,B07GC8NMB8
pacmap,10000,1208,-2.5107052,9.20984,2.0,B019F6P5AY
pacmap,10000,1209,0.85972595,4.051388,4.0,B00OUXHL8C
pacmap,10000,1210,5.6206183,0.48191294,1.0,B08K2S5B88
pacmap,10000,1211,5.7512703,0.64453053,1.0,B07C5J2WWD
pacmap,10000,1212,4.827376,2.9683046,4.0,B00OUXHMCW
pacmap,10000,1213,6.140116,-2.057995,3.0,B0C6J534BX
pacmap,10000,1214,-9.471714,-4.006006,4.0,B0BS6KLLT1
pacmap,10000,1215,-1.904493,-8.219787,3.0,B07VXP6FKN
pacmap,10000,1216,1.6986413,0.59004444,5.0,B082DT8YZW
pacmap,10000,1217,5.8098054,0.31745496,5.0,B00OUXHOGG
pacmap,10000,1218,4.0203824,0.5706764,3.0,B07PC39CTK
pacmap,10000,1219,4.1457887,2.3785608,5.0,B07SJ8L4M3
pacmap,10000,1220,0.9995916,4.140885,3.0,B07F7TDK2S
pacmap,10000,1221,-1.0360684,-3.9156344,5.0,B00KXTZ3BE
pacmap,10000,1222,9.276219,-3.404928,4.0,B019WJROSK
pacmap,10000,1223,1.3708404,0.6056673,5.0,B0756SFQR1
pacmap,10000,1224,-5.799754,3.228087,5.0,B07KKKBXG4
pacmap,10000,1225,-0.8832423,-11.157764,1.0,B084D7CMKC
pacmap,10000,1226,-10.138351,-3.2482972,1.0,B0C163NSMW
pacmap,10000,1227,3.4052074,5.215988,3.0,B0BTSVTK32
pacmap,10000,1228,-9.013422,-4.393534,1.0,B01N9P860N
pacmap,10000,1229,-7.5636144,-4.7268696,3.0,B08XQ41Z1H
pacmap,10000,1230,-0.72512865,-9.904677,5.0,B0C1J4XGB1
pacmap,10000,1231,6.0967193,5.902126,5.0,B0C6M7FY32
pacmap,10000,1232,-3.4101562,-10.786233,3.0,B00KY59Q3I
pacmap,10000,1233,-3.484362,-10.484589,4.0,B016YBEBG2
pacmap,10000,1234,-6.4683933,-5.9047627,5.0,B08KRKTXH9
pacmap,10000,1235,-7.234468,-5.7894773,5.0,B013JMOTXO
pacmap,10000,1236,-9.376772,-4.022829,4.0,B01MUXYVOA
pacmap,10000,1237,-0.23416609,-5.8125186,5.0,B0CF1VPN1J
pacmap,10000,1238,-0.30945873,-5.8091645,5.0,B0BMKD7JF8
pacmap,10000,1239,-1.4820213,7.1143537,5.0,B07ZDJF4XB
pacmap,10000,1240,-2.3416011,2.3684635,3.0,B07GTJC9XM
pacmap,10000,1241,6.7226386,2.4899616,5.0,B00N23J4LI
pacmap,10000,1242,1.5797545,4.813085,4.0,B07VN6JCNZ
pacmap,10000,1243,5.321983,2.8576462,5.0,B01GL6WZA4
pacmap,10000,1244,-6.6637306,-5.045589,5.0,B0BPM2XF22
pacmap,10000,1245,4.6223083,2.7076626,1.0,B071HNJX6Q
pacmap,10000,1246,1.7291306,4.4638567,2.0,B000I4RMOU
pacmap,10000,1247,-3.5662916,-12.03271,1.0,B00DW1X5JC
pacmap,10000,1248,-6.9845862,1.0509422,2.0,B081Q8JHJQ
pacmap,10000,1249,-9.543666,-2.8317099,4.0,B00M5D2P4Y
pacmap,10000,1250,-9.801721,-2.9750252,4.0,B07QCRCP2R
pacmap,10000,1251,3.21756,3.206921,5.0,B09MTSLT2T
pacmap,10000,1252,6.2459054,-1.0970861,5.0,B008TUQ7SC
pacmap,10000,1253,-0.8449498,3.1645854,3.0,B0BGK3Y8VY
pacmap,10000,1254,-0.9137253,7.547886,5.0,B07Q14H7BZ
pacmap,10000,1255,-8.6481,-4.4651756,1.0,B084HM5WG1
pacmap,10000,1256,2.339074,6.78594,5.0,B0C49KQRX4
pacmap,10000,1257,-0.5652195,-10.007345,4.0,B0BW4PFM58
pacmap,10000,1258,1.1140859,2.570838,5.0,B087CHS5Z9
pacmap,10000,1259,4.8283052,4.315297,5.0,B07ZN4JZYH
pacmap,10000,1260,1.1509194,1.564094,5.0,B015FY0SSO
pacmap,10000,1261,6.188693,2.8012404,5.0,B08421KFJX
pacmap,10000,1262,10.969623,-4.605603,5.0,B01K8B8YA8
pacmap,10000,1263,2.9297357,7.108694,5.0,B0C5PHZ4QS
pacmap,10000,1264,17.088772,-1.7454212,5.0,B01LXZZVKP
pacmap,10000,1265,-5.673247,-5.9196467,1.0,B0BSS1WJ4D
pacmap,10000,1266,2.5615356,-8.9349575,5.0,B07VXXBTX4
pacmap,10000,1267,3.7315695,1.9980121,5.0,B07H8WS1FT
pacmap,10000,1268,-1.0873542,4.972583,5.0,B08HN4345K
pacmap,10000,1269,2.212416,3.5566552,4.0,B09WHPJZD3
pacmap,10000,1270,-2.347479,-9.29186,4.0,B0B3VDGR74
pacmap,10000,1271,-5.535774,4.106125,1.0,B0B4F9H4DF
pacmap,10000,1272,-6.4906507,1.3599843,3.0,B00INKHXY0
pacmap,10000,1273,-8.917369,-3.7587721,5.0,B09XQ1P16Z
pacmap,10000,1274,1.7497756,1.461836,4.0,B07FD3YXKR
pacmap,10000,1275,-2.300435,0.123843245,4.0,B07BGTKP34
pacmap,10000,1276,-5.8338675,-5.3121142,5.0,B09WTY19L9
pacmap,10000,1277,-6.9891047,-0.7269379,4.0,B07G6XRZJ7
pacmap,10000,1278,4.9463835,-0.05491494,4.0,B07DGV6LY8
pacmap,10000,1279,1.6101843,-0.9560343,4.0,B07JKPCPF8
pacmap,10000,1280,-3.1848118,-12.097645,5.0,B07J4RVYHX
pacmap,10000,1281,-2.9980345,-11.670213,4.0,B07FC9BNQL
pacmap,10000,1282,1.9861158,2.6865678,5.0,B08P6S2757
pacmap,10000,1283,-5.3859305,-5.6511207,5.0,B08J42GSW6
pacmap,10000,1284,-6.7821183,1.4641852,3.0,B0B1TXQSBV
pacmap,10000,1285,-1.1750832,3.5241072,4.0,B07H1B8LQV
pacmap,10000,1286,-8.888978,-4.842046,4.0,B07H3V77T7
pacmap,10000,1287,-1.883399,1.0241759,4.0,B07CWJCBJ7
pacmap,10000,1288,1.7041057,7.893522,5.0,B0B2QVW1ZV
pacmap,10000,1289,-0.275454,8.692035,5.0,B07TX777BZ
pacmap,10000,1290,-2.7488093,8.374025,4.0,B085ZTR62L
pacmap,10000,1291,-8.593749,-4.7828016,5.0,B08BC9J8QQ
pacmap,10000,1292,-0.08520248,5.730286,5.0,B082W1SWKC
pacmap,10000,1293,-6.6867146,-4.6441255,4.0,B077HNPLHZ
pacmap,10000,1294,-2.3082416,4.5350924,1.0,B083JG42ZG
pacmap,10000,1295,-0.7476601,1.2620573,4.0,B07YKGXRKH
pacmap,10000,1296,-6.232012,-3.521321,4.0,B086QKZHDY
pacmap,10000,1297,0.20355812,6.686521,4.0,B07ZYH9R2C
pacmap,10000,1298,1.5918418,-2.1475015,4.0,B07DGFBLCX
pacmap,10000,1299,-5.1822543,-2.5024972,5.0,B0764GBNX2
pacmap,10000,1300,-8.1074705,7.7262983,5.0,B07NR78GS6
pacmap,10000,1301,-7.9980803,-4.5553303,3.0,B085N11H5T
pacmap,10000,1302,-5.748867,-4.3183627,4.0,B07PTYNGCV
pacmap,10000,1303,-0.22676326,7.6532893,4.0,B07SZ8Z734
pacmap,10000,1304,-6.2923045,-6.8700447,5.0,B07PMK7WVC
pacmap,10000,1305,-0.10649866,4.712348,5.0,B07M8JKBY5
pacmap,10000,1306,-0.06546053,1.336903,5.0,B0B614JJWR
pacmap,10000,1307,-3.3265526,-11.871621,5.0,B075QLZYD6
pacmap,10000,1308,-8.911865,-3.78601,5.0,B07H59Q7LG
pacmap,10000,1309,-1.6978039,-10.899025,4.0,B073RZSTGL
pacmap,10000,1310,1.3313186,3.1798325,5.0,B01LZFDA8E
pacmap,10000,1311,-3.4278114,-3.0966625,4.0,B07659Z1QM
pacmap,10000,1312,-6.252428,-4.0970926,4.0,B07YLQBC4B
pacmap,10000,1313,-1.8466707,-11.31113,3.0,B074QQQ51L
pacmap,10000,1314,-0.44640356,1.9653192,5.0,B07JPYR7XJ
pacmap,10000,1315,-3.1566508,-12.287751,4.0,B082SW81WD
pacmap,10000,1316,-3.3463576,-12.028504,5.0,B07JW2S287
pacmap,10000,1317,-1.8528975,-8.44623,2.0,B0BXLCC4V6
pacmap,10000,1318,0.2691479,4.022877,3.0,B0C25CVMJS
pacmap,10000,1319,-1.7531213,-11.239278,3.0,B078LHSFHC
pacmap,10000,1320,1.7649308,-4.556124,3.0,B074F3M2W8
pacmap,10000,1321,-1.2151988,-5.108019,1.0,B019XE45I6
pacmap,10000,1322,-2.7268553,-12.490237,2.0,B071XNVKBM
pacmap,10000,1323,-3.2582216,-12.260748,4.0,B00H36UL5I
pacmap,10000,1324,-1.3965545,2.8292284,5.0,B0755PDKCN
pacmap,10000,1325,-0.067632355,-10.012742,5.0,B06Y2M9FNC
pacmap,10000,1326,-7.4567575,-5.147897,4.0,B09YYX736L
pacmap,10000,1327,2.0708885,8.073939,5.0,B07VP6W2RF
pacmap,10000,1328,-0.15743859,4.7257667,5.0,B01LQX0P8Q
pacmap,10000,1329,-3.3461564,-11.791632,5.0,B01N6YGQLJ
pacmap,10000,1330,-2.0317593,0.7524823,4.0,B01N8UG7HA
pacmap,10000,1331,-5.7037506,3.5000372,4.0,B01K1INXJK
pacmap,10000,1332,-0.5519194,-3.3366423,2.0,B01DA0YCNC
pacmap,10000,1333,1.7456694,-4.474072,5.0,B09LYWCHJX
pacmap,10000,1334,-2.6600401,-2.378407,1.0,B01I4PKSZE
pacmap,10000,1335,-5.5921683,3.731134,4.0,B01HNBLHAA
pacmap,10000,1336,-5.1646886,1.1058273,5.0,B01LXHZLY7
pacmap,10000,1337,0.76695347,-3.5643754,4.0,B00YY3XSSA
pacmap,10000,1338,-3.0484452,-9.788785,2.0,B00U0WUGXO
pacmap,10000,1339,-4.139676,7.3814526,2.0,B00NGK93AE
pacmap,10000,1340,1.2831892,-4.3645945,4.0,B00KATWRIY
pacmap,10000,1341,2.1754813,7.8344884,4.0,B01CHQ8F1K
pacmap,10000,1342,-0.94900864,-9.422062,4.0,B00K4WAB30
pacmap,10000,1343,-9.9903965,-3.5250263,4.0,B00IM3P8GS
pacmap,10000,1344,-2.4680743,9.341368,4.0,B00ECERJTA
pacmap,10000,1345,-2.1716158,9.107971,4.0,B00EUFP6WI
pacmap,10000,1346,-3.6671195,9.263209,4.0,B007OZNUCE
pacmap,10000,1347,1.1714679,6.2939696,5.0,B00BGIQRDE
pacmap,10000,1348,-2.5642073,-7.4779587,1.0,B007GR44PM
pacmap,10000,1349,-1.7310333,6.871833,1.0,B00B5YER7M
pacmap,10000,1350,-1.1912023,-6.846121,2.0,B00AITG3NQ
pacmap,10000,1351,-2.1275845,8.75377,3.0,B008ULPBJG
pacmap,10000,1352,-0.26843128,1.6261443,5.0,B005DEP2AG
pacmap,10000,1353,-2.2902172,4.6721587,4.0,B006W3ZV6W
pacmap,10000,1354,-2.3853545,0.68403083,3.0,B004HO58KC
pacmap,10000,1355,-1.2436988,-6.0406446,5.0,B0015ACUKC
pacmap,10000,1356,-2.917632,-11.260818,4.0,B005JXAEGS
pacmap,10000,1357,-2.1977127,-8.23295,3.0,B003YKG86S
pacmap,10000,1358,-1.6695396,-8.195544,2.0,B001IAX9AE
pacmap,10000,1359,2.4675465,-8.972299,5.0,B07PDHSLM6
pacmap,10000,1360,-6.2620773,7.005445,5.0,B01MXXQKGM
pacmap,10000,1361,-3.2411153,-2.2610426,5.0,B0BVR7B323
pacmap,10000,1362,-3.1608472,-12.294025,5.0,B09F9FKWCC
pacmap,10000,1363,-2.5889056,1.7319106,5.0,B09YM4K17L
pacmap,10000,1364,0.6747917,7.7841907,5.0,B081GM5BCH
pacmap,10000,1365,4.9472976,1.0329667,5.0,B0B2JWCMCY
pacmap,10000,1366,-3.1846867,-12.0783615,5.0,B07HLTDQ7B
pacmap,10000,1367,6.3546987,0.50756055,5.0,B01F26T1JW
pacmap,10000,1368,-1.6573449,7.382891,5.0,B006ZT4VA0
pacmap,10000,1369,8.411366,-2.7265651,5.0,B00XJN2T2W
pacmap,10000,1370,6.1807275,-0.2513323,5.0,B00404SUZ4
pacmap,10000,1371,3.889975,1.0976785,5.0,B0CF6479D8
pacmap,10000,1372,1.1870352,-2.0594018,5.0,B07RWJNZMZ
pacmap,10000,1373,4.555595,1.8243403,5.0,B07KNLXQ2S
pacmap,10000,1374,-1.507838,-11.337178,5.0,B01M4R72FX
pacmap,10000,1375,4.8945794,3.0902708,4.0,B07FTSFGXH
pacmap,10000,1376,4.759732,1.3877847,5.0,B01MTF91W6
pacmap,10000,1377,4.49066,2.406283,5.0,B074N2QSZT
pacmap,10000,1378,4.771532,0.43021557,5.0,B00YOP4DSW
pacmap,10000,1379,7.3519707,4.338479,5.0,B01KIOU214
pacmap,10000,1380,3.1758018,4.675803,5.0,B0B11P89KH
pacmap,10000,1381,6.1214905,3.4480135,4.0,B004HBK4T0
pacmap,10000,1382,4.5711803,0.24276964,4.0,B0089W5NKI
pacmap,10000,1383,6.5038056,3.083636,4.0,B07Q1JVCTS
pacmap,10000,1384,7.104676,3.7830596,4.0,B004X8AKDM
pacmap,10000,1385,7.13312,4.0627217,4.0,B0054L7FVW
pacmap,10000,1386,5.322512,1.8938067,3.0,B001RJXTNI
pacmap,10000,1387,5.333702,1.3947654,1.0,B007UZCIBW
pacmap,10000,1388,3.9693077,1.3151126,2.0,B003VANOFY
pacmap,10000,1389,6.5565033,3.8790205,5.0,B0108LX660
pacmap,10000,1390,3.9183447,2.1551788,4.0,B08SHVBZ8M
pacmap,10000,1391,-1.5945592,4.342966,1.0,B0C7K8RKCG
pacmap,10000,1392,-2.8711016,-10.74708,3.0,B07BW245J3
pacmap,10000,1393,-2.1042495,4.5126443,5.0,B0BTTB89J3
pacmap,10000,1394,2.4031012,2.5608003,5.0,B09T3921MQ
pacmap,10000,1395,-2.4229982,-8.253404,4.0,B092VHZ5LX
pacmap,10000,1396,-2.9257114,-11.694288,3.0,B08KDX5H5Z
pacmap,10000,1397,-4.0303626,6.7441397,3.0,B08BH87FPJ
pacmap,10000,1398,-3.4762182,-11.826219,5.0,B07W6N4HNP
pacmap,10000,1399,3.4582424,4.4004893,1.0,B082D1RRVF
pacmap,10000,1400,-1.9485933,4.481177,1.0,B0881XYVRY
pacmap,10000,1401,-6.3219566,-4.3452873,5.0,B0184S7U7A
pacmap,10000,1402,4.0092754,3.0421472,5.0,B01MXWN6UF
pacmap,10000,1403,-1.2099197,1.8316059,1.0,B072R4ST2Z
pacmap,10000,1404,0.6896942,0.121456586,1.0,B07VKQ58ZF
pacmap,10000,1405,-1.6306438,-0.16219626,1.0,B07NGK5564
pacmap,10000,1406,-6.2407446,7.324423,1.0,B00MULE6KW
pacmap,10000,1407,3.8542058,2.4505565,1.0,B08SGSYLZD
pacmap,10000,1408,-1.1803063,6.220455,5.0,B0122ZKEYC
pacmap,10000,1409,-2.165981,4.638862,1.0,B07DNGZQDZ
pacmap,10000,1410,-2.175751,4.626979,4.0,B00KB8CHU2
pacmap,10000,1411,-8.114004,7.7704635,4.0,B00DPC015E
pacmap,10000,1412,2.409094,-0.41338286,5.0,B00ZGF40QO
pacmap,10000,1413,-3.4359505,-12.232071,1.0,B00AVLOHJ8
pacmap,10000,1414,6.5458026,2.234954,5.0,B09ZV66F82
pacmap,10000,1415,0.45244837,-6.2875557,5.0,B08WJSHSLC
pacmap,10000,1416,-8.249216,7.7554827,5.0,B0BV2YBX3Q
pacmap,10000,1417,-6.923743,1.7526225,1.0,B0BM3JL7K4
pacmap,10000,1418,-2.5478573,-10.3716955,4.0,B002MRMCKU
pacmap,10000,1419,-0.19305408,8.160925,4.0,B0BK5PPJX7
pacmap,10000,1420,2.6018076,-8.817169,5.0,B07KTYJ769
pacmap,10000,1421,-0.026211115,-3.0157573,3.0,B0971YMVC8
pacmap,10000,1422,5.962255,6.791964,5.0,B09D2WWSLG
pacmap,10000,1423,2.187802,4.6437964,3.0,B08YNPQPR8
pacmap,10000,1424,-1.1082226,-7.485945,5.0,B08YFJYD5Z
pacmap,10000,1425,2.7906091,0.96716213,3.0,B086KVFX57
pacmap,10000,1426,6.0916414,-0.5727894,5.0,B07RXXNDXD
pacmap,10000,1427,3.5290415,0.59919906,5.0,B01N44JBS4
pacmap,10000,1428,6.2168384,-0.69830096,5.0,B00JKQK9JW
pacmap,10000,1429,1.480864,4.231976,5.0,B00H89DJ1S
pacmap,10000,1430,-0.4004759,7.7089744,4.0,B01B9OO1CS
pacmap,10000,1431,3.3719893,2.3152976,5.0,B003ZDLATE
pacmap,10000,1432,3.369996,1.6733146,5.0,B01JZ8Z7C8
pacmap,10000,1433,4.786101,4.0069556,5.0,B09Y54MQWT
pacmap,10000,1434,7.1356273,0.6326721,5.0,B003UVZG0U
pacmap,10000,1435,8.860485,3.9216456,5.0,B000067RPU
pacmap,10000,1436,3.8509839,1.7419423,1.0,B0BRKBTGRS
pacmap,10000,1437,-8.883959,-3.9293149,4.0,B08T1D4K9Z
pacmap,10000,1438,-1.4376281,8.723183,2.0,B07NL2S9QW
pacmap,10000,1439,-1.594995,-11.818834,4.0,B01LNJPR72
pacmap,10000,1440,3.0746841,6.696389,5.0,B07FL447HM
pacmap,10000,1441,-3.260631,-12.590062,5.0,B07S764D9V
pacmap,10000,1442,2.0120468,2.993661,5.0,B07PXB3VR5
pacmap,10000,1443,-3.8982599,7.383223,3.0,B07PHQ93TV
pacmap,10000,1444,-10.14598,-3.1884058,5.0,B07DGRR6G2
pacmap,10000,1445,-0.3995158,-3.1780205,5.0,B07JR4MVGH
pacmap,10000,1446,0.2398557,21.012959,5.0,B09Y5N3H8S
pacmap,10000,1447,-1.4369826,-8.799775,4.0,B09KXR45WK
pacmap,10000,1448,-8.20613,7.800767,5.0,B07RQL8GJ6
pacmap,10000,1449,2.8149972,3.081538,5.0,B07BFCVJZC
pacmap,10000,1450,2.4448595,7.75933,5.0,B08HRLQNY3
pacmap,10000,1451,-2.0729187,-12.415884,5.0,B0BTDWQMNL
pacmap,10000,1452,1.037467,19.906374,4.0,B0BPC2MJ2X
pacmap,10000,1453,-1.1249596,-8.953943,5.0,B0BVFV4CWS
pacmap,10000,1454,2.4851913,8.041023,5.0,B0BG3G3S9H
pacmap,10000,1455,2.3899527,8.110177,4.0,B0C54G93XF
pacmap,10000,1456,-2.2181795,-9.140793,4.0,B09W8WWNBB
pacmap,10000,1457,-1.7767714,-3.682891,5.0,B0BG465CZK
pacmap,10000,1458,-8.676702,-3.4265833,5.0,B0B4R636FH
pacmap,10000,1459,-8.3070345,-4.4076853,5.0,B0B9NR6CHX
pacmap,10000,1460,-7.574962,-5.6515656,5.0,B0BRPBX6N8
pacmap,10000,1461,-8.117305,-5.59059,5.0,B0BRPBX6N8
pacmap,10000,1462,-2.866144,-11.475581,5.0,B09SFTSMXM
pacmap,10000,1463,1.160694,19.740788,4.0,B0B38N74WZ
pacmap,10000,1464,1.0776573,19.85902,5.0,B0B5PNM6WN
pacmap,10000,1465,-3.0419009,-1.9664242,5.0,B08623SZH9
pacmap,10000,1466,-7.504615,-3.4131417,4.0,B09YVBF9Z9
pacmap,10000,1467,0.89607584,2.7500715,4.0,B09WTG9JBT
pacmap,10000,1468,-8.775108,-4.5810475,4.0,B0BWDNJVJY
pacmap,10000,1469,-3.521209,0.90417653,4.0,B09WWZ4193
pacmap,10000,1470,-1.4037995,-7.993879,4.0,B0C74JJ9Z3
pacmap,10000,1471,-3.8372223,7.3307805,5.0,B09MKXV23H
pacmap,10000,1472,1.6829722,3.3860354,4.0,B09SPJGPVQ
pacmap,10000,1473,-8.167469,7.742754,4.0,B0BBBVW58J
pacmap,10000,1474,0.4402681,8.02272,5.0,B0BDVTCDDC
pacmap,10000,1475,11.487901,12.442543,4.0,B09VKPQBD1
pacmap,10000,1476,11.481682,12.438508,3.0,B09SF1ZTF6
pacmap,10000,1477,-3.6334567,8.778608,5.0,B09TN3N4F2
pacmap,10000,1478,11.481224,12.437648,4.0,B09T9CCD6N
pacmap,10000,1479,-3.5040824,0.79618806,5.0,B0BC8MC7PY
pacmap,10000,1480,2.7203038,7.7339735,5.0,B0BXYBTYFV
pacmap,10000,1481,-1.3481758,1.8645269,5.0,B0B73NLLC1
pacmap,10000,1482,-3.2504952,-2.2817686,5.0,B09JSJNMNT
pacmap,10000,1483,-5.6252646,4.0930657,5.0,B09PBPXVTP
pacmap,10000,1484,-0.78147966,2.1520665,5.0,B09NKT74SB
pacmap,10000,1485,-2.6989863,-11.436066,4.0,B09YXK3QDQ
pacmap,10000,1486,-7.86283,-5.1552825,5.0,B09KTTN3M7
pacmap,10000,1487,11.483476,12.440414,4.0,B09LLMFTKZ
pacmap,10000,1488,-6.4332447,7.6999607,4.0,B0BK4XYBVK
pacmap,10000,1489,-3.2976427,-11.917251,4.0,B0BGZ2SFMH
pacmap,10000,1490,-3.2566895,-12.174637,4.0,B09PC48LDS
pacmap,10000,1491,-7.3304877,-3.193904,5.0,B09NRFZF1G
pacmap,10000,1492,-8.030425,-5.3709927,5.0,B0BYYGZHG5
pacmap,10000,1493,-6.31005,7.718467,5.0,B09KC4MVRF
pacmap,10000,1494,-6.9814157,7.280548,5.0,B09NVBBPRF
pacmap,10000,1495,-5.2669435,7.7756763,5.0,B0B15CWFS2
pacmap,10000,1496,-8.755822,-3.6629338,5.0,B09JLYPDRY
pacmap,10000,1497,11.481408,12.437907,5.0,B09K5XSJ32
pacmap,10000,1498,-2.423228,0.26808372,4.0,B0B7B9ZS19
pacmap,10000,1499,-2.3351274,-0.020085253,5.0,B0BTYLH7Y2
pacmap,10000,1500,-1.0899445,0.08667888,5.0,B09JRV9PP4
pacmap,10000,1501,1.0961108,19.832254,3.0,B0B19SL9TF
pacmap,10000,1502,-3.6089242,-11.512959,4.0,B095PNFDKR
pacmap,10000,1503,-3.0353005,-10.93779,5.0,B09HJD942X
pacmap,10000,1504,1.6693392,3.8346922,5.0,B08SJC9KG5
pacmap,10000,1505,-1.218351,-11.249906,4.0,B0931QN643
pacmap,10000,1506,-8.195115,7.797928,5.0,B094J6VY97
pacmap,10000,1507,-7.0482397,1.2880073,5.0,B09HLCMJZQ
pacmap,10000,1508,-2.6541114,-11.076786,5.0,B0BYF74D2Z
pacmap,10000,1509,-0.86602235,-11.214116,4.0,B091PYQHZD
pacmap,10000,1510,1.6267948,4.854536,4.0,B09647HCRZ
pacmap,10000,1511,-7.8887177,-3.411861,5.0,B093GQ4CB7
pacmap,10000,1512,-8.662231,-3.5001771,5.0,B092DCJMXF
pacmap,10000,1513,1.7805188,6.542535,4.0,B094Q98CNJ
pacmap,10000,1514,-7.754141,-3.349387,5.0,B07DNG9XSZ
pacmap,10000,1515,-8.617253,-3.4951217,5.0,B091F2TVMT
pacmap,10000,1516,2.2996507,8.415725,5.0,B0B85V929L
pacmap,10000,1517,1.0986627,19.831131,4.0,B09BFKS9WQ
pacmap,10000,1518,1.1204737,19.799965,4.0,B091YJ34CX
pacmap,10000,1519,-0.7905438,1.6511812,3.0,B08ZCKJ299
pacmap,10000,1520,11.486379,12.444203,4.0,B08ZSM5Q7W
pacmap,10000,1521,-7.145778,-5.7684355,5.0,B08QHSM2NH
pacmap,10000,1522,1.1339952,19.767899,5.0,B08PK9VS8F
pacmap,10000,1523,1.0274119,19.920486,4.0,B08RS42VC7
pacmap,10000,1524,1.144876,19.74938,5.0,B08PKBTC76
pacmap,10000,1525,1.138014,19.759737,4.0,B08RDX61MZ
pacmap,10000,1526,-0.45172366,1.8375373,5.0,B08B3XRQPN
pacmap,10000,1527,11.480129,12.436888,4.0,B08MYTBRY2
pacmap,10000,1528,1.1085252,19.81114,4.0,B08NXC2F9R
pacmap,10000,1529,1.1094838,19.813816,4.0,B08ML79GYD
pacmap,10000,1530,11.477249,12.434231,5.0,B08NX1KL65
pacmap,10000,1531,1.0855004,19.846657,4.0,B08JCF4VWG
pacmap,10000,1532,-7.3846245,-3.2406256,4.0,B08L36JTQT
pacmap,10000,1533,1.6970752,1.3086787,5.0,B08J3CPG5G
pacmap,10000,1534,-1.0943228,1.302233,5.0,B0899WBQ3S
pacmap,10000,1535,11.482959,12.441345,5.0,B08L5HLN61
pacmap,10000,1536,11.48007,12.436962,5.0,B08H5P93R4
pacmap,10000,1537,-6.749495,1.2732959,5.0,B09HRKD9F7
pacmap,10000,1538,-3.0823882,-12.268246,3.0,B08DCRJPHP
pacmap,10000,1539,-5.503243,3.9250777,5.0,B08G5F3X8F
pacmap,10000,1540,-2.4166036,-0.11050228,5.0,B07XRV8428
pacmap,10000,1541,11.476766,12.437037,4.0,B08GFY98KX
pacmap,10000,1542,-2.6593003,-0.28549963,4.0,B0C5YP4GDQ
pacmap,10000,1543,-9.054696,-4.21395,4.0,B089SM95C2
pacmap,10000,1544,-7.954331,-5.8530893,4.0,B08BK48TW5
pacmap,10000,1545,-3.246075,-2.332399,5.0,B087N4LQPN
pacmap,10000,1546,-2.337574,1.6510563,4.0,B0856481P2
pacmap,10000,1547,0.6247844,2.5623224,4.0,B087CY4XQH
pacmap,10000,1548,-1.2748474,-4.4888883,4.0,B089DF8FWN
pacmap,10000,1549,-0.078473434,5.8401384,4.0,B082W1CBDC
pacmap,10000,1550,-3.0946836,-11.506263,4.0,B09JZZMQNN
pacmap,10000,1551,-3.9019628,-7.1257925,4.0,B07TGD2F8B
pacmap,10000,1552,11.480219,12.435368,4.0,B082SX4MG5
pacmap,10000,1553,-6.129632,1.2650405,4.0,B0C3M91B2C
pacmap,10000,1554,-7.359973,-3.3863795,4.0,B07YXVWHFG
pacmap,10000,1555,-6.53425,1.0900209,5.0,B0C8SS7HML
pacmap,10000,1556,-1.5811538,-4.959458,4.0,B082TQXKHN
pacmap,10000,1557,11.47941,12.44012,5.0,B0831N3T39
pacmap,10000,1558,11.469514,12.423721,4.0,B082KQBRKJ
pacmap,10000,1559,11.474107,12.432379,4.0,B082KPTZKX
pacmap,10000,1560,-7.2668834,-4.318482,4.0,B082PFDSRT
pacmap,10000,1561,11.455854,12.411597,4.0,B0838FF88L
pacmap,10000,1562,11.479926,12.437094,4.0,B09CGWWR1H
pacmap,10000,1563,11.4763565,12.432837,4.0,B082PP61YH
pacmap,10000,1564,-8.062408,-5.625264,4.0,B081VZ5ZTZ
pacmap,10000,1565,-7.8167233,-3.502141,5.0,B0B751K1LV
pacmap,10000,1566,11.482018,12.438704,4.0,B0823DQ3YW
pacmap,10000,1567,1.7087291,3.7361615,4.0,B078Y5VWBT
pacmap,10000,1568,-0.37517884,-2.802845,4.0,B07XLBF5MP
pacmap,10000,1569,-6.564494,2.1019459,5.0,B09JLG3YT7
pacmap,10000,1570,-7.324042,-3.4001417,4.0,B07YC18BL7
pacmap,10000,1571,-6.2886186,-7.237061,5.0,B095L8F33R
pacmap,10000,1572,-2.477071,-12.243197,4.0,B0BNC1QBH6
pacmap,10000,1573,-2.8652115,-12.280744,3.0,B07PSKXM33
pacmap,10000,1574,-8.275733,-4.019598,5.0,B07TXGPNN2
pacmap,10000,1575,-1.7130363,-5.08067,4.0,B07TWN55VV
pacmap,10000,1576,-2.7675152,-11.886197,5.0,B07TBHNP4C
pacmap,10000,1577,-1.0698957,3.1329544,5.0,B07WC81LRS
pacmap,10000,1578,-7.13094,-3.4484122,5.0,B07QKPCWN5
pacmap,10000,1579,-2.7959259,-11.112429,2.0,B07QH5MDTS
pacmap,10000,1580,-10.014064,-3.733215,5.0,B0BGPJNJBH
pacmap,10000,1581,-3.1933756,-7.7220674,4.0,B0B23LRBRP
pacmap,10000,1582,-8.471919,-4.1327424,5.0,B07RXXTZ6R
pacmap,10000,1583,-2.7441807,-10.629367,4.0,B0C5PC4J6W
pacmap,10000,1584,-3.7065809,0.80247426,4.0,B08SM7PP2M
pacmap,10000,1585,2.5749328,8.083366,4.0,B07NTVBTSM
pacmap,10000,1586,-1.0546488,-8.587269,4.0,B0BJ7QMYBF
pacmap,10000,1587,2.645216,7.0739794,4.0,B08J7RH9JH
pacmap,10000,1588,0.17215197,21.146145,4.0,B08J79T7CQ
pacmap,10000,1589,-2.487489,-12.184858,4.0,B082R17ZJG
pacmap,10000,1590,-5.7194877,4.0807996,5.0,B088GJHYVN
pacmap,10000,1591,-2.4737415,0.44529575,4.0,B07H9YR3XW
pacmap,10000,1592,-5.5492263,3.228196,5.0,B07MMYYNHB
pacmap,10000,1593,-3.7984478,0.7446103,4.0,B07LBQYCHT
pacmap,10000,1594,-7.689819,-5.7030125,4.0,B08PFVF5L8
pacmap,10000,1595,-0.9677205,-11.336301,4.0,B097C49PBW
pacmap,10000,1596,-6.785853,2.2940128,5.0,B07JHTVHM8
pacmap,10000,1597,-1.7624687,5.3764615,5.0,B07J9NT4H9
pacmap,10000,1598,-2.5367057,-0.054069098,4.0,B07HFWGBST
pacmap,10000,1599,-7.946532,-5.469986,4.0,B07HLQ32HK
pacmap,10000,1600,-2.404498,-12.24216,4.0,B07K8XPS7J
pacmap,10000,1601,-7.828455,-5.400154,5.0,B07FGKRX43
pacmap,10000,1602,-7.450466,-5.6763177,5.0,B07QDNWC7X
pacmap,10000,1603,2.4945478,7.7730927,5.0,B07D9JW39N
pacmap,10000,1604,-6.956667,-5.880666,5.0,B09YYX736L
pacmap,10000,1605,-7.949874,-3.3570745,4.0,B095LLDH4H
pacmap,10000,1606,1.0990709,19.826021,3.0,B07F2DDC28
pacmap,10000,1607,-5.619283,4.0372977,4.0,B07CZCFHC6
pacmap,10000,1608,-3.0537653,-11.629344,5.0,B07G2G18YH
pacmap,10000,1609,-5.7016993,3.033388,5.0,B098DSFTQM
pacmap,10000,1610,-0.57066137,-9.770159,4.0,B01MFESB51
pacmap,10000,1611,-7.7584095,-5.6979785,4.0,B07DC8673V
pacmap,10000,1612,-2.089688,0.009565837,4.0,B0759MFSWC
pacmap,10000,1613,2.3593588,8.314988,4.0,B077CMJVRZ
pacmap,10000,1614,-3.1487238,-12.37901,4.0,B0751W3JZ9
pacmap,10000,1615,-0.5410676,4.724361,4.0,B076MJW31F
pacmap,10000,1616,-3.0167034,-12.524667,4.0,B00VV6X1UI
pacmap,10000,1617,-6.826481,2.0348978,5.0,B08KG14KCT
pacmap,10000,1618,-6.450652,7.6896667,4.0,B076PMVZMR
pacmap,10000,1619,-0.2344641,4.167833,4.0,B01M716C56
pacmap,10000,1620,-2.6974964,-2.3954878,5.0,B08N6HGY8P
pacmap,10000,1621,-2.9732094,-9.237353,5.0,B09K7JMBYK
pacmap,10000,1622,-0.8979457,-9.954301,4.0,B06XFTNSCT
pacmap,10000,1623,0.9856943,19.967585,5.0,B016XFCHBA
pacmap,10000,1624,-7.349018,-5.810889,5.0,B01I33N124
pacmap,10000,1625,-2.7090826,1.5856758,5.0,B014TUZ92U
pacmap,10000,1626,-7.6376853,-5.7418995,4.0,B01E6L4WW0
pacmap,10000,1627,-8.108171,-5.703335,2.0,B00Y85YSGK
pacmap,10000,1628,-0.98346144,-9.654462,5.0,B06WRMP8KT
pacmap,10000,1629,1.7295171,3.419643,4.0,B017O1BWMW
pacmap,10000,1630,0.692949,20.394194,4.0,B01N3JWG1N
pacmap,10000,1631,-3.6146028,1.1395979,4.0,B06XJF5NMP
pacmap,10000,1632,-1.9720659,-0.09589206,5.0,B08739SDH3
pacmap,10000,1633,-0.9689216,-4.9497232,4.0,B00IYETYX8
pacmap,10000,1634,-6.120583,-0.9407807,4.0,B09HJ4LVWP
pacmap,10000,1635,1.7584372,-4.497448,5.0,B09LYWCHJX
pacmap,10000,1636,-3.4929578,-12.209144,5.0,B01IOECNKS
pacmap,10000,1637,-2.739547,-6.603379,5.0,B00IVPU786
pacmap,10000,1638,1.6918724,-4.5002995,5.0,B00PVCV682
pacmap,10000,1639,0.010932129,3.4111655,5.0,B07BV831R5
pacmap,10000,1640,-6.5983953,2.1898777,5.0,B09Z3BM734
pacmap,10000,1641,-6.3023033,-2.4021435,5.0,B01HAUTGKM
pacmap,10000,1642,1.0112686,7.6925254,5.0,B01DJ7LUJK
pacmap,10000,1643,0.057812717,7.3828616,5.0,B01HIPOC30
pacmap,10000,1644,-0.2286681,-7.363494,5.0,B00EDIC062
pacmap,10000,1645,-2.3301594,-0.007393137,5.0,B01EJ2CQ7O
pacmap,10000,1646,-0.4257385,-5.5535283,5.0,B01F75X68U
pacmap,10000,1647,-0.14505671,5.9150662,4.0,B01E7C8TWW
pacmap,10000,1648,0.6575839,20.386457,5.0,B00SWL1F2G
pacmap,10000,1649,-1.16499,1.7854913,5.0,B01C2ADMNW
pacmap,10000,1650,0.1296903,-4.671723,5.0,B09N5LVWH7
pacmap,10000,1651,-3.6323884,-11.724181,5.0,B017ILTARW
pacmap,10000,1652,-5.457604,4.3559246,4.0,B011KFQASE
pacmap,10000,1653,-0.16880643,0.9276243,5.0,B015CAP52U
pacmap,10000,1654,-2.7199416,-11.644692,4.0,B00006JPRN
pacmap,10000,1655,1.9159402,4.463019,5.0,B0183F4MR0
pacmap,10000,1656,-3.2765439,-11.529942,5.0,B0171F4ULQ
pacmap,10000,1657,1.4424602,6.353484,5.0,B0170O61J2
pacmap,10000,1658,-3.3583262,-11.9173565,5.0,B0178I3JOK
pacmap,10000,1659,-0.79955536,3.5752554,4.0,B00Y4FUVI8
pacmap,10000,1660,-2.2776859,-8.440361,4.0,B010AX4WG4
pacmap,10000,1661,-7.082563,1.7055601,4.0,B014H8SON0
pacmap,10000,1662,-5.2942634,1.3393883,5.0,B01N0H8WUZ
pacmap,10000,1663,-2.9484918,-12.518304,4.0,B08JH3PJ2Q
pacmap,10000,1664,-1.6742691,6.079234,5.0,B07GST8F8L
pacmap,10000,1665,0.4527667,6.3925056,5.0,B00XHRW9TI
pacmap,10000,1666,-3.0857286,-12.350059,5.0,B08N6HJ3FB
pacmap,10000,1667,-2.1568625,0.9942526,5.0,B006MPRFJQ
pacmap,10000,1668,-2.1993716,0.75328356,5.0,B00KH3SZTS
pacmap,10000,1669,-8.116515,-4.9199586,5.0,B00IG9LSGM
pacmap,10000,1670,0.9553715,7.204195,5.0,B00KFCESEC
pacmap,10000,1671,1.8110616,3.3884408,5.0,B00L7SV16G
pacmap,10000,1672,-2.7628086,-12.348884,5.0,B00CWXJXTC
pacmap,10000,1673,0.11746284,3.5597372,5.0,B00JFHYY42
pacmap,10000,1674,-3.3042138,1.0314028,5.0,B005P99KT8
pacmap,10000,1675,-3.0531142,0.47648636,5.0,B08LZJ8GMH
pacmap,10000,1676,3.5609508,5.213902,1.0,B0BYZMDN97
pacmap,10000,1677,2.6339436,0.62027377,5.0,B08FT8J1RR
pacmap,10000,1678,1.0516074,-1.5295248,5.0,B0C2YWQP1J
pacmap,10000,1679,-1.380698,-9.197575,5.0,B09Z228SQJ
pacmap,10000,1680,-3.0584347,-6.691163,1.0,B085F4RL5S
pacmap,10000,1681,-2.8557913,-12.448855,5.0,B00KJLMBQQ
pacmap,10000,1682,11.478662,12.435464,5.0,B07Y1SNHQW
pacmap,10000,1683,5.0669565,2.657258,3.0,B0B5GZBXCV
pacmap,10000,1684,4.6350965,1.2007724,5.0,B07QF4Q875
pacmap,10000,1685,4.595903,4.966913,5.0,B08YXY5XMD
pacmap,10000,1686,2.479207,-0.49207896,5.0,B075NCMLYL
pacmap,10000,1687,-2.3789089,1.4513594,5.0,B0BXM4RTZ4
pacmap,10000,1688,2.2809622,2.6119902,5.0,B073ZNM75V
pacmap,10000,1689,0.05004509,21.349028,1.0,B098PZNSL7
pacmap,10000,1690,4.2538376,-0.028603494,5.0,B0BR3MLGZZ
pacmap,10000,1691,-9.892269,-2.7658443,5.0,B09KH1J658
pacmap,10000,1692,-3.5526721,-11.349719,1.0,B08Q2D3XR1
pacmap,10000,1693,-2.4338925,-12.318598,5.0,B082LMXMNZ
pacmap,10000,1694,1.8656323,-4.3829584,5.0,B093QLDGNJ
pacmap,10000,1695,-8.7836075,-4.7507358,3.0,B09KMSH26Q
pacmap,10000,1696,-0.29951844,-5.2905912,5.0,B075JZNHTD
pacmap,10000,1697,3.634321,2.4015965,5.0,B01N34WW1E
pacmap,10000,1698,-7.7657847,-4.6495275,5.0,B09CG9LZSR
pacmap,10000,1699,-0.077863805,0.7128224,1.0,B094BMCMPS
pacmap,10000,1700,-2.3753462,9.175626,3.0,B01H3CN9ZA
pacmap,10000,1701,-2.3667579,9.221758,5.0,B08148XDKN
pacmap,10000,1702,-3.5859382,9.345279,5.0,B07P92XS72
pacmap,10000,1703,-0.7934602,-3.2463303,5.0,B07YXG4F7R
pacmap,10000,1704,7.0586886,0.5463331,5.0,B003LY0QH4
pacmap,10000,1705,-6.3029985,1.0339115,5.0,B005OTPVMY
pacmap,10000,1706,-6.650161,0.44817802,5.0,B07V4JD954
pacmap,10000,1707,-2.5955899,-12.343991,5.0,B01N7CV2TS
pacmap,10000,1708,-2.764251,8.472658,5.0,B07FSBRRTP
pacmap,10000,1709,-3.2713218,9.040528,5.0,B07LG3CMWX
pacmap,10000,1710,-0.37828282,-8.326793,3.0,B075FTYGQK
pacmap,10000,1711,9.232297,-3.3266132,5.0,B082SR59W9
pacmap,10000,1712,4.631571,2.2223082,5.0,B07DD69HKJ
pacmap,10000,1713,-6.0843086,-1.2643971,5.0,B09GFP5DMH
pacmap,10000,1714,-0.7288641,-10.992239,4.0,B0919NL52L
pacmap,10000,1715,-5.3720155,-5.9530444,5.0,B077V8RVN7
pacmap,10000,1716,0.94933504,4.861504,5.0,B08QS8NWL3
pacmap,10000,1717,-3.920307,7.633732,5.0,B09HTM917T
pacmap,10000,1718,5.3264947,1.6524274,5.0,B08CXRWGW2
pacmap,10000,1719,-0.6304926,7.828379,5.0,B0BM3XNNWF
pacmap,10000,1720,1.8325669,2.823453,5.0,B088WD4DRZ
pacmap,10000,1721,-3.8484144,7.558026,5.0,B07F4P3JH7
pacmap,10000,1722,-0.18333745,-6.3269334,4.0,B081TZ8TBM
pacmap,10000,1723,0.264555,-9.424945,5.0,B07R11T5MC
pacmap,10000,1724,-7.6833534,-3.1735795,5.0,B07T58DGSZ
pacmap,10000,1725,-6.195993,-6.7277093,5.0,B07S7QYRSP
pacmap,10000,1726,-0.11632229,2.7446582,3.0,B07DBXWFVQ
pacmap,10000,1727,-0.22886236,-5.9571114,5.0,B07WC6TDT8
pacmap,10000,1728,-0.3500585,-5.873656,1.0,B07PN74YD7
pacmap,10000,1729,2.9963183,1.665184,5.0,B07H5RNMP5
pacmap,10000,1730,-3.3899972,-11.346977,5.0,B00G3KZ8YE
pacmap,10000,1731,2.3639104,-8.969564,5.0,B07456BG8N
pacmap,10000,1732,-5.435973,6.088543,1.0,B06X6M5HGP
pacmap,10000,1733,-7.4140115,7.8043027,3.0,B0043T7FXE
pacmap,10000,1734,-0.8100043,-8.929233,5.0,B00C28WXI0
pacmap,10000,1735,-5.6233797,6.7802644,2.0,B00CLZWK64
pacmap,10000,1736,-5.211556,-5.3948116,5.0,B00XIL20DI
pacmap,10000,1737,1.6786069,3.46257,2.0,B0070Z8CEY
pacmap,10000,1738,-1.4284858,-4.01675,5.0,B00752RAA4
pacmap,10000,1739,1.5701095,-4.1533856,5.0,B005ESVW96
pacmap,10000,1740,6.572492,3.405789,5.0,B081S43284
pacmap,10000,1741,0.020049885,3.9126375,5.0,B09Q3NR84W
pacmap,10000,1742,4.966558,2.3078861,5.0,B07PGL2N7J
pacmap,10000,1743,4.5458465,1.1275454,5.0,B07MGTL6L9
pacmap,10000,1744,4.648947,4.1514297,5.0,B00QE9UCZO
pacmap,10000,1745,7.413077,3.3171558,5.0,B0BP28CLNX
pacmap,10000,1746,0.06448729,6.0075254,3.0,B07H3PZ5LS
pacmap,10000,1747,-0.1283264,8.758998,5.0,B09LTTFKYC
pacmap,10000,1748,-3.5109885,-12.019422,1.0,B081PGLYND
pacmap,10000,1749,-1.9531112,-3.0950744,5.0,B0B65BNKW1
pacmap,10000,1750,-5.264929,1.6889794,5.0,B0BQ5JWN9Z
pacmap,10000,1751,-0.8545912,-4.337768,1.0,B0BSDJW7F3
pacmap,10000,1752,-0.7043581,-4.2267685,5.0,B08MQ2HHFN
pacmap,10000,1753,-4.932718,-5.971327,2.0,B0C6QKB234
pacmap,10000,1754,-0.025983695,-4.814287,5.0,B0BT98MVYD
pacmap,10000,1755,0.85876244,-4.1688952,5.0,B0BZJZKYST
pacmap,10000,1756,0.8795784,-0.4875659,1.0,B084LN55B3
pacmap,10000,1757,3.756142,0.41820872,1.0,B0BS2TMK39
pacmap,10000,1758,2.32889,0.7134054,1.0,B07XZ6D1YH
pacmap,10000,1759,-1.3135746,-3.9918656,5.0,B08HTPQZRB
pacmap,10000,1760,4.2671866,1.8170153,1.0,B0B2KHS3ZZ
pacmap,10000,1761,-0.47928038,-9.931068,2.0,B099V8GPR4
pacmap,10000,1762,-3.4832933,8.111126,5.0,B00N9ZVN90
pacmap,10000,1763,1.2595533,7.1158075,1.0,B01MQHBZS1
pacmap,10000,1764,1.6537964,2.6649046,5.0,B000KUS9EE
pacmap,10000,1765,5.8963776,1.5960938,1.0,B0BBCW8P9M
pacmap,10000,1766,-6.891143,-3.9248784,2.0,B0B7MR7WS7
pacmap,10000,1767,4.3208685,1.9574088,2.0,B07H65KP63
pacmap,10000,1768,-1.3689737,4.0619016,5.0,B01AY37QWC
pacmap,10000,1769,-2.4239495,-4.744396,5.0,B0BZ3LHSDW
pacmap,10000,1770,-0.9684576,-7.7446623,2.0,B07ZG6W84H
pacmap,10000,1771,0.035455737,0.9970935,5.0,B09X2J3LGX
pacmap,10000,1772,-0.81524557,-3.6439302,5.0,B07L2T2W6L
pacmap,10000,1773,-6.445015,7.722541,5.0,B08HJ6D2Y3
pacmap,10000,1774,-2.3446155,9.356368,5.0,B09XLGGLTQ
pacmap,10000,1775,-2.5470438,9.40233,4.0,B07GSP157Z
pacmap,10000,1776,-5.68449,3.9120076,4.0,B07CY79CKZ
pacmap,10000,1777,-10.073998,-2.703801,5.0,B0742FQ3Q3
pacmap,10000,1778,-5.9971223,7.4497375,2.0,B07L5L22ZL
pacmap,10000,1779,0.8964533,2.42692,5.0,B07GGVNF14
pacmap,10000,1780,-3.725609,9.365343,5.0,B01BFIBRIE
pacmap,10000,1781,-3.6729405,9.381388,5.0,B007OZNUCE
pacmap,10000,1782,1.3207656,5.897559,5.0,B007T356BO
pacmap,10000,1783,6.7397203,1.0313222,5.0,B0C1J4XGB1
pacmap,10000,1784,0.9041185,1.9439281,5.0,B08F4RGHLY
pacmap,10000,1785,0.0033162457,6.6891694,5.0,B094JBZGF4
pacmap,10000,1786,-5.934796,-1.1737431,5.0,B000GDGWWG
pacmap,10000,1787,0.14483422,2.411684,5.0,B0796VRYV3
pacmap,10000,1788,4.307169,2.9280581,3.0,B0BLVJWGCC
pacmap,10000,1789,4.0240884,4.522755,5.0,B001DAT0XE
pacmap,10000,1790,1.0743104,-1.5009605,1.0,B084LS3RQJ
pacmap,10000,1791,2.5396755,3.830212,5.0,B0742J69SQ
pacmap,10000,1792,5.549455,0.4287844,5.0,B0B2JWCMCY
pacmap,10000,1793,6.9184184,0.796009,5.0,B07T451KJM
pacmap,10000,1794,7.9394426,2.236804,5.0,B00R124LAK
pacmap,10000,1795,-1.0568726,9.006348,1.0,B016B12PUE
pacmap,10000,1796,-1.5236168,8.360953,3.0,B07864XM91
pacmap,10000,1797,-9.180067,-3.9509113,5.0,B07C4ZNM7Q
pacmap,10000,1798,5.914001,6.6988425,5.0,B06XNZJTGD
pacmap,10000,1799,-2.8126607,8.085107,5.0,B081NM793Z
pacmap,10000,1800,7.2914734,2.4266567,5.0,B09V6JXVX1
pacmap,10000,1801,1.6377219,6.001678,5.0,B07V5DDC7R
pacmap,10000,1802,0.19345164,7.4389415,4.0,B092JBV61J
pacmap,10000,1803,-0.88343686,-8.247763,5.0,B01772N80C
pacmap,10000,1804,2.8957148,6.8736243,5.0,B094QJBPB1
pacmap,10000,1805,2.1159463,4.338303,1.0,B010B2BGX6
pacmap,10000,1806,-1.2766535,7.149286,4.0,B07D8JK4HM
pacmap,10000,1807,-1.2251955,7.892992,5.0,B07WNJQFP9
pacmap,10000,1808,5.1171947,2.0724745,5.0,B013EKI2DY
pacmap,10000,1809,-0.4716911,-10.261,4.0,B00IIEICNC
pacmap,10000,1810,1.9202212,3.7035608,1.0,B0099WSJHQ
pacmap,10000,1811,-7.924874,-2.8070488,1.0,B007PFZNHS
pacmap,10000,1812,0.08760254,7.15235,3.0,B009Z3SXTS
pacmap,10000,1813,-1.2185141,6.5180306,5.0,B00G3J8EZ0
pacmap,10000,1814,-4.195239,-3.2546546,5.0,B004SBBD8U
pacmap,10000,1815,-2.4688468,9.092386,5.0,B007T356BO
pacmap,10000,1816,3.9934547,1.3561077,1.0,B0878WQ4WM
pacmap,10000,1817,2.6249926,7.2945266,5.0,B08L1WHFWJ
pacmap,10000,1818,-5.1995783,-2.3686116,5.0,B0C8HDXFXN
pacmap,10000,1819,5.300026,-0.33037293,5.0,B0C98XDNLY
pacmap,10000,1820,1.5187565,-2.7638588,5.0,B0CCDMQZM7
pacmap,10000,1821,-5.747308,4.635627,5.0,B07P841621
pacmap,10000,1822,-2.3691869,4.6354966,5.0,B09DCPPYNR
pacmap,10000,1823,3.5610194,4.426214,5.0,B07PTVBKHM
pacmap,10000,1824,-0.9082189,-6.005926,4.0,B07D36JJZT
pacmap,10000,1825,7.8266473,-2.5933022,5.0,B07P5LBBMN
pacmap,10000,1826,-0.9872102,-6.0591617,4.0,B08TX9GNB3
pacmap,10000,1827,5.1955805,0.8593221,5.0,B01GDIUA8Y
pacmap,10000,1828,1.1865922,0.34596744,5.0,B00SGBJOWA
pacmap,10000,1829,5.963983,0.030367427,5.0,B01D0J787A
pacmap,10000,1830,5.296672,4.37045,5.0,B09JLMDSLC
pacmap,10000,1831,-9.9085455,-3.7142193,5.0,B089F9YDFC
pacmap,10000,1832,-9.591398,-3.7845435,5.0,B0C3KV52B7
pacmap,10000,1833,3.0076723,-0.062428083,3.0,B09P2C15L1
pacmap,10000,1834,1.5535859,-4.1338468,3.0,B0B55KLJBY
pacmap,10000,1835,-6.158475,7.693347,5.0,B081TK1W3Z
pacmap,10000,1836,-2.4596868,-2.4560318,5.0,B0B8W72ZG6
pacmap,10000,1837,0.21313679,21.088646,5.0,B07M87KRKR
pacmap,10000,1838,1.3202419,0.5418555,5.0,B015PZLB6G
pacmap,10000,1839,7.045242,3.942709,5.0,B072118L7D
pacmap,10000,1840,4.733514,-0.10246264,5.0,B07TCSG6CH
pacmap,10000,1841,2.952532,1.8602383,5.0,B07LBQWTRY
pacmap,10000,1842,3.2829473,2.1723726,5.0,B07RW8W2WW
pacmap,10000,1843,0.15803306,21.1672,2.0,B00NWXM5U0
pacmap,10000,1844,6.465803,2.3082232,5.0,B0CJ2FDZD9
pacmap,10000,1845,0.32802662,8.724008,5.0,B07Q2TVNP3
pacmap,10000,1846,1.1339066,4.0408015,5.0,B0B7RW47VZ
pacmap,10000,1847,-8.192587,7.7162724,5.0,B07WH4GTY9
pacmap,10000,1848,-0.1400424,-8.175247,5.0,B0BGDLLL4W
pacmap,10000,1849,-6.8492203,6.887298,5.0,B0B8J17B9L
pacmap,10000,1850,4.513545,2.9808648,5.0,B00PGE653G
pacmap,10000,1851,7.2463045,3.919388,4.0,B00X0G30MQ
pacmap,10000,1852,6.165304,0.12921895,5.0,B0029U2YSA
pacmap,10000,1853,1.4652367,-1.1612301,5.0,B01CF3L4YA
pacmap,10000,1854,-1.6146278,-1.4611946,5.0,B0961LFNFG
pacmap,10000,1855,-1.3223505,-9.935204,4.0,B07467F8QW
pacmap,10000,1856,1.6845384,4.1271234,5.0,B07KCT9LB5
pacmap,10000,1857,4.163591,2.470806,2.0,B0B9GHF8QM
pacmap,10000,1858,3.7657757,1.1432472,5.0,B07TWNFDS8
pacmap,10000,1859,-0.6205771,6.2038193,5.0,B007UJ4U6O
pacmap,10000,1860,-2.2822008,-11.629182,3.0,B0B37TT7JB
pacmap,10000,1861,-0.3443075,-5.6655116,5.0,B075XN1NZC
pacmap,10000,1862,-6.512175,-5.657559,5.0,B01C43ZHVC
pacmap,10000,1863,-3.1214428,-12.677756,5.0,B08XNCHTCY
pacmap,10000,1864,4.9711876,4.1888676,5.0,B08SKV4XKR
pacmap,10000,1865,6.6450605,0.99843293,5.0,B00A8OWC1S
pacmap,10000,1866,-0.024183778,5.8950496,5.0,B08BL1YDSZ
pacmap,10000,1867,1.7625756,4.0679274,5.0,B0912GH93X
pacmap,10000,1868,-5.014172,-5.186366,5.0,B0B4WG6N98
pacmap,10000,1869,0.43334657,2.4262848,5.0,B01GW7YJTC
pacmap,10000,1870,0.05040195,3.084513,5.0,B008UZQWQ8
pacmap,10000,1871,-9.439092,-4.081571,1.0,B00U879XZ8
pacmap,10000,1872,0.7902741,-9.000565,5.0,B06XTX41HM
pacmap,10000,1873,-6.149049,-6.6374507,2.0,B07W42PJBG
pacmap,10000,1874,5.6122603,-0.6132677,5.0,B07TQLFRRJ
pacmap,10000,1875,6.2635546,-0.63656664,5.0,B0BHZ1GDVT
pacmap,10000,1876,-1.7253609,-1.8790897,5.0,B0BFF9G61F
pacmap,10000,1877,2.232566,3.597258,3.0,B0BR8MK1DY
pacmap,10000,1878,8.010334,1.8872241,5.0,B09BYYK39G
pacmap,10000,1879,5.0848923,0.7901629,1.0,B0BJV9Z6T1
pacmap,10000,1880,9.419324,4.1528707,5.0,B0BY8KX5CW
pacmap,10000,1881,9.388585,4.153008,5.0,B087JNFL1C
pacmap,10000,1882,6.65976,0.5111212,5.0,B08DPP3T9Z
pacmap,10000,1883,5.601053,2.1413329,4.0,B07H9YX94V
pacmap,10000,1884,6.332414,1.6606364,5.0,B09T3FX6CL
pacmap,10000,1885,7.923993,2.2073843,5.0,B09MLGP9SP
pacmap,10000,1886,6.234403,2.9019482,5.0,B07FTSXDK4
pacmap,10000,1887,-1.6203846,1.0502517,5.0,B0BS3V1QBY
pacmap,10000,1888,9.940108,4.0254097,5.0,B09DXXSS9Z
pacmap,10000,1889,-3.6248906,-11.675527,1.0,B0BN248QTJ
pacmap,10000,1890,2.7117393,4.0645995,5.0,B096982VDG
pacmap,10000,1891,5.7092032,0.76563126,5.0,B0BL78N7W9
pacmap,10000,1892,9.410922,4.1486726,5.0,B0974XHKV5
pacmap,10000,1893,3.0987473,6.4939327,5.0,B074D9L6SJ
pacmap,10000,1894,2.1642282,-1.1298724,5.0,B0BV3NWX67
pacmap,10000,1895,-6.2122416,-0.5508144,3.0,B0823Z9MZ3
pacmap,10000,1896,17.08367,-1.7457455,5.0,B005IR2J2M
pacmap,10000,1897,7.012286,4.0593963,5.0,B09869JTSG
pacmap,10000,1898,7.247995,1.7906543,5.0,B0B5GRZ3FW
pacmap,10000,1899,8.307175,-2.610134,5.0,B0BNPL25Z9
pacmap,10000,1900,9.679969,-3.6429882,5.0,B09LTX3SQX
pacmap,10000,1901,-2.8520706,-10.843058,1.0,B07G7GY4PZ
pacmap,10000,1902,-1.1990143,-10.11446,5.0,B07P9QZPGR
pacmap,10000,1903,3.565641,4.412821,1.0,B09PBSXZ3T
pacmap,10000,1904,-2.9919643,-2.3071027,5.0,B01JGBIFGO
pacmap,10000,1905,-8.201685,7.6847425,5.0,B07CLBNM1C
pacmap,10000,1906,-1.5152807,-9.273694,3.0,B00CO07FIO
pacmap,10000,1907,0.3245488,20.914793,5.0,B0B1VWCFXZ
pacmap,10000,1908,-9.451485,-3.6422286,5.0,B0BVY4JVNG
pacmap,10000,1909,16.305126,17.219582,5.0,B0B27MJXLK
pacmap,10000,1910,-0.5321256,-9.590842,5.0,B00H1SVSAU
pacmap,10000,1911,2.0755868,-0.10981765,5.0,B0C7HW72LR
pacmap,10000,1912,4.9325542,2.1007257,1.0,B07RGD3JNQ
pacmap,10000,1913,-5.7139115,-5.409452,1.0,B07HMRT5RB
pacmap,10000,1914,2.2140965,-0.9243541,5.0,B08XB712XZ
pacmap,10000,1915,-2.0805001,2.314,5.0,B08LCWGSZM
pacmap,10000,1916,0.3867542,8.358341,1.0,B0CF6479D8
pacmap,10000,1917,-7.1927457,1.0304372,5.0,B09NR7BPJZ
pacmap,10000,1918,2.5202425,6.4322076,5.0,B08TBPJSKS
pacmap,10000,1919,-0.77392703,-3.4604824,1.0,B08M85C13W
pacmap,10000,1920,1.5584263,4.103609,5.0,B00TKU6762
pacmap,10000,1921,4.605403,3.8167243,5.0,1426320965
pacmap,10000,1922,-9.407135,-3.2405603,5.0,B07NVG9L16
pacmap,10000,1923,2.7508092,3.333818,5.0,B07J6GKJYB
pacmap,10000,1924,1.4711286,7.127175,5.0,B08TW9RNRJ
pacmap,10000,1925,-10.144164,-2.9552915,5.0,B071KKMXP8
pacmap,10000,1926,-10.252898,-2.8390875,5.0,B01HBARDWO
pacmap,10000,1927,-0.34335592,6.040383,5.0,B07HMLRWXH
pacmap,10000,1928,-0.05158833,6.7966466,5.0,B075JDJM5W
pacmap,10000,1929,-0.6731969,-5.9636574,5.0,B07SJ8L4M3
pacmap,10000,1930,-6.590224,-4.2889466,2.0,B07D22Z8GQ
pacmap,10000,1931,-9.79231,-3.1848538,5.0,B078Z9LP9Z
pacmap,10000,1932,6.3091035,2.9122658,5.0,B00GHUHMUS
pacmap,10000,1933,-0.75935274,8.557178,5.0,B004ZKXXAK
pacmap,10000,1934,0.17967644,6.851452,2.0,B00N28AUK2
pacmap,10000,1935,0.6447594,3.8414178,5.0,B0BMWBNRQQ
pacmap,10000,1936,-7.439973,-3.2659445,5.0,B092DD5L2V
pacmap,10000,1937,-0.54487115,-10.854998,5.0,B00GUTY132
pacmap,10000,1938,-0.8746156,-10.632944,5.0,B0067Y5B7A
pacmap,10000,1939,-6.2672963,7.7074485,5.0,B00EYWU8HK
pacmap,10000,1940,-2.783228,1.6286683,5.0,B00A81SXHI
pacmap,10000,1941,1.8857937,4.0065565,5.0,B07SHFPD8S
pacmap,10000,1942,-0.60858846,3.4749358,5.0,B07RW4VG9Q
pacmap,10000,1943,-7.2413673,-4.654512,5.0,B093FMQJ73
pacmap,10000,1944,-7.0084887,-3.8982933,5.0,B0BB6TYK7V
pacmap,10000,1945,-7.1518984,-4.719785,2.0,B07QMBY7JF
pacmap,10000,1946,0.1538058,-7.9010353,5.0,B072KLXG5M
pacmap,10000,1947,-6.982948,-4.9593153,2.0,B07GVB87YG
pacmap,10000,1948,-0.79601365,6.359449,5.0,B076CKXBB1
pacmap,10000,1949,-3.8943205,7.540542,5.0,B07BSFXVCH
pacmap,10000,1950,-3.1052127,7.2103343,5.0,B076BL6Z79
pacmap,10000,1951,-0.081015944,-10.566719,5.0,B0BW4PFM58
pacmap,10000,1952,-5.6226535,-6.5615854,5.0,B005IKCLPO
pacmap,10000,1953,3.128456,3.6767895,4.0,B071K5BQPF
pacmap,10000,1954,0.29266754,8.20626,5.0,B07BT6TH6X
pacmap,10000,1955,6.2729387,-0.7450146,5.0,B07SJ8X19K
pacmap,10000,1956,3.5731647,1.2427373,5.0,B0C8RP1481
pacmap,10000,1957,-2.6195068,0.8847637,5.0,B08KZSGZCH
pacmap,10000,1958,3.1832054,5.060442,5.0,B0BNWPM92Y
pacmap,10000,1959,4.9039946,1.1811069,5.0,B08FJBFG7V
pacmap,10000,1960,-0.27421317,2.4276605,5.0,B07837W5NX
pacmap,10000,1961,-5.6540504,1.1932299,5.0,B07NLWT9Z7
pacmap,10000,1962,3.7704835,1.3623527,5.0,B0BSRMK724
pacmap,10000,1963,-6.970891,-5.0736203,5.0,B017LSIXDE
pacmap,10000,1964,1.2725883,1.2088022,5.0,B07DRGR6LX
pacmap,10000,1965,-6.2464695,-7.2797356,5.0,B0797RKSF7
pacmap,10000,1966,-9.103382,-3.6936624,5.0,B07BFWHD7G
pacmap,10000,1967,0.070593394,1.7543914,4.0,B0824RG1SN
pacmap,10000,1968,-6.89211,-5.4357085,1.0,B0BGS23YKX
pacmap,10000,1969,-8.67165,-4.4727,1.0,B08C4Y26FP
pacmap,10000,1970,4.0205793,2.1051245,4.0,B00DGRUY3M
pacmap,10000,1971,0.8708412,3.3892286,2.0,B000KMZKTO
pacmap,10000,1972,-1.3780537,-11.45624,4.0,B07S764D9V
pacmap,10000,1973,1.2316309,3.2526753,5.0,B002UKSZUU
pacmap,10000,1974,-6.8418684,2.048056,5.0,B01M7VOJFW
pacmap,10000,1975,0.67044866,4.957786,5.0,B01MTY7MSK
pacmap,10000,1976,-3.6186292,9.302531,1.0,B00BHJS3C0
pacmap,10000,1977,-1.8536458,-8.489562,5.0,B000AJR482
pacmap,10000,1978,-3.5904007,-11.895305,1.0,B00FWGU1CY
pacmap,10000,1979,-0.17735218,-10.120663,5.0,B075S2Y5C3
pacmap,10000,1980,2.9430768,0.015407575,1.0,B07GTJSHZ3
pacmap,10000,1981,-0.6725902,8.111856,5.0,B078C6N6CR
pacmap,10000,1982,4.5897985,-1.148996,5.0,B07GKT53H5
pacmap,10000,1983,7.8318806,-0.15595186,5.0,B0BVCMW9DS
pacmap,10000,1984,-3.207775,-11.260167,5.0,B06XG2ZY5M
pacmap,10000,1985,-0.60536355,-5.366604,4.0,B00HSMK59E
pacmap,10000,1986,-0.87615955,8.572268,5.0,B0816152WW
pacmap,10000,1987,-0.45485458,-5.386117,5.0,B075JZNHTD
pacmap,10000,1988,4.889763,-0.6157536,3.0,B01MZI5VRW
pacmap,10000,1989,6.3945127,3.9103048,5.0,B018SZT3BK
pacmap,10000,1990,4.305687,3.9418216,5.0,B01G61RGNA
pacmap,10000,1991,-2.0425155,-12.546218,5.0,B006T9ZKAQ
pacmap,10000,1992,4.432075,1.9096447,4.0,B0048FU2GU
pacmap,10000,1993,3.6931505,2.481274,5.0,B008BBNOJE
pacmap,10000,1994,1.142217,1.7677096,4.0,B007TPS9PC
pacmap,10000,1995,0.7638772,-0.3920095,5.0,B008PQ1QOA
pacmap,10000,1996,2.8475795,4.17618,5.0,B007OZNZG0
pacmap,10000,1997,4.606716,1.6792446,3.0,B005DOK8NW
pacmap,10000,1998,-2.372916,-4.723478,1.0,B07Y9XK7MW
pacmap,10000,1999,4.6540427,-0.21570204,3.0,B091Y9L722
pacmap,10000,2000,-4.7881064,3.4102697,5.0,B0BLBPR39X
pacmap,10000,2001,0.61222136,6.7194614,5.0,B0C5N822K2
pacmap,10000,2002,-1.2517703,8.294819,5.0,B00BN1Q5JA
pacmap,10000,2003,1.2724552,-1.7084721,1.0,B00099YIP0
pacmap,10000,2004,-0.09365426,8.111474,5.0,B07JGWQ34C
pacmap,10000,2005,-2.3377035,0.38686806,5.0,B0BV3FZ8KY
pacmap,10000,2006,3.8193793,0.12840381,5.0,B003D8GAA0
pacmap,10000,2007,7.795057,2.003663,5.0,B005FNKMGE
pacmap,10000,2008,4.588057,0.54653805,1.0,B08Y57JG1K
pacmap,10000,2009,-0.6353304,-8.030006,5.0,B09FDMGNQR
pacmap,10000,2010,5.190141,2.4157522,3.0,B08723V9DD
pacmap,10000,2011,4.350388,1.9936097,1.0,B0053UJXQ4
pacmap,10000,2012,5.98636,-0.6293412,5.0,B08ZRVYSGX
pacmap,10000,2013,-1.5305578,4.500814,5.0,B07WHTQW4X
pacmap,10000,2014,6.972966,3.7248247,5.0,B09TF5TPL5
pacmap,10000,2015,1.5693585,-2.767848,1.0,B0BWFBFTGG
pacmap,10000,2016,5.311722,1.8089658,2.0,B09S6Y5BRG
pacmap,10000,2017,-2.114041,-12.835308,5.0,B07VHBC8VP
pacmap,10000,2018,4.5834165,1.897947,5.0,B08N5TC2Z3
pacmap,10000,2019,-6.283771,7.7369285,5.0,B09KNJ518H
pacmap,10000,2020,-3.5127418,-12.374006,5.0,B08J83TR22
pacmap,10000,2021,-8.970245,-4.4089036,1.0,B01F9RGWF0
pacmap,10000,2022,-1.3762932,-3.863726,5.0,B01054S5FM
pacmap,10000,2023,4.723701,1.745746,5.0,B00HRUC1OO
pacmap,10000,2024,-0.28320602,0.6657246,4.0,B07VCJFPCK
pacmap,10000,2025,1.2778213,-8.759395,5.0,B07H65KP63
pacmap,10000,2026,1.5030851,-4.4656987,5.0,B00416Q5KI
pacmap,10000,2027,2.5658965,7.6662955,4.0,B079BBK5B7
pacmap,10000,2028,-7.5143547,-3.0213559,5.0,B00DX6B278
pacmap,10000,2029,2.1890519,3.365055,2.0,B07V31SK5X
pacmap,10000,2030,1.5967891,0.6568313,5.0,B07VTK654B
pacmap,10000,2031,1.2620444,0.30476892,5.0,B094VH58NQ
pacmap,10000,2032,-0.2920938,-5.962328,5.0,B09P7TJCZW
pacmap,10000,2033,-0.9302142,-7.111224,3.0,B07V4D6F5F
pacmap,10000,2034,-0.35947317,-10.50028,5.0,B00XIWVO4I
pacmap,10000,2035,0.83579296,-1.232402,5.0,B0B696YT88
pacmap,10000,2036,-7.773252,-3.2374444,5.0,B09QLBKCZ3
pacmap,10000,2037,-9.504669,-4.125413,5.0,B0B4ZV9WF9
pacmap,10000,2038,2.612448,7.9364605,5.0,B09FKQLP6J
pacmap,10000,2039,-8.806769,-5.0767283,4.0,B0BNQ8ZL47
pacmap,10000,2040,-7.924885,-3.3071506,5.0,B0C3TLTQGR
pacmap,10000,2041,-8.368737,-5.084508,5.0,B0BTN6S6Q1
pacmap,10000,2042,-6.5927367,-0.6932112,5.0,B0C1B9TW7G
pacmap,10000,2043,-6.78335,-2.1329439,4.0,B0B9NR6CHX
pacmap,10000,2044,2.2482522,8.084231,5.0,B0BRQK5LVF
pacmap,10000,2045,-9.022163,-3.9363382,5.0,B0BBQRB6SQ
pacmap,10000,2046,-8.676604,-4.1569886,5.0,B0BN41CPQN
pacmap,10000,2047,-9.059328,-4.2662807,5.0,B0BN41CPQN
pacmap,10000,2048,4.179201,2.8166218,5.0,B0BFDZXDS6
pacmap,10000,2049,1.5174001,3.2023613,5.0,B095MTK53S
pacmap,10000,2050,-7.271701,-3.1308234,5.0,B0B9XVXB6P
pacmap,10000,2051,-7.285763,7.3219876,5.0,B09P4KT1KG
pacmap,10000,2052,-7.4447627,-4.3782535,5.0,B0B79XLJT3
pacmap,10000,2053,-7.4374976,-5.5028048,5.0,B0BHXQLLXB
pacmap,10000,2054,-6.042398,-5.944613,5.0,B0BHXQLLXB
pacmap,10000,2055,4.3319173,1.4762226,5.0,B0B2VP252D
pacmap,10000,2056,-7.153168,-3.206382,5.0,B0B5TH2Q4X
pacmap,10000,2057,-1.0174147,-9.494096,5.0,B0C1NRVQ4S
pacmap,10000,2058,-6.0896277,-2.0121934,5.0,B0BHZ1GDVT
pacmap,10000,2059,-8.656994,-4.449296,5.0,B0BHXQLLXB
pacmap,10000,2060,-1.5438017,1.2446144,5.0,B09MF9F8VX
pacmap,10000,2061,-5.99461,-3.6186924,5.0,B0CFQT6GW6
pacmap,10000,2062,-0.045498952,5.0753894,5.0,B0B7HXB21R
pacmap,10000,2063,-7.2520804,-3.3764124,4.0,B0BV6RLX21
pacmap,10000,2064,-0.40009117,-10.832812,4.0,B00BYVYBPE
pacmap,10000,2065,-3.4680624,-11.736238,2.0,B00T8H16UE
pacmap,10000,2066,-1.0375255,-11.192483,2.0,B004DU9T3C
pacmap,10000,2067,-5.855454,3.2411268,5.0,B096N8LQPY
pacmap,10000,2068,0.3125856,5.4593687,1.0,B095Z3KQ13
pacmap,10000,2069,-0.5379005,1.8900224,5.0,B071Z2WHPR
pacmap,10000,2070,-7.493573,-3.9670255,5.0,B0B751K1LV
pacmap,10000,2071,-4.850323,-6.577844,5.0,B08K4C9MX2
pacmap,10000,2072,1.7150333,3.389625,5.0,B09KY26HWG
pacmap,10000,2073,-1.2241269,-10.519154,4.0,B09F3D2SP1
pacmap,10000,2074,-0.93117124,-10.976392,5.0,B093F4J7ZM
pacmap,10000,2075,0.5720916,3.9511325,5.0,B09X9V54SK
pacmap,10000,2076,0.8794192,3.3711948,5.0,B000M9H03E
pacmap,10000,2077,8.306651,-2.7232852,5.0,B079NW5W5Q
pacmap,10000,2078,-6.204922,-6.016717,5.0,B0BVH1QB5C
pacmap,10000,2079,-2.462121,-8.590955,5.0,B07Q6Q44J2
pacmap,10000,2080,-5.0760193,-5.991957,5.0,B0C2HWSXNL
pacmap,10000,2081,6.4211664,-2.190842,2.0,B0BS6RY81M
pacmap,10000,2082,8.331253,-2.487879,5.0,B0BKLWZ4LD
pacmap,10000,2083,3.3085217,2.41904,5.0,B01L8G5Q5S
pacmap,10000,2084,-5.8016925,-6.0372868,5.0,B01HAVTUPM
pacmap,10000,2085,4.0595922,0.83649373,5.0,B07S6X6RLG
pacmap,10000,2086,-4.373931,-5.6321597,5.0,B01N249DAV
pacmap,10000,2087,-2.753412,-8.051649,5.0,B00M10X9J6
pacmap,10000,2088,-4.851212,-6.259896,5.0,B01611VL68
pacmap,10000,2089,-1.8673931,-8.458801,2.0,B007BTULVG
pacmap,10000,2090,4.8083205,2.102998,1.0,B087Q2FP2X
pacmap,10000,2091,-4.7291517,-6.5617948,5.0,B00OUUXC7O
pacmap,10000,2092,-0.914203,-10.392142,5.0,B0042F3K9W
pacmap,10000,2093,-1.4009827,-5.8279033,1.0,B016HPOSXQ
pacmap,10000,2094,-5.457981,-5.33419,5.0,B082KPKM3L
pacmap,10000,2095,-1.1904494,-6.39938,5.0,B077HQ5W4T
pacmap,10000,2096,2.4076428,-8.508314,4.0,B07KTYJ769
pacmap,10000,2097,-0.058365047,3.0816216,5.0,B0B3BGW87S
pacmap,10000,2098,0.3262527,-6.2253017,5.0,B0BML2MF98
pacmap,10000,2099,-1.049767,3.063484,4.0,B07TXHPB39
pacmap,10000,2100,-1.6765854,-7.124789,5.0,B01GC6LR84
pacmap,10000,2101,-1.3985687,-5.3320746,4.0,B0B3D5VN6V
pacmap,10000,2102,-0.09108619,-6.954322,1.0,B0BFM4362X
pacmap,10000,2103,0.06786705,-7.3199573,5.0,B00PTJ43FU
pacmap,10000,2104,-0.6526055,1.6814065,2.0,B00MG1VGMW
pacmap,10000,2105,-0.9406689,2.8510785,3.0,B01J9F19I8
pacmap,10000,2106,2.4469259,-8.904412,5.0,B01K8B8YA8
pacmap,10000,2107,-0.46512243,1.7635556,1.0,B0000XMVI6
pacmap,10000,2108,-0.068228774,-8.40544,3.0,B008H0QXT2
pacmap,10000,2109,-0.997054,2.06012,2.0,B01KDYC2TO
pacmap,10000,2110,-2.1606398,-3.2203455,1.0,B004RIL1JK
pacmap,10000,2111,-1.0931407,-5.307957,3.0,B01BRWH8G8
pacmap,10000,2112,0.48787287,-6.363436,4.0,B075X8471B
pacmap,10000,2113,-7.7620783,-5.7441373,5.0,B09MK5D6JH
pacmap,10000,2114,-5.576865,1.1257625,2.0,B00IVPU786
pacmap,10000,2115,-1.4387317,-10.395107,4.0,B0935ZDCYD
pacmap,10000,2116,-8.131541,7.72086,2.0,B00ABZPX06
pacmap,10000,2117,-6.3586044,7.68984,3.0,B0BXYXD1Q2
pacmap,10000,2118,-6.0192213,7.652741,1.0,B011KPIZ9G
pacmap,10000,2119,-6.3006105,7.731228,5.0,B00VRC6D3S
pacmap,10000,2120,-0.19658566,1.8376046,4.0,B006FD5RQ8
pacmap,10000,2121,-0.20703433,-0.1293764,5.0,B00ADJ4YQE
pacmap,10000,2122,-5.550535,1.1773704,1.0,B004JISIE4
pacmap,10000,2123,-0.74015117,-5.468221,1.0,B0002MQGR2
pacmap,10000,2124,1.763775,-4.3792944,5.0,B000LIFB7S
pacmap,10000,2125,-7.0132146,-3.99434,5.0,B082FJXVW6
pacmap,10000,2126,-7.914882,-5.499243,5.0,B07KJZPPLR
pacmap,10000,2127,-0.5986594,-3.089257,5.0,B08Q3QPZ5X
pacmap,10000,2128,-2.7479944,-12.062485,4.0,B09MGJD7Y8
pacmap,10000,2129,4.572195,3.185264,5.0,B09XYMSZLL
pacmap,10000,2130,-2.2277863,-11.717293,5.0,B07N1KNGJ8
pacmap,10000,2131,-2.1070278,8.415008,5.0,B07Y85CY2J
pacmap,10000,2132,-0.15804693,-8.038023,5.0,B09SVJGMN1
pacmap,10000,2133,0.18058799,-7.913901,5.0,B0088YPRUI
pacmap,10000,2134,-0.12971272,7.1838636,5.0,B0145VHFA2
pacmap,10000,2135,-5.9417796,-5.164075,1.0,B015TN5FVQ
pacmap,10000,2136,-1.7267064,-11.855924,5.0,B017OKABWK
pacmap,10000,2137,1.1372323,-1.8141892,5.0,B08DLSLCF3
pacmap,10000,2138,-1.4925998,-8.275607,5.0,B0057YDNQ2
pacmap,10000,2139,-0.60432446,1.9529208,5.0,B0BQ3VKQG9
pacmap,10000,2140,-2.466447,-11.977105,5.0,B00CXP4AS8
pacmap,10000,2141,-0.07713945,-8.002677,5.0,B000066R6M
pacmap,10000,2142,0.0041296477,7.567177,5.0,B00H1ZHD0W
pacmap,10000,2143,-1.1729394,8.445501,4.0,B005LIDN00
pacmap,10000,2144,-1.2506765,8.106987,5.0,B01ITOFEX6
pacmap,10000,2145,-6.892189,-5.6786537,3.0,B01HRVABD0
pacmap,10000,2146,-0.10474369,7.206931,5.0,B08NJ8VWQ3
pacmap,10000,2147,0.024328848,8.094158,5.0,B08RYNJRCY
pacmap,10000,2148,6.1149426,1.5137514,5.0,B01CU0YQPW
pacmap,10000,2149,0.10115934,8.173208,5.0,B086X647CC
pacmap,10000,2150,3.0045104,1.9697565,2.0,B09XT8WXMN
pacmap,10000,2151,2.3434763,-0.7251505,3.0,B07DKDL58Y
pacmap,10000,2152,3.4801545,4.9912295,3.0,B092D8D5BZ
pacmap,10000,2153,-2.2281713,-1.147719,5.0,B075DD9DW4
pacmap,10000,2154,-1.3133589,8.336536,5.0,B01E6MTP0S
pacmap,10000,2155,-0.64787096,-4.762821,5.0,B075X8471B
pacmap,10000,2156,-5.540168,2.6111112,1.0,B07TB47MN4
pacmap,10000,2157,-2.8668137,-12.1892395,5.0,B0C2Z2HX4L
pacmap,10000,2158,-1.2765161,7.6781116,5.0,B0BZ46CGSP
pacmap,10000,2159,-0.4224548,-9.362619,5.0,B0C4Y7T5Z3
pacmap,10000,2160,-2.3567767,-8.300562,1.0,B0BG6YCGG7
pacmap,10000,2161,-5.4238544,0.7983411,4.0,B0BDRRTMR7
pacmap,10000,2162,-7.9935017,-5.2631383,4.0,B0BV2PMLTR
pacmap,10000,2163,-7.165345,-5.82832,5.0,B0C1SG4FHJ
pacmap,10000,2164,-0.42695943,-9.206282,3.0,B0BCFDDGPB
pacmap,10000,2165,0.3965978,2.3695018,5.0,B09N922QG2
pacmap,10000,2166,-6.3350544,-3.8859074,5.0,B0B1S914V5
pacmap,10000,2167,-6.068862,-6.673555,5.0,B0B741XVYD
pacmap,10000,2168,-4.6130347,-5.1285415,5.0,B09TR4ZR8S
pacmap,10000,2169,-6.253218,-6.3219585,4.0,B0C5YHPG2J
pacmap,10000,2170,0.09124159,2.2469566,5.0,B09LQWML9P
pacmap,10000,2171,-2.9697134,-12.323977,5.0,B09VTMLL5Q
pacmap,10000,2172,-5.657479,4.2876854,5.0,B0BKTBD37R
pacmap,10000,2173,-7.1972966,1.656729,5.0,B09SLPPNBC
pacmap,10000,2174,1.6349549,-0.34095007,5.0,B0C4P6C6NM
pacmap,10000,2175,-1.8482739,-5.0239167,5.0,B09VS779K4
pacmap,10000,2176,-1.2177279,7.072309,5.0,B09Q8MWHT9
pacmap,10000,2177,1.989424,6.1411448,5.0,B0B9L1N68J
pacmap,10000,2178,-6.2495694,1.2174696,5.0,B0998X1F7G
pacmap,10000,2179,-2.11357,4.518314,4.0,B09W5J7GVX
pacmap,10000,2180,-6.025256,1.1649032,5.0,B09NN648FM
pacmap,10000,2181,-2.8177419,-7.2838693,5.0,B09N232D3J
pacmap,10000,2182,-7.5731764,-5.8397923,5.0,B0BPHC35QG
pacmap,10000,2183,-10.065485,-2.8259647,5.0,B0BPP72J81
pacmap,10000,2184,-7.1988235,1.7815893,5.0,B09JCD2CN6
pacmap,10000,2185,-6.6334124,-0.93676794,5.0,B0BPSXJ8M3
pacmap,10000,2186,-2.3057137,-11.911923,5.0,B0BYJSHNQ6
pacmap,10000,2187,-1.9067843,7.5017924,5.0,B09DCMLWTT
pacmap,10000,2188,1.4442941,-4.614624,5.0,B09SN7TZ99
pacmap,10000,2189,-6.8366375,1.2394489,5.0,B09FJMWMBM
pacmap,10000,2190,-0.84242654,-9.918582,3.0,B091XN41PN
pacmap,10000,2191,0.17135516,3.9875927,5.0,B099D2QTGY
pacmap,10000,2192,-5.259956,-5.652837,5.0,B0C5N45FB3
pacmap,10000,2193,-3.618153,0.6796889,5.0,B0B4YTVNFL
pacmap,10000,2194,1.0827459,-3.7913115,5.0,B0989J83Z9
pacmap,10000,2195,-5.343676,-5.6230116,5.0,B093D6F1ZZ
pacmap,10000,2196,0.23186165,3.9915168,4.0,B09W99JC95
pacmap,10000,2197,-6.8417006,1.4685787,4.0,B098QLDYC6
pacmap,10000,2198,-7.4327707,-5.327095,5.0,B0C2YRYZJ7
pacmap,10000,2199,-6.554836,-0.17323138,5.0,B0963LKFYF
pacmap,10000,2200,-4.557807,1.2122406,5.0,B0C5MCSLKZ
pacmap,10000,2201,-2.675131,1.9171644,5.0,B0C6QYPNYR
pacmap,10000,2202,-2.3397627,4.6162214,5.0,B09MVP6Y94
pacmap,10000,2203,-8.12571,-4.948614,4.0,B096P33NMR
pacmap,10000,2204,2.753949,7.3285046,5.0,B0BXHPS3XG
pacmap,10000,2205,-0.8719434,5.629597,4.0,B082S4VMHG
pacmap,10000,2206,-6.878881,1.6460656,5.0,B08Z85SDM3
pacmap,10000,2207,-6.9014277,1.8880225,5.0,B08ZMYM34Q
pacmap,10000,2208,-2.7809172,-2.601926,5.0,B09PHCV2PN
pacmap,10000,2209,0.22463982,2.4542146,5.0,B08JV9C6NR
pacmap,10000,2210,-5.417202,3.7099051,5.0,B08XDX7CW8
pacmap,10000,2211,2.5380375,7.692833,5.0,B08W43825W
pacmap,10000,2212,-2.510735,-10.473222,5.0,B0BZQ8FW4F
pacmap,10000,2213,-3.7433398,-4.472567,5.0,B08MPYBG5C
pacmap,10000,2214,-6.71322,-4.2471223,4.0,B08SCQTJKB
pacmap,10000,2215,-8.040331,-5.77837,5.0,B08SH3HLNL
pacmap,10000,2216,-3.0222828,-11.694855,5.0,B08XXRWLLS
pacmap,10000,2217,0.95317423,6.0265193,5.0,B08HK1QRLB
pacmap,10000,2218,-7.31752,-4.1445503,5.0,B08P5KZD1C
pacmap,10000,2219,-6.7953086,1.4163798,4.0,B08XMR6T51
pacmap,10000,2220,-4.033321,-3.4165883,5.0,B0898CS5TM
pacmap,10000,2221,-3.6583188,-3.6736686,5.0,B08FBZ6SS3
pacmap,10000,2222,-4.4794936,-5.148769,5.0,B08CV3B9SS
pacmap,10000,2223,-4.4333754,-5.245103,5.0,B07FN9PR61
pacmap,10000,2224,-3.9324431,-3.7836564,5.0,B0BZT5GQGJ
pacmap,10000,2225,1.9576102,4.5034175,5.0,B09Y273HR1
pacmap,10000,2226,-4.566379,-4.8312745,5.0,B0BZT5GQGJ
pacmap,10000,2227,-3.7303014,-3.2519789,5.0,B08HK2F8QK
pacmap,10000,2228,-6.4334164,-6.8831677,5.0,B08FRMQNHR
pacmap,10000,2229,-6.832858,1.3678578,4.0,B0933YVHDN
pacmap,10000,2230,1.916631,3.7849953,5.0,B08HCJB6C5
pacmap,10000,2231,1.8640758,3.8152509,5.0,B088FKGCH1
pacmap,10000,2232,-7.3385034,-2.8979812,5.0,B0B8YY8QXG
pacmap,10000,2233,-4.59192,1.1386149,5.0,B09H1PLZ7S
pacmap,10000,2234,-7.145169,-3.4117887,5.0,B08M4256ZR
pacmap,10000,2235,-6.8375287,-2.188367,5.0,B0827X1Z1D
pacmap,10000,2236,-6.4538927,-5.822031,5.0,B08NC5TMNL
pacmap,10000,2237,-6.0692267,-4.343234,5.0,B088CRTM52
pacmap,10000,2238,-4.558829,-2.8120337,5.0,B09N7WWZRT
pacmap,10000,2239,-4.6386886,-5.2827497,5.0,B07FN9PR61
pacmap,10000,2240,-3.2699943,-4.807227,5.0,B08QYZ75XJ
pacmap,10000,2241,-4.874555,-4.058731,5.0,B08PFZQPFJ
pacmap,10000,2242,-3.5132787,-2.4662287,5.0,B08D6SKVVN
pacmap,10000,2243,-4.8074207,-2.8775985,4.0,B081DZMGFG
pacmap,10000,2244,1.7360003,-4.5223403,5.0,B09MKVBBWX
pacmap,10000,2245,0.34885672,-3.756767,5.0,B08GKCN3BX
pacmap,10000,2246,-5.9574127,-5.7314606,5.0,B08J42GSW6
pacmap,10000,2247,-5.550735,-5.4733415,5.0,B08D6G3T5T
pacmap,10000,2248,-4.830465,-4.8086653,5.0,B09WTY19L9
pacmap,10000,2249,-1.7254452,8.000846,3.0,B09LH3NSVJ
pacmap,10000,2250,3.406573,3.2357526,5.0,B08GKK5NX8
pacmap,10000,2251,1.2600499,7.666575,5.0,B09LCRR2BG
pacmap,10000,2252,-0.12228735,7.471809,5.0,B087QSHTM8
pacmap,10000,2253,-7.2510595,-5.1935925,5.0,B08BJ83YHJ
pacmap,10000,2254,-7.8073025,-5.043122,5.0,B085SGW4KK
pacmap,10000,2255,-6.787372,1.3651873,5.0,B013Q6ZRQQ
pacmap,10000,2256,0.984557,7.588259,5.0,B07XKZ2PDG
pacmap,10000,2257,-2.8681366,-12.180027,4.0,B08BYF5V86
pacmap,10000,2258,-0.6758793,5.3110204,5.0,B08CK95N8C
pacmap,10000,2259,0.6703737,8.051987,5.0,B088WH1Y25
pacmap,10000,2260,-1.1125783,5.961295,5.0,B0834PQKXK
pacmap,10000,2261,-8.17308,7.7210555,5.0,B09Y1PSVTB
pacmap,10000,2262,-3.614774,-6.8977447,5.0,B08GFZXG55
pacmap,10000,2263,-3.4973712,-7.94793,5.0,B07W87RMTG
pacmap,10000,2264,-4.323229,-3.340305,5.0,B089YF6T86
pacmap,10000,2265,-5.217448,-2.548477,5.0,B086VFXX78
pacmap,10000,2266,-5.860436,-2.9343874,5.0,B094NRML1L
pacmap,10000,2267,-9.751515,-2.3447962,5.0,B089F191ZP
pacmap,10000,2268,-0.5304233,0.7596968,4.0,B089VYXB9K
pacmap,10000,2269,-6.499641,1.3477213,5.0,B0C1Z4MNJT
pacmap,10000,2270,1.8196043,4.624892,5.0,B08CVCS7Y7
pacmap,10000,2271,1.3831269,3.264474,5.0,B087B2DLCR
pacmap,10000,2272,-6.5764184,0.14066768,5.0,B08BFT7VNS
pacmap,10000,2273,-4.3066773,1.1763285,5.0,B08B5DC4HM
pacmap,10000,2274,-7.9663596,-5.1034245,5.0,B081CRF2YH
pacmap,10000,2275,-7.1509585,-3.2772455,5.0,B09WV2XQYH
pacmap,10000,2276,-7.189756,-5.9305015,5.0,B082T7HDGT
pacmap,10000,2277,-6.4332166,-4.459624,5.0,B09FYFT34G
pacmap,10000,2278,-6.2578135,-7.261594,5.0,B085DZMDKH
pacmap,10000,2279,-7.5970154,-5.0671277,5.0,B082YB9888
pacmap,10000,2280,-3.630144,0.917541,5.0,B083KYZMG5
pacmap,10000,2281,-0.67783695,-9.414491,5.0,B0BSDJQV5D
pacmap,10000,2282,-4.1422887,0.87077826,5.0,B0899QP2L3
pacmap,10000,2283,-7.8741403,-4.5758705,5.0,B09NSRDB1W
pacmap,10000,2284,1.9460243,-4.3948455,5.0,B083NQPY1R
pacmap,10000,2285,-1.6982551,8.494804,5.0,B08T6D9Z69
pacmap,10000,2286,-2.7031538,-9.033811,5.0,B097D5GXZH
pacmap,10000,2287,-3.589464,-4.0183845,5.0,B082CDDZC7
pacmap,10000,2288,-3.2274878,-8.589711,5.0,B082HHZ11Q
pacmap,10000,2289,-7.0895085,2.0316825,5.0,B085DPJYYV
pacmap,10000,2290,-2.281459,0.085115775,5.0,B0BYSB9KW8
pacmap,10000,2291,-0.911774,1.767066,3.0,B084GFVQLL
pacmap,10000,2292,-6.876906,1.3115934,4.0,B0828Y7BMQ
pacmap,10000,2293,-2.839785,-11.541128,5.0,B09Q5PQM38
pacmap,10000,2294,-2.6781259,-8.99489,5.0,B07T95WVZZ
pacmap,10000,2295,-2.3263657,-11.107919,5.0,B07VX7V91Q
pacmap,10000,2296,-6.840479,1.4283785,5.0,B0815V2KJS
pacmap,10000,2297,-0.38367367,-9.982386,5.0,B07RMBKSY3
pacmap,10000,2298,-1.9826819,-8.568829,5.0,B07VKRYQLK
pacmap,10000,2299,-6.870537,1.4010551,5.0,B07X8ZRNX7
pacmap,10000,2300,-2.618009,-10.782035,5.0,B086ZKY8C4
pacmap,10000,2301,-0.2650618,-8.723168,4.0,B0BPLD4VK9
pacmap,10000,2302,3.1714332,5.2226825,5.0,B084F798YV
pacmap,10000,2303,-3.358932,8.317652,5.0,B07MG94T5M
pacmap,10000,2304,-3.1712487,1.1267002,5.0,B07DK1VQCH
pacmap,10000,2305,-2.8713772,-11.801727,5.0,B07PQBQ6GC
pacmap,10000,2306,-1.2080839,-8.9362545,5.0,B0BJ7QMYBF
pacmap,10000,2307,-2.5836627,-2.3302095,4.0,B084HC99VY
pacmap,10000,2308,-2.9541097,-11.517584,5.0,B082SW81WD
pacmap,10000,2309,-5.2159758,1.84861,5.0,B07RZPB86Z
pacmap,10000,2310,-0.42814904,-8.909813,5.0,B07FLH7VLQ
pacmap,10000,2311,1.6497631,-4.4738483,5.0,B0BL6788GP
pacmap,10000,2312,-2.955838,-12.014531,5.0,B07PHWGWFS
pacmap,10000,2313,-5.853765,1.326344,5.0,B07KJTXRKM
pacmap,10000,2314,-1.0890446,-11.249917,5.0,B07PYHVH31
pacmap,10000,2315,-2.7474208,-12.104597,3.0,B07MCSKB9P
pacmap,10000,2316,-2.4963775,-11.364604,5.0,B07FDCDQMM
pacmap,10000,2317,-2.9771848,-11.194599,5.0,B07K8XPS7J
pacmap,10000,2318,-2.4856331,-11.784399,5.0,B07DF7NZCN
pacmap,10000,2319,-0.57770646,-9.097149,4.0,B07G1LGS62
pacmap,10000,2320,-2.2111397,-3.5048435,5.0,B07GG424BQ
pacmap,10000,2321,1.7208241,-4.4941516,5.0,B09MTNF6MX
pacmap,10000,2322,-5.577029,1.7518351,4.0,B01FRP1ZHE
pacmap,10000,2323,-7.0652175,-5.0054507,5.0,B07DDK15FN
pacmap,10000,2324,-3.0612304,-9.239758,5.0,B07VHBC8VP
pacmap,10000,2325,-2.685944,-2.331098,5.0,B0C2V1QS15
pacmap,10000,2326,-2.6979609,-11.9296055,4.0,B07QFC584D
pacmap,10000,2327,2.5265388,7.053884,5.0,B07FMYHX1F
pacmap,10000,2328,-5.160273,1.2249153,5.0,B09ZMQWGCG
pacmap,10000,2329,-2.6389608,0.45828328,4.0,B07B535G94
pacmap,10000,2330,-2.565018,-11.178867,5.0,B08V47HYBW
pacmap,10000,2331,-3.0198119,-12.112885,5.0,B076F79LTS
pacmap,10000,2332,-2.4527717,-11.332799,4.0,B0778PCW73
pacmap,10000,2333,0.1460127,3.7246885,5.0,B079Y4MW5F
pacmap,10000,2334,-2.5859847,-2.3527658,4.0,B0C2V1WQ8F
pacmap,10000,2335,-2.5125422,0.2595094,5.0,B077W1KN7V
pacmap,10000,2336,-1.9787337,-10.947293,4.0,B06XJKWXC6
pacmap,10000,2337,-2.7236288,-11.741016,4.0,B074JG8SPQ
pacmap,10000,2338,-2.6143153,-9.108862,4.0,B0B11CLXY5
pacmap,10000,2339,-6.3926735,-2.1080346,4.0,B071YZ2WN7
pacmap,10000,2340,-3.2240233,-12.225498,5.0,B072J2HGJR
pacmap,10000,2341,-1.146003,2.5093737,5.0,B071X8QSZH
pacmap,10000,2342,-2.6620195,-2.3427968,5.0,B07FKJCFWB
pacmap,10000,2343,-2.5752418,-12.367363,5.0,B01MQKG0L8
pacmap,10000,2344,-1.3819891,5.868807,4.0,B01LZWQ0KV
pacmap,10000,2345,-3.0583453,-12.215007,5.0,B01M2UVSHF
pacmap,10000,2346,-8.112349,-4.622733,5.0,B07JMFQTC5
pacmap,10000,2347,-3.3158312,-12.195907,5.0,B01HETFQMQ
pacmap,10000,2348,-1.1310593,-10.899203,3.0,B01DT4ODOM
pacmap,10000,2349,0.0757871,8.128382,4.0,B00VRLUTWA
pacmap,10000,2350,1.5668454,-4.139157,4.0,B01EO5A3RQ
pacmap,10000,2351,-6.991102,1.5909659,5.0,B01BCWKBZI
pacmap,10000,2352,-1.013033,-9.829581,5.0,B01BWMX5BK
pacmap,10000,2353,-2.7064872,-7.7216506,4.0,B00K6L5EX6
pacmap,10000,2354,2.177585,-4.1461406,4.0,B00PVIBIN4
pacmap,10000,2355,-2.5780878,-10.603844,5.0,B0B37YMFK2
pacmap,10000,2356,-7.6730275,-5.6931033,5.0,B079ZQT987
pacmap,10000,2357,-2.7487137,-2.508221,4.0,B014D7XH64
pacmap,10000,2358,-7.1199713,1.5671831,5.0,B00UK0P9VU
pacmap,10000,2359,0.05221475,6.8219714,3.0,B00OGKQAJU
pacmap,10000,2360,-8.050206,7.7756624,3.0,B00S0CTU2Y
pacmap,10000,2361,-2.1275887,-10.748558,4.0,B01A86LI6K
pacmap,10000,2362,-0.95744556,6.097986,5.0,B00MJKZEXC
pacmap,10000,2363,-5.571637,3.525417,5.0,B00NJNFW1C
pacmap,10000,2364,0.1506968,7.8415494,5.0,B00FQ1NO9W
pacmap,10000,2365,-3.211197,-11.40829,5.0,B00KONCDVM
pacmap,10000,2366,-1.4786401,-9.1811695,5.0,B00I59VBH4
pacmap,10000,2367,1.6945382,-4.529064,4.0,B00BXKY9CQ
pacmap,10000,2368,-2.0078266,-11.556698,4.0,B00EXPNGCM
pacmap,10000,2369,-0.8666807,-9.981126,5.0,B00DVU9FNY
pacmap,10000,2370,-5.393594,5.2759924,4.0,B00CPIF4G0
pacmap,10000,2371,1.4613378,-4.265374,5.0,B007KZQM9Q
pacmap,10000,2372,-2.183409,-12.154069,4.0,B001UAB4TU
pacmap,10000,2373,-0.7634452,-10.490484,5.0,B07FCKYFRC
pacmap,10000,2374,0.08633729,3.9920287,5.0,B07GZL22ZQ
pacmap,10000,2375,1.8133677,4.1867228,4.0,B00S7IBOYS
pacmap,10000,2376,-0.5419315,1.7793751,4.0,B07F2YKPB3
pacmap,10000,2377,-3.321711,-11.511768,1.0,B0C338S8M7
pacmap,10000,2378,-1.7821612,-10.111363,4.0,B00KWR8ME2
pacmap,10000,2379,-0.045055293,-7.2559605,4.0,B00PLL0L2U
pacmap,10000,2380,0.25837174,6.409408,5.0,B07PSCZRB5
pacmap,10000,2381,0.16853198,21.150003,4.0,B0BHT8XX49
pacmap,10000,2382,1.0751827,19.858265,4.0,B085XS36F5
pacmap,10000,2383,0.5148215,3.0658472,4.0,B07S1BDQ4P
pacmap,10000,2384,0.33734816,7.5906644,4.0,B00N1X2UC4
pacmap,10000,2385,-1.0502158,-7.747181,4.0,B007ILEHSA
pacmap,10000,2386,4.9427257,2.3020563,1.0,B018H3B280
pacmap,10000,2387,19.412333,12.065351,5.0,B00763W3M2
pacmap,10000,2388,5.3286943,2.2031562,1.0,B00OB0S8KE
pacmap,10000,2389,-6.7727065,1.5080903,5.0,B00FHL3F0E
pacmap,10000,2390,-7.192459,-4.6383557,5.0,B07PHB491R
pacmap,10000,2391,-0.18607579,2.887005,5.0,B08GL4JSLK
pacmap,10000,2392,0.92501974,4.163945,5.0,B07T5SY43L
pacmap,10000,2393,0.8759022,-0.39086965,5.0,B074KBWL9J
pacmap,10000,2394,-2.3076172,-10.092532,1.0,B09674F2X6
pacmap,10000,2395,-2.2837658,-9.497286,1.0,B09S9PX2GH
pacmap,10000,2396,3.1630802,-0.36506945,1.0,B07KTYJ769
pacmap,10000,2397,-2.189952,0.37629172,5.0,B084T3RMQ6
pacmap,10000,2398,-0.75684845,-5.346799,5.0,B00RFLGH5E
pacmap,10000,2399,-2.3051438,0.53357357,4.0,B00P7EVST6
pacmap,10000,2400,1.4698344,-3.9494615,5.0,B09BZGJCGD
pacmap,10000,2401,-0.96388376,-5.074465,1.0,B0022NHQ00
pacmap,10000,2402,0.1314011,4.692046,4.0,B002SBB0SU
pacmap,10000,2403,-5.7009983,4.4074,5.0,B09MRC553G
pacmap,10000,2404,-5.7106447,4.3930755,5.0,B0B5B88GQW
pacmap,10000,2405,-5.799881,4.1096444,4.0,B09X21S46V
pacmap,10000,2406,-3.0343997,-10.872959,4.0,B07S764D9V
pacmap,10000,2407,-0.7201059,-4.584938,5.0,B0BTPBBL52
pacmap,10000,2408,0.21078697,-7.582694,4.0,B091BD9T1Z
pacmap,10000,2409,-5.9991603,-6.092333,2.0,B07MYSFW2G
pacmap,10000,2410,-8.434787,-4.141571,4.0,B01DXKPK3A
pacmap,10000,2411,-4.063998,7.1602573,4.0,B0189XYY0Q
pacmap,10000,2412,0.074767895,8.363794,5.0,B00Q6A1RLY
pacmap,10000,2413,-5.522716,4.1570425,4.0,B00MHX6TIA
pacmap,10000,2414,-3.7724314,7.415637,4.0,B00DVFLJKQ
pacmap,10000,2415,1.2105293,-4.0728154,5.0,B002M3SHXA
pacmap,10000,2416,-1.2971736,-4.3676777,4.0,B0039NIRIW
pacmap,10000,2417,-2.5693436,-4.5744953,5.0,B000HDJY7K
pacmap,10000,2418,-3.3505273,-8.999524,5.0,B00005T3GH
pacmap,10000,2419,-2.078486,-4.0881987,4.0,B0036WT3PW
pacmap,10000,2420,-3.3980806,0.8914385,2.0,B000V2H136
pacmap,10000,2421,1.8482925,-4.3379264,1.0,B00008SCFL
pacmap,10000,2422,-2.853097,1.4524903,5.0,B000OSLLPG
pacmap,10000,2423,-1.5109413,-8.777184,2.0,B00XJ5U76A
pacmap,10000,2424,-9.343063,-3.7449977,4.0,B07V29CYF3
pacmap,10000,2425,-7.3419642,6.959554,1.0,B0B3J5JC2S
pacmap,10000,2426,4.418141,4.9394712,5.0,B07X349T36
pacmap,10000,2427,-1.7252396,7.6666193,5.0,B074D9L6SJ
pacmap,10000,2428,5.396475,4.200933,5.0,B07Y75XPQZ
pacmap,10000,2429,3.8741333,0.7165538,5.0,B07QC4XL1V
pacmap,10000,2430,-1.7146256,-11.387527,5.0,B07ZPC9QD4
pacmap,10000,2431,2.4462388,0.683122,5.0,B093V1K56G
pacmap,10000,2432,-10.064754,-2.5635223,1.0,B01N7KFVOB
pacmap,10000,2433,-6.0331736,7.6918106,5.0,B07C9C7N4G
pacmap,10000,2434,3.6466794,3.7969298,5.0,B0745BZ29C
pacmap,10000,2435,-1.0582654,-9.045942,2.0,B07CZ2PZJM
pacmap,10000,2436,4.3008304,1.3849252,5.0,B08XPWDSWW
pacmap,10000,2437,-9.9224205,-3.7885327,1.0,B09FKBCYM3
pacmap,10000,2438,-6.6912327,-4.376145,5.0,B07G5C4YLY
pacmap,10000,2439,-8.476695,-4.972528,3.0,B08FYNN55Z
pacmap,10000,2440,3.9247792,1.2628595,1.0,B08MY4R4PK
pacmap,10000,2441,4.4300447,-0.57151085,1.0,B00WUWV1N6
pacmap,10000,2442,-0.039346542,2.4230442,4.0,B071FVHM19
pacmap,10000,2443,-0.11714921,2.6185682,5.0,B085SX3ZKZ
pacmap,10000,2444,6.0977635,-0.51987576,5.0,B07X8MSSRQ
pacmap,10000,2445,7.558813,2.4874616,5.0,B01ENBNAWG
pacmap,10000,2446,0.1980467,1.6126384,5.0,B00E6GRHBO
pacmap,10000,2447,-0.9392717,-8.358734,2.0,B0C6D2TBZ7
pacmap,10000,2448,3.2524168,3.6655772,5.0,B07KB1FNK3
pacmap,10000,2449,4.276128,2.4022532,5.0,B0C6PGZ3MB
pacmap,10000,2450,-5.6746917,4.0598598,2.0,B0C8TKRRJB
pacmap,10000,2451,-4.88847,8.321919,5.0,B07BSJCMGS
pacmap,10000,2452,-2.414042,-10.914678,5.0,B08TX43PBC
pacmap,10000,2453,0.6585928,-6.3831334,5.0,B08WJSHSLC
pacmap,10000,2454,1.1707225,6.242468,5.0,B0987B3T53
pacmap,10000,2455,-1.6432661,7.3698936,5.0,B01MQPTTS6
pacmap,10000,2456,6.512786,0.8967477,3.0,B07TS32GFV
pacmap,10000,2457,-6.954599,-5.409057,5.0,B07SMNZK8H
pacmap,10000,2458,-3.700383,-7.4819856,5.0,B081B15L2D
pacmap,10000,2459,3.5181396,2.9690425,4.0,B076WXJPQ1
pacmap,10000,2460,-6.169285,1.3992703,5.0,B08KZ1TZYB
pacmap,10000,2461,4.09149,1.338365,5.0,B07961C64Q
pacmap,10000,2462,3.912131,1.706831,5.0,B0BNPL25Z9
pacmap,10000,2463,-3.618617,-7.729497,5.0,B00P28VN38
pacmap,10000,2464,-2.7220592,-8.158094,5.0,B00GN76HAG
pacmap,10000,2465,3.9518852,-0.8097973,3.0,B076JDXPRG
pacmap,10000,2466,2.33448,1.2409968,5.0,B06XGC4WKK
pacmap,10000,2467,1.847968,1.8288902,5.0,B07GZFM1ZM
pacmap,10000,2468,-3.271954,-8.135187,5.0,B07K59CQ3R
pacmap,10000,2469,-3.4821074,-7.819772,5.0,B074S1P2MG
pacmap,10000,2470,-3.2410188,-9.568374,5.0,B072KQC4XY
pacmap,10000,2471,4.2739797,2.420618,5.0,B00KAMJ1JO
pacmap,10000,2472,-7.4307127,-5.2231407,5.0,B0C6PGZ3MB
pacmap,10000,2473,4.4004407,2.1179485,5.0,B075753TQ8
pacmap,10000,2474,7.5941963,-0.031282563,5.0,B075X8471B
pacmap,10000,2475,0.63635683,6.2175913,5.0,B07F4P3JH7
pacmap,10000,2476,-7.129057,-4.9305325,5.0,B0C1FRBK4K
pacmap,10000,2477,-10.3054085,-3.5506866,5.0,B00HJN524K
pacmap,10000,2478,-1.8962978,-10.850009,4.0,B071WGSZ81
pacmap,10000,2479,-1.8180915,2.543272,5.0,B000063Y71
pacmap,10000,2480,-1.2251538,2.941359,5.0,B07837W5NX
pacmap,10000,2481,-8.142101,7.7375636,3.0,B003NR57BY
pacmap,10000,2482,-1.1936775,-8.127341,5.0,B07H6X3YQN
pacmap,10000,2483,-10.189091,-3.4353623,5.0,B00N9DWGPC
pacmap,10000,2484,-2.3057063,1.5466725,4.0,B000063Y6S
pacmap,10000,2485,-1.3464857,2.8703773,4.0,B00G97AJMW
pacmap,10000,2486,-1.093938,-6.3578715,2.0,B00XJ5CD58
pacmap,10000,2487,3.629136,3.5624886,3.0,B00D68R31M
pacmap,10000,2488,5.853049,1.5166105,5.0,B00GNHSXE4
pacmap,10000,2489,-2.8149114,1.3908535,5.0,B00004UDQ1
pacmap,10000,2490,-9.69045,-3.5723255,1.0,B00PFQPX5Q
pacmap,10000,2491,-10.533307,-3.260023,5.0,B000165C10
pacmap,10000,2492,4.9989595,1.3660051,5.0,B07QC4WTNC
pacmap,10000,2493,-0.32810286,-9.874921,5.0,B09NBBT6T8
pacmap,10000,2494,-6.069405,7.7578173,5.0,B07TPLJ4HX
pacmap,10000,2495,1.7006739,-3.6644206,1.0,B09VYMTDF9
pacmap,10000,2496,-5.0710945,-2.3813398,5.0,B07K1DYGHM
pacmap,10000,2497,-2.675574,-1.7373743,5.0,B08RLW7918
pacmap,10000,2498,-6.4447093,-5.765321,5.0,B0BMQJYLQV
pacmap,10000,2499,-2.7615557,-10.423563,4.0,B0001FTVEK
pacmap,10000,2500,4.752258,2.502353,1.0,B005PPMF3U
pacmap,10000,2501,7.475791,1.8855609,5.0,B07VVXLXJM
pacmap,10000,2502,3.41282,1.1233207,5.0,B07P374FF3
pacmap,10000,2503,-2.710397,1.5824758,5.0,B07P6YM5KH
pacmap,10000,2504,-8.090637,-3.4877803,5.0,B002Y470G2
pacmap,10000,2505,-3.1007307,-11.920011,5.0,B09PRC3WC5
pacmap,10000,2506,-2.102349,7.6246047,5.0,B08Y8XW37R
pacmap,10000,2507,-1.6385735,-9.584268,5.0,B0BXM18YDP
pacmap,10000,2508,0.44261613,-4.434026,1.0,B09M8N7YML
pacmap,10000,2509,-1.2484627,-11.164948,5.0,B07H4SS6DG
pacmap,10000,2510,2.84244,-0.6184361,2.0,B019RC1EI8
pacmap,10000,2511,4.1023154,1.5052454,1.0,B07VM4W41Q
pacmap,10000,2512,-10.313856,-3.0414934,3.0,B00WETRG4I
pacmap,10000,2513,6.4326396,-2.2505436,1.0,B001MQ321U
pacmap,10000,2514,6.116702,1.6813631,5.0,B0051V7XK8
pacmap,10000,2515,5.40442,3.4577405,5.0,B0C6D2TBZ7
pacmap,10000,2516,1.7119884,-2.395664,2.0,B07MG5Y5W9
pacmap,10000,2517,-0.098721534,-10.315841,4.0,B094MKQMZR
pacmap,10000,2518,3.2304008,2.7122116,1.0,B0B58CRF1N
pacmap,10000,2519,-6.07552,-5.870208,2.0,B07Q2SJNZ5
pacmap,10000,2520,6.375906,-1.3509347,2.0,B075X8471B
pacmap,10000,2521,-3.3595066,7.6360135,2.0,B01J94SWWU
pacmap,10000,2522,6.2325664,1.736938,5.0,B008I6ITME
pacmap,10000,2523,-2.8071654,-6.8416166,5.0,B015SKPC8Q
pacmap,10000,2524,-7.1798573,-4.8403316,1.0,B01I1D2Q7W
pacmap,10000,2525,-2.3600812,1.0726832,1.0,B00RBW707G
pacmap,10000,2526,-0.06317623,6.394483,5.0,B06XNQ6BXC
pacmap,10000,2527,3.3499908,4.0346327,5.0,B07ZRGNMRJ
pacmap,10000,2528,2.2045758,2.4861252,4.0,B06VWK3L8N
pacmap,10000,2529,7.5196986,0.24623728,5.0,B01I6GE05A
pacmap,10000,2530,-7.7190113,-4.919311,1.0,B01CGGW4NG
pacmap,10000,2531,2.6162503,-8.784989,3.0,B01K8B8YA8
pacmap,10000,2532,1.9780511,3.8568075,1.0,B01E9X4L9O
pacmap,10000,2533,-0.0049609034,-8.108975,5.0,B00140DBRY
pacmap,10000,2534,-0.20304948,-5.7308393,2.0,B01DA0YCNC
pacmap,10000,2535,0.5235854,7.9511213,1.0,B073QFMPK1
pacmap,10000,2536,-3.1615908,-11.335651,1.0,B00WUCSWDI
pacmap,10000,2537,-6.7192273,-4.627481,1.0,B00488M4TU
pacmap,10000,2538,-2.349973,4.6650124,2.0,B0032ALZIQ
pacmap,10000,2539,-5.649651,3.6401572,1.0,B0034NGZWM
pacmap,10000,2540,23.34294,2.999665,5.0,B09B52572Z
pacmap,10000,2541,2.9792848,2.5553622,5.0,B08KZZCGGG
pacmap,10000,2542,0.469956,2.660747,5.0,B08JD7FN44
pacmap,10000,2543,18.856697,-1.5380038,5.0,B098744XH6
pacmap,10000,2544,18.856833,-1.5362983,5.0,B09BPWCXMS
pacmap,10000,2545,2.8267558,3.196965,5.0,B09NWZY4XF
pacmap,10000,2546,18.85254,-1.5376524,5.0,B07Y887RM3
pacmap,10000,2547,18.9219,-1.5290005,5.0,B086VR9J8Q
pacmap,10000,2548,18.855589,-1.5389775,5.0,B09JKSVK9L
pacmap,10000,2549,18.853836,-1.5384744,5.0,B09CM12QBL
pacmap,10000,2550,18.855022,-1.5377209,5.0,B09H7DTXKT
pacmap,10000,2551,18.856012,-1.537671,5.0,B09G2W5GGF
pacmap,10000,2552,18.855736,-1.5362972,5.0,B07K7BBRTQ
pacmap,10000,2553,18.855427,-1.5371284,5.0,B07D77BLWK
pacmap,10000,2554,18.845226,-1.5322936,5.0,B07C78TJMZ
pacmap,10000,2555,18.925335,-1.5283661,5.0,B07S764D9V
pacmap,10000,2556,18.855562,-1.5381917,5.0,B07PBZ1P2N
pacmap,10000,2557,18.85585,-1.538092,5.0,B07CH42JNS
pacmap,10000,2558,18.924023,-1.5287172,5.0,B01LXJFMGF
pacmap,10000,2559,18.847578,-1.5435287,5.0,B071R715MZ
pacmap,10000,2560,18.86615,-1.5401607,5.0,B01D5H8N8K
pacmap,10000,2561,18.854753,-1.5374492,5.0,B07JGHZ45W
pacmap,10000,2562,18.856445,-1.537857,5.0,B017MVKO82
pacmap,10000,2563,18.936802,-1.5296791,5.0,B09T918243
pacmap,10000,2564,18.873886,-1.5458006,5.0,B09HLGPB3D
pacmap,10000,2565,18.922176,-1.5286331,5.0,B01MDNQXMV
pacmap,10000,2566,18.854412,-1.5369049,5.0,B07F9WZSP9
pacmap,10000,2567,18.856844,-1.5364885,5.0,B07QF6RKYH
pacmap,10000,2568,18.852167,-1.5371114,5.0,B09S6QPQFS
pacmap,10000,2569,18.854092,-1.5370305,5.0,B00NVKHLP8
pacmap,10000,2570,18.862709,-1.5390328,5.0,B07FPLCZSL
pacmap,10000,2571,18.85557,-1.5384934,5.0,B08TY4HJ8L
pacmap,10000,2572,18.853884,-1.5365222,5.0,B0713VGCJX
pacmap,10000,2573,18.832508,-1.5390053,5.0,B09QZPKYCW
pacmap,10000,2574,18.812881,-1.5388271,5.0,B07W1JV6YM
pacmap,10000,2575,18.855917,-1.5367925,5.0,B08M8Y6473
pacmap,10000,2576,18.854387,-1.5370376,5.0,B07DVF9LKG
pacmap,10000,2577,18.855358,-1.5369339,5.0,B00JX8Y2HM
pacmap,10000,2578,18.865557,-1.5357355,5.0,B00M0T1WTM
pacmap,10000,2579,18.854883,-1.5364085,5.0,B07BVZJP4J
pacmap,10000,2580,18.854887,-1.5369004,5.0,B073W74WR8
pacmap,10000,2581,18.84888,-1.5376661,5.0,B0BZJGGX2T
pacmap,10000,2582,18.84829,-1.5371089,5.0,B09Y1PSVTB
pacmap,10000,2583,18.835445,-1.5378822,5.0,B00XZ6AMA4
pacmap,10000,2584,18.836899,-1.5377827,5.0,B01G8JO5F2
pacmap,10000,2585,-1.7677555,-3.706075,5.0,B075NCMLYL
pacmap,10000,2586,18.739407,-1.5439856,5.0,B08XPWDSWW
pacmap,10000,2587,18.740608,-1.5441959,5.0,B01985CJUG
pacmap,10000,2588,18.910337,-1.5267925,5.0,B01N1H6MS0
pacmap,10000,2589,18.852655,-1.5375875,5.0,B00TQYC9PA
pacmap,10000,2590,18.855398,-1.537301,5.0,B00XJPY07M
pacmap,10000,2591,18.98349,-1.5249978,5.0,B000Q8UAWY
pacmap,10000,2592,18.858162,-1.5375293,5.0,B07YFD37SF
pacmap,10000,2593,18.856121,-1.5377264,5.0,B004XUNW26
pacmap,10000,2594,18.85338,-1.5373516,5.0,B005MTXM3Q
pacmap,10000,2595,18.85659,-1.5377086,5.0,B000WKPHHO
pacmap,10000,2596,4.962234,0.39682323,5.0,B00XHWBDYU
pacmap,10000,2597,18.856253,-1.5381463,5.0,B0B3XNLPYC
pacmap,10000,2598,-2.3903143,-9.765187,5.0,B07QLN5ZWR
pacmap,10000,2599,-3.2883484,-2.315987,5.0,B0812DKDD9
pacmap,10000,2600,18.8517,-1.5382682,5.0,B0BGNG1294
pacmap,10000,2601,0.024985373,6.5369873,1.0,B0873727DF
pacmap,10000,2602,10.788135,5.0527616,5.0,B07P61P5NZ
pacmap,10000,2603,10.799814,5.052703,5.0,B07P6YRR6J
pacmap,10000,2604,10.783919,5.0483074,5.0,B07Q38S8HD
pacmap,10000,2605,10.525152,4.933382,5.0,B07PBD7RDM
pacmap,10000,2606,-5.4027386,-2.3163428,5.0,B0B1HR8JSR
pacmap,10000,2607,-0.20144314,3.9211407,4.0,B0C6FJFRJG
pacmap,10000,2608,0.26824436,7.885995,5.0,B07KG7BLFD
pacmap,10000,2609,10.797239,5.06603,5.0,B0B2K24RQT
pacmap,10000,2610,10.803582,5.064068,5.0,B0C33Y9Q9L
pacmap,10000,2611,17.083767,-1.747376,5.0,B07ZCVRSCG
pacmap,10000,2612,17.04286,-1.754597,5.0,B07JL18G1D
pacmap,10000,2613,17.02792,-1.760365,5.0,B0BVBDXFHM
pacmap,10000,2614,16.954376,-1.7678254,5.0,B09LRLD1Z3
pacmap,10000,2615,17.020351,-1.7593557,5.0,B0BB6RBYJ6
pacmap,10000,2616,17.021038,-1.7588332,5.0,B08MXVP2CL
pacmap,10000,2617,17.001993,-1.7594972,5.0,B00FOSEUIQ
pacmap,10000,2618,17.024384,-1.759474,5.0,B07G8BR51Z
pacmap,10000,2619,-2.7409155,-12.342459,5.0,B07PXGQC1Q
pacmap,10000,2620,10.466468,4.854244,5.0,B0BZDWGL19
pacmap,10000,2621,3.368156,5.00867,5.0,B0B4SWZTZ1
pacmap,10000,2622,10.763851,5.0423784,5.0,B07T6GWDGR
pacmap,10000,2623,10.469561,4.906123,5.0,B07VZVL6GK
pacmap,10000,2624,-3.0590127,-11.982111,4.0,B0C3GDKZQT
pacmap,10000,2625,10.790584,5.049079,5.0,B096NQ56RD
pacmap,10000,2626,10.768628,5.039769,5.0,B0839511NG
pacmap,10000,2627,6.361337,-1.3179591,5.0,B07SHFPD8S
pacmap,10000,2628,-6.227209,7.7332325,5.0,B01GKQ2RHQ
pacmap,10000,2629,1.0594864,-1.3781239,5.0,B00U1PPWDO
pacmap,10000,2630,-10.166947,-3.592228,4.0,B00JHPLUMQ
pacmap,10000,2631,-10.494845,-3.5438972,5.0,B00GG835JI
pacmap,10000,2632,-9.822153,-3.7416067,5.0,B0BS6KLLT1
pacmap,10000,2633,-4.439019,-4.4502726,5.0,B00T7W84FA
pacmap,10000,2634,0.59454453,1.4635295,5.0,B07JVSC152
pacmap,10000,2635,-4.8781548,-5.5846562,5.0,B001TH7GUK
pacmap,10000,2636,-3.0059755,-11.092703,5.0,B000066R6M
pacmap,10000,2637,-3.0056238,1.3515102,4.0,B004YZZPZW
pacmap,10000,2638,-2.599593,9.323312,4.0,B005KDY8AU
pacmap,10000,2639,-3.8042176,9.232965,5.0,B005890G8Y
pacmap,10000,2640,8.202681,-2.6068985,5.0,B016PMVM7Q
pacmap,10000,2641,3.3078055,1.637374,5.0,B07KML89F3
pacmap,10000,2642,0.747198,8.059609,5.0,B00AHU2QH8
pacmap,10000,2643,-3.6967595,9.253855,1.0,B00BYHTK5Y
pacmap,10000,2644,-1.5295473,7.6301856,2.0,B00902SFC4
pacmap,10000,2645,-2.5973947,-10.980773,5.0,B007B5ZKGG
pacmap,10000,2646,-1.4458475,-0.058021877,1.0,B004NIG13U
pacmap,10000,2647,3.229929,0.9897013,5.0,B09L1PGZPQ
pacmap,10000,2648,-1.7607566,-8.48748,5.0,B0719SNR5N
pacmap,10000,2649,5.4584646,4.3749905,5.0,B07TQT6H2P
pacmap,10000,2650,5.066511,1.8535688,4.0,B08ZF2Z7Y1
pacmap,10000,2651,6.76821,4.1503444,5.0,B01M5HQMMJ
pacmap,10000,2652,8.703455,3.8312533,5.0,B094V7S7D7
pacmap,10000,2653,-0.55710185,-11.098614,5.0,B09Q5BNT76
pacmap,10000,2654,-0.2261408,-10.878153,4.0,B076DWW62Z
pacmap,10000,2655,-0.32009512,-9.85829,5.0,B08GMC5NM5
pacmap,10000,2656,3.088699,4.6020327,5.0,B07HRFLB6Y
pacmap,10000,2657,0.28322226,20.916885,5.0,B07Q44XSYX
pacmap,10000,2658,4.7245483,2.843013,5.0,B07D18BQ9S
pacmap,10000,2659,9.530801,4.110466,5.0,B073S39FM8
pacmap,10000,2660,-0.77867043,-3.3939788,5.0,B01H7EK9WK
pacmap,10000,2661,0.24981229,-4.8299017,5.0,B00UVN20YA
pacmap,10000,2662,3.8825529,2.5354323,5.0,B0195A5THO
pacmap,10000,2663,-1.4166855,-4.1247697,5.0,B01AQB0Y1C
pacmap,10000,2664,4.709726,4.8152266,5.0,B017IM9K26
pacmap,10000,2665,1.6392734,-9.19777,5.0,B07VXXBTX4
pacmap,10000,2666,-1.4299663,8.199203,5.0,B08HGHSZ8N
pacmap,10000,2667,2.264076,-8.973295,5.0,B07NJQTTXK
pacmap,10000,2668,-3.0036178,-11.060643,5.0,B07SNBHTKD
pacmap,10000,2669,5.8857102,0.010167754,5.0,B0BDF98BNH
pacmap,10000,2670,-6.7006617,-5.782663,5.0,B01JPDTZXK
pacmap,10000,2671,1.3981364,5.424935,4.0,B01HVHIZFG
pacmap,10000,2672,6.9583597,1.6927422,5.0,B07B3JZ2M6
pacmap,10000,2673,-0.3569457,7.5512905,3.0,B00JUNH8H6
pacmap,10000,2674,0.33435678,6.9789114,1.0,B00DULMXTW
pacmap,10000,2675,1.5343726,-3.2825525,1.0,B09G3MBH6V
pacmap,10000,2676,1.8512584,-1.6884379,4.0,B07N8VFFNS
pacmap,10000,2677,1.655887,0.14331527,5.0,B07KXX9168
pacmap,10000,2678,-5.451831,-5.8027797,5.0,B09QL59Q12
pacmap,10000,2679,5.9160447,4.5229445,5.0,B00MVJYK6S
pacmap,10000,2680,-3.6504362,9.154354,4.0,B00FPG7WX2
pacmap,10000,2681,0.48622167,1.0115168,5.0,B00D38XF6M
pacmap,10000,2682,-0.72664815,-9.615537,4.0,B08F1P3BCC
pacmap,10000,2683,2.1020994,1.18373,5.0,B000YC8NYY
pacmap,10000,2684,-1.3070531,-9.391077,5.0,B086LL8V2G
pacmap,10000,2685,-9.841709,-3.6412175,4.0,B07M5WCCLH
pacmap,10000,2686,0.063059196,-9.733101,5.0,B01KBQ6GQ4
pacmap,10000,2687,-7.1035523,-4.802067,1.0,B0CC4HBS85
pacmap,10000,2688,2.7825298,4.047518,5.0,B08C2P9RTY
pacmap,10000,2689,3.9362192,1.904518,2.0,B0BXRJKJDZ
pacmap,10000,2690,-1.9133327,-12.30065,5.0,B0071369KE
pacmap,10000,2691,-2.2706099,-11.972014,5.0,B0B37TV4WJ
pacmap,10000,2692,4.6631603,0.96422666,5.0,B07HZLHPKP
pacmap,10000,2693,6.5227175,2.1328642,5.0,B071L978GM
pacmap,10000,2694,7.1373973,3.7232728,5.0,B001B077PO
pacmap,10000,2695,7.0082574,3.7060988,5.0,B077Q9DVXJ
pacmap,10000,2696,4.3098264,1.2577511,5.0,B001MXQRN8
pacmap,10000,2697,6.9158463,3.6533368,5.0,B01AUR77FI
pacmap,10000,2698,7.7489753,1.8307533,5.0,B000001OM5
pacmap,10000,2699,-9.747517,-3.7632446,5.0,B07MHTZQ2V
pacmap,10000,2700,-0.52138877,-8.685033,5.0,B07SKFQQ48
pacmap,10000,2701,3.9266157,1.4279629,2.0,B0C3GLMP8K
pacmap,10000,2702,-1.2668707,8.112889,5.0,B07Y89KHBJ
pacmap,10000,2703,5.925452,3.2972362,5.0,B07Z3BKFQW
pacmap,10000,2704,-6.831302,-5.169056,4.0,B0CCRNKX6X
pacmap,10000,2705,4.7410917,3.7572608,5.0,B09KWWZ67B
pacmap,10000,2706,0.34343645,8.269452,5.0,B08PZ94XG9
pacmap,10000,2707,2.6526175,3.5159228,5.0,B09HJZPSFC
pacmap,10000,2708,11.477463,12.433765,2.0,B0B9N65HF4
pacmap,10000,2709,7.514573,0.007354831,5.0,B07QPTYSPP
pacmap,10000,2710,1.7516474,1.2622309,5.0,B0791TX5P5
pacmap,10000,2711,-1.4331689,-8.001382,4.0,B085DXH843
pacmap,10000,2712,3.7455897,-0.28029987,5.0,B07P5GCV4R
pacmap,10000,2713,-7.416266,-5.9677243,5.0,B0BGS23YKX
pacmap,10000,2714,-0.9341627,-5.5645614,4.0,B094XQ4HKT
pacmap,10000,2715,4.2064133,1.3129703,5.0,B0018MEZK0
pacmap,10000,2716,4.605602,0.7312192,2.0,B001TOD7MO
pacmap,10000,2717,4.4015927,0.6142345,5.0,B00KALCGUG
pacmap,10000,2718,5.528726,2.3675532,5.0,B000F6MOQM
pacmap,10000,2719,-1.2265309,-6.8885655,5.0,B00KFNMHQ2
pacmap,10000,2720,5.6151967,1.6055433,4.0,B00CHCGRH4
pacmap,10000,2721,4.6490636,0.7945835,4.0,B008I640QS
pacmap,10000,2722,-1.9270846,-10.136308,2.0,B004MCJBJI
pacmap,10000,2723,1.943591,2.9107103,5.0,B001BXS4LW
pacmap,10000,2724,6.40984,1.5667827,5.0,B000QKKAOU
pacmap,10000,2725,6.006361,1.8595836,5.0,B094QJN15X
pacmap,10000,2726,-5.0359173,4.266574,5.0,B09R9133PG
pacmap,10000,2727,-6.1350765,7.530165,1.0,B09QLYHV6F
pacmap,10000,2728,2.540688,5.6010704,4.0,B086Q4XT9Q
pacmap,10000,2729,-5.9605265,1.0759681,2.0,B003WGJYCY
pacmap,10000,2730,0.20813206,3.3079295,5.0,B07JBTD7NG
pacmap,10000,2731,0.43884602,7.749293,5.0,B088ZD69V9
pacmap,10000,2732,4.580939,1.283626,5.0,B0002J1WTC
pacmap,10000,2733,-0.22861287,1.9441379,5.0,B01MQVXHUM
pacmap,10000,2734,1.68049,8.168533,4.0,B07CKP2CKV
pacmap,10000,2735,-7.187,1.6068016,5.0,B0046RDQGS
pacmap,10000,2736,-0.47045934,8.687132,3.0,B006OU6IBA
pacmap,10000,2737,-2.473419,-6.346019,5.0,B083P6GZXR
pacmap,10000,2738,3.2188187,2.2456083,5.0,B07GZFM1ZM
pacmap,10000,2739,5.781516,2.9366274,5.0,B0791TX5P5
pacmap,10000,2740,6.7102575,5.160199,5.0,B07VRPLTL3
pacmap,10000,2741,1.7651516,5.3372555,5.0,B00FB50SBU
pacmap,10000,2742,10.947561,-4.60142,4.0,B0BDH3VXRQ
pacmap,10000,2743,4.66841,0.78590506,5.0,B07FKYHTWP
pacmap,10000,2744,2.9982126,4.115625,5.0,B07N8VFFNS
pacmap,10000,2745,6.5232544,-1.4915104,5.0,B00N5828GS
pacmap,10000,2746,4.0830297,0.43094993,4.0,B01J94SWWU
pacmap,10000,2747,6.2709656,0.07857688,5.0,B007T356BO
pacmap,10000,2748,-9.4990635,-3.6739256,5.0,B01J2G4VBG
pacmap,10000,2749,6.9627423,4.274244,5.0,B00OQVZDJM
pacmap,10000,2750,-2.1156466,-12.586802,4.0,B0BZVGQ1M3
pacmap,10000,2751,-4.2493243,6.88406,3.0,B00Z7Y7WRI
pacmap,10000,2752,-2.2922783,0.6414838,3.0,B001P05OFU
pacmap,10000,2753,2.5822706,6.5551605,3.0,B07ZPPZYTS
pacmap,10000,2754,-2.0157788,-11.60638,5.0,B08XPWDSWW
pacmap,10000,2755,0.44689456,7.532075,5.0,B071R4R5B8
pacmap,10000,2756,4.66191,-0.36058056,1.0,B0BZJZKYST
pacmap,10000,2757,-1.3640884,8.649325,2.0,B0919SHYMH
pacmap,10000,2758,1.5422189,5.4666414,3.0,B07QYL62CZ
pacmap,10000,2759,-3.3126543,7.4899673,5.0,B0051VVOB2
pacmap,10000,2760,3.999202,-0.5674225,1.0,B09XYMSZLL
pacmap,10000,2761,-3.5890818,-3.4686773,1.0,B00NH13YHK
pacmap,10000,2762,-7.2612844,1.4590185,5.0,B002RB3DUE
pacmap,10000,2763,-7.8602195,-3.2343454,5.0,B000GKD5PQ
pacmap,10000,2764,-8.188445,7.760261,5.0,B087Z5WDJ2
pacmap,10000,2765,-6.80507,-1.895753,5.0,B08H1VGMCT
pacmap,10000,2766,-6.9221525,1.16058,2.0,B0BCFFR6TD
pacmap,10000,2767,-5.828946,2.8935137,5.0,B09277SKTV
pacmap,10000,2768,-8.089101,7.842626,5.0,B003NR57BY
pacmap,10000,2769,-1.4001882,3.376882,5.0,B00009R8WQ
pacmap,10000,2770,-7.0985594,1.6463628,2.0,B09VS4V18K
pacmap,10000,2771,-2.2622068,-6.904314,5.0,B07V48GCZ7
pacmap,10000,2772,-6.9498825,-2.1520188,5.0,B07GSQR6D4
pacmap,10000,2773,-2.581466,-1.8112828,5.0,B004WEP94C
pacmap,10000,2774,-0.94722813,-9.208814,5.0,B074F246M9
pacmap,10000,2775,-6.469219,1.2155478,5.0,B00LZSA736
pacmap,10000,2776,-4.101943,-7.2351055,1.0,B08ZDF3WT3
pacmap,10000,2777,-0.9466053,-11.350103,5.0,B01C6ESQM6
pacmap,10000,2778,-1.5782136,4.7946534,2.0,B0C5LYQL9L
pacmap,10000,2779,-5.877957,2.9667728,5.0,B015YEI8JG
pacmap,10000,2780,-6.3903785,2.2118924,5.0,B01NC0XJQW
pacmap,10000,2781,-5.825366,0.5992519,5.0,B00G6E6YVI
pacmap,10000,2782,-0.5417147,7.068602,5.0,B00J63LFTW
pacmap,10000,2783,-5.7392187,2.3771534,5.0,B003O3E588
pacmap,10000,2784,-1.0050012,-8.681952,5.0,B06XYGK2NZ
pacmap,10000,2785,-3.007319,-9.722991,2.0,B014W3EJA2
pacmap,10000,2786,-5.6236153,0.9283676,5.0,B00E5TQ3OY
pacmap,10000,2787,-7.110127,1.3986626,5.0,B00KT7DOSE
pacmap,10000,2788,-6.8945084,2.1064525,5.0,B018AX3OHO
pacmap,10000,2789,0.9365178,1.7217726,4.0,B0792GSLTF
pacmap,10000,2790,-2.1454918,4.6052933,4.0,B0083UXMFO
pacmap,10000,2791,-4.6593356,-6.0435452,3.0,B005JBWX46
pacmap,10000,2792,-0.29966348,-4.5958605,5.0,B00108UNEY
pacmap,10000,2793,-8.067071,7.787434,5.0,B003NR57BY
pacmap,10000,2794,-5.6903677,4.2638803,4.0,B00BCHHZGW
pacmap,10000,2795,-5.262128,-5.4688478,4.0,B07BN3MLNR
pacmap,10000,2796,1.0567043,-0.7964713,2.0,B005DIBHCE
pacmap,10000,2797,-2.898525,-12.348599,5.0,B07CQMZVZ6
pacmap,10000,2798,-5.1743617,-4.9339175,5.0,B07D1XGQHJ
pacmap,10000,2799,-4.956846,-5.686464,5.0,B0019EHU8G
pacmap,10000,2800,-5.5115166,3.1454268,5.0,B0051E3BYM
pacmap,10000,2801,-7.144888,1.8721653,4.0,B00DI12GSM
pacmap,10000,2802,-6.805453,6.475879,5.0,B004I1J80K
pacmap,10000,2803,-1.5578907,-4.080762,5.0,B000N815XU
pacmap,10000,2804,-1.7957829,4.466297,5.0,B0B2KFXVGS
pacmap,10000,2805,-5.7134957,-6.160999,5.0,B01F9RGWF0
pacmap,10000,2806,-5.324666,-2.193776,5.0,B07CHJ1SLT
pacmap,10000,2807,1.1950102,4.2428813,2.0,B01MTYGQ11
pacmap,10000,2808,0.19388917,-0.16307542,5.0,B08BDRBYHC
pacmap,10000,2809,2.5842078,1.1407084,5.0,B0C5YKWC5N
pacmap,10000,2810,5.7144914,6.081968,5.0,B08D8KG472
pacmap,10000,2811,7.7230415,-0.082191326,5.0,B07Q39HCK1
pacmap,10000,2812,-0.8364874,-9.685826,5.0,B09WWG19YS
pacmap,10000,2813,-6.0658894,3.3319683,5.0,B009AEYBYI
pacmap,10000,2814,2.0174773,6.9118752,5.0,B01E3TOP5Y
pacmap,10000,2815,-1.194986,1.1581966,5.0,B07K7GQTSB
pacmap,10000,2816,-0.2229839,6.6611333,5.0,B08XYKH44H
pacmap,10000,2817,3.768887,2.4850173,5.0,B01M4NU4OM
pacmap,10000,2818,-0.16115816,3.524507,5.0,B00EO96W2I
pacmap,10000,2819,5.104292,-0.56553435,5.0,B00SO25G0K
pacmap,10000,2820,4.007461,1.668075,5.0,B07GRWNQ4M
pacmap,10000,2821,2.1868055,2.5721445,3.0,B08Y85SYG4
pacmap,10000,2822,3.546617,-0.0157392,5.0,B00QUG4XL0
pacmap,10000,2823,6.5108657,2.5009243,5.0,B07P374FF3
pacmap,10000,2824,-1.3557523,8.044982,5.0,B07YZ7SQKL
pacmap,10000,2825,-0.9719233,-4.702124,5.0,B08F9ZCTCL
pacmap,10000,2826,-2.3572457,-11.965809,3.0,B0BL78QGLK
pacmap,10000,2827,-3.1565175,-12.230574,5.0,B07NXDPLJ9
pacmap,10000,2828,2.505353,7.6085835,5.0,B07TVWZM5B
pacmap,10000,2829,-2.491129,0.41896474,3.0,B07Q5R22DV
pacmap,10000,2830,-3.6818228,-12.064866,5.0,B089B4CFSC
pacmap,10000,2831,-2.9835992,-12.081569,4.0,B09JQMJHXY
pacmap,10000,2832,5.062481,2.9083426,5.0,B09KXJBNGN
pacmap,10000,2833,-0.47088405,-9.269499,5.0,B0BJQ8TH85
pacmap,10000,2834,-6.3740234,1.3838905,5.0,B01N5XPZ49
pacmap,10000,2835,-3.0511312,-11.028635,2.0,B07X3WB7D8
pacmap,10000,2836,5.88218,1.5841982,5.0,B07ZZVX1F2
pacmap,10000,2837,-3.3810918,-11.9620495,5.0,B08K2S5B88
pacmap,10000,2838,6.4422574,-0.74507636,4.0,B005EVDRZA
pacmap,10000,2839,19.413748,12.065535,4.0,B08ZSBSJHY
pacmap,10000,2840,-10.006601,-2.886144,3.0,B005GYK6MW
pacmap,10000,2841,-9.529176,-4.0533667,5.0,B07YZPVQXT
pacmap,10000,2842,-2.4571798,-12.444489,5.0,B09BYXSPTP
pacmap,10000,2843,5.112407,-0.021408932,5.0,B0BJPV4RXY
pacmap,10000,2844,1.3006777,-1.2889881,1.0,B07CTX3KWG
pacmap,10000,2845,-2.0089107,-11.637886,5.0,B09F3RBZB6
pacmap,10000,2846,-1.0652671,-3.5903413,5.0,B09Q7YPZPJ
pacmap,10000,2847,-2.0796368,0.96015906,5.0,B08RLW7918
pacmap,10000,2848,-1.4046454,3.6671329,4.0,B0BL3B12HK
pacmap,10000,2849,5.877505,6.9429855,1.0,B00DR0BOSC
pacmap,10000,2850,4.6749864,1.2138158,5.0,B09TZKM847
pacmap,10000,2851,-1.1040154,8.400846,3.0,B071XCBTY9
pacmap,10000,2852,-1.1127833,-9.395842,3.0,B00FGUSHSQ
pacmap,10000,2853,-2.1533186,0.83714867,1.0,B07324B77V
pacmap,10000,2854,0.29393926,4.2872477,5.0,B08GKLM5T1
pacmap,10000,2855,0.5860245,-7.5662713,3.0,B083Y4S579
pacmap,10000,2856,-8.332413,-4.608585,5.0,B0BPHRQH8B
pacmap,10000,2857,2.117073,3.73729,5.0,B09SKP8XQN
pacmap,10000,2858,0.22818275,8.254382,5.0,B09WDCQ4TG
pacmap,10000,2859,2.6022189,7.510521,4.0,B0B99KN5PN
pacmap,10000,2860,-9.145544,-3.8723197,3.0,B08TRLHMGV
pacmap,10000,2861,-0.8485151,8.391774,5.0,B07X6SKXQG
pacmap,10000,2862,4.871959,2.2694516,5.0,B01BL7C5R6
pacmap,10000,2863,0.868493,-2.792792,5.0,B082M34LGX
pacmap,10000,2864,-10.397513,-3.3685036,5.0,B01DZZM7KM
pacmap,10000,2865,1.4206324,-9.216731,5.0,B0792K2BK6
pacmap,10000,2866,0.26054195,-5.9105797,5.0,B07GZFM1ZM
pacmap,10000,2867,23.344221,3.000035,5.0,B00CX5P8FC
pacmap,10000,2868,-0.8061996,-4.5667124,5.0,B007JPCL88
pacmap,10000,2869,3.2624447,4.971359,4.0,B009XE050O
pacmap,10000,2870,4.0677567,4.424809,3.0,B073R6HLFL
pacmap,10000,2871,-1.1116178,-9.165682,5.0,B004TU5MCS
pacmap,10000,2872,2.5115163,2.926463,5.0,B07ZQHT7YJ
pacmap,10000,2873,9.095528,-3.1952472,5.0,B08KRC18S8
pacmap,10000,2874,0.8939646,-0.18799421,5.0,B06XCBK7WB
pacmap,10000,2875,-0.32620853,1.9875878,5.0,B01B6FBG0K
pacmap,10000,2876,-2.2676103,-7.9478827,1.0,B01M3ULMWP
pacmap,10000,2877,0.6612255,7.852465,5.0,B07YXTTD61
pacmap,10000,2878,6.9862976,4.595258,5.0,B07W36WN5X
pacmap,10000,2879,2.486261,1.8232291,5.0,B08GZ7N6M6
pacmap,10000,2880,0.34170997,-7.783198,5.0,B07KQ2TLXF
pacmap,10000,2881,0.19293551,7.102954,1.0,B0B6D5X24N
pacmap,10000,2882,4.697429,-0.7925332,1.0,B094G3PS2W
pacmap,10000,2883,-1.2241422,8.678262,4.0,B0C65PM6LG
pacmap,10000,2884,-9.860251,-3.6954188,4.0,B077C6VSS1
pacmap,10000,2885,-6.1306505,-6.1562943,5.0,B00XWIX5MW
pacmap,10000,2886,-0.81804645,5.702948,4.0,B00G8MMQI8
pacmap,10000,2887,-6.1054068,7.726038,2.0,B001E25JMM
pacmap,10000,2888,6.8690877,1.4318058,5.0,B06XF6BJ3L
pacmap,10000,2889,2.2694383,3.464389,5.0,B07NP2DPP7
pacmap,10000,2890,2.0670967,3.6496732,5.0,B06XKF5CM9
pacmap,10000,2891,-2.7561367,1.3303559,3.0,B00YLM3WB2
pacmap,10000,2892,-6.2659507,-5.237106,2.0,B00821B9B8
pacmap,10000,2893,4.0721226,3.0379474,5.0,B01HZ7FJ0G
pacmap,10000,2894,-0.976507,8.108758,5.0,B09JSS2WYC
pacmap,10000,2895,-0.29176202,-10.238224,5.0,B094YFRL85
pacmap,10000,2896,0.92895555,-4.520514,3.0,B084PCDJT5
pacmap,10000,2897,-0.7890437,-10.104023,5.0,B01HB18J0I
pacmap,10000,2898,-2.9075086,-11.71838,3.0,B01C423L5M
pacmap,10000,2899,-0.00410575,-11.148392,5.0,B0110RZ0A6
pacmap,10000,2900,0.9254897,3.922247,3.0,B001F42MKG
pacmap,10000,2901,-2.0636873,4.5994945,3.0,B00A3EIHQC
pacmap,10000,2902,2.3337026,7.74447,5.0,B07KX1668K
pacmap,10000,2903,1.284251,4.181999,3.0,B01HUMI33Q
pacmap,10000,2904,1.0614637,8.335116,3.0,B01GC6MOOA
pacmap,10000,2905,-3.6869335,7.3312807,3.0,B07KS9K73R
pacmap,10000,2906,-1.1725829,-5.1679673,2.0,B001TUYTWA
pacmap,10000,2907,1.4833488,5.6272116,5.0,B01LXL7BUI
pacmap,10000,2908,-8.3976145,-4.4204764,1.0,B0C9DBV55F
pacmap,10000,2909,-5.423697,-5.505053,1.0,B076JL8YH3
pacmap,10000,2910,-3.6896138,-11.661159,4.0,B094Z5DQJ5
pacmap,10000,2911,-2.9927323,-12.247314,4.0,B0BWYJDBYQ
pacmap,10000,2912,-2.1847146,-7.4173203,3.0,B01CW4AR9K
pacmap,10000,2913,0.40912277,3.3665657,5.0,B01LXG2LJQ
pacmap,10000,2914,19.412457,12.065663,5.0,B079SCW1X8
pacmap,10000,2915,0.39940536,-0.36706108,1.0,B0864SF4GC
pacmap,10000,2916,0.4674933,-0.68203324,1.0,B0B39F2QC6
pacmap,10000,2917,5.0173187,2.170707,1.0,B07QC4WTNC
pacmap,10000,2918,2.7204843,-1.0971296,1.0,B07RQ3SWKY
pacmap,10000,2919,-8.182907,-5.0267096,1.0,B0BTT1Z16D
pacmap,10000,2920,-3.586789,-12.120939,1.0,B08XPWDSWW
pacmap,10000,2921,6.845768,2.2418842,5.0,B08ZXR6BB2
pacmap,10000,2922,1.9831628,-1.8029132,1.0,B07W14ZBWP
pacmap,10000,2923,-0.69993585,-3.3252103,1.0,B07Y84NDYQ
pacmap,10000,2924,3.7212546,-0.3610623,1.0,B073HR91MX
pacmap,10000,2925,6.2366705,2.8990993,1.0,B01MZG8DHI
pacmap,10000,2926,2.2686622,2.1638246,1.0,B07RN77YL6
pacmap,10000,2927,4.9707465,-0.6460789,1.0,B07SKFQQ48
pacmap,10000,2928,-9.034097,-4.095153,5.0,B07S8NFZCX
pacmap,10000,2929,2.8065703,-8.790704,1.0,B07GZFM1ZM
pacmap,10000,2930,-0.6012707,-9.884639,1.0,B07456BG8N
pacmap,10000,2931,1.7797832,4.663355,1.0,B01MTOSEFH
pacmap,10000,2932,1.8521608,-1.7765121,1.0,B010UR6JUM
pacmap,10000,2933,-7.0979853,-4.772629,1.0,B01KSTSV76
pacmap,10000,2934,4.255267,-0.14859141,1.0,B00KOHS6UK
pacmap,10000,2935,2.2780576,3.9103892,1.0,B00B0ZAPK4
pacmap,10000,2936,-0.74258876,-3.1742687,1.0,B0105UYPJ6
pacmap,10000,2937,0.3195064,8.133739,2.0,B07GK3LQVC
pacmap,10000,2938,1.4288213,-3.988525,1.0,B00MI7JU72
pacmap,10000,2939,-2.045845,0.7745631,1.0,B01M05OZJT
pacmap,10000,2940,5.344592,0.96613675,1.0,B015E3FRY6
pacmap,10000,2941,1.9202232,-2.1593833,1.0,B00ZVJAF9G
pacmap,10000,2942,5.3210526,-0.46109986,5.0,B00E362W9O
pacmap,10000,2943,-1.2159498,-5.5006022,1.0,B0090BTY8Y
pacmap,10000,2944,-7.2021117,-3.403548,5.0,B092DD5L2V
pacmap,10000,2945,-0.11569578,-5.152323,5.0,B075X8471B
pacmap,10000,2946,-1.8854882,-12.209862,5.0,B08V47HYBW
pacmap,10000,2947,-5.5705934,4.4488187,5.0,B01K1IO3QW
pacmap,10000,2948,-0.10902623,0.6867561,5.0,B00OQVZDJM
pacmap,10000,2949,-5.473238,-2.4347064,5.0,B005FUKLHM
pacmap,10000,2950,0.4656532,-7.5833516,5.0,B000MXWSYQ
pacmap,10000,2951,-1.832614,-9.556357,5.0,B0097BEEF0
pacmap,10000,2952,5.2926598,2.4551592,5.0,B097QW23XR
pacmap,10000,2953,1.7167491,1.8335727,5.0,B0BRP2V3P1
pacmap,10000,2954,-7.67672,-4.8313704,5.0,B0BNL1V25R
pacmap,10000,2955,0.7572843,2.8912058,1.0,B0BJVBTZ4K
pacmap,10000,2956,-8.006848,-5.660036,5.0,B0B55P1FXW
pacmap,10000,2957,-7.5041666,-5.4610877,5.0,B01FJCSOGK
pacmap,10000,2958,-8.254071,-4.82725,5.0,B09L75PVXT
pacmap,10000,2959,-8.013718,-4.205742,5.0,B0B49LT7BT
pacmap,10000,2960,-8.074332,-5.010219,5.0,B0BGB66N4G
pacmap,10000,2961,-1.5207678,8.384209,5.0,B094X7HC69
pacmap,10000,2962,-1.542228,7.70043,5.0,B088KDKNWM
pacmap,10000,2963,-1.5689708,-4.085561,5.0,B0846MH1CJ
pacmap,10000,2964,-2.9227808,-12.183436,5.0,B07X5NM5BP
pacmap,10000,2965,0.6280082,0.58357,5.0,B07ZWTMNDP
pacmap,10000,2966,-1.1172835,-9.55914,1.0,B07X23N387
pacmap,10000,2967,-1.8365195,6.8110013,4.0,B07T64VJQT
pacmap,10000,2968,0.24399497,-7.5756483,5.0,B07DQQPF1T
pacmap,10000,2969,-0.07710173,0.89921266,5.0,B07JD4C1LS
pacmap,10000,2970,-6.4624248,-0.08953149,5.0,B07GJPFR6L
pacmap,10000,2971,-1.3503277,2.55568,5.0,B07JVN1MSN
pacmap,10000,2972,-8.260592,7.734484,5.0,B0BC2STR39
pacmap,10000,2973,-1.683834,2.424953,4.0,B07HQ9GCMY
pacmap,10000,2974,0.9836798,-0.15142341,5.0,B071HN7FB4
pacmap,10000,2975,-0.46461138,-10.280274,4.0,B0783QYFK2
pacmap,10000,2976,-0.5778935,-10.080729,5.0,B06XFTNSCT
pacmap,10000,2977,-1.7905354,-9.745418,4.0,B06XF9DTSJ
pacmap,10000,2978,2.372592,8.393918,5.0,B071W8TY6H
pacmap,10000,2979,-0.07313672,-0.46406794,5.0,B0754KJQZ4
pacmap,10000,2980,-3.1965632,-11.701068,5.0,B09TWYBW14
pacmap,10000,2981,2.5630193,7.735687,4.0,B083G9MW65
pacmap,10000,2982,-5.5884542,4.334587,5.0,B06WD61CF5
pacmap,10000,2983,-0.31315768,2.022317,5.0,B01JNKT0RG
pacmap,10000,2984,-3.9093378,7.2526846,4.0,B01GE9R0J4
pacmap,10000,2985,0.24983579,1.4604844,5.0,B0B1S5LBRQ
pacmap,10000,2986,-3.3972127,-2.4418151,5.0,B01F3R9DP2
pacmap,10000,2987,-2.867452,-10.843685,3.0,B01H7HQ71E
pacmap,10000,2988,-3.1711156,-11.768942,3.0,B011A49BYA
pacmap,10000,2989,-8.447254,7.785042,4.0,B01AZC3RCK
pacmap,10000,2990,-5.555979,3.6997468,3.0,B015XK1O6K
pacmap,10000,2991,-2.618598,-2.4247591,4.0,B017AED6TA
pacmap,10000,2992,-6.072457,-1.0135748,2.0,B013SKI49W
pacmap,10000,2993,-2.9857247,-12.095613,3.0,B00FO0IHMY
pacmap,10000,2994,1.3144586,-3.9530756,2.0,B00BK0YRZS
pacmap,10000,2995,-1.2266014,8.291713,5.0,B00NWE9ZNE
pacmap,10000,2996,-2.6032286,-1.6183022,4.0,B00CF7M7RA
pacmap,10000,2997,-1.3532994,8.468894,4.0,B00JAZGUBE
pacmap,10000,2998,-0.8611292,8.227802,5.0,B008HY8XTG
pacmap,10000,2999,-0.47299975,8.256676,3.0,B002L6NG0W
pacmap,10000,3000,1.026414,6.986135,5.0,B005X64OT4
pacmap,10000,3001,-2.1125832,-10.126415,4.0,B0042X8XJ6
pacmap,10000,3002,0.04442525,-7.4937015,4.0,B002RL8J8K
pacmap,10000,3003,-0.5862315,-4.518834,5.0,B089B6LTLV
pacmap,10000,3004,2.545548,3.7022088,5.0,B08LD5BTLJ
pacmap,10000,3005,3.030632,6.696323,4.0,B07R8C7LS1
pacmap,10000,3006,-9.172433,-4.131443,2.0,B0BVY4JVNG
pacmap,10000,3007,0.66381717,-6.396727,5.0,B07GWGGZLQ
pacmap,10000,3008,2.985459,2.4168518,5.0,B075ZQXB26
pacmap,10000,3009,0.608081,-6.3225074,5.0,B07GZFM1ZM
pacmap,10000,3010,-3.6924922,-2.8157778,5.0,B07P5GM4Z2
pacmap,10000,3011,5.437109,2.5264812,5.0,B07PC1DGYY
pacmap,10000,3012,1.8652744,2.915889,5.0,B00KCZSLHC
pacmap,10000,3013,2.5047622,7.6806517,5.0,B01JOOM9GK
pacmap,10000,3014,-2.5648031,-10.563903,5.0,B00009W3FR
pacmap,10000,3015,5.2978325,1.7989187,3.0,B07DC4RZPY
pacmap,10000,3016,-2.6925323,-6.350798,1.0,B09NVQQCS1
pacmap,10000,3017,-7.8309426,-4.5208716,5.0,B0BKR7WJK1
pacmap,10000,3018,5.386884,1.2782509,1.0,B07Q38RQG7
pacmap,10000,3019,-2.3604417,-8.233878,4.0,B019Y5OGNS
pacmap,10000,3020,-2.5600758,-12.690782,4.0,B00KHA1ZTS
pacmap,10000,3021,-5.6649203,7.688514,5.0,B002C03AIA
pacmap,10000,3022,-0.5767561,6.5851045,4.0,B004PBLR3O
pacmap,10000,3023,-0.16158462,0.55209315,5.0,B074D5Z4P2
pacmap,10000,3024,0.5612048,-0.31603894,1.0,B0002Q7I2U
pacmap,10000,3025,1.3850292,5.510678,5.0,B008GGH4FY
pacmap,10000,3026,-3.6202254,9.12557,5.0,B006GWO5WK
pacmap,10000,3027,3.4093425,1.5638313,5.0,B009D7BJR4
pacmap,10000,3028,2.7980165,7.320205,5.0,B0BZHJFFQ5
pacmap,10000,3029,2.253591,6.061908,5.0,B08VHZDMYC
pacmap,10000,3030,0.8490684,7.0221567,5.0,B06ZZY4VNW
pacmap,10000,3031,-3.8997486,7.3601832,5.0,1400501466
pacmap,10000,3032,2.9048772,5.855146,4.0,B0BGP6X9NF
pacmap,10000,3033,-9.31873,-2.8480673,5.0,B07DPDT6LC
pacmap,10000,3034,-0.18771842,-2.5496726,5.0,B0B285L64J
pacmap,10000,3035,-6.400809,-5.4220924,5.0,B00IQXZXSW
pacmap,10000,3036,2.1601672,3.5749893,3.0,B00S5BNIX2
pacmap,10000,3037,-0.21042635,-9.485708,5.0,B00CO07C5U
pacmap,10000,3038,-7.1231227,1.4414281,5.0,B00AA9Q94C
pacmap,10000,3039,-2.786621,-8.018705,3.0,B006C13X4Q
pacmap,10000,3040,2.31007,2.9667578,5.0,B09PN77YZV
pacmap,10000,3041,-10.129706,-3.172804,5.0,B000GABK8K
pacmap,10000,3042,-0.7497356,-11.167484,5.0,B086ND88S1
pacmap,10000,3043,-0.7133314,-10.607692,3.0,B079GPYJ3N
pacmap,10000,3044,5.497953,2.754612,2.0,B07JPC1M9H
pacmap,10000,3045,5.9094324,4.306797,5.0,B07C64MGWQ
pacmap,10000,3046,4.028795,2.2160068,5.0,B07QQBVRVS
pacmap,10000,3047,4.725335,2.78135,4.0,B07D4734HR
pacmap,10000,3048,0.0074780183,-10.926416,5.0,B07CT1X8V8
pacmap,10000,3049,6.0446887,0.057138916,5.0,B07DNZZCPX
pacmap,10000,3050,3.93719,0.9022922,4.0,B07G5YXYFL
pacmap,10000,3051,7.6453376,-2.5180602,5.0,B001W26TIW
pacmap,10000,3052,1.2357851,-2.4471774,5.0,B07DQF8LHL
pacmap,10000,3053,5.3925986,2.2775836,2.0,B07FJGGWJL
pacmap,10000,3054,-0.6196822,-9.683626,4.0,B01HL8LXQ8
pacmap,10000,3055,10.94925,-4.6070065,5.0,B07DNSZPXG
pacmap,10000,3056,4.4464684,2.7602887,5.0,B07TM7WR7G
pacmap,10000,3057,2.2761369,0.40967688,5.0,B07M93Z1NT
pacmap,10000,3058,2.9823394,3.0628722,5.0,B07MV5B9XC
pacmap,10000,3059,-5.559418,-5.8703966,5.0,B07CHLYDJP
pacmap,10000,3060,2.7401347,3.1329749,2.0,B07KHZ3GMS
pacmap,10000,3061,3.505225,4.507528,2.0,B0C19LF9N1
pacmap,10000,3062,-0.68499726,-11.079484,5.0,B01NAYSJZP
pacmap,10000,3063,-1.2082229,-3.9411316,5.0,B079TSTB5V
pacmap,10000,3064,-1.1073642,9.100283,1.0,B09NKWBQHD
pacmap,10000,3065,6.46803,-0.47346482,5.0,B01DRV2AS8
pacmap,10000,3066,9.003046,3.9836411,5.0,B00FZ1ABQM
pacmap,10000,3067,7.4573665,0.7320978,5.0,B00F5JV4NS
pacmap,10000,3068,7.1822476,2.1153123,5.0,B071K5BQPF
pacmap,10000,3069,0.8629555,-1.9289378,5.0,B0791TX5P5
pacmap,10000,3070,7.3068724,3.207267,4.0,B07G4B7RKG
pacmap,10000,3071,2.5042114,3.916786,3.0,B0B4274T5Q
pacmap,10000,3072,-2.2181513,-0.28308287,1.0,B08F6GPRH6
pacmap,10000,3073,-2.599845,0.3099906,2.0,B0C58WY192
pacmap,10000,3074,-2.5895805,0.4280339,2.0,B0C2P8Y25Y
pacmap,10000,3075,-6.706407,2.0724468,3.0,B01K9HS4Q0
pacmap,10000,3076,-2.7862468,0.08333411,3.0,B01C8BZGKW
pacmap,10000,3077,-2.2411304,0.9203609,4.0,B001T9NVJI
pacmap,10000,3078,0.046642743,-11.010373,5.0,B00WUQ91YI
pacmap,10000,3079,3.7631903,2.1618652,5.0,B00WUR607I
pacmap,10000,3080,4.81818,0.99244636,4.0,B005NAQU1A
pacmap,10000,3081,-7.4661365,-2.911995,1.0,B001PUSERA
pacmap,10000,3082,1.5674042,-8.93399,5.0,B07S9THRC5
pacmap,10000,3083,-7.184961,-3.2153068,5.0,B0BX8DMYWL
pacmap,10000,3084,2.1424198,-8.869445,5.0,B07H65KP63
pacmap,10000,3085,-8.199684,-5.3007636,5.0,B0BC86L9C1
pacmap,10000,3086,-2.1652474,-9.101301,5.0,B0BVB9MRK1
pacmap,10000,3087,-1.0975373,-8.453733,2.0,B071GQM5VF
pacmap,10000,3088,3.4047456,0.97622746,5.0,B01K8B8YA8
pacmap,10000,3089,3.5655727,-0.23148437,5.0,B0B4SWZTZ1
pacmap,10000,3090,2.774992,-0.034320734,5.0,B07CLBNM1C
pacmap,10000,3091,-7.288548,-5.3015904,3.0,B09PFQ4H5T
pacmap,10000,3092,-1.3506513,-1.3390957,5.0,B092PWBV1D
pacmap,10000,3093,0.023843423,3.2391596,5.0,B0C5XFWQ16
pacmap,10000,3094,0.7830078,3.5268488,5.0,B09TND753D
pacmap,10000,3095,0.36174107,6.517671,5.0,B07QG7FS3S
pacmap,10000,3096,-0.09759932,3.395568,5.0,B07T3KCQ94
pacmap,10000,3097,1.1137794,-1.9487461,3.0,B08FC1KJ8Z
pacmap,10000,3098,-9.23195,-3.686863,5.0,B09G2SFXSZ
pacmap,10000,3099,-3.7842393,-12.173564,5.0,B08D8PC712
pacmap,10000,3100,-0.715946,-1.152365,5.0,B07RR5WZCR
pacmap,10000,3101,-5.743029,3.4474897,5.0,B0BC89JP1P
pacmap,10000,3102,-6.8981895,-4.85555,5.0,B017LSIXDE
pacmap,10000,3103,-0.9014053,-11.285025,5.0,B0B59QBY9G
pacmap,10000,3104,4.9203897,2.4628685,5.0,B01A0MTS3W
pacmap,10000,3105,-10.531184,-3.4362092,5.0,B08MRTZWJ5
pacmap,10000,3106,-1.2749807,-9.565166,5.0,B07GLXY253
pacmap,10000,3107,-1.5996277,-9.879662,5.0,B07H3W1FD8
pacmap,10000,3108,-1.1010172,-8.850468,5.0,B075K7JXFQ
pacmap,10000,3109,4.880284,0.49311814,5.0,B0B46FYQVX
pacmap,10000,3110,-5.9979224,-6.10231,5.0,B07799Z6F4
pacmap,10000,3111,-2.3703208,-0.0166495,5.0,B006WG5628
pacmap,10000,3112,-5.4658074,-5.6988854,5.0,B074W4N5HZ
pacmap,10000,3113,-3.3094702,8.063022,5.0,B08X2DCF2B
pacmap,10000,3114,1.4577907,4.4600134,5.0,B01L3YMW8O
pacmap,10000,3115,2.6945734,4.500721,5.0,B00ZN07GBS
pacmap,10000,3116,4.1497383,2.720494,5.0,B00UBNCLGC
pacmap,10000,3117,2.8879647,-0.018778691,5.0,B00MW5Y7F0
pacmap,10000,3118,5.722451,2.5813138,5.0,B08MV8WRJZ
pacmap,10000,3119,6.268752,3.1068053,5.0,B01K5W753C
pacmap,10000,3120,0.86219954,0.118869916,1.0,B075QC3TZY
pacmap,10000,3121,-7.2762246,-4.5612235,2.0,B071JN93MK
pacmap,10000,3122,5.334442,4.016847,5.0,B08YMVB98D
pacmap,10000,3123,0.026488705,7.6850147,5.0,B0765VCQF1
pacmap,10000,3124,5.2257953,2.7913942,5.0,B089F9YDFC
pacmap,10000,3125,6.9729047,0.4028107,5.0,B08KZ1TZYB
pacmap,10000,3126,-2.6915953,-1.3807389,2.0,B08N5DB78L
pacmap,10000,3127,5.6898108,1.4221087,5.0,B0BWQ2D1YL
pacmap,10000,3128,6.191949,1.4556489,5.0,B0BWVDRR6L
pacmap,10000,3129,6.622474,1.0469509,5.0,B07CLBNM1C
pacmap,10000,3130,-2.2458606,-10.446491,5.0,B0BM8P66Y5
pacmap,10000,3131,5.76076,2.2212656,5.0,B000WBN7KW
pacmap,10000,3132,5.6936507,2.37277,5.0,B0B6D4W3R7
pacmap,10000,3133,7.292408,0.65137,5.0,B08HVMVP91
pacmap,10000,3134,-9.069827,-4.3907447,1.0,B08VWZRB92
pacmap,10000,3135,3.895787,3.9589026,5.0,B0722RV8BD
pacmap,10000,3136,-1.5694375,-9.727792,4.0,B00HEGP40E
pacmap,10000,3137,-7.255508,1.5536973,5.0,B008422IL0
pacmap,10000,3138,-6.656559,1.354848,4.0,B002YK5OX2
pacmap,10000,3139,-10.5513115,-3.215658,5.0,B000UXDHNY
pacmap,10000,3140,-0.68462217,-10.029035,1.0,B0BRKGDT42
pacmap,10000,3141,1.4804978,1.3573062,5.0,B0933BVK6T
pacmap,10000,3142,0.44203278,-6.1671357,5.0,B0C3NMZ2C7
pacmap,10000,3143,-1.1926115,8.535197,5.0,B08HGHSZ8N
pacmap,10000,3144,-0.8251408,-7.6955557,1.0,B092LS2DW9
pacmap,10000,3145,-0.31626874,1.2114191,5.0,B0B751K1LV
pacmap,10000,3146,-0.23023438,7.593145,5.0,B09W8XTYK3
pacmap,10000,3147,1.0962957,19.80386,5.0,B01N0QQ962
pacmap,10000,3148,-1.0889865,-8.682745,2.0,B08YF1VBYD
pacmap,10000,3149,-2.1632555,-8.757708,5.0,B07WNGQ8KR
pacmap,10000,3150,1.0982287,4.4780493,5.0,B01ITOFEX6
pacmap,10000,3151,1.7004884,-2.6732614,4.0,B01BEWBQDM
pacmap,10000,3152,-3.7077289,8.9880495,4.0,B01BRWH8G8
pacmap,10000,3153,-2.8799908,7.859491,5.0,B00FJ8JC3O
pacmap,10000,3154,2.3074677,0.56553984,3.0,B00G8B4JXE
pacmap,10000,3155,2.686973,3.261185,3.0,B00DR0B31U
pacmap,10000,3156,-3.515485,8.910375,1.0,B00D7QH9PS
pacmap,10000,3157,-0.44194335,-4.681033,4.0,B00BD8SZLE
pacmap,10000,3158,-0.91829175,-3.7275314,4.0,B00E0ITM6G
pacmap,10000,3159,4.707208,2.624344,4.0,B07Y69FKM2
pacmap,10000,3160,2.079535,2.6068435,5.0,B0C3HNDTW1
pacmap,10000,3161,2.9608302,7.22523,5.0,B07K3QSBW3
pacmap,10000,3162,-1.0242687,-11.219304,5.0,B076Z6MS5S
pacmap,10000,3163,-0.37856567,6.9950643,5.0,B07G33WLL1
pacmap,10000,3164,-2.345289,1.7816805,5.0,B082FBHMJV
pacmap,10000,3165,-1.741433,-8.990454,4.0,B097MBW35T
pacmap,10000,3166,1.8102429,2.490777,5.0,B01LEXSQV6
pacmap,10000,3167,1.7809386,-4.469046,5.0,B07RKYQGG4
pacmap,10000,3168,0.62637085,1.7154751,4.0,B071V7SV6P
pacmap,10000,3169,-2.429232,0.20995197,1.0,B0C6JPB6N3
pacmap,10000,3170,-5.1997676,1.1265333,2.0,B07DRX79RY
pacmap,10000,3171,-1.2967368,1.1100487,5.0,B01B4J8OJ4
pacmap,10000,3172,4.0879235,-0.6958695,3.0,B004S55GWK
pacmap,10000,3173,-1.571381,0.003332001,5.0,B0C16WKB95
pacmap,10000,3174,-2.2407486,-5.2228074,5.0,B082F13J55
pacmap,10000,3175,-1.6683918,-10.269643,5.0,B07FKFMRGF
pacmap,10000,3176,-1.6425781,-0.24572858,5.0,B07FZVBRDW
pacmap,10000,3177,0.12340375,21.226046,5.0,B0B76XXRG6
pacmap,10000,3178,-0.32152975,-9.923773,5.0,B0BKZQ9MYV
pacmap,10000,3179,5.960167,1.9534385,5.0,B09ZTXZ1MQ
pacmap,10000,3180,-9.775733,-2.8509774,4.0,B01LZDH3IR
pacmap,10000,3181,3.3099232,2.4344413,5.0,B0BPG4DHF7
pacmap,10000,3182,-7.609957,-5.4015055,5.0,B0C177TK5Y
pacmap,10000,3183,-7.6277485,-5.492274,5.0,B0C177TK5Y
pacmap,10000,3184,2.7749898,3.8496187,4.0,B095HVX3Y2
pacmap,10000,3185,1.7555575,1.637148,4.0,B09SZNN6Y3
pacmap,10000,3186,1.5742784,-4.0101852,5.0,B08D6XRT7L
pacmap,10000,3187,4.1069403,2.4712813,5.0,B0B12M535K
pacmap,10000,3188,-5.6227307,4.2138133,5.0,B07BD4HTM8
pacmap,10000,3189,-7.1258373,-4.6866064,5.0,B078N74NXD
pacmap,10000,3190,-0.3876139,4.324471,5.0,B076MJW31F
pacmap,10000,3191,-0.7660592,8.66621,4.0,B06ZZGPD4D
pacmap,10000,3192,-2.30667,-12.643715,4.0,B076FBTHMD
pacmap,10000,3193,-2.7200274,-11.320607,5.0,B0778PCW73
pacmap,10000,3194,-1.1496764,-10.182689,5.0,B079MSMRDF
pacmap,10000,3195,0.96493864,-0.32920173,5.0,B09BDZ5297
pacmap,10000,3196,-1.7961142,7.9689407,5.0,B07RGNMCVM
pacmap,10000,3197,-1.5020558,-9.672508,5.0,B072C77LPK
pacmap,10000,3198,-6.518923,-4.5010214,5.0,B09PQQ4LZB
pacmap,10000,3199,-7.496578,-5.5410404,5.0,B085SGR1TV
pacmap,10000,3200,-7.915557,-5.08797,5.0,B085S9XQ1X
pacmap,10000,3201,-3.1275043,-8.840537,5.0,B089VT8KYF
pacmap,10000,3202,-1.0238591,-3.5832944,2.0,B0BV3NWX67
pacmap,10000,3203,-8.055853,-5.0353703,5.0,B07XS5W3BZ
pacmap,10000,3204,-7.7399154,7.84551,5.0,B083R5QN26
pacmap,10000,3205,-0.091075554,5.5731287,3.0,B08B3NKF9J
pacmap,10000,3206,-6.1070538,-0.84649676,5.0,B083ZZ96PT
pacmap,10000,3207,0.73728937,-0.26444006,1.0,B07FCTF698
pacmap,10000,3208,-6.68451,-2.9735684,3.0,B07V4GJDLN
pacmap,10000,3209,-1.2834915,-3.7378762,5.0,B07CM5NZRC
pacmap,10000,3210,-7.0207148,2.0928593,5.0,B07NQ9Q3QT
pacmap,10000,3211,1.2383926,6.9097595,5.0,B07ZZ595TG
pacmap,10000,3212,1.3097519,-3.8904057,5.0,B0BRT3SCLX
pacmap,10000,3213,-4.3187003,-6.639072,5.0,B07QKZX6JS
pacmap,10000,3214,-5.9343815,7.556707,5.0,B07K72MW7K
pacmap,10000,3215,-7.1658735,1.4160182,5.0,B07VLPLP27
pacmap,10000,3216,-4.1106567,0.829192,5.0,B07P5R2D42
pacmap,10000,3217,-4.301103,0.7732003,5.0,B08Q4PLP1Q
pacmap,10000,3218,-5.6732225,1.1833053,5.0,B09GFXT5LQ
pacmap,10000,3219,-3.84558,8.161275,3.0,B07WZZXW7D
pacmap,10000,3220,0.03649478,-7.6897917,3.0,B07DQYFCXM
pacmap,10000,3221,-8.238429,-4.910568,5.0,B07XS83Y6N
pacmap,10000,3222,-7.3859925,-2.9262726,5.0,B07QKPCWN5
pacmap,10000,3223,1.4439548,7.342665,3.0,B07HCCGXZ6
pacmap,10000,3224,2.3130927,-8.989191,5.0,B07MLY3JKV
pacmap,10000,3225,-5.2623544,-5.686894,5.0,B07STTXY55
pacmap,10000,3226,-6.6404805,1.3230836,5.0,B07N7HWP59
pacmap,10000,3227,-1.1228157,5.4236884,3.0,B07JHPZ7NY
pacmap,10000,3228,2.4490504,8.318747,2.0,B07RPV215N
pacmap,10000,3229,-0.36810744,0.26554418,5.0,B07JGSN975
pacmap,10000,3230,2.6411097,-8.743469,5.0,B07KTYJ769
pacmap,10000,3231,2.2473915,-8.697769,3.0,B07FQDMKFT
pacmap,10000,3232,-7.2972565,-5.730018,5.0,B07DWD3NNP
pacmap,10000,3233,-0.92735106,1.8770577,5.0,B07HP4QYKQ
pacmap,10000,3234,-7.6525807,-5.909519,5.0,B07JMFQTC5
pacmap,10000,3235,0.24291167,1.419904,5.0,B07G3N7M78
pacmap,10000,3236,-2.2039585,0.11489781,4.0,B07B1B8W17
pacmap,10000,3237,-2.4324195,-0.017802365,1.0,B09PZ9MMQY
pacmap,10000,3238,1.8467162,-4.187104,3.0,B0762QT7S6
pacmap,10000,3239,-0.7775032,-3.4818313,5.0,B01DU67QZM
pacmap,10000,3240,0.56068146,0.11871119,4.0,B075QC3TZY
pacmap,10000,3241,-3.4713135,0.6064094,5.0,B073VJVS79
pacmap,10000,3242,1.70809,-4.464744,5.0,B06XJNDYX8
pacmap,10000,3243,-7.0440435,1.6639253,5.0,B0BVH2C84P
pacmap,10000,3244,-7.060036,1.5426979,5.0,B098RJMJTW
pacmap,10000,3245,-0.35506806,-5.7483478,5.0,B07D19HKXB
pacmap,10000,3246,-0.34027484,2.2588484,5.0,B078HH3Z92
pacmap,10000,3247,-3.2180865,-11.918078,3.0,B076K6QXF5
pacmap,10000,3248,-2.025682,-3.9155855,5.0,B07BFTYT32
pacmap,10000,3249,-7.5751147,7.8753285,5.0,B076PMVZMR
pacmap,10000,3250,-5.593478,4.105738,5.0,B07CY79CKZ
pacmap,10000,3251,-6.0856824,-2.256152,5.0,B078JWNK19
pacmap,10000,3252,-2.286722,-9.96938,3.0,B076WTK9T8
pacmap,10000,3253,-7.0429654,1.4125262,5.0,B01MZC303G
pacmap,10000,3254,2.1012318,-4.525224,5.0,B077HD38VF
pacmap,10000,3255,-5.5706725,-5.857171,5.0,B078N74NXD
pacmap,10000,3256,-7.755305,-5.1532316,5.0,B07BWMNQTY
pacmap,10000,3257,-2.5310378,-0.12690191,3.0,B0B7N8S4T5
pacmap,10000,3258,1.935167,-9.084484,5.0,B07CJZ5YHS
pacmap,10000,3259,-5.524285,1.3834411,5.0,B01DZK3J40
pacmap,10000,3260,-1.4191085,8.4600115,5.0,B071QWWPJY
pacmap,10000,3261,-6.0177245,-0.13043189,5.0,B084Y41WCL
pacmap,10000,3262,0.03448516,-7.808379,5.0,B0BSDQJCWP
pacmap,10000,3263,-1.5630656,6.5024443,5.0,B071FQFSR2
pacmap,10000,3264,-0.12386478,4.5088773,5.0,B07F9CQK4V
pacmap,10000,3265,-2.287941,9.080594,2.0,B00ZTRYG3Q
pacmap,10000,3266,-8.3232355,-4.3617,5.0,B01NCUV35P
pacmap,10000,3267,-8.1069565,-2.448231,5.0,B06WP2Y7B4
pacmap,10000,3268,1.3018684,3.7749736,5.0,B00JROCJY0
pacmap,10000,3269,2.0765553,-4.550777,5.0,B01EOQ61KI
pacmap,10000,3270,0.2094967,21.08597,3.0,B0163JVYEW
pacmap,10000,3271,-2.7211142,-8.336195,4.0,B0BG9GCSM4
pacmap,10000,3272,-7.788487,-1.9301586,5.0,B01HDC21FE
pacmap,10000,3273,-6.3239546,-2.0738935,5.0,B017PDWTJY
pacmap,10000,3274,-4.415429,-3.5132499,5.0,B07WNYRQPT
pacmap,10000,3275,-4.3312445,-3.7494988,5.0,B01B448PBG
pacmap,10000,3276,-4.3695455,-3.949294,5.0,B015OV4Z0A
pacmap,10000,3277,-1.1888252,-3.9639883,5.0,B01KICHFQQ
pacmap,10000,3278,1.7594988,-4.157066,5.0,B01GPAOJJG
pacmap,10000,3279,-6.190983,-2.0909283,4.0,B01DBOX9HW
pacmap,10000,3280,0.8393468,-0.43175223,4.0,B01CEAYWZW
pacmap,10000,3281,-3.2689457,-2.639417,5.0,B07LBZNCPW
pacmap,10000,3282,-2.3227856,9.143777,3.0,B0182XHSVA
pacmap,10000,3283,0.14175823,21.177065,1.0,B012D4MMPG
pacmap,10000,3284,-4.5493917,-3.512524,5.0,B082JQM2NZ
pacmap,10000,3285,-4.499355,-3.3527763,5.0,B09J74RPGH
pacmap,10000,3286,-1.4239596,7.7727523,5.0,B012VOOCR4
pacmap,10000,3287,-6.003011,1.1662216,5.0,B00ZCFYT5K
pacmap,10000,3288,-5.1835537,1.0792974,5.0,B00TKFEPHA
pacmap,10000,3289,-3.601491,-12.423543,5.0,B00ZBA3OSO
pacmap,10000,3290,2.56763,4.4053364,5.0,B00R5VS6G2
pacmap,10000,3291,1.3629879,-3.8740942,5.0,B099RZY28N
pacmap,10000,3292,-4.9257503,-2.887107,5.0,B00PAPMSLE
pacmap,10000,3293,2.083959,-4.448519,5.0,B01EYGOOLQ
pacmap,10000,3294,1.8165046,-4.4678783,5.0,B00ON7AX3U
pacmap,10000,3295,-1.1750486,6.09835,5.0,B00IU7COAE
pacmap,10000,3296,-2.2145088,8.98975,3.0,B00LNTM2HG
pacmap,10000,3297,-5.2985883,6.0171432,5.0,B00NGK92IM
pacmap,10000,3298,-1.5952867,-9.7167845,5.0,B01AS57B0I
pacmap,10000,3299,-2.921509,-10.258937,5.0,B00LSYHLR2
pacmap,10000,3300,-5.1365223,1.0033842,5.0,B00MBFPT3A
pacmap,10000,3301,-8.1990385,-3.8410575,5.0,B00GV4UIVA
pacmap,10000,3302,-1.37246,6.2505836,5.0,B00FZ9SMVU
pacmap,10000,3303,-1.4379573,6.7179728,4.0,B00EL8NIJC
pacmap,10000,3304,-2.3371625,9.058199,4.0,B00DQZT494
pacmap,10000,3305,-1.6429178,6.6294274,5.0,B00DQZTS8Q
pacmap,10000,3306,-2.313868,9.18393,4.0,B00DQZT0AC
pacmap,10000,3307,1.7629621,-4.4038315,5.0,B00EXK14S0
pacmap,10000,3308,0.02829001,4.658043,5.0,B071HQ3Z7C
pacmap,10000,3309,-6.185959,1.3606119,4.0,B00AQRUW4Q
pacmap,10000,3310,-2.01629,7.041831,5.0,B006422WSG
pacmap,10000,3311,-2.2987356,9.008664,5.0,B009WZRAQQ
pacmap,10000,3312,-2.2902708,8.928558,5.0,B008MF3OEY
pacmap,10000,3313,-1.3023423,6.32547,5.0,B008LURQ76
pacmap,10000,3314,-2.3299503,9.153911,5.0,B009X0167Y
pacmap,10000,3315,-2.2801468,9.038116,5.0,B009X01C64
pacmap,10000,3316,-2.2749548,8.507896,2.0,B07C3PQHC7
pacmap,10000,3317,-3.6975243,9.115798,5.0,B006GWO5WK
pacmap,10000,3318,-1.9752939,6.847254,3.0,B000CKVOOY
pacmap,10000,3319,-3.5547578,8.233439,5.0,B00G5D6ER4
pacmap,10000,3320,-2.0372155,6.9820223,5.0,B006422BWS
pacmap,10000,3321,-4.124864,8.065018,4.0,B004YIZXEC
pacmap,10000,3322,-2.9669404,8.166966,4.0,B007MD2DJY
pacmap,10000,3323,0.12346004,4.5097394,2.0,B06XKCPK5W
pacmap,10000,3324,-10.241281,-2.7087586,5.0,B005NESDDY
pacmap,10000,3325,-1.5672947,6.5047145,5.0,B006N1TF7E
pacmap,10000,3326,-1.4265156,-8.799706,5.0,B004M8ST5O
pacmap,10000,3327,-1.534105,-9.622899,5.0,B0054QNL38
pacmap,10000,3328,0.07509432,6.590398,4.0,B07G98G3BV
pacmap,10000,3329,-4.1381993,-5.5738454,3.0,B07XG26541
pacmap,10000,3330,-6.809304,-5.840763,5.0,B07WGPTZHR
pacmap,10000,3331,6.208063,0.68814206,5.0,B01HRVABD0
pacmap,10000,3332,-7.450984,-3.2523856,5.0,B08WQ55H4Y
pacmap,10000,3333,0.615784,0.6819316,5.0,B00CRQUKQ4
pacmap,10000,3334,0.33516204,6.2452273,5.0,B00C5H9QDI
pacmap,10000,3335,-0.33210373,-10.271354,5.0,B00XI9QUOK
pacmap,10000,3336,1.8158107,2.0151815,5.0,B009BKVYZK
pacmap,10000,3337,-9.442828,-4.2574987,1.0,B08QTLS3R5
pacmap,10000,3338,-2.5609605,-12.474247,5.0,B08LG67VW3
pacmap,10000,3339,-9.684314,-3.8512328,1.0,B07N8VFFNS
pacmap,10000,3340,-7.232863,-4.540374,1.0,B0BXL16HVK
pacmap,10000,3341,-7.020537,-3.8949578,1.0,B0CB11DLHG
pacmap,10000,3342,2.7710474,4.2412724,5.0,B09GJJK9ZY
pacmap,10000,3343,-1.5760446,7.906407,4.0,B09YVMS3B1
pacmap,10000,3344,2.4035869,0.81019044,3.0,B013FC2FKM
pacmap,10000,3345,4.3048787,2.1755397,5.0,B077QS9KHC
pacmap,10000,3346,-7.1256332,-5.7021627,1.0,B0BZ15FM42
pacmap,10000,3347,-0.8840851,-4.0375485,4.0,B08ZKMJWJH
pacmap,10000,3348,0.5664165,3.291701,5.0,B075RD4SCC
pacmap,10000,3349,-6.7958736,1.1588169,1.0,B07Q3VM5PH
pacmap,10000,3350,2.1094751,3.9889374,5.0,B07HMMRBGQ
pacmap,10000,3351,0.40971476,3.3277776,5.0,B006R0VWSG
pacmap,10000,3352,0.5787362,7.010085,5.0,B07DS5H8LY
pacmap,10000,3353,-1.4173901,8.418557,4.0,B00ZZ3C6QS
pacmap,10000,3354,-0.30903253,6.3530173,5.0,B013JZCAZK
pacmap,10000,3355,-3.7917135,-11.935147,5.0,B018DOWITK
pacmap,10000,3356,-8.696509,-3.479708,5.0,B008FSAS06
pacmap,10000,3357,2.411099,8.040731,3.0,B09CTXCL6D
pacmap,10000,3358,-1.6222274,5.110876,5.0,B09L4X16B6
pacmap,10000,3359,-2.815141,0.6087864,3.0,B017WYDD1Y
pacmap,10000,3360,-1.5990982,-8.659988,5.0,B084KQMH6V
pacmap,10000,3361,-2.489279,1.0095025,5.0,B088MCTLM5
pacmap,10000,3362,0.22592776,21.064638,5.0,B08J79T7CQ
pacmap,10000,3363,2.7010713,1.9425993,4.0,B0BSXSYLRF
pacmap,10000,3364,-3.5258214,8.406915,5.0,B010BWYDYA
pacmap,10000,3365,0.19613256,8.775392,5.0,B0031MQMU6
pacmap,10000,3366,2.4290836,3.5298545,5.0,B08LZKCGQ6
pacmap,10000,3367,-0.5208697,-10.1224,5.0,B09YDHLYRL
pacmap,10000,3368,-0.5057039,-9.788753,5.0,B0BBMSYX16
pacmap,10000,3369,-3.3168144,-11.250198,5.0,B01CD7J968
pacmap,10000,3370,-3.9676847,-12.057048,5.0,B0797CHKDJ
pacmap,10000,3371,-5.5316186,5.283769,5.0,B00K4PAP06
pacmap,10000,3372,-2.0736036,9.244786,4.0,B00DQZQ5T6
pacmap,10000,3373,0.106467165,7.693329,5.0,B009NPLXGS
pacmap,10000,3374,2.3536427,8.103237,4.0,B01C7HZ47M
pacmap,10000,3375,2.3400936,7.7717648,2.0,B01522TOL6
pacmap,10000,3376,1.6675197,-4.375998,4.0,B00CF030S2
pacmap,10000,3377,-8.7669525,-3.9429545,5.0,B005VBNYDS
pacmap,10000,3378,-1.6876998,-9.48419,4.0,B00BLCLUQO
pacmap,10000,3379,2.2126906,7.7997875,3.0,B002VPE1WK
pacmap,10000,3380,-2.0854561,-4.6200085,4.0,B00187P1HQ
pacmap,10000,3381,-1.3818513,-9.593381,5.0,B007XOQI4S
pacmap,10000,3382,-2.5902355,-11.021732,4.0,B0065VKQ34
pacmap,10000,3383,1.7946975,-4.145118,1.0,B000CRFI8A
pacmap,10000,3384,-1.1202499,-3.9138834,4.0,B0874YZVWK
pacmap,10000,3385,6.482004,-1.4781054,5.0,B07Z9FFTG1
pacmap,10000,3386,-9.366257,-4.2909036,5.0,B09CPMSXHC
pacmap,10000,3387,8.097073,-2.677611,3.0,B09ZGWQ67Z
pacmap,10000,3388,-0.23482421,4.261438,5.0,B09FSZRG9Y
pacmap,10000,3389,4.2080426,2.684916,5.0,B09DPZ1578
pacmap,10000,3390,-3.420336,-2.6481955,5.0,B0BLTJMQ3W
pacmap,10000,3391,4.4092035,2.4358056,5.0,B09Y5GR45N
pacmap,10000,3392,-5.6956162,3.2089121,5.0,B01N6SEXI5
pacmap,10000,3393,-0.2684342,3.7732613,4.0,B07JKWH97B
pacmap,10000,3394,-3.5528622,-2.844293,5.0,B084V9CJB1
pacmap,10000,3395,-2.7734716,-12.171781,5.0,B07ZNBZCW5
pacmap,10000,3396,-1.2834216,-2.0222244,5.0,B01NAVO5PF
pacmap,10000,3397,2.424195,8.148507,5.0,B07YFW6SKQ
pacmap,10000,3398,1.7295859,1.1619295,5.0,B00SFSU53G
pacmap,10000,3399,7.0855045,2.0753062,4.0,B00K4QX99O
pacmap,10000,3400,1.6747864,-3.8105721,4.0,B07324B77V
pacmap,10000,3401,-10.311697,-3.4467063,5.0,B08MRTZWJ5
pacmap,10000,3402,5.621936,2.7904139,5.0,B01LH3DSB6
pacmap,10000,3403,22.351507,7.579976,4.0,B008CQSDN0
pacmap,10000,3404,22.35098,7.580958,3.0,B002AR5XIK
pacmap,10000,3405,6.9699755,3.9348986,5.0,B000V3UX62
pacmap,10000,3406,22.352297,7.580626,4.0,B00CE8DUYY
pacmap,10000,3407,22.350613,7.5817623,3.0,B0096PLB9O
pacmap,10000,3408,22.350294,7.581297,4.0,B00BJH6A1Q
pacmap,10000,3409,5.3875585,2.1742227,5.0,B00B0CQCCC
pacmap,10000,3410,22.3503,7.5801353,3.0,B00DSX557O
pacmap,10000,3411,6.2107124,3.1736395,5.0,B00WY654TU
pacmap,10000,3412,-5.433241,1.2045177,5.0,B008J0Z9TA
pacmap,10000,3413,-6.4448333,7.702699,5.0,B0BXYXD1Q2
pacmap,10000,3414,-5.369852,-5.726766,5.0,B013EKI2DY
pacmap,10000,3415,1.1535733,4.1173816,3.0,B01AAZWQL0
pacmap,10000,3416,5.7664614,1.1182827,5.0,B08HRK6RT8
pacmap,10000,3417,1.2320468,4.6854324,5.0,B07LGVQ8TC
pacmap,10000,3418,-2.936509,1.4907511,5.0,B07V2P6H3Y
pacmap,10000,3419,-7.772366,-5.0429635,5.0,B07K8G9142
pacmap,10000,3420,5.8789835,2.070898,5.0,B084DQY6TK
pacmap,10000,3421,-2.2696073,-0.013047543,4.0,B08RLW7918
pacmap,10000,3422,3.4570062,1.0547994,5.0,B0BC7QQXX5
pacmap,10000,3423,3.561686,-0.739801,5.0,B0791TX5P5
pacmap,10000,3424,-0.71711224,7.3540974,2.0,B0741WGQ36
pacmap,10000,3425,-3.570398,9.318474,5.0,B08J9NQ6CS
pacmap,10000,3426,-10.128105,-3.5398695,5.0,B0083YCFIK
pacmap,10000,3427,-0.10778899,6.981479,5.0,B09VSZJHNV
pacmap,10000,3428,1.3770206,3.0801232,5.0,B01EG5502W
pacmap,10000,3429,2.6001003,3.50222,3.0,B07JY97R2B
pacmap,10000,3430,-1.9951259,-12.079158,5.0,B01N4DUGHQ
pacmap,10000,3431,2.8184626,2.601551,5.0,B09MT8LK6Q
pacmap,10000,3432,-1.5799049,-0.5803564,5.0,B01G2AJ5W0
pacmap,10000,3433,1.4792947,6.124144,5.0,B00902SFC4
pacmap,10000,3434,-3.6663475,9.413949,5.0,B0086829D4
pacmap,10000,3435,1.0087637,8.374886,2.0,B07B65Q3RC
pacmap,10000,3436,-0.991434,-3.7823613,5.0,B0875M44Y5
pacmap,10000,3437,-8.190177,7.6466265,5.0,B00MK24EUI
pacmap,10000,3438,-6.596618,1.3483592,5.0,B0928VH1XV
pacmap,10000,3439,1.1718434,7.5963736,3.0,B015QTOS0C
pacmap,10000,3440,0.32109207,7.034944,5.0,B00L661Z6U
pacmap,10000,3441,4.610942,0.39122793,1.0,B000Q37TBY
pacmap,10000,3442,0.85714096,-1.3968407,5.0,B079BZQ987
pacmap,10000,3443,-0.39623183,-4.863803,2.0,B075X8471B
pacmap,10000,3444,1.6133958,2.6108406,5.0,B0153CASRY
pacmap,10000,3445,-7.7773685,-2.1315918,5.0,B079Z981R2
pacmap,10000,3446,0.026425574,-7.9256344,5.0,B007IPZDNO
pacmap,10000,3447,6.5450406,0.5425026,5.0,B0001O04SS
pacmap,10000,3448,-4.580568,3.7416427,5.0,B000BJSEQW
pacmap,10000,3449,-2.380989,-6.090508,3.0,B0001ZZ838
pacmap,10000,3450,5.951945,6.9586177,5.0,B000OUS3A0
pacmap,10000,3451,4.962586,-0.4668154,5.0,B002L6HE6E
pacmap,10000,3452,-2.8225355,-2.362978,5.0,B000P6MOG2
pacmap,10000,3453,-0.04776207,-11.05057,5.0,B000065BP9
pacmap,10000,3454,-8.144385,-2.236059,5.0,B0BZ5KPQZK
pacmap,10000,3455,1.5272585,6.005461,5.0,B071L6FK53
pacmap,10000,3456,-0.20758153,7.686552,5.0,B00AX2DULQ
pacmap,10000,3457,6.8744206,1.1191506,5.0,B00AX2DUQQ
pacmap,10000,3458,-3.5262437,9.282713,5.0,B010BWYDYA
pacmap,10000,3459,-0.01588564,8.334382,3.0,B06XPVC1BD
pacmap,10000,3460,-0.5637648,-3.3743517,1.0,B0BV3NWX67
pacmap,10000,3461,-0.70432025,7.4912047,3.0,B08YNPQPR8
pacmap,10000,3462,-0.031164898,1.0906461,5.0,B07VDPY2RL
pacmap,10000,3463,2.37307,-8.97654,4.0,B07MLY3JKV
pacmap,10000,3464,4.3434553,0.049498636,1.0,B0887X4XSD
pacmap,10000,3465,-10.436844,-3.5708053,4.0,B08PQC7RKN
pacmap,10000,3466,2.6539326,-8.737659,5.0,B07KTYJ769
pacmap,10000,3467,-0.064617194,-11.028439,5.0,B0792K2BK6
pacmap,10000,3468,-1.3366107,7.8488374,5.0,B00WTPH5SO
pacmap,10000,3469,-2.0091488,-9.896337,5.0,B098B43MXM
pacmap,10000,3470,2.509815,-8.836661,5.0,B07H65KP63
pacmap,10000,3471,4.616301,3.4400501,5.0,B01M3ULMWP
pacmap,10000,3472,0.25837374,6.4912934,5.0,B0721MMN1M
pacmap,10000,3473,-2.0568924,-4.8983626,5.0,B0C21131CZ
pacmap,10000,3474,-2.2725325,0.35282513,5.0,B0B5LCZY7N
pacmap,10000,3475,-1.0724207,-9.821945,5.0,B0BLTVYRCF
pacmap,10000,3476,-5.464502,-5.7578273,5.0,B08QHPDHF9
pacmap,10000,3477,-0.5385337,-9.5800905,5.0,B0C5WN1QFK
pacmap,10000,3478,0.22406322,7.084252,2.0,B082B4WPNS
pacmap,10000,3479,-3.5773785,-12.710595,5.0,B07G7VT8KQ
pacmap,10000,3480,-3.0461578,-11.208302,5.0,B08PFW1S1V
pacmap,10000,3481,-0.0036959092,-8.519522,5.0,B0C5SBGRNJ
pacmap,10000,3482,-0.78176385,-9.896513,5.0,B0BXWV8898
pacmap,10000,3483,-5.9275155,-5.8086734,5.0,B001EZYMF4
pacmap,10000,3484,-0.64195967,-10.037215,5.0,B089NDQJSJ
pacmap,10000,3485,1.7686621,-4.2584434,5.0,B0BS2TMK39
pacmap,10000,3486,3.4502335,0.74759424,5.0,B00TZAO9DK
pacmap,10000,3487,-0.7138103,-9.05975,5.0,B094YFRL85
pacmap,10000,3488,-1.08467,6.4657097,5.0,B00RNGOHO4
pacmap,10000,3489,-0.082832344,7.175672,5.0,B01HCHVUOS
pacmap,10000,3490,-1.4655728,-9.238379,4.0,B00ZVJAF9G
pacmap,10000,3491,-0.9257293,-9.244236,5.0,B00B9B4IYI
pacmap,10000,3492,-2.392565,-9.597872,5.0,B001MPWMDA
pacmap,10000,3493,-4.6918464,-3.1961915,5.0,B001LOP874
pacmap,10000,3494,-1.6926532,-8.271241,5.0,B000EPHR0C
pacmap,10000,3495,1.3007388,4.126373,4.0,B000FARNN2
pacmap,10000,3496,7.6281605,0.1601595,5.0,B07725JKKY
pacmap,10000,3497,10.94982,-4.595552,5.0,B0BMGZXST9
pacmap,10000,3498,7.340091,4.6444035,5.0,B08HPFJ6J1
pacmap,10000,3499,3.430703,5.3944902,5.0,B07PQJJMHD
pacmap,10000,3500,-3.5888026,-11.361289,3.0,B09F5PYV9J
pacmap,10000,3501,0.5132338,7.612104,5.0,B081CDDL1P
pacmap,10000,3502,-2.0807834,-10.239353,4.0,B0BTLN9QH9
pacmap,10000,3503,3.5491705,-0.6566294,1.0,B00CRXZVGQ
pacmap,10000,3504,19.409935,12.06548,5.0,B07L3RSM2L
pacmap,10000,3505,1.6323216,1.549505,5.0,B07K843CLB
pacmap,10000,3506,-1.5002075,7.393751,1.0,B00Y5IQ7HS
pacmap,10000,3507,-2.6536741,-8.908193,1.0,B0BS1615YC
pacmap,10000,3508,6.518957,2.1766121,5.0,B01LYW41TH
pacmap,10000,3509,4.440606,1.5310899,1.0,B07KQL6J9Q
pacmap,10000,3510,-2.3286426,-10.703639,1.0,B07WWNNC1J
pacmap,10000,3511,-2.2771869,0.6795599,2.0,B07GZFM1ZM
pacmap,10000,3512,-6.4460435,7.7475443,4.0,B0B4X15PCR
pacmap,10000,3513,-7.8454523,-3.453699,4.0,B0BNT7YX1C
pacmap,10000,3514,-5.7646737,-5.837518,5.0,B0C493YD8M
pacmap,10000,3515,-0.6719502,1.175652,5.0,B0BR3HFB4L
pacmap,10000,3516,-0.2715822,2.4612875,5.0,B0BMLRK2HT
pacmap,10000,3517,-7.7563477,-3.3559303,5.0,B0BWHHJQQ9
pacmap,10000,3518,-5.612428,4.031119,5.0,B0C9F57ZG8
pacmap,10000,3519,-0.35506323,6.3527493,5.0,B0C461JPR5
pacmap,10000,3520,-0.21389958,6.1228194,5.0,B0C65RMTNV
pacmap,10000,3521,-0.85889333,2.8780782,5.0,B0BBZC1FTG
pacmap,10000,3522,-3.081861,0.67154676,5.0,B0BM3581GL
pacmap,10000,3523,-0.6586879,1.0059392,5.0,B0BT76ZMN9
pacmap,10000,3524,-2.6683915,-2.4222791,5.0,B0BVB5R4HJ
pacmap,10000,3525,0.024488265,6.774348,5.0,B0BGX92F3J
pacmap,10000,3526,-5.7730484,2.7416642,2.0,B0C1GNZZ1M
pacmap,10000,3527,-6.262116,-2.0751948,5.0,B0BM8TJY8S
pacmap,10000,3528,-6.159929,7.7679152,4.0,B0BN4X5WG1
pacmap,10000,3529,-4.68074,-2.9954574,4.0,B0C1NFW1HT
pacmap,10000,3530,-0.52782875,0.7630371,4.0,B0BNWJN35V
pacmap,10000,3531,-5.975115,7.666578,5.0,B0BTNH4TQ9
pacmap,10000,3532,-0.4174627,5.29039,1.0,B0B6C7F94W
pacmap,10000,3533,-3.2328432,1.7016516,2.0,B0CB1HY9P1
pacmap,10000,3534,-5.8994975,7.694432,4.0,B0C48XL8M7
pacmap,10000,3535,-2.4094095,-9.314793,4.0,B0BLVWK2BR
pacmap,10000,3536,-0.7623932,0.76293594,5.0,B0BF55ZD6Z
pacmap,10000,3537,-0.9627028,2.9091413,2.0,B0BB6YT4ML
pacmap,10000,3538,-6.037252,-2.1780038,3.0,B0BCWDGVTM
pacmap,10000,3539,-6.1942277,-2.0497797,5.0,B0BND3RXWC
pacmap,10000,3540,0.010995074,4.096984,5.0,B09M7RD84H
pacmap,10000,3541,-4.888215,-2.696558,2.0,B0BV5NRPM5
pacmap,10000,3542,-1.2771214,1.3768986,5.0,B0BBVMYMK9
pacmap,10000,3543,-4.6579423,-2.8200653,2.0,B0B4RYZPFH
pacmap,10000,3544,-0.6687435,0.46044782,3.0,B0BLCBHTZC
pacmap,10000,3545,-0.85130745,1.2269615,4.0,B0B5GTGSTB
pacmap,10000,3546,-6.08315,-6.0737977,5.0,B0C2PVFRWV
pacmap,10000,3547,-7.0175633,-5.8928657,4.0,B01I0VD8JA
pacmap,10000,3548,-3.7905347,-12.099171,5.0,B07RZRT1TF
pacmap,10000,3549,-3.1159694,-11.706268,5.0,B0142FEWD4
pacmap,10000,3550,3.6080432,0.2532084,1.0,B0872FMZ82
pacmap,10000,3551,1.556736,1.7602435,1.0,B0CD2GYCTB
pacmap,10000,3552,-0.36475584,-10.177534,5.0,B00JX6R9T2
pacmap,10000,3553,2.3442833,2.5751998,5.0,B0090T8NL0
pacmap,10000,3554,15.526549,17.583145,4.0,B07XXWZKBT
pacmap,10000,3555,15.528966,17.58289,5.0,B0BRZFGB6R
pacmap,10000,3556,9.864177,22.116192,3.0,B09VBWBHBC
pacmap,10000,3557,9.864099,22.116972,5.0,B09GLQ2PFV
pacmap,10000,3558,9.863814,22.117376,3.0,B084HM5WG1
pacmap,10000,3559,15.528229,17.584621,4.0,B0B8CPMS4T
pacmap,10000,3560,9.865625,22.11656,5.0,B07PHQ93TV
pacmap,10000,3561,15.528065,17.586637,4.0,B08HPKB3H9
pacmap,10000,3562,15.528341,17.584972,5.0,B09DCCW5XZ
pacmap,10000,3563,15.532168,17.583147,4.0,B08KZKX21T
pacmap,10000,3564,15.527766,17.583963,5.0,B09FLC43DP
pacmap,10000,3565,15.526181,17.582518,4.0,B08F1P3BCC
pacmap,10000,3566,15.528388,17.58402,5.0,B0876WPHJ9
pacmap,10000,3567,15.528339,17.583954,5.0,B0BGPTTKVC
pacmap,10000,3568,9.864001,22.117413,5.0,B09JF83P1H
pacmap,10000,3569,9.863062,22.117823,5.0,B086V1Z43F
pacmap,10000,3570,9.866656,22.119297,5.0,B07R4X3RTG
pacmap,10000,3571,9.863881,22.118698,5.0,B0BXL7Y9ZB
pacmap,10000,3572,9.863864,22.11875,5.0,B07FP8VLXS
pacmap,10000,3573,9.86314,22.116972,4.0,B07JPCWW76
pacmap,10000,3574,9.864391,22.117197,5.0,B0C6RGTGMW
pacmap,10000,3575,15.5285425,17.584017,5.0,B00BHM9Q0K
pacmap,10000,3576,15.528491,17.582743,3.0,B089R3W3D6
pacmap,10000,3577,8.173755,5.667925,3.0,B074XLN4GS
pacmap,10000,3578,8.132214,5.5632477,5.0,B07KM2NR5K
pacmap,10000,3579,9.862433,22.117197,5.0,B06W568Y6C
pacmap,10000,3580,7.3328743,4.266263,5.0,B07PS179D8
pacmap,10000,3581,9.863909,22.11706,4.0,B01H5RHG9S
pacmap,10000,3582,9.863882,22.117172,5.0,B099NY674N
pacmap,10000,3583,9.866136,22.119722,5.0,B06X6BTQ8N
pacmap,10000,3584,9.863923,22.117596,5.0,B0BN74ZJDK
pacmap,10000,3585,9.862767,22.117044,5.0,B01LWPGB6C
pacmap,10000,3586,9.863764,22.117,4.0,B07PRC9KVY
pacmap,10000,3587,9.863725,22.115644,5.0,B07QPTS1JQ
pacmap,10000,3588,15.528865,17.581545,5.0,B0043T7FXE
pacmap,10000,3589,15.528243,17.58347,5.0,B07QLSGMXC
pacmap,10000,3590,9.863829,22.1176,5.0,B0C449B8FT
pacmap,10000,3591,-1.566268,-11.891785,5.0,B07HGJQCL9
pacmap,10000,3592,-6.104618,7.6464305,2.0,B07GZGXB27
pacmap,10000,3593,-4.174141,-2.672095,5.0,B004XD8KXE
pacmap,10000,3594,-7.50361,-4.744174,1.0,B0C7THZNCB
pacmap,10000,3595,-0.8265925,8.457021,5.0,B09L511K6J
pacmap,10000,3596,-0.49209243,-1.0641989,5.0,B0BQ7F5QD3
pacmap,10000,3597,-4.4427686,0.8922421,3.0,B08QV7TPDW
pacmap,10000,3598,2.32748,8.464948,5.0,B08SQ2XXX8
pacmap,10000,3599,-1.2144914,5.5728965,3.0,B08TLZQXB1
pacmap,10000,3600,-0.4182439,8.509223,3.0,B08GFM3RG7
pacmap,10000,3601,-10.328178,-2.5110984,4.0,B089F9YDFC
pacmap,10000,3602,-7.0308776,7.763408,2.0,B08NDVF9VG
pacmap,10000,3603,2.449398,8.492315,2.0,B08NPX3B8M
pacmap,10000,3604,2.356981,8.472265,5.0,B08FJBNFWK
pacmap,10000,3605,-1.7226003,6.4175396,4.0,B08B1W2LYL
pacmap,10000,3606,-7.778702,-5.512197,2.0,B07MLVKBQM
pacmap,10000,3607,-1.0789913,8.015776,3.0,B08CBPH3MW
pacmap,10000,3608,-0.2182059,5.5943055,4.0,B07WC81LRS
pacmap,10000,3609,-8.138044,7.827679,4.0,B07G28NF3L
pacmap,10000,3610,-1.1705388,8.452175,5.0,B06XRTFG29
pacmap,10000,3611,3.3922503,4.89159,5.0,B09X5RHMRZ
pacmap,10000,3612,-10.11926,-2.5829926,4.0,B09BP1LB8L
pacmap,10000,3613,-2.6683838,0.67746216,2.0,B07PCQ3W1C
pacmap,10000,3614,-2.3147917,-9.420927,4.0,B0BGT3RRRR
pacmap,10000,3615,-0.24873894,0.5991272,4.0,B07JGSN975
pacmap,10000,3616,-0.6354387,-10.09173,2.0,B07D81YXPH
pacmap,10000,3617,-1.8599826,6.901594,3.0,B07J1GYCWC
pacmap,10000,3618,-0.5885612,-5.459469,5.0,B0792LX8P5
pacmap,10000,3619,-7.96026,-5.8061776,5.0,B07DDLX3HC
pacmap,10000,3620,-7.992037,-5.844758,5.0,B07DTJ7RV5
pacmap,10000,3621,-1.7268196,6.706487,5.0,B07Z3ZF5NG
pacmap,10000,3622,-7.726477,7.864116,5.0,B08YMVB98D
pacmap,10000,3623,-3.6120224,7.530623,4.0,B078WSWCWH
pacmap,10000,3624,-4.8260374,1.1888,4.0,B0771R6PFQ
pacmap,10000,3625,-6.900169,-5.7128735,5.0,B09YYX736L
pacmap,10000,3626,-0.115686394,-8.495631,4.0,B0742RKNKP
pacmap,10000,3627,-0.09118713,4.106984,4.0,B08XD4N3K4
pacmap,10000,3628,-3.594707,7.7916784,4.0,B01D3NROZE
pacmap,10000,3629,-1.1324533,-9.634021,3.0,B06X9FX834
pacmap,10000,3630,-1.1270579,-9.813707,4.0,B01N17AQ7U
pacmap,10000,3631,-1.573173,7.112257,5.0,B07BLKHQK6
pacmap,10000,3632,-3.0750124,-10.425119,4.0,B01I095OO4
pacmap,10000,3633,-1.8404446,4.436084,1.0,B01N6JCWPI
pacmap,10000,3634,-5.5998917,7.8746576,2.0,B01A33NUH8
pacmap,10000,3635,-1.042295,5.4403534,5.0,B00Y0M32TK
pacmap,10000,3636,-2.3424253,0.619971,2.0,B0167KVZTQ
pacmap,10000,3637,-0.8880704,-7.093441,2.0,B00ZXI2MJG
pacmap,10000,3638,-2.225471,-8.967993,4.0,B007ZG03DG
pacmap,10000,3639,-1.021351,-9.069758,4.0,B011IH6MBO
pacmap,10000,3640,-1.5065638,-9.381031,5.0,B013G6TMUS
pacmap,10000,3641,-3.039198,-10.501055,4.0,B00JJVG08W
pacmap,10000,3642,1.4012874,-4.1948023,5.0,B099RZY28N
pacmap,10000,3643,-1.515368,7.994703,4.0,B00DVFLJKQ
pacmap,10000,3644,-5.5974183,4.2650166,4.0,B00O0M750W
pacmap,10000,3645,-2.029557,7.2204566,3.0,B00OD37KZS
pacmap,10000,3646,-2.997495,-11.867462,5.0,B00WUEKA2C
pacmap,10000,3647,-2.3232377,-9.240175,2.0,B00MPMK3GW
pacmap,10000,3648,-6.163516,1.3734336,5.0,B00IYOJD84
pacmap,10000,3649,-10.467666,-3.39036,5.0,B000BNY64C
pacmap,10000,3650,-0.46621558,-5.7511773,3.0,B00DIFIM36
pacmap,10000,3651,-1.370597,-11.059722,5.0,B0BYSP9676
pacmap,10000,3652,-5.815311,1.2959031,5.0,B00A4A1TYM
pacmap,10000,3653,-0.14864749,1.9385488,5.0,B005DQG5SC
pacmap,10000,3654,-5.7736464,0.8264495,5.0,B00109Y2DQ
pacmap,10000,3655,-5.476692,1.0072855,2.0,B0026H5DFM
pacmap,10000,3656,-5.964844,0.11601131,1.0,B002P5KOXG
pacmap,10000,3657,-8.040718,-2.9193487,5.0,B00009QOS3
pacmap,10000,3658,0.93060714,-0.60017323,3.0,B002XDRWZS
pacmap,10000,3659,3.3996425,4.7668576,5.0,B09TQMFXR5
pacmap,10000,3660,-6.8503118,-4.8333,5.0,B07P7KG4TJ
pacmap,10000,3661,-5.5130734,-5.5940537,5.0,B0BMQJYLQV
pacmap,10000,3662,-1.0900373,-3.9841242,1.0,B07BYB11K5
pacmap,10000,3663,-8.941617,-4.1829624,1.0,B091GDK56V
pacmap,10000,3664,-9.997676,-3.6828277,4.0,B07GRS3T39
pacmap,10000,3665,-7.328612,-2.7175975,5.0,B08WZCCBQJ
pacmap,10000,3666,-6.670889,-3.0212853,5.0,B07H65KP63
pacmap,10000,3667,-0.6434945,8.529136,5.0,B08F3842HL
pacmap,10000,3668,1.0005548,3.5633893,2.0,B0C2Q5KR4N
pacmap,10000,3669,3.711401,3.6692996,5.0,B08VJBG4Q5
pacmap,10000,3670,7.2002897,4.526918,5.0,B07RWCK6KX
pacmap,10000,3671,2.294653,3.4380658,4.0,B0C6L1SNTV
pacmap,10000,3672,-2.2476273,-7.5356627,1.0,B0BGRL2618
pacmap,10000,3673,4.4584126,3.1172452,5.0,B0B1QG1V5P
pacmap,10000,3674,-6.7074294,-4.811011,5.0,B0BJKGH183
pacmap,10000,3675,-1.5064807,4.3820615,5.0,B0BBF4N2FT
pacmap,10000,3676,-7.391682,-3.5086305,5.0,B09WCL9HRK
pacmap,10000,3677,1.2144899,-1.5924594,5.0,B08T6GN9GV
pacmap,10000,3678,1.3751206,3.4021013,5.0,B0895FSRBC
pacmap,10000,3679,-8.61498,-3.8059373,2.0,B092HSPZJ3
pacmap,10000,3680,1.2123764,4.002232,5.0,B0972FX87Z
pacmap,10000,3681,-1.1293154,-8.671165,5.0,B09NDHMLY3
pacmap,10000,3682,2.3822696,1.7471659,5.0,B08MV6Q6BJ
pacmap,10000,3683,0.99880403,1.0212089,1.0,B08D3CGWV6
pacmap,10000,3684,-0.94223005,5.438045,4.0,B08ZJKHX28
pacmap,10000,3685,2.0252938,4.23693,5.0,B07C3ZGG2P
pacmap,10000,3686,-0.46371883,5.577577,3.0,B00EY2Q1AS
pacmap,10000,3687,-1.088466,-8.35884,5.0,B0C5829XY7
pacmap,10000,3688,4.428632,4.1332126,5.0,B09TQZSZ51
pacmap,10000,3689,3.053753,3.7029698,5.0,B0836G48XD
pacmap,10000,3690,-2.9008648,-12.662558,5.0,B0851Z83VV
pacmap,10000,3691,2.4535933,7.9991417,5.0,B0C4Z5NQKJ
pacmap,10000,3692,2.1772058,-0.19284841,5.0,B00JVLLE7C
pacmap,10000,3693,-1.5989643,4.217511,5.0,B07WHTQW4X
pacmap,10000,3694,4.923336,0.15074328,1.0,B008I640HW
pacmap,10000,3695,5.66388,2.1067553,5.0,B075DHMSKQ
pacmap,10000,3696,3.374134,5.4115615,5.0,B07FT87W4X
pacmap,10000,3697,-2.3050754,1.0261066,5.0,B09NDHYLRH
pacmap,10000,3698,-3.2738926,-11.86199,5.0,B0B4PXG2H8
pacmap,10000,3699,2.3772507,-1.8204062,5.0,B01IEU7UZ0
pacmap,10000,3700,6.008161,1.350806,5.0,B019PZMVN4
pacmap,10000,3701,-2.3272207,9.045302,1.0,B00OPSSWO4
pacmap,10000,3702,-2.4105034,-12.568602,5.0,B0BRNTHSLP
pacmap,10000,3703,1.5573256,2.2090127,5.0,B0891V9KDC
pacmap,10000,3704,0.41223198,-7.558971,5.0,B00NNY1SNI
pacmap,10000,3705,-0.62103564,-10.9865675,1.0,B0BD7FN8K9
pacmap,10000,3706,-1.2732666,-8.159372,1.0,B09VDYNVKS
pacmap,10000,3707,-6.254861,7.6954126,5.0,B00CYX26BC
pacmap,10000,3708,-1.2231215,-4.159786,5.0,B08VWD7M67
pacmap,10000,3709,-6.102515,7.619997,3.0,B0BF7YTR5Q
pacmap,10000,3710,-3.1509151,-2.2177272,5.0,B0BRR8T4FH
pacmap,10000,3711,-3.1059272,-10.107966,3.0,B08RB1DBQY
pacmap,10000,3712,-3.602683,-11.452457,1.0,B08FX6FB1S
pacmap,10000,3713,-2.4533288,9.313166,5.0,B07YJ1RD3B
pacmap,10000,3714,-1.9308829,7.231574,5.0,B07N5ZPYFK
pacmap,10000,3715,-2.8374174,-11.834847,4.0,B07S764D9V
pacmap,10000,3716,5.188765,3.8391025,5.0,1891396722
pacmap,10000,3717,-0.6137935,-10.252099,5.0,B07PGGFFW8
pacmap,10000,3718,-2.325046,4.368538,5.0,B0BL3B12HK
pacmap,10000,3719,5.254531,2.4801755,5.0,B00DYQYLP2
pacmap,10000,3720,5.300217,1.8131818,5.0,B00CE8DUYY
pacmap,10000,3721,1.004165,19.95529,3.0,B07Q72SWTP
pacmap,10000,3722,6.065764,1.0827687,5.0,B07CZZM9J5
pacmap,10000,3723,-7.8550515,-3.5307002,5.0,B08698CM5W
pacmap,10000,3724,2.3542333,2.310177,5.0,B0BBV96SD7
pacmap,10000,3725,1.0369576,0.5769388,5.0,B07Z95LWK5
pacmap,10000,3726,-2.8157701,8.815241,5.0,B07SFLKCFN
pacmap,10000,3727,-7.318843,-5.27712,5.0,B07RGJYJS5
pacmap,10000,3728,0.7837469,-0.14634638,5.0,B00XIVH2LI
pacmap,10000,3729,-0.2700496,7.458278,5.0,B004B8QOWU
pacmap,10000,3730,-3.2876894,9.210128,5.0,B003DZ168E
pacmap,10000,3731,-2.2629335,8.725957,5.0,B004JXVOFE
pacmap,10000,3732,-2.4851258,-10.691814,5.0,B001PBWNOY
pacmap,10000,3733,9.825681,3.9943407,5.0,B0C1CMV4T7
pacmap,10000,3734,6.241561,2.4305432,5.0,B09ZH6PG3G
pacmap,10000,3735,18.853765,-1.5371643,4.0,B01GEGO6FS
pacmap,10000,3736,9.804382,3.9479504,5.0,B083NC7SCB
pacmap,10000,3737,18.852575,-1.5376006,5.0,B0BJ4VTSLC
pacmap,10000,3738,4.543433,2.836162,5.0,B08HSPKMKQ
pacmap,10000,3739,-2.2858973,0.59754753,5.0,B0831FDDK7
pacmap,10000,3740,3.638782,-0.8447275,4.0,B00E9MD700
pacmap,10000,3741,-5.8760915,-6.6805377,5.0,B09VXT3PC5
pacmap,10000,3742,17.37139,-1.6922902,5.0,B08CLNX58K
pacmap,10000,3743,1.7393904,-3.5330603,1.0,B0BHMVBV9M
pacmap,10000,3744,2.3166604,-0.53884065,5.0,B09WHR6NRB
pacmap,10000,3745,5.9312253,2.2879646,5.0,B07L1N4W4Y
pacmap,10000,3746,6.4648337,-2.2235274,1.0,B085ZZ243N
pacmap,10000,3747,5.957316,6.7689276,5.0,B0751HWFQY
pacmap,10000,3748,4.8423085,0.30716804,5.0,B078T633Q9
pacmap,10000,3749,-5.830886,-6.1361127,5.0,B07Z4PXXBS
pacmap,10000,3750,0.0801248,7.8497186,5.0,B0BX65VLJ9
pacmap,10000,3751,-8.22985,-4.8349214,1.0,B0BZ15FM42
pacmap,10000,3752,6.626142,3.1380036,5.0,B08M5YL7GW
pacmap,10000,3753,2.0376883,-9.026845,5.0,B07456BG8N
pacmap,10000,3754,5.607597,2.1327183,5.0,B01K8B8YA8
pacmap,10000,3755,1.4934618,-4.0957456,5.0,B00IF0JAIU
pacmap,10000,3756,-1.0293494,-8.358078,3.0,B09G9STJF6
pacmap,10000,3757,3.1996086,1.270741,4.0,B010BWYDYA
pacmap,10000,3758,3.1743803,3.3742285,5.0,B003SWLRLS
pacmap,10000,3759,7.886405,-0.12648025,5.0,B07KTYJ769
pacmap,10000,3760,-0.2047348,-8.873656,5.0,B09YGYC783
pacmap,10000,3761,0.23220962,-8.387649,5.0,B0BVBFPD2X
pacmap,10000,3762,0.9413245,2.189519,5.0,B083FFPJC1
pacmap,10000,3763,-1.9600749,-4.112761,5.0,B08L3C66BK
pacmap,10000,3764,-0.38319725,-4.7119126,4.0,B086VRY8GZ
pacmap,10000,3765,-7.878074,-5.6192727,5.0,B07VPBFW43
pacmap,10000,3766,4.30583,3.5743208,5.0,B07F4MYW5B
pacmap,10000,3767,-0.8684614,-4.410115,5.0,B07CHX3TNJ
pacmap,10000,3768,3.0387006,1.8809204,5.0,B07P374FF3
pacmap,10000,3769,4.878672,4.661426,5.0,B01FLSXRT6
pacmap,10000,3770,5.699665,4.587277,5.0,B09WDS7KLW
pacmap,10000,3771,-6.6855526,-4.4184523,5.0,B00EZMZULI
pacmap,10000,3772,0.12876129,7.8403687,5.0,B07BRQPVFZ
pacmap,10000,3773,0.26168713,8.605704,5.0,B007FG43R8
pacmap,10000,3774,2.7353,7.525548,5.0,B09NR95LFW
pacmap,10000,3775,-1.9651464,-2.6709218,5.0,B0BR3GJ3J9
pacmap,10000,3776,-3.6294773,-11.788505,4.0,B0BTY9GGP7
pacmap,10000,3777,1.2600988,6.4278812,5.0,B0BP6V5PHH
pacmap,10000,3778,-7.6315618,-5.2754245,3.0,B0BSFZXBPN
pacmap,10000,3779,-7.5765643,-4.7935967,3.0,B09NCXYHMV
pacmap,10000,3780,0.41342342,4.2611065,4.0,B09X5XJ9BT
pacmap,10000,3781,-3.2820053,-11.7190075,4.0,B0BB2GRZFG
pacmap,10000,3782,-7.932016,-3.8331003,4.0,B0B3XPTKJH
pacmap,10000,3783,0.8639363,-7.6859965,4.0,B09YHBRHC4
pacmap,10000,3784,-3.957915,-8.151675,4.0,B0B3D7FSMY
pacmap,10000,3785,-0.091642715,-9.548265,5.0,B09ZQSD516
pacmap,10000,3786,1.1152284,3.3905668,4.0,B09TP1XDL2
pacmap,10000,3787,-2.6392825,-2.3455265,5.0,B0B6RJW8FS
pacmap,10000,3788,-2.6755977,-2.3428264,5.0,B0BKKWQ983
pacmap,10000,3789,0.30468416,-0.36736503,4.0,B09VH12VJV
pacmap,10000,3790,2.3642335,7.727479,5.0,B09V5L1LRJ
pacmap,10000,3791,-2.0800867,4.262331,5.0,B09TXCQ1PM
pacmap,10000,3792,-7.6321697,-3.4614513,5.0,B09JBD923G
pacmap,10000,3793,0.016622767,-1.4830505,5.0,B09PVB4272
pacmap,10000,3794,-3.0021236,-11.839216,5.0,B09J31ZBB1
pacmap,10000,3795,-7.6674457,-3.4652882,5.0,B074DWW665
pacmap,10000,3796,-7.6079907,-5.083873,5.0,B09FJ84PGH
pacmap,10000,3797,1.0925024,6.461119,5.0,B09HXHQ1L1
pacmap,10000,3798,-7.385377,-3.5353656,5.0,B09M8991B5
pacmap,10000,3799,-2.6832788,-2.499343,5.0,B0BNQNLMVS
pacmap,10000,3800,-2.6050034,-2.419992,4.0,B09GFX6T6G
pacmap,10000,3801,1.8984458,7.822457,5.0,B09DKNYKCN
pacmap,10000,3802,-5.276786,-2.2073355,5.0,B09F5TF4TQ
pacmap,10000,3803,-5.1988773,-2.459495,4.0,B08NX53RV3
pacmap,10000,3804,-6.0803294,-6.233959,4.0,B08NV6PJW9
pacmap,10000,3805,2.4116547,7.8319907,5.0,B08SC8Q1H5
pacmap,10000,3806,2.336517,8.368729,4.0,B094CFZLPR
pacmap,10000,3807,-0.8674732,-10.18109,5.0,B08SW2BZ1P
pacmap,10000,3808,-0.7041896,-9.050411,5.0,B08LCZ6MS7
pacmap,10000,3809,-6.2560425,-6.3130054,5.0,B08B39FF2Z
pacmap,10000,3810,0.93057173,6.7860503,5.0,B086RQQCQ9
pacmap,10000,3811,-0.9246797,-9.315438,5.0,B0BR89N1H7
pacmap,10000,3812,-0.531133,5.1893425,5.0,B08B3KD42F
pacmap,10000,3813,-7.3388844,-5.2897816,5.0,B082T84YJQ
pacmap,10000,3814,-6.886621,-3.1900394,5.0,B07Q3CW9WM
pacmap,10000,3815,-5.749771,-2.2067413,5.0,B0859TMPHT
pacmap,10000,3816,3.759914,4.166405,4.0,B084ZYD2SN
pacmap,10000,3817,-0.14695835,5.5989423,5.0,B07ZH2WYV4
pacmap,10000,3818,-7.773366,-3.76678,3.0,B083ZBRKX9
pacmap,10000,3819,-2.3969612,-9.915493,5.0,B0C5MCNJKR
pacmap,10000,3820,-3.0996084,-11.728602,5.0,B09TS8ZL94
pacmap,10000,3821,-5.865896,-6.1263313,5.0,B095L8F33R
pacmap,10000,3822,2.541989,8.15051,5.0,B0C8Y7KTML
pacmap,10000,3823,2.4515612,8.103306,5.0,B07W7Y3KZK
pacmap,10000,3824,0.3782656,6.6417418,4.0,B08ZSSG82Y
pacmap,10000,3825,3.2530162,1.2872684,5.0,B07C7LN2W1
pacmap,10000,3826,-2.8957944,-9.561614,5.0,B07WC183S5
pacmap,10000,3827,0.9137143,6.238657,4.0,B07DCPKRL1
pacmap,10000,3828,1.340901,-0.19219832,5.0,B07799YR1F
pacmap,10000,3829,-1.3629925,-9.246351,3.0,B0BZRW4B7S
pacmap,10000,3830,-8.409324,-3.8042397,5.0,B09Z2B5KG2
pacmap,10000,3831,-6.7980328,-5.3971343,5.0,B0B6TPXW2C
pacmap,10000,3832,-4.9778576,-6.6578717,5.0,B00R124LAK
pacmap,10000,3833,2.3091674,7.762477,4.0,B07YFW6SKQ
pacmap,10000,3834,-7.049957,-4.1750517,5.0,B01HPADPCW
pacmap,10000,3835,-6.8053546,-5.8467393,5.0,B09797FV1F
pacmap,10000,3836,-6.087603,-1.0029707,5.0,B07YX2KPG7
pacmap,10000,3837,-6.9451346,1.9854327,5.0,B00419ZT4I
pacmap,10000,3838,-1.8592777,4.538388,4.0,B07Q1DPGWM
pacmap,10000,3839,2.423168,-8.966106,4.0,B07H65KP63
pacmap,10000,3840,3.6053033,2.159701,5.0,B01EJ5UV3C
pacmap,10000,3841,-3.438276,-11.307847,5.0,B07Y2C5M2X
pacmap,10000,3842,-1.1551386,-6.3240757,1.0,B00GVN0E3S
pacmap,10000,3843,-0.24559128,6.255335,3.0,B07M7NHRQG
pacmap,10000,3844,-1.3063109,4.206172,5.0,B002CQU14A
pacmap,10000,3845,-5.575872,1.1360116,5.0,B0BSFD74LD
pacmap,10000,3846,-8.1263895,-1.9930631,5.0,B07S7TK88B
pacmap,10000,3847,-8.334137,7.837466,4.0,B082M94GY9
pacmap,10000,3848,-5.716592,7.7235446,4.0,B00X5P8BJO
pacmap,10000,3849,-3.323985,-11.414872,5.0,B07YP9MNJV
pacmap,10000,3850,-8.013882,7.781809,4.0,B07538T649
pacmap,10000,3851,4.422895,1.7943578,5.0,B07LCSZFVZ
pacmap,10000,3852,6.5859766,2.8156977,1.0,B01MTF2Z37
pacmap,10000,3853,6.400054,-0.39832887,5.0,B002SEEC78
pacmap,10000,3854,-0.5598696,-9.781648,5.0,B07XJ2XC5V
pacmap,10000,3855,-2.9037697,-11.048296,5.0,B07YWG7NSN
pacmap,10000,3856,-5.9922285,2.7796583,5.0,B07SZ3N73V
pacmap,10000,3857,6.6606264,-1.1769097,5.0,B01L8LLP2G
pacmap,10000,3858,1.9133708,1.6244111,1.0,B07176FCQ5
pacmap,10000,3859,-1.8044267,1.5061117,5.0,B0C4KBLJHD
pacmap,10000,3860,3.6575491,-0.30220234,5.0,B0B67LVBL1
pacmap,10000,3861,3.6177576,2.1014545,5.0,B00E1CR7DQ
pacmap,10000,3862,-10.12467,-3.9815443,5.0,B0001FTVEK
pacmap,10000,3863,-0.6045835,-9.562992,5.0,B002PAR1FK
pacmap,10000,3864,3.9652586,1.1711705,5.0,B002ISZD2C
pacmap,10000,3865,4.36237,0.046170883,5.0,B00EDP03DW
pacmap,10000,3866,-0.43400437,2.1403813,1.0,B005CX9RKE
pacmap,10000,3867,-0.10392991,-1.11684,5.0,B000KKXRJQ
pacmap,10000,3868,-6.7951913,-4.5068626,1.0,B0C3M8B3MY
pacmap,10000,3869,-2.3770676,1.1778558,5.0,B06Y6HP2JN
pacmap,10000,3870,2.3975315,8.014577,5.0,B076Q5MP77
pacmap,10000,3871,1.8543751,3.74123,5.0,B0BTZDHJXY
pacmap,10000,3872,1.4838991,3.1287947,4.0,B07PXVTTP6
pacmap,10000,3873,6.6445537,1.0918269,5.0,B01EBI4N7C
pacmap,10000,3874,6.097084,2.9837031,2.0,B01IN26Z5A
pacmap,10000,3875,-0.7983775,-4.617542,1.0,B00U3FPN4U
pacmap,10000,3876,-1.6334716,8.585931,3.0,B076Q8F3KB
pacmap,10000,3877,-2.3661172,8.361973,3.0,B0725SDWHR
pacmap,10000,3878,2.5386074,-8.73526,5.0,B07KTYJ769
pacmap,10000,3879,0.71298313,-9.31756,5.0,B07HZLHPKP
pacmap,10000,3880,-0.67363614,-8.186377,5.0,B07BFRHZLB
pacmap,10000,3881,4.844254,1.7465028,5.0,B07W36WN5X
pacmap,10000,3882,5.201538,4.342158,5.0,B073QNQT43
pacmap,10000,3883,1.6156561,-0.52655727,5.0,B075X8471B
pacmap,10000,3884,3.8818655,4.8413315,5.0,B07PTZCDQG
pacmap,10000,3885,3.6527724,5.0221357,5.0,B07Q3B3CTC
pacmap,10000,3886,-0.9800941,-9.811832,5.0,B010BWYDYA
pacmap,10000,3887,3.458514,3.8363638,5.0,B016FQ0ODK
pacmap,10000,3888,9.861911,22.11776,5.0,B0B4NZ74H8
pacmap,10000,3889,-0.78752387,-9.138524,1.0,B08LPN41F4
pacmap,10000,3890,4.2032247,4.3198123,5.0,B09GBPVD27
pacmap,10000,3891,-8.552899,-3.7927687,5.0,B01DLNMD7A
pacmap,10000,3892,-1.9813561,6.279982,5.0,B07NQQ4FVK
pacmap,10000,3893,-0.6922982,-10.373243,5.0,B0B6WNTT91
pacmap,10000,3894,-0.40839717,-9.090176,5.0,B0BJ7QMYBF
pacmap,10000,3895,-8.338995,-4.158343,5.0,B08F4Z9KWP
pacmap,10000,3896,-0.9598679,-9.915991,5.0,B07FSXHVLN
pacmap,10000,3897,6.328344,2.607403,5.0,B07PRMHDGZ
pacmap,10000,3898,4.2207685,4.1042547,2.0,B077YDMN27
pacmap,10000,3899,9.379855,4.139956,5.0,B012CD5PIY
pacmap,10000,3900,-6.2073007,7.5776176,2.0,B08HSGZT6H
pacmap,10000,3901,1.7084497,-4.1098475,2.0,B0118SPFCK
pacmap,10000,3902,-6.28852,-5.3968725,3.0,B09W563Y2W
pacmap,10000,3903,-2.1810355,-4.0451674,3.0,B01LW4G71Y
pacmap,10000,3904,-0.5083961,-3.8022783,1.0,B075CF97SZ
pacmap,10000,3905,-3.3216698,-8.703811,2.0,B08Q2D3XR1
pacmap,10000,3906,1.7483456,-4.300416,3.0,B00IB8IVDQ
pacmap,10000,3907,-1.8450899,-6.0857882,5.0,B003L76BJS
pacmap,10000,3908,-1.1947916,-9.501795,3.0,B005VO7LG6
pacmap,10000,3909,-0.8809631,-10.049625,2.0,B005J7Y9B0
pacmap,10000,3910,0.957593,3.315381,5.0,B000RGD9PK
pacmap,10000,3911,-1.0196714,-10.587294,5.0,B008BWA0EK
pacmap,10000,3912,0.066847675,-7.5867524,4.0,B008EQSZ8Q
pacmap,10000,3913,0.06303598,-11.041786,4.0,B0BMQN7L6B
pacmap,10000,3914,-0.49253255,5.979291,5.0,B01D8OM0H0
pacmap,10000,3915,3.4958098,0.5459202,5.0,B00KCZTAI6
pacmap,10000,3916,4.721349,0.72683,1.0,B005VGOD4M
pacmap,10000,3917,-0.09287804,-6.052579,5.0,B00005N5X1
pacmap,10000,3918,1.456088,1.4653407,5.0,B01CZBOO2Q
pacmap,10000,3919,-6.9307275,1.3445239,5.0,B074CPK9SB
pacmap,10000,3920,0.59490246,8.414293,5.0,B07RLZ1KDY
pacmap,10000,3921,-6.4559145,-4.13217,5.0,B0000BYDKO
pacmap,10000,3922,-7.0074167,-2.935646,5.0,B086SBHXHV
pacmap,10000,3923,5.8472595,1.591515,5.0,B00XJ7QAC8
pacmap,10000,3924,7.662743,1.7859966,5.0,B06XKM77TP
pacmap,10000,3925,3.9965289,0.6971316,5.0,B00YBC936A
pacmap,10000,3926,6.8442802,0.95888495,5.0,B00IKMJOZC
pacmap,10000,3927,1.7956189,-4.016775,5.0,B0040IUI46
pacmap,10000,3928,-3.499605,9.194757,5.0,B01FU08V64
pacmap,10000,3929,1.0212414,1.3222382,5.0,B00XJ118WG
pacmap,10000,3930,-10.359727,-3.273538,5.0,B0063JAUR0
pacmap,10000,3931,-3.4420223,9.234868,5.0,B0051VVOB2
pacmap,10000,3932,-3.5262644,9.179972,5.0,B005KDYBXO
pacmap,10000,3933,-3.5143867,8.8475,5.0,B008RB6RYC
pacmap,10000,3934,1.8913312,2.8812542,5.0,B0013CED4I
pacmap,10000,3935,2.8565807,2.4626641,5.0,B0064L8Q1E
pacmap,10000,3936,2.0227582,2.447649,5.0,B075XLNFCL
pacmap,10000,3937,-7.264055,-4.4804487,5.0,B07LG4FYVR
pacmap,10000,3938,5.535866,0.38610253,5.0,B08C5FX1BB
pacmap,10000,3939,-1.9705244,0.71818924,4.0,B07VNQVL37
pacmap,10000,3940,-0.87666804,-7.9414263,5.0,B017KUN1HG
pacmap,10000,3941,2.042599,5.853306,4.0,B07J38VMPN
pacmap,10000,3942,0.9197645,-0.8313955,5.0,B08S55D31N
pacmap,10000,3943,19.000586,-1.5218551,5.0,B07MC5P85F
pacmap,10000,3944,-0.24279027,-9.859584,5.0,B08XHFK5SZ
pacmap,10000,3945,2.8081837,1.9911885,5.0,B07YFD37SF
pacmap,10000,3946,4.9971247,2.1667945,5.0,B092DD5L2V
pacmap,10000,3947,-7.309701,-3.6545718,5.0,B07GL6S731
pacmap,10000,3948,-1.2800505,-8.1808195,5.0,B00LZRRAY6
pacmap,10000,3949,4.154627,2.5043657,5.0,B018PZHB26
pacmap,10000,3950,1.9327254,-0.8717169,5.0,B08BF4CZSV
pacmap,10000,3951,1.5766855,2.1143608,5.0,B0C8SCDNGK
pacmap,10000,3952,-0.07198423,1.3054856,3.0,B002RD7452
pacmap,10000,3953,8.47901,-2.9801452,5.0,B09F5BLMVR
pacmap,10000,3954,5.5642967,-0.43593264,5.0,B09JQLTLG3
pacmap,10000,3955,6.153751,1.8101443,5.0,B07VKJKWP1
pacmap,10000,3956,5.6566186,3.995315,5.0,B075V2W6B2
pacmap,10000,3957,2.7638073,7.8129125,5.0,B071CRMDS4
pacmap,10000,3958,0.40875846,0.13829935,5.0,B072QLXK2T
pacmap,10000,3959,2.6003137,4.8281355,5.0,B0851B3K9T
pacmap,10000,3960,1.7812701,0.6890971,5.0,B07L48NDCH
pacmap,10000,3961,0.80853766,-1.7971275,1.0,B08KGSZKCT
pacmap,10000,3962,-1.1693497,-1.4873762,5.0,B083ZJYDRV
pacmap,10000,3963,-5.599917,3.3305418,4.0,B07J245KLY
pacmap,10000,3964,4.0274434,0.5127204,1.0,B08WJSHSLC
pacmap,10000,3965,-8.034941,-5.4391756,5.0,B09MKBDFZK
pacmap,10000,3966,0.09329021,-5.8517127,5.0,B0791TX5P5
pacmap,10000,3967,1.2594975,-9.1584215,5.0,B01DFKC6CQ
pacmap,10000,3968,-5.7327204,4.144689,3.0,B01HAQBIVG
pacmap,10000,3969,-0.341913,-4.823818,5.0,B075X8471B
pacmap,10000,3970,-6.443171,1.7418544,5.0,B0BJW2XLMR
pacmap,10000,3971,0.028745458,-7.9455595,5.0,B09718NNFN
pacmap,10000,3972,1.8269424,-2.565621,1.0,B092WHC7C1
pacmap,10000,3973,0.023682496,-8.775923,5.0,B077RV2H31
pacmap,10000,3974,5.995262,0.98340744,5.0,B00WIF2T7C
pacmap,10000,3975,2.0780833,4.805591,4.0,B0C2YLQJYK
pacmap,10000,3976,-0.3841017,-4.5143967,4.0,B09LTYP9P5
pacmap,10000,3977,-0.7632896,-4.3120694,5.0,B0B148JDG2
pacmap,10000,3978,-6.9115677,-4.057715,5.0,B0C8J2WHVR
pacmap,10000,3979,-2.9379432,-8.190982,5.0,B0B57RY228
pacmap,10000,3980,1.129087,-3.7907383,5.0,B0C3NMZ2C7
pacmap,10000,3981,-3.7883022,9.304791,5.0,B09F81Q875
pacmap,10000,3982,-5.6206884,-6.006839,5.0,B0BZT5JSTV
pacmap,10000,3983,-1.4684608,-9.0401125,5.0,B0B3ZKBJ8V
pacmap,10000,3984,-1.7650388,-9.511218,5.0,B09XNQQC8J
pacmap,10000,3985,-4.404476,-4.924075,5.0,B0C1ZYD3YQ
pacmap,10000,3986,-1.947767,-10.317843,5.0,B09WD35WWZ
pacmap,10000,3987,-6.0861998,-6.2324476,5.0,B09PWGV7GC
pacmap,10000,3988,-6.1955943,-3.7444196,5.0,B098XPKHY8
pacmap,10000,3989,3.4647179,4.1265173,5.0,B08JTMXXL6
pacmap,10000,3990,-8.929471,-3.5613441,4.0,B09NRKZVDC
pacmap,10000,3991,-0.3533502,5.015084,5.0,B009SKN5DC
pacmap,10000,3992,-2.134776,4.51363,5.0,B0BG7KP5L4
pacmap,10000,3993,0.8400902,3.6717353,5.0,B099YQ926V
pacmap,10000,3994,-7.9961624,7.6159678,5.0,B08P6PL5R3
pacmap,10000,3995,-8.175052,7.713015,5.0,B0BWBC2GLD
pacmap,10000,3996,-2.1095784,-4.2023787,4.0,B0BLHNNSGG
pacmap,10000,3997,-2.982579,-11.570448,5.0,B09D4LQTYD
pacmap,10000,3998,-7.473441,-5.7828426,5.0,B08L883DQ5
pacmap,10000,3999,-7.5830793,-2.962332,5.0,B0922LNFT3
pacmap,10000,4000,-10.049422,-3.6991608,4.0,B08L6HPFCR
pacmap,10000,4001,-1.5030605,8.073268,4.0,B082W1GHY6
pacmap,10000,4002,3.6186955,2.3949974,5.0,B07YLMJZXB
pacmap,10000,4003,-7.871336,-3.2970133,4.0,B087LWC6BM
pacmap,10000,4004,-2.8297098,-10.6482115,5.0,B09V3W5XFY
pacmap,10000,4005,-0.65291977,1.1096652,4.0,B0BSTPV9HY
pacmap,10000,4006,-7.2233315,-3.4882786,4.0,B087M428L1
pacmap,10000,4007,2.6711655,7.22101,5.0,B081LBFY9D
pacmap,10000,4008,-0.6457462,2.4428031,3.0,B0813DY3FY
pacmap,10000,4009,-0.7848386,3.4537818,5.0,B088GT45PY
pacmap,10000,4010,-7.0806117,-3.6572058,3.0,B07HKFG85D
pacmap,10000,4011,2.2443044,8.077165,5.0,B0974WBDVS
pacmap,10000,4012,2.246247,8.080138,4.0,B07ZB12C8G
pacmap,10000,4013,0.586852,-9.368454,5.0,B07XYQS9TP
pacmap,10000,4014,-1.2993652,8.444366,5.0,B07X54PV85
pacmap,10000,4015,2.4934137,3.2100034,4.0,B0BMQ999F8
pacmap,10000,4016,-4.078027,-2.8142507,3.0,B0BN4PNNBH
pacmap,10000,4017,-3.3320432,-10.197285,1.0,B07CB24GSV
pacmap,10000,4018,-7.058046,1.0455471,4.0,B07K51MHPF
pacmap,10000,4019,-7.5889153,-3.5519822,5.0,B07VJMBRVQ
pacmap,10000,4020,-3.1514668,-11.555465,1.0,B07KZZZ3JL
pacmap,10000,4021,3.6209188,1.6543195,5.0,B07D33RMRN
pacmap,10000,4022,0.19757831,21.091085,5.0,B07C64VJNB
pacmap,10000,4023,-5.1297636,-2.507403,5.0,B07Z9ZYJ5Q
pacmap,10000,4024,-4.0060897,-4.3206863,5.0,B0BWSB1W9D
pacmap,10000,4025,-3.6947784,-12.603493,4.0,B07G8N2V9V
pacmap,10000,4026,-7.137174,1.5513428,4.0,B08JZ4YSNR
pacmap,10000,4027,-5.92273,-2.0939853,5.0,B07CWT66DG
pacmap,10000,4028,-7.005563,-5.895599,5.0,B07DWD3NNP
pacmap,10000,4029,1.240113,-9.063113,5.0,B07H7DRWJN
pacmap,10000,4030,-6.2381625,-1.2255408,4.0,B018LWTYGO
pacmap,10000,4031,0.089437656,3.14731,4.0,B07BHGK4MC
pacmap,10000,4032,-3.6427472,-12.57116,5.0,B07DBY9H6X
pacmap,10000,4033,1.7295992,-4.306602,3.0,B079S3NVV4
pacmap,10000,4034,-2.5638137,0.31019178,3.0,B071HN7FB4
pacmap,10000,4035,1.4904599,7.892759,5.0,B07CWJ8MM1
pacmap,10000,4036,-0.7896079,-9.8718405,5.0,B00X69BZPG
pacmap,10000,4037,-1.9500709,-11.228927,5.0,B077378YSS
pacmap,10000,4038,-2.5767343,-8.639634,5.0,B0C7KLM8L2
pacmap,10000,4039,-3.0766284,-12.191571,5.0,B074F3YW3R
pacmap,10000,4040,-3.0597317,-11.530088,3.0,B0747QMY9B
pacmap,10000,4041,3.0286343,2.5002966,5.0,B071QWMTST
pacmap,10000,4042,0.68403226,1.470398,5.0,B07319K943
pacmap,10000,4043,2.157326,8.024579,5.0,B071W8TY6H
pacmap,10000,4044,-5.471529,-2.1384592,5.0,B09RXJHHX7
pacmap,10000,4045,-8.054342,-3.745184,5.0,B0BHTS96ZL
pacmap,10000,4046,-2.6608813,-9.743031,5.0,B01MSZSL4I
pacmap,10000,4047,-0.99847496,-8.419327,2.0,B018PQPALY
pacmap,10000,4048,2.2627063,7.8297086,4.0,B01ER4AZ9A
pacmap,10000,4049,-7.3992324,-5.5037622,5.0,B07JMFQTC5
pacmap,10000,4050,-1.0564055,8.408756,5.0,B0167G90D8
pacmap,10000,4051,-0.7556011,8.372851,5.0,B0C15Q5H7H
pacmap,10000,4052,-3.148744,8.249986,5.0,B01D3NROZE
pacmap,10000,4053,-1.933842,7.101519,5.0,B00S74HGMG
pacmap,10000,4054,0.6993097,0.078307435,4.0,B01DPGPOTC
pacmap,10000,4055,2.1590815,7.8005033,4.0,B06WRRWQDB
pacmap,10000,4056,-5.894735,-4.571226,5.0,B0000CCQKV
pacmap,10000,4057,-5.653689,-5.3292594,5.0,B00RM11QHG
pacmap,10000,4058,1.8620005,8.374309,5.0,B071LP2ZRC
pacmap,10000,4059,4.4165883,3.7058845,5.0,B07L6JJDCG
pacmap,10000,4060,-1.7358859,2.5251806,5.0,B00F4A7A1I
pacmap,10000,4061,-0.63496554,-4.277103,5.0,B00BUCLVZU
pacmap,10000,4062,-9.096619,-4.0748854,5.0,B00GJKW4YA
pacmap,10000,4063,-2.387841,-12.318966,5.0,B01L1FEJ6S
pacmap,10000,4064,-1.0256346,-10.061906,5.0,B00PJOPF98
pacmap,10000,4065,-2.1657426,-10.040216,5.0,B00LSYHLR2
pacmap,10000,4066,-2.9021115,-11.742337,5.0,B00M58CMYC
pacmap,10000,4067,-1.9130107,-9.216438,5.0,B004I408OW
pacmap,10000,4068,2.1826472,7.931017,5.0,B00LGN7Y3G
pacmap,10000,4069,-0.49618784,-10.229436,4.0,B00IG54NXG
pacmap,10000,4070,-1.6244009,-9.326745,5.0,B00J3O9YRY
pacmap,10000,4071,-1.2076099,-9.85332,5.0,B00FRKOFIQ
pacmap,10000,4072,-1.3022022,-9.436744,5.0,B00XI6A46I
pacmap,10000,4073,-1.1588156,-3.9388993,5.0,B00IAKLM54
pacmap,10000,4074,-10.378887,-3.4217517,5.0,B006DTXIHE
pacmap,10000,4075,-0.072853684,7.906848,5.0,B00CB7T52O
pacmap,10000,4076,-7.03355,2.0571525,3.0,B00CWLYLWS
pacmap,10000,4077,-1.1203132,-10.500936,5.0,B00A0JUO1Q
pacmap,10000,4078,-3.2191455,-11.8566675,5.0,B00CD1FB26
pacmap,10000,4079,2.0868816,1.1100255,3.0,B004M3EL3S
pacmap,10000,4080,-0.7300859,-9.207687,3.0,B004I8WH9M
pacmap,10000,4081,2.407828,4.198962,3.0,B002COJEOU
pacmap,10000,4082,-7.7773294,-4.6433206,4.0,B007R9CTE2
pacmap,10000,4083,-1.1008943,8.315741,5.0,B009T0NLYO
pacmap,10000,4084,0.6614341,3.08627,5.0,B00NTRMUYU
pacmap,10000,4085,-5.8530517,7.6413536,5.0,B007X3VEC0
pacmap,10000,4086,-1.3643534,8.54108,3.0,B008MF48J4
pacmap,10000,4087,-3.8558793,9.153296,5.0,B007OZNUCE
pacmap,10000,4088,3.1307242,4.3955894,5.0,B0BTJBQC91
pacmap,10000,4089,-1.72672,-8.615286,5.0,B001F7AHOG
pacmap,10000,4090,1.7408456,-4.538012,5.0,B001769K3O
pacmap,10000,4091,-2.4575715,1.7367257,4.0,B0084Y96FE
pacmap,10000,4092,-7.9704328,-2.3330684,5.0,B0B4QS4F25
pacmap,10000,4093,-10.006191,-3.6236439,4.0,B004NSUMTO
pacmap,10000,4094,-5.804543,-0.411382,5.0,B00109Y2DQ
pacmap,10000,4095,-0.9415174,6.8947797,4.0,B003CFB1AS
pacmap,10000,4096,-1.3307008,-4.8009386,5.0,B002ONSRA6
pacmap,10000,4097,-1.4103434,-4.585099,3.0,B004MSGEOC
pacmap,10000,4098,-0.6235856,-4.863317,5.0,B005TI1ILS
pacmap,10000,4099,-1.8665395,-3.8175242,5.0,B004NP1E9E
pacmap,10000,4100,-2.9405067,9.052294,5.0,B01M0MT6BT
pacmap,10000,4101,-2.9383876,9.131603,5.0,B0057WTEWQ
pacmap,10000,4102,-2.9262266,-3.2524278,5.0,B004SBCF4Q
pacmap,10000,4103,-1.3807429,6.3378034,5.0,B004JWA70I
pacmap,10000,4104,-3.4520705,9.129396,5.0,B074D5QYPN
pacmap,10000,4105,-3.650445,9.300892,5.0,B004HFS6Z0
pacmap,10000,4106,0.9314057,-0.49887544,5.0,B003VD1CVY
pacmap,10000,4107,-2.8633404,1.443016,5.0,B003WQAIJC
pacmap,10000,4108,-1.2010814,8.410655,4.0,B07PR21291
pacmap,10000,4109,2.3380013,7.7004485,5.0,B004JMZPJQ
pacmap,10000,4110,1.2722963,7.400861,5.0,B004BQTTE2
pacmap,10000,4111,-1.0468465,-9.414189,5.0,B003JQLPYC
pacmap,10000,4112,-2.3118024,4.7129264,5.0,B003H4QV22
pacmap,10000,4113,-1.1711448,-10.449323,5.0,B003UYU16G
pacmap,10000,4114,-1.9184804,-0.17774266,4.0,B002XN7C6W
pacmap,10000,4115,-6.66301,1.2482405,5.0,B003SHMKHS
pacmap,10000,4116,-7.38553,-3.3793437,5.0,B07YFD37SF
pacmap,10000,4117,-0.47108486,-4.10637,5.0,B0018O77Q2
pacmap,10000,4118,1.7113862,7.4012995,5.0,B001TZQITM
pacmap,10000,4119,-2.9238565,-11.383039,3.0,B0002QLQ96
pacmap,10000,4120,-1.7250926,-9.002718,5.0,B00E57BSMI
pacmap,10000,4121,-1.116054,-3.8852065,2.0,B002IC0YLS
pacmap,10000,4122,-2.6895585,1.8222069,3.0,B001Q3M9D6
pacmap,10000,4123,-1.7697194,-4.8634686,5.0,B001TOD7MO
pacmap,10000,4124,-0.92007184,-3.702891,4.0,B002IC0YL8
pacmap,10000,4125,-3.4324453,1.1457684,3.0,B001OQC0JS
pacmap,10000,4126,-2.1148663,-8.483678,5.0,B0007LI13U
pacmap,10000,4127,1.4479678,-2.7232409,4.0,B001C1MGKI
pacmap,10000,4128,-0.48953658,-4.5571527,5.0,B000ER5G6C
pacmap,10000,4129,-7.816787,-3.233571,5.0,B0006Q3B2W
pacmap,10000,4130,-1.1108011,-3.860444,5.0,B00093IIRA
pacmap,10000,4131,-2.7422628,1.5324458,4.0,B0019MOKYA
pacmap,10000,4132,-1.8998885,-9.060788,4.0,B000H0QIRC
pacmap,10000,4133,-3.9427488,7.721697,5.0,B08J9NQ6CS
pacmap,10000,4134,10.320016,4.8325424,4.0,B082T7HDGT
pacmap,10000,4135,8.517577,4.036054,4.0,B07KJ6GDGN
pacmap,10000,4136,0.14035004,-11.039233,5.0,B088CTT6KZ
pacmap,10000,4137,6.3530593,3.1758416,1.0,B07KXVLRHG
pacmap,10000,4138,-7.367235,-3.3266444,5.0,B08RMVG7BY
pacmap,10000,4139,-7.6634803,-3.2601876,5.0,B0BCPC68J6
pacmap,10000,4140,1.1096256,19.793636,4.0,B0757LCDD5
pacmap,10000,4141,-7.829061,-4.387143,5.0,B0B12PXQYM
pacmap,10000,4142,0.29932928,1.6027573,5.0,B00FES2TU2
pacmap,10000,4143,-3.562235,-12.017822,5.0,B001S0PX1M
pacmap,10000,4144,-10.351721,-4.026948,5.0,B005PCPI82
pacmap,10000,4145,-8.198141,7.713498,5.0,B005DION7U
pacmap,10000,4146,-5.2364287,-5.8253794,5.0,B076GVVB6R
pacmap,10000,4147,-3.0996,-12.386385,4.0,B0753CSBW1
pacmap,10000,4148,-0.5713238,-10.98426,5.0,B008F2YEN4
pacmap,10000,4149,2.168595,1.2732879,5.0,B0B24GTQ9G
pacmap,10000,4150,-1.5759935,-11.574019,5.0,B00AZFMOS6
pacmap,10000,4151,0.027918521,6.343335,5.0,B00WH2TB1S
pacmap,10000,4152,-2.250227,-9.955798,5.0,B0046EDOWW
pacmap,10000,4153,-3.3086617,1.0355284,5.0,B077HGQ44Q
pacmap,10000,4154,2.048251,-2.211219,1.0,B00E9MD700
pacmap,10000,4155,-6.0981436,7.5575356,1.0,B09FLGDRMZ
pacmap,10000,4156,-3.0576053,-11.429668,3.0,B0B4DPLGHQ
pacmap,10000,4157,-2.7827873,-11.992226,2.0,B08KR8CRQP
pacmap,10000,4158,5.2828345,1.5915772,5.0,B09DGFHKNC
pacmap,10000,4159,4.8922696,1.8770401,2.0,B0BWLWDLPF
pacmap,10000,4160,-0.6982055,-9.75178,4.0,B08M9DXY4P
pacmap,10000,4161,0.30340773,8.120509,1.0,B06XSW5JRZ
pacmap,10000,4162,-10.443295,-3.4561222,5.0,B0B21DKG75
pacmap,10000,4163,5.2441716,2.0145588,3.0,B00D23LYW0
pacmap,10000,4164,5.4449706,2.4059894,5.0,B0194TXW4I
pacmap,10000,4165,1.486107,-1.4600296,5.0,B08D3LP9W4
pacmap,10000,4166,5.466831,0.92255205,5.0,B07QC4WZFZ
pacmap,10000,4167,1.6143457,0.74286157,5.0,B0002F67N2
pacmap,10000,4168,-0.152184,2.3938832,5.0,B0BP9Z1LB5
pacmap,10000,4169,-2.0837615,-8.943351,5.0,B0791TX5P5
pacmap,10000,4170,-2.3516674,1.5686041,5.0,B0BPMLRQHQ
pacmap,10000,4171,6.5070357,3.8129706,5.0,B07H65KP63
pacmap,10000,4172,2.6593688,-8.79671,5.0,B07KTYJ769
pacmap,10000,4173,2.5797353,5.451784,5.0,B093K8HLJZ
pacmap,10000,4174,-3.619492,9.052908,5.0,B07J2FGZSM
pacmap,10000,4175,-0.564976,0.46860105,4.0,B00OQVZDJM
pacmap,10000,4176,5.793389,3.0312877,3.0,B00ZXB1US2
pacmap,10000,4177,4.1760774,2.0929332,3.0,B01N0H8WUZ
pacmap,10000,4178,2.2982829,3.2961679,5.0,B07SNQLZD4
pacmap,10000,4179,-2.7553203,-12.297586,4.0,B07VQLT75P
pacmap,10000,4180,4.23889,3.1862192,5.0,B09SGKSD4P
pacmap,10000,4181,0.8105458,-0.40018222,2.0,B00RCSU7OW
pacmap,10000,4182,-2.562734,-11.83336,5.0,B000MUXVYK
pacmap,10000,4183,3.4371223,1.6258485,5.0,B07WZSTQD9
pacmap,10000,4184,-1.2590617,-7.248654,5.0,B00HPMCO4Q
pacmap,10000,4185,-1.4425349,4.3195996,5.0,B0012BL8LG
pacmap,10000,4186,9.196463,4.0549216,5.0,B00L3KSP08
pacmap,10000,4187,-0.3787402,-3.3419394,3.0,B095YT1C6M
pacmap,10000,4188,-0.08574753,-11.361151,5.0,B07XV3GGRX
pacmap,10000,4189,-2.236738,1.1750784,4.0,B071GGB84Y
pacmap,10000,4190,-5.407349,-5.76227,5.0,B075KP9XHS
pacmap,10000,4191,-5.2995825,-5.747132,4.0,B07GVWH35S
pacmap,10000,4192,-0.41201958,-5.3062506,4.0,B00ND5UOFU
pacmap,10000,4193,-1.2607794,-3.7221615,4.0,B00LD3Q56G
pacmap,10000,4194,-4.7806396,-6.388419,5.0,B000E1PXJS
pacmap,10000,4195,-5.5243945,-2.228567,4.0,B007R9RUPU
pacmap,10000,4196,4.999353,1.642162,5.0,B01M0GB8CC
pacmap,10000,4197,4.8722982,1.7638417,1.0,B0C211KFK4
pacmap,10000,4198,0.95009875,0.5209922,5.0,B07GZFM1ZM
pacmap,10000,4199,6.334586,-1.2222621,5.0,B07KJ6GDGN
pacmap,10000,4200,-2.3752475,2.1718223,5.0,B01DKOFZVQ
pacmap,10000,4201,-1.8934073,2.402558,3.0,B00GMCLLYE
pacmap,10000,4202,-5.4931016,-5.795463,5.0,B0BHWQ3H17
pacmap,10000,4203,-5.5598235,-5.6716113,5.0,B0819PCPBV
pacmap,10000,4204,5.3004055,0.6154764,4.0,B00RELNQXG
pacmap,10000,4205,-9.095329,-3.4337678,5.0,B010JKMO7W
pacmap,10000,4206,-2.9742374,-11.303675,5.0,B01M9AWXJO
pacmap,10000,4207,-0.81705797,-3.45326,4.0,B00BII1156
pacmap,10000,4208,-0.81065,-3.6915438,5.0,B0B58ZK8CZ
pacmap,10000,4209,-6.6729374,-4.4776497,3.0,B071WW5M69
pacmap,10000,4210,4.778856,2.646666,2.0,B07DWXL8GD
pacmap,10000,4211,2.905686,0.5239812,1.0,B008RSH6NG
pacmap,10000,4212,-1.3713843,8.353677,5.0,B07X3GQT7V
pacmap,10000,4213,-3.395765,-11.522799,1.0,B07PYLT6DN
pacmap,10000,4214,-1.5354952,-4.1691127,1.0,B07XNXQCZ2
pacmap,10000,4215,2.907806,4.101529,5.0,B071K5BQPF
pacmap,10000,4216,2.210221,8.206663,5.0,B07J3FMTJ4
pacmap,10000,4217,-6.800459,-4.186865,1.0,B01MYT9D96
pacmap,10000,4218,0.3043703,6.544524,5.0,B00WHT67YA
pacmap,10000,4219,-7.375378,-3.4524539,2.0,B084CZJK7H
pacmap,10000,4220,-0.5878153,-4.0431976,5.0,B075X8471B
pacmap,10000,4221,6.1501594,0.8567404,5.0,B0153WUOXM
pacmap,10000,4222,0.20365945,-7.479067,2.0,B0C1N6CWVL
pacmap,10000,4223,-1.0277135,-9.652983,1.0,B07S4MFN8Z
pacmap,10000,4224,-0.886552,-3.7131164,5.0,B078T633Q9
pacmap,10000,4225,-0.46425813,-4.854521,5.0,B08WJSHSLC
pacmap,10000,4226,-1.1161039,-4.06778,5.0,B0791TX5P5
pacmap,10000,4227,-0.7992958,-4.909121,5.0,B075X8471B
pacmap,10000,4228,2.546876,-8.772936,5.0,B01BRWH8G8
pacmap,10000,4229,-0.75994724,-9.465031,5.0,B01K8B8YA8
pacmap,10000,4230,-2.4593558,1.3244107,5.0,B00QFY4JRA
pacmap,10000,4231,-6.860383,-4.6820126,3.0,B0774TF8WY
pacmap,10000,4232,5.8638263,3.2076385,5.0,B07GP2ZDQ8
pacmap,10000,4233,3.9468367,0.64532876,5.0,B01MZ8ZU42
pacmap,10000,4234,4.5165443,1.273639,5.0,B07CKQY7RN
pacmap,10000,4235,-0.084957965,-10.926408,5.0,B01D4HTIOY
pacmap,10000,4236,1.2140696,3.0489588,5.0,B08H1SR1B3
pacmap,10000,4237,7.5230184,0.039526906,5.0,B09ZTW2DJJ
pacmap,10000,4238,-2.6866064,-11.817376,5.0,B07YY1DCHG
pacmap,10000,4239,2.2446828,4.0541296,5.0,B08VRLPWQL
pacmap,10000,4240,-2.8278246,-12.252055,4.0,B0858N128P
pacmap,10000,4241,-7.5411777,-5.1570745,5.0,B08DXJB77C
pacmap,10000,4242,4.752721,2.246544,5.0,B08RD8K7ZG
pacmap,10000,4243,4.077521,2.4469757,5.0,B087R7MNBQ
pacmap,10000,4244,-3.3035827,-11.513726,1.0,B07TGTSKSH
pacmap,10000,4245,4.956128,4.2060256,5.0,B0BJVP51YS
pacmap,10000,4246,-0.7237525,-3.2403147,5.0,B07TH2CYNT
pacmap,10000,4247,-1.1222016,7.868027,5.0,B099ZTR1GJ
pacmap,10000,4248,2.9482234,3.0953135,2.0,B07S764D9V
pacmap,10000,4249,3.1197295,-0.33371627,1.0,B016UCB7G2
pacmap,10000,4250,4.3969517,0.3810315,5.0,B01M7VOJFW
pacmap,10000,4251,-1.7918537,4.9155903,2.0,B000HVHYJW
pacmap,10000,4252,1.9725926,2.9592068,1.0,B0C211KFK4
pacmap,10000,4253,-2.142607,-8.914507,5.0,B09W4XDQ9Q
pacmap,10000,4254,3.1541412,0.8499293,5.0,B0C6ML153J
pacmap,10000,4255,-6.453987,7.600534,5.0,B01AOODE18
pacmap,10000,4256,2.689732,3.5297835,3.0,B00006IAGZ
pacmap,10000,4257,4.5262585,2.5016556,3.0,B00L0YLRUW
pacmap,10000,4258,-0.7983694,-2.868423,5.0,B00P8D9N52
pacmap,10000,4259,6.6526256,2.2450762,5.0,B07PHQ93TV
pacmap,10000,4260,0.24320318,0.5860939,5.0,B003VAGXZC
pacmap,10000,4261,3.461414,2.4546793,5.0,B07GPGVYGX
pacmap,10000,4262,1.3379781,0.9298749,5.0,B09YVLCHCH
pacmap,10000,4263,4.7185993,4.686017,5.0,B07KPCRBTL
pacmap,10000,4264,-7.8339663,-5.335573,1.0,B009XHC70W
pacmap,10000,4265,1.3311741,1.0371084,2.0,B08GWV46QP
pacmap,10000,4266,-2.9034123,8.289061,5.0,B09RH3B1YG
pacmap,10000,4267,-1.7102035,8.157604,5.0,B07CYG62HB
pacmap,10000,4268,-3.4265823,-11.24919,1.0,B013ZR5KJU
pacmap,10000,4269,4.6741886,1.9973328,3.0,B01LX3FJ8X
pacmap,10000,4270,0.06370771,-3.2674468,3.0,B086VR9J8Q
pacmap,10000,4271,0.52339846,-6.2778234,5.0,B07GZFM1ZM
pacmap,10000,4272,5.1053247,1.3788825,2.0,B0BS2TMK39
pacmap,10000,4273,-6.635368,6.6469927,5.0,B003VAGXZC
pacmap,10000,4274,4.1821012,0.7873966,2.0,B0B5R4Z5WH
pacmap,10000,4275,-1.3884406,7.8164997,4.0,B07NPGGFYJ
pacmap,10000,4276,1.1379904,-0.3168064,4.0,B07N8VFFNS
pacmap,10000,4277,1.4361078,-4.171194,5.0,B074TC662N
pacmap,10000,4278,18.937946,-1.5291344,5.0,B0791TX5P5
pacmap,10000,4279,-2.2423089,-12.655149,5.0,B073S582XZ
pacmap,10000,4280,2.4051392,-8.861671,1.0,B07H65KP63
pacmap,10000,4281,-1.7469611,8.601317,5.0,B07HQH7M9T
pacmap,10000,4282,-3.9748445,7.4291415,5.0,B07F4P3JH7
pacmap,10000,4283,2.6935189,7.369178,5.0,B09NW99FDL
pacmap,10000,4284,-2.6291864,7.112177,5.0,B09FXTQ32M
pacmap,10000,4285,0.09443608,2.009147,3.0,B0C1Z6K266
pacmap,10000,4286,-2.6673093,-12.174002,5.0,B0B2K1C5TG
pacmap,10000,4287,-0.3884119,1.4972705,5.0,B08R5WKLD8
pacmap,10000,4288,-6.7953253,7.6668267,4.0,B08ZC74KH9
pacmap,10000,4289,-1.6746811,2.4802055,5.0,B08FT8LKHC
pacmap,10000,4290,-0.9305301,-11.407614,4.0,B08SQ8QNPW
pacmap,10000,4291,-2.4563184,-9.366595,4.0,B087CGPX49
pacmap,10000,4292,-2.9478369,1.3834039,4.0,B0BHT61RNB
pacmap,10000,4293,-2.5986757,1.3126459,3.0,B07KR82DHG
pacmap,10000,4294,0.697867,2.8110886,5.0,B000VL21KU
pacmap,10000,4295,0.26758897,1.2330265,2.0,B07K2ZHN9C
pacmap,10000,4296,-3.5756497,-5.5790935,1.0,B07JGT5HCW
pacmap,10000,4297,1.7764517,7.467587,4.0,B07K9F16YG
pacmap,10000,4298,-2.470531,1.357561,2.0,B07DLTYC6S
pacmap,10000,4299,-3.0237362,-12.282413,5.0,B07K8XPS7J
pacmap,10000,4300,-3.4203045,-12.331067,5.0,B083MMMKV5
pacmap,10000,4301,-2.5590785,1.2083247,5.0,B088W1VYR5
pacmap,10000,4302,-2.2148933,-3.311786,4.0,B09HVB9XJ7
pacmap,10000,4303,0.16405773,21.162743,4.0,B07B4915CX
pacmap,10000,4304,-5.2240076,-6.5276012,5.0,B07PYHMYWV
pacmap,10000,4305,0.088904984,-9.099731,4.0,B07FLH7VLQ
pacmap,10000,4306,-2.6967955,-12.074636,5.0,B07FC9BNQL
pacmap,10000,4307,2.5742962,7.9034,5.0,B07FP3LY47
pacmap,10000,4308,-0.5113412,1.9385154,5.0,B07JYZRZ3F
pacmap,10000,4309,-5.119646,7.3268995,2.0,B07B8QMNMV
pacmap,10000,4310,-1.6477793,2.4304986,3.0,B01NGTX7X8
pacmap,10000,4311,1.6985832,7.7753215,5.0,B07CSPD27K
pacmap,10000,4312,2.7332215,6.979959,4.0,B01M6C9CC3
pacmap,10000,4313,-1.1167188,9.143037,5.0,B071QWFRFG
pacmap,10000,4314,2.4185154,8.112844,5.0,B079L8JS1G
pacmap,10000,4315,-2.0648146,-11.0860195,5.0,B073RZSTGL
pacmap,10000,4316,-0.673735,-9.937133,5.0,B07C1QB53H
pacmap,10000,4317,-2.9964082,-12.235297,5.0,B079P9QV3C
pacmap,10000,4318,1.7537439,3.7817235,3.0,B01N5C85GL
pacmap,10000,4319,-0.7249046,-9.99623,5.0,B079V81NS8
pacmap,10000,4320,0.11275325,21.228748,5.0,B073WY596L
pacmap,10000,4321,-2.7495677,-12.150126,5.0,B074PP3ZPF
pacmap,10000,4322,-2.7831736,-12.172607,4.0,B0747LJMDJ
pacmap,10000,4323,0.09232872,2.4765441,5.0,B077RKPYCS
pacmap,10000,4324,0.730557,6.9961686,5.0,B011I91K7S
pacmap,10000,4325,-5.488372,-2.4316254,5.0,B09RXJHHX7
pacmap,10000,4326,-1.1658524,2.5917835,5.0,B09299G7TR
pacmap,10000,4327,-1.2112827,-8.73482,5.0,B01IWIBJ6K
pacmap,10000,4328,2.083896,-8.932315,5.0,B01K8B8YA8
pacmap,10000,4329,-0.12044192,-5.600924,5.0,B01LWVSFZ8
pacmap,10000,4330,2.2869165,8.317114,5.0,B01N5Y1V39
pacmap,10000,4331,-3.787778,1.411836,5.0,B01M4LZBOM
pacmap,10000,4332,-1.3551738,-4.110607,5.0,B016W8XDY8
pacmap,10000,4333,0.035829898,2.5781598,5.0,B00QOQU95K
pacmap,10000,4334,-2.1647666,2.2061713,2.0,B07HL5SDPQ
pacmap,10000,4335,-2.2884188,9.243456,5.0,B00FQ1NO9W
pacmap,10000,4336,-3.1463754,-12.004759,5.0,B00DBRONZC
pacmap,10000,4337,2.0218945,8.234104,4.0,B008E18PDG
pacmap,10000,4338,-2.8446467,-2.5890205,5.0,B009PK2MNY
pacmap,10000,4339,2.4032378,7.8157763,3.0,B01KTKFMFS
pacmap,10000,4340,-7.228377,-3.618672,1.0,B08Y8K3JK5
pacmap,10000,4341,-7.7359915,-4.8214736,5.0,B093BNHQFR
pacmap,10000,4342,2.478839,-8.945107,5.0,B07H65KP63
pacmap,10000,4343,1.7446611,3.4735234,5.0,B086WVQ3KB
pacmap,10000,4344,3.285432,3.8912618,5.0,B098FZ19GX
pacmap,10000,4345,2.0291927,3.6917615,1.0,B07C4ZPTYT
pacmap,10000,4346,0.59449816,-7.4007716,2.0,B09WDS7KLW
pacmap,10000,4347,1.8983926,3.7920396,5.0,B01B6AN7WK
pacmap,10000,4348,-10.407156,-3.836102,5.0,B008R79VMQ
pacmap,10000,4349,-0.27562523,0.033552483,3.0,B007LOSMS0
pacmap,10000,4350,-0.044239704,0.05443867,1.0,B008USBYMM
pacmap,10000,4351,5.472374,1.2455262,5.0,B07FXJD8W1
pacmap,10000,4352,-3.5130122,-11.779076,5.0,B013HSW4SM
pacmap,10000,4353,-5.5649967,1.5295359,4.0,B01J66NF46
pacmap,10000,4354,-3.648351,-11.760469,1.0,B08JSMB43D
pacmap,10000,4355,2.2149014,2.583817,5.0,B0BT22X92B
pacmap,10000,4356,1.8063736,3.880981,3.0,B0B9LDXJ3X
pacmap,10000,4357,-0.95115876,8.619983,5.0,B08GLMFT79
pacmap,10000,4358,0.27511045,2.680938,5.0,B07SHFPD8S
pacmap,10000,4359,5.1949577,3.850592,5.0,B0C876SJG6
pacmap,10000,4360,-0.12504284,-5.8491135,3.0,B075X8471B
pacmap,10000,4361,5.622736,2.316791,5.0,B071RXTD57
pacmap,10000,4362,6.516912,-1.374127,5.0,B08CLNX58K
pacmap,10000,4363,6.1154194,6.915788,5.0,B00SC7GHSM
pacmap,10000,4364,0.13957168,-10.441699,5.0,B00O15BQC6
pacmap,10000,4365,-0.8086173,-6.282948,1.0,B000VN32O2
pacmap,10000,4366,-1.2398717,-7.9730453,4.0,B08PBPZB5Z
pacmap,10000,4367,-5.784829,1.6806401,1.0,B07PHQ93TV
pacmap,10000,4368,0.5438963,-3.3432505,1.0,B07HZLHPKP
pacmap,10000,4369,0.54969794,-3.4587352,1.0,B07S9THRC5
pacmap,10000,4370,0.54712284,3.7135775,1.0,B0C9LWR99P
pacmap,10000,4371,-5.395607,2.533846,5.0,B0BSH231H2
pacmap,10000,4372,6.6284475,-1.5788409,5.0,B01HAVSPOY
pacmap,10000,4373,5.0454726,-0.5986095,5.0,B000067RG5
pacmap,10000,4374,4.5154724,0.673149,2.0,B00711ST5O
pacmap,10000,4375,4.383273,1.2361833,1.0,B0133U4MHU
pacmap,10000,4376,0.43134153,2.510888,1.0,B00KA3LS8K
pacmap,10000,4377,-2.1312995,7.134912,5.0,B00NNBQKA2
pacmap,10000,4378,3.810208,1.4527423,1.0,B00LEFU2EY
pacmap,10000,4379,-6.099736,-0.9974375,1.0,B01F4H1DM2
pacmap,10000,4380,6.4024286,2.8629937,5.0,B016NP71MA
pacmap,10000,4381,4.30484,1.2078902,1.0,B00NWQZK3Q
pacmap,10000,4382,-6.5044346,1.1373433,5.0,B07454F4JH
pacmap,10000,4383,-1.4631095,-10.623522,5.0,B07CZ2PZJM
pacmap,10000,4384,-5.8808656,7.4776554,1.0,B0B7HTGNQK
pacmap,10000,4385,4.3897667,-0.27511796,1.0,B00906E03I
pacmap,10000,4386,8.940433,3.9793952,5.0,B081R1QS8K
pacmap,10000,4387,6.7405777,1.6830257,5.0,B08X2LQYZR
pacmap,10000,4388,8.575305,0.57206625,5.0,B076WQHK2G
pacmap,10000,4389,8.633237,0.54196167,5.0,B07QVCZQ7N
pacmap,10000,4390,8.562363,0.5528365,5.0,B087F362BX
pacmap,10000,4391,8.559741,0.5500578,5.0,B07FMQ4YR7
pacmap,10000,4392,8.549359,0.5409049,5.0,B08HS9ZWQL
pacmap,10000,4393,8.572422,0.5505496,5.0,B08FPD1938
pacmap,10000,4394,8.52697,0.5684571,5.0,B08B1WQY3D
pacmap,10000,4395,8.54732,0.56264764,5.0,B08DLSLCF3
pacmap,10000,4396,8.653554,0.4853942,5.0,B07GNK18VJ
pacmap,10000,4397,0.82602906,-4.8024573,5.0,B0B6DPD19Z
pacmap,10000,4398,6.755678,2.8848784,5.0,B072J983PB
pacmap,10000,4399,-3.7877083,7.5094213,5.0,B07F4P3JH7
pacmap,10000,4400,3.4707277,3.7083716,5.0,B076BBWMDJ
pacmap,10000,4401,23.343983,2.9996147,5.0,B0043C0HJA
pacmap,10000,4402,6.535847,2.3171766,5.0,B07HWJ9TKL
pacmap,10000,4403,6.242431,3.8193562,5.0,B0711ZKF75
pacmap,10000,4404,1.6849881,-1.0505924,5.0,B0C26NRH8Z
pacmap,10000,4405,-2.4802268,-11.175354,3.0,B0BHNC2ZYV
pacmap,10000,4406,-0.9803855,8.561342,5.0,B07S8WB3BR
pacmap,10000,4407,4.805425,1.4163098,1.0,B09BJJTKLK
pacmap,10000,4408,-6.3939695,7.6274023,5.0,B08TC81YQG
pacmap,10000,4409,-9.580111,-4.097187,1.0,B0BBGK39G4
pacmap,10000,4410,-6.2438893,-1.1452714,1.0,B08T9T4C7J
pacmap,10000,4411,-5.309144,4.143294,4.0,B0B4F9H4DF
pacmap,10000,4412,-0.71270174,8.122442,3.0,B0B47D3S6T
pacmap,10000,4413,3.999497,-0.8929491,1.0,B09M8LN19F
pacmap,10000,4414,1.9762793,0.94265205,5.0,B09NQ7151V
pacmap,10000,4415,-2.399504,-3.9634316,3.0,B0933G71SZ
pacmap,10000,4416,-0.31329784,8.157245,1.0,B09GDD648C
pacmap,10000,4417,0.201124,6.4918094,1.0,B0BVYB9NVD
pacmap,10000,4418,-8.180097,-4.058762,1.0,B0BVY4JVNG
pacmap,10000,4419,1.560494,-0.78470635,5.0,B0BVY5RHRR
pacmap,10000,4420,-2.6762943,-12.044509,2.0,B0BLVYRWTX
pacmap,10000,4421,2.3224788,1.8167853,4.0,B0BWYPV5NY
pacmap,10000,4422,-8.114958,-4.868635,2.0,B07LG4FYVR
pacmap,10000,4423,-5.1444073,-6.505315,5.0,B07ZQC6B9D
pacmap,10000,4424,-1.0413531,-10.235529,5.0,B078H4YD2L
pacmap,10000,4425,0.19306506,21.119757,5.0,B07P5JV6HT
pacmap,10000,4426,0.26710883,20.998205,1.0,B08M8Y6473
pacmap,10000,4427,-6.2262583,-0.48663047,5.0,B01IEU7UZ0
pacmap,10000,4428,1.5316321,-1.2767425,1.0,B0883DTP6L
pacmap,10000,4429,-1.0560924,8.832314,1.0,B01MFBM684
pacmap,10000,4430,-6.565904,1.9187441,5.0,B0BHMN1T7B
pacmap,10000,4431,7.926585,2.1370478,5.0,B073S3WQQH
pacmap,10000,4432,-1.513598,-7.5029664,1.0,B01DLCQZGG
pacmap,10000,4433,2.78813,-0.86401665,4.0,B0BGMZZMZN
pacmap,10000,4434,-2.0585444,-12.13004,5.0,B00WSLYQ7C
pacmap,10000,4435,-0.4942727,-10.305551,5.0,B00IOG3URW
pacmap,10000,4436,-6.2616568,-1.2275795,5.0,B003KPBRRW
pacmap,10000,4437,2.2843814,3.889242,5.0,B0063N7UGA
pacmap,10000,4438,-1.3531566,-5.3141875,5.0,B004MFBH8S
pacmap,10000,4439,-6.3557687,7.683521,1.0,B0009RKLMG
pacmap,10000,4440,-0.28819746,-5.9926744,5.0,B001GGAIGI
pacmap,10000,4441,-0.25380972,-5.188416,5.0,B001DVZXC0
pacmap,10000,4442,-1.3862519,8.066157,5.0,B08SHKWV8L
pacmap,10000,4443,-1.4654207,8.396704,1.0,B078JCWJ9Z
pacmap,10000,4444,-4.417723,1.0495032,3.0,B01CIEBS74
pacmap,10000,4445,-0.59275126,6.543584,1.0,B01K6PBIRC
pacmap,10000,4446,-0.40629387,0.6646189,1.0,B01A08E70K
pacmap,10000,4447,-3.0232022,-3.4225206,5.0,B00A83I8G2
pacmap,10000,4448,-1.070083,8.278101,5.0,B00GA2PELW
pacmap,10000,4449,-2.4587882,0.950046,5.0,B00B8KXLT8
pacmap,10000,4450,1.7770351,2.6724555,1.0,B0BYPFJKT7
pacmap,10000,4451,-5.643635,1.0714133,5.0,B008J0Z9TA
pacmap,10000,4452,-5.62329,4.32976,5.0,B00AW4O0M8
pacmap,10000,4453,-0.44591263,7.8954053,5.0,B004V9F61O
pacmap,10000,4454,-5.5113583,1.1919737,5.0,B004Q3C98S
pacmap,10000,4455,-3.5687318,9.23308,1.0,B00825C0PS
pacmap,10000,4456,-0.050133947,7.6355767,5.0,B0777SJZ55
pacmap,10000,4457,-8.141136,7.844477,5.0,B0043T7FXE
pacmap,10000,4458,5.238004,1.8869628,1.0,B01J94SWWU
pacmap,10000,4459,-6.902257,-4.2657924,5.0,B08XKBPPM3
pacmap,10000,4460,-2.7885594,1.102776,3.0,B005HGILN0
pacmap,10000,4461,4.032651,2.4316971,4.0,B0C36JWCCM
pacmap,10000,4462,-2.7121305,-11.860356,5.0,B09JQMJHXY
pacmap,10000,4463,7.292975,3.2440789,5.0,B0097BEFWC
pacmap,10000,4464,-2.8893008,-8.617686,3.0,B09L44Z63L
pacmap,10000,4465,-2.8571143,-3.3799152,5.0,B0B7RL1835
pacmap,10000,4466,-0.8312725,-9.113724,5.0,B07H65KP63
pacmap,10000,4467,-1.9062836,7.7563653,5.0,B07JMQP6T6
pacmap,10000,4468,2.011251,4.411734,5.0,B094QBNBC4
pacmap,10000,4469,0.81592715,-3.8801992,5.0,B07H65KP63
pacmap,10000,4470,1.3945575,-4.4871135,5.0,B0C26NRH8Z
pacmap,10000,4471,-0.3391754,-3.2587924,5.0,B09TKC23YB
pacmap,10000,4472,-7.3491807,-5.2267632,5.0,B095H4PGJ5
pacmap,10000,4473,1.6711553,-0.8855272,5.0,B0778MP49B
pacmap,10000,4474,-2.528048,-12.100814,5.0,B0787KLT56
pacmap,10000,4475,1.3615159,-7.6923685,5.0,B00ZVJAF9G
pacmap,10000,4476,-8.378291,-3.516982,5.0,B013DN53WU
pacmap,10000,4477,-5.6862082,4.221959,5.0,B00PVIBIN4
pacmap,10000,4478,-3.064453,-2.2591348,5.0,B01F69ARK2
pacmap,10000,4479,4.8853264,4.045347,5.0,B00MWZTWJG
pacmap,10000,4480,1.5207384,3.2566843,5.0,B07RYN4ZVL
pacmap,10000,4481,-2.3283901,-11.604178,5.0,B07FM4HKWN
pacmap,10000,4482,-2.607136,1.385924,5.0,B0C61QZ71T
pacmap,10000,4483,4.1218877,2.6696246,1.0,B0BX86Q6PB
pacmap,10000,4484,-1.7522632,-8.886643,5.0,B00BCSYZSW
pacmap,10000,4485,-2.6883352,-12.371676,5.0,B00BONB8FS
pacmap,10000,4486,0.07741171,2.624169,5.0,B003U46SWC
pacmap,10000,4487,-5.3652987,3.9228144,5.0,B0BC8KWS2Q
pacmap,10000,4488,1.945657,7.886284,5.0,B0BY98CSFT
pacmap,10000,4489,1.9938868,7.8388824,5.0,B0BRTPJ8FW
pacmap,10000,4490,-1.4608293,-11.48884,5.0,B0BCF1BSXK
pacmap,10000,4491,-1.4901888,-9.583168,5.0,B08G6KK3L6
pacmap,10000,4492,2.5201387,-8.829106,5.0,B07HZLHPKP
pacmap,10000,4493,3.087853,5.7328095,1.0,B06XW7T3WD
pacmap,10000,4494,-9.516134,-3.7600756,1.0,B0B8J17B9L
pacmap,10000,4495,6.7900414,0.84233993,5.0,B0BN1LF4PS
pacmap,10000,4496,4.369022,2.9350426,5.0,B0822D8551
pacmap,10000,4497,0.7408285,4.267009,5.0,B0B2K25S5S
pacmap,10000,4498,1.3361835,-4.3664618,4.0,B08G1NNG1W
pacmap,10000,4499,1.8149817,-4.561007,5.0,B0C4P11F1C
pacmap,10000,4500,1.6656461,-4.584864,4.0,B0895N285F
pacmap,10000,4501,-2.7170875,-2.439843,5.0,B0CDCF3MLP
pacmap,10000,4502,-8.008125,7.775875,4.0,B09Y1PSVTB
pacmap,10000,4503,-8.115157,7.7868114,4.0,B087Q5XTK9
pacmap,10000,4504,-7.2122946,1.7253711,5.0,B0C447ZT7H
pacmap,10000,4505,-0.15368299,4.0222034,4.0,B087LS8ZRV
pacmap,10000,4506,-7.3549314,-5.653698,5.0,B08LPJL3KB
pacmap,10000,4507,1.3723831,-4.303595,5.0,B08CV271C7
pacmap,10000,4508,-6.0864596,-6.0553293,4.0,B08K42MJFP
pacmap,10000,4509,-4.5807323,-6.5309978,5.0,B08Q2WMGKP
pacmap,10000,4510,-7.6348815,-5.4188657,5.0,B08HM2TBPN
pacmap,10000,4511,-5.8615217,-3.3650866,5.0,B08HS2ZCMB
pacmap,10000,4512,-6.9820285,1.5891232,5.0,B08QV1HG4S
pacmap,10000,4513,-5.0767617,-5.690256,5.0,B08HCDV6TT
pacmap,10000,4514,-5.2181754,-5.46241,5.0,B08FD2XKWH
pacmap,10000,4515,-6.337605,-1.9830291,5.0,B08GX2YF4D
pacmap,10000,4516,-5.1090703,-5.6036186,5.0,B08CDD6PCW
pacmap,10000,4517,2.1787221,3.2992318,4.0,B08315RYD4
pacmap,10000,4518,-4.6990404,-5.816907,5.0,B09LQ4FCD6
pacmap,10000,4519,-6.5669975,-5.8677697,5.0,B08BC9J8QQ
pacmap,10000,4520,-5.462003,-5.985402,5.0,B0B23LRBRP
pacmap,10000,4521,-4.7484612,-5.049642,5.0,B09WKF4TZ4
pacmap,10000,4522,-5.478955,-5.786022,5.0,B08DCSS6LH
pacmap,10000,4523,-7.854482,-5.4851084,5.0,B08BJ8TBZ4
pacmap,10000,4524,-4.6182575,1.0526505,4.0,B08MFWGDH1
pacmap,10000,4525,-6.3080873,-1.7358128,4.0,B09LH8BBBK
pacmap,10000,4526,-4.295968,-3.4872298,4.0,B08C4NSZQK
pacmap,10000,4527,-5.811569,-6.0900617,5.0,B087T7T8Z7
pacmap,10000,4528,-5.4180417,-5.9348235,5.0,B08N3ZWCN8
pacmap,10000,4529,-5.800598,-6.0653076,5.0,B087TCTMKV
pacmap,10000,4530,-6.567992,-6.1733823,4.0,B088K166SR
pacmap,10000,4531,1.8401266,3.7839835,4.0,B08C5GPVP2
pacmap,10000,4532,-2.203074,-4.5517397,5.0,B08P1YXVNR
pacmap,10000,4533,-0.9060219,-8.703199,4.0,B0931DYBX5
pacmap,10000,4534,0.026593002,3.9681623,4.0,B08FG7X8TL
pacmap,10000,4535,-2.1240382,0.19703172,5.0,B0BKG4RT1F
pacmap,10000,4536,2.28296,1.7955564,4.0,B081VT2CPW
pacmap,10000,4537,-0.3189053,4.4424577,5.0,B07Z7ZWC6S
pacmap,10000,4538,-6.224557,-1.9412057,5.0,B0859TMPHT
pacmap,10000,4539,0.0029694363,-7.80914,4.0,B07XQ325Y3
pacmap,10000,4540,-7.850421,-5.3879023,5.0,B084Z66SFG
pacmap,10000,4541,-7.9868126,7.808165,4.0,B09Y2SCDB2
pacmap,10000,4542,0.00092437316,3.8186705,5.0,B07ZNQZC9W
pacmap,10000,4543,-1.9729316,-4.8124604,4.0,B0BVV61JV3
pacmap,10000,4544,1.8117325,2.2245753,5.0,B083XSR7Z6
pacmap,10000,4545,-4.4419174,-3.6761034,5.0,B082WCKGD8
pacmap,10000,4546,-8.057491,-3.8989854,4.0,B083SG6P3J
pacmap,10000,4547,-2.1947267,-4.7049437,5.0,B0C45YWP9R
pacmap,10000,4548,-0.2136207,-0.36258137,5.0,B07ZWYLVNY
pacmap,10000,4549,-1.7765005,-8.868345,4.0,B07ZVG36ZR
pacmap,10000,4550,-4.261954,-3.8723469,5.0,B0823BYWGN
pacmap,10000,4551,-0.46051717,5.5511055,5.0,B083169BMW
pacmap,10000,4552,-1.4122432,8.4233,5.0,B0814BN42P
pacmap,10000,4553,-4.2506485,-2.9401212,5.0,B0B28GXPRR
pacmap,10000,4554,-1.713243,8.550046,5.0,B07YJXWDJP
pacmap,10000,4555,-2.2115827,-8.566951,4.0,B08LYFRFDK
pacmap,10000,4556,-5.5464654,-5.657311,5.0,B0814TG59P
pacmap,10000,4557,-6.263456,-2.0659146,5.0,B0773LJBZ5
pacmap,10000,4558,-0.4439252,0.71125257,5.0,B07WL1RMZK
pacmap,10000,4559,-6.4067235,-2.027477,4.0,B07Q8N8BN8
pacmap,10000,4560,-6.892339,-2.7378504,5.0,B07TX1M942
pacmap,10000,4561,1.8185381,4.510813,5.0,B07R3QL594
pacmap,10000,4562,-3.3684285,-11.8040905,5.0,B07QXJZ6HR
pacmap,10000,4563,-4.780523,-2.8624396,4.0,B07PVG3ZW3
pacmap,10000,4564,-4.7206206,-5.430644,4.0,B0891X1KDY
pacmap,10000,4565,-5.6276374,0.8881696,4.0,B07S1FMVKG
pacmap,10000,4566,-1.206826,-8.42514,3.0,B0BJ7QMYBF
pacmap,10000,4567,-2.1482296,4.5803666,4.0,B07Q1DPGWM
pacmap,10000,4568,-4.4383707,-4.060254,5.0,B07LFWRL26
pacmap,10000,4569,-0.9563311,1.6572858,4.0,B07PVM4YSX
pacmap,10000,4570,-8.011606,-3.2328532,4.0,B0BXPGHMN6
pacmap,10000,4571,1.015246,3.7750034,5.0,B09WHPJZD3
pacmap,10000,4572,-2.64994,0.7025184,4.0,B08D8XN6C2
pacmap,10000,4573,-0.8618191,2.0942657,4.0,B0B9HF8KDV
pacmap,10000,4574,-1.1490189,8.362591,4.0,B06ZYB8VD7
pacmap,10000,4575,-4.683832,-4.8216376,5.0,B07HF1TZ1X
pacmap,10000,4576,-0.12425869,4.121675,5.0,B07DND2W6W
pacmap,10000,4577,-8.190668,7.817935,4.0,B0BG27Y7DY
pacmap,10000,4578,-3.231548,1.0154169,4.0,B079YGJ9XL
pacmap,10000,4579,-0.11692674,4.139852,5.0,B076B3Q8JR
pacmap,10000,4580,-2.7195275,-12.410121,3.0,B077P4WWHV
pacmap,10000,4581,-3.0171027,-12.046293,5.0,B0778PCW73
pacmap,10000,4582,0.118144,2.415547,4.0,B071XY12YY
pacmap,10000,4583,-2.7703605,-9.6055355,5.0,B0764DQM28
pacmap,10000,4584,-0.30162773,-8.77887,5.0,B06XDH6XL3
pacmap,10000,4585,-5.592527,5.2201724,5.0,B06WD61CF5
pacmap,10000,4586,-5.804914,4.2393193,5.0,B01MS79LGW
pacmap,10000,4587,-7.3504696,-5.5230474,4.0,B01N526C57
pacmap,10000,4588,-4.24485,-3.6915421,5.0,B07ZPPR4DH
pacmap,10000,4589,-1.7559665,-11.216642,5.0,B01DM7AEKI
pacmap,10000,4590,-6.173496,-6.9328966,5.0,B01BD79DSS
pacmap,10000,4591,-1.1863158,-9.630352,5.0,B0156KV764
pacmap,10000,4592,-1.2915603,2.8705137,4.0,B00UAN79KQ
pacmap,10000,4593,1.4253114,7.290602,5.0,B00U5ROEIW
pacmap,10000,4594,-2.8243413,-3.1529477,4.0,B00SOXMCCO
pacmap,10000,4595,-0.79958856,8.408241,5.0,B01BJLCN94
pacmap,10000,4596,-6.576603,-3.455083,3.0,B00O90HI3Y
pacmap,10000,4597,0.47808936,-0.5052719,4.0,B00GTRVO12
pacmap,10000,4598,-6.936007,-3.6521857,5.0,B07MFZMQHP
pacmap,10000,4599,-2.0489726,-8.31531,5.0,B00I59VBH4
pacmap,10000,4600,-5.947782,3.8329422,5.0,B00ANG3T1S
pacmap,10000,4601,-1.2898941,8.356047,4.0,B00EZBY6F0
pacmap,10000,4602,2.4543276,7.6444573,5.0,B00EN9Q35A
pacmap,10000,4603,-0.66856277,-9.936871,5.0,B00BF9I0JI
pacmap,10000,4604,-2.1413958,-8.254338,5.0,B00CACUZF6
pacmap,10000,4605,-0.72119135,7.6349044,4.0,B009YQ8BTI
pacmap,10000,4606,-1.0911746,2.4874673,4.0,B008RW6QHY
pacmap,10000,4607,-3.5599043,-11.946449,4.0,B0094S37GS
pacmap,10000,4608,0.15779124,6.4809203,4.0,B002MCZ2L6
pacmap,10000,4609,-0.021372825,7.6063395,4.0,B00AFSNGAI
pacmap,10000,4610,0.9863817,-0.60095024,4.0,B006ZGB58Y
pacmap,10000,4611,-6.4703994,1.3724279,4.0,B0013G04AQ
pacmap,10000,4612,-1.7878147,-8.413139,5.0,B003LNNOCO
pacmap,10000,4613,2.1769335,7.589079,5.0,B004JMZPJQ
pacmap,10000,4614,-0.98522645,8.47089,5.0,B0079T724W
pacmap,10000,4615,1.3300762,-0.9500953,3.0,B007CRWQ74
pacmap,10000,4616,-3.8169453,-12.51782,5.0,B007K3SB6K
pacmap,10000,4617,-0.733885,2.666875,5.0,B003ES61EE
pacmap,10000,4618,-3.7940142,-12.637469,4.0,B005FVDTAW
pacmap,10000,4619,-3.671959,-12.319079,3.0,B004JU0E08
pacmap,10000,4620,-3.4961226,-11.946416,5.0,B002YOENAS
pacmap,10000,4621,1.7662547,-4.408874,4.0,B004K1EZDS
pacmap,10000,4622,-2.9457324,1.5498638,4.0,B004I1KJ8U
pacmap,10000,4623,-4.3844857,6.9138856,5.0,B00267SENK
pacmap,10000,4624,-1.5854795,8.426866,4.0,B004AM625G
pacmap,10000,4625,-1.4010403,-9.163938,4.0,B0041HXGIQ
pacmap,10000,4626,-0.5816329,-9.084413,3.0,B001D559Y8
pacmap,10000,4627,2.1594224,4.354346,5.0,B0033A7K7A
pacmap,10000,4628,1.8057809,-4.4357333,5.0,B0013F6HK8
pacmap,10000,4629,-2.787539,-11.646507,4.0,B0C39XH7F7
pacmap,10000,4630,0.36424235,1.8589472,1.0,B07N86MCD2
pacmap,10000,4631,-3.3633423,-10.51227,1.0,B00AFGP5MM
pacmap,10000,4632,-2.3017948,-8.497517,5.0,B07Z9X3397
pacmap,10000,4633,-0.9589703,6.476994,5.0,B07S83DXDK
pacmap,10000,4634,6.2650924,-1.2084126,5.0,B06W568Y6C
pacmap,10000,4635,9.032835,-3.1531088,5.0,B07H65KP63
pacmap,10000,4636,0.23085254,4.1698046,4.0,B0C5S13X5W
pacmap,10000,4637,-6.092866,-3.7477324,1.0,B083LC9WMB
pacmap,10000,4638,-0.82111454,-11.37106,5.0,B097MPYBR7
pacmap,10000,4639,1.6882786,4.160422,3.0,B082TNQZYQ
pacmap,10000,4640,0.3319479,20.90912,5.0,B07MFZ9MHM
pacmap,10000,4641,0.5815934,-6.370479,5.0,B075X8471B
pacmap,10000,4642,4.8451095,0.8404975,4.0,B076F4MWJ2
pacmap,10000,4643,0.89268965,7.0214257,5.0,B078XRNNDG
pacmap,10000,4644,-3.6563616,8.171858,5.0,B01BFIBRIE
pacmap,10000,4645,-3.2529147,7.4112477,5.0,B01BRWH8G8
pacmap,10000,4646,4.030608,4.869892,3.0,B0BB2LBQJ9
pacmap,10000,4647,-0.50816226,8.060337,5.0,B0995VY79Y
pacmap,10000,4648,0.5832751,4.6791735,5.0,B08SQKZDKR
pacmap,10000,4649,5.5407257,6.211077,5.0,B07D1MFR2V
pacmap,10000,4650,2.8719423,3.561307,5.0,B091GFZJRT
pacmap,10000,4651,5.9954314,3.1940582,5.0,B07TLVMRNW
pacmap,10000,4652,-0.80981714,-10.04382,5.0,B07TJLM1YM
pacmap,10000,4653,-0.39472428,-9.419286,5.0,B078W4T2SS
pacmap,10000,4654,0.28201434,8.8963175,5.0,B07L63NVK4
pacmap,10000,4655,3.7296574,2.3665965,3.0,B075QCZRXY
pacmap,10000,4656,-6.889205,1.0204848,5.0,B09ZQ4GHM8
pacmap,10000,4657,17.304375,-1.7002611,5.0,B0C4T2HF5W
pacmap,10000,4658,1.5724483,5.5891495,5.0,B01HCGZY50
pacmap,10000,4659,0.9753033,8.138743,5.0,B09G2SP42N
pacmap,10000,4660,6.0060225,6.9160104,1.0,B00G2UBWGI
pacmap,10000,4661,-6.178861,-3.6614258,5.0,B07LF54F6H
pacmap,10000,4662,-8.6965475,-3.322167,5.0,B077XVH192
pacmap,10000,4663,1.026833,5.549965,1.0,B07BSJCMGS
pacmap,10000,4664,-1.194827,-3.5405989,5.0,B01ETRH0AM
pacmap,10000,4665,-3.2342794,-11.953431,5.0,B07V3RB9C1
pacmap,10000,4666,-9.042256,-3.8657568,5.0,B075WD3YHX
pacmap,10000,4667,-4.9229927,-6.090322,4.0,B09F5PVRQD
pacmap,10000,4668,-4.059028,-6.6284237,5.0,B0B787CN26
pacmap,10000,4669,-9.964573,-3.0882535,5.0,B01I8VCDX4
pacmap,10000,4670,-4.1215506,-3.7811732,1.0,B0199HAOAU
pacmap,10000,4671,-5.3439236,-2.4911504,5.0,B0761T4DHF
pacmap,10000,4672,1.2932453,-4.240039,5.0,B013CV95J0
pacmap,10000,4673,-3.6912894,8.997644,3.0,B07P374FF3
pacmap,10000,4674,-0.2903167,-5.5341773,5.0,B00RFLXE0A
pacmap,10000,4675,-0.36071235,6.864895,4.0,B018SZT3BK
pacmap,10000,4676,1.6973851,-4.404456,5.0,B00QGOQ2BA
pacmap,10000,4677,1.4948378,-4.332418,5.0,B01N0FGGBR
pacmap,10000,4678,0.86061454,-0.5392534,5.0,B00TIYNGBY
pacmap,10000,4679,-1.8086025,-4.923224,5.0,B08J91XPGV
pacmap,10000,4680,-3.2132897,-2.3508132,5.0,B00BH61UV4
pacmap,10000,4681,4.5755296,-0.40000317,1.0,B09J49WZXQ
pacmap,10000,4682,2.717606,2.1429217,4.0,B00O8NVPBI
pacmap,10000,4683,-1.0310273,-11.069754,5.0,B001THL8SQ
pacmap,10000,4684,2.5721314,3.7973685,5.0,B01CXIFOU2
pacmap,10000,4685,0.76772225,0.5422378,5.0,B00LMRP6UY
pacmap,10000,4686,-0.18288164,7.444455,4.0,B098Q3L9NJ
pacmap,10000,4687,1.6272707,3.7265632,1.0,B07H4SVXYP
pacmap,10000,4688,2.183995,2.947255,3.0,B09BQLWBR3
pacmap,10000,4689,1.4327207,-4.12175,1.0,B00NR1EHP8
pacmap,10000,4690,-0.9725243,-11.200728,5.0,B00FO0IHMY
pacmap,10000,4691,-5.8640423,7.6919136,4.0,B00QRPPCMI
pacmap,10000,4692,-1.9224949,0.094925195,4.0,B0B2V9KS41
pacmap,10000,4693,-1.4433403,-0.18482359,5.0,B081498PMW
pacmap,10000,4694,-1.3673755,5.5971265,2.0,B07PG6YW52
pacmap,10000,4695,-3.8052642,7.368722,5.0,B0794ZR7T8
pacmap,10000,4696,-0.40715605,7.7066503,5.0,B07FMBYFD1
pacmap,10000,4697,-6.633876,2.422155,3.0,B07PSGC87H
pacmap,10000,4698,4.900163,2.631747,5.0,B08YFJYD5Z
pacmap,10000,4699,-7.711765,-5.12562,5.0,B008KRZDYI
pacmap,10000,4700,-9.484721,-4.457155,2.0,B08TZX2DW5
pacmap,10000,4701,10.988571,-4.633759,5.0,B0041OTZAM
pacmap,10000,4702,1.8554655,-1.8180456,1.0,B09L7HBXYC
pacmap,10000,4703,0.19398297,1.9660776,1.0,B08XQCYPJ3
pacmap,10000,4704,-0.7497196,1.2113353,5.0,B0BNSWXKFB
pacmap,10000,4705,-7.1634607,-2.951596,5.0,B0C5S4MXKF
pacmap,10000,4706,2.3168123,8.291805,4.0,B017EHRZX6
pacmap,10000,4707,2.3452926,8.378441,2.0,B088LWZRQ8
pacmap,10000,4708,-7.980154,-4.8092084,4.0,B00GYP8MA0
pacmap,10000,4709,-7.7182117,-3.5377746,5.0,B07TKVB64D
pacmap,10000,4710,-2.3269627,1.7069176,5.0,B014TUZ92U
pacmap,10000,4711,-4.414332,1.1825846,5.0,B011BRUOMO
pacmap,10000,4712,2.2428758,4.0839243,5.0,B00S05R5QY
pacmap,10000,4713,1.6897022,0.84131396,5.0,B07KTYJ769
pacmap,10000,4714,3.5014741,3.1194777,5.0,B07SGBZF17
pacmap,10000,4715,-7.242332,-4.723118,5.0,B078H4694S
pacmap,10000,4716,-0.21085839,-5.3275275,5.0,B075JZNHTD
pacmap,10000,4717,-2.6542833,-2.2968545,5.0,B01L73OEOG
pacmap,10000,4718,1.1459756,19.746016,5.0,B01DOW5RTO
pacmap,10000,4719,-0.14254764,-10.608751,5.0,B01LZV6TYQ
pacmap,10000,4720,-10.095893,-3.0546215,5.0,B01FJPACGC
pacmap,10000,4721,-0.4767124,1.3817037,2.0,B017NHHZ4G
pacmap,10000,4722,-3.6821296,7.689872,5.0,B07P374FF3
pacmap,10000,4723,5.0368004,3.620937,5.0,B00BT6NZLA
pacmap,10000,4724,-7.1512275,-3.5344932,4.0,B004I2KA4M
pacmap,10000,4725,1.5744357,3.5594022,5.0,B00CRQUKQ4
pacmap,10000,4726,6.793599,1.6920593,5.0,B098ZZWTC5
pacmap,10000,4727,1.7958966,3.7522783,4.0,B0BLMPQL2D
pacmap,10000,4728,-1.6268197,8.610804,5.0,B0079EZRGC
pacmap,10000,4729,1.4100567,2.2506196,5.0,B00BQM8S2S
pacmap,10000,4730,-3.6267385,9.38456,5.0,B0051VVOB2
pacmap,10000,4731,1.8024093,6.180677,5.0,B009AOGJDE
pacmap,10000,4732,6.0978446,-0.49068967,5.0,B07NSWGL41
pacmap,10000,4733,0.20137753,-8.56052,5.0,B011CUSX3C
pacmap,10000,4734,-1.621331,-4.0616665,5.0,B08N9DPW69
pacmap,10000,4735,-2.608315,0.4220449,4.0,B0BM2YG2K7
pacmap,10000,4736,2.172324,4.1717186,5.0,B071FXZBMV
pacmap,10000,4737,-7.615844,-3.8391802,4.0,B07BK59YYC
pacmap,10000,4738,-6.269318,1.1150584,5.0,B0C1BVZHD1
pacmap,10000,4739,-9.090869,-2.7165031,3.0,B07W1Q3X7S
pacmap,10000,4740,-2.0505135,-8.687219,4.0,B07CPNR79C
pacmap,10000,4741,11.44695,12.403975,5.0,B082Z2KZP8
pacmap,10000,4742,5.6328373,1.2878186,4.0,B07PQJGCVT
pacmap,10000,4743,-6.6741085,-5.2126045,5.0,B00KDOUH0G
pacmap,10000,4744,-1.0815278,-8.454855,4.0,B001FA1O18
pacmap,10000,4745,-1.8188012,0.23215795,5.0,B005FM8UL4
pacmap,10000,4746,-2.430603,0.5550498,5.0,B07KVP7TTW
pacmap,10000,4747,1.2164096,-0.80263466,5.0,B091YNGYMT
pacmap,10000,4748,-2.4219337,9.31548,5.0,B00FJK0LDW
pacmap,10000,4749,0.556372,-0.98339486,1.0,B002UUTCMU
pacmap,10000,4750,4.358875,1.3364946,1.0,B00WUWVO88
pacmap,10000,4751,2.226768,-8.498419,2.0,B07HZLHPKP
pacmap,10000,4752,-1.719639,1.6502811,4.0,B00N1XLAZC
pacmap,10000,4753,0.70698905,-5.7754416,5.0,B01CCMUN8C
pacmap,10000,4754,-8.338596,7.8466554,4.0,B00BIFNTMC
pacmap,10000,4755,0.09025592,4.4416184,5.0,B08FD79VFW
pacmap,10000,4756,4.2165833,3.6416974,5.0,B07TXJQC3J
pacmap,10000,4757,-0.75307477,-10.0497465,3.0,B07CRKFF9C
pacmap,10000,4758,0.529164,-2.9151702,1.0,B075X8471B
pacmap,10000,4759,5.996701,3.8020082,5.0,B0736ZHMMK
pacmap,10000,4760,-0.03456309,-8.198886,5.0,B09FDMGNQR
pacmap,10000,4761,3.4202428,2.7708,5.0,B07NZ5F523
pacmap,10000,4762,3.0205095,4.0551414,5.0,B0BQRNFHCV
pacmap,10000,4763,4.160706,3.4775057,5.0,B00SF6VSVG
pacmap,10000,4764,-1.6343377,7.684758,5.0,B06XSGYL1Q
pacmap,10000,4765,-1.4766779,-8.547357,5.0,B07Y4WVD8L
pacmap,10000,4766,-7.4877205,-4.1411734,5.0,B08HM51MMR
pacmap,10000,4767,-6.8319798,-5.2339053,5.0,B08H5LZRVS
pacmap,10000,4768,-0.21283416,-4.5494246,5.0,B08H5DV1YC
pacmap,10000,4769,-7.495069,-4.906324,5.0,B08KTJC3P5
pacmap,10000,4770,-8.035428,7.8083253,5.0,B09Y1PSVTB
pacmap,10000,4771,-7.3997355,7.308304,5.0,B087Q5XTK9
pacmap,10000,4772,-5.6997547,0.78349423,5.0,B083P66G5H
pacmap,10000,4773,-6.170699,2.545063,5.0,B09BQQZQMM
pacmap,10000,4774,-1.3118443,3.046235,4.0,B082W1SWKC
pacmap,10000,4775,-5.8766074,4.1849732,4.0,B08CSHM6L3
pacmap,10000,4776,-7.344281,-3.453003,4.0,B07921HW1Z
pacmap,10000,4777,0.78425264,4.205606,5.0,B07X54PV85
pacmap,10000,4778,-8.648435,-3.9050992,4.0,B07VSGQ62K
pacmap,10000,4779,-5.1286845,-5.5232763,5.0,B0BMQ999F8
pacmap,10000,4780,-5.625925,-5.739873,5.0,B07SCXM7BH
pacmap,10000,4781,-2.2445087,-4.982824,4.0,B07M8RNRGT
pacmap,10000,4782,-10.1276045,-3.204932,5.0,B0BGPJNJBH
pacmap,10000,4783,-8.116959,-4.087429,1.0,B07RXXTZ6R
pacmap,10000,4784,-5.6490536,4.1110373,5.0,B07RF2123Z
pacmap,10000,4785,-6.4929247,-2.2400331,5.0,B07FQ94LV7
pacmap,10000,4786,-2.0875869,-10.785652,4.0,B07S479R2L
pacmap,10000,4787,-2.0288906,-8.3463745,4.0,B08TRD3FRW
pacmap,10000,4788,-5.0108438,-2.3668172,4.0,B07PVG3ZW3
pacmap,10000,4789,-7.9058356,-3.2406788,4.0,B07YJ9L5MY
pacmap,10000,4790,-4.037901,-3.5486095,4.0,B07QKBV6TP
pacmap,10000,4791,2.676499,1.2175351,5.0,B00JZFG6QS
pacmap,10000,4792,1.5220444,7.4648848,4.0,B07PPP7QMP
pacmap,10000,4793,-9.697536,-2.785987,2.0,B07PCGV1FC
pacmap,10000,4794,-0.32744914,1.4015365,5.0,B07JGSN975
pacmap,10000,4795,-3.359467,0.79855657,2.0,B07M9K3122
pacmap,10000,4796,-2.789961,-12.123922,3.0,B07N5XKK95
pacmap,10000,4797,-3.0716817,1.414303,4.0,B07G57SHSL
pacmap,10000,4798,-6.150936,-2.116594,4.0,B07JX736SB
pacmap,10000,4799,-8.020695,-4.0973926,4.0,B07FZSR9JW
pacmap,10000,4800,-7.260962,-3.5949986,3.0,B07FDHN9V8
pacmap,10000,4801,-0.5683865,0.9337077,4.0,B07STM5GQG
pacmap,10000,4802,-8.053611,7.8307633,4.0,B07BMX18JN
pacmap,10000,4803,-4.826287,-3.4131968,5.0,B07N3B66YQ
pacmap,10000,4804,2.5430462,-8.799048,4.0,B07MC8C9LP
pacmap,10000,4805,-8.342827,-3.5820153,4.0,B07DN7XBN3
pacmap,10000,4806,-3.3345308,1.0348026,1.0,B07MZRP64K
pacmap,10000,4807,-3.3140664,-11.6476,3.0,B07MCSKB9P
pacmap,10000,4808,-8.107375,-3.3680046,4.0,B0BXPGHMN6
pacmap,10000,4809,1.7551992,-4.53265,5.0,B00QGOQ2BA
pacmap,10000,4810,1.7362809,-4.4596567,5.0,B0C1D3JB4R
pacmap,10000,4811,-2.1934464,-1.8172345,5.0,B07LCDQSVL
pacmap,10000,4812,-1.1362776,4.2352376,5.0,B08Y929JZN
pacmap,10000,4813,-3.443807,1.5631543,4.0,B085QC3JXX
pacmap,10000,4814,3.6243572,-0.5451276,4.0,B07JW1YSRH
pacmap,10000,4815,0.07824901,6.0357585,4.0,B07KXWX1VY
pacmap,10000,4816,-6.4162407,7.7124543,3.0,B0CBW96P7H
pacmap,10000,4817,-0.7976544,-9.556809,4.0,B07HT12PD5
pacmap,10000,4818,-1.4759272,-8.96699,4.0,B07HR7H4ML
pacmap,10000,4819,-10.137318,-2.9359157,5.0,B0BC2STR39
pacmap,10000,4820,-7.123901,1.4377136,5.0,B0B6D4W3R7
pacmap,10000,4821,-8.382069,7.727658,5.0,B0BG27Y7DY
pacmap,10000,4822,-5.651309,4.2088785,5.0,B06WVQ7SQL
pacmap,10000,4823,-8.201556,7.768749,4.0,B074HYNMWG
pacmap,10000,4824,2.5781133,8.027117,5.0,B0722Y445X
pacmap,10000,4825,-5.720246,3.9035425,2.0,B00CRGJDD0
pacmap,10000,4826,-7.7440577,-2.4873915,5.0,B06WP2Y7B4
pacmap,10000,4827,2.8387492,6.6834497,5.0,B01AC402TM
pacmap,10000,4828,0.07190404,1.5286155,5.0,B01IOHQYDM
pacmap,10000,4829,2.4637609,7.9102955,5.0,B01CXP8AX8
pacmap,10000,4830,2.1091223,-4.552617,5.0,B00PEW7NP4
pacmap,10000,4831,2.3223982,-4.630395,5.0,B00TLEXZ8K
pacmap,10000,4832,2.2342892,-4.586293,5.0,B00V5EMQAM
pacmap,10000,4833,-6.067815,2.7587056,5.0,B01BF11RJK
pacmap,10000,4834,-6.1049757,2.8790083,5.0,B00ZVNTU6Q
pacmap,10000,4835,-6.216558,2.7681303,5.0,B01BF13LZ8
pacmap,10000,4836,-6.2272825,2.8225038,5.0,B015IX72CM
pacmap,10000,4837,2.1145403,7.9833307,5.0,B017KF7WH6
pacmap,10000,4838,-2.2707748,7.3930473,5.0,B00Y3DLTF0
pacmap,10000,4839,-5.9041467,1.1768874,4.0,B00SSUWGQK
pacmap,10000,4840,0.23280868,-0.6511802,5.0,B00M30SQL0
pacmap,10000,4841,1.8157772,-4.5250154,5.0,B00BK0YRZS
pacmap,10000,4842,2.5196724,-4.6744733,5.0,B00MEIBYJM
pacmap,10000,4843,2.4347157,-4.6592875,5.0,B00PT90SCW
pacmap,10000,4844,2.350764,-4.6337733,5.0,B00P9WGLCU
pacmap,10000,4845,2.37305,-4.670762,5.0,B00NZV0LP0
pacmap,10000,4846,2.437388,-4.6111684,5.0,B00MOTL0Q8
pacmap,10000,4847,1.7764338,-4.4522443,4.0,B00KVD6CJY
pacmap,10000,4848,0.4544032,7.4139957,4.0,B00LIC2FHA
pacmap,10000,4849,1.1792367,7.9060907,3.0,B00CNMYP0E
pacmap,10000,4850,-1.6191653,-3.117841,3.0,B000JTL6QO
pacmap,10000,4851,-3.7796957,0.81697327,4.0,B001FN14RE
pacmap,10000,4852,-3.4130726,0.80669886,4.0,B0046TVZSW
pacmap,10000,4853,-3.3788168,1.026177,5.0,B00IYOJD84
pacmap,10000,4854,-3.9062471,7.49241,5.0,B00DGM6ZE4
pacmap,10000,4855,-2.3838105,8.960733,4.0,B00EUFP66Y
pacmap,10000,4856,-0.015137645,7.562529,5.0,B00E60PZFK
pacmap,10000,4857,-8.130798,7.7501297,5.0,B006UIFTTS
pacmap,10000,4858,2.4353426,7.183826,4.0,B00BW0QC8G
pacmap,10000,4859,-2.3603716,9.245245,5.0,B00B29X7R6
pacmap,10000,4860,2.733075,3.2384036,2.0,B00A3G8ZIK
pacmap,10000,4861,-6.809114,0.71643114,5.0,B00GPL2ZJ2
pacmap,10000,4862,-0.33808598,-7.645192,4.0,B000068EAM
pacmap,10000,4863,-0.299222,-7.671464,4.0,B0001M2FYQ
pacmap,10000,4864,-3.8514478,8.304349,5.0,B0055D66V4
pacmap,10000,4865,-1.6636004,-2.7036235,5.0,B000XG8WV0
pacmap,10000,4866,-1.1015102,7.899783,4.0,B005EJLFXI
pacmap,10000,4867,-1.8929701,6.970051,4.0,B005EJLFXS
pacmap,10000,4868,-1.8845925,7.170891,4.0,B005G0CUP2
pacmap,10000,4869,-2.699362,0.9554057,5.0,B0026FCXCU
pacmap,10000,4870,-2.7451286,1.4088814,5.0,B002B55PR0
pacmap,10000,4871,-2.970047,1.2406871,5.0,B000N386VE
pacmap,10000,4872,-0.21622051,3.75171,5.0,B0076LY2BY
pacmap,10000,4873,-1.9575303,-3.3890436,5.0,B007GNMNLS
pacmap,10000,4874,-2.293387,-2.71492,5.0,B007GNMMNM
pacmap,10000,4875,-2.2009182,-8.103699,5.0,B004YIZWYI
pacmap,10000,4876,8.411481,-2.7217612,5.0,B08KZ1TZYB
pacmap,10000,4877,0.09702841,-7.7453613,5.0,B00LICJZYQ
pacmap,10000,4878,-0.34358144,-9.9248085,5.0,B07TRQ9JSH
pacmap,10000,4879,-9.219487,-3.8694165,5.0,B016NFJFYC
pacmap,10000,4880,1.0641661,-3.8621392,1.0,B09XV3FW7H
pacmap,10000,4881,-1.8463314,-7.8335314,3.0,B0BRL1Z4WB
pacmap,10000,4882,3.674958,-0.2547297,1.0,B01GVOVB1A
pacmap,10000,4883,3.8231208,1.3773026,1.0,B08LYQT6C6
pacmap,10000,4884,1.6820934,6.0544195,5.0,B08K2GBBY1
pacmap,10000,4885,3.7953029,0.2503159,5.0,B07KM2BW2P
pacmap,10000,4886,-0.18519251,0.66748476,5.0,B08F28DTVP
pacmap,10000,4887,3.016552,6.932896,5.0,B06WD7HC3C
pacmap,10000,4888,5.117435,3.236799,5.0,B01MQFICHV
pacmap,10000,4889,-6.587425,7.737978,5.0,B0753GNMW2
pacmap,10000,4890,2.311675,-0.7005436,1.0,B095JX15XF
pacmap,10000,4891,1.5516206,0.5322228,5.0,B0098USJJ2
pacmap,10000,4892,-0.49469092,-10.839068,3.0,B088BG6512
pacmap,10000,4893,5.8675833,4.044404,5.0,B07SYZRRS2
pacmap,10000,4894,0.29850242,8.796383,5.0,B07R78QTJ3
pacmap,10000,4895,7.1375813,4.1455307,5.0,B00RBG6OE2
pacmap,10000,4896,7.5130124,3.5451841,5.0,B076PHPKML
pacmap,10000,4897,19.414192,12.065603,5.0,B00OPTOKI0
pacmap,10000,4898,7.023823,3.3924804,5.0,B01985CJUG
pacmap,10000,4899,6.9044633,1.7920176,5.0,B0779JLSB1
pacmap,10000,4900,0.24060005,-11.042289,5.0,B00TFGX35Y
pacmap,10000,4901,5.062651,1.8742833,5.0,B0013GJIBC
pacmap,10000,4902,-2.4121776,7.102168,1.0,B086Y77P1D
pacmap,10000,4903,0.91169244,-0.2971573,1.0,B0852JSP1W
pacmap,10000,4904,3.9213693,1.5844355,1.0,B07JF2ZSC9
pacmap,10000,4905,-0.39458898,-5.4241986,5.0,B07H65KP63
pacmap,10000,4906,-0.52364695,-10.557486,4.0,B0170RBJ9Q
pacmap,10000,4907,5.9438276,-0.75781316,5.0,B08G43DN5X
pacmap,10000,4908,2.4716914,3.9227698,5.0,B07P6WSXBW
pacmap,10000,4909,-2.572602,-12.150982,5.0,B07X6KGF9R
pacmap,10000,4910,-3.990586,7.556528,5.0,B079D84TFQ
pacmap,10000,4911,-0.59136486,-0.32642815,5.0,B00N2ZDXW2
pacmap,10000,4912,-0.26093405,-10.550115,4.0,B09F3H9RRY
pacmap,10000,4913,8.206342,5.700463,5.0,B09YNVBNRT
pacmap,10000,4914,-1.323983,-10.807255,5.0,B0C338S8M7
pacmap,10000,4915,2.202081,7.6488757,2.0,B01M71YIG3
pacmap,10000,4916,-0.8394086,-5.395576,5.0,B07GZFM1ZM
pacmap,10000,4917,-0.1420305,-4.7057977,4.0,B075X8471B
pacmap,10000,4918,8.480706,-2.7368908,5.0,B076YTXPC8
pacmap,10000,4919,5.3690133,3.8635588,5.0,B0B17GGGGY
pacmap,10000,4920,-2.4959476,-12.013326,5.0,B07C6FHTSH
pacmap,10000,4921,4.4690776,1.627744,5.0,B09N97CTTW
pacmap,10000,4922,-2.7473822,-8.359397,1.0,B073VLYXRW
pacmap,10000,4923,16.305824,17.219805,5.0,B0BHYZQ5LM
pacmap,10000,4924,16.308815,17.22116,5.0,B09Y8VRNRV
pacmap,10000,4925,16.306799,17.222029,5.0,B0BPHSS2PW
pacmap,10000,4926,7.463856,3.5404737,5.0,B09YPZWP36
pacmap,10000,4927,-0.88017195,-10.085689,5.0,B0B16HQ7NW
pacmap,10000,4928,-0.8240122,-9.943144,5.0,B0C2CJ136N
pacmap,10000,4929,-0.4927482,-9.308501,5.0,B097ZY395L
pacmap,10000,4930,-1.8144344,-4.102257,4.0,B08FWXW5TC
pacmap,10000,4931,2.3978784,7.746685,5.0,B07N6YPCMZ
pacmap,10000,4932,1.4685037,-4.1011443,5.0,B08NXWM3GK
pacmap,10000,4933,-6.4422603,-3.3362336,5.0,B08BPG8YJ6
pacmap,10000,4934,1.028208,-3.4831126,3.0,B0BMJ4RFGT
pacmap,10000,4935,-2.9401162,0.5373046,5.0,B08L588BBW
pacmap,10000,4936,-2.254649,0.5068913,5.0,B09XXVR2JT
pacmap,10000,4937,-2.3004084,0.11221098,5.0,B09XXVR2JT
pacmap,10000,4938,-6.280106,1.3517566,5.0,B07ZSD7CBJ
pacmap,10000,4939,-2.1898344,0.27644217,5.0,B09TD6YRS4
pacmap,10000,4940,1.4923552,-4.2244043,5.0,B08HPHRXDT
pacmap,10000,4941,1.6968778,-4.4224687,5.0,B0B5P8C87Y
pacmap,10000,4942,2.7413652,0.48447278,5.0,B084JSDR5B
pacmap,10000,4943,-2.3237417,1.9539092,5.0,B095PVXLWJ
pacmap,10000,4944,-2.2574556,-8.594119,5.0,B08WLY6BPG
pacmap,10000,4945,-5.216444,-3.1194437,5.0,B0B8W72ZG6
pacmap,10000,4946,0.1964325,21.096737,5.0,B0BFFXDM1V
pacmap,10000,4947,-2.5945718,-2.412035,5.0,B08QSLJKGX
pacmap,10000,4948,1.5475312,-4.1476316,5.0,B0BN5D2G8G
pacmap,10000,4949,-1.9931628,1.0196841,5.0,B093CFF943
pacmap,10000,4950,2.9158878,0.894398,4.0,B09K3ZLPB5
pacmap,10000,4951,2.2626443,1.9262545,5.0,B08H5S9QZ5
pacmap,10000,4952,-2.6826692,-0.06464522,5.0,B08RRS4W2D
pacmap,10000,4953,1.8153559,-4.356019,5.0,B08N3DHVS1
pacmap,10000,4954,-5.2844477,-2.6122825,4.0,B0BV25ZQW3
pacmap,10000,4955,-3.0017345,-12.0316515,5.0,B0BDSZ2KT3
pacmap,10000,4956,-2.6964083,-11.648472,5.0,B08JWJG7WS
pacmap,10000,4957,-1.7740569,-0.15292703,5.0,B08R62YZ97
pacmap,10000,4958,-1.2638993,-4.550539,5.0,B08T252MCJ
pacmap,10000,4959,-5.681382,-2.5139208,5.0,B087ZMWQB6
pacmap,10000,4960,-6.10245,-1.966969,5.0,B08NDGD2V5
pacmap,10000,4961,-1.2262161,-0.344651,5.0,B08PBQGJ2Q
pacmap,10000,4962,-5.0405207,-3.0259655,5.0,B08R6936N6
pacmap,10000,4963,-3.5083199,-12.360291,5.0,B08SQ8QNPW
pacmap,10000,4964,-3.0461607,-11.8525715,5.0,B08N63BCW8
pacmap,10000,4965,-2.217321,0.4692933,5.0,B08DR5MNNG
pacmap,10000,4966,-2.7863607,-11.263233,5.0,B0C4TNHV6H
pacmap,10000,4967,-1.9992108,0.015331113,5.0,B08PB9PFPY
pacmap,10000,4968,-5.551332,3.6256151,5.0,B08T91YHPW
pacmap,10000,4969,-6.106794,7.757768,5.0,B09XHR8WDZ
pacmap,10000,4970,-1.5478878,2.597582,5.0,B08NJCDFPD
pacmap,10000,4971,-4.9503455,-3.0783896,5.0,B08PCWHQ7W
pacmap,10000,4972,-2.0945647,0.54424655,5.0,B08P3J2JP2
pacmap,10000,4973,-3.197411,-12.224368,5.0,B08Q81H52F
pacmap,10000,4974,-6.200738,7.7520056,5.0,B09X9BNL7K
pacmap,10000,4975,2.4548957,7.9567685,5.0,B086GFYLYF
pacmap,10000,4976,-5.299378,-2.3796623,5.0,B08T9T4C7J
pacmap,10000,4977,1.7608585,-4.451411,5.0,B0922SG3ZT
pacmap,10000,4978,3.0988321,1.486092,4.0,B0C68XNGG1
pacmap,10000,4979,1.53831,-4.092439,5.0,B08V4FB3X3
pacmap,10000,4980,-4.156165,0.9577063,5.0,B0BS2SLDVY
pacmap,10000,4981,-5.0202146,-3.036885,4.0,B08DHCNQQ2
pacmap,10000,4982,-6.206013,-3.9206612,5.0,B089X3PYHP
pacmap,10000,4983,-3.299253,-2.908297,5.0,B0BM3V5NTN
pacmap,10000,4984,1.5854949,-3.4373424,5.0,B07TXDLM8T
pacmap,10000,4985,1.6454389,-4.220106,5.0,B0BM3PMNM7
pacmap,10000,4986,3.9342456,1.0958098,5.0,B0B8F272SB
pacmap,10000,4987,-2.9767787,-11.3914795,5.0,B08HMHP2BP
pacmap,10000,4988,-3.4757156,-11.875447,5.0,B092HWCDVW
pacmap,10000,4989,-0.6204608,-10.250619,5.0,B08P19WSDC
pacmap,10000,4990,-3.4027781,0.5592729,4.0,B08R9J16VM
pacmap,10000,4991,1.0429835,2.7651286,5.0,B08J3T813G
pacmap,10000,4992,-4.310526,-2.6070936,4.0,B08H1H29F4
pacmap,10000,4993,-8.210625,7.78807,5.0,B07DBSKWQ5
pacmap,10000,4994,-5.054502,-2.9103153,5.0,B08P5BMJ9D
pacmap,10000,4995,-8.733188,-3.7722206,5.0,B09MHWMM15
pacmap,10000,4996,-3.3643756,-12.079653,5.0,B08L5LKVY7
pacmap,10000,4997,-4.400714,-4.088296,5.0,B0874V465W
pacmap,10000,4998,-8.201914,-3.9880772,5.0,B095RSQWSQ
pacmap,10000,4999,-3.5004919,-12.371599,5.0,B081SLB69N
pacmap,10000,5000,-2.953259,-11.33862,5.0,B08KDZ2NZX
pacmap,10000,5001,-2.3463368,-11.860148,5.0,B08KDX5H5Z
pacmap,10000,5002,-5.0502505,-2.9950898,5.0,B081S5XL28
pacmap,10000,5003,-0.05828708,-2.7665596,5.0,B08F42NXGC
pacmap,10000,5004,0.88663316,-3.7364106,4.0,B0C9LC3TWC
pacmap,10000,5005,-5.7845325,-2.192871,5.0,B08PXVLQPM
pacmap,10000,5006,-5.066185,-2.907314,5.0,B08PY4KLLT
pacmap,10000,5007,-2.0975916,0.03274349,5.0,B08F2KD7XV
pacmap,10000,5008,-2.0627828,-0.042041678,5.0,B0953CV398
pacmap,10000,5009,-3.3552132,-2.6556847,5.0,B0BRXKZHGM
pacmap,10000,5010,-3.4504478,-2.7559514,5.0,B08DNP7BR8
pacmap,10000,5011,-6.500858,1.0486506,5.0,B08FCRFJ9V
pacmap,10000,5012,-3.5256789,-2.7313204,5.0,B09P3CXB5D
pacmap,10000,5013,1.7707758,-4.4235325,5.0,B09G3MBH6V
pacmap,10000,5014,-2.8952832,-2.7572136,5.0,B08MVBT82R
pacmap,10000,5015,-2.0813181,0.10716848,5.0,B09M8N7YML
pacmap,10000,5016,0.20441747,-0.3758696,5.0,B088SV42R7
pacmap,10000,5017,-1.0211164,-9.968251,5.0,B08JVG6ZYD
pacmap,10000,5018,-5.0717864,-3.0236835,5.0,B08J4HD9YM
pacmap,10000,5019,1.816778,-4.4269524,5.0,B09SN7TZ99
pacmap,10000,5020,-3.0042953,-12.101028,5.0,B09ZMJCQ51
pacmap,10000,5021,-2.9530609,-11.591256,5.0,B08J835GBX
pacmap,10000,5022,-5.044675,-2.9963634,5.0,B0BZHM9JD9
pacmap,10000,5023,-4.5004787,-3.920228,5.0,B08KJWJZ6B
pacmap,10000,5024,-0.87319964,-9.95773,5.0,B094F8DLWL
pacmap,10000,5025,-0.64506584,-10.192714,5.0,B0845NH17T
pacmap,10000,5026,-5.1246576,-3.0379546,5.0,B0848H7FKT
pacmap,10000,5027,-1.6944263,-0.054833904,5.0,B09RYVXYLV
pacmap,10000,5028,-2.206926,-11.442417,5.0,B09LTXKQC9
pacmap,10000,5029,-5.149424,-2.8705697,5.0,B0BWLTM2TR
pacmap,10000,5030,1.1328862,8.289902,5.0,B0C7RMY5RV
pacmap,10000,5031,-2.8291135,-11.114916,5.0,B0C5PC4J6W
pacmap,10000,5032,-2.831187,-11.907094,5.0,B08DCNVB7Y
pacmap,10000,5033,-2.9535,-12.035506,5.0,B09M85WPFM
pacmap,10000,5034,-0.3426258,-9.97736,4.0,B077ZNYSVY
pacmap,10000,5035,-1.3195227,1.4081359,5.0,B08GQLY9Q7
pacmap,10000,5036,2.5023131,7.8609786,5.0,B09KBKDN6P
pacmap,10000,5037,1.6416563,-4.3837404,5.0,B08YFXR1KC
pacmap,10000,5038,3.3707561,5.068415,5.0,B07WYLFQBK
pacmap,10000,5039,-2.3639088,-12.035983,5.0,B0B76HTH5W
pacmap,10000,5040,3.7402976,4.9892373,5.0,B07WYLFQBK
pacmap,10000,5041,3.6628647,5.5788345,5.0,B07RH7R1ZV
pacmap,10000,5042,-0.9747965,1.664473,5.0,B09XTYMF6N
pacmap,10000,5043,3.6070082,5.1851926,5.0,B083S3RB3W
pacmap,10000,5044,-2.1436458,-12.200521,5.0,B07WF9SLQP
pacmap,10000,5045,-0.8719968,1.4524692,5.0,B083R4WXYG
pacmap,10000,5046,-7.2680125,-3.019734,5.0,B083SGXJH5
pacmap,10000,5047,3.3145652,4.967915,5.0,B08L6G1V2Y
pacmap,10000,5048,3.6151478,5.5505004,5.0,B083RSDVGK
pacmap,10000,5049,3.5630083,5.442854,5.0,B07RZ7KMY3
pacmap,10000,5050,3.5606835,5.574362,5.0,B083QBBM8Z
pacmap,10000,5051,2.138739,8.210545,4.0,B07YYWK432
pacmap,10000,5052,3.6316814,5.48141,5.0,B07W2W4TMY
pacmap,10000,5053,3.4887505,5.436654,5.0,B07VQT48HD
pacmap,10000,5054,3.5565646,5.4558125,5.0,B083Q7TT1S
pacmap,10000,5055,-0.64214146,1.4082766,5.0,B09PHLPCVY
pacmap,10000,5056,3.46052,5.4643035,5.0,B08C2SWB9G
pacmap,10000,5057,3.604113,5.5486436,5.0,B08DFTYC47
pacmap,10000,5058,3.5449436,5.3781133,5.0,B082YBBZ8H
pacmap,10000,5059,-1.3202201,1.8062582,5.0,B0834ZYDCV
pacmap,10000,5060,-6.9169664,1.964277,5.0,B07HDDRGNF
pacmap,10000,5061,-0.857671,1.3042957,5.0,B0833VJ5FQ
pacmap,10000,5062,-6.7692904,-5.514573,5.0,B08PFVF5L8
pacmap,10000,5063,3.5988371,5.5645003,5.0,B09MLWMGZK
pacmap,10000,5064,-2.5584683,-12.078172,5.0,B07VX7V91Q
pacmap,10000,5065,-2.6086462,-12.332714,5.0,B07XV3GGRX
pacmap,10000,5066,-3.0052934,-11.877281,5.0,B08PFW1S1V
pacmap,10000,5067,-7.221944,-3.3068721,5.0,B07HKFG85D
pacmap,10000,5068,0.31289527,-0.41068503,5.0,B09S4C4CHW
pacmap,10000,5069,-0.47961214,2.0872428,5.0,B0B9HF8KDV
pacmap,10000,5070,3.6880994,5.4150553,5.0,B077FZMDN3
pacmap,10000,5071,-0.6107971,-4.6914167,5.0,B07D4FQB8S
pacmap,10000,5072,2.9202418,2.6615508,3.0,B0785QPDXM
pacmap,10000,5073,4.4728713,1.6436871,2.0,B07SHD43P6
pacmap,10000,5074,3.096563,4.569413,3.0,B081HH5X61
pacmap,10000,5075,18.84602,-1.5342029,4.0,B089QHW4XN
pacmap,10000,5076,2.9459665,3.344339,4.0,B08XJGMVK9
pacmap,10000,5077,18.853062,-1.5380496,4.0,B07LG5WBTS
pacmap,10000,5078,7.733784,3.6686099,4.0,B08K7GNGC5
pacmap,10000,5079,18.825375,-1.5287814,4.0,B0BFWPD9J4
pacmap,10000,5080,18.833353,-1.5278455,4.0,B0882S92LT
pacmap,10000,5081,6.2815394,2.0209978,4.0,B0BWVDRR6L
pacmap,10000,5082,6.2125397,1.9364642,5.0,B00L4PY754
pacmap,10000,5083,6.170414,2.1077354,4.0,B087TPK5NX
pacmap,10000,5084,5.346142,2.3376336,3.0,B07TY892KH
pacmap,10000,5085,6.031601,-0.7144476,1.0,B00FFHDQP4
pacmap,10000,5086,8.248918,-2.708255,4.0,B00FZYT278
pacmap,10000,5087,1.5173682,0.35012013,5.0,B09PV3FX4S
pacmap,10000,5088,3.129397,2.6691206,5.0,B08SFG899Z
pacmap,10000,5089,-5.985674,-5.8715377,2.0,B09KKV39T6
pacmap,10000,5090,-0.18655574,0.6169763,5.0,B09BNZ4Q11
pacmap,10000,5091,4.6571827,-0.42897224,5.0,B083ZF5BBP
pacmap,10000,5092,-2.7135885,-12.555127,5.0,B0C4TXH4W7
pacmap,10000,5093,3.9856262,3.3049173,5.0,B01HORSXZ0
pacmap,10000,5094,4.8308086,1.3314277,5.0,B0B8SX56M3
pacmap,10000,5095,3.8432307,4.3239517,5.0,B09CQ136KH
pacmap,10000,5096,1.839837,-4.3888497,4.0,B0B6DPD19Z
pacmap,10000,5097,3.8616493,1.71683,5.0,B08FJ5GV6L
pacmap,10000,5098,2.4370642,0.70410734,5.0,B0787348WK
pacmap,10000,5099,-0.46894506,0.56012887,5.0,B08GRY1W93
pacmap,10000,5100,-10.407736,-3.4981813,5.0,B01GKODU92
pacmap,10000,5101,-7.001874,2.097867,5.0,B0784SY515
pacmap,10000,5102,0.20128809,5.6334133,5.0,B076LJ7W11
pacmap,10000,5103,-5.85368,-1.5508014,5.0,B09FQFFX15
pacmap,10000,5104,4.476313,0.857288,5.0,B0949SYKMX
pacmap,10000,5105,1.5978689,0.57215554,4.0,B0177NUYIU
pacmap,10000,5106,0.70264804,-3.3238797,5.0,B008VK2XXS
pacmap,10000,5107,-3.4343276,-12.048648,5.0,B003H83XP6
pacmap,10000,5108,-6.1341553,7.6120696,5.0,B06XH99NWW
pacmap,10000,5109,-1.0177073,-3.677804,5.0,B078T633Q9
pacmap,10000,5110,-0.29247448,5.8059177,5.0,B088FK6V33
pacmap,10000,5111,-0.17388596,-9.739277,5.0,B07YG5JF97
pacmap,10000,5112,-0.9728029,8.512648,1.0,B07KFTV3PW
pacmap,10000,5113,1.896999,5.6380353,5.0,B01A6NW5WQ
pacmap,10000,5114,-0.5679106,1.8631722,5.0,B01MQVXHUM
pacmap,10000,5115,-3.7775066,8.576454,5.0,B01BRWH8G8
pacmap,10000,5116,-9.925541,-2.748406,5.0,B09BP1LB8L
pacmap,10000,5117,-0.35155553,-5.7683606,3.0,B01B71XJBM
pacmap,10000,5118,-5.2974653,0.70255446,5.0,B011BRUOMO
pacmap,10000,5119,-7.999857,7.576337,1.0,B07W9FV391
pacmap,10000,5120,-8.004089,-3.1523774,4.0,B074QLCKW6
pacmap,10000,5121,-1.7478968,-11.614479,5.0,B007UNOH0O
pacmap,10000,5122,6.138589,0.1279313,5.0,B07K2Q5JY7
pacmap,10000,5123,0.8348658,2.6112752,5.0,B092W3K376
pacmap,10000,5124,-2.1937203,-4.589039,5.0,B01HI9ODP8
pacmap,10000,5125,-1.0218823,8.420711,5.0,B01ITOEQT4
pacmap,10000,5126,-6.819801,-5.4638643,4.0,B00K8GZHUY
pacmap,10000,5127,4.039295,2.8554332,5.0,B007CGO45W
pacmap,10000,5128,0.5280963,4.14709,5.0,B09SXP5VB5
pacmap,10000,5129,-9.149833,-4.776278,2.0,B0BNPL25Z9
pacmap,10000,5130,-3.34946,-11.6317625,4.0,B0001FTVEA
pacmap,10000,5131,-2.3553529,-4.6585507,5.0,B07MTCMHZX
pacmap,10000,5132,4.5189986,3.113764,5.0,0062970704
pacmap,10000,5133,-1.91964,-11.860338,3.0,B09PRC3WC5
pacmap,10000,5134,1.2047993,19.590971,3.0,B094V7S7D7
pacmap,10000,5135,7.9494605,0.12995163,4.0,B00JUQJWA4
pacmap,10000,5136,3.6690319,3.0981638,4.0,B09LQ6T5WP
pacmap,10000,5137,-7.807076,-5.6586194,5.0,B072FHJVT2
pacmap,10000,5138,5.6810517,6.157552,5.0,B077TDVZK5
pacmap,10000,5139,4.3638024,-0.16032135,4.0,B07P8QMBWN
pacmap,10000,5140,0.27750915,8.295946,4.0,B004JWA70I
pacmap,10000,5141,-3.629325,9.232782,5.0,B005KELQEU
pacmap,10000,5142,-7.0887313,-5.1597157,5.0,B0C7THZNCB
pacmap,10000,5143,6.5163226,1.7308227,5.0,B07GZFM1ZM
pacmap,10000,5144,4.999039,-0.67895675,1.0,B07T3HVV45
pacmap,10000,5145,-4.0038314,7.623302,5.0,B092C37YFP
pacmap,10000,5146,-9.38142,-4.247224,3.0,B0BC86L9C1
pacmap,10000,5147,6.754463,3.8933995,5.0,B07H65KP63
pacmap,10000,5148,-1.0104144,8.255648,1.0,B0BTBT3ZBD
pacmap,10000,5149,-1.0866551,6.509644,3.0,B0C3HNDTW1
pacmap,10000,5150,4.5128284,4.852691,1.0,B09KT5177V
pacmap,10000,5151,-1.1632265,8.381848,3.0,B077SG14PF
pacmap,10000,5152,4.6205945,5.0458493,5.0,B07VM4W41Q
pacmap,10000,5153,-0.15955998,-10.39406,5.0,B0BZC26QJ6
pacmap,10000,5154,-0.21350627,-10.524717,5.0,B00KH62W7Q
pacmap,10000,5155,-0.09925861,0.2613932,5.0,B08LKM83M8
pacmap,10000,5156,6.6450896,2.9387968,5.0,B09ZPT8Z8J
pacmap,10000,5157,-1.4187903,8.04357,5.0,B07MFSD8ZW
pacmap,10000,5158,7.123828,3.8221042,5.0,B087Z5WDJ2
pacmap,10000,5159,-6.2688456,-6.033408,5.0,B0B9S7TTCZ
pacmap,10000,5160,-0.15029909,4.107478,5.0,B01CDWA930
pacmap,10000,5161,2.756215,-0.3572403,5.0,B003NLPHZQ
pacmap,10000,5162,-0.124291815,-5.7029676,5.0,B07GZFM1ZM
pacmap,10000,5163,-6.466002,-4.1463304,5.0,B0B5S24VNN
pacmap,10000,5164,-5.37395,1.073898,5.0,B00GHBBK82
pacmap,10000,5165,3.810092,3.0129542,4.0,B00X0VL4FG
pacmap,10000,5166,-0.3558097,-5.114735,4.0,B01N44JBS4
pacmap,10000,5167,0.4731089,8.556665,5.0,B07DH8JGQ6
pacmap,10000,5168,0.15344809,6.580119,5.0,B07PFSKTNJ
pacmap,10000,5169,-0.0379918,6.833283,5.0,B07GZK69JX
pacmap,10000,5170,-0.24885026,7.184549,5.0,B0CFTZHBPS
pacmap,10000,5171,0.58192545,6.4283314,5.0,B0BFFD94QK
pacmap,10000,5172,-0.5797904,-3.0990553,5.0,B00OV6KNDS
pacmap,10000,5173,0.12927207,2.748678,5.0,B07CXQRMLQ
pacmap,10000,5174,-7.5848246,-3.8113735,5.0,B07RN46PWL
pacmap,10000,5175,-6.5675817,-3.255358,5.0,B07DFPWZ86
pacmap,10000,5176,-5.9536815,3.1053348,5.0,B08L93T3ZZ
pacmap,10000,5177,-10.120867,-2.8154306,1.0,B093K72JN6
pacmap,10000,5178,5.562106,1.8850957,5.0,B01J962Q3E
pacmap,10000,5179,-1.4032991,2.6737292,2.0,B013ZJMR3K
pacmap,10000,5180,-3.1593215,-4.8092256,5.0,B00IJHC0Q8
pacmap,10000,5181,-9.730915,-3.8832889,5.0,B00L10CO7U
pacmap,10000,5182,2.6447995,2.3817232,5.0,B00IXX2Z1I
pacmap,10000,5183,-6.1682444,-5.930786,4.0,B071WTX9CZ
pacmap,10000,5184,-6.4022193,-3.3799665,4.0,B002VM4D76
pacmap,10000,5185,-5.364172,-5.8831196,5.0,B013EKI2DY
pacmap,10000,5186,1.4668161,-1.7367967,5.0,B00XJKCT7K
pacmap,10000,5187,-2.8332832,-11.911945,4.0,B00JYFT4PO
pacmap,10000,5188,-5.0080605,-5.949515,5.0,B00ESM3KOY
pacmap,10000,5189,-5.2311893,-6.1630855,5.0,B013EKI2DY
pacmap,10000,5190,1.0969912,-0.668088,1.0,B0957PJW3X
pacmap,10000,5191,-0.9807809,8.390013,5.0,B07CHC71M2
pacmap,10000,5192,-1.5160108,-4.079731,5.0,B004UETB20
pacmap,10000,5193,0.76383203,8.380647,5.0,B07R217P25
pacmap,10000,5194,6.6477265,-0.99983793,5.0,B0C1J4XGB1
pacmap,10000,5195,4.244831,0.033145167,5.0,B01N53QC9F
pacmap,10000,5196,5.9589925,3.7912855,5.0,B07GVS4RW2
pacmap,10000,5197,5.2934055,4.3953323,5.0,B01BH1LMPW
pacmap,10000,5198,-3.9470618,-3.9344754,5.0,B07H3NRQ5P
pacmap,10000,5199,-3.7442594,-4.766213,5.0,B001TKTHFY
pacmap,10000,5200,-4.390611,-3.668834,5.0,B0031SEMBQ
pacmap,10000,5201,-1.9142386,-9.595691,5.0,B00FJILVDS
pacmap,10000,5202,-2.5608082,7.0886,5.0,B01DKA81PW
pacmap,10000,5203,-0.9500375,8.459625,5.0,B00GQTGQMK
pacmap,10000,5204,-0.6108702,0.98445815,5.0,B0090T8NL0
pacmap,10000,5205,-1.2045882,-4.268192,4.0,B0971XBV8M
pacmap,10000,5206,1.4121596,1.4738951,5.0,B00G5N0ZZQ
pacmap,10000,5207,-4.1917386,-3.3522792,5.0,B0BQ1WB3HB
pacmap,10000,5208,-1.4653019,3.506761,4.0,B0C38D92G3
pacmap,10000,5209,-6.1827335,-1.6712947,5.0,B08FF3BDW5
pacmap,10000,5210,-1.2775303,3.671081,4.0,B09Z2YS7NZ
pacmap,10000,5211,-1.4056453,3.3550088,5.0,B0BCPPXHGL
pacmap,10000,5212,-6.8338637,1.2830513,4.0,B0B5F2T39H
pacmap,10000,5213,-7.043141,1.1692418,4.0,B0BBTD4ZNF
pacmap,10000,5214,-7.612574,-5.7851057,5.0,B0BHXQLLXB
pacmap,10000,5215,-1.9083565,2.3295872,5.0,B0BRCWP7G5
pacmap,10000,5216,-8.076214,7.8398037,4.0,B0BBVXJ517
pacmap,10000,5217,-1.8167517,2.4088917,5.0,B0BKL3TYWK
pacmap,10000,5218,-3.1386824,-8.237026,5.0,B09YR528HY
pacmap,10000,5219,0.83667594,4.0404086,4.0,B09N7C6QRK
pacmap,10000,5220,-1.4770106,3.4946847,5.0,B0BCPPHKQB
pacmap,10000,5221,-10.496421,-3.4164264,5.0,B095MFQHW7
pacmap,10000,5222,-3.9635708,-12.981235,4.0,B0BJS6CXDN
pacmap,10000,5223,-6.2433834,1.0780205,4.0,B09W7FMF69
pacmap,10000,5224,-1.1577767,-4.8458247,4.0,B09WTTPTKY
pacmap,10000,5225,-1.6123742,1.0911452,5.0,B09YHBTBH5
pacmap,10000,5226,-0.6395563,1.4992379,5.0,B09PBQJPDR
pacmap,10000,5227,-3.750459,-12.831141,5.0,B0B33KCS1Q
pacmap,10000,5228,-1.53161,2.3207896,4.0,B09T8FZ4P6
pacmap,10000,5229,0.9856674,2.9613895,4.0,B09T2P9F8B
pacmap,10000,5230,-1.2557908,2.7139795,5.0,B09N3FLQGS
pacmap,10000,5231,-7.5632453,7.8453474,5.0,B0BK4XYBVK
pacmap,10000,5232,-3.880936,-12.884403,4.0,B09LK7TRYV
pacmap,10000,5233,-8.172063,7.751713,5.0,B09PYSNBDJ
pacmap,10000,5234,-7.891249,7.729982,4.0,B0C8F5GQCV
pacmap,10000,5235,-3.7866938,-12.699069,5.0,B07XLX24YH
pacmap,10000,5236,-3.9399555,-12.894571,5.0,B09LG5R8TT
pacmap,10000,5237,-1.2537423,0.98982364,4.0,B0BWFQGY7C
pacmap,10000,5238,-1.5097958,3.4548182,5.0,B0BW2QJ4WQ
pacmap,10000,5239,-1.8466913,2.3834407,5.0,B09QD16DGC
pacmap,10000,5240,-7.0816464,1.3704422,5.0,B0C5SQTX9S
pacmap,10000,5241,0.19909015,21.109497,5.0,B09F4R42N7
pacmap,10000,5242,-3.6520584,-2.942856,5.0,B0BNVFS65F
pacmap,10000,5243,-2.1558576,2.1298745,3.0,B07QV6T1T7
pacmap,10000,5244,-5.2310777,1.0292581,5.0,B08TJXX3MD
pacmap,10000,5245,-7.225203,-5.989673,5.0,B0B7Z96WFM
pacmap,10000,5246,-1.0487792,1.0903986,5.0,B0912JH82X
pacmap,10000,5247,-3.9666348,-12.976545,5.0,B0BZ57TZWL
pacmap,10000,5248,0.16851209,21.152792,4.0,B08R7WLBG7
pacmap,10000,5249,-1.9765837,-0.16932692,4.0,B09FDGFZP9
pacmap,10000,5250,-1.1786424,-4.730019,2.0,B0BYSP7CWB
pacmap,10000,5251,-3.8969865,-12.869494,4.0,B08N1RHYTB
pacmap,10000,5252,-3.8723025,-12.868092,5.0,B0C5B1LW2Y
pacmap,10000,5253,-9.026387,-4.029485,5.0,B08SHYNYFD
pacmap,10000,5254,1.257197,7.512899,2.0,B08131JS8S
pacmap,10000,5255,-6.2644005,-7.1662025,5.0,B08P6S2757
pacmap,10000,5256,-4.794982,-6.6102757,5.0,B08DMP2ZVS
pacmap,10000,5257,-5.20074,-6.6879516,5.0,B08Q2WMGKP
pacmap,10000,5258,-0.8312981,1.5627089,5.0,B08BNN9M7N
pacmap,10000,5259,-2.2217915,2.1405628,5.0,B00PJ4NIGA
pacmap,10000,5260,-2.658873,0.21040843,5.0,B08F4TY5PG
pacmap,10000,5261,-6.948816,1.4823128,5.0,B09HRKD9F7
pacmap,10000,5262,-6.266157,7.6656427,5.0,B07TMDSS3Q
pacmap,10000,5263,-1.3281784,2.744561,4.0,B0BCWDGF17
pacmap,10000,5264,-8.231126,7.8354974,5.0,B088TCN4ZM
pacmap,10000,5265,-3.966474,-12.926664,5.0,B09B41329R
pacmap,10000,5266,0.11982133,-7.762824,5.0,B0B9HJ69JY
pacmap,10000,5267,-0.6182947,1.0764474,5.0,B07MMRD8MJ
pacmap,10000,5268,0.16137956,4.220321,5.0,B08FG7X8TL
pacmap,10000,5269,-1.4102535,3.4354594,5.0,B07CH2V7WM
pacmap,10000,5270,-1.4450616,3.1558852,4.0,B07JNSMYDR
pacmap,10000,5271,-3.5602105,-12.172515,4.0,B07SHGN942
pacmap,10000,5272,-7.6947227,7.8625298,2.0,B083R5QN26
pacmap,10000,5273,-3.5917857,0.8590807,5.0,B07X1B734T
pacmap,10000,5274,-2.249958,0.07893945,5.0,B07QMSHWBH
pacmap,10000,5275,0.8269789,-0.57426745,4.0,B09BDZ5297
pacmap,10000,5276,-7.043135,1.4230212,4.0,B08541SH16
pacmap,10000,5277,0.7671825,-0.5046082,4.0,B07Q1DKVYR
pacmap,10000,5278,2.5821774,8.11363,4.0,B07RPV215N
pacmap,10000,5279,2.4456267,8.486606,4.0,B07NPKR23M
pacmap,10000,5280,-6.505111,2.0826168,4.0,B07QF6H27W
pacmap,10000,5281,2.4056928,8.461239,4.0,B07P567MTJ
pacmap,10000,5282,-0.9974405,1.3397456,3.0,B07PVM4YSX
pacmap,10000,5283,-3.6695452,-12.425884,5.0,B07MNDKM2W
pacmap,10000,5284,-3.2415562,1.624081,4.0,B07N2JWLQ6
pacmap,10000,5285,-7.025849,1.4099419,5.0,B085QC3JXX
pacmap,10000,5286,-3.847942,-12.883645,4.0,B071RBLY8S
pacmap,10000,5287,-3.6525176,-12.58119,5.0,B07JYMFFVR
pacmap,10000,5288,-2.7618444,-10.162815,4.0,B07HMQZ2RB
pacmap,10000,5289,0.42404655,-7.8065343,4.0,B07GRM7FM9
pacmap,10000,5290,-8.010615,7.874868,2.0,B07FNJB8TT
pacmap,10000,5291,-5.871764,7.594451,4.0,B072QZ8B2P
pacmap,10000,5292,-6.5644193,-2.005551,5.0,B07G2FHYZB
pacmap,10000,5293,-8.073812,7.760303,5.0,B07YYS5L1M
pacmap,10000,5294,-3.0346944,1.9715136,5.0,B07CDY63PP
pacmap,10000,5295,-8.192152,7.8316164,3.0,B0787GLJNQ
pacmap,10000,5296,-3.8601773,-12.844374,4.0,B079GYWPJN
pacmap,10000,5297,-6.131719,-2.0323415,4.0,B07514FL43
pacmap,10000,5298,-2.7164323,-8.454754,5.0,B07B9RH8SJ
pacmap,10000,5299,-7.896805,7.909357,5.0,B0753P1GTS
pacmap,10000,5300,-4.443631,7.116842,4.0,B0BHGPDLS2
pacmap,10000,5301,-3.757019,-12.584258,5.0,B0778PCW73
pacmap,10000,5302,-7.1224957,1.7634572,4.0,B08KG14KCT
pacmap,10000,5303,-3.7325401,-12.411437,3.0,B083MQJ4R4
pacmap,10000,5304,-8.95172,-3.9730098,3.0,B075S4BX25
pacmap,10000,5305,-3.7941105,-12.767883,3.0,B074WGFJLZ
pacmap,10000,5306,-7.7614856,-5.7871346,5.0,B01KQLAR6O
pacmap,10000,5307,-3.9118128,-12.856736,4.0,B074W5BKPJ
pacmap,10000,5308,-1.5175894,-10.226786,5.0,B0745JLDR1
pacmap,10000,5309,-10.366214,-3.3226252,5.0,B01IMQPBHU
pacmap,10000,5310,-7.0254498,1.3590772,5.0,B07HHS78P1
pacmap,10000,5311,-5.674295,4.0934052,3.0,B06XFDVB2N
pacmap,10000,5312,-3.7928984,-12.806502,5.0,B074KBHW65
pacmap,10000,5313,-0.05221799,-7.6012926,5.0,B0BSDQJCWP
pacmap,10000,5314,-3.547684,-12.3071785,3.0,B0747LWDC1
pacmap,10000,5315,-8.305746,7.849788,5.0,B074HYNMWG
pacmap,10000,5316,-3.870429,-12.839992,5.0,B072JWYJMC
pacmap,10000,5317,-6.7619767,1.3855231,5.0,B09B4S7VNL
pacmap,10000,5318,-2.8071558,1.2995926,4.0,B017HTVXPW
pacmap,10000,5319,-1.3317884,5.7811804,4.0,B06Y5WDVV3
pacmap,10000,5320,-1.2419993,-9.870618,4.0,B075FSD7LS
pacmap,10000,5321,-0.9306733,-9.067506,5.0,B01JQL3EAG
pacmap,10000,5322,-2.7992399,1.402721,4.0,B01MEH8J9Z
pacmap,10000,5323,-1.3405489,2.7022674,4.0,B01E5B04MI
pacmap,10000,5324,-7.753081,-6.154776,5.0,B01IQX40O4
pacmap,10000,5325,-0.10389479,2.0063193,5.0,B01IEVLGK4
pacmap,10000,5326,-6.274167,7.6889257,5.0,B01HXRGRUY
pacmap,10000,5327,2.690181,7.9001565,5.0,B01GWQIXBI
pacmap,10000,5328,-0.008744459,6.3335834,5.0,B01DZPIKG2
pacmap,10000,5329,-1.145007,-9.880202,5.0,B00RWH740S
pacmap,10000,5330,-0.95280725,1.8682231,4.0,B01DD16L3W
pacmap,10000,5331,-4.3483663,-11.392899,4.0,B018X7KXD0
pacmap,10000,5332,-7.779308,7.915496,5.0,B015O5UM6M
pacmap,10000,5333,-3.631565,-12.285803,4.0,B01D8F10P2
pacmap,10000,5334,-0.5332021,3.860494,5.0,B01DIMDG34
pacmap,10000,5335,-2.6009555,-8.409884,5.0,B09W9VDT2F
pacmap,10000,5336,-1.3850992,3.2247295,5.0,B018TQUDSK
pacmap,10000,5337,0.3102407,6.374962,5.0,B018JVE7PU
pacmap,10000,5338,-7.5483165,-3.326402,5.0,B016XHHOH0
pacmap,10000,5339,0.210818,-7.829495,5.0,B0186SDYZU
pacmap,10000,5340,0.19276205,21.11865,4.0,B012FRTBBE
pacmap,10000,5341,-1.616273,1.1974483,5.0,B07MQJ3HYM
pacmap,10000,5342,-1.9429473,-0.8400921,5.0,B00SMBWVS8
pacmap,10000,5343,-0.6417067,1.6774403,5.0,B00WG58QD0
pacmap,10000,5344,-2.633059,-2.2487633,5.0,B00ZW0D5N2
pacmap,10000,5345,2.6879103,7.684136,5.0,B01149G0YU
pacmap,10000,5346,-1.3571391,2.652981,5.0,B015E2780I
pacmap,10000,5347,2.3673434,7.737434,5.0,B0142OHJJY
pacmap,10000,5348,-4.3444886,7.079619,5.0,B0159WEDCO
pacmap,10000,5349,-1.4268093,2.4283996,5.0,B00JL4HN8I
pacmap,10000,5350,-5.236137,7.777876,5.0,B00Y2CZCVE
pacmap,10000,5351,2.3571315,7.8317175,5.0,B00Z9DG5OS
pacmap,10000,5352,-2.6712105,-2.338073,5.0,B00ZXTZ1SY
pacmap,10000,5353,-3.4155803,-11.210935,4.0,B013F7OEUG
pacmap,10000,5354,-2.8978932,-10.577555,5.0,B013B8AZKC
pacmap,10000,5355,-0.61573017,3.8968346,5.0,B00VFX3AIU
pacmap,10000,5356,-2.1954799,-0.024114883,4.0,B00T7NX6SY
pacmap,10000,5357,-1.202914,1.5103632,5.0,B00PW4WZUW
pacmap,10000,5358,-3.2152543,-11.590234,5.0,B00WUIA0U0
pacmap,10000,5359,-1.6013938,1.3217473,5.0,B00MHPWZI6
pacmap,10000,5360,-3.858875,-12.858428,5.0,B010L82Q8E
pacmap,10000,5361,-2.7049365,1.2646132,5.0,B00YOS9F8M
pacmap,10000,5362,0.9029669,7.8833113,5.0,B00ZA13HMC
pacmap,10000,5363,-2.3229558,4.6802535,5.0,B0BNNY341B
pacmap,10000,5364,1.1103061,3.3347545,5.0,B00X9NITTY
pacmap,10000,5365,-6.6075764,-5.9622188,5.0,B00QK5BCWE
pacmap,10000,5366,-1.0476661,-9.37416,5.0,B00XVQ0PCS
pacmap,10000,5367,-7.858626,-2.9347193,4.0,B00W4N3R2Y
pacmap,10000,5368,-2.1234167,4.5256877,5.0,B00NN6F2MO
pacmap,10000,5369,-7.664648,-5.834591,5.0,B00M3SALAG
pacmap,10000,5370,-1.4187282,3.2205417,4.0,B00JL4H7E8
pacmap,10000,5371,-1.4482888,3.3837194,5.0,B07HQ6GDH5
pacmap,10000,5372,-3.5215778,-12.42909,5.0,B00TF1YDH6
pacmap,10000,5373,-6.82153,1.4352303,4.0,B00N1S46SA
pacmap,10000,5374,-2.2208898,-7.996039,5.0,B00QTK9EGG
pacmap,10000,5375,-6.8117223,-5.782634,5.0,B00VR2K9RO
pacmap,10000,5376,-5.9006634,7.588011,5.0,B00P9F5THA
pacmap,10000,5377,-2.4179068,4.733525,5.0,B00RGLPNKI
pacmap,10000,5378,-7.5991225,-5.8617587,5.0,B00QJQX1DM
pacmap,10000,5379,-0.971265,2.1573584,5.0,B00UOR9SES
pacmap,10000,5380,-3.6444633,-12.045194,5.0,B00TY7YXYY
pacmap,10000,5381,-3.4349656,-12.328274,5.0,B00U18GOLK
pacmap,10000,5382,-2.5377712,0.27037448,4.0,B00M48532Q
pacmap,10000,5383,-2.2523856,0.20668758,4.0,B00SAD7VE2
pacmap,10000,5384,-0.3159998,2.7036018,5.0,B00KXFL1JG
pacmap,10000,5385,-4.805532,-6.7111135,5.0,B08TTT6F56
pacmap,10000,5386,-4.7597904,-7.139075,5.0,B08TTT6F56
pacmap,10000,5387,-4.777197,-6.8407674,5.0,B00NXOMA8A
pacmap,10000,5388,-1.7930962,6.7912126,5.0,B00SSNIKV2
pacmap,10000,5389,-3.6813786,-11.907486,5.0,B00T1C353M
pacmap,10000,5390,-6.351833,-2.060196,5.0,B00PTOAAO8
pacmap,10000,5391,-7.0901756,1.2975557,5.0,B00PTM8YT8
pacmap,10000,5392,-4.170149,-11.509195,4.0,B07GXCFNKJ
pacmap,10000,5393,-0.887573,2.174322,5.0,B00R7F7NNS
pacmap,10000,5394,-2.8830626,1.3787838,5.0,B00COZRKCK
pacmap,10000,5395,-1.425896,2.8277562,4.0,B00JKV6ZX6
pacmap,10000,5396,1.9702967,-4.371769,5.0,B00MRVJY1G
pacmap,10000,5397,-1.4068671,-9.538891,5.0,B00PJOPF98
pacmap,10000,5398,-3.7603612,-12.728734,5.0,B00KQFO12W
pacmap,10000,5399,-7.537455,-3.2687125,3.0,B07TKNPPQS
pacmap,10000,5400,-1.273022,7.944362,3.0,B081RJQCJK
pacmap,10000,5401,1.9161215,-4.30261,5.0,B00TX00IQY
pacmap,10000,5402,-2.5868409,-2.3751748,4.0,B00KG74H24
pacmap,10000,5403,-4.026559,7.0174737,5.0,B00CIC0YKO
pacmap,10000,5404,-5.8180695,3.9397078,4.0,B00K4PAP06
pacmap,10000,5405,-3.389245,-2.2904422,5.0,B00JR6GCZA
pacmap,10000,5406,-3.938903,-13.009716,4.0,B00IUICOR6
pacmap,10000,5407,0.30312106,1.4191592,5.0,B001H4B0AC
pacmap,10000,5408,-7.006874,1.9906768,5.0,B00ISVKHBK
pacmap,10000,5409,-6.158641,3.4332547,5.0,B00M4AYP7S
pacmap,10000,5410,-2.5127902,4.39132,1.0,B0000AKA8Y
pacmap,10000,5411,-2.7585158,-10.939313,5.0,B008Y1KLME
pacmap,10000,5412,-4.3919954,7.0773544,4.0,B00EQW6LY2
pacmap,10000,5413,-4.0010557,-13.034405,5.0,B00BWH7TIG
pacmap,10000,5414,2.2038767,8.288515,4.0,B00BW0QC8G
pacmap,10000,5415,-3.333084,0.9561221,5.0,B00CZ84UB0
pacmap,10000,5416,-6.274992,3.0916197,4.0,B00BM1PWY0
pacmap,10000,5417,-7.9119873,7.828649,4.0,B00ACC0P0Q
pacmap,10000,5418,-6.0547614,-0.92785496,4.0,B00AGV7T5W
pacmap,10000,5419,-2.1829605,-8.733646,4.0,B0093IZOV0
pacmap,10000,5420,0.8842418,-0.5283076,4.0,B008NN54WK
pacmap,10000,5421,1.7742167,-4.1706014,5.0,B0044YU60M
pacmap,10000,5422,-0.86958444,1.8086628,2.0,B005L1LKF2
pacmap,10000,5423,-1.6228244,-8.917361,5.0,B002LH3ZKC
pacmap,10000,5424,-6.573842,2.5794516,4.0,B009AU2JT6
pacmap,10000,5425,-1.6664126,2.6646485,5.0,B007BYLKC0
pacmap,10000,5426,-3.9198434,-12.940427,3.0,B007P2NLKM
pacmap,10000,5427,-7.1880264,1.4142488,5.0,B008422JDM
pacmap,10000,5428,-4.3292313,7.096924,4.0,B008AI3XDA
pacmap,10000,5429,0.8459264,-0.15219575,5.0,B007PXUMXK
pacmap,10000,5430,-3.8363254,-12.811809,5.0,B00WUGT0B2
pacmap,10000,5431,0.7479509,-0.45556626,5.0,B003ZX8B2S
pacmap,10000,5432,-3.0799782,0.97228426,4.0,B005JXADTG
pacmap,10000,5433,-3.8399308,-12.791836,5.0,B00WUNA0DC
pacmap,10000,5434,-3.6640043,-12.766655,4.0,B0035MDZKM
pacmap,10000,5435,-6.16633,-2.0906398,4.0,B0050Q00RC
pacmap,10000,5436,-5.679356,4.2700377,5.0,B0052D5BY0
pacmap,10000,5437,-3.8355844,-12.779683,4.0,B00WU0P6PW
pacmap,10000,5438,-1.5588162,-7.939093,4.0,B004WOK2OY
pacmap,10000,5439,-3.343897,-12.215884,4.0,B00WUIT2D6
pacmap,10000,5440,-3.7822163,-12.82181,5.0,B000R2PC2M
pacmap,10000,5441,-6.3951945,1.2686816,2.0,B00SFBLJB0
pacmap,10000,5442,-8.403924,7.85585,4.0,B0043T7FXE
pacmap,10000,5443,-2.0590959,-0.05028912,4.0,B003X26LXW
pacmap,10000,5444,-3.768304,-12.908272,4.0,B000OQUMKI
pacmap,10000,5445,1.9347007,2.9011736,5.0,B002EALEIG
pacmap,10000,5446,-3.6786935,-12.449383,5.0,B00WU36LNU
pacmap,10000,5447,0.5316495,6.7013416,4.0,B003V8ALAC
pacmap,10000,5448,1.8241159,-4.356206,5.0,B002RYYZZS
pacmap,10000,5449,-3.196096,0.6261111,3.0,B002PK13CM
pacmap,10000,5450,-4.469117,7.111673,5.0,B00267SENK
pacmap,10000,5451,-4.7134333,6.9418945,4.0,B002OOWC4C
pacmap,10000,5452,-8.319227,7.884223,3.0,B0011FCV8W
pacmap,10000,5453,0.86349833,-0.4555131,4.0,B000V4TMWC
pacmap,10000,5454,0.94649094,-0.47840133,4.0,B001FVLTNA
pacmap,10000,5455,-3.1242158,1.1535506,5.0,B001PKTR76
pacmap,10000,5456,-3.4745858,0.97714144,4.0,B0023B14TK
pacmap,10000,5457,0.8288936,-0.4102741,4.0,B00XIKXN9E
pacmap,10000,5458,0.92529964,-0.5592446,4.0,B00XIJ22RO
pacmap,10000,5459,-5.8355827,3.9862792,4.0,B0011NL8EW
pacmap,10000,5460,-8.18117,-3.115578,5.0,B09MRVGC22
pacmap,10000,5461,-1.3727945,-9.536733,5.0,B092KHH1SF
pacmap,10000,5462,1.1921272,-0.8557981,1.0,B07N39YBK7
pacmap,10000,5463,-5.9665337,-1.3443921,5.0,B072TS7CY6
pacmap,10000,5464,-4.0068455,7.6673465,5.0,B07F4P3JH7
pacmap,10000,5465,-6.278216,-5.2923927,5.0,B08BRJ98H3
pacmap,10000,5466,3.6406882,-0.7476063,5.0,B07PHQ93TV
pacmap,10000,5467,4.5335965,-0.1337799,5.0,B00IM3P8GS
pacmap,10000,5468,-1.1273919,8.326383,2.0,B07QDPKFYY
pacmap,10000,5469,-2.265707,0.51756465,4.0,B0BW543RH8
pacmap,10000,5470,-0.727545,8.236497,5.0,B07Z5G86LM
pacmap,10000,5471,-7.644156,-5.417908,5.0,B081K9C3Q1
pacmap,10000,5472,-1.0156214,8.426293,5.0,B07Z9LY3G7
pacmap,10000,5473,0.18399982,21.123451,4.0,B08J5X2JNC
pacmap,10000,5474,-8.086078,-4.898174,5.0,B07XR9TYQ1
pacmap,10000,5475,-2.0833523,7.2528267,4.0,B0BR3MLGZZ
pacmap,10000,5476,-3.3689237,7.499961,5.0,B07XR5B32Q
pacmap,10000,5477,-3.6251302,7.458122,4.0,B07SPHMZF5
pacmap,10000,5478,1.0968888,19.819094,5.0,B08BJ5S3HK
pacmap,10000,5479,2.8675752,4.3855386,5.0,B01L2UB4ZG
pacmap,10000,5480,-6.065255,7.628392,5.0,B08W5CW6JR
pacmap,10000,5481,2.461171,6.1813717,5.0,B07B8JMV94
pacmap,10000,5482,2.8715334,6.8281393,5.0,B00OLO5NTY
pacmap,10000,5483,2.0154989,6.101166,4.0,B00DQJUH96
pacmap,10000,5484,-0.8286345,8.786488,5.0,B00H5HF9R0
pacmap,10000,5485,-1.7056106,8.209192,2.0,B018DHPTBG
pacmap,10000,5486,1.0934472,7.9211392,5.0,B01IHN1GP4
pacmap,10000,5487,-0.9130821,-0.19849375,5.0,B00N2ZDXW2
pacmap,10000,5488,-0.048331406,8.127333,5.0,B013HHLBMS
pacmap,10000,5489,-2.4746823,0.62198925,5.0,B001P99T70
pacmap,10000,5490,-10.340801,-3.3046527,5.0,B004XXVOGE
pacmap,10000,5491,-7.729416,-5.278866,5.0,B0B1PR3TMD
pacmap,10000,5492,-0.9667298,5.330293,5.0,B0B45PDKL9
pacmap,10000,5493,-7.812129,-4.570052,4.0,B0B7WPGQ49
pacmap,10000,5494,-7.879445,-5.555603,5.0,B0BYYGZHG5
pacmap,10000,5495,-2.8386672,-12.355916,5.0,B09VDHXD8V
pacmap,10000,5496,-3.0004041,-11.653943,5.0,B07KQLQJ4B
pacmap,10000,5497,1.7062969,-4.3622932,5.0,B08P38JF9X
pacmap,10000,5498,-1.3579204,-3.8837283,5.0,B08VV4PHQG
pacmap,10000,5499,-0.9873889,4.1650386,3.0,B08HJ7SY1M
pacmap,10000,5500,1.8041437,4.7569976,5.0,B0846QGZ53
pacmap,10000,5501,-2.4970021,-10.047461,4.0,B0BXXHD8NZ
pacmap,10000,5502,-1.0211016,-3.9569724,4.0,B0BTPBBL52
pacmap,10000,5503,-6.1464057,-0.8611168,5.0,B01C9C43ZO
pacmap,10000,5504,0.115468755,6.9224358,5.0,B078D6HSWK
pacmap,10000,5505,-7.196225,-3.4689236,5.0,B0BB6R89VF
pacmap,10000,5506,-6.6089115,-4.782478,4.0,B06VY4S9V2
pacmap,10000,5507,2.2928648,-9.008966,5.0,B01K8B8YA8
pacmap,10000,5508,-7.750711,-4.2492766,4.0,B01JRXRTC2
pacmap,10000,5509,-7.488814,-3.2112317,4.0,B0773C4WV6
pacmap,10000,5510,-0.8192196,5.7377706,5.0,B074PL7GZM
pacmap,10000,5511,2.0124862,3.6271112,4.0,B09MTSLT2T
pacmap,10000,5512,-5.8658648,6.6510453,2.0,B084G4GY2N
pacmap,10000,5513,-6.2540917,7.6002884,4.0,B07FP8VLXS
pacmap,10000,5514,2.1972203,7.7700577,5.0,B01M30H97J
pacmap,10000,5515,-1.3160251,2.0387275,5.0,B00MT0SKAQ
pacmap,10000,5516,-8.1979065,7.8214207,5.0,B0BMTWS2P3
pacmap,10000,5517,-5.910873,-5.292292,1.0,B004C51HRY
pacmap,10000,5518,1.6333668,2.7232215,2.0,B011G7J5TC
pacmap,10000,5519,2.2828815,8.3742485,4.0,B016ZQ1YBG
pacmap,10000,5520,1.5834782,8.219251,5.0,B00LO5ANLQ
pacmap,10000,5521,-5.778993,7.6099563,5.0,B00NLAUF9W
pacmap,10000,5522,3.366454,5.2221313,3.0,B00FXK0RAA
pacmap,10000,5523,-7.61092,-2.6708026,5.0,B094JD6SHP
pacmap,10000,5524,-1.2290498,-9.796639,5.0,B007OYAVLI
pacmap,10000,5525,-5.444583,5.956327,5.0,B072BW91HP
pacmap,10000,5526,-3.2067611,-2.9828708,5.0,B00ZMV7RL2
pacmap,10000,5527,-2.4107995,-10.161701,3.0,B00ODCAVD2
pacmap,10000,5528,-3.6122088,7.2614403,5.0,B072KFWXW2
pacmap,10000,5529,3.0584743,4.3498125,3.0,B076P649XP
pacmap,10000,5530,-8.23806,7.7682214,5.0,B0BMTWS2P3
pacmap,10000,5531,-6.977211,2.0223017,5.0,B0CB1PRH8C
pacmap,10000,5532,-3.7119853,7.0705676,5.0,B00DNZ18JG
pacmap,10000,5533,-3.0046341,-7.626059,5.0,B013EKI2DY
pacmap,10000,5534,-7.6609125,-3.2677338,5.0,B0034E2TFS
pacmap,10000,5535,-8.150261,7.830592,5.0,B003I4FF28
pacmap,10000,5536,-9.241307,-3.8807855,1.0,B07YFPZ44L
pacmap,10000,5537,5.231169,2.3222027,1.0,B09MMKF44M
pacmap,10000,5538,-1.2695687,-7.8329196,1.0,B00MV6INM8
pacmap,10000,5539,4.8547254,0.28414422,2.0,B07Q8N8BN8
pacmap,10000,5540,1.3236642,-1.8424435,5.0,B07V3NVRMY
pacmap,10000,5541,7.5987444,4.7501287,5.0,B00ZYOGVO6
pacmap,10000,5542,7.1412134,4.365103,5.0,B01K1KIUEQ
pacmap,10000,5543,4.520384,2.2196198,5.0,B08723V9DD
pacmap,10000,5544,-3.6266816,-11.247173,1.0,B07RWN6M2Q
pacmap,10000,5545,3.959446,2.0785465,5.0,B07PXGQC1Q
pacmap,10000,5546,-7.1937885,-4.488239,5.0,B088W5C693
pacmap,10000,5547,1.9783188,2.9037333,5.0,B0B3X4NMHG
pacmap,10000,5548,4.6308446,4.429333,5.0,B07W42V3CY
pacmap,10000,5549,-3.5683582,9.158618,5.0,B087F335JL
pacmap,10000,5550,2.3017178,1.4361631,5.0,B084BMTJ5C
pacmap,10000,5551,4.3073387,0.1968442,1.0,B07NLBGSY5
pacmap,10000,5552,1.5315257,-0.8993162,1.0,B001FA1O0O
pacmap,10000,5553,1.4342482,-0.92909575,3.0,B07BVFTMCC
pacmap,10000,5554,0.17408003,-10.8919325,5.0,B0BW4PFM58
pacmap,10000,5555,6.3572626,-0.7119035,5.0,B005ONMDYE
pacmap,10000,5556,-1.401588,8.348355,5.0,B0090C7DRW
pacmap,10000,5557,-2.9605777,1.1565251,5.0,B00PFQPX5Q
pacmap,10000,5558,3.291947,1.6087517,3.0,B0BZPMSM8G
pacmap,10000,5559,5.9295774,-2.0706644,3.0,B08RHJGH25
pacmap,10000,5560,3.6789505,-0.069918506,5.0,B07QC4WTNC
pacmap,10000,5561,5.445795,2.7032387,5.0,B09JWMNF4J
pacmap,10000,5562,-5.4858174,4.4577384,5.0,B07BHBLMTG
pacmap,10000,5563,-0.34740967,4.0546675,2.0,B002RUBHOY
pacmap,10000,5564,-2.3204217,0.14435999,5.0,B072YVPJC6
pacmap,10000,5565,0.055130213,7.059467,5.0,B07M87BB75
pacmap,10000,5566,-0.14567183,7.1577654,5.0,B07DQBC6NH
pacmap,10000,5567,1.8030506,4.362157,2.0,B0BJCYP6H5
pacmap,10000,5568,5.305506,3.121363,5.0,B07JHTZZGP
pacmap,10000,5569,-0.06825817,8.058505,5.0,B07CKVHZ5S
pacmap,10000,5570,-10.272848,-2.877595,3.0,B089SRK8VQ
pacmap,10000,5571,-10.20176,-3.0122094,3.0,B08GG9QKX6
pacmap,10000,5572,-8.710907,-3.418655,1.0,B07XK74YD2
pacmap,10000,5573,3.8719065,0.5137413,5.0,B00I8R4MNI
pacmap,10000,5574,7.182226,1.631959,5.0,B0874YZVWK
pacmap,10000,5575,4.712359,-0.11302771,1.0,B016VBCCZW
pacmap,10000,5576,-2.5249557,-12.034074,3.0,B0170RBJ9Q
pacmap,10000,5577,1.1163276,19.791016,5.0,B08DFS1M3V
pacmap,10000,5578,1.3650872,4.715094,1.0,B07DK4BP7G
pacmap,10000,5579,7.913695,-2.660255,4.0,B08T88P5XH
pacmap,10000,5580,0.09041681,2.0648792,1.0,B09YGXR745
pacmap,10000,5581,1.674176,0.9185747,5.0,B07GZFM1ZM
pacmap,10000,5582,1.8817681,-0.91904765,5.0,B07KTYJ769
pacmap,10000,5583,1.544269,2.9073098,4.0,B07N22BMM3
pacmap,10000,5584,0.054515496,-7.78112,4.0,B00176T9OY
pacmap,10000,5585,-7.092106,1.1332226,1.0,B0B6D4W3R7
pacmap,10000,5586,-4.0345573,-11.66644,3.0,B01A7OA8EQ
pacmap,10000,5587,1.4975213,4.4150424,5.0,B00EOF0K8Y
pacmap,10000,5588,-2.3954046,9.291392,5.0,B009S2CXLK
pacmap,10000,5589,-3.709754,9.39919,5.0,B00DOPNKLY
pacmap,10000,5590,2.1955547,7.3122416,5.0,B007PR2INS
pacmap,10000,5591,-7.243652,-5.1123176,5.0,B09GB669WY
pacmap,10000,5592,-0.5776202,-3.402436,5.0,B08RHKR66Z
pacmap,10000,5593,1.7914206,2.5532446,5.0,B07G12L4SC
pacmap,10000,5594,0.16023687,-0.0514791,5.0,B08XWG924R
pacmap,10000,5595,-3.6151888,9.190271,5.0,B08YFJYD5Z
pacmap,10000,5596,-2.1330633,9.100854,5.0,B08Z2JQC6N
pacmap,10000,5597,1.1029719,19.808046,4.0,B01BDX9Q6Q
pacmap,10000,5598,-0.89425087,8.201403,3.0,B078C6N6CR
pacmap,10000,5599,0.68923384,8.095791,5.0,B01D0VM2L0
pacmap,10000,5600,-0.94847697,7.850883,3.0,B077TPFXZV
pacmap,10000,5601,-2.04241,1.736524,5.0,B07FDFSF4L
pacmap,10000,5602,0.98685557,-4.1611147,4.0,B08D6FKS7T
pacmap,10000,5603,-0.9221116,-0.12795009,5.0,B09K7J4NQ6
pacmap,10000,5604,-1.5009373,8.085621,5.0,B07R39D397
pacmap,10000,5605,1.1671165,2.5399702,1.0,B01MUD2CEB
pacmap,10000,5606,0.27486524,7.8543854,3.0,B00MA6MNDE
pacmap,10000,5607,-4.771026,-4.993689,1.0,B003VVMXH8
pacmap,10000,5608,5.067998,3.5115302,5.0,B0B1SCRLRG
pacmap,10000,5609,10.355786,4.9038544,5.0,B09LRLD1Z3
pacmap,10000,5610,7.3488793,2.5172784,5.0,B08WG19RPN
pacmap,10000,5611,4.517849,3.3374085,5.0,B094Z97N4H
pacmap,10000,5612,1.5555844,8.118296,4.0,B08BL6ZN6Y
pacmap,10000,5613,-0.6221322,8.781992,4.0,B082GFTY83
pacmap,10000,5614,6.0628524,0.18203005,5.0,B0BNTB3ZYV
pacmap,10000,5615,-3.2382333,-2.269635,5.0,B08HSN5K1Q
pacmap,10000,5616,-3.654206,9.240939,5.0,B07J2RHGBS
pacmap,10000,5617,-4.375341,-2.8245194,5.0,B0C2CR23T1
pacmap,10000,5618,0.7348951,8.331802,5.0,B082SM1GCJ
pacmap,10000,5619,2.857705,6.642858,5.0,B002VPE1WK
pacmap,10000,5620,-3.9554982,-11.501257,5.0,B07X25JRTM
pacmap,10000,5621,-1.2894243,2.6310818,4.0,B09WZZ8S2B
pacmap,10000,5622,-2.311519,-11.0099745,4.0,B08W44HG6J
pacmap,10000,5623,-8.207906,7.8025537,5.0,B09TWQ2P1P
pacmap,10000,5624,-6.453555,-1.8743863,5.0,B09V2HP6V1
pacmap,10000,5625,2.455897,7.994013,5.0,B0C4LQRN6N
pacmap,10000,5626,0.16981438,21.148487,5.0,B09WJVXYBZ
pacmap,10000,5627,-2.2932377,4.7607613,5.0,B09P39PM48
pacmap,10000,5628,2.1687522,8.41721,5.0,B09MVPNHFR
pacmap,10000,5629,0.1807926,21.135103,5.0,B092282VR7
pacmap,10000,5630,0.31051433,-7.697822,4.0,B0B38RQ6GG
pacmap,10000,5631,0.18026893,21.13017,5.0,B09GV21RZK
pacmap,10000,5632,0.13257,21.20259,5.0,B09LRS1QDP
pacmap,10000,5633,-2.9382987,-8.475362,3.0,B0957NZNC2
pacmap,10000,5634,0.20454875,21.090534,5.0,B09TP9LJWZ
pacmap,10000,5635,0.245664,21.042948,4.0,B0BBQ6PHVR
pacmap,10000,5636,0.16325375,21.161182,4.0,B0CDLQJT42
pacmap,10000,5637,-7.3919563,-5.8188977,5.0,B08PFVF5L8
pacmap,10000,5638,-7.7285094,7.7067604,3.0,B07B7HYBQW
pacmap,10000,5639,-2.2490904,4.761371,5.0,B07RLV97T3
pacmap,10000,5640,-2.4633565,-12.319556,5.0,B07K8XPS7J
pacmap,10000,5641,-7.428136,-5.664871,5.0,B07BWMNQTY
pacmap,10000,5642,1.8450719,2.7825456,5.0,B072MKFNV6
pacmap,10000,5643,1.8535817,7.586565,4.0,B01MREKZDP
pacmap,10000,5644,-2.942396,-12.47266,5.0,B07119X97F
pacmap,10000,5645,-7.1754637,-5.8769736,5.0,B01N14PF8X
pacmap,10000,5646,-2.5586774,0.3665717,4.0,B083JFTZMN
pacmap,10000,5647,-5.483286,1.0809455,5.0,B01GR95HTQ
pacmap,10000,5648,-2.5122707,-11.882334,4.0,B01F2O1E9E
pacmap,10000,5649,-2.9699314,-2.5065,5.0,B01NAU4FF4
pacmap,10000,5650,-7.096204,1.4852057,5.0,B008GAT8EU
pacmap,10000,5651,-8.174896,7.810258,5.0,B09KKBLNVD
pacmap,10000,5652,-2.333871,9.169265,5.0,B00DQZQ5T6
pacmap,10000,5653,-5.5363975,1.1061759,5.0,B00IYOCFWU
pacmap,10000,5654,1.7068559,-4.4755826,5.0,B00HQ883QW
pacmap,10000,5655,-5.1125493,1.3619044,1.0,B075B5T7L5
pacmap,10000,5656,-4.0435023,7.2655144,4.0,B00BPO9HOA
pacmap,10000,5657,1.7652183,7.3721023,5.0,B00OXKDTZG
pacmap,10000,5658,-7.590952,-3.263912,3.0,B004U4KVBA
pacmap,10000,5659,-2.6161146,-10.664563,4.0,B003H4QPJQ
pacmap,10000,5660,-2.4723732,0.26126403,4.0,B00WMM48Q6
pacmap,10000,5661,-0.83144253,-9.403612,5.0,B00RZWR23O
pacmap,10000,5662,-7.1900434,1.5822806,5.0,B00CN8BQV4
pacmap,10000,5663,-2.425234,-5.187557,4.0,B0078GCLU6
pacmap,10000,5664,-3.233634,8.914154,5.0,B004HZYA6E
pacmap,10000,5665,-1.0867875,-8.116308,5.0,B000FHD7PI
pacmap,10000,5666,-1.5959693,6.4764953,4.0,B004JWA70I
pacmap,10000,5667,0.400084,3.4270847,5.0,B001FR8POU
pacmap,10000,5668,-7.21458,1.4699548,1.0,B000M3GODW
pacmap,10000,5669,2.1248171,3.3344998,5.0,B001CEPYVS
pacmap,10000,5670,-1.8447742,4.7083826,3.0,B07YD48WNN
pacmap,10000,5671,1.2876279,7.0313263,5.0,B002VPE1X4
pacmap,10000,5672,-5.7770786,4.089485,5.0,B001FB6T62
pacmap,10000,5673,-8.273425,7.8384995,5.0,B00004VUGJ
pacmap,10000,5674,-2.3610601,0.87762904,4.0,B00022AH6I
pacmap,10000,5675,1.8555881,-4.2258735,3.0,B00008SCFL
pacmap,10000,5676,3.153767,2.8216128,5.0,B0771V3LT8
pacmap,10000,5677,4.3195324,4.4717283,5.0,B07C2XDXXJ
pacmap,10000,5678,3.3556535,4.6030188,5.0,B07R472JCB
pacmap,10000,5679,-1.40184,-9.203074,5.0,B0B887LGK2
pacmap,10000,5680,0.7371466,0.07880884,5.0,B0BVYN6JNT
pacmap,10000,5681,-10.175984,-3.1065419,1.0,B0CBJWKDWR
pacmap,10000,5682,2.3417125,1.531862,5.0,B09XQ1P16Z
pacmap,10000,5683,-3.969818,0.23332888,5.0,B07SR6BCMR
pacmap,10000,5684,-1.3962904,-4.7230754,5.0,B0973HJC7X
pacmap,10000,5685,-1.0100768,-10.284406,1.0,B07NGRTX9C
pacmap,10000,5686,2.9263675,-0.8029748,1.0,B07XMNYHZB
pacmap,10000,5687,0.52680683,8.483086,5.0,B06XXRWN1P
pacmap,10000,5688,-1.3018906,-4.3458734,5.0,B07GZFM1ZM
pacmap,10000,5689,2.9979813,2.7464848,1.0,B07PMZVQRZ
pacmap,10000,5690,5.1205506,-0.06972015,3.0,B0863881T1
pacmap,10000,5691,-10.400352,-3.1213198,5.0,B0BVR81LYV
pacmap,10000,5692,-0.32164425,-9.688172,4.0,B071WGSZ81
pacmap,10000,5693,2.759909,-1.0617517,4.0,B07G52NHBZ
pacmap,10000,5694,1.0758889,0.22688086,2.0,B01D1GBME2
pacmap,10000,5695,2.2099967,-9.012721,5.0,B0BNP555YN
pacmap,10000,5696,-0.16200618,-10.282757,4.0,B0BSMRTWNJ
pacmap,10000,5697,1.1004224,19.80441,1.0,B09F5TVT11
pacmap,10000,5698,3.0500863,3.3129654,4.0,B009DSTZS8
pacmap,10000,5699,4.6894555,2.4226325,1.0,B00BW5U3HM
pacmap,10000,5700,2.743206,7.689967,5.0,B08DL8GTDP
pacmap,10000,5701,-3.2179909,-11.688847,3.0,B09J4GXN38
pacmap,10000,5702,4.299939,4.8992324,5.0,B010BWYDYA
pacmap,10000,5703,-6.268077,7.6333413,3.0,B0916VSRFG
pacmap,10000,5704,0.4776817,-6.2221923,4.0,B07P5GWWQ4
pacmap,10000,5705,-2.9627762,-12.015241,5.0,B0C338S8M7
pacmap,10000,5706,-5.834789,-3.1273024,5.0,B071ZPV6YR
pacmap,10000,5707,2.4208982,-8.787326,5.0,B0791TX5P5
pacmap,10000,5708,5.309203,2.7736416,4.0,B009XJX952
pacmap,10000,5709,0.31451085,20.892017,4.0,B00HME2QRW
pacmap,10000,5710,5.933723,1.4676176,5.0,B07QG747VM
pacmap,10000,5711,7.9206305,-0.072037205,5.0,B01I46MYKK
pacmap,10000,5712,2.9093642,6.009842,4.0,B07BNCLQN8
pacmap,10000,5713,5.9313264,4.253743,5.0,B0C5GSXCLX
pacmap,10000,5714,1.9942533,3.457852,5.0,B09554QF7L
pacmap,10000,5715,1.0140402,3.645479,5.0,B00S87OXMI
pacmap,10000,5716,-3.6550229,-12.127116,4.0,B00DDPZ5MW
pacmap,10000,5717,5.993789,0.046131577,5.0,B003N3JFWU
pacmap,10000,5718,1.7138534,3.4331942,5.0,B00374DFBM
pacmap,10000,5719,-1.2458128,6.117879,4.0,B00K1SKXPI
pacmap,10000,5720,5.873841,6.498646,5.0,B07GB3SGSF
pacmap,10000,5721,-10.093907,-3.0954404,5.0,B07GN87JTJ
pacmap,10000,5722,3.9168782,0.28020075,5.0,B00YBCKIL4
pacmap,10000,5723,-0.48262972,-9.619765,5.0,B001VNLRPC
pacmap,10000,5724,-0.6686953,-7.777064,5.0,B00UNDEKWI
pacmap,10000,5725,3.3095357,-0.3481694,5.0,B07P5Y4776
pacmap,10000,5726,2.7088785,4.3146296,5.0,B08NSJ8KQM
pacmap,10000,5727,3.8506372,4.8087997,5.0,B01MQRGROQ
pacmap,10000,5728,1.4927478,-1.892713,1.0,B07G5JV2B5
pacmap,10000,5729,-5.7927175,0.08715296,1.0,B00294P0T6
pacmap,10000,5730,4.495549,3.6222758,5.0,B09FLNSZ8G
pacmap,10000,5731,5.5495124,1.4218134,5.0,B08XPWDSWW
pacmap,10000,5732,-1.9181811,-10.191822,5.0,B08L758H87
pacmap,10000,5733,-1.1364796,-4.072393,5.0,B08L7LF1KF
pacmap,10000,5734,3.9928045,2.5611749,2.0,B07VDVS6BZ
pacmap,10000,5735,4.875458,4.199451,5.0,B0BRLZFYTJ
pacmap,10000,5736,23.343313,3.0001051,5.0,B07ZPS3VZS
pacmap,10000,5737,4.3001366,4.838425,5.0,B07VC2SCKN
pacmap,10000,5738,3.396594,0.772382,5.0,B07Q59S539
pacmap,10000,5739,6.6376543,5.0840697,5.0,B084WR1XFK
pacmap,10000,5740,6.6413126,2.429462,5.0,B07Q2SJNZ5
pacmap,10000,5741,6.0884223,-0.3676095,5.0,B01KSTSV76
pacmap,10000,5742,6.194978,-0.4828175,5.0,B00LM0ZGIS
pacmap,10000,5743,-1.058725,-3.4367568,1.0,B07KFD7QPZ
pacmap,10000,5744,6.7018,5.197572,5.0,B01K8B8YA8
pacmap,10000,5745,7.713722,3.8105848,5.0,B01K9KW56M
pacmap,10000,5746,0.57261896,2.2858717,5.0,B01L3VEC08
pacmap,10000,5747,4.3832746,-0.023300916,2.0,B07S764D9V
pacmap,10000,5748,3.35668,1.2075442,5.0,B017OVSXPG
pacmap,10000,5749,2.4266424,2.3026242,5.0,B086X8L8K2
pacmap,10000,5750,-5.5425406,2.7540183,5.0,B09M85W9P8
pacmap,10000,5751,-2.0167623,4.696978,1.0,B0BSKXJFKN
pacmap,10000,5752,-7.1371503,2.0941355,4.0,B07NW72QY9
pacmap,10000,5753,-5.2424016,-5.2721786,5.0,B0C7S8NBJK
pacmap,10000,5754,-7.149683,1.9061584,5.0,B08KG14KCT
pacmap,10000,5755,-5.2081494,2.7905788,5.0,B098DSFTQM
pacmap,10000,5756,-2.4361959,4.586921,4.0,B09H83QHPC
pacmap,10000,5757,-1.7247463,4.4538093,5.0,B07JZCP1NJ
pacmap,10000,5758,-5.920199,1.3350806,1.0,B0BSF17PM2
pacmap,10000,5759,-7.073657,1.7857803,5.0,B08D7638C8
pacmap,10000,5760,-7.0550356,2.0992384,3.0,B00LF10L02
pacmap,10000,5761,-3.3074017,-2.7210965,5.0,B007HSKSMI
pacmap,10000,5762,-0.7447634,6.5994496,5.0,B00BCXF6KS
pacmap,10000,5763,-1.4284298,2.4984827,5.0,B074TMJ44M
pacmap,10000,5764,-1.3740017,3.3567548,1.0,B003C8RLAE
pacmap,10000,5765,1.2290083,-3.2261767,1.0,B002K3Z3E8
pacmap,10000,5766,-0.39552003,1.7490944,3.0,B00WUI07XK
pacmap,10000,5767,-1.5356956,2.1983173,4.0,B00TG5FPHS
pacmap,10000,5768,-0.9478833,7.9894667,5.0,B092J8MM28
pacmap,10000,5769,2.7261162,2.2607663,5.0,B09KNJ518H
pacmap,10000,5770,5.760545,0.89458585,5.0,B07JBCKX7M
pacmap,10000,5771,5.7802486,0.02353277,5.0,B07DC3LH9C
pacmap,10000,5772,-4.441038,-3.300169,5.0,B08C9FL1L7
pacmap,10000,5773,2.8517346,6.693424,5.0,B0B976N8JZ
pacmap,10000,5774,2.432126,-8.786011,2.0,B07VXXBTX4
pacmap,10000,5775,-6.5402656,-4.4168043,5.0,B079HBKGSW
pacmap,10000,5776,1.4800626,3.0180833,1.0,B07DK4BP7G
pacmap,10000,5777,-3.6391373,9.263465,1.0,B01MTF2Z37
pacmap,10000,5778,-1.6408676,6.73365,2.0,B06Y5WDVV3
pacmap,10000,5779,-3.3904603,9.326909,2.0,B01M334NVP
pacmap,10000,5780,-9.733916,-3.816616,1.0,B000BOLHH0
pacmap,10000,5781,-1.1594288,7.5466094,5.0,B01608AHA8
pacmap,10000,5782,-3.8139176,9.0553,2.0,B010BWYDYA
pacmap,10000,5783,-3.2504876,-9.081155,1.0,B00JB31RYK
pacmap,10000,5784,-1.3071154,-5.3469906,3.0,B007F9XHCM
pacmap,10000,5785,-0.9082632,-11.380169,5.0,B0CDVW2RNG
pacmap,10000,5786,-6.5421386,-4.7115655,5.0,B09CTHY2B3
pacmap,10000,5787,0.2713578,7.4903064,1.0,B07ZRGNMRJ
pacmap,10000,5788,-3.7314029,9.347437,2.0,B07N8VFFNS
pacmap,10000,5789,-1.6347384,0.6666986,3.0,B0B2JCSK1P
pacmap,10000,5790,3.5637891,-0.83934486,5.0,B08F9ZCTCL
pacmap,10000,5791,3.3830802,1.8052548,5.0,B01MFCFKG5
pacmap,10000,5792,-7.8878756,-5.255594,5.0,B075SS891V
pacmap,10000,5793,1.0574781,19.878893,5.0,B094V7S7D7
pacmap,10000,5794,-6.5982285,-4.6972647,5.0,B082Y3SQ2V
pacmap,10000,5795,-7.7159405,-3.4855473,2.0,B08CZL3CJS
pacmap,10000,5796,-0.18496406,0.8221135,5.0,B0B1SCRLRG
pacmap,10000,5797,-1.2075645,7.9275846,2.0,B08F1T7F6F
pacmap,10000,5798,-2.383663,9.221975,5.0,B07MG4DMN9
pacmap,10000,5799,1.0481446,-3.5018559,5.0,B09RS2KZK4
pacmap,10000,5800,-2.0715168,-11.137894,5.0,B082QPHYZQ
pacmap,10000,5801,-5.567023,-5.829474,5.0,B0B1HJ23M3
pacmap,10000,5802,-5.9152546,7.6730847,3.0,B086JJNYGS
pacmap,10000,5803,-0.2815999,5.7549567,5.0,B09FYWWVB8
pacmap,10000,5804,1.7463323,-4.0454416,4.0,B07116B33Z
pacmap,10000,5805,1.1387831,19.738794,4.0,B07ZFFYQCR
pacmap,10000,5806,-1.5300144,8.042084,5.0,B01HEW1KTG
pacmap,10000,5807,-8.226528,7.7334313,5.0,B01M7NFWQ5
pacmap,10000,5808,-7.292458,-3.397827,5.0,B079FQRPXM
pacmap,10000,5809,1.7340094,-4.457133,1.0,B077XJB1Z8
pacmap,10000,5810,0.01859783,6.884539,5.0,B0772D8VR1
pacmap,10000,5811,1.3778894,-0.74366117,2.0,B0BHF1HN6C
pacmap,10000,5812,0.5229519,3.4729176,5.0,B00LI6NW8W
pacmap,10000,5813,5.6030188,-1.1853367,1.0,B0BS2TMK39
pacmap,10000,5814,0.8312437,-3.653327,5.0,B01N44JBS4
pacmap,10000,5815,0.014921661,-8.218498,4.0,B0BQV27MZ7
pacmap,10000,5816,-0.050871573,-8.21611,4.0,B0BQV27MZ7
pacmap,10000,5817,-5.57762,7.4146533,5.0,B0CCK5YXRC
pacmap,10000,5818,-5.7143183,4.108062,5.0,B0C6NZTYP5
pacmap,10000,5819,1.5091947,3.2319357,2.0,B09TPXD2VC
pacmap,10000,5820,-7.699609,7.691637,4.0,B0BWBC2GLD
pacmap,10000,5821,-0.44034433,-9.320995,5.0,B07X3HL7CC
pacmap,10000,5822,-6.827109,1.3464723,5.0,B0C62815WM
pacmap,10000,5823,0.1669783,21.153625,3.0,B08M8Y6473
pacmap,10000,5824,-7.8598576,-5.2307496,5.0,B08KZ3QN72
pacmap,10000,5825,-2.9463232,-12.219232,5.0,B081SDPJ47
pacmap,10000,5826,-8.036015,-4.552285,4.0,B07HGW7B1D
pacmap,10000,5827,-3.1702583,-2.2124531,4.0,B06Y2XRYB2
pacmap,10000,5828,3.176349,5.5690084,3.0,B08BXDW68Z
pacmap,10000,5829,0.055780355,-10.100491,5.0,B0935ZDCYD
pacmap,10000,5830,6.178489,3.7586257,5.0,B07W5ZDHDH
pacmap,10000,5831,-6.0854907,7.647366,5.0,B0C8SBPY3V
pacmap,10000,5832,5.953601,1.5872326,5.0,B06XQN1GKK
pacmap,10000,5833,5.32543,0.8587291,5.0,B07S78GKZ6
pacmap,10000,5834,4.0385056,4.2288218,5.0,B0C6PGZ3MB
pacmap,10000,5835,3.957826,1.086388,3.0,B07DQF7LQY
pacmap,10000,5836,1.8549069,2.6806562,5.0,B07MDYT2SW
pacmap,10000,5837,-2.8584335,0.7196339,5.0,B08CLNX58K
pacmap,10000,5838,-5.6038814,-5.532234,5.0,B08DCYHFD4
pacmap,10000,5839,-5.3466535,-5.6589417,5.0,B07P16JC5W
pacmap,10000,5840,-2.762929,-11.745619,5.0,B00WUN9PE2
pacmap,10000,5841,-3.5694237,-11.010726,5.0,B008I65TRM
pacmap,10000,5842,-0.59580266,-4.749474,5.0,B07ZZVX1F2
pacmap,10000,5843,3.698055,0.8328729,1.0,B07PCZV64H
pacmap,10000,5844,-3.0960133,-6.7760477,1.0,B015CFY3WS
pacmap,10000,5845,-2.7853909,-12.006662,5.0,B08548M6FF
pacmap,10000,5846,3.4998884,-0.33698854,5.0,B00B502HL4
pacmap,10000,5847,0.15328228,21.17342,3.0,B08HHSFT21
pacmap,10000,5848,0.14106523,21.195171,2.0,B0B51DHRMN
pacmap,10000,5849,-1.7498296,-7.7023373,2.0,B01MDKJXCH
pacmap,10000,5850,0.8806907,7.442796,5.0,B096FJY39R
pacmap,10000,5851,1.0986414,19.780191,4.0,B09CQBFS81
pacmap,10000,5852,-2.0157359,7.4634805,5.0,B09GLVS2BD
pacmap,10000,5853,0.9703193,6.3293734,5.0,B07W92W39W
pacmap,10000,5854,5.240666,0.3858912,5.0,B0928QBF8K
pacmap,10000,5855,-2.5422843,-11.928247,5.0,B00MO86ES8
pacmap,10000,5856,1.4856229,-1.0198493,1.0,B09MK92BX7
pacmap,10000,5857,-2.0033038,-8.899819,5.0,B0BHQRTJYJ
pacmap,10000,5858,1.0397162,19.924662,5.0,B094NMVYKT
pacmap,10000,5859,-2.4325676,-11.3945,5.0,B08F9TMWN7
pacmap,10000,5860,-1.3788683,-8.046134,1.0,B09BDX2C9X
pacmap,10000,5861,1.0318869,19.920912,5.0,B0BFJ8KGTZ
pacmap,10000,5862,-3.0204935,7.2215123,5.0,B07H936BZT
pacmap,10000,5863,3.0994747,2.7392159,5.0,B07P5Y4776
pacmap,10000,5864,7.0031133,4.286482,5.0,B01M0SFMIH
pacmap,10000,5865,9.043634,-3.2174914,5.0,B07PFSXZ2W
pacmap,10000,5866,-9.666537,-3.7707415,1.0,B0BWD4WGJB
pacmap,10000,5867,-0.28216648,-10.166383,5.0,B07S4KJV6W
pacmap,10000,5868,4.1426673,0.4763311,5.0,B07QD3HZVJ
pacmap,10000,5869,1.4578854,3.9193277,1.0,B0C9CKKCD6
pacmap,10000,5870,-2.7712061,0.9909823,5.0,B08MRTZWJ5
pacmap,10000,5871,-9.973366,-3.4422417,2.0,B08QSB7SR3
pacmap,10000,5872,-9.510646,-3.805146,4.0,B09BN75L3P
pacmap,10000,5873,4.24304,4.982076,5.0,B0C4LW67ZG
pacmap,10000,5874,-6.2947574,-4.4036274,5.0,B077ZS7D77
pacmap,10000,5875,6.5724545,3.7525885,5.0,B09571JZH1
pacmap,10000,5876,3.4962752,3.7252805,5.0,B091KKX4DS
pacmap,10000,5877,5.7540383,2.649017,1.0,B09GD22V7K
pacmap,10000,5878,3.4837284,2.632232,1.0,B0C337RV7Q
pacmap,10000,5879,5.604377,1.6748074,3.0,B0BP27ZQKC
pacmap,10000,5880,1.606375,0.07155153,5.0,B07PXTY9BQ
pacmap,10000,5881,2.1033447,2.4142275,1.0,B07G5C4YLY
pacmap,10000,5882,2.202616,-0.9154915,5.0,B0785WP8BF
pacmap,10000,5883,2.3597114,3.6477036,3.0,B00902SHEU
pacmap,10000,5884,0.13147186,-7.834349,5.0,B01MU55O1B
pacmap,10000,5885,-6.770897,-4.3686557,5.0,B00ASLSQHK
pacmap,10000,5886,2.884704,4.311588,5.0,B005RY2BTC
pacmap,10000,5887,-0.8095917,0.82000685,5.0,B09M67L3J5
pacmap,10000,5888,-0.96449244,1.8208635,5.0,B09VP5QB8X
pacmap,10000,5889,-0.8777109,8.564873,5.0,B07VRP3KBM
pacmap,10000,5890,-0.99455136,8.930044,1.0,B07RWH9GM3
pacmap,10000,5891,-7.7028246,-5.73185,5.0,B08B7RYM4P
pacmap,10000,5892,4.223613,3.3718534,5.0,B098391NB7
pacmap,10000,5893,-7.2794523,-5.787029,5.0,B0BRJGVZP8
pacmap,10000,5894,-1.0134298,8.63607,5.0,B08399M3P8
pacmap,10000,5895,0.3711357,20.778065,5.0,B075JB46XP
pacmap,10000,5896,-8.244082,7.7204566,5.0,B071Y2SG3R
pacmap,10000,5897,-10.344594,-3.3170412,3.0,B013O1V23K
pacmap,10000,5898,-2.8067935,7.4242873,5.0,B01LD8GI3K
pacmap,10000,5899,-1.2496852,-11.269735,5.0,B008PXMWIW
pacmap,10000,5900,-1.0479683,-4.5288663,5.0,B099P2JF9Y
pacmap,10000,5901,5.4541698,2.3171258,5.0,B0875M44Y5
pacmap,10000,5902,4.8790526,1.9388617,1.0,B008I63HDA
pacmap,10000,5903,-6.138824,-5.5357614,5.0,B01ETQ62XY
pacmap,10000,5904,3.9708831,2.9762127,5.0,B00Z0V2NQ8
pacmap,10000,5905,3.613422,0.7321676,5.0,B0083J7EM2
pacmap,10000,5906,-6.028012,-1.0414863,1.0,B01LLANEAU
pacmap,10000,5907,-0.13768435,3.7915025,5.0,B09P398XM9
pacmap,10000,5908,0.9724174,2.074667,5.0,B099PM811H
pacmap,10000,5909,1.2214952,2.4725149,5.0,B07JPGXV7C
pacmap,10000,5910,7.4294434,2.1630323,5.0,B0BVBDXFHM
pacmap,10000,5911,4.811203,3.8485785,5.0,B07H65KP63
pacmap,10000,5912,-3.2431848,-12.137315,5.0,B07PXGQC1Q
pacmap,10000,5913,4.97014,4.2372932,5.0,B08XNCHTCY
pacmap,10000,5914,4.824409,4.183283,5.0,B07K1WWBJK
pacmap,10000,5915,5.4678874,4.639312,5.0,B0863ZGP2R
pacmap,10000,5916,-1.4402657,8.307155,5.0,B09ZKKXQWV
pacmap,10000,5917,5.773042,4.6669965,5.0,B086MQ6F2N
pacmap,10000,5918,-2.1341217,7.939044,5.0,B09SHL7BVZ
pacmap,10000,5919,0.5472241,0.74172634,5.0,B08D7JPKLZ
pacmap,10000,5920,-0.89931285,8.345373,3.0,B073F6ZDL5
pacmap,10000,5921,4.774427,2.8482485,5.0,B00O29HJXQ
pacmap,10000,5922,0.44166872,8.829163,5.0,B00WT477P6
pacmap,10000,5923,-2.8131037,-12.458952,4.0,B06XKVSX25
pacmap,10000,5924,4.430853,2.2490458,5.0,B08JPLNBZP
pacmap,10000,5925,2.1243448,-8.245811,5.0,B07GZFM1ZM
pacmap,10000,5926,-0.8264563,-4.1617017,4.0,B08YFJYD5Z
pacmap,10000,5927,-7.03862,-4.7977834,5.0,B07WGPTZHR
pacmap,10000,5928,2.2818902,5.616214,5.0,B0CCF6KKF9
pacmap,10000,5929,-0.3504113,-4.921605,5.0,B07GZFM1ZM
pacmap,10000,5930,1.0181913,6.211003,5.0,B0124ES3VC
pacmap,10000,5931,-6.627341,-5.9868674,5.0,B078C7XJ7Q
pacmap,10000,5932,1.8969568,4.3732886,1.0,B07DQDG547
pacmap,10000,5933,-7.825973,-4.2152305,5.0,B0CD7L5PKM
pacmap,10000,5934,-2.8641174,0.81491387,5.0,B08QCM7FL1
pacmap,10000,5935,-2.672407,-9.652767,3.0,B08H7SG2VN
pacmap,10000,5936,-3.5443165,-11.638792,4.0,B08DLS9V5D
pacmap,10000,5937,-2.0630221,-8.960149,5.0,B07ZM19Y9H
pacmap,10000,5938,-2.9415379,-12.113329,4.0,B0BN6DVC5H
pacmap,10000,5939,-3.2511368,-11.5874605,3.0,B07XSL4F4C
pacmap,10000,5940,-2.502539,0.35587004,5.0,B0BPK419HZ
pacmap,10000,5941,-5.1596766,1.1406122,4.0,B09LM915XQ
pacmap,10000,5942,-7.8120356,-5.8127837,5.0,B0814YNH8V
pacmap,10000,5943,-9.600352,-3.821763,4.0,B01D9TUL8Y
pacmap,10000,5944,-2.755225,-12.161269,3.0,B09D41HQVZ
pacmap,10000,5945,-1.89736,4.3676977,4.0,B0842X9PHR
pacmap,10000,5946,-7.661304,-3.3804162,5.0,B0838Y1F46
pacmap,10000,5947,-5.1272926,1.224978,5.0,B0C1BVZHD1
pacmap,10000,5948,-2.6398907,0.29044977,5.0,B085STB7FR
pacmap,10000,5949,-5.522391,1.2466147,1.0,B09V1FT19S
pacmap,10000,5950,-6.6991878,1.0836749,4.0,B0BSF17PM2
pacmap,10000,5951,-1.630516,-9.95742,4.0,B081QWB92L
pacmap,10000,5952,2.248732,-9.050471,4.0,B07H65KP63
pacmap,10000,5953,0.1336898,6.883093,5.0,B07NZLL5WB
pacmap,10000,5954,-3.7872946,7.8276033,5.0,B07FFVVDJ8
pacmap,10000,5955,1.0758381,19.82891,3.0,B074ZLVXCG
pacmap,10000,5956,0.9929423,8.214449,4.0,B08RYZGXLL
pacmap,10000,5957,4.2786875,0.8565866,4.0,B07P5FQGR8
pacmap,10000,5958,-8.303864,7.8456635,4.0,B09T78HB28
pacmap,10000,5959,0.61435896,-2.5918074,4.0,B0BZLBL1L9
pacmap,10000,5960,4.256047,-0.7968424,5.0,B07Q9F2FMR
pacmap,10000,5961,1.9429437,-2.1956167,5.0,B083JFTZMN
pacmap,10000,5962,1.6819377,-3.6679766,5.0,B003O973OA
pacmap,10000,5963,4.8867216,1.1840097,5.0,B07PMFD12W
pacmap,10000,5964,1.6897339,-0.6961567,4.0,B00SZ304ZK
pacmap,10000,5965,0.28874564,6.5463204,5.0,B07P83VM1G
pacmap,10000,5966,-0.12142627,7.6318054,5.0,B08MQ5ZPGG
pacmap,10000,5967,-3.8963058,7.18097,5.0,B08N3MBM2P
pacmap,10000,5968,1.4798132,0.2655064,5.0,B0BM2YG2K7
pacmap,10000,5969,-0.45689878,-9.927986,5.0,B084RJZ5BP
pacmap,10000,5970,-1.1608841,-7.9964833,5.0,B00XHTAIGM
pacmap,10000,5971,1.7211674,-4.43545,5.0,B07VDLZ39V
pacmap,10000,5972,-0.44780943,-10.262244,5.0,B08DHJFJFY
pacmap,10000,5973,4.6213236,1.1154096,3.0,B07H65KP63
pacmap,10000,5974,-4.9850793,2.9488666,2.0,B083Z7W1FK
pacmap,10000,5975,3.618953,-0.6881636,5.0,B0C46VF5GR
pacmap,10000,5976,1.7317829,2.8362067,1.0,B095STM3C9
pacmap,10000,5977,4.012156,1.9986099,4.0,B018SOU7AM
pacmap,10000,5978,2.010015,-3.0709238,4.0,B0C61VKHQL
pacmap,10000,5979,-5.662927,-5.931152,3.0,B07Y23TMZ4
pacmap,10000,5980,0.54168034,-4.9757705,4.0,B08VDBZPYL
pacmap,10000,5981,-9.8083725,-3.037419,3.0,B0B12G5Z92
pacmap,10000,5982,5.2989097,1.5604466,4.0,B09YXCM8N3
pacmap,10000,5983,2.6675842,2.365227,5.0,B07L9BDY3T
pacmap,10000,5984,6.1108427,1.141503,5.0,B00KFCRATC
pacmap,10000,5985,-1.1782196,-3.5866318,3.0,B0BRQ9ZZ3D
pacmap,10000,5986,-5.933402,2.9709454,4.0,B093L79VHX
pacmap,10000,5987,6.2745867,-1.6140946,4.0,B0BGRNBMKT
pacmap,10000,5988,4.670965,2.8516908,3.0,B09Q371RZC
pacmap,10000,5989,1.3200428,4.204636,4.0,B08DV5LB4C
pacmap,10000,5990,2.0426404,4.0950556,5.0,B0BM9LLXPD
pacmap,10000,5991,-0.15307815,-10.998259,3.0,B07N31CHLN
pacmap,10000,5992,4.2944865,1.9154327,3.0,B09C2RQGGS
pacmap,10000,5993,-0.7838942,-10.910989,1.0,B09DKQ58Y1
pacmap,10000,5994,3.8564014,1.9774501,4.0,B09ZL3GXHN
pacmap,10000,5995,1.694874,4.3455443,5.0,B0B2VC4P21
pacmap,10000,5996,0.11539254,-11.003292,5.0,B01GF5ACUG
pacmap,10000,5997,-0.26133546,-10.248395,2.0,B01BVX5BX0
pacmap,10000,5998,-2.3196933,-8.477919,1.0,B07P5Q8SC1
pacmap,10000,5999,2.8692203,-1.430988,1.0,B07NTRPYBB
pacmap,10000,6000,1.9156935,2.6223257,5.0,B073QNZ1SP
pacmap,10000,6001,-6.872769,-4.7137103,5.0,B01EL7618C
pacmap,10000,6002,4.538431,0.8117344,5.0,B075X8471B
pacmap,10000,6003,4.2863955,4.765939,5.0,B0B2K24RQT
pacmap,10000,6004,5.4101434,2.239856,1.0,B0B3D9WQD5
pacmap,10000,6005,4.1641464,3.8406093,5.0,B099KKGJQP
pacmap,10000,6006,0.4359546,-6.2350144,5.0,B08F9ZCTCL
pacmap,10000,6007,7.6221952,0.20653263,5.0,B0753QWL5X
pacmap,10000,6008,-2.2365496,-11.720825,5.0,B0BGP6R8XS
pacmap,10000,6009,-1.1651434,-11.399765,5.0,B0B59QBY9G
pacmap,10000,6010,-6.9162116,1.9824789,5.0,B071LPMSN1
pacmap,10000,6011,2.7763245,7.291378,3.0,B07QFPFR95
pacmap,10000,6012,1.8047632,3.5950108,5.0,B0BV9FDWT9
pacmap,10000,6013,7.6977777,-0.08134821,5.0,B073QX1ZMS
pacmap,10000,6014,1.6683155,3.5871818,1.0,B07MBGQH15
pacmap,10000,6015,-7.0453396,-5.2981906,5.0,B079661FSM
pacmap,10000,6016,-4.661573,4.714151,5.0,B086VR9J8Q
pacmap,10000,6017,-5.69721,1.0917203,5.0,B07PDN1LCZ
pacmap,10000,6018,-9.87722,-3.830069,4.0,B01MYG67JR
pacmap,10000,6019,-10.157624,-3.5798695,5.0,B01N18WZGK
pacmap,10000,6020,-10.43072,-3.3716266,5.0,B01K4IHBHC
pacmap,10000,6021,-8.252034,7.756507,3.0,B004P1IU5C
pacmap,10000,6022,-6.223762,-1.977543,5.0,B00ZWKHP6A
pacmap,10000,6023,-0.5372589,8.769532,5.0,B00RT03DVW
pacmap,10000,6024,0.989911,-1.2361691,5.0,B00I1781BY
pacmap,10000,6025,-0.9610862,-10.93244,4.0,B004VY77Q6
pacmap,10000,6026,-5.2925873,-5.8057423,5.0,B07Q1JZ363
pacmap,10000,6027,-0.69147,-3.3755093,5.0,B0014A50GE
pacmap,10000,6028,-2.4323635,-8.963155,4.0,B088KNRJ8L
pacmap,10000,6029,-0.92227286,-6.793006,3.0,B001J1PUOK
pacmap,10000,6030,-5.4935064,3.5426884,5.0,B008V4S1C6
pacmap,10000,6031,-6.3436356,-7.206119,5.0,B08R5NGMS1
pacmap,10000,6032,-1.6846834,-11.892533,5.0,B07PXGQC1Q
pacmap,10000,6033,0.047603253,2.4273674,5.0,B00NKZ5R28
pacmap,10000,6034,3.4594543,-1.0697877,1.0,B07Q8Y7D4F
pacmap,10000,6035,0.92603207,-4.9740787,4.0,B081629SRT
pacmap,10000,6036,2.9208612,4.835872,5.0,B00CST4LH4
pacmap,10000,6037,-2.570255,1.2662753,5.0,B07DLC2SFZ
pacmap,10000,6038,2.1884303,8.169568,5.0,B08VMR2974
pacmap,10000,6039,1.9875346,4.3024564,4.0,B08NB7R131
pacmap,10000,6040,4.3822746,0.049313035,1.0,B00ZIS0LGC
pacmap,10000,6041,0.31606343,20.889387,5.0,B0CC2FVRJW
pacmap,10000,6042,3.398252,-0.8328755,3.0,B07WDDGFD6
pacmap,10000,6043,-0.7185677,-8.621501,5.0,B0914FVW5Z
pacmap,10000,6044,-2.9136884,-11.830878,5.0,B00DVH26EC
pacmap,10000,6045,-1.9795412,-0.12446772,1.0,B00LVQ7KQO
pacmap,10000,6046,0.8931672,3.9668503,5.0,B09SXP5VB5
pacmap,10000,6047,5.5330186,-0.40023318,5.0,B0B46FBZ8J
pacmap,10000,6048,-1.2716769,-8.371708,5.0,B00LWHU9D8
pacmap,10000,6049,4.5304184,0.23192161,1.0,B07XJ9FF4M
pacmap,10000,6050,3.219777,3.7102544,5.0,B0BMK6DC5W
pacmap,10000,6051,3.5528102,0.6795457,5.0,B006MCDUZM
pacmap,10000,6052,19.411282,12.065804,5.0,B07KVHJZSC
pacmap,10000,6053,7.1327634,-0.88629055,5.0,B077ZVBJH2
pacmap,10000,6054,17.000235,-1.760635,5.0,B01EG5502W
pacmap,10000,6055,0.18996586,8.533477,4.0,B07V6CGGW2
pacmap,10000,6056,4.8520265,3.608913,4.0,B088CW81Y6
pacmap,10000,6057,2.225375,2.4876218,4.0,B07NYXPL4P
pacmap,10000,6058,5.9042363,1.5998554,2.0,B015VW30US
pacmap,10000,6059,-1.3792316,-10.244315,1.0,B07H78ZPD2
pacmap,10000,6060,-7.642632,-3.357746,5.0,B0BV6SQPK2
pacmap,10000,6061,-5.5111156,-2.6120226,3.0,B0B6D4W3R7
pacmap,10000,6062,-0.67714757,-3.459221,2.0,B07PMS2169
pacmap,10000,6063,5.191981,1.2917497,5.0,B0B42NYTZZ
pacmap,10000,6064,-0.7001013,8.3014965,5.0,B08L9M826M
pacmap,10000,6065,0.095819466,7.283806,5.0,B07GDH82R4
pacmap,10000,6066,-8.042753,7.907664,5.0,B083HK32C3
pacmap,10000,6067,3.95061,2.5079412,5.0,B083HK32C3
pacmap,10000,6068,-0.76922894,5.4362087,5.0,B08N1DF9BX
pacmap,10000,6069,-7.040014,1.5783705,3.0,B09PV3S1GT
pacmap,10000,6070,-6.094068,7.685295,5.0,B09ZRK3RGC
pacmap,10000,6071,1.8010491,3.620215,4.0,B0B31QGH9J
pacmap,10000,6072,1.6796023,3.4531467,3.0,B09NNGX5B5
pacmap,10000,6073,-1.8621955,6.361176,5.0,B0B11NY3JQ
pacmap,10000,6074,-0.7724011,8.476876,5.0,B0B9WHZBXJ
pacmap,10000,6075,-3.1876795,-2.586579,4.0,B0B79XMMHV
pacmap,10000,6076,1.6104603,6.9806843,3.0,B09XHWMDK2
pacmap,10000,6077,-6.1249237,-5.7642803,4.0,B0BGRVVCX7
pacmap,10000,6078,-0.77672845,1.7500579,3.0,B09TTH4JDN
pacmap,10000,6079,-8.201592,-4.0461717,4.0,B0B129DM9T
pacmap,10000,6080,-7.803721,-3.9508867,5.0,B0B8W6RJ26
pacmap,10000,6081,2.1052394,8.352438,4.0,B09XGTMY6X
pacmap,10000,6082,-5.6527333,-5.236986,4.0,B09ZXDZVKR
pacmap,10000,6083,-8.368447,-4.236976,5.0,B0B9GXVGJY
pacmap,10000,6084,-0.13385552,2.155739,3.0,B0C6J653RZ
pacmap,10000,6085,-4.770644,-6.9682055,3.0,B09NRLQYC1
pacmap,10000,6086,-10.296266,-2.7234719,5.0,B09N78QN2F
pacmap,10000,6087,-0.28954536,4.187554,3.0,B0BTS267BB
pacmap,10000,6088,2.495501,2.6025028,4.0,B08M43RVH4
pacmap,10000,6089,-8.447089,-3.6067138,5.0,B0B7Z96WFM
pacmap,10000,6090,-1.9142358,4.534531,3.0,B095K1SQ3W
pacmap,10000,6091,-0.7845168,1.823537,4.0,B08H7PD336
pacmap,10000,6092,-4.9972935,-5.3193846,4.0,B0BZT5GQGJ
pacmap,10000,6093,-7.482747,-5.4921513,5.0,B082YB9888
pacmap,10000,6094,-3.8762753,-12.217932,4.0,B08BRF7XRM
pacmap,10000,6095,-2.603363,-10.686399,4.0,B0BJXSGLFJ
pacmap,10000,6096,1.6821266,-4.1381717,4.0,B0BT1BTW94
pacmap,10000,6097,-8.163277,7.810481,4.0,B0BFKK3NL9
pacmap,10000,6098,5.155754,0.1566549,5.0,B0749WP3M3
pacmap,10000,6099,-1.4526669,-9.968143,4.0,B094MKQMZR
pacmap,10000,6100,-8.675034,-3.2055962,5.0,B082T8JN5K
pacmap,10000,6101,3.3778799,2.3491921,4.0,B07H5F2SSX
pacmap,10000,6102,-2.6195934,-2.1688638,3.0,B0BF8WV66H
pacmap,10000,6103,0.4073444,3.772656,4.0,B097M9MNLD
pacmap,10000,6104,-3.6680262,-12.600777,4.0,B08BDM3ZJJ
pacmap,10000,6105,-3.289774,-12.290256,4.0,B0BKV47TKY
pacmap,10000,6106,-7.003494,-5.9450707,5.0,B07SFXCF1N
pacmap,10000,6107,1.442471,6.9523683,4.0,B07WQ43G4G
pacmap,10000,6108,-3.6194987,-4.7077026,5.0,B08XXNDWPG
pacmap,10000,6109,-8.068779,7.6872954,4.0,B07BMX18JN
pacmap,10000,6110,-5.420523,-5.728989,5.0,B07JWFWDTZ
pacmap,10000,6111,0.8452737,7.200188,4.0,B07DB645LG
pacmap,10000,6112,-0.6515547,-1.3864269,3.0,B0B5TMT9Y5
pacmap,10000,6113,-6.2929807,7.706555,3.0,B07DDDLQZV
pacmap,10000,6114,1.4703217,6.574582,5.0,B086TRKJMP
pacmap,10000,6115,-7.9911127,-5.449542,3.0,B07B9S451G
pacmap,10000,6116,-6.9767675,1.7289047,5.0,B07JHTVHM8
pacmap,10000,6117,-7.1774254,1.6408038,5.0,B0BXSXFLQ5
pacmap,10000,6118,-7.026858,1.7053541,4.0,B0B79D1NQ6
pacmap,10000,6119,-6.2841434,-1.8381462,4.0,B0BH5LNYKV
pacmap,10000,6120,-6.304905,-6.9652004,4.0,B09LQ6T5WP
pacmap,10000,6121,2.2124395,7.2126956,4.0,B073CVH3SX
pacmap,10000,6122,0.44207057,-1.2826681,5.0,B087XYQFJ6
pacmap,10000,6123,1.6452283,-4.280195,5.0,B0106N5OOW
pacmap,10000,6124,-7.338478,-5.3315744,5.0,B07CWF332K
pacmap,10000,6125,-0.83682084,5.166635,4.0,B08Y929JZN
pacmap,10000,6126,-8.068727,-2.9251919,3.0,B07F6ZFRBG
pacmap,10000,6127,-2.5272279,-11.0616865,3.0,B07T2451BH
pacmap,10000,6128,-0.91007,-5.2634916,4.0,B07FVR4ZSG
pacmap,10000,6129,-5.361963,3.1986048,5.0,B07DKMJ61N
pacmap,10000,6130,-2.9642172,-12.0915785,4.0,B07GZM4B3S
pacmap,10000,6131,-0.69624543,-3.6380837,4.0,B00ZVJ9L3C
pacmap,10000,6132,0.76011723,0.61071914,3.0,B0727YR476
pacmap,10000,6133,-3.2794745,-11.445439,4.0,B07G7VT8KQ
pacmap,10000,6134,-7.373429,-3.2227514,4.0,B07BL8BRPX
pacmap,10000,6135,2.144446,8.373035,4.0,B079RMP2HC
pacmap,10000,6136,-2.0395505,-11.592562,3.0,B079MSMRDF
pacmap,10000,6137,0.27639088,4.5758753,4.0,B07QDNWC7X
pacmap,10000,6138,-2.72162,-10.158302,3.0,B0778PCW73
pacmap,10000,6139,-4.966898,-5.65602,5.0,B07S5LZ1SQ
pacmap,10000,6140,-2.958711,-4.3400345,5.0,B01GCGKDN4
pacmap,10000,6141,0.1737873,2.2122934,4.0,B071XY12YY
pacmap,10000,6142,0.25198027,20.997614,5.0,B075S49D36
pacmap,10000,6143,0.251434,6.899983,4.0,B075MCMSX5
pacmap,10000,6144,-2.3999145,-10.005013,5.0,B076WTK9T8
pacmap,10000,6145,-0.66235775,2.1493092,3.0,B01MYWX7AM
pacmap,10000,6146,-4.0173473,7.2400303,4.0,B077F12V6M
pacmap,10000,6147,0.42027253,20.782944,3.0,B072MH9TC3
pacmap,10000,6148,-3.2186534,-10.487538,4.0,B07PXGDCZJ
pacmap,10000,6149,-2.8372626,-11.498174,4.0,B06XSJV5B9
pacmap,10000,6150,-3.1377022,-11.252263,4.0,B07CX3MDNY
pacmap,10000,6151,-2.9347842,-12.260664,2.0,B01M59LIIZ
pacmap,10000,6152,-1.1810246,-11.062589,5.0,B01DNYM78W
pacmap,10000,6153,-0.9582651,-4.281915,4.0,B01KICHFQQ
pacmap,10000,6154,-4.6933026,0.8911784,5.0,B0813GD741
pacmap,10000,6155,-5.498627,1.0800831,5.0,B073FRWK8J
pacmap,10000,6156,-1.8377585,-9.767406,4.0,B01CEAYWZW
pacmap,10000,6157,-3.8804035,7.5392065,4.0,B01E6VT9L4
pacmap,10000,6158,1.5764816,-0.31662107,4.0,B018791G9O
pacmap,10000,6159,-2.3247,0.10377879,4.0,B019IBD440
pacmap,10000,6160,0.35888803,-0.27449045,4.0,B00E91EGDS
pacmap,10000,6161,1.2936225,-0.22707164,5.0,B00PN377C8
pacmap,10000,6162,-3.0349884,-11.840701,3.0,B00JV0NSU4
pacmap,10000,6163,-5.565932,1.1474516,5.0,B00IYOCBMO
pacmap,10000,6164,0.064369164,6.9286566,4.0,B00EOLNYXQ
pacmap,10000,6165,-3.9798481,-3.067662,5.0,B00COEBCXY
pacmap,10000,6166,1.6725076,-4.4834,5.0,B00E98O7GC
pacmap,10000,6167,-6.276617,-2.2199526,4.0,B00CMYHMT4
pacmap,10000,6168,-7.465777,-3.402836,5.0,B00DJ375Y4
pacmap,10000,6169,-1.0829228,-9.389645,4.0,B00BD7UXXS
pacmap,10000,6170,-0.7120287,4.9900317,5.0,B014HX74TA
pacmap,10000,6171,0.9458987,-0.12853697,3.0,B008DDPL4G
pacmap,10000,6172,-5.6396646,-6.054217,5.0,B003ATZBWA
pacmap,10000,6173,-1.5065353,-8.526394,4.0,B004M8SSZU
pacmap,10000,6174,-3.474736,-12.228678,2.0,B005MR6CMG
pacmap,10000,6175,-2.610829,-10.987497,4.0,B0058D8D3K
pacmap,10000,6176,-3.7260675,-12.187354,5.0,B005DKZP7A
pacmap,10000,6177,0.22021322,6.902592,4.0,B003N2POVW
pacmap,10000,6178,-1.3354962,-10.980667,4.0,B002VS4V0Y
pacmap,10000,6179,-7.130894,0.78189325,5.0,B00387EW1K
pacmap,10000,6180,-6.4883204,7.7814226,5.0,B002MMY4WY
pacmap,10000,6181,-6.145359,7.6417913,5.0,B002B4P788
pacmap,10000,6182,5.93507,1.9773022,5.0,B09HRD9X5P
pacmap,10000,6183,-0.735534,-3.2386575,5.0,B076D1NHDT
pacmap,10000,6184,1.3827839,5.8439107,5.0,B081948XYF
pacmap,10000,6185,0.82008934,3.1004112,3.0,B00000J1QR
pacmap,10000,6186,2.456376,-8.929198,5.0,B01K8B8YA8
pacmap,10000,6187,2.085232,-2.3995094,2.0,B09ZTC6LGP
pacmap,10000,6188,-1.1866536,6.101342,5.0,B01DCXE2JQ
pacmap,10000,6189,-1.0530484,-4.5411806,1.0,B00AWKC0JM
pacmap,10000,6190,7.1226077,3.9252071,5.0,B0754PQT43
pacmap,10000,6191,2.5930178,7.4970236,5.0,B0BQRGJJ4Y
pacmap,10000,6192,-10.253106,-3.3303866,5.0,B089F9YDFC
pacmap,10000,6193,-0.06376006,-7.8110437,5.0,B008H0QXT2
pacmap,10000,6194,3.9474983,0.5791438,4.0,B0CCRNKX6X
pacmap,10000,6195,-8.239504,7.7337356,5.0,B08YMVB98D
pacmap,10000,6196,-8.224072,7.731243,5.0,B07FZ6DBT7
pacmap,10000,6197,-0.0040340386,6.878847,5.0,B00WFJ1B48
pacmap,10000,6198,0.9724965,0.64607954,3.0,B073Q3H3JP
pacmap,10000,6199,0.62042916,-2.1718996,3.0,B00CMVW2RO
pacmap,10000,6200,2.453559,3.227723,5.0,B016QU7PAK
pacmap,10000,6201,-3.1839519,-2.289777,5.0,B00K15LQZM
pacmap,10000,6202,-0.9958729,-11.192756,3.0,B07V2DMFM6
pacmap,10000,6203,1.029215,19.901718,5.0,B08FCCSQ7V
pacmap,10000,6204,-0.4424255,-9.683429,5.0,B06VVWRMNP
pacmap,10000,6205,-0.50599074,-10.2058325,5.0,B071W6B7M7
pacmap,10000,6206,5.566953,-0.41278437,5.0,B00JLBIQ8W
pacmap,10000,6207,-5.5897903,1.0099744,5.0,B0C5MCSLKZ
pacmap,10000,6208,-2.5997188,-10.819157,5.0,B08C6KBWPV
pacmap,10000,6209,-3.7643068,8.893727,5.0,B092C37YFP
pacmap,10000,6210,-0.25857386,-5.3517585,5.0,B08WJSHSLC
pacmap,10000,6211,-7.458528,-5.760321,5.0,B09RZDNN93
pacmap,10000,6212,-0.7104773,-10.233776,5.0,B07NHVWP31
pacmap,10000,6213,-0.27743724,-5.106819,5.0,B07GZFM1ZM
pacmap,10000,6214,-6.2612386,1.3172427,5.0,B0B6D4W3R7
pacmap,10000,6215,-6.057481,1.1555578,5.0,B089PMMT1X
pacmap,10000,6216,1.415535,4.7582946,5.0,B01J1GJC5M
pacmap,10000,6217,2.035694,2.673274,5.0,B00G8MMQI8
pacmap,10000,6218,-6.4348235,1.0828973,5.0,B00E9W1ULS
pacmap,10000,6219,-6.547642,-4.4681745,5.0,B00MWHQZX0
pacmap,10000,6220,-2.8938215,7.655798,5.0,B019WHZE70
pacmap,10000,6221,-4.3825107,-4.227063,5.0,B00ZVJAF9G
pacmap,10000,6222,8.640796,-2.906746,5.0,B0B75PV61F
pacmap,10000,6223,8.425263,-2.699721,5.0,B005JZMGM6
pacmap,10000,6224,-2.035474,-11.820226,5.0,B0BNV9818Q
pacmap,10000,6225,4.752155,2.2538772,3.0,B0C338S8M7
pacmap,10000,6226,0.51309747,8.6198225,5.0,B09J56DGWJ
pacmap,10000,6227,-6.747345,-4.902996,5.0,B0756HHHL2
pacmap,10000,6228,-0.31660277,-9.9634495,5.0,B0BW4PFM58
pacmap,10000,6229,-0.8134491,8.747402,5.0,B00GA2P746
pacmap,10000,6230,10.769261,5.0420904,4.0,B01LD9HKHC
pacmap,10000,6231,-3.089966,-7.5362315,1.0,B07S764D9V
pacmap,10000,6232,0.5970499,8.556125,4.0,B081J3BB63
pacmap,10000,6233,4.748416,1.1906917,1.0,B09KV12J8N
pacmap,10000,6234,-1.3021408,-9.878814,5.0,B07XFBBLT3
pacmap,10000,6235,3.6346462,2.722329,5.0,B01FHRL3WE
pacmap,10000,6236,11.477963,12.43583,5.0,B09ZP4G7C8
pacmap,10000,6237,3.5159683,4.182949,1.0,B096RLH6YY
pacmap,10000,6238,2.3097122,1.5535492,5.0,B0856WDDJB
pacmap,10000,6239,2.999065,6.834736,5.0,B07FY19B4Q
pacmap,10000,6240,3.3492477,1.8085161,5.0,B084SPVTKZ
pacmap,10000,6241,-2.6498702,-11.921829,5.0,B07R8PR5YZ
pacmap,10000,6242,1.1529657,19.697214,5.0,B07VVJM82L
pacmap,10000,6243,2.7819242,2.9760985,1.0,B07ZNPPXN6
pacmap,10000,6244,-0.4977216,-10.348491,5.0,B07SGSXF95
pacmap,10000,6245,0.41423357,0.7766217,5.0,B07PF9PWM3
pacmap,10000,6246,0.35443702,8.734008,5.0,B07V5DDC7R
pacmap,10000,6247,-5.767099,3.558515,5.0,B07P6DW1RB
pacmap,10000,6248,-7.339,-3.2973542,1.0,B017LSIXDE
pacmap,10000,6249,-2.3223975,-12.2171335,5.0,B00WW8M9D4
pacmap,10000,6250,-0.77587575,-10.720153,1.0,B07T99Q9PC
pacmap,10000,6251,3.6007252,2.603752,5.0,B072ML61NW
pacmap,10000,6252,3.5873337,4.636502,5.0,B01N44JBS4
pacmap,10000,6253,0.011770951,0.36090145,5.0,B00C4P6AKS
pacmap,10000,6254,6.0186334,1.7310101,5.0,B09ZNNX5X5
pacmap,10000,6255,6.6756706,2.4220526,5.0,B0753G7SJ5
pacmap,10000,6256,0.3632959,6.890669,5.0,B06XCNLLMQ
pacmap,10000,6257,-6.9521275,-4.181871,5.0,B071J21DWK
pacmap,10000,6258,6.0136642,-0.16860029,5.0,B0BL98C1RC
pacmap,10000,6259,-0.20975709,1.9301839,2.0,B09PHC5TTW
pacmap,10000,6260,-5.302177,-6.572366,1.0,B089LMWJJB
pacmap,10000,6261,1.8761086,4.234339,5.0,B07Z3ZF5NG
pacmap,10000,6262,2.9265764,3.8468993,5.0,B07VKM5R3G
pacmap,10000,6263,3.4839625,3.4488108,5.0,B07R7NNPMR
pacmap,10000,6264,-2.2274482,0.33784512,1.0,B01KPB7G1E
pacmap,10000,6265,-6.806064,-5.4021893,4.0,B07S2ZB67N
pacmap,10000,6266,-2.0182009,9.005223,5.0,B07BSVLHYD
pacmap,10000,6267,-10.232334,-2.865313,4.0,B00U87A5FU
pacmap,10000,6268,-0.6141796,-10.765077,5.0,B06XD9T2T5
pacmap,10000,6269,-6.129674,-5.1350656,4.0,B0778TZKXR
pacmap,10000,6270,0.1864286,-10.878226,4.0,B00KVJ4OI4
pacmap,10000,6271,1.6815381,0.6522469,5.0,B0C3HNDTW1
pacmap,10000,6272,3.3088133,1.685665,5.0,B0C5PHZ4QS
pacmap,10000,6273,-7.1153355,-4.9021244,5.0,B07JZCJBNX
pacmap,10000,6274,-6.262226,3.3502526,4.0,B075FLJ87G
pacmap,10000,6275,-0.21569,7.3666577,2.0,B00E5NOWTS
pacmap,10000,6276,-6.8076787,1.2067629,3.0,B0052Q4Q5M
pacmap,10000,6277,-3.0782506,-11.149592,3.0,B07BYR66X6
pacmap,10000,6278,-1.15575,7.5925117,3.0,B00E5NOXM4
pacmap,10000,6279,-7.7758126,-5.521089,4.0,B0089W5Q1O
pacmap,10000,6280,-2.0963738,-7.992254,1.0,B0BXYXD1Q2
pacmap,10000,6281,-2.3569891,-0.9177046,1.0,B00F2ENYPC
pacmap,10000,6282,-7.2949843,-2.603607,1.0,B00483WRZ6
pacmap,10000,6283,-1.4248418,5.807999,2.0,B00CYZYKXW
pacmap,10000,6284,-5.8560686,1.3401561,3.0,B007JTKLEK
pacmap,10000,6285,-3.4385066,-10.367889,2.0,B005PUZO92
pacmap,10000,6286,-9.981324,-3.1699789,4.0,B00461DNTO
pacmap,10000,6287,2.3362243,0.8555971,1.0,B084H2NHNN
pacmap,10000,6288,1.448085,7.8989487,5.0,B08HRLQNY3
pacmap,10000,6289,9.074191,-3.227047,5.0,B0742N5RFR
pacmap,10000,6290,-2.6914322,0.6896889,5.0,B074RYRX52
pacmap,10000,6291,4.2276745,1.7637854,1.0,B01LXQXUCU
pacmap,10000,6292,0.5578601,6.16215,5.0,B09ND8GVKN
pacmap,10000,6293,3.9122634,3.1226492,5.0,B07V8KGH65
pacmap,10000,6294,-6.600102,-4.358279,5.0,B073QV3XFQ
pacmap,10000,6295,-3.0867403,8.419267,5.0,B07J3MJ33Y
pacmap,10000,6296,1.5452186,-0.26203266,5.0,B008NCD1OY
pacmap,10000,6297,-3.246252,-2.319885,5.0,B01MR3BFVP
pacmap,10000,6298,0.2957388,7.584601,5.0,B00EYDTA3W
pacmap,10000,6299,-1.0964203,8.439299,5.0,B004QIPH5U
pacmap,10000,6300,-8.195353,7.7859063,5.0,B005HQ5138
pacmap,10000,6301,-9.95941,-3.1334972,5.0,B00OCBSASM
pacmap,10000,6302,-9.874298,-3.6656651,5.0,B0C2VGGZFR
pacmap,10000,6303,-1.621488,-4.8963714,5.0,B008GVOVK0
pacmap,10000,6304,-3.1313884,-11.921586,5.0,B07S764D9V
pacmap,10000,6305,4.776974,-0.99339545,1.0,B0BS6KLLT1
pacmap,10000,6306,-2.2455838,-10.836575,5.0,B00FOHDK7O
pacmap,10000,6307,-1.1621423,-3.8635292,5.0,B07DLP63DT
pacmap,10000,6308,-3.2596872,-2.3862982,5.0,B008O5112Y
pacmap,10000,6309,4.858588,-0.34100932,2.0,B00DK3D2EA
pacmap,10000,6310,-9.474197,-3.6652331,5.0,B004HFS6Z0
pacmap,10000,6311,-0.4213125,-10.09075,5.0,B088XTSGWR
pacmap,10000,6312,3.1726923,0.49340335,5.0,B0836H465T
pacmap,10000,6313,-0.86511904,-3.3861427,5.0,B08SQ9XWC4
pacmap,10000,6314,2.6382263,-8.757525,1.0,B07GZFM1ZM
pacmap,10000,6315,-0.029132342,7.0698338,5.0,B0777SJZ55
pacmap,10000,6316,5.9309545,1.7182534,5.0,B004L0JI94
pacmap,10000,6317,8.965451,-3.1296618,5.0,B00DC1YO1K
pacmap,10000,6318,0.9053228,-1.7119899,5.0,B0C1ZSQL2V
pacmap,10000,6319,0.906606,-1.200835,5.0,B079BZQ987
pacmap,10000,6320,8.359775,-2.5822365,5.0,B09F8SSSHK
pacmap,10000,6321,-9.474863,-4.0664334,1.0,B0C3ZV9NNY
pacmap,10000,6322,4.0265517,3.0511096,5.0,B004YE6XBS
pacmap,10000,6323,5.5539985,1.5196832,5.0,B075BMG6CT
pacmap,10000,6324,5.153088,2.8184352,1.0,B007O5HI7M
pacmap,10000,6325,2.886436,5.399079,4.0,B07X3GQT7V
pacmap,10000,6326,-6.6781354,-4.620578,4.0,B0BZK3HGPS
pacmap,10000,6327,-3.9562187,-5.117967,4.0,B07JZYL38K
pacmap,10000,6328,3.59108,4.578491,4.0,B07VM4W41Q
pacmap,10000,6329,-5.3319554,-5.600074,3.0,B09G3CL3Y3
pacmap,10000,6330,4.095867,0.19794995,3.0,B001FWYGJS
pacmap,10000,6331,17.218029,-1.6966357,4.0,B0066HA1PU
pacmap,10000,6332,3.9996858,0.8776716,5.0,B089GP6PHV
pacmap,10000,6333,3.4973457,1.1482439,5.0,B07DPC98DT
pacmap,10000,6334,-6.383201,-5.3150163,5.0,B06XW7D58S
pacmap,10000,6335,6.794382,3.065181,5.0,B01KT301YC
pacmap,10000,6336,2.7871406,2.7296019,3.0,B08CN3WR3F
pacmap,10000,6337,1.7680165,0.97932094,3.0,B08SW1Y799
pacmap,10000,6338,7.8887596,0.1960563,4.0,B0897P3D5B
pacmap,10000,6339,3.7494125,1.3933014,1.0,B072HFCC2S
pacmap,10000,6340,7.2469687,0.72683126,5.0,B00008VIJ4
pacmap,10000,6341,6.140603,3.486374,5.0,B00FJDUPX0
pacmap,10000,6342,7.3925347,3.2980583,5.0,B00PB76GU0
pacmap,10000,6343,-3.3545084,-11.02859,1.0,B09KQC7Z4S
pacmap,10000,6344,1.7056978,2.5543861,5.0,B09G2QNSLY
pacmap,10000,6345,-8.933773,-4.702208,5.0,B079BWHNQH
pacmap,10000,6346,1.0268878,-0.09508755,5.0,B00N2ZDXW2
pacmap,10000,6347,2.3469262,3.468319,4.0,B07GYQDDY3
pacmap,10000,6348,5.7041254,4.2921076,5.0,B075NCK9BH
pacmap,10000,6349,-6.1363025,-5.955101,5.0,B0BNPL25Z9
pacmap,10000,6350,1.0710537,5.777882,5.0,B01J2PSK9G
pacmap,10000,6351,3.849304,2.834614,5.0,B00OQVZDJM
pacmap,10000,6352,-1.0694432,7.4977107,5.0,B00HZV88TW
pacmap,10000,6353,-0.21947505,-4.939175,5.0,B0791TX5P5
pacmap,10000,6354,-0.7782774,-9.803417,4.0,B07RDFCJSX
pacmap,10000,6355,-2.2261908,9.074661,5.0,B07PZ75YCR
pacmap,10000,6356,7.3199115,0.90710545,5.0,B00UVSJU4S
pacmap,10000,6357,-3.479736,1.1354601,5.0,B09XFW1VGL
pacmap,10000,6358,-0.21442959,-4.8862305,5.0,B07F4P3JH7
pacmap,10000,6359,-0.48068017,-4.961804,5.0,B075X8471B
pacmap,10000,6360,5.941147,6.725957,5.0,B01A5JRJJK
pacmap,10000,6361,-1.5632418,7.4132905,5.0,B08GFYXJ5G
pacmap,10000,6362,-0.9285618,7.429767,1.0,B094X7HC69
pacmap,10000,6363,-8.909282,-4.503457,5.0,B07WGPTZHR
pacmap,10000,6364,-8.729297,-4.8285656,5.0,B0BGS23YKX
pacmap,10000,6365,-2.073669,1.7500598,5.0,B07LG5WBTS
pacmap,10000,6366,-8.128616,7.742231,5.0,B0B4SWZTZ1
pacmap,10000,6367,-6.187683,2.3808596,5.0,B077X1ZB7H
pacmap,10000,6368,4.084986,5.0388565,5.0,B01FAR9OQI
pacmap,10000,6369,-6.537118,0.09138698,5.0,B0BGDQG1NB
pacmap,10000,6370,4.537018,0.3601754,4.0,B07RPB2LC2
pacmap,10000,6371,3.4307425,2.621389,5.0,B012Q066SG
pacmap,10000,6372,3.434682,4.4662375,4.0,B01594Q35W
pacmap,10000,6373,3.382484,4.17025,2.0,B07DLGVJMQ
pacmap,10000,6374,5.1943903,3.9817946,5.0,B094XJT82N
pacmap,10000,6375,10.972305,-4.618223,5.0,B0B5HVBK4L
pacmap,10000,6376,1.75341,0.48580718,5.0,B0BV93KQZR
pacmap,10000,6377,10.958201,-4.603787,5.0,B01LPR3TPO
pacmap,10000,6378,5.171032,0.4948444,5.0,B082WNC4NK
pacmap,10000,6379,-7.3171134,-3.2172327,5.0,B0948F131R
pacmap,10000,6380,10.946904,-4.6088996,5.0,B079BQSPDZ
pacmap,10000,6381,-1.5116904,4.5564365,5.0,B08XQC6DFY
pacmap,10000,6382,-1.2733573,-10.1311035,5.0,B07G2D2YLR
pacmap,10000,6383,-7.2508607,-3.4194183,5.0,B097K3MMWF
pacmap,10000,6384,-9.714621,-2.4140394,5.0,B07X8CFT5C
pacmap,10000,6385,7.037139,-1.258292,5.0,B07NZ2QFBC
pacmap,10000,6386,0.8834046,4.1452336,5.0,B0C4GLY4S2
pacmap,10000,6387,7.8048787,3.7170525,5.0,B092QG9RW5
pacmap,10000,6388,0.6139594,4.075743,5.0,B0C1GFZ8Z3
pacmap,10000,6389,-1.7841791,1.2418917,5.0,B089FWTFNX
pacmap,10000,6390,1.1632096,3.9671233,5.0,B07S3259MB
pacmap,10000,6391,0.23671028,1.2940373,5.0,B08RXCLS3D
pacmap,10000,6392,8.439988,4.027623,5.0,B0C6F2ZQ1X
pacmap,10000,6393,-1.9884537,1.1702904,5.0,B0BXDDY8TX
pacmap,10000,6394,6.24774,-0.5606094,5.0,B0BTVN2YTV
pacmap,10000,6395,-7.181717,-4.497429,5.0,B01DN7NZPI
pacmap,10000,6396,2.5141463,1.9343494,5.0,B0BL699P9K
pacmap,10000,6397,-10.276831,-3.2595534,5.0,B071CLKMRT
pacmap,10000,6398,-0.88137305,2.2255995,5.0,B007G5NNOW
pacmap,10000,6399,-1.474229,1.6540024,5.0,B0CFWKNNJK
pacmap,10000,6400,7.236226,2.2751749,5.0,B08QVJNJBJ
pacmap,10000,6401,3.3254113,0.9854541,5.0,B0BSMGWD3Z
pacmap,10000,6402,10.988669,-4.628594,5.0,B0C6LKF6T3
pacmap,10000,6403,6.417918,2.1238976,5.0,B0C2VZS9YP
pacmap,10000,6404,1.7268128,3.917906,5.0,B0871ZF33N
pacmap,10000,6405,1.1757346,2.984108,5.0,B08DKD8RNG
pacmap,10000,6406,3.265334,3.668007,5.0,B0C99B47P2
pacmap,10000,6407,6.5882254,3.3936765,5.0,B09N42GVF7
pacmap,10000,6408,3.1650784,3.0117588,5.0,B078NNDXTG
pacmap,10000,6409,2.8340478,3.2050223,5.0,B0BMQJYLQV
pacmap,10000,6410,-10.341543,-3.1850827,5.0,B0CCBVT73Z
pacmap,10000,6411,0.47945955,4.1646676,5.0,B07H8PKR21
pacmap,10000,6412,3.1625497,1.5615851,5.0,B089ZSGXX3
pacmap,10000,6413,2.657385,1.8545185,2.0,B092K1Z84G
pacmap,10000,6414,0.18111742,7.178339,5.0,B06Y5HFTMY
pacmap,10000,6415,23.343884,2.9999347,5.0,B01MTDB1GJ
pacmap,10000,6416,1.1350157,19.721636,5.0,B0C1NTC6M1
pacmap,10000,6417,5.608714,2.4296272,5.0,B0BQ5JTZ89
pacmap,10000,6418,5.745013,2.7121673,5.0,B09M3BZYVP
pacmap,10000,6419,3.0547612,-0.40186015,5.0,B07V3FWFQG
pacmap,10000,6420,7.209002,4.420683,5.0,B07JHDJ11B
pacmap,10000,6421,2.304327,3.3409188,5.0,B0B2D3YB5N
pacmap,10000,6422,3.7239242,1.4664277,5.0,B0BSMH71XL
pacmap,10000,6423,-1.8162932,-9.321221,5.0,B07CZ6DCZ7
pacmap,10000,6424,3.200961,1.4282355,5.0,B07BDR5PDW
pacmap,10000,6425,4.5056515,3.9304001,5.0,B071HVYGNJ
pacmap,10000,6426,6.7429643,1.9143581,5.0,B01N22LFPL
pacmap,10000,6427,6.3651667,-1.3140378,5.0,B07N1RYQ5Y
pacmap,10000,6428,-4.890482,-5.2863793,5.0,B01MG4DIDO
pacmap,10000,6429,-6.8202624,-4.8907795,5.0,B0BHZ1GDVT
pacmap,10000,6430,1.4029821,-1.713734,5.0,B0BN74ZJDK
pacmap,10000,6431,4.4752865,3.5431442,5.0,B01N58WYS7
pacmap,10000,6432,11.005348,-4.6469054,5.0,B0BGCDYQQY
pacmap,10000,6433,-1.0793412,-3.6527085,5.0,B0B3SS4533
pacmap,10000,6434,19.414398,12.066519,5.0,B07GVWH35S
pacmap,10000,6435,-0.93184924,-3.3228538,5.0,B07BFTKJQN
pacmap,10000,6436,1.4045644,3.4584148,5.0,B09ST61M6Y
pacmap,10000,6437,3.6877463,0.7512865,5.0,B0735BP1K4
pacmap,10000,6438,-1.4014977,1.5736146,5.0,B07L9125V8
pacmap,10000,6439,-2.6651552,-9.27289,5.0,B07S7D2HWZ
pacmap,10000,6440,2.006066,0.2184542,5.0,B071R715MZ
pacmap,10000,6441,3.2598567,3.7762902,5.0,B07V7WRCCR
pacmap,10000,6442,1.2435163,4.7646203,5.0,B0BBMN8HMM
pacmap,10000,6443,4.55266,4.0263777,5.0,B076WXJPQ1
pacmap,10000,6444,0.71760136,4.162956,5.0,B073W74WR8
pacmap,10000,6445,7.3123384,1.8909045,5.0,B07GKNV5DC
pacmap,10000,6446,-6.560325,-4.68326,5.0,B01D5RGZBC
pacmap,10000,6447,4.5564404,4.9916945,5.0,B01G4T07IK
pacmap,10000,6448,2.7904816,2.1479492,5.0,B076VKZQ67
pacmap,10000,6449,4.2834597,4.709504,5.0,B0BDWN4RHW
pacmap,10000,6450,-6.6737003,-3.9479773,5.0,B0B28D16NX
pacmap,10000,6451,3.8675158,1.802481,5.0,B01EMQ00UM
pacmap,10000,6452,5.369207,1.2451487,5.0,B01FN9QT34
pacmap,10000,6453,7.8154106,0.7933836,5.0,B07ZHY844C
pacmap,10000,6454,5.935994,6.7764764,5.0,B07Z9J861F
pacmap,10000,6455,7.8584538,0.7132262,5.0,B003TZM6AK
pacmap,10000,6456,7.7657404,0.64923614,5.0,B0BGNG1294
pacmap,10000,6457,7.708173,0.73409486,5.0,B0BHWQ3H17
pacmap,10000,6458,6.253431,2.8321884,5.0,B07WFQHWC6
pacmap,10000,6459,7.7021995,0.68668723,5.0,B0BKLGCC9S
pacmap,10000,6460,10.950229,-4.5996804,5.0,B0713RRZMB
pacmap,10000,6461,-6.2995696,0.87961346,5.0,B076MYJ3JF
pacmap,10000,6462,7.7436147,0.60234797,5.0,B07VFBX16H
pacmap,10000,6463,19.41287,12.064601,5.0,B0BMQJYLQV
pacmap,10000,6464,1.8656675,-0.65208435,5.0,B0997YZWNG
pacmap,10000,6465,5.5630965,2.3905077,5.0,B09N42GVF7
pacmap,10000,6466,-1.6246321,4.5142393,5.0,B078MWHS6H
pacmap,10000,6467,-2.9278042,-6.555268,5.0,B0BNQ8W8W3
pacmap,10000,6468,1.6872495,-0.9576769,5.0,B01N1U2GL2
pacmap,10000,6469,7.826181,0.698144,5.0,B0BSFNSN8H
pacmap,10000,6470,-6.9016504,1.5295966,5.0,B098VHF5X1
pacmap,10000,6471,2.1098762,-0.20883296,5.0,B0754QFYN3
pacmap,10000,6472,4.101147,-0.08458646,5.0,B07MC2ZSNY
pacmap,10000,6473,2.2151573,-0.013950941,5.0,B01EFPX9XA
pacmap,10000,6474,2.5542989,1.8547167,5.0,B001QLFNCC
pacmap,10000,6475,3.5207663,2.4006054,5.0,B06XYS6ZX3
pacmap,10000,6476,10.943989,-4.591234,5.0,B06XHY5VXF
pacmap,10000,6477,4.1366963,4.831356,5.0,B00T38OHQ8
pacmap,10000,6478,3.6860595,4.110444,5.0,B0C6FJFRJG
pacmap,10000,6479,-0.9610245,-11.485726,5.0,B01J54NLOI
pacmap,10000,6480,-3.382277,-11.841339,5.0,B01A5D5XF8
pacmap,10000,6481,-9.795059,-3.1726818,5.0,B071X8NZF8
pacmap,10000,6482,3.792749,4.402626,4.0,B01LWLK5CS
pacmap,10000,6483,19.4124,12.065456,5.0,B07CM82N2N
pacmap,10000,6484,-2.2438886,1.4707607,5.0,B0BHFGL8H8
pacmap,10000,6485,5.905511,2.5291789,5.0,B00L1UEZS6
pacmap,10000,6486,6.716395,3.4075794,5.0,B07GF2ZR8G
pacmap,10000,6487,7.6064634,1.833341,5.0,B01E3QM34W
pacmap,10000,6488,6.2462673,-0.1722097,5.0,B07DK988T5
pacmap,10000,6489,0.7117856,-7.175186,5.0,B091BD9T1Z
pacmap,10000,6490,-1.0500052,6.402011,5.0,B005972X3Q
pacmap,10000,6491,-6.382942,7.7069073,4.0,B004ZKXXAK
pacmap,10000,6492,-0.35084543,-5.2354245,5.0,B00CX5P8FC
pacmap,10000,6493,-1.5504061,8.41927,4.0,B01HHURN3W
pacmap,10000,6494,-0.80753297,-5.685399,5.0,B0029U2XH2
pacmap,10000,6495,0.5064916,7.7338815,5.0,B01D9LJ0YI
pacmap,10000,6496,1.43586,3.9730883,3.0,B01DBT9XB8
pacmap,10000,6497,-0.94266486,8.420321,5.0,B01D1NUDJK
pacmap,10000,6498,-1.2473593,6.4230785,5.0,B008AT6YGM
pacmap,10000,6499,0.010840299,2.3647444,5.0,B000WYVBR0
pacmap,10000,6500,-3.2527585,-2.372932,5.0,B002R0JJYE
pacmap,10000,6501,1.7019876,-4.4427204,5.0,B0002Z45DQ
pacmap,10000,6502,-1.9177866,-4.376159,5.0,B001U3YK52
pacmap,10000,6503,-1.1954415,-9.084612,1.0,B000XVM22U
pacmap,10000,6504,-2.217707,-8.37422,5.0,B000P6H7Y6
pacmap,10000,6505,-2.9107895,-12.174439,2.0,B00UWV8JLY
pacmap,10000,6506,-1.6552286,-4.0958257,5.0,B000RO7G6A
pacmap,10000,6507,-2.0506885,-3.9969318,5.0,B000PNPCH8
pacmap,10000,6508,-0.25684005,-10.22412,4.0,B0BVBFPD2X
pacmap,10000,6509,5.339671,-0.28818783,3.0,B07DZTPQBX
pacmap,10000,6510,6.288965,2.0396514,5.0,B09XMHMQ6B
pacmap,10000,6511,0.28323466,1.5442344,5.0,B0B5153M52
pacmap,10000,6512,-1.1521932,-5.1765747,5.0,B087JF29BN
pacmap,10000,6513,6.6408315,1.9707385,4.0,B0BW4PFM58
pacmap,10000,6514,4.096545,0.56907755,4.0,B01LYECH38
pacmap,10000,6515,-0.6798528,-4.1858497,4.0,B075JZNHTD
pacmap,10000,6516,3.9229224,4.0605183,4.0,B000067REN
pacmap,10000,6517,4.09885,3.0525465,5.0,B09VDHXD8V
pacmap,10000,6518,-1.1818355,-10.2806425,5.0,B09Y4HCRLM
pacmap,10000,6519,-2.2616603,-8.1414175,1.0,B005C841OG
pacmap,10000,6520,1.0160208,3.0416322,4.0,B0166DXRJK
pacmap,10000,6521,-6.9692235,-3.517418,4.0,B07GPGVYGX
pacmap,10000,6522,-2.8340075,-11.61615,5.0,B09VC5JFQQ
pacmap,10000,6523,2.0733273,4.7228146,5.0,B0BV2RGLX1
pacmap,10000,6524,-0.9647534,1.073635,5.0,B0B1X7RC1B
pacmap,10000,6525,-1.6796873,6.9609084,2.0,B0742N15FW
pacmap,10000,6526,-0.5775423,-9.419151,5.0,B09SGVQTCB
pacmap,10000,6527,-0.6125354,0.934511,5.0,B09S6D9JVV
pacmap,10000,6528,-0.8950296,-10.837519,5.0,B09NL2ZWKQ
pacmap,10000,6529,-3.282919,0.9367489,5.0,B09LCFZZD3
pacmap,10000,6530,-5.4925556,1.0192244,3.0,B07LG5WBTS
pacmap,10000,6531,-3.3728936,-4.98869,5.0,B0054JE706
pacmap,10000,6532,-0.41803926,-9.94988,5.0,B0B3GNJS9L
pacmap,10000,6533,-2.3690906,0.9912777,5.0,B0B9625KDT
pacmap,10000,6534,-3.9551969,-11.801638,4.0,B07F6SN2B6
pacmap,10000,6535,2.588257,-8.815153,5.0,B0991ZHK6P
pacmap,10000,6536,-2.8669975,0.5054387,5.0,B091PRCJ5Y
pacmap,10000,6537,-1.5800412,6.343144,5.0,B08LFYM64C
pacmap,10000,6538,-0.40229568,-9.899671,5.0,B08QZTSJMM
pacmap,10000,6539,-1.5320857,-10.901613,5.0,B0BQYQW5FM
pacmap,10000,6540,-0.67392075,-10.381793,5.0,B0B2K31HVM
pacmap,10000,6541,0.35763714,1.4483167,5.0,B0C3KKZHBC
pacmap,10000,6542,-0.47350627,-9.945543,5.0,B07G8N3PP1
pacmap,10000,6543,-0.6840736,-10.224402,5.0,B08KP8H1KW
pacmap,10000,6544,-0.9145755,-0.21432862,5.0,B08NP226CF
pacmap,10000,6545,-0.3690906,-9.438235,5.0,B0B7HM1NQF
pacmap,10000,6546,1.9088348,-9.125164,4.0,B08DMXDPW5
pacmap,10000,6547,-1.007638,-11.183635,5.0,B08JVBMDY4
pacmap,10000,6548,-7.4664745,-5.0402765,5.0,B0B4DCFYF9
pacmap,10000,6549,-6.512458,-5.9241595,5.0,B08593Y8S9
pacmap,10000,6550,-7.0437255,-3.6887352,4.0,B0C4CBWNMK
pacmap,10000,6551,-8.415263,-4.4161615,5.0,B0C3ZV9NNY
pacmap,10000,6552,-0.4580862,3.7545183,5.0,B0875QK1PN
pacmap,10000,6553,-1.9998873,0.9542726,5.0,B096K4MF5V
pacmap,10000,6554,-1.193473,1.1813245,5.0,B07Y81J93G
pacmap,10000,6555,0.11979147,8.107486,5.0,B0788GR6PT
pacmap,10000,6556,-0.49979916,-9.134125,5.0,B0BYRZKDQ9
pacmap,10000,6557,-2.5974317,-2.3632135,5.0,B0C1B8VYNY
pacmap,10000,6558,-1.8631994,4.5325103,4.0,B07WGNY5S1
pacmap,10000,6559,-5.224357,-2.4001431,5.0,B0B6PKJD93
pacmap,10000,6560,-4.480665,-3.2575617,5.0,B07W6THQQZ
pacmap,10000,6561,-2.3662295,0.4223232,5.0,B087986YPY
pacmap,10000,6562,2.4739215,-8.902089,4.0,B07H65KP63
pacmap,10000,6563,-6.9338346,-4.5120063,5.0,B08Y961HLL
pacmap,10000,6564,-0.8214211,-5.5147347,5.0,B07WSB9QGD
pacmap,10000,6565,-2.316661,-10.979893,5.0,B09F3RBZB6
pacmap,10000,6566,1.9953115,4.007838,2.0,B07P1KFDVS
pacmap,10000,6567,1.6332525,-4.2256055,5.0,B09J2LT45L
pacmap,10000,6568,-2.6060526,1.3963804,5.0,B07WZCJLHF
pacmap,10000,6569,0.00823773,5.4685435,5.0,B07QP1JGRF
pacmap,10000,6570,-7.451054,-5.1978145,4.0,B00E1XGKLK
pacmap,10000,6571,-0.08864234,1.7806888,5.0,B08XQJYK1L
pacmap,10000,6572,-1.788731,7.746936,5.0,B0742LGP6C
pacmap,10000,6573,-1.049214,-8.575392,5.0,B07WV9FDD2
pacmap,10000,6574,-7.430214,-3.3481174,5.0,B0BRKGSJKH
pacmap,10000,6575,-2.6402602,-11.261472,5.0,B07VM6NPKV
pacmap,10000,6576,0.8852838,1.2638971,5.0,B0BB6TYK7V
pacmap,10000,6577,1.6469324,3.7993302,3.0,B0792513F4
pacmap,10000,6578,-2.783113,1.9268528,5.0,B07SNDF84W
pacmap,10000,6579,0.9044561,-0.5187871,5.0,B07VY21RSF
pacmap,10000,6580,-3.952156,1.028132,5.0,B071R715MZ
pacmap,10000,6581,-1.7340182,3.8703077,5.0,B07SL4Z4HD
pacmap,10000,6582,1.2230004,1.0149548,5.0,B07KL16YXB
pacmap,10000,6583,-3.2420607,-12.109489,5.0,B07P5Y2R1R
pacmap,10000,6584,-1.4239964,-9.278406,5.0,B07JLGNDWF
pacmap,10000,6585,-1.9531924,-8.5651865,5.0,B07GB4ZD16
pacmap,10000,6586,-0.13588619,-4.8474593,5.0,B07F1F7T7V
pacmap,10000,6587,-0.74803966,-9.589575,5.0,B09HCFHR8C
pacmap,10000,6588,-2.10967,-8.289107,5.0,B07DGGJZN2
pacmap,10000,6589,-2.1738193,-10.116293,5.0,B07JKG8V4Q
pacmap,10000,6590,-5.626407,1.0809089,4.0,B073JWXGNT
pacmap,10000,6591,4.4756374,1.7540855,3.0,B0B636J9N2
pacmap,10000,6592,4.0639753,3.8943694,5.0,B09D7NN6YZ
pacmap,10000,6593,-1.8437322,-11.672987,5.0,B084RT6GF7
pacmap,10000,6594,-2.773278,-12.053292,4.0,B07SXS4SLR
pacmap,10000,6595,4.5824375,-0.5480511,1.0,B09K7JMBYK
pacmap,10000,6596,1.1567318,19.681778,5.0,B01MQVXPSU
pacmap,10000,6597,-2.420011,4.5418577,5.0,B08BLSF473
pacmap,10000,6598,-0.9171496,-3.7330008,1.0,B00FQEUD4I
pacmap,10000,6599,-0.52839065,8.677667,3.0,B00K0QLI6Y
pacmap,10000,6600,-6.1571727,-0.69714046,3.0,B000W8UIZW
pacmap,10000,6601,-0.61324,-4.347619,3.0,B0071O4ETQ
pacmap,10000,6602,-0.3268361,7.5288877,5.0,B07R2N71B8
pacmap,10000,6603,-6.973654,-4.7304764,5.0,B00BVKH1L4
pacmap,10000,6604,-2.3268447,-7.969833,5.0,B004O0UGRO
pacmap,10000,6605,-5.555946,0.78707844,5.0,B001CQT0X4
pacmap,10000,6606,1.4931897,-4.920092,5.0,B002WBX9C6
pacmap,10000,6607,-1.4874786,-5.024638,1.0,B0038JECKY
pacmap,10000,6608,-1.0501318,7.7302666,5.0,B0040RT4S8
pacmap,10000,6609,1.8952374,-2.5700972,3.0,B07VTK654B
pacmap,10000,6610,3.1179693,4.038041,5.0,B07456BG8N
pacmap,10000,6611,-0.24237818,8.258696,5.0,B06XSGYL1Q
pacmap,10000,6612,6.5765104,-1.6454499,5.0,B01KBEOL5E
pacmap,10000,6613,-4.6170263,8.04982,4.0,B00WET4CA4
pacmap,10000,6614,0.8598398,-7.1266255,3.0,B0C2V2XLWP
pacmap,10000,6615,5.3050056,1.4962405,1.0,B07Q38SCGL
pacmap,10000,6616,0.7877189,1.6825811,5.0,B07KTYJ769
pacmap,10000,6617,-5.9035068,-0.8401694,1.0,B093CK9JZ6
pacmap,10000,6618,-0.34682468,-5.4722075,4.0,B06XWD7457
pacmap,10000,6619,-2.7367868,-12.565059,5.0,B08FX6FB1S
pacmap,10000,6620,-2.4625082,7.609117,5.0,B07K9KQC1F
pacmap,10000,6621,1.3994191,1.8873242,5.0,B00PUBDKR4
pacmap,10000,6622,8.964493,-3.1088364,4.0,B00FG7N3F6
pacmap,10000,6623,-2.317908,9.214291,5.0,B07W65V76B
pacmap,10000,6624,-2.7485163,7.4989905,1.0,B075LX7S6B
pacmap,10000,6625,-3.892566,7.7308803,3.0,B01MTF2Z37
pacmap,10000,6626,-3.563011,-11.882363,1.0,B01GAF5EIQ
pacmap,10000,6627,-0.98773164,-8.720103,5.0,B07K4ZZJCV
pacmap,10000,6628,-3.6310465,9.333656,5.0,B00825BZUY
pacmap,10000,6629,-3.5141046,9.265148,5.0,B008682C9U
pacmap,10000,6630,-2.862515,1.3675658,5.0,B09XFW1VGL
pacmap,10000,6631,-0.96073794,-9.213001,5.0,B07DQCDY9M
pacmap,10000,6632,-1.7392313,-4.1829243,5.0,B09HJMC3T3
pacmap,10000,6633,-3.719615,9.328491,5.0,B07N8VFFNS
pacmap,10000,6634,-3.9444375,7.7626615,5.0,B07P374FF3
pacmap,10000,6635,7.4815383,3.4612947,5.0,B07L5L1M23
pacmap,10000,6636,-2.6508653,-1.9645637,5.0,B01MTF2Z37
pacmap,10000,6637,-1.501038,-4.9886394,5.0,B0186E64EC
pacmap,10000,6638,-7.6787,-3.300817,5.0,B01ASWH5KW
pacmap,10000,6639,-0.5046744,-5.35922,5.0,B017JEF126
pacmap,10000,6640,2.1403818,-9.030069,4.0,B01K8B8YA8
pacmap,10000,6641,1.1112859,19.773468,5.0,B01BDX9Q6Q
pacmap,10000,6642,-3.7616777,9.188143,4.0,B010BWYDYA
pacmap,10000,6643,-10.28078,-3.6084554,4.0,B005BSKKGU
pacmap,10000,6644,-8.217215,-4.519298,4.0,B01580BPU0
pacmap,10000,6645,-5.2507534,-5.933844,5.0,B09H62C3T4
pacmap,10000,6646,-2.776193,-6.83459,2.0,B0C4Y7WNT4
pacmap,10000,6647,3.699293,-0.818078,1.0,B0B8W72ZG6
pacmap,10000,6648,2.3555288,-2.0257037,1.0,B089M9S2PW
pacmap,10000,6649,2.3043625,3.7562923,1.0,B0BN7GFQR2
pacmap,10000,6650,-8.205212,7.618392,2.0,B07FCHTPJ4
pacmap,10000,6651,-3.0694113,0.21504922,1.0,B07FRHLLSC
pacmap,10000,6652,5.193982,1.1935273,5.0,B01FH8V422
pacmap,10000,6653,3.4460182,2.8973827,2.0,0544005031
pacmap,10000,6654,-2.4514318,-11.732126,5.0,B08XPWDSWW
pacmap,10000,6655,-1.5989434,8.524463,5.0,B01AFSD4ZY
pacmap,10000,6656,2.5691051,-8.944708,5.0,B07456BG8N
pacmap,10000,6657,4.4916525,2.2640743,5.0,B072C4KCQH
pacmap,10000,6658,4.0304337,2.6045504,5.0,B08XNCHTCY
pacmap,10000,6659,0.036624793,-7.8848853,5.0,B08GYSSGG4
pacmap,10000,6660,4.0586205,1.4435022,2.0,B000MXWSWI
pacmap,10000,6661,-0.70768815,-5.6894484,5.0,B01CKE0HUG
pacmap,10000,6662,-2.4913974,9.352853,5.0,B007T356BO
pacmap,10000,6663,-2.3816123,9.168763,5.0,B08HPXBKGR
pacmap,10000,6664,2.661822,7.7457027,4.0,B073P5S7KG
pacmap,10000,6665,-1.5512106,-11.669854,5.0,B0BL5YHZPC
pacmap,10000,6666,-7.035061,-4.644689,5.0,B0C2R4513L
pacmap,10000,6667,-6.535237,-4.2590485,5.0,B08Y961HLL
pacmap,10000,6668,2.8848114,1.5718017,4.0,B01K8B8YA8
pacmap,10000,6669,-9.403717,-3.904436,5.0,B000EVS4YE
pacmap,10000,6670,5.3856764,1.9313284,5.0,B0BGNG1294
pacmap,10000,6671,-5.790028,3.0257487,5.0,B0B6D4W3R7
pacmap,10000,6672,5.227704,3.243926,5.0,B0C1FND41H
pacmap,10000,6673,-6.1952333,-3.914031,5.0,B06XN5KP8G
pacmap,10000,6674,3.0951633,4.5957246,5.0,B0841FLXW3
pacmap,10000,6675,-0.9069345,-9.742419,5.0,B0BG4NT7KZ
pacmap,10000,6676,-9.510634,-3.270244,5.0,B00TOVTZ7K
pacmap,10000,6677,5.5152144,3.4007075,5.0,B01EZ0ATM4
pacmap,10000,6678,16.304867,17.219507,5.0,B0039BPG1K
pacmap,10000,6679,1.7553561,-3.8998153,1.0,B07G95FFN3
pacmap,10000,6680,1.6429617,1.2558767,5.0,B0829CM79J
pacmap,10000,6681,-6.6360917,7.7250404,3.0,B003VANO7C
pacmap,10000,6682,-1.4393911,-8.613419,5.0,B004T0B8O4
pacmap,10000,6683,4.5372353,2.0340981,5.0,B01FV7Z1R8
pacmap,10000,6684,5.3664703,-0.502136,5.0,B00N41UTCG
pacmap,10000,6685,-1.5424228,3.3246717,5.0,B06VSBV1JM
pacmap,10000,6686,-0.74945056,2.0682478,5.0,B078GM723Q
pacmap,10000,6687,-1.5670639,3.253978,5.0,B01EWBJ5RQ
pacmap,10000,6688,-0.6554648,1.7718232,5.0,B004UBNIMC
pacmap,10000,6689,0.48823377,0.37428334,5.0,B07N8VLGGV
pacmap,10000,6690,-8.273009,-4.9271264,5.0,B075JY867R
pacmap,10000,6691,-2.6118927,-4.322981,5.0,B0C717RBB5
pacmap,10000,6692,4.019152,3.1850035,5.0,B019MDJURE
pacmap,10000,6693,-0.5199609,-9.696685,5.0,B0BW4PFM58
pacmap,10000,6694,-1.0508474,7.8376822,5.0,B0BPMNM5J3
pacmap,10000,6695,-2.971264,-11.198359,3.0,B005BT2KJE
pacmap,10000,6696,-7.0798836,0.9376687,2.0,B003UI62AG
pacmap,10000,6697,8.037324,1.9345181,5.0,B07ZCVQQ52
pacmap,10000,6698,7.675528,3.6693769,4.0,B007SYTQKG
pacmap,10000,6699,2.8725774,6.81979,5.0,B077Y84XBW
pacmap,10000,6700,-4.2276497,-2.9513826,5.0,B0B4W1TMNL
pacmap,10000,6701,-2.511786,-12.495916,5.0,B07G3HYDJQ
pacmap,10000,6702,-5.6454024,3.6307824,5.0,B07GDXCJLM
pacmap,10000,6703,-6.3114495,-1.0961424,5.0,B01FRWONKI
pacmap,10000,6704,-0.93774974,3.9164546,5.0,B075ZQ37HX
pacmap,10000,6705,2.9545355,4.607259,5.0,B072PZLZ25
pacmap,10000,6706,-5.354043,2.881278,5.0,B08D72C25X
pacmap,10000,6707,-5.4102798,3.1104944,5.0,B072BQGT4P
pacmap,10000,6708,1.6807553,-4.2190576,5.0,B015PRO512
pacmap,10000,6709,-1.2219124,1.9641246,5.0,B00KZP1BUI
pacmap,10000,6710,1.0669883,-3.6554008,5.0,B0BJGKZKV9
pacmap,10000,6711,-0.77229995,-11.326413,5.0,B07WWK9GYJ
pacmap,10000,6712,-1.4734356,-5.404185,3.0,B06X42H9VZ
pacmap,10000,6713,-1.0663702,8.860689,1.0,B00GPAFHIO
pacmap,10000,6714,2.311059,-8.999974,4.0,B01MQMJFDK
pacmap,10000,6715,-7.130558,-3.0185497,5.0,B08TY4HJ8L
pacmap,10000,6716,4.0892367,2.9870706,5.0,B07M87MHHD
pacmap,10000,6717,-2.2706263,-11.061171,5.0,B001Z0OFBO
pacmap,10000,6718,-2.3181589,4.7228823,5.0,B0B8GXBY8T
pacmap,10000,6719,-7.595291,-5.1375594,5.0,B0BJ6M972Z
pacmap,10000,6720,-1.135899,-11.400488,5.0,B08QHGXRHW
pacmap,10000,6721,-2.6277492,-9.930792,5.0,B01A09KCJ4
pacmap,10000,6722,1.1634275,5.6292286,5.0,B07QC4WTNC
pacmap,10000,6723,-2.8015904,-12.208592,5.0,B0BZVGQ1M3
pacmap,10000,6724,1.5585271,-1.5667996,4.0,B016NUTG5K
pacmap,10000,6725,1.9093661,1.9825119,4.0,B08XX49Y57
pacmap,10000,6726,7.2713137,0.59239864,5.0,B08CLNX58K
pacmap,10000,6727,0.112193085,4.5798216,5.0,B07QL85PKS
pacmap,10000,6728,23.342974,2.9998395,4.0,B017DQXE3I
pacmap,10000,6729,6.9908333,0.034018062,5.0,B016YVT9IW
pacmap,10000,6730,4.923799,-0.08036049,5.0,B01LWPGB6C
pacmap,10000,6731,10.955844,-4.602905,5.0,B0002BESIM
pacmap,10000,6732,3.420327,4.6433897,5.0,B07CLBNM1C
pacmap,10000,6733,-0.85329384,-3.2852147,5.0,B01AYH531O
pacmap,10000,6734,6.314555,0.01596742,5.0,B0036WD5OC
pacmap,10000,6735,-0.8555481,-9.478758,5.0,B07CPNR79C
pacmap,10000,6736,0.83167547,3.434435,3.0,B08ZF2Z7Y1
pacmap,10000,6737,-1.2860874,-4.810493,5.0,B097QRSH31
pacmap,10000,6738,5.078691,0.40081137,3.0,B0BW4PFM58
pacmap,10000,6739,-2.4386525,-4.609307,1.0,B07G2C1N16
pacmap,10000,6740,3.8836923,0.070027776,1.0,B00HWML2I8
pacmap,10000,6741,8.163296,5.678036,4.0,B077JFK5YH
pacmap,10000,6742,6.3335743,4.8734202,5.0,B075X8471B
pacmap,10000,6743,7.249761,4.564859,5.0,B09P4KJSTQ
pacmap,10000,6744,8.844559,-3.0223038,5.0,B09BZGJCGD
pacmap,10000,6745,5.5575185,-0.89591897,2.0,B0079TOG82
pacmap,10000,6746,-6.0821424,7.006399,1.0,B07RN5T3W4
pacmap,10000,6747,-6.8520346,-4.962398,5.0,B07NXTYXKK
pacmap,10000,6748,6.6053185,-1.4485137,5.0,B0000AI0N1
pacmap,10000,6749,-0.08907001,-8.126968,5.0,B07DN8G654
pacmap,10000,6750,-0.14767258,3.0351653,5.0,B096M4G1H6
pacmap,10000,6751,5.9311433,-1.0687519,5.0,B07KTYJ769
pacmap,10000,6752,-3.190562,-2.4386654,5.0,B00Q20H3O8
pacmap,10000,6753,1.6583154,5.8033366,5.0,B07GK3LQVC
pacmap,10000,6754,-3.2969115,8.766665,5.0,B00D38XF6M
pacmap,10000,6755,-2.57881,9.078386,5.0,B01HHUMAYO
pacmap,10000,6756,4.4565053,-0.501552,1.0,B07G52NHBZ
pacmap,10000,6757,1.8835815,0.87866,5.0,B000WYVBR0
pacmap,10000,6758,-10.292962,-3.4152012,5.0,B01B6SJ8HU
pacmap,10000,6759,5.5216403,0.59703773,1.0,B01LWRUX6B
pacmap,10000,6760,0.8052827,-0.43966305,5.0,B00TAEUMSM
pacmap,10000,6761,-0.033073578,-7.6938257,1.0,B01IRYARU8
pacmap,10000,6762,6.152951,4.9505453,5.0,B00UOR9SES
pacmap,10000,6763,6.6441507,3.5304215,1.0,B08925RBY3
pacmap,10000,6764,5.717251,1.4329904,5.0,B01IU2X81C
pacmap,10000,6765,-2.0148818,-11.860989,5.0,B01IE4VQ7O
pacmap,10000,6766,8.681975,-2.9789836,5.0,B000VADPHY
pacmap,10000,6767,1.8176373,3.067831,1.0,B09Y273HR1
pacmap,10000,6768,3.2376542,5.810894,5.0,B079PCYTVD
pacmap,10000,6769,5.0233545,2.2940636,5.0,B07QBPS1D9
pacmap,10000,6770,0.125378,8.627825,5.0,B07L153XF4
pacmap,10000,6771,-0.46382853,7.6030736,5.0,B0769WTJB5
pacmap,10000,6772,2.8206584,2.8537447,5.0,B00F19Q7YI
pacmap,10000,6773,0.35978755,2.1633525,5.0,B00GLJBTQ8
pacmap,10000,6774,5.735235,4.3814425,5.0,B073J9QZLR
pacmap,10000,6775,0.1517785,7.7494407,5.0,B01ISNY7EA
pacmap,10000,6776,-0.24500918,-5.6113343,5.0,B075XN1NZC
pacmap,10000,6777,-3.8272603,7.58525,5.0,B01AZ7LT20
pacmap,10000,6778,0.84071046,6.8778386,5.0,B00VRLUTWA
pacmap,10000,6779,-2.5528855,2.1547222,5.0,B08L4VBZ7Y
pacmap,10000,6780,-2.7826617,2.2485945,5.0,B074G884PQ
pacmap,10000,6781,2.5388234,2.3468351,5.0,B08R3D8R9W
pacmap,10000,6782,4.7651973,3.1542659,5.0,B0756QHRK9
pacmap,10000,6783,5.2374544,0.34541366,5.0,B075X8471B
pacmap,10000,6784,-2.3882272,1.2609669,5.0,B07WMB4XS4
pacmap,10000,6785,0.93038523,-0.21352796,4.0,B00L0YLRUW
pacmap,10000,6786,-3.3522866,8.911434,4.0,B00DVBMFSU
pacmap,10000,6787,2.5416055,1.2407346,5.0,B08LJ6JVS2
pacmap,10000,6788,-0.7679163,5.2294083,5.0,B086G2FCCG
pacmap,10000,6789,1.9442697,8.117934,5.0,B08NZ26CXV
pacmap,10000,6790,-0.5880428,8.530655,5.0,B083R8LPL7
pacmap,10000,6791,-1.4429983,5.1309943,5.0,B08DNNSCZR
pacmap,10000,6792,-0.27083474,-7.0260663,3.0,B07F71NMQS
pacmap,10000,6793,-1.1152748,-9.633,3.0,B00NXE4N4Y
pacmap,10000,6794,-8.466122,-4.2050133,5.0,B0B12PXQYM
pacmap,10000,6795,3.9821348,2.3239887,5.0,B01M36DER8
pacmap,10000,6796,1.5825074,2.6878521,5.0,B09MTSLT2T
pacmap,10000,6797,-7.300442,-3.5798435,5.0,B000ALY22Q
pacmap,10000,6798,-7.931647,-3.2981977,5.0,B01K47BBB0
pacmap,10000,6799,-7.9570904,-3.1313202,5.0,B08SXQPZKF
pacmap,10000,6800,6.052155,6.9039354,5.0,B00E0I4UBS
pacmap,10000,6801,-4.8039784,-2.9240162,5.0,B0BTYQQ62G
pacmap,10000,6802,-1.2371117,0.430239,5.0,B075X8471B
pacmap,10000,6803,0.43347257,7.183585,4.0,B000RPLMCI
pacmap,10000,6804,-1.6917366,4.326544,5.0,B08XMGJ522
pacmap,10000,6805,-1.4060409,-9.931853,2.0,B07XBX33N2
pacmap,10000,6806,-3.1488988,-11.698951,1.0,B07H9NMYMY
pacmap,10000,6807,-3.1431873,1.8804582,5.0,B0169WO11G
pacmap,10000,6808,-0.8076201,8.904073,1.0,B00R8FPTOC
pacmap,10000,6809,1.0217358,2.9757028,4.0,B00VMH7PQM
pacmap,10000,6810,-1.0841666,8.434926,5.0,B07QZVNG2T
pacmap,10000,6811,-3.2733045,-11.549476,5.0,B01NBOPJW2
pacmap,10000,6812,2.978154,6.9669385,5.0,B018DR0OH0
pacmap,10000,6813,1.2359754,-0.00081723597,4.0,B00SG3CWGS
pacmap,10000,6814,3.320609,0.5180293,4.0,B00IKMLG3A
pacmap,10000,6815,9.015981,-3.2191975,4.0,B075X8471B
pacmap,10000,6816,6.284449,-0.34955338,4.0,B077XXNTCS
pacmap,10000,6817,4.37745,0.36388704,4.0,B00ZVJAF9G
pacmap,10000,6818,-0.4186279,-10.265902,4.0,B00V0923TG
pacmap,10000,6819,-0.54275805,7.70367,5.0,B07S6QN4Q3
pacmap,10000,6820,-10.003253,-2.9496155,5.0,B078PFDHN4
pacmap,10000,6821,0.14156243,0.39022076,4.0,B07FDTCR9R
pacmap,10000,6822,-2.7219431,-2.1987112,5.0,B015WCV70W
pacmap,10000,6823,-6.4065847,7.7520437,2.0,B003VAHYNC
pacmap,10000,6824,-6.073083,-0.9768839,4.0,B08NW4W6WT
pacmap,10000,6825,7.3706026,2.4742026,5.0,B0184IC7VE
pacmap,10000,6826,7.4116797,2.4949064,5.0,B017LSIXDE
pacmap,10000,6827,23.345907,2.990449,5.0,B00EL94Z4I
pacmap,10000,6828,5.9516454,6.6498013,5.0,B00EXCRPT0
pacmap,10000,6829,1.7713896,2.5794427,5.0,B01MTY7MSK
pacmap,10000,6830,2.2075856,0.71877474,5.0,B06XRG9QDV
pacmap,10000,6831,5.2734146,1.7722241,5.0,B09JQLTLG3
pacmap,10000,6832,3.93513,0.15392357,5.0,B00FBJ04WO
pacmap,10000,6833,4.335683,1.7451267,5.0,B008I64J9G
pacmap,10000,6834,5.209876,2.821161,5.0,B07BDQSYCD
pacmap,10000,6835,4.7020826,2.1765656,5.0,B09NCBBB7P
pacmap,10000,6836,-6.0207195,-6.117468,5.0,B019C2WUIQ
pacmap,10000,6837,-10.23092,-3.4761171,2.0,B00NNDAFW4
pacmap,10000,6838,2.786776,3.662968,4.0,B08934PYGP
pacmap,10000,6839,-6.290185,7.603792,3.0,B08G58HFTM
pacmap,10000,6840,-0.5929578,7.590665,5.0,B086GNR77J
pacmap,10000,6841,1.6636902,-4.2044377,2.0,B00NZTL1Y2
pacmap,10000,6842,-8.04342,7.6559463,2.0,B07CLBNM1C
pacmap,10000,6843,0.12636253,-11.03942,5.0,B09MMWM2Y8
pacmap,10000,6844,1.9733776,4.072633,4.0,B07CXF452P
pacmap,10000,6845,6.2855244,-0.74066234,5.0,B01LWP3001
pacmap,10000,6846,-0.5171609,-9.34194,3.0,B0BPLD4VK9
pacmap,10000,6847,6.571565,0.031062337,5.0,B07C1M321K
pacmap,10000,6848,-5.4475775,-5.879529,5.0,B088WK5XGD
pacmap,10000,6849,-5.5243654,-5.706744,5.0,B00O1RTQJE
pacmap,10000,6850,5.543206,-0.81019384,5.0,B0BPN66WP7
pacmap,10000,6851,6.5648885,-1.5013425,5.0,B07FFTDLSL
pacmap,10000,6852,-3.4407804,8.98767,5.0,B07M66HC8K
pacmap,10000,6853,0.8005746,-7.0900292,4.0,B07SJ2DFYG
pacmap,10000,6854,-0.5382194,-3.431919,1.0,B07PYSGJ85
pacmap,10000,6855,2.3109915,-8.889125,5.0,B07KTYJ769
pacmap,10000,6856,5.7730174,4.210316,5.0,B07HZLHPKP
pacmap,10000,6857,5.2552505,1.68837,5.0,B00KQNVQ6S
pacmap,10000,6858,1.2772027,-3.6324008,5.0,B007IMPMW4
pacmap,10000,6859,2.4590154,2.6619236,5.0,B08SQ97LTP
pacmap,10000,6860,23.343248,3.0001476,5.0,B013HZAZ90
pacmap,10000,6861,0.48486438,4.1669383,1.0,B00X53VN96
pacmap,10000,6862,-0.39946783,-3.7914875,5.0,B00BP5N498
pacmap,10000,6863,9.53686,4.118297,5.0,B008RN04BM
pacmap,10000,6864,9.485347,4.115627,5.0,B007D5LY6O
pacmap,10000,6865,5.9801846,6.7972484,5.0,B082QKGKVK
pacmap,10000,6866,4.6119485,1.1254544,5.0,B082X666WZ
pacmap,10000,6867,6.8177733,-0.4830733,5.0,B09G2RY9DV
pacmap,10000,6868,4.6121235,1.4473648,5.0,B082X666WZ
pacmap,10000,6869,6.765791,-0.49678573,5.0,B019DQ5PTM
pacmap,10000,6870,-5.7591853,7.8437533,5.0,B09HML29T7
pacmap,10000,6871,4.686003,2.5132616,5.0,B07MLV7TRJ
pacmap,10000,6872,7.10388,0.6448166,5.0,B00K8GZED4
pacmap,10000,6873,6.5704193,0.86303455,4.0,B01KFQB4ZI
pacmap,10000,6874,-2.2475207,-9.7885475,5.0,B00P060GNK
pacmap,10000,6875,-1.2027487,-9.023241,1.0,B00RBYN90G
pacmap,10000,6876,-6.158228,-5.3635936,5.0,B00KWR8ME2
pacmap,10000,6877,4.6410556,4.193787,5.0,B00TTCZHWG
pacmap,10000,6878,-1.1453602,-11.499011,5.0,B00KWR8ME2
pacmap,10000,6879,-1.9860923,4.7185307,5.0,B01J9Y65DS
pacmap,10000,6880,-2.127088,1.7670993,5.0,B004YDL3C8
pacmap,10000,6881,-2.1621034,1.731224,5.0,B005FNJ1Q6
pacmap,10000,6882,-2.1685793,1.6979823,5.0,B007J3MO4G
pacmap,10000,6883,-2.1871195,1.663444,5.0,B0054GEU7Y
pacmap,10000,6884,-8.208395,7.7926526,5.0,B00M8YKFN8
pacmap,10000,6885,-3.0851562,9.102433,5.0,B00F6E8QL0
pacmap,10000,6886,4.9765735,1.5155144,5.0,B00NFZH7K8
pacmap,10000,6887,-1.3272673,-1.814084,5.0,B00BYHTK5Y
pacmap,10000,6888,1.7259183,5.287724,5.0,B00DQZRNH4
pacmap,10000,6889,2.6952415,0.33567727,5.0,B00DQGIIM2
pacmap,10000,6890,-8.350227,7.807788,5.0,B0085GULFA
pacmap,10000,6891,-0.6865481,-10.202799,5.0,B007WTWDV6
pacmap,10000,6892,-6.479914,-2.2438843,5.0,B0CCQHH8Z6
pacmap,10000,6893,1.8360806,6.6757765,5.0,B00F5RZ8QO
pacmap,10000,6894,-3.7291813,7.2603893,5.0,B00AFKCCSS
pacmap,10000,6895,4.570502,4.5692472,5.0,B009EVGQVS
pacmap,10000,6896,-7.1381173,-3.7086742,5.0,B00BWF5U0M
pacmap,10000,6897,-1.1515943,5.814262,5.0,B00D39KXNO
pacmap,10000,6898,-3.4868257,8.618069,5.0,B002GYWHSQ
pacmap,10000,6899,-2.0762417,9.136162,5.0,B00884RNKK
pacmap,10000,6900,-7.857939,7.486194,5.0,B002U0KE8Q
pacmap,10000,6901,-2.429736,9.286087,5.0,B008HK4J8O
pacmap,10000,6902,-3.6078193,9.218814,5.0,B0086829D4
pacmap,10000,6903,-3.559568,9.026565,5.0,B009D7BJR4
pacmap,10000,6904,1.0563923,1.5609486,5.0,B0000A0AEM
pacmap,10000,6905,3.1195552,2.1109686,5.0,B099DJDGWJ
pacmap,10000,6906,-5.922889,7.4664855,5.0,B004GNSGVW
pacmap,10000,6907,-6.136403,-1.9894742,5.0,B07D1XGQHJ
pacmap,10000,6908,-6.4819813,-4.380345,5.0,B0B8Z16Y3N
pacmap,10000,6909,-7.8565187,-4.095822,5.0,B006GWO5WK
pacmap,10000,6910,3.6693494,1.5499234,5.0,B005DOK8NW
pacmap,10000,6911,-7.871577,-3.1717088,5.0,B006BGZJJ4
pacmap,10000,6912,-7.546116,-3.9620667,5.0,B006GWO5NE
pacmap,10000,6913,-8.157427,7.622802,5.0,B0BVZZ36ZL
pacmap,10000,6914,-1.9916668,7.9091444,5.0,B006ZT4VA0
pacmap,10000,6915,-3.6013823,9.211067,5.0,B008HK3W1Y
pacmap,10000,6916,-5.1902876,-5.3634286,4.0,B0BRK596NJ
pacmap,10000,6917,0.1473166,21.184944,4.0,B0B74SVVGN
pacmap,10000,6918,0.17553908,21.142351,4.0,B0BHFX8L75
pacmap,10000,6919,2.75611,4.1701565,5.0,B00VTEIJK4
pacmap,10000,6920,-0.48500034,1.0249245,5.0,B0B3R5CQK9
pacmap,10000,6921,-0.4458659,1.494401,5.0,B09SHQSNKY
pacmap,10000,6922,-7.196137,-5.495164,5.0,B09W2D1PXG
pacmap,10000,6923,1.5832705,7.2084575,4.0,B0B3X859SH
pacmap,10000,6924,-1.1817311,3.6486838,4.0,B07CH2V7WM
pacmap,10000,6925,-6.373054,-1.3545548,4.0,B09J495LYS
pacmap,10000,6926,-8.910755,-3.8702471,4.0,B0B41Y16FN
pacmap,10000,6927,-8.324169,7.8713484,3.0,B092CYKT29
pacmap,10000,6928,0.5663708,5.580631,4.0,B083PRXCLL
pacmap,10000,6929,-4.422625,-3.4986944,4.0,B08FY1L46Q
pacmap,10000,6930,2.4697924,8.147494,4.0,B07WSZ7V16
pacmap,10000,6931,1.3543228,3.0068386,5.0,B0BZD7P8ZQ
pacmap,10000,6932,-6.364628,-6.402926,4.0,B00VTEIJEA
pacmap,10000,6933,-1.9109184,-5.2838235,4.0,B096M2P5ZN
pacmap,10000,6934,-7.470725,-5.8668675,4.0,B09RZRCWLC
pacmap,10000,6935,-1.7380934,2.9962769,4.0,B09Z7SVVSP
pacmap,10000,6936,-2.012044,-10.115043,4.0,B07BMD9HYW
pacmap,10000,6937,0.22528888,-0.33530006,4.0,B09VC87SS8
pacmap,10000,6938,-1.7464772,6.4008718,4.0,B0B68XXR7S
pacmap,10000,6939,-6.009605,-6.4732876,5.0,B08ZMLWQSK
pacmap,10000,6940,-2.542965,-4.471454,4.0,B08TRCQHWZ
pacmap,10000,6941,-6.162015,7.631901,4.0,B074QP5LRW
pacmap,10000,6942,-8.165433,7.7614856,5.0,B00005T406
pacmap,10000,6943,1.4957985,-4.0753818,4.0,B004XC6GJ0
pacmap,10000,6944,-0.8422106,8.913131,5.0,B00OLSIY1Y
pacmap,10000,6945,-0.6248074,8.640294,5.0,B00G24PK0S
pacmap,10000,6946,-7.1767645,7.264801,5.0,B088RD3BBW
pacmap,10000,6947,-3.3334434,-12.329504,5.0,B00NJ4AP1S
pacmap,10000,6948,-6.2014427,7.6638255,3.0,B0BBDQRTWY
pacmap,10000,6949,-3.261771,-12.635406,5.0,B00IU2D9VM
pacmap,10000,6950,-1.287199,-5.389059,4.0,B00DIFIP06
pacmap,10000,6951,-1.23828,-5.319304,4.0,B00CX5P8FC
pacmap,10000,6952,-9.914662,-2.9206154,1.0,B089F9YDFC
pacmap,10000,6953,-7.7882743,-2.8556402,5.0,B00UXM6F22
pacmap,10000,6954,-1.5971215,-4.0780563,5.0,B004HYG9Y6
pacmap,10000,6955,2.8188708,3.7122679,4.0,B000WL0I1I
pacmap,10000,6956,6.53615,1.5863096,4.0,B003VQSPUC
pacmap,10000,6957,-2.879358,1.5571917,5.0,B00B71ZZMY
pacmap,10000,6958,5.7283826,-0.5405177,5.0,B0001VWIR6
pacmap,10000,6959,-2.5307627,0.7195239,4.0,B003SN0IL2
pacmap,10000,6960,-4.236441,-5.2664657,4.0,B0019EHU8G
pacmap,10000,6961,4.9093003,1.7263926,4.0,B00068DIB4
pacmap,10000,6962,0.98970693,-2.378853,1.0,B00LIP10KK
pacmap,10000,6963,6.2237067,1.928828,5.0,B000W8OZE2
pacmap,10000,6964,-5.655469,3.4776492,5.0,B005DLDO4U
pacmap,10000,6965,3.5181067,1.1785862,2.0,B002LZUY8A
pacmap,10000,6966,1.1929086,4.4842134,5.0,B083VRLJM8
pacmap,10000,6967,4.309389,0.23263866,1.0,B0741CNM7C
pacmap,10000,6968,3.4028683,4.819944,5.0,B08PCLDM5D
pacmap,10000,6969,-1.3003103,-8.539225,5.0,B00PJY83K6
pacmap,10000,6970,-2.991776,-8.646252,4.0,B005LKKNQA
pacmap,10000,6971,0.39715582,-0.29844603,5.0,B00GM7V8I8
pacmap,10000,6972,-1.083713,-9.040043,1.0,B007FGY2EW
pacmap,10000,6973,-1.4401088,8.073133,4.0,B00HNFPZF0
pacmap,10000,6974,4.958938,2.6571405,1.0,B09YL2D2RQ
pacmap,10000,6975,16.306618,17.221611,5.0,B08D9HSXNF
pacmap,10000,6976,-5.245715,-5.349254,3.0,B001P4ZJBA
pacmap,10000,6977,7.249567,3.5445523,5.0,B07VXNH138
pacmap,10000,6978,19.41299,12.064738,5.0,B082SWMNRZ
pacmap,10000,6979,7.539869,3.7428083,3.0,B08XVF418R
pacmap,10000,6980,6.081752,2.661108,5.0,B09T2J5YVT
pacmap,10000,6981,6.230395,-2.1796784,1.0,B0BWD4WGJB
pacmap,10000,6982,6.0977116,2.6449153,2.0,B08XVF418R
pacmap,10000,6983,8.267794,-2.7389717,4.0,B08DKR85CX
pacmap,10000,6984,1.314872,0.976591,1.0,B075WSFTTV
pacmap,10000,6985,7.510269,1.8884177,4.0,B07VCHVTCM
pacmap,10000,6986,7.614445,1.8654662,5.0,B07D8HMNTC
pacmap,10000,6987,-1.8040057,-9.964546,3.0,B07HZLHPKP
pacmap,10000,6988,5.188291,2.0000048,1.0,B07L4LJJ8T
pacmap,10000,6989,7.451195,3.6400733,3.0,B091CKJ8Y7
pacmap,10000,6990,16.304092,17.21935,5.0,B0CBBFWH59
pacmap,10000,6991,6.320666,4.807453,5.0,B08SKKB73K
pacmap,10000,6992,6.201553,-0.51220757,4.0,B07KMD2VQ9
pacmap,10000,6993,0.10780875,-10.91089,5.0,B09P4K2XVP
pacmap,10000,6994,1.5302534,2.311875,1.0,B08FN3ZK5T
pacmap,10000,6995,7.231955,0.42110172,5.0,B07KNF2T3Z
pacmap,10000,6996,6.564404,-2.301485,1.0,B003LL5ZHI
pacmap,10000,6997,2.9890354,4.322611,1.0,B007OR1F9W
pacmap,10000,6998,8.025942,1.911858,5.0,B0119OYZX8
pacmap,10000,6999,10.949671,-4.6050086,5.0,B01F2OOVAI
pacmap,10000,7000,10.951932,-4.606543,5.0,B075JZNHTD
pacmap,10000,7001,4.267339,0.3962686,5.0,B0BY2V6XS5
pacmap,10000,7002,4.0554366,1.3475072,5.0,B0C344TVJL
pacmap,10000,7003,2.7322574,3.9269886,3.0,B08C8TVWYT
pacmap,10000,7004,8.181248,-2.6417172,4.0,B09FC5PYHG
pacmap,10000,7005,2.6954317,4.3079076,4.0,B091JXQ3FJ
pacmap,10000,7006,4.419326,1.5688041,5.0,B0824232TY
pacmap,10000,7007,9.078379,-3.2272286,5.0,B0BTW2Y8RK
pacmap,10000,7008,5.979787,6.682947,5.0,B08BY8HS9S
pacmap,10000,7009,-5.857522,3.292304,5.0,B08HJ7K8KL
pacmap,10000,7010,-7.262,7.8868423,4.0,B082XXF1X9
pacmap,10000,7011,-1.5829415,-3.3960743,5.0,B08B3ZNPYZ
pacmap,10000,7012,5.9991817,6.7204313,4.0,B01DUL966O
pacmap,10000,7013,6.173472,1.7226667,5.0,B09GL247NY
pacmap,10000,7014,7.8876963,-2.2553496,5.0,B0BHZ1GDVT
pacmap,10000,7015,2.7864587,-0.20838004,5.0,B07SZ1H2FF
pacmap,10000,7016,1.7543633,3.583187,5.0,B07R298P4D
pacmap,10000,7017,4.784745,0.020853786,5.0,B08MWHSF8M
pacmap,10000,7018,17.02374,-1.7573441,5.0,B01ICK7HVE
pacmap,10000,7019,4.6936417,0.43852198,5.0,B0756YCTY3
pacmap,10000,7020,7.956592,-0.14587617,5.0,B07K1KH51Y
pacmap,10000,7021,6.3788795,-0.4720663,5.0,B078RK9Q82
pacmap,10000,7022,8.3751545,-2.704146,4.0,B07PZFC633
pacmap,10000,7023,8.378043,-2.694191,4.0,B081B1R665
pacmap,10000,7024,9.047192,-3.2161293,4.0,B0BDJ2L28L
pacmap,10000,7025,-6.250586,7.4910088,2.0,B00L1Y11D4
pacmap,10000,7026,8.952861,-3.1432312,4.0,B06XXFDHM6
pacmap,10000,7027,-7.0304446,1.7505985,3.0,B00DI12MQ8
pacmap,10000,7028,6.711821,-0.8567072,4.0,B00T76ZGDO
pacmap,10000,7029,4.3517413,3.8526392,3.0,B0718T3FMF
pacmap,10000,7030,-5.2075796,2.9604115,4.0,B01273JZMG
pacmap,10000,7031,6.2994227,2.6093645,4.0,B0027VSSJU
pacmap,10000,7032,9.981431,-0.22554542,4.0,B08KZ1TZYB
pacmap,10000,7033,9.91224,-0.21528058,4.0,B00EZMZTBO
pacmap,10000,7034,9.90521,-0.22942644,4.0,B009ZIILLI
pacmap,10000,7035,9.930554,-0.23926347,4.0,B01DW72QKE
pacmap,10000,7036,9.943554,-0.22921285,4.0,B002ZIN9DU
pacmap,10000,7037,9.919041,-0.24224065,4.0,B01MZYDZUI
pacmap,10000,7038,9.902021,-0.21183608,4.0,B0BM11XSB1
pacmap,10000,7039,9.92689,-0.21173973,4.0,B089CF82GL
pacmap,10000,7040,9.920235,-0.24690053,4.0,B002T0G8TQ
pacmap,10000,7041,9.916895,-0.23643488,4.0,B01G3ZOPY2
pacmap,10000,7042,1.956809,-0.5477562,3.0,B00JDVRCI0
pacmap,10000,7043,1.2611009,3.0720966,4.0,B01CKBFBC8
pacmap,10000,7044,3.3026605,-0.15829155,5.0,B015GDMGXO
pacmap,10000,7045,4.241834,3.609801,5.0,B00GWC2S3M
pacmap,10000,7046,-1.20514,-3.9382372,5.0,B01KBEOL5E
pacmap,10000,7047,6.5099425,2.5513828,4.0,B00O0JGPK6
pacmap,10000,7048,1.5370623,-4.5172496,5.0,B008Z4I7WQ
pacmap,10000,7049,5.6525073,0.04383547,4.0,B01AS8XUPK
pacmap,10000,7050,1.5991979,-4.3716784,5.0,B07W7N929N
pacmap,10000,7051,-0.6909645,-3.3626814,4.0,B00U3FPN4U
pacmap,10000,7052,2.25097,-8.939679,5.0,B07PDHSLM6
pacmap,10000,7053,0.60673934,8.102172,5.0,B07P6L7BFK
pacmap,10000,7054,1.487946,5.380052,5.0,B09C4KQRHP
pacmap,10000,7055,-0.16192712,8.922725,5.0,B07T25WP4N
pacmap,10000,7056,-6.348805,7.590559,5.0,B07PFDHHYJ
pacmap,10000,7057,0.94661725,-0.43272868,4.0,B00CD4221G
pacmap,10000,7058,-2.4810703,-6.3439255,5.0,B0CCCFW4XZ
pacmap,10000,7059,3.654429,0.9679593,5.0,B094JD6SHP
pacmap,10000,7060,-3.3960268,-11.628938,5.0,B085354NJJ
pacmap,10000,7061,-6.864962,-2.1252978,5.0,B0827ZV8TL
pacmap,10000,7062,-2.36861,-8.621437,1.0,B07CB24GSV
pacmap,10000,7063,-5.7046995,3.6870036,5.0,B01DBHFSY6
pacmap,10000,7064,4.6781025,0.85113984,5.0,B07CML419K
pacmap,10000,7065,-1.4814525,2.6873345,2.0,B074TMJ44M
pacmap,10000,7066,-2.621329,-11.442181,5.0,B07Q39HCK1
pacmap,10000,7067,-0.29418477,-10.082489,1.0,B01N4IVLII
pacmap,10000,7068,-1.2865897,1.3369964,5.0,B00WUI0WOY
pacmap,10000,7069,2.7507818,4.9023724,5.0,B09KZY1XJ8
pacmap,10000,7070,-2.9678407,-2.0536318,5.0,B08632C4MS
pacmap,10000,7071,0.99109536,-2.3659444,5.0,B0C4F815VH
pacmap,10000,7072,-2.3376043,1.2059253,5.0,B07CDY63PP
pacmap,10000,7073,1.1740679,-0.9641656,5.0,B0883SBTWF
pacmap,10000,7074,1.1528878,19.685125,4.0,B071YND9BG
pacmap,10000,7075,7.0987816,1.7927202,4.0,B00DQ4PDA4
pacmap,10000,7076,0.02539772,1.9890151,5.0,B07VPG9DB9
pacmap,10000,7077,0.2821452,7.039944,5.0,B004Q5UQUO
pacmap,10000,7078,0.9864967,-0.27155223,5.0,B07TJ7KPBS
pacmap,10000,7079,1.5881552,-3.7613413,5.0,B07GRYTHBQ
pacmap,10000,7080,0.37153497,7.572769,1.0,B07ZZKC52P
pacmap,10000,7081,-6.4730153,-1.8617893,5.0,B07YX379KP
pacmap,10000,7082,-7.007205,-3.616856,5.0,B0BB6XM417
pacmap,10000,7083,-1.6533636,1.7482193,5.0,B06XK6PWSM
pacmap,10000,7084,-9.418799,-3.6779432,5.0,B078H92HVZ
pacmap,10000,7085,-7.619497,-5.7623324,5.0,B08DCYHFD4
pacmap,10000,7086,-6.811758,-3.78267,5.0,B013EKI2DY
pacmap,10000,7087,2.9698317,-0.29549286,5.0,B00XUXYSWU
pacmap,10000,7088,0.64110714,0.0023764442,5.0,B008MT9JJY
pacmap,10000,7089,-1.7094407,-5.7144003,1.0,B00OJM63C4
pacmap,10000,7090,-2.2202744,-6.868818,5.0,B00MOF3EU2
pacmap,10000,7091,-2.442081,-6.256262,5.0,B00XUXYT6K
pacmap,10000,7092,-1.1122751,-7.211666,4.0,B0007WTER6
pacmap,10000,7093,-8.608797,-3.9597492,5.0,B00HYPC7CI
pacmap,10000,7094,1.6490154,2.6743867,5.0,B01N66MD3P
pacmap,10000,7095,0.22312908,7.5187855,5.0,B00KD752MQ
pacmap,10000,7096,8.928904,-3.0753884,5.0,B07BHXYJXB
pacmap,10000,7097,-2.0320892,0.7365793,5.0,B00EO9JNWY
pacmap,10000,7098,-6.833771,-5.472383,5.0,B00LI9DUG8
pacmap,10000,7099,-5.5195813,-5.667095,5.0,B075KP9XHS
pacmap,10000,7100,3.4631283,4.673666,5.0,B001DPY0VG
pacmap,10000,7101,-4.801057,-5.6901207,5.0,B00XK0KKOS
pacmap,10000,7102,1.9603623,1.9361001,1.0,B007CMB81O
pacmap,10000,7103,-5.372002,-5.8270125,5.0,B076HVLHNK
pacmap,10000,7104,-1.4288504,-8.480867,3.0,B00B43LL1E
pacmap,10000,7105,-7.8183174,-2.9226263,5.0,B008L6YEK2
pacmap,10000,7106,-2.4610863,9.214176,4.0,B0BMLZ1JDG
pacmap,10000,7107,-4.1483717,7.4208727,3.0,B07N8VFFNS
pacmap,10000,7108,-3.675441,9.298662,2.0,B07J2FGZSM
pacmap,10000,7109,-0.052430164,-7.0616083,5.0,B08P57BVNP
pacmap,10000,7110,0.035289723,3.4508553,5.0,B01JNYQXZY
pacmap,10000,7111,2.507632,7.9561086,5.0,B07X8J7M6P
pacmap,10000,7112,-1.0991722,-8.237108,4.0,B07RPF3C5S
pacmap,10000,7113,2.710057,3.0920312,5.0,B07S9PP56R
pacmap,10000,7114,0.7464353,3.89748,1.0,B08KDKW2BM
pacmap,10000,7115,4.4339476,2.9171147,5.0,B091DZ4ZD8
pacmap,10000,7116,5.5649314,3.7574768,5.0,B010BWYDYA
pacmap,10000,7117,2.006424,-1.2529414,4.0,B00BX0YKX4
pacmap,10000,7118,5.200008,3.6619296,5.0,B007136E1S
pacmap,10000,7119,4.8870726,3.2411642,5.0,B07W4MGFS6
pacmap,10000,7120,0.16098793,-10.514833,5.0,B07S764D9V
pacmap,10000,7121,7.145501,3.6653516,5.0,B00IIEICNC
pacmap,10000,7122,19.411587,12.0658,4.0,B00RYBW5ZQ
pacmap,10000,7123,-0.91876876,-0.047575224,1.0,B0C5SBGRNJ
pacmap,10000,7124,-3.015399,-10.96207,5.0,B0C338S8M7
pacmap,10000,7125,6.035743,3.5775428,1.0,B07ZCV7SJZ
pacmap,10000,7126,1.45416,4.3931465,1.0,B01H5G7H16
pacmap,10000,7127,6.4405847,3.4493017,5.0,B07TZFS5K4
pacmap,10000,7128,5.6165824,3.8346198,5.0,B084LL5CM8
pacmap,10000,7129,11.467421,12.4270115,5.0,B07F8BNDMB
pacmap,10000,7130,-5.4929724,-5.35238,5.0,B07RBV8H74
pacmap,10000,7131,3.730978,1.2568548,5.0,B07VJQ5VBV
pacmap,10000,7132,2.2288928,-9.024746,5.0,B07456BG8N
pacmap,10000,7133,-6.992136,-5.1878905,5.0,B01HRVABD0
pacmap,10000,7134,-6.8047066,-4.7789254,5.0,B07KCF1X4J
pacmap,10000,7135,2.5511274,0.9930437,5.0,B07JYY8YQX
pacmap,10000,7136,3.012484,6.2594523,1.0,B097QSG8YH
pacmap,10000,7137,0.34680846,8.335983,5.0,B00QOSVSEE
pacmap,10000,7138,1.2848037,1.2400569,5.0,B01A0MTS3W
pacmap,10000,7139,5.326616,1.9720597,1.0,B00HSGR7R8
pacmap,10000,7140,0.2548794,7.856108,1.0,B008CQWAX4
pacmap,10000,7141,-2.5342572,-11.294356,5.0,B094CD8RL2
pacmap,10000,7142,5.317802,0.11524525,5.0,B0096FT902
pacmap,10000,7143,-3.9795902,-3.4494421,5.0,B072M34RQC
pacmap,10000,7144,-8.419122,-3.7122693,5.0,B078MW9GC6
pacmap,10000,7145,2.5245965,0.15630639,5.0,B0848M4BLB
pacmap,10000,7146,2.541998,-8.887618,5.0,B01K8B8YA8
pacmap,10000,7147,4.682865,4.4150634,5.0,B00LL8VEMS
pacmap,10000,7148,0.41090885,-6.1247,5.0,B07GZFM1ZM
pacmap,10000,7149,1.0232402,-1.5189468,5.0,B0B786PFYJ
pacmap,10000,7150,5.8876905,6.5592165,5.0,B075CHV8XD
pacmap,10000,7151,-2.084426,-9.416547,5.0,B091MT249X
pacmap,10000,7152,2.2545278,2.7550108,5.0,B08M9LMS1G
pacmap,10000,7153,17.173525,-1.7144494,5.0,B0BHP1XGPS
pacmap,10000,7154,-0.5536766,-2.7315953,5.0,B07H65KP63
pacmap,10000,7155,8.416087,-2.656043,5.0,B0C27YYCDP
pacmap,10000,7156,10.956635,-4.600161,5.0,B0B6D4W3R7
pacmap,10000,7157,16.305912,17.219584,5.0,B07VL7BNLZ
pacmap,10000,7158,1.2657411,5.9790497,5.0,B09M6R151G
pacmap,10000,7159,6.1002965,-0.6768722,5.0,B09Y55WW5P
pacmap,10000,7160,23.344133,3.000153,5.0,B07LCVR5BW
pacmap,10000,7161,0.11066681,2.5698102,5.0,B0886847XY
pacmap,10000,7162,3.3032928,2.2359874,3.0,B01MDQJOPT
pacmap,10000,7163,5.043543,0.6821616,5.0,B081D9XHPK
pacmap,10000,7164,1.9755056,0.83319056,5.0,B000WYVBR0
pacmap,10000,7165,6.153327,-0.69797695,5.0,B096T31Z9T
pacmap,10000,7166,6.190493,-0.7120284,5.0,B079PG7JPP
pacmap,10000,7167,5.603816,1.5646857,5.0,B083TH1B45
pacmap,10000,7168,-3.8818283,-3.7426622,5.0,B002ODG5GO
pacmap,10000,7169,-7.78009,-4.4597983,5.0,B01JB7ZU5M
pacmap,10000,7170,-7.565399,-4.637809,5.0,B07SR19TKT
pacmap,10000,7171,0.12925245,-6.154507,5.0,B00O1RTQJE
pacmap,10000,7172,0.3669915,-6.184536,5.0,B092ZV6893
pacmap,10000,7173,1.9314429,-2.908829,1.0,B074TC662N
pacmap,10000,7174,10.960617,-4.6069336,5.0,B07WRYFDLJ
pacmap,10000,7175,5.2971954,0.24484706,5.0,B07PFY6P38
pacmap,10000,7176,-2.251517,7.7932444,5.0,B019O0XN5U
pacmap,10000,7177,0.62618124,2.433354,5.0,B078GK6JD3
pacmap,10000,7178,1.6679101,-2.2301173,1.0,B00B5QEXB0
pacmap,10000,7179,2.6612136,7.7364726,4.0,B0BHSJPW79
pacmap,10000,7180,1.1923006,6.499793,5.0,B09XHWMDK2
pacmap,10000,7181,0.16684353,-7.761308,4.0,B08T1DKCWJ
pacmap,10000,7182,-4.9055867,-5.501758,4.0,B07FN9PR61
pacmap,10000,7183,-2.339401,9.19542,5.0,B0C5QSYMXD
pacmap,10000,7184,-2.4903698,4.692833,4.0,B086WMQMNB
pacmap,10000,7185,-6.8901596,-5.96096,5.0,B08F9S3SD5
pacmap,10000,7186,-1.3936659,5.867189,4.0,B01MSNQI84
pacmap,10000,7187,0.9358307,6.6338944,4.0,B0B3JVPY1K
pacmap,10000,7188,-1.1233902,-9.731649,3.0,B0935ZDCYD
pacmap,10000,7189,-1.0951084,-9.842437,5.0,B01LZV6TYQ
pacmap,10000,7190,-7.669643,-5.4707575,5.0,B00DGRUY3M
pacmap,10000,7191,-6.3031607,-5.157848,4.0,B00NVKHLP8
pacmap,10000,7192,-8.146604,7.752326,5.0,B006MCDUZM
pacmap,10000,7193,-1.6009871,6.60489,4.0,B00FZ9SMVU
pacmap,10000,7194,-2.3921175,9.348346,4.0,B00EW38CJW
pacmap,10000,7195,-2.2161667,8.788113,4.0,B00FF347V0
pacmap,10000,7196,1.2104154,7.1339765,3.0,B07P5NH459
pacmap,10000,7197,-0.149971,-6.175495,5.0,B0BSK363WC
pacmap,10000,7198,0.10621909,4.483772,5.0,B001E6BC6U
pacmap,10000,7199,-3.117525,-10.8258505,4.0,B005M08NM0
pacmap,10000,7200,-5.1524363,1.1393999,5.0,B004Q3C98S
pacmap,10000,7201,-3.424714,0.6237294,5.0,B00WUIL5QS
pacmap,10000,7202,2.8393261,7.231812,5.0,B077CYZ34R
pacmap,10000,7203,-7.2331305,-3.0627158,5.0,B09JBS4PNR
pacmap,10000,7204,3.0097086,0.10668697,5.0,B08NYJ97LF
pacmap,10000,7205,0.328654,7.3943353,5.0,B09KBDYWB2
pacmap,10000,7206,4.8790035,-0.96464103,1.0,B09W4DTMQX
pacmap,10000,7207,-1.8806957,7.7451797,5.0,B07YJ1G6ZF
pacmap,10000,7208,1.4703127,6.1469254,5.0,B07WH35RMM
pacmap,10000,7209,-3.983543,7.614895,5.0,B009T8YY1U
pacmap,10000,7210,-6.1130004,7.674572,5.0,B09WDL98XR
pacmap,10000,7211,-2.9116096,-5.920564,1.0,B08N5HW9HB
pacmap,10000,7212,2.1638894,-8.837565,1.0,B08XVF418R
pacmap,10000,7213,2.2669878,-8.84214,2.0,B08DPP3T9Z
pacmap,10000,7214,-10.172266,-3.4973164,3.0,B0983VR4TD
pacmap,10000,7215,-2.1699739,0.16373645,5.0,B0BWD4WGJB
pacmap,10000,7216,2.2114065,-8.909956,5.0,B08Z2X5V3C
pacmap,10000,7217,0.39260438,2.4316828,5.0,B08TRCTB5T
pacmap,10000,7218,0.4901139,3.0260103,2.0,B08PTV9DSB
pacmap,10000,7219,2.1660645,-8.813146,2.0,B08YGKCHNF
pacmap,10000,7220,-6.062845,7.641129,2.0,B0BZNM5TLV
pacmap,10000,7221,-9.890139,-2.9912508,5.0,B00VY2325S
pacmap,10000,7222,-7.4522557,-3.4992435,5.0,B01G6PPTH6
pacmap,10000,7223,-5.8890643,3.0962772,3.0,B07TMJ8S5Z
pacmap,10000,7224,-1.0056652,7.3768463,5.0,B088T9VH7P
pacmap,10000,7225,2.1560829,-8.622788,3.0,B07VXXBTX4
pacmap,10000,7226,-2.5615673,1.5637741,5.0,B07DG5KLNK
pacmap,10000,7227,-6.2323184,-4.9524603,2.0,B0773C4WV6
pacmap,10000,7228,-7.3823543,-3.3880477,5.0,B081DGFQDL
pacmap,10000,7229,1.9088011,-9.04853,5.0,B07MLY3JKV
pacmap,10000,7230,2.6720643,-8.764588,5.0,B07KTYJ769
pacmap,10000,7231,2.3609877,-8.821795,5.0,B079C273LQ
pacmap,10000,7232,-2.0169518,0.08317238,5.0,B07F6D4Y54
pacmap,10000,7233,2.3943937,-8.986889,4.0,B07HZLHPKP
pacmap,10000,7234,-8.526974,-3.7291024,5.0,B004YTWKPG
pacmap,10000,7235,0.9254667,-0.49991974,5.0,B00VKH8PEK
pacmap,10000,7236,-2.0002365,-4.0117426,5.0,B00P99AA3E
pacmap,10000,7237,0.82875335,2.0177305,5.0,B083TH1B45
pacmap,10000,7238,-9.785142,-3.9587033,5.0,B00JUINWSA
pacmap,10000,7239,-5.9365253,1.7810844,5.0,B071KV2SMV
pacmap,10000,7240,0.6301622,-0.8826124,3.0,B0BWYY5H5M
pacmap,10000,7241,-2.3218615,-11.716702,5.0,B07G7J8FT4
pacmap,10000,7242,4.5515704,4.436414,5.0,B0752WJMT7
pacmap,10000,7243,-2.1197808,-11.58075,3.0,B00NESU1XG
pacmap,10000,7244,0.96790874,-0.95293665,5.0,B000CJ24VM
pacmap,10000,7245,4.0796947,2.9635441,5.0,B00GFZMI3G
pacmap,10000,7246,2.9720771,6.90453,4.0,B07PQTRRMJ
pacmap,10000,7247,-1.2037596,-5.7929606,1.0,B09LNX8MHV
pacmap,10000,7248,3.197689,6.635209,5.0,B00QSG2HE2
pacmap,10000,7249,-0.7083302,-5.341552,5.0,B07W5WFNY3
pacmap,10000,7250,-6.7337017,7.7584257,5.0,B0BFF6PFHC
pacmap,10000,7251,-6.078092,2.8220496,4.0,B001PKUURW
pacmap,10000,7252,2.7949674,2.7402372,5.0,B07V5M4PBZ
pacmap,10000,7253,1.129397,19.730238,1.0,B094VVM37N
pacmap,10000,7254,0.84774613,20.152094,3.0,B07T2ZRCQV
pacmap,10000,7255,5.460937,0.99772686,5.0,B00XZC47BS
pacmap,10000,7256,-0.36252165,-0.34549153,4.0,B099DBFNKR
pacmap,10000,7257,-0.52295184,-10.024927,3.0,B0BLVNSWZB
pacmap,10000,7258,-1.0735757,-9.660486,4.0,B09FD6Z1D1
pacmap,10000,7259,10.954448,-4.60445,5.0,B09NNGN2WG
pacmap,10000,7260,-1.7108238,7.0738378,5.0,B07QHSGVTW
pacmap,10000,7261,-0.6190723,-9.747004,5.0,B07MLY3JKV
pacmap,10000,7262,10.952076,-4.604592,5.0,B019G7DWYI
pacmap,10000,7263,10.9548645,-4.614746,5.0,B0BN74ZJDK
pacmap,10000,7264,5.8249907,-0.3333203,5.0,B01K8B8YA8
pacmap,10000,7265,10.950425,-4.601066,5.0,B08KZ1TZYB
pacmap,10000,7266,10.950973,-4.6022387,5.0,B010BWYDYA
pacmap,10000,7267,10.905278,-4.56753,5.0,B01E9AHU8Q
pacmap,10000,7268,-0.4820621,-5.628877,5.0,B08P4VX48V
pacmap,10000,7269,6.387524,2.1793087,5.0,B07SQXY8DP
pacmap,10000,7270,8.992378,-3.112437,4.0,B01K8B8YA8
pacmap,10000,7271,6.4944563,-0.23221874,5.0,B00KWR8ME2
pacmap,10000,7272,0.37368792,8.850506,5.0,B00E44C8PS
pacmap,10000,7273,-5.4823155,3.808657,5.0,B00KFNLKRY
pacmap,10000,7274,-9.28251,-3.988351,5.0,B09PNLGJ4S
pacmap,10000,7275,-1.3650991,-10.176862,3.0,B077VS8B4M
pacmap,10000,7276,4.281614,0.79417384,5.0,B07QD3HCG3
pacmap,10000,7277,-2.346415,1.3858082,5.0,B0BVVJM2X8
pacmap,10000,7278,2.9242916,1.2104996,1.0,B083GNMP2F
pacmap,10000,7279,6.0758715,-0.72758734,5.0,B0C1CR7FN5
pacmap,10000,7280,-0.63544154,-7.995281,3.0,B01K8B8YA8
pacmap,10000,7281,1.9148871,3.3079178,1.0,B07568SNYZ
pacmap,10000,7282,0.4308324,1.3702033,5.0,B08F6GPRH6
pacmap,10000,7283,0.3289731,1.660554,5.0,B0BM2YG2K7
pacmap,10000,7284,0.6020498,1.6165296,5.0,B0BWD4WGJB
pacmap,10000,7285,4.035798,3.3381026,5.0,B09W2JVHDP
pacmap,10000,7286,2.1021292,5.5242896,5.0,B08J4FYNBD
pacmap,10000,7287,0.5565572,7.38807,5.0,B0732QMQTC
pacmap,10000,7288,-8.518065,-3.7619236,5.0,B07PHY8JLL
pacmap,10000,7289,5.7272916,5.617143,5.0,B009ZRN3JE
pacmap,10000,7290,-1.8294876,7.8651104,5.0,B0BYSKLWHY
pacmap,10000,7291,6.6815653,-0.9017905,5.0,B08YGV62S4
pacmap,10000,7292,1.1406335,19.651096,5.0,B095WZ38KC
pacmap,10000,7293,-0.4375146,-8.738715,5.0,B08YGKCHNF
pacmap,10000,7294,-10.54383,-3.3159237,5.0,B000NG67E4
pacmap,10000,7295,-0.7575606,-9.53557,5.0,B07MLY3JKV
pacmap,10000,7296,-1.5235742,7.519086,5.0,B089W47DTX
pacmap,10000,7297,-1.5856862,7.597727,5.0,B0B6H961H2
pacmap,10000,7298,5.5797954,5.785268,5.0,B07L175T1W
pacmap,10000,7299,-0.09363071,5.811234,5.0,B07DBYS7DG
pacmap,10000,7300,-0.0058009615,-5.699101,5.0,B075JZNHTD
pacmap,10000,7301,6.2427497,-0.8464261,5.0,B013JMBAMC
pacmap,10000,7302,-1.4780974,8.561126,3.0,B01KJI4ZC6
pacmap,10000,7303,-0.4589026,7.3156214,3.0,B01M4JIZ24
pacmap,10000,7304,-0.9541139,8.550099,3.0,B01ABDJFPG
pacmap,10000,7305,-0.9143112,8.404922,4.0,B07WNJQFP9
pacmap,10000,7306,3.1106012,1.8488508,5.0,B016PTIG0U
pacmap,10000,7307,0.5881342,7.7025146,5.0,B01HFZNM9I
pacmap,10000,7308,0.27948415,8.661163,5.0,B00FF31LF0
pacmap,10000,7309,-0.14735176,-11.172821,5.0,B0BJ1SRSGL
pacmap,10000,7310,-3.5407434,7.116113,5.0,B00XHT9HBY
pacmap,10000,7311,-0.7623654,-3.2929325,5.0,B086VR2KY8
pacmap,10000,7312,-2.6237803,-12.437199,5.0,B0721MP41Q
pacmap,10000,7313,6.2142444,3.1522696,5.0,B0C4LF3H7D
pacmap,10000,7314,1.2807894,6.259219,5.0,B00IA2D1GK
pacmap,10000,7315,2.2299113,1.3480505,5.0,B06XN5L3BS
pacmap,10000,7316,3.327469,2.1797101,5.0,B089W47DTX
pacmap,10000,7317,0.050043654,4.3397384,5.0,B077XGL4PG
pacmap,10000,7318,-1.8883129,-8.108585,2.0,B00M9DBBK4
pacmap,10000,7319,0.38304824,5.8399963,5.0,B08RDSZ3MQ
pacmap,10000,7320,-1.3619986,-4.3112826,5.0,B07WX7ZF31
pacmap,10000,7321,-1.0859847,-9.078136,5.0,B00BPYUC4E
pacmap,10000,7322,0.23720579,-3.004099,5.0,B079B4ZWJ4
pacmap,10000,7323,-1.1537558,8.352475,5.0,B098954DRG
pacmap,10000,7324,7.593271,3.4354722,1.0,B07S512NHP
pacmap,10000,7325,0.09078499,2.249136,5.0,B07KT13216
pacmap,10000,7326,8.857522,-3.006961,5.0,B08R1P33XC
pacmap,10000,7327,9.4135,4.1520844,5.0,B07VP3TVLH
pacmap,10000,7328,5.1431317,3.9746633,5.0,B0896ZWXW5
pacmap,10000,7329,6.4515333,-2.2125704,1.0,B001NDIZA0
pacmap,10000,7330,-5.3969746,4.3653374,5.0,B01N5G5PG2
pacmap,10000,7331,-7.62181,-3.166959,1.0,B01MS1UZAZ
pacmap,10000,7332,-0.70382005,-3.4521382,5.0,B00FL3N6O8
pacmap,10000,7333,0.9748558,0.2509308,5.0,B09S1GVFJQ
pacmap,10000,7334,5.7770066,0.4735632,5.0,B07L9TMP4P
pacmap,10000,7335,-3.350501,-10.966346,3.0,B0011Z9PM2
pacmap,10000,7336,1.1043676,19.772718,1.0,B07BKRHYRH
pacmap,10000,7337,0.26289287,8.5808525,5.0,B07C3VFJ7P
pacmap,10000,7338,-2.2159123,0.07097793,2.0,B07K53QZTC
pacmap,10000,7339,1.3934306,0.33183038,1.0,B07G5ZG3Q4
pacmap,10000,7340,-0.05825619,2.0175855,5.0,B07D7TQ5VR
pacmap,10000,7341,-7.107074,1.8370526,5.0,B0B797SJXQ
pacmap,10000,7342,-5.5186896,-5.7561355,4.0,B0B1DLFXPD
pacmap,10000,7343,-7.095344,1.7853087,5.0,B0C58MBSHD
pacmap,10000,7344,-0.09683758,7.3128896,5.0,B09RRY31RK
pacmap,10000,7345,-3.8908281,6.861802,5.0,B08XZ8B4HD
pacmap,10000,7346,-6.5332265,1.5156884,5.0,B0BS2ZMHCL
pacmap,10000,7347,-3.370285,-2.1893823,5.0,B087D8YFCD
pacmap,10000,7348,-6.9076757,1.3980198,5.0,B07ZJHTX3G
pacmap,10000,7349,-6.976773,1.3407111,3.0,B098VHF5X1
pacmap,10000,7350,-5.237135,1.3055245,5.0,B09HTM917T
pacmap,10000,7351,-3.1240337,1.7586719,5.0,B06XJ7RGWC
pacmap,10000,7352,-1.8028622,2.3727279,5.0,B08V4PZMW6
pacmap,10000,7353,-2.3695369,2.146059,5.0,B0925TWV1C
pacmap,10000,7354,1.9256444,-2.0107038,3.0,B09M3BZYVP
pacmap,10000,7355,0.8015074,3.205439,5.0,B082L6KJ2J
pacmap,10000,7356,-1.938438,2.2864456,5.0,B074K9ZFG2
pacmap,10000,7357,-5.6161323,1.177074,5.0,B006J70YRM
pacmap,10000,7358,-2.987381,0.75091183,5.0,B08PFQ1L9F
pacmap,10000,7359,-8.078369,-3.5241246,5.0,B07RW343WG
pacmap,10000,7360,1.342035,3.462842,5.0,B07DPKZTTV
pacmap,10000,7361,-5.4576983,1.4992241,5.0,B0C7H1XD7V
pacmap,10000,7362,-6.917822,-5.708851,5.0,B0C88VJZJS
pacmap,10000,7363,-7.093984,1.2862704,5.0,B0BJ239KS1
pacmap,10000,7364,-1.8029907,2.1334093,5.0,B08SRGK4HK
pacmap,10000,7365,-4.8914332,1.0831358,5.0,B076DD5JNS
pacmap,10000,7366,-0.48724955,-7.0259833,5.0,B07C7BTSYN
pacmap,10000,7367,-1.8738226,2.2089727,5.0,B00O8RYVRO
pacmap,10000,7368,1.2730523,3.3294146,5.0,B01GUIEFJC
pacmap,10000,7369,-0.1281258,2.2730348,4.0,B019PYKUM4
pacmap,10000,7370,-3.7393775,-5.33527,5.0,B01N75TWSA
pacmap,10000,7371,-1.4566439,-7.207368,4.0,B0BSBG645B
pacmap,10000,7372,-0.09841789,3.8109117,5.0,B0BMD4XHQB
pacmap,10000,7373,2.3951023,5.9565167,5.0,B00EN9Q35A
pacmap,10000,7374,-1.8651552,7.00823,4.0,B085LQ2WWG
pacmap,10000,7375,-3.5227542,-5.454164,5.0,B07H6LYZSD
pacmap,10000,7376,-0.96663153,6.8716197,5.0,B077TWB9GP
pacmap,10000,7377,-1.7129482,2.377818,3.0,B00GMCLLYE
pacmap,10000,7378,-9.185465,-3.5825381,5.0,B071X9DRSB
pacmap,10000,7379,-6.9400783,1.71585,5.0,B088NGT57C
pacmap,10000,7380,3.3482642,1.885458,3.0,B076751BN8
pacmap,10000,7381,1.1287872,-0.52790165,4.0,B07JJFR251
pacmap,10000,7382,-6.802482,7.764297,5.0,B07BC2PNVL
pacmap,10000,7383,-5.9276943,1.2109685,1.0,B015W7XLF6
pacmap,10000,7384,-7.369511,-2.107382,5.0,B071CQ134W
pacmap,10000,7385,-6.9783373,-4.6440034,5.0,B0B1YBHS7T
pacmap,10000,7386,-1.0146625,-3.979963,5.0,B00J7KM5X4
pacmap,10000,7387,3.8952792,2.4404309,5.0,B071D7G6VC
pacmap,10000,7388,2.2200837,3.0820267,5.0,B071PFK1L9
pacmap,10000,7389,-6.8477015,-1.258072,4.0,B099MTCTVV
pacmap,10000,7390,4.1104803,1.7796493,5.0,B01HJ3JYMU
pacmap,10000,7391,-5.67149,1.200212,5.0,B071R715MZ
pacmap,10000,7392,-1.7960122,-10.712621,5.0,B06XSJHGDM
pacmap,10000,7393,-5.452131,-5.883965,5.0,B01N58WYS7
pacmap,10000,7394,-7.083043,1.6340688,5.0,B01CL4D2FM
pacmap,10000,7395,-6.997886,1.5549052,5.0,B089PMMT1X
pacmap,10000,7396,-5.3662043,3.202048,5.0,B00L7AWOEC
pacmap,10000,7397,0.21897957,2.9499953,5.0,B09LJ92JQM
pacmap,10000,7398,-1.549936,5.547369,5.0,B00UOIK3FU
pacmap,10000,7399,-1.3304518,-8.249488,3.0,B00GINCLI2
pacmap,10000,7400,-0.5502192,4.3320627,4.0,B00RVGXZBM
pacmap,10000,7401,-2.8420734,-11.282782,5.0,B00F3KBE8O
pacmap,10000,7402,-2.312975,-4.4498878,5.0,B07BL3J6KL
pacmap,10000,7403,-5.292669,1.699451,2.0,B016M81ZLG
pacmap,10000,7404,-0.062389407,1.8860372,5.0,B00P8WKF8M
pacmap,10000,7405,-0.3992547,7.367703,5.0,B00LEF25QW
pacmap,10000,7406,1.2203343,2.7374256,5.0,B003Q5GI2U
pacmap,10000,7407,-7.021679,1.8142612,5.0,B01CL4CUI2
pacmap,10000,7408,-5.256511,2.663989,5.0,B01C5JZ3QY
pacmap,10000,7409,-0.2534929,-7.303174,5.0,B00I59XQKO
pacmap,10000,7410,5.051896,2.2689874,1.0,B00R5QB2OK
pacmap,10000,7411,-0.943737,7.6011105,5.0,B008NMCPTQ
pacmap,10000,7412,-5.718024,3.9607065,5.0,B01MPXZG3U
pacmap,10000,7413,5.776427,1.5704515,5.0,B009SGLIHQ
pacmap,10000,7414,-2.4229567,1.2920518,5.0,B07TQS63V7
pacmap,10000,7415,-0.5824351,-8.213496,5.0,B001R57OOM
pacmap,10000,7416,-2.4176,-11.5599785,5.0,B07YR475PS
pacmap,10000,7417,-1.5555186,-8.818561,5.0,B07KGVB6D6
pacmap,10000,7418,-1.3305532,-3.7459161,5.0,B07KF6WSL8
pacmap,10000,7419,-1.4706196,8.066952,5.0,B08JLSP8K2
pacmap,10000,7420,-8.130208,-5.0256925,5.0,B08WHB73DK
pacmap,10000,7421,-0.71778464,8.702012,5.0,B08HGHSZ8N
pacmap,10000,7422,0.18877941,3.6379702,5.0,B008FPTID2
pacmap,10000,7423,3.187926,2.746004,5.0,B07HZLHPKP
pacmap,10000,7424,-2.1785522,0.9577505,5.0,B01N25JC8H
pacmap,10000,7425,6.0301337,4.192612,5.0,B07R7PRDDT
pacmap,10000,7426,-1.0891448,1.2588073,5.0,B09FS1WBKL
pacmap,10000,7427,-0.4283387,-10.405674,5.0,B099P2JF9Y
pacmap,10000,7428,2.4511707,-2.0558248,2.0,B082CCCQHH
pacmap,10000,7429,-6.3488803,-6.977437,5.0,B08594S5LY
pacmap,10000,7430,0.3163302,8.1012945,5.0,B01F6KUKNU
pacmap,10000,7431,3.9419708,0.49275023,5.0,B0083J9330
pacmap,10000,7432,-6.4226594,-7.037881,4.0,B01JA8KS2W
pacmap,10000,7433,-1.9418895,7.360769,2.0,B004EBG4J2
pacmap,10000,7434,-7.1245017,1.7527386,5.0,B009KMV96S
pacmap,10000,7435,-6.6343594,0.071550466,2.0,B002V3QE40
pacmap,10000,7436,6.4712033,1.6158401,5.0,B00IVPU786
pacmap,10000,7437,3.0505455,6.7462997,5.0,B00FB50SBU
pacmap,10000,7438,-5.390167,1.1761804,5.0,B00CE8DUYY
pacmap,10000,7439,3.6126573,0.5958892,1.0,B00D695IF4
pacmap,10000,7440,3.5667205,-0.15305567,5.0,B008I639UQ
pacmap,10000,7441,1.1479006,-4.022775,5.0,B01CA6DXKK
pacmap,10000,7442,5.0899534,2.5575204,5.0,B00DGJSDQ0
pacmap,10000,7443,0.6915498,6.95269,5.0,B0CDLVKXF7
pacmap,10000,7444,-2.1611366,1.4560455,5.0,B004YD3OUC
pacmap,10000,7445,3.8273478,3.1142082,5.0,B0BPWG9DBX
pacmap,10000,7446,-0.9993648,-7.4334464,5.0,B00499DUAK
pacmap,10000,7447,-7.0489097,1.6246508,5.0,B0014D6FBU
pacmap,10000,7448,4.5842233,1.036552,5.0,B002782LTG
pacmap,10000,7449,-1.9194621,7.5108023,5.0,B07W42V3CY
pacmap,10000,7450,-1.9726322,-9.903835,5.0,B0CBPK3RRC
pacmap,10000,7451,2.8583274,0.16539758,5.0,B0BWD4WGJB
pacmap,10000,7452,2.6178508,2.426851,5.0,B07X4FM76R
pacmap,10000,7453,-2.0318174,-9.75472,4.0,B078C6FSN4
pacmap,10000,7454,6.804073,3.3021867,5.0,B08XPWDSWW
pacmap,10000,7455,10.700755,5.015111,5.0,B0B8JH3CF9
pacmap,10000,7456,1.5867281,0.7213891,5.0,B00QQH66AO
pacmap,10000,7457,2.1793532,4.6579804,3.0,B06XXLVKGF
pacmap,10000,7458,-8.116517,7.7043977,5.0,B003ZWN7DW
pacmap,10000,7459,6.4667377,3.192864,5.0,B0791TX5P5
pacmap,10000,7460,-8.736698,-3.582322,5.0,B07V3JYVQH
pacmap,10000,7461,-1.6802295,6.5303907,5.0,B010MGIWR4
pacmap,10000,7462,-8.474663,7.855152,5.0,B001F42MKG
pacmap,10000,7463,0.29611352,7.870861,5.0,B00LF1YNHO
pacmap,10000,7464,5.6357026,6.267737,1.0,B004BHDZIW
pacmap,10000,7465,-3.4798782,-12.100993,3.0,B00UWV8JLY
pacmap,10000,7466,3.1657684,5.1398215,4.0,B0BX65VLJ9
pacmap,10000,7467,0.18284057,1.4888318,5.0,B071114DHH
pacmap,10000,7468,7.344409,0.7412847,5.0,B07W42V3CY
pacmap,10000,7469,6.321642,1.3101816,4.0,B0C23DXZJ1
pacmap,10000,7470,0.3469222,8.831507,5.0,B01M5GZ9HH
pacmap,10000,7471,7.2462697,0.7388007,5.0,B00FC2KPEC
pacmap,10000,7472,-0.7350934,-8.942358,5.0,B0031TRZX2
pacmap,10000,7473,-1.7914209,-5.1772037,5.0,B0CCSMFH13
pacmap,10000,7474,-6.0780516,-0.8732525,1.0,B002OJVANQ
pacmap,10000,7475,0.70359844,20.37187,5.0,B0095PZHPE
pacmap,10000,7476,10.904449,-4.5671577,5.0,B01CIJGV4E
pacmap,10000,7477,10.906065,-4.5684,5.0,B0187AEJTM
pacmap,10000,7478,7.700973,0.053638104,5.0,B0185ROQ2C
pacmap,10000,7479,10.959741,-4.6084113,5.0,B017EADYHE
pacmap,10000,7480,-1.2294946,-4.5806417,5.0,B004OF9XGO
pacmap,10000,7481,-5.992666,-2.570334,5.0,B074T33YV1
pacmap,10000,7482,-6.368143,-4.649101,4.0,B079K962M6
pacmap,10000,7483,5.59178,3.635165,5.0,B074GZPTRF
pacmap,10000,7484,1.6172262,-3.5913234,5.0,B01NAFVWBJ
pacmap,10000,7485,-1.5599142,8.067068,3.0,B00D5YTO5K
pacmap,10000,7486,-7.759341,-3.2206993,5.0,B076P3K79R
pacmap,10000,7487,-6.0887837,-0.91128016,1.0,B0778NFJD5
pacmap,10000,7488,-4.6649237,4.9869576,3.0,B0168YIWSI
pacmap,10000,7489,2.553995,4.5404286,5.0,B001BLI3HE
pacmap,10000,7490,-0.8123734,-11.043135,4.0,B07BJ2F1Y8
pacmap,10000,7491,-2.7802641,-9.072465,1.0,B01LXJFMGF
pacmap,10000,7492,-0.8482366,6.000726,3.0,B00DCC300U
pacmap,10000,7493,5.29919,1.3822117,1.0,B0BRLZFYTJ
pacmap,10000,7494,0.030859996,-0.3391971,2.0,B07DQF8LHL
pacmap,10000,7495,2.5145442,-8.812489,4.0,B075KZTN4J
pacmap,10000,7496,2.3052769,-9.030154,1.0,B07456BG8N
pacmap,10000,7497,4.7319794,-0.22917669,2.0,B09GYHBBZB
pacmap,10000,7498,6.875818,3.9386873,5.0,B092VLXWQ7
pacmap,10000,7499,-3.1013708,-11.241946,4.0,B0BQTKWPTV
pacmap,10000,7500,6.8066006,4.041034,5.0,B08V8FFS3S
pacmap,10000,7501,1.6175146,5.2948284,5.0,B07F1TKR5W
pacmap,10000,7502,6.1193047,0.019372579,5.0,B07F2PMFBB
pacmap,10000,7503,-2.5918,-2.104722,3.0,B09MH42ZP1
pacmap,10000,7504,-6.320798,-4.696477,1.0,B09TF5TPL5
pacmap,10000,7505,3.727216,-0.2939671,5.0,B008I636D6
pacmap,10000,7506,-8.396558,7.5396767,3.0,B01B1QBK78
pacmap,10000,7507,-5.8294735,1.4056424,4.0,B08KZ1TZYB
pacmap,10000,7508,3.8561637,-0.21322587,5.0,B0083J7OUO
pacmap,10000,7509,-2.4630444,9.343833,5.0,B00FVU5VJE
pacmap,10000,7510,0.38239086,-7.2934723,5.0,B007ZG5GT2
pacmap,10000,7511,-8.311536,-4.120647,5.0,B00KT3OM3O
pacmap,10000,7512,-10.008591,-2.8428001,5.0,B00GDPP0TC
pacmap,10000,7513,3.56149,0.67584497,5.0,B08C5GK7NK
pacmap,10000,7514,3.2558477,3.8524456,5.0,B01D3BDXQA
pacmap,10000,7515,-3.6321049,9.303846,5.0,B007HCCNJU
pacmap,10000,7516,-2.0027516,1.1225512,3.0,B005GLFSYQ
pacmap,10000,7517,10.95077,-4.60033,5.0,B07GZFM1ZM
pacmap,10000,7518,-0.5619019,-9.044522,5.0,B07H65KP63
pacmap,10000,7519,6.2555213,-1.2068251,5.0,B07MDB9WZM
pacmap,10000,7520,-9.082649,-4.15003,5.0,B00IXL3P1O
pacmap,10000,7521,3.9978182,0.053683095,5.0,B075JZNHTD
pacmap,10000,7522,1.8816816,-8.202632,5.0,B01M3ULMWP
pacmap,10000,7523,9.20331,-3.273983,5.0,B073VMG4FN
pacmap,10000,7524,6.39755,4.798268,5.0,B075JB46XP
pacmap,10000,7525,-1.7131779,0.7974025,5.0,B004F9LF7E
pacmap,10000,7526,-1.7191988,6.954874,1.0,B0895N1RS2
pacmap,10000,7527,-1.8933321,1.3214607,5.0,B077VCJ8DZ
pacmap,10000,7528,-1.5183791,0.8781695,5.0,B07MPXBZSQ
pacmap,10000,7529,3.9810853,2.5863392,4.0,B00U0OJMYG
pacmap,10000,7530,2.3939211,2.697658,5.0,B002T8KWJA
pacmap,10000,7531,1.2702788,-3.5619175,5.0,B00TQD235C
pacmap,10000,7532,-1.326909,7.8009257,5.0,B00RQWBBEY
pacmap,10000,7533,5.699831,0.16403641,5.0,B00U84SJRO
pacmap,10000,7534,-7.5105667,-1.9741575,5.0,B0C7QWBN8V
pacmap,10000,7535,-1.5237225,0.4866945,5.0,B0BW543RH8
pacmap,10000,7536,1.7733158,1.9860177,5.0,B07VV3C19F
pacmap,10000,7537,5.996647,-0.7806027,5.0,B09TXLMZSM
pacmap,10000,7538,-2.4351943,0.5480264,5.0,B0BX2NBL7M
pacmap,10000,7539,7.644431,2.1807666,5.0,B09XDKT989
pacmap,10000,7540,-7.3706093,-3.2804005,5.0,B083LLM6QJ
pacmap,10000,7541,-0.37962815,8.192995,5.0,B01GDM45H2
pacmap,10000,7542,-0.8828701,2.0129573,5.0,B0BK7SPR22
pacmap,10000,7543,0.6970408,20.347544,3.0,B0BJZNZQY7
pacmap,10000,7544,-2.743005,8.364317,5.0,B07XCGYYVF
pacmap,10000,7545,-2.826418,-12.077529,5.0,B074F3YW3R
pacmap,10000,7546,-2.5839837,0.32781008,3.0,B00P82C5F8
pacmap,10000,7547,-10.542916,-3.7044685,5.0,B004T8ZIV0
pacmap,10000,7548,-3.2041433,-10.58088,5.0,B005RUP5UI
pacmap,10000,7549,2.2483175,2.8445263,3.0,B00A157JK8
pacmap,10000,7550,0.29927984,6.064981,5.0,B07BLKHQK6
pacmap,10000,7551,4.499272,3.5945852,5.0,B09554QF7L
pacmap,10000,7552,4.493365,1.8356847,1.0,B01K6MPHV8
pacmap,10000,7553,0.66958165,-8.350996,1.0,B01K8B8YA8
pacmap,10000,7554,5.9125547,6.696804,5.0,B016UM2IFG
pacmap,10000,7555,0.56729954,-2.1560261,5.0,B00CX5P8FC
pacmap,10000,7556,-0.28585482,-10.87838,5.0,B00KGMYWAQ
pacmap,10000,7557,4.4429355,1.2560319,5.0,B00E0J0EL2
pacmap,10000,7558,0.9999109,3.1851542,1.0,B002C03AIA
pacmap,10000,7559,-7.1108413,-3.7532125,5.0,B0BB6TYK7V
pacmap,10000,7560,17.002419,-1.7608238,5.0,B0C72D4J46
pacmap,10000,7561,1.2942762,6.3047967,5.0,B09W42HJKL
pacmap,10000,7562,-2.0210564,9.174829,5.0,B091F4312G
pacmap,10000,7563,-3.6627197,7.8363,5.0,B08YFJYD5Z
pacmap,10000,7564,-3.4108186,9.17839,4.0,B07J2FGZSM
pacmap,10000,7565,-9.337841,-4.2751403,5.0,B006GWO5WK
pacmap,10000,7566,-3.586164,8.637497,5.0,B0051VVOB2
pacmap,10000,7567,0.43053657,1.545392,5.0,B003DZ168E
pacmap,10000,7568,-2.374903,0.46534586,5.0,B00GQKOI88
pacmap,10000,7569,-0.9098133,-3.869451,5.0,B00O4OR4GQ
pacmap,10000,7570,4.8608093,3.666168,5.0,B00R1ZEBUW
pacmap,10000,7571,-6.59361,-3.8995404,5.0,B01FD6D59I
pacmap,10000,7572,1.6037738,4.219225,5.0,B01FD6D0I4
pacmap,10000,7573,3.2364955,2.7386787,5.0,B01DU9UMM8
pacmap,10000,7574,-2.3923507,1.483529,5.0,B014TUZ92U
pacmap,10000,7575,-2.5742319,1.5726857,5.0,B01BH1QCES
pacmap,10000,7576,8.046445,1.8985919,5.0,B07FW2G81C
pacmap,10000,7577,-9.572792,-3.9763036,5.0,B00U84SJRO
pacmap,10000,7578,7.0530252,3.640567,5.0,B00IF70SDO
pacmap,10000,7579,7.069089,3.7300704,5.0,B0819PCPBV
pacmap,10000,7580,0.97171926,1.5874084,5.0,B07D21M6ZF
pacmap,10000,7581,-1.0922633,6.5128803,1.0,B071J9GQP8
pacmap,10000,7582,-4.0087075,7.659116,5.0,B00LWHU9D8
pacmap,10000,7583,3.582678,1.928551,5.0,B0BG9VDGBT
pacmap,10000,7584,1.5506752,3.1472955,1.0,B01LVUUSK0
pacmap,10000,7585,-0.2724924,-5.9420633,1.0,B0BWL9DSW2
pacmap,10000,7586,3.534872,4.1002536,5.0,B07PGL2N7J
pacmap,10000,7587,4.9931216,-0.5326034,1.0,B07C9Y72T1
pacmap,10000,7588,5.1141605,1.731699,3.0,B00KX6EJ9Y
pacmap,10000,7589,0.478468,2.1140983,5.0,B00F19Q7YI
pacmap,10000,7590,2.4133563,3.708804,2.0,B0BN74ZJDK
pacmap,10000,7591,6.005117,-0.49712744,5.0,B077VVNYLY
pacmap,10000,7592,5.578592,2.2308667,5.0,B00006IS4X
pacmap,10000,7593,6.274045,1.7666599,4.0,B01ISM267G
pacmap,10000,7594,-10.214457,-2.7202246,5.0,B00LTMUYHM
pacmap,10000,7595,-7.5314655,-3.900913,1.0,B017EVJG48
pacmap,10000,7596,5.388136,2.1560774,5.0,B01I2MXME8
pacmap,10000,7597,3.481553,5.066198,5.0,B01580BPU0
pacmap,10000,7598,-7.9734516,-4.350885,5.0,B00KVCBU1K
pacmap,10000,7599,7.2706766,2.0061553,5.0,B01LZ4D2T5
pacmap,10000,7600,-7.88512,7.7236958,1.0,B00MN284T2
pacmap,10000,7601,0.0010317815,-6.2286115,5.0,B07CBSSNXG
pacmap,10000,7602,0.8538116,-0.49337927,3.0,B00JZSB7NW
pacmap,10000,7603,-1.819273,-9.857328,5.0,B00HX0RTKO
pacmap,10000,7604,-8.643675,-4.1599836,5.0,B00FA4Y66U
pacmap,10000,7605,-9.5978985,-3.8915386,3.0,B016V8XF74
pacmap,10000,7606,-10.128646,-3.0549793,3.0,B0056B58AU
pacmap,10000,7607,-1.8451407,7.7309275,5.0,B00DS4G2AW
pacmap,10000,7608,6.9233303,2.9473765,5.0,B07RCBWTGR
pacmap,10000,7609,-3.9976,7.6071773,5.0,B00ET0H9R4
pacmap,10000,7610,0.6488656,-7.424476,5.0,B091BD9T1Z
pacmap,10000,7611,1.8952852,2.1366997,4.0,B0B4JQY8JY
pacmap,10000,7612,-0.95451725,-4.086015,5.0,B0971XBV8M
pacmap,10000,7613,0.19291477,21.094753,5.0,B08GLRVD95
pacmap,10000,7614,5.5931277,3.8377774,5.0,B071WNBH6S
pacmap,10000,7615,3.257476,4.171872,5.0,B08SJ7541V
pacmap,10000,7616,3.5118418,2.1852677,5.0,B08Y8BGWSX
pacmap,10000,7617,-6.7447557,-4.4302516,5.0,B09RZFJT88
pacmap,10000,7618,-6.324155,-4.2105722,5.0,B073PT96NN
pacmap,10000,7619,2.9601815,1.8871223,5.0,B083S6N88S
pacmap,10000,7620,-1.8124135,7.116488,5.0,B07SMVHYHJ
pacmap,10000,7621,1.1421026,19.710167,5.0,B073LZYQCR
pacmap,10000,7622,4.467127,-0.30898592,2.0,B087D9VRGC
pacmap,10000,7623,0.011911546,-6.822255,5.0,B00RFLXE0A
pacmap,10000,7624,-2.7622135,-9.591677,4.0,B072V3478X
pacmap,10000,7625,-7.14167,1.6341748,5.0,B00INKHXY0
pacmap,10000,7626,-0.6723543,1.8265121,4.0,B00INO6JX2
pacmap,10000,7627,7.240085,0.5814654,5.0,B07VXCFZN1
pacmap,10000,7628,-1.4987866,7.1612763,5.0,B0054WF6JY
pacmap,10000,7629,-0.08918126,-10.093769,5.0,B07FLH7VLQ
pacmap,10000,7630,-0.96386915,-5.333308,1.0,B07324B77V
pacmap,10000,7631,6.275224,-1.4644942,5.0,B01B3QMITU
pacmap,10000,7632,3.0989258,4.37214,5.0,B083Y4S579
pacmap,10000,7633,-5.851365,-5.7588406,5.0,B09R4C84NX
pacmap,10000,7634,7.2706113,2.0588908,5.0,B000RUJFOU
pacmap,10000,7635,1.4226317,-4.509374,1.0,B0087NZ31S
pacmap,10000,7636,-1.5647092,-3.9315593,5.0,B001413DWQ
pacmap,10000,7637,22.348993,7.5811486,4.0,B0052SCU8U
pacmap,10000,7638,22.353962,7.5833526,4.0,B083TH1B45
pacmap,10000,7639,23.341396,2.9998703,5.0,B0089NF5VE
pacmap,10000,7640,23.343807,3.0000668,5.0,B00007M1TZ
pacmap,10000,7641,22.352318,7.5808945,4.0,B0015ADLOQ
pacmap,10000,7642,22.350246,7.580432,4.0,B0001Y6J14
pacmap,10000,7643,23.343134,2.999887,5.0,B00IF0JAYE
pacmap,10000,7644,1.4249752,-1.3984996,5.0,B0027C8M8G
pacmap,10000,7645,7.324305,0.668938,5.0,B0053KRQRM
pacmap,10000,7646,6.5957212,1.1165898,5.0,B0CDLVKXF7
pacmap,10000,7647,7.194598,0.665247,5.0,B003LZ6F8M
pacmap,10000,7648,4.378802,2.137416,5.0,B07FPP6TB5
pacmap,10000,7649,7.173132,1.7501221,5.0,B0C6D2TBZ7
pacmap,10000,7650,0.3108152,7.6085496,5.0,B06XS8W36K
pacmap,10000,7651,-6.451811,7.541812,5.0,B08LXZPC1M
pacmap,10000,7652,-0.68094087,-3.6097953,5.0,B07LD9TTZY
pacmap,10000,7653,-0.21536402,-4.7856417,5.0,B075JZNHTD
pacmap,10000,7654,7.4879003,3.3884478,5.0,B00IJH1W4O
pacmap,10000,7655,-7.815762,7.512661,5.0,B07FTKQ97Q
pacmap,10000,7656,-4.081517,-4.069935,5.0,B0876XG5ZM
pacmap,10000,7657,-3.8519897,-4.953693,1.0,B00XHU3354
pacmap,10000,7658,-1.2702676,-7.3299236,5.0,B07VLBTSZP
pacmap,10000,7659,-1.3701868,-4.425512,5.0,B07R5QJ6YS
pacmap,10000,7660,2.8931184,1.234003,1.0,B07X53M18Z
pacmap,10000,7661,1.8660089,7.9935036,5.0,B0BWNFGCYH
pacmap,10000,7662,1.7557285,-4.49094,1.0,B00Z0V2NQ8
pacmap,10000,7663,-2.472773,0.94021845,4.0,B006P88VSE
pacmap,10000,7664,-2.4717867,0.771008,5.0,B000EVNWVO
pacmap,10000,7665,0.9112932,-0.56064194,4.0,B000CSQRYS
pacmap,10000,7666,-8.021718,-4.8171864,5.0,B09RZDNN93
pacmap,10000,7667,-8.624833,-4.6307364,2.0,B09YTSXGQF
pacmap,10000,7668,-8.386386,-4.133346,5.0,B097H72K1T
pacmap,10000,7669,-6.17971,-1.1459801,5.0,B07CG57KJM
pacmap,10000,7670,-2.1016672,8.136237,5.0,B07DZXVFTK
pacmap,10000,7671,5.8541217,-0.5634326,5.0,B08MC6ZD53
pacmap,10000,7672,7.727698,-0.023331063,5.0,B07VRB6X4Y
pacmap,10000,7673,-8.223037,7.7365866,5.0,B002DPUUL4
pacmap,10000,7674,6.267237,3.13307,5.0,B07RYNFR2B
pacmap,10000,7675,2.7819138,2.8560007,5.0,B07PNT3VKK
pacmap,10000,7676,2.6275074,2.33089,5.0,B07S4KJV6W
pacmap,10000,7677,-7.894125,7.593218,5.0,B073W6ZC7B
pacmap,10000,7678,-2.1445742,7.3484735,5.0,B004GINYGY
pacmap,10000,7679,6.682168,-0.101231605,5.0,B004I1E1LG
pacmap,10000,7680,-9.713957,-3.8724632,1.0,B08K2S5B88
pacmap,10000,7681,-2.0573797,-11.345164,5.0,B07XJ1DHSS
pacmap,10000,7682,-6.881042,-3.6396768,5.0,B08Y8FSTMT
pacmap,10000,7683,-8.683309,-3.6494203,5.0,B0B3NCYQPT
pacmap,10000,7684,1.4424359,3.6364539,5.0,B09Q3NR84W
pacmap,10000,7685,3.1560671,2.645638,5.0,B07HL5J1NF
pacmap,10000,7686,-0.7243917,6.526346,5.0,B07WBX3VFM
pacmap,10000,7687,-8.272779,-4.8819633,5.0,B09LLRD6N6
pacmap,10000,7688,-6.7917256,-4.602407,5.0,B079MRJHSD
pacmap,10000,7689,1.1674672,-2.1807199,5.0,B01EKMLDNQ
pacmap,10000,7690,0.9363967,20.01989,5.0,B075R5G8DS
pacmap,10000,7691,0.27657253,-7.549015,5.0,B01DFKBI6G
pacmap,10000,7692,-7.72559,-5.6638203,5.0,B01D5NR70E
pacmap,10000,7693,0.4696946,8.462395,4.0,B019I9X4YC
pacmap,10000,7694,1.2879666,-4.4803777,5.0,B08V2MLHLN
pacmap,10000,7695,-1.9502318,8.010769,4.0,B01HBSGTQ2
pacmap,10000,7696,1.664733,4.7429767,5.0,B07LBRZ5TH
pacmap,10000,7697,0.8691505,-3.3304992,5.0,B00BWF5U0M
pacmap,10000,7698,-10.3594265,-4.5701337,5.0,B0BCDMS3PH
pacmap,10000,7699,0.5514515,-1.4484257,5.0,B00DQJTYGS
pacmap,10000,7700,2.0945768,1.1455535,5.0,B009X21N1G
pacmap,10000,7701,-0.5038587,-4.7172713,5.0,B00E0J0EL2
pacmap,10000,7702,-5.680511,0.9110338,5.0,B008J0Z9TA
pacmap,10000,7703,-7.415521,-2.957527,5.0,B07YFD37SF
pacmap,10000,7704,-5.8774242,1.3971456,5.0,B0046EDOWW
pacmap,10000,7705,-7.045783,1.7592119,5.0,B005KQ0S8S
pacmap,10000,7706,-3.5774748,-12.091614,5.0,B007L87V60
pacmap,10000,7707,-3.7292528,8.875071,5.0,B0051VVOB2
pacmap,10000,7708,-1.0595505,-10.041786,5.0,B005130BFA
pacmap,10000,7709,-2.5832403,1.298799,5.0,B0033VKKB2
pacmap,10000,7710,-0.23516992,-10.118058,5.0,B06Y3CYKQ2
pacmap,10000,7711,2.16119,2.9712856,5.0,B0B6TW92BS
pacmap,10000,7712,3.5196757,4.2719665,5.0,B01K8B8YA8
pacmap,10000,7713,4.5674567,3.758019,5.0,B09WDS7KLW
pacmap,10000,7714,-9.266828,-2.765009,4.0,B07G61MFF6
pacmap,10000,7715,-0.044868328,-9.403148,5.0,B0C6DWCB3D
pacmap,10000,7716,-2.4918864,-11.046228,5.0,B01KIPDDU0
pacmap,10000,7717,3.2814941,2.2114897,5.0,B0742KMWL8
pacmap,10000,7718,1.0863618,7.040572,5.0,B00WHZVQFE
pacmap,10000,7719,3.1098034,4.6229463,5.0,B08XB923TK
pacmap,10000,7720,1.2324891,0.5798583,4.0,B0BN82YZQR
pacmap,10000,7721,-2.945083,0.5454595,5.0,B0BF4WCZ8Q
pacmap,10000,7722,0.36245304,8.5815735,3.0,B07H4HXW14
pacmap,10000,7723,1.2408781,5.564176,5.0,B0BD9HDHPJ
pacmap,10000,7724,-0.5657238,-10.559684,5.0,B0BTCLFDHM
pacmap,10000,7725,4.649668,0.93974537,1.0,B09HRD9X5P
pacmap,10000,7726,9.065247,-3.2186084,5.0,B0BMZS8QRZ
pacmap,10000,7727,3.9810908,0.2138115,5.0,B011BRUOMO
pacmap,10000,7728,0.58101887,-6.2966733,5.0,B08F9ZCTCL
pacmap,10000,7729,10.959335,-4.6133733,5.0,B083XHP2GN
pacmap,10000,7730,0.6071378,0.19990966,5.0,B07P87SZMJ
pacmap,10000,7731,4.8544397,0.62461466,5.0,B07R8WFTG5
pacmap,10000,7732,7.3613796,0.6336332,5.0,B07BKZVWDM
pacmap,10000,7733,-7.8389263,7.736987,5.0,B002NIGDX0
pacmap,10000,7734,0.17244805,1.0189625,3.0,B005Z2TG9Y
pacmap,10000,7735,-3.0050116,8.743925,4.0,B00U21WD4S
pacmap,10000,7736,-6.1345444,1.1505287,5.0,B086KSZWTW
pacmap,10000,7737,3.4891405,1.4037728,5.0,B0015ADR1I
pacmap,10000,7738,2.838472,2.0897796,5.0,B08ZN9HT9W
pacmap,10000,7739,6.3184586,4.7821116,5.0,B08ZN9HT9W
pacmap,10000,7740,5.9244337,4.4889026,5.0,B08ZN9HT9W
pacmap,10000,7741,5.9259276,6.9300947,5.0,B0773YFM2N
pacmap,10000,7742,0.8275364,-0.8071627,5.0,B016AQXG80
pacmap,10000,7743,-1.2835325,-0.70402455,5.0,B01MTF2Z37
pacmap,10000,7744,5.6182275,1.5843159,5.0,B00S67CZLG
pacmap,10000,7745,5.673654,6.947933,5.0,B00DQZTJKI
pacmap,10000,7746,3.8268743,2.5602329,4.0,B00KQNVQ6S
pacmap,10000,7747,2.712591,1.9242717,5.0,B00GLJBZKI
pacmap,10000,7748,-0.9920166,8.465463,5.0,B0BKQZGST4
pacmap,10000,7749,3.582625,1.107041,5.0,B019GSZ6FK
pacmap,10000,7750,-5.9733453,1.218634,5.0,B0B9WN2WDC
pacmap,10000,7751,1.7656893,6.0968194,4.0,B09V3D2NM2
pacmap,10000,7752,-2.3696988,-8.34662,3.0,B0BHL9HXML
pacmap,10000,7753,-5.5458493,0.99650085,4.0,B07D1J88CF
pacmap,10000,7754,-2.1313603,0.25794026,4.0,B096K4MF5V
pacmap,10000,7755,0.08781334,-8.074478,5.0,B00007KDX6
pacmap,10000,7756,-1.0798879,5.8158574,5.0,B0C5D6ZX72
pacmap,10000,7757,1.0514921,19.881693,5.0,B08FCGDR1W
pacmap,10000,7758,-0.8272299,8.404152,4.0,B08JV8NB1Z
pacmap,10000,7759,-0.346781,-4.9652596,2.0,B075X8471B
pacmap,10000,7760,-1.3713758,-3.8322453,4.0,B079TT1C7Z
pacmap,10000,7761,-0.5931233,8.554522,5.0,B018FLUTT2
pacmap,10000,7762,6.903971,0.74361277,5.0,B085MY79KW
pacmap,10000,7763,16.306108,17.219559,5.0,B07F4P3JH7
pacmap,10000,7764,2.0494673,1.0578612,5.0,B0BPMNM5J3
pacmap,10000,7765,0.00076244463,7.579374,5.0,B075RV7KR1
pacmap,10000,7766,16.305227,17.219622,5.0,B0773YFM2N
pacmap,10000,7767,3.4936333,2.7267742,4.0,B078DMYPB1
pacmap,10000,7768,-0.98604393,-10.806849,1.0,B07V2DMFM6
pacmap,10000,7769,4.611131,-0.2758098,1.0,B07D19LHXS
pacmap,10000,7770,-0.07572687,6.6078844,5.0,B011CV9G3C
pacmap,10000,7771,-5.1886044,-5.8692465,5.0,B08KGXGDX5
pacmap,10000,7772,1.673559,0.72056794,5.0,B0C7BDST52
pacmap,10000,7773,2.228694,-8.773663,2.0,B08D7JPKLZ
pacmap,10000,7774,6.9983363,3.6954372,5.0,B018JR70U8
pacmap,10000,7775,7.1721673,3.7436447,5.0,B008H66BH0
pacmap,10000,7776,6.9654083,3.7094884,5.0,B00XK7Q72U
pacmap,10000,7777,-9.849724,-3.776841,1.0,B09MYKYJ7W
pacmap,10000,7778,-2.4821188,-10.549064,5.0,B07QPPTBBC
pacmap,10000,7779,-5.222889,-5.55118,3.0,B0B76BV9JN
pacmap,10000,7780,-0.19708365,3.0524027,5.0,B09ZV2LJ67
pacmap,10000,7781,-5.4411554,-5.7116685,1.0,B08ZCQ3GVR
pacmap,10000,7782,8.174959,-2.6030984,5.0,B07P8BW3P2
pacmap,10000,7783,5.1942897,-0.042928744,5.0,B0C4F2NHWH
pacmap,10000,7784,5.082648,-0.30917895,1.0,B087WJV8DY
pacmap,10000,7785,-0.6036851,-8.186032,3.0,B01NCUP9F3
pacmap,10000,7786,-1.3685539,5.835993,3.0,B06Y5WDVV3
pacmap,10000,7787,-10.257702,-3.1780741,5.0,B00IVFUJBG
pacmap,10000,7788,-6.4134665,-5.9996476,4.0,B078QK9856
pacmap,10000,7789,-8.448179,-3.4675012,5.0,B01HXBUBUW
pacmap,10000,7790,-5.635106,-5.8824725,1.0,B08VWZRB92
pacmap,10000,7791,5.009131,2.1451404,5.0,B012WF7ORW
pacmap,10000,7792,-6.7519464,-4.935298,1.0,B0B3RVRQKG
pacmap,10000,7793,-1.5451663,2.7844527,3.0,B08HM14L1P
pacmap,10000,7794,1.6991982,-4.4212275,4.0,B08FWNNWTB
pacmap,10000,7795,-7.594923,-4.9029,5.0,B09F95J33F
pacmap,10000,7796,-0.544753,-5.577553,4.0,B07GTGHQHB
pacmap,10000,7797,2.6264684,2.6634245,3.0,B07JPM5867
pacmap,10000,7798,-6.740516,1.7031708,4.0,B0BWYPV5NY
pacmap,10000,7799,-1.2098758,6.6262717,3.0,B072ML61NW
pacmap,10000,7800,-7.8538294,-3.0311456,4.0,B06Y41XM9Z
pacmap,10000,7801,1.8171405,2.0361185,4.0,B0152Z8644
pacmap,10000,7802,1.6285573,-4.305823,5.0,B00F0DD0I6
pacmap,10000,7803,0.2042005,2.191583,5.0,B006GFDOMO
pacmap,10000,7804,-8.283834,-4.719001,5.0,B00WJE31QK
pacmap,10000,7805,3.654486,1.198715,2.0,B005LKB0IU
pacmap,10000,7806,-1.7464398,-11.510099,4.0,B00N438N3G
pacmap,10000,7807,6.0712876,2.1817293,4.0,B00KG6YRPC
pacmap,10000,7808,-9.932926,-2.9142532,3.0,B002DQTDTI
pacmap,10000,7809,1.778326,-4.4223604,5.0,B01GW1GO7S
pacmap,10000,7810,-2.7244065,-7.104714,5.0,B007UXTSTE
pacmap,10000,7811,-2.9627483,-7.9738584,5.0,B007GFX0PY
pacmap,10000,7812,-2.5423872,-7.1664267,4.0,B007Q45EF4
pacmap,10000,7813,-7.0049,1.4934422,5.0,B00GPL2ZJ2
pacmap,10000,7814,-1.8827583,7.361868,5.0,B0058BG0UK
pacmap,10000,7815,3.5906603,2.0040967,5.0,B00023763Y
pacmap,10000,7816,-4.0705175,-4.5442367,5.0,B07Q1JVCTS
pacmap,10000,7817,-10.418719,-3.2732031,4.0,B003A5TX82
pacmap,10000,7818,-5.5411415,-2.0238965,5.0,B002B480PA
pacmap,10000,7819,1.6800888,2.477861,4.0,B00006BAJP
pacmap,10000,7820,-0.58619016,-5.081255,5.0,B017T9KF1S
pacmap,10000,7821,-0.012807998,3.4042237,5.0,B010O0CBHU
pacmap,10000,7822,2.9284494,2.5223362,5.0,B0B277V5RW
pacmap,10000,7823,-5.98991,3.227895,5.0,B011KFQASE
pacmap,10000,7824,4.787363,0.6448794,5.0,B004B7KO9U
pacmap,10000,7825,-0.022410301,-4.23616,5.0,B00JMNUGSM
pacmap,10000,7826,5.027367,1.6690967,5.0,B001BMKNZI
pacmap,10000,7827,0.7046211,-1.3960676,1.0,B00ASLSQHK
pacmap,10000,7828,-1.3602004,-8.759801,5.0,B0002344GG
pacmap,10000,7829,1.6055304,-4.372639,5.0,B0B97T3CQS
pacmap,10000,7830,-1.2634763,-4.8884573,5.0,B009L0409C
pacmap,10000,7831,-0.67562354,-3.391348,3.0,B009IHHQUS
pacmap,10000,7832,-1.2923627,-4.219187,5.0,B002IRU936
pacmap,10000,7833,-0.6379254,-9.052781,5.0,B00INCA0VG
pacmap,10000,7834,-5.506665,-5.702579,5.0,B007KA5GFW
pacmap,10000,7835,-1.9828303,-5.374272,5.0,B00XAJD7NA
pacmap,10000,7836,-0.73442227,-3.217745,5.0,B008J54SKQ
pacmap,10000,7837,-1.7248318,-4.5822024,5.0,B00176NKPS
pacmap,10000,7838,-2.1903114,0.9543232,5.0,B005LTIJZI
pacmap,10000,7839,-6.453265,1.3138473,5.0,B08HYTVDQ6
pacmap,10000,7840,-2.5251956,1.6001403,4.0,B004HYGDCY
pacmap,10000,7841,-0.13651781,-0.10745876,1.0,B0B7X9YLJX
pacmap,10000,7842,-6.2128677,7.6910644,5.0,B00CYX54C0
pacmap,10000,7843,1.1392838,4.979424,5.0,B07GFDT3YZ
pacmap,10000,7844,-6.609864,1.5738217,4.0,B00U82O92U
pacmap,10000,7845,-4.076945,7.6552877,5.0,B00KHQWPZA
pacmap,10000,7846,-1.125918,7.989677,4.0,B01ITUHLK4
pacmap,10000,7847,3.5561204,5.1915684,4.0,B00OVV2XX6
pacmap,10000,7848,6.896525,1.4021305,5.0,B07SYW3XL1
pacmap,10000,7849,4.957198,1.3778105,5.0,B0B6QVY9VB
pacmap,10000,7850,4.7908006,0.18070494,4.0,B00ST1Y2QU
pacmap,10000,7851,7.223375,1.8678021,4.0,B079GT4XJC
pacmap,10000,7852,2.4251971,-8.830577,3.0,B01K8B8YA8
pacmap,10000,7853,4.6674266,3.015903,5.0,B0036ZZ72W
pacmap,10000,7854,1.0785758,-4.198573,4.0,B0C49M9KPL
pacmap,10000,7855,6.6544456,1.7311727,5.0,B09BL28YV5
pacmap,10000,7856,-7.498442,-3.1097295,4.0,B0B496582G
pacmap,10000,7857,3.2893062,4.1031456,5.0,B09XYMSZLL
pacmap,10000,7858,2.3060098,-8.710308,4.0,B07YP657FB
pacmap,10000,7859,5.4775605,0.28145078,2.0,B08QR8G55V
pacmap,10000,7860,2.4238884,0.13348973,5.0,B0C6D2VKPG
pacmap,10000,7861,-8.411898,-4.2599783,5.0,B01HRVABD0
pacmap,10000,7862,-3.9022262,7.6062984,4.0,B07YD45KWW
pacmap,10000,7863,-6.3035936,-7.45322,5.0,B0BM9GV17J
pacmap,10000,7864,4.603863,3.2790322,5.0,B07NDM32KQ
pacmap,10000,7865,2.1933248,3.9397852,5.0,B0C39DB47Z
pacmap,10000,7866,4.770696,-0.27201024,5.0,B07XBNWBC1
pacmap,10000,7867,2.854542,7.039653,5.0,B074FTRZ8H
pacmap,10000,7868,5.4621277,2.0156937,5.0,B075JZNHTD
pacmap,10000,7869,-6.0823507,7.724446,5.0,B01N57FYOD
pacmap,10000,7870,-8.219467,-4.6632295,5.0,B07H7Z43ZY
pacmap,10000,7871,-7.1621766,7.0660176,5.0,B0BVZZ36ZL
pacmap,10000,7872,-3.2540214,-6.8412204,5.0,B08HD11Q4X
pacmap,10000,7873,-6.9716296,-5.71655,5.0,B088GVRWKH
pacmap,10000,7874,-8.2857685,7.7866764,5.0,B07X7TKDV2
pacmap,10000,7875,-6.0919724,7.4543853,5.0,B07X84NZWF
pacmap,10000,7876,4.1760955,2.0538669,5.0,B0C2PVFRWV
pacmap,10000,7877,-8.873387,-3.5650315,5.0,B094TY4485
pacmap,10000,7878,-6.2866807,-5.7940407,5.0,B0C2PVFRWV
pacmap,10000,7879,-5.5689497,4.6095314,5.0,B077GN5H7D
pacmap,10000,7880,1.4978774,5.2866535,5.0,B06XFVP9X7
pacmap,10000,7881,4.747837,-0.81898874,3.0,B074M6WRJC
pacmap,10000,7882,6.609315,1.0972363,5.0,B01D1NSWFW
pacmap,10000,7883,-7.5801673,-5.689523,5.0,B01ISLH4V0
pacmap,10000,7884,-8.354776,-4.345392,5.0,B074W2JMS6
pacmap,10000,7885,5.574995,-0.19463861,5.0,B000V6T5BI
pacmap,10000,7886,4.0614824,5.0152035,5.0,B07CKNG3KL
pacmap,10000,7887,2.1988642,7.1448927,4.0,B00W110K4C
pacmap,10000,7888,-6.1144295,-1.3595424,5.0,B00404SUZ4
pacmap,10000,7889,0.077345505,-9.537866,3.0,B07P374FF3
pacmap,10000,7890,1.2919469,-1.8401129,4.0,B08SW5Y36C
pacmap,10000,7891,-3.976061,7.163948,3.0,B08YFJYD5Z
pacmap,10000,7892,7.134261,1.8160347,4.0,B08XJWRCKF
pacmap,10000,7893,2.5694618,6.577087,5.0,B08T15H2QL
pacmap,10000,7894,-2.2679164,-12.625183,5.0,B08ZKVYCK2
pacmap,10000,7895,9.920635,3.9973805,5.0,B073JWXGNT
pacmap,10000,7896,8.817923,3.918123,5.0,B01GSHGBGU
pacmap,10000,7897,7.3748674,0.8826611,5.0,B01FJUM2GU
pacmap,10000,7898,3.5637639,0.20253721,5.0,B092HSPZJ3
pacmap,10000,7899,7.2223277,0.87923306,5.0,B08DL8GTDP
pacmap,10000,7900,-0.49730578,-11.005431,5.0,B01GF5ACUG
pacmap,10000,7901,6.0374494,-0.882671,5.0,B07D443HDX
pacmap,10000,7902,-1.5342472,4.1448584,1.0,B07JFSKMGQ
pacmap,10000,7903,10.924415,-4.5833235,5.0,B00CRQUKQ4
pacmap,10000,7904,-0.64567155,-5.029575,4.0,B08WJSHSLC
pacmap,10000,7905,1.5093156,-4.114503,1.0,B09M8N7YML
pacmap,10000,7906,-9.551429,-4.281728,4.0,B0C6KQTXMZ
pacmap,10000,7907,0.8148197,-4.6155186,5.0,B00TS3NA6Q
pacmap,10000,7908,6.2839036,-1.0851943,5.0,B0BGCDYQQY
pacmap,10000,7909,-2.8449378,0.7584246,5.0,B01A75AIBI
pacmap,10000,7910,4.3280573,4.2677546,2.0,B0050JJU3E
pacmap,10000,7911,-8.09315,7.609329,4.0,B00KMRGF28
pacmap,10000,7912,2.0088003,-0.7549056,5.0,B00J8BOH92
pacmap,10000,7913,-0.6063002,-5.8000283,2.0,B0791T9CV7
pacmap,10000,7914,-0.13252276,3.460454,5.0,B077Z7NVBK
pacmap,10000,7915,5.4110913,3.1602712,5.0,B00NKZ5R28
pacmap,10000,7916,5.359998,2.8490016,5.0,B08NTV82R3
pacmap,10000,7917,8.356773,-2.682472,5.0,B003F6M3AG
pacmap,10000,7918,4.2456694,0.9708464,3.0,B01E565PIQ
pacmap,10000,7919,1.750529,-0.26974815,3.0,B017KOEARW
pacmap,10000,7920,-2.7025015,-11.574468,4.0,B00FO0IHMY
pacmap,10000,7921,-1.9804044,0.12801062,4.0,B01CW4BG4K
pacmap,10000,7922,-2.0701344,-12.427135,5.0,B0166SVYT0
pacmap,10000,7923,-8.217989,7.738993,3.0,B00M48154Q
pacmap,10000,7924,-0.25329095,-10.377714,3.0,B017T99JPG
pacmap,10000,7925,6.7019854,5.0988574,5.0,B07H65KP63
pacmap,10000,7926,2.6263056,2.4009428,5.0,B09529D86J
pacmap,10000,7927,-10.146586,-3.088265,4.0,B01M3ULMWP
pacmap,10000,7928,-0.76316446,-10.415362,4.0,B01AHWA2C6
pacmap,10000,7929,1.0710073,3.097608,4.0,B000CPZZAI
pacmap,10000,7930,-0.040167462,0.8954696,5.0,B0B1SWPFZS
pacmap,10000,7931,-7.2902718,-3.038362,5.0,B0000AI0N1
pacmap,10000,7932,-1.1446916,-11.106298,5.0,B091JB6HQ7
pacmap,10000,7933,2.2376053,-0.4582947,5.0,B004KSQANO
pacmap,10000,7934,2.192575,-0.36224234,5.0,B095JX15XF
pacmap,10000,7935,-7.054986,-2.3219793,5.0,B0039UN6SQ
pacmap,10000,7936,-0.120548904,-0.07258105,5.0,B003NF5IVU
pacmap,10000,7937,-2.0606854,0.79000247,5.0,B003ZHV70C
pacmap,10000,7938,0.85752344,0.42453462,5.0,B00XKG49XA
pacmap,10000,7939,3.2607572,0.96099544,5.0,B002LITI70
pacmap,10000,7940,0.013869367,-0.09393853,5.0,B002IKKFJ6
pacmap,10000,7941,-2.9534545,-9.659668,1.0,B09TFJS6GS
pacmap,10000,7942,2.0954304,-9.018368,4.0,B01K8B8YA8
pacmap,10000,7943,-0.16877107,-5.019484,4.0,B07Y9D4JRD
pacmap,10000,7944,1.7180951,2.5844607,5.0,B07FXH4XVB
pacmap,10000,7945,5.386107,0.013147716,5.0,B07C51583P
pacmap,10000,7946,6.5496516,3.2705572,3.0,B01DZDXSPM
pacmap,10000,7947,-0.40227884,-9.106243,4.0,B0001FTVEK
pacmap,10000,7948,3.4739332,4.384263,4.0,B01A6LSAZY
pacmap,10000,7949,0.5251132,3.8356311,5.0,B0814WC1Y2
pacmap,10000,7950,-6.988427,-4.9912443,5.0,B07GPGVYGX
pacmap,10000,7951,4.2424765,3.3575547,5.0,B00H471GRS
pacmap,10000,7952,-2.5837438,1.4082948,5.0,B06ZYJ9JQ5
pacmap,10000,7953,2.0772734,7.7594643,5.0,B00BDC86NC
pacmap,10000,7954,0.2242861,8.347681,2.0,B00O1766VK
pacmap,10000,7955,-2.189421,-0.067957364,5.0,B006P88VSE
pacmap,10000,7956,-0.10151176,8.772254,5.0,B00FAVIBCI
pacmap,10000,7957,5.4995484,1.8345573,5.0,B0BCPC68J6
pacmap,10000,7958,-3.280323,-12.513453,5.0,B07DG251LH
pacmap,10000,7959,-3.1311433,-12.666086,5.0,B06XKMZJJG
pacmap,10000,7960,-0.8890413,8.541185,5.0,B00DJE33CG
pacmap,10000,7961,-5.6083827,1.9112084,5.0,B07GZFM1ZM
pacmap,10000,7962,1.6400965,5.9962926,5.0,B07QVQ7WHQ
pacmap,10000,7963,6.204564,-0.6755935,5.0,B07YYY1DDZ
pacmap,10000,7964,2.554101,-8.887455,5.0,B01K8B8YA8
pacmap,10000,7965,-1.9166561,-4.812562,5.0,B00QOOZ4DE
pacmap,10000,7966,-0.32323077,-5.039465,5.0,B071G57XQ2
pacmap,10000,7967,0.54305047,3.5950656,5.0,B07QH6JJ5T
pacmap,10000,7968,-6.857631,-5.4659595,5.0,B00PKTU83U
pacmap,10000,7969,0.5486808,6.593064,4.0,B01K6PAWVK
pacmap,10000,7970,-5.656306,7.568601,5.0,B0187WS270
pacmap,10000,7971,-9.16662,-4.4050484,5.0,B0C6PGZ3MB
pacmap,10000,7972,-4.233952,0.9368154,5.0,B0C71PTXVC
pacmap,10000,7973,-8.229376,-4.285427,5.0,B0BJ6YQDWC
pacmap,10000,7974,-2.8307757,1.4480433,5.0,B00RSM91J4
pacmap,10000,7975,7.0631037,4.3485026,5.0,B01K8B8YA8
pacmap,10000,7976,-2.4178207,2.0596983,3.0,B008VXF5CQ
pacmap,10000,7977,-1.8690686,4.4629607,5.0,B011SZ0COE
pacmap,10000,7978,7.043456,0.53677493,5.0,B07W4MGFS6
pacmap,10000,7979,-3.842445,8.155388,5.0,B010BWYDYA
pacmap,10000,7980,1.803508,3.2249253,4.0,B07QMWR9GZ
pacmap,10000,7981,0.7281253,7.7279005,5.0,B07KG7BLFD
pacmap,10000,7982,-1.5594078,8.068935,3.0,B07CMBQFQL
pacmap,10000,7983,-0.79898256,8.642119,5.0,B00JEY4TUK
pacmap,10000,7984,-2.8987262,-9.6299715,1.0,B0B6ZPFCPL
pacmap,10000,7985,-2.9195318,-9.751215,2.0,B08ZCP3Q1V
pacmap,10000,7986,7.940717,-2.6170213,5.0,B08RP4ZYVY
pacmap,10000,7987,-2.776323,-7.857284,1.0,B07TKKDCGT
pacmap,10000,7988,1.6234322,2.7874198,4.0,B01054S5FM
pacmap,10000,7989,-0.98551035,2.0875742,4.0,B00VBO0BNU
pacmap,10000,7990,6.002354,2.839868,5.0,B07V5WR9RM
pacmap,10000,7991,22.351084,7.5805097,5.0,B00FBJ0CJY
pacmap,10000,7992,4.368786,4.8276587,5.0,B01MPXJE8B
pacmap,10000,7993,17.003729,-1.7591373,5.0,B00BFRKYVM
pacmap,10000,7994,5.9484596,2.2236457,1.0,B01LWRVB94
pacmap,10000,7995,17.027304,-1.7569922,5.0,B07ZFK6CZR
pacmap,10000,7996,17.03155,-1.7550167,5.0,B00HPMCO14
pacmap,10000,7997,17.034456,-1.7547213,5.0,B077KGY9L2
pacmap,10000,7998,5.2591143,3.5472655,5.0,B08F2YHQ67
pacmap,10000,7999,0.737649,4.57001,5.0,B075RXVW38
pacmap,10000,8000,0.25874853,7.846076,5.0,B0B68XPYWJ
pacmap,10000,8001,-0.7669122,-8.843008,5.0,B01K8B8YA8
pacmap,10000,8002,1.1089901,6.8003755,5.0,B073RHYXD1
pacmap,10000,8003,-1.1348425,-3.6394858,5.0,B0074FGR74
pacmap,10000,8004,-0.74648625,-11.463671,5.0,B07P1FN7KQ
pacmap,10000,8005,-6.272631,7.6527805,5.0,B004SUILFO
pacmap,10000,8006,-5.8235884,-2.3819005,1.0,B0BZ49NHW2
pacmap,10000,8007,-1.3975908,1.4121425,5.0,B09GJWYXSP
pacmap,10000,8008,-2.3212416,0.40535703,4.0,B08F6GPRH6
pacmap,10000,8009,-6.6528816,-4.638807,4.0,B09GMBHL8Z
pacmap,10000,8010,2.2678235,-8.9617605,4.0,B07H65KP63
pacmap,10000,8011,0.029484963,2.690386,4.0,B00QOOZ4DE
pacmap,10000,8012,-0.6627895,8.684119,5.0,B00NSF6AYO
pacmap,10000,8013,1.3056947,-1.4749812,5.0,B0CDPYGLTJ
pacmap,10000,8014,-0.81354064,5.4891562,5.0,B07DQK6LQ9
pacmap,10000,8015,1.0940431,4.3945403,5.0,B07QN33986
pacmap,10000,8016,-0.02157367,7.418935,5.0,B094F88W46
pacmap,10000,8017,-2.727801,7.4485354,5.0,B0B6977T74
pacmap,10000,8018,-6.160635,7.6481447,3.0,B08LGLSZP5
pacmap,10000,8019,7.20016,4.5501466,5.0,B07TF3YGJV
pacmap,10000,8020,-3.2112472,-11.551193,5.0,B07J9LTMHJ
pacmap,10000,8021,-1.7569923,7.5051413,5.0,B071NVWQ82
pacmap,10000,8022,-8.271836,7.738863,5.0,B07FCHTPJ4
pacmap,10000,8023,-3.793259,9.342048,5.0,B00OQVZDJM
pacmap,10000,8024,0.31370956,8.586022,5.0,B00FVU5VJE
pacmap,10000,8025,-0.58097446,-5.4938397,5.0,B001GGAIIQ
pacmap,10000,8026,2.0357788,4.1605644,4.0,B08MWHSF8M
pacmap,10000,8027,-8.055714,-5.3654037,4.0,B017OY19TU
pacmap,10000,8028,-8.23326,7.84264,4.0,B09Y8XXHYX
pacmap,10000,8029,6.005451,1.2232735,4.0,B075M6275Q
pacmap,10000,8030,5.767963,1.2950814,4.0,B0BBB6452B
pacmap,10000,8031,-1.2209853,-4.6867366,1.0,B0BPWG9DBX
pacmap,10000,8032,17.993101,-1.6231638,4.0,B00D875R5K
pacmap,10000,8033,18.767757,-1.5451043,4.0,B00NH12LCY
pacmap,10000,8034,2.1910455,-0.8167316,2.0,B00EO8L5TE
pacmap,10000,8035,3.3635614,0.28254655,2.0,B002HEQD8K
pacmap,10000,8036,-1.9055495,-0.050806277,5.0,B013UT8P5Y
pacmap,10000,8037,6.8110337,1.2319465,4.0,B013XHWAS6
pacmap,10000,8038,6.5613804,3.694151,5.0,B003XRES32
pacmap,10000,8039,-0.8446345,8.5125675,5.0,B09HY98RGZ
pacmap,10000,8040,0.29664624,6.1964054,4.0,B06XQDWCJ2
pacmap,10000,8041,-1.0886347,7.6566076,2.0,B01AHLQ53M
pacmap,10000,8042,-0.9773488,8.490578,2.0,B01GDPL4IW
pacmap,10000,8043,-2.3637972,9.290387,1.0,B01D9K3NVK
pacmap,10000,8044,1.351282,5.9691763,4.0,B06XT8SFRH
pacmap,10000,8045,-2.701869,1.3548964,5.0,B005TGKX9S
pacmap,10000,8046,6.6126285,3.5445979,1.0,B07GW9TJ3G
pacmap,10000,8047,2.809674,2.7602901,1.0,B07CPKBY82
pacmap,10000,8048,0.6098477,1.8043907,1.0,B00004TBLW
pacmap,10000,8049,-4.1036325,7.7271338,5.0,B01MTF2Z37
pacmap,10000,8050,5.3194222,0.063459575,5.0,B00NH12BXS
pacmap,10000,8051,-4.0663095,7.7428207,3.0,B01BRWH8G8
pacmap,10000,8052,-7.5289946,-4.7804537,5.0,B017G8ILMC
pacmap,10000,8053,-0.63592714,7.2674556,5.0,B00APR4H2K
pacmap,10000,8054,-6.344361,-5.221851,5.0,B002GU5XKE
pacmap,10000,8055,-0.318664,-5.7861934,5.0,B00JJ5ILJ4
pacmap,10000,8056,0.08087432,2.5261307,5.0,B000WYVBR0
pacmap,10000,8057,0.5244819,1.6339056,4.0,B08FR6DJQ3
pacmap,10000,8058,-7.291727,-3.7930152,5.0,B07KTYJ769
pacmap,10000,8059,-0.41678903,-4.7792993,5.0,B075X8471B
pacmap,10000,8060,2.619125,3.743969,5.0,B0971384WR
pacmap,10000,8061,0.5359379,-2.9105737,1.0,B07H5S7X4X
pacmap,10000,8062,2.7206724,2.1949885,1.0,B0087IMWUS
pacmap,10000,8063,-1.1492412,-0.47251636,5.0,B09NZX16XD
pacmap,10000,8064,-3.7920933,7.607078,5.0,B08YFJ1D9V
pacmap,10000,8065,6.4155865,-2.1830964,1.0,B01M3Y66CY
pacmap,10000,8066,1.043189,-1.6695738,5.0,B08WJSHSLC
pacmap,10000,8067,-3.4763443,8.142046,5.0,B08J9NQ6CS
pacmap,10000,8068,1.1898346,19.628014,5.0,B07JHLG7G1
pacmap,10000,8069,3.7056665,2.9966056,1.0,B075M7TH3Z
pacmap,10000,8070,0.40209088,5.0515804,5.0,B00HHEAMXC
pacmap,10000,8071,-2.322276,1.0237975,5.0,B00AY8VHNW
pacmap,10000,8072,0.35575038,7.854275,5.0,B002NNIJXM
pacmap,10000,8073,1.510341,3.682541,5.0,B07PZS2WX9
pacmap,10000,8074,7.5401597,4.6702886,5.0,B07KTYJ769
pacmap,10000,8075,4.578702,4.0893116,5.0,B07N8VFFNS
pacmap,10000,8076,-1.8856088,-9.984882,3.0,B0986XZDBZ
pacmap,10000,8077,3.0525918,4.791545,4.0,B08BJM6LCG
pacmap,10000,8078,3.806129,5.019188,5.0,B07BRQPVFZ
pacmap,10000,8079,-1.7321937,-7.1180964,3.0,B09V28P31X
pacmap,10000,8080,-1.7843883,4.3493195,4.0,B07N1FF2GT
pacmap,10000,8081,6.525264,3.2768698,5.0,B01ITOESHY
pacmap,10000,8082,22.350006,7.580273,4.0,B001B7H6B2
pacmap,10000,8083,3.523848,1.5991321,4.0,B00YBCG1LU
pacmap,10000,8084,1.4044329,-3.7857997,5.0,B0077BB3VA
pacmap,10000,8085,4.8419733,1.0099255,5.0,B00XIL0U9O
pacmap,10000,8086,-2.4016078,0.97968847,5.0,B083JFTZMN
pacmap,10000,8087,6.535039,-0.21535826,4.0,B08DKR85CX
pacmap,10000,8088,5.5147305,2.4277627,3.0,B07JG1VFBX
pacmap,10000,8089,-2.7013023,-12.46545,2.0,B07LH21GR2
pacmap,10000,8090,4.6895094,1.6069549,5.0,B0BNCFB59F
pacmap,10000,8091,0.04746124,-0.5321039,5.0,B072QLXK2T
pacmap,10000,8092,-0.69217724,-11.101908,5.0,B06XDSMDKV
pacmap,10000,8093,-2.1149898,-12.843523,5.0,B07HQM66CY
pacmap,10000,8094,1.359063,6.163272,5.0,B01N6HUME3
pacmap,10000,8095,0.40548727,8.190201,5.0,B011XNE9XQ
pacmap,10000,8096,7.036138,0.7782049,5.0,B01MTY7MSK
pacmap,10000,8097,6.76949,4.6230173,5.0,B07F4P3JH7
pacmap,10000,8098,3.7770455,0.10444551,5.0,B01N24N9TH
pacmap,10000,8099,3.586517,4.303144,1.0,B09GKFLD57
pacmap,10000,8100,4.146746,0.016330792,5.0,B0B4SWZTZ1
pacmap,10000,8101,2.2340271,-8.924288,5.0,B0BFHLQJPM
pacmap,10000,8102,0.78430194,7.2173867,5.0,B074KQJ297
pacmap,10000,8103,-0.2821846,7.350874,5.0,B071W8ZRGP
pacmap,10000,8104,3.4728851,0.5103916,5.0,B008I647MA
pacmap,10000,8105,-10.139733,-3.6854846,5.0,B00X088DZI
pacmap,10000,8106,-2.3134403,-12.161795,5.0,B0179DDIQI
pacmap,10000,8107,-3.1474133,-10.322031,5.0,B00SMVLPIK
pacmap,10000,8108,4.2791185,1.4494463,5.0,B07454F4JH
pacmap,10000,8109,-3.2670646,-11.828649,2.0,B007VKII6A
pacmap,10000,8110,-7.8236094,-1.8649014,5.0,B07RS68PJ7
pacmap,10000,8111,-10.451393,-3.8957238,5.0,B00G2UTVH0
pacmap,10000,8112,-6.6852546,1.4416862,5.0,B09VS4V18K
pacmap,10000,8113,-1.5252668,-9.757637,5.0,B00WA4PSEM
pacmap,10000,8114,-5.478423,1.0392953,5.0,B075B5T7L5
pacmap,10000,8115,-0.89707166,-10.070189,5.0,B0BZKKY978
pacmap,10000,8116,0.30066323,7.892035,5.0,B018Y226XO
pacmap,10000,8117,-1.9650615,0.07055018,5.0,B079DTP64M
pacmap,10000,8118,-2.0659337,7.7590337,5.0,B07H9HGTC6
pacmap,10000,8119,3.2426279,2.4989467,5.0,B077DGQJJZ
pacmap,10000,8120,-8.152823,-3.1031263,3.0,B0012BL8LG
pacmap,10000,8121,-4.7132306,-6.3094277,5.0,B00O072KD4
pacmap,10000,8122,-4.350618,-6.83172,5.0,B00WECQQMS
pacmap,10000,8123,-0.8061484,-10.1491,4.0,B01C6ESQM6
pacmap,10000,8124,-0.10437841,-2.0735705,5.0,B00YYDHA9S
pacmap,10000,8125,1.6720141,-2.062485,5.0,B095JX15XF
pacmap,10000,8126,-4.761155,1.2251128,5.0,B01N0H8WUZ
pacmap,10000,8127,-2.6384544,1.4368128,5.0,B06ZYJ9JQ5
pacmap,10000,8128,-2.0576005,-8.263812,5.0,B004M8SSZK
pacmap,10000,8129,0.21035661,-4.536976,5.0,B00WTZGRRE
pacmap,10000,8130,0.8824026,-0.48856106,4.0,B00TAEKUL6
pacmap,10000,8131,-1.6267116,4.0638523,4.0,B00D7CWSCG
pacmap,10000,8132,-3.1667068,-2.2749403,5.0,B004G8QO8E
pacmap,10000,8133,-0.6627498,-8.381761,4.0,B006B1C3UW
pacmap,10000,8134,-0.8148629,-10.590147,5.0,B00009QOW4
pacmap,10000,8135,-0.7565535,-10.98325,5.0,B004CLYOH8
pacmap,10000,8136,1.1171528,19.759579,5.0,B0BMGP2ZZZ
pacmap,10000,8137,-0.09661168,7.6335397,5.0,B0B17SVFFL
pacmap,10000,8138,-0.3686892,-10.053506,3.0,B08HMMB7J5
pacmap,10000,8139,-1.3968438,-9.684124,5.0,B07H65KP63
pacmap,10000,8140,8.182049,5.7410803,5.0,B0BF5WX7GV
pacmap,10000,8141,-1.1193278,8.08522,5.0,B07211G2X7
pacmap,10000,8142,2.643894,2.7968116,5.0,B088R271ZP
pacmap,10000,8143,3.5792723,2.6588542,5.0,B089367QQD
pacmap,10000,8144,4.0788755,2.8881392,5.0,B07K8XPS7J
pacmap,10000,8145,3.0169048,2.430836,5.0,B06ZZJ5NL7
pacmap,10000,8146,-1.9395028,7.4678807,4.0,B00AY6OPUQ
pacmap,10000,8147,4.3191514,3.7112303,5.0,B07YZ8Q3QM
pacmap,10000,8148,-5.1591434,-5.1233406,5.0,B071WBWGBT
pacmap,10000,8149,-1.0313449,-4.1615324,5.0,B01M1LBMEI
pacmap,10000,8150,-0.97569376,-3.7190688,5.0,B075X8471B
pacmap,10000,8151,6.7570043,5.149666,4.0,B0C6LBCGJ5
pacmap,10000,8152,6.599924,5.1161637,4.0,B010LHRFM2
pacmap,10000,8153,6.603879,5.1591825,4.0,B074DXQ5VL
pacmap,10000,8154,6.623158,5.1455836,4.0,B00TQQN2GI
pacmap,10000,8155,6.680892,5.135306,4.0,B00X7WZ9U4
pacmap,10000,8156,6.667434,5.213738,5.0,B00465UNYI
pacmap,10000,8157,6.649534,5.1642447,5.0,B01LY54Q7R
pacmap,10000,8158,0.5917862,-0.020753294,5.0,B00N2ZDXW2
pacmap,10000,8159,-6.8846207,1.0710847,5.0,B08G14NBCS
pacmap,10000,8160,6.838935,0.8487289,5.0,B07TMNZPXK
pacmap,10000,8161,-0.77344584,-9.863041,5.0,B0CBWV3Q8B
pacmap,10000,8162,1.9260594,-1.9038031,5.0,B07HCXQCV6
pacmap,10000,8163,-5.824453,-5.766387,5.0,B077ZWC2BR
pacmap,10000,8164,0.77176124,-7.2924056,5.0,B07G59MHGQ
pacmap,10000,8165,-1.4003836,-4.129223,5.0,B0C7FQSVNL
pacmap,10000,8166,-1.0216922,-3.9004986,5.0,B00LD3Q56G
pacmap,10000,8167,4.189366,0.5543613,5.0,B01LWRUX6B
pacmap,10000,8168,-7.72036,-1.7186117,5.0,B073J7KY1P
pacmap,10000,8169,4.0379686,0.44493082,5.0,B00YCWKD5E
pacmap,10000,8170,0.49882123,-6.376477,5.0,B075X8471B
pacmap,10000,8171,-8.258562,7.738479,5.0,B00E7IPN0I
pacmap,10000,8172,-8.3320465,7.753317,5.0,B08YMVB98D
pacmap,10000,8173,3.903341,0.48576707,5.0,B008I636D6
pacmap,10000,8174,-1.4418092,7.713047,5.0,B07KS6KDDB
pacmap,10000,8175,-5.508598,1.316522,5.0,B073JYC4XM
pacmap,10000,8176,-6.4962807,-5.772359,5.0,B01JCHOKW0
pacmap,10000,8177,-1.8992311,-4.3630023,5.0,B07NSJS814
pacmap,10000,8178,-2.0869694,1.1328588,5.0,B00VGI2YUY
pacmap,10000,8179,-2.235393,1.2655867,5.0,B06VVZ42SY
pacmap,10000,8180,-1.369784,-3.902364,5.0,B002RSQ732
pacmap,10000,8181,-1.3593915,-8.8818445,5.0,B019MBUX40
pacmap,10000,8182,10.9225025,-4.581201,5.0,B00EHFJGW2
pacmap,10000,8183,-2.0015428,1.7169802,5.0,B0064I7CIU
pacmap,10000,8184,-6.872462,1.7057197,5.0,B003GZ828I
pacmap,10000,8185,5.894438,1.5231968,5.0,B0083J7XCS
pacmap,10000,8186,-1.2581055,-3.302354,5.0,B00C74T1UC
pacmap,10000,8187,4.06398,2.3906987,5.0,B007T13LD6
pacmap,10000,8188,-0.657312,-11.240553,5.0,B00FL2WX2K
pacmap,10000,8189,-0.347985,-1.0744078,1.0,B0012N0ZAY
pacmap,10000,8190,6.5173225,1.0352527,5.0,B016XQU30Q
pacmap,10000,8191,-2.0852902,-0.90862995,4.0,B01MTF2Z37
pacmap,10000,8192,2.5412772,4.750798,5.0,B017A33Q78
pacmap,10000,8193,-8.836453,-4.92606,5.0,B0BR525W2N
pacmap,10000,8194,-2.5416012,-9.416973,5.0,B08L4TPHMJ
pacmap,10000,8195,-7.077161,-5.1524606,5.0,B075M6275Q
pacmap,10000,8196,1.3629112,5.8316708,4.0,B012TEXKM4
pacmap,10000,8197,-10.324851,-3.2447202,3.0,B00KNJJPSG
pacmap,10000,8198,4.2419477,2.3345213,5.0,B07P241647
pacmap,10000,8199,7.095247,0.794923,5.0,B09BYCKXY4
pacmap,10000,8200,0.6285938,0.4977357,5.0,B00XK13TQS
pacmap,10000,8201,8.073528,1.8799407,5.0,B07KNV32TZ
pacmap,10000,8202,-2.2883618,0.69293165,5.0,B08LZJ8GMH
pacmap,10000,8203,4.99797,1.0470576,5.0,B07Q585X37
pacmap,10000,8204,4.8446784,1.3828782,5.0,B071FNW1NT
pacmap,10000,8205,-1.6405317,4.225886,5.0,B073SB1T9C
pacmap,10000,8206,-3.192858,-11.94033,4.0,B01CTQ5TKI
pacmap,10000,8207,-5.608402,7.5711517,4.0,B01798WTD6
pacmap,10000,8208,0.018637175,8.881032,5.0,B01HURMBNY
pacmap,10000,8209,4.0958705,2.87219,5.0,B00JR6Q76Y
pacmap,10000,8210,4.2133727,3.5976796,5.0,B01K8B8YA8
pacmap,10000,8211,5.4272885,4.041309,5.0,B01F48MVTU
pacmap,10000,8212,5.907338,4.439861,5.0,B09YXH5HGM
pacmap,10000,8213,4.94873,-0.23589075,1.0,B09KYF64YM
pacmap,10000,8214,3.6768606,4.4869137,4.0,B007QV9K34
pacmap,10000,8215,-0.2417123,-6.030375,2.0,B00IF70T4M
pacmap,10000,8216,0.30447972,-1.1433941,2.0,B003CKC8W8
pacmap,10000,8217,-3.0942032,-12.297749,5.0,B06X19MMDG
pacmap,10000,8218,-7.164894,1.393666,3.0,B079683PSX
pacmap,10000,8219,-1.0387639,3.0855577,3.0,B07C1DJDSV
pacmap,10000,8220,-7.2195163,-4.5851836,5.0,B01ASXFWEC
pacmap,10000,8221,-2.286843,1.2825663,3.0,B00RKNND2W
pacmap,10000,8222,-1.2538004,-6.6231337,1.0,B0757B1ZSX
pacmap,10000,8223,-2.0180209,8.643511,5.0,B07PJQYTFB
pacmap,10000,8224,-7.341518,6.8286133,1.0,B071XB24FM
pacmap,10000,8225,1.7411882,-3.9630117,4.0,B0C3DJMBTC
pacmap,10000,8226,0.90954334,6.544537,5.0,B0C3WKJF3P
pacmap,10000,8227,-1.476916,5.7296677,5.0,B00WRDS0AU
pacmap,10000,8228,1.1307466,7.1192284,5.0,B08P3VMW76
pacmap,10000,8229,-2.9446342,-11.351848,4.0,B01K3ZR0RC
pacmap,10000,8230,1.7530167,3.5450172,4.0,B09MTSLT2T
pacmap,10000,8231,-3.2516594,-11.566908,5.0,B07W4GJGCM
pacmap,10000,8232,2.348342,7.38133,5.0,B0132I723Y
pacmap,10000,8233,-3.8094716,9.304412,3.0,B0117U82EM
pacmap,10000,8234,0.7903952,3.224255,5.0,B015JX3H48
pacmap,10000,8235,0.6064251,3.4035456,5.0,B00000J1QR
pacmap,10000,8236,-1.4612551,-4.9238954,3.0,B00AWKC0EC
pacmap,10000,8237,-6.6641626,-5.6853414,5.0,B0000CCQKV
pacmap,10000,8238,-0.061470803,-7.392177,1.0,B00XIPZEPU
pacmap,10000,8239,-2.2565188,9.02302,5.0,B004A7ZEI2
pacmap,10000,8240,-0.57221407,-5.025413,5.0,B00W4TKYCO
pacmap,10000,8241,-0.6564111,-11.129321,5.0,B01LVVG5XS
pacmap,10000,8242,0.23063983,1.2506897,4.0,B0B1SWPFZS
pacmap,10000,8243,4.6882873,2.8278627,5.0,B001KOTDYO
pacmap,10000,8244,-0.75940603,1.8491927,1.0,B00UTDSI5M
pacmap,10000,8245,-2.7994432,6.4383283,5.0,B002NKCHRY
pacmap,10000,8246,-7.4528155,-2.125447,5.0,B0CC5Y53YT
pacmap,10000,8247,-1.1253389,-7.194056,5.0,B0C3NMZ2C7
pacmap,10000,8248,-3.95089,7.1214976,1.0,B07P374FF3
pacmap,10000,8249,-1.1988281,-6.294959,4.0,B01K8B8YA8
pacmap,10000,8250,7.941673,-0.262317,5.0,B0B68Y9D3S
pacmap,10000,8251,4.0746074,2.2359776,5.0,B01M0GB8CC
pacmap,10000,8252,-0.82463986,1.0924065,5.0,B01JIBWCX4
pacmap,10000,8253,1.0728698,19.844788,5.0,B087GCGWXS
pacmap,10000,8254,-5.625139,-5.488211,5.0,B07VGHBZGT
pacmap,10000,8255,4.723018,3.5631046,5.0,B015D8EBLW
pacmap,10000,8256,6.294391,3.6763408,5.0,B00KGPSDDA
pacmap,10000,8257,-1.2006543,-9.337613,5.0,B08F38BHK1
pacmap,10000,8258,1.5773422,0.7754269,5.0,B07BFCVJZC
pacmap,10000,8259,-1.4006903,-4.072447,5.0,B0CBPXRPNC
pacmap,10000,8260,5.494361,1.7273965,5.0,B08ZLVK881
pacmap,10000,8261,6.2821207,3.6987855,5.0,B08KXL6KQM
pacmap,10000,8262,6.102566,6.9808445,5.0,B08BCHD12K
pacmap,10000,8263,-6.143352,-1.2130908,5.0,B08CT9CYK4
pacmap,10000,8264,-6.373858,7.6767087,5.0,B072JW9LT8
pacmap,10000,8265,6.4175954,-0.7046595,5.0,B08RYZ219J
pacmap,10000,8266,5.0906334,1.5203828,3.0,B0BYFHJWHC
pacmap,10000,8267,3.425607,2.100915,3.0,B0B6JK8HHJ
pacmap,10000,8268,5.919686,2.526658,5.0,B097XG3LYF
pacmap,10000,8269,3.6823292,0.897453,4.0,B095GFVX6T
pacmap,10000,8270,-6.77438,-4.7856693,5.0,B09L7VKD2K
pacmap,10000,8271,1.2546017,4.617824,5.0,B088B3SX7T
pacmap,10000,8272,1.456381,4.932578,5.0,B081RBXJ11
pacmap,10000,8273,-3.6686285,-11.779201,3.0,B077XB4QMQ
pacmap,10000,8274,4.1921124,4.758926,5.0,B07QYZZD8K
pacmap,10000,8275,5.976362,6.850632,5.0,B0815BWYXC
pacmap,10000,8276,0.12690587,-10.958116,5.0,B07YCS8J8F
pacmap,10000,8277,-3.6379132,-10.583621,1.0,B01LZ1UH3M
pacmap,10000,8278,-6.560544,-4.577449,5.0,B01AT23UGE
pacmap,10000,8279,6.712011,3.3252258,4.0,B083TH1B45
pacmap,10000,8280,1.0496063,19.856617,3.0,B0894MY5JK
pacmap,10000,8281,-6.238494,7.668121,5.0,B0725X7NSJ
pacmap,10000,8282,-3.466112,-3.0748253,5.0,B01C6HBJOA
pacmap,10000,8283,-1.405576,-3.6619568,5.0,B086VR9J8Q
pacmap,10000,8284,0.17390798,2.8088753,4.0,B07XLMRNC4
pacmap,10000,8285,-6.130906,-5.629466,5.0,B01JPDTZXK
pacmap,10000,8286,-0.7553726,-8.792718,4.0,B0742J4GTD
pacmap,10000,8287,-0.26225403,-6.100528,4.0,B07H1KQ3SH
pacmap,10000,8288,-0.08907689,-4.708124,5.0,B075X8471B
pacmap,10000,8289,19.414106,12.063988,5.0,B0B7W6K288
pacmap,10000,8290,-5.745311,-2.2906337,5.0,B0C15Q5H7H
pacmap,10000,8291,1.7577424,-2.1589708,3.0,B09F688VDG
pacmap,10000,8292,-8.1627865,7.717069,5.0,B094TY4485
pacmap,10000,8293,23.343988,3.00004,5.0,B096FJY39R
pacmap,10000,8294,5.598226,4.675018,5.0,B06XW7T3WD
pacmap,10000,8295,7.082396,4.1123414,4.0,B0837CF4LW
pacmap,10000,8296,6.5251474,3.4760695,5.0,B08P72Y8MN
pacmap,10000,8297,6.567694,3.2108223,5.0,B07ZPS3VZS
pacmap,10000,8298,23.341522,3.0001752,5.0,B00404SUZ4
pacmap,10000,8299,6.1306057,6.9480944,5.0,B07CHBD8TH
pacmap,10000,8300,23.342846,2.9999244,5.0,B073XJMWPX
pacmap,10000,8301,6.3600774,4.90042,5.0,B07V7C2K3Y
pacmap,10000,8302,23.342722,3.00046,5.0,B07Q585X37
pacmap,10000,8303,23.344486,2.9999917,5.0,B07QF64V3H
pacmap,10000,8304,22.350224,7.5798206,1.0,B07MG9J4T1
pacmap,10000,8305,5.890737,4.726867,5.0,B09K3KX9V9
pacmap,10000,8306,-0.03778488,-10.641401,5.0,B0BW4PFM58
pacmap,10000,8307,-3.9224331,7.2047815,5.0,B07NTRR9JB
pacmap,10000,8308,5.6430216,2.3918152,5.0,B07N8VFFNS
pacmap,10000,8309,5.4773936,4.127062,5.0,B00O4OR4GQ
pacmap,10000,8310,5.9797087,4.7625947,5.0,B01BHBL6US
pacmap,10000,8311,5.766648,4.476232,5.0,B01MEH8J9Z
pacmap,10000,8312,6.5059977,2.8313935,5.0,B0BBRM88BJ
pacmap,10000,8313,0.10335001,21.244741,5.0,B0B45T7YNX
pacmap,10000,8314,2.6803734,7.297483,5.0,B09BQBLQW9
pacmap,10000,8315,0.07172186,4.200453,5.0,B074N81CZN
pacmap,10000,8316,0.6975557,4.053958,5.0,B07BHQ8YVJ
pacmap,10000,8317,-1.549941,5.5311084,4.0,B00LU9HKEY
pacmap,10000,8318,-7.660051,-3.433183,5.0,B016OTLSWO
pacmap,10000,8319,-1.7402382,7.6059084,5.0,B01LYC1X4I
pacmap,10000,8320,0.79386157,2.2738025,5.0,B07TKJYRR7
pacmap,10000,8321,11.445611,12.405652,5.0,B0BJZFH3VZ
pacmap,10000,8322,-0.3591241,-5.2651224,5.0,B00WY654TU
pacmap,10000,8323,-0.05303158,0.58601767,4.0,B00T7L96VW
pacmap,10000,8324,-2.0149276,-0.5579489,4.0,B000HRYV38
pacmap,10000,8325,-1.6505916,-3.7350059,5.0,B00BFQHGUU
pacmap,10000,8326,-6.7680798,-4.0720725,5.0,B01MYMMZS1
pacmap,10000,8327,0.0108677475,8.10538,5.0,B009WYE7PE
pacmap,10000,8328,-1.1768123,-9.538679,5.0,B077Y93YRR
pacmap,10000,8329,3.3003812,1.6597568,5.0,B087C28QM5
pacmap,10000,8330,2.3078976,-8.999558,5.0,B01K8B8YA8
pacmap,10000,8331,5.7773256,0.9101104,5.0,B012CDLF3S
pacmap,10000,8332,6.2254667,0.5837046,5.0,B00F4QUIZC
pacmap,10000,8333,4.9518585,3.954859,5.0,B01BFIBRIE
pacmap,10000,8334,18.594093,-1.5595543,5.0,B006GWO5WK
pacmap,10000,8335,7.0755196,4.4696655,5.0,B00AFKCASA
pacmap,10000,8336,0.35017812,8.610439,5.0,B003P7VU40
pacmap,10000,8337,3.4862092,-0.31596008,1.0,B08R9PTZ5G
pacmap,10000,8338,7.598955,1.8354334,5.0,B0B4DCFYF9
pacmap,10000,8339,1.692773,-3.9494612,5.0,B07GT37484
pacmap,10000,8340,1.6543976,4.2444463,5.0,B08B87QPVX
pacmap,10000,8341,-0.99858916,-3.8438785,5.0,B077Z7NVBK
pacmap,10000,8342,0.10307938,8.33491,5.0,B079GK18R8
pacmap,10000,8343,-0.61224157,-3.364475,5.0,B00VJUH8WI
pacmap,10000,8344,-1.9908826,1.883391,5.0,B002LC2DQ4
pacmap,10000,8345,-0.15231563,-0.47439703,5.0,B0866SG5XM
pacmap,10000,8346,1.9821856,3.5469537,5.0,B0864SF4GC
pacmap,10000,8347,-2.487201,-10.779489,5.0,B0002JY712
pacmap,10000,8348,2.5013514,3.9173553,5.0,B09F8RQZ44
pacmap,10000,8349,2.7716117,0.18170302,5.0,B078NNDXTG
pacmap,10000,8350,0.24523667,4.3124714,5.0,B09F8RQZ44
pacmap,10000,8351,2.3978376,2.3957307,4.0,B08BFZQKGY
pacmap,10000,8352,-10.040232,-3.2699766,5.0,B081GHTVQ6
pacmap,10000,8353,-4.1411777,-11.569847,5.0,B00WFRI8G4
pacmap,10000,8354,1.543135,0.30725813,5.0,B0BZPC1SM5
pacmap,10000,8355,0.30877522,7.1658874,5.0,B01GCBXD2W
pacmap,10000,8356,-6.400347,-4.6372943,5.0,B078NNDXTG
pacmap,10000,8357,-0.39175114,-4.7875896,4.0,B075X8471B
pacmap,10000,8358,3.2970304,4.7795334,3.0,B01LYO6PVK
pacmap,10000,8359,1.0089011,19.935848,5.0,B085XS36F5
pacmap,10000,8360,6.7043605,0.85477304,5.0,B082YTP6NR
pacmap,10000,8361,-0.713293,-3.250119,5.0,B00BJ2MC0E
pacmap,10000,8362,6.4242277,1.0548259,5.0,B00C16UL96
pacmap,10000,8363,-6.410202,-6.8706775,5.0,B08TBW4VDB
pacmap,10000,8364,-5.665569,-6.768077,5.0,B00N02W4RC
pacmap,10000,8365,1.5444957,-8.499589,5.0,B01K8B8YA8
pacmap,10000,8366,5.5735335,3.0690923,5.0,B08DLSLCF3
pacmap,10000,8367,6.1250033,6.933488,5.0,B09L3KQK6V
pacmap,10000,8368,-8.583844,-3.7063982,5.0,B0B5D96R42
pacmap,10000,8369,0.20238216,21.099129,5.0,B0843HV4D5
pacmap,10000,8370,5.006418,-0.6268206,3.0,B0BS6KLLT1
pacmap,10000,8371,5.90611,4.014776,5.0,B0060BBD40
pacmap,10000,8372,10.391249,4.9260087,5.0,B09MDX8FTY
pacmap,10000,8373,6.782194,-2.3367743,1.0,B009CRH0QE
pacmap,10000,8374,7.5198064,3.4138842,5.0,B00AU0ALZE
pacmap,10000,8375,9.5362015,4.1165404,5.0,B008GWPC1Q
pacmap,10000,8376,6.637232,3.476621,5.0,B0007LXQBW
pacmap,10000,8377,6.5700955,-0.48752713,5.0,B07FCHTPJ4
pacmap,10000,8378,6.160268,-0.66443336,5.0,B008GMGNBE
pacmap,10000,8379,3.934052,3.0539618,5.0,B073SJ7436
pacmap,10000,8380,-0.017699596,1.1988244,5.0,B00CB4UCW4
pacmap,10000,8381,-7.8591475,-3.1587915,2.0,B08TCCVSMZ
pacmap,10000,8382,-0.2446942,-10.472308,5.0,B08B45R9CF
pacmap,10000,8383,-0.5302119,-5.8721437,5.0,B086YLVSK4
pacmap,10000,8384,-1.5005565,2.2447822,5.0,B0843TLRPS
pacmap,10000,8385,-2.367245,1.1028271,5.0,B01N7OJNEX
pacmap,10000,8386,7.150943,1.8023432,5.0,B015IYIFTU
pacmap,10000,8387,-1.6630485,1.8536386,5.0,B077XMWV75
pacmap,10000,8388,-6.9675884,1.577748,5.0,B07454F4JH
pacmap,10000,8389,-3.036621,-11.849334,5.0,B07Q5CPHX2
pacmap,10000,8390,-0.9070197,-11.43528,5.0,B08KRC18S8
pacmap,10000,8391,3.6948032,-0.6395274,5.0,B07GZFM1ZM
pacmap,10000,8392,3.341442,-0.2917126,5.0,B01N1X28F1
pacmap,10000,8393,2.6383421,0.47665912,2.0,B01K1UKI46
pacmap,10000,8394,3.72803,3.7711914,5.0,B006T9B6R2
pacmap,10000,8395,2.112299,2.9404526,4.0,B01636P5Q8
pacmap,10000,8396,7.676543,2.0970204,5.0,B000WYVBR0
pacmap,10000,8397,1.5476923,0.7732634,5.0,B074M6SXC4
pacmap,10000,8398,16.305586,17.21871,5.0,B075X8471B
pacmap,10000,8399,-1.3659136,0.07677417,3.0,B0111XJXIE
pacmap,10000,8400,5.329347,4.3564095,5.0,B09GLZ94XX
pacmap,10000,8401,-1.1385566,-6.690158,2.0,B0C5ZCFXB6
pacmap,10000,8402,7.257209,1.8261945,5.0,B08KZ1TZYB
pacmap,10000,8403,7.2306194,1.5075907,5.0,B01J90ONQ8
pacmap,10000,8404,2.2021594,3.525281,5.0,B01LX3GTZ0
pacmap,10000,8405,5.938317,6.486494,5.0,B071HXTMWV
pacmap,10000,8406,4.2664814,4.850735,3.0,B0007KPRU6
pacmap,10000,8407,-1.6034309,-8.162625,5.0,B000ABTP8C
pacmap,10000,8408,-0.8399123,-3.0381167,5.0,B077M3B33F
pacmap,10000,8409,1.0317507,0.4079676,5.0,B07H3W1FD8
pacmap,10000,8410,-0.8171153,-3.0858526,5.0,B07JBHB63N
pacmap,10000,8411,4.722818,0.7327358,5.0,B005IW3HM8
pacmap,10000,8412,3.9536116,4.734191,5.0,B073YM36ZD
pacmap,10000,8413,0.45907068,8.5403185,5.0,B09C4KQRHP
pacmap,10000,8414,5.900678,6.818731,5.0,B01DQM3DQ6
pacmap,10000,8415,11.468656,12.42608,5.0,B00466YF9G
pacmap,10000,8416,2.1449,2.2285495,4.0,B089BWXRGJ
pacmap,10000,8417,3.8369586,0.36271414,4.0,B089PCBJ45
pacmap,10000,8418,1.871021,-2.010272,3.0,B07Q1CVZ9P
pacmap,10000,8419,18.852491,-1.5390146,5.0,B00NKZ5R28
pacmap,10000,8420,9.351455,-3.404425,5.0,B00QOQU95K
pacmap,10000,8421,-5.4684753,-5.5617766,1.0,B0006N3EVS
pacmap,10000,8422,5.9872603,2.3905113,5.0,B002V5AYAS
pacmap,10000,8423,-6.372479,7.711219,5.0,B008RBHP98
pacmap,10000,8424,0.27440548,8.27058,5.0,B0CFCW881C
pacmap,10000,8425,-6.0615687,-6.5303974,5.0,B09S6QPQFS
pacmap,10000,8426,0.5373011,8.669242,5.0,B07ZSBXMVB
pacmap,10000,8427,-4.3642535,-3.2993984,5.0,B08PFN3CMM
pacmap,10000,8428,0.6179943,1.8483466,5.0,B0796VRYV3
pacmap,10000,8429,-7.4354763,-3.3935533,5.0,B08P57SRLD
pacmap,10000,8430,1.7759252,1.9693543,5.0,B09Z6S8C7W
pacmap,10000,8431,-7.149475,-0.8179451,5.0,B00E5TQ3OY
pacmap,10000,8432,-5.5441084,-5.6043434,5.0,B07SMNZK8H
pacmap,10000,8433,1.5718421,-3.9669244,4.0,B014YN7LVE
pacmap,10000,8434,3.0169888,2.3355074,5.0,B07RCMTLHD
pacmap,10000,8435,7.4272785,2.00247,5.0,B0B2DD1SC2
pacmap,10000,8436,5.27538,0.55411214,5.0,B07NPFJJ7K
pacmap,10000,8437,-8.051892,-3.5154965,3.0,B014FEM0X6
pacmap,10000,8438,5.825816,1.8236613,5.0,B073JWXGNT
pacmap,10000,8439,6.1920915,-0.8600884,5.0,B01H3KTZUK
pacmap,10000,8440,-7.645493,-4.975364,1.0,B07Q2SJNZ5
pacmap,10000,8441,-2.5468376,0.107460834,5.0,B074ZN2FD1
pacmap,10000,8442,-0.8907085,-5.1639333,1.0,B00IF70T4M
pacmap,10000,8443,-1.2852635,-9.439833,4.0,B00FJILVDS
pacmap,10000,8444,-2.3899808,0.16505596,1.0,B016I3T3CI
pacmap,10000,8445,9.303819,-3.4279563,4.0,B010BWYDYA
pacmap,10000,8446,0.1658183,2.8651633,2.0,B083TH1B45
pacmap,10000,8447,4.4523444,-0.52522033,1.0,B07DHDFW5V
pacmap,10000,8448,-1.7780529,4.56049,5.0,B07D99QDVD
pacmap,10000,8449,7.287515,0.69947946,5.0,B01N2PIJFU
pacmap,10000,8450,6.6936846,5.1788483,5.0,B08D7JPKLZ
pacmap,10000,8451,6.7073307,5.259631,5.0,B07WGPTZHR
pacmap,10000,8452,6.7168074,5.189126,5.0,B07GZFM1ZM
pacmap,10000,8453,4.920194,2.5449817,5.0,B077PW3F3R
pacmap,10000,8454,-2.5600708,-1.9128139,1.0,B07C4LHBGY
pacmap,10000,8455,-1.4858077,7.506135,5.0,B07Z4CL2TV
pacmap,10000,8456,-0.5107533,-3.6478963,5.0,B08GGWYRH5
pacmap,10000,8457,0.3006582,20.967028,1.0,B07B499PWG
pacmap,10000,8458,-1.7538801,-7.4975696,5.0,B01KSTSV76
pacmap,10000,8459,0.74519765,3.012875,5.0,B01FWTFTSQ
pacmap,10000,8460,2.3456311,8.118976,5.0,B00FB50SBU
pacmap,10000,8461,0.46821243,4.328519,5.0,B00CLZ047Q
pacmap,10000,8462,0.11427304,7.9910884,5.0,B0081SK5BW
pacmap,10000,8463,-2.550865,-12.542325,5.0,B01EL0GY1S
pacmap,10000,8464,-5.618389,0.9265663,5.0,B008J0Z9TA
pacmap,10000,8465,2.5886397,1.0477904,5.0,B003VAHYQY
pacmap,10000,8466,-1.1103781,-11.30826,5.0,B0BBMLD8QT
pacmap,10000,8467,-10.329479,-3.295546,5.0,B002TSY0VQ
pacmap,10000,8468,9.285641,-3.4061446,5.0,B09P75RTYY
pacmap,10000,8469,2.2744725,3.336618,4.0,B0BY4NTVXJ
pacmap,10000,8470,9.313329,-3.433389,5.0,B075SX8S68
pacmap,10000,8471,18.718739,-1.5310466,5.0,B08F6GPRH6
pacmap,10000,8472,7.2924185,3.1523755,5.0,B081RNDJY7
pacmap,10000,8473,-2.178075,8.723539,2.0,B07Q25VN2S
pacmap,10000,8474,6.247497,2.5776248,5.0,B07PHQ93TV
pacmap,10000,8475,9.25714,-3.3862994,4.0,B0B6QVY9VB
pacmap,10000,8476,4.3633595,1.2109387,3.0,B01EB6CS6M
pacmap,10000,8477,22.349815,7.583733,4.0,B079PG7JPP
pacmap,10000,8478,-7.7541623,-3.141666,1.0,B0CB5LX6MT
pacmap,10000,8479,-0.0018154695,7.5015078,1.0,B09QL59Q12
pacmap,10000,8480,-1.7518834,-4.035415,1.0,B072HRPC28
pacmap,10000,8481,0.78339833,-0.75301087,1.0,B01BKUB6BA
pacmap,10000,8482,-2.759956,1.1578618,1.0,B00AY8VHNW
pacmap,10000,8483,-4.6423235,1.1175104,2.0,B010BWYDYA
pacmap,10000,8484,1.0174737,7.047796,4.0,B08KZQGVY7
pacmap,10000,8485,2.2276943,7.68512,3.0,B07STZNWSB
pacmap,10000,8486,-6.2245545,7.6739926,3.0,B002MMY4WY
pacmap,10000,8487,-6.633153,-4.0870614,5.0,B09XYMSZLL
pacmap,10000,8488,2.425183,5.4375753,3.0,B07R8TYD3V
pacmap,10000,8489,2.365441,7.9242845,5.0,B0846Y39KQ
pacmap,10000,8490,-0.23019437,7.2994733,1.0,B01K6PBILI
pacmap,10000,8491,-1.1981964,7.184728,3.0,B016B12PUE
pacmap,10000,8492,-5.6060553,3.838866,5.0,B00KGVMBDW
pacmap,10000,8493,3.4510686,4.7636514,4.0,B0145NTTAY
pacmap,10000,8494,1.8966326,4.180465,3.0,B087QP4G7B
pacmap,10000,8495,3.263118,2.3040316,5.0,B07PPQDW97
pacmap,10000,8496,-0.045625225,6.0468087,5.0,B076H996XM
pacmap,10000,8497,8.515234,-2.807448,5.0,B08P72Y8MN
pacmap,10000,8498,9.27833,-3.4082983,5.0,B0949SYKMX
pacmap,10000,8499,7.067926,3.6002383,5.0,B0C6G2BD65
pacmap,10000,8500,9.497883,4.149298,5.0,B000068P8W
pacmap,10000,8501,0.4961589,-10.994059,5.0,B01DUF3UVC
pacmap,10000,8502,4.6987224,4.139736,5.0,B018UYHBJA
pacmap,10000,8503,6.8929086,1.8421232,5.0,B01MEH8J9Z
pacmap,10000,8504,-0.23240633,-11.189438,5.0,B073SJD2MK
pacmap,10000,8505,6.115122,0.1795849,5.0,B00J6TVWX0
pacmap,10000,8506,7.7965198,-0.13750567,5.0,B01FCAALW4
pacmap,10000,8507,0.5650015,6.1312666,5.0,B00KV698CE
pacmap,10000,8508,-8.041765,7.570991,5.0,B088NMVW4Y
pacmap,10000,8509,2.0941381,2.1593175,5.0,B07FP4DVVF
pacmap,10000,8510,-6.8512783,-4.795941,5.0,B0C2Q3DYFY
pacmap,10000,8511,-6.2403507,-4.80161,5.0,B0BGS23YKX
pacmap,10000,8512,2.8198671,5.4352813,5.0,B019EN7TV6
pacmap,10000,8513,0.0400961,-0.41631293,5.0,B00N2ZDXW2
pacmap,10000,8514,-10.294225,-3.0116131,5.0,B00Z9QVRS4
pacmap,10000,8515,-1.0507606,-5.028573,2.0,B00U3FPN4U
pacmap,10000,8516,3.251481,2.5937617,5.0,B08CS13Y1K
pacmap,10000,8517,4.2555375,3.1994703,5.0,B07KQ2P38Y
pacmap,10000,8518,1.1343323,-5.074696,5.0,B0C9HG28Z5
pacmap,10000,8519,1.5131193,2.2352347,5.0,B07LGS3RTV
pacmap,10000,8520,2.4048276,2.5826025,5.0,B01N91OF9H
pacmap,10000,8521,1.7358607,1.8319788,5.0,B07SRDPZ9Z
pacmap,10000,8522,1.0554278,1.5064416,5.0,B01CKPDUHW
pacmap,10000,8523,-2.7251322,0.8169459,5.0,B074BCTX1Q
pacmap,10000,8524,-0.17139001,-5.931188,5.0,B001U2DPUE
pacmap,10000,8525,-10.059533,-3.0861447,5.0,B007RBSWAK
pacmap,10000,8526,1.7134187,1.448855,5.0,B0002F67N2
pacmap,10000,8527,2.6764207,5.2347617,5.0,B009LNTBM0
pacmap,10000,8528,-0.86040175,1.6949062,5.0,B00M8SR4UQ
pacmap,10000,8529,-0.06744259,8.790592,3.0,B07JWCD55K
pacmap,10000,8530,8.274007,-2.6045828,5.0,B01M5K1ZHG
pacmap,10000,8531,4.24657,4.926378,5.0,B071XTGHFT
pacmap,10000,8532,-0.26110205,-5.5935955,5.0,B097NJJPLY
pacmap,10000,8533,4.895297,1.6225512,5.0,B0BHJRY8J4
pacmap,10000,8534,0.76936287,1.5159851,5.0,B014FED7V0
pacmap,10000,8535,2.302408,7.6125655,5.0,B07BWFNBZK
pacmap,10000,8536,0.35148454,5.9543533,4.0,B09CQ1117G
pacmap,10000,8537,-8.238522,7.8419976,4.0,B0BC264P98
pacmap,10000,8538,-0.21684465,4.1421323,5.0,B0C7GM1QVC
pacmap,10000,8539,-2.901126,-12.070518,4.0,B07G2DVQD5
pacmap,10000,8540,2.285355,2.5050588,5.0,B073ZF73VD
pacmap,10000,8541,-0.1491383,-10.412104,5.0,B08B9XVSHC
pacmap,10000,8542,3.5525336,-0.7714066,2.0,B0C2JCVNGC
pacmap,10000,8543,6.0553536,2.4089181,3.0,B0B219JSZR
pacmap,10000,8544,6.7265816,5.185568,5.0,B07SR9JHQF
pacmap,10000,8545,-0.78489333,-3.5080862,5.0,B0914FVW5Z
pacmap,10000,8546,4.8005357,-0.5988573,4.0,B06XHWWJRW
pacmap,10000,8547,-5.475161,4.3789034,4.0,B001U5617K
pacmap,10000,8548,-6.514379,-7.1730704,4.0,B00IRMTYA0
pacmap,10000,8549,4.0977454,1.1340413,3.0,B004IWPX76
pacmap,10000,8550,-6.9496226,-4.5374846,4.0,B0000BYDKO
pacmap,10000,8551,3.0223918,2.2755818,4.0,B000ETQLRS
pacmap,10000,8552,-1.6813654,-10.21388,2.0,B0BT9KCJC4
pacmap,10000,8553,5.2315755,-0.23785806,1.0,B00BWF5U0M
pacmap,10000,8554,6.6339107,3.3451355,5.0,B00PFQPX5Q
pacmap,10000,8555,6.5648913,3.155178,5.0,B00MBFPT44
pacmap,10000,8556,6.4976707,3.3096232,4.0,B00K57LP4I
pacmap,10000,8557,6.5588264,3.1023214,5.0,B07D5CGJCM
pacmap,10000,8558,6.5752707,3.285816,5.0,B07DYWW1P2
pacmap,10000,8559,-7.07876,6.154079,1.0,B004AM5RAM
pacmap,10000,8560,0.11056645,-5.6390314,1.0,B000PCCLPU
pacmap,10000,8561,-3.349358,-11.53515,1.0,B00428N9OK
pacmap,10000,8562,-1.2101767,-4.5144343,2.0,B004BLK24S
pacmap,10000,8563,-1.0656884,-3.9744709,1.0,B004K1EOCA
pacmap,10000,8564,-1.2138537,-5.7600603,1.0,B0015VW3NK
pacmap,10000,8565,-1.169057,7.6639376,5.0,B07Q2ZKBQS
pacmap,10000,8566,0.20619868,6.9375696,5.0,B085LCT6HY
pacmap,10000,8567,9.544695,4.0772777,5.0,B07QPQYC74
pacmap,10000,8568,7.150565,1.5285707,5.0,B074TDR8GL
pacmap,10000,8569,7.2416883,1.476149,5.0,B01BDX9Q6Q
pacmap,10000,8570,7.21744,1.4594318,5.0,B00FZKC38M
pacmap,10000,8571,9.522366,4.107611,5.0,B08HXZ6Y2X
pacmap,10000,8572,9.1826,4.2586484,5.0,B076VQPBGH
pacmap,10000,8573,23.3438,2.9999619,5.0,B07HN6M7C3
pacmap,10000,8574,-7.8676486,-5.739905,5.0,B08DTJZCG6
pacmap,10000,8575,-2.432588,0.9504999,1.0,B0C94WMF72
pacmap,10000,8576,-1.1341794,-8.2933035,5.0,B08LZKCGQ6
pacmap,10000,8577,-3.8432927,-11.561878,3.0,B00Q784UUA
pacmap,10000,8578,5.160815,1.7996587,5.0,B006MCDUZM
pacmap,10000,8579,-6.2095113,7.5732427,4.0,B08741MW5Z
pacmap,10000,8580,1.5965539,0.5594085,5.0,B0BDFF4WD7
pacmap,10000,8581,-7.2505474,1.8371311,5.0,B0BSF17PM2
pacmap,10000,8582,-5.7061915,-6.1058073,5.0,B088M291LL
pacmap,10000,8583,4.708514,2.0775137,5.0,B0BJW2XLMR
pacmap,10000,8584,2.3507872,-9.0267105,4.0,B07MLY3JKV
pacmap,10000,8585,4.6757245,1.4495045,5.0,B075XN1NZC
pacmap,10000,8586,1.5521569,0.43287712,5.0,B00UAA4J6G
pacmap,10000,8587,1.6024573,0.656905,5.0,B076HNWDMX
pacmap,10000,8588,2.0617583,-0.77408886,5.0,B07KTYJ769
pacmap,10000,8589,-7.127974,1.8952274,5.0,B09V6Q26GD
pacmap,10000,8590,-0.60739917,2.5391757,5.0,B0C7S8NBJK
pacmap,10000,8591,-0.26695028,-5.72895,5.0,B074CGF6ZN
pacmap,10000,8592,1.5167862,-4.40172,5.0,B00O0O0E8U
pacmap,10000,8593,4.049511,1.610234,4.0,B0762NBZMW
pacmap,10000,8594,-0.14998184,-6.231571,3.0,B078WQS575
pacmap,10000,8595,4.5114465,3.1073363,4.0,B07456BG8N
pacmap,10000,8596,5.402235,-0.169893,5.0,B014QQE0Y0
pacmap,10000,8597,0.8766269,2.0643826,5.0,B01I4TE612
pacmap,10000,8598,5.1787863,1.5980098,5.0,B00976DCQC
pacmap,10000,8599,-0.37472266,-6.0189257,4.0,B00006JPE1
pacmap,10000,8600,-1.4114085,-4.9831705,5.0,B000SA7I0M
pacmap,10000,8601,4.7598886,0.2845127,5.0,B0037JB75S
pacmap,10000,8602,0.2547263,-4.898672,5.0,B00C9UJLOU
pacmap,10000,8603,5.5295544,-0.2880833,5.0,B07783VF16
pacmap,10000,8604,5.92232,-0.33989716,5.0,B000AAN76Y
pacmap,10000,8605,3.8511803,2.1954305,5.0,B09M3TZ3Q6
pacmap,10000,8606,5.235158,1.8970026,4.0,B00GLQAF7A
pacmap,10000,8607,1.625862,-1.3794044,5.0,B0BJ1SLJH1
pacmap,10000,8608,-0.54908013,-11.257944,4.0,B09QY1BNWW
pacmap,10000,8609,6.943012,2.083857,5.0,B01BW1RN50
pacmap,10000,8610,6.483551,2.152682,5.0,B00K95MYDC
pacmap,10000,8611,0.6464584,-4.9606094,4.0,B00VTD1UQA
pacmap,10000,8612,2.9342737,2.3192055,5.0,B004Z9XG0I
pacmap,10000,8613,3.1792188,2.3569047,4.0,B00M5WLZDW
pacmap,10000,8614,3.9794035,1.7592198,5.0,B009OVGKTQ
pacmap,10000,8615,-6.0964155,7.4755054,4.0,B005QC69FW
pacmap,10000,8616,3.4102025,1.0929303,5.0,B004RXKWI6
pacmap,10000,8617,-3.166501,-2.0984051,5.0,B0BFM2GP2B
pacmap,10000,8618,5.637769,-0.22673328,5.0,B00KTEN3TM
pacmap,10000,8619,-7.395331,-3.1750011,5.0,B013XILRWA
pacmap,10000,8620,3.0489943,3.8463917,5.0,B0B6QHB66K
pacmap,10000,8621,8.008717,2.281439,5.0,B00D6AICR4
pacmap,10000,8622,5.93403,1.9525741,5.0,B00AFX35OU
pacmap,10000,8623,-1.4418093,-5.924455,4.0,B00BN3N0FU
pacmap,10000,8624,5.7024846,2.0285363,5.0,B00UP20VV6
pacmap,10000,8625,-2.5877154,1.3721012,4.0,B00HQ6ZU6K
pacmap,10000,8626,-0.09616499,-5.478333,5.0,B08K4FTDW6
pacmap,10000,8627,1.5568786,2.0468352,5.0,B00BCGRZ04
pacmap,10000,8628,1.77389,4.5731006,5.0,B0046EDOWW
pacmap,10000,8629,-0.6278311,-9.78449,5.0,B0027VT6V4
pacmap,10000,8630,-8.034237,7.7869663,3.0,B0043T7FXE
pacmap,10000,8631,5.365317,1.032805,5.0,B003ES5ZSW
pacmap,10000,8632,-0.8260852,-4.6413307,4.0,B00E0J0EL2
pacmap,10000,8633,-3.4684896,9.206997,5.0,B006GWO5WK
pacmap,10000,8634,-3.3308287,8.954769,4.0,B00902SFC4
pacmap,10000,8635,-3.851156,-4.7251234,5.0,B009A4B6YG
pacmap,10000,8636,-3.6149244,9.150262,4.0,B01FU08V64
pacmap,10000,8637,-1.2297822,-10.766608,4.0,B005FVNGRS
pacmap,10000,8638,2.547515,7.4698615,4.0,B0039BPG1A
pacmap,10000,8639,1.5429833,6.1466556,5.0,B00E8HSNO6
pacmap,10000,8640,-0.79714227,-4.752106,1.0,B01EW098XS
pacmap,10000,8641,-0.80668503,-9.713893,3.0,B0B5LDDVFN
pacmap,10000,8642,2.3246634,-8.482136,3.0,B01K8B8YA8
pacmap,10000,8643,-3.5264835,0.49125993,5.0,B00J4E8KI2
pacmap,10000,8644,4.834463,1.868555,5.0,B00501T8XY
pacmap,10000,8645,-0.12653637,3.3039017,5.0,B07BV831R5
pacmap,10000,8646,-7.6636915,-5.020447,1.0,B00BWF5U0M
pacmap,10000,8647,3.2391508,6.6291957,5.0,B07X4G3DXL
pacmap,10000,8648,1.2361144,7.34495,5.0,B09ZDNLXGV
pacmap,10000,8649,-6.893679,-5.8035874,5.0,B0C6PGZ3MB
pacmap,10000,8650,-6.1577253,7.5915813,5.0,B00X5P8BJO
pacmap,10000,8651,-0.03018071,-4.91797,5.0,B01MTF2Z37
pacmap,10000,8652,0.7786156,-7.1455846,5.0,B00C4P6AKS
pacmap,10000,8653,6.913256,2.4067888,5.0,B00LOV6XA0
pacmap,10000,8654,-0.7320501,-4.331517,5.0,B00E0J0EL2
pacmap,10000,8655,-4.580771,1.208024,5.0,B01N5QBQJC
pacmap,10000,8656,0.49880588,8.357433,3.0,B08CGT1RDZ
pacmap,10000,8657,-2.3702867,0.15131034,5.0,B01C4UY0JK
pacmap,10000,8658,-1.8558452,-11.8974695,5.0,B00518DEN6
pacmap,10000,8659,10.951845,-4.602839,5.0,B00DK9A404
pacmap,10000,8660,6.4261336,3.8173597,5.0,B00UWV8JLY
pacmap,10000,8661,6.4986525,-1.4852486,5.0,B005DPFSA4
pacmap,10000,8662,6.379066,-0.967422,5.0,B00C3GIQU0
pacmap,10000,8663,-0.7889767,5.7648935,3.0,B00DQUAEHA
pacmap,10000,8664,-6.5092387,7.65846,1.0,B00DN7DMWK
pacmap,10000,8665,17.011932,-1.7580892,5.0,B08CVGBDC3
pacmap,10000,8666,-2.3743107,-12.598976,4.0,B0B7RWGW3H
pacmap,10000,8667,1.2500846,-4.353314,5.0,B09HH5SP61
pacmap,10000,8668,4.00149,1.7365588,5.0,B07B4HF18C
pacmap,10000,8669,4.3751597,2.6914015,5.0,B09NLQ8C4X
pacmap,10000,8670,7.6635046,1.8115044,5.0,B0958S8T74
pacmap,10000,8671,6.4281807,2.89173,5.0,B08LPHXW3C
pacmap,10000,8672,7.429707,1.4032203,5.0,B0C5QB1B1X
pacmap,10000,8673,5.6677656,1.4584565,5.0,B0C58WY192
pacmap,10000,8674,-5.5531054,-5.305532,5.0,B0BMQJYLQV
pacmap,10000,8675,4.1159863,3.6324658,5.0,B076RVWJ42
pacmap,10000,8676,3.936176,2.675864,5.0,B0928NJJTZ
pacmap,10000,8677,-2.1446583,-12.762514,5.0,B098K6N6TX
pacmap,10000,8678,2.543237,2.7711155,5.0,B089B6LTLV
pacmap,10000,8679,1.5478381,0.9555644,5.0,B07VFRBFZZ
pacmap,10000,8680,7.318575,1.4952816,5.0,B07GWQT4YD
pacmap,10000,8681,4.963597,4.145399,5.0,B0C5RJNG9C
pacmap,10000,8682,-3.6866941,7.4673448,5.0,B01MEG2HXP
pacmap,10000,8683,1.4154326,5.6192565,5.0,B07YZQBWZC
pacmap,10000,8684,5.6253343,-0.1867723,4.0,B00IM3P8GS
pacmap,10000,8685,-2.3547745,-11.962086,5.0,B00519WNBO
pacmap,10000,8686,-0.6515682,-9.607737,5.0,B007Q45EF4
pacmap,10000,8687,-0.5759424,-10.371133,4.0,B01LZV6TYQ
pacmap,10000,8688,5.0448055,4.305142,5.0,B09SQ1LJ8Y
pacmap,10000,8689,-0.64599437,7.8096514,5.0,B017D09KHI
pacmap,10000,8690,3.033095,6.959714,5.0,B00O9RRPXA
pacmap,10000,8691,3.7518442,1.4778732,5.0,B071GCMLM5
pacmap,10000,8692,2.6420586,7.603991,4.0,B071ZD714M
pacmap,10000,8693,-1.6604978,6.457707,1.0,B00M8K7AXU
pacmap,10000,8694,-2.4841192,9.191033,5.0,B005KDY8AU
pacmap,10000,8695,-0.3714,8.1222105,5.0,B008BR4LFE
pacmap,10000,8696,4.5317163,2.9854057,5.0,B0173QNVT0
pacmap,10000,8697,5.3251543,3.6054716,5.0,B010BWYDYA
pacmap,10000,8698,-0.48367584,-0.14701855,5.0,B002ISZD2C
pacmap,10000,8699,-6.2880955,-3.4490657,5.0,B077V2BF3C
pacmap,10000,8700,-1.4329977,1.0505116,4.0,B004AA2Y9Q
pacmap,10000,8701,7.5957017,4.7927403,5.0,B07H65KP63
pacmap,10000,8702,7.377598,2.4981894,5.0,B08GJFX4XK
pacmap,10000,8703,-3.736703,9.297828,5.0,B09Z3L87SV
pacmap,10000,8704,8.6769905,-2.8309174,5.0,B06Y2VP3C7
pacmap,10000,8705,-6.505254,-3.0121753,5.0,B01D0V1CAM
pacmap,10000,8706,6.4774013,2.8930218,5.0,B0BL6788GP
pacmap,10000,8707,-2.6667776,-9.899478,5.0,B08XPWDSWW
pacmap,10000,8708,-0.43262577,-10.1891575,4.0,B07S4MFN8Z
pacmap,10000,8709,5.760024,1.6721097,5.0,B07PHQ93TV
pacmap,10000,8710,4.4398804,3.3826146,5.0,B00V49LV86
pacmap,10000,8711,-3.6411762,7.390575,5.0,B00DGM721O
pacmap,10000,8712,-7.8229103,-5.1596627,5.0,B07QKTLJ96
pacmap,10000,8713,-2.4811425,4.5735335,5.0,B008RCERWA
pacmap,10000,8714,-9.511094,-3.9145162,5.0,B0C2VGGZFR
pacmap,10000,8715,0.2509067,6.7520566,2.0,B00FAY38QY
pacmap,10000,8716,-0.23393995,0.83390737,5.0,B00ARBTMGA
pacmap,10000,8717,-10.236003,-4.107727,5.0,B01ND0UV73
pacmap,10000,8718,6.5213795,3.60213,5.0,B07GJJC8L8
pacmap,10000,8719,-5.9622564,3.6277122,5.0,B0092649HI
pacmap,10000,8720,-0.30023515,4.9401526,5.0,B07DTPD57D
pacmap,10000,8721,-0.5061531,-11.234667,5.0,B08Q4LVDFK
pacmap,10000,8722,-7.738193,7.5904226,5.0,B00ETHLPZY
pacmap,10000,8723,0.6744874,1.2989757,5.0,B000LBTXW4
pacmap,10000,8724,-6.291126,7.7464356,5.0,B003VANO7C
pacmap,10000,8725,-0.69988465,-10.936853,5.0,B0B59QBY9G
pacmap,10000,8726,-1.0907817,-8.407287,5.0,B07HZLHPKP
pacmap,10000,8727,-1.76002,0.79464996,5.0,B0BW9VV8QD
pacmap,10000,8728,0.92902887,2.039209,5.0,B08NCM4W1W
pacmap,10000,8729,0.42416087,-8.237541,5.0,B0BT1TM3S2
pacmap,10000,8730,-2.6753044,1.1155252,5.0,B001T9NVJS
pacmap,10000,8731,3.528356,2.8932757,2.0,B0BG5HRTGL
pacmap,10000,8732,6.3060536,-1.1775962,3.0,B0C6KQTXMZ
pacmap,10000,8733,6.4540715,1.1968019,5.0,B007ZHXFJY
pacmap,10000,8734,-0.5795321,-9.046862,2.0,B06XGWGVQG
pacmap,10000,8735,-0.97794116,8.68146,5.0,B071XJ1GT6
pacmap,10000,8736,8.29026,3.7667315,4.0,B07BFTKJQN
pacmap,10000,8737,7.6876984,-0.103283085,5.0,B004KNO59K
pacmap,10000,8738,4.7782483,0.34721154,5.0,B00U84SJRO
pacmap,10000,8739,-0.10760014,7.3774433,1.0,B0109Z633I
pacmap,10000,8740,6.2777195,0.14257842,5.0,B084VFH8MT
pacmap,10000,8741,-2.0440698,-8.989404,2.0,B09F3QS8FM
pacmap,10000,8742,1.3835187,-0.9453753,1.0,B07H8WS1FT
pacmap,10000,8743,-1.3049006,8.198444,5.0,B089229X4R
pacmap,10000,8744,2.2223108,5.3413463,5.0,B088X4982Z
pacmap,10000,8745,3.9378135,0.48038983,3.0,B07RHVNFQ6
pacmap,10000,8746,5.9379263,4.137665,5.0,B07ZYGQ1FC
pacmap,10000,8747,6.2229505,3.2813241,5.0,B0BJW5LJ4J
pacmap,10000,8748,-1.7975839,-9.569053,5.0,B08XPWDSWW
pacmap,10000,8749,-1.1335809,-10.667029,5.0,B08XNCHTCY
pacmap,10000,8750,5.1251807,2.618155,4.0,B07MTCMHZX
pacmap,10000,8751,1.2488022,5.85059,5.0,B07BVPL7PB
pacmap,10000,8752,0.31933618,6.284867,5.0,B07LGNLFP5
pacmap,10000,8753,-5.5531254,-5.598424,5.0,B07F9R1F1L
pacmap,10000,8754,8.103083,5.6023602,5.0,B075L7DDMJ
pacmap,10000,8755,8.086299,5.514657,2.0,B07D13N5PX
pacmap,10000,8756,8.185248,5.678489,5.0,B08M5KCX78
pacmap,10000,8757,8.141799,5.6463547,5.0,B00WG0JZOE
pacmap,10000,8758,16.305414,17.219753,5.0,B09L52XKBD
pacmap,10000,8759,3.7153528,-0.20758177,1.0,B01NBTFNVA
pacmap,10000,8760,-0.85284984,8.304332,5.0,B010B2BCHG
pacmap,10000,8761,-1.6480368,7.9326353,4.0,B004MBGFRA
pacmap,10000,8762,-1.083133,-11.350285,5.0,B0B462WKM7
pacmap,10000,8763,1.6539366,-4.205244,5.0,B07MN6J8JW
pacmap,10000,8764,5.1782746,1.5468884,1.0,B07FPRZ69X
pacmap,10000,8765,4.7890897,0.32755628,2.0,B075X8471B
pacmap,10000,8766,2.2191098,-8.672104,5.0,B07FQDMKFT
pacmap,10000,8767,5.3297853,2.2079866,5.0,B0C7Q3X76Q
pacmap,10000,8768,-0.31730944,-4.7803335,5.0,B07VXXBTX4
pacmap,10000,8769,2.642115,-8.856979,4.0,B01K8B8YA8
pacmap,10000,8770,-1.4484922,-4.0209317,5.0,B00LD3Q56G
pacmap,10000,8771,3.150985,-0.48905155,5.0,B01CW4BG4K
pacmap,10000,8772,4.279699,4.949578,5.0,B07RCMTLHD
pacmap,10000,8773,2.780554,4.6521554,5.0,B06XRTFG29
pacmap,10000,8774,0.35772258,20.857674,5.0,B0095PZHPE
pacmap,10000,8775,-1.2760475,5.549341,4.0,B07RZXNBVZ
pacmap,10000,8776,-2.8080034,-10.002153,1.0,B083V1J96K
pacmap,10000,8777,4.6424475,1.9722499,5.0,B00LZKIHRC
pacmap,10000,8778,3.6824677,-0.6866479,5.0,B075L7G2N7
pacmap,10000,8779,-0.58198035,-3.196567,5.0,B07WDN2ST4
pacmap,10000,8780,-2.2305431,4.4405127,5.0,B07WHTQW4X
pacmap,10000,8781,-2.2519329,-12.0257845,5.0,B0BJXSGLFJ
pacmap,10000,8782,6.4024196,2.8217652,5.0,B09JQLTLG3
pacmap,10000,8783,6.998612,4.2522364,5.0,B09MMWM2Y8
pacmap,10000,8784,-1.8014699,-10.700432,4.0,B07VD3M6M3
pacmap,10000,8785,-0.13050097,-5.652314,5.0,B075X8471B
pacmap,10000,8786,-1.2377433,8.339417,4.0,B0742CM7T8
pacmap,10000,8787,1.9219428,1.5642862,5.0,B06XPSGS4W
pacmap,10000,8788,3.4389653,0.4183871,5.0,B01M104VJD
pacmap,10000,8789,0.22561775,-10.639352,5.0,B07RX8B9TW
pacmap,10000,8790,1.6318779,-4.1362863,5.0,B07V4WSHD2
pacmap,10000,8791,0.24993055,4.39745,5.0,B0BQRVK3BG
pacmap,10000,8792,-3.7314706,9.324541,5.0,B00KDROTZM
pacmap,10000,8793,0.99417955,-1.5062994,5.0,B07S6X2D8C
pacmap,10000,8794,-8.109459,7.70477,5.0,B07J4XWXTR
pacmap,10000,8795,0.19975086,2.8042123,5.0,B07PQHH5PB
pacmap,10000,8796,2.722282,0.0636308,5.0,B01M3PZ2JQ
pacmap,10000,8797,-2.9022243,-12.123689,5.0,B08XNCHTCY
pacmap,10000,8798,-0.6454431,1.5298233,5.0,B08K8W68BX
pacmap,10000,8799,-1.9467616,-5.755915,5.0,B08TMGTH7N
pacmap,10000,8800,2.5139837,-8.928341,5.0,B07H65KP63
pacmap,10000,8801,-1.7468137,0.81180567,5.0,B07YT5FVNM
pacmap,10000,8802,0.093383715,-4.6959434,5.0,B0791TX5P5
pacmap,10000,8803,1.3279145,-3.8620641,5.0,B01MSTB5KW
pacmap,10000,8804,0.073273785,-2.895433,5.0,B01MY7VEFC
pacmap,10000,8805,-2.5518632,1.8021772,5.0,B01HH8H2WQ
pacmap,10000,8806,8.5410385,-2.7180758,5.0,B00O1RTQJE
pacmap,10000,8807,-7.0637345,-4.859817,5.0,B08ZT2BTZ1
pacmap,10000,8808,-6.8239927,2.0308177,5.0,B010CBASS0
pacmap,10000,8809,-2.099425,-8.116783,5.0,B01N75TWSA
pacmap,10000,8810,-2.2825553,2.0316732,5.0,B009RUZ7TS
pacmap,10000,8811,0.0503965,-8.244554,3.0,B005LEXA2K
pacmap,10000,8812,1.4908326,-4.379827,5.0,B08JPHJX5S
pacmap,10000,8813,-0.803896,-4.798333,5.0,B075X8471B
pacmap,10000,8814,0.31137192,6.6038256,5.0,B00N1X40WW
pacmap,10000,8815,-2.6312833,1.3752319,4.0,B0075VFJKS
pacmap,10000,8816,-9.929323,-3.2082798,5.0,B000C12GH2
pacmap,10000,8817,0.26163435,20.971836,5.0,B0077L8YOO
pacmap,10000,8818,-0.63069606,6.1750565,5.0,B0BTYP1CWP
pacmap,10000,8819,2.6186068,2.8501782,5.0,B00F0IQTE8
pacmap,10000,8820,-0.89823616,8.429982,5.0,B072QXJPG9
pacmap,10000,8821,-3.0982013,-11.680093,5.0,B007136E1S
pacmap,10000,8822,1.0316982,1.4695668,5.0,B086Q94W37
pacmap,10000,8823,4.3844337,3.1055357,4.0,B081K9C3Q1
pacmap,10000,8824,5.721159,4.527788,5.0,B01MQWUXZS
pacmap,10000,8825,4.5475163,2.9387527,4.0,B07MPSFJSZ
pacmap,10000,8826,5.4016705,3.7838495,5.0,B07P61KDSK
pacmap,10000,8827,-0.5049282,-9.794419,5.0,B07146G1RF
pacmap,10000,8828,0.85871035,3.922079,5.0,B0841M2SCJ
pacmap,10000,8829,-4.3473725,-4.5669975,5.0,B0BZGV4PDL
pacmap,10000,8830,-1.670885,-9.88008,5.0,B09QCC1SP1
pacmap,10000,8831,1.3467665,2.672504,5.0,B09Y89FYTD
pacmap,10000,8832,-5.686035,-1.8010942,5.0,B0C2P7CNWG
pacmap,10000,8833,1.5002236,3.826546,3.0,B09MTSLT2T
pacmap,10000,8834,3.9660156,1.8408157,1.0,B09K3VN4S1
pacmap,10000,8835,-3.2271187,-12.391854,5.0,B08ZKC3M12
pacmap,10000,8836,-1.714231,-10.750969,1.0,B08R41TDR2
pacmap,10000,8837,0.50638276,4.0381575,5.0,B08MWXCN68
pacmap,10000,8838,5.0148053,2.9027376,5.0,B07CHN8Q6C
pacmap,10000,8839,4.650951,2.5301373,5.0,B07CLBNM1C
pacmap,10000,8840,3.1387594,5.934389,5.0,B0772NK2JP
pacmap,10000,8841,-2.275053,-0.23606671,5.0,B0BHFGL8H8
pacmap,10000,8842,0.16701795,4.5446134,5.0,B07WJJ7TWY
pacmap,10000,8843,0.29677826,4.5095773,5.0,B07WJJ7TWY
pacmap,10000,8844,4.0709825,0.8859231,5.0,B07Q37N4TD
pacmap,10000,8845,0.78916514,1.5932993,5.0,B085FS21T4
pacmap,10000,8846,-4.554622,-5.2718067,5.0,B07RL3MMDF
pacmap,10000,8847,0.9493991,3.9980934,5.0,B073ZNX5JR
pacmap,10000,8848,-1.4004917,-11.820108,5.0,B08BG7J2MN
pacmap,10000,8849,4.415671,0.25520566,1.0,B07HLGT6HH
pacmap,10000,8850,4.557728,4.7510214,5.0,B01HNRWGWW
pacmap,10000,8851,-1.3589219,-6.532917,1.0,B08G45Z8QB
pacmap,10000,8852,5.0998826,4.1975293,5.0,B09XQZY2CH
pacmap,10000,8853,-7.3164973,-2.7065759,5.0,B08XYC4R9F
pacmap,10000,8854,0.20969786,2.5781443,5.0,B00NKYYMAW
pacmap,10000,8855,-1.1856109,6.6691093,5.0,B07PV7RXMY
pacmap,10000,8856,-0.89677256,-10.956993,5.0,B0C72D4J46
pacmap,10000,8857,-3.700007,-11.766967,5.0,B0C2Q17PND
pacmap,10000,8858,-3.7052934,-12.200224,5.0,B01N754J9X
pacmap,10000,8859,-6.767863,-4.9258275,2.0,B075VN5726
pacmap,10000,8860,-6.247385,-4.1585555,4.0,B07K6K87MB
pacmap,10000,8861,-6.0967517,-0.926067,2.0,B0B9M9H977
pacmap,10000,8862,-2.6515923,9.444947,1.0,B0C5SZ464W
pacmap,10000,8863,-2.3657532,9.270411,4.0,B087DPB298
pacmap,10000,8864,-2.3780203,0.89230883,4.0,B0BNT7CQCH
pacmap,10000,8865,0.4832306,3.4513667,5.0,B07BGW4D2Q
pacmap,10000,8866,-2.178607,7.16717,5.0,B076BPM5HW
pacmap,10000,8867,-0.86333686,7.763752,5.0,B012HGRTLC
pacmap,10000,8868,-3.933699,7.615184,5.0,B01FWT4V12
pacmap,10000,8869,-1.5600048,6.598126,5.0,B00FGI3CBU
pacmap,10000,8870,-3.767698,9.133119,3.0,B00D38XF6M
pacmap,10000,8871,-3.032195,8.737396,5.0,B00DR0B6XK
pacmap,10000,8872,-3.1735806,-12.244599,3.0,B0BHWYQ47Y
pacmap,10000,8873,4.944425,2.143146,2.0,B089S37WLH
pacmap,10000,8874,-0.2742684,-5.6675158,5.0,B0BMQ15Q65
pacmap,10000,8875,3.9469702,0.6056184,5.0,B07NTRSXGS
pacmap,10000,8876,0.0214136,0.4815225,5.0,B0BM2YG2K7
pacmap,10000,8877,2.2532756,-8.923885,5.0,B0BP9Z1LB5
pacmap,10000,8878,3.9741576,0.55202025,5.0,B07PC129ZC
pacmap,10000,8879,-5.9773226,-1.4643925,5.0,B0B5DFFJ6S
pacmap,10000,8880,5.565811,0.9201323,3.0,B01EB6CS6M
pacmap,10000,8881,-1.9158667,-10.394882,2.0,B091GHBXWG
pacmap,10000,8882,4.906325,4.311882,4.0,B088HJXY2N
pacmap,10000,8883,-1.4015772,7.3903694,5.0,B08X6KB2YX
pacmap,10000,8884,2.645683,2.7086556,5.0,B0BGCDYQQY
pacmap,10000,8885,4.1937394,1.9696692,5.0,B07G8NP3LL
pacmap,10000,8886,-1.3078847,-9.667755,5.0,B0C211KFK4
pacmap,10000,8887,1.228488,-3.6292748,5.0,B00O1RTQJE
pacmap,10000,8888,-5.875413,3.4595392,5.0,B07GS2X6DD
pacmap,10000,8889,1.0083237,-3.3298392,2.0,B014YN7LVE
pacmap,10000,8890,4.2408786,1.9967408,5.0,B084ZJLLSX
pacmap,10000,8891,2.4369774,1.4901154,5.0,B08F46G9KV
pacmap,10000,8892,1.5628439,-4.206894,5.0,B09VYMTDF9
pacmap,10000,8893,-9.007854,-3.991129,5.0,B08YDSSD7P
pacmap,10000,8894,5.155403,-0.54949486,3.0,B07TY1CLDN
pacmap,10000,8895,7.5060005,3.394227,5.0,B07KBW29P8
pacmap,10000,8896,-6.420133,-4.7528076,5.0,B07GZFM1ZM
pacmap,10000,8897,1.5703086,-3.9463189,5.0,B06WP29NHV
pacmap,10000,8898,-0.9343956,8.7219715,5.0,B005H8IFB6
pacmap,10000,8899,1.8260117,-1.2454424,1.0,B00Q64O4KQ
pacmap,10000,8900,5.3828015,3.239847,5.0,B011HNJENW
pacmap,10000,8901,-0.44566837,-10.943276,5.0,B00LRTMG7S
pacmap,10000,8902,-0.38858727,-10.970737,5.0,B0C2VCQT3R
pacmap,10000,8903,-1.7584189,4.3500214,5.0,B07MJTPGGW
pacmap,10000,8904,-5.7456245,-5.754679,5.0,B01MS39GX8
pacmap,10000,8905,-5.1750474,-6.3266172,5.0,B076H7HV8B
pacmap,10000,8906,5.38109,1.906253,5.0,B07GPGVYGX
pacmap,10000,8907,-0.23217696,-10.75605,5.0,B00N40XALY
pacmap,10000,8908,1.2469008,-2.7263463,5.0,B07CQ8Q22G
pacmap,10000,8909,-0.7190789,1.9033952,5.0,B0085JBI6S
pacmap,10000,8910,-5.6009226,-5.38395,4.0,B00NH131LY
pacmap,10000,8911,-5.2054043,-5.65941,5.0,B01278555M
pacmap,10000,8912,0.006723457,3.8860352,5.0,B01KF2V9P2
pacmap,10000,8913,-6.321543,-5.204092,5.0,B09YJXSPPW
pacmap,10000,8914,-0.83023876,1.6612039,5.0,B0053T5QPW
pacmap,10000,8915,-0.56305206,1.8487618,4.0,B00HHLBRTI
pacmap,10000,8916,1.4468622,-4.2056575,5.0,B07XPQF1FJ
pacmap,10000,8917,0.19939354,-5.3223557,5.0,B00K3EPYP4
pacmap,10000,8918,-6.96399,1.5120201,5.0,B013CCTM2E
pacmap,10000,8919,0.005864856,2.593784,4.0,B01GE19HMK
pacmap,10000,8920,-0.94181854,8.5439005,5.0,B01LY1TAFR
pacmap,10000,8921,0.14640282,5.541086,5.0,B07BHGMNM5
pacmap,10000,8922,-1.5029618,-8.47368,4.0,B0016BQECA
pacmap,10000,8923,-0.56930655,7.201091,2.0,B01MTF2Z37
pacmap,10000,8924,1.8269472,-2.0277882,4.0,B09JLSN7LH
pacmap,10000,8925,8.169941,1.9098305,5.0,B07BGFJGGP
pacmap,10000,8926,8.13051,1.9464607,5.0,B07F4P3JH7
pacmap,10000,8927,19.412611,12.065855,5.0,B01GI29AG8
pacmap,10000,8928,3.7133155,3.6502335,5.0,B07SC1GP3C
pacmap,10000,8929,-5.742057,-2.6911721,1.0,B004CAJU8W
pacmap,10000,8930,3.5478773,4.092871,4.0,B00CPVDWHA
pacmap,10000,8931,-2.2828171,7.7167797,5.0,B00S5J7UWY
pacmap,10000,8932,-1.8861681,7.9981093,2.0,B00RRFMVEE
pacmap,10000,8933,2.2492673,0.9957001,2.0,B0B4SWZTZ1
pacmap,10000,8934,-1.0801682,-4.2977476,5.0,B075XN1NZC
pacmap,10000,8935,0.078381546,2.4528234,5.0,B07KXN4KH8
pacmap,10000,8936,3.6958008,3.0317419,5.0,0345803507
pacmap,10000,8937,7.889952,3.5501235,5.0,B0BLPBRLZ9
pacmap,10000,8938,-1.2296025,-9.841869,5.0,B0B25GGTLY
pacmap,10000,8939,3.54551,3.343269,5.0,B0BGSFH998
pacmap,10000,8940,2.0579357,5.331993,5.0,B07PNFZHLH
pacmap,10000,8941,7.1965227,4.5736284,5.0,B0BC4KR4MG
pacmap,10000,8942,0.051992286,-11.122079,5.0,B078PR4486
pacmap,10000,8943,6.7958956,3.368143,5.0,B08HJHKCNM
pacmap,10000,8944,5.455843,0.7265316,5.0,B0C14L1HPS
pacmap,10000,8945,-9.341425,-3.2716048,5.0,B01N4NS31O
pacmap,10000,8946,23.343365,3.0026174,5.0,B07LG5WBTS
pacmap,10000,8947,-2.569395,1.0843282,4.0,B0BF59V2F7
pacmap,10000,8948,10.973552,-4.609602,5.0,B08228ZBSL
pacmap,10000,8949,2.237923,4.803387,5.0,B07PFHBVSL
pacmap,10000,8950,6.8937182,3.2098598,1.0,B08KRC18S8
pacmap,10000,8951,8.714284,-0.018258397,5.0,B09T52XXVR
pacmap,10000,8952,1.7203846,3.8642116,2.0,B0BPWG9DBX
pacmap,10000,8953,-6.7599072,7.8369856,1.0,B0006GDC1M
pacmap,10000,8954,-3.7964566,9.378657,4.0,B07N8VFFNS
pacmap,10000,8955,4.283391,1.3990507,5.0,B010BWYDYA
pacmap,10000,8956,8.194036,3.7414374,5.0,B00I0G8GNY
pacmap,10000,8957,9.107424,4.016689,5.0,B00A1ACI36
pacmap,10000,8958,8.684427,3.9304025,5.0,B00LQL91I4
pacmap,10000,8959,5.932725,6.3027,5.0,B00EUUZMGI
pacmap,10000,8960,-6.3253064,-6.793914,5.0,B07NX9VY1C
pacmap,10000,8961,0.5451601,7.439813,5.0,B01F9RGOI0
pacmap,10000,8962,1.7926754,-1.1672726,5.0,B08GF1H7RZ
pacmap,10000,8963,4.7778597,1.6582358,3.0,B008KVUAGU
pacmap,10000,8964,-1.1682702,-8.187961,5.0,B00CWWF9KK
pacmap,10000,8965,-3.1926067,1.1321441,5.0,B0013BM7TW
pacmap,10000,8966,1.0717802,6.9641724,5.0,B00091S0WA
pacmap,10000,8967,-2.418708,1.1250972,5.0,B006K555EU
pacmap,10000,8968,-2.7228343,-10.940751,5.0,B00P2E000O
pacmap,10000,8969,0.24275887,7.818775,5.0,B00C1EGPR0
pacmap,10000,8970,-0.7711319,-10.594436,5.0,B009DNL19O
pacmap,10000,8971,-0.76049167,-10.101266,4.0,B007OYAVLI
pacmap,10000,8972,-1.209109,-11.112347,5.0,B09SMNKMFH
pacmap,10000,8973,1.1133916,6.289748,4.0,B0033ZSDL2
pacmap,10000,8974,-9.182574,-4.2565413,3.0,B0B18M2Q3R
pacmap,10000,8975,7.1826534,0.61014414,5.0,B01F854ZPC
pacmap,10000,8976,-3.6271777,7.4669714,5.0,B00D3F9H62
pacmap,10000,8977,10.956664,-4.610832,5.0,B00SE8UKHI
pacmap,10000,8978,8.296388,-2.412117,5.0,B0785NMZFJ
pacmap,10000,8979,8.29696,-2.3452702,5.0,B00CUJIA42
pacmap,10000,8980,8.318902,-2.4390092,5.0,B01BKUB6BA
pacmap,10000,8981,5.1478624,-0.5568629,1.0,B00KQI1MK8
pacmap,10000,8982,19.410004,12.065284,5.0,B00Y1BWM3W
pacmap,10000,8983,10.955584,-4.601284,5.0,B00FA4Y82W
pacmap,10000,8984,-0.58251154,8.07224,5.0,B003LNKAT4
pacmap,10000,8985,-6.0140204,2.6990676,5.0,B0BB6RBYJ6
pacmap,10000,8986,-6.6355257,1.7942836,5.0,B002PAR0K6
pacmap,10000,8987,1.6676072,7.634748,5.0,B0777SJZ55
pacmap,10000,8988,2.8733191,4.3764644,4.0,B07YFD37SF
pacmap,10000,8989,-6.8423643,1.2716812,4.0,B00KR4XB64
pacmap,10000,8990,-2.4513628,1.120234,5.0,B0771VF9TJ
pacmap,10000,8991,6.1242657,2.8982704,5.0,B0859VXQF9
pacmap,10000,8992,-6.456413,-1.8185387,5.0,B0BQHKBGK3
pacmap,10000,8993,-0.6207779,-10.013781,5.0,B0B62PR5FN
pacmap,10000,8994,-2.2949162,0.14657709,3.0,B0B278F7HQ
pacmap,10000,8995,-6.273861,-1.8944036,5.0,B09WMNMJ4R
pacmap,10000,8996,-7.219208,-5.8480334,5.0,B0B28RMNM2
pacmap,10000,8997,-5.219507,-2.8301883,5.0,B09L19PN2V
pacmap,10000,8998,-0.7062817,5.005924,5.0,B08LD44HHW
pacmap,10000,8999,-5.3684793,-5.680109,5.0,B0B6VK2363
pacmap,10000,9000,0.20820002,21.09423,5.0,B08HHSFT21
pacmap,10000,9001,-2.7330837,0.31983566,5.0,B0C5XLT6NV
pacmap,10000,9002,-6.256654,-1.6578385,5.0,B0871ZHCKK
pacmap,10000,9003,-1.0899845,5.2952604,5.0,B0894QWB7N
pacmap,10000,9004,2.8720505,5.4836116,5.0,B00IJU0K2Q
pacmap,10000,9005,4.7259016,-0.9888311,5.0,B000BS255Y
pacmap,10000,9006,-3.7252777,0.87947357,5.0,B00H4BBWGY
pacmap,10000,9007,5.975372,1.247751,5.0,B00YBBU0KE
pacmap,10000,9008,-7.9356036,7.7736626,5.0,B00BZC31WQ
pacmap,10000,9009,0.2591029,6.2529945,5.0,B00CV9M7AO
pacmap,10000,9010,-5.172344,1.1255352,5.0,B006MUMLK4
pacmap,10000,9011,-1.4058756,2.2547681,5.0,B0051XDOZO
pacmap,10000,9012,-0.70096385,3.811082,5.0,B01BZYZU18
pacmap,10000,9013,1.2686007,6.876104,5.0,B00CVED3UC
pacmap,10000,9014,-1.0602139,3.21598,5.0,B088BVT672
pacmap,10000,9015,-0.14463636,2.1855922,5.0,B006F34ZIY
pacmap,10000,9016,-1.2548376,2.6296232,5.0,B004VEJYEO
pacmap,10000,9017,-0.84139824,2.3556838,5.0,B008525P1O
pacmap,10000,9018,-0.7703763,2.9470356,3.0,B0047FHEMG
pacmap,10000,9019,-1.6479105,1.90291,5.0,B00GE4MNQA
pacmap,10000,9020,2.306828,7.7863226,5.0,B002VPE1WK
pacmap,10000,9021,-5.116325,0.9698271,5.0,B0C8633DBV
pacmap,10000,9022,-6.353327,-6.810408,5.0,B000NPZ4D0
pacmap,10000,9023,-1.4128624,3.2474167,5.0,B0046141OA
pacmap,10000,9024,-1.3840752,3.1291068,1.0,B00GUOPY4C
pacmap,10000,9025,-1.4730839,-8.450704,2.0,B001FZQ93Q
pacmap,10000,9026,-2.151999,9.219611,4.0,B0063KGRBW
pacmap,10000,9027,-1.7246062,-8.677259,4.0,B002FU63SQ
pacmap,10000,9028,-2.107211,-9.437283,2.0,B0BZJ3N9KZ
pacmap,10000,9029,-0.70754695,-9.395789,4.0,B0BV6W16MV
pacmap,10000,9030,0.7755853,-9.480393,5.0,B08F1P3BCC
pacmap,10000,9031,1.5936947,-0.5665013,5.0,B07KPT46ZS
pacmap,10000,9032,-7.389339,-4.4701304,1.0,B00856VHH6
pacmap,10000,9033,-3.0247843,-11.30194,2.0,B082THWZF1
pacmap,10000,9034,-0.5626146,-10.8445015,5.0,B0BG8L1PP1
pacmap,10000,9035,3.363189,-0.16757838,5.0,B00HQWLHJI
pacmap,10000,9036,1.8873094,3.7047422,5.0,B07D1MK7W1
pacmap,10000,9037,10.947069,-4.598157,5.0,B00BWF5U0M
pacmap,10000,9038,5.075301,0.90151376,2.0,B0015ACUKC
pacmap,10000,9039,1.7858508,2.0997818,5.0,B09SB493F8
pacmap,10000,9040,-9.287604,-4.2297864,1.0,B08JGJP91B
pacmap,10000,9041,-2.4251988,-10.636923,1.0,B00IVC5XRY
pacmap,10000,9042,4.805518,2.049826,4.0,B0777YWCN9
pacmap,10000,9043,5.7340055,1.3580911,5.0,B07L92L2WW
pacmap,10000,9044,22.349346,7.578354,5.0,B00IKMHS28
pacmap,10000,9045,22.350454,7.580384,5.0,B00IVPU786
pacmap,10000,9046,22.350868,7.5804515,5.0,B00HWMPSJC
pacmap,10000,9047,5.8179097,4.6806026,5.0,B00UBNCLGC
pacmap,10000,9048,22.349958,7.5796866,5.0,B08KZ1TZYB
pacmap,10000,9049,23.343405,2.999952,5.0,B01N75TWSA
pacmap,10000,9050,23.341795,2.9997237,5.0,B00NQ9OQU2
pacmap,10000,9051,23.34167,2.9997807,5.0,B00U3FPN4U
pacmap,10000,9052,9.832785,3.974206,5.0,B00L0YLRUW
pacmap,10000,9053,23.341505,2.9997106,5.0,B00R124LAK
pacmap,10000,9054,9.828886,4.0052395,5.0,B01CRA11IU
pacmap,10000,9055,23.342545,2.9996345,5.0,B016N0RIXC
pacmap,10000,9056,1.5222785,5.999793,5.0,B09V9H9MVQ
pacmap,10000,9057,-3.921413,7.772044,5.0,B01N24N9TH
pacmap,10000,9058,9.825937,3.9992778,5.0,B07BV97DCH
pacmap,10000,9059,-1.344295,-3.910166,3.0,B00GR4PSAK
pacmap,10000,9060,-0.7611489,6.4864397,5.0,B00BR485DC
pacmap,10000,9061,7.465459,2.3079507,5.0,B00TC6FKOY
pacmap,10000,9062,1.2572018,4.357289,5.0,B018CWI6M6
pacmap,10000,9063,1.0094488,2.1372335,5.0,B083BR5DJB
pacmap,10000,9064,4.622096,2.2379842,5.0,B07S5JVP78
pacmap,10000,9065,3.6093776,1.3115461,5.0,B09Y5NJ3DZ
pacmap,10000,9066,-2.5740378,-12.0146885,5.0,B07T8FG649
pacmap,10000,9067,-2.3414648,-8.951456,4.0,B00SRHXBIQ
pacmap,10000,9068,7.0686145,2.5399709,5.0,B06XFXX5JH
pacmap,10000,9069,3.0706677,2.2761738,4.0,B0784G52RL
pacmap,10000,9070,-7.1279955,-2.895334,5.0,B09KV19HQ5
pacmap,10000,9071,-2.691995,7.5889316,5.0,B00S0BWR2K
pacmap,10000,9072,1.5059199,2.5866632,5.0,B073Z97TVC
pacmap,10000,9073,5.9959006,6.7278924,5.0,B00XJKC4SE
pacmap,10000,9074,-3.5144227,-11.638987,1.0,B0094R4POC
pacmap,10000,9075,7.049015,4.538759,5.0,B01EKKQ02C
pacmap,10000,9076,4.2710924,5.3565893,5.0,B018SZT3BK
pacmap,10000,9077,3.4936783,1.7683647,5.0,B015NBTFFQ
pacmap,10000,9078,6.3473306,4.7942653,5.0,B00I8TU9KQ
pacmap,10000,9079,-0.5758173,-10.852439,5.0,B07TJLM1YM
pacmap,10000,9080,-7.709588,-5.4420786,5.0,B0BZ15FM42
pacmap,10000,9081,-4.413391,-3.357913,5.0,B01EN1PI8K
pacmap,10000,9082,-1.5045651,-7.7240214,5.0,B004H1M6MI
pacmap,10000,9083,5.683397,3.3960016,5.0,B00JKQKAL4
pacmap,10000,9084,-3.2957375,-10.444553,5.0,B071GYD3WV
pacmap,10000,9085,3.1708958,3.9368398,1.0,B009IZ82DA
pacmap,10000,9086,5.0404606,2.9085083,5.0,B00C4VSJD8
pacmap,10000,9087,4.7715507,4.3224063,5.0,B00F8PP3OK
pacmap,10000,9088,0.48262012,-0.3796318,5.0,B0071KSMSY
pacmap,10000,9089,-3.7235014,9.231327,5.0,B007HCCNJU
pacmap,10000,9090,-6.9804516,-4.299037,5.0,B004UW0EMS
pacmap,10000,9091,-1.7308459,7.784806,5.0,B004SD22PQ
pacmap,10000,9092,2.7616735,1.9183271,5.0,B0000AHO91
pacmap,10000,9093,-2.1163275,-4.8107405,5.0,B073HF74TG
pacmap,10000,9094,-0.6309653,-3.4552362,5.0,B000P0QD6U
pacmap,10000,9095,-3.838327,9.164815,5.0,B005DOK8NW
pacmap,10000,9096,-7.1394234,-5.7930875,5.0,B007VDMI0O
pacmap,10000,9097,-2.7819014,-11.189261,5.0,B005M08NM0
pacmap,10000,9098,3.8556414,2.792421,5.0,B007TMXJK0
pacmap,10000,9099,-1.3251939,-11.491608,5.0,B0084VBF8I
pacmap,10000,9100,5.2182736,1.9277073,5.0,B007XTIPH6
pacmap,10000,9101,4.6006055,2.0849872,5.0,B09TWVB2TH
pacmap,10000,9102,-5.3007846,-5.4847565,4.0,B002MZZSGC
pacmap,10000,9103,4.299689,2.6614678,5.0,B000P0S7UK
pacmap,10000,9104,4.7022004,2.490168,5.0,B005755TZY
pacmap,10000,9105,-0.14831394,0.824637,4.0,B0007T26YW
pacmap,10000,9106,-0.5942841,-3.276862,5.0,B00011R47U
pacmap,10000,9107,2.4933174,1.9103382,5.0,B09S35XDHK
pacmap,10000,9108,2.6046863,6.9656563,5.0,B09794SBLT
pacmap,10000,9109,-6.436498,1.6683135,5.0,B0BRZFGB6R
pacmap,10000,9110,-1.4838994,7.901839,5.0,B07XY2ZKYB
pacmap,10000,9111,2.4623575,-8.88878,3.0,B07GZFM1ZM
pacmap,10000,9112,-0.1221549,-9.056141,5.0,B00023NDLS
pacmap,10000,9113,-3.2723532,-8.78727,5.0,B09RD36X6L
pacmap,10000,9114,0.23852015,21.026613,5.0,B0095PZHPE
pacmap,10000,9115,0.81632864,-0.70346385,3.0,B09YLKXNSN
pacmap,10000,9116,5.6798034,1.6436542,5.0,B0BMXMNG7G
pacmap,10000,9117,2.894186,4.202791,1.0,B09Y4HCRLM
pacmap,10000,9118,1.1146181,3.2379923,1.0,B01D0H1ILY
pacmap,10000,9119,-0.0800779,3.873208,5.0,B077TY2YN2
pacmap,10000,9120,-10.33025,-4.0914536,5.0,B07DWR6TYJ
pacmap,10000,9121,-10.30056,-3.6170626,5.0,B07ZP187WJ
pacmap,10000,9122,2.663505,3.4742706,4.0,B07LH37N6B
pacmap,10000,9123,-5.7645006,7.3726516,4.0,B07FN2N9ZF
pacmap,10000,9124,5.36495,-0.5722429,5.0,B005NYD7US
pacmap,10000,9125,4.771897,-0.23306416,1.0,B00ZGRGE70
pacmap,10000,9126,-8.60005,-2.7811613,2.0,B01DDREF2A
pacmap,10000,9127,4.065135,1.028521,4.0,B0088TKH3A
pacmap,10000,9128,3.2053683,2.6209798,4.0,B000086EYG
pacmap,10000,9129,4.005394,2.8192356,5.0,B0BR6ZF28J
pacmap,10000,9130,-1.9408417,1.6221968,1.0,B09C82NT4X
pacmap,10000,9131,-6.5754895,-4.141669,4.0,B09JJYSYJD
pacmap,10000,9132,-2.4575696,1.9671842,5.0,B092LNDYSG
pacmap,10000,9133,-10.567091,-3.2427793,5.0,B07L1PB117
pacmap,10000,9134,-2.2499208,0.9718228,5.0,B08HGFB47M
pacmap,10000,9135,-4.079581,1.2559934,5.0,B0BRZG5TK4
pacmap,10000,9136,-7.133744,1.68895,4.0,B0B6D4W3R7
pacmap,10000,9137,-2.3764424,-11.66376,5.0,B099YNPQJ5
pacmap,10000,9138,2.0410712,-2.3276186,3.0,B0BVV55XQ1
pacmap,10000,9139,8.195806,2.0200453,5.0,B08FXL1HBL
pacmap,10000,9140,3.2947857,1.7055086,1.0,B09YH2K3FL
pacmap,10000,9141,4.8171124,-0.85056096,1.0,B01H3XYJS0
pacmap,10000,9142,7.25613,1.3008714,5.0,B07K37HKT8
pacmap,10000,9143,-2.6664028,-7.8969965,5.0,B08TX9GNB3
pacmap,10000,9144,-1.675591,-5.475845,1.0,B000056KYO
pacmap,10000,9145,-0.57410085,-3.473248,5.0,B01N7KKDOT
pacmap,10000,9146,4.854107,-0.71317446,1.0,B00IF70SDO
pacmap,10000,9147,3.833357,2.0820918,5.0,B0016OYZBY
pacmap,10000,9148,-0.30007914,-5.7964516,1.0,B005QCD0GS
pacmap,10000,9149,-0.6187577,5.188011,3.0,B005IXSXPI
pacmap,10000,9150,-1.8314489,-8.854421,2.0,B000IIBHGK
pacmap,10000,9151,3.8663158,2.411468,3.0,B000001OMZ
pacmap,10000,9152,-1.8397143,0.3628548,5.0,B07TMJ8S5Z
pacmap,10000,9153,3.812761,2.1270235,2.0,B09DGFHKNC
pacmap,10000,9154,1.4248137,-1.8245058,1.0,B09Q4NHCWY
pacmap,10000,9155,-1.0959302,-8.437459,5.0,B07S6X6RLG
pacmap,10000,9156,2.4001837,2.9236326,5.0,B0BTPBBL52
pacmap,10000,9157,3.8164775,1.852016,5.0,B09Z93GXLK
pacmap,10000,9158,-1.0240297,-7.9235005,5.0,B088CSDZQM
pacmap,10000,9159,-7.131027,-5.015793,5.0,B08J83TR22
pacmap,10000,9160,-0.49243432,-3.4414263,5.0,B0BV3NWX67
pacmap,10000,9161,2.517415,2.593675,5.0,B07R1KHSR4
pacmap,10000,9162,4.0521913,3.3170307,5.0,B0C6PGZ3MB
pacmap,10000,9163,-1.7927375,-4.838654,4.0,B0B6D4W3R7
pacmap,10000,9164,2.7834678,-1.0936499,2.0,B0C5M4WVY2
pacmap,10000,9165,-0.010824867,0.8671101,5.0,B0BRLZFYTJ
pacmap,10000,9166,0.89871454,3.726051,5.0,B06XD17W7W
pacmap,10000,9167,-10.534902,-3.4296122,5.0,B01LYCMLY5
pacmap,10000,9168,3.9220667,2.4936085,5.0,B08739SDH3
pacmap,10000,9169,-1.8929889,0.20569657,3.0,B079YDZ3QJ
pacmap,10000,9170,-10.426097,-3.4845986,2.0,B0817VT1Q2
pacmap,10000,9171,-2.5833054,0.8184659,3.0,B07KBZ52PN
pacmap,10000,9172,-10.180022,-2.936347,5.0,B07QY74JVJ
pacmap,10000,9173,0.70144045,3.5910277,5.0,B07ZV5P9RQ
pacmap,10000,9174,-1.6627793,-11.487294,5.0,B093Q4CMGB
pacmap,10000,9175,-6.2736254,1.7239401,5.0,B0BJW2XLMR
pacmap,10000,9176,-3.0558546,-12.52721,5.0,B07S764D9V
pacmap,10000,9177,5.922376,6.889418,5.0,B08KG14KCT
pacmap,10000,9178,5.465824,1.426973,1.0,B00FBJ48JE
pacmap,10000,9179,4.743907,-0.91953844,3.0,B0CCD3VDQN
pacmap,10000,9180,5.782784,1.7610301,5.0,B00OUUTYIU
pacmap,10000,9181,2.3431451,2.922336,5.0,B07BB4QSLL
pacmap,10000,9182,-9.038847,-3.6894698,5.0,B08739SDH3
pacmap,10000,9183,5.3217335,1.3510268,5.0,B01LY2QRH0
pacmap,10000,9184,5.3989854,1.3109925,5.0,B00FBJ460K
pacmap,10000,9185,6.0441923,2.0544603,5.0,B0C7TS233Q
pacmap,10000,9186,-2.3635793,1.0862138,5.0,B087MDK9DK
pacmap,10000,9187,5.9019184,1.9918349,5.0,B092WHC7C1
pacmap,10000,9188,-1.6041758,2.353231,5.0,B012ZHJNV2
pacmap,10000,9189,1.3298993,0.45937142,5.0,B01L3VEC94
pacmap,10000,9190,0.9078042,1.0537559,5.0,B011NT1ODS
pacmap,10000,9191,-7.457949,-2.414011,5.0,B01H14SFRM
pacmap,10000,9192,2.462344,3.0715666,5.0,B00P6N9KE8
pacmap,10000,9193,7.399304,0.32220086,5.0,B09966K2LT
pacmap,10000,9194,7.158158,4.392736,5.0,B000YQSKPM
pacmap,10000,9195,-6.447466,1.9315914,5.0,B00JW6O9EQ
pacmap,10000,9196,0.35885444,8.647873,5.0,B00B3507Q8
pacmap,10000,9197,6.2645807,2.1045926,5.0,B00FRQ0TBC
pacmap,10000,9198,6.3626347,2.5944655,5.0,B00EUY59Z8
pacmap,10000,9199,-0.16688517,-9.957903,5.0,B004VF4D9E
pacmap,10000,9200,-1.2449197,-9.931284,5.0,B009UNGTH6
pacmap,10000,9201,2.608355,7.4690194,5.0,B002NUDGOC
pacmap,10000,9202,-8.132235,-4.2459373,5.0,B002RZ3CBU
pacmap,10000,9203,5.2475166,1.025949,5.0,B00632MUHA
pacmap,10000,9204,1.510658,-3.994767,3.0,B093HBZVT6
pacmap,10000,9205,0.8274227,-2.832685,5.0,B07VGTG17P
pacmap,10000,9206,-9.024551,-4.408554,5.0,B0753G7SJ5
pacmap,10000,9207,4.5903735,0.6108954,1.0,B09Y2SCJPD
pacmap,10000,9208,1.5362552,-2.6504946,1.0,B09J2LT45L
pacmap,10000,9209,0.55205333,8.227801,5.0,B08CXBT1VP
pacmap,10000,9210,-7.2918735,-3.130752,5.0,B08B65KK8V
pacmap,10000,9211,-0.26943266,0.6302806,5.0,B00BTKGHDE
pacmap,10000,9212,-7.1825013,-4.5490184,1.0,B0967JBZN9
pacmap,10000,9213,-6.8976893,-4.923208,5.0,B0796LV9SY
pacmap,10000,9214,-1.6834295,6.954062,5.0,B0914VHYJZ
pacmap,10000,9215,6.4587836,2.8959115,5.0,B0BDPY3QVG
pacmap,10000,9216,-1.0730091,8.350591,5.0,B091YR9YWJ
pacmap,10000,9217,-9.375674,-4.343813,5.0,B0B5N1GTBN
pacmap,10000,9218,5.574434,1.2236636,5.0,B08RSCQBHR
pacmap,10000,9219,8.903033,-3.0516155,5.0,B093C6DW8H
pacmap,10000,9220,8.613969,3.88936,5.0,B078LVK34L
pacmap,10000,9221,5.9135327,0.012671115,5.0,B082T78RKN
pacmap,10000,9222,2.3269424,-8.407832,5.0,B0791TX5P5
pacmap,10000,9223,4.5349426,2.734501,5.0,B07HKTKJ5C
pacmap,10000,9224,3.991402,4.7927885,5.0,B07CLBNM1C
pacmap,10000,9225,6.3593574,2.7653518,5.0,B07CKKX42P
pacmap,10000,9226,10.958355,-4.6061244,5.0,B08P1TWXC9
pacmap,10000,9227,6.110627,6.968782,5.0,B07N5LJCWN
pacmap,10000,9228,4.612288,0.18876016,4.0,B01D84LZ1W
pacmap,10000,9229,8.373584,-2.7487843,5.0,B00HJ0VXJQ
pacmap,10000,9230,6.172703,0.066539876,4.0,B0BGNG1294
pacmap,10000,9231,6.2787194,0.07692456,2.0,B01N75TWSA
pacmap,10000,9232,-0.6630853,-3.5541446,5.0,B01NAWBY12
pacmap,10000,9233,-0.6482821,5.26771,4.0,B06XXLVKGF
pacmap,10000,9234,4.539937,0.1937309,2.0,B00FR6SQFS
pacmap,10000,9235,-0.72752553,-9.970757,1.0,B00SMBFZNG
pacmap,10000,9236,-0.00060069415,-10.758604,5.0,B007PZYBTY
pacmap,10000,9237,-0.8223687,-11.116277,3.0,B01E6OSCBY
pacmap,10000,9238,-0.51462746,-4.215833,5.0,B07HNVKJSL
pacmap,10000,9239,1.5898615,0.9930893,5.0,B0CFB5XD2Z
pacmap,10000,9240,-0.84817225,-9.863502,5.0,B09W4W9SYF
pacmap,10000,9241,-9.376138,-4.130233,5.0,B0756HHHL2
pacmap,10000,9242,-2.3408291,-10.745621,2.0,B0BS1615YC
pacmap,10000,9243,-2.4061303,-12.084629,4.0,B08Q2D3XR1
pacmap,10000,9244,0.1903651,1.2161611,4.0,B00LD3Q56G
pacmap,10000,9245,-2.4657373,-11.58588,5.0,B07S764D9V
pacmap,10000,9246,-7.350291,-4.9968395,5.0,B00IWA1MNE
pacmap,10000,9247,-8.245932,-4.9466553,5.0,B00HPTTZDC
pacmap,10000,9248,-2.1218388,-12.683096,3.0,B00J3VUKVQ
pacmap,10000,9249,0.93552274,6.1933823,5.0,B00DBR67WO
pacmap,10000,9250,-0.82344633,-3.0459375,5.0,B00E59WGTU
pacmap,10000,9251,-2.2395246,-12.325287,5.0,B00KJLMMA6
pacmap,10000,9252,-2.2921662,7.9659643,4.0,B00M7E3OZA
pacmap,10000,9253,6.945617,1.6877445,5.0,B08MBTW7HC
pacmap,10000,9254,2.29471,3.5815282,5.0,B071WW8P83
pacmap,10000,9255,-6.231581,-6.7347465,5.0,B06XW37LBG
pacmap,10000,9256,4.3659925,1.52262,5.0,B01CW4BN5M
pacmap,10000,9257,-2.0252075,-0.08747926,5.0,B016F3M7OM
pacmap,10000,9258,-0.78737855,8.373188,4.0,B09FJLY7BH
pacmap,10000,9259,-1.1732118,6.591427,5.0,B0BZVF3W2L
pacmap,10000,9260,-1.1428514,5.96686,2.0,B09175ND1N
pacmap,10000,9261,-1.1871899,8.587929,3.0,B09D7KRFWV
pacmap,10000,9262,-0.5098006,5.806888,1.0,B08R3MG1DL
pacmap,10000,9263,1.3306614,7.2944484,5.0,B07BWFNBZK
pacmap,10000,9264,-3.7508583,4.475121,5.0,B0C2QJ4FF7
pacmap,10000,9265,-7.2046385,-3.915665,3.0,B07KVKGQ4K
pacmap,10000,9266,-5.238885,-5.5187473,5.0,B01GTH5Z3E
pacmap,10000,9267,-1.352607,6.864074,3.0,B0BPMM75N8
pacmap,10000,9268,-9.678277,-3.6151295,2.0,B0184NF68A
pacmap,10000,9269,-6.117234,-5.895113,5.0,B01F9RGSFE
pacmap,10000,9270,0.2079309,6.6164327,5.0,B01B7X4HVQ
pacmap,10000,9271,-7.631892,-5.701793,5.0,B00M5JG8ZK
pacmap,10000,9272,-2.813082,-10.493493,5.0,B06XKM77TP
pacmap,10000,9273,-1.4891437,2.9820924,5.0,B00DQDWUFQ
pacmap,10000,9274,2.4170187,7.678833,5.0,B008D6SX8Y
pacmap,10000,9275,-3.0975409,0.50894684,4.0,B00UY5Y868
pacmap,10000,9276,10.955636,-4.5975533,5.0,B072JJNVJ5
pacmap,10000,9277,8.2783,-2.7517502,3.0,B073VMG4FN
pacmap,10000,9278,6.1363077,-0.68482363,4.0,B0144AAIWQ
pacmap,10000,9279,23.343319,3.0001411,4.0,B01B6197JG
pacmap,10000,9280,10.946261,-4.596084,4.0,B00HC0691U
pacmap,10000,9281,5.7005143,2.992367,4.0,B00STPOLIA
pacmap,10000,9282,11.027034,-4.6618285,4.0,B000FIY08U
pacmap,10000,9283,-2.2792711,9.316492,5.0,B09MVNFD2W
pacmap,10000,9284,-2.5182147,9.132435,5.0,B016836DDK
pacmap,10000,9285,-3.6335258,8.774264,5.0,B00VKIY9RG
pacmap,10000,9286,-1.1155132,-11.281366,5.0,B08CRRL7CR
pacmap,10000,9287,-3.2001278,-12.419169,5.0,B06X16Z7DZ
pacmap,10000,9288,-0.73353076,-3.1488311,1.0,B07BKBJS45
pacmap,10000,9289,-0.65580463,-4.5815744,1.0,B00X5C22SS
pacmap,10000,9290,-3.6837845,9.197646,4.0,B008GFRE5A
pacmap,10000,9291,-3.709897,9.291179,5.0,B006GWO5WK
pacmap,10000,9292,-0.520739,6.974382,5.0,B0BQHNB35H
pacmap,10000,9293,0.62050796,6.6392345,1.0,B09FPY6YK2
pacmap,10000,9294,1.0451308,-2.6276257,5.0,B08LPTDW6T
pacmap,10000,9295,3.7211084,1.0150061,5.0,B00E0E2DIE
pacmap,10000,9296,1.7987765,-4.18833,5.0,B07Q478Y95
pacmap,10000,9297,-5.7083216,4.139261,5.0,B081VSP25F
pacmap,10000,9298,2.7283046,-8.811478,4.0,B07FQ24C67
pacmap,10000,9299,-1.8102138,1.1915842,5.0,B07Y1QGRWC
pacmap,10000,9300,0.5476951,-4.023096,5.0,B07KTYJ769
pacmap,10000,9301,-0.43477193,-0.08228944,5.0,B07N86MCD2
pacmap,10000,9302,5.2067604,1.3794855,1.0,B0BS2TMK39
pacmap,10000,9303,-2.041757,-10.488204,5.0,B07P65VSYR
pacmap,10000,9304,-1.8228134,0.1650463,5.0,B07G62CTBW
pacmap,10000,9305,1.274412,-4.1264496,5.0,B07BG98GNZ
pacmap,10000,9306,-5.8740134,-5.1178803,5.0,B07GTGHQHB
pacmap,10000,9307,2.03521,6.988628,5.0,B01862K1YS
pacmap,10000,9308,0.12754154,21.220554,5.0,B017Y6B8CQ
pacmap,10000,9309,-9.252422,-4.205461,5.0,B06Y26RTKR
pacmap,10000,9310,2.2020338,-9.062752,3.0,B01K8B8YA8
pacmap,10000,9311,-2.2224917,0.059142005,5.0,B00CR0JAT8
pacmap,10000,9312,-1.0853986,-9.325396,5.0,B00CO07C5A
pacmap,10000,9313,0.93014795,1.7312824,5.0,B004UETB20
pacmap,10000,9314,-2.1004462,-0.12954816,2.0,B084T3RMQ6
pacmap,10000,9315,-6.410265,2.289171,3.0,B0BP52CQCW
pacmap,10000,9316,0.22732428,-2.8106477,4.0,B07H2F373Y
pacmap,10000,9317,-0.7893637,6.6834235,3.0,B095ZV29YF
pacmap,10000,9318,-1.3286308,-6.3567414,1.0,B00RXEWOAA
pacmap,10000,9319,-2.0831733,4.529822,5.0,B00KF7Q4WG
pacmap,10000,9320,0.91993064,-0.16138586,3.0,B077T4G4PX
pacmap,10000,9321,-0.76449984,-9.565548,2.0,B0063NU3AA
pacmap,10000,9322,-0.16359423,-10.662914,5.0,B005F4N6G6
pacmap,10000,9323,-6.5048738,1.5468198,1.0,B00XI4OL82
pacmap,10000,9324,-6.717479,0.6539356,4.0,B01EOHXF0G
pacmap,10000,9325,-7.125994,1.8397099,2.0,B010278JVM
pacmap,10000,9326,-0.49810812,-10.01071,3.0,B0BW4PFM58
pacmap,10000,9327,-6.968376,1.3018746,3.0,B06XHWWJRW
pacmap,10000,9328,0.10834672,-3.0458922,2.0,B0BDDXWX5T
pacmap,10000,9329,1.2525933,3.8189955,5.0,B00AYJFXIQ
pacmap,10000,9330,0.46823183,3.071312,1.0,B000068P8W
pacmap,10000,9331,-1.2228186,-4.7132277,1.0,B001TK3D4K
pacmap,10000,9332,0.93818575,-3.6382482,5.0,B083NFNN99
pacmap,10000,9333,-10.394093,-3.4058163,5.0,B07SD4SNSB
pacmap,10000,9334,-1.8216292,7.0961523,4.0,B078YQS231
pacmap,10000,9335,-3.7904313,-12.114982,4.0,B083TWD5HP
pacmap,10000,9336,-7.1124825,-5.968967,4.0,B01KSCZHQG
pacmap,10000,9337,2.2115068,-9.070588,4.0,B07MLY3JKV
pacmap,10000,9338,-10.505483,-3.4750512,5.0,B00ZDGITGI
pacmap,10000,9339,-7.275066,-3.578486,3.0,B07F8ZHBLS
pacmap,10000,9340,3.573712,1.9347377,5.0,B0BZLBL1L9
pacmap,10000,9341,-10.120797,-3.271393,3.0,B0CBVWHXTS
pacmap,10000,9342,-7.150581,-3.7395053,1.0,B07QRZBZ9D
pacmap,10000,9343,-3.6055708,-7.043127,3.0,B07K25P3N1
pacmap,10000,9344,-3.1309533,-11.158282,4.0,B08YKHW429
pacmap,10000,9345,-1.950349,-0.03246051,4.0,B07324B77V
pacmap,10000,9346,-0.7222228,6.5419846,3.0,B01COWDBYS
pacmap,10000,9347,-3.612946,7.824464,5.0,B00Q5CZ0RA
pacmap,10000,9348,-1.4616418,8.062145,4.0,B00WMK3D0K
pacmap,10000,9349,-2.390359,-0.0095059415,3.0,B00SIM78R0
pacmap,10000,9350,2.707209,2.3385825,5.0,B07QW3MNXQ
pacmap,10000,9351,0.11409512,-9.490542,5.0,B0058BG0UK
pacmap,10000,9352,4.8345675,2.871342,4.0,B004O4HTDE
pacmap,10000,9353,0.732259,1.806805,5.0,B0067HY7HW
pacmap,10000,9354,6.2344437,-1.1213673,5.0,B00E1CRC86
pacmap,10000,9355,-1.2066631,3.2733912,5.0,B00007LA0T
pacmap,10000,9356,-2.3896425,1.0755712,4.0,B00906D9YE
pacmap,10000,9357,7.984766,2.1216714,5.0,B0088N90AW
pacmap,10000,9358,-1.4943,3.0514076,5.0,B0058I7CVE
pacmap,10000,9359,-3.3685853,-12.360549,4.0,B00WURKW1S
pacmap,10000,9360,-0.36817706,-5.723097,5.0,B07DGZ8ZC7
pacmap,10000,9361,-3.378127,-4.76014,5.0,B00XHU3354
pacmap,10000,9362,-10.079647,-4.8462057,5.0,B01EQWU9EO
pacmap,10000,9363,0.877863,-0.5058374,5.0,B00SG3CWGS
pacmap,10000,9364,-4.203411,0.9793831,5.0,B091LDVYZK
pacmap,10000,9365,-2.1235173,8.101456,1.0,B0129D1QYE
pacmap,10000,9366,2.2823968,8.309761,5.0,B00CQUVHC2
pacmap,10000,9367,-2.3252723,9.1392145,5.0,B07C9H4JY8
pacmap,10000,9368,1.8472078,2.4400423,5.0,B00O4SBLBQ
pacmap,10000,9369,-3.3127012,9.339422,5.0,B012SXFW72
pacmap,10000,9370,-3.5894606,9.159622,5.0,B010BWYDYA
pacmap,10000,9371,0.79127324,-0.11723094,5.0,B01I4TE612
pacmap,10000,9372,-3.0698292,-12.219552,4.0,B0C1ZHJRGB
pacmap,10000,9373,6.354197,-0.49234617,5.0,B0822MT2NH
pacmap,10000,9374,5.8831644,0.15661149,5.0,B07CWQGX93
pacmap,10000,9375,3.406006,1.1430097,5.0,B00HEEOQBO
pacmap,10000,9376,3.674103,0.16773398,5.0,B079V4L9BD
pacmap,10000,9377,3.6226583,1.3111762,1.0,B0BJVDXRQX
pacmap,10000,9378,0.18030053,-4.8172364,5.0,B0BL6788GP
pacmap,10000,9379,3.514004,0.96938473,5.0,B0BYYJPGQB
pacmap,10000,9380,-3.5915189,-11.889283,2.0,B005M08M2Q
pacmap,10000,9381,3.514766,3.965362,5.0,B09BN68NPQ
pacmap,10000,9382,-5.168008,3.033824,5.0,B09659G5MR
pacmap,10000,9383,8.072337,2.2336452,5.0,B07S764D9V
pacmap,10000,9384,4.673525,3.541094,5.0,B072FHJVT2
pacmap,10000,9385,3.0189633,6.7023654,5.0,B007RHU7F2
pacmap,10000,9386,-0.5288883,-3.4583335,5.0,B08W461XSH
pacmap,10000,9387,-2.2505236,0.21660635,5.0,B08F6GPRH6
pacmap,10000,9388,-1.5629897,8.3496475,5.0,B07Q2ZKBQS
pacmap,10000,9389,7.1352005,0.7194092,5.0,B01BERGPX8
pacmap,10000,9390,-3.3535302,-11.694127,1.0,B00DF37H3W
pacmap,10000,9391,4.9545984,0.21201654,5.0,B000001OKZ
pacmap,10000,9392,4.397528,3.605061,5.0,B01M0EKE4T
pacmap,10000,9393,0.99907476,-1.7603755,5.0,B0087NZ31S
pacmap,10000,9394,-4.0060344,7.6580215,5.0,B0189XYW08
pacmap,10000,9395,-0.64245886,-11.237876,5.0,B0C3H2SV75
pacmap,10000,9396,-10.179384,-2.9013085,5.0,B07TJ38TNL
pacmap,10000,9397,-2.8631938,1.5744126,5.0,B0095FQH1M
pacmap,10000,9398,2.4578803,6.564318,5.0,B007Y91RAC
pacmap,10000,9399,4.0373225,1.5171673,5.0,B00CU2K7VI
pacmap,10000,9400,-1.1803598,-7.7813215,5.0,B00512Q4M0
pacmap,10000,9401,-8.462464,-4.5023203,5.0,B00B3OA7R8
pacmap,10000,9402,-4.907442,1.0000949,1.0,B003DV4234
pacmap,10000,9403,-0.14241771,-5.396796,5.0,B0C3NMZ2C7
pacmap,10000,9404,0.13259612,21.202768,5.0,B0BLD1HN66
pacmap,10000,9405,0.33506328,1.316074,5.0,B07W5QVC72
pacmap,10000,9406,0.18464814,21.121632,5.0,B08PB9FFM8
pacmap,10000,9407,3.5236702,1.4841405,5.0,B0BG75H724
pacmap,10000,9408,-3.6981947,9.364605,5.0,B01M3ULMWP
pacmap,10000,9409,0.25668994,7.918893,5.0,B0719KZW4L
pacmap,10000,9410,2.5686538,2.123523,5.0,B01940JPLQ
pacmap,10000,9411,4.8902116,-0.30580315,4.0,B071YPQQFF
pacmap,10000,9412,2.20085,2.54719,5.0,B08L3SWXY1
pacmap,10000,9413,3.2132437,4.8327003,4.0,B07BF5VW8K
pacmap,10000,9414,6.0223775,4.0664907,4.0,B072N2RZJG
pacmap,10000,9415,-7.064313,-4.858495,4.0,B07SSYXHRR
pacmap,10000,9416,0.28373003,20.942722,4.0,B00ITHFHL8
pacmap,10000,9417,5.5944486,4.4604177,5.0,B003ILIFEG
pacmap,10000,9418,4.8390846,1.6632336,4.0,B00841AGCO
pacmap,10000,9419,-3.6144059,9.170338,5.0,B00OQVZDJM
pacmap,10000,9420,-2.235029,1.2151343,4.0,B001I3X3HU
pacmap,10000,9421,-3.5661714,-12.324475,5.0,B08FX6FB1S
pacmap,10000,9422,3.8364012,2.5173564,1.0,B0000BYDKO
pacmap,10000,9423,-10.282257,-3.6011803,1.0,B0C81DBWRQ
pacmap,10000,9424,17.02725,-1.7574812,5.0,B09ZKN1KVG
pacmap,10000,9425,3.8082538,4.2953734,5.0,B0719897GN
pacmap,10000,9426,7.097658,0.45668262,5.0,B0756NMHLD
pacmap,10000,9427,5.143865,0.6956267,5.0,B00LHERVM8
pacmap,10000,9428,0.33036467,8.718388,5.0,B00P0ZAKG4
pacmap,10000,9429,-1.5414759,-8.447172,5.0,B09FHGH3Q4
pacmap,10000,9430,6.1963096,2.502028,5.0,B07XKPDG2Q
pacmap,10000,9431,22.348455,7.580464,3.0,B084LS3RQJ
pacmap,10000,9432,5.630482,2.5627625,3.0,B07PBD8C26
pacmap,10000,9433,4.227469,4.8428974,4.0,B08MBX4FNC
pacmap,10000,9434,4.32238,4.659344,4.0,B0BRZFGB6R
pacmap,10000,9435,2.066434,5.73373,4.0,B07NL2S9QW
pacmap,10000,9436,8.330768,-2.5705945,4.0,B01LWWRZD1
pacmap,10000,9437,-1.450965,8.193113,4.0,B09H64B2QN
pacmap,10000,9438,2.342812,5.7475514,3.0,B0BZ5KPQZK
pacmap,10000,9439,-3.0908833,-12.401169,5.0,B01J0S4AAS
pacmap,10000,9440,8.697344,4.2038774,4.0,B0B3HP29S4
pacmap,10000,9441,1.9485804,3.7808135,5.0,B07TLKYNHG
pacmap,10000,9442,7.1312885,2.4687288,5.0,B0C556BW5M
pacmap,10000,9443,6.257866,2.2695162,5.0,B01MS0KRA4
pacmap,10000,9444,3.7611594,2.3960767,5.0,B00GN76HAG
pacmap,10000,9445,6.860259,-0.53837246,5.0,B0BCWK45KD
pacmap,10000,9446,3.7304463,1.0656981,5.0,B07211W6X2
pacmap,10000,9447,6.2832193,-0.5232907,5.0,B07C9C7N4G
pacmap,10000,9448,3.7353327,4.7233543,5.0,B011K4XZQ0
pacmap,10000,9449,3.8817642,2.5799112,4.0,B01C7HZ47M
pacmap,10000,9450,2.6147678,2.47713,4.0,B0BHSV5MQ2
pacmap,10000,9451,22.350557,7.580227,5.0,B0B1M6Q6XC
pacmap,10000,9452,5.683979,2.0042067,5.0,B07QG6F5C8
pacmap,10000,9453,3.8693757,2.3577523,5.0,B07DK3RTX9
pacmap,10000,9454,-0.36293048,-9.970021,5.0,B0BW4PFM58
pacmap,10000,9455,-6.565259,-4.916838,5.0,B07NBQ1WJ7
pacmap,10000,9456,-1.5224305,-9.838253,5.0,B0B5SXC463
pacmap,10000,9457,-1.1561358,-9.232882,5.0,B08X7H3GMK
pacmap,10000,9458,-2.780947,-11.3412,1.0,B09SGB2WV4
pacmap,10000,9459,0.52013856,-8.278969,5.0,B00176T9OY
pacmap,10000,9460,4.9527545,-0.37625387,5.0,B07R4SP65H
pacmap,10000,9461,-2.260318,-9.051967,5.0,B08CHHKM9M
pacmap,10000,9462,0.7983447,1.9007051,5.0,B07GSCCJ9Y
pacmap,10000,9463,-2.2293446,-7.6030035,1.0,B07VTK654B
pacmap,10000,9464,-5.2456155,3.770904,5.0,B01D8BK8YA
pacmap,10000,9465,3.4376357,4.197914,5.0,B07WLLZYNQ
pacmap,10000,9466,-0.20842198,-5.937571,5.0,B071V7SV6P
pacmap,10000,9467,1.5866917,-4.389079,2.0,B078KNZBHM
pacmap,10000,9468,-2.207208,4.567618,5.0,B07Y4XH11L
pacmap,10000,9469,-6.2793155,4.907015,3.0,B071ZT43CQ
pacmap,10000,9470,-1.345166,2.6339276,5.0,B01LNDARMS
pacmap,10000,9471,-10.110906,-4.2236433,5.0,B00K8UO288
pacmap,10000,9472,5.394268,0.5333145,5.0,B018QEETLM
pacmap,10000,9473,5.2263894,0.9060652,5.0,B008I780R2
pacmap,10000,9474,4.9381013,-0.42045233,1.0,B07G61JRYR
pacmap,10000,9475,-2.2368884,-8.172636,5.0,B00P9WK1BW
pacmap,10000,9476,-6.8474603,1.6826022,5.0,B07R74DWW1
pacmap,10000,9477,2.9851859,2.1955976,5.0,B00B1V2FA0
pacmap,10000,9478,5.9205227,6.9930334,5.0,B004RG19VM
pacmap,10000,9479,6.864381,0.13879223,4.0,B003K1L7QW
pacmap,10000,9480,6.019821,0.18065766,4.0,B002UKSZUU
pacmap,10000,9481,-0.8288192,-10.957565,1.0,B08SRC7S69
pacmap,10000,9482,-3.4679654,-12.175978,1.0,B005XI09RS
pacmap,10000,9483,-0.35718563,-8.422153,5.0,B0001OHH0Q
pacmap,10000,9484,3.563307,5.026975,5.0,B01K8B8YA8
pacmap,10000,9485,5.6325846,0.6670991,2.0,B0B62NG1V7
pacmap,10000,9486,-1.7156591,7.674248,3.0,B00F42VLNY
pacmap,10000,9487,-2.5509644,-11.840826,5.0,B0BXT9S5NK
pacmap,10000,9488,-3.3474748,8.256879,5.0,B00ROT77QA
pacmap,10000,9489,1.668324,2.7122731,5.0,B01LYECMO6
pacmap,10000,9490,0.4759568,20.686186,5.0,B0B3GVH1ZP
pacmap,10000,9491,-0.25120622,6.52079,5.0,B084GZHTGM
pacmap,10000,9492,-0.044965327,-7.235654,2.0,B0C929SCCK
pacmap,10000,9493,-0.4957372,3.873838,5.0,B088R271ZP
pacmap,10000,9494,0.33883125,-1.2731401,5.0,B0B42NYTZZ
pacmap,10000,9495,0.934017,-2.5195632,2.0,B017OJEAL4
pacmap,10000,9496,-3.2111151,8.342235,5.0,B004GF1WUC
pacmap,10000,9497,-0.41269416,-0.30204672,5.0,B07K9DVZ3H
pacmap,10000,9498,2.790934,2.0046709,5.0,B00MIBN71I
pacmap,10000,9499,1.4112966,-1.9590423,1.0,B006GOFW3E
pacmap,10000,9500,-0.5781014,-7.1151543,5.0,B0C383TJY5
pacmap,10000,9501,-8.289199,7.748753,5.0,B07FCHTPJ4
pacmap,10000,9502,-4.0186176,-3.0813863,3.0,B0C1NBH2CH
pacmap,10000,9503,1.9595325,5.2847576,5.0,B0CB3NLJM1
pacmap,10000,9504,-6.360762,-0.16288972,5.0,B087MBGQNL
pacmap,10000,9505,4.7503076,-0.22378519,1.0,B08BS55JS5
pacmap,10000,9506,-0.9312984,-3.5455573,5.0,B081Y3WTPD
pacmap,10000,9507,4.627832,3.0197923,4.0,B07RR5WZCR
pacmap,10000,9508,3.9221213,3.0000002,5.0,B07Q2MXPH6
pacmap,10000,9509,-2.2328138,-9.491942,5.0,B07XBQ2ZSD
pacmap,10000,9510,0.1894577,2.426079,5.0,B0788M3W6K
pacmap,10000,9511,0.58527136,-4.7167,5.0,B01KCY5MBU
pacmap,10000,9512,0.54542464,8.321073,5.0,B071KRNH9X
pacmap,10000,9513,-8.528171,-3.8115919,1.0,B0755H37CV
pacmap,10000,9514,1.2443818,-3.6452274,5.0,B0BHMVBV9M
pacmap,10000,9515,-3.6646657,9.299025,5.0,B01CO4XWDQ
pacmap,10000,9516,1.8096918,1.5049158,5.0,B00US2SX4K
pacmap,10000,9517,-5.430938,4.889168,4.0,B01B16MXLU
pacmap,10000,9518,0.48418477,-3.2048812,5.0,B00C2H0YUA
pacmap,10000,9519,-4.981402,-6.3190336,5.0,B0194JXWXO
pacmap,10000,9520,1.1641314,-4.1044464,4.0,B00AJHDZSI
pacmap,10000,9521,-1.9026947,-9.132904,5.0,B00PBIJHQY
pacmap,10000,9522,-10.235251,-3.092818,5.0,B0BWJWBD24
pacmap,10000,9523,0.14576171,-8.612927,4.0,B07VTK654B
pacmap,10000,9524,6.2443595,-0.14073323,5.0,B086WTZ5VZ
pacmap,10000,9525,3.0993142,1.8655257,5.0,B092KCHPLP
pacmap,10000,9526,6.3286986,0.20748425,5.0,B07Q3DLCJ4
pacmap,10000,9527,4.44376,2.8825495,5.0,B073JL2NJR
pacmap,10000,9528,4.108433,4.7068396,5.0,B01MTF2Z37
pacmap,10000,9529,1.738377,-9.052891,5.0,B01KIOU4EO
pacmap,10000,9530,3.6614997,1.714044,5.0,B075RV7KR1
pacmap,10000,9531,18.931412,-1.5114859,4.0,B07CRWJMKH
pacmap,10000,9532,-2.027811,4.8322825,2.0,B01IVQY6GS
pacmap,10000,9533,1.6886841,-2.2566593,2.0,B076XFGK32
pacmap,10000,9534,7.739858,0.36741018,4.0,B076XFGK32
pacmap,10000,9535,9.296382,-3.4139936,4.0,B07TZP1SD3
pacmap,10000,9536,4.43215,2.940472,4.0,B09BQT9ZHB
pacmap,10000,9537,-5.304641,-5.6693993,4.0,B01MQ1YEYH
pacmap,10000,9538,7.8181767,3.4385407,4.0,B08DJVJN1V
pacmap,10000,9539,9.075558,-3.2261605,5.0,B01HIS30IA
pacmap,10000,9540,-6.9093175,1.3308544,5.0,B0BJW2XLMR
pacmap,10000,9541,5.945373,2.6853654,5.0,B08BCY3KJW
pacmap,10000,9542,-2.0838287,4.520791,3.0,B01LW9B75D
pacmap,10000,9543,-5.431383,-5.7692423,4.0,B0752F4561
pacmap,10000,9544,9.272153,-3.399115,4.0,B01N4P5SQ3
pacmap,10000,9545,-7.11121,1.1021006,4.0,B09GL247NY
pacmap,10000,9546,3.5825644,-0.04147044,5.0,B00CGYCNG2
pacmap,10000,9547,-7.124113,1.9547336,5.0,B07V3FWFQG
pacmap,10000,9548,10.963599,-4.615271,5.0,B01DLWQPJI
pacmap,10000,9549,3.1857984,5.4443,5.0,B003L1AFUU
pacmap,10000,9550,7.0270095,-0.46514812,5.0,B002CQU14A
pacmap,10000,9551,5.26165,0.7733005,4.0,B01BNKD0IO
pacmap,10000,9552,8.096941,3.6040435,5.0,B0042UINC6
pacmap,10000,9553,3.0080652,0.6855271,4.0,B09SWWCN6Q
pacmap,10000,9554,-2.4998605,0.99698323,5.0,B0049U407Q
pacmap,10000,9555,6.855992,3.4609897,5.0,B00D38XF6M
pacmap,10000,9556,8.049636,3.5171542,5.0,B00JKQK9JW
pacmap,10000,9557,-5.4513955,3.2156203,5.0,B00OAXPYXG
pacmap,10000,9558,-0.58858615,-1.103255,5.0,B07YFCBZ6W
pacmap,10000,9559,1.4401978,-3.8869345,5.0,B01AX8XHRQ
pacmap,10000,9560,1.3768803,-0.73497736,5.0,B01323CST2
pacmap,10000,9561,-1.0647105,-5.3248415,5.0,B002VJKAWG
pacmap,10000,9562,-6.9145412,1.4530143,5.0,B07Y98X47F
pacmap,10000,9563,-10.164521,-2.8150332,5.0,B09PKGGQV1
pacmap,10000,9564,1.57379,-4.159189,5.0,B00NTWK8VW
pacmap,10000,9565,1.0403577,19.893692,5.0,B08YDWRL77
pacmap,10000,9566,-3.5332294,-7.7786145,4.0,B015A6ZOA4
pacmap,10000,9567,4.0740547,0.025157137,5.0,B009RUZ7TS
pacmap,10000,9568,-6.383704,7.5209246,5.0,B00L4NMI1G
pacmap,10000,9569,-7.3826957,-2.9295754,5.0,B07WRSHHW5
pacmap,10000,9570,1.6491655,1.047138,5.0,B0C7H46FRH
pacmap,10000,9571,-5.1616282,-5.6143074,5.0,B01N5DLW2U
pacmap,10000,9572,-6.58002,0.022706488,5.0,B0BV2M58F6
pacmap,10000,9573,-9.228238,-2.6581779,4.0,B07D6RDCG3
pacmap,10000,9574,1.458991,5.682361,2.0,B00F4BYXMG
pacmap,10000,9575,-5.1965156,-6.774232,4.0,B07S8F43Y6
pacmap,10000,9576,-4.7562656,-5.8560805,4.0,B07S8F43Y6
pacmap,10000,9577,-1.1663622,-10.850249,4.0,B01I1XC5LE
pacmap,10000,9578,2.4051356,-2.1086545,5.0,B089PMMT1X
pacmap,10000,9579,-5.334233,-5.717097,4.0,B07Z5CWTD6
pacmap,10000,9580,2.982181,0.6652987,5.0,B077XYYXJ1
pacmap,10000,9581,-6.024135,-6.8971715,3.0,B075WSDM9N
pacmap,10000,9582,-2.444774,-5.1541247,5.0,B079PG7JPP
pacmap,10000,9583,3.4394288,0.81280804,5.0,B00BIKI2BK
pacmap,10000,9584,0.19127154,-4.496783,5.0,B07GBNN79K
pacmap,10000,9585,-4.9007096,-5.9387646,5.0,B003ZX8N44
pacmap,10000,9586,-0.41857904,-9.412307,5.0,B004T0WFVE
pacmap,10000,9587,6.057981,-1.2411705,5.0,B008DVMRXG
pacmap,10000,9588,-4.9803867,-5.261136,5.0,B01N75TWSA
pacmap,10000,9589,-1.2308322,-8.203333,5.0,B01AUR77FI
pacmap,10000,9590,-6.403616,1.1287552,5.0,B00KW34P0Q
pacmap,10000,9591,-4.5887303,-6.740904,5.0,B07DX98TJK
pacmap,10000,9592,-2.7145176,-5.283925,5.0,B0041OTZAM
pacmap,10000,9593,-3.5910363,-4.864681,5.0,B075KP9XHS
pacmap,10000,9594,-5.6899886,4.0469317,1.0,B07XJFZPGR
pacmap,10000,9595,5.1378436,0.7092043,5.0,B09Z9TJ5ND
pacmap,10000,9596,-0.7082876,3.9498322,5.0,B08P3VMW76
pacmap,10000,9597,4.9299326,-0.42831945,1.0,B015QBMZ8W
pacmap,10000,9598,-5.8592033,1.4308679,5.0,B0C5BZLNW6
pacmap,10000,9599,0.12702717,8.043111,4.0,B08F4VHM1N
pacmap,10000,9600,1.7306212,2.3835661,5.0,B01GF0KV6G
pacmap,10000,9601,0.1519148,21.17618,5.0,B08S55D31N
pacmap,10000,9602,1.9868566,7.920387,5.0,B07RLQV8CP
pacmap,10000,9603,-1.0062922,8.365818,5.0,B07KWZCLWH
pacmap,10000,9604,-7.8998365,7.674724,5.0,B0BDM6RFTY
pacmap,10000,9605,-0.2598066,7.253867,1.0,B077MXCXDQ
pacmap,10000,9606,4.8894043,-0.59549713,1.0,B00EJSNL7I
pacmap,10000,9607,6.4494867,3.4100697,5.0,B0BTPBBL52
pacmap,10000,9608,-1.2152478,-4.820664,4.0,B0BMWKN3HB
pacmap,10000,9609,-0.6136465,-9.355808,4.0,B097DP7D93
pacmap,10000,9610,-0.18454732,-8.771368,5.0,B01DUF3UVC
pacmap,10000,9611,-1.169134,-5.895891,4.0,B08F14WY7L
pacmap,10000,9612,2.777242,3.7677627,5.0,B06XSGYL1Q
pacmap,10000,9613,4.179812,1.2162503,5.0,B078MCNFR1
pacmap,10000,9614,4.0508475,4.549754,5.0,B00R81X5A6
pacmap,10000,9615,2.9522383,4.156184,4.0,B083NYMDDH
pacmap,10000,9616,5.8768964,6.6470356,4.0,B07T58DGSZ
pacmap,10000,9617,-0.53653175,-7.7115064,4.0,B07FK3G173
pacmap,10000,9618,-0.22520503,-7.569668,3.0,B0BPS1NNNJ
pacmap,10000,9619,1.0459374,-1.6100845,1.0,B07H6X3YQN
pacmap,10000,9620,-0.8349823,-5.2029796,4.0,B00DHHOZBI
pacmap,10000,9621,-0.9846288,-8.444946,3.0,B0B5XL2KF3
pacmap,10000,9622,-5.047012,5.039902,5.0,B013JZCAZK
pacmap,10000,9623,-0.12579595,-9.129456,5.0,B01M8HMK79
pacmap,10000,9624,-6.2108173,2.479788,4.0,B073GVZTSQ
pacmap,10000,9625,3.9283204,4.8072424,5.0,B097QFQ8X3
pacmap,10000,9626,-3.1000416,0.6787344,5.0,B01BLXLR38
pacmap,10000,9627,4.315092,1.2296641,4.0,B01N217763
pacmap,10000,9628,4.645928,2.5851865,4.0,B0B75PV61F
pacmap,10000,9629,4.8748126,1.9061451,5.0,B08PYYS9M3
pacmap,10000,9630,6.5985007,2.5175734,5.0,B00EL94Z4I
pacmap,10000,9631,-3.106204,8.201849,1.0,B00N99FXIS
pacmap,10000,9632,5.625813,1.396935,4.0,B00J2M8Z4A
pacmap,10000,9633,1.090918,-0.8548839,5.0,B00U3FPN4U
pacmap,10000,9634,0.18557248,-5.995263,5.0,B00SWJEB3S
pacmap,10000,9635,-0.05006375,-11.05536,5.0,B00SMBGP76
pacmap,10000,9636,-2.458176,1.0698404,5.0,B00I5VVJNI
pacmap,10000,9637,6.469982,2.4515927,5.0,B00OFLNE1C
pacmap,10000,9638,0.28231,20.96477,5.0,B0095PZHPE
pacmap,10000,9639,4.2585807,0.35152903,1.0,B079GB8ZX9
pacmap,10000,9640,3.9816177,2.103196,5.0,B077TY2YN2
pacmap,10000,9641,5.321016,2.203985,4.0,B07Q465CFL
pacmap,10000,9642,17.10123,-1.7387334,5.0,B08P72Y8MN
pacmap,10000,9643,5.571731,4.4151974,5.0,B0BD7G6ZCS
pacmap,10000,9644,0.390435,8.712063,5.0,B07XXDC7XN
pacmap,10000,9645,4.928418,1.395387,5.0,B0BDFX1HPD
pacmap,10000,9646,5.242479,1.4173722,5.0,B06XW1SCWZ
pacmap,10000,9647,-0.6138553,-7.389272,5.0,B09N7SXX1X
pacmap,10000,9648,1.6796175,-0.75275105,2.0,B07Q9LSQYS
pacmap,10000,9649,-7.243612,-5.571568,5.0,B08X18FFSL
pacmap,10000,9650,5.5583587,0.6035004,3.0,B07JPG6C8V
pacmap,10000,9651,7.017731,3.1929917,5.0,B00JABGJSM
pacmap,10000,9652,5.93725,-0.41502658,4.0,B00AEF7RLG
pacmap,10000,9653,-2.4790196,-11.385663,5.0,B00UV94J2A
pacmap,10000,9654,-8.220458,-5.4412727,5.0,B082Z5L2LD
pacmap,10000,9655,2.2000637,1.1210971,5.0,B081HG6HT1
pacmap,10000,9656,0.08175661,4.6796594,5.0,B074N81CZN
pacmap,10000,9657,-2.0530803,8.463081,5.0,B01HEW2C9I
pacmap,10000,9658,2.0704184,-8.938795,5.0,B01KIOU4EO
pacmap,10000,9659,6.496189,0.71320426,3.0,B003LMOVQS
pacmap,10000,9660,-2.606398,1.2695981,5.0,B004XASKIM
pacmap,10000,9661,-10.21949,-3.1621857,5.0,B000XSBVMU
pacmap,10000,9662,-1.0336875,-9.921678,5.0,B01BLVF344
pacmap,10000,9663,-1.1924347,-5.531356,5.0,B09WDKTDDV
pacmap,10000,9664,0.16471584,7.2527413,5.0,B0BGKK3M4Y
pacmap,10000,9665,-6.843136,-4.810629,1.0,B0834TH2FK
pacmap,10000,9666,6.064689,-0.4584823,5.0,B09B2131LR
pacmap,10000,9667,-4.0496974,-7.7090054,5.0,B09CM1FZKL
pacmap,10000,9668,-2.320603,-8.174511,4.0,B07BM9CLKG
pacmap,10000,9669,-2.2402482,-12.594329,5.0,B09Y54MQWT
pacmap,10000,9670,-0.26661092,-8.854158,4.0,B07FKQ1KC8
pacmap,10000,9671,-1.997078,-9.837195,5.0,B01JAT1F5K
pacmap,10000,9672,1.9716766,4.346956,5.0,B098HS1NDV
pacmap,10000,9673,3.9871743,2.7769923,4.0,B00DODLLEO
pacmap,10000,9674,-1.94222,7.826691,5.0,B00DYTM9K8
pacmap,10000,9675,3.416965,0.5858805,4.0,B001PRKKB6
pacmap,10000,9676,-2.1736383,-12.156532,3.0,B00WUHUYHA
pacmap,10000,9677,11.47933,12.437244,5.0,B08LB4WFZR
pacmap,10000,9678,1.6747478,3.2450814,4.0,B0923M3V4W
pacmap,10000,9679,5.8064475,2.5930905,5.0,B002N3MM6W
pacmap,10000,9680,-5.0643983,4.357314,5.0,B0922N4R9Z
pacmap,10000,9681,-0.31900772,-9.534633,5.0,B09Q5BNT76
pacmap,10000,9682,1.2334406,3.0249748,5.0,B01LYXG93H
pacmap,10000,9683,-7.829121,7.667301,5.0,B09W4DTMQX
pacmap,10000,9684,-8.193537,7.7519593,5.0,B09ZTC6LGP
pacmap,10000,9685,-0.9263447,8.835034,5.0,B01N5ALH90
pacmap,10000,9686,-0.37167418,-6.1091146,3.0,B006GVWJNI
pacmap,10000,9687,-3.5514073,-11.333968,5.0,B003VANOFY
pacmap,10000,9688,4.9860024,1.6579896,2.0,B0BMXDFY8Y
pacmap,10000,9689,-0.75219154,6.490172,3.0,B07Q2SJNZ5
pacmap,10000,9690,-1.6372534,5.5579934,5.0,B0C6KX8YPM
pacmap,10000,9691,-1.1492198,-8.824475,1.0,B0B8TZ9YDH
pacmap,10000,9692,-2.275949,0.15638548,5.0,B0BK3DV12L
pacmap,10000,9693,-5.5493956,4.412456,5.0,B0BPHX4WNB
pacmap,10000,9694,-2.2836154,0.5450898,5.0,B092YLD576
pacmap,10000,9695,-7.273289,-3.4893174,5.0,B0B5347K29
pacmap,10000,9696,-2.2066896,0.12750773,5.0,B0BKRFS2WT
pacmap,10000,9697,0.117876016,-5.12387,5.0,B0C2BT4F7F
pacmap,10000,9698,-2.555132,0.6150597,5.0,B0C69TG6ZW
pacmap,10000,9699,-8.0524025,-5.4994817,5.0,B0BLZ768Q7
pacmap,10000,9700,-5.5508537,4.2628665,5.0,B0C8MXJBZG
pacmap,10000,9701,-1.692125,8.401603,5.0,B0C245SLN9
pacmap,10000,9702,3.316552,2.6666934,1.0,B0C5HYL59M
pacmap,10000,9703,1.4911815,2.7500768,1.0,B0CC54P9YK
pacmap,10000,9704,4.725248,1.75623,1.0,B0C27W4YKT
pacmap,10000,9705,-2.2653918,1.0996039,1.0,B093GXP1JF
pacmap,10000,9706,0.17003083,21.148582,5.0,B0BGHSTHH1
pacmap,10000,9707,-3.1342642,-2.2363615,5.0,B0BTYMPPJC
pacmap,10000,9708,-3.5804653,7.3506613,5.0,B0BHYM36X2
pacmap,10000,9709,-2.2580655,0.9948332,5.0,B0B8RBCCT8
pacmap,10000,9710,-5.6487446,4.317387,5.0,B0BGGG4Q5N
pacmap,10000,9711,-3.5390077,-2.4556832,5.0,B0B45QNQFM
pacmap,10000,9712,-1.0441526,1.669158,5.0,B0B8BTDT7M
pacmap,10000,9713,-2.5463464,1.0045836,5.0,B0B2DGY1J8
pacmap,10000,9714,-0.63833183,-10.070151,5.0,B09WJSWGGZ
pacmap,10000,9715,-3.0243342,7.689371,5.0,B0BCK4LVC9
pacmap,10000,9716,0.46955234,4.710553,5.0,B0BNJ5CGMJ
pacmap,10000,9717,0.14533065,21.189087,5.0,B0C1N9W872
pacmap,10000,9718,-2.4487293,4.64958,5.0,B0B6W3BGKB
pacmap,10000,9719,-2.1150074,-1.5001018,5.0,B0BGPK95HK
pacmap,10000,9720,-2.7704387,-1.9054899,5.0,B0C53DQ4P5
pacmap,10000,9721,-2.269312,4.7018824,5.0,B0B58TWYTD
pacmap,10000,9722,-1.1552042,-8.290932,5.0,B0B294T7XS
pacmap,10000,9723,-7.8622456,-5.5191894,5.0,B0B7DLH38Q
pacmap,10000,9724,-7.437,-3.4377217,5.0,B0BGPK95HK
pacmap,10000,9725,-2.1429367,-1.6331755,5.0,B0B9LWVRG1
pacmap,10000,9726,-1.802854,-3.9180367,3.0,B09ZZXSZTY
pacmap,10000,9727,-8.124494,7.836949,5.0,B0BTYQXHLS
pacmap,10000,9728,-8.793242,-4.4680524,5.0,B0B28NS372
pacmap,10000,9729,-2.960353,-2.2634342,5.0,B091GFJJ4W
pacmap,10000,9730,-0.21451128,-1.0204303,5.0,B0BXL9C5K8
pacmap,10000,9731,-7.784861,-5.322743,5.0,B09PY7R912
pacmap,10000,9732,1.7186002,-4.4282603,2.0,B09S6SXFRC
pacmap,10000,9733,-3.751151,7.3061223,5.0,B09VH1STX5
pacmap,10000,9734,-1.3153822,-3.9514084,3.0,B09LLN4NQV
pacmap,10000,9735,-2.4062865,-12.055705,5.0,B09LY2JFYN
pacmap,10000,9736,-2.6100283,-12.349658,5.0,B09KRD53TD
pacmap,10000,9737,-8.310828,7.7278533,5.0,B09HCG3QBG
pacmap,10000,9738,-0.34612852,8.895266,1.0,B07RLTCZFH
pacmap,10000,9739,-0.1761921,8.822797,2.0,B07KXN1HRL
pacmap,10000,9740,-7.6490192,-3.3072233,5.0,B095NZHHFK
pacmap,10000,9741,2.5460186,3.2382295,5.0,B0C4XQ34T3
pacmap,10000,9742,-0.8041897,1.153923,5.0,B0921Z5SS6
pacmap,10000,9743,-2.7587807,-12.066925,2.0,B07ZPC9QD4
pacmap,10000,9744,-0.9712969,-10.916543,5.0,B092D916BL
pacmap,10000,9745,-9.492224,-4.8799143,1.0,B0967JBZN9
pacmap,10000,9746,2.0624697,-1.4883151,1.0,B08SBVX4R5
pacmap,10000,9747,-7.1171494,1.5789981,5.0,B09DXXSS9Z
pacmap,10000,9748,-7.285969,-3.7551873,3.0,B09CYHT3VK
pacmap,10000,9749,2.6729374,-8.823067,2.0,B07KTYJ769
pacmap,10000,9750,2.4375906,8.037063,5.0,B08K3MLG2H
pacmap,10000,9751,-2.4274004,-9.787316,5.0,B08HH6RB61
pacmap,10000,9752,0.38018346,8.225239,1.0,B08H8DCYWC
pacmap,10000,9753,-8.224409,-5.3025184,4.0,B08D6K3FP6
pacmap,10000,9754,-7.211237,1.6781683,5.0,B07725JKKY
pacmap,10000,9755,-7.212264,-2.3759954,1.0,B082TVTLLQ
pacmap,10000,9756,-2.0042593,4.44912,2.0,B07N1L5HX1
pacmap,10000,9757,-1.1623579,1.6280434,4.0,B088KRWG5K
pacmap,10000,9758,-9.064896,-4.807535,5.0,B07SB3MN9N
pacmap,10000,9759,1.7318113,-4.652875,5.0,B09YQZL8T6
pacmap,10000,9760,-2.03095,-11.547942,5.0,B09F3RBZB6
pacmap,10000,9761,-2.711865,0.6925916,5.0,B087GDZ6C5
pacmap,10000,9762,1.709772,7.901397,5.0,B08LH7WC6B
pacmap,10000,9763,-5.043039,-2.40909,5.0,B083BJDFRQ
pacmap,10000,9764,0.8782936,3.4831333,2.0,B07MHZHVDK
pacmap,10000,9765,-1.4844987,-8.987,3.0,B07T4NW4JQ
pacmap,10000,9766,0.15345438,21.18014,5.0,B07X1PTK35
pacmap,10000,9767,-2.6598876,1.7435212,5.0,B07YCS388T
pacmap,10000,9768,-6.8883615,0.6865994,5.0,B07H7BN13K
pacmap,10000,9769,-8.692629,-3.7047536,5.0,B07CHJ1SLT
pacmap,10000,9770,-10.2221575,-3.1715262,5.0,B07FKS68JT
pacmap,10000,9771,-0.41077262,-9.693809,5.0,B07V46WGH5
pacmap,10000,9772,-2.562108,0.4693991,4.0,B07JW2DM4C
pacmap,10000,9773,-6.5503354,-2.1771367,5.0,B07TX1M942
pacmap,10000,9774,-7.0089526,1.2754548,5.0,B07VQSR121
pacmap,10000,9775,-9.213608,-4.0595856,5.0,B07TM2WXCC
pacmap,10000,9776,-5.692379,-4.1119456,4.0,B073WRJ44V
pacmap,10000,9777,2.7414646,7.56593,5.0,B081CC65ZS
pacmap,10000,9778,-6.9531336,-0.28703904,1.0,B07PKM9YZC
pacmap,10000,9779,-6.8122835,1.1636989,5.0,B07SBMKC8S
pacmap,10000,9780,-2.1619177,1.4000448,5.0,B07Q4F3SQH
pacmap,10000,9781,-10.662643,-3.433218,5.0,B07P7GG2GC
pacmap,10000,9782,-2.9324877,-12.1029625,5.0,B07QL578VM
pacmap,10000,9783,0.42278847,-7.653537,4.0,B06XRNP6NL
pacmap,10000,9784,-1.2349793,-8.364815,4.0,B06ZYY2876
pacmap,10000,9785,2.6955109,4.4608626,5.0,B01F9RH0R4
pacmap,10000,9786,7.345943,1.4599484,5.0,B00D1V2FKS
pacmap,10000,9787,9.4747095,4.078181,5.0,B016XYGFOG
pacmap,10000,9788,-1.2372919,-3.6875486,5.0,B00NUS8QQY
pacmap,10000,9789,7.1511893,4.5374136,5.0,B009W4QYG4
pacmap,10000,9790,5.699862,1.9740574,4.0,B009M3VL36
pacmap,10000,9791,-0.9674623,-10.591489,2.0,B01BRWH8G8
pacmap,10000,9792,7.112632,3.6013327,5.0,B09B74YKSB
pacmap,10000,9793,9.5786495,4.112632,1.0,B07N8VFFNS
pacmap,10000,9794,7.0945992,3.8093576,5.0,B08KZ1TZYB
pacmap,10000,9795,-1.6107361,-1.4739177,5.0,B09L5PM4MK
pacmap,10000,9796,2.4796631,1.95248,5.0,B08F2X7GNJ
pacmap,10000,9797,-10.273982,-3.1901248,5.0,B08P7WCRDM
pacmap,10000,9798,5.178567,0.52733386,5.0,B01N75TWSA
pacmap,10000,9799,0.048795503,-10.9834585,5.0,B099V8GPR4
pacmap,10000,9800,0.03689276,-10.575277,5.0,B074WGHWS7
pacmap,10000,9801,5.4858437,1.5382614,5.0,B076J59CLH
pacmap,10000,9802,5.9278035,0.88426626,5.0,B079LNWB52
pacmap,10000,9803,7.4410124,0.46708187,5.0,B0B84XMBTM
pacmap,10000,9804,4.3135285,1.6745576,5.0,B000WYVBR0
pacmap,10000,9805,-0.6214485,-4.598703,5.0,B07D4F2P26
pacmap,10000,9806,6.491159,-0.15588623,5.0,B01HCUUOPG
pacmap,10000,9807,6.029562,2.5052435,5.0,B075X8471B
pacmap,10000,9808,7.5829806,0.09053512,5.0,B01AWOAUJY
pacmap,10000,9809,7.7702017,0.2235323,5.0,B07WMB4XS4
pacmap,10000,9810,7.994959,0.13477199,5.0,B01H4XBYIW
pacmap,10000,9811,-9.786745,-3.9935684,1.0,B00RD7MZMO
pacmap,10000,9812,5.7137723,1.9585646,5.0,B00PSKE25G
pacmap,10000,9813,7.7870464,0.10825135,5.0,B07647T8NX
pacmap,10000,9814,5.3407264,1.2656986,5.0,B0C2HWSXNL
pacmap,10000,9815,7.893553,0.1265423,5.0,B00EUUZMGI
pacmap,10000,9816,6.402474,-0.81826454,5.0,B09DFW1W8B
pacmap,10000,9817,7.269847,1.5130656,5.0,B01GOAVEZY
pacmap,10000,9818,10.948483,-4.5982866,5.0,B00RYLI0LE
pacmap,10000,9819,23.34054,3.0000277,5.0,B0045EOWS8
pacmap,10000,9820,23.340134,2.9996753,5.0,B096T31Z9T
pacmap,10000,9821,3.9051208,4.204584,3.0,B0C1ZHJRGB
pacmap,10000,9822,-0.94437605,9.059886,1.0,B07MVY15LS
pacmap,10000,9823,-0.74943924,8.989694,1.0,B083R7LDYQ
pacmap,10000,9824,-1.0181553,9.033431,1.0,B07P7VFSSY
pacmap,10000,9825,-6.9161615,-5.7712274,2.0,B07JV9N352
pacmap,10000,9826,3.832025,3.982415,3.0,B07D6Q2MNG
pacmap,10000,9827,-0.8923878,8.526627,2.0,B08ZZH5KM4
pacmap,10000,9828,-0.18887185,-8.563709,5.0,B00007KDX6
pacmap,10000,9829,2.4928188,2.502751,2.0,B0002G44P4
pacmap,10000,9830,-1.1392221,-9.356748,3.0,B0B75PV61F
pacmap,10000,9831,2.9455864,3.513152,4.0,B01CYNT772
pacmap,10000,9832,-1.0216712,6.63196,5.0,B08WLQGKM2
pacmap,10000,9833,3.8263083,4.38743,5.0,B09HTV2T4T
pacmap,10000,9834,-0.075237095,-7.62149,5.0,B00BSYCZZ0
pacmap,10000,9835,0.14565095,-7.6248913,3.0,B00140DBRY
pacmap,10000,9836,4.8992214,-0.3460128,2.0,B00VKM5YG2
pacmap,10000,9837,-3.432157,7.150225,3.0,B01D3NROZE
pacmap,10000,9838,-1.6367363,8.102318,5.0,B014VA1ZD0
pacmap,10000,9839,-5.1543617,4.6097064,5.0,B00159LRXY
pacmap,10000,9840,-1.7536262,7.6237226,2.0,B01BH5TLK6
pacmap,10000,9841,4.847121,-0.50446105,2.0,B07RL3LRZ8
pacmap,10000,9842,0.0026029188,-7.467234,4.0,B0016OEV7C
pacmap,10000,9843,-0.4578261,-9.161694,3.0,B006SUWZH2
pacmap,10000,9844,0.14164454,-11.029031,5.0,B00BCA40S0
pacmap,10000,9845,-7.952799,-5.4651837,5.0,B00K8GZED4
pacmap,10000,9846,5.72709,1.6045877,5.0,B00006JQ06
pacmap,10000,9847,-8.509027,-4.716831,2.0,B001TH7GUU
pacmap,10000,9848,-5.529963,1.1634587,3.0,B00IEYGALM
pacmap,10000,9849,-1.166237,7.902166,5.0,B002VPE1Q6
pacmap,10000,9850,-3.7517502,7.3592186,5.0,B00MHI0QGQ
pacmap,10000,9851,5.067387,1.485978,1.0,B01MCWS5YA
pacmap,10000,9852,-7.8498387,7.8666997,5.0,B07CLBNM1C
pacmap,10000,9853,-6.2396226,-7.0989914,3.0,B010CCZJSS
pacmap,10000,9854,-1.5299541,-4.9051347,5.0,B000F4C1H6
pacmap,10000,9855,1.2267051,-0.100501284,5.0,B004OVE61U
pacmap,10000,9856,1.696476,-4.000194,1.0,B0BL3B9ZVW
pacmap,10000,9857,-7.1206384,1.5537865,1.0,B0BM96BQYV
pacmap,10000,9858,1.8094802,-4.385115,5.0,B08KHV7H1S
pacmap,10000,9859,-0.5170317,-3.1686573,5.0,B0C46HBG9F
pacmap,10000,9860,6.611329,-1.5737683,5.0,B09G3MBH6V
pacmap,10000,9861,1.7415018,-3.5930834,1.0,B0B592HWSM
pacmap,10000,9862,1.7573656,-3.4615538,1.0,B09ZKYHD2P
pacmap,10000,9863,-2.1736605,0.38374704,5.0,B0BM5Y3LPK
pacmap,10000,9864,-1.8966956,0.558694,1.0,B0829KDY9X
pacmap,10000,9865,-3.7424388,6.830227,1.0,B08QQTQNDC
pacmap,10000,9866,-0.18484293,-10.725417,5.0,B0B3JVPY1K
pacmap,10000,9867,0.6153718,-6.2399387,5.0,B07GZFM1ZM
pacmap,10000,9868,-0.40177485,-0.3763321,1.0,B00N2ZDXW2
pacmap,10000,9869,17.825848,-1.6352435,5.0,B084VFH8MT
pacmap,10000,9870,5.1640043,3.5170617,5.0,B07MVGHLL4
pacmap,10000,9871,6.952557,4.7049084,5.0,B01K8B8YA8
pacmap,10000,9872,9.823202,3.9981377,5.0,B07N8VFFNS
pacmap,10000,9873,7.5433283,4.743779,5.0,B0792K2BK6
pacmap,10000,9874,9.442045,4.0189657,5.0,B0791TX5P5
pacmap,10000,9875,2.4792104,-8.830039,5.0,B07KTYJ769
pacmap,10000,9876,5.7878523,0.7336336,1.0,B08RYZGXLL
pacmap,10000,9877,0.21124017,8.434465,5.0,B076H96CZF
pacmap,10000,9878,4.8822064,3.5070152,5.0,B07PNKJ7N3
pacmap,10000,9879,6.5458217,-1.5156959,5.0,B07S4N7K19
pacmap,10000,9880,9.787212,3.944081,5.0,B00BGSPW9Y
pacmap,10000,9881,4.257777,3.0133367,4.0,B078SCKP5Q
pacmap,10000,9882,7.8035493,0.16309522,4.0,B0BL6788GP
pacmap,10000,9883,6.537344,2.2895668,5.0,B07ZCZHCZX
pacmap,10000,9884,3.274377,3.2097557,5.0,B083BY7WNN
pacmap,10000,9885,-0.92740464,-11.358398,5.0,B01LVVG5XS
pacmap,10000,9886,3.4009092,4.8085,5.0,B08S6LTM2Y
pacmap,10000,9887,2.9310455,4.512113,5.0,B07F2GQGTY
pacmap,10000,9888,-2.876595,7.3002815,4.0,B07KS5MZYP
pacmap,10000,9889,-6.244043,0.90932035,5.0,B09Q7JDCGN
pacmap,10000,9890,-2.743249,-10.686909,2.0,B0C3GSXJDJ
pacmap,10000,9891,-4.8987327,-5.5526915,5.0,B00AVY6DUG
pacmap,10000,9892,-4.553492,-5.2591686,5.0,B00CJHXY0U
pacmap,10000,9893,-1.9023026,4.448339,5.0,B095RL4KBZ
pacmap,10000,9894,3.3987124,3.5606472,5.0,B0B3BTZ7KR
pacmap,10000,9895,-10.089143,-3.2014396,5.0,B075SJWX43
pacmap,10000,9896,6.049972,3.4486678,5.0,B01KIOU4EO
pacmap,10000,9897,-2.3021758,-7.781976,4.0,B00KJLMBQQ
pacmap,10000,9898,-6.036196,-6.238997,5.0,B07TS9412P
pacmap,10000,9899,2.1732616,2.0167267,5.0,B06WWBS9BY
pacmap,10000,9900,-2.3706074,1.8178656,5.0,B00BXERYMY
pacmap,10000,9901,1.1326444,-1.6481076,5.0,B07PGL2N7J
pacmap,10000,9902,-2.7083533,7.243112,5.0,B07F4P3JH7
pacmap,10000,9903,2.4009485,4.1315093,5.0,B077MVFQWZ
pacmap,10000,9904,23.342115,2.9997199,5.0,B00BR5FZ7U
pacmap,10000,9905,10.706383,5.013545,5.0,B01LYQ4QCE
pacmap,10000,9906,10.714023,5.021445,5.0,B00935K7OC
pacmap,10000,9907,10.716798,5.021337,5.0,B07JL18G1D
pacmap,10000,9908,10.719356,5.011176,5.0,B008I64TOQ
pacmap,10000,9909,23.34313,3.0004587,5.0,B07N5MT53H
pacmap,10000,9910,6.575728,3.0479953,5.0,B073HQ46VD
pacmap,10000,9911,16.306826,17.220638,5.0,B002J9GHIO
pacmap,10000,9912,23.342455,2.9997284,5.0,B00KCZTAI6
pacmap,10000,9913,7.0614276,4.5056586,5.0,B001P05MDE
pacmap,10000,9914,7.0713134,4.5680017,5.0,B01LWRVB4P
pacmap,10000,9915,7.102964,4.513901,5.0,B00DQGIHNW
pacmap,10000,9916,0.8788415,-0.5426285,5.0,B0BBQRCQS2
pacmap,10000,9917,-0.50605196,-2.469154,5.0,B00ZSB1UE6
pacmap,10000,9918,-1.0642769,8.462637,4.0,B003PET5XG
pacmap,10000,9919,5.615519,1.7180688,5.0,B07H65KP63
pacmap,10000,9920,0.42477825,3.0807421,5.0,B09WMH6MR6
pacmap,10000,9921,-2.796147,-11.175281,4.0,B09F3RBZB6
pacmap,10000,9922,-0.67790395,-3.634688,3.0,B07GKT53H5
pacmap,10000,9923,-3.142526,-6.2371817,5.0,B07H2BKBR5
pacmap,10000,9924,-0.88983494,5.4877644,5.0,B0953BVTHX
pacmap,10000,9925,-6.0956016,-4.90603,5.0,B017WGIH36
pacmap,10000,9926,2.5962017,6.9048104,5.0,B07SCH4PCM
pacmap,10000,9927,4.4862123,2.8735392,5.0,B07XBQLL71
pacmap,10000,9928,-0.79799813,-3.039886,5.0,B0CBQJ36ZN
pacmap,10000,9929,-0.61108375,-11.111761,5.0,B0BJ517NSM
pacmap,10000,9930,5.800136,4.737503,5.0,B07GVS4RW2
pacmap,10000,9931,5.9693785,-0.69077164,5.0,B075JZNHTD
pacmap,10000,9932,-1.3503816,8.066483,5.0,B01ITOFEX6
pacmap,10000,9933,-8.330223,7.825877,5.0,B016MXPQMA
pacmap,10000,9934,2.6198192,2.407411,5.0,B01FV2HIYC
pacmap,10000,9935,-5.7337313,2.0475674,4.0,B01C0W3SSG
pacmap,10000,9936,1.5553381,-2.1465118,5.0,B004K4TE5O
pacmap,10000,9937,-1.8064613,6.391855,5.0,B00MP0J0YK
pacmap,10000,9938,5.813381,2.2280369,4.0,B007L2OQLO
pacmap,10000,9939,10.967968,-4.6204443,5.0,B0159CNMY4
pacmap,10000,9940,-5.641306,-5.358923,5.0,B081CCP77B
pacmap,10000,9941,4.4630384,3.5797563,5.0,B01GR9FDVI
pacmap,10000,9942,4.538169,3.4428122,5.0,B082SR59W9
pacmap,10000,9943,2.747743,6.3767686,5.0,B00GVRHON2
pacmap,10000,9944,5.94063,-0.12998246,5.0,B0079MA92Q
pacmap,10000,9945,-0.9892717,8.2665825,5.0,B08672V1D2
pacmap,10000,9946,3.5663426,-0.4368123,5.0,B07CGC1ZSM
pacmap,10000,9947,4.6824927,0.72699416,3.0,B01BXEIVV6
pacmap,10000,9948,2.22708,-1.7032077,1.0,B00LCKPNAO
pacmap,10000,9949,-3.5501125,7.807365,3.0,B010BWYDYA
pacmap,10000,9950,3.152667,0.90189,5.0,B000P0O12I
pacmap,10000,9951,-0.9675644,-9.714066,5.0,B0BY8N7HHG
pacmap,10000,9952,4.191972,3.4594262,5.0,B0077L5XSY
pacmap,10000,9953,9.743369,-3.6917562,5.0,B01ABWGHHG
pacmap,10000,9954,-6.556366,-5.8330355,5.0,B0777KLKJ1
pacmap,10000,9955,2.7448328,2.2541134,1.0,B01AX44544
pacmap,10000,9956,-2.765934,-11.437776,4.0,B07KQL6J9Q
pacmap,10000,9957,-5.3850293,4.162315,5.0,B01C4HCBNA
pacmap,10000,9958,4.1399574,3.029509,4.0,B09SBN4V44
pacmap,10000,9959,3.7987466,2.4937148,5.0,B0C7THZNCB
pacmap,10000,9960,1.3359592,6.182516,3.0,B01IOGPY0C
pacmap,10000,9961,-0.29516208,1.8911977,5.0,B07JJHQ6PF
pacmap,10000,9962,4.940921,4.334874,5.0,B07FPQ343D
pacmap,10000,9963,4.8529615,3.6461027,5.0,B00B3P1IGG
pacmap,10000,9964,-7.6847563,-5.2716174,5.0,B00FA4Y82W
pacmap,10000,9965,-2.6207168,9.156649,5.0,B00C0ZAY8G
pacmap,10000,9966,0.0122926785,7.843841,5.0,B007WAWHD4
pacmap,10000,9967,-1.2711889,-8.994787,4.0,B004SBBD1C
pacmap,10000,9968,-1.1653893,-5.692757,4.0,B0015ACUKC
pacmap,10000,9969,-2.5263922,0.99311346,2.0,B00395WIXA
pacmap,10000,9970,5.4690623,5.866669,5.0,B09F366D8L
pacmap,10000,9971,23.347095,3.0028126,5.0,B016N0SX18
pacmap,10000,9972,3.0372748,2.7144163,5.0,B00KCZTAI6
pacmap,10000,9973,1.9335647,-4.4764037,5.0,B01IUDUJE0
pacmap,10000,9974,3.4864302,1.1856437,5.0,B01M012CWI
pacmap,10000,9975,-0.65828085,7.005259,5.0,B00FO1QRXO
pacmap,10000,9976,-0.48722887,-9.190607,5.0,B00BLX9510
pacmap,10000,9977,-1.2481787,-4.017556,5.0,B00BCGRTFK
pacmap,10000,9978,0.8252448,-3.3337538,2.0,B01B24A3W2
pacmap,10000,9979,3.8128855,2.1813838,4.0,B07QRYFYVW
pacmap,10000,9980,5.8913245,2.6358714,5.0,B08J79T7CQ
pacmap,10000,9981,-0.38271403,-10.70066,5.0,B086X2282Y
pacmap,10000,9982,0.15775184,21.16874,5.0,B00FB2XNCE
pacmap,10000,9983,6.709506,2.8985918,5.0,B08RD8K7ZG
pacmap,10000,9984,-5.6284986,4.037019,5.0,B07C9YV85F
pacmap,10000,9985,6.2909684,4.647503,5.0,B002VPE1Q6
pacmap,10000,9986,6.9234405,3.3211265,5.0,B08WPB22H1
pacmap,10000,9987,5.732131,-0.5906625,5.0,B077ZS7D77
pacmap,10000,9988,-0.5668468,5.2454357,5.0,B07F41HCGD
pacmap,10000,9989,0.2151974,8.773184,5.0,B07KJB17KT
pacmap,10000,9990,6.6405196,2.9111822,5.0,B009UNGYHG
pacmap,10000,9991,6.9593244,4.342659,5.0,B07BTS2KWK
pacmap,10000,9992,7.031107,4.326548,5.0,B0BJPSZ739
pacmap,10000,9993,6.229187,-0.5954914,5.0,B07JPYJ5H1
pacmap,10000,9994,4.7411637,4.2417965,5.0,B07Z8R8X9Y
pacmap,10000,9995,0.5355364,-8.558221,5.0,B08DMXDPW5
pacmap,10000,9996,-9.774137,-2.9210095,5.0,B085WKPBW7
pacmap,10000,9997,2.2921567,3.5174356,5.0,B01C3SK0FG
pacmap,10000,9998,-6.4480476,-1.4326814,4.0,B09YRQP4YS
pacmap,10000,9999,-9.940011,-2.6616883,5.0,B09BP1LB8L
