method,n_samples,point_id,x,y,rating,parent_asin
umap,5000,0,11.452011,2.5144458,3.0,B083NRGZMM
umap,5000,1,11.273371,2.231326,1.0,B07N69T6TM
umap,5000,2,5.5017095,3.769861,5.0,B01G8JO5F2
umap,5000,3,13.033328,-0.7470464,5.0,B001OC5JKY
umap,5000,4,6.0241013,3.3528397,5.0,B07CJYMRWM
umap,5000,5,10.635846,2.2418103,5.0,B07CML419K
umap,5000,6,5.799891,4.11826,5.0,B07BHHB5RH
umap,5000,7,6.1394014,3.9708614,5.0,B09S6Y5BRG
umap,5000,8,9.433878,-0.011351244,5.0,B01LW71IBJ
umap,5000,9,7.616431,4.304232,5.0,B017T99JPG
umap,5000,10,9.473361,7.024724,1.0,B00L0YLRUW
umap,5000,11,9.178889,1.4448322,3.0,B01HHURN3W
umap,5000,12,5.610183,3.6335018,5.0,B004S2JX7W
umap,5000,13,7.4825163,3.0069773,3.0,B0047T79VS
umap,5000,14,11.175251,2.1198325,5.0,B00IXNUDG2
umap,5000,15,9.51559,6.8888116,5.0,B00PVCXB4Y
umap,5000,16,9.9537325,4.831352,5.0,B00X5C22SS
umap,5000,17,13.423744,0.71038246,5.0,B0BKQZGST4
umap,5000,18,11.178272,0.72534114,5.0,B01LQF8B7G
umap,5000,19,9.442475,1.404686,4.0,B075X8471B
umap,5000,20,9.896635,3.2560556,5.0,B0B2DLVCF3
umap,5000,21,11.081557,6.8671713,5.0,B0199HAOAU
umap,5000,22,9.041242,3.7924452,5.0,B0093162RM
umap,5000,23,8.2908945,4.9914017,5.0,B07FCZY1ZB
umap,5000,24,8.309378,3.143141,5.0,B00RH29CJO
umap,5000,25,12.991554,0.20903008,5.0,B08P3VMW76
umap,5000,26,13.436693,0.18218137,5.0,B013KPXNSW
umap,5000,27,12.802672,7.7446146,4.0,B0862W5BQ8
umap,5000,28,9.218667,6.884882,5.0,B004XC6GJ0
umap,5000,29,11.262565,5.4298196,5.0,B0BNX9QVXZ
umap,5000,30,6.452158,3.3414638,5.0,B0BN534JBB
umap,5000,31,6.30836,3.8605268,5.0,B08X4R1T16
umap,5000,32,6.8916206,3.4098923,5.0,B08932J7NC
umap,5000,33,9.174246,0.76517737,5.0,B078LLS33F
umap,5000,34,11.630739,7.8460655,5.0,B00V3KLZSW
umap,5000,35,10.01103,0.98218805,5.0,B012ASFKOU
umap,5000,36,9.414189,6.8057218,4.0,B001FWYGJS
umap,5000,37,12.220134,1.4210346,5.0,B08YP2F6VG
umap,5000,38,12.114833,5.815018,5.0,B0C8HDXFXN
umap,5000,39,12.255627,7.6314716,5.0,B00RBGYGPG
umap,5000,40,11.474593,1.894951,5.0,B007EVDJV0
umap,5000,41,13.409406,4.6852064,5.0,B00KLZLBCK
umap,5000,42,11.377458,0.33508617,5.0,B09NHSGWPD
umap,5000,43,9.46819,-0.69097257,1.0,B095KHWNLK
umap,5000,44,13.009685,6.7212124,5.0,B08BRJ98H3
umap,5000,45,11.272433,-0.09588189,5.0,B08912RRG5
umap,5000,46,12.033091,7.816244,5.0,B07GVWH35S
umap,5000,47,13.524151,0.2464456,5.0,B06VTQK7CB
umap,5000,48,9.334091,1.4275295,1.0,B0776DSP7Y
umap,5000,49,6.319639,6.6573405,2.0,B00NWXM5U0
umap,5000,50,9.745408,2.5005543,5.0,B01DDIAX1Q
umap,5000,51,13.236381,3.9743333,2.0,B00L49X8E6
umap,5000,52,6.2464275,3.2065907,5.0,B09HDZ8FQY
umap,5000,53,13.871286,0.8814911,5.0,B00PQBDQPO
umap,5000,54,7.617748,3.1882787,5.0,B00CRF9V2O
umap,5000,55,7.392132,2.8021395,5.0,B00BHC7ZTE
umap,5000,56,9.985555,3.8301265,4.0,B00852JEPW
umap,5000,57,11.095444,3.8466494,2.0,B09ZTXZ1MQ
umap,5000,58,7.06617,3.514478,5.0,B09MYGF318
umap,5000,59,12.499214,1.7741259,1.0,B07VV6TT69
umap,5000,60,11.326228,0.9452599,5.0,B07BRHB8C1
umap,5000,61,9.091657,1.2338208,5.0,B07Z6BPJXQ
umap,5000,62,10.9033,0.5097067,4.0,B083YHS7SV
umap,5000,63,10.162427,-0.015135423,5.0,B0046EDOWW
umap,5000,64,8.270178,-2.0865443,5.0,B0045DT3A6
umap,5000,65,13.269213,0.6145352,5.0,B09DSSQ52Q
umap,5000,66,6.1333556,-0.06234067,3.0,B07H3PN7K3
umap,5000,67,10.277367,-0.48755044,5.0,B0733GXPYZ
umap,5000,68,11.830579,0.7563249,2.0,B07TPLH5YK
umap,5000,69,9.673239,4.956238,2.0,B07FPQ343D
umap,5000,70,14.180831,2.357471,5.0,B00VKIY9RG
umap,5000,71,13.398403,0.37970778,5.0,B07BJ8KD6X
umap,5000,72,7.340848,2.9551454,1.0,B0061F6QUG
umap,5000,73,9.416689,5.896201,5.0,B09DRXBKVG
umap,5000,74,7.449311,3.4724638,5.0,B09TB71VLY
umap,5000,75,9.817765,2.6076002,5.0,B002N3MM6W
umap,5000,76,9.540448,-0.45064092,5.0,B07KTYJ769
umap,5000,77,8.876696,-2.135884,5.0,B07PGL2N7J
umap,5000,78,8.486427,4.0338025,5.0,B07J2GSF3S
umap,5000,79,8.488218,4.0310454,3.0,B07Z9QXZMW
umap,5000,80,9.783937,1.1078831,4.0,B07Q585X37
umap,5000,81,9.759243,1.0630759,4.0,B07P97SHQP
umap,5000,82,8.403547,4.0825257,5.0,B07B3TX6MF
umap,5000,83,9.460543,2.031838,4.0,B07WPY2W4Y
umap,5000,84,9.857607,2.7269301,4.0,B083Z3QCY6
umap,5000,85,10.882926,2.1750383,4.0,B07F71KFMQ
umap,5000,86,12.556762,3.2730696,4.0,B07547WSQQ
umap,5000,87,9.495728,0.5608167,4.0,B07P7KG4TJ
umap,5000,88,13.280237,4.570539,4.0,B01LYC6A8M
umap,5000,89,13.3126335,4.6755323,5.0,B0B2Y5WYRG
umap,5000,90,12.709677,3.8385174,5.0,B08KG14KCT
umap,5000,91,9.924311,2.7660282,5.0,B09FF1RNDT
umap,5000,92,10.381372,0.15993336,3.0,B00FGI4C14
umap,5000,93,10.25117,0.55695707,3.0,B07B4BF3KT
umap,5000,94,9.134236,1.4187735,5.0,B08XBLP2V8
umap,5000,95,8.769498,1.3814642,5.0,B018S7DPU8
umap,5000,96,10.02808,1.8546146,5.0,B00MYU0E0K
umap,5000,97,13.276177,4.3405814,5.0,B000Q85WOK
umap,5000,98,9.715645,1.6501641,5.0,B01KWY71BO
umap,5000,99,12.898462,2.8040407,4.0,B008I64LC6
umap,5000,100,9.045328,1.2748019,5.0,B079Y46M3N
umap,5000,101,11.33588,3.7181053,3.0,B01MZ45YUU
umap,5000,102,11.3914385,3.4043539,5.0,B074V4CWFD
umap,5000,103,9.338283,1.0480657,3.0,B0083J8DFY
umap,5000,104,8.961337,3.6184597,5.0,B09N7SXX1X
umap,5000,105,13.736397,1.5582169,5.0,B00X4XEBTQ
umap,5000,106,8.3162775,0.9904595,4.0,B001CJOLBW
umap,5000,107,7.5569386,2.946726,5.0,B0032FOKME
umap,5000,108,9.318375,7.013058,5.0,B002WBX7TQ
umap,5000,109,10.452345,6.1480937,4.0,B07CB22VVJ
umap,5000,110,10.503033,5.793176,4.0,B0002MQGK4
umap,5000,111,10.511627,5.588891,4.0,B0092TGP4A
umap,5000,112,10.71149,7.141678,5.0,B00552PA7G
umap,5000,113,10.920161,7.0858088,5.0,B07CDCX945
umap,5000,114,10.6427355,6.099939,4.0,B07BYZBG2X
umap,5000,115,9.937118,0.7756773,5.0,B07CBLV151
umap,5000,116,10.974434,6.884368,3.0,B000SJ2TJ8
umap,5000,117,11.309249,4.8436112,5.0,B003UT2C4U
umap,5000,118,10.692967,0.6631815,5.0,B084JBVY4S
umap,5000,119,10.420505,-0.07002861,5.0,B0075VFKI4
umap,5000,120,9.493742,-0.006832076,5.0,B009RUZ7TS
umap,5000,121,11.132134,3.4637926,5.0,B071CMGRLL
umap,5000,122,13.245841,6.226747,3.0,B006ZZXVCI
umap,5000,123,10.635189,-0.3198624,5.0,B01DFKC6CQ
umap,5000,124,10.56499,-0.35469836,5.0,B07P9W1SMH
umap,5000,125,10.346011,-0.4276139,5.0,B01M3ULMWP
umap,5000,126,11.063064,0.95431834,1.0,B071HXSW4Y
umap,5000,127,8.553621,0.5452285,5.0,B0CCDMQZM7
umap,5000,128,14.177105,1.7520121,1.0,B005HSG31K
umap,5000,129,13.500654,0.6741886,3.0,B00D2J8558
umap,5000,130,11.254311,-0.27841634,1.0,B0BFHVDPTG
umap,5000,131,8.237406,0.8966754,5.0,B08N4M55K5
umap,5000,132,9.634591,4.820145,5.0,B0945WPX5W
umap,5000,133,5.560329,3.6998692,5.0,B09K7K5J3N
umap,5000,134,8.470895,3.1046944,4.0,B084ZJFNKN
umap,5000,135,7.4779024,3.5737329,5.0,B0B3T4JWN9
umap,5000,136,5.7975187,3.6740818,4.0,B07S5JVP78
umap,5000,137,7.463172,3.5631313,5.0,B0935ZDCYD
umap,5000,138,13.174439,3.4961476,5.0,B075LX7S6B
umap,5000,139,8.666809,0.35490906,5.0,B001L5SN5M
umap,5000,140,13.235943,0.66253453,5.0,B000WOIFO2
umap,5000,141,5.688678,3.5771484,5.0,B00365EB3I
umap,5000,142,10.608591,1.627055,4.0,B07XZ1YDKP
umap,5000,143,12.596046,6.9118037,1.0,B09CD8GVY5
umap,5000,144,11.168771,3.99343,1.0,B09V28P31X
umap,5000,145,10.56591,2.0508854,5.0,B01D0PVYH4
umap,5000,146,7.1686416,2.829182,5.0,B017SJKHIK
umap,5000,147,9.203944,0.7475836,5.0,B0BWNQZT64
umap,5000,148,9.05349,1.1930085,5.0,B08F9ZCTCL
umap,5000,149,13.986204,2.1873615,5.0,B08F9NJMW7
umap,5000,150,5.541506,3.766124,5.0,B01L2VGEQE
umap,5000,151,7.5690575,3.3626757,5.0,B0BW4PFM58
umap,5000,152,8.314663,-1.9671099,1.0,B00MNB1OD6
umap,5000,153,11.624384,0.3034342,5.0,B00TIRFCXQ
umap,5000,154,9.752184,6.945295,4.0,B08N51H3LB
umap,5000,155,10.323504,1.8420315,5.0,B09KRX2QJC
umap,5000,156,12.970593,2.130305,5.0,B09V28Y3HH
umap,5000,157,11.5174265,7.723154,5.0,B0C5XK6534
umap,5000,158,9.453566,0.61543775,4.0,B0BTHV3YSV
umap,5000,159,13.137885,7.2693143,5.0,B0BRKGSJKH
umap,5000,160,11.520924,0.9207387,5.0,B00JQZJ4OS
umap,5000,161,8.721793,1.213473,5.0,B08BJWB991
umap,5000,162,12.35749,6.890779,5.0,B09JNRLN4W
umap,5000,163,14.16757,1.7367879,5.0,B07HHY1MWS
umap,5000,164,11.866844,3.5695314,4.0,B00IYM0Y2A
umap,5000,165,14.144852,1.7670014,5.0,B01HNL545Y
umap,5000,166,10.701197,0.8408264,5.0,B08RJJ97VW
umap,5000,167,8.325488,-1.0086854,5.0,B01KXHYDXO
umap,5000,168,11.529218,0.9191539,2.0,B071KJ97ZL
umap,5000,169,11.513955,0.92558414,1.0,B07QWP1RYY
umap,5000,170,9.247586,0.8882502,5.0,B0772SXNSC
umap,5000,171,10.475254,0.79041535,3.0,B08W69YRFB
umap,5000,172,8.51255,0.42022488,5.0,B073J9QWKY
umap,5000,173,8.465392,0.37496263,5.0,B073M1NGHJ
umap,5000,174,11.018845,1.489499,5.0,B0B8N1CQD1
umap,5000,175,10.089489,6.803103,5.0,B085XZGVN5
umap,5000,176,9.07237,5.848474,4.0,B09GV31691
umap,5000,177,9.098195,4.8366218,4.0,B09KPLV3WD
umap,5000,178,11.2139,2.8691955,5.0,B093YD69JB
umap,5000,179,13.3157625,4.354625,5.0,B09KM3BZSS
umap,5000,180,8.363973,3.1336346,2.0,B0992TJFM3
umap,5000,181,7.537095,4.0397453,3.0,B07ZWCTNJH
umap,5000,182,7.851529,3.9822845,5.0,B07VKFSLKN
umap,5000,183,7.844854,3.9558527,5.0,B00MJ1YR8Y
umap,5000,184,9.914708,3.9592915,4.0,B08ZZYS2P3
umap,5000,185,7.082649,3.3119645,5.0,B007JYZ3BG
umap,5000,186,10.851692,4.4962153,1.0,B08L1N8TG9
umap,5000,187,10.71764,5.5329967,5.0,B07G95FFN3
umap,5000,188,8.879278,-2.1296968,5.0,B083WD2J3F
umap,5000,189,11.769583,0.77481794,3.0,B08TTVLTWT
umap,5000,190,11.018263,0.6816386,5.0,B095KG3VZG
umap,5000,191,12.789227,3.9856467,4.0,B088DJQ2PQ
umap,5000,192,9.127143,0.37134406,1.0,B00UVSJU4S
umap,5000,193,7.8493333,0.50722593,5.0,B0BJ13Q5JG
umap,5000,194,11.526977,1.7049723,5.0,B07QQPH27F
umap,5000,195,9.222066,3.7370267,5.0,B00PYG7LH0
umap,5000,196,7.045782,2.776043,5.0,B07S764D9V
umap,5000,197,10.062859,5.215971,5.0,B071WRSYML
umap,5000,198,12.938325,0.6678155,5.0,B00BKX75YA
umap,5000,199,12.925864,0.86808956,4.0,B09FN58JBR
umap,5000,200,13.383108,4.7450547,5.0,B0032GU1LW
umap,5000,201,5.611756,3.9733377,3.0,B0B9HR3T4B
umap,5000,202,7.6348615,4.1141205,5.0,B07LC6VRD6
umap,5000,203,9.751135,2.523593,4.0,B01KUEGE1E
umap,5000,204,9.409826,0.64262575,5.0,B08KGQHF67
umap,5000,205,12.936747,7.6855536,5.0,B0C9DP86HZ
umap,5000,206,10.835148,1.8141781,5.0,B089W47DTX
umap,5000,207,5.238163,0.022900242,5.0,B00EQ94566
umap,5000,208,13.78272,0.383652,5.0,B07SPFR8VB
umap,5000,209,13.51241,4.7147465,5.0,B00KQQK87S
umap,5000,210,7.686726,5.872714,5.0,B07KTYJ769
umap,5000,211,10.044804,-0.20278697,3.0,B06X95BTH4
umap,5000,212,10.52932,1.5049797,5.0,B005L38VRU
umap,5000,213,7.3361654,3.984396,5.0,B00V3CSE4I
umap,5000,214,10.883567,5.7125545,3.0,B003MVYTBU
umap,5000,215,8.243006,0.83349925,5.0,B006R9O2PC
umap,5000,216,7.9558363,0.7643717,5.0,B00D8XNU6C
umap,5000,217,9.573915,3.2446158,5.0,B00E0ISVLI
umap,5000,218,10.610572,0.9955734,5.0,B08HC6J3H1
umap,5000,219,14.06165,2.8326657,3.0,B07RJZPTLX
umap,5000,220,12.524116,-0.7129757,5.0,B09DTP4L96
umap,5000,221,13.237894,2.806436,5.0,B004M5MVNS
umap,5000,222,13.509924,0.9188173,5.0,B008I636D6
umap,5000,223,9.267692,1.38341,1.0,B072LX4LTV
umap,5000,224,6.0152345,0.048065525,5.0,B0068LWHPQ
umap,5000,225,12.671729,6.9886675,5.0,B08JYY4FDG
umap,5000,226,7.241526,2.779553,1.0,B09Q5BNT76
umap,5000,227,9.55895,-0.123286925,5.0,B08FRLCF2W
umap,5000,228,7.4787464,3.1497808,3.0,B09Q5BNT76
umap,5000,229,7.932708,-1.8122787,1.0,B07FP8VLXS
umap,5000,230,13.273018,1.0343444,1.0,B09GLQ2PFV
umap,5000,231,9.136247,1.5388625,1.0,B09KTMJVJW
umap,5000,232,6.817383,3.1748226,4.0,B08PNW6WGX
umap,5000,233,9.78953,5.747597,5.0,B0791TX5P5
umap,5000,234,10.015348,-0.83234704,5.0,B07VYM342S
umap,5000,235,6.130028,3.225364,2.0,B00IYA2SMQ
umap,5000,236,5.656905,3.1906247,5.0,B07S764D9V
umap,5000,237,8.922977,3.8746622,4.0,B00B20M8CU
umap,5000,238,12.416036,7.584936,5.0,B0C2PTV9ZW
umap,5000,239,11.560236,7.775054,5.0,B07X4854MR
umap,5000,240,7.93142,0.73196363,5.0,B0BBMN8HMM
umap,5000,241,12.44198,5.6827016,1.0,B09CFY36RN
umap,5000,242,8.50624,0.5766224,5.0,B08FZPS1N1
umap,5000,243,10.101936,-1.2173134,5.0,B00L1KFWSI
umap,5000,244,12.345522,6.5011687,1.0,B00007AP2O
umap,5000,245,9.242266,2.0611887,5.0,B00KMFN8E8
umap,5000,246,9.631645,-1.0286906,5.0,B004WX0XP8
umap,5000,247,8.495415,1.5971475,1.0,B0BVY4JVNG
umap,5000,248,8.902461,-2.153627,5.0,B075X8471B
umap,5000,249,8.850093,-2.112729,5.0,B01D2WRSF2
umap,5000,250,6.083643,4.267965,5.0,B0C2BVCBRV
umap,5000,251,5.322416,0.0094719445,5.0,B0BBFFXWVH
umap,5000,252,12.527885,1.0510252,4.0,B0997HW4JP
umap,5000,253,14.073946,1.7698288,5.0,B0B19M78LS
umap,5000,254,8.50334,4.4214716,5.0,B092D3LR5M
umap,5000,255,8.427814,4.2874784,5.0,B08SW8DMM5
umap,5000,256,8.439092,4.293405,5.0,B08K3FS8VJ
umap,5000,257,5.1335917,0.04397362,5.0,B08LYQ7MBZ
umap,5000,258,13.0379715,7.721414,5.0,B08G56K774
umap,5000,259,5.232722,0.0279246,5.0,B089DZNCZJ
umap,5000,260,5.5754194,0.09841823,5.0,B09Y37DKJV
umap,5000,261,10.636489,5.53065,5.0,B08CKSDF3M
umap,5000,262,13.104708,7.6729984,5.0,B09CYHT3VK
umap,5000,263,6.4198895,6.5822315,4.0,B08735Q7LS
umap,5000,264,13.058829,7.662663,5.0,B08NPZ574Z
umap,5000,265,7.095114,3.1793976,5.0,B085M686ST
umap,5000,266,5.89845,3.703914,4.0,B082CJ19WL
umap,5000,267,7.4390984,3.7217777,5.0,B081STV3XJ
umap,5000,268,13.188139,7.367497,5.0,B095LLDH4H
umap,5000,269,11.671595,3.4024317,5.0,B07JGKCKKR
umap,5000,270,11.334337,7.1305695,5.0,B07DTRYMQQ
umap,5000,271,5.2361846,-0.0060996567,4.0,B0787GLJNQ
umap,5000,272,5.981205,3.6470594,5.0,B074QQP2T2
umap,5000,273,7.4995904,6.0363016,4.0,B075QC3TZY
umap,5000,274,13.817865,0.8237832,5.0,B0719QH4JP
umap,5000,275,13.019299,-0.5642024,5.0,B01MREKZDP
umap,5000,276,7.680898,5.9953666,3.0,B01HCVG51M
umap,5000,277,6.4899116,6.518806,4.0,B012D4IEUI
umap,5000,278,9.724059,4.7345324,1.0,B00YEX1Y1S
umap,5000,279,7.5546055,4.1286016,5.0,B01MQGLIKL
umap,5000,280,11.575825,3.500465,4.0,B000LY1UMC
umap,5000,281,11.509421,3.491264,5.0,B004WMSV76
umap,5000,282,5.201067,0.05944142,5.0,B005J7Y98I
umap,5000,283,7.6652913,4.383775,5.0,B00KTCN43E
umap,5000,284,10.846498,0.4523248,4.0,B019CB11IM
umap,5000,285,9.86278,4.127337,5.0,B00BTVSUNI
umap,5000,286,13.334697,4.497593,4.0,B00WHEUS22
umap,5000,287,13.071774,7.797559,5.0,B003XNSBXY
umap,5000,288,8.3082905,4.129721,4.0,B00ENY0ZLS
umap,5000,289,13.896469,0.6422302,4.0,B00IHVNMYK
umap,5000,290,5.1483145,-0.0105287945,3.0,B00GXXJF72
umap,5000,291,9.893598,3.9066012,5.0,B00DLKE8C2
umap,5000,292,7.7307835,4.073061,5.0,B00C27S0M4
umap,5000,293,11.496724,3.619974,3.0,B00ARDJ5BU
umap,5000,294,14.073263,1.6528591,4.0,B008HK3U6Q
umap,5000,295,13.103908,1.129124,4.0,B007Q8GOGI
umap,5000,296,14.190051,1.6321615,4.0,B009WZRCO6
umap,5000,297,5.8541245,3.5643895,4.0,B0046W5EQI
umap,5000,298,14.247619,2.3258886,3.0,B008ULPDIK
umap,5000,299,13.92914,2.8098648,5.0,B008GFRBBW
umap,5000,300,11.540946,3.5807233,4.0,B00QU5CR6E
umap,5000,301,11.705332,7.390028,2.0,B00XIUKJDW
umap,5000,302,7.6294866,3.8465984,5.0,B008DF53W4
umap,5000,303,11.56796,3.5061126,4.0,B00A4QXIRM
umap,5000,304,7.999389,3.3712769,5.0,B007GFX798
umap,5000,305,5.8569884,0.13346633,5.0,B003VAGXZC
umap,5000,306,7.7771754,4.1898828,4.0,B005OB1TU0
umap,5000,307,8.135529,4.2613063,3.0,B004TPJKEY
umap,5000,308,9.457941,4.4342976,4.0,B005K69PLE
umap,5000,309,12.965204,1.9814134,4.0,B005NHR6MU
umap,5000,310,7.1402845,4.250972,2.0,B004DNWCZ6
umap,5000,311,13.95328,0.81293803,5.0,B0058GAOO8
umap,5000,312,11.590974,3.6702,5.0,B0020HRE1Y
umap,5000,313,12.635799,4.4963365,5.0,B00305GHAE
umap,5000,314,9.459446,3.2837305,5.0,B00XI3MMMA
umap,5000,315,7.1009893,4.06822,4.0,B0035JJJPK
umap,5000,316,12.76746,-0.19201255,4.0,B00BWH2SWI
umap,5000,317,9.944242,7.638203,4.0,B0032AN4N0
umap,5000,318,11.578348,3.680125,5.0,B001Q9F0BS
umap,5000,319,10.926686,4.023974,5.0,B002GP7ZT6
umap,5000,320,5.6624794,0.092572406,5.0,B002CWZ29S
umap,5000,321,5.4264326,0.039644074,5.0,B001VFUN82
umap,5000,322,11.543462,3.881987,5.0,B0023B14TK
umap,5000,323,11.635992,3.5758042,4.0,B001DQRBSY
umap,5000,324,10.095235,7.6332335,5.0,B000V2MK00
umap,5000,325,13.228001,0.71495765,4.0,B000WOGA6C
umap,5000,326,9.790903,4.717447,5.0,B00KSBB7EY
umap,5000,327,10.259048,0.21573758,5.0,B00INZSFUG
umap,5000,328,7.383487,3.7080925,5.0,B078G91T8X
umap,5000,329,13.002854,-0.7432054,5.0,B01M2BIW94
umap,5000,330,8.077684,-0.97309,5.0,B0B7XZB7V1
umap,5000,331,8.095303,-0.9470708,5.0,B08M5KCX78
umap,5000,332,7.3927474,2.8971367,5.0,B0C4DTCKS5
umap,5000,333,13.162081,6.1215515,4.0,B078PFDHN4
umap,5000,334,7.784385,5.984414,1.0,B07MKN9Q5B
umap,5000,335,10.544294,3.8113832,1.0,B07G5ZG3Q4
umap,5000,336,10.957166,3.9298534,1.0,B07G5YXYFL
umap,5000,337,12.82162,-0.7162995,2.0,B07X92YR8W
umap,5000,338,7.577456,5.5534315,5.0,B07456BG8N
umap,5000,339,12.153732,7.197794,4.0,B012BN15LQ
umap,5000,340,5.9991703,3.4362729,4.0,B0756T7R5T
umap,5000,341,13.173652,1.3703976,5.0,B0833NKK5K
umap,5000,342,12.787694,3.7671926,5.0,B00KL2TENQ
umap,5000,343,6.710567,4.3683743,4.0,B008DWJ4KY
umap,5000,344,7.8105636,3.9436836,5.0,B01MQJ2XE6
umap,5000,345,7.842597,3.9406881,5.0,B00009WBYL
umap,5000,346,7.3486423,3.4642885,4.0,B0009X3JBU
umap,5000,347,7.277427,3.4082077,4.0,B07CG8G732
umap,5000,348,9.050735,5.894033,4.0,B07R8L532P
umap,5000,349,9.886233,4.850271,5.0,B0076GEMGO
umap,5000,350,9.846144,4.7609663,5.0,B0078YGN34
umap,5000,351,7.8775926,4.0500355,5.0,B009HB2USI
umap,5000,352,10.144706,4.8234043,4.0,B004GJ0EEI
umap,5000,353,10.069365,5.1031094,4.0,B003L1ZYYW
umap,5000,354,7.4597325,3.0412157,5.0,B099V8GPR4
umap,5000,355,12.9608,1.1697775,5.0,B0BPMM75N8
umap,5000,356,13.100845,1.1308447,5.0,B07GZMMYHT
umap,5000,357,7.634432,5.809415,5.0,B01K1O7UH0
umap,5000,358,13.475224,1.0693614,2.0,B00OTXNUBU
umap,5000,359,10.580534,-0.28686175,5.0,B00MICP8PA
umap,5000,360,14.153965,2.4735456,5.0,B0051VVOB2
umap,5000,361,7.5704327,5.8177276,5.0,B07H65KP63
umap,5000,362,10.196076,0.34772915,5.0,B06XD94B2F
umap,5000,363,12.8411875,2.088388,1.0,B07VWT32HX
umap,5000,364,13.359384,0.083275676,3.0,B09P664R9L
umap,5000,365,12.344452,1.038741,5.0,B01054S5FM
umap,5000,366,13.361231,2.1003838,3.0,B08PFZK4YZ
umap,5000,367,13.131942,1.3220412,5.0,B08PNWVR4C
umap,5000,368,12.473643,4.7822785,5.0,B0887P21Z2
umap,5000,369,10.868499,0.90954196,5.0,B0BPN2DXC1
umap,5000,370,10.948426,1.2603658,1.0,B07V4LLTSQ
umap,5000,371,6.8269243,3.4719958,3.0,B071DGXVWB
umap,5000,372,7.383302,3.834563,1.0,B0CBWV3Q8B
umap,5000,373,9.592881,0.11988929,5.0,B07PLFCP3W
umap,5000,374,7.592055,3.8216915,1.0,B07Y8H8STR
umap,5000,375,10.7129135,0.99931616,1.0,B07H9FG9SD
umap,5000,376,7.687891,5.81341,5.0,B07PGL2N7J
umap,5000,377,11.652048,7.8358903,5.0,B0896VGNF7
umap,5000,378,12.353925,0.99979407,5.0,B01LZJGEI2
umap,5000,379,12.259722,1.007629,5.0,B074512LY1
umap,5000,380,8.961785,1.6528857,1.0,B09JKYBVJD
umap,5000,381,7.817242,3.900291,3.0,B06XDSMDKV
umap,5000,382,9.878258,5.7496457,5.0,B008GVOVK0
umap,5000,383,9.562954,5.6312966,5.0,B075X8471B
umap,5000,384,10.07245,1.6094061,5.0,B00TOVTZ7K
umap,5000,385,7.456924,2.7975602,5.0,B07P1FN7KQ
umap,5000,386,9.641105,0.44035983,5.0,B075M3G8SV
umap,5000,387,7.745828,5.9291453,5.0,B01K8B8YA8
umap,5000,388,7.4096055,2.952745,5.0,B073VC4KGT
umap,5000,389,12.326948,1.0051336,4.0,B01M60S5H2
umap,5000,390,11.112279,0.71750385,5.0,B0122TWDH4
umap,5000,391,9.82406,1.5481329,1.0,B0B9GFKYSZ
umap,5000,392,5.1816463,0.030743727,1.0,B008I646WG
umap,5000,393,13.470158,4.745706,5.0,B07454F4JH
umap,5000,394,5.241846,0.049684823,5.0,B0C617749R
umap,5000,395,12.48583,1.0215881,3.0,B00DOPW5L0
umap,5000,396,12.582601,6.8517885,5.0,B00DS4BLLW
umap,5000,397,13.622477,1.9519187,5.0,B005TUQV0E
umap,5000,398,10.542777,0.3401416,1.0,B0B2CJ3YSP
umap,5000,399,11.850196,0.6858579,1.0,B093DR9RWD
umap,5000,400,10.934466,3.717112,5.0,B08F6GPRH6
umap,5000,401,10.974715,-0.4271627,5.0,B08JQCJZQM
umap,5000,402,7.728112,6.0132957,5.0,B07KTYJ769
umap,5000,403,12.330695,0.07964105,5.0,B0BFVWWFZP
umap,5000,404,9.779779,5.1722975,5.0,B09QLBKCZ3
umap,5000,405,7.5986094,5.7068133,5.0,B08F1P3BCC
umap,5000,406,12.670502,7.6608543,1.0,B08L3PV71G
umap,5000,407,11.480272,0.7586007,5.0,B09V19FR6M
umap,5000,408,10.554224,1.2133166,5.0,B0B74ZCLQ7
umap,5000,409,5.450363,3.4929762,5.0,B0BMT6TQSK
umap,5000,410,7.426863,2.6834135,5.0,B0BJQ8TH85
umap,5000,411,13.135458,7.5620933,5.0,B09QLBKCZ3
umap,5000,412,11.073592,3.7482548,5.0,B096K4MF5V
umap,5000,413,9.157928,5.102493,5.0,B01DU67QZM
umap,5000,414,11.626283,1.7387787,5.0,B00MVRBOIC
umap,5000,415,12.405601,4.8069353,5.0,B00IVPU7AO
umap,5000,416,6.8644085,3.1744082,3.0,B000BBE9C8
umap,5000,417,12.932885,0.59746605,5.0,B07XXZ1XGW
umap,5000,418,9.640423,0.1102041,4.0,B0170RBJ9Q
umap,5000,419,7.7082505,5.9548573,5.0,B08XVF418R
umap,5000,420,13.00964,0.55524963,5.0,B0879L79L7
umap,5000,421,9.713849,4.993337,5.0,B01LXFFO8O
umap,5000,422,7.6879396,0.61386776,5.0,B06XDN9MBD
umap,5000,423,9.539452,1.213677,5.0,B07QC4WTNC
umap,5000,424,9.743372,5.629829,1.0,B0791T9CV7
umap,5000,425,13.983723,0.81352854,3.0,B08XLXS9P4
umap,5000,426,13.924462,0.8575489,4.0,B07YRPBMC8
umap,5000,427,7.7174764,5.939769,5.0,B07H65KP63
umap,5000,428,8.893672,3.932438,2.0,B07VHQW6F3
umap,5000,429,10.134676,1.0347569,5.0,B082TR27NZ
umap,5000,430,7.7426977,5.968792,5.0,B07KGVB6D6
umap,5000,431,9.873144,2.6232667,5.0,B00FHBH5SC
umap,5000,432,9.89588,2.693529,4.0,B005I9IM4E
umap,5000,433,10.125445,4.77472,4.0,B000F2KUK8
umap,5000,434,7.0659776,4.333157,5.0,B09GGBWFP1
umap,5000,435,12.188361,7.5542707,5.0,B09RZDNN93
umap,5000,436,7.7177367,5.916722,4.0,B01K8B8YA8
umap,5000,437,10.015669,1.7169851,5.0,B08PBPZB5Z
umap,5000,438,11.630704,7.8668733,5.0,B07DCGFWNQ
umap,5000,439,9.675913,0.9243384,5.0,B07P5GWG56
umap,5000,440,7.6801643,3.1187425,5.0,B079G2DFNC
umap,5000,441,5.5285673,3.8310475,4.0,B08KDZ2NZX
umap,5000,442,8.397514,4.175977,5.0,B09SVJGMN1
umap,5000,443,10.521236,-0.114434406,5.0,B07JL18G1D
umap,5000,444,10.575844,-0.39028117,5.0,B0B5MZSSXG
umap,5000,445,12.751227,6.8972034,4.0,B0BS6KLLT1
umap,5000,446,7.376069,3.609078,2.0,B00065XSP8
umap,5000,447,9.465717,-0.30418622,5.0,B015W2SJFS
umap,5000,448,12.373056,6.018636,1.0,B0BS22ZZY8
umap,5000,449,9.708242,2.1085527,5.0,B08F9ZCTCL
umap,5000,450,10.026379,0.075061515,5.0,B09ZPV8WBV
umap,5000,451,8.32494,4.685903,5.0,B08PBLGCNB
umap,5000,452,9.599249,3.6441627,5.0,B09V3TSYFX
umap,5000,453,12.251627,7.476818,5.0,B00T38OHQ8
umap,5000,454,11.594522,0.9217828,5.0,B09LQV1C2D
umap,5000,455,9.369213,5.973369,1.0,B0BQD6LHL7
umap,5000,456,9.453314,-0.050919663,1.0,B07PHB491R
umap,5000,457,7.4220595,3.1418324,1.0,B08XQPY9BC
umap,5000,458,13.617243,5.9255853,5.0,B07SCLKCRY
umap,5000,459,12.0304165,7.5840173,5.0,B092MV7LB5
umap,5000,460,11.028251,7.977944,5.0,B0925Z7N6N
umap,5000,461,9.078159,0.6483225,3.0,B075KH6W4S
umap,5000,462,13.733732,5.9744015,5.0,B09K8CBWBG
umap,5000,463,9.56794,4.8310146,5.0,B0BTPBBL52
umap,5000,464,11.910493,6.601792,5.0,B076QBXVML
umap,5000,465,9.133888,4.981796,5.0,B0093UA2GA
umap,5000,466,9.171938,5.0695586,2.0,B07MQQV5VR
umap,5000,467,12.218496,7.093199,5.0,B07589ZKM6
umap,5000,468,9.28075,5.004895,5.0,B00KC0HVTQ
umap,5000,469,9.511723,5.0176797,5.0,B077DZYBLS
umap,5000,470,10.936818,0.8740736,5.0,B078N1F14R
umap,5000,471,10.912739,7.354282,5.0,B01BT9SEDA
umap,5000,472,9.447939,-0.7265386,5.0,B0BXYXD1Q2
umap,5000,473,9.898335,4.787096,4.0,B00M0RH36U
umap,5000,474,10.482818,2.5300868,5.0,B00BCGRX9M
umap,5000,475,10.303082,0.5120746,3.0,B000EVM5DK
umap,5000,476,9.514599,6.9258533,4.0,B09LYWCHJX
umap,5000,477,10.314328,-0.4289449,4.0,B00EUY59Z8
umap,5000,478,9.729689,4.8354936,5.0,B0036WT3ZM
umap,5000,479,12.436148,7.455075,2.0,B08YF1VBYD
umap,5000,480,12.314546,7.0825095,1.0,B07X23N387
umap,5000,481,10.56331,3.656896,5.0,B074CKFLR3
umap,5000,482,5.6546574,0.17767997,1.0,B003B4BBFK
umap,5000,483,5.5828094,3.7907999,5.0,B08XNCHTCY
umap,5000,484,8.576096,0.40991,5.0,B096V83KF4
umap,5000,485,11.850552,5.112132,5.0,B06X9ZNT4P
umap,5000,486,11.9846,5.1669593,5.0,B08KSG2JMV
umap,5000,487,11.760155,5.094162,5.0,B07H65KP63
umap,5000,488,11.677019,4.9195256,4.0,B08TBDBQ1C
umap,5000,489,11.869302,5.179587,5.0,B0BC87S9SY
umap,5000,490,11.814576,5.212119,5.0,B09B36FJVT
umap,5000,491,11.925487,5.368501,5.0,B095KD3MNN
umap,5000,492,11.966616,5.416727,5.0,B00VUIITTU
umap,5000,493,5.860111,6.9231358,5.0,B091SDZ3S1
umap,5000,494,5.833913,6.939994,5.0,B091SDZ3S1
umap,5000,495,12.610607,4.3623757,5.0,B07Z18JVPH
umap,5000,496,12.245957,4.072085,4.0,B0BNXXNBB4
umap,5000,497,11.891673,7.029067,5.0,B09Y95BMKX
umap,5000,498,9.758716,0.6717048,5.0,B09DG877JS
umap,5000,499,5.315839,0.12193754,5.0,B07W1Q3X7S
umap,5000,500,5.2981043,0.07791346,5.0,B0BG7KP5L4
umap,5000,501,9.793636,0.70260715,5.0,B0B5BYZPNB
umap,5000,502,12.60775,7.2604585,5.0,B0BJKGH183
umap,5000,503,5.38401,3.8091073,5.0,B0C33824RM
umap,5000,504,12.757654,4.67122,4.0,B07F2BDJ5S
umap,5000,505,13.644982,5.945974,5.0,B0BZDWGL19
umap,5000,506,5.298282,4.0031466,3.0,B08S395JJ4
umap,5000,507,5.2625437,4.0018563,5.0,B07B1L21NK
umap,5000,508,14.080525,2.7714186,5.0,B08YFJYD5Z
umap,5000,509,11.922623,7.647909,5.0,B08TZSVYB4
umap,5000,510,11.398391,7.049582,5.0,B0B12PXQYM
umap,5000,511,13.76044,1.4902127,5.0,B096F75FBW
umap,5000,512,14.180821,1.7316238,4.0,B092LY2GGV
umap,5000,513,5.8547297,3.891244,5.0,B093TFXGWR
umap,5000,514,14.222795,1.8548555,3.0,B09JMKS73X
umap,5000,515,14.136023,1.748235,1.0,B08Z2JQC6N
umap,5000,516,5.2900057,4.0182095,5.0,B09B48ZGJV
umap,5000,517,8.17485,3.1526928,5.0,B0819ZF1YR
umap,5000,518,12.565061,6.855859,5.0,B07JW7GT7H
umap,5000,519,11.897162,7.710743,4.0,B0C3M8B3MY
umap,5000,520,6.1956134,3.1470313,5.0,B09Y4HCRLM
umap,5000,521,13.049645,7.4505725,5.0,B09N75D6M4
umap,5000,522,5.8175607,4.044238,4.0,B0BPBJ6SKW
umap,5000,523,5.2418494,4.016553,3.0,B09S2XYNWL
umap,5000,524,5.791811,3.765745,4.0,B088KTR418
umap,5000,525,6.8249335,4.529972,5.0,B09H5FHRTF
umap,5000,526,12.882294,-0.7929821,5.0,B0863MN3T3
umap,5000,527,13.17339,0.45985746,5.0,B07C3PQHC7
umap,5000,528,9.778892,3.4741712,5.0,B07YJJSCLX
umap,5000,529,10.423853,7.365918,5.0,B08R5TCSH8
umap,5000,530,9.959429,0.7737783,5.0,B01H4ZGTWQ
umap,5000,531,6.8993726,4.641121,5.0,B08GFCX4Y6
umap,5000,532,12.914492,6.4465566,5.0,B005DLKFME
umap,5000,533,6.1726103,-0.005933412,5.0,B07HP726Q8
umap,5000,534,13.750315,0.29714882,5.0,B08C4QSVNG
umap,5000,535,8.138737,3.2634232,5.0,B09MH11HB7
umap,5000,536,9.455411,3.6254208,4.0,B0822W4JF3
umap,5000,537,12.953519,-0.6532554,5.0,B07HCWW319
umap,5000,538,13.059815,7.696567,5.0,B082FJXVW6
umap,5000,539,11.821228,7.3512125,5.0,B08B3F8FZ8
umap,5000,540,9.475918,6.6848865,5.0,B07ZZVX1F2
umap,5000,541,13.43073,4.7643085,5.0,B07GB3SGSF
umap,5000,542,13.377574,4.6859684,5.0,B0BWVDRR6L
umap,5000,543,13.153495,7.700113,5.0,B0BCPC68J6
umap,5000,544,13.067951,-0.52856624,5.0,B07GWKZLLT
umap,5000,545,13.301535,-0.60869807,5.0,B075Y6Y9H5
umap,5000,546,5.4817996,3.8965433,5.0,B009UNGYHG
umap,5000,547,12.546524,6.78582,5.0,B012JXHX28
umap,5000,548,12.605818,6.611055,5.0,B0BGS23YKX
umap,5000,549,6.457164,4.1051946,5.0,B09MCTFR69
umap,5000,550,13.239268,-0.09664497,5.0,B07TXNTGVS
umap,5000,551,11.022851,8.102032,5.0,B08NBBFNMY
umap,5000,552,8.293559,3.2256966,5.0,B083G8QM5V
umap,5000,553,12.3860655,2.3248687,4.0,B07N5ZPYFK
umap,5000,554,5.813536,6.964821,5.0,B08BTG7G5X
umap,5000,555,12.849608,7.736874,5.0,B087R7MNBQ
umap,5000,556,9.798905,4.307879,1.0,B08BW4JTCG
umap,5000,557,11.576253,2.3451977,5.0,B00068YUN4
umap,5000,558,9.107643,1.4326752,5.0,B0BPD6Q7KC
umap,5000,559,9.196948,0.70820683,5.0,B07L95W89W
umap,5000,560,10.984706,3.826067,5.0,B08F6GPRH6
umap,5000,561,6.207315,3.9575076,5.0,B079RC9338
umap,5000,562,5.812855,6.9599824,5.0,B087G45PDT
umap,5000,563,10.611215,0.35389128,5.0,B07YYNBSPG
umap,5000,564,5.8531046,6.9413238,5.0,B087J8VVVF
umap,5000,565,11.049747,2.7876368,4.0,B07PPRX94L
umap,5000,566,13.593314,1.1843963,5.0,B07XNGYMGS
umap,5000,567,5.908722,3.1829882,3.0,B000MUXVYK
umap,5000,568,9.979444,0.88300496,5.0,B089T4YVYD
umap,5000,569,12.467667,6.5824895,5.0,B00NH12EHQ
umap,5000,570,9.736136,5.72901,5.0,B07GZFM1ZM
umap,5000,571,10.088925,0.62272334,5.0,B07545HGR5
umap,5000,572,11.981719,7.579831,5.0,B07WFW5LQ3
umap,5000,573,9.552341,3.3464918,1.0,B0B8YVVFNT
umap,5000,574,14.031429,1.4761695,2.0,B07X3VBJNR
umap,5000,575,11.982276,4.793249,1.0,B00JWX20GI
umap,5000,576,12.056539,4.7998896,5.0,B0C71PTXVC
umap,5000,577,11.944327,3.6650574,5.0,B0827ZXTMS
umap,5000,578,11.120416,3.7369902,5.0,B07N86MCD2
umap,5000,579,11.058275,3.4307866,5.0,B07S9ZBL9K
umap,5000,580,10.180815,3.2874558,4.0,B07KTYJ769
umap,5000,581,5.8275294,6.937051,3.0,B07RTR39H6
umap,5000,582,13.075805,4.779976,1.0,B09T5PV313
umap,5000,583,13.7699585,0.8909681,5.0,B076Q643SF
umap,5000,584,11.902752,7.8504224,5.0,B07FTCRKB7
umap,5000,585,12.6552105,-0.6317356,2.0,B07CPSZXLK
umap,5000,586,11.647602,7.825722,5.0,B07S8F43Y6
umap,5000,587,11.024618,3.455856,5.0,B07N1H8CGW
umap,5000,588,7.6077123,5.6925125,5.0,B07456BG8N
umap,5000,589,8.119418,3.3641346,5.0,B00XIIB3XY
umap,5000,590,5.9052005,6.873729,5.0,B07KCYGQ8S
umap,5000,591,5.836912,6.9622602,4.0,B09G35YJGN
umap,5000,592,12.060041,7.313919,5.0,B07RL3F6TR
umap,5000,593,13.092375,4.2805357,5.0,B08KZ1TZYB
umap,5000,594,5.833076,6.9785714,4.0,B09ZHVV9R1
umap,5000,595,5.8488555,6.943022,4.0,B07KQYR8XY
umap,5000,596,5.8363853,6.9560685,4.0,B08MLFZ58K
umap,5000,597,12.16119,6.903816,5.0,B07375RHX1
umap,5000,598,11.969693,6.7937145,5.0,B07DMHHBJ7
umap,5000,599,5.8931994,6.902889,4.0,B07KCYGQ8S
umap,5000,600,13.555482,1.3946772,5.0,B07SH58QD9
umap,5000,601,5.3347754,3.9500718,5.0,B002QKZLZ6
umap,5000,602,8.129684,3.2432117,5.0,B071Y3DJR7
umap,5000,603,5.246126,3.9535768,5.0,B071WJLSNF
umap,5000,604,10.877738,3.8171635,5.0,B07324B77V
umap,5000,605,12.851466,1.5611578,5.0,B088RD3BBW
umap,5000,606,11.040531,3.4924605,5.0,B07DNY6Z6G
umap,5000,607,13.937704,1.4382148,2.0,B01HYE9A2I
umap,5000,608,11.934502,7.2177844,5.0,B07NLMZFXF
umap,5000,609,10.326869,6.737342,5.0,B010V3KWF8
umap,5000,610,11.748975,7.6037946,5.0,B01DJ96XDQ
umap,5000,611,11.843632,7.649287,5.0,B0C2VQGL6R
umap,5000,612,12.764231,7.8169374,5.0,B0BB6Y5N3M
umap,5000,613,14.031017,2.9480412,5.0,B073JYC4XM
umap,5000,614,5.8359838,6.956414,5.0,B01M4NYI4H
umap,5000,615,5.876692,6.928733,5.0,B075F3Z3D9
umap,5000,616,6.288398,3.273929,5.0,B008X0TBKO
umap,5000,617,12.799059,7.794808,5.0,B00LK4ZT7O
umap,5000,618,9.436665,6.8941116,1.0,B018YPWORE
umap,5000,619,6.2170467,3.5686321,5.0,B0105VDCZ8
umap,5000,620,8.030118,3.5001214,5.0,B01NAWBY12
umap,5000,621,10.988186,3.1330965,5.0,B07586BG8S
umap,5000,622,7.6289387,5.747024,5.0,B01K8B8YA8
umap,5000,623,12.121759,7.7108383,5.0,B00XM9QACS
umap,5000,624,12.556078,2.05584,5.0,B005IXSXPI
umap,5000,625,11.744632,7.7571483,5.0,B0746LYM4T
umap,5000,626,12.020126,-0.19606675,5.0,B01EA8CGWW
umap,5000,627,12.532174,6.897252,1.0,B06XGCK56D
umap,5000,628,13.192944,-0.553212,3.0,B002RSQ732
umap,5000,629,11.27717,4.863046,5.0,B01CX27190
umap,5000,630,13.652797,1.3835154,4.0,B015JRGC8M
umap,5000,631,12.981409,-0.5981443,5.0,B083YHS7SV
umap,5000,632,6.243816,3.6287537,5.0,B007VL90QG
umap,5000,633,10.996454,0.8985715,5.0,B01HBY8V80
umap,5000,634,9.70088,3.603135,5.0,B007P2NKNU
umap,5000,635,6.0709944,0.4659514,1.0,B00VM984YC
umap,5000,636,13.0750885,-0.48024446,5.0,B09CD66HJM
umap,5000,637,11.950363,4.4681354,1.0,B00MFJ6G20
umap,5000,638,13.10297,7.6941795,5.0,B07SYW3XL1
umap,5000,639,11.03902,8.074756,5.0,B00I0F192U
umap,5000,640,12.778229,-0.5744833,5.0,B01AB2ZGGE
umap,5000,641,11.03109,8.101992,5.0,B00ZPRNQSQ
umap,5000,642,13.020935,7.74001,5.0,B0191GGFY8
umap,5000,643,12.594072,7.7561765,4.0,B01H355BGM
umap,5000,644,11.855553,7.792876,5.0,B01ITR015O
umap,5000,645,11.910497,7.75552,5.0,B097CCR1FB
umap,5000,646,9.135908,4.4986215,4.0,B01FNAFLZA
umap,5000,647,9.666507,3.6573124,5.0,B016AR5A7O
umap,5000,648,13.016321,7.4513535,5.0,B0CCQHH8Z6
umap,5000,649,5.1024847,-0.029833566,5.0,B0B2VDVB92
umap,5000,650,9.929296,7.6475797,3.0,B01F4H1DM2
umap,5000,651,10.032349,-0.74205816,5.0,B0018Z8CN8
umap,5000,652,13.15427,-0.31202167,5.0,B01MZGZYSB
umap,5000,653,14.122786,2.7042122,5.0,B0117U82EM
umap,5000,654,12.644662,4.8208394,4.0,B00CBL543E
umap,5000,655,9.617723,3.6554267,4.0,B004RO3QPQ
umap,5000,656,5.612946,3.9290547,5.0,B008D76Q64
umap,5000,657,9.838951,5.795112,4.0,B01MQGMSVQ
umap,5000,658,9.09575,4.99299,4.0,B009AB5L5E
umap,5000,659,11.151699,7.138871,4.0,B08YB2CN2M
umap,5000,660,5.1106105,0.05622925,5.0,B005HQ5138
umap,5000,661,5.671062,3.1721468,4.0,B00FG3UOI4
umap,5000,662,6.1328773,3.8430657,5.0,B00JB31RYK
umap,5000,663,6.046867,3.1675127,4.0,B00M3GMYZS
umap,5000,664,6.1320357,0.094840676,5.0,B0002YP96Y
umap,5000,665,13.340422,4.0994186,4.0,B00K4PAV14
umap,5000,666,9.81102,0.6961892,4.0,B003J37580
umap,5000,667,10.034002,0.6771813,4.0,B004O292WC
umap,5000,668,13.34896,-0.58862215,4.0,B00KY47K6Y
umap,5000,669,10.635675,-0.3407047,4.0,B005ZUNQUQ
umap,5000,670,12.464567,4.1848974,4.0,B0857KC57L
umap,5000,671,12.408723,4.139687,4.0,B00281XW0O
umap,5000,672,12.406893,4.09821,4.0,B07VZYRKJQ
umap,5000,673,12.36044,4.094746,4.0,B07JVR8KBV
umap,5000,674,14.02878,2.6907015,5.0,B007T36S34
umap,5000,675,14.125627,1.68824,3.0,B00DR0BOSC
umap,5000,676,13.0468855,3.584283,5.0,B008ABO71E
umap,5000,677,10.109666,0.85212004,5.0,B0001HKIK4
umap,5000,678,14.25092,1.5528766,3.0,B00DR0CDEQ
umap,5000,679,13.041117,3.4213688,5.0,B009PHTHRG
umap,5000,680,5.814921,0.5143596,5.0,B00WUIBCOS
umap,5000,681,6.1820283,4.040983,5.0,B000Y31J26
umap,5000,682,5.447108,3.531874,4.0,B000Y190AG
umap,5000,683,10.119434,4.722561,5.0,B001CTILS6
umap,5000,684,13.550415,3.2039516,4.0,B0051VVOB2
umap,5000,685,11.138966,7.0630236,5.0,B0199HAOAU
umap,5000,686,7.122031,3.6977837,5.0,B085HZPNRJ
umap,5000,687,7.716447,4.3271284,1.0,B08N4CW66B
umap,5000,688,7.558503,3.1852229,5.0,B091LXKW6C
umap,5000,689,9.144316,5.855681,5.0,B0748KYTZN
umap,5000,690,9.821594,0.40719247,5.0,B092F8GG57
umap,5000,691,8.058757,3.2712636,4.0,B06XD9T2T5
umap,5000,692,11.525618,3.5365603,4.0,B0098QHS7U
umap,5000,693,11.220001,-0.2880322,1.0,B0BLCBK97H
umap,5000,694,9.557,-0.15754756,3.0,B0B2JJV92T
umap,5000,695,9.594946,-0.052279867,4.0,B07VTKFLBW
umap,5000,696,11.258466,-0.23024835,5.0,B08HFNNPPJ
umap,5000,697,10.906282,0.9131649,5.0,B081M5HPCD
umap,5000,698,10.563257,1.299201,2.0,B09P5HMNDF
umap,5000,699,9.992146,2.740952,4.0,B0C6D5GYQ4
umap,5000,700,10.468243,0.5230131,4.0,B07H2CKXRH
umap,5000,701,5.2617855,0.058580045,5.0,B0B1D1Q35D
umap,5000,702,12.887592,1.260209,5.0,B07V42PDX8
umap,5000,703,6.5530167,3.597908,5.0,B0C33C3XFV
umap,5000,704,14.176273,2.502919,5.0,B07Q4T7G99
umap,5000,705,7.7140293,0.6383431,5.0,B00TZAO9D0
umap,5000,706,14.22831,2.601757,5.0,B07NPK4PY4
umap,5000,707,7.713177,0.6259977,5.0,B072FS9VVZ
umap,5000,708,6.0145435,3.1127331,5.0,B0BS1QXF6M
umap,5000,709,13.539263,2.7843065,5.0,B07H8ZCSL9
umap,5000,710,13.548154,2.7686718,5.0,B07P374FF3
umap,5000,711,10.617801,-0.21404646,5.0,B072QY9HVM
umap,5000,712,11.102177,0.2692644,3.0,B013R9SHC8
umap,5000,713,10.565805,-0.13387348,4.0,B09KMWTYVR
umap,5000,714,10.658885,-0.26935488,5.0,B01M65QWE9
umap,5000,715,12.0485525,6.9778686,2.0,B00R43UG5A
umap,5000,716,14.061745,2.7819774,1.0,B00URC7P2M
umap,5000,717,8.52226,1.172003,2.0,059449771X
umap,5000,718,7.9236517,0.7716142,4.0,B00IWANYH6
umap,5000,719,11.786902,7.3208847,5.0,B07Q3BBNS8
umap,5000,720,13.5570545,2.8772798,5.0,B09WYFWH2Y
umap,5000,721,11.034533,7.3340125,1.0,B0BK9KB853
umap,5000,722,7.3145785,3.5233948,3.0,B09HCFHR8C
umap,5000,723,8.994003,1.1556376,1.0,B0BW4PFM58
umap,5000,724,14.025969,1.5811406,5.0,B07N7D9RSV
umap,5000,725,14.156662,1.6842864,5.0,B07K4BQKJ7
umap,5000,726,14.1870775,1.7946633,3.0,B07LCGR2YZ
umap,5000,727,7.2689896,2.9576938,5.0,B0C72D4J46
umap,5000,728,9.385338,7.097409,5.0,B093GRDN8K
umap,5000,729,6.0574226,3.3901937,1.0,B07BRM55KC
umap,5000,730,10.9847145,4.370736,2.0,B01CW4BLG8
umap,5000,731,5.765612,7.023038,1.0,B07YYD5TNH
umap,5000,732,5.8038106,6.9777994,4.0,B07HRD5K99
umap,5000,733,5.94615,3.2809842,4.0,B08XNCHTCY
umap,5000,734,9.197805,5.246239,2.0,B07MCMTCP3
umap,5000,735,12.986394,7.719212,5.0,B017LSIXDE
umap,5000,736,8.100891,3.25683,4.0,B000EFMIB0
umap,5000,737,8.914837,-2.1479278,5.0,B01K8B8YA8
umap,5000,738,10.70207,-0.37086496,5.0,B00WBD91L8
umap,5000,739,8.308482,0.43667546,5.0,B0B3X4NMHG
umap,5000,740,12.867061,-0.86242706,5.0,B0C5PHZ4QS
umap,5000,741,13.713949,5.92493,5.0,B09K8CBWBG
umap,5000,742,6.374584,6.6175256,5.0,B074KBWL9J
umap,5000,743,12.7732935,6.677898,5.0,B0B7J9L5HQ
umap,5000,744,14.09963,0.617166,5.0,B086C51NNG
umap,5000,745,11.2987795,0.8211687,5.0,B078J27VG4
umap,5000,746,8.328785,0.4190642,5.0,B00009OY9U
umap,5000,747,10.849315,0.86228293,5.0,B07WGZLBZS
umap,5000,748,13.039676,6.936177,5.0,B0841FLXW3
umap,5000,749,13.385744,1.3233845,5.0,B07CHC71M2
umap,5000,750,12.543055,1.1292888,1.0,B004RDWVUS
umap,5000,751,12.832931,1.2100288,3.0,B003YMC5RC
umap,5000,752,9.111231,5.0828075,5.0,B09W5QTSM1
umap,5000,753,13.339983,6.302416,5.0,B0BS6KLLT1
umap,5000,754,7.724743,5.764817,5.0,B07456BG8N
umap,5000,755,9.853918,-0.54089844,5.0,B01M74RA05
umap,5000,756,14.121298,2.439311,5.0,B083NY7M4L
umap,5000,757,5.6694703,4.129738,1.0,B07CKCNVGC
umap,5000,758,9.25793,-0.0005613356,5.0,B0C5MCSLKZ
umap,5000,759,10.011685,1.6914539,5.0,B07BGQZK8S
umap,5000,760,10.975462,3.564541,5.0,B08RYY7YB6
umap,5000,761,8.389765,-1.8214669,5.0,B07ZS8JCZ9
umap,5000,762,7.685394,4.594734,5.0,B07Z4G6LN2
umap,5000,763,7.681606,2.9111588,5.0,B089KKRXG6
umap,5000,764,8.963194,1.1003634,3.0,B085L34V8J
umap,5000,765,9.17405,0.32774538,1.0,B08NDSTXZ3
umap,5000,766,9.209727,5.1985664,5.0,B07KGVB6D6
umap,5000,767,9.172104,6.356215,5.0,B07PR9SN8W
umap,5000,768,13.037479,6.5217686,5.0,B00TOVTZ7K
umap,5000,769,12.280865,0.92091197,5.0,B005YV5HQC
umap,5000,770,9.842036,4.9211726,5.0,B00U9U9GII
umap,5000,771,14.169773,1.5405457,5.0,B00FF322AS
umap,5000,772,13.377749,4.3066278,5.0,B00E3W15P0
umap,5000,773,12.972243,3.3982987,5.0,B00BKRMMUS
umap,5000,774,12.2964115,4.225047,3.0,B008MDOTUE
umap,5000,775,12.135625,4.0676856,5.0,B00DYQQSSK
umap,5000,776,10.631087,2.9723823,5.0,B002BWQ4H8
umap,5000,777,7.6443696,4.09407,1.0,B008I64KGS
umap,5000,778,13.0015545,1.0928433,5.0,B07TWDMX8D
umap,5000,779,5.9272532,3.7140455,5.0,B08MVJP62X
umap,5000,780,8.487071,2.6638114,5.0,B00GM15NGM
umap,5000,781,6.0576305,3.883371,1.0,B07FTTPVGG
umap,5000,782,9.980092,0.47206298,1.0,B07PGKLS1J
umap,5000,783,9.0308075,4.040427,5.0,B01AQ6GSQM
umap,5000,784,9.045954,4.0233545,5.0,B08C7HDL8C
umap,5000,785,8.487865,-1.7273625,5.0,B07HZLHPKP
umap,5000,786,9.038976,1.446835,1.0,B00B3Y6E84
umap,5000,787,9.648014,-1.1393605,5.0,B01N9P7AL5
umap,5000,788,10.279789,-0.5802764,5.0,B01K8B8YA8
umap,5000,789,9.578965,-1.2893943,5.0,B01N6KWHSC
umap,5000,790,8.436101,5.244816,1.0,B07CBSSNXG
umap,5000,791,8.570619,3.6866732,1.0,B004JO1ZO8
umap,5000,792,9.934829,0.82924455,5.0,B00E6GRHBO
umap,5000,793,9.567422,0.16311021,5.0,B0B993N8M1
umap,5000,794,9.869022,0.3862057,5.0,B08Y1XYLVP
umap,5000,795,8.255644,3.3900867,4.0,B07XXDNSCM
umap,5000,796,8.480156,2.75753,2.0,B08GRYND4H
umap,5000,797,8.910679,-2.1235585,5.0,B01BRWH8G8
umap,5000,798,6.4453354,6.6015506,5.0,B09RL7NM59
umap,5000,799,7.7792273,5.991133,2.0,B0C3NMZ2C7
umap,5000,800,11.123112,5.45769,5.0,B01M0GB8CC
umap,5000,801,10.497821,-0.039281566,4.0,B09CPQ412S
umap,5000,802,12.680017,-0.65781397,5.0,B07K21PVMQ
umap,5000,803,12.738902,3.3291085,5.0,B07P83ZWZT
umap,5000,804,9.679843,5.6811643,3.0,B086VR2KY8
umap,5000,805,7.467105,3.4145358,5.0,B09Z228SQJ
umap,5000,806,9.8873625,-1.2206141,5.0,B01IXCP8DK
umap,5000,807,6.449382,6.562702,5.0,B08S55D31N
umap,5000,808,13.097277,2.8092713,5.0,B07P6YXJBY
umap,5000,809,8.961858,1.6437997,1.0,B0872FYTWS
umap,5000,810,9.217324,1.142263,5.0,B01N63ZGUM
umap,5000,811,12.81625,3.2208457,5.0,B07Q478Y95
umap,5000,812,12.890847,2.9482512,5.0,B07QD3J1D1
umap,5000,813,12.848077,2.9959762,5.0,B07P97SJHD
umap,5000,814,10.135435,0.021258978,5.0,B07NXJN1QW
umap,5000,815,10.3951,0.18197978,5.0,B07R217P25
umap,5000,816,12.844497,3.0899515,5.0,B01M0OE05T
umap,5000,817,12.777918,3.3824265,5.0,B076CRF7DN
umap,5000,818,9.824557,4.8314843,5.0,B00LD3Q56G
umap,5000,819,5.732272,3.6757848,5.0,B072QW59MF
umap,5000,820,9.153575,1.4899898,2.0,B00O23IQI4
umap,5000,821,8.416628,4.2262206,3.0,B0081IKTN6
umap,5000,822,11.742025,4.9249344,2.0,B00KWR8ME2
umap,5000,823,5.4157314,0.08588176,3.0,B00QRPPCMI
umap,5000,824,13.579432,3.0681784,4.0,B00VKIY9RG
umap,5000,825,5.83438,0.17492953,5.0,B0C6DDHVNP
umap,5000,826,10.293189,0.42590165,4.0,B007S642BW
umap,5000,827,9.660038,1.7365056,5.0,B0089W5Q1O
umap,5000,828,9.150388,6.3084674,3.0,B007Q45EF4
umap,5000,829,8.342988,4.009158,5.0,B00006JQ06
umap,5000,830,9.87171,-0.42214936,5.0,B009R10KBC
umap,5000,831,5.670045,0.16883188,5.0,B003VAHYNC
umap,5000,832,11.526847,3.647822,5.0,B00ARDIRFA
umap,5000,833,11.381494,3.64479,5.0,B003ZHV70C
umap,5000,834,12.944364,3.4578974,5.0,B002PY7LL0
umap,5000,835,5.820703,3.1075718,5.0,B09Y54MQWT
umap,5000,836,8.5853195,-1.9951254,5.0,B00IA8M3K4
umap,5000,837,8.494888,0.9796289,5.0,B097D8D6L1
umap,5000,838,5.1691008,0.032243796,5.0,B089N5L1YQ
umap,5000,839,12.139783,0.96953744,5.0,B00LI6NW8W
umap,5000,840,9.465567,1.2823869,5.0,B08HSCF9X7
umap,5000,841,10.60426,1.3427299,5.0,B07HMRN7Y6
umap,5000,842,12.98982,0.66994846,5.0,B01D06IWB4
umap,5000,843,10.086107,2.3732848,3.0,B00P7EVST6
umap,5000,844,10.764723,0.44534272,5.0,B07VHQW6F3
umap,5000,845,13.626721,6.0244474,5.0,B01IARZGAS
umap,5000,846,12.9771595,1.0870905,5.0,B01E7C8TWW
umap,5000,847,10.337276,0.715032,5.0,B00HHEAMXC
umap,5000,848,13.781153,0.99306226,5.0,B07PR21291
umap,5000,849,10.419856,0.04800792,5.0,B018PU87TM
umap,5000,850,5.8669157,3.2509022,5.0,B09WD1B2P1
umap,5000,851,12.778746,3.3415167,5.0,B07BNX8N72
umap,5000,852,7.7313066,5.9523993,5.0,B07PDHSLM6
umap,5000,853,6.3408275,3.3717327,4.0,B00WMLVJ1E
umap,5000,854,9.080541,5.0013843,5.0,B07GKT53H5
umap,5000,855,11.112138,-0.18524027,2.0,B072JJPZXQ
umap,5000,856,13.730555,5.9765162,5.0,B089F9YDFC
umap,5000,857,9.4732895,6.914213,1.0,B01MS1PMML
umap,5000,858,12.046172,7.1475177,5.0,B0C5MF2LCQ
umap,5000,859,10.39704,1.9940313,3.0,B00OQVZDJM
umap,5000,860,9.761162,5.2658195,3.0,B00ZVJAF9G
umap,5000,861,11.315602,-0.14206392,5.0,B071K5BQPF
umap,5000,862,6.7798047,3.393519,1.0,B08YF1VBYD
umap,5000,863,9.1947565,-0.10872429,5.0,B017LSIXDE
umap,5000,864,10.639278,7.2751737,5.0,B01LXR37IE
umap,5000,865,13.212104,3.7947664,1.0,B01KV93B9G
umap,5000,866,11.86895,4.728993,5.0,B004ZX2NU8
umap,5000,867,9.371659,2.09239,5.0,B008X0TBKO
umap,5000,868,8.306407,4.02382,5.0,B00ET7PG5E
umap,5000,869,10.704864,0.603708,5.0,B0874YZVWK
umap,5000,870,13.674793,1.2958721,5.0,B007T356BO
umap,5000,871,9.526367,-0.17463894,4.0,B083J66JC2
umap,5000,872,9.497763,-0.1924274,4.0,B0916X99SD
umap,5000,873,9.520436,0.037085176,3.0,B08Z3HGG2J
umap,5000,874,10.618584,-0.33461222,4.0,B09P39CW4T
umap,5000,875,9.681538,0.4197135,4.0,B0BXJX78RL
umap,5000,876,9.921566,0.5073696,4.0,B07PXGQC1Q
umap,5000,877,7.5940785,-3.2846618,5.0,B07QD3HBFS
umap,5000,878,7.49648,2.669818,5.0,B0BQQ234HZ
umap,5000,879,9.665532,5.6539655,2.0,B07SPS13MC
umap,5000,880,8.486161,-1.674978,5.0,B07JG1VFBX
umap,5000,881,10.031634,1.6950577,5.0,B072DZH41G
umap,5000,882,5.855786,2.7649806,5.0,B07FFVVDJ8
umap,5000,883,12.402224,2.4205716,5.0,B0753R71ZH
umap,5000,884,9.880102,2.5406969,4.0,B07TG9S4DG
umap,5000,885,10.0828905,1.7154748,5.0,B07XX31MHV
umap,5000,886,9.3952465,0.61986625,5.0,B07QF6NRH2
umap,5000,887,11.650537,7.4211965,5.0,B07BWC32CX
umap,5000,888,5.708359,3.498425,1.0,B095WJGGZJ
umap,5000,889,9.840788,0.14702691,3.0,B076HFYGLR
umap,5000,890,13.337336,1.2300284,5.0,B08BLB8FRT
umap,5000,891,8.996362,5.882951,3.0,B07JMC8B3Y
umap,5000,892,12.883776,7.016279,4.0,B08F1P3BCC
umap,5000,893,12.670301,3.66673,5.0,B09ZGMKVVK
umap,5000,894,11.4172325,5.6215553,5.0,B0855GZ7PT
umap,5000,895,5.676458,3.973483,4.0,B07J3CRZGG
umap,5000,896,13.346321,4.8596463,5.0,B07RLZ1KDY
umap,5000,897,6.100158,0.056767337,5.0,B083TNW1JM
umap,5000,898,13.028362,-0.568648,1.0,B005HEVKXU
umap,5000,899,8.808369,0.6474293,5.0,B072ZQB512
umap,5000,900,9.087928,5.0287127,5.0,B01AQ6OWAG
umap,5000,901,9.093245,5.0588045,3.0,B07GF959QQ
umap,5000,902,13.717761,1.7187049,5.0,B072BMZCHN
umap,5000,903,7.0681496,4.216102,5.0,B07SM5MQN8
umap,5000,904,9.047661,5.891639,5.0,B0BF9KC3NZ
umap,5000,905,9.169361,5.3139234,1.0,B07GY54JPV
umap,5000,906,9.894011,-1.0289093,3.0,B0BJPSZ739
umap,5000,907,7.356654,2.9590037,5.0,B078RYSGTR
umap,5000,908,12.45802,-0.26619878,5.0,B010P5714W
umap,5000,909,9.385614,0.019744067,5.0,B01NCOM06N
umap,5000,910,9.166025,1.0453253,5.0,B01MRS3MIS
umap,5000,911,5.8226595,0.1472402,1.0,B014KF85IO
umap,5000,912,9.686182,2.7905488,5.0,B09LNX8MHV
umap,5000,913,9.093765,5.036992,4.0,B01F8DPALM
umap,5000,914,11.580083,3.2550902,1.0,B00DU15MU4
umap,5000,915,12.703284,5.5837603,4.0,B00WU37B2K
umap,5000,916,11.587259,6.8370705,1.0,B08N5821RN
umap,5000,917,12.748635,6.4033904,5.0,B00WSW1YXA
umap,5000,918,12.233377,-10.61478,5.0,B07GFQN1MM
umap,5000,919,10.955224,0.832981,4.0,B07Q12TXD8
umap,5000,920,9.025727,0.46098176,1.0,B07S764D9V
umap,5000,921,11.26966,-0.668261,5.0,B07FFCGJ5L
umap,5000,922,9.198601,0.978883,5.0,B07L814B45
umap,5000,923,8.919818,1.0738336,1.0,B0177NSA9A
umap,5000,924,9.4888735,2.698216,5.0,B0087NZ31S
umap,5000,925,12.9864235,0.6273882,5.0,B0819QKM8T
umap,5000,926,13.427767,1.1219478,2.0,B07PTVBKHM
umap,5000,927,9.18395,0.71963966,3.0,B0B9S7TTCZ
umap,5000,928,7.240618,4.034177,5.0,B0935ZDCYD
umap,5000,929,13.6782255,0.8923406,1.0,B01H8SKNQM
umap,5000,930,7.8787374,6.0156384,2.0,B07N8VFFNS
umap,5000,931,10.405093,-0.3470593,4.0,B075R8JR8L
umap,5000,932,14.170983,2.706343,1.0,B00OQVZDJM
umap,5000,933,9.243885,6.789124,1.0,B08KVSN48H
umap,5000,934,13.511616,3.598392,2.0,B00U3FPN4U
umap,5000,935,5.8345084,3.384417,5.0,B08L3R87HW
umap,5000,936,12.499937,1.551338,5.0,B0BV6WXP1T
umap,5000,937,9.905844,0.34143442,5.0,B0915QKXBV
umap,5000,938,8.839446,-0.86454535,5.0,B0BLRCRNP1
umap,5000,939,10.587467,0.7671539,4.0,B008YCZBCI
umap,5000,940,12.708555,3.0037787,5.0,B003U9RHM2
umap,5000,941,12.967375,1.0355843,5.0,B004V68IQ2
umap,5000,942,11.029845,8.097651,5.0,B07KWR33LS
umap,5000,943,9.563343,6.9315443,5.0,B00R92CL5E
umap,5000,944,7.6403494,4.3174424,5.0,B0BWMYK1XZ
umap,5000,945,5.6006193,3.7952497,3.0,B007L5NKZO
umap,5000,946,14.090104,1.6949232,5.0,B00FJ8JC3O
umap,5000,947,13.733797,1.3041738,3.0,B08BWN7F7Q
umap,5000,948,9.137256,4.9600353,5.0,B075NFX24M
umap,5000,949,8.175688,0.840842,5.0,B07Q2WQWT7
umap,5000,950,12.205043,1.8484268,5.0,B09T3VLCWD
umap,5000,951,9.025461,1.3851949,5.0,B07TMJ8S5Z
umap,5000,952,12.859696,4.786462,5.0,B01NANB0IW
umap,5000,953,11.279488,-0.69501805,5.0,B07Y8SH1MC
umap,5000,954,9.572565,0.52557814,5.0,B07ZSZQNWP
umap,5000,955,10.783023,2.749785,5.0,B09KZJ9W7R
umap,5000,956,8.837236,5.7517276,4.0,B07Q74L1TR
umap,5000,957,9.703886,2.244821,5.0,B09XGQQ98K
umap,5000,958,12.62082,1.470181,5.0,B0BGS23YKX
umap,5000,959,9.099487,5.0326304,5.0,B08HR9JFC2
umap,5000,960,13.355666,3.930005,2.0,B08JTWH2SQ
umap,5000,961,9.531373,6.7402263,5.0,B087D7C96F
umap,5000,962,7.370789,2.8241487,5.0,B07S5XSTCW
umap,5000,963,10.003524,1.7863097,5.0,B09T6T159F
umap,5000,964,9.093121,5.0187287,5.0,B009XUM3Q2
umap,5000,965,10.585737,2.2614648,5.0,B00XJ30884
umap,5000,966,8.838377,5.579647,5.0,B07797JBDW
umap,5000,967,8.34247,-1.871967,5.0,B06XBBRVD5
umap,5000,968,10.440782,0.020217817,5.0,B06ZZY4VNW
umap,5000,969,7.963466,0.75677866,5.0,B01HMB1US0
umap,5000,970,8.357966,-1.8227727,5.0,B011BRUOMO
umap,5000,971,7.6617208,3.6897657,5.0,B0B6T5ZWCM
umap,5000,972,8.382437,-1.908186,5.0,B00AYB3OMG
umap,5000,973,9.045004,5.026308,5.0,B001905C62
umap,5000,974,11.958136,3.2837298,1.0,B004SPMRUO
umap,5000,975,9.33979,1.3517087,1.0,B07NSM8TF8
umap,5000,976,8.997409,0.8646376,1.0,B0963TH5MF
umap,5000,977,6.9921575,4.215181,1.0,B0B62FJF1J
umap,5000,978,10.967482,5.777048,1.0,B0BRXJ655D
umap,5000,979,9.1315,3.7491946,5.0,B0C1CST5HF
umap,5000,980,14.090648,2.094566,5.0,B019Q6G21Y
umap,5000,981,6.432095,6.583049,5.0,B0095PZHPE
umap,5000,982,7.4598374,3.718275,5.0,B003VAK1I2
umap,5000,983,8.949184,0.8853061,5.0,B0BLNQ6B3L
umap,5000,984,11.560667,7.799641,5.0,B085N11H5T
umap,5000,985,10.327657,0.4182988,5.0,B0043T7FXE
umap,5000,986,10.271528,1.7176833,5.0,B00KC0HVTQ
umap,5000,987,10.553562,-0.21173103,5.0,B01HRVABD0
umap,5000,988,10.635117,2.7663486,5.0,B0CBVWHXTS
umap,5000,989,10.5111685,-0.54097474,5.0,B07Z8RLTN7
umap,5000,990,10.703931,4.1559978,5.0,B08C2LDLG5
umap,5000,991,6.6646724,3.127444,5.0,B08J83TR22
umap,5000,992,8.6472845,0.74049884,5.0,B00TOT6I7W
umap,5000,993,13.787413,0.5064914,5.0,B00GMFVET8
umap,5000,994,9.24828,0.7415593,5.0,B08L5M9BTJ
umap,5000,995,9.140063,5.1071568,5.0,B07Z3KTCPX
umap,5000,996,9.971691,0.3935438,5.0,B0BWD4WGJB
umap,5000,997,11.028404,3.6997838,4.0,B07G61MFF6
umap,5000,998,9.736188,4.926351,2.0,B00VA5MLM4
umap,5000,999,13.184984,6.2989607,5.0,B085D9SLF4
umap,5000,1000,7.8621225,0.6796756,5.0,B0BTKKJLTP
umap,5000,1001,5.90205,0.16343631,5.0,B00M4L721S
umap,5000,1002,10.003867,3.2167127,5.0,B00JM6EP1I
umap,5000,1003,9.153222,4.450286,5.0,B0007M610O
umap,5000,1004,13.3541975,1.5003043,5.0,B086YCPY39
umap,5000,1005,11.606996,7.1770015,4.0,B01M71T4E7
umap,5000,1006,8.890051,1.7413335,1.0,B06ZXR6KS6
umap,5000,1007,13.480833,2.6381202,4.0,B00J3FOZPO
umap,5000,1008,11.013467,0.07055759,5.0,B08QJBQ1VM
umap,5000,1009,9.722709,1.4488951,5.0,B07F4P3JH7
umap,5000,1010,5.7014427,3.2958326,5.0,B01FLKRNTE
umap,5000,1011,9.73522,1.6109053,5.0,B08YGKCHNF
umap,5000,1012,11.647116,0.41212925,5.0,B07V44WYM6
umap,5000,1013,5.4667172,3.6755936,5.0,B0BDSZ2KT3
umap,5000,1014,6.415441,3.4067788,5.0,B09KQC7Z4S
umap,5000,1015,9.960649,0.7245031,5.0,B0BHWYQ47Y
umap,5000,1016,5.8386784,3.5428598,5.0,B0BDSZ2KT3
umap,5000,1017,12.970694,0.7240594,5.0,B0BW7DFJL2
umap,5000,1018,5.964805,3.3035202,3.0,B08B3G74MY
umap,5000,1019,5.976872,3.4275794,4.0,B0BQC7892K
umap,5000,1020,5.7318416,3.0745194,2.0,B0B5D4K48M
umap,5000,1021,10.024953,2.089566,5.0,B07H8WS1FT
umap,5000,1022,13.747521,1.8017869,1.0,B01MXKRKWY
umap,5000,1023,7.1894703,2.9651725,5.0,B08VD2NX25
umap,5000,1024,9.668665,-0.49719498,5.0,B0C1ZDMQ5Y
umap,5000,1025,9.739106,1.4390954,4.0,B0BQ5XQ17G
umap,5000,1026,9.49453,0.7581752,3.0,B07QF4Z874
umap,5000,1027,11.130631,3.648776,5.0,B007Z549YQ
umap,5000,1028,11.928129,0.48821738,5.0,B08434BWYM
umap,5000,1029,12.93055,0.07760124,5.0,B09LCZ16HN
umap,5000,1030,9.629492,0.21113306,5.0,B0CB11DLHG
umap,5000,1031,11.954403,2.3949556,2.0,B07THRBHPG
umap,5000,1032,9.731484,0.2354959,1.0,B086C1FGF9
umap,5000,1033,11.483978,1.7495855,5.0,B01M1AQ316
umap,5000,1034,5.2007937,0.04263606,5.0,B0B4SWZTZ1
umap,5000,1035,11.795174,7.3703337,5.0,B0739N6PLY
umap,5000,1036,8.568807,-1.6639324,4.0,B092LYGF9J
umap,5000,1037,7.825969,0.7430133,5.0,B004A9PBJW
umap,5000,1038,9.054817,1.4009945,2.0,B0000BYDKO
umap,5000,1039,8.552312,0.5602614,5.0,B001KPILLE
umap,5000,1040,5.1318502,0.0064427136,5.0,B00NMTXYN6
umap,5000,1041,8.951959,-2.141604,5.0,B07RN4XTV5
umap,5000,1042,9.701112,0.3990257,5.0,B071HSGBZC
umap,5000,1043,13.307572,0.1838052,5.0,B089XF38N2
umap,5000,1044,9.734312,4.7216864,4.0,B07SHFPD8S
umap,5000,1045,6.6520133,3.1100864,5.0,B07V3RB9C1
umap,5000,1046,8.974898,-1.9997089,5.0,B076FR2J17
umap,5000,1047,13.279886,-0.44429576,5.0,B07CP7PGKB
umap,5000,1048,10.174095,1.7285068,5.0,B09XKS77DP
umap,5000,1049,9.796915,0.811925,5.0,B005INJ4ZG
umap,5000,1050,8.117054,0.5813366,5.0,B0015V1H28
umap,5000,1051,7.6926064,0.60359687,5.0,B000NU4OTA
umap,5000,1052,10.517949,3.8865743,1.0,B07G5ZG3Q4
umap,5000,1053,10.805475,-0.46891317,5.0,B07P6TNT8H
umap,5000,1054,9.222382,-0.12383051,5.0,B07CK1CZ9J
umap,5000,1055,7.9084296,0.69709456,5.0,B0B3J6BWH2
umap,5000,1056,8.279112,-2.1053793,4.0,B00JDN86EW
umap,5000,1057,12.86478,3.1365612,5.0,B081N87HH9
umap,5000,1058,11.476292,3.4443448,5.0,B082X8CY8X
umap,5000,1059,7.64272,4.2511916,5.0,B082YWZ77X
umap,5000,1060,12.629896,3.8063633,5.0,B0CBZF7ZY5
umap,5000,1061,13.385121,4.8749843,5.0,B0C1SJVWTY
umap,5000,1062,13.086597,7.71068,5.0,B0BN11KNM4
umap,5000,1063,12.977511,7.6343093,5.0,B09YVBF9Z9
umap,5000,1064,13.372762,4.8204436,4.0,B0C1ZC8CFP
umap,5000,1065,8.460804,4.269629,4.0,B09V1KS388
umap,5000,1066,13.019575,4.930019,4.0,B09QFZF8QC
umap,5000,1067,13.023387,6.676164,4.0,B09N8NQG9J
umap,5000,1068,6.490747,6.5263286,3.0,B0C28HGT5N
umap,5000,1069,12.12844,5.8823504,5.0,B0BV9PZ629
umap,5000,1070,11.139175,7.7939487,5.0,B0019R6SO0
umap,5000,1071,8.067311,3.436475,5.0,B0C1V5SRCW
umap,5000,1072,5.606957,0.14934233,4.0,B09N7532L7
umap,5000,1073,11.085484,3.8833377,5.0,B09FPGG9GZ
umap,5000,1074,12.664642,2.034092,5.0,B07SSDKNSL
umap,5000,1075,8.437908,4.3075113,3.0,B086XH336K
umap,5000,1076,8.454924,4.2632537,4.0,B09Y4LSD91
umap,5000,1077,10.693508,7.105636,4.0,B09WZZ9RDX
umap,5000,1078,13.518212,6.054882,4.0,B07RW9LZ15
umap,5000,1079,9.518911,3.3015008,4.0,B098BN33KP
umap,5000,1080,13.361119,6.2540784,5.0,B0BGPJNJBH
umap,5000,1081,5.955642,0.16061084,5.0,B00002JXFH
umap,5000,1082,12.2835865,4.4699564,5.0,B07N7HWP59
umap,5000,1083,9.474824,7.10048,2.0,B07P374Y47
umap,5000,1084,11.319846,4.116723,4.0,B01DLWBPCA
umap,5000,1085,12.170769,7.58235,5.0,B09CT914BT
umap,5000,1086,10.65844,5.620908,4.0,B0932GQP4B
umap,5000,1087,13.420385,4.772268,5.0,B07KJTXRKM
umap,5000,1088,9.450819,5.1713123,3.0,B07CM5NZRC
umap,5000,1089,7.623515,4.9044,3.0,B0B696YT88
umap,5000,1090,10.727654,7.3396125,5.0,B07JJCKSDH
umap,5000,1091,11.057762,3.9206805,4.0,B07Z7MRNDZ
umap,5000,1092,12.4002905,4.463009,5.0,B071WNBMQ2
umap,5000,1093,9.122906,5.9277945,5.0,B07DK1M5JF
umap,5000,1094,10.460589,5.8165836,4.0,B07HXW73SH
umap,5000,1095,8.313144,4.230104,5.0,B07CPMG2LK
umap,5000,1096,9.9558935,7.0370626,5.0,B07H5F2SSX
umap,5000,1097,12.09755,5.8721123,5.0,B076YN6CSG
umap,5000,1098,11.087218,7.693752,5.0,B077HNPLHZ
umap,5000,1099,9.299607,6.981989,5.0,B0BJGKZKV9
umap,5000,1100,11.241004,4.852364,5.0,B07659Z1QM
umap,5000,1101,11.294672,3.890652,3.0,B00X5X1XPU
umap,5000,1102,9.3824,7.138532,4.0,B084BXS6NL
umap,5000,1103,9.60837,-0.00041283877,5.0,B0002KR5Q0
umap,5000,1104,11.786576,7.0497003,5.0,B01N14PF8X
umap,5000,1105,11.479257,4.326273,3.0,B01EY9L448
umap,5000,1106,10.975299,5.4466696,5.0,B07SVBV9TM
umap,5000,1107,10.976837,5.473318,2.0,B07S9H9QVN
umap,5000,1108,9.483719,7.162275,4.0,B01K7IH638
umap,5000,1109,13.414523,4.6375036,3.0,B01IEKG3TY
umap,5000,1110,10.940811,5.5259,4.0,B076ZTM2X5
umap,5000,1111,12.689327,3.6650593,5.0,B01DSSLEHI
umap,5000,1112,13.433778,4.780348,5.0,B01BCWKBZI
umap,5000,1113,8.033206,4.1161547,3.0,B00L8O8WK2
umap,5000,1114,12.160159,4.471818,5.0,B009NXOKOM
umap,5000,1115,9.494353,7.113387,1.0,B00HCNHH2W
umap,5000,1116,11.098418,3.5718896,4.0,B004V3Q2YA
umap,5000,1117,10.031695,7.6592793,1.0,B0076O2A4C
umap,5000,1118,13.390793,4.8258085,5.0,B00BXK7LBC
umap,5000,1119,13.405514,4.658125,4.0,B002OB4DC4
umap,5000,1120,7.7386703,4.9554815,1.0,B0014FWBBQ
umap,5000,1121,12.314911,4.4741306,5.0,B0007PN5MS
umap,5000,1122,11.51339,3.8178918,3.0,B0006G332A
umap,5000,1123,11.333933,0.031079434,5.0,B01NBTC7KN
umap,5000,1124,8.372516,-1.916768,5.0,B09HRNNQRT
umap,5000,1125,7.713498,4.4462776,2.0,B08YXY5XMD
umap,5000,1126,8.268868,2.8679905,4.0,B093S4ZDKM
umap,5000,1127,14.068229,0.6541165,5.0,B01DKA81PW
umap,5000,1128,6.076564,0.014755806,5.0,B08SM7QW5K
umap,5000,1129,9.240998,0.89459956,1.0,B00198445E
umap,5000,1130,6.360159,3.7289681,5.0,B09R6RKBWY
umap,5000,1131,12.181471,7.6864166,5.0,B07QMBY7JF
umap,5000,1132,13.070841,2.6120288,5.0,B0C9DMZ9DS
umap,5000,1133,9.946148,1.8679253,5.0,B078SL6YB7
umap,5000,1134,7.5524673,3.4663687,4.0,B07LGM767X
umap,5000,1135,6.6396585,3.224831,4.0,B08J83TR22
umap,5000,1136,12.8193865,7.6869063,5.0,B07WNYLXM1
umap,5000,1137,5.905744,0.23228279,5.0,B00ZYLMQH0
umap,5000,1138,12.383119,2.3173006,5.0,B09Q3NR84W
umap,5000,1139,10.727161,0.5168004,5.0,B084H2NHNN
umap,5000,1140,13.062887,1.1616606,5.0,B01B208CLA
umap,5000,1141,12.624929,6.456986,5.0,B07CLBNM1C
umap,5000,1142,7.0916557,3.6119964,4.0,B00UAZ5KDM
umap,5000,1143,5.098647,-0.010223725,5.0,B09BQVHBMD
umap,5000,1144,13.349472,-0.49304774,5.0,B01F4SKT08
umap,5000,1145,6.420614,6.591549,5.0,B08J5ZRFRG
umap,5000,1146,10.873538,1.365816,5.0,B07ZHMHH9Q
umap,5000,1147,12.301673,2.1004567,5.0,B07LDB7MDJ
umap,5000,1148,9.541655,-0.16281416,5.0,B09QL59Q12
umap,5000,1149,13.33169,0.90577847,5.0,B09HKP7N83
umap,5000,1150,12.631186,-0.14922641,5.0,B0BVY5RHRR
umap,5000,1151,13.245297,1.3658121,5.0,B07KW59B6C
umap,5000,1152,9.559079,1.3847611,5.0,B09H5NT2C1
umap,5000,1153,11.892766,7.8067656,5.0,B09331MCDS
umap,5000,1154,7.3472786,3.0612917,5.0,B0C9GQLBF4
umap,5000,1155,12.988179,0.6300699,5.0,B06XSGYL1Q
umap,5000,1156,12.148002,7.8239665,5.0,B0B6NS4VH2
umap,5000,1157,12.739584,4.0229516,5.0,B011BRUOMO
umap,5000,1158,9.545186,-0.9068445,5.0,B00MPB9IT6
umap,5000,1159,5.971221,0.21810117,1.0,B013S0N2OY
umap,5000,1160,10.433923,0.03738861,5.0,B0B4BMHPJ2
umap,5000,1161,13.622079,1.367103,4.0,B0BKKW5PF4
umap,5000,1162,10.625312,2.8271737,5.0,B09PHJ83GH
umap,5000,1163,13.924424,2.2803013,5.0,B09ZQS1HW3
umap,5000,1164,11.307629,-0.6996515,5.0,B09XXPCNFY
umap,5000,1165,12.198909,2.265777,5.0,B09SLNKQTZ
umap,5000,1166,9.1041155,5.003933,5.0,B07PK6PDL6
umap,5000,1167,14.096362,1.7840283,1.0,B09B4XST7Y
umap,5000,1168,13.467029,6.2305512,3.0,B09GKYFS67
umap,5000,1169,13.475183,6.2087126,4.0,B09GKV31QZ
umap,5000,1170,12.417486,2.32587,4.0,B0BSCCQLCY
umap,5000,1171,7.7150345,5.9499373,5.0,B09TNV7Q69
umap,5000,1172,13.731987,5.984537,5.0,B0BPP72J81
umap,5000,1173,11.325119,-0.702801,5.0,B097SVMKSZ
umap,5000,1174,12.14034,7.517045,5.0,B099WZQ323
umap,5000,1175,12.153087,7.545801,5.0,B097BFSJ7N
umap,5000,1176,9.740505,1.3739203,3.0,B09J96N8YW
umap,5000,1177,12.50436,1.3057253,5.0,B08QJKMBFN
umap,5000,1178,11.878049,7.836158,5.0,B08XP6XW63
umap,5000,1179,12.157092,2.1641595,4.0,B07F6Y9N43
umap,5000,1180,10.925583,2.1059632,5.0,B07H82M1B4
umap,5000,1181,11.343343,2.4032023,3.0,B07VF5G3B3
umap,5000,1182,7.5153155,4.105818,3.0,B07YDJGPCN
umap,5000,1183,12.595526,2.0652761,4.0,B07ZYGVWMH
umap,5000,1184,10.059629,7.676447,5.0,B09TGH81T9
umap,5000,1185,13.059585,2.0822442,5.0,B07X7MY4ZP
umap,5000,1186,13.253804,-0.5588685,5.0,B07QLQGQ13
umap,5000,1187,13.103403,7.5713983,5.0,B07VDHPHZT
umap,5000,1188,12.8004,1.1930166,4.0,B0784BCRVZ
umap,5000,1189,9.726333,0.52510595,5.0,B0BYYQNJ3H
umap,5000,1190,8.930105,4.444504,5.0,B008S08HJ0
umap,5000,1191,11.940265,7.1714234,5.0,B0C5PHZ4QS
umap,5000,1192,12.6001,6.674831,5.0,B01NBF0ZZ9
umap,5000,1193,12.322209,-0.43402416,5.0,B00JO6RO8C
umap,5000,1194,9.140177,5.0124197,5.0,B00BJ2MC0E
umap,5000,1195,14.089317,2.7579658,5.0,B018SZT3BK
umap,5000,1196,13.484104,0.8911223,5.0,B01LY0G6UP
umap,5000,1197,12.645831,-0.66645604,5.0,B00XQAKHMW
umap,5000,1198,12.901987,4.5429196,4.0,B07BMHSL19
umap,5000,1199,12.778059,-0.33057737,5.0,B01G7QDWB4
umap,5000,1200,7.1215973,4.2043676,5.0,B00IPSC6F6
umap,5000,1201,14.171391,0.6036499,5.0,B00M1C82VY
umap,5000,1202,7.297852,4.122708,4.0,B00OPVJ0JW
umap,5000,1203,7.8704257,3.928398,4.0,B000O8WE66
umap,5000,1204,14.218981,2.6207967,5.0,B00154JDAI
umap,5000,1205,11.673609,3.8273847,5.0,B0002OD3JY
umap,5000,1206,9.056147,5.5253224,5.0,B00005JLS3
umap,5000,1207,7.5105405,2.9567916,2.0,B07GC8NMB8
umap,5000,1208,14.211296,1.7957941,2.0,B019F6P5AY
umap,5000,1209,5.828574,6.853059,4.0,B00OUXHL8C
umap,5000,1210,9.100424,0.15538216,1.0,B08K2S5B88
umap,5000,1211,9.130708,0.1088507,1.0,B07C5J2WWD
umap,5000,1212,9.824407,0.40351504,4.0,B00OUXHMCW
umap,5000,1213,7.8406115,0.7571862,3.0,B0C6J534BX
umap,5000,1214,13.0088825,6.7369056,4.0,B0BS6KLLT1
umap,5000,1215,6.378285,4.224912,3.0,B07VXP6FKN
umap,5000,1216,9.866567,2.6556149,5.0,B082DT8YZW
umap,5000,1217,10.06648,-1.0390744,5.0,B00OUXHOGG
umap,5000,1218,8.918757,0.4698536,3.0,B07PC39CTK
umap,5000,1219,9.662197,0.39390042,5.0,B07SJ8L4M3
umap,5000,1220,11.9171505,0.74608546,3.0,B07F7TDK2S
umap,5000,1221,9.515341,4.570652,5.0,B00KXTZ3BE
umap,5000,1222,7.6764226,0.60341567,4.0,B019WJROSK
umap,5000,1223,9.885568,2.671772,5.0,B0756SFQR1
umap,5000,1224,11.366938,4.776472,5.0,B07KKKBXG4
umap,5000,1225,6.8827024,3.0893962,1.0,B084D7CMKC
umap,5000,1226,8.942128,1.6339527,1.0,B0C163NSMW
umap,5000,1227,11.20431,0.32073557,3.0,B0BTSVTK32
umap,5000,1228,12.330496,7.0061293,1.0,B01N9P860N
umap,5000,1229,12.377377,7.211904,3.0,B08XQ41Z1H
umap,5000,1230,7.620904,3.4555466,5.0,B0C1J4XGB1
umap,5000,1231,9.916449,0.0955733,5.0,B0C6M7FY32
umap,5000,1232,5.930941,4.0605335,3.0,B00KY59Q3I
umap,5000,1233,5.8254423,4.1433907,4.0,B016YBEBG2
umap,5000,1234,11.087845,7.1236286,5.0,B08KRKTXH9
umap,5000,1235,11.403161,7.1903367,5.0,B013JMOTXO
umap,5000,1236,7.3257365,4.5231647,4.0,B01MUXYVOA
umap,5000,1237,9.002682,5.8610263,5.0,B0CF1VPN1J
umap,5000,1238,9.081392,5.818746,5.0,B0BMKD7JF8
umap,5000,1239,13.028353,1.9201347,5.0,B07ZDJF4XB
umap,5000,1240,11.853098,4.033377,3.0,B07GTJC9XM
umap,5000,1241,9.220546,-0.21269518,5.0,B00N23J4LI
umap,5000,1242,12.050768,0.42311886,4.0,B07VN6JCNZ
umap,5000,1243,10.348483,-0.28397924,5.0,B01GL6WZA4
umap,5000,1244,12.129603,7.766435,5.0,B0BPM2XF22
umap,5000,1245,9.747496,0.26531243,1.0,B071HNJX6Q
umap,5000,1246,5.8684564,2.828965,2.0,B000I4RMOU
umap,5000,1247,5.3477864,3.74527,1.0,B00DW1X5JC
umap,5000,1248,13.445491,4.8863087,2.0,B081Q8JHJQ
umap,5000,1249,13.696999,5.9503417,4.0,B00M5D2P4Y
umap,5000,1250,13.684933,5.955997,4.0,B07QCRCP2R
umap,5000,1251,10.415004,0.75953025,5.0,B09MTSLT2T
umap,5000,1252,8.30851,0.9742128,5.0,B008TUQ7SC
umap,5000,1253,12.647521,1.8500746,3.0,B0BGK3Y8VY
umap,5000,1254,13.79706,1.7645117,5.0,B07Q14H7BZ
umap,5000,1255,13.006488,6.587919,1.0,B084HM5WG1
umap,5000,1256,12.305229,-0.2994279,5.0,B0C49KQRX4
umap,5000,1257,7.3653293,3.4958584,4.0,B0BW4PFM58
umap,5000,1258,10.776775,1.6978533,5.0,B087CHS5Z9
umap,5000,1259,10.674345,-0.3342816,5.0,B07ZN4JZYH
umap,5000,1260,10.6131735,1.6473887,5.0,B015FY0SSO
umap,5000,1261,8.3436,0.3840006,5.0,B08421KFJX
umap,5000,1262,7.712035,0.62581694,5.0,B01K8B8YA8
umap,5000,1263,12.757266,-0.8012455,5.0,B0C5PHZ4QS
umap,5000,1264,10.066215,-1.5698472,5.0,B01LXZZVKP
umap,5000,1265,11.054305,7.2954354,1.0,B0BSS1WJ4D
umap,5000,1266,7.7586956,5.955306,5.0,B07VXXBTX4
umap,5000,1267,10.06421,2.0596437,5.0,B07H8WS1FT
umap,5000,1268,12.476024,2.5274749,5.0,B08HN4345K
umap,5000,1269,11.784532,0.7959167,4.0,B09WHPJZD3
umap,5000,1270,8.305148,3.146646,4.0,B0B3VDGR74
umap,5000,1271,12.915592,3.4535482,1.0,B0B4F9H4DF
umap,5000,1272,13.312823,4.726922,3.0,B00INKHXY0
umap,5000,1273,12.840941,7.185132,5.0,B09XQ1P16Z
umap,5000,1274,10.309689,1.8383216,4.0,B07FD3YXKR
umap,5000,1275,11.044421,3.92108,4.0,B07BGTKP34
umap,5000,1276,11.012552,7.2008057,5.0,B09WTY19L9
umap,5000,1277,12.947806,4.7111664,4.0,B07G6XRZJ7
umap,5000,1278,9.688132,1.5857732,4.0,B07DGV6LY8
umap,5000,1279,9.38623,2.3089314,4.0,B07JKPCPF8
umap,5000,1280,5.83184,3.3332348,5.0,B07J4RVYHX
umap,5000,1281,5.740799,3.1587653,4.0,B07FC9BNQL
umap,5000,1282,9.7540865,0.8795367,5.0,B08P6S2757
umap,5000,1283,10.910009,7.1539617,5.0,B08J42GSW6
umap,5000,1284,13.400829,4.715492,3.0,B0B1TXQSBV
umap,5000,1285,11.995279,2.3795419,4.0,B07H1B8LQV
umap,5000,1286,12.026431,7.1294365,4.0,B07H3V77T7
umap,5000,1287,10.961593,3.5279846,4.0,B07CWJCBJ7
umap,5000,1288,13.070506,-0.41958228,5.0,B0B2QVW1ZV
umap,5000,1289,13.659882,0.36373892,5.0,B07TX777BZ
umap,5000,1290,14.044889,0.5944602,4.0,B085ZTR62L
umap,5000,1291,12.040397,7.064089,5.0,B08BC9J8QQ
umap,5000,1292,12.906323,1.3169508,5.0,B082W1SWKC
umap,5000,1293,11.451673,6.8059063,4.0,B077HNPLHZ
umap,5000,1294,11.68864,1.8067577,1.0,B083JG42ZG
umap,5000,1295,10.907428,2.7539356,4.0,B07YKGXRKH
umap,5000,1296,11.296523,6.2240324,4.0,B086QKZHDY
umap,5000,1297,12.989823,1.538325,4.0,B07ZYH9R2C
umap,5000,1298,8.579491,6.0533786,4.0,B07DGFBLCX
umap,5000,1299,11.506407,5.6801333,5.0,B0764GBNX2
umap,5000,1300,5.1616187,0.024350159,5.0,B07NR78GS6
umap,5000,1301,12.165691,7.439673,3.0,B085N11H5T
umap,5000,1302,10.646527,6.971201,4.0,B07PTYNGCV
umap,5000,1303,13.653714,0.48293552,4.0,B07SZ8Z734
umap,5000,1304,11.0721,8.051105,5.0,B07PMK7WVC
umap,5000,1305,12.893566,-0.31948072,5.0,B07M8JKBY5
umap,5000,1306,10.883245,2.7363057,5.0,B0B614JJWR
umap,5000,1307,5.621362,3.982163,5.0,B075QLZYD6
umap,5000,1308,12.854456,6.809177,5.0,B07H59Q7LG
umap,5000,1309,6.1425524,4.406216,4.0,B073RZSTGL
umap,5000,1310,11.282359,0.5324164,5.0,B01LZFDA8E
umap,5000,1311,11.196427,4.887398,4.0,B07659Z1QM
umap,5000,1312,11.287123,6.4020324,4.0,B07YLQBC4B
umap,5000,1313,6.7695627,2.7896466,3.0,B074QQQ51L
umap,5000,1314,11.277482,2.4031217,5.0,B07JPYR7XJ
umap,5000,1315,5.568079,3.4975607,4.0,B082SW81WD
umap,5000,1316,5.6041436,3.5087245,5.0,B07JW2S287
umap,5000,1317,7.1796494,4.073008,2.0,B0BXLCC4V6
umap,5000,1318,12.343575,2.3713207,3.0,B0C25CVMJS
umap,5000,1319,6.6910014,3.2174616,3.0,B078LHSFHC
umap,5000,1320,9.443341,7.1331167,3.0,B074F3M2W8
umap,5000,1321,10.053455,4.5807834,1.0,B019XE45I6
umap,5000,1322,5.653506,3.1334007,2.0,B071XNVKBM
umap,5000,1323,5.4397492,3.5667484,4.0,B00H36UL5I
umap,5000,1324,11.69417,3.1556885,5.0,B0755PDKCN
umap,5000,1325,7.4495573,3.6257837,5.0,B06Y2M9FNC
umap,5000,1326,12.141692,7.5413165,4.0,B09YYX736L
umap,5000,1327,12.933733,-0.32402515,5.0,B07VP6W2RF
umap,5000,1328,12.071609,2.2281163,5.0,B01LQX0P8Q
umap,5000,1329,5.717484,3.9140604,5.0,B01N6YGQLJ
umap,5000,1330,11.263023,3.457547,4.0,B01N8UG7HA
umap,5000,1331,12.771154,3.6315622,4.0,B01K1INXJK
umap,5000,1332,9.146054,5.0020733,2.0,B01DA0YCNC
umap,5000,1333,9.465692,7.017034,5.0,B09LYWCHJX
umap,5000,1334,10.986277,5.485153,1.0,B01I4PKSZE
umap,5000,1335,12.685518,3.7088497,4.0,B01HNBLHAA
umap,5000,1336,12.556099,4.4840684,5.0,B01LXHZLY7
umap,5000,1337,9.411012,5.344414,4.0,B00YY3XSSA
umap,5000,1338,6.682252,4.2965045,2.0,B00U0WUGXO
umap,5000,1339,13.537605,3.2129714,2.0,B00NGK93AE
umap,5000,1340,9.5174885,7.004263,4.0,B00KATWRIY
umap,5000,1341,12.933365,-0.29472032,4.0,B01CHQ8F1K
umap,5000,1342,12.784495,6.350424,4.0,B00K4WAB30
umap,5000,1343,13.414764,6.3028946,4.0,B00IM3P8GS
umap,5000,1344,14.1765995,1.6446772,4.0,B00ECERJTA
umap,5000,1345,14.153714,1.619865,4.0,B00EUFP6WI
umap,5000,1346,14.173613,2.652395,4.0,B007OZNUCE
umap,5000,1347,13.652948,1.2625824,5.0,B00BGIQRDE
umap,5000,1348,7.3238945,4.172956,1.0,B007GR44PM
umap,5000,1349,13.209328,1.9655108,1.0,B00B5YER7M
umap,5000,1350,10.662271,4.557276,2.0,B00AITG3NQ
umap,5000,1351,14.16945,1.7211612,3.0,B008ULPBJG
umap,5000,1352,10.644428,2.7294855,5.0,B005DEP2AG
umap,5000,1353,11.821356,1.8937029,4.0,B006W3ZV6W
umap,5000,1354,11.20694,3.6908977,3.0,B004HO58KC
umap,5000,1355,12.261364,4.4278493,5.0,B0015ACUKC
umap,5000,1356,6.5752325,4.116908,4.0,B005JXAEGS
umap,5000,1357,7.2918944,4.37951,3.0,B003YKG86S
umap,5000,1358,8.167226,3.6619892,2.0,B001IAX9AE
umap,5000,1359,7.6890154,5.91527,5.0,B07PDHSLM6
umap,5000,1360,10.850513,5.47847,5.0,B01MXXQKGM
umap,5000,1361,11.353666,4.8163037,5.0,B0BVR7B323
umap,5000,1362,5.7882085,3.7485106,5.0,B09F9FKWCC
umap,5000,1363,11.525609,3.1857746,5.0,B09YM4K17L
umap,5000,1364,12.722183,0.69389105,5.0,B081GM5BCH
umap,5000,1365,9.371868,1.3340908,5.0,B0B2JWCMCY
umap,5000,1366,5.384769,3.6287012,5.0,B07HLTDQ7B
umap,5000,1367,9.7623625,-0.49283913,5.0,B01F26T1JW
umap,5000,1368,13.688596,1.9490778,5.0,B006ZT4VA0
umap,5000,1369,7.754811,0.64658034,5.0,B00XJN2T2W
umap,5000,1370,9.473192,0.47866327,5.0,B00404SUZ4
umap,5000,1371,9.806651,1.5382617,5.0,B0CF6479D8
umap,5000,1372,9.396751,2.3865328,5.0,B07RWJNZMZ
umap,5000,1373,9.533805,0.4258901,5.0,B07KNLXQ2S
umap,5000,1374,6.9872136,3.1887043,5.0,B01M4R72FX
umap,5000,1375,9.734899,0.08686463,4.0,B07FTSFGXH
umap,5000,1376,9.954606,0.2712907,5.0,B01MTF91W6
umap,5000,1377,10.121702,0.2724467,5.0,B074N2QSZT
umap,5000,1378,9.810939,1.4390368,5.0,B00YOP4DSW
umap,5000,1379,8.852408,-2.1306472,5.0,B01KIOU214
umap,5000,1380,10.938244,0.8476728,5.0,B0B11P89KH
umap,5000,1381,9.336183,-0.46382767,4.0,B004HBK4T0
umap,5000,1382,8.964382,0.7480733,4.0,B0089W5NKI
umap,5000,1383,9.377231,-0.35419288,4.0,B07Q1JVCTS
umap,5000,1384,8.817213,-2.0949543,4.0,B004X8AKDM
umap,5000,1385,8.808497,-2.169959,4.0,B0054L7FVW
umap,5000,1386,8.871644,0.6406211,3.0,B001RJXTNI
umap,5000,1387,9.27542,0.13656501,1.0,B007UZCIBW
umap,5000,1388,9.0573015,0.6815839,2.0,B003VANOFY
umap,5000,1389,8.914993,-2.1474528,5.0,B0108LX660
umap,5000,1390,11.563342,3.2029624,4.0,B08SHVBZ8M
umap,5000,1391,11.662418,1.6143981,1.0,B0C7K8RKCG
umap,5000,1392,6.1884117,3.5266626,3.0,B07BW245J3
umap,5000,1393,11.610132,1.744412,5.0,B0BTTB89J3
umap,5000,1394,9.74288,2.376125,5.0,B09T3921MQ
umap,5000,1395,8.516036,3.1921852,4.0,B092VHZ5LX
umap,5000,1396,5.8728166,3.525638,3.0,B08KDX5H5Z
umap,5000,1397,9.586633,4.6478686,3.0,B08BH87FPJ
umap,5000,1398,5.866152,3.9822106,5.0,B07W6N4HNP
umap,5000,1399,10.861799,1.3010402,1.0,B082D1RRVF
umap,5000,1400,11.560984,1.7073315,1.0,B0881XYVRY
umap,5000,1401,12.11683,7.7101107,5.0,B0184S7U7A
umap,5000,1402,9.817971,0.31353304,5.0,B01MXWN6UF
umap,5000,1403,11.33538,4.1996994,1.0,B072R4ST2Z
umap,5000,1404,9.410393,3.3692667,1.0,B07VKQ58ZF
umap,5000,1405,10.72364,3.9445717,1.0,B07NGK5564
umap,5000,1406,5.914814,0.16470931,1.0,B00MULE6KW
umap,5000,1407,10.166299,0.77914375,1.0,B08SGSYLZD
umap,5000,1408,13.0321665,3.1489482,5.0,B0122ZKEYC
umap,5000,1409,11.611418,1.7681744,1.0,B07DNGZQDZ
umap,5000,1410,11.590819,1.7498493,4.0,B00KB8CHU2
umap,5000,1411,5.1907353,0.03879105,4.0,B00DPC015E
umap,5000,1412,9.108883,2.2844481,5.0,B00ZGF40QO
umap,5000,1413,5.4635425,3.5850766,1.0,B00AVLOHJ8
umap,5000,1414,8.572911,0.4017998,5.0,B09ZV66F82
umap,5000,1415,9.792915,5.7546196,5.0,B08WJSHSLC
umap,5000,1416,5.1270905,0.0013626288,5.0,B0BV2YBX3Q
umap,5000,1417,13.243306,4.419116,1.0,B0BM3JL7K4
umap,5000,1418,6.407731,3.1079435,4.0,B002MRMCKU
umap,5000,1419,12.851913,0.65084225,4.0,B0BK5PPJX7
umap,5000,1420,7.738268,5.937536,5.0,B07KTYJ769
umap,5000,1421,10.744473,4.192374,3.0,B0971YMVC8
umap,5000,1422,11.567982,0.9480124,5.0,B09D2WWSLG
umap,5000,1423,10.121202,0.9799148,3.0,B08YNPQPR8
umap,5000,1424,10.431142,1.9349116,5.0,B08YFJYD5Z
umap,5000,1425,9.201221,0.92765415,3.0,B086KVFX57
umap,5000,1426,8.418886,0.5861663,5.0,B07RXXNDXD
umap,5000,1427,8.572219,0.8794994,5.0,B01N44JBS4
umap,5000,1428,8.319986,1.0068667,5.0,B00JKQK9JW
umap,5000,1429,11.052149,1.0096357,5.0,B00H89DJ1S
umap,5000,1430,12.019533,0.9455344,4.0,B01B9OO1CS
umap,5000,1431,9.938209,1.0375575,5.0,B003ZDLATE
umap,5000,1432,9.734116,1.3583663,5.0,B01JZ8Z7C8
umap,5000,1433,10.696144,-0.3531742,5.0,B09Y54MQWT
umap,5000,1434,9.553271,-0.8639452,5.0,B003UVZG0U
umap,5000,1435,8.36927,-1.9283197,5.0,B000067RPU
umap,5000,1436,6.021418,4.154541,1.0,B0BRKBTGRS
umap,5000,1437,12.530925,6.6385384,4.0,B08T1D4K9Z
umap,5000,1438,13.822174,0.86477154,2.0,B07NL2S9QW
umap,5000,1439,6.533176,3.157187,4.0,B01LNJPR72
umap,5000,1440,12.341072,-0.75446165,5.0,B07FL447HM
umap,5000,1441,5.488451,3.6185606,5.0,B07S764D9V
umap,5000,1442,11.995642,1.0789856,5.0,B07PXB3VR5
umap,5000,1443,13.500963,3.0534925,3.0,B07PHQ93TV
umap,5000,1444,13.444939,6.215751,5.0,B07DGRR6G2
umap,5000,1445,8.164328,1.1072041,5.0,B07JR4MVGH
umap,5000,1446,6.4237275,6.5732017,5.0,B09Y5N3H8S
umap,5000,1447,7.9403157,3.4629872,4.0,B09KXR45WK
umap,5000,1448,5.178944,0.04471797,5.0,B07RQL8GJ6
umap,5000,1449,10.761764,0.7771939,5.0,B07BFCVJZC
umap,5000,1450,12.943415,-0.7895937,5.0,B08HRLQNY3
umap,5000,1451,6.031152,2.860971,5.0,B0BTDWQMNL
umap,5000,1452,5.823029,6.970691,4.0,B0BPC2MJ2X
umap,5000,1453,7.999341,3.3116555,5.0,B0BVFV4CWS
umap,5000,1454,13.027635,-0.7289438,5.0,B0BG3G3S9H
umap,5000,1455,13.129476,-0.6188018,4.0,B0C54G93XF
umap,5000,1456,8.350961,3.1433892,4.0,B09W8WWNBB
umap,5000,1457,9.84092,4.6047454,5.0,B0BG465CZK
umap,5000,1458,12.616478,6.687961,5.0,B0B4R636FH
umap,5000,1459,12.05143,6.8520956,5.0,B0B9NR6CHX
umap,5000,1460,11.599645,7.235203,5.0,B0BRPBX6N8
umap,5000,1461,11.673527,7.405524,5.0,B0BRPBX6N8
umap,5000,1462,6.075868,3.6919873,5.0,B09SFTSMXM
umap,5000,1463,5.8092585,6.98515,4.0,B0B38N74WZ
umap,5000,1464,5.762989,7.02309,5.0,B0B5PNM6WN
umap,5000,1465,11.305402,4.8545785,5.0,B08623SZH9
umap,5000,1466,12.7094145,7.180241,4.0,B09YVBF9Z9
umap,5000,1467,11.198151,2.6901066,4.0,B09WTG9JBT
umap,5000,1468,12.083182,6.916934,4.0,B0BWDNJVJY
umap,5000,1469,11.806639,3.8644164,4.0,B09WWZ4193
umap,5000,1470,8.151588,4.14259,4.0,B0C74JJ9Z3
umap,5000,1471,13.443371,2.9924316,5.0,B09MKXV23H
umap,5000,1472,8.265239,3.233092,4.0,B09SPJGPVQ
umap,5000,1473,5.1398587,-0.0050042346,4.0,B0BBBVW58J
umap,5000,1474,13.442877,0.18874191,5.0,B0BDVTCDDC
umap,5000,1475,11.32117,-0.6872209,4.0,B09VKPQBD1
umap,5000,1476,11.315744,-0.68834066,3.0,B09SF1ZTF6
umap,5000,1477,13.981595,2.7091699,5.0,B09TN3N4F2
umap,5000,1478,11.26715,-0.7630397,4.0,B09T9CCD6N
umap,5000,1479,11.116815,3.8855739,5.0,B0BC8MC7PY
umap,5000,1480,12.917559,-0.8183039,5.0,B0BXYBTYFV
umap,5000,1481,11.278302,2.6051588,5.0,B0B73NLLC1
umap,5000,1482,11.298948,4.8629227,5.0,B09JSJNMNT
umap,5000,1483,12.694015,3.638085,5.0,B09PBPXVTP
umap,5000,1484,11.435463,2.646471,5.0,B09NKT74SB
umap,5000,1485,6.2214103,3.6583552,4.0,B09YXK3QDQ
umap,5000,1486,12.184681,6.988111,5.0,B09KTTN3M7
umap,5000,1487,11.319325,-0.6952983,4.0,B09LLMFTKZ
umap,5000,1488,5.7841663,0.13116434,4.0,B0BK4XYBVK
umap,5000,1489,5.509161,3.8855646,4.0,B0BGZ2SFMH
umap,5000,1490,5.8608036,3.7398121,4.0,B09PC48LDS
umap,5000,1491,13.129515,7.658895,5.0,B09NRFZF1G
umap,5000,1492,12.005044,7.217283,5.0,B0BYYGZHG5
umap,5000,1493,5.9925404,0.03309698,5.0,B09KC4MVRF
umap,5000,1494,12.967263,2.7501757,5.0,B09NVBBPRF
umap,5000,1495,6.056158,0.17269158,5.0,B0B15CWFS2
umap,5000,1496,12.670156,6.7117968,5.0,B09JLYPDRY
umap,5000,1497,11.323441,-0.6935652,5.0,B09K5XSJ32
umap,5000,1498,11.137241,3.7651408,4.0,B0B7B9ZS19
umap,5000,1499,11.017363,3.8820727,5.0,B0BTYLH7Y2
umap,5000,1500,10.02874,4.897298,5.0,B09JRV9PP4
umap,5000,1501,5.816527,6.973929,3.0,B0B19SL9TF
umap,5000,1502,5.8795915,3.6190228,4.0,B095PNFDKR
umap,5000,1503,5.9995565,4.1650324,5.0,B09HJD942X
umap,5000,1504,10.891447,2.2021914,5.0,B08SJC9KG5
umap,5000,1505,7.070414,3.0140312,4.0,B0931QN643
umap,5000,1506,5.2034683,0.047606185,5.0,B094J6VY97
umap,5000,1507,13.4083805,4.6945257,5.0,B09HLCMJZQ
umap,5000,1508,6.241071,3.4851098,5.0,B0BYF74D2Z
umap,5000,1509,6.9877563,3.0777714,4.0,B091PYQHZD
umap,5000,1510,12.278585,0.07263508,4.0,B09647HCRZ
umap,5000,1511,13.149596,7.3440676,5.0,B093GQ4CB7
umap,5000,1512,12.634285,6.7165728,5.0,B092DCJMXF
umap,5000,1513,12.44849,0.014590638,4.0,B094Q98CNJ
umap,5000,1514,13.167242,7.4229155,5.0,B07DNG9XSZ
umap,5000,1515,12.598635,6.6763854,5.0,B091F2TVMT
umap,5000,1516,13.228215,-0.5744747,5.0,B0B85V929L
umap,5000,1517,5.75907,7.0242357,4.0,B09BFKS9WQ
umap,5000,1518,5.7717133,7.0208097,4.0,B091YJ34CX
umap,5000,1519,11.321038,2.4556365,3.0,B08ZCKJ299
umap,5000,1520,11.326179,-0.7325633,4.0,B08ZSM5Q7W
umap,5000,1521,11.54169,7.273714,5.0,B08QHSM2NH
umap,5000,1522,5.860402,6.939189,5.0,B08PK9VS8F
umap,5000,1523,5.841343,7.010928,4.0,B08RS42VC7
umap,5000,1524,5.8513994,6.940061,5.0,B08PKBTC76
umap,5000,1525,5.8473372,6.9469748,4.0,B08RDX61MZ
umap,5000,1526,11.299317,2.4600224,5.0,B08B3XRQPN
umap,5000,1527,11.31168,-0.6220532,4.0,B08MYTBRY2
umap,5000,1528,5.7878394,7.010689,4.0,B08NXC2F9R
umap,5000,1529,5.778955,7.0129466,4.0,B08ML79GYD
umap,5000,1530,11.294145,-0.6969342,5.0,B08NX1KL65
umap,5000,1531,5.7873826,7.007208,4.0,B08JCF4VWG
umap,5000,1532,13.153392,7.7044086,4.0,B08L36JTQT
umap,5000,1533,11.521398,-0.5665843,5.0,B08J3CPG5G
umap,5000,1534,11.2845545,2.896944,5.0,B0899WBQ3S
umap,5000,1535,11.3033285,-0.6978158,5.0,B08L5HLN61
umap,5000,1536,11.275513,-0.7302934,5.0,B08H5P93R4
umap,5000,1537,13.397799,4.690905,5.0,B09HRKD9F7
umap,5000,1538,5.780149,3.7071426,3.0,B08DCRJPHP
umap,5000,1539,12.85453,3.6621513,5.0,B08G5F3X8F
umap,5000,1540,10.708551,3.746372,5.0,B07XRV8428
umap,5000,1541,11.293047,-0.65055907,4.0,B08GFY98KX
umap,5000,1542,10.632328,3.7957196,4.0,B0C5YP4GDQ
umap,5000,1543,12.964604,6.664426,4.0,B089SM95C2
umap,5000,1544,11.714798,7.490513,4.0,B08BK48TW5
umap,5000,1545,11.286647,4.8370495,5.0,B087N4LQPN
umap,5000,1546,11.5912695,3.1642907,4.0,B0856481P2
umap,5000,1547,9.929601,3.7406378,4.0,B087CY4XQH
umap,5000,1548,9.560839,4.8789253,4.0,B089DF8FWN
umap,5000,1549,12.888991,1.5789578,4.0,B082W1CBDC
umap,5000,1550,6.040276,3.9286337,4.0,B09JZZMQNN
umap,5000,1551,10.649735,6.88485,4.0,B07TGD2F8B
umap,5000,1552,11.322404,-0.70392096,4.0,B082SX4MG5
umap,5000,1553,13.248861,4.716119,4.0,B0C3M91B2C
umap,5000,1554,13.096088,7.6819544,4.0,B07YXVWHFG
umap,5000,1555,13.328029,4.8468266,5.0,B0C8SS7HML
umap,5000,1556,10.057589,4.7566733,4.0,B082TQXKHN
umap,5000,1557,11.313833,-0.72157025,5.0,B0831N3T39
umap,5000,1558,11.207423,-0.6808488,4.0,B082KQBRKJ
umap,5000,1559,11.260994,-0.70355594,4.0,B082KPTZKX
umap,5000,1560,12.744917,7.8042836,4.0,B082PFDSRT
umap,5000,1561,11.263162,-0.70125717,4.0,B0838FF88L
umap,5000,1562,11.319601,-0.6825798,4.0,B09CGWWR1H
umap,5000,1563,11.338343,-0.6761051,4.0,B082PP61YH
umap,5000,1564,11.808256,7.416608,4.0,B081VZ5ZTZ
umap,5000,1565,13.039762,7.312745,5.0,B0B751K1LV
umap,5000,1566,11.340746,-0.71806204,4.0,B0823DQ3YW
umap,5000,1567,12.193506,1.881171,4.0,B078Y5VWBT
umap,5000,1568,8.883695,4.8943696,4.0,B07XLBF5MP
umap,5000,1569,12.75578,3.70119,5.0,B09JLG3YT7
umap,5000,1570,13.144572,7.641343,4.0,B07YC18BL7
umap,5000,1571,11.02139,8.102571,5.0,B095L8F33R
umap,5000,1572,5.9296737,3.3344824,4.0,B0BNC1QBH6
umap,5000,1573,5.730877,3.0055485,3.0,B07PSKXM33
umap,5000,1574,12.985856,7.1025105,5.0,B07TXGPNN2
umap,5000,1575,10.835948,5.016142,4.0,B07TWN55VV
umap,5000,1576,6.0856576,3.6159837,5.0,B07TBHNP4C
umap,5000,1577,12.077708,2.1640077,5.0,B07WC81LRS
umap,5000,1578,13.111232,7.6118937,5.0,B07QKPCWN5
umap,5000,1579,6.303015,3.7254326,2.0,B07QH5MDTS
umap,5000,1580,13.246967,6.313331,5.0,B0BGPJNJBH
umap,5000,1581,7.7246375,4.413066,4.0,B0B23LRBRP
umap,5000,1582,12.478797,6.978553,5.0,B07RXXTZ6R
umap,5000,1583,6.326417,4.0789986,4.0,B0C5PC4J6W
umap,5000,1584,11.646475,4.211847,4.0,B08SM7PP2M
umap,5000,1585,13.059039,-0.84940106,4.0,B07NTVBTSM
umap,5000,1586,8.11733,3.2851167,4.0,B0BJ7QMYBF
umap,5000,1587,12.794333,-0.6272157,4.0,B08J7RH9JH
umap,5000,1588,6.453227,6.555363,4.0,B08J79T7CQ
umap,5000,1589,6.1938033,3.5454044,4.0,B082R17ZJG
umap,5000,1590,12.747431,3.5180066,5.0,B088GJHYVN
umap,5000,1591,11.044714,3.648805,4.0,B07H9YR3XW
umap,5000,1592,12.638496,3.498442,5.0,B07MMYYNHB
umap,5000,1593,11.90374,3.787063,4.0,B07LBQYCHT
umap,5000,1594,11.808165,7.284098,4.0,B08PFVF5L8
umap,5000,1595,6.931111,3.1303935,4.0,B097C49PBW
umap,5000,1596,13.29557,4.1196294,5.0,B07JHTVHM8
umap,5000,1597,12.155355,1.5757394,5.0,B07J9NT4H9
umap,5000,1598,11.0062,3.9087825,4.0,B07HFWGBST
umap,5000,1599,11.821761,7.2191243,4.0,B07HLQ32HK
umap,5000,1600,5.8926344,3.2217894,4.0,B07K8XPS7J
umap,5000,1601,11.859782,7.24823,5.0,B07FGKRX43
umap,5000,1602,11.742218,7.352617,5.0,B07QDNWC7X
umap,5000,1603,12.913766,-0.77273166,5.0,B07D9JW39N
umap,5000,1604,11.652241,7.1748366,5.0,B09YYX736L
umap,5000,1605,13.156944,7.345775,4.0,B095LLDH4H
umap,5000,1606,5.8190727,6.973,3.0,B07F2DDC28
umap,5000,1607,12.7897,3.5369484,4.0,B07CZCFHC6
umap,5000,1608,6.051443,3.5514379,5.0,B07G2G18YH
umap,5000,1609,12.755389,3.8886197,5.0,B098DSFTQM
umap,5000,1610,7.266709,3.6999013,4.0,B01MFESB51
umap,5000,1611,11.715885,7.3442926,4.0,B07DC8673V
umap,5000,1612,10.917897,3.8095205,4.0,B0759MFSWC
umap,5000,1613,13.21158,-0.6874858,4.0,B077CMJVRZ
umap,5000,1614,5.666233,3.6348944,4.0,B0751W3JZ9
umap,5000,1615,12.327484,2.3641376,4.0,B076MJW31F
umap,5000,1616,5.6495166,3.3201768,4.0,B00VV6X1UI
umap,5000,1617,13.415014,4.31678,5.0,B08KG14KCT
umap,5000,1618,5.6896915,0.09722385,4.0,B076PMVZMR
umap,5000,1619,12.309624,2.455627,4.0,B01M716C56
umap,5000,1620,10.4339075,4.4939847,5.0,B08N6HGY8P
umap,5000,1621,6.812182,4.330817,5.0,B09K7JMBYK
umap,5000,1622,7.3224783,3.9854813,4.0,B06XFTNSCT
umap,5000,1623,5.890903,6.9210687,5.0,B016XFCHBA
umap,5000,1624,11.839446,7.0785728,5.0,B01I33N124
umap,5000,1625,11.645113,3.2994685,5.0,B014TUZ92U
umap,5000,1626,11.697439,7.2889304,4.0,B01E6L4WW0
umap,5000,1627,11.816439,7.4020243,2.0,B00Y85YSGK
umap,5000,1628,7.534422,4.0367126,5.0,B06WRMP8KT
umap,5000,1629,12.217922,0.8500747,4.0,B017O1BWMW
umap,5000,1630,6.087255,6.7919984,4.0,B01N3JWG1N
umap,5000,1631,11.766792,3.462438,4.0,B06XJF5NMP
umap,5000,1632,10.854011,3.8111901,5.0,B08739SDH3
umap,5000,1633,9.289074,5.7462387,4.0,B00IYETYX8
umap,5000,1634,9.843347,7.6005464,4.0,B09HJ4LVWP
umap,5000,1635,9.460106,6.998752,5.0,B09LYWCHJX
umap,5000,1636,5.8240256,3.4505305,5.0,B01IOECNKS
umap,5000,1637,12.071579,4.642057,5.0,B00IVPU786
umap,5000,1638,9.460981,7.105102,5.0,B00PVCV682
umap,5000,1639,12.225191,0.9790723,5.0,B07BV831R5
umap,5000,1640,13.1002245,3.8499103,5.0,B09Z3BM734
umap,5000,1641,12.079747,5.8270216,5.0,B01HAUTGKM
umap,5000,1642,13.313432,4.8921666,5.0,B01DJ7LUJK
umap,5000,1643,13.401074,0.7899072,5.0,B01HIPOC30
umap,5000,1644,8.558397,4.637027,5.0,B00EDIC062
umap,5000,1645,10.960434,3.7807767,5.0,B01EJ2CQ7O
umap,5000,1646,9.071475,5.8866467,5.0,B01F75X68U
umap,5000,1647,13.044781,1.0059174,4.0,B01E7C8TWW
umap,5000,1648,6.1038823,6.77153,5.0,B00SWL1F2G
umap,5000,1649,11.477789,2.6625137,5.0,B01C2ADMNW
umap,5000,1650,9.550056,6.331597,5.0,B09N5LVWH7
umap,5000,1651,5.404636,3.886179,5.0,B017ILTARW
umap,5000,1652,12.752378,3.191719,4.0,B011KFQASE
umap,5000,1653,10.638232,3.0878463,5.0,B015CAP52U
umap,5000,1654,5.8381243,3.444917,4.0,B00006JPRN
umap,5000,1655,12.317863,-0.22689031,5.0,B0183F4MR0
umap,5000,1656,5.972648,3.9385736,5.0,B0171F4ULQ
umap,5000,1657,12.939329,-0.29410845,5.0,B0170O61J2
umap,5000,1658,5.580601,3.6970694,5.0,B0178I3JOK
umap,5000,1659,11.648144,3.035985,4.0,B00Y4FUVI8
umap,5000,1660,7.4790683,4.4296784,4.0,B010AX4WG4
umap,5000,1661,12.519862,4.5229273,4.0,B014H8SON0
umap,5000,1662,12.605884,4.4936333,5.0,B01N0H8WUZ
umap,5000,1663,5.612969,3.656736,4.0,B08JH3PJ2Q
umap,5000,1664,12.783407,2.2014225,5.0,B07GST8F8L
umap,5000,1665,13.28556,0.8788971,5.0,B00XHRW9TI
umap,5000,1666,5.5834136,3.6419444,5.0,B08N6HJ3FB
umap,5000,1667,11.253891,3.5658138,5.0,B006MPRFJQ
umap,5000,1668,11.115701,3.6621294,5.0,B00KH3SZTS
umap,5000,1669,11.986633,7.235737,5.0,B00IG9LSGM
umap,5000,1670,12.902606,0.11221903,5.0,B00KFCESEC
umap,5000,1671,11.822908,0.70967025,5.0,B00L7SV16G
umap,5000,1672,5.6261783,3.5158575,5.0,B00CWXJXTC
umap,5000,1673,12.196764,0.9696585,5.0,B00JFHYY42
umap,5000,1674,12.193728,4.142706,5.0,B005P99KT8
umap,5000,1675,11.322699,4.084354,5.0,B08LZJ8GMH
umap,5000,1676,11.502065,0.07678961,1.0,B0BYZMDN97
umap,5000,1677,10.090138,1.2109559,5.0,B08FT8J1RR
umap,5000,1678,9.57613,2.5360677,5.0,B0C2YWQP1J
umap,5000,1679,7.1839104,3.8821394,5.0,B09Z228SQJ
umap,5000,1680,11.693754,4.99375,1.0,B085F4RL5S
umap,5000,1681,5.721597,3.1976497,5.0,B00KJLMBQQ
umap,5000,1682,11.289211,-0.71186376,5.0,B07Y1SNHQW
umap,5000,1683,10.640981,0.36083367,3.0,B0B5GZBXCV
umap,5000,1684,9.439141,0.20249717,5.0,B07QF4Q875
umap,5000,1685,10.643574,-0.34592742,5.0,B08YXY5XMD
umap,5000,1686,9.297647,2.2573042,5.0,B075NCMLYL
umap,5000,1687,11.461672,3.2166538,5.0,B0BXM4RTZ4
umap,5000,1688,9.998618,2.2917693,5.0,B073ZNM75V
umap,5000,1689,6.4455667,6.5754433,1.0,B098PZNSL7
umap,5000,1690,9.095205,1.1809486,5.0,B0BR3MLGZZ
umap,5000,1691,13.710961,5.8938107,5.0,B09KH1J658
umap,5000,1692,5.816703,4.132206,1.0,B08Q2D3XR1
umap,5000,1693,5.898144,3.2921236,5.0,B082LMXMNZ
umap,5000,1694,9.43448,7.586892,5.0,B093QLDGNJ
umap,5000,1695,12.151454,6.892491,3.0,B09KMSH26Q
umap,5000,1696,9.675612,5.575018,5.0,B075JZNHTD
umap,5000,1697,9.514755,-0.80107176,5.0,B01N34WW1E
umap,5000,1698,11.836576,5.2778683,5.0,B09CG9LZSR
umap,5000,1699,10.566129,2.941872,1.0,B094BMCMPS
umap,5000,1700,14.163158,1.7075671,3.0,B01H3CN9ZA
umap,5000,1701,14.12043,1.7056948,5.0,B08148XDKN
umap,5000,1702,14.200154,2.5821598,5.0,B07P92XS72
umap,5000,1703,9.13292,5.053503,5.0,B07YXG4F7R
umap,5000,1704,9.503738,-0.85141164,5.0,B003LY0QH4
umap,5000,1705,13.100283,4.5225787,5.0,B005OTPVMY
umap,5000,1706,13.125146,4.6876554,5.0,B07V4JD954
umap,5000,1707,5.837497,3.142246,5.0,B01N7CV2TS
umap,5000,1708,14.167772,2.3039544,5.0,B07FSBRRTP
umap,5000,1709,14.181239,2.491614,5.0,B07LG3CMWX
umap,5000,1710,8.243766,4.003577,3.0,B075FTYGQK
umap,5000,1711,7.711926,0.6217183,5.0,B082SR59W9
umap,5000,1712,9.515702,0.49985975,5.0,B07DD69HKJ
umap,5000,1713,10.172515,7.5817533,5.0,B09GFP5DMH
umap,5000,1714,7.2328153,3.2868266,4.0,B0919NL52L
umap,5000,1715,10.989791,7.1191454,5.0,B077V8RVN7
umap,5000,1716,13.130657,-0.48061118,5.0,B08QS8NWL3
umap,5000,1717,13.575252,2.9315152,5.0,B09HTM917T
umap,5000,1718,9.523191,-0.118960425,5.0,B08CXRWGW2
umap,5000,1719,13.376027,1.2737104,5.0,B0BM3XNNWF
umap,5000,1720,10.382956,0.604564,5.0,B088WD4DRZ
umap,5000,1721,13.549732,2.9656818,5.0,B07F4P3JH7
umap,5000,1722,8.926321,5.798563,4.0,B081TZ8TBM
umap,5000,1723,7.728617,2.7545047,5.0,B07R11T5MC
umap,5000,1724,13.170137,7.3589687,5.0,B07T58DGSZ
umap,5000,1725,11.032884,8.022468,5.0,B07S7QYRSP
umap,5000,1726,9.891833,4.0552053,3.0,B07DBXWFVQ
umap,5000,1727,8.993524,5.8531346,5.0,B07WC6TDT8
umap,5000,1728,8.9845495,5.73225,1.0,B07PN74YD7
umap,5000,1729,10.218305,1.7419249,5.0,B07H5RNMP5
umap,5000,1730,5.627559,3.2960782,5.0,B00G3KZ8YE
umap,5000,1731,7.7037787,5.918692,5.0,B07456BG8N
umap,5000,1732,12.608669,3.61238,1.0,B06X6M5HGP
umap,5000,1733,5.2223363,0.008727841,3.0,B0043T7FXE
umap,5000,1734,9.046686,4.476696,5.0,B00C28WXI0
umap,5000,1735,12.484692,3.5886467,2.0,B00CLZWK64
umap,5000,1736,10.480657,6.947631,5.0,B00XIL20DI
umap,5000,1737,11.19839,-0.21832564,2.0,B0070Z8CEY
umap,5000,1738,9.676897,4.7411814,5.0,B00752RAA4
umap,5000,1739,9.186306,6.8735995,5.0,B005ESVW96
umap,5000,1740,10.248635,-0.5280103,5.0,B081S43284
umap,5000,1741,12.28888,2.5537114,5.0,B09Q3NR84W
umap,5000,1742,10.109162,0.15328228,5.0,B07PGL2N7J
umap,5000,1743,9.874026,0.7717644,5.0,B07MGTL6L9
umap,5000,1744,10.607835,-0.19819485,5.0,B00QE9UCZO
umap,5000,1745,8.30994,0.42854092,5.0,B0BP28CLNX
umap,5000,1746,12.901631,1.4268034,3.0,B07H3PZ5LS
umap,5000,1747,13.598792,0.32262993,5.0,B09LTTFKYC
umap,5000,1748,5.5568266,4.0263863,1.0,B081PGLYND
umap,5000,1749,9.810601,4.567743,5.0,B0B65BNKW1
umap,5000,1750,10.549647,5.9311314,5.0,B0BQ5JWN9Z
umap,5000,1751,9.839421,5.027616,1.0,B0BSDJW7F3
umap,5000,1752,9.730132,5.2012906,5.0,B08MQ2HHFN
umap,5000,1753,10.84993,7.162223,2.0,B0C6QKB234
umap,5000,1754,9.52369,6.2598605,5.0,B0BT98MVYD
umap,5000,1755,9.614632,6.9876394,5.0,B0BZJZKYST
umap,5000,1756,9.477853,3.2506251,1.0,B084LN55B3
umap,5000,1757,9.393596,1.7347225,1.0,B0BS2TMK39
umap,5000,1758,9.688137,2.339373,1.0,B07XZ6D1YH
umap,5000,1759,9.62738,4.8782496,5.0,B08HTPQZRB
umap,5000,1760,8.280122,1.117858,1.0,B0B2KHS3ZZ
umap,5000,1761,7.118152,3.4855053,2.0,B099V8GPR4
umap,5000,1762,14.159898,2.8375545,5.0,B00N9ZVN90
umap,5000,1763,13.120073,-0.5448616,1.0,B01MQHBZS1
umap,5000,1764,10.6157465,0.72849095,5.0,B000KUS9EE
umap,5000,1765,9.817873,-0.3470098,1.0,B0BBCW8P9M
umap,5000,1766,12.4875765,7.309664,2.0,B0B7MR7WS7
umap,5000,1767,10.152531,0.9884102,2.0,B07H65KP63
umap,5000,1768,11.388653,1.6647521,5.0,B01AY37QWC
umap,5000,1769,10.163505,5.91782,5.0,B0BZ3LHSDW
umap,5000,1770,8.409032,3.6017332,2.0,B07ZG6W84H
umap,5000,1771,10.652225,2.8065171,5.0,B09X2J3LGX
umap,5000,1772,9.165051,5.0173388,5.0,B07L2T2W6L
umap,5000,1773,6.0543528,-0.013023713,5.0,B08HJ6D2Y3
umap,5000,1774,14.166497,1.7346649,5.0,B09XLGGLTQ
umap,5000,1775,14.173871,1.6910027,4.0,B07GSP157Z
umap,5000,1776,12.807247,3.592703,4.0,B07CY79CKZ
umap,5000,1777,13.187285,6.048526,5.0,B0742FQ3Q3
umap,5000,1778,6.0445933,0.0034572375,2.0,B07L5L22ZL
umap,5000,1779,10.019964,2.9003253,5.0,B07GGVNF14
umap,5000,1780,14.253771,2.600308,5.0,B01BFIBRIE
umap,5000,1781,14.278078,2.6058238,5.0,B007OZNUCE
umap,5000,1782,13.894363,1.3861258,5.0,B007T356BO
umap,5000,1783,9.513781,-0.8434738,5.0,B0C1J4XGB1
umap,5000,1784,9.951437,3.5090358,5.0,B08F4RGHLY
umap,5000,1785,13.210469,0.7127121,5.0,B094JBZGF4
umap,5000,1786,9.214175,1.3289346,5.0,B000GDGWWG
umap,5000,1787,12.846082,1.5843301,5.0,B0796VRYV3
umap,5000,1788,10.184813,0.9934539,3.0,B0BLVJWGCC
umap,5000,1789,11.003,1.2354808,5.0,B001DAT0XE
umap,5000,1790,9.430397,3.3644164,1.0,B084LS3RQJ
umap,5000,1791,10.463195,1.948425,5.0,B0742J69SQ
umap,5000,1792,8.977173,0.5422209,5.0,B0B2JWCMCY
umap,5000,1793,9.584588,-0.89417696,5.0,B07T451KJM
umap,5000,1794,9.574488,-0.011286423,5.0,B00R124LAK
umap,5000,1795,13.971711,0.84841913,1.0,B016B12PUE
umap,5000,1796,13.959128,0.79982597,3.0,B07864XM91
umap,5000,1797,12.933601,6.439117,5.0,B07C4ZNM7Q
umap,5000,1798,11.396266,0.85835075,5.0,B06XNZJTGD
umap,5000,1799,13.875712,0.40393898,5.0,B081NM793Z
umap,5000,1800,9.57498,-0.22664404,5.0,B09V6JXVX1
umap,5000,1801,11.488564,0.79734844,5.0,B07V5DDC7R
umap,5000,1802,13.01808,0.6038757,4.0,B092JBV61J
umap,5000,1803,9.415911,2.6930614,5.0,B01772N80C
umap,5000,1804,12.783791,-0.8106974,5.0,B094QJBPB1
umap,5000,1805,10.752043,0.97740096,1.0,B010B2BGX6
umap,5000,1806,13.087274,1.0384184,4.0,B07D8JK4HM
umap,5000,1807,13.732098,0.7446819,5.0,B07WNJQFP9
umap,5000,1808,9.786491,0.10395668,5.0,B013EKI2DY
umap,5000,1809,7.4910383,3.5669777,4.0,B00IIEICNC
umap,5000,1810,10.815755,-0.0072954795,1.0,B0099WSJHQ
umap,5000,1811,13.169629,5.1282654,1.0,B007PFZNHS
umap,5000,1812,13.256862,0.78535074,3.0,B009Z3SXTS
umap,5000,1813,12.879757,1.1276488,5.0,B00G3J8EZ0
umap,5000,1814,11.080193,5.3777547,5.0,B004SBBD8U
umap,5000,1815,14.154672,1.7541184,5.0,B007T356BO
umap,5000,1816,7.918148,0.7694592,1.0,B0878WQ4WM
umap,5000,1817,12.692713,-0.77591217,5.0,B08L1WHFWJ
umap,5000,1818,11.52453,5.636078,5.0,B0C8HDXFXN
umap,5000,1819,9.027005,1.268932,5.0,B0C98XDNLY
umap,5000,1820,9.194746,6.6831026,5.0,B0CCDMQZM7
umap,5000,1821,12.742906,3.6471744,5.0,B07P841621
umap,5000,1822,11.675576,1.7836018,5.0,B09DCPPYNR
umap,5000,1823,11.010543,1.2676502,5.0,B07PTVBKHM
umap,5000,1824,8.522254,2.638536,4.0,B07D36JJZT
umap,5000,1825,7.843488,0.7576431,5.0,B07P5LBBMN
umap,5000,1826,7.984068,4.112846,4.0,B08TX9GNB3
umap,5000,1827,8.255243,0.5600798,5.0,B01GDIUA8Y
umap,5000,1828,9.940531,2.726523,5.0,B00SGBJOWA
umap,5000,1829,8.189919,0.612968,5.0,B01D0J787A
umap,5000,1830,10.431255,-0.40506357,5.0,B09JLMDSLC
umap,5000,1831,13.045941,6.414632,5.0,B089F9YDFC
umap,5000,1832,13.140189,6.4957714,5.0,B0C3KV52B7
umap,5000,1833,9.771884,2.1586988,3.0,B09P2C15L1
umap,5000,1834,9.284951,6.9055357,3.0,B0B55KLJBY
umap,5000,1835,6.0069456,0.057828214,5.0,B081TK1W3Z
umap,5000,1836,10.877106,5.521804,5.0,B0B8W72ZG6
umap,5000,1837,6.3920865,6.6011786,5.0,B07M87KRKR
umap,5000,1838,9.554463,3.0964086,5.0,B015PZLB6G
umap,5000,1839,8.757237,-1.9455408,5.0,B072118L7D
umap,5000,1840,9.730368,1.508234,5.0,B07TCSG6CH
umap,5000,1841,10.141984,0.79102665,5.0,B07LBQWTRY
umap,5000,1842,10.332899,1.2674818,5.0,B07RW8W2WW
umap,5000,1843,6.407122,6.572745,2.0,B00NWXM5U0
umap,5000,1844,8.5721655,0.4427882,5.0,B0CJ2FDZD9
umap,5000,1845,12.987824,0.6093805,5.0,B07Q2TVNP3
umap,5000,1846,12.125433,2.2414877,5.0,B0B7RW47VZ
umap,5000,1847,5.107395,-0.012402664,5.0,B07WH4GTY9
umap,5000,1848,8.1402,3.8666523,5.0,B0BGDLLL4W
umap,5000,1849,5.1641016,0.036903255,5.0,B0B8J17B9L
umap,5000,1850,9.709109,1.6645098,5.0,B00PGE653G
umap,5000,1851,8.597931,-1.9067237,4.0,B00X0G30MQ
umap,5000,1852,8.179437,0.53013057,5.0,B0029U2YSA
umap,5000,1853,9.598075,2.4431696,5.0,B01CF3L4YA
umap,5000,1854,8.553776,1.6495591,5.0,B0961LFNFG
umap,5000,1855,7.0464816,3.5085404,4.0,B07467F8QW
umap,5000,1856,11.800001,0.12322173,5.0,B07KCT9LB5
umap,5000,1857,9.825737,0.3742555,2.0,B0B9GHF8QM
umap,5000,1858,9.433396,0.4864612,5.0,B07TWNFDS8
umap,5000,1859,12.045882,1.8907934,5.0,B007UJ4U6O
umap,5000,1860,6.4468994,3.6009243,3.0,B0B37TT7JB
umap,5000,1861,9.627107,5.6317005,5.0,B075XN1NZC
umap,5000,1862,11.232705,7.1415834,5.0,B01C43ZHVC
umap,5000,1863,5.45315,3.61317,5.0,B08XNCHTCY
umap,5000,1864,10.6277895,-0.30863437,5.0,B08SKV4XKR
umap,5000,1865,9.553242,-0.8882271,5.0,B00A8OWC1S
umap,5000,1866,13.02404,-0.33169234,5.0,B08BL1YDSZ
umap,5000,1867,6.008945,6.7387915,5.0,B0912GH93X
umap,5000,1868,10.813999,6.8231335,5.0,B0B4WG6N98
umap,5000,1869,10.023584,1.5375364,5.0,B01GW7YJTC
umap,5000,1870,9.919311,3.9215486,5.0,B008UZQWQ8
umap,5000,1871,12.401278,6.6529684,1.0,B00U879XZ8
umap,5000,1872,7.4328804,3.6733823,5.0,B06XTX41HM
umap,5000,1873,11.057688,8.028161,2.0,B07W42PJBG
umap,5000,1874,8.411859,1.0338459,5.0,B07TQLFRRJ
umap,5000,1875,9.3656225,1.9882053,5.0,B0BHZ1GDVT
umap,5000,1876,10.284699,4.500197,5.0,B0BFF9G61F
umap,5000,1877,10.829508,1.396436,3.0,B0BR8MK1DY
umap,5000,1878,9.44571,-0.16046876,5.0,B09BYYK39G
umap,5000,1879,9.13376,0.3480459,1.0,B0BJV9Z6T1
umap,5000,1880,8.279289,-2.081055,5.0,B0BY8KX5CW
umap,5000,1881,8.281964,-2.079087,5.0,B087JNFL1C
umap,5000,1882,8.934819,0.83353126,5.0,B08DPP3T9Z
umap,5000,1883,9.660953,0.12685175,4.0,B07H9YX94V
umap,5000,1884,9.423798,-0.03882042,5.0,B09T3FX6CL
umap,5000,1885,9.590998,-0.01929075,5.0,B09MLGP9SP
umap,5000,1886,9.344275,-0.045202818,5.0,B07FTSXDK4
umap,5000,1887,11.307392,3.4978244,5.0,B0BS3V1QBY
umap,5000,1888,8.344648,-1.7935458,5.0,B09DXXSS9Z
umap,5000,1889,5.699065,4.0924797,1.0,B0BN248QTJ
umap,5000,1890,6.1859007,2.9307647,5.0,B096982VDG
umap,5000,1891,9.733525,1.3503859,5.0,B0BL78N7W9
umap,5000,1892,8.278742,-2.0824301,5.0,B0974XHKV5
umap,5000,1893,12.320861,-0.69921434,5.0,B074D9L6SJ
umap,5000,1894,9.616355,2.4296029,5.0,B0BV3NWX67
umap,5000,1895,12.7579565,5.0431385,3.0,B0823Z9MZ3
umap,5000,1896,10.089761,-1.601711,5.0,B005IR2J2M
umap,5000,1897,9.238266,-1.1339203,5.0,B09869JTSG
umap,5000,1898,9.379884,-0.0010356619,5.0,B0B5GRZ3FW
umap,5000,1899,7.8509803,0.69490385,5.0,B0BNPL25Z9
umap,5000,1900,7.845954,0.5273505,5.0,B09LTX3SQX
umap,5000,1901,5.886572,3.0846424,1.0,B07G7GY4PZ
umap,5000,1902,7.2232575,3.1420722,5.0,B07P9QZPGR
umap,5000,1903,10.984575,1.245598,1.0,B09PBSXZ3T
umap,5000,1904,11.27702,4.925444,5.0,B01JGBIFGO
umap,5000,1905,5.1750884,0.0337061,5.0,B07CLBNM1C
umap,5000,1906,7.236887,3.9020336,3.0,B00CO07FIO
umap,5000,1907,6.3173995,6.663612,5.0,B0B1VWCFXZ
umap,5000,1908,12.834537,6.509906,5.0,B0BVY4JVNG
umap,5000,1909,8.891826,-2.1452293,5.0,B0B27MJXLK
umap,5000,1910,7.9554768,3.5864275,5.0,B00H1SVSAU
umap,5000,1911,9.625031,2.2289038,5.0,B0C7HW72LR
umap,5000,1912,10.106724,0.5472518,1.0,B07RGD3JNQ
umap,5000,1913,11.268631,7.140671,1.0,B07HMRT5RB
umap,5000,1914,9.477728,2.3278441,5.0,B08XB712XZ
umap,5000,1915,11.960676,3.6741009,5.0,B08LCWGSZM
umap,5000,1916,13.500588,0.13863938,1.0,B0CF6479D8
umap,5000,1917,13.467889,4.742448,5.0,B09NR7BPJZ
umap,5000,1918,12.82775,-0.34347245,5.0,B08TBPJSKS
umap,5000,1919,9.195106,5.0589967,1.0,B08M85C13W
umap,5000,1920,11.585838,0.909013,5.0,B00TKU6762
umap,5000,1921,10.627238,-0.32778612,5.0,1426320965
umap,5000,1922,13.705043,5.876409,5.0,B07NVG9L16
umap,5000,1923,9.806874,0.71655256,5.0,B07J6GKJYB
umap,5000,1924,12.0767355,3.613087,5.0,B08TW9RNRJ
umap,5000,1925,13.40622,5.768528,5.0,B071KKMXP8
umap,5000,1926,13.346799,5.7083445,5.0,B01HBARDWO
umap,5000,1927,11.911448,1.1152116,5.0,B07HMLRWXH
umap,5000,1928,12.998726,0.49568698,5.0,B075JDJM5W
umap,5000,1929,9.047388,2.5031931,5.0,B07SJ8L4M3
umap,5000,1930,12.5654545,7.433355,2.0,B07D22Z8GQ
umap,5000,1931,12.984513,6.5740843,5.0,B078Z9LP9Z
umap,5000,1932,8.391871,-1.0751505,5.0,B00GHUHMUS
umap,5000,1933,6.21427,-0.021660836,5.0,B004ZKXXAK
umap,5000,1934,13.294642,0.73166,2.0,B00N28AUK2
umap,5000,1935,12.36693,1.0047994,5.0,B0BMWBNRQQ
umap,5000,1936,13.066165,7.4368258,5.0,B092DD5L2V
umap,5000,1937,7.302303,3.3647308,5.0,B00GUTY132
umap,5000,1938,7.0506663,2.7012284,5.0,B0067Y5B7A
umap,5000,1939,5.937721,0.09189677,5.0,B00EYWU8HK
umap,5000,1940,11.796283,3.5768883,5.0,B00A81SXHI
umap,5000,1941,10.992224,0.9030263,5.0,B07SHFPD8S
umap,5000,1942,12.71946,-0.17665386,5.0,B07RW4VG9Q
umap,5000,1943,12.134543,7.6987257,5.0,B093FMQJ73
umap,5000,1944,12.824658,7.641128,5.0,B0BB6TYK7V
umap,5000,1945,12.111535,7.76031,2.0,B07QMBY7JF
umap,5000,1946,8.371394,4.242197,5.0,B072KLXG5M
umap,5000,1947,12.153546,7.6785665,2.0,B07GVB87YG
umap,5000,1948,12.891243,1.1088203,5.0,B076CKXBB1
umap,5000,1949,13.536969,2.9289565,5.0,B07BSFXVCH
umap,5000,1950,13.456766,2.5418,5.0,B076BL6Z79
umap,5000,1951,7.4458046,2.8795567,5.0,B0BW4PFM58
umap,5000,1952,5.5014334,4.085711,5.0,B005IKCLPO
umap,5000,1953,11.202434,0.46874765,4.0,B071K5BQPF
umap,5000,1954,12.887643,0.63053733,5.0,B07BT6TH6X
umap,5000,1955,8.100972,0.8444717,5.0,B07SJ8X19K
umap,5000,1956,9.678699,0.69911444,5.0,B0C8RP1481
umap,5000,1957,11.198214,3.5907047,5.0,B08KZSGZCH
umap,5000,1958,10.995757,1.0280664,5.0,B0BNWPM92Y
umap,5000,1959,10.157128,0.72069913,5.0,B08FJBFG7V
umap,5000,1960,11.230833,2.8430226,5.0,B07837W5NX
umap,5000,1961,13.423327,4.0236936,5.0,B07NLWT9Z7
umap,5000,1962,9.755025,1.4331224,5.0,B0BSRMK724
umap,5000,1963,11.857316,7.745919,5.0,B017LSIXDE
umap,5000,1964,9.985569,2.1885517,5.0,B07DRGR6LX
umap,5000,1965,11.032049,8.076657,5.0,B0797RKSF7
umap,5000,1966,13.007209,6.786975,5.0,B07BFWHD7G
umap,5000,1967,10.644125,2.0119123,4.0,B0824RG1SN
umap,5000,1968,11.398937,7.061404,1.0,B0BGS23YKX
umap,5000,1969,12.066083,7.0435805,1.0,B08C4Y26FP
umap,5000,1970,9.782162,0.64244694,4.0,B00DGRUY3M
umap,5000,1971,12.1384325,1.0407977,2.0,B000KMZKTO
umap,5000,1972,6.2457843,3.3271515,4.0,B07S764D9V
umap,5000,1973,12.053333,1.1103004,5.0,B002UKSZUU
umap,5000,1974,13.204176,4.3750753,5.0,B01M7VOJFW
umap,5000,1975,11.35957,-0.61311066,5.0,B01MTY7MSK
umap,5000,1976,14.141978,2.6918108,1.0,B00BHJS3C0
umap,5000,1977,7.9559793,3.3647487,5.0,B000AJR482
umap,5000,1978,5.9630103,3.614248,1.0,B00FWGU1CY
umap,5000,1979,7.1278644,3.66214,5.0,B075S2Y5C3
umap,5000,1980,12.453146,3.9734495,1.0,B07GTJSHZ3
umap,5000,1981,12.884134,0.6681262,5.0,B078C6N6CR
umap,5000,1982,8.822185,1.4911807,5.0,B07GKT53H5
umap,5000,1983,10.09752,-1.5961628,5.0,B0BVCMW9DS
umap,5000,1984,5.8621225,4.1967206,5.0,B06XG2ZY5M
umap,5000,1985,9.251807,5.9036827,4.0,B00HSMK59E
umap,5000,1986,13.587802,0.997876,5.0,B0816152WW
umap,5000,1987,9.662862,5.635191,5.0,B075JZNHTD
umap,5000,1988,9.200291,1.4991404,3.0,B01MZI5VRW
umap,5000,1989,8.903915,-2.1469908,5.0,B018SZT3BK
umap,5000,1990,11.612038,7.833836,5.0,B01G61RGNA
umap,5000,1991,6.0624127,2.8939893,5.0,B006T9ZKAQ
umap,5000,1992,9.9021015,1.2219722,4.0,B0048FU2GU
umap,5000,1993,10.0101,0.60461557,5.0,B008BBNOJE
umap,5000,1994,9.535861,2.1136696,4.0,B007TPS9PC
umap,5000,1995,10.242431,3.6994421,5.0,B008PQ1QOA
umap,5000,1996,11.086375,0.8656541,5.0,B007OZNZG0
umap,5000,1997,9.4526205,0.1499681,3.0,B005DOK8NW
umap,5000,1998,9.978225,5.1940374,1.0,B07Y9XK7MW
umap,5000,1999,8.900574,0.9172387,3.0,B091Y9L722
umap,5000,2000,9.68346,0.27117062,5.0,B0BLBPR39X
umap,5000,2001,13.748103,1.3470349,5.0,B0C5N822K2
umap,5000,2002,13.679215,0.84022444,5.0,B00BN1Q5JA
umap,5000,2003,12.792239,4.970211,1.0,B00099YIP0
umap,5000,2004,13.719559,0.75430477,5.0,B07JGWQ34C
umap,5000,2005,9.825799,5.1890135,5.0,B0BV3FZ8KY
umap,5000,2006,10.051711,1.7635033,5.0,B003D8GAA0
umap,5000,2007,9.633883,-0.044598848,5.0,B005FNKMGE
umap,5000,2008,9.365233,1.5517957,1.0,B08Y57JG1K
umap,5000,2009,8.452077,4.1407194,5.0,B09FDMGNQR
umap,5000,2010,7.971926,0.6786784,3.0,B08723V9DD
umap,5000,2011,10.177505,1.3298314,1.0,B0053UJXQ4
umap,5000,2012,9.012983,1.1382548,5.0,B08ZRVYSGX
umap,5000,2013,11.398494,1.669936,5.0,B07WHTQW4X
umap,5000,2014,8.757651,-2.0843124,5.0,B09TF5TPL5
umap,5000,2015,9.465265,6.387387,1.0,B0BWFBFTGG
umap,5000,2016,9.617127,0.14734925,2.0,B09S6Y5BRG
umap,5000,2017,6.029219,2.837112,5.0,B07VHBC8VP
umap,5000,2018,9.944107,1.1419364,5.0,B08N5TC2Z3
umap,5000,2019,6.0179334,0.063192,5.0,B09KNJ518H
umap,5000,2020,5.4019623,3.6498258,5.0,B08J83TR22
umap,5000,2021,12.577658,6.930111,1.0,B01F9RGWF0
umap,5000,2022,9.865146,5.160006,5.0,B01054S5FM
umap,5000,2023,9.937836,1.1540853,5.0,B00HRUC1OO
umap,5000,2024,10.634403,2.8848038,4.0,B07VCJFPCK
umap,5000,2025,7.7247677,5.843966,5.0,B07H65KP63
umap,5000,2026,9.539118,6.9818177,5.0,B00416Q5KI
umap,5000,2027,13.061669,-0.64551383,4.0,B079BBK5B7
umap,5000,2028,11.911997,6.4334702,5.0,B00DX6B278
umap,5000,2029,11.188273,0.65312755,2.0,B07V31SK5X
umap,5000,2030,10.359848,1.1637043,5.0,B07VTK654B
umap,5000,2031,9.896102,2.7229102,5.0,B094VH58NQ
umap,5000,2032,9.012439,5.8613243,5.0,B09P7TJCZW
umap,5000,2033,10.386956,6.649713,3.0,B07V4D6F5F
umap,5000,2034,7.369582,3.4907806,5.0,B00XIWVO4I
umap,5000,2035,7.695918,4.703604,5.0,B0B696YT88
umap,5000,2036,13.044377,7.285716,5.0,B09QLBKCZ3
umap,5000,2037,13.050352,6.6683784,5.0,B0B4ZV9WF9
umap,5000,2038,12.922963,-0.7454416,5.0,B09FKQLP6J
umap,5000,2039,11.96852,7.2960606,4.0,B0BNQ8ZL47
umap,5000,2040,13.092229,7.3512845,5.0,B0C3TLTQGR
umap,5000,2041,12.04058,7.188382,5.0,B0BTN6S6Q1
umap,5000,2042,12.239242,5.846203,5.0,B0C1B9TW7G
umap,5000,2043,12.229431,5.9417715,4.0,B0B9NR6CHX
umap,5000,2044,13.111156,-0.5165502,5.0,B0BRQK5LVF
umap,5000,2045,12.683856,6.658383,5.0,B0BBQRB6SQ
umap,5000,2046,12.715795,6.9934793,5.0,B0BN41CPQN
umap,5000,2047,12.79054,6.9111886,5.0,B0BN41CPQN
umap,5000,2048,10.042197,0.69410336,5.0,B0BFDZXDS6
umap,5000,2049,10.326681,2.225019,5.0,B095MTK53S
umap,5000,2050,13.168,7.5433826,5.0,B0B9XVXB6P
umap,5000,2051,13.349385,-0.63084644,5.0,B09P4KT1KG
umap,5000,2052,12.456656,7.364188,5.0,B0B79XLJT3
umap,5000,2053,11.540894,7.2648606,5.0,B0BHXQLLXB
umap,5000,2054,11.208803,7.340615,5.0,B0BHXQLLXB
umap,5000,2055,9.666047,0.8634812,5.0,B0B2VP252D
umap,5000,2056,13.117519,7.765971,5.0,B0B5TH2Q4X
umap,5000,2057,7.8774786,3.645837,5.0,B0C1NRVQ4S
umap,5000,2058,11.298831,6.222199,5.0,B0BHZ1GDVT
umap,5000,2059,12.566339,7.07568,5.0,B0BHXQLLXB
umap,5000,2060,11.576627,3.4509144,5.0,B09MF9F8VX
umap,5000,2061,11.2914,6.192001,5.0,B0CFQT6GW6
umap,5000,2062,13.375767,1.5139334,5.0,B0B7HXB21R
umap,5000,2063,13.0330715,7.7578516,4.0,B0BV6RLX21
umap,5000,2064,7.3155236,2.7626839,4.0,B00BYVYBPE
umap,5000,2065,5.620926,4.032316,2.0,B00T8H16UE
umap,5000,2066,7.0554457,2.7304802,2.0,B004DU9T3C
umap,5000,2067,9.795251,2.5017915,5.0,B096N8LQPY
umap,5000,2068,12.536547,0.9962885,1.0,B095Z3KQ13
umap,5000,2069,11.343299,2.427969,5.0,B071Z2WHPR
umap,5000,2070,12.952585,7.716467,5.0,B0B751K1LV
umap,5000,2071,10.882562,6.966368,5.0,B08K4C9MX2
umap,5000,2072,6.504437,3.361765,5.0,B09KY26HWG
umap,5000,2073,6.9168234,3.2541819,4.0,B09F3D2SP1
umap,5000,2074,6.811271,3.1705282,5.0,B093F4J7ZM
umap,5000,2075,12.299503,1.0925043,5.0,B09X9V54SK
umap,5000,2076,12.085815,1.0828199,5.0,B000M9H03E
umap,5000,2077,7.866829,0.71820104,5.0,B079NW5W5Q
umap,5000,2078,11.170472,7.184079,5.0,B0BVH1QB5C
umap,5000,2079,7.7316494,3.3822286,5.0,B07Q6Q44J2
umap,5000,2080,10.721769,7.198612,5.0,B0C2HWSXNL
umap,5000,2081,7.898595,0.7856111,2.0,B0BS6RY81M
umap,5000,2082,7.8403196,0.5111458,5.0,B0BKLWZ4LD
umap,5000,2083,9.870347,0.54230744,5.0,B01L8G5Q5S
umap,5000,2084,11.142519,7.145689,5.0,B01HAVTUPM
umap,5000,2085,9.441393,0.67209566,5.0,B07S6X6RLG
umap,5000,2086,10.772542,6.684339,5.0,B01N249DAV
umap,5000,2087,7.8028097,4.852195,5.0,B00M10X9J6
umap,5000,2088,10.828329,6.9814773,5.0,B01611VL68
umap,5000,2089,8.209639,3.208062,2.0,B007BTULVG
umap,5000,2090,9.89312,0.47426727,1.0,B087Q2FP2X
umap,5000,2091,10.874537,6.945978,5.0,B00OUUXC7O
umap,5000,2092,7.2567015,3.4201298,5.0,B0042F3K9W
umap,5000,2093,10.5724,7.0409203,1.0,B016HPOSXQ
umap,5000,2094,11.241068,6.7045207,5.0,B082KPKM3L
umap,5000,2095,9.363255,5.9747458,5.0,B077HQ5W4T
umap,5000,2096,7.7318625,5.9534936,4.0,B07KTYJ769
umap,5000,2097,12.166118,0.9559737,5.0,B0B3BGW87S
umap,5000,2098,8.585233,4.8004994,5.0,B0BML2MF98
umap,5000,2099,12.147028,1.0989164,4.0,B07TXHPB39
umap,5000,2100,10.350924,6.660771,5.0,B01GC6LR84
umap,5000,2101,9.110189,4.1560216,4.0,B0B3D5VN6V
umap,5000,2102,8.836096,5.5685024,1.0,B0BFM4362X
umap,5000,2103,8.490434,4.4565115,5.0,B00PTJ43FU
umap,5000,2104,11.333956,2.4539666,2.0,B00MG1VGMW
umap,5000,2105,12.184483,2.2363083,3.0,B01J9F19I8
umap,5000,2106,7.6801934,5.89569,5.0,B01K8B8YA8
umap,5000,2107,11.282817,2.5179598,1.0,B0000XMVI6
umap,5000,2108,8.37364,4.2032394,3.0,B008H0QXT2
umap,5000,2109,11.467872,2.9470804,2.0,B01KDYC2TO
umap,5000,2110,10.318185,4.6463356,1.0,B004RIL1JK
umap,5000,2111,9.768938,5.7104874,3.0,B01BRWH8G8
umap,5000,2112,9.797763,5.7118993,4.0,B075X8471B
umap,5000,2113,11.789271,7.368198,5.0,B09MK5D6JH
umap,5000,2114,12.544897,4.7133465,2.0,B00IVPU786
umap,5000,2115,7.0017524,3.9447875,4.0,B0935ZDCYD
umap,5000,2116,5.187765,0.07616787,2.0,B00ABZPX06
umap,5000,2117,5.8437963,0.08680716,3.0,B0BXYXD1Q2
umap,5000,2118,5.9216943,0.06918257,1.0,B011KPIZ9G
umap,5000,2119,5.7697163,0.1293777,5.0,B00VRC6D3S
umap,5000,2120,11.341645,2.4771261,4.0,B006FD5RQ8
umap,5000,2121,10.370439,4.301875,5.0,B00ADJ4YQE
umap,5000,2122,12.382514,4.8162956,1.0,B004JISIE4
umap,5000,2123,9.016457,5.6809015,1.0,B0002MQGR2
umap,5000,2124,9.393676,7.1330094,5.0,B000LIFB7S
umap,5000,2125,12.8114805,7.697212,5.0,B082FJXVW6
umap,5000,2126,12.020616,7.5376196,5.0,B07KJZPPLR
umap,5000,2127,9.179968,4.8428335,5.0,B08Q3QPZ5X
umap,5000,2128,6.160694,3.5033784,4.0,B09MGJD7Y8
umap,5000,2129,10.128313,0.59499735,5.0,B09XYMSZLL
umap,5000,2130,6.4881487,3.4060848,5.0,B07N1KNGJ8
umap,5000,2131,13.981966,0.66483986,5.0,B07Y85CY2J
umap,5000,2132,8.42294,4.2935133,5.0,B09SVJGMN1
umap,5000,2133,8.318302,4.212276,5.0,B0088YPRUI
umap,5000,2134,13.369951,0.8308813,5.0,B0145VHFA2
umap,5000,2135,11.503651,7.809325,1.0,B015TN5FVQ
umap,5000,2136,6.3679714,3.0149808,5.0,B017OKABWK
umap,5000,2137,9.597626,2.466579,5.0,B08DLSLCF3
umap,5000,2138,7.7157626,4.119402,5.0,B0057YDNQ2
umap,5000,2139,11.329998,2.4371293,5.0,B0BQ3VKQG9
umap,5000,2140,5.777973,3.1527307,5.0,B00CXP4AS8
umap,5000,2141,8.441955,4.0201664,5.0,B000066R6M
umap,5000,2142,12.986733,0.7683662,5.0,B00H1ZHD0W
umap,5000,2143,13.754987,0.9182785,4.0,B005LIDN00
umap,5000,2144,13.526875,1.1075164,5.0,B01ITOFEX6
umap,5000,2145,11.643152,7.038549,3.0,B01HRVABD0
umap,5000,2146,13.376319,0.941742,5.0,B08NJ8VWQ3
umap,5000,2147,13.16416,0.6910016,5.0,B08RYNJRCY
umap,5000,2148,9.235787,0.26939595,5.0,B01CU0YQPW
umap,5000,2149,12.983192,0.67518306,5.0,B086X647CC
umap,5000,2150,10.47726,1.0198729,2.0,B09XT8WXMN
umap,5000,2151,12.366752,3.8913398,3.0,B07DKDL58Y
umap,5000,2152,11.171085,0.2911719,3.0,B092D8D5BZ
umap,5000,2153,10.592394,4.498544,5.0,B075DD9DW4
umap,5000,2154,13.543778,1.0154465,5.0,B01E6MTP0S
umap,5000,2155,9.731529,5.438283,5.0,B075X8471B
umap,5000,2156,11.247873,5.6922355,1.0,B07TB47MN4
umap,5000,2157,5.7848935,2.9620569,5.0,B0C2Z2HX4L
umap,5000,2158,13.375776,1.0258315,5.0,B0BZ46CGSP
umap,5000,2159,7.5021176,3.7962515,5.0,B0C4Y7T5Z3
umap,5000,2160,6.7264204,4.6252904,1.0,B0BG6YCGG7
umap,5000,2161,12.948038,4.35738,4.0,B0BDRRTMR7
umap,5000,2162,11.916587,7.0917187,4.0,B0BV2PMLTR
umap,5000,2163,11.818546,7.2238684,5.0,B0C1SG4FHJ
umap,5000,2164,8.013623,4.027784,3.0,B0BCFDDGPB
umap,5000,2165,9.924921,3.8412433,5.0,B09N922QG2
umap,5000,2166,12.936101,7.7670317,5.0,B0B1S914V5
umap,5000,2167,11.057111,8.012299,5.0,B0B741XVYD
umap,5000,2168,10.423205,6.9679074,5.0,B09TR4ZR8S
umap,5000,2169,11.063978,7.8119974,4.0,B0C5YHPG2J
umap,5000,2170,9.913396,3.8114915,5.0,B09LQWML9P
umap,5000,2171,5.8732333,3.5866594,5.0,B09VTMLL5Q
umap,5000,2172,12.874444,3.4008477,5.0,B0BKTBD37R
umap,5000,2173,13.506432,4.710859,5.0,B09SLPPNBC
umap,5000,2174,10.679633,4.7540183,5.0,B0C4P6C6NM
umap,5000,2175,10.833992,5.0669894,5.0,B09VS779K4
umap,5000,2176,12.896285,1.1438875,5.0,B09Q8MWHT9
umap,5000,2177,12.317553,-0.06067808,5.0,B0B9L1N68J
umap,5000,2178,13.179983,4.515425,5.0,B0998X1F7G
umap,5000,2179,11.648951,1.7704283,4.0,B09W5J7GVX
umap,5000,2180,13.188992,4.4753785,5.0,B09NN648FM
umap,5000,2181,7.0964794,4.710543,5.0,B09N232D3J
umap,5000,2182,11.649893,7.1469336,5.0,B0BPHC35QG
umap,5000,2183,13.748953,5.993328,5.0,B0BPP72J81
umap,5000,2184,13.316253,4.3750615,5.0,B09JCD2CN6
umap,5000,2185,12.440589,5.6939144,5.0,B0BPSXJ8M3
umap,5000,2186,6.1607094,3.4590394,5.0,B0BYJSHNQ6
umap,5000,2187,11.574232,5.56896,5.0,B09DCMLWTT
umap,5000,2188,9.518576,6.960065,5.0,B09SN7TZ99
umap,5000,2189,13.3770075,4.776832,5.0,B09FJMWMBM
umap,5000,2190,7.2223597,3.4320302,3.0,B091XN41PN
umap,5000,2191,12.022593,2.4057715,5.0,B099D2QTGY
umap,5000,2192,10.74582,7.0578623,5.0,B0C5N45FB3
umap,5000,2193,10.252085,6.898524,5.0,B0B4YTVNFL
umap,5000,2194,10.12448,6.943783,5.0,B0989J83Z9
umap,5000,2195,10.81862,7.070307,5.0,B093D6F1ZZ
umap,5000,2196,11.950019,1.3034905,4.0,B09W99JC95
umap,5000,2197,13.342827,4.489534,4.0,B098QLDYC6
umap,5000,2198,11.86306,7.3066535,5.0,B0C2YRYZJ7
umap,5000,2199,11.878686,5.688288,5.0,B0963LKFYF
umap,5000,2200,12.229559,4.444006,5.0,B0C5MCSLKZ
umap,5000,2201,12.804385,3.2919374,5.0,B0C6QYPNYR
umap,5000,2202,11.678497,1.7717705,5.0,B09MVP6Y94
umap,5000,2203,12.120746,7.321339,4.0,B096P33NMR
umap,5000,2204,12.754281,-0.7910371,5.0,B0BXHPS3XG
umap,5000,2205,12.845501,1.1730515,4.0,B082S4VMHG
umap,5000,2206,13.443389,4.413148,5.0,B08Z85SDM3
umap,5000,2207,13.3851185,4.472865,5.0,B08ZMYM34Q
umap,5000,2208,10.420806,4.454929,5.0,B09PHCV2PN
umap,5000,2209,9.945019,3.8803055,5.0,B08JV9C6NR
umap,5000,2210,12.869301,3.5939941,5.0,B08XDX7CW8
umap,5000,2211,12.827257,-0.6700938,5.0,B08W43825W
umap,5000,2212,5.739791,3.74406,5.0,B0BZQ8FW4F
umap,5000,2213,10.509604,4.545051,5.0,B08MPYBG5C
umap,5000,2214,12.929611,7.777404,4.0,B08SCQTJKB
umap,5000,2215,11.731385,7.4252353,5.0,B08SH3HLNL
umap,5000,2216,6.1568446,3.5205598,5.0,B08XXRWLLS
umap,5000,2217,13.31985,0.9655558,5.0,B08HK1QRLB
umap,5000,2218,12.029234,7.5755005,5.0,B08P5KZD1C
umap,5000,2219,13.413431,4.56067,4.0,B08XMR6T51
umap,5000,2220,10.993253,5.9134774,5.0,B0898CS5TM
umap,5000,2221,10.8850565,5.9370503,5.0,B08FBZ6SS3
umap,5000,2222,10.233703,6.9726686,5.0,B08CV3B9SS
umap,5000,2223,10.678453,6.4414225,5.0,B07FN9PR61
umap,5000,2224,10.913709,5.8768315,5.0,B0BZT5GQGJ
umap,5000,2225,11.045675,8.108405,5.0,B09Y273HR1
umap,5000,2226,10.743562,6.3540406,5.0,B0BZT5GQGJ
umap,5000,2227,11.001909,5.6775537,5.0,B08HK2F8QK
umap,5000,2228,11.037188,8.0348835,5.0,B08FRMQNHR
umap,5000,2229,13.440143,4.5543494,4.0,B0933YVHDN
umap,5000,2230,11.712567,0.3864351,5.0,B08HCJB6C5
umap,5000,2231,11.321534,-0.3745635,5.0,B088FKGCH1
umap,5000,2232,13.11121,7.673596,5.0,B0B8YY8QXG
umap,5000,2233,12.240317,4.4582515,5.0,B09H1PLZ7S
umap,5000,2234,12.032835,6.420114,5.0,B08M4256ZR
umap,5000,2235,12.111159,6.186148,5.0,B0827X1Z1D
umap,5000,2236,11.322905,7.319738,5.0,B08NC5TMNL
umap,5000,2237,11.292892,6.92768,5.0,B088CRTM52
umap,5000,2238,11.452506,5.734131,5.0,B09N7WWZRT
umap,5000,2239,10.717646,6.120435,5.0,B07FN9PR61
umap,5000,2240,10.201209,7.0263824,5.0,B08QYZ75XJ
umap,5000,2241,11.455589,6.000487,5.0,B08PFZQPFJ
umap,5000,2242,11.368115,4.879401,5.0,B08D6SKVVN
umap,5000,2243,11.49375,5.808287,4.0,B081DZMGFG
umap,5000,2244,9.440425,7.0301476,5.0,B09MKVBBWX
umap,5000,2245,10.25125,7.01792,5.0,B08GKCN3BX
umap,5000,2246,11.389838,7.6255164,5.0,B08J42GSW6
umap,5000,2247,10.8914175,7.141195,5.0,B08D6G3T5T
umap,5000,2248,10.268532,7.00919,5.0,B09WTY19L9
umap,5000,2249,13.315372,1.3414856,3.0,B09LH3NSVJ
umap,5000,2250,13.400622,4.248114,5.0,B08GKK5NX8
umap,5000,2251,13.216204,-0.13329802,5.0,B09LCRR2BG
umap,5000,2252,13.747085,0.99716425,5.0,B087QSHTM8
umap,5000,2253,11.945956,7.5618014,5.0,B08BJ83YHJ
umap,5000,2254,12.036158,7.1779814,5.0,B085SGW4KK
umap,5000,2255,13.325972,4.505415,5.0,B013Q6ZRQQ
umap,5000,2256,13.109876,-0.4078896,5.0,B07XKZ2PDG
umap,5000,2257,5.838005,3.6255214,4.0,B08BYF5V86
umap,5000,2258,12.373075,2.136066,5.0,B08CK95N8C
umap,5000,2259,13.443263,0.0041728904,5.0,B088WH1Y25
umap,5000,2260,11.547766,5.5482864,5.0,B0834PQKXK
umap,5000,2261,5.235777,0.04369831,5.0,B09Y1PSVTB
umap,5000,2262,11.245703,6.338796,5.0,B08GFZXG55
umap,5000,2263,6.6213617,4.4013534,5.0,B07W87RMTG
umap,5000,2264,11.2307,5.8600864,5.0,B089YF6T86
umap,5000,2265,11.593027,5.843302,5.0,B086VFXX78
umap,5000,2266,11.860621,6.2133665,5.0,B094NRML1L
umap,5000,2267,5.771876,0.30536866,5.0,B089F191ZP
umap,5000,2268,10.660148,2.9105232,4.0,B089VYXB9K
umap,5000,2269,13.2196665,4.604737,5.0,B0C1Z4MNJT
umap,5000,2270,11.400218,8.025937,5.0,B08CVCS7Y7
umap,5000,2271,12.111217,1.0382878,5.0,B087B2DLCR
umap,5000,2272,13.043253,4.639077,5.0,B08BFT7VNS
umap,5000,2273,12.072172,4.358598,5.0,B08B5DC4HM
umap,5000,2274,12.010676,7.1962805,5.0,B081CRF2YH
umap,5000,2275,13.033791,7.7906146,5.0,B09WV2XQYH
umap,5000,2276,11.641085,7.1252265,5.0,B082T7HDGT
umap,5000,2277,11.935843,7.544628,5.0,B09FYFT34G
umap,5000,2278,11.02801,8.098092,5.0,B085DZMDKH
umap,5000,2279,12.09508,7.4062877,5.0,B082YB9888
umap,5000,2280,11.762447,4.2922974,5.0,B083KYZMG5
umap,5000,2281,8.002443,3.982397,5.0,B0BSDJQV5D
umap,5000,2282,10.707843,5.9173756,5.0,B0899QP2L3
umap,5000,2283,11.892824,6.9193254,5.0,B09NSRDB1W
umap,5000,2284,9.435258,7.6086397,5.0,B083NQPY1R
umap,5000,2285,13.85542,0.6158512,5.0,B08T6D9Z69
umap,5000,2286,8.342946,3.157026,5.0,B097D5GXZH
umap,5000,2287,10.924156,5.898555,5.0,B082CDDZC7
umap,5000,2288,6.7218127,4.467318,5.0,B082HHZ11Q
umap,5000,2289,13.473154,4.4514523,5.0,B085DPJYYV
umap,5000,2290,10.8740635,4.03314,5.0,B0BYSB9KW8
umap,5000,2291,11.328356,2.5043406,3.0,B084GFVQLL
umap,5000,2292,13.41988,4.5607486,4.0,B0828Y7BMQ
umap,5000,2293,6.5075707,3.7779505,5.0,B09Q5PQM38
umap,5000,2294,8.370127,3.2072701,5.0,B07T95WVZZ
umap,5000,2295,5.8698063,3.0216782,5.0,B07VX7V91Q
umap,5000,2296,13.293968,4.6111183,5.0,B0815V2KJS
umap,5000,2297,7.1654,3.7552915,5.0,B07RMBKSY3
umap,5000,2298,7.5173373,4.3363075,5.0,B07VKRYQLK
umap,5000,2299,13.431845,4.648538,5.0,B07X8ZRNX7
umap,5000,2300,6.494515,3.731485,5.0,B086ZKY8C4
umap,5000,2301,8.184943,4.718901,4.0,B0BPLD4VK9
umap,5000,2302,11.34877,0.34109718,5.0,B084F798YV
umap,5000,2303,10.7500305,-0.43525827,5.0,B07MG94T5M
umap,5000,2304,11.334786,3.9447672,5.0,B07DK1VQCH
umap,5000,2305,6.146764,3.5049918,5.0,B07PQBQ6GC
umap,5000,2306,8.065165,3.2796082,5.0,B0BJ7QMYBF
umap,5000,2307,10.361977,4.5023,4.0,B084HC99VY
umap,5000,2308,6.357234,3.8267899,5.0,B082SW81WD
umap,5000,2309,13.015454,4.3069572,5.0,B07RZPB86Z
umap,5000,2310,8.156713,4.6596856,5.0,B07FLH7VLQ
umap,5000,2311,9.532561,7.000881,5.0,B0BL6788GP
umap,5000,2312,5.750456,2.993238,5.0,B07PHWGWFS
umap,5000,2313,13.201727,4.5680857,5.0,B07KJTXRKM
umap,5000,2314,7.005309,3.085622,5.0,B07PYHVH31
umap,5000,2315,5.9987254,3.695908,3.0,B07MCSKB9P
umap,5000,2316,6.183561,3.3123488,5.0,B07FDCDQMM
umap,5000,2317,6.1723733,3.4283292,5.0,B07K8XPS7J
umap,5000,2318,6.3341293,3.5832314,5.0,B07DF7NZCN
umap,5000,2319,7.1317525,3.3045964,4.0,B07G1LGS62
umap,5000,2320,9.935116,4.6367145,5.0,B07GG424BQ
umap,5000,2321,9.461533,7.0674443,5.0,B09MTNF6MX
umap,5000,2322,13.150476,4.580178,4.0,B01FRP1ZHE
umap,5000,2323,12.056274,7.5763006,5.0,B07DDK15FN
umap,5000,2324,6.7950625,4.4921303,5.0,B07VHBC8VP
umap,5000,2325,10.443502,4.4939394,5.0,B0C2V1QS15
umap,5000,2326,6.2577105,3.6182697,4.0,B07QFC584D
umap,5000,2327,12.682565,-0.6287352,5.0,B07FMYHX1F
umap,5000,2328,12.277667,4.445684,5.0,B09ZMQWGCG
umap,5000,2329,11.233325,3.8452625,4.0,B07B535G94
umap,5000,2330,6.557463,3.7635167,5.0,B08V47HYBW
umap,5000,2331,5.914748,3.7019022,5.0,B076F79LTS
umap,5000,2332,6.0351076,3.3418305,4.0,B0778PCW73
umap,5000,2333,11.681128,2.535227,5.0,B079Y4MW5F
umap,5000,2334,10.387497,4.518778,4.0,B0C2V1WQ8F
umap,5000,2335,11.15308,3.7591515,5.0,B077W1KN7V
umap,5000,2336,6.1527495,4.3937054,4.0,B06XJKWXC6
umap,5000,2337,6.257119,3.6804388,4.0,B074JG8SPQ
umap,5000,2338,8.379646,3.1639307,4.0,B0B11CLXY5
umap,5000,2339,12.117757,5.8571453,4.0,B071YZ2WN7
umap,5000,2340,6.104595,3.8168669,5.0,B072J2HGJR
umap,5000,2341,11.659732,2.6148946,5.0,B071X8QSZH
umap,5000,2342,10.368606,4.4177494,5.0,B07FKJCFWB
umap,5000,2343,5.905161,3.1310275,5.0,B01MQKG0L8
umap,5000,2344,12.23339,1.430726,4.0,B01LZWQ0KV
umap,5000,2345,5.765687,3.7099137,5.0,B01M2UVSHF
umap,5000,2346,12.18585,7.0519223,5.0,B07JMFQTC5
umap,5000,2347,5.699822,3.3722618,5.0,B01HETFQMQ
umap,5000,2348,6.8451886,3.5893717,3.0,B01DT4ODOM
umap,5000,2349,13.007737,0.7280927,4.0,B00VRLUTWA
umap,5000,2350,9.220901,6.8972654,4.0,B01EO5A3RQ
umap,5000,2351,13.378693,4.581248,5.0,B01BCWKBZI
umap,5000,2352,7.343079,4.0289197,5.0,B01BWMX5BK
umap,5000,2353,6.9595547,4.456577,4.0,B00K6L5EX6
umap,5000,2354,9.418771,7.6008773,4.0,B00PVIBIN4
umap,5000,2355,6.252376,3.9664583,5.0,B0B37YMFK2
umap,5000,2356,11.654887,7.225245,5.0,B079ZQT987
umap,5000,2357,10.391816,4.543196,4.0,B014D7XH64
umap,5000,2358,13.399708,4.551517,5.0,B00UK0P9VU
umap,5000,2359,13.207403,0.84286284,3.0,B00OGKQAJU
umap,5000,2360,5.2206397,0.07046444,3.0,B00S0CTU2Y
umap,5000,2361,6.715604,3.873541,4.0,B01A86LI6K
umap,5000,2362,12.914864,1.1281977,5.0,B00MJKZEXC
umap,5000,2363,12.89248,3.765357,5.0,B00NJNFW1C
umap,5000,2364,13.023041,0.6066367,5.0,B00FQ1NO9W
umap,5000,2365,6.25252,3.8606203,5.0,B00KONCDVM
umap,5000,2366,7.489613,4.349544,5.0,B00I59VBH4
umap,5000,2367,9.434284,7.0927563,4.0,B00BXKY9CQ
umap,5000,2368,6.514848,3.3451338,4.0,B00EXPNGCM
umap,5000,2369,7.4348106,3.7256677,5.0,B00DVU9FNY
umap,5000,2370,13.16423,3.409387,4.0,B00CPIF4G0
umap,5000,2371,9.635111,6.6625915,5.0,B007KZQM9Q
umap,5000,2372,6.3626366,3.4395995,4.0,B001UAB4TU
umap,5000,2373,7.343157,3.5072386,5.0,B07FCKYFRC
umap,5000,2374,11.9503765,1.3388535,5.0,B07GZL22ZQ
umap,5000,2375,11.789679,0.054155227,4.0,B00S7IBOYS
umap,5000,2376,11.3307295,2.474835,4.0,B07F2YKPB3
umap,5000,2377,5.786897,3.9265633,1.0,B0C338S8M7
umap,5000,2378,6.728503,3.219569,4.0,B00KWR8ME2
umap,5000,2379,8.926728,5.608417,4.0,B00PLL0L2U
umap,5000,2380,13.155802,1.0322577,5.0,B07PSCZRB5
umap,5000,2381,6.4852986,6.53325,4.0,B0BHT8XX49
umap,5000,2382,5.8573656,6.932559,4.0,B085XS36F5
umap,5000,2383,9.96,3.825065,4.0,B07S1BDQ4P
umap,5000,2384,12.845721,1.332224,4.0,B00N1X2UC4
umap,5000,2385,9.523515,4.647563,4.0,B007ILEHSA
umap,5000,2386,9.82376,0.36113894,1.0,B018H3B280
umap,5000,2387,8.334726,-1.0164466,5.0,B00763W3M2
umap,5000,2388,9.81543,0.3172774,1.0,B00OB0S8KE
umap,5000,2389,13.340508,4.8403797,5.0,B00FHL3F0E
umap,5000,2390,12.170395,7.3051643,5.0,B07PHB491R
umap,5000,2391,10.435337,4.19661,5.0,B08GL4JSLK
umap,5000,2392,12.237083,2.3051782,5.0,B07T5SY43L
umap,5000,2393,9.471626,3.2171526,5.0,B074KBWL9J
umap,5000,2394,6.5903955,3.6738858,1.0,B09674F2X6
umap,5000,2395,6.854187,3.74652,1.0,B09S9PX2GH
umap,5000,2396,8.911085,0.97093457,1.0,B07KTYJ769
umap,5000,2397,11.121919,3.6650639,5.0,B084T3RMQ6
umap,5000,2398,9.334095,5.8995748,5.0,B00RFLGH5E
umap,5000,2399,10.939872,3.6542356,4.0,B00P7EVST6
umap,5000,2400,9.188421,6.898239,5.0,B09BZGJCGD
umap,5000,2401,9.212519,5.8809266,1.0,B0022NHQ00
umap,5000,2402,12.42229,1.0929053,4.0,B002SBB0SU
umap,5000,2403,12.870931,3.4334474,5.0,B09MRC553G
umap,5000,2404,12.88222,3.47888,5.0,B0B5B88GQW
umap,5000,2405,12.93118,3.5232341,4.0,B09X21S46V
umap,5000,2406,5.8053493,3.5179367,4.0,B07S764D9V
umap,5000,2407,9.740159,5.1193566,5.0,B0BTPBBL52
umap,5000,2408,8.540274,4.133282,4.0,B091BD9T1Z
umap,5000,2409,11.18787,7.1441026,2.0,B07MYSFW2G
umap,5000,2410,11.982194,7.13921,4.0,B01DXKPK3A
umap,5000,2411,13.556503,3.3592308,4.0,B0189XYY0Q
umap,5000,2412,13.076839,2.6080716,5.0,B00Q6A1RLY
umap,5000,2413,12.963839,3.023154,4.0,B00MHX6TIA
umap,5000,2414,13.355105,3.2762117,4.0,B00DVFLJKQ
umap,5000,2415,9.298179,6.874473,5.0,B002M3SHXA
umap,5000,2416,9.836821,4.853348,4.0,B0039NIRIW
umap,5000,2417,10.248538,5.543126,5.0,B000HDJY7K
umap,5000,2418,6.929879,4.517761,5.0,B00005T3GH
umap,5000,2419,9.886847,4.781733,4.0,B0036WT3PW
umap,5000,2420,11.564366,3.9284627,2.0,B000V2H136
umap,5000,2421,9.356581,7.147791,1.0,B00008SCFL
umap,5000,2422,11.485288,3.6606045,5.0,B000OSLLPG
umap,5000,2423,7.6655207,3.8754506,2.0,B00XJ5U76A
umap,5000,2424,12.9072,6.5886517,4.0,B07V29CYF3
umap,5000,2425,5.3130684,0.073077895,1.0,B0B3J5JC2S
umap,5000,2426,11.05063,0.93180984,5.0,B07X349T36
umap,5000,2427,12.55492,2.6889849,5.0,B074D9L6SJ
umap,5000,2428,10.635421,-0.2435529,5.0,B07Y75XPQZ
umap,5000,2429,9.6910095,1.0976444,5.0,B07QC4XL1V
umap,5000,2430,6.5450406,3.2828786,5.0,B07ZPC9QD4
umap,5000,2431,9.60671,6.9612684,5.0,B093V1K56G
umap,5000,2432,13.126404,5.984012,1.0,B01N7KFVOB
umap,5000,2433,5.9849772,0.34204903,5.0,B07C9C7N4G
umap,5000,2434,5.829296,6.6571064,5.0,B0745BZ29C
umap,5000,2435,7.3657465,3.7287135,2.0,B07CZ2PZJM
umap,5000,2436,7.855855,0.51013976,5.0,B08XPWDSWW
umap,5000,2437,12.518909,6.647394,1.0,B09FKBCYM3
umap,5000,2438,10.035264,1.876268,5.0,B07G5C4YLY
umap,5000,2439,11.980247,7.0496755,3.0,B08FYNN55Z
umap,5000,2440,9.110926,0.75483686,1.0,B08MY4R4PK
umap,5000,2441,9.106623,1.5817394,1.0,B00WUWV1N6
umap,5000,2442,9.91469,3.9170744,4.0,B071FVHM19
umap,5000,2443,9.903432,3.9161336,5.0,B085SX3ZKZ
umap,5000,2444,9.01808,1.1661603,5.0,B07X8MSSRQ
umap,5000,2445,9.477602,-0.28593928,5.0,B01ENBNAWG
umap,5000,2446,9.506666,1.3205115,5.0,B00E6GRHBO
umap,5000,2447,7.7146378,3.4482589,2.0,B0C6D2TBZ7
umap,5000,2448,11.097334,2.499191,5.0,B07KB1FNK3
umap,5000,2449,9.970909,0.44776016,5.0,B0C6PGZ3MB
umap,5000,2450,12.863001,3.5915582,2.0,B0C8TKRRJB
umap,5000,2451,14.161546,2.2044685,5.0,B07BSJCMGS
umap,5000,2452,6.295072,3.3692586,5.0,B08TX43PBC
umap,5000,2453,9.771117,5.711819,5.0,B08WJSHSLC
umap,5000,2454,13.765118,1.3576686,5.0,B0987B3T53
umap,5000,2455,13.375715,1.4275532,5.0,B01MQPTTS6
umap,5000,2456,9.491581,-0.8544846,3.0,B07TS32GFV
umap,5000,2457,11.780226,7.226884,5.0,B07SMNZK8H
umap,5000,2458,7.1261115,4.6301746,5.0,B081B15L2D
umap,5000,2459,10.137935,0.6066828,4.0,B076WXJPQ1
umap,5000,2460,13.10599,4.572878,5.0,B08KZ1TZYB
umap,5000,2461,9.784857,0.13535304,5.0,B07961C64Q
umap,5000,2462,9.211928,0.70851743,5.0,B0BNPL25Z9
umap,5000,2463,7.1400695,4.630531,5.0,B00P28VN38
umap,5000,2464,7.170144,4.632894,5.0,B00GN76HAG
umap,5000,2465,9.243923,1.6062696,3.0,B076JDXPRG
umap,5000,2466,10.613325,1.0491195,5.0,B06XGC4WKK
umap,5000,2467,9.817351,2.6143932,5.0,B07GZFM1ZM
umap,5000,2468,7.1055026,4.662557,5.0,B07K59CQ3R
umap,5000,2469,7.1048436,4.6627955,5.0,B074S1P2MG
umap,5000,2470,6.761838,3.9216402,5.0,B072KQC4XY
umap,5000,2471,9.608495,0.3709967,5.0,B00KAMJ1JO
umap,5000,2472,11.518644,7.4023647,5.0,B0C6PGZ3MB
umap,5000,2473,9.521187,-0.85424864,5.0,B075753TQ8
umap,5000,2474,10.101979,-1.2665294,5.0,B075X8471B
umap,5000,2475,13.698496,1.0067956,5.0,B07F4P3JH7
umap,5000,2476,12.082203,7.7679343,5.0,B0C1FRBK4K
umap,5000,2477,13.199594,6.1071644,5.0,B00HJN524K
umap,5000,2478,6.3856177,3.4602182,4.0,B071WGSZ81
umap,5000,2479,11.705134,3.2379298,5.0,B000063Y71
umap,5000,2480,12.233619,2.3381202,5.0,B07837W5NX
umap,5000,2481,5.193617,0.031058025,3.0,B003NR57BY
umap,5000,2482,8.223179,3.5744646,5.0,B07H6X3YQN
umap,5000,2483,13.28807,6.3137536,5.0,B00N9DWGPC
umap,5000,2484,11.479659,3.5189147,4.0,B000063Y6S
umap,5000,2485,11.711115,2.9284968,4.0,B00G97AJMW
umap,5000,2486,8.518774,3.6990173,2.0,B00XJ5CD58
umap,5000,2487,10.686378,1.5392756,3.0,B00D68R31M
umap,5000,2488,9.534889,-0.9093747,5.0,B00GNHSXE4
umap,5000,2489,11.652832,3.5367334,5.0,B00004UDQ1
umap,5000,2490,13.092688,5.9856553,1.0,B00PFQPX5Q
umap,5000,2491,13.190083,6.1878843,5.0,B000165C10
umap,5000,2492,9.519418,1.1490556,5.0,B07QC4WTNC
umap,5000,2493,7.2830606,3.2020736,5.0,B09NBBT6T8
umap,5000,2494,6.0039315,0.080448024,5.0,B07TPLJ4HX
umap,5000,2495,9.231765,6.875532,1.0,B09VYMTDF9
umap,5000,2496,11.231015,5.5090795,5.0,B07K1DYGHM
umap,5000,2497,11.255069,4.855672,5.0,B08RLW7918
umap,5000,2498,11.187871,7.137284,5.0,B0BMQJYLQV
umap,5000,2499,5.758171,3.3257735,4.0,B0001FTVEK
umap,5000,2500,9.710461,0.4206626,1.0,B005PPMF3U
umap,5000,2501,9.220216,-0.11861189,5.0,B07VVXLXJM
umap,5000,2502,9.717387,2.2812412,5.0,B07P374FF3
umap,5000,2503,11.50326,3.1910682,5.0,B07P6YM5KH
umap,5000,2504,12.241634,6.6788745,5.0,B002Y470G2
umap,5000,2505,5.6337347,3.814789,5.0,B09PRC3WC5
umap,5000,2506,13.51962,2.5052314,5.0,B08Y8XW37R
umap,5000,2507,7.416337,3.885864,5.0,B0BXM18YDP
umap,5000,2508,9.733902,5.239158,1.0,B09M8N7YML
umap,5000,2509,6.2945056,3.0648918,5.0,B07H4SS6DG
umap,5000,2510,8.946354,1.35719,2.0,B019RC1EI8
umap,5000,2511,10.093746,1.6414957,1.0,B07VM4W41Q
umap,5000,2512,13.175553,6.109691,3.0,B00WETRG4I
umap,5000,2513,7.865214,0.7462316,1.0,B001MQ321U
umap,5000,2514,8.4470625,0.38965598,5.0,B0051V7XK8
umap,5000,2515,10.42512,-0.09658848,5.0,B0C6D2TBZ7
umap,5000,2516,8.928629,1.8525071,2.0,B07MG5Y5W9
umap,5000,2517,7.4951687,3.0167,4.0,B094MKQMZR
umap,5000,2518,9.4114895,0.76857203,1.0,B0B58CRF1N
umap,5000,2519,11.539792,7.7138605,2.0,B07Q2SJNZ5
umap,5000,2520,7.9153194,0.79471886,2.0,B075X8471B
umap,5000,2521,13.741637,2.8559995,2.0,B01J94SWWU
umap,5000,2522,9.592986,0.08142383,5.0,B008I6ITME
umap,5000,2523,11.746206,4.8858976,5.0,B015SKPC8Q
umap,5000,2524,11.830554,6.9686036,1.0,B01I1D2Q7W
umap,5000,2525,11.397765,3.6487083,1.0,B00RBW707G
umap,5000,2526,12.208941,1.237525,5.0,B06XNQ6BXC
umap,5000,2527,10.600885,1.1736687,5.0,B07ZRGNMRJ
umap,5000,2528,10.470638,0.92668587,4.0,B06VWK3L8N
umap,5000,2529,10.042692,-1.2382064,5.0,B01I6GE05A
umap,5000,2530,12.305397,7.264395,1.0,B01CGGW4NG
umap,5000,2531,7.771977,5.926606,3.0,B01K8B8YA8
umap,5000,2532,11.807633,0.21857235,1.0,B01E9X4L9O
umap,5000,2533,8.260655,4.0991006,5.0,B00140DBRY
umap,5000,2534,9.687568,5.6641827,2.0,B01DA0YCNC
umap,5000,2535,13.452844,-0.046126265,1.0,B073QFMPK1
umap,5000,2536,5.6106653,3.656124,1.0,B00WUCSWDI
umap,5000,2537,12.230886,7.0174975,1.0,B00488M4TU
umap,5000,2538,11.652525,1.7777419,2.0,B0032ALZIQ
umap,5000,2539,12.796242,3.6194098,1.0,B0034NGZWM
umap,5000,2540,8.307147,-1.8102219,5.0,B09B52572Z
umap,5000,2541,10.261993,1.4486235,5.0,B08KZZCGGG
umap,5000,2542,11.249882,2.7758462,5.0,B08JD7FN44
umap,5000,2543,4.813039,-12.986012,5.0,B098744XH6
umap,5000,2544,12.219815,-10.6001425,5.0,B09BPWCXMS
umap,5000,2545,9.908875,0.8276251,5.0,B09NWZY4XF
umap,5000,2546,12.221256,-10.60211,5.0,B07Y887RM3
umap,5000,2547,4.819687,-12.99268,5.0,B086VR9J8Q
umap,5000,2548,12.234473,-10.615534,5.0,B09JKSVK9L
umap,5000,2549,4.827939,-13.000682,5.0,B09CM12QBL
umap,5000,2550,12.224687,-10.605686,5.0,B09H7DTXKT
umap,5000,2551,4.8159523,-12.99434,5.0,B09G2W5GGF
umap,5000,2552,12.238296,-10.619302,5.0,B07K7BBRTQ
umap,5000,2553,4.815938,-12.9891615,5.0,B07D77BLWK
umap,5000,2554,4.8125787,-12.986052,5.0,B07C78TJMZ
umap,5000,2555,12.22681,-10.608213,5.0,B07S764D9V
umap,5000,2556,12.238477,-10.619554,5.0,B07PBZ1P2N
umap,5000,2557,12.225331,-10.606477,5.0,B07CH42JNS
umap,5000,2558,4.8294344,-12.986441,5.0,B01LXJFMGF
umap,5000,2559,12.220994,-10.602116,5.0,B071R715MZ
umap,5000,2560,4.795085,-12.968043,5.0,B01D5H8N8K
umap,5000,2561,4.815901,-13.001752,5.0,B07JGHZ45W
umap,5000,2562,12.227138,-10.609295,5.0,B017MVKO82
umap,5000,2563,12.209738,-10.590938,5.0,B09T918243
umap,5000,2564,12.232579,-10.613824,5.0,B09HLGPB3D
umap,5000,2565,4.815651,-12.989114,5.0,B01MDNQXMV
umap,5000,2566,4.8167915,-12.990505,5.0,B07F9WZSP9
umap,5000,2567,4.8241415,-12.998006,5.0,B07QF6RKYH
umap,5000,2568,12.223372,-10.604633,5.0,B09S6QPQFS
umap,5000,2569,4.824996,-12.998743,5.0,B00NVKHLP8
umap,5000,2570,4.8087864,-12.982638,5.0,B07FPLCZSL
umap,5000,2571,12.233531,-10.614902,5.0,B08TY4HJ8L
umap,5000,2572,4.8122373,-12.986039,5.0,B0713VGCJX
umap,5000,2573,4.8274727,-12.999787,5.0,B09QZPKYCW
umap,5000,2574,12.213141,-10.594225,5.0,B07W1JV6YM
umap,5000,2575,12.229391,-10.615707,5.0,B08M8Y6473
umap,5000,2576,12.250004,-10.631076,5.0,B07DVF9LKG
umap,5000,2577,4.814796,-12.988005,5.0,B00JX8Y2HM
umap,5000,2578,4.8131385,-12.986428,5.0,B00M0T1WTM
umap,5000,2579,4.810136,-12.982316,5.0,B07BVZJP4J
umap,5000,2580,4.8098664,-12.983188,5.0,B073W74WR8
umap,5000,2581,12.233883,-10.613644,5.0,B0BZJGGX2T
umap,5000,2582,12.220721,-10.601913,5.0,B09Y1PSVTB
umap,5000,2583,12.229459,-10.610561,5.0,B00XZ6AMA4
umap,5000,2584,12.210527,-10.591709,5.0,B01G8JO5F2
umap,5000,2585,10.512439,5.11452,5.0,B075NCMLYL
umap,5000,2586,4.813322,-12.986652,5.0,B08XPWDSWW
umap,5000,2587,4.8310695,-13.00429,5.0,B01985CJUG
umap,5000,2588,12.222305,-10.603808,5.0,B01N1H6MS0
umap,5000,2589,12.224985,-10.606092,5.0,B00TQYC9PA
umap,5000,2590,12.196434,-10.577618,5.0,B00XJPY07M
umap,5000,2591,4.8028736,-12.976536,5.0,B000Q8UAWY
umap,5000,2592,4.7997713,-12.972731,5.0,B07YFD37SF
umap,5000,2593,12.1973505,-10.578865,5.0,B004XUNW26
umap,5000,2594,12.237617,-10.618839,5.0,B005MTXM3Q
umap,5000,2595,12.210582,-10.591876,5.0,B000WKPHHO
umap,5000,2596,9.880314,-0.21382807,5.0,B00XHWBDYU
umap,5000,2597,12.20534,-10.586462,5.0,B0B3XNLPYC
umap,5000,2598,7.59691,3.933014,5.0,B07QLN5ZWR
umap,5000,2599,11.328924,4.8385553,5.0,B0812DKDD9
umap,5000,2600,12.23678,-10.616773,5.0,B0BGNG1294
umap,5000,2601,13.031056,1.8998611,1.0,B0873727DF
umap,5000,2602,7.5917835,-3.2871451,5.0,B07P61P5NZ
umap,5000,2603,7.591051,-3.2875006,5.0,B07P6YRR6J
umap,5000,2604,7.5933714,-3.284635,5.0,B07Q38S8HD
umap,5000,2605,7.592632,-3.2858016,5.0,B07PBD7RDM
umap,5000,2606,11.175988,5.506363,5.0,B0B1HR8JSR
umap,5000,2607,12.2759695,2.4090297,4.0,B0C6FJFRJG
umap,5000,2608,13.647036,0.38231042,5.0,B07KG7BLFD
umap,5000,2609,7.59344,-3.2843363,5.0,B0B2K24RQT
umap,5000,2610,7.5928235,-3.2859702,5.0,B0C33Y9Q9L
umap,5000,2611,10.095961,-1.6040252,5.0,B07ZCVRSCG
umap,5000,2612,10.093682,-1.6077319,5.0,B07JL18G1D
umap,5000,2613,10.090688,-1.5977243,5.0,B0BVBDXFHM
umap,5000,2614,10.090991,-1.6071097,5.0,B09LRLD1Z3
umap,5000,2615,10.083477,-1.6069624,5.0,B0BB6RBYJ6
umap,5000,2616,10.092144,-1.610403,5.0,B08MXVP2CL
umap,5000,2617,10.088995,-1.605892,5.0,B00FOSEUIQ
umap,5000,2618,10.090461,-1.6378437,5.0,B07G8BR51Z
umap,5000,2619,5.460169,3.4726653,5.0,B07PXGQC1Q
umap,5000,2620,7.593074,-3.285371,5.0,B0BZDWGL19
umap,5000,2621,10.795662,0.2286565,5.0,B0B4SWZTZ1
umap,5000,2622,7.593626,-3.2846913,5.0,B07T6GWDGR
umap,5000,2623,7.5932975,-3.285177,5.0,B07VZVL6GK
umap,5000,2624,5.4027023,3.548549,4.0,B0C3GDKZQT
umap,5000,2625,7.5931644,-3.2856686,5.0,B096NQ56RD
umap,5000,2626,7.5931993,-3.2851427,5.0,B0839511NG
umap,5000,2627,8.088767,0.8413895,5.0,B07SHFPD8S
umap,5000,2628,6.0021253,0.088788,5.0,B01GKQ2RHQ
umap,5000,2629,7.575846,4.882277,5.0,B00U1PPWDO
umap,5000,2630,13.177456,6.1860986,4.0,B00JHPLUMQ
umap,5000,2631,13.197964,6.122194,5.0,B00GG835JI
umap,5000,2632,12.913068,6.507434,5.0,B0BS6KLLT1
umap,5000,2633,10.91682,6.598162,5.0,B00T7W84FA
umap,5000,2634,9.714169,3.421706,5.0,B07JVSC152
umap,5000,2635,11.642834,6.8105807,5.0,B001TH7GUK
umap,5000,2636,5.696275,3.8354907,5.0,B000066R6M
umap,5000,2637,11.559509,3.6874838,4.0,B004YZZPZW
umap,5000,2638,14.219382,1.6186326,4.0,B005KDY8AU
umap,5000,2639,14.148682,2.743737,5.0,B005890G8Y
umap,5000,2640,7.7478886,0.63432705,5.0,B016PMVM7Q
umap,5000,2641,9.218885,2.2282493,5.0,B07KML89F3
umap,5000,2642,13.414535,-0.29510576,5.0,B00AHU2QH8
umap,5000,2643,14.11482,2.7095425,1.0,B00BYHTK5Y
umap,5000,2644,13.922295,2.3459632,2.0,B00902SFC4
umap,5000,2645,5.9764466,4.173189,5.0,B007B5ZKGG
umap,5000,2646,10.864546,3.8676121,1.0,B004NIG13U
umap,5000,2647,9.13846,2.1761973,5.0,B09L1PGZPQ
umap,5000,2648,7.6692553,4.208964,5.0,B0719SNR5N
umap,5000,2649,10.367103,-0.64021677,5.0,B07TQT6H2P
umap,5000,2650,8.589864,2.4032495,4.0,B08ZF2Z7Y1
umap,5000,2651,8.582742,-1.8632843,5.0,B01M5HQMMJ
umap,5000,2652,8.356222,-1.8511827,5.0,B094V7S7D7
umap,5000,2653,7.2109776,3.1958084,5.0,B09Q5BNT76
umap,5000,2654,7.3700633,3.3019357,4.0,B076DWW62Z
umap,5000,2655,7.4936852,3.0489502,5.0,B08GMC5NM5
umap,5000,2656,11.027798,1.100484,5.0,B07HRFLB6Y
umap,5000,2657,6.442341,6.554404,5.0,B07Q44XSYX
umap,5000,2658,10.481013,0.13766022,5.0,B07D18BQ9S
umap,5000,2659,8.390289,-1.8925835,5.0,B073S39FM8
umap,5000,2660,9.196764,4.969585,5.0,B01H7EK9WK
umap,5000,2661,9.897937,6.756374,5.0,B00UVN20YA
umap,5000,2662,13.225764,3.8524723,5.0,B0195A5THO
umap,5000,2663,10.301829,5.6606584,5.0,B01AQB0Y1C
umap,5000,2664,11.025079,0.24322563,5.0,B017IM9K26
umap,5000,2665,7.943123,2.7644165,5.0,B07VXXBTX4
umap,5000,2666,13.717011,0.9867169,5.0,B08HGHSZ8N
umap,5000,2667,7.5417657,5.7100744,5.0,B07NJQTTXK
umap,5000,2668,6.243659,3.3970864,5.0,B07SNBHTKD
umap,5000,2669,8.2572975,0.7033251,5.0,B0BDF98BNH
umap,5000,2670,11.782304,7.193767,5.0,B01JPDTZXK
umap,5000,2671,13.744209,1.1451887,4.0,B01HVHIZFG
umap,5000,2672,9.753498,-0.67583317,5.0,B07B3JZ2M6
umap,5000,2673,13.760475,1.011298,3.0,B00JUNH8H6
umap,5000,2674,13.937255,0.8302878,1.0,B00DULMXTW
umap,5000,2675,9.182061,6.7965503,1.0,B09G3MBH6V
umap,5000,2676,11.9820795,4.202252,4.0,B07N8VFFNS
umap,5000,2677,10.62507,0.3859283,5.0,B07KXX9168
umap,5000,2678,10.972666,7.216086,5.0,B09QL59Q12
umap,5000,2679,10.452085,0.052401774,5.0,B00MVJYK6S
umap,5000,2680,14.163496,2.6567836,4.0,B00FPG7WX2
umap,5000,2681,10.682577,2.0113723,5.0,B00D38XF6M
umap,5000,2682,6.801431,3.4415705,4.0,B08F1P3BCC
umap,5000,2683,9.7575,2.2170672,5.0,B000YC8NYY
umap,5000,2684,7.4700885,3.182604,5.0,B086LL8V2G
umap,5000,2685,12.947279,6.5396056,4.0,B07M5WCCLH
umap,5000,2686,7.5359697,3.0926206,5.0,B01KBQ6GQ4
umap,5000,2687,12.374374,7.4602494,1.0,B0CC4HBS85
umap,5000,2688,11.277693,-0.6621453,5.0,B08C2P9RTY
umap,5000,2689,9.840079,0.6009755,2.0,B0BXRJKJDZ
umap,5000,2690,6.2589087,2.9485106,5.0,B0071369KE
umap,5000,2691,6.1568656,3.2849338,5.0,B0B37TV4WJ
umap,5000,2692,9.800059,1.4517252,5.0,B07HZLHPKP
umap,5000,2693,10.086378,-1.5238596,5.0,B071L978GM
umap,5000,2694,8.736137,-2.181353,5.0,B001B077PO
umap,5000,2695,8.738816,-2.1984448,5.0,B077Q9DVXJ
umap,5000,2696,9.782617,1.5151961,5.0,B001MXQRN8
umap,5000,2697,8.736756,-2.1879334,5.0,B01AUR77FI
umap,5000,2698,9.240129,-0.2096217,5.0,B000001OM5
umap,5000,2699,12.743213,6.487041,5.0,B07MHTZQ2V
umap,5000,2700,7.41383,3.0140178,5.0,B07SKFQQ48
umap,5000,2701,9.629587,1.232721,2.0,B0C3GLMP8K
umap,5000,2702,13.600507,0.8889983,5.0,B07Y89KHBJ
umap,5000,2703,9.562489,-0.16343507,5.0,B07Z3BKFQW
umap,5000,2704,11.940215,7.771824,4.0,B0CCRNKX6X
umap,5000,2705,10.580242,-0.26636857,5.0,B09KWWZ67B
umap,5000,2706,13.410345,0.029875237,5.0,B08PZ94XG9
umap,5000,2707,10.700461,0.779858,5.0,B09HJZPSFC
umap,5000,2708,11.296937,-0.7009397,2.0,B0B9N65HF4
umap,5000,2709,10.104325,-1.1030962,5.0,B07QPTYSPP
umap,5000,2710,9.8666525,2.5367296,5.0,B0791TX5P5
umap,5000,2711,8.105392,4.486759,4.0,B085DXH843
umap,5000,2712,8.968466,1.305798,5.0,B07P5GCV4R
umap,5000,2713,11.656387,7.270933,5.0,B0BGS23YKX
umap,5000,2714,9.804417,5.7561836,4.0,B094XQ4HKT
umap,5000,2715,9.387304,0.76946306,5.0,B0018MEZK0
umap,5000,2716,9.334218,0.8631352,2.0,B001TOD7MO
umap,5000,2717,9.307724,0.6954004,5.0,B00KALCGUG
umap,5000,2718,9.601141,0.14939068,5.0,B000F6MOQM
umap,5000,2719,12.251108,4.3512573,5.0,B00KFNMHQ2
umap,5000,2720,9.545613,-0.09577507,4.0,B00CHCGRH4
umap,5000,2721,9.670716,1.2230263,4.0,B008I640QS
umap,5000,2722,6.6324,3.237731,2.0,B004MCJBJI
umap,5000,2723,12.216938,4.306139,5.0,B001BXS4LW
umap,5000,2724,9.501615,0.04315658,5.0,B000QKKAOU
umap,5000,2725,9.593475,-0.08250383,5.0,B094QJN15X
umap,5000,2726,12.752566,3.348657,5.0,B09R9133PG
umap,5000,2727,6.0084834,0.2866856,1.0,B09QLYHV6F
umap,5000,2728,12.740348,-0.35512093,4.0,B086Q4XT9Q
umap,5000,2729,13.087433,4.761016,2.0,B003WGJYCY
umap,5000,2730,12.20248,0.9815743,5.0,B07JBTD7NG
umap,5000,2731,13.335176,0.3171528,5.0,B088ZD69V9
umap,5000,2732,9.904996,0.40133524,5.0,B0002J1WTC
umap,5000,2733,11.26903,2.4187558,5.0,B01MQVXHUM
umap,5000,2734,13.309741,-0.3697763,4.0,B07CKP2CKV
umap,5000,2735,13.315006,4.5792193,5.0,B0046RDQGS
umap,5000,2736,13.78743,0.38153526,3.0,B006OU6IBA
umap,5000,2737,12.624258,1.9353582,5.0,B083P6GZXR
umap,5000,2738,9.821363,5.7274327,5.0,B07GZFM1ZM
umap,5000,2739,8.785787,-0.37026605,5.0,B0791TX5P5
umap,5000,2740,8.886982,-2.157756,5.0,B07VRPLTL3
umap,5000,2741,13.02694,-0.18266761,5.0,B00FB50SBU
umap,5000,2742,7.727288,0.61852366,4.0,B0BDH3VXRQ
umap,5000,2743,9.378119,1.5643741,5.0,B07FKYHTWP
umap,5000,2744,10.9861765,1.3695492,5.0,B07N8VFFNS
umap,5000,2745,8.144397,0.6980048,5.0,B00N5828GS
umap,5000,2746,10.018876,1.6655676,4.0,B01J94SWWU
umap,5000,2747,9.020734,0.9984215,5.0,B007T356BO
umap,5000,2748,12.9330015,6.7524934,5.0,B01J2G4VBG
umap,5000,2749,8.926795,-2.1646698,5.0,B00OQVZDJM
umap,5000,2750,6.03392,2.8301592,4.0,B0BZVGQ1M3
umap,5000,2751,13.428439,3.1075811,3.0,B00Z7Y7WRI
umap,5000,2752,11.187885,3.6845648,3.0,B001P05OFU
umap,5000,2753,11.990161,-0.16595496,3.0,B07ZPPZYTS
umap,5000,2754,6.3139,3.0881863,5.0,B08XPWDSWW
umap,5000,2755,12.927781,1.4187744,5.0,B071R4R5B8
umap,5000,2756,8.830072,0.9392793,1.0,B0BZJZKYST
umap,5000,2757,13.830952,0.82673347,2.0,B0919SHYMH
umap,5000,2758,13.593186,1.4757375,3.0,B07QYL62CZ
umap,5000,2759,13.171228,3.2710927,5.0,B0051VVOB2
umap,5000,2760,9.052433,0.821787,1.0,B09XYMSZLL
umap,5000,2761,10.842356,5.1981497,1.0,B00NH13YHK
umap,5000,2762,6.7180195,2.9978716,5.0,B002RB3DUE
umap,5000,2763,13.044838,7.1533976,5.0,B000GKD5PQ
umap,5000,2764,5.238202,0.12332889,5.0,B087Z5WDJ2
umap,5000,2765,12.22143,6.0352335,5.0,B08H1VGMCT
umap,5000,2766,13.274193,4.895649,2.0,B0BCFFR6TD
umap,5000,2767,12.918219,3.8695,5.0,B09277SKTV
umap,5000,2768,5.2948713,0.12808888,5.0,B003NR57BY
umap,5000,2769,12.804674,0.754248,5.0,B00009R8WQ
umap,5000,2770,13.327326,4.478644,2.0,B09VS4V18K
umap,5000,2771,8.293116,4.681459,5.0,B07V48GCZ7
umap,5000,2772,12.296729,6.008359,5.0,B07GSQR6D4
umap,5000,2773,10.397395,4.4426703,5.0,B004WEP94C
umap,5000,2774,7.8157954,4.0575047,5.0,B074F246M9
umap,5000,2775,12.792931,4.8373857,5.0,B00LZSA736
umap,5000,2776,7.2130194,4.696176,1.0,B08ZDF3WT3
umap,5000,2777,6.960173,3.0682697,5.0,B01C6ESQM6
umap,5000,2778,11.601576,1.675884,2.0,B0C5LYQL9L
umap,5000,2779,12.9111805,3.9758096,5.0,B015YEI8JG
umap,5000,2780,13.348382,4.192266,5.0,B01NC0XJQW
umap,5000,2781,12.698858,4.837068,5.0,B00G6E6YVI
umap,5000,2782,12.802887,0.8350217,5.0,B00J63LFTW
umap,5000,2783,12.6567545,4.441588,5.0,B003O3E588
umap,5000,2784,7.880918,4.1197915,5.0,B06XYGK2NZ
umap,5000,2785,6.294811,4.327698,2.0,B014W3EJA2
umap,5000,2786,12.604456,4.6887064,5.0,B00E5TQ3OY
umap,5000,2787,13.414568,4.743803,5.0,B00KT7DOSE
umap,5000,2788,13.398385,4.275543,5.0,B018AX3OHO
umap,5000,2789,13.424203,1.213478,4.0,B0792GSLTF
umap,5000,2790,11.659432,1.7545062,4.0,B0083UXMFO
umap,5000,2791,10.667299,7.095069,3.0,B005JBWX46
umap,5000,2792,10.180885,6.7972426,5.0,B00108UNEY
umap,5000,2793,5.203351,0.10315049,5.0,B003NR57BY
umap,5000,2794,12.933217,3.5400481,4.0,B00BCHHZGW
umap,5000,2795,11.143336,7.184892,4.0,B07BN3MLNR
umap,5000,2796,9.432134,3.4228752,2.0,B005DIBHCE
umap,5000,2797,6.093546,3.3526237,5.0,B07CQMZVZ6
umap,5000,2798,10.983563,6.9036818,5.0,B07D1XGQHJ
umap,5000,2799,10.911821,6.93098,5.0,B0019EHU8G
umap,5000,2800,12.881768,3.8134494,5.0,B0051E3BYM
umap,5000,2801,13.489405,4.4138994,4.0,B00DI12GSM
umap,5000,2802,13.071012,3.336566,5.0,B004I1J80K
umap,5000,2803,9.724008,4.750981,5.0,B000N815XU
umap,5000,2804,11.652921,1.8102342,5.0,B0B2KFXVGS
umap,5000,2805,11.00813,7.1542425,5.0,B01F9RGWF0
umap,5000,2806,11.4666815,5.7136884,5.0,B07CHJ1SLT
umap,5000,2807,11.645456,0.12610292,2.0,B01MTYGQ11
umap,5000,2808,10.705828,3.6951575,5.0,B08BDRBYHC
umap,5000,2809,9.692149,2.3507018,5.0,B0C5YKWC5N
umap,5000,2810,11.305613,0.7715898,5.0,B08D8KG472
umap,5000,2811,10.086794,-1.5803484,5.0,B07Q39HCK1
umap,5000,2812,7.1670055,3.88176,5.0,B09WWG19YS
umap,5000,2813,13.118239,3.7982032,5.0,B009AEYBYI
umap,5000,2814,12.884249,-0.5370027,5.0,B01E3TOP5Y
umap,5000,2815,11.080337,3.3876457,5.0,B07K7GQTSB
umap,5000,2816,12.507511,1.5875721,5.0,B08XYKH44H
umap,5000,2817,10.078417,2.0458782,5.0,B01M4NU4OM
umap,5000,2818,10.462513,4.3657527,5.0,B00EO96W2I
umap,5000,2819,8.637429,0.81677395,5.0,B00SO25G0K
umap,5000,2820,9.681463,1.0090418,5.0,B07GRWNQ4M
umap,5000,2821,11.204101,-0.24250658,3.0,B08Y85SYG4
umap,5000,2822,8.881234,0.913458,5.0,B00QUG4XL0
umap,5000,2823,9.625195,-0.583595,5.0,B07P374FF3
umap,5000,2824,13.657059,0.94008714,5.0,B07YZ7SQKL
umap,5000,2825,9.3806,5.389083,5.0,B08F9ZCTCL
umap,5000,2826,5.8127613,3.1316035,3.0,B0BL78QGLK
umap,5000,2827,5.7816973,3.3723598,5.0,B07NXDPLJ9
umap,5000,2828,12.903695,-0.7051003,5.0,B07TVWZM5B
umap,5000,2829,10.967755,3.604052,3.0,B07Q5R22DV
umap,5000,2830,5.309902,3.9704223,5.0,B089B4CFSC
umap,5000,2831,6.0014815,3.3827784,4.0,B09JQMJHXY
umap,5000,2832,9.727211,0.096903495,5.0,B09KXJBNGN
umap,5000,2833,8.247944,4.614309,5.0,B0BJQ8TH85
umap,5000,2834,13.186577,4.611863,5.0,B01N5XPZ49
umap,5000,2835,5.9401507,4.1524463,2.0,B07X3WB7D8
umap,5000,2836,9.869807,-0.3259548,5.0,B07ZZVX1F2
umap,5000,2837,5.6545014,3.3442428,5.0,B08K2S5B88
umap,5000,2838,8.073818,0.7664204,4.0,B005EVDRZA
umap,5000,2839,8.322103,-1.0133744,4.0,B08ZSBSJHY
umap,5000,2840,13.2181225,6.218156,3.0,B005GYK6MW
umap,5000,2841,13.052283,6.6204853,5.0,B07YZPVQXT
umap,5000,2842,5.9207206,3.2894824,5.0,B09BYXSPTP
umap,5000,2843,9.312973,1.3353342,5.0,B0BJPV4RXY
umap,5000,2844,13.417249,3.1098216,1.0,B07CTX3KWG
umap,5000,2845,6.274629,3.4330277,5.0,B09F3RBZB6
umap,5000,2846,10.137492,4.902971,5.0,B09Q7YPZPJ
umap,5000,2847,11.166255,3.6602633,5.0,B08RLW7918
umap,5000,2848,11.411555,1.8679527,4.0,B0BL3B12HK
umap,5000,2849,11.57514,0.9203404,1.0,B00DR0BOSC
umap,5000,2850,9.656203,0.74842876,5.0,B09TZKM847
umap,5000,2851,13.631923,0.928804,3.0,B071XCBTY9
umap,5000,2852,7.257604,4.1676245,3.0,B00FGUSHSQ
umap,5000,2853,11.401965,3.682774,1.0,B07324B77V
umap,5000,2854,12.233829,2.0708914,5.0,B08GKLM5T1
umap,5000,2855,8.956567,3.9121802,3.0,B083Y4S579
umap,5000,2856,12.43364,7.2378707,5.0,B0BPHRQH8B
umap,5000,2857,6.354729,6.629335,5.0,B09SKP8XQN
umap,5000,2858,13.288849,0.54648036,5.0,B09WDCQ4TG
umap,5000,2859,12.994643,-0.7677564,4.0,B0B99KN5PN
umap,5000,2860,12.754666,6.6498437,3.0,B08TRLHMGV
umap,5000,2861,13.724642,0.8663645,5.0,B07X6SKXQG
umap,5000,2862,9.613844,-1.2628334,5.0,B01BL7C5R6
umap,5000,2863,11.184029,6.855577,5.0,B082M34LGX
umap,5000,2864,13.244658,6.287155,5.0,B01DZZM7KM
umap,5000,2865,7.606954,5.6556416,5.0,B0792K2BK6
umap,5000,2866,9.75728,5.7252,5.0,B07GZFM1ZM
umap,5000,2867,8.324034,-1.8213122,5.0,B00CX5P8FC
umap,5000,2868,9.187506,5.5562987,5.0,B007JPCL88
umap,5000,2869,11.227358,0.45625868,4.0,B009XE050O
umap,5000,2870,11.022087,1.2710441,3.0,B073R6HLFL
umap,5000,2871,7.3446584,2.830749,5.0,B004TU5MCS
umap,5000,2872,10.214174,1.676426,5.0,B07ZQHT7YJ
umap,5000,2873,7.8637996,0.5566881,5.0,B08KRC18S8
umap,5000,2874,9.478329,3.2829843,5.0,B06XCBK7WB
umap,5000,2875,11.307912,2.410922,5.0,B01B6FBG0K
umap,5000,2876,7.429047,4.3867483,1.0,B01M3ULMWP
umap,5000,2877,13.425088,0.3198033,5.0,B07YXTTD61
umap,5000,2878,8.920922,-2.1391363,5.0,B07W36WN5X
umap,5000,2879,9.920608,1.8599429,5.0,B08GZ7N6M6
umap,5000,2880,9.462531,2.6817331,5.0,B07KQ2TLXF
umap,5000,2881,13.156496,0.70636046,1.0,B0B6D5X24N
umap,5000,2882,9.134639,1.5601966,1.0,B094G3PS2W
umap,5000,2883,6.092105,0.013553239,4.0,B0C65PM6LG
umap,5000,2884,13.358561,5.997795,4.0,B077C6VSS1
umap,5000,2885,11.031165,7.7906237,5.0,B00XWIX5MW
umap,5000,2886,12.517105,1.9324898,4.0,B00G8MMQI8
umap,5000,2887,6.0345316,0.047773447,2.0,B001E25JMM
umap,5000,2888,9.726591,-0.64102346,5.0,B06XF6BJ3L
umap,5000,2889,11.311526,-0.662662,5.0,B07NP2DPP7
umap,5000,2890,11.233636,-0.38177213,5.0,B06XKF5CM9
umap,5000,2891,12.361995,4.6087875,3.0,B00YLM3WB2
umap,5000,2892,11.408779,7.684235,2.0,B00821B9B8
umap,5000,2893,10.252351,0.68349737,5.0,B01HZ7FJ0G
umap,5000,2894,13.6890135,1.0382495,5.0,B09JSS2WYC
umap,5000,2895,7.4838333,3.4962952,5.0,B094YFRL85
umap,5000,2896,9.610745,6.563706,3.0,B084PCDJT5
umap,5000,2897,7.3694882,3.8591664,5.0,B01HB18J0I
umap,5000,2898,5.4531984,3.4174173,3.0,B01C423L5M
umap,5000,2899,7.3155684,2.7403479,5.0,B0110RZ0A6
umap,5000,2900,12.0551405,2.229015,3.0,B001F42MKG
umap,5000,2901,12.098836,2.0004866,3.0,B00A3EIHQC
umap,5000,2902,13.034997,-0.66543853,5.0,B07KX1668K
umap,5000,2903,12.133772,0.8865387,3.0,B01HUMI33Q
umap,5000,2904,13.445456,-0.21299458,3.0,B01GC6MOOA
umap,5000,2905,13.5067,2.911407,3.0,B07KS9K73R
umap,5000,2906,9.973004,4.687542,2.0,B001TUYTWA
umap,5000,2907,13.872863,1.56558,5.0,B01LXL7BUI
umap,5000,2908,12.116212,7.081151,1.0,B0C9DBV55F
umap,5000,2909,11.234868,7.055042,1.0,B076JL8YH3
umap,5000,2910,5.6095695,3.614076,4.0,B094Z5DQJ5
umap,5000,2911,5.4925723,3.585351,4.0,B0BWYJDBYQ
umap,5000,2912,8.525047,5.875752,3.0,B01CW4AR9K
umap,5000,2913,12.326076,1.044666,5.0,B01LXG2LJQ
umap,5000,2914,8.326552,-1.0113539,5.0,B079SCW1X8
umap,5000,2915,10.375316,3.8591037,1.0,B0864SF4GC
umap,5000,2916,6.945512,5.928968,1.0,B0B39F2QC6
umap,5000,2917,9.051865,0.41109377,1.0,B07QC4WTNC
umap,5000,2918,9.171737,1.6646063,1.0,B07RQ3SWKY
umap,5000,2919,11.528867,7.016899,1.0,B0BTT1Z16D
umap,5000,2920,5.5705533,3.698767,1.0,B08XPWDSWW
umap,5000,2921,9.663143,-0.5546308,5.0,B08ZXR6BB2
umap,5000,2922,8.962309,1.6128651,1.0,B07W14ZBWP
umap,5000,2923,9.096879,5.009381,1.0,B07Y84NDYQ
umap,5000,2924,9.196074,1.4465698,1.0,B073HR91MX
umap,5000,2925,10.040671,-0.55837506,1.0,B01MZG8DHI
umap,5000,2926,10.141275,0.98847103,1.0,B07RN77YL6
umap,5000,2927,9.212668,1.4465472,1.0,B07SKFQQ48
umap,5000,2928,12.662483,6.72488,5.0,B07S8NFZCX
umap,5000,2929,7.6976724,5.968537,1.0,B07GZFM1ZM
umap,5000,2930,7.6049304,3.1073027,1.0,B07456BG8N
umap,5000,2931,10.6472025,0.8664133,1.0,B01MTOSEFH
umap,5000,2932,8.809932,1.5784507,1.0,B010UR6JUM
umap,5000,2933,12.373431,7.3322678,1.0,B01KSTSV76
umap,5000,2934,9.065711,1.3627379,1.0,B00KOHS6UK
umap,5000,2935,10.711254,1.0403762,1.0,B00B0ZAPK4
umap,5000,2936,9.103227,4.9863987,1.0,B0105UYPJ6
umap,5000,2937,12.876725,0.72616905,2.0,B07GK3LQVC
umap,5000,2938,9.233028,6.864026,1.0,B00MI7JU72
umap,5000,2939,11.276612,3.890246,1.0,B01M05OZJT
umap,5000,2940,9.281682,1.3931395,1.0,B015E3FRY6
umap,5000,2941,11.888869,4.362701,1.0,B00ZVJAF9G
umap,5000,2942,9.02989,1.3799522,5.0,B00E362W9O
umap,5000,2943,8.598942,2.7348378,1.0,B0090BTY8Y
umap,5000,2944,13.031635,7.6547112,5.0,B092DD5L2V
umap,5000,2945,9.605288,5.327042,5.0,B075X8471B
umap,5000,2946,6.1431513,2.8339307,5.0,B08V47HYBW
umap,5000,2947,12.878002,3.3723476,5.0,B01K1IO3QW
umap,5000,2948,10.726933,2.7891843,5.0,B00OQVZDJM
umap,5000,2949,11.240417,5.557359,5.0,B005FUKLHM
umap,5000,2950,9.0251045,3.8245075,5.0,B000MXWSYQ
umap,5000,2951,6.4507723,3.2625096,5.0,B0097BEEF0
umap,5000,2952,10.331409,-0.39786592,5.0,B097QW23XR
umap,5000,2953,9.828193,2.6197205,5.0,B0BRP2V3P1
umap,5000,2954,12.118459,7.4933825,5.0,B0BNL1V25R
umap,5000,2955,12.433121,1.8107303,1.0,B0BJVBTZ4K
umap,5000,2956,11.80758,7.526578,5.0,B0B55P1FXW
umap,5000,2957,11.845574,7.5555143,5.0,B01FJCSOGK
umap,5000,2958,11.934565,7.049129,5.0,B09L75PVXT
umap,5000,2959,12.403406,7.2521305,5.0,B0B49LT7BT
umap,5000,2960,11.933849,7.3922424,5.0,B0BGB66N4G
umap,5000,2961,13.922168,0.86464196,5.0,B094X7HC69
umap,5000,2962,11.892709,6.859408,5.0,B088KDKNWM
umap,5000,2963,9.697491,4.744857,5.0,B0846MH1CJ
umap,5000,2964,5.723347,2.975228,5.0,B07X5NM5BP
umap,5000,2965,12.470852,1.9987077,5.0,B07ZWTMNDP
umap,5000,2966,7.204169,3.9794257,1.0,B07X23N387
umap,5000,2967,12.746397,2.0755212,4.0,B07T64VJQT
umap,5000,2968,8.8792925,3.8615193,5.0,B07DQQPF1T
umap,5000,2969,6.204044,4.3059635,5.0,B07JD4C1LS
umap,5000,2970,12.289826,5.687454,5.0,B07GJPFR6L
umap,5000,2971,11.714614,2.5929954,5.0,B07JVN1MSN
umap,5000,2972,5.119201,-0.01125941,5.0,B0BC2STR39
umap,5000,2973,11.745773,2.6726308,4.0,B07HQ9GCMY
umap,5000,2974,7.080553,4.1577444,5.0,B071HN7FB4
umap,5000,2975,7.0621023,3.605761,4.0,B0783QYFK2
umap,5000,2976,7.48133,3.757223,5.0,B06XFTNSCT
umap,5000,2977,7.1112146,4.175197,4.0,B06XF9DTSJ
umap,5000,2978,13.225792,-0.7140945,5.0,B071W8TY6H
umap,5000,2979,9.686644,3.7006776,5.0,B0754KJQZ4
umap,5000,2980,6.0598693,3.6149213,5.0,B09TWYBW14
umap,5000,2981,13.045455,-0.6470884,4.0,B083G9MW65
umap,5000,2982,12.912826,3.4182055,5.0,B06WD61CF5
umap,5000,2983,11.309287,2.4045222,5.0,B01JNKT0RG
umap,5000,2984,13.560886,3.1597056,4.0,B01GE9R0J4
umap,5000,2985,10.712797,2.9738288,5.0,B0B1S5LBRQ
umap,5000,2986,12.5114565,3.882841,5.0,B01F3R9DP2
umap,5000,2987,5.8662086,4.057789,3.0,B01H7HQ71E
umap,5000,2988,6.1871758,3.720853,3.0,B011A49BYA
umap,5000,2989,5.1136217,-0.012132563,4.0,B01AZC3RCK
umap,5000,2990,12.55942,3.6730788,3.0,B015XK1O6K
umap,5000,2991,10.379842,4.498028,4.0,B017AED6TA
umap,5000,2992,10.053186,7.665345,2.0,B013SKI49W
umap,5000,2993,5.9081826,3.3435137,3.0,B00FO0IHMY
umap,5000,2994,9.631371,6.9595275,2.0,B00BK0YRZS
umap,5000,2995,13.81377,0.8792786,5.0,B00NWE9ZNE
umap,5000,2996,11.025222,3.26968,4.0,B00CF7M7RA
umap,5000,2997,13.866311,0.8878067,4.0,B00JAZGUBE
umap,5000,2998,13.919978,0.9077116,5.0,B008HY8XTG
umap,5000,2999,13.833538,0.84514517,3.0,B002L6NG0W
umap,5000,3000,12.946157,0.15981792,5.0,B005X64OT4
umap,5000,3001,6.5604653,3.963016,4.0,B0042X8XJ6
umap,5000,3002,8.428613,4.315981,4.0,B002RL8J8K
umap,5000,3003,9.651648,5.139057,5.0,B089B6LTLV
umap,5000,3004,13.765091,1.3550755,5.0,B08LD5BTLJ
umap,5000,3005,12.587292,-0.75482404,4.0,B07R8C7LS1
umap,5000,3006,12.5918865,6.5195036,2.0,B0BVY4JVNG
umap,5000,3007,9.789462,5.7740364,5.0,B07GWGGZLQ
umap,5000,3008,9.853687,-0.5486207,5.0,B075ZQXB26
umap,5000,3009,9.784921,5.7556686,5.0,B07GZFM1ZM
umap,5000,3010,11.296169,4.994791,5.0,B07P5GM4Z2
umap,5000,3011,9.766174,-0.4295014,5.0,B07PC1DGYY
umap,5000,3012,10.2823515,1.0946563,5.0,B00KCZSLHC
umap,5000,3013,12.695475,-0.654476,5.0,B01JOOM9GK
umap,5000,3014,5.950813,3.8929749,5.0,B00009W3FR
umap,5000,3015,8.841844,0.65848327,3.0,B07DC4RZPY
umap,5000,3016,12.58245,1.7027875,1.0,B09NVQQCS1
umap,5000,3017,12.436925,7.2922826,5.0,B0BKR7WJK1
umap,5000,3018,6.401671,6.5722785,1.0,B07Q38RQG7
umap,5000,3019,7.9064765,4.629184,4.0,B019Y5OGNS
umap,5000,3020,5.693092,3.0813932,4.0,B00KHA1ZTS
umap,5000,3021,6.0637426,0.057426047,5.0,B002C03AIA
umap,5000,3022,13.521135,1.6419361,4.0,B004PBLR3O
umap,5000,3023,10.601155,2.9248245,5.0,B074D5Z4P2
umap,5000,3024,9.253164,3.747258,1.0,B0002Q7I2U
umap,5000,3025,13.700302,1.3475453,5.0,B008GGH4FY
umap,5000,3026,14.173701,2.6626804,5.0,B006GWO5WK
umap,5000,3027,9.995555,2.1498778,5.0,B009D7BJR4
umap,5000,3028,12.950753,-0.54430526,5.0,B0BZHJFFQ5
umap,5000,3029,11.616928,0.48490772,5.0,B08VHZDMYC
umap,5000,3030,12.245576,0.071363546,5.0,B06ZZY4VNW
umap,5000,3031,13.640932,3.0611925,5.0,1400501466
umap,5000,3032,11.534987,3.0086267,4.0,B0BGP6X9NF
umap,5000,3033,13.029189,-0.21504198,5.0,B07DPDT6LC
umap,5000,3034,8.983406,4.9607615,5.0,B0B285L64J
umap,5000,3035,11.661065,7.923722,5.0,B00IQXZXSW
umap,5000,3036,10.867502,0.92717636,3.0,B00S5BNIX2
umap,5000,3037,8.218635,4.6049867,5.0,B00CO07C5U
umap,5000,3038,13.434135,4.7678466,5.0,B00AA9Q94C
umap,5000,3039,6.9689083,4.62512,3.0,B006C13X4Q
umap,5000,3040,10.299819,1.767208,5.0,B09PN77YZV
umap,5000,3041,13.112107,6.351509,5.0,B000GABK8K
umap,5000,3042,7.1244745,2.8930511,5.0,B086ND88S1
umap,5000,3043,7.1425505,3.4924395,3.0,B079GPYJ3N
umap,5000,3044,10.443844,0.694837,2.0,B07JPC1M9H
umap,5000,3045,10.418848,0.042561408,5.0,B07C64MGWQ
umap,5000,3046,9.334967,0.0038497676,5.0,B07QQBVRVS
umap,5000,3047,7.360024,3.023342,4.0,B07D4734HR
umap,5000,3048,7.4330306,2.8819532,5.0,B07CT1X8V8
umap,5000,3049,8.148687,0.5462118,5.0,B07DNZZCPX
umap,5000,3050,10.093038,-1.2060776,4.0,B07G5YXYFL
umap,5000,3051,7.8280926,0.77873147,5.0,B001W26TIW
umap,5000,3052,9.518215,2.4302409,5.0,B07DQF8LHL
umap,5000,3053,9.676983,1.6311219,2.0,B07FJGGWJL
umap,5000,3054,7.3678293,3.537172,4.0,B01HL8LXQ8
umap,5000,3055,7.6969566,0.6217031,5.0,B07DNSZPXG
umap,5000,3056,9.745197,0.79326284,5.0,B07TM7WR7G
umap,5000,3057,10.551066,0.8559647,5.0,B07M93Z1NT
umap,5000,3058,10.563771,0.2904882,5.0,B07MV5B9XC
umap,5000,3059,10.951924,7.217271,5.0,B07CHLYDJP
umap,5000,3060,10.705714,1.0629379,2.0,B07KHZ3GMS
umap,5000,3061,11.010538,1.2431374,2.0,B0C19LF9N1
umap,5000,3062,7.202519,2.9648166,5.0,B01NAYSJZP
umap,5000,3063,9.710434,4.890652,5.0,B079TSTB5V
umap,5000,3064,13.877308,0.8566522,1.0,B09NKWBQHD
umap,5000,3065,9.272008,0.7530419,5.0,B01DRV2AS8
umap,5000,3066,8.3029375,-2.0650911,5.0,B00FZ1ABQM
umap,5000,3067,10.062133,-1.521649,5.0,B00F5JV4NS
umap,5000,3068,9.281185,-0.08600348,5.0,B071K5BQPF
umap,5000,3069,9.522322,2.703066,5.0,B0791TX5P5
umap,5000,3070,8.341303,0.43160123,4.0,B07G4B7RKG
umap,5000,3071,10.444909,1.0464585,3.0,B0B4274T5Q
umap,5000,3072,11.009845,3.963571,1.0,B08F6GPRH6
umap,5000,3073,11.422247,4.32459,2.0,B0C58WY192
umap,5000,3074,11.434303,4.231776,2.0,B0C2P8Y25Y
umap,5000,3075,13.4254,4.347319,3.0,B01K9HS4Q0
umap,5000,3076,11.002941,4.16662,3.0,B01C8BZGKW
umap,5000,3077,11.28173,3.6247246,4.0,B001T9NVJI
umap,5000,3078,7.3670087,2.7185173,5.0,B00WUQ91YI
umap,5000,3079,10.15213,1.1463392,5.0,B00WUR607I
umap,5000,3080,9.244868,0.6565051,4.0,B005NAQU1A
umap,5000,3081,12.081836,6.3360014,1.0,B001PUSERA
umap,5000,3082,7.6262126,5.590123,5.0,B07S9THRC5
umap,5000,3083,12.936463,7.7603345,5.0,B0BX8DMYWL
umap,5000,3084,7.679636,5.9014473,5.0,B07H65KP63
umap,5000,3085,11.836056,7.4813604,5.0,B0BC86L9C1
umap,5000,3086,8.551054,3.0512843,5.0,B0BVB9MRK1
umap,5000,3087,8.080377,3.3879378,2.0,B071GQM5VF
umap,5000,3088,9.589176,1.9776497,5.0,B01K8B8YA8
umap,5000,3089,9.988605,1.8871467,5.0,B0B4SWZTZ1
umap,5000,3090,9.065754,2.1693802,5.0,B07CLBNM1C
umap,5000,3091,11.3745775,6.8779454,3.0,B09PFQ4H5T
umap,5000,3092,10.957495,5.4946966,5.0,B092PWBV1D
umap,5000,3093,12.494239,2.2507029,5.0,B0C5XFWQ16
umap,5000,3094,12.431657,2.3121457,5.0,B09TND753D
umap,5000,3095,13.096475,0.9514279,5.0,B07QG7FS3S
umap,5000,3096,12.213699,2.479219,5.0,B07T3KCQ94
umap,5000,3097,8.469205,5.9673157,3.0,B08FC1KJ8Z
umap,5000,3098,12.742527,6.567019,5.0,B09G2SFXSZ
umap,5000,3099,5.251893,4.0205307,5.0,B08D8PC712
umap,5000,3100,8.526997,1.5610385,5.0,B07RR5WZCR
umap,5000,3101,12.729096,3.7241125,5.0,B0BC89JP1P
umap,5000,3102,12.331678,7.6220837,5.0,B017LSIXDE
umap,5000,3103,7.0236845,2.9313471,5.0,B0B59QBY9G
umap,5000,3104,7.8386903,5.8181868,5.0,B01A0MTS3W
umap,5000,3105,10.610385,3.842409,5.0,B08MRTZWJ5
umap,5000,3106,6.907446,3.2451675,5.0,B07GLXY253
umap,5000,3107,6.8824105,3.3418539,5.0,B07H3W1FD8
umap,5000,3108,7.1958413,3.8276646,5.0,B075K7JXFQ
umap,5000,3109,9.277649,1.5661677,5.0,B0B46FYQVX
umap,5000,3110,11.127722,7.1657543,5.0,B07799Z6F4
umap,5000,3111,10.896191,3.9980762,5.0,B006WG5628
umap,5000,3112,10.848723,7.263649,5.0,B074W4N5HZ
umap,5000,3113,14.018811,2.548717,5.0,B08X2DCF2B
umap,5000,3114,7.4383507,2.8038192,5.0,B01L3YMW8O
umap,5000,3115,5.8731165,6.937826,5.0,B00ZN07GBS
umap,5000,3116,10.540942,0.4606266,5.0,B00UBNCLGC
umap,5000,3117,8.878147,2.1930375,5.0,B00MW5Y7F0
umap,5000,3118,9.863995,0.12343491,5.0,B08MV8WRJZ
umap,5000,3119,7.9827056,-1.5772269,5.0,B01K5W753C
umap,5000,3120,6.635253,6.3588243,1.0,B075QC3TZY
umap,5000,3121,12.16757,7.104163,2.0,B071JN93MK
umap,5000,3122,10.829205,0.29572666,5.0,B08YMVB98D
umap,5000,3123,13.233266,1.1674583,5.0,B0765VCQF1
umap,5000,3124,10.4005575,0.31165496,5.0,B089F9YDFC
umap,5000,3125,8.801023,0.6836133,5.0,B08KZ1TZYB
umap,5000,3126,10.7296095,4.5252523,2.0,B08N5DB78L
umap,5000,3127,9.558793,-0.8838958,5.0,B0BWQ2D1YL
umap,5000,3128,9.552801,-0.90835637,5.0,B0BWVDRR6L
umap,5000,3129,9.493475,-0.8170998,5.0,B07CLBNM1C
umap,5000,3130,6.2504253,3.9792066,5.0,B0BM8P66Y5
umap,5000,3131,9.626546,0.0003145228,5.0,B000WBN7KW
umap,5000,3132,9.624189,-0.01326446,5.0,B0B6D4W3R7
umap,5000,3133,9.619141,-0.7325749,5.0,B08HVMVP91
umap,5000,3134,12.104745,7.1551623,1.0,B08VWZRB92
umap,5000,3135,10.967006,0.8859663,5.0,B0722RV8BD
umap,5000,3136,7.05036,3.4455118,4.0,B00HEGP40E
umap,5000,3137,13.343777,4.5711207,5.0,B008422IL0
umap,5000,3138,12.62753,4.195189,4.0,B002YK5OX2
umap,5000,3139,13.189297,6.023006,5.0,B000UXDHNY
umap,5000,3140,7.0507035,3.4422667,1.0,B0BRKGDT42
umap,5000,3141,12.344472,-0.012209504,5.0,B0933BVK6T
umap,5000,3142,9.848072,5.7777476,5.0,B0C3NMZ2C7
umap,5000,3143,13.799298,0.8328045,5.0,B08HGHSZ8N
umap,5000,3144,8.364028,3.95939,1.0,B092LS2DW9
umap,5000,3145,10.841957,2.7391431,5.0,B0B751K1LV
umap,5000,3146,13.6890955,1.4550022,5.0,B09W8XTYK3
umap,5000,3147,5.8097777,6.968435,5.0,B01N0QQ962
umap,5000,3148,7.6859136,3.991744,2.0,B08YF1VBYD
umap,5000,3149,8.288395,3.189814,5.0,B07WNGQ8KR
umap,5000,3150,10.957989,0.97555465,5.0,B01ITOFEX6
umap,5000,3151,8.77328,5.9636846,4.0,B01BEWBQDM
umap,5000,3152,14.167565,2.6871278,4.0,B01BRWH8G8
umap,5000,3153,14.045307,0.7821672,5.0,B00FJ8JC3O
umap,5000,3154,9.633223,2.0930672,3.0,B00G8B4JXE
umap,5000,3155,9.991747,1.1123116,3.0,B00DR0B31U
umap,5000,3156,9.027159,1.6114748,1.0,B00D7QH9PS
umap,5000,3157,9.5843935,5.23541,4.0,B00BD8SZLE
umap,5000,3158,9.222937,5.019226,4.0,B00E0ITM6G
umap,5000,3159,10.009676,0.36838862,4.0,B07Y69FKM2
umap,5000,3160,10.268568,1.8752909,5.0,B0C3HNDTW1
umap,5000,3161,12.737372,-0.74427056,5.0,B07K3QSBW3
umap,5000,3162,6.9872727,2.8364577,5.0,B076Z6MS5S
umap,5000,3163,13.126202,1.438012,5.0,B07G33WLL1
umap,5000,3164,11.573242,3.0009358,5.0,B082FBHMJV
umap,5000,3165,7.4259386,4.1082773,4.0,B097MBW35T
umap,5000,3166,12.806204,7.716603,5.0,B01LEXSQV6
umap,5000,3167,9.504494,6.975839,5.0,B07RKYQGG4
umap,5000,3168,9.847261,3.07768,4.0,B071V7SV6P
umap,5000,3169,11.036398,3.8832438,1.0,B0C6JPB6N3
umap,5000,3170,12.573878,4.513207,2.0,B07DRX79RY
umap,5000,3171,10.856651,3.361521,5.0,B01B4J8OJ4
umap,5000,3172,9.184627,1.5332505,3.0,B004S55GWK
umap,5000,3173,11.088143,3.8158345,5.0,B0C16WKB95
umap,5000,3174,7.7197146,4.5286937,5.0,B082F13J55
umap,5000,3175,7.3826528,2.9529533,5.0,B07FKFMRGF
umap,5000,3176,10.893026,4.3206377,5.0,B07FZVBRDW
umap,5000,3177,6.423086,6.591646,5.0,B0B76XXRG6
umap,5000,3178,7.409309,3.0184023,5.0,B0BKZQ9MYV
umap,5000,3179,9.57638,0.10513646,5.0,B09ZTXZ1MQ
umap,5000,3180,13.522965,5.955102,4.0,B01LZDH3IR
umap,5000,3181,10.279593,1.5952923,5.0,B0BPG4DHF7
umap,5000,3182,11.958663,7.3742237,5.0,B0C177TK5Y
umap,5000,3183,11.952044,7.382513,5.0,B0C177TK5Y
umap,5000,3184,10.980642,-0.34736085,4.0,B095HVX3Y2
umap,5000,3185,12.188888,-0.10420734,4.0,B09SZNN6Y3
umap,5000,3186,9.428017,7.020792,5.0,B08D6XRT7L
umap,5000,3187,9.915919,0.74531925,5.0,B0B12M535K
umap,5000,3188,12.771266,3.5494506,5.0,B07BD4HTM8
umap,5000,3189,12.170044,7.5988107,5.0,B078N74NXD
umap,5000,3190,12.273197,2.399411,5.0,B076MJW31F
umap,5000,3191,13.76255,0.7828583,4.0,B06ZZGPD4D
umap,5000,3192,5.864798,3.1735418,4.0,B076FBTHMD
umap,5000,3193,5.8887854,3.48008,5.0,B0778PCW73
umap,5000,3194,6.235174,2.924008,5.0,B079MSMRDF
umap,5000,3195,9.433797,3.2814035,5.0,B09BDZ5297
umap,5000,3196,13.984405,1.7722422,5.0,B07RGNMCVM
umap,5000,3197,7.5790696,3.3879173,5.0,B072C77LPK
umap,5000,3198,11.895398,7.7343826,5.0,B09PQQ4LZB
umap,5000,3199,11.826789,6.694929,5.0,B085SGR1TV
umap,5000,3200,11.836865,6.6784444,5.0,B085S9XQ1X
umap,5000,3201,6.815406,4.5124273,5.0,B089VT8KYF
umap,5000,3202,9.235997,5.080033,2.0,B0BV3NWX67
umap,5000,3203,12.093025,6.994262,5.0,B07XS5W3BZ
umap,5000,3204,5.5445266,0.09767667,5.0,B083R5QN26
umap,5000,3205,12.851757,1.6748328,3.0,B08B3NKF9J
umap,5000,3206,9.984788,7.6732235,5.0,B083ZZ96PT
umap,5000,3207,6.913991,6.170889,1.0,B07FCTF698
umap,5000,3208,12.047018,6.059563,3.0,B07V4GJDLN
umap,5000,3209,9.20784,5.0738044,5.0,B07CM5NZRC
umap,5000,3210,13.3891325,4.280016,5.0,B07NQ9Q3QT
umap,5000,3211,13.048844,-0.3039482,5.0,B07ZZ595TG
umap,5000,3212,9.400357,6.9045906,5.0,B0BRT3SCLX
umap,5000,3213,10.778188,6.9732203,5.0,B07QKZX6JS
umap,5000,3214,5.9203877,0.1723858,5.0,B07K72MW7K
umap,5000,3215,13.455655,4.753929,5.0,B07VLPLP27
umap,5000,3216,12.527587,4.395263,5.0,B07P5R2D42
umap,5000,3217,12.542359,4.3796387,5.0,B08Q4PLP1Q
umap,5000,3218,12.714795,4.6127887,5.0,B09GFXT5LQ
umap,5000,3219,14.1468935,0.59479666,3.0,B07WZZXW7D
umap,5000,3220,8.788582,3.9027662,3.0,B07DQYFCXM
umap,5000,3221,11.96991,6.948745,5.0,B07XS83Y6N
umap,5000,3222,13.094702,7.6798935,5.0,B07QKPCWN5
umap,5000,3223,13.036255,-0.27760878,3.0,B07HCCGXZ6
umap,5000,3224,7.630144,5.8625307,5.0,B07MLY3JKV
umap,5000,3225,10.694768,7.169449,5.0,B07STTXY55
umap,5000,3226,12.4090605,4.483072,5.0,B07N7HWP59
umap,5000,3227,12.630214,2.2163086,3.0,B07JHPZ7NY
umap,5000,3228,13.211798,-0.56627554,2.0,B07RPV215N
umap,5000,3229,10.672036,2.9663472,5.0,B07JGSN975
umap,5000,3230,7.7519517,5.996777,5.0,B07KTYJ769
umap,5000,3231,7.5936484,5.845175,3.0,B07FQDMKFT
umap,5000,3232,11.542545,7.1813655,5.0,B07DWD3NNP
umap,5000,3233,11.525035,2.6538694,5.0,B07HP4QYKQ
umap,5000,3234,11.623223,7.3096914,5.0,B07JMFQTC5
umap,5000,3235,10.737758,2.9980323,5.0,B07G3N7M78
umap,5000,3236,11.01495,3.9087443,4.0,B07B1B8W17
umap,5000,3237,10.992184,3.8801699,1.0,B09PZ9MMQY
umap,5000,3238,9.453361,7.140226,3.0,B0762QT7S6
umap,5000,3239,9.164603,5.1029234,5.0,B01DU67QZM
umap,5000,3240,6.8513026,6.15687,4.0,B075QC3TZY
umap,5000,3241,11.313076,4.0987372,5.0,B073VJVS79
umap,5000,3242,9.417498,7.1021,5.0,B06XJNDYX8
umap,5000,3243,13.450358,4.6502523,5.0,B0BVH2C84P
umap,5000,3244,13.456457,4.686101,5.0,B098RJMJTW
umap,5000,3245,9.048163,5.909329,5.0,B07D19HKXB
umap,5000,3246,12.435566,0.19017768,5.0,B078HH3Z92
umap,5000,3247,6.037897,3.8187106,3.0,B076K6QXF5
umap,5000,3248,9.807375,4.6968584,5.0,B07BFTYT32
umap,5000,3249,5.5330787,0.09415112,5.0,B076PMVZMR
umap,5000,3250,12.759944,3.6223402,5.0,B07CY79CKZ
umap,5000,3251,11.990319,5.9600673,5.0,B078JWNK19
umap,5000,3252,6.3821454,4.107709,3.0,B076WTK9T8
umap,5000,3253,13.136143,4.737801,5.0,B01MZC303G
umap,5000,3254,9.400881,7.4142923,5.0,B077HD38VF
umap,5000,3255,11.034026,7.045053,5.0,B078N74NXD
umap,5000,3256,11.900091,6.748475,5.0,B07BWMNQTY
umap,5000,3257,11.106396,3.9008033,3.0,B0B7N8S4T5
umap,5000,3258,7.5881495,5.753781,5.0,B07CJZ5YHS
umap,5000,3259,12.823049,4.444108,5.0,B01DZK3J40
umap,5000,3260,13.903217,0.98182297,5.0,B071QWWPJY
umap,5000,3261,12.9211035,3.7580166,5.0,B084Y41WCL
umap,5000,3262,8.41826,4.2138195,5.0,B0BSDQJCWP
umap,5000,3263,12.859257,1.2181194,5.0,B071FQFSR2
umap,5000,3264,12.311483,2.3624089,5.0,B07F9CQK4V
umap,5000,3265,14.153059,1.4557403,2.0,B00ZTRYG3Q
umap,5000,3266,12.459096,7.0439672,5.0,B01NCUV35P
umap,5000,3267,13.452098,7.2329597,5.0,B06WP2Y7B4
umap,5000,3268,6.3228083,6.5547333,5.0,B00JROCJY0
umap,5000,3269,9.402052,7.5484896,5.0,B01EOQ61KI
umap,5000,3270,6.5188828,6.479031,3.0,B0163JVYEW
umap,5000,3271,7.497789,4.4462814,4.0,B0BG9GCSM4
umap,5000,3272,13.390008,7.255655,5.0,B01HDC21FE
umap,5000,3273,12.111492,5.893984,5.0,B017PDWTJY
umap,5000,3274,11.099144,5.943674,5.0,B07WNYRQPT
umap,5000,3275,11.036675,6.085545,5.0,B01B448PBG
umap,5000,3276,11.0824585,6.079043,5.0,B015OV4Z0A
umap,5000,3277,9.149791,5.068542,5.0,B01KICHFQQ
umap,5000,3278,9.427842,7.173075,5.0,B01GPAOJJG
umap,5000,3279,12.08849,5.9387074,4.0,B01DBOX9HW
umap,5000,3280,7.0534244,5.789548,4.0,B01CEAYWZW
umap,5000,3281,11.194165,5.0268674,5.0,B07LBZNCPW
umap,5000,3282,14.168844,1.57617,3.0,B0182XHSVA
umap,5000,3283,6.418317,6.585288,1.0,B012D4MMPG
umap,5000,3284,11.11298,5.866567,5.0,B082JQM2NZ
umap,5000,3285,11.1245165,5.8556414,5.0,B09J74RPGH
umap,5000,3286,13.733824,0.9039982,5.0,B012VOOCR4
umap,5000,3287,13.356797,4.2044983,5.0,B00ZCFYT5K
umap,5000,3288,12.414644,4.4621267,5.0,B00TKFEPHA
umap,5000,3289,6.1561975,3.6468847,5.0,B00ZBA3OSO
umap,5000,3290,11.837826,0.45494837,5.0,B00R5VS6G2
umap,5000,3291,9.68759,7.300796,5.0,B099RZY28N
umap,5000,3292,11.5923,5.7377586,5.0,B00PAPMSLE
umap,5000,3293,9.403305,7.5536485,5.0,B01EYGOOLQ
umap,5000,3294,9.482773,7.148507,5.0,B00ON7AX3U
umap,5000,3295,12.817551,1.1542664,5.0,B00IU7COAE
umap,5000,3296,14.157276,1.5984094,3.0,B00LNTM2HG
umap,5000,3297,13.110345,3.2712073,5.0,B00NGK92IM
umap,5000,3298,7.1530447,4.2738724,5.0,B01AS57B0I
umap,5000,3299,6.493837,4.2747936,5.0,B00LSYHLR2
umap,5000,3300,12.33255,4.4573517,5.0,B00MBFPT3A
umap,5000,3301,12.806081,7.229266,5.0,B00GV4UIVA
umap,5000,3302,12.841613,1.1565907,5.0,B00FZ9SMVU
umap,5000,3303,13.612988,1.0528734,4.0,B00EL8NIJC
umap,5000,3304,14.16479,1.5961809,4.0,B00DQZT494
umap,5000,3305,12.90793,1.1908977,5.0,B00DQZTS8Q
umap,5000,3306,14.194157,1.5984496,4.0,B00DQZT0AC
umap,5000,3307,9.40087,7.110514,5.0,B00EXK14S0
umap,5000,3308,12.458165,1.0270917,5.0,B071HQ3Z7C
umap,5000,3309,13.387067,4.359341,4.0,B00AQRUW4Q
umap,5000,3310,12.979999,2.0689116,5.0,B006422WSG
umap,5000,3311,14.13937,1.6217462,5.0,B009WZRAQQ
umap,5000,3312,14.21783,1.5780379,5.0,B008MF3OEY
umap,5000,3313,12.89157,1.1601986,5.0,B008LURQ76
umap,5000,3314,14.144011,1.5893062,5.0,B009X0167Y
umap,5000,3315,14.205126,1.5747707,5.0,B009X01C64
umap,5000,3316,13.349965,1.9589423,2.0,B07C3PQHC7
umap,5000,3317,12.235552,7.120793,5.0,B006GWO5WK
umap,5000,3318,13.067308,2.0529277,3.0,B000CKVOOY
umap,5000,3319,14.2025385,0.5707536,5.0,B00G5D6ER4
umap,5000,3320,12.963399,2.0949988,5.0,B006422BWS
umap,5000,3321,14.17379,0.5868692,4.0,B004YIZXEC
umap,5000,3322,14.101051,0.6529277,4.0,B007MD2DJY
umap,5000,3323,12.364705,1.0325255,2.0,B06XKCPK5W
umap,5000,3324,13.673571,6.0022635,5.0,B005NESDDY
umap,5000,3325,12.806264,1.1437418,5.0,B006N1TF7E
umap,5000,3326,8.024318,3.4511623,5.0,B004M8ST5O
umap,5000,3327,7.1310253,4.022408,5.0,B0054QNL38
umap,5000,3328,13.523051,1.3809183,4.0,B07G98G3BV
umap,5000,3329,10.818102,6.895897,3.0,B07XG26541
umap,5000,3330,11.241909,7.126141,5.0,B07WGPTZHR
umap,5000,3331,13.059161,6.665062,5.0,B01HRVABD0
umap,5000,3332,13.150665,7.5215077,5.0,B08WQ55H4Y
umap,5000,3333,9.558504,3.153336,5.0,B00CRQUKQ4
umap,5000,3334,13.603683,1.6691135,5.0,B00C5H9QDI
umap,5000,3335,7.5032263,3.3797565,5.0,B00XI9QUOK
umap,5000,3336,10.247049,1.8844514,5.0,B009BKVYZK
umap,5000,3337,12.359256,6.7837152,1.0,B08QTLS3R5
umap,5000,3338,5.7431345,3.0965698,5.0,B08LG67VW3
umap,5000,3339,12.65676,5.7161684,1.0,B07N8VFFNS
umap,5000,3340,12.102623,7.055297,1.0,B0BXL16HVK
umap,5000,3341,11.787406,6.597112,1.0,B0CB11DLHG
umap,5000,3342,10.985567,0.8476232,5.0,B09GJJK9ZY
umap,5000,3343,13.134072,1.9475634,4.0,B09YVMS3B1
umap,5000,3344,10.011315,1.1551569,3.0,B013FC2FKM
umap,5000,3345,9.7922535,1.1780063,5.0,B077QS9KHC
umap,5000,3346,11.460533,7.2523956,1.0,B0BZ15FM42
umap,5000,3347,9.213816,5.1504726,4.0,B08ZKMJWJH
umap,5000,3348,12.204542,0.95914346,5.0,B075RD4SCC
umap,5000,3349,13.256664,4.8810086,1.0,B07Q3VM5PH
umap,5000,3350,11.431596,0.5164544,5.0,B07HMMRBGQ
umap,5000,3351,12.220521,0.9980863,5.0,B006R0VWSG
umap,5000,3352,13.628759,1.0374502,5.0,B07DS5H8LY
umap,5000,3353,13.54368,0.9997383,4.0,B00ZZ3C6QS
umap,5000,3354,13.186017,0.9292288,5.0,B013JZCAZK
umap,5000,3355,5.4575515,3.6533756,5.0,B018DOWITK
umap,5000,3356,12.671969,6.6792316,5.0,B008FSAS06
umap,5000,3357,13.015795,-0.72880876,3.0,B09CTXCL6D
umap,5000,3358,12.9404955,3.3186224,5.0,B09L4X16B6
umap,5000,3359,11.220007,4.06241,3.0,B017WYDD1Y
umap,5000,3360,11.16788,4.0464234,5.0,B084KQMH6V
umap,5000,3361,11.39394,3.4541569,5.0,B088MCTLM5
umap,5000,3362,6.436523,6.5678144,5.0,B08J79T7CQ
umap,5000,3363,10.11457,1.691649,4.0,B0BSXSYLRF
umap,5000,3364,13.860454,2.6495585,5.0,B010BWYDYA
umap,5000,3365,13.539915,0.2213528,5.0,B0031MQMU6
umap,5000,3366,10.669923,0.8442268,5.0,B08LZKCGQ6
umap,5000,3367,7.3734016,3.4799075,5.0,B09YDHLYRL
umap,5000,3368,7.401187,3.833437,5.0,B0BBMSYX16
umap,5000,3369,5.895503,4.3192077,5.0,B01CD7J968
umap,5000,3370,5.596364,3.9543436,5.0,B0797CHKDJ
umap,5000,3371,13.074802,3.2877426,5.0,B00K4PAP06
umap,5000,3372,14.24785,1.6798099,4.0,B00DQZQ5T6
umap,5000,3373,12.824447,0.64639676,5.0,B009NPLXGS
umap,5000,3374,13.1257,-0.61163086,4.0,B01C7HZ47M
umap,5000,3375,12.753119,-0.25311062,2.0,B01522TOL6
umap,5000,3376,9.42786,7.086199,4.0,B00CF030S2
umap,5000,3377,12.736633,6.723112,5.0,B005VBNYDS
umap,5000,3378,7.2088947,4.1410756,4.0,B00BLCLUQO
umap,5000,3379,12.791729,-0.25186676,3.0,B002VPE1WK
umap,5000,3380,9.895733,5.2969317,4.0,B00187P1HQ
umap,5000,3381,7.2561126,4.080394,5.0,B007XOQI4S
umap,5000,3382,5.998109,3.4834445,4.0,B0065VKQ34
umap,5000,3383,9.387745,7.3678455,1.0,B000CRFI8A
umap,5000,3384,9.758065,4.8632765,4.0,B0874YZVWK
umap,5000,3385,8.083662,0.79535705,5.0,B07Z9FFTG1
umap,5000,3386,13.01731,6.7947307,5.0,B09CPMSXHC
umap,5000,3387,7.6776595,0.5925515,3.0,B09ZGWQ67Z
umap,5000,3388,12.668948,1.2917371,5.0,B09FSZRG9Y
umap,5000,3389,9.722767,0.67178625,5.0,B09DPZ1578
umap,5000,3390,11.246799,5.0848837,5.0,B0BLTJMQ3W
umap,5000,3391,9.860533,0.4462338,5.0,B09Y5GR45N
umap,5000,3392,12.9944105,3.9327016,5.0,B01N6SEXI5
umap,5000,3393,12.199747,2.4972053,4.0,B07JKWH97B
umap,5000,3394,11.27249,4.976958,5.0,B084V9CJB1
umap,5000,3395,6.0086503,3.5443919,5.0,B07ZNBZCW5
umap,5000,3396,10.869023,5.562153,5.0,B01NAVO5PF
umap,5000,3397,13.047187,-0.74443823,5.0,B07YFW6SKQ
umap,5000,3398,9.81124,2.6297352,5.0,B00SFSU53G
umap,5000,3399,9.19741,-0.15428497,4.0,B00K4QX99O
umap,5000,3400,9.3043995,6.970532,4.0,B07324B77V
umap,5000,3401,13.240972,6.081496,5.0,B08MRTZWJ5
umap,5000,3402,9.910342,-0.244242,5.0,B01LH3DSB6
umap,5000,3403,7.910076,-1.7918484,4.0,B008CQSDN0
umap,5000,3404,7.905943,-1.7958988,3.0,B002AR5XIK
umap,5000,3405,7.749459,-3.0528212,5.0,B000V3UX62
umap,5000,3406,7.9013424,-1.7881866,4.0,B00CE8DUYY
umap,5000,3407,7.9002347,-1.7926656,3.0,B0096PLB9O
umap,5000,3408,7.893805,-1.7937766,4.0,B00BJH6A1Q
umap,5000,3409,10.066171,-0.21197148,5.0,B00B0CQCCC
umap,5000,3410,7.9141617,-1.787609,3.0,B00DSX557O
umap,5000,3411,8.601498,-2.0563242,5.0,B00WY654TU
umap,5000,3412,12.701703,4.5085273,5.0,B008J0Z9TA
umap,5000,3413,5.830595,0.17798987,5.0,B0BXYXD1Q2
umap,5000,3414,10.8423605,7.0764346,5.0,B013EKI2DY
umap,5000,3415,13.14,-0.3556762,3.0,B01AAZWQL0
umap,5000,3416,13.004859,6.518954,5.0,B08HRK6RT8
umap,5000,3417,12.946867,0.15358347,5.0,B07LGVQ8TC
umap,5000,3418,11.6792555,3.317632,5.0,B07V2P6H3Y
umap,5000,3419,12.159488,7.5789647,5.0,B07K8G9142
umap,5000,3420,9.262907,-0.05504955,5.0,B084DQY6TK
umap,5000,3421,11.018247,3.836805,4.0,B08RLW7918
umap,5000,3422,9.44864,0.6035239,5.0,B0BC7QQXX5
umap,5000,3423,10.015211,1.8070741,5.0,B0791TX5P5
umap,5000,3424,13.862227,1.8396848,2.0,B0741WGQ36
umap,5000,3425,14.150274,2.6218014,5.0,B08J9NQ6CS
umap,5000,3426,13.118054,6.1862392,5.0,B0083YCFIK
umap,5000,3427,13.0111065,1.7870512,5.0,B09VSZJHNV
umap,5000,3428,12.031855,1.1075069,5.0,B01EG5502W
umap,5000,3429,10.375286,0.2264134,3.0,B07JY97R2B
umap,5000,3430,5.948874,2.900736,5.0,B01N4DUGHQ
umap,5000,3431,11.189323,-0.20163976,5.0,B09MT8LK6Q
umap,5000,3432,11.078502,4.427074,5.0,B01G2AJ5W0
umap,5000,3433,13.534411,1.2976451,5.0,B00902SFC4
umap,5000,3434,14.092111,2.6773822,5.0,B0086829D4
umap,5000,3435,13.447223,-0.1625935,2.0,B07B65Q3RC
umap,5000,3436,10.352441,5.127547,5.0,B0875M44Y5
umap,5000,3437,5.171139,0.022991259,5.0,B00MK24EUI
umap,5000,3438,13.264738,4.608575,5.0,B0928VH1XV
umap,5000,3439,13.068761,0.39483163,3.0,B015QTOS0C
umap,5000,3440,13.425104,1.3075897,5.0,B00L661Z6U
umap,5000,3441,9.282499,1.4245433,1.0,B000Q37TBY
umap,5000,3442,7.617564,4.8550577,5.0,B079BZQ987
umap,5000,3443,8.860894,5.223798,2.0,B075X8471B
umap,5000,3444,10.9986105,7.7881684,5.0,B0153CASRY
umap,5000,3445,13.3981695,7.233589,5.0,B079Z981R2
umap,5000,3446,8.316533,4.17911,5.0,B007IPZDNO
umap,5000,3447,8.214879,0.5215695,5.0,B0001O04SS
umap,5000,3448,12.776093,2.7829928,5.0,B000BJSEQW
umap,5000,3449,7.054429,4.736038,3.0,B0001ZZ838
umap,5000,3450,11.544414,0.8996754,5.0,B000OUS3A0
umap,5000,3451,8.969261,1.642914,5.0,B002L6HE6E
umap,5000,3452,11.257524,4.766507,5.0,B000P6MOG2
umap,5000,3453,7.4861107,2.7923367,5.0,B000065BP9
umap,5000,3454,13.4054,7.1733084,5.0,B0BZ5KPQZK
umap,5000,3455,13.718178,1.2771984,5.0,B071L6FK53
umap,5000,3456,13.0739355,0.6387327,5.0,B00AX2DULQ
umap,5000,3457,9.631093,-0.72597045,5.0,B00AX2DUQQ
umap,5000,3458,14.200229,2.391641,5.0,B010BWYDYA
umap,5000,3459,13.082141,0.71390903,3.0,B06XPVC1BD
umap,5000,3460,9.083384,5.0240684,1.0,B0BV3NWX67
umap,5000,3461,13.839513,1.0957948,3.0,B08YNPQPR8
umap,5000,3462,10.733852,2.8182707,5.0,B07VDPY2RL
umap,5000,3463,7.688703,5.8732257,4.0,B07MLY3JKV
umap,5000,3464,9.054424,0.51994085,1.0,B0887X4XSD
umap,5000,3465,13.175451,6.1318474,4.0,B08PQC7RKN
umap,5000,3466,7.7242694,6.018278,5.0,B07KTYJ769
umap,5000,3467,7.3838787,2.8186228,5.0,B0792K2BK6
umap,5000,3468,13.396993,0.96498233,5.0,B00WTPH5SO
umap,5000,3469,6.6695933,3.781976,5.0,B098B43MXM
umap,5000,3470,7.6421714,5.838387,5.0,B07H65KP63
umap,5000,3471,14.106225,2.6063275,5.0,B01M3ULMWP
umap,5000,3472,13.034372,1.1151415,5.0,B0721MMN1M
umap,5000,3473,11.164586,4.0600367,5.0,B0C21131CZ
umap,5000,3474,11.296242,3.6982524,5.0,B0B5LCZY7N
umap,5000,3475,7.0325108,3.1232607,5.0,B0BLTVYRCF
umap,5000,3476,10.93246,7.3299093,5.0,B08QHPDHF9
umap,5000,3477,7.3985143,3.4777954,5.0,B0C5WN1QFK
umap,5000,3478,13.074318,0.8673951,2.0,B082B4WPNS
umap,5000,3479,6.1542377,3.8341856,5.0,B07G7VT8KQ
umap,5000,3480,6.1597857,3.7909555,5.0,B08PFW1S1V
umap,5000,3481,9.471264,2.7128136,5.0,B0C5SBGRNJ
umap,5000,3482,7.8599467,3.9333067,5.0,B0BXWV8898
umap,5000,3483,11.279308,7.521219,5.0,B001EZYMF4
umap,5000,3484,7.872951,3.934482,5.0,B089NDQJSJ
umap,5000,3485,9.430884,7.354309,5.0,B0BS2TMK39
umap,5000,3486,9.721584,2.2493103,5.0,B00TZAO9DK
umap,5000,3487,7.4956374,4.0520296,5.0,B094YFRL85
umap,5000,3488,12.954785,1.1198932,5.0,B00RNGOHO4
umap,5000,3489,13.143584,0.80932105,5.0,B01HCHVUOS
umap,5000,3490,7.3156366,3.6052678,4.0,B00ZVJAF9G
umap,5000,3491,7.639359,3.9953136,5.0,B00B9B4IYI
umap,5000,3492,6.882038,4.218873,5.0,B001MPWMDA
umap,5000,3493,11.471417,5.670326,5.0,B001LOP874
umap,5000,3494,7.3840194,4.138436,5.0,B000EPHR0C
umap,5000,3495,13.003372,0.797746,4.0,B000FARNN2
umap,5000,3496,10.032146,-1.3422813,5.0,B07725JKKY
umap,5000,3497,7.6906877,0.6548641,5.0,B0BMGZXST9
umap,5000,3498,8.907772,-2.1462972,5.0,B08HPFJ6J1
umap,5000,3499,11.270157,0.26725346,5.0,B07PQJJMHD
umap,5000,3500,5.7208056,3.9613507,3.0,B09F5PYV9J
umap,5000,3501,13.345254,0.9986967,5.0,B081CDDL1P
umap,5000,3502,6.431562,3.4964666,4.0,B0BTLN9QH9
umap,5000,3503,12.865333,3.2779942,1.0,B00CRXZVGQ
umap,5000,3504,8.324961,-1.0124515,5.0,B07L3RSM2L
umap,5000,3505,9.902555,2.568784,5.0,B07K843CLB
umap,5000,3506,13.739666,1.8223473,1.0,B00Y5IQ7HS
umap,5000,3507,6.3486805,4.299675,1.0,B0BS1615YC
umap,5000,3508,9.439966,-0.1804984,5.0,B01LYW41TH
umap,5000,3509,9.56041,0.8638343,1.0,B07KQL6J9Q
umap,5000,3510,5.7492704,3.9285417,1.0,B07WWNNC1J
umap,5000,3511,10.665025,4.2680407,2.0,B07GZFM1ZM
umap,5000,3512,6.0034246,0.035276223,4.0,B0B4X15PCR
umap,5000,3513,13.064856,7.345834,4.0,B0BNT7YX1C
umap,5000,3514,11.289353,7.5223846,5.0,B0C493YD8M
umap,5000,3515,11.162226,2.3080628,5.0,B0BR3HFB4L
umap,5000,3516,12.5581045,0.070330076,5.0,B0BMLRK2HT
umap,5000,3517,13.144015,7.263941,5.0,B0BWHHJQQ9
umap,5000,3518,12.546315,3.7420197,5.0,B0C9F57ZG8
umap,5000,3519,13.021741,1.5137202,5.0,B0C461JPR5
umap,5000,3520,13.019381,1.5078819,5.0,B0C65RMTNV
umap,5000,3521,12.580057,-0.057493117,5.0,B0BBZC1FTG
umap,5000,3522,11.148968,4.048632,5.0,B0BM3581GL
umap,5000,3523,10.701611,2.6612027,5.0,B0BT76ZMN9
umap,5000,3524,10.38794,4.485818,5.0,B0BVB5R4HJ
umap,5000,3525,13.329926,0.5480044,5.0,B0BGX92F3J
umap,5000,3526,12.970036,3.902112,2.0,B0C1GNZZ1M
umap,5000,3527,12.12507,5.8537745,5.0,B0BM8TJY8S
umap,5000,3528,6.018592,0.04017531,4.0,B0BN4X5WG1
umap,5000,3529,11.516462,5.689247,4.0,B0C1NFW1HT
umap,5000,3530,10.860154,2.7741776,4.0,B0BNWJN35V
umap,5000,3531,6.1179266,0.02306019,5.0,B0BTNH4TQ9
umap,5000,3532,13.076138,1.4803009,1.0,B0B6C7F94W
umap,5000,3533,11.899806,3.671602,2.0,B0CB1HY9P1
umap,5000,3534,6.1531687,0.010164126,4.0,B0C48XL8M7
umap,5000,3535,8.3972,3.1127267,4.0,B0BLVWK2BR
umap,5000,3536,10.811581,2.983886,5.0,B0BF55ZD6Z
umap,5000,3537,12.004272,2.3378565,2.0,B0BB6YT4ML
umap,5000,3538,12.064623,5.831707,3.0,B0BCWDGVTM
umap,5000,3539,12.09818,5.859296,5.0,B0BND3RXWC
umap,5000,3540,12.261833,2.4524546,5.0,B09M7RD84H
umap,5000,3541,11.473701,5.6856823,2.0,B0BV5NRPM5
umap,5000,3542,11.291986,2.8367603,5.0,B0BBVMYMK9
umap,5000,3543,11.434481,5.6003013,2.0,B0B4RYZPFH
umap,5000,3544,10.685207,2.9424002,3.0,B0BLCBHTZC
umap,5000,3545,10.884059,2.798612,4.0,B0B5GTGSTB
umap,5000,3546,11.192367,7.1112137,5.0,B0C2PVFRWV
umap,5000,3547,11.534284,7.351798,4.0,B01I0VD8JA
umap,5000,3548,5.2526755,4.0092936,5.0,B07RZRT1TF
umap,5000,3549,6.042792,3.5231647,5.0,B0142FEWD4
umap,5000,3550,9.241475,0.28053582,1.0,B0872FMZ82
umap,5000,3551,9.984881,2.7757277,1.0,B0CD2GYCTB
umap,5000,3552,7.1044316,3.662124,5.0,B00JX6R9T2
umap,5000,3553,10.381083,0.9926062,5.0,B0090T8NL0
umap,5000,3554,-12.721726,12.51429,4.0,B07XXWZKBT
umap,5000,3555,-12.722628,12.515101,5.0,B0BRZFGB6R
umap,5000,3556,-14.123784,4.48294,3.0,B09VBWBHBC
umap,5000,3557,-14.119767,4.4789333,5.0,B09GLQ2PFV
umap,5000,3558,-14.1209,4.480583,3.0,B084HM5WG1
umap,5000,3559,-12.7218075,12.514359,4.0,B0B8CPMS4T
umap,5000,3560,-14.119842,4.4790297,5.0,B07PHQ93TV
umap,5000,3561,-12.721436,12.514072,4.0,B08HPKB3H9
umap,5000,3562,-12.721823,12.514374,5.0,B09DCCW5XZ
umap,5000,3563,-12.721823,12.514379,4.0,B08KZKX21T
umap,5000,3564,-12.72187,12.51442,5.0,B09FLC43DP
umap,5000,3565,-12.72218,12.514753,4.0,B08F1P3BCC
umap,5000,3566,-12.721895,12.5144415,5.0,B0876WPHJ9
umap,5000,3567,-12.721967,12.514512,5.0,B0BGPTTKVC
umap,5000,3568,-14.119844,4.4790235,5.0,B09JF83P1H
umap,5000,3569,-14.119943,4.479133,5.0,B086V1Z43F
umap,5000,3570,-14.12002,4.479226,5.0,B07R4X3RTG
umap,5000,3571,-14.120979,4.480337,5.0,B0BXL7Y9ZB
umap,5000,3572,-14.11998,4.479162,5.0,B07FP8VLXS
umap,5000,3573,-14.119997,4.4791784,4.0,B07JPCWW76
umap,5000,3574,-14.119999,4.479174,5.0,B0C6RGTGMW
umap,5000,3575,-12.721978,12.514513,5.0,B00BHM9Q0K
umap,5000,3576,-12.720366,12.512979,3.0,B089R3W3D6
umap,5000,3577,8.075798,-0.9726059,3.0,B074XLN4GS
umap,5000,3578,8.090093,-0.99429256,5.0,B07KM2NR5K
umap,5000,3579,-14.120003,4.479164,5.0,B06W568Y6C
umap,5000,3580,8.164923,-1.1335598,5.0,B07PS179D8
umap,5000,3581,-14.120004,4.4791636,4.0,B01H5RHG9S
umap,5000,3582,-14.120028,4.4791865,5.0,B099NY674N
umap,5000,3583,-12.727911,12.520427,5.0,B06X6BTQ8N
umap,5000,3584,-14.120032,4.479184,5.0,B0BN74ZJDK
umap,5000,3585,-12.722051,12.5145855,5.0,B01LWPGB6C
umap,5000,3586,-14.119943,4.4790773,4.0,B07PRC9KVY
umap,5000,3587,-14.12002,4.479172,5.0,B07QPTS1JQ
umap,5000,3588,-12.72207,12.514596,5.0,B0043T7FXE
umap,5000,3589,-12.722092,12.514619,5.0,B07QLSGMXC
umap,5000,3590,-14.120034,4.4791846,5.0,B0C449B8FT
umap,5000,3591,6.6957164,2.909553,5.0,B07HGJQCL9
umap,5000,3592,6.031203,0.04128564,2.0,B07GZGXB27
umap,5000,3593,11.22262,5.4393544,5.0,B004XD8KXE
umap,5000,3594,12.282091,7.3815975,1.0,B0C7THZNCB
umap,5000,3595,13.514282,0.7787494,5.0,B09L511K6J
umap,5000,3596,10.501225,3.1516712,5.0,B0BQ7F5QD3
umap,5000,3597,11.394164,4.128647,3.0,B08QV7TPDW
umap,5000,3598,13.291256,-0.5294098,5.0,B08SQ2XXX8
umap,5000,3599,12.773943,2.151371,3.0,B08TLZQXB1
umap,5000,3600,13.5033865,-0.017177388,3.0,B08GFM3RG7
umap,5000,3601,13.750952,5.979407,4.0,B089F9YDFC
umap,5000,3602,5.664708,0.13661395,2.0,B08NDVF9VG
umap,5000,3603,13.281641,-0.57336926,2.0,B08NPX3B8M
umap,5000,3604,13.3172245,-0.58688974,5.0,B08FJBNFWK
umap,5000,3605,12.775887,2.1484075,4.0,B08B1W2LYL
umap,5000,3606,11.687442,7.2367654,2.0,B07MLVKBQM
umap,5000,3607,13.706578,0.98886776,3.0,B08CBPH3MW
umap,5000,3608,12.69587,1.525652,4.0,B07WC81LRS
umap,5000,3609,5.1731,-0.002220174,4.0,B07G28NF3L
umap,5000,3610,13.808825,0.864365,5.0,B06XRTFG29
umap,5000,3611,11.276151,0.36514217,5.0,B09X5RHMRZ
umap,5000,3612,13.741701,5.981481,4.0,B09BP1LB8L
umap,5000,3613,11.350138,3.7797356,2.0,B07PCQ3W1C
umap,5000,3614,7.0648956,4.332955,4.0,B0BGT3RRRR
umap,5000,3615,10.700174,2.879525,4.0,B07JGSN975
umap,5000,3616,7.1157985,3.2992675,2.0,B07D81YXPH
umap,5000,3617,12.947074,2.064204,3.0,B07J1GYCWC
umap,5000,3618,9.078947,5.824003,5.0,B0792LX8P5
umap,5000,3619,11.760097,7.4634457,5.0,B07DDLX3HC
umap,5000,3620,11.739231,7.4020567,5.0,B07DTJ7RV5
umap,5000,3621,12.9016,2.1000798,5.0,B07Z3ZF5NG
umap,5000,3622,5.5171323,0.08601722,5.0,B08YMVB98D
umap,5000,3623,13.187496,3.3148108,4.0,B078WSWCWH
umap,5000,3624,13.031949,4.5701265,4.0,B0771R6PFQ
umap,5000,3625,11.555932,7.120102,5.0,B09YYX736L
umap,5000,3626,8.068638,3.8427904,4.0,B0742RKNKP
umap,5000,3627,12.298322,2.404805,4.0,B08XD4N3K4
umap,5000,3628,13.381345,3.1692643,4.0,B01D3NROZE
umap,5000,3629,7.0971494,4.2391515,3.0,B06X9FX834
umap,5000,3630,7.1227174,4.169376,4.0,B01N17AQ7U
umap,5000,3631,13.592166,1.3573372,5.0,B07BLKHQK6
umap,5000,3632,6.1698117,4.012534,4.0,B01I095OO4
umap,5000,3633,11.677295,1.8110988,1.0,B01N6JCWPI
umap,5000,3634,6.1519995,0.6669124,2.0,B01A33NUH8
umap,5000,3635,12.608401,2.243703,5.0,B00Y0M32TK
umap,5000,3636,11.180275,3.7504976,2.0,B0167KVZTQ
umap,5000,3637,9.041483,5.777479,2.0,B00ZXI2MJG
umap,5000,3638,7.1614137,4.383685,4.0,B007ZG03DG
umap,5000,3639,8.105943,4.3693953,4.0,B011IH6MBO
umap,5000,3640,7.0899343,4.2398467,5.0,B013G6TMUS
umap,5000,3641,6.2558303,3.8609383,4.0,B00JJVG08W
umap,5000,3642,9.596802,7.1968946,5.0,B099RZY28N
umap,5000,3643,13.830364,1.3739887,4.0,B00DVFLJKQ
umap,5000,3644,12.866675,3.4857743,4.0,B00O0M750W
umap,5000,3645,13.002665,2.1059358,3.0,B00OD37KZS
umap,5000,3646,6.1258698,3.6306891,5.0,B00WUEKA2C
umap,5000,3647,6.9099283,4.217135,2.0,B00MPMK3GW
umap,5000,3648,13.125243,4.47185,5.0,B00IYOJD84
umap,5000,3649,13.229654,5.9900193,5.0,B000BNY64C
umap,5000,3650,9.068983,5.9220157,3.0,B00DIFIM36
umap,5000,3651,7.05577,2.9891505,5.0,B0BYSP9676
umap,5000,3652,12.837567,4.631278,5.0,B00A4A1TYM
umap,5000,3653,11.3260355,2.430951,5.0,B005DQG5SC
umap,5000,3654,12.641566,4.728658,5.0,B00109Y2DQ
umap,5000,3655,12.622688,4.697124,2.0,B0026H5DFM
umap,5000,3656,12.671991,4.853617,1.0,B002P5KOXG
umap,5000,3657,8.699061,3.728467,5.0,B00009QOS3
umap,5000,3658,9.46172,3.2969565,3.0,B002XDRWZS
umap,5000,3659,10.040633,0.1075129,5.0,B09TQMFXR5
umap,5000,3660,12.006399,7.8165126,5.0,B07P7KG4TJ
umap,5000,3661,10.842137,7.3411856,5.0,B0BMQJYLQV
umap,5000,3662,10.12621,5.5841966,1.0,B07BYB11K5
umap,5000,3663,12.578964,6.8053403,1.0,B091GDK56V
umap,5000,3664,13.051734,6.426385,4.0,B07GRS3T39
umap,5000,3665,12.870388,7.117869,5.0,B08WZCCBQJ
umap,5000,3666,13.037073,7.5295467,5.0,B07H65KP63
umap,5000,3667,13.500198,0.7465408,5.0,B08F3842HL
umap,5000,3668,12.594659,2.1214998,2.0,B0C2Q5KR4N
umap,5000,3669,10.941502,0.7911302,5.0,B08VJBG4Q5
umap,5000,3670,8.930393,-2.103583,5.0,B07RWCK6KX
umap,5000,3671,10.135032,0.5244438,4.0,B0C6L1SNTV
umap,5000,3672,6.959401,4.6902742,1.0,B0BGRL2618
umap,5000,3673,10.044123,0.40032127,5.0,B0B1QG1V5P
umap,5000,3674,12.370321,7.6502686,5.0,B0BJKGH183
umap,5000,3675,11.495836,1.6848661,5.0,B0BBF4N2FT
umap,5000,3676,13.019053,7.7110515,5.0,B09WCL9HRK
umap,5000,3677,9.574016,2.5016515,5.0,B08T6GN9GV
umap,5000,3678,12.198033,2.2146735,5.0,B0895FSRBC
umap,5000,3679,12.766093,6.8845267,2.0,B092HSPZJ3
umap,5000,3680,11.870693,0.68976897,5.0,B0972FX87Z
umap,5000,3681,8.129475,3.5316517,5.0,B09NDHMLY3
umap,5000,3682,11.954567,-0.12171864,5.0,B08MV6Q6BJ
umap,5000,3683,12.560153,1.8296728,1.0,B08D3CGWV6
umap,5000,3684,12.380078,2.1638823,4.0,B08ZJKHX28
umap,5000,3685,11.915329,0.23868369,5.0,B07C3ZGG2P
umap,5000,3686,12.573269,1.8853489,3.0,B00EY2Q1AS
umap,5000,3687,8.469956,2.7326405,5.0,B0C5829XY7
umap,5000,3688,10.67747,-0.2823995,5.0,B09TQZSZ51
umap,5000,3689,10.632525,1.6968826,5.0,B0836G48XD
umap,5000,3690,5.507548,3.5817676,5.0,B0851Z83VV
umap,5000,3691,13.021021,-0.68057233,5.0,B0C4Z5NQKJ
umap,5000,3692,8.706715,2.5687385,5.0,B00JVLLE7C
umap,5000,3693,11.419607,1.7016485,5.0,B07WHTQW4X
umap,5000,3694,9.296762,1.4072816,1.0,B008I640HW
umap,5000,3695,9.562958,0.07141892,5.0,B075DHMSKQ
umap,5000,3696,11.388719,0.3677175,5.0,B07FT87W4X
umap,5000,3697,11.356991,3.4167678,5.0,B09NDHYLRH
umap,5000,3698,5.653663,3.310952,5.0,B0B4PXG2H8
umap,5000,3699,9.714546,2.4755378,5.0,B01IEU7UZ0
umap,5000,3700,9.871423,0.11505687,5.0,B019PZMVN4
umap,5000,3701,14.180287,1.8154863,1.0,B00OPSSWO4
umap,5000,3702,5.82569,2.935695,5.0,B0BRNTHSLP
umap,5000,3703,11.200381,0.048694365,5.0,B0891V9KDC
umap,5000,3704,9.112533,3.8046792,5.0,B00NNY1SNI
umap,5000,3705,7.2324395,3.0797572,1.0,B0BD7FN8K9
umap,5000,3706,7.447103,4.0801015,1.0,B09VDYNVKS
umap,5000,3707,5.983261,0.03859522,5.0,B00CYX26BC
umap,5000,3708,9.723342,4.9060545,5.0,B08VWD7M67
umap,5000,3709,5.981745,0.051151812,3.0,B0BF7YTR5Q
umap,5000,3710,11.300747,4.831141,5.0,B0BRR8T4FH
umap,5000,3711,6.3744507,4.170271,3.0,B08RB1DBQY
umap,5000,3712,5.7467685,4.0324054,1.0,B08FX6FB1S
umap,5000,3713,14.155234,1.8834916,5.0,B07YJ1RD3B
umap,5000,3714,12.766058,2.0842247,5.0,B07N5ZPYFK
umap,5000,3715,5.6326485,3.6345358,4.0,B07S764D9V
umap,5000,3716,10.584258,-0.38052425,5.0,1891396722
umap,5000,3717,7.2224913,3.172933,5.0,B07PGGFFW8
umap,5000,3718,11.667089,1.7991194,5.0,B0BL3B12HK
umap,5000,3719,9.712117,0.34042197,5.0,B00DYQYLP2
umap,5000,3720,9.615036,0.11058329,5.0,B00CE8DUYY
umap,5000,3721,5.9420266,6.9067507,3.0,B07Q72SWTP
umap,5000,3722,8.596449,0.6970665,5.0,B07CZZM9J5
umap,5000,3723,13.147709,7.334282,5.0,B08698CM5W
umap,5000,3724,9.397718,0.6662769,5.0,B0BBV96SD7
umap,5000,3725,9.935414,3.1931558,5.0,B07Z95LWK5
umap,5000,3726,14.134884,2.1770642,5.0,B07SFLKCFN
umap,5000,3727,12.085037,7.7104278,5.0,B07RGJYJS5
umap,5000,3728,9.530448,3.2470863,5.0,B00XIVH2LI
umap,5000,3729,14.052547,1.5822437,5.0,B004B8QOWU
umap,5000,3730,14.290714,2.434211,5.0,B003DZ168E
umap,5000,3731,14.174688,1.7935369,5.0,B004JXVOFE
umap,5000,3732,6.349192,3.885669,5.0,B001PBWNOY
umap,5000,3733,8.340235,-1.8218787,5.0,B0C1CMV4T7
umap,5000,3734,8.845664,-0.36097625,5.0,B09ZH6PG3G
umap,5000,3735,4.83724,-13.01008,4.0,B01GEGO6FS
umap,5000,3736,8.352498,-1.8166274,5.0,B083NC7SCB
umap,5000,3737,4.8286777,-13.009242,5.0,B0BJ4VTSLC
umap,5000,3738,13.363734,3.9853203,5.0,B08HSPKMKQ
umap,5000,3739,10.962195,3.7405615,5.0,B0831FDDK7
umap,5000,3740,9.973768,1.8131768,4.0,B00E9MD700
umap,5000,3741,11.0113735,8.01136,5.0,B09VXT3PC5
umap,5000,3742,10.100815,-1.6396569,5.0,B08CLNX58K
umap,5000,3743,9.796434,2.6727405,1.0,B0BHMVBV9M
umap,5000,3744,10.167335,2.3605883,5.0,B09WHR6NRB
umap,5000,3745,8.874617,0.24027754,5.0,B07L1N4W4Y
umap,5000,3746,7.9554787,0.772521,1.0,B085ZZ243N
umap,5000,3747,11.44658,0.8524913,5.0,B0751HWFQY
umap,5000,3748,9.100135,0.5561766,5.0,B078T633Q9
umap,5000,3749,11.072383,7.4704704,5.0,B07Z4PXXBS
umap,5000,3750,13.117786,0.68694514,5.0,B0BX65VLJ9
umap,5000,3751,12.085637,7.1016235,1.0,B0BZ15FM42
umap,5000,3752,9.634121,-0.3365642,5.0,B08M5YL7GW
umap,5000,3753,7.6058364,5.7206054,5.0,B07456BG8N
umap,5000,3754,7.862979,2.4943662,5.0,B01K8B8YA8
umap,5000,3755,9.210104,6.8983936,5.0,B00IF0JAIU
umap,5000,3756,8.422967,2.7047172,3.0,B09G9STJF6
umap,5000,3757,9.982912,2.2024715,4.0,B010BWYDYA
umap,5000,3758,10.306072,1.6242839,5.0,B003SWLRLS
umap,5000,3759,10.090373,-1.6054487,5.0,B07KTYJ769
umap,5000,3760,8.253381,4.038992,5.0,B09YGYC783
umap,5000,3761,8.295519,4.612225,5.0,B0BVBFPD2X
umap,5000,3762,9.949491,3.0781565,5.0,B083FFPJC1
umap,5000,3763,9.94699,4.903402,5.0,B08L3C66BK
umap,5000,3764,9.707233,5.345233,4.0,B086VRY8GZ
umap,5000,3765,11.6339245,7.272158,5.0,B07VPBFW43
umap,5000,3766,10.733586,-0.08160746,5.0,B07F4MYW5B
umap,5000,3767,9.456999,4.6109166,5.0,B07CHX3TNJ
umap,5000,3768,10.152082,1.73483,5.0,B07P374FF3
umap,5000,3769,10.67018,-0.30953458,5.0,B01FLSXRT6
umap,5000,3770,10.595196,-0.3125096,5.0,B09WDS7KLW
umap,5000,3771,12.317373,7.4772787,5.0,B00EZMZULI
umap,5000,3772,12.923574,0.7170865,5.0,B07BRQPVFZ
umap,5000,3773,12.937334,0.6969786,5.0,B007FG43R8
umap,5000,3774,12.891788,-0.66086525,5.0,B09NR95LFW
umap,5000,3775,10.168359,4.4988475,5.0,B0BR3GJ3J9
umap,5000,3776,5.762355,3.5623035,4.0,B0BTY9GGP7
umap,5000,3777,13.012735,-0.3563127,5.0,B0BP6V5PHH
umap,5000,3778,12.02102,7.587547,3.0,B0BSFZXBPN
umap,5000,3779,12.116893,7.5860496,3.0,B09NCXYHMV
umap,5000,3780,12.245671,0.96902514,4.0,B09X5XJ9BT
umap,5000,3781,5.8618555,4.0208693,4.0,B0BB2GRZFG
umap,5000,3782,12.735286,7.202275,4.0,B0B3XPTKJH
umap,5000,3783,8.9349575,3.896549,4.0,B09YHBRHC4
umap,5000,3784,11.821838,6.565994,4.0,B0B3D7FSMY
umap,5000,3785,7.0469003,3.7886953,5.0,B09ZQSD516
umap,5000,3786,12.6826725,-0.009127184,4.0,B09TP1XDL2
umap,5000,3787,10.391897,4.4746532,5.0,B0B6RJW8FS
umap,5000,3788,10.353167,4.510063,5.0,B0BKKWQ983
umap,5000,3789,9.153807,3.7791376,4.0,B09VH12VJV
umap,5000,3790,12.825415,-0.3352087,5.0,B09V5L1LRJ
umap,5000,3791,11.383875,1.9554542,5.0,B09TXCQ1PM
umap,5000,3792,13.107473,7.291474,5.0,B09JBD923G
umap,5000,3793,6.3863406,4.4396877,5.0,B09PVB4272
umap,5000,3794,6.188712,3.7724395,5.0,B09J31ZBB1
umap,5000,3795,12.977622,7.2312016,5.0,B074DWW665
umap,5000,3796,12.011964,7.5259843,5.0,B09FJ84PGH
umap,5000,3797,13.082416,-0.38197184,5.0,B09HXHQ1L1
umap,5000,3798,13.076613,7.594627,5.0,B09M8991B5
umap,5000,3799,10.393623,4.4696093,5.0,B0BNQNLMVS
umap,5000,3800,10.273251,4.5082593,4.0,B09GFX6T6G
umap,5000,3801,13.113924,-0.44996247,5.0,B09DKNYKCN
umap,5000,3802,11.83055,5.7737393,5.0,B09F5TF4TQ
umap,5000,3803,11.602363,5.7309656,4.0,B08NX53RV3
umap,5000,3804,11.109404,7.9323406,4.0,B08NV6PJW9
umap,5000,3805,13.009113,-0.5799609,5.0,B08SC8Q1H5
umap,5000,3806,13.144858,-0.546491,4.0,B094CFZLPR
umap,5000,3807,7.276189,3.709463,5.0,B08SW2BZ1P
umap,5000,3808,8.6406975,4.5513844,5.0,B08LCZ6MS7
umap,5000,3809,11.0958,7.871297,5.0,B08B39FF2Z
umap,5000,3810,13.092289,-0.29072008,5.0,B086RQQCQ9
umap,5000,3811,7.7384663,3.9321094,5.0,B0BR89N1H7
umap,5000,3812,12.694913,1.8619756,5.0,B08B3KD42F
umap,5000,3813,11.9990835,7.7124486,5.0,B082T84YJQ
umap,5000,3814,12.091621,6.5429354,5.0,B07Q3CW9WM
umap,5000,3815,11.920291,5.9700565,5.0,B0859TMPHT
umap,5000,3816,10.991503,-0.50725734,4.0,B084ZYD2SN
umap,5000,3817,12.817414,1.7155614,5.0,B07ZH2WYV4
umap,5000,3818,12.110934,6.764012,3.0,B083ZBRKX9
umap,5000,3819,6.4164777,3.8570387,5.0,B0C5MCNJKR
umap,5000,3820,6.054889,3.647743,5.0,B09TS8ZL94
umap,5000,3821,11.061116,7.867167,5.0,B095L8F33R
umap,5000,3822,12.992499,-0.7818113,5.0,B0C8Y7KTML
umap,5000,3823,13.085016,-0.69149554,5.0,B07W7Y3KZK
umap,5000,3824,13.285247,0.44062847,4.0,B08ZSSG82Y
umap,5000,3825,9.615874,1.1640619,5.0,B07C7LN2W1
umap,5000,3826,6.5383677,4.0784817,5.0,B07WC183S5
umap,5000,3827,13.076963,-0.3393272,4.0,B07DCPKRL1
umap,5000,3828,9.461801,3.7660947,5.0,B07799YR1F
umap,5000,3829,6.967314,3.8312917,3.0,B0BZRW4B7S
umap,5000,3830,12.74452,7.205727,5.0,B09Z2B5KG2
umap,5000,3831,11.465256,7.1677246,5.0,B0B6TPXW2C
umap,5000,3832,10.864851,7.116167,5.0,B00R124LAK
umap,5000,3833,12.894539,-0.7419255,4.0,B07YFW6SKQ
umap,5000,3834,12.666928,7.734319,5.0,B01HPADPCW
umap,5000,3835,11.185339,7.1649666,5.0,B09797FV1F
umap,5000,3836,10.1165695,7.63977,5.0,B07YX2KPG7
umap,5000,3837,13.146172,4.3995066,5.0,B00419ZT4I
umap,5000,3838,11.585405,1.7060939,4.0,B07Q1DPGWM
umap,5000,3839,7.6811404,5.8882694,4.0,B07H65KP63
umap,5000,3840,9.294399,0.74237376,5.0,B01EJ5UV3C
umap,5000,3841,5.526795,3.8335738,5.0,B07Y2C5M2X
umap,5000,3842,12.678462,4.2115,1.0,B00GVN0E3S
umap,5000,3843,11.854292,1.1740091,3.0,B07M7NHRQG
umap,5000,3844,11.494994,1.6781677,5.0,B002CQU14A
umap,5000,3845,12.766378,4.5493426,5.0,B0BSFD74LD
umap,5000,3846,13.279451,6.6301327,5.0,B07S7TK88B
umap,5000,3847,5.1394963,0.013338024,4.0,B082M94GY9
umap,5000,3848,6.0947285,0.0337812,4.0,B00X5P8BJO
umap,5000,3849,5.64269,3.697259,5.0,B07YP9MNJV
umap,5000,3850,5.196983,0.03366415,4.0,B07538T649
umap,5000,3851,10.046574,0.2476304,5.0,B07LCSZFVZ
umap,5000,3852,8.29228,-2.006155,1.0,B01MTF2Z37
umap,5000,3853,8.948712,1.0618652,5.0,B002SEEC78
umap,5000,3854,7.5549088,3.4292471,5.0,B07XJ2XC5V
umap,5000,3855,5.831485,3.9316673,5.0,B07YWG7NSN
umap,5000,3856,12.691002,4.4353952,5.0,B07SZ3N73V
umap,5000,3857,8.081472,0.80424184,5.0,B01L8LLP2G
umap,5000,3858,10.036587,0.662774,1.0,B07176FCQ5
umap,5000,3859,11.179933,2.695125,5.0,B0C4KBLJHD
umap,5000,3860,10.011347,1.7816569,5.0,B0B67LVBL1
umap,5000,3861,10.617737,1.4180523,5.0,B00E1CR7DQ
umap,5000,3862,13.200806,6.2355814,5.0,B0001FTVEK
umap,5000,3863,9.326306,0.8771928,5.0,B002PAR1FK
umap,5000,3864,9.1707325,0.7307631,5.0,B002ISZD2C
umap,5000,3865,9.052476,0.90593725,5.0,B00EDP03DW
umap,5000,3866,11.402414,2.8455038,1.0,B005CX9RKE
umap,5000,3867,9.466987,3.9164684,5.0,B000KKXRJQ
umap,5000,3868,11.982143,7.805897,1.0,B0C3M8B3MY
umap,5000,3869,11.366203,3.524757,5.0,B06Y6HP2JN
umap,5000,3870,13.059363,-0.74752957,5.0,B076Q5MP77
umap,5000,3871,11.702314,0.4035508,5.0,B0BTZDHJXY
umap,5000,3872,9.144817,1.3219396,4.0,B07PXVTTP6
umap,5000,3873,9.227552,0.005516253,5.0,B01EBI4N7C
umap,5000,3874,7.912872,-1.7661878,2.0,B01IN26Z5A
umap,5000,3875,9.117088,5.157062,1.0,B00U3FPN4U
umap,5000,3876,13.631431,1.0441265,3.0,B076Q8F3KB
umap,5000,3877,14.132892,2.0924976,3.0,B0725SDWHR
umap,5000,3878,7.788018,5.9801283,5.0,B07KTYJ769
umap,5000,3879,7.644547,2.793502,5.0,B07HZLHPKP
umap,5000,3880,8.233836,4.630585,5.0,B07BFRHZLB
umap,5000,3881,9.71856,1.6611296,5.0,B07W36WN5X
umap,5000,3882,10.522172,0.10296188,5.0,B073QNQT43
umap,5000,3883,9.959321,2.224808,5.0,B075X8471B
umap,5000,3884,11.118125,0.28991103,5.0,B07PTZCDQG
umap,5000,3885,11.236489,0.3806451,5.0,B07Q3B3CTC
umap,5000,3886,7.5350766,3.2453659,5.0,B010BWYDYA
umap,5000,3887,11.405192,-0.18461587,5.0,B016FQ0ODK
umap,5000,3888,-12.721911,12.514463,5.0,B0B4NZ74H8
umap,5000,3889,6.994108,3.6057541,1.0,B08LPN41F4
umap,5000,3890,10.982407,1.194569,5.0,B09GBPVD27
umap,5000,3891,12.881742,7.095688,5.0,B01DLNMD7A
umap,5000,3892,12.931565,3.173876,5.0,B07NQQ4FVK
umap,5000,3893,7.243106,3.2394252,5.0,B0B6WNTT91
umap,5000,3894,7.921492,2.921793,5.0,B0BJ7QMYBF
umap,5000,3895,12.016104,6.8510303,5.0,B08F4Z9KWP
umap,5000,3896,6.864106,3.419611,5.0,B07FSXHVLN
umap,5000,3897,9.337687,0.7283376,5.0,B07PRMHDGZ
umap,5000,3898,10.8381815,0.6889422,2.0,B077YDMN27
umap,5000,3899,8.276636,-2.0802581,5.0,B012CD5PIY
umap,5000,3900,5.960241,0.22989815,2.0,B08HSGZT6H
umap,5000,3901,9.445068,7.2721934,2.0,B0118SPFCK
umap,5000,3902,11.743525,7.1558757,3.0,B09W563Y2W
umap,5000,3903,9.8747015,4.8266997,3.0,B01LW4G71Y
umap,5000,3904,10.034796,5.361858,1.0,B075CF97SZ
umap,5000,3905,6.422708,4.3136754,2.0,B08Q2D3XR1
umap,5000,3906,9.349118,7.09928,3.0,B00IB8IVDQ
umap,5000,3907,10.226508,6.774611,5.0,B003L76BJS
umap,5000,3908,7.2050104,3.168062,3.0,B005VO7LG6
umap,5000,3909,7.4654207,3.5781958,2.0,B005J7Y9B0
umap,5000,3910,12.234248,1.0027643,5.0,B000RGD9PK
umap,5000,3911,7.197274,3.3876953,5.0,B008BWA0EK
umap,5000,3912,8.392337,3.7534711,4.0,B008EQSZ8Q
umap,5000,3913,7.3921547,2.6989202,4.0,B0BMQN7L6B
umap,5000,3914,12.913452,1.0257831,5.0,B01D8OM0H0
umap,5000,3915,9.7107115,1.0291674,5.0,B00KCZTAI6
umap,5000,3916,9.161954,0.39363107,1.0,B005VGOD4M
umap,5000,3917,8.930695,5.912725,5.0,B00005N5X1
umap,5000,3918,9.035496,3.4686284,5.0,B01CZBOO2Q
umap,5000,3919,13.36855,4.827301,5.0,B074CPK9SB
umap,5000,3920,13.003983,0.6376845,5.0,B07RLZ1KDY
umap,5000,3921,12.010604,7.90957,5.0,B0000BYDKO
umap,5000,3922,12.735313,7.68742,5.0,B086SBHXHV
umap,5000,3923,9.54245,-0.8200151,5.0,B00XJ7QAC8
umap,5000,3924,9.240453,-0.193895,5.0,B06XKM77TP
umap,5000,3925,9.72782,0.88219994,5.0,B00YBC936A
umap,5000,3926,9.503975,-0.8585771,5.0,B00IKMJOZC
umap,5000,3927,9.342945,6.8680115,5.0,B0040IUI46
umap,5000,3928,14.177723,2.5521863,5.0,B01FU08V64
umap,5000,3929,10.296043,2.47974,5.0,B00XJ118WG
umap,5000,3930,13.206204,6.1499605,5.0,B0063JAUR0
umap,5000,3931,14.231368,2.5439107,5.0,B0051VVOB2
umap,5000,3932,14.201924,2.5750518,5.0,B005KDYBXO
umap,5000,3933,14.148047,2.5693674,5.0,B008RB6RYC
umap,5000,3934,10.403919,1.1831367,5.0,B0013CED4I
umap,5000,3935,9.788312,5.6865263,5.0,B0064L8Q1E
umap,5000,3936,10.431337,1.2764947,5.0,B075XLNFCL
umap,5000,3937,11.99488,7.5670047,5.0,B07LG4FYVR
umap,5000,3938,8.566117,0.99179983,5.0,B08C5FX1BB
umap,5000,3939,11.035933,3.6374083,4.0,B07VNQVL37
umap,5000,3940,7.8903995,3.1659973,5.0,B017KUN1HG
umap,5000,3941,11.885744,0.4832435,4.0,B07J38VMPN
umap,5000,3942,9.715741,1.8867375,5.0,B08S55D31N
umap,5000,3943,4.819897,-12.994832,5.0,B07MC5P85F
umap,5000,3944,7.632497,3.1169844,5.0,B08XHFK5SZ
umap,5000,3945,10.271586,1.4068855,5.0,B07YFD37SF
umap,5000,3946,9.638879,0.3197967,5.0,B092DD5L2V
umap,5000,3947,13.028402,7.689518,5.0,B07GL6S731
umap,5000,3948,8.150543,3.576402,5.0,B00LZRRAY6
umap,5000,3949,11.975152,3.622038,5.0,B018PZHB26
umap,5000,3950,9.584433,2.3977194,5.0,B08BF4CZSV
umap,5000,3951,9.946534,2.4771743,5.0,B0C8SCDNGK
umap,5000,3952,10.818328,2.7226026,3.0,B002RD7452
umap,5000,3953,7.8096952,0.7056379,5.0,B09F5BLMVR
umap,5000,3954,8.343097,0.7374939,5.0,B09JQLTLG3
umap,5000,3955,8.436943,0.40340465,5.0,B07VKJKWP1
umap,5000,3956,10.501944,-0.36948702,5.0,B075V2W6B2
umap,5000,3957,12.953433,-0.8647498,5.0,B071CRMDS4
umap,5000,3958,10.29179,3.633169,5.0,B072QLXK2T
umap,5000,3959,11.188776,1.6621829,5.0,B0851B3K9T
umap,5000,3960,9.809115,2.5121179,5.0,B07L48NDCH
umap,5000,3961,11.972037,4.7649827,1.0,B08KGSZKCT
umap,5000,3962,10.276378,4.3970065,5.0,B083ZJYDRV
umap,5000,3963,12.848649,3.736829,4.0,B07J245KLY
umap,5000,3964,8.881279,0.69998026,1.0,B08WJSHSLC
umap,5000,3965,11.7964,7.283435,5.0,B09MKBDFZK
umap,5000,3966,9.778914,5.6823173,5.0,B0791TX5P5
umap,5000,3967,7.621307,5.6667204,5.0,B01DFKC6CQ
umap,5000,3968,12.900698,3.1835248,3.0,B01HAQBIVG
umap,5000,3969,9.657553,5.2346897,5.0,B075X8471B
umap,5000,3970,13.116895,4.711273,5.0,B0BJW2XLMR
umap,5000,3971,8.309712,4.0303802,5.0,B09718NNFN
umap,5000,3972,9.081316,6.4075513,1.0,B092WHC7C1
umap,5000,3973,8.100462,3.797098,5.0,B077RV2H31
umap,5000,3974,13.020314,6.5099435,5.0,B00WIF2T7C
umap,5000,3975,12.195613,0.060002092,4.0,B0C2YLQJYK
umap,5000,3976,9.238296,5.590303,4.0,B09LTYP9P5
umap,5000,3977,9.1642275,5.4791203,5.0,B0B148JDG2
umap,5000,3978,12.982193,7.740227,5.0,B0C8J2WHVR
umap,5000,3979,7.097913,4.698835,5.0,B0B57RY228
umap,5000,3980,9.715671,6.7228913,5.0,B0C3NMZ2C7
umap,5000,3981,14.194892,2.682239,5.0,B09F81Q875
umap,5000,3982,10.885313,7.574697,5.0,B0BZT5JSTV
umap,5000,3983,7.426201,4.2752466,5.0,B0B3ZKBJ8V
umap,5000,3984,7.0621786,4.0018673,5.0,B09XNQQC8J
umap,5000,3985,11.179411,6.71461,5.0,B0C1ZYD3YQ
umap,5000,3986,6.737165,3.685271,5.0,B09WD35WWZ
umap,5000,3987,11.08263,7.8022556,5.0,B09PWGV7GC
umap,5000,3988,11.29712,6.295887,5.0,B098XPKHY8
umap,5000,3989,11.732363,7.8217206,5.0,B08JTMXXL6
umap,5000,3990,12.884201,6.8283777,4.0,B09NRKZVDC
umap,5000,3991,11.609681,1.4665184,5.0,B009SKN5DC
umap,5000,3992,6.2724195,3.3401065,5.0,B0BG7KP5L4
umap,5000,3993,12.125988,2.3159585,5.0,B099YQ926V
umap,5000,3994,5.303082,-0.022022286,5.0,B08P6PL5R3
umap,5000,3995,5.4035544,0.21816517,5.0,B0BWBC2GLD
umap,5000,3996,5.817722,0.33502486,4.0,B0BLHNNSGG
umap,5000,3997,6.2046795,3.843954,5.0,B09D4LQTYD
umap,5000,3998,11.702305,7.532975,5.0,B08L883DQ5
umap,5000,3999,12.428106,6.8153133,5.0,B0922LNFT3
umap,5000,4000,13.127034,6.3741455,4.0,B08L6HPFCR
umap,5000,4001,13.709218,0.98179114,4.0,B082W1GHY6
umap,5000,4002,10.247564,0.8564714,5.0,B07YLMJZXB
umap,5000,4003,13.07697,7.551207,4.0,B087LWC6BM
umap,5000,4004,6.1329503,3.972163,5.0,B09V3W5XFY
umap,5000,4005,10.802658,2.659256,4.0,B0BSTPV9HY
umap,5000,4006,13.003377,7.7283244,4.0,B087M428L1
umap,5000,4007,12.527493,-0.6295407,5.0,B081LBFY9D
umap,5000,4008,12.435682,2.068474,3.0,B0813DY3FY
umap,5000,4009,12.192577,1.83585,5.0,B088GT45PY
umap,5000,4010,13.040156,7.7815332,3.0,B07HKFG85D
umap,5000,4011,13.030143,-0.6240466,5.0,B0974WBDVS
umap,5000,4012,13.119278,-0.6461594,4.0,B07ZB12C8G
umap,5000,4013,7.6145153,5.519645,5.0,B07XYQS9TP
umap,5000,4014,13.933472,0.89313406,5.0,B07X54PV85
umap,5000,4015,10.517814,0.890576,4.0,B0BMQ999F8
umap,5000,4016,11.288528,5.4053035,3.0,B0BN4PNNBH
umap,5000,4017,6.2523913,3.829645,1.0,B07CB24GSV
umap,5000,4018,13.429303,4.6877804,4.0,B07K51MHPF
umap,5000,4019,11.99802,6.548204,5.0,B07VJMBRVQ
umap,5000,4020,5.9407744,3.4097912,1.0,B07KZZZ3JL
umap,5000,4021,10.113673,4.6294894,5.0,B07D33RMRN
umap,5000,4022,6.4409204,6.55517,5.0,B07C64VJNB
umap,5000,4023,11.352039,5.477816,5.0,B07Z9ZYJ5Q
umap,5000,4024,11.2273245,6.2601566,5.0,B0BWSB1W9D
umap,5000,4025,6.0969243,3.5887997,4.0,B07G8N2V9V
umap,5000,4026,13.467618,4.6074505,4.0,B08JZ4YSNR
umap,5000,4027,12.015593,5.8366246,5.0,B07CWT66DG
umap,5000,4028,11.560796,7.0686326,5.0,B07DWD3NNP
umap,5000,4029,7.673489,5.7791915,5.0,B07H7DRWJN
umap,5000,4030,11.934187,5.9518056,4.0,B018LWTYGO
umap,5000,4031,9.892415,3.9237516,4.0,B07BHGK4MC
umap,5000,4032,6.06737,3.590279,5.0,B07DBY9H6X
umap,5000,4033,9.375147,7.084381,3.0,B079S3NVV4
umap,5000,4034,11.13862,3.9175084,3.0,B071HN7FB4
umap,5000,4035,13.141215,-0.45711184,5.0,B07CWJ8MM1
umap,5000,4036,7.2664776,3.9314165,5.0,B00X69BZPG
umap,5000,4037,6.592503,3.5724344,5.0,B077378YSS
umap,5000,4038,6.9096613,4.311612,5.0,B0C7KLM8L2
umap,5000,4039,6.075551,3.6459243,5.0,B074F3YW3R
umap,5000,4040,6.1502304,3.9265494,3.0,B0747QMY9B
umap,5000,4041,9.747495,1.4626098,5.0,B071QWMTST
umap,5000,4042,9.931486,3.4243212,5.0,B07319K943
umap,5000,4043,13.040084,-0.60207754,5.0,B071W8TY6H
umap,5000,4044,11.889307,5.7988195,5.0,B09RXJHHX7
umap,5000,4045,12.348878,7.3126493,5.0,B0BHTS96ZL
umap,5000,4046,6.4306383,3.8415117,5.0,B01MSZSL4I
umap,5000,4047,8.13053,3.2509224,2.0,B018PQPALY
umap,5000,4048,12.986847,-0.6207763,4.0,B01ER4AZ9A
umap,5000,4049,11.885906,7.5432005,5.0,B07JMFQTC5
umap,5000,4050,13.901157,0.79515713,5.0,B0167G90D8
umap,5000,4051,13.930648,0.8916982,5.0,B0C15Q5H7H
umap,5000,4052,13.939022,2.6305833,5.0,B01D3NROZE
umap,5000,4053,12.967674,2.124653,5.0,B00S74HGMG
umap,5000,4054,6.9518223,6.0231214,4.0,B01DPGPOTC
umap,5000,4055,13.086862,-0.533932,4.0,B06WRRWQDB
umap,5000,4056,10.054535,3.7768385,5.0,B0000CCQKV
umap,5000,4057,11.213697,7.5073843,5.0,B00RM11QHG
umap,5000,4058,13.097912,-0.3594303,5.0,B071LP2ZRC
umap,5000,4059,10.4239855,0.6653895,5.0,B07L6JJDCG
umap,5000,4060,12.136882,2.5697227,5.0,B00F4A7A1I
umap,5000,4061,9.166944,5.5291944,5.0,B00BUCLVZU
umap,5000,4062,12.622676,6.725924,5.0,B00GJKW4YA
umap,5000,4063,5.819275,2.9016573,5.0,B01L1FEJ6S
umap,5000,4064,7.116206,3.9231017,5.0,B00PJOPF98
umap,5000,4065,6.5775337,4.1299167,5.0,B00LSYHLR2
umap,5000,4066,6.368552,3.8238742,5.0,B00M58CMYC
umap,5000,4067,7.239551,4.3092785,5.0,B004I408OW
umap,5000,4068,13.208511,-0.6471861,5.0,B00LGN7Y3G
umap,5000,4069,7.1518455,3.8218298,4.0,B00IG54NXG
umap,5000,4070,7.4532156,4.2186327,5.0,B00J3O9YRY
umap,5000,4071,7.2714105,4.092637,5.0,B00FRKOFIQ
umap,5000,4072,7.5758176,3.9801176,5.0,B00XI6A46I
umap,5000,4073,9.01863,5.024153,5.0,B00IAKLM54
umap,5000,4074,13.143206,6.231411,5.0,B006DTXIHE
umap,5000,4075,13.585577,1.3910404,5.0,B00CB7T52O
umap,5000,4076,13.45279,4.3754535,3.0,B00CWLYLWS
umap,5000,4077,6.963169,3.4935348,5.0,B00A0JUO1Q
umap,5000,4078,6.233705,3.8626063,5.0,B00CD1FB26
umap,5000,4079,8.0511675,3.1839817,3.0,B004M3EL3S
umap,5000,4080,7.6720734,4.069098,3.0,B004I8WH9M
umap,5000,4081,10.798621,1.9425561,3.0,B002COJEOU
umap,5000,4082,12.510727,7.303092,4.0,B007R9CTE2
umap,5000,4083,13.840116,0.8899696,5.0,B009T0NLYO
umap,5000,4084,10.908267,2.130242,5.0,B00NTRMUYU
umap,5000,4085,5.9827585,0.10921367,5.0,B007X3VEC0
umap,5000,4086,14.052581,1.1101731,3.0,B008MF48J4
umap,5000,4087,14.172957,2.6891487,5.0,B007OZNUCE
umap,5000,4088,10.92597,1.4572775,5.0,B0BTJBQC91
umap,5000,4089,7.2666216,4.119756,5.0,B001F7AHOG
umap,5000,4090,9.592731,6.7789235,5.0,B001769K3O
umap,5000,4091,11.458454,3.5177445,4.0,B0084Y96FE
umap,5000,4092,13.403402,7.2191296,5.0,B0B4QS4F25
umap,5000,4093,13.121957,6.411623,4.0,B004NSUMTO
umap,5000,4094,12.648467,4.7268667,5.0,B00109Y2DQ
umap,5000,4095,13.146093,1.0181525,4.0,B003CFB1AS
umap,5000,4096,10.072794,4.7446284,5.0,B002ONSRA6
umap,5000,4097,9.976489,4.754697,3.0,B004MSGEOC
umap,5000,4098,9.178507,5.6163554,5.0,B005TI1ILS
umap,5000,4099,9.708137,4.7152348,5.0,B004NP1E9E
umap,5000,4100,14.2721,2.045247,5.0,B01M0MT6BT
umap,5000,4101,14.284172,2.3416977,5.0,B0057WTEWQ
umap,5000,4102,10.287188,4.585341,5.0,B004SBCF4Q
umap,5000,4103,12.884296,1.158492,5.0,B004JWA70I
umap,5000,4104,14.254317,2.538502,5.0,B074D5QYPN
umap,5000,4105,14.198038,2.650196,5.0,B004HFS6Z0
umap,5000,4106,9.461702,3.260669,5.0,B003VD1CVY
umap,5000,4107,11.495296,3.6209362,5.0,B003WQAIJC
umap,5000,4108,13.942588,0.81557125,4.0,B07PR21291
umap,5000,4109,12.757255,-0.20418078,5.0,B004JMZPJQ
umap,5000,4110,13.072415,-0.20858224,5.0,B004BQTTE2
umap,5000,4111,7.749267,4.1386847,5.0,B003JQLPYC
umap,5000,4112,11.724412,1.777904,5.0,B003H4QV22
umap,5000,4113,6.240728,3.4918232,5.0,B003UYU16G
umap,5000,4114,10.717887,4.2316813,4.0,B002XN7C6W
umap,5000,4115,13.280785,4.9070964,5.0,B003SHMKHS
umap,5000,4116,13.08584,7.3999662,5.0,B07YFD37SF
umap,5000,4117,9.174088,5.5681057,5.0,B0018O77Q2
umap,5000,4118,12.7853155,-0.12548378,5.0,B001TZQITM
umap,5000,4119,6.2080297,3.34955,3.0,B0002QLQ96
umap,5000,4120,7.243563,4.051301,5.0,B00E57BSMI
umap,5000,4121,9.077614,5.015205,2.0,B002IC0YLS
umap,5000,4122,11.564802,3.519607,3.0,B001Q3M9D6
umap,5000,4123,11.249111,4.220597,5.0,B001TOD7MO
umap,5000,4124,9.124544,5.054279,4.0,B002IC0YL8
umap,5000,4125,11.799651,3.9173157,3.0,B001OQC0JS
umap,5000,4126,7.364997,4.177079,5.0,B0007LI13U
umap,5000,4127,8.773217,6.2864146,4.0,B001C1MGKI
umap,5000,4128,9.189341,5.5306416,5.0,B000ER5G6C
umap,5000,4129,13.202965,7.265553,5.0,B0006Q3B2W
umap,5000,4130,8.9703865,4.982744,5.0,B00093IIRA
umap,5000,4131,11.528207,3.4055498,4.0,B0019MOKYA
umap,5000,4132,6.8678813,3.9831836,4.0,B000H0QIRC
umap,5000,4133,13.566467,2.8836896,5.0,B08J9NQ6CS
umap,5000,4134,7.5912604,-3.2869205,4.0,B082T7HDGT
umap,5000,4135,7.9668283,-1.7774081,4.0,B07KJ6GDGN
umap,5000,4136,7.3896422,2.619157,5.0,B088CTT6KZ
umap,5000,4137,-12.722013,12.514553,1.0,B07KXVLRHG
umap,5000,4138,13.146529,7.6488285,5.0,B08RMVG7BY
umap,5000,4139,13.079472,7.727906,5.0,B0BCPC68J6
umap,5000,4140,5.878866,6.9199452,4.0,B0757LCDD5
umap,5000,4141,12.043206,6.919663,5.0,B0B12PXQYM
umap,5000,4142,12.829286,1.6942414,5.0,B00FES2TU2
umap,5000,4143,5.630372,3.6921716,5.0,B001S0PX1M
umap,5000,4144,13.213427,6.01377,5.0,B005PCPI82
umap,5000,4145,5.093083,-0.030528858,5.0,B005DION7U
umap,5000,4146,10.998981,7.115426,5.0,B076GVVB6R
umap,5000,4147,5.553214,3.382973,4.0,B0753CSBW1
umap,5000,4148,6.9304514,3.0307372,5.0,B008F2YEN4
umap,5000,4149,9.642843,2.8573167,5.0,B0B24GTQ9G
umap,5000,4150,6.6928754,2.9681077,5.0,B00AZFMOS6
umap,5000,4151,13.184532,1.4567324,5.0,B00WH2TB1S
umap,5000,4152,6.0826864,3.9315672,5.0,B0046EDOWW
umap,5000,4153,12.889856,4.359834,5.0,B077HGQ44Q
umap,5000,4154,12.567878,3.9001043,1.0,B00E9MD700
umap,5000,4155,6.043216,0.050196644,1.0,B09FLGDRMZ
umap,5000,4156,5.6272955,3.678419,3.0,B0B4DPLGHQ
umap,5000,4157,5.651623,3.446657,2.0,B08KR8CRQP
umap,5000,4158,9.397329,-0.057534304,5.0,B09DGFHKNC
umap,5000,4159,8.545089,1.2382338,2.0,B0BWLWDLPF
umap,5000,4160,7.4492884,3.6124194,4.0,B08M9DXY4P
umap,5000,4161,13.51292,0.10982011,1.0,B06XSW5JRZ
umap,5000,4162,13.159766,6.177666,5.0,B0B21DKG75
umap,5000,4163,9.444045,0.4377617,3.0,B00D23LYW0
umap,5000,4164,9.6489,0.080005944,5.0,B0194TXW4I
umap,5000,4165,9.688764,2.328076,5.0,B08D3LP9W4
umap,5000,4166,9.137521,0.17721315,5.0,B07QC4WZFZ
umap,5000,4167,9.870839,2.5862882,5.0,B0002F67N2
umap,5000,4168,11.242566,2.8953528,5.0,B0BP9Z1LB5
umap,5000,4169,8.308156,3.1647007,5.0,B0791TX5P5
umap,5000,4170,11.560407,3.4163716,5.0,B0BPMLRQHQ
umap,5000,4171,10.328565,-0.447536,5.0,B07H65KP63
umap,5000,4172,7.6150537,5.673329,5.0,B07KTYJ769
umap,5000,4173,11.379391,0.4158318,5.0,B093K8HLJZ
umap,5000,4174,14.181412,2.547754,5.0,B07J2FGZSM
umap,5000,4175,10.79919,2.7513442,4.0,B00OQVZDJM
umap,5000,4176,10.342454,-0.44986814,3.0,B00ZXB1US2
umap,5000,4177,9.557584,1.1335233,3.0,B01N0H8WUZ
umap,5000,4178,11.205357,-0.1817,5.0,B07SNQLZD4
umap,5000,4179,5.7204924,3.5245054,4.0,B07VQLT75P
umap,5000,4180,10.247917,-0.6832208,5.0,B09SGKSD4P
umap,5000,4181,9.211531,3.7602022,2.0,B00RCSU7OW
umap,5000,4182,5.738876,3.117247,5.0,B000MUXVYK
umap,5000,4183,9.831232,1.1496341,5.0,B07WZSTQD9
umap,5000,4184,13.362787,4.5032988,5.0,B00HPMCO4Q
umap,5000,4185,11.17087,1.6244979,5.0,B0012BL8LG
umap,5000,4186,8.257206,-2.0910952,5.0,B00L3KSP08
umap,5000,4187,9.015027,4.948143,3.0,B095YT1C6M
umap,5000,4188,7.2754655,2.6963396,5.0,B07XV3GGRX
umap,5000,4189,11.214402,3.2759078,4.0,B071GGB84Y
umap,5000,4190,10.843054,7.0715256,5.0,B075KP9XHS
umap,5000,4191,10.872199,7.194544,4.0,B07GVWH35S
umap,5000,4192,9.225723,6.0507956,4.0,B00ND5UOFU
umap,5000,4193,9.829618,4.8543105,4.0,B00LD3Q56G
umap,5000,4194,10.800451,6.9442525,5.0,B000E1PXJS
umap,5000,4195,7.9362054,4.5581594,4.0,B007R9RUPU
umap,5000,4196,9.304778,1.3933524,5.0,B01M0GB8CC
umap,5000,4197,9.44528,0.13924791,1.0,B0C211KFK4
umap,5000,4198,9.8765,2.7241564,5.0,B07GZFM1ZM
umap,5000,4199,8.17919,0.8857257,5.0,B07KJ6GDGN
umap,5000,4200,11.953442,3.6519527,5.0,B01DKOFZVQ
umap,5000,4201,11.940309,3.6403475,3.0,B00GMCLLYE
umap,5000,4202,10.867536,7.302098,5.0,B0BHWQ3H17
umap,5000,4203,10.870406,7.2578773,5.0,B0819PCPBV
umap,5000,4204,13.089006,6.2742214,4.0,B00RELNQXG
umap,5000,4205,12.837649,6.430802,5.0,B010JKMO7W
umap,5000,4206,5.584907,3.7228775,5.0,B01M9AWXJO
umap,5000,4207,9.120387,5.0620713,4.0,B00BII1156
umap,5000,4208,9.157697,5.095477,5.0,B0B58ZK8CZ
umap,5000,4209,12.805413,7.7591615,3.0,B071WW5M69
umap,5000,4210,9.759896,0.48911396,2.0,B07DWXL8GD
umap,5000,4211,8.875067,1.7456443,1.0,B008RSH6NG
umap,5000,4212,13.575562,0.96936923,5.0,B07X3GQT7V
umap,5000,4213,5.4951873,3.9222212,1.0,B07PYLT6DN
umap,5000,4214,9.810097,5.0752854,1.0,B07XNXQCZ2
umap,5000,4215,10.889376,0.70752895,5.0,B071K5BQPF
umap,5000,4216,13.149274,-0.47854304,5.0,B07J3FMTJ4
umap,5000,4217,12.019307,7.4312167,1.0,B01MYT9D96
umap,5000,4218,9.817424,5.769234,5.0,B00WHT67YA
umap,5000,4219,12.99247,7.500403,2.0,B084CZJK7H
umap,5000,4220,9.550467,4.822446,5.0,B075X8471B
umap,5000,4221,7.397007,3.1648655,5.0,B0153WUOXM
umap,5000,4222,8.762025,4.125562,2.0,B0C1N6CWVL
umap,5000,4223,7.344864,3.723921,1.0,B07S4MFN8Z
umap,5000,4224,9.15911,5.062116,5.0,B078T633Q9
umap,5000,4225,9.645533,5.30017,5.0,B08WJSHSLC
umap,5000,4226,9.760464,5.075309,5.0,B0791TX5P5
umap,5000,4227,9.312721,4.961336,5.0,B075X8471B
umap,5000,4228,7.8481083,5.9394684,5.0,B01BRWH8G8
umap,5000,4229,7.478725,3.768119,5.0,B01K8B8YA8
umap,5000,4230,11.349826,3.3664424,5.0,B00QFY4JRA
umap,5000,4231,12.149575,7.730132,3.0,B0774TF8WY
umap,5000,4232,9.968749,-0.08630822,5.0,B07GP2ZDQ8
umap,5000,4233,9.967277,1.8130212,5.0,B01MZ8ZU42
umap,5000,4234,10.138295,1.4484168,5.0,B07CKQY7RN
umap,5000,4235,7.419429,2.7754512,5.0,B01D4HTIOY
umap,5000,4236,12.870459,1.8556085,5.0,B08H1SR1B3
umap,5000,4237,10.084887,-1.2756085,5.0,B09ZTW2DJJ
umap,5000,4238,5.7688837,3.212174,5.0,B07YY1DCHG
umap,5000,4239,11.024695,0.9225196,5.0,B08VRLPWQL
umap,5000,4240,5.6579204,3.6981683,4.0,B0858N128P
umap,5000,4241,12.167668,7.7602906,5.0,B08DXJB77C
umap,5000,4242,9.515262,-1.420197,5.0,B08RD8K7ZG
umap,5000,4243,9.712543,0.18185307,5.0,B087R7MNBQ
umap,5000,4244,5.780545,4.213756,1.0,B07TGTSKSH
umap,5000,4245,10.668628,-0.3820423,5.0,B0BJVP51YS
umap,5000,4246,9.132477,4.9431067,5.0,B07TH2CYNT
umap,5000,4247,13.747013,1.1862286,5.0,B099ZTR1GJ
umap,5000,4248,10.317102,0.36930993,2.0,B07S764D9V
umap,5000,4249,8.896957,1.7323573,1.0,B016UCB7G2
umap,5000,4250,9.114084,0.9889547,5.0,B01M7VOJFW
umap,5000,4251,11.648351,1.8051403,2.0,B000HVHYJW
umap,5000,4252,9.087254,1.3589365,1.0,B0C211KFK4
umap,5000,4253,8.691016,2.7512054,5.0,B09W4XDQ9Q
umap,5000,4254,10.345577,1.8540633,5.0,B0C6ML153J
umap,5000,4255,5.892123,0.2139994,5.0,B01AOODE18
umap,5000,4256,11.276056,-0.6698661,3.0,B00006IAGZ
umap,5000,4257,13.382203,4.0024276,3.0,B00L0YLRUW
umap,5000,4258,10.062728,3.9502168,5.0,B00P8D9N52
umap,5000,4259,8.545724,0.46367902,5.0,B07PHQ93TV
umap,5000,4260,10.652357,2.8112524,5.0,B003VAGXZC
umap,5000,4261,10.116792,1.585645,5.0,B07GPGVYGX
umap,5000,4262,9.857801,2.6683748,5.0,B09YVLCHCH
umap,5000,4263,10.674277,0.105034836,5.0,B07KPCRBTL
umap,5000,4264,12.26426,7.1539836,1.0,B009XHC70W
umap,5000,4265,9.929968,2.7170532,2.0,B08GWV46QP
umap,5000,4266,14.032203,0.6325835,5.0,B09RH3B1YG
umap,5000,4267,13.395444,1.2205229,5.0,B07CYG62HB
umap,5000,4268,5.7779036,3.955832,1.0,B013ZR5KJU
umap,5000,4269,9.587627,0.43802792,3.0,B01LX3FJ8X
umap,5000,4270,9.835739,5.2162223,3.0,B086VR9J8Q
umap,5000,4271,9.756094,5.7611356,5.0,B07GZFM1ZM
umap,5000,4272,9.934943,-0.32078782,2.0,B0BS2TMK39
umap,5000,4273,5.4443803,0.111484826,5.0,B003VAGXZC
umap,5000,4274,8.938977,0.85407585,2.0,B0B5R4Z5WH
umap,5000,4275,13.628158,1.2911906,4.0,B07NPGGFYJ
umap,5000,4276,10.07352,2.7591422,4.0,B07N8VFFNS
umap,5000,4277,9.456173,6.76953,5.0,B074TC662N
umap,5000,4278,12.216361,-10.597679,5.0,B0791TX5P5
umap,5000,4279,5.9265304,2.8993442,5.0,B073S582XZ
umap,5000,4280,7.609269,5.887231,1.0,B07H65KP63
umap,5000,4281,14.01904,1.7606517,5.0,B07HQH7M9T
umap,5000,4282,13.499683,3.1271286,5.0,B07F4P3JH7
umap,5000,4283,12.957381,-0.73194546,5.0,B09NW99FDL
umap,5000,4284,13.405093,2.142335,5.0,B09FXTQ32M
umap,5000,4285,11.239733,2.6994748,3.0,B0C1Z6K266
umap,5000,4286,5.7230124,3.628954,5.0,B0B2K1C5TG
umap,5000,4287,10.797524,2.725552,5.0,B08R5WKLD8
umap,5000,4288,5.552582,0.09562554,4.0,B08ZC74KH9
umap,5000,4289,12.07879,2.7262127,5.0,B08FT8LKHC
umap,5000,4290,6.4204283,2.9981122,4.0,B08SQ8QNPW
umap,5000,4291,8.353982,3.1205256,4.0,B087CGPX49
umap,5000,4292,11.773211,2.989198,4.0,B0BHT61RNB
umap,5000,4293,11.47757,3.436336,3.0,B07KR82DHG
umap,5000,4294,11.053306,1.6123159,5.0,B000VL21KU
umap,5000,4295,10.575998,2.9446044,2.0,B07K2ZHN9C
umap,5000,4296,11.296776,6.313716,1.0,B07JGT5HCW
umap,5000,4297,12.913384,-0.16996786,4.0,B07K9F16YG
umap,5000,4298,11.510859,3.346724,2.0,B07DLTYC6S
umap,5000,4299,5.726711,2.9844596,5.0,B07K8XPS7J
umap,5000,4300,5.881101,3.4563472,5.0,B083MMMKV5
umap,5000,4301,11.618822,3.3783584,5.0,B088W1VYR5
umap,5000,4302,9.940715,4.4430923,4.0,B09HVB9XJ7
umap,5000,4303,6.4703555,6.5329785,4.0,B07B4915CX
umap,5000,4304,10.811042,7.104352,5.0,B07PYHMYWV
umap,5000,4305,8.238911,4.708331,4.0,B07FLH7VLQ
umap,5000,4306,5.774905,3.0642264,5.0,B07FC9BNQL
umap,5000,4307,13.046929,-0.87229985,5.0,B07FP3LY47
umap,5000,4308,11.293024,2.4258044,5.0,B07JYZRZ3F
umap,5000,4309,13.061518,2.798706,2.0,B07B8QMNMV
umap,5000,4310,11.727138,2.6381326,3.0,B01NGTX7X8
umap,5000,4311,13.287233,-0.60822684,5.0,B07CSPD27K
umap,5000,4312,12.725323,-0.68126696,4.0,B01M6C9CC3
umap,5000,4313,13.965203,0.77532715,5.0,B071QWFRFG
umap,5000,4314,13.069431,-0.69467336,5.0,B079L8JS1G
umap,5000,4315,6.156283,4.3812494,5.0,B073RZSTGL
umap,5000,4316,7.1923494,3.6875951,5.0,B07C1QB53H
umap,5000,4317,5.54896,3.5546837,5.0,B079P9QV3C
umap,5000,4318,11.350118,-0.7275719,3.0,B01N5C85GL
umap,5000,4319,7.40994,3.858102,5.0,B079V81NS8
umap,5000,4320,6.459725,6.553166,5.0,B073WY596L
umap,5000,4321,5.632782,3.2089622,5.0,B074PP3ZPF
umap,5000,4322,5.6661115,3.1635873,4.0,B0747LJMDJ
umap,5000,4323,9.913265,3.8367639,5.0,B077RKPYCS
umap,5000,4324,12.762349,1.0203114,5.0,B011I91K7S
umap,5000,4325,11.865364,5.881537,5.0,B09RXJHHX7
umap,5000,4326,11.689789,2.57172,5.0,B09299G7TR
umap,5000,4327,8.051374,3.294913,5.0,B01IWIBJ6K
umap,5000,4328,7.549721,5.823179,5.0,B01K8B8YA8
umap,5000,4329,9.661213,5.6056247,5.0,B01LWVSFZ8
umap,5000,4330,13.171963,-0.6697252,5.0,B01N5Y1V39
umap,5000,4331,12.002913,3.847621,5.0,B01M4LZBOM
umap,5000,4332,9.695863,4.7729373,5.0,B016W8XDY8
umap,5000,4333,9.937025,3.8534489,5.0,B00QOQU95K
umap,5000,4334,11.992674,3.701063,2.0,B07HL5SDPQ
umap,5000,4335,14.168934,1.6582563,5.0,B00FQ1NO9W
umap,5000,4336,5.7448792,2.984171,5.0,B00DBRONZC
umap,5000,4337,13.25692,-0.5560589,4.0,B008E18PDG
umap,5000,4338,10.427239,4.601422,5.0,B009PK2MNY
umap,5000,4339,12.829083,-0.30499798,3.0,B01KTKFMFS
umap,5000,4340,11.921249,6.7566648,1.0,B08Y8K3JK5
umap,5000,4341,12.257367,7.4996185,5.0,B093BNHQFR
umap,5000,4342,7.73987,5.94631,5.0,B07H65KP63
umap,5000,4343,11.417823,0.54525554,5.0,B086WVQ3KB
umap,5000,4344,11.361398,1.0358874,5.0,B098FZ19GX
umap,5000,4345,11.409903,-0.03450525,1.0,B07C4ZPTYT
umap,5000,4346,8.847862,3.9655812,2.0,B09WDS7KLW
umap,5000,4347,11.356363,-0.5807408,5.0,B01B6AN7WK
umap,5000,4348,13.216464,6.1037326,5.0,B008R79VMQ
umap,5000,4349,10.511962,3.0654726,3.0,B007LOSMS0
umap,5000,4350,10.2343235,3.4290123,1.0,B008USBYMM
umap,5000,4351,9.817044,-0.5167625,5.0,B07FXJD8W1
umap,5000,4352,5.9142723,3.9641788,5.0,B013HSW4SM
umap,5000,4353,12.617947,4.6890326,4.0,B01J66NF46
umap,5000,4354,5.650485,4.1176324,1.0,B08JSMB43D
umap,5000,4355,11.060611,2.7469528,5.0,B0BT22X92B
umap,5000,4356,11.259056,-0.041440375,3.0,B0B9LDXJ3X
umap,5000,4357,13.692798,0.8782373,5.0,B08GLMFT79
umap,5000,4358,9.97669,4.0628295,5.0,B07SHFPD8S
umap,5000,4359,10.6284485,-0.32624993,5.0,B0C876SJG6
umap,5000,4360,9.658292,5.692686,3.0,B075X8471B
umap,5000,4361,9.033898,-0.12685674,5.0,B071RXTD57
umap,5000,4362,7.8140054,0.7117742,5.0,B08CLNX58K
umap,5000,4363,11.472708,0.84405863,5.0,B00SC7GHSM
umap,5000,4364,7.5780034,2.4276288,5.0,B00O15BQC6
umap,5000,4365,8.043017,3.9072254,1.0,B000VN32O2
umap,5000,4366,8.399691,3.5614605,4.0,B08PBPZB5Z
umap,5000,4367,12.122688,4.867318,1.0,B07PHQ93TV
umap,5000,4368,9.15868,2.5233407,1.0,B07HZLHPKP
umap,5000,4369,9.147623,2.7686558,1.0,B07S9THRC5
umap,5000,4370,12.718584,1.2679248,1.0,B0C9LWR99P
umap,5000,4371,12.679007,4.1638713,5.0,B0BSH231H2
umap,5000,4372,8.200458,0.72693557,5.0,B01HAVSPOY
umap,5000,4373,9.033211,1.5472473,5.0,B000067RG5
umap,5000,4374,8.963521,0.8365529,2.0,B00711ST5O
umap,5000,4375,9.102604,0.81235886,1.0,B0133U4MHU
umap,5000,4376,11.999028,0.9312775,1.0,B00KA3LS8K
umap,5000,4377,9.491533,0.58161503,5.0,B00NNBQKA2
umap,5000,4378,8.973067,0.8640508,1.0,B00LEFU2EY
umap,5000,4379,10.138559,7.6290526,1.0,B01F4H1DM2
umap,5000,4380,9.218109,-0.342349,5.0,B016NP71MA
umap,5000,4381,9.57404,1.1139482,1.0,B00NWQZK3Q
umap,5000,4382,13.255161,4.8313828,5.0,B07454F4JH
umap,5000,4383,7.2553115,2.8236432,5.0,B07CZ2PZJM
umap,5000,4384,6.057705,0.03699537,1.0,B0B7HTGNQK
umap,5000,4385,8.993916,0.96852374,1.0,B00906E03I
umap,5000,4386,8.316926,-2.0524933,5.0,B081R1QS8K
umap,5000,4387,9.60652,-0.16093118,5.0,B08X2LQYZR
umap,5000,4388,9.539727,-1.4124027,5.0,B076WQHK2G
umap,5000,4389,9.522618,-1.4118043,5.0,B07QVCZQ7N
umap,5000,4390,9.526552,-1.4217982,5.0,B087F362BX
umap,5000,4391,9.510897,-1.4162207,5.0,B07FMQ4YR7
umap,5000,4392,9.526153,-1.4214046,5.0,B08HS9ZWQL
umap,5000,4393,9.521255,-1.4193268,5.0,B08FPD1938
umap,5000,4394,9.525493,-1.4255512,5.0,B08B1WQY3D
umap,5000,4395,9.510132,-1.444312,5.0,B08DLSLCF3
umap,5000,4396,9.517956,-1.4287965,5.0,B07GNK18VJ
umap,5000,4397,9.516844,-1.448693,5.0,B0B6DPD19Z
umap,5000,4398,8.330166,-1.0127181,5.0,B072J983PB
umap,5000,4399,13.570217,2.9177628,5.0,B07F4P3JH7
umap,5000,4400,10.650841,1.5110995,5.0,B076BBWMDJ
umap,5000,4401,8.3199,-1.828692,5.0,B0043C0HJA
umap,5000,4402,8.531651,0.42766446,5.0,B07HWJ9TKL
umap,5000,4403,10.139668,-0.04891014,5.0,B0711ZKF75
umap,5000,4404,9.612567,2.361062,5.0,B0C26NRH8Z
umap,5000,4405,6.488152,3.767137,3.0,B0BHNC2ZYV
umap,5000,4406,13.818411,0.7790716,5.0,B07S8WB3BR
umap,5000,4407,9.3096895,0.5402318,1.0,B09BJJTKLK
umap,5000,4408,5.976687,0.110702746,5.0,B08TC81YQG
umap,5000,4409,12.4012375,6.781741,1.0,B0BBGK39G4
umap,5000,4410,12.498357,5.531399,1.0,B08T9T4C7J
umap,5000,4411,12.862859,3.2921345,4.0,B0B4F9H4DF
umap,5000,4412,13.746747,0.42683458,3.0,B0B47D3S6T
umap,5000,4413,8.005776,0.8780672,1.0,B09M8LN19F
umap,5000,4414,9.131886,2.2507772,5.0,B09NQ7151V
umap,5000,4415,10.353075,5.794928,3.0,B0933G71SZ
umap,5000,4416,13.278929,0.7528403,1.0,B09GDD648C
umap,5000,4417,13.27566,0.8911752,1.0,B0BVYB9NVD
umap,5000,4418,12.167285,6.7603846,1.0,B0BVY4JVNG
umap,5000,4419,10.018288,2.3653288,5.0,B0BVY5RHRR
umap,5000,4420,5.84031,3.7508245,2.0,B0BLVYRWTX
umap,5000,4421,11.5300665,5.706953,4.0,B0BWYPV5NY
umap,5000,4422,11.63535,7.1848946,2.0,B07LG4FYVR
umap,5000,4423,10.846746,7.190981,5.0,B07ZQC6B9D
umap,5000,4424,6.945729,3.9735484,5.0,B078H4YD2L
umap,5000,4425,6.409448,6.596288,5.0,B07P5JV6HT
umap,5000,4426,6.413067,6.592475,1.0,B08M8Y6473
umap,5000,4427,12.795507,3.9824963,5.0,B01IEU7UZ0
umap,5000,4428,10.818784,5.122776,1.0,B0883DTP6L
umap,5000,4429,13.705248,0.9048825,1.0,B01MFBM684
umap,5000,4430,13.290699,4.291728,5.0,B0BHMN1T7B
umap,5000,4431,9.632828,0.01685299,5.0,B073S3WQQH
umap,5000,4432,8.55128,4.818356,1.0,B01DLCQZGG
umap,5000,4433,8.80095,1.5186602,4.0,B0BGMZZMZN
umap,5000,4434,6.254102,3.213928,5.0,B00WSLYQ7C
umap,5000,4435,6.9143486,3.3412957,5.0,B00IOG3URW
umap,5000,4436,9.452618,7.6310983,5.0,B003KPBRRW
umap,5000,4437,10.522477,1.1149502,5.0,B0063N7UGA
umap,5000,4438,9.604061,4.731664,5.0,B004MFBH8S
umap,5000,4439,6.0124073,0.34958732,1.0,B0009RKLMG
umap,5000,4440,8.937735,5.850949,5.0,B001GGAIGI
umap,5000,4441,9.095289,5.7627153,5.0,B001DVZXC0
umap,5000,4442,13.437422,0.9593995,5.0,B08SHKWV8L
umap,5000,4443,13.65708,0.9135035,1.0,B078JCWJ9Z
umap,5000,4444,12.807507,4.5259542,3.0,B01CIEBS74
umap,5000,4445,13.1537695,1.0401558,1.0,B01K6PBIRC
umap,5000,4446,10.801987,2.7771988,1.0,B01A08E70K
umap,5000,4447,10.786992,5.1711993,5.0,B00A83I8G2
umap,5000,4448,13.624492,0.74133056,5.0,B00GA2PELW
umap,5000,4449,11.4027,3.5722454,5.0,B00B8KXLT8
umap,5000,4450,11.275746,-0.12584773,1.0,B0BYPFJKT7
umap,5000,4451,12.728586,4.589458,5.0,B008J0Z9TA
umap,5000,4452,13.041613,3.4196808,5.0,B00AW4O0M8
umap,5000,4453,13.5465355,0.7763959,5.0,B004V9F61O
umap,5000,4454,12.700087,4.533566,5.0,B004Q3C98S
umap,5000,4455,14.199403,2.6544423,1.0,B00825C0PS
umap,5000,4456,13.305323,0.75390977,5.0,B0777SJZ55
umap,5000,4457,5.2625737,0.044276744,5.0,B0043T7FXE
umap,5000,4458,9.983449,-0.20777014,1.0,B01J94SWWU
umap,5000,4459,12.615838,7.762394,5.0,B08XKBPPM3
umap,5000,4460,13.016993,5.972217,3.0,B005HGILN0
umap,5000,4461,9.993806,0.50418293,4.0,B0C36JWCCM
umap,5000,4462,5.4459596,3.6046,5.0,B09JQMJHXY
umap,5000,4463,8.275505,0.44743294,5.0,B0097BEFWC
umap,5000,4464,11.428782,5.4191146,3.0,B09L44Z63L
umap,5000,4465,9.622085,0.27567112,5.0,B0B7RL1835
umap,5000,4466,7.591403,3.9119616,5.0,B07H65KP63
umap,5000,4467,13.477568,2.0442863,5.0,B07JMQP6T6
umap,5000,4468,11.208678,0.51864445,5.0,B094QBNBC4
umap,5000,4469,9.632805,5.3578467,5.0,B07H65KP63
umap,5000,4470,9.548114,6.773731,5.0,B0C26NRH8Z
umap,5000,4471,9.099178,4.9695525,5.0,B09TKC23YB
umap,5000,4472,11.994361,7.749076,5.0,B095H4PGJ5
umap,5000,4473,9.535696,2.3418858,5.0,B0778MP49B
umap,5000,4474,5.791969,3.1750944,5.0,B0787KLT56
umap,5000,4475,9.646498,5.7932367,5.0,B00ZVJAF9G
umap,5000,4476,12.642319,6.9592066,5.0,B013DN53WU
umap,5000,4477,12.797823,3.4420571,5.0,B00PVIBIN4
umap,5000,4478,11.269838,4.807986,5.0,B01F69ARK2
umap,5000,4479,10.649487,-0.320611,5.0,B00MWZTWJG
umap,5000,4480,11.242437,-0.07045481,5.0,B07RYN4ZVL
umap,5000,4481,6.0532136,3.1126337,5.0,B07FM4HKWN
umap,5000,4482,11.477547,3.2555726,5.0,B0C61QZ71T
umap,5000,4483,9.332022,3.153304,1.0,B0BX86Q6PB
umap,5000,4484,7.445364,4.2447824,5.0,B00BCSYZSW
umap,5000,4485,5.9230742,3.4105444,5.0,B00BONB8FS
umap,5000,4486,9.924988,3.9117293,5.0,B003U46SWC
umap,5000,4487,12.661542,3.414437,5.0,B0BC8KWS2Q
umap,5000,4488,13.020081,-0.6862521,5.0,B0BY98CSFT
umap,5000,4489,13.103735,-0.48111287,5.0,B0BRTPJ8FW
umap,5000,4490,6.8850904,3.0484948,5.0,B0BCF1BSXK
umap,5000,4491,7.194062,4.193409,5.0,B08G6KK3L6
umap,5000,4492,7.781476,5.9727035,5.0,B07HZLHPKP
umap,5000,4493,11.735573,-0.042377908,1.0,B06XW7T3WD
umap,5000,4494,12.654819,6.663929,1.0,B0B8J17B9L
umap,5000,4495,9.471244,-0.84431565,5.0,B0BN1LF4PS
umap,5000,4496,10.518696,-0.48991573,5.0,B0822D8551
umap,5000,4497,12.294842,2.3780835,5.0,B0B2K25S5S
umap,5000,4498,9.938042,6.964302,4.0,B08G1NNG1W
umap,5000,4499,9.697892,7.1876874,5.0,B0C4P11F1C
umap,5000,4500,9.60815,6.953144,4.0,B0895N285F
umap,5000,4501,10.407635,4.4389715,5.0,B0CDCF3MLP
umap,5000,4502,5.2085075,0.07177315,4.0,B09Y1PSVTB
umap,5000,4503,5.2153654,0.02814953,4.0,B087Q5XTK9
umap,5000,4504,13.335703,4.503079,5.0,B0C447ZT7H
umap,5000,4505,12.262721,2.3877885,4.0,B087LS8ZRV
umap,5000,4506,11.614559,6.938207,5.0,B08LPJL3KB
umap,5000,4507,10.087281,7.0609994,5.0,B08CV271C7
umap,5000,4508,11.241679,7.6658225,4.0,B08K42MJFP
umap,5000,4509,10.791658,7.00937,5.0,B08Q2WMGKP
umap,5000,4510,11.8370495,6.86344,5.0,B08HM2TBPN
umap,5000,4511,11.362785,6.0679455,5.0,B08HS2ZCMB
umap,5000,4512,13.385735,4.6440825,5.0,B08QV1HG4S
umap,5000,4513,10.781019,7.017529,5.0,B08HCDV6TT
umap,5000,4514,10.550359,7.105586,5.0,B08FD2XKWH
umap,5000,4515,12.151429,5.8552117,5.0,B08GX2YF4D
umap,5000,4516,10.714507,7.0594625,5.0,B08CDD6PCW
umap,5000,4517,11.261414,-0.19966319,4.0,B08315RYD4
umap,5000,4518,10.783343,6.9142747,5.0,B09LQ4FCD6
umap,5000,4519,11.404994,7.439311,5.0,B08BC9J8QQ
umap,5000,4520,10.982429,7.317844,5.0,B0B23LRBRP
umap,5000,4521,10.295008,7.0602837,5.0,B09WKF4TZ4
umap,5000,4522,10.879485,7.1820545,5.0,B08DCSS6LH
umap,5000,4523,11.881828,6.794826,5.0,B08BJ8TBZ4
umap,5000,4524,12.267486,4.4649506,4.0,B08MFWGDH1
umap,5000,4525,12.077942,5.813305,4.0,B09LH8BBBK
umap,5000,4526,11.129932,6.0414386,4.0,B08C4NSZQK
umap,5000,4527,11.023084,7.540492,5.0,B087T7T8Z7
umap,5000,4528,10.941803,7.475198,5.0,B08N3ZWCN8
umap,5000,4529,11.015992,7.6760335,5.0,B087TCTMKV
umap,5000,4530,11.207158,7.831035,4.0,B088K166SR
umap,5000,4531,6.716453,2.9970205,4.0,B08C5GPVP2
umap,5000,4532,9.767907,4.9251046,5.0,B08P1YXVNR
umap,5000,4533,8.728119,4.4350977,4.0,B0931DYBX5
umap,5000,4534,11.905188,1.3872788,4.0,B08FG7X8TL
umap,5000,4535,10.950738,3.7888508,5.0,B0BKG4RT1F
umap,5000,4536,12.555766,3.386906,4.0,B081VT2CPW
umap,5000,4537,12.211548,2.3564367,5.0,B07Z7ZWC6S
umap,5000,4538,11.904434,5.9598427,5.0,B0859TMPHT
umap,5000,4539,8.461223,4.1480527,4.0,B07XQ325Y3
umap,5000,4540,11.907232,6.8253164,5.0,B084Z66SFG
umap,5000,4541,5.2696424,0.059028342,4.0,B09Y2SCDB2
umap,5000,4542,12.179846,2.3697143,5.0,B07ZNQZC9W
umap,5000,4543,10.250135,5.056892,4.0,B0BVV61JV3
umap,5000,4544,11.306562,-0.62373084,5.0,B083XSR7Z6
umap,5000,4545,11.287567,6.030522,5.0,B082WCKGD8
umap,5000,4546,12.638537,7.212318,4.0,B083SG6P3J
umap,5000,4547,10.098344,5.0451403,5.0,B0C45YWP9R
umap,5000,4548,9.724628,3.6877823,5.0,B07ZWYLVNY
umap,5000,4549,8.253155,3.2035081,4.0,B07ZVG36ZR
umap,5000,4550,10.951895,6.670023,5.0,B0823BYWGN
umap,5000,4551,12.858924,1.7230324,5.0,B083169BMW
umap,5000,4552,13.942211,0.78227884,5.0,B0814BN42P
umap,5000,4553,11.25772,5.781882,5.0,B0B28GXPRR
umap,5000,4554,13.897481,0.75866437,5.0,B07YJXWDJP
umap,5000,4555,7.518673,4.3783755,4.0,B08LYFRFDK
umap,5000,4556,10.879412,7.213025,5.0,B0814TG59P
umap,5000,4557,12.03324,6.0331573,5.0,B0773LJBZ5
umap,5000,4558,10.767732,3.1782634,5.0,B07WL1RMZK
umap,5000,4559,12.079849,5.999031,4.0,B07Q8N8BN8
umap,5000,4560,12.055451,5.82649,5.0,B07TX1M942
umap,5000,4561,12.579771,-0.059368618,5.0,B07R3QL594
umap,5000,4562,5.535651,3.8190143,5.0,B07QXJZ6HR
umap,5000,4563,11.510647,5.6897006,4.0,B07PVG3ZW3
umap,5000,4564,10.779937,6.9121614,4.0,B0891X1KDY
umap,5000,4565,12.68135,4.708273,4.0,B07S1FMVKG
umap,5000,4566,8.111938,3.286708,3.0,B0BJ7QMYBF
umap,5000,4567,11.551965,1.7167853,4.0,B07Q1DPGWM
umap,5000,4568,11.152317,6.1813283,5.0,B07LFWRL26
umap,5000,4569,11.412229,2.6666598,4.0,B07PVM4YSX
umap,5000,4570,12.884297,7.237141,4.0,B0BXPGHMN6
umap,5000,4571,11.8738985,0.6284124,5.0,B09WHPJZD3
umap,5000,4572,11.18012,3.815059,4.0,B08D8XN6C2
umap,5000,4573,11.38479,2.5396788,4.0,B0B9HF8KDV
umap,5000,4574,13.606497,0.6829309,4.0,B06ZYB8VD7
umap,5000,4575,10.897589,6.890236,5.0,B07HF1TZ1X
umap,5000,4576,12.257212,2.4152255,5.0,B07DND2W6W
umap,5000,4577,5.20641,0.045794554,4.0,B0BG27Y7DY
umap,5000,4578,11.567713,3.8107295,4.0,B079YGJ9XL
umap,5000,4579,12.273495,2.429991,5.0,B076B3Q8JR
umap,5000,4580,5.8842173,3.321181,3.0,B077P4WWHV
umap,5000,4581,5.793515,3.3117373,5.0,B0778PCW73
umap,5000,4582,9.915576,3.9155293,4.0,B071XY12YY
umap,5000,4583,6.5563245,4.146759,5.0,B0764DQM28
umap,5000,4584,7.731431,3.8219836,5.0,B06XDH6XL3
umap,5000,4585,13.075908,3.2909167,5.0,B06WD61CF5
umap,5000,4586,12.890663,3.43701,5.0,B01MS79LGW
umap,5000,4587,11.540704,7.107612,4.0,B01N526C57
umap,5000,4588,11.2153225,5.9930396,5.0,B07ZPPR4DH
umap,5000,4589,6.1407747,4.2259765,5.0,B01DM7AEKI
umap,5000,4590,11.032262,8.043227,5.0,B01BD79DSS
umap,5000,4591,7.258273,4.196853,5.0,B0156KV764
umap,5000,4592,11.785336,2.5643964,4.0,B00UAN79KQ
umap,5000,4593,12.860102,-0.077155255,5.0,B00U5ROEIW
umap,5000,4594,10.375355,4.6140137,4.0,B00SOXMCCO
umap,5000,4595,13.461889,0.72057563,5.0,B01BJLCN94
umap,5000,4596,11.847519,6.4147725,3.0,B00O90HI3Y
umap,5000,4597,9.845792,2.8665984,4.0,B00GTRVO12
umap,5000,4598,13.093696,7.561733,5.0,B07MFZMQHP
umap,5000,4599,7.5008016,4.360785,5.0,B00I59VBH4
umap,5000,4600,13.000829,3.5858436,5.0,B00ANG3T1S
umap,5000,4601,13.863286,0.9390962,4.0,B00EZBY6F0
umap,5000,4602,12.731535,-0.19954129,5.0,B00EN9Q35A
umap,5000,4603,7.4983864,3.8845494,5.0,B00BF9I0JI
umap,5000,4604,7.327867,4.271614,5.0,B00CACUZF6
umap,5000,4605,13.771037,0.8511165,4.0,B009YQ8BTI
umap,5000,4606,11.655274,2.6103947,4.0,B008RW6QHY
umap,5000,4607,5.9294043,3.5580242,4.0,B0094S37GS
umap,5000,4608,13.188574,0.68880916,4.0,B002MCZ2L6
umap,5000,4609,13.226507,0.7354435,4.0,B00AFSNGAI
umap,5000,4610,9.49938,3.255706,4.0,B006ZGB58Y
umap,5000,4611,13.246698,4.612871,4.0,B0013G04AQ
umap,5000,4612,7.3638372,4.2403235,5.0,B003LNNOCO
umap,5000,4613,12.815582,-0.3107885,5.0,B004JMZPJQ
umap,5000,4614,13.86727,0.88917726,5.0,B0079T724W
umap,5000,4615,9.539189,3.2960389,3.0,B007CRWQ74
umap,5000,4616,6.1813745,3.933924,5.0,B007K3SB6K
umap,5000,4617,12.369125,0.5115602,5.0,B003ES61EE
umap,5000,4618,6.047542,3.7980917,4.0,B005FVDTAW
umap,5000,4619,6.067091,3.8850007,3.0,B004JU0E08
umap,5000,4620,6.087717,3.9241347,5.0,B002YOENAS
umap,5000,4621,9.447135,7.035971,4.0,B004K1EZDS
umap,5000,4622,11.607045,3.7353928,4.0,B004I1KJ8U
umap,5000,4623,13.436615,2.650302,5.0,B00267SENK
umap,5000,4624,13.84747,0.7945152,4.0,B004AM625G
umap,5000,4625,7.444162,4.112357,4.0,B0041HXGIQ
umap,5000,4626,7.681227,4.0632625,3.0,B001D559Y8
umap,5000,4627,12.979659,-0.4238128,5.0,B0033A7K7A
umap,5000,4628,9.404399,7.0292463,5.0,B0013F6HK8
umap,5000,4629,5.896306,3.3482504,4.0,B0C39XH7F7
umap,5000,4630,10.896075,3.3944657,1.0,B07N86MCD2
umap,5000,4631,6.271249,4.166048,1.0,B00AFGP5MM
umap,5000,4632,8.756564,2.5071263,5.0,B07Z9X3397
umap,5000,4633,13.016065,1.1209936,5.0,B07S83DXDK
umap,5000,4634,7.930912,0.84871286,5.0,B06W568Y6C
umap,5000,4635,7.775688,0.646288,5.0,B07H65KP63
umap,5000,4636,12.546185,2.1105297,4.0,B0C5S13X5W
umap,5000,4637,11.280104,6.227591,1.0,B083LC9WMB
umap,5000,4638,7.085101,2.7348046,5.0,B097MPYBR7
umap,5000,4639,11.753788,0.27877522,3.0,B082TNQZYQ
umap,5000,4640,6.361763,6.6332784,5.0,B07MFZ9MHM
umap,5000,4641,9.766303,5.769194,5.0,B075X8471B
umap,5000,4642,8.551168,2.5615175,4.0,B076F4MWJ2
umap,5000,4643,13.559132,1.3343638,5.0,B078XRNNDG
umap,5000,4644,13.742268,2.8494916,5.0,B01BFIBRIE
umap,5000,4645,12.138278,4.7357664,5.0,B01BRWH8G8
umap,5000,4646,11.114813,0.9305479,3.0,B0BB2LBQJ9
umap,5000,4647,13.098021,0.6645886,5.0,B0995VY79Y
umap,5000,4648,12.180073,1.9998276,5.0,B08SQKZDKR
umap,5000,4649,11.312384,0.85730475,5.0,B07D1MFR2V
umap,5000,4650,10.3594885,0.40521902,5.0,B091GFZJRT
umap,5000,4651,8.46282,-0.78296614,5.0,B07TLVMRNW
umap,5000,4652,7.5025973,3.624616,5.0,B07TJLM1YM
umap,5000,4653,7.359258,3.554281,5.0,B078W4T2SS
umap,5000,4654,12.910871,0.6066418,5.0,B07L63NVK4
umap,5000,4655,11.509447,3.1278083,3.0,B075QCZRXY
umap,5000,4656,13.293746,4.7783895,5.0,B09ZQ4GHM8
umap,5000,4657,10.0936365,-1.631826,5.0,B0C4T2HF5W
umap,5000,4658,13.319868,1.2418123,5.0,B01HCGZY50
umap,5000,4659,12.343116,0.5814345,5.0,B09G2SP42N
umap,5000,4660,11.425352,0.8774785,1.0,B00G2UBWGI
umap,5000,4661,11.440576,6.2845535,5.0,B07LF54F6H
umap,5000,4662,12.644492,6.7081246,5.0,B077XVH192
umap,5000,4663,13.390142,1.3908669,1.0,B07BSJCMGS
umap,5000,4664,9.248779,4.973538,5.0,B01ETRH0AM
umap,5000,4665,5.7141356,3.15333,5.0,B07V3RB9C1
umap,5000,4666,12.673087,6.7389164,5.0,B075WD3YHX
umap,5000,4667,10.557086,7.1320176,4.0,B09F5PVRQD
umap,5000,4668,10.565568,7.0396237,5.0,B0B787CN26
umap,5000,4669,8.001827,4.8213873,5.0,B01I8VCDX4
umap,5000,4670,11.013829,5.881344,1.0,B0199HAOAU
umap,5000,4671,11.6693,5.834182,5.0,B0761T4DHF
umap,5000,4672,9.225392,6.901206,5.0,B013CV95J0
umap,5000,4673,14.056826,2.790316,3.0,B07P374FF3
umap,5000,4674,9.130043,5.8690524,5.0,B00RFLXE0A
umap,5000,4675,12.418355,7.1606092,4.0,B018SZT3BK
umap,5000,4676,9.387034,7.1286125,5.0,B00QGOQ2BA
umap,5000,4677,9.303583,7.040839,5.0,B01N0FGGBR
umap,5000,4678,9.470884,3.2912166,5.0,B00TIYNGBY
umap,5000,4679,9.849366,5.6421313,5.0,B08J91XPGV
umap,5000,4680,11.274434,4.8631387,5.0,B00BH61UV4
umap,5000,4681,8.890745,0.9907255,1.0,B09J49WZXQ
umap,5000,4682,10.182424,0.89319444,4.0,B00O8NVPBI
umap,5000,4683,7.13829,3.0128589,5.0,B001THL8SQ
umap,5000,4684,11.532806,-0.13573387,5.0,B01CXIFOU2
umap,5000,4685,6.3495746,3.8997123,5.0,B00LMRP6UY
umap,5000,4686,12.888452,0.57285947,4.0,B098Q3L9NJ
umap,5000,4687,11.273259,-0.32461068,1.0,B07H4SVXYP
umap,5000,4688,12.329096,4.887575,3.0,B09BQLWBR3
umap,5000,4689,9.214076,6.875413,1.0,B00NR1EHP8
umap,5000,4690,6.9154487,3.1385798,5.0,B00FO0IHMY
umap,5000,4691,5.9366155,0.18492967,4.0,B00QRPPCMI
umap,5000,4692,10.82908,3.7007694,4.0,B0B2V9KS41
umap,5000,4693,10.606864,3.7655427,5.0,B081498PMW
umap,5000,4694,12.579934,2.1402512,2.0,B07PG6YW52
umap,5000,4695,13.491064,3.0253212,5.0,B0794ZR7T8
umap,5000,4696,13.220867,0.8086789,5.0,B07FMBYFD1
umap,5000,4697,13.108183,3.77714,3.0,B07PSGC87H
umap,5000,4698,10.379918,0.3055725,5.0,B08YFJYD5Z
umap,5000,4699,12.23154,7.1765437,5.0,B008KRZDYI
umap,5000,4700,12.076777,6.977167,2.0,B08TZX2DW5
umap,5000,4701,7.7097993,0.623956,5.0,B0041OTZAM
umap,5000,4702,9.008615,6.1163673,1.0,B09L7HBXYC
umap,5000,4703,10.765597,2.5984035,1.0,B08XQCYPJ3
umap,5000,4704,10.8217745,2.9219992,5.0,B0BNSWXKFB
umap,5000,4705,12.611819,7.462164,5.0,B0C5S4MXKF
umap,5000,4706,13.215919,-0.6090972,4.0,B017EHRZX6
umap,5000,4707,13.180675,-0.5954339,2.0,B088LWZRQ8
umap,5000,4708,11.952183,7.06796,4.0,B00GYP8MA0
umap,5000,4709,12.385791,6.681163,5.0,B07TKVB64D
umap,5000,4710,11.503293,3.1738162,5.0,B014TUZ92U
umap,5000,4711,12.684585,4.3907123,5.0,B011BRUOMO
umap,5000,4712,11.694105,-0.08067423,5.0,B00S05R5QY
umap,5000,4713,9.733655,2.4597547,5.0,B07KTYJ769
umap,5000,4714,10.181335,0.475541,5.0,B07SGBZF17
umap,5000,4715,12.245303,7.7136264,5.0,B078H4694S
umap,5000,4716,9.657649,5.565632,5.0,B075JZNHTD
umap,5000,4717,11.298409,4.800936,5.0,B01L73OEOG
umap,5000,4718,5.935275,3.1111357,5.0,B01DOW5RTO
umap,5000,4719,7.4444113,3.489629,5.0,B01LZV6TYQ
umap,5000,4720,12.701132,6.218213,5.0,B01FJPACGC
umap,5000,4721,11.190555,2.3963437,2.0,B017NHHZ4G
umap,5000,4722,13.593034,2.8652263,5.0,B07P374FF3
umap,5000,4723,10.5908165,-0.2818353,5.0,B00BT6NZLA
umap,5000,4724,13.072414,7.637855,4.0,B004I2KA4M
umap,5000,4725,11.201705,-0.34555385,5.0,B00CRQUKQ4
umap,5000,4726,9.552556,-0.27329466,5.0,B098ZZWTC5
umap,5000,4727,10.955773,0.94431406,4.0,B0BLMPQL2D
umap,5000,4728,13.960463,0.6688363,5.0,B0079EZRGC
umap,5000,4729,11.702391,1.1679989,5.0,B00BQM8S2S
umap,5000,4730,14.235481,2.5575328,5.0,B0051VVOB2
umap,5000,4731,13.755305,0.8053348,5.0,B009AOGJDE
umap,5000,4732,9.176281,1.4870402,5.0,B07NSWGL41
umap,5000,4733,9.492982,2.575149,5.0,B011CUSX3C
umap,5000,4734,9.678904,4.8311944,5.0,B08N9DPW69
umap,5000,4735,11.052321,3.9055564,4.0,B0BM2YG2K7
umap,5000,4736,11.759901,-0.1595245,5.0,B071FXZBMV
umap,5000,4737,12.146984,6.498359,4.0,B07BK59YYC
umap,5000,4738,13.165887,4.5897675,5.0,B0C1BVZHD1
umap,5000,4739,12.806183,3.199193,3.0,B07W1Q3X7S
umap,5000,4740,8.273774,3.1729188,4.0,B07CPNR79C
umap,5000,4741,11.364592,-0.7412273,5.0,B082Z2KZP8
umap,5000,4742,9.269495,0.908592,4.0,B07PQJGCVT
umap,5000,4743,12.055331,7.7506576,5.0,B00KDOUH0G
umap,5000,4744,7.905232,2.8859482,4.0,B001FA1O18
umap,5000,4745,10.867155,3.613546,5.0,B005FM8UL4
umap,5000,4746,11.077052,3.8411233,5.0,B07KVP7TTW
umap,5000,4747,9.07061,3.4696062,5.0,B091YNGYMT
umap,5000,4748,14.200769,1.6401991,5.0,B00FJK0LDW
umap,5000,4749,9.333135,4.823666,1.0,B002UUTCMU
umap,5000,4750,9.675275,0.6819305,1.0,B00WUWVO88
umap,5000,4751,7.608544,5.920537,2.0,B07HZLHPKP
umap,5000,4752,11.400913,3.3400803,4.0,B00N1XLAZC
umap,5000,4753,9.284575,6.3592696,5.0,B01CCMUN8C
umap,5000,4754,5.1023,-0.02787607,4.0,B00BIFNTMC
umap,5000,4755,12.409736,2.3530102,5.0,B08FD79VFW
umap,5000,4756,10.352613,0.09658697,5.0,B07TXJQC3J
umap,5000,4757,7.4130993,3.5808823,3.0,B07CRKFF9C
umap,5000,4758,9.771573,5.3310347,1.0,B075X8471B
umap,5000,4759,10.326993,-0.45841134,5.0,B0736ZHMMK
umap,5000,4760,8.333438,4.0893874,5.0,B09FDMGNQR
umap,5000,4761,10.09156,0.4818871,5.0,B07NZ5F523
umap,5000,4762,10.69635,1.780751,5.0,B0BQRNFHCV
umap,5000,4763,10.719613,1.54344,5.0,B00SF6VSVG
umap,5000,4764,13.338822,1.0991596,5.0,B06XSGYL1Q
umap,5000,4765,8.02828,3.7699728,5.0,B07Y4WVD8L
umap,5000,4766,11.8790865,6.673288,5.0,B08HM51MMR
umap,5000,4767,11.782652,7.5774775,5.0,B08H5LZRVS
umap,5000,4768,8.121297,3.463952,5.0,B08H5DV1YC
umap,5000,4769,12.353653,7.3042073,5.0,B08KTJC3P5
umap,5000,4770,5.237581,0.07823904,5.0,B09Y1PSVTB
umap,5000,4771,13.004552,2.5263464,5.0,B087Q5XTK9
umap,5000,4772,13.125263,4.4235697,5.0,B083P66G5H
umap,5000,4773,13.170068,4.5870867,5.0,B09BQQZQMM
umap,5000,4774,12.824407,0.41970387,4.0,B082W1SWKC
umap,5000,4775,12.779551,3.5922499,4.0,B08CSHM6L3
umap,5000,4776,12.551024,6.619639,4.0,B07921HW1Z
umap,5000,4777,12.918264,1.899108,5.0,B07X54PV85
umap,5000,4778,12.692753,6.87623,4.0,B07VSGQ62K
umap,5000,4779,10.672909,7.1951637,5.0,B0BMQ999F8
umap,5000,4780,10.86476,7.0625386,5.0,B07SCXM7BH
umap,5000,4781,10.143105,5.490852,4.0,B07M8RNRGT
umap,5000,4782,13.265312,6.265856,5.0,B0BGPJNJBH
umap,5000,4783,12.1141815,6.7593346,1.0,B07RXXTZ6R
umap,5000,4784,12.706878,3.5895832,5.0,B07RF2123Z
umap,5000,4785,12.161448,5.9257913,5.0,B07FQ94LV7
umap,5000,4786,6.19083,4.3658223,4.0,B07S479R2L
umap,5000,4787,7.551988,4.230971,4.0,B08TRD3FRW
umap,5000,4788,11.53307,5.7690644,4.0,B07PVG3ZW3
umap,5000,4789,13.124417,7.27313,4.0,B07YJ9L5MY
umap,5000,4790,10.978581,5.878615,4.0,B07QKBV6TP
umap,5000,4791,13.06516,3.876691,5.0,B00JZFG6QS
umap,5000,4792,13.335165,-0.48571676,4.0,B07PPP7QMP
umap,5000,4793,8.474724,4.273899,2.0,B07PCGV1FC
umap,5000,4794,10.610646,2.7867723,5.0,B07JGSN975
umap,5000,4795,11.336338,4.126779,2.0,B07M9K3122
umap,5000,4796,5.765201,3.2828836,3.0,B07N5XKK95
umap,5000,4797,11.685533,3.78666,4.0,B07G57SHSL
umap,5000,4798,12.087576,5.8564677,4.0,B07JX736SB
umap,5000,4799,12.035434,6.7762227,4.0,B07FZSR9JW
umap,5000,4800,11.981913,6.653389,3.0,B07FDHN9V8
umap,5000,4801,10.653675,2.827295,4.0,B07STM5GQG
umap,5000,4802,5.278684,0.10771683,4.0,B07BMX18JN
umap,5000,4803,11.379395,5.8791556,5.0,B07N3B66YQ
umap,5000,4804,7.692143,5.979895,4.0,B07MC8C9LP
umap,5000,4805,12.932343,6.976063,4.0,B07DN7XBN3
umap,5000,4806,11.575331,3.7705884,1.0,B07MZRP64K
umap,5000,4807,5.7996783,4.0082965,3.0,B07MCSKB9P
umap,5000,4808,13.100569,7.0858874,4.0,B0BXPGHMN6
umap,5000,4809,9.469967,7.0356255,5.0,B00QGOQ2BA
umap,5000,4810,9.453888,7.056341,5.0,B0C1D3JB4R
umap,5000,4811,10.325473,4.6084437,5.0,B07LCDQSVL
umap,5000,4812,10.547224,2.45175,5.0,B08Y929JZN
umap,5000,4813,12.93435,4.314946,4.0,B085QC3JXX
umap,5000,4814,12.930063,2.8895383,4.0,B07JW1YSRH
umap,5000,4815,12.867218,1.5315806,4.0,B07KXWX1VY
umap,5000,4816,5.6781745,0.10333505,3.0,B0CBW96P7H
umap,5000,4817,7.3421764,3.9533188,4.0,B07HT12PD5
umap,5000,4818,7.83483,4.5941896,4.0,B07HR7H4ML
umap,5000,4819,5.343988,0.27903438,5.0,B0BC2STR39
umap,5000,4820,13.44849,4.7553134,5.0,B0B6D4W3R7
umap,5000,4821,5.240459,0.20115225,5.0,B0BG27Y7DY
umap,5000,4822,12.900004,3.656839,5.0,B06WVQ7SQL
umap,5000,4823,5.1540146,0.14801867,4.0,B074HYNMWG
umap,5000,4824,13.07448,-0.7683647,5.0,B0722Y445X
umap,5000,4825,13.176631,3.970704,2.0,B00CRGJDD0
umap,5000,4826,13.359115,7.340496,5.0,B06WP2Y7B4
umap,5000,4827,12.504974,-0.7272427,5.0,B01AC402TM
umap,5000,4828,10.769131,3.0399826,5.0,B01IOHQYDM
umap,5000,4829,13.057334,-0.78043216,5.0,B01CXP8AX8
umap,5000,4830,9.420143,7.621764,5.0,B00PEW7NP4
umap,5000,4831,9.412701,7.6551476,5.0,B00TLEXZ8K
umap,5000,4832,9.407925,7.6412897,5.0,B00V5EMQAM
umap,5000,4833,12.894325,3.398763,5.0,B01BF11RJK
umap,5000,4834,12.931087,3.3833797,5.0,B00ZVNTU6Q
umap,5000,4835,12.931239,3.382961,5.0,B01BF13LZ8
umap,5000,4836,12.926397,3.3836591,5.0,B015IX72CM
umap,5000,4837,12.87721,-0.18658437,5.0,B017KF7WH6
umap,5000,4838,13.308372,1.901939,5.0,B00Y3DLTF0
umap,5000,4839,12.992725,4.562835,4.0,B00SSUWGQK
umap,5000,4840,9.436388,3.7853432,5.0,B00M30SQL0
umap,5000,4841,9.405132,7.062071,5.0,B00BK0YRZS
umap,5000,4842,9.414775,7.6549535,5.0,B00MEIBYJM
umap,5000,4843,9.398373,7.678517,5.0,B00PT90SCW
umap,5000,4844,9.417993,7.657704,5.0,B00P9WGLCU
umap,5000,4845,9.413562,7.6583614,5.0,B00NZV0LP0
umap,5000,4846,9.402566,7.6634054,5.0,B00MOTL0Q8
umap,5000,4847,9.403596,7.1490464,4.0,B00KVD6CJY
umap,5000,4848,12.916535,0.47703552,4.0,B00LIC2FHA
umap,5000,4849,13.090563,2.418409,3.0,B00CNMYP0E
umap,5000,4850,10.031369,4.6331177,3.0,B000JTL6QO
umap,5000,4851,12.223574,4.118264,4.0,B001FN14RE
umap,5000,4852,12.181056,4.0954947,4.0,B0046TVZSW
umap,5000,4853,13.068662,4.4792895,5.0,B00IYOJD84
umap,5000,4854,13.526536,3.369519,5.0,B00DGM6ZE4
umap,5000,4855,14.1912985,1.7484212,4.0,B00EUFP66Y
umap,5000,4856,13.809664,1.0905093,5.0,B00E60PZFK
umap,5000,4857,5.207885,0.12882657,5.0,B006UIFTTS
umap,5000,4858,12.888129,-0.313149,4.0,B00BW0QC8G
umap,5000,4859,14.168558,1.6288837,5.0,B00B29X7R6
umap,5000,4860,10.9590435,0.65164727,2.0,B00A3G8ZIK
umap,5000,4861,13.406817,4.7755513,5.0,B00GPL2ZJ2
umap,5000,4862,8.699791,3.7737644,4.0,B000068EAM
umap,5000,4863,8.606719,3.763023,4.0,B0001M2FYQ
umap,5000,4864,13.7658205,3.1385188,5.0,B0055D66V4
umap,5000,4865,9.866339,4.6195607,5.0,B000XG8WV0
umap,5000,4866,13.772339,1.1875168,4.0,B005EJLFXI
umap,5000,4867,13.082035,2.0470982,4.0,B005EJLFXS
umap,5000,4868,13.207932,2.0100403,4.0,B005G0CUP2
umap,5000,4869,11.492566,3.7008297,5.0,B0026FCXCU
umap,5000,4870,11.579707,3.5529468,5.0,B002B55PR0
umap,5000,4871,11.619392,3.68581,5.0,B000N386VE
umap,5000,4872,12.743835,3.6050854,5.0,B0076LY2BY
umap,5000,4873,9.840898,4.6638675,5.0,B007GNMNLS
umap,5000,4874,10.301629,4.607967,5.0,B007GNMMNM
umap,5000,4875,7.1964607,4.2664475,5.0,B004YIZWYI
umap,5000,4876,7.774406,0.6796289,5.0,B08KZ1TZYB
umap,5000,4877,8.301355,4.0059695,5.0,B00LICJZYQ
umap,5000,4878,7.1812615,3.393524,5.0,B07TRQ9JSH
umap,5000,4879,13.03007,6.7552757,5.0,B016NFJFYC
umap,5000,4880,9.365678,6.9560738,1.0,B09XV3FW7H
umap,5000,4881,6.4507637,4.2242417,3.0,B0BRL1Z4WB
umap,5000,4882,9.03109,0.43442172,1.0,B01GVOVB1A
umap,5000,4883,11.269117,1.6336944,1.0,B08LYQT6C6
umap,5000,4884,12.680806,-0.54607505,5.0,B08K2GBBY1
umap,5000,4885,10.013905,1.8118407,5.0,B07KM2BW2P
umap,5000,4886,10.466927,4.363735,5.0,B08F28DTVP
umap,5000,4887,12.482922,-0.65582454,5.0,B06WD7HC3C
umap,5000,4888,10.166514,0.04525061,5.0,B01MQFICHV
umap,5000,4889,6.020531,0.0447722,5.0,B0753GNMW2
umap,5000,4890,9.124912,2.2595425,1.0,B095JX15XF
umap,5000,4891,10.97852,2.3110752,5.0,B0098USJJ2
umap,5000,4892,7.4216723,2.906219,3.0,B088BG6512
umap,5000,4893,10.08171,-0.096151635,5.0,B07SYZRRS2
umap,5000,4894,12.925352,0.56753206,5.0,B07R78QTJ3
umap,5000,4895,8.771738,-1.9773879,5.0,B00RBG6OE2
umap,5000,4896,9.520974,-0.56320995,5.0,B076PHPKML
umap,5000,4897,8.34182,-0.99393487,5.0,B00OPTOKI0
umap,5000,4898,9.595884,-0.5844517,5.0,B01985CJUG
umap,5000,4899,9.655461,-0.6318181,5.0,B0779JLSB1
umap,5000,4900,7.4515553,2.6008506,5.0,B00TFGX35Y
umap,5000,4901,9.865087,0.24957074,5.0,B0013GJIBC
umap,5000,4902,13.402666,2.352813,1.0,B086Y77P1D
umap,5000,4903,9.590413,3.5199122,1.0,B0852JSP1W
umap,5000,4904,9.102868,0.4502219,1.0,B07JF2ZSC9
umap,5000,4905,9.649963,5.639909,5.0,B07H65KP63
umap,5000,4906,6.85358,3.3686306,4.0,B0170RBJ9Q
umap,5000,4907,8.1231165,0.7465765,5.0,B08G43DN5X
umap,5000,4908,10.608337,0.86783195,5.0,B07P6WSXBW
umap,5000,4909,5.9171863,3.3746471,5.0,B07X6KGF9R
umap,5000,4910,13.20267,1.8797514,5.0,B079D84TFQ
umap,5000,4911,10.42801,3.7725108,5.0,B00N2ZDXW2
umap,5000,4912,7.43521,3.1736193,4.0,B09F3H9RRY
umap,5000,4913,8.095227,-0.9740178,5.0,B09YNVBNRT
umap,5000,4914,6.865026,3.2388263,5.0,B0C338S8M7
umap,5000,4915,12.800936,-0.103334405,2.0,B01M71YIG3
umap,5000,4916,9.707681,5.71469,5.0,B07GZFM1ZM
umap,5000,4917,9.653018,5.2446284,4.0,B075X8471B
umap,5000,4918,7.979047,0.7993724,5.0,B076YTXPC8
umap,5000,4919,10.610669,-0.31129825,5.0,B0B17GGGGY
umap,5000,4920,5.9906597,3.116116,5.0,B07C6FHTSH
umap,5000,4921,9.358982,1.01402,5.0,B09N97CTTW
umap,5000,4922,7.6141214,4.632152,1.0,B073VLYXRW
umap,5000,4923,8.876102,-2.1390507,5.0,B0BHYZQ5LM
umap,5000,4924,8.868419,-2.1347246,5.0,B09Y8VRNRV
umap,5000,4925,8.889859,-2.153379,5.0,B0BPHSS2PW
umap,5000,4926,7.8908725,-1.7960731,5.0,B09YPZWP36
umap,5000,4927,7.3179083,3.9057345,5.0,B0B16HQ7NW
umap,5000,4928,7.2112617,3.957845,5.0,B0C2CJ136N
umap,5000,4929,8.273014,4.571491,5.0,B097ZY395L
umap,5000,4930,9.41226,5.1419563,4.0,B08FWXW5TC
umap,5000,4931,13.197724,-0.70057756,5.0,B07N6YPCMZ
umap,5000,4932,9.2433,6.88061,5.0,B08NXWM3GK
umap,5000,4933,13.12002,7.4057527,5.0,B08BPG8YJ6
umap,5000,4934,9.334512,6.839149,3.0,B0BMJ4RFGT
umap,5000,4935,11.305679,3.9818056,5.0,B08L588BBW
umap,5000,4936,11.109399,3.9809968,5.0,B09XXVR2JT
umap,5000,4937,11.064368,4.021955,5.0,B09XXVR2JT
umap,5000,4938,13.147027,4.5382843,5.0,B07ZSD7CBJ
umap,5000,4939,10.985004,3.8610919,5.0,B09TD6YRS4
umap,5000,4940,9.256109,6.931527,5.0,B08HPHRXDT
umap,5000,4941,9.424811,6.9198647,5.0,B0B5P8C87Y
umap,5000,4942,9.929893,6.4142413,5.0,B084JSDR5B
umap,5000,4943,11.694349,3.3861942,5.0,B095PVXLWJ
umap,5000,4944,8.37529,3.155259,5.0,B08WLY6BPG
umap,5000,4945,11.614317,5.682882,5.0,B0B8W72ZG6
umap,5000,4946,6.390056,6.6010637,5.0,B0BFFXDM1V
umap,5000,4947,10.372845,4.499632,5.0,B08QSLJKGX
umap,5000,4948,9.202976,6.8530135,5.0,B0BN5D2G8G
umap,5000,4949,11.171688,3.523208,5.0,B093CFF943
umap,5000,4950,10.375425,2.0143201,4.0,B09K3ZLPB5
umap,5000,4951,10.940295,3.2497573,5.0,B08H5S9QZ5
umap,5000,4952,11.085453,4.0406165,5.0,B08RRS4W2D
umap,5000,4953,9.420819,6.9490175,5.0,B08N3DHVS1
umap,5000,4954,11.708863,5.6141963,4.0,B0BV25ZQW3
umap,5000,4955,5.6083503,3.6792228,5.0,B0BDSZ2KT3
umap,5000,4956,5.9755487,3.3170948,5.0,B08JWJG7WS
umap,5000,4957,10.877936,4.0877876,5.0,B08R62YZ97
umap,5000,4958,10.108708,4.6785607,5.0,B08T252MCJ
umap,5000,4959,11.943638,5.634551,5.0,B087ZMWQB6
umap,5000,4960,12.061159,5.782143,5.0,B08NDGD2V5
umap,5000,4961,10.832544,3.9162085,5.0,B08PBQGJ2Q
umap,5000,4962,11.646399,5.734345,5.0,B08R6936N6
umap,5000,4963,5.830158,3.5431802,5.0,B08SQ8QNPW
umap,5000,4964,5.65739,3.6463678,5.0,B08N63BCW8
umap,5000,4965,11.064223,3.7538466,5.0,B08DR5MNNG
umap,5000,4966,6.160651,3.7741804,5.0,B0C4TNHV6H
umap,5000,4967,10.884232,4.036255,5.0,B08PB9PFPY
umap,5000,4968,12.810277,3.7003179,5.0,B08T91YHPW
umap,5000,4969,6.08953,0.024127355,5.0,B09XHR8WDZ
umap,5000,4970,11.755187,2.6237123,5.0,B08NJCDFPD
umap,5000,4971,11.199845,5.8692746,5.0,B08PCWHQ7W
umap,5000,4972,11.173809,3.6531527,5.0,B08P3J2JP2
umap,5000,4973,5.6491866,3.771747,5.0,B08Q81H52F
umap,5000,4974,6.1030674,-0.01012045,5.0,B09X9BNL7K
umap,5000,4975,13.03015,-0.72344154,5.0,B086GFYLYF
umap,5000,4976,11.881993,5.82712,5.0,B08T9T4C7J
umap,5000,4977,9.375469,7.064221,5.0,B0922SG3ZT
umap,5000,4978,12.581716,-0.01986422,4.0,B0C68XNGG1
umap,5000,4979,9.237175,6.8346906,5.0,B08V4FB3X3
umap,5000,4980,11.898924,4.306219,5.0,B0BS2SLDVY
umap,5000,4981,11.54529,5.6870503,4.0,B08DHCNQQ2
umap,5000,4982,11.356431,6.660478,5.0,B089X3PYHP
umap,5000,4983,10.781264,5.8393936,5.0,B0BM3V5NTN
umap,5000,4984,9.509794,6.698466,5.0,B07TXDLM8T
umap,5000,4985,9.261303,6.8649697,5.0,B0BM3PMNM7
umap,5000,4986,10.246872,1.9507722,5.0,B0B8F272SB
umap,5000,4987,5.676405,3.233045,5.0,B08HMHP2BP
umap,5000,4988,5.464203,3.8049564,5.0,B092HWCDVW
umap,5000,4989,7.414703,3.766643,5.0,B08P19WSDC
umap,5000,4990,11.647704,4.2074714,4.0,B08R9J16VM
umap,5000,4991,12.278659,0.95653456,5.0,B08J3T813G
umap,5000,4992,11.083621,5.5580997,4.0,B08H1H29F4
umap,5000,4993,5.2174745,0.061950993,5.0,B07DBSKWQ5
umap,5000,4994,11.567777,5.705185,5.0,B08P5BMJ9D
umap,5000,4995,12.138345,6.880303,5.0,B09MHWMM15
umap,5000,4996,5.5024734,3.8338568,5.0,B08L5LKVY7
umap,5000,4997,10.891093,6.501763,5.0,B0874V465W
umap,5000,4998,12.110093,6.902404,5.0,B095RSQWSQ
umap,5000,4999,5.956914,3.4387338,5.0,B081SLB69N
