method,n_samples,point_id,x,y,rating,parent_asin
pca,5000,0,-0.07594097,0.18564686,3.0,B083NRGZMM
pca,5000,1,-0.031554956,-0.17192855,1.0,B07N69T6TM
pca,5000,2,-0.22091383,0.32856104,5.0,B01G8JO5F2
pca,5000,3,0.19898948,0.45434174,5.0,B001OC5JKY
pca,5000,4,-0.3551875,0.0029343516,5.0,B07CJYMRWM
pca,5000,5,-0.11126353,0.24963388,5.0,B07CML419K
pca,5000,6,-0.32971615,-0.09794578,5.0,B07BHHB5RH
pca,5000,7,-0.46928743,0.121524334,5.0,B09S6Y5BRG
pca,5000,8,0.11735003,-0.19528073,5.0,B01LW71IBJ
pca,5000,9,-0.09178054,-0.075863615,5.0,B017T99JPG
pca,5000,10,-0.24492928,-0.025976034,1.0,B00L0YLRUW
pca,5000,11,0.062205154,-0.1546496,3.0,B01HHURN3W
pca,5000,12,-0.32048813,0.0013785847,5.0,B004S2JX7W
pca,5000,13,-0.17568472,-0.205905,3.0,B0047T79VS
pca,5000,14,0.06854348,-0.12885298,5.0,B00IXNUDG2
pca,5000,15,-0.14436977,-0.1748811,5.0,B00PVCXB4Y
pca,5000,16,-0.13720055,-0.08379297,5.0,B00X5C22SS
pca,5000,17,0.030025847,0.28974676,5.0,B0BKQZGST4
pca,5000,18,0.3136807,-0.12767188,5.0,B01LQF8B7G
pca,5000,19,0.21695974,-0.17153193,4.0,B075X8471B
pca,5000,20,0.09143012,-0.061542414,5.0,B0B2DLVCF3
pca,5000,21,-0.07105075,0.027487896,5.0,B0199HAOAU
pca,5000,22,-0.07959299,-0.16814029,5.0,B0093162RM
pca,5000,23,-0.28012583,0.100635305,5.0,B07FCZY1ZB
pca,5000,24,-0.20357679,-0.108355775,5.0,B00RH29CJO
pca,5000,25,0.2291182,0.35473037,5.0,B08P3VMW76
pca,5000,26,0.2073094,0.1022249,5.0,B013KPXNSW
pca,5000,27,-0.01768101,0.004752878,4.0,B0862W5BQ8
pca,5000,28,-0.08277401,-0.18162997,5.0,B004XC6GJ0
pca,5000,29,0.11855595,0.12937064,5.0,B0BNX9QVXZ
pca,5000,30,-0.34607768,-0.034217283,5.0,B0BN534JBB
pca,5000,31,-0.109522134,0.25617364,5.0,B08X4R1T16
pca,5000,32,-0.3934092,-0.07410959,5.0,B08932J7NC
pca,5000,33,-0.08125663,-0.18918133,5.0,B078LLS33F
pca,5000,34,0.055748645,0.19557752,5.0,B00V3KLZSW
pca,5000,35,-0.12747286,0.02426811,5.0,B012ASFKOU
pca,5000,36,-0.11386308,-0.18200992,4.0,B001FWYGJS
pca,5000,37,0.13640223,0.17727545,5.0,B08YP2F6VG
pca,5000,38,-0.0558314,-0.07771169,5.0,B0C8HDXFXN
pca,5000,39,0.011088191,-0.108810365,5.0,B00RBGYGPG
pca,5000,40,0.04622783,0.027796075,5.0,B007EVDJV0
pca,5000,41,0.10161657,-0.13022946,5.0,B00KLZLBCK
pca,5000,42,0.19151571,0.10142073,5.0,B09NHSGWPD
pca,5000,43,0.2290104,-0.2556789,1.0,B095KHWNLK
pca,5000,44,-0.0031011961,-0.0015005581,5.0,B08BRJ98H3
pca,5000,45,0.040729284,-0.07891391,5.0,B08912RRG5
pca,5000,46,-0.12180634,0.010063622,5.0,B07GVWH35S
pca,5000,47,0.20804961,0.37271437,5.0,B06VTQK7CB
pca,5000,48,0.2615263,-0.040386908,1.0,B0776DSP7Y
pca,5000,49,0.07099247,-0.092224225,2.0,B00NWXM5U0
pca,5000,50,0.04279779,-0.29319665,5.0,B01DDIAX1Q
pca,5000,51,0.068951935,-0.121598795,2.0,B00L49X8E6
pca,5000,52,-0.33959982,-0.021773312,5.0,B09HDZ8FQY
pca,5000,53,0.23527703,0.2993847,5.0,B00PQBDQPO
pca,5000,54,-0.27809098,-0.14642233,5.0,B00CRF9V2O
pca,5000,55,-0.2522046,-0.27868986,5.0,B00BHC7ZTE
pca,5000,56,0.06702148,-0.1083166,4.0,B00852JEPW
pca,5000,57,0.083507136,-0.029099256,2.0,B09ZTXZ1MQ
pca,5000,58,-0.19731922,-0.13177201,5.0,B09MYGF318
pca,5000,59,0.024300871,0.07703416,1.0,B07VV6TT69
pca,5000,60,0.045645922,0.113820836,5.0,B07BRHB8C1
pca,5000,61,0.035348594,-0.32061172,5.0,B07Z6BPJXQ
pca,5000,62,0.20859183,0.010504346,4.0,B083YHS7SV
pca,5000,63,0.07450412,-0.222452,5.0,B0046EDOWW
pca,5000,64,0.24727194,-0.35897902,5.0,B0045DT3A6
pca,5000,65,0.068359986,0.39968854,5.0,B09DSSQ52Q
pca,5000,66,0.17350121,0.093669206,3.0,B07H3PN7K3
pca,5000,67,0.15818197,-0.16454178,5.0,B0733GXPYZ
pca,5000,68,0.10841808,0.14499992,2.0,B07TPLH5YK
pca,5000,69,0.020236226,-0.2474615,2.0,B07FPQ343D
pca,5000,70,0.22093202,0.12422162,5.0,B00VKIY9RG
pca,5000,71,0.34000972,0.19353878,5.0,B07BJ8KD6X
pca,5000,72,-0.21389073,-0.2616836,1.0,B0061F6QUG
pca,5000,73,-0.30216476,-0.19330427,5.0,B09DRXBKVG
pca,5000,74,-0.041258913,0.014514323,5.0,B09TB71VLY
pca,5000,75,-0.06998013,-0.08855986,5.0,B002N3MM6W
pca,5000,76,0.15171924,-0.21606432,5.0,B07KTYJ769
pca,5000,77,0.29508188,-0.30389854,5.0,B07PGL2N7J
pca,5000,78,-0.07466665,-0.20628151,5.0,B07J2GSF3S
pca,5000,79,-0.018014498,-0.13878718,3.0,B07Z9QXZMW
pca,5000,80,0.114418924,-0.14318599,4.0,B07Q585X37
pca,5000,81,0.08552486,-0.09324601,4.0,B07P97SHQP
pca,5000,82,-0.12753765,-0.0829083,5.0,B07B3TX6MF
pca,5000,83,0.08953267,-0.22307824,4.0,B07WPY2W4Y
pca,5000,84,0.0036310293,-0.2332565,4.0,B083Z3QCY6
pca,5000,85,0.11765924,0.065745935,4.0,B07F71KFMQ
pca,5000,86,0.17015721,0.017056085,4.0,B07547WSQQ
pca,5000,87,0.10669544,-0.10340744,4.0,B07P7KG4TJ
pca,5000,88,-0.06734441,-0.016110431,4.0,B01LYC6A8M
pca,5000,89,0.20603125,0.18009886,5.0,B0B2Y5WYRG
pca,5000,90,0.108166456,0.06421848,5.0,B08KG14KCT
pca,5000,91,0.02136188,0.032287877,5.0,B09FF1RNDT
pca,5000,92,0.11835876,-0.21601668,3.0,B00FGI4C14
pca,5000,93,0.2151827,-0.26275715,3.0,B07B4BF3KT
pca,5000,94,-0.017952733,-0.37086537,5.0,B08XBLP2V8
pca,5000,95,0.015064731,-0.3169426,5.0,B018S7DPU8
pca,5000,96,0.107226804,-0.054343235,5.0,B00MYU0E0K
pca,5000,97,0.13149063,-0.022273362,5.0,B000Q85WOK
pca,5000,98,0.1667181,-0.21400526,5.0,B01KWY71BO
pca,5000,99,0.1271733,-0.27504662,4.0,B008I64LC6
pca,5000,100,0.092094935,-0.27427313,5.0,B079Y46M3N
pca,5000,101,0.2473258,-0.17023169,3.0,B01MZ45YUU
pca,5000,102,0.18038087,-0.1363882,5.0,B074V4CWFD
pca,5000,103,0.13303085,-0.2650974,3.0,B0083J8DFY
pca,5000,104,-0.086180985,-0.23045403,5.0,B09N7SXX1X
pca,5000,105,0.28203055,0.16276413,5.0,B00X4XEBTQ
pca,5000,106,0.07186552,-0.31802112,4.0,B001CJOLBW
pca,5000,107,-0.20180674,-0.15852052,5.0,B0032FOKME
pca,5000,108,-0.18109548,-0.1864579,5.0,B002WBX7TQ
pca,5000,109,-0.17483607,-0.14642029,4.0,B07CB22VVJ
pca,5000,110,-0.057945598,-0.060233068,4.0,B0002MQGK4
pca,5000,111,-0.01971339,-0.02776822,4.0,B0092TGP4A
pca,5000,112,-0.06427415,-0.042550366,5.0,B00552PA7G
pca,5000,113,-0.13227849,-0.18170984,5.0,B07CDCX945
pca,5000,114,-0.034480315,-0.15292893,4.0,B07BYZBG2X
pca,5000,115,0.13681915,-0.1666164,5.0,B07CBLV151
pca,5000,116,-0.10497546,-0.23876318,3.0,B000SJ2TJ8
pca,5000,117,-0.039379846,0.017197467,5.0,B003UT2C4U
pca,5000,118,0.17420882,-0.06180546,5.0,B084JBVY4S
pca,5000,119,0.21647137,-0.09396982,5.0,B0075VFKI4
pca,5000,120,0.19482405,-0.16174969,5.0,B009RUZ7TS
pca,5000,121,0.108820945,-0.16335176,5.0,B071CMGRLL
pca,5000,122,-0.099424854,-0.021664742,3.0,B006ZZXVCI
pca,5000,123,0.13791013,-0.14205216,5.0,B01DFKC6CQ
pca,5000,124,0.122678,-0.21293962,5.0,B07P9W1SMH
pca,5000,125,0.2007726,-0.2765075,5.0,B01M3ULMWP
pca,5000,126,0.24544233,-0.1755012,1.0,B071HXSW4Y
pca,5000,127,0.08459671,-0.22921377,5.0,B0CCDMQZM7
pca,5000,128,0.2434516,0.3244285,1.0,B005HSG31K
pca,5000,129,0.23859684,0.2170892,3.0,B00D2J8558
pca,5000,130,0.14414485,-0.07610299,1.0,B0BFHVDPTG
pca,5000,131,0.1606102,-0.25039914,5.0,B08N4M55K5
pca,5000,132,-0.09390575,-0.1186139,5.0,B0945WPX5W
pca,5000,133,-0.45676988,0.010534469,5.0,B09K7K5J3N
pca,5000,134,-0.10549444,-0.15538703,4.0,B084ZJFNKN
pca,5000,135,-0.32101545,-0.022086512,5.0,B0B3T4JWN9
pca,5000,136,-0.56549054,0.13649371,4.0,B07S5JVP78
pca,5000,137,-0.34211522,0.015113693,5.0,B0935ZDCYD
pca,5000,138,0.09944759,0.09430522,5.0,B075LX7S6B
pca,5000,139,0.1331381,-0.19702679,5.0,B001L5SN5M
pca,5000,140,-0.005427938,0.3086657,5.0,B000WOIFO2
pca,5000,141,-0.39174977,0.0569018,5.0,B00365EB3I
pca,5000,142,0.16615675,0.12244332,4.0,B07XZ1YDKP
pca,5000,143,-0.09022272,0.039501432,1.0,B09CD8GVY5
pca,5000,144,-0.04259492,-0.22867435,1.0,B09V28P31X
pca,5000,145,0.2517332,-0.08750133,5.0,B01D0PVYH4
pca,5000,146,-0.32879272,-0.19238108,5.0,B017SJKHIK
pca,5000,147,-0.10442001,-0.1420113,5.0,B0BWNQZT64
pca,5000,148,-0.04300003,-0.32303432,5.0,B08F9ZCTCL
pca,5000,149,0.18048012,0.33749178,5.0,B08F9NJMW7
pca,5000,150,-0.18221223,0.09394142,5.0,B01L2VGEQE
pca,5000,151,-0.1816598,-0.12234151,5.0,B0BW4PFM58
pca,5000,152,0.1136885,-0.2705417,1.0,B00MNB1OD6
pca,5000,153,0.26057088,-0.083306745,5.0,B00TIRFCXQ
pca,5000,154,-0.22798237,-0.09419628,4.0,B08N51H3LB
pca,5000,155,0.23730615,-0.19876108,5.0,B09KRX2QJC
pca,5000,156,0.18639728,0.34315926,5.0,B09V28Y3HH
pca,5000,157,-0.16603813,0.04163729,5.0,B0C5XK6534
pca,5000,158,-0.10062699,-0.071878776,4.0,B0BTHV3YSV
pca,5000,159,0.07876973,0.12534551,5.0,B0BRKGSJKH
pca,5000,160,0.28422254,-0.023978412,5.0,B00JQZJ4OS
pca,5000,161,0.20528205,-0.23913532,5.0,B08BJWB991
pca,5000,162,-0.101527795,-0.2167016,5.0,B09JNRLN4W
pca,5000,163,0.1812032,0.37448,5.0,B07HHY1MWS
pca,5000,164,0.12041715,0.08264828,4.0,B00IYM0Y2A
pca,5000,165,0.23057896,0.43247485,5.0,B01HNL545Y
pca,5000,166,0.13528495,-0.045345005,5.0,B08RJJ97VW
pca,5000,167,0.2845492,-0.3339888,5.0,B01KXHYDXO
pca,5000,168,0.19838807,-0.23983437,2.0,B071KJ97ZL
pca,5000,169,0.21264745,-0.20945543,1.0,B07QWP1RYY
pca,5000,170,0.05730789,-0.19041733,5.0,B0772SXNSC
pca,5000,171,0.30924675,-0.15863745,3.0,B08W69YRFB
pca,5000,172,0.1285746,-0.14852896,5.0,B073J9QWKY
pca,5000,173,0.12611687,-0.20476474,5.0,B073M1NGHJ
pca,5000,174,0.15042861,0.084921405,5.0,B0B8N1CQD1
pca,5000,175,-0.18644919,-0.16721466,5.0,B085XZGVN5
pca,5000,176,-0.33340687,-0.24085785,4.0,B09GV31691
pca,5000,177,0.093226984,-0.046877142,4.0,B09KPLV3WD
pca,5000,178,0.14401612,-0.048245985,5.0,B093YD69JB
pca,5000,179,0.016392555,0.009586558,5.0,B09KM3BZSS
pca,5000,180,-0.25977737,-0.07652728,2.0,B0992TJFM3
pca,5000,181,-0.18014212,0.22176364,3.0,B07ZWCTNJH
pca,5000,182,-0.3171958,-0.0917199,5.0,B07VKFSLKN
pca,5000,183,-0.27285945,-0.07700837,5.0,B00MJ1YR8Y
pca,5000,184,0.073078774,-0.009147827,4.0,B08ZZYS2P3
pca,5000,185,-0.23129472,-0.1299341,5.0,B007JYZ3BG
pca,5000,186,0.06568571,-0.14997718,1.0,B08L1N8TG9
pca,5000,187,-0.09157449,0.04933023,5.0,B07G95FFN3
pca,5000,188,0.22743511,-0.19611967,5.0,B083WD2J3F
pca,5000,189,0.07662387,0.09983185,3.0,B08TTVLTWT
pca,5000,190,0.046375137,-0.109255984,5.0,B095KG3VZG
pca,5000,191,0.12038565,-0.070810065,4.0,B088DJQ2PQ
pca,5000,192,0.04005446,-0.3736439,1.0,B00UVSJU4S
pca,5000,193,0.21629255,-0.42657962,5.0,B0BJ13Q5JG
pca,5000,194,0.21584803,0.035072047,5.0,B07QQPH27F
pca,5000,195,-0.044346403,-0.25956765,5.0,B00PYG7LH0
pca,5000,196,-0.366567,-0.19935024,5.0,B07S764D9V
pca,5000,197,-0.09094624,-0.13227925,5.0,B071WRSYML
pca,5000,198,-0.04869039,0.08372176,5.0,B00BKX75YA
pca,5000,199,0.20985141,0.25326568,4.0,B09FN58JBR
pca,5000,200,0.0058388,0.09442437,5.0,B0032GU1LW
pca,5000,201,-0.4528217,0.045264352,3.0,B0B9HR3T4B
pca,5000,202,-0.3435193,-0.12471993,5.0,B07LC6VRD6
pca,5000,203,-0.07475324,-0.25390732,4.0,B01KUEGE1E
pca,5000,204,0.046621945,-0.16925596,5.0,B08KGQHF67
pca,5000,205,-0.023653042,-0.13870372,5.0,B0C9DP86HZ
pca,5000,206,0.13494627,0.082841665,5.0,B089W47DTX
pca,5000,207,-0.062475983,0.12290719,5.0,B00EQ94566
pca,5000,208,0.26936513,0.26194426,5.0,B07SPFR8VB
pca,5000,209,0.00026787072,0.086129874,5.0,B00KQQK87S
pca,5000,210,-0.26570258,-0.20724435,5.0,B07KTYJ769
pca,5000,211,0.046332125,-0.12347564,3.0,B06X95BTH4
pca,5000,212,0.17701209,-0.16405365,5.0,B005L38VRU
pca,5000,213,-0.41780472,-0.06330556,5.0,B00V3CSE4I
pca,5000,214,-0.007162828,-0.029918768,3.0,B003MVYTBU
pca,5000,215,0.11634277,-0.2681732,5.0,B006R9O2PC
pca,5000,216,0.1154127,-0.33468065,5.0,B00D8XNU6C
pca,5000,217,0.08694637,-0.12822077,5.0,B00E0ISVLI
pca,5000,218,0.21281056,-0.025834681,5.0,B08HC6J3H1
pca,5000,219,-0.13925818,0.14661881,3.0,B07RJZPTLX
pca,5000,220,0.235373,0.08742222,5.0,B09DTP4L96
pca,5000,221,-0.0065530464,0.13736832,5.0,B004M5MVNS
pca,5000,222,0.18889134,0.22729453,5.0,B008I636D6
pca,5000,223,0.042320263,-0.25569242,1.0,B072LX4LTV
pca,5000,224,0.13811514,0.18525606,5.0,B0068LWHPQ
pca,5000,225,-0.039156068,-0.04980007,5.0,B08JYY4FDG
pca,5000,226,-0.21865177,-0.19336581,1.0,B09Q5BNT76
pca,5000,227,0.20246515,-0.26717225,5.0,B08FRLCF2W
pca,5000,228,-0.29459164,-0.14929631,3.0,B09Q5BNT76
pca,5000,229,0.14203152,-0.21576734,1.0,B07FP8VLXS
pca,5000,230,0.2977,0.27053943,1.0,B09GLQ2PFV
pca,5000,231,0.040654812,-0.26037493,1.0,B09KTMJVJW
pca,5000,232,-0.16570996,0.15363386,4.0,B08PNW6WGX
pca,5000,233,0.09762809,-0.10236935,5.0,B0791TX5P5
pca,5000,234,0.110193565,-0.1858473,5.0,B07VYM342S
pca,5000,235,-0.36658996,-0.010661963,2.0,B00IYA2SMQ
pca,5000,236,-0.14876774,0.22096553,5.0,B07S764D9V
pca,5000,237,-0.3983978,-0.192958,4.0,B00B20M8CU
pca,5000,238,-0.0496439,-0.055863783,5.0,B0C2PTV9ZW
pca,5000,239,0.1175071,-0.16543469,5.0,B07X4854MR
pca,5000,240,0.16018176,-0.4308679,5.0,B0BBMN8HMM
pca,5000,241,-0.10861535,0.044554602,1.0,B09CFY36RN
pca,5000,242,0.13749866,-0.3161723,5.0,B08FZPS1N1
pca,5000,243,0.22458248,-0.33397344,5.0,B00L1KFWSI
pca,5000,244,-0.07664065,-0.19581503,1.0,B00007AP2O
pca,5000,245,0.10136155,-0.15428935,5.0,B00KMFN8E8
pca,5000,246,0.19782889,-0.28299028,5.0,B004WX0XP8
pca,5000,247,0.12609425,-0.22044612,1.0,B0BVY4JVNG
pca,5000,248,0.2102916,-0.2814782,5.0,B075X8471B
pca,5000,249,0.29508188,-0.30389854,5.0,B01D2WRSF2
pca,5000,250,-0.35058323,-0.12743326,5.0,B0C2BVCBRV
pca,5000,251,0.037510335,0.13766676,5.0,B0BBFFXWVH
pca,5000,252,0.16625926,0.2204878,4.0,B0997HW4JP
pca,5000,253,0.24687476,0.41142043,5.0,B0B19M78LS
pca,5000,254,-0.082513824,-0.11100514,5.0,B092D3LR5M
pca,5000,255,-0.31582865,-0.08796415,5.0,B08SW8DMM5
pca,5000,256,-0.27881905,-0.08730687,5.0,B08K3FS8VJ
pca,5000,257,-0.09197925,0.16607814,5.0,B08LYQ7MBZ
pca,5000,258,0.08713693,0.24167317,5.0,B08G56K774
pca,5000,259,0.086546004,0.16948274,5.0,B089DZNCZJ
pca,5000,260,-0.027157258,0.19405337,5.0,B09Y37DKJV
pca,5000,261,-0.12767485,-0.10393098,5.0,B08CKSDF3M
pca,5000,262,-0.06033249,0.15719621,5.0,B09CYHT3VK
pca,5000,263,-0.03132206,0.06447989,4.0,B08735Q7LS
pca,5000,264,-0.12628761,0.11771731,5.0,B08NPZ574Z
pca,5000,265,-0.39155945,-0.1756916,5.0,B085M686ST
pca,5000,266,-0.45525151,0.12131818,4.0,B082CJ19WL
pca,5000,267,-0.4193703,-0.10869458,5.0,B081STV3XJ
pca,5000,268,-0.01751712,0.10484928,5.0,B095LLDH4H
pca,5000,269,0.11566724,0.022128373,5.0,B07JGKCKKR
pca,5000,270,-0.21643475,0.021573476,5.0,B07DTRYMQQ
pca,5000,271,0.048521288,0.14037706,4.0,B0787GLJNQ
pca,5000,272,-0.42226958,0.10048692,5.0,B074QQP2T2
pca,5000,273,-0.11595422,0.059898835,4.0,B075QC3TZY
pca,5000,274,0.2478703,0.4367969,5.0,B0719QH4JP
pca,5000,275,0.17025027,0.42413664,5.0,B01MREKZDP
pca,5000,276,-0.22107753,-0.02783925,3.0,B01HCVG51M
pca,5000,277,-0.05902716,-0.027020043,4.0,B012D4IEUI
pca,5000,278,-0.086106196,-0.12396212,1.0,B00YEX1Y1S
pca,5000,279,-0.3169621,-0.12645039,5.0,B01MQGLIKL
pca,5000,280,0.14800724,-0.008788303,4.0,B000LY1UMC
pca,5000,281,0.15948611,-0.0070559345,5.0,B004WMSV76
pca,5000,282,0.052319232,0.1977909,5.0,B005J7Y98I
pca,5000,283,-0.19357818,0.0714542,5.0,B00KTCN43E
pca,5000,284,0.037875716,0.021042187,4.0,B019CB11IM
pca,5000,285,-0.014314007,-0.10310756,5.0,B00BTVSUNI
pca,5000,286,0.07302492,0.07330419,4.0,B00WHEUS22
pca,5000,287,-0.18288583,0.04069231,5.0,B003XNSBXY
pca,5000,288,-0.3666372,-0.16913891,4.0,B00ENY0ZLS
pca,5000,289,0.1682904,0.40111268,4.0,B00IHVNMYK
pca,5000,290,-0.0094015,0.19551314,3.0,B00GXXJF72
pca,5000,291,-0.10618642,-0.024412362,5.0,B00DLKE8C2
pca,5000,292,-0.3885235,-0.038436517,5.0,B00C27S0M4
pca,5000,293,0.008040037,0.14128767,3.0,B00ARDJ5BU
pca,5000,294,0.22116706,0.40297306,4.0,B008HK3U6Q
pca,5000,295,0.14490661,0.21820438,4.0,B007Q8GOGI
pca,5000,296,0.2487037,0.4192593,4.0,B009WZRCO6
pca,5000,297,-0.33323973,0.12791684,4.0,B0046W5EQI
pca,5000,298,0.13300109,0.34126735,3.0,B008ULPDIK
pca,5000,299,-0.025260065,0.21489674,5.0,B008GFRBBW
pca,5000,300,-0.009019043,0.0677554,4.0,B00QU5CR6E
pca,5000,301,-0.14680992,0.1995433,2.0,B00XIUKJDW
pca,5000,302,-0.2724097,-0.086324885,5.0,B008DF53W4
pca,5000,303,0.10061501,0.056973595,4.0,B00A4QXIRM
pca,5000,304,-0.22769204,0.031684626,5.0,B007GFX798
pca,5000,305,-0.07038455,0.15849036,5.0,B003VAGXZC
pca,5000,306,-0.36555105,-0.04920954,4.0,B005OB1TU0
pca,5000,307,-0.3730987,-0.058245134,3.0,B004TPJKEY
pca,5000,308,-0.32175362,-0.08600312,4.0,B005K69PLE
pca,5000,309,0.21379215,0.28541484,4.0,B005NHR6MU
pca,5000,310,-0.25500348,0.10474914,2.0,B004DNWCZ6
pca,5000,311,0.19841816,0.5186031,5.0,B0058GAOO8
pca,5000,312,0.098806545,0.0023699366,5.0,B0020HRE1Y
pca,5000,313,0.050231587,0.106741026,5.0,B00305GHAE
pca,5000,314,0.05219739,0.09697108,5.0,B00XI3MMMA
pca,5000,315,-0.31843126,0.19243449,4.0,B0035JJJPK
pca,5000,316,0.24192266,0.33069965,4.0,B00BWH2SWI
pca,5000,317,-0.05715761,-0.03458871,4.0,B0032AN4N0
pca,5000,318,0.012588317,-0.08657992,5.0,B001Q9F0BS
pca,5000,319,-0.13993943,-0.05428364,5.0,B002GP7ZT6
pca,5000,320,0.058953304,0.30002186,5.0,B002CWZ29S
pca,5000,321,0.01735939,0.23637223,5.0,B001VFUN82
pca,5000,322,-0.017670728,-0.057172522,5.0,B0023B14TK
pca,5000,323,0.09218317,0.058105152,4.0,B001DQRBSY
pca,5000,324,-0.03234556,-0.01250175,5.0,B000V2MK00
pca,5000,325,0.13951737,0.3679673,4.0,B000WOGA6C
pca,5000,326,0.0017550029,-0.13708423,5.0,B00KSBB7EY
pca,5000,327,0.08205491,-0.16004409,5.0,B00INZSFUG
pca,5000,328,-0.270675,-0.041265402,5.0,B078G91T8X
pca,5000,329,0.30387405,0.4203762,5.0,B01M2BIW94
pca,5000,330,-0.0038231649,-0.09406455,5.0,B0B7XZB7V1
pca,5000,331,0.09311673,-0.12200351,5.0,B08M5KCX78
pca,5000,332,-0.17277476,-0.2137287,5.0,B0C4DTCKS5
pca,5000,333,0.06342216,-0.00033088028,4.0,B078PFDHN4
pca,5000,334,-0.09124085,0.015156705,1.0,B07MKN9Q5B
pca,5000,335,-0.09799464,-0.14790788,1.0,B07G5ZG3Q4
pca,5000,336,-0.13151869,-0.119716495,1.0,B07G5YXYFL
pca,5000,337,0.2983062,0.3437814,2.0,B07X92YR8W
pca,5000,338,-0.1584614,-0.06853914,5.0,B07456BG8N
pca,5000,339,-0.1733089,0.23379621,4.0,B012BN15LQ
pca,5000,340,-0.4905592,0.014577806,4.0,B0756T7R5T
pca,5000,341,0.20446305,0.2774811,5.0,B0833NKK5K
pca,5000,342,0.19413269,0.017780159,5.0,B00KL2TENQ
pca,5000,343,-0.4145977,0.08828066,4.0,B008DWJ4KY
pca,5000,344,-0.27659944,-0.11087875,5.0,B01MQJ2XE6
pca,5000,345,-0.26619866,-0.16354118,5.0,B00009WBYL
pca,5000,346,-0.3137987,-0.17954244,4.0,B0009X3JBU
pca,5000,347,-0.20167416,-0.089362666,4.0,B07CG8G732
pca,5000,348,-0.15432467,-0.27295208,4.0,B07R8L532P
pca,5000,349,-0.20286065,-0.124758184,5.0,B0076GEMGO
pca,5000,350,-0.031889703,-0.14232199,5.0,B0078YGN34
pca,5000,351,-0.30288026,-0.16527191,5.0,B009HB2USI
pca,5000,352,-0.17723934,0.004381109,4.0,B004GJ0EEI
pca,5000,353,-0.23774973,-0.12511612,4.0,B003L1ZYYW
pca,5000,354,-0.14598542,-0.04075033,5.0,B099V8GPR4
pca,5000,355,0.2626961,0.08283514,5.0,B0BPMM75N8
pca,5000,356,0.20201114,0.31601337,5.0,B07GZMMYHT
pca,5000,357,-0.107635826,0.0042183436,5.0,B01K1O7UH0
pca,5000,358,0.09175378,0.07237309,2.0,B00OTXNUBU
pca,5000,359,0.19605066,-0.10595141,5.0,B00MICP8PA
pca,5000,360,0.20859692,0.19614035,5.0,B0051VVOB2
pca,5000,361,-0.102214575,-0.18334408,5.0,B07H65KP63
pca,5000,362,0.17724034,-0.17438418,5.0,B06XD94B2F
pca,5000,363,0.3101083,0.15056653,1.0,B07VWT32HX
pca,5000,364,0.29382607,0.3403379,3.0,B09P664R9L
pca,5000,365,0.16183676,-0.037643965,5.0,B01054S5FM
pca,5000,366,0.20043282,0.18060714,3.0,B08PFZK4YZ
pca,5000,367,0.07888981,0.18297383,5.0,B08PNWVR4C
pca,5000,368,0.047488775,0.07858987,5.0,B0887P21Z2
pca,5000,369,0.15857148,-0.013444336,5.0,B0BPN2DXC1
pca,5000,370,0.16266413,-0.034598015,1.0,B07V4LLTSQ
pca,5000,371,-0.30977976,-0.21846151,3.0,B071DGXVWB
pca,5000,372,-0.31446275,0.01198668,1.0,B0CBWV3Q8B
pca,5000,373,0.100938015,-0.19194183,5.0,B07PLFCP3W
pca,5000,374,-0.21852118,-0.13291521,1.0,B07Y8H8STR
pca,5000,375,0.16248585,-0.027492207,1.0,B07H9FG9SD
pca,5000,376,-0.30423844,-0.07358653,5.0,B07PGL2N7J
pca,5000,377,0.04217553,-0.11202863,5.0,B0896VGNF7
pca,5000,378,0.14849909,-0.05641869,5.0,B01LZJGEI2
pca,5000,379,0.21494901,0.07365863,5.0,B074512LY1
pca,5000,380,-0.028097648,-0.19853473,1.0,B09JKYBVJD
pca,5000,381,-0.29680994,-0.06334483,3.0,B06XDSMDKV
pca,5000,382,-0.10792811,-0.13499422,5.0,B008GVOVK0
pca,5000,383,-0.15081269,-0.065118805,5.0,B075X8471B
pca,5000,384,0.16538996,-0.18979113,5.0,B00TOVTZ7K
pca,5000,385,-0.22194296,-0.22518127,5.0,B07P1FN7KQ
pca,5000,386,0.1012883,-0.18882675,5.0,B075M3G8SV
pca,5000,387,-0.03679658,-0.114041105,5.0,B01K8B8YA8
pca,5000,388,-0.32988477,-0.17165703,5.0,B073VC4KGT
pca,5000,389,0.11956471,0.15405367,4.0,B01M60S5H2
pca,5000,390,0.30707228,-0.099638775,5.0,B0122TWDH4
pca,5000,391,0.15710394,-0.2624555,1.0,B0B9GFKYSZ
pca,5000,392,0.056426242,-0.095437855,1.0,B008I646WG
pca,5000,393,-0.07661922,-0.019841023,5.0,B07454F4JH
pca,5000,394,-0.0568506,0.016299427,5.0,B0C617749R
pca,5000,395,0.21716158,0.06891328,3.0,B00DOPW5L0
pca,5000,396,-0.077600464,-0.011897607,5.0,B00DS4BLLW
pca,5000,397,0.13363184,0.22763428,5.0,B005TUQV0E
pca,5000,398,0.24440554,-0.11647363,1.0,B0B2CJ3YSP
pca,5000,399,0.12701634,-0.14010328,1.0,B093DR9RWD
pca,5000,400,0.044431865,-0.18061489,5.0,B08F6GPRH6
pca,5000,401,0.19081059,-0.17245857,5.0,B08JQCJZQM
pca,5000,402,-0.13868243,-0.055904597,5.0,B07KTYJ769
pca,5000,403,0.13354427,-0.10030566,5.0,B0BFVWWFZP
pca,5000,404,0.008557085,-0.16228448,5.0,B09QLBKCZ3
pca,5000,405,-0.34033468,-0.12717791,5.0,B08F1P3BCC
pca,5000,406,-0.12538484,0.03385066,1.0,B08L3PV71G
pca,5000,407,0.33278936,0.009817366,5.0,B09V19FR6M
pca,5000,408,0.23577027,-0.19604121,5.0,B0B74ZCLQ7
pca,5000,409,-0.15317678,0.06464577,5.0,B0BMT6TQSK
pca,5000,410,-0.068978995,-0.26985714,5.0,B0BJQ8TH85
pca,5000,411,-0.047431495,0.01655491,5.0,B09QLBKCZ3
pca,5000,412,0.054626193,-0.15683673,5.0,B096K4MF5V
pca,5000,413,-0.16363892,-0.1316564,5.0,B01DU67QZM
pca,5000,414,0.00037208572,-0.01199843,5.0,B00MVRBOIC
pca,5000,415,0.016421957,0.15139373,5.0,B00IVPU7AO
pca,5000,416,-0.3380552,0.1333467,3.0,B000BBE9C8
pca,5000,417,0.25836775,0.2513907,5.0,B07XXZ1XGW
pca,5000,418,0.06432656,-0.19292629,4.0,B0170RBJ9Q
pca,5000,419,-0.22487831,-0.23176362,5.0,B08XVF418R
pca,5000,420,0.1418203,0.3361599,5.0,B0879L79L7
pca,5000,421,0.016126703,-0.31687534,5.0,B01LXFFO8O
pca,5000,422,0.16351996,-0.43706867,5.0,B06XDN9MBD
pca,5000,423,0.11215451,-0.21708076,5.0,B07QC4WTNC
pca,5000,424,-0.1443771,-0.09148316,1.0,B0791T9CV7
pca,5000,425,0.20077375,0.4480116,3.0,B08XLXS9P4
pca,5000,426,0.21257097,0.5125727,4.0,B07YRPBMC8
pca,5000,427,-0.2725491,-0.06050261,5.0,B07H65KP63
pca,5000,428,-0.098939106,-0.12992004,2.0,B07VHQW6F3
pca,5000,429,0.08242213,-0.14336926,5.0,B082TR27NZ
pca,5000,430,-0.165924,-0.027051605,5.0,B07KGVB6D6
pca,5000,431,0.056922935,-0.25282022,5.0,B00FHBH5SC
pca,5000,432,0.009842373,-0.15243912,4.0,B005I9IM4E
pca,5000,433,-0.12504393,-0.116885096,4.0,B000F2KUK8
pca,5000,434,-0.48170617,0.04191083,5.0,B09GGBWFP1
pca,5000,435,-0.044722546,0.23587328,5.0,B09RZDNN93
pca,5000,436,-0.17336646,-0.057831645,4.0,B01K8B8YA8
pca,5000,437,0.059642646,-0.020262804,5.0,B08PBPZB5Z
pca,5000,438,0.0635277,-0.10400042,5.0,B07DCGFWNQ
pca,5000,439,0.20692404,-0.1578697,5.0,B07P5GWG56
pca,5000,440,-0.14100564,-0.2024179,5.0,B079G2DFNC
pca,5000,441,-0.20529567,-0.09229519,4.0,B08KDZ2NZX
pca,5000,442,-0.19039682,-0.04044891,5.0,B09SVJGMN1
pca,5000,443,0.20124887,-0.20413963,5.0,B07JL18G1D
pca,5000,444,0.26652533,-0.15394843,5.0,B0B5MZSSXG
pca,5000,445,-0.06681688,0.14554434,4.0,B0BS6KLLT1
pca,5000,446,-0.39578965,-0.0226652,2.0,B00065XSP8
pca,5000,447,0.19904776,-0.30165294,5.0,B015W2SJFS
pca,5000,448,0.028725306,0.18615256,1.0,B0BS22ZZY8
pca,5000,449,0.10926318,-0.31359303,5.0,B08F9ZCTCL
pca,5000,450,0.18993628,-0.14440784,5.0,B09ZPV8WBV
pca,5000,451,-0.23786572,-0.120002255,5.0,B08PBLGCNB
pca,5000,452,0.010721073,-0.26108924,5.0,B09V3TSYFX
pca,5000,453,-0.21906531,0.06592758,5.0,B00T38OHQ8
pca,5000,454,0.2477666,0.13642229,5.0,B09LQV1C2D
pca,5000,455,-0.06723055,-0.27105546,1.0,B0BQD6LHL7
pca,5000,456,-0.017214205,-0.15976505,1.0,B07PHB491R
pca,5000,457,-0.19242612,-0.10616352,1.0,B08XQPY9BC
pca,5000,458,-0.14334077,0.2957955,5.0,B07SCLKCRY
pca,5000,459,-0.12922932,0.17615686,5.0,B092MV7LB5
pca,5000,460,-0.016285412,0.05331933,5.0,B0925Z7N6N
pca,5000,461,0.06954922,-0.30408192,3.0,B075KH6W4S
pca,5000,462,0.02867626,0.007458251,5.0,B09K8CBWBG
pca,5000,463,-0.23721746,-0.13618492,5.0,B0BTPBBL52
pca,5000,464,0.0025389306,0.12497485,5.0,B076QBXVML
pca,5000,465,-0.06869428,-0.05972932,5.0,B0093UA2GA
pca,5000,466,-0.1079105,-0.1860161,2.0,B07MQQV5VR
pca,5000,467,-0.00010778755,0.18813261,5.0,B07589ZKM6
pca,5000,468,-0.08186442,-0.16630073,5.0,B00KC0HVTQ
pca,5000,469,-0.13138139,0.039820295,5.0,B077DZYBLS
pca,5000,470,0.15308022,-0.0660924,5.0,B078N1F14R
pca,5000,471,-0.055385064,-0.18416095,5.0,B01BT9SEDA
pca,5000,472,0.15751667,-0.20558237,5.0,B0BXYXD1Q2
pca,5000,473,-0.014903422,-0.080638416,4.0,B00M0RH36U
pca,5000,474,0.085152864,0.0068760663,5.0,B00BCGRX9M
pca,5000,475,0.23499125,-0.22663856,3.0,B000EVM5DK
pca,5000,476,-0.08097759,-0.07023139,4.0,B09LYWCHJX
pca,5000,477,0.1573091,-0.18516552,4.0,B00EUY59Z8
pca,5000,478,0.0034462027,-0.19817531,5.0,B0036WT3ZM
pca,5000,479,-0.026355635,-0.1198678,2.0,B08YF1VBYD
pca,5000,480,-0.12203975,-0.0016898997,1.0,B07X23N387
pca,5000,481,-0.017432105,-0.14067402,5.0,B074CKFLR3
pca,5000,482,-0.16305108,-0.022945605,1.0,B003B4BBFK
pca,5000,483,-0.39752814,0.08672048,5.0,B08XNCHTCY
pca,5000,484,0.17673272,-0.05460579,5.0,B096V83KF4
pca,5000,485,0.14257851,-0.046393387,5.0,B06X9ZNT4P
pca,5000,486,0.042930115,0.091681734,5.0,B08KSG2JMV
pca,5000,487,-0.065347776,-0.153793,5.0,B07H65KP63
pca,5000,488,0.08589369,-0.08114539,4.0,B08TBDBQ1C
pca,5000,489,-0.07303347,-0.041920394,5.0,B0BC87S9SY
pca,5000,490,-0.0015243292,-0.017939182,5.0,B09B36FJVT
pca,5000,491,-0.093823284,0.10111271,5.0,B095KD3MNN
pca,5000,492,-0.13584183,0.056865316,5.0,B00VUIITTU
pca,5000,493,-0.06882773,0.06400688,5.0,B091SDZ3S1
pca,5000,494,-0.071692824,0.19006327,5.0,B091SDZ3S1
pca,5000,495,0.1590338,-0.0850354,5.0,B07Z18JVPH
pca,5000,496,0.015228402,0.08822681,4.0,B0BNXXNBB4
pca,5000,497,-0.1691325,0.19791989,5.0,B09Y95BMKX
pca,5000,498,-0.11677338,-0.06665012,5.0,B09DG877JS
pca,5000,499,-0.24242821,-0.046491124,5.0,B07W1Q3X7S
pca,5000,500,-0.037920225,0.25672036,5.0,B0BG7KP5L4
pca,5000,501,-0.04638697,-0.040307805,5.0,B0B5BYZPNB
pca,5000,502,-0.010899592,0.2822787,5.0,B0BJKGH183
pca,5000,503,-0.30891296,0.14629719,5.0,B0C33824RM
pca,5000,504,-0.014901891,-0.12609287,4.0,B07F2BDJ5S
pca,5000,505,-0.10113174,0.1325233,5.0,B0BZDWGL19
pca,5000,506,-0.27023065,0.15522861,3.0,B08S395JJ4
pca,5000,507,-0.3009788,0.14657027,5.0,B07B1L21NK
pca,5000,508,0.03893846,0.1411871,5.0,B08YFJYD5Z
pca,5000,509,-0.19282994,0.14643148,5.0,B08TZSVYB4
pca,5000,510,-0.24365437,0.042056922,5.0,B0B12PXQYM
pca,5000,511,0.27236795,0.21667713,5.0,B096F75FBW
pca,5000,512,0.20384732,0.39486566,4.0,B092LY2GGV
pca,5000,513,-0.4942647,-0.00738672,5.0,B093TFXGWR
pca,5000,514,0.11680718,0.23193514,3.0,B09JMKS73X
pca,5000,515,0.22838058,0.2991916,1.0,B08Z2JQC6N
pca,5000,516,-0.2519674,0.24390891,5.0,B09B48ZGJV
pca,5000,517,-0.31161234,-0.30583405,5.0,B0819ZF1YR
pca,5000,518,-0.15442584,0.06474422,5.0,B07JW7GT7H
pca,5000,519,-0.21971804,0.23638704,4.0,B0C3M8B3MY
pca,5000,520,-0.15884736,0.15241005,5.0,B09Y4HCRLM
pca,5000,521,0.031426743,0.071208686,5.0,B09N75D6M4
pca,5000,522,-0.3999224,0.25386626,4.0,B0BPBJ6SKW
pca,5000,523,-0.17907184,0.16011769,3.0,B09S2XYNWL
pca,5000,524,-0.38516068,0.26275566,4.0,B088KTR418
pca,5000,525,-0.298454,0.13858788,5.0,B09H5FHRTF
pca,5000,526,0.19586042,0.33444378,5.0,B0863MN3T3
pca,5000,527,0.10688689,0.14985977,5.0,B07C3PQHC7
pca,5000,528,0.041812472,-0.120847255,5.0,B07YJJSCLX
pca,5000,529,-0.08173992,-0.024921436,5.0,B08R5TCSH8
pca,5000,530,-0.07842086,-0.363202,5.0,B01H4ZGTWQ
pca,5000,531,-0.39227647,0.068783104,5.0,B08GFCX4Y6
pca,5000,532,0.0028358996,-0.12019795,5.0,B005DLKFME
pca,5000,533,0.12290594,0.06515658,5.0,B07HP726Q8
pca,5000,534,0.28606227,0.25353122,5.0,B08C4QSVNG
pca,5000,535,-0.22684959,-0.08692071,5.0,B09MH11HB7
pca,5000,536,-0.26379323,-0.07057371,4.0,B0822W4JF3
pca,5000,537,0.1641363,0.27607003,5.0,B07HCWW319
pca,5000,538,0.013199501,-0.04533404,5.0,B082FJXVW6
pca,5000,539,-0.15880671,0.17777766,5.0,B08B3F8FZ8
pca,5000,540,-0.066912994,-0.044489264,5.0,B07ZZVX1F2
pca,5000,541,0.08440168,0.11063491,5.0,B07GB3SGSF
pca,5000,542,0.08147526,-0.029645346,5.0,B0BWVDRR6L
pca,5000,543,0.05526423,0.14352553,5.0,B0BCPC68J6
pca,5000,544,0.31457233,0.3566444,5.0,B07GWKZLLT
pca,5000,545,0.32594436,0.40415508,5.0,B075Y6Y9H5
pca,5000,546,-0.14606026,0.22572401,5.0,B009UNGYHG
pca,5000,547,-0.22529453,-0.028624758,5.0,B012JXHX28
pca,5000,548,0.01876095,-0.03949106,5.0,B0BGS23YKX
pca,5000,549,-0.2996184,0.019125573,5.0,B09MCTFR69
pca,5000,550,0.37901103,0.20055602,5.0,B07TXNTGVS
pca,5000,551,0.10542628,0.08201215,5.0,B08NBBFNMY
pca,5000,552,-0.22124276,0.06334816,5.0,B083G8QM5V
pca,5000,553,0.11476287,0.16319756,4.0,B07N5ZPYFK
pca,5000,554,0.10418132,0.20804368,5.0,B08BTG7G5X
pca,5000,555,-0.06497066,0.05871165,5.0,B087R7MNBQ
pca,5000,556,-0.078656,-0.049624607,1.0,B08BW4JTCG
pca,5000,557,0.20843697,-0.13724768,5.0,B00068YUN4
pca,5000,558,0.01322493,-0.26009777,5.0,B0BPD6Q7KC
pca,5000,559,-0.05063143,-0.14059262,5.0,B07L95W89W
pca,5000,560,-0.08536427,-0.05585558,5.0,B08F6GPRH6
pca,5000,561,-0.3825468,0.14094071,5.0,B079RC9338
pca,5000,562,0.19095482,0.15856864,5.0,B087G45PDT
pca,5000,563,0.112666965,0.020579673,5.0,B07YYNBSPG
pca,5000,564,-0.043954346,0.16069874,5.0,B087J8VVVF
pca,5000,565,0.11896305,0.19343805,4.0,B07PPRX94L
pca,5000,566,0.1600701,0.23678946,5.0,B07XNGYMGS
pca,5000,567,-0.38579085,-0.038659826,3.0,B000MUXVYK
pca,5000,568,-0.07679768,-0.26229417,5.0,B089T4YVYD
pca,5000,569,-0.18045211,0.052859735,5.0,B00NH12EHQ
pca,5000,570,0.0004274398,-0.09908737,5.0,B07GZFM1ZM
pca,5000,571,0.0076680705,-0.103803635,5.0,B07545HGR5
pca,5000,572,-0.24973637,0.072999015,5.0,B07WFW5LQ3
pca,5000,573,-0.1198539,-0.24246834,1.0,B0B8YVVFNT
pca,5000,574,0.2232549,0.20425901,2.0,B07X3VBJNR
pca,5000,575,0.04258585,-0.06133236,1.0,B00JWX20GI
pca,5000,576,-0.030297775,0.085312456,5.0,B0C71PTXVC
pca,5000,577,-0.04325291,-0.0694998,5.0,B0827ZXTMS
pca,5000,578,-0.1357501,-0.09405953,5.0,B07N86MCD2
pca,5000,579,0.04890692,-0.05985024,5.0,B07S9ZBL9K
pca,5000,580,-0.04996072,-0.17853795,4.0,B07KTYJ769
pca,5000,581,0.118204,0.17171904,3.0,B07RTR39H6
pca,5000,582,0.09157983,-0.06412351,1.0,B09T5PV313
pca,5000,583,0.2612689,0.2341561,5.0,B076Q643SF
pca,5000,584,-0.14807938,0.046138313,5.0,B07FTCRKB7
pca,5000,585,0.048463818,0.077624574,2.0,B07CPSZXLK
pca,5000,586,0.067108616,0.11443874,5.0,B07S8F43Y6
pca,5000,587,-0.09017956,-0.12790652,5.0,B07N1H8CGW
pca,5000,588,-0.21906736,-0.11300814,5.0,B07456BG8N
pca,5000,589,-0.1527807,0.073172,5.0,B00XIIB3XY
pca,5000,590,0.19960548,0.032325316,5.0,B07KCYGQ8S
pca,5000,591,0.015498182,0.13676338,4.0,B09G35YJGN
pca,5000,592,-0.2660606,0.19179536,5.0,B07RL3F6TR
pca,5000,593,0.056553245,0.15598431,5.0,B08KZ1TZYB
pca,5000,594,0.046697743,0.23504162,4.0,B09ZHVV9R1
pca,5000,595,0.0115009975,0.17652586,4.0,B07KQYR8XY
pca,5000,596,0.011981273,0.17813091,4.0,B08MLFZ58K
pca,5000,597,-0.21053284,0.13846642,5.0,B07375RHX1
pca,5000,598,-0.1525347,0.19453117,5.0,B07DMHHBJ7
pca,5000,599,0.13923438,0.14302678,4.0,B07KCYGQ8S
pca,5000,600,0.209168,0.3285962,5.0,B07SH58QD9
pca,5000,601,-0.11288485,0.14234908,5.0,B002QKZLZ6
pca,5000,602,-0.041371044,0.035547424,5.0,B071Y3DJR7
pca,5000,603,-0.17203285,0.16453435,5.0,B071WJLSNF
pca,5000,604,-0.12153949,-0.052060932,5.0,B07324B77V
pca,5000,605,0.13182032,0.18396582,5.0,B088RD3BBW
pca,5000,606,-0.02633388,0.024629075,5.0,B07DNY6Z6G
pca,5000,607,0.21854751,0.3002281,2.0,B01HYE9A2I
pca,5000,608,-0.2815142,-0.0031764805,5.0,B07NLMZFXF
pca,5000,609,-0.1813642,-0.07989192,5.0,B010V3KWF8
pca,5000,610,-0.11825684,0.1423888,5.0,B01DJ96XDQ
pca,5000,611,-0.0890238,0.2716057,5.0,B0C2VQGL6R
pca,5000,612,-0.04968049,0.122221604,5.0,B0BB6Y5N3M
pca,5000,613,0.037843626,0.112883374,5.0,B073JYC4XM
pca,5000,614,0.099945195,0.18741895,5.0,B01M4NYI4H
pca,5000,615,0.041772768,0.103352085,5.0,B075F3Z3D9
pca,5000,616,-0.28558466,0.11419384,5.0,B008X0TBKO
pca,5000,617,-0.027697388,-0.06681589,5.0,B00LK4ZT7O
pca,5000,618,-0.24024293,-0.10548958,1.0,B018YPWORE
pca,5000,619,-0.19218723,0.09784062,5.0,B0105VDCZ8
pca,5000,620,-0.08238354,0.035922755,5.0,B01NAWBY12
pca,5000,621,0.12738495,0.0050594546,5.0,B07586BG8S
pca,5000,622,-0.35986736,0.033625368,5.0,B01K8B8YA8
pca,5000,623,-0.0077707022,0.18059756,5.0,B00XM9QACS
pca,5000,624,0.08471022,0.37893885,5.0,B005IXSXPI
pca,5000,625,-0.1151288,0.20289508,5.0,B0746LYM4T
pca,5000,626,0.14287265,0.13131379,5.0,B01EA8CGWW
pca,5000,627,-0.11956698,-0.04342339,1.0,B06XGCK56D
pca,5000,628,0.10898529,0.27238694,3.0,B002RSQ732
pca,5000,629,0.15293443,0.07407202,5.0,B01CX27190
pca,5000,630,0.25933704,0.09064707,4.0,B015JRGC8M
pca,5000,631,0.24847122,0.23167661,5.0,B083YHS7SV
pca,5000,632,-0.34079853,0.043402772,5.0,B007VL90QG
pca,5000,633,0.24270478,0.066260844,5.0,B01HBY8V80
pca,5000,634,-0.007151548,-0.101087585,5.0,B007P2NKNU
pca,5000,635,-0.024825227,0.14739926,1.0,B00VM984YC
pca,5000,636,-0.012943771,0.37335712,5.0,B09CD66HJM
pca,5000,637,0.053398147,0.051471826,1.0,B00MFJ6G20
pca,5000,638,-0.020402055,0.048414137,5.0,B07SYW3XL1
pca,5000,639,0.017804336,-0.021723187,5.0,B00I0F192U
pca,5000,640,0.15838487,0.33266047,5.0,B01AB2ZGGE
pca,5000,641,-0.007263165,-0.012271419,5.0,B00ZPRNQSQ
pca,5000,642,-0.063525334,0.107920066,5.0,B0191GGFY8
pca,5000,643,-0.13003115,-0.023484863,4.0,B01H355BGM
pca,5000,644,-0.19621766,0.096263036,5.0,B01ITR015O
pca,5000,645,-0.1458222,0.1385403,5.0,B097CCR1FB
pca,5000,646,-0.44824576,-0.04597795,4.0,B01FNAFLZA
pca,5000,647,-0.19694115,-0.087596856,5.0,B016AR5A7O
pca,5000,648,-0.058433834,0.14432749,5.0,B0CCQHH8Z6
pca,5000,649,0.0068540275,0.2068941,5.0,B0B2VDVB92
pca,5000,650,-0.017091237,0.038552817,3.0,B01F4H1DM2
pca,5000,651,0.1977273,-0.065113634,5.0,B0018Z8CN8
pca,5000,652,0.22500625,0.49268624,5.0,B01MZGZYSB
pca,5000,653,0.024275338,0.24788687,5.0,B0117U82EM
pca,5000,654,0.055510737,0.040752437,4.0,B00CBL543E
pca,5000,655,-0.18735069,-0.026625082,4.0,B004RO3QPQ
pca,5000,656,-0.41550443,0.33873335,5.0,B008D76Q64
pca,5000,657,-0.023440022,-0.09088868,4.0,B01MQGMSVQ
pca,5000,658,-0.01803837,-0.19971023,4.0,B009AB5L5E
pca,5000,659,-0.296828,-0.1814564,4.0,B08YB2CN2M
pca,5000,660,0.043909628,0.06894489,5.0,B005HQ5138
pca,5000,661,-0.34418413,0.25356472,4.0,B00FG3UOI4
pca,5000,662,-0.4507229,0.06312147,5.0,B00JB31RYK
pca,5000,663,-0.25505397,0.21517676,4.0,B00M3GMYZS
pca,5000,664,0.037274886,-0.094523415,5.0,B0002YP96Y
pca,5000,665,0.067660496,-0.021607414,4.0,B00K4PAV14
pca,5000,666,-0.051996503,-0.25072297,4.0,B003J37580
pca,5000,667,-0.06843893,-0.0073088612,4.0,B004O292WC
pca,5000,668,0.2944345,0.4924266,4.0,B00KY47K6Y
pca,5000,669,0.10370889,-0.016652854,4.0,B005ZUNQUQ
pca,5000,670,0.18956445,0.022698093,4.0,B0857KC57L
pca,5000,671,0.11566952,-0.096835166,4.0,B00281XW0O
pca,5000,672,0.17798822,0.016102478,4.0,B07VZYRKJQ
pca,5000,673,0.17501502,0.011057027,4.0,B07JVR8KBV
pca,5000,674,0.039078478,0.24711546,5.0,B007T36S34
pca,5000,675,0.15992121,0.3752163,3.0,B00DR0BOSC
pca,5000,676,0.07370469,-0.08587076,5.0,B008ABO71E
pca,5000,677,-0.07344866,-0.18939319,5.0,B0001HKIK4
pca,5000,678,0.1431643,0.3975306,3.0,B00DR0CDEQ
pca,5000,679,0.14769816,0.103930816,5.0,B009PHTHRG
pca,5000,680,-0.14874572,0.29021165,5.0,B00WUIBCOS
pca,5000,681,-0.3585963,-0.04586288,5.0,B000Y31J26
pca,5000,682,-0.22253564,0.24348259,4.0,B000Y190AG
pca,5000,683,-0.011406295,-0.06390524,5.0,B001CTILS6
pca,5000,684,0.015311187,0.06377728,4.0,B0051VVOB2
pca,5000,685,-0.1791994,-0.12876661,5.0,B0199HAOAU
pca,5000,686,-0.41224116,0.048810247,5.0,B085HZPNRJ
pca,5000,687,-0.3320338,-0.2416654,1.0,B08N4CW66B
pca,5000,688,-0.25169352,-0.178299,5.0,B091LXKW6C
pca,5000,689,-0.07706173,-0.28823048,5.0,B0748KYTZN
pca,5000,690,-0.033078548,-0.17955798,5.0,B092F8GG57
pca,5000,691,-0.070519775,-0.07958121,4.0,B06XD9T2T5
pca,5000,692,0.25568894,0.019085415,4.0,B0098QHS7U
pca,5000,693,0.2812447,-0.11065324,1.0,B0BLCBK97H
pca,5000,694,0.11042835,-0.25375926,3.0,B0B2JJV92T
pca,5000,695,0.1768349,-0.27845147,4.0,B07VTKFLBW
pca,5000,696,0.3006328,0.0003681071,5.0,B08HFNNPPJ
pca,5000,697,0.12841067,-0.061233878,5.0,B081M5HPCD
pca,5000,698,0.18428336,0.052559834,2.0,B09P5HMNDF
pca,5000,699,0.117235795,-0.13004427,4.0,B0C6D5GYQ4
pca,5000,700,0.13953337,0.005705718,4.0,B07H2CKXRH
pca,5000,701,-0.05240215,-0.010016492,5.0,B0B1D1Q35D
pca,5000,702,0.08270368,0.0524667,5.0,B07V42PDX8
pca,5000,703,-0.3416755,0.04173064,5.0,B0C33C3XFV
pca,5000,704,0.07738159,0.13300139,5.0,B07Q4T7G99
pca,5000,705,0.18868667,-0.44781682,5.0,B00TZAO9D0
pca,5000,706,0.13113247,0.15291655,5.0,B07NPK4PY4
pca,5000,707,0.18868667,-0.44781682,5.0,B072FS9VVZ
pca,5000,708,-0.38977212,-0.059047114,5.0,B0BS1QXF6M
pca,5000,709,0.26979217,0.11451714,5.0,B07H8ZCSL9
pca,5000,710,0.09561956,0.02429755,5.0,B07P374FF3
pca,5000,711,0.1635901,-0.1451374,5.0,B072QY9HVM
pca,5000,712,0.23905429,-0.11277312,3.0,B013R9SHC8
pca,5000,713,0.13883549,-0.17576642,4.0,B09KMWTYVR
pca,5000,714,0.030734472,-0.096534,5.0,B01M65QWE9
pca,5000,715,-0.20308068,-0.104782686,2.0,B00R43UG5A
pca,5000,716,0.040986788,-0.03778753,1.0,B00URC7P2M
pca,5000,717,0.07848155,-0.13451707,2.0,059449771X
pca,5000,718,0.14757721,-0.44977394,4.0,B00IWANYH6
pca,5000,719,-0.1919866,0.08292486,5.0,B07Q3BBNS8
pca,5000,720,0.11452384,-0.021819647,5.0,B09WYFWH2Y
pca,5000,721,0.07544866,-0.14933018,1.0,B0BK9KB853
pca,5000,722,-0.42063555,-0.059477292,3.0,B09HCFHR8C
pca,5000,723,-0.048008386,-0.35841605,1.0,B0BW4PFM58
pca,5000,724,0.14161764,0.30564725,5.0,B07N7D9RSV
pca,5000,725,0.27643088,0.37510416,5.0,B07K4BQKJ7
pca,5000,726,0.29553893,0.3493857,3.0,B07LCGR2YZ
pca,5000,727,-0.20929284,-0.1611627,5.0,B0C72D4J46
pca,5000,728,-0.17245413,-0.23840417,5.0,B093GRDN8K
pca,5000,729,-0.3490704,0.07594295,1.0,B07BRM55KC
pca,5000,730,-0.09998591,-0.14937401,2.0,B01CW4BLG8
pca,5000,731,-0.0799135,0.2741829,1.0,B07YYD5TNH
pca,5000,732,-0.10456571,0.32200718,4.0,B07HRD5K99
pca,5000,733,-0.36275783,-0.001001019,4.0,B08XNCHTCY
pca,5000,734,-0.057307076,-0.2591544,2.0,B07MCMTCP3
pca,5000,735,0.14752196,0.018036172,5.0,B017LSIXDE
pca,5000,736,-0.23609167,-0.057134937,4.0,B000EFMIB0
pca,5000,737,0.28164113,-0.27150247,5.0,B01K8B8YA8
pca,5000,738,0.25220212,-0.15022796,5.0,B00WBD91L8
pca,5000,739,0.14211927,-0.18326375,5.0,B0B3X4NMHG
pca,5000,740,0.29902464,0.20473744,5.0,B0C5PHZ4QS
pca,5000,741,0.23724726,0.20647438,5.0,B09K8CBWBG
pca,5000,742,0.022361295,-0.06349033,5.0,B074KBWL9J
pca,5000,743,-0.06920102,0.0644882,5.0,B0B7J9L5HQ
pca,5000,744,0.13894765,0.19429858,5.0,B086C51NNG
pca,5000,745,0.290976,-0.18645993,5.0,B078J27VG4
pca,5000,746,0.14211927,-0.18326375,5.0,B00009OY9U
pca,5000,747,0.15635654,-0.17965667,5.0,B07WGZLBZS
pca,5000,748,0.080760166,-0.0789116,5.0,B0841FLXW3
pca,5000,749,0.37851852,0.45719567,5.0,B07CHC71M2
pca,5000,750,0.18713075,-0.051233225,1.0,B004RDWVUS
pca,5000,751,0.12578674,0.14599173,3.0,B003YMC5RC
pca,5000,752,-0.094762355,-0.2115898,5.0,B09W5QTSM1
pca,5000,753,-0.24617323,0.058643375,5.0,B0BS6KLLT1
pca,5000,754,-0.31207794,-0.16546838,5.0,B07456BG8N
pca,5000,755,0.21427883,-0.38295546,5.0,B01M74RA05
pca,5000,756,0.06869358,0.27245855,5.0,B083NY7M4L
pca,5000,757,-0.090670556,0.13797395,1.0,B07CKCNVGC
pca,5000,758,0.1825263,-0.20297013,5.0,B0C5MCSLKZ
pca,5000,759,0.069399245,-0.1765241,5.0,B07BGQZK8S
pca,5000,760,-0.0027452335,-0.040504143,5.0,B08RYY7YB6
pca,5000,761,0.29166237,-0.34704974,5.0,B07ZS8JCZ9
pca,5000,762,-0.17750785,0.022208948,5.0,B07Z4G6LN2
pca,5000,763,-0.2672617,-0.20492522,5.0,B089KKRXG6
pca,5000,764,-0.006163273,-0.15422148,3.0,B085L34V8J
pca,5000,765,0.095350854,-0.21219721,1.0,B08NDSTXZ3
pca,5000,766,-0.22083208,-0.24240527,5.0,B07KGVB6D6
pca,5000,767,-0.13139771,-0.21963601,5.0,B07PR9SN8W
pca,5000,768,-0.007018648,-0.0743864,5.0,B00TOVTZ7K
pca,5000,769,0.06322476,0.10994834,5.0,B005YV5HQC
pca,5000,770,-0.054453973,-0.09512684,5.0,B00U9U9GII
pca,5000,771,0.13984512,0.44563422,5.0,B00FF322AS
pca,5000,772,0.049548805,0.0062933676,5.0,B00E3W15P0
pca,5000,773,0.14819445,0.2232644,5.0,B00BKRMMUS
pca,5000,774,0.12383251,-0.10663213,3.0,B008MDOTUE
pca,5000,775,0.13815473,-0.09006429,5.0,B00DYQQSSK
pca,5000,776,-0.008848663,-0.08364407,5.0,B002BWQ4H8
pca,5000,777,-0.25535202,-0.11991495,1.0,B008I64KGS
pca,5000,778,0.1587969,0.0045849793,5.0,B07TWDMX8D
pca,5000,779,-0.29461828,-0.10916513,5.0,B08MVJP62X
pca,5000,780,-0.06505267,-0.22332363,5.0,B00GM15NGM
pca,5000,781,-0.33341587,-0.028846588,1.0,B07FTTPVGG
pca,5000,782,-0.0030864328,-0.14211564,1.0,B07PGKLS1J
pca,5000,783,0.008483648,-0.12770802,5.0,B01AQ6GSQM
pca,5000,784,0.090866715,-0.22431055,5.0,B08C7HDL8C
pca,5000,785,0.2666494,-0.33663416,5.0,B07HZLHPKP
pca,5000,786,-0.037021864,-0.24808067,1.0,B00B3Y6E84
pca,5000,787,0.19770661,-0.25105,5.0,B01N9P7AL5
pca,5000,788,0.23627938,-0.23118956,5.0,B01K8B8YA8
pca,5000,789,0.18062438,-0.23202868,5.0,B01N6KWHSC
pca,5000,790,-0.08637707,-0.07578094,1.0,B07CBSSNXG
pca,5000,791,-0.18941301,-0.17693442,1.0,B004JO1ZO8
pca,5000,792,0.027637675,-0.05971384,5.0,B00E6GRHBO
pca,5000,793,0.101754725,-0.24398872,5.0,B0B993N8M1
pca,5000,794,-0.047197636,-0.154857,5.0,B08Y1XYLVP
pca,5000,795,-0.17617598,-0.09535725,4.0,B07XXDNSCM
pca,5000,796,-0.1205086,-0.16556384,2.0,B08GRYND4H
pca,5000,797,0.28164113,-0.27150247,5.0,B01BRWH8G8
pca,5000,798,-0.020848867,0.08333534,5.0,B09RL7NM59
pca,5000,799,-0.14102498,-0.19300859,2.0,B0C3NMZ2C7
pca,5000,800,-0.1748944,-0.09262945,5.0,B01M0GB8CC
pca,5000,801,0.19048709,-0.23457412,4.0,B09CPQ412S
pca,5000,802,0.22722355,0.25785714,5.0,B07K21PVMQ
pca,5000,803,0.117529005,-0.017712234,5.0,B07P83ZWZT
pca,5000,804,-0.15887363,-0.16999505,3.0,B086VR2KY8
pca,5000,805,-0.13590975,-0.07747456,5.0,B09Z228SQJ
pca,5000,806,0.2761114,-0.30927527,5.0,B01IXCP8DK
pca,5000,807,0.07081823,-0.036775347,5.0,B08S55D31N
pca,5000,808,-0.03123707,-0.09169702,5.0,B07P6YXJBY
pca,5000,809,0.0052240826,-0.2914718,1.0,B0872FYTWS
pca,5000,810,0.037271686,-0.40162322,5.0,B01N63ZGUM
pca,5000,811,0.1543801,-0.054291055,5.0,B07Q478Y95
pca,5000,812,0.14897683,0.023240283,5.0,B07QD3J1D1
pca,5000,813,0.08654815,-0.115409434,5.0,B07P97SJHD
pca,5000,814,0.23486736,-0.25942394,5.0,B07NXJN1QW
pca,5000,815,0.35368633,-0.2221418,5.0,B07R217P25
pca,5000,816,0.101937756,0.08980517,5.0,B01M0OE05T
pca,5000,817,0.023340475,0.08059153,5.0,B076CRF7DN
pca,5000,818,0.0049001314,-0.075879425,5.0,B00LD3Q56G
pca,5000,819,-0.35017565,0.0467831,5.0,B072QW59MF
pca,5000,820,0.027977008,-0.3285553,2.0,B00O23IQI4
pca,5000,821,-0.24838257,-0.13417716,3.0,B0081IKTN6
pca,5000,822,-0.11201604,0.114877656,2.0,B00KWR8ME2
pca,5000,823,-0.08447927,0.0964129,3.0,B00QRPPCMI
pca,5000,824,-0.053382408,0.05236197,4.0,B00VKIY9RG
pca,5000,825,-0.06262794,0.07333805,5.0,B0C6DDHVNP
pca,5000,826,0.1529789,-0.13981372,4.0,B007S642BW
pca,5000,827,-0.00093044713,0.0012395531,5.0,B0089W5Q1O
pca,5000,828,-0.07306035,-0.1424096,3.0,B007Q45EF4
pca,5000,829,-0.33632556,-0.25178745,5.0,B00006JQ06
pca,5000,830,0.13859299,-0.27576306,5.0,B009R10KBC
pca,5000,831,-0.13666734,0.051325504,5.0,B003VAHYNC
pca,5000,832,0.17536442,-0.036950506,5.0,B00ARDIRFA
pca,5000,833,0.07823408,-0.004184248,5.0,B003ZHV70C
pca,5000,834,0.13727449,0.14579663,5.0,B002PY7LL0
pca,5000,835,-0.35296908,0.030601416,5.0,B09Y54MQWT
pca,5000,836,0.23032692,-0.32145402,5.0,B00IA8M3K4
pca,5000,837,0.0052229837,-0.35637692,5.0,B097D8D6L1
pca,5000,838,0.11545864,0.18023227,5.0,B089N5L1YQ
pca,5000,839,0.09664499,-0.085345045,5.0,B00LI6NW8W
pca,5000,840,0.023082485,-0.2515146,5.0,B08HSCF9X7
pca,5000,841,0.1804871,-0.030227827,5.0,B07HMRN7Y6
pca,5000,842,0.375882,0.18463685,5.0,B01D06IWB4
pca,5000,843,-0.13350978,-0.09330986,3.0,B00P7EVST6
pca,5000,844,0.21162762,-0.14113578,5.0,B07VHQW6F3
pca,5000,845,-0.045729604,-0.18117326,5.0,B01IARZGAS
pca,5000,846,0.25796154,-0.04442511,5.0,B01E7C8TWW
pca,5000,847,0.23574114,-0.26773497,5.0,B00HHEAMXC
pca,5000,848,0.3197504,0.28938654,5.0,B07PR21291
pca,5000,849,0.1739586,-0.19864225,5.0,B018PU87TM
pca,5000,850,-0.36580408,0.17101963,5.0,B09WD1B2P1
pca,5000,851,0.035166003,0.06322424,5.0,B07BNX8N72
pca,5000,852,-0.06091762,-0.18924655,5.0,B07PDHSLM6
pca,5000,853,-0.27309057,0.023753501,4.0,B00WMLVJ1E
pca,5000,854,-0.101165056,-0.22789107,5.0,B07GKT53H5
pca,5000,855,0.1109135,0.038776834,2.0,B072JJPZXQ
pca,5000,856,0.035848796,-0.056423917,5.0,B089F9YDFC
pca,5000,857,-0.13363002,-0.1890846,1.0,B01MS1PMML
pca,5000,858,-0.21525821,0.14591028,5.0,B0C5MF2LCQ
pca,5000,859,0.1414528,0.14541551,3.0,B00OQVZDJM
pca,5000,860,-0.04882763,-0.2099576,3.0,B00ZVJAF9G
pca,5000,861,0.2500848,-0.07652142,5.0,B071K5BQPF
pca,5000,862,-0.10520534,-0.074592486,1.0,B08YF1VBYD
pca,5000,863,0.058341205,-0.14769988,5.0,B017LSIXDE
pca,5000,864,-0.023719009,-0.014858257,5.0,B01LXR37IE
pca,5000,865,-0.06732966,-0.08097665,1.0,B01KV93B9G
pca,5000,866,-0.052195955,-0.040457744,5.0,B004ZX2NU8
pca,5000,867,-0.09097141,-0.29366842,5.0,B008X0TBKO
pca,5000,868,-0.2053746,-0.17874086,5.0,B00ET7PG5E
pca,5000,869,0.18522881,-0.13892546,5.0,B0874YZVWK
pca,5000,870,0.3916046,0.10623644,5.0,B007T356BO
pca,5000,871,0.16390106,-0.36437023,4.0,B083J66JC2
pca,5000,872,0.16390106,-0.36437023,4.0,B0916X99SD
pca,5000,873,0.13088898,-0.3132773,3.0,B08Z3HGG2J
pca,5000,874,0.107492074,-0.14186549,4.0,B09P39CW4T
pca,5000,875,0.16579998,-0.2424562,4.0,B0BXJX78RL
pca,5000,876,-0.14752135,-0.13062477,4.0,B07PXGQC1Q
pca,5000,877,0.23806441,-0.38850456,5.0,B07QD3HBFS
pca,5000,878,0.031830307,-0.08955404,5.0,B0BQQ234HZ
pca,5000,879,-0.06042592,-0.11666641,2.0,B07SPS13MC
pca,5000,880,0.16371356,-0.31689852,5.0,B07JG1VFBX
pca,5000,881,0.16828966,-0.10749166,5.0,B072DZH41G
pca,5000,882,0.06620025,0.022439793,5.0,B07FFVVDJ8
pca,5000,883,0.18488099,0.31783512,5.0,B0753R71ZH
pca,5000,884,0.0890564,-0.06833709,4.0,B07TG9S4DG
pca,5000,885,0.15123092,0.008529879,5.0,B07XX31MHV
pca,5000,886,0.059742656,-0.1981791,5.0,B07QF6NRH2
pca,5000,887,-0.10952987,0.06955072,5.0,B07BWC32CX
pca,5000,888,-0.33378297,0.107683375,1.0,B095WJGGZJ
pca,5000,889,0.04526078,-0.14250237,3.0,B076HFYGLR
pca,5000,890,0.25651598,0.15202893,5.0,B08BLB8FRT
pca,5000,891,-0.27227023,-0.15780324,3.0,B07JMC8B3Y
pca,5000,892,-0.044007782,0.022868238,4.0,B08F1P3BCC
pca,5000,893,0.008971993,-0.07028082,5.0,B09ZGMKVVK
pca,5000,894,-0.07511084,0.093218535,5.0,B0855GZ7PT
pca,5000,895,-0.09389384,0.18802656,4.0,B07J3CRZGG
pca,5000,896,0.14432909,0.11438988,5.0,B07RLZ1KDY
pca,5000,897,0.16076082,0.11059503,5.0,B083TNW1JM
pca,5000,898,0.14593948,0.08886352,1.0,B005HEVKXU
pca,5000,899,0.08473339,-0.17267534,5.0,B072ZQB512
pca,5000,900,-0.04974925,-0.30337057,5.0,B01AQ6OWAG
pca,5000,901,-0.10123208,-0.15086836,3.0,B07GF959QQ
pca,5000,902,0.2954062,0.09607817,5.0,B072BMZCHN
pca,5000,903,-0.33585423,0.041209724,5.0,B07SM5MQN8
pca,5000,904,-0.17106263,-0.2698864,5.0,B0BF9KC3NZ
pca,5000,905,-0.06804173,-0.3283046,1.0,B07GY54JPV
pca,5000,906,0.20021456,-0.17693831,3.0,B0BJPSZ739
pca,5000,907,-0.2514324,-0.13829413,5.0,B078RYSGTR
pca,5000,908,0.18079661,0.07680349,5.0,B010P5714W
pca,5000,909,0.06495269,-0.08685325,5.0,B01NCOM06N
pca,5000,910,0.09922299,-0.23151155,5.0,B01MRS3MIS
pca,5000,911,0.070147686,-0.05839359,1.0,B014KF85IO
pca,5000,912,-0.003818985,-0.109923914,5.0,B09LNX8MHV
pca,5000,913,-0.115902066,-0.31679055,4.0,B01F8DPALM
pca,5000,914,0.09184167,-0.25164348,1.0,B00DU15MU4
pca,5000,915,0.012184193,0.13881564,4.0,B00WU37B2K
pca,5000,916,-0.11874524,0.32444164,1.0,B08N5821RN
pca,5000,917,0.008055441,-0.085449494,5.0,B00WSW1YXA
pca,5000,918,0.30706736,-0.3680564,5.0,B07GFQN1MM
pca,5000,919,0.2159416,-0.1274714,4.0,B07Q12TXD8
pca,5000,920,0.07588214,-0.2069277,1.0,B07S764D9V
pca,5000,921,0.15391009,-0.004757246,5.0,B07FFCGJ5L
pca,5000,922,0.11622317,-0.23359959,5.0,B07L814B45
pca,5000,923,-0.0367353,-0.3108101,1.0,B0177NSA9A
pca,5000,924,-0.16203488,-0.0990317,5.0,B0087NZ31S
pca,5000,925,0.20839481,0.20684278,5.0,B0819QKM8T
pca,5000,926,0.08537267,0.10809022,2.0,B07PTVBKHM
pca,5000,927,-0.12366997,-0.040508084,3.0,B0B9S7TTCZ
pca,5000,928,-0.3518461,0.1066097,5.0,B0935ZDCYD
pca,5000,929,0.18950695,0.17997946,1.0,B01H8SKNQM
pca,5000,930,0.056367464,-0.05868257,2.0,B07N8VFFNS
pca,5000,931,0.18365718,-0.1971821,4.0,B075R8JR8L
pca,5000,932,0.043446206,0.05263232,1.0,B00OQVZDJM
pca,5000,933,-0.014801666,-0.27656502,1.0,B08KVSN48H
pca,5000,934,-0.14346705,-0.042842187,2.0,B00U3FPN4U
pca,5000,935,-0.46723035,0.16265607,5.0,B08L3R87HW
pca,5000,936,0.04945463,0.09216665,5.0,B0BV6WXP1T
pca,5000,937,0.108976796,-0.22900127,5.0,B0915QKXBV
pca,5000,938,0.11982271,-0.23295532,5.0,B0BLRCRNP1
pca,5000,939,0.21238439,-0.06255909,4.0,B008YCZBCI
pca,5000,940,0.13222055,0.22124028,5.0,B003U9RHM2
pca,5000,941,0.3084146,0.084262654,5.0,B004V68IQ2
pca,5000,942,0.09523931,0.0835862,5.0,B07KWR33LS
pca,5000,943,-0.16463026,-0.18441854,5.0,B00R92CL5E
pca,5000,944,-0.27225548,-0.09607591,5.0,B0BWMYK1XZ
pca,5000,945,-0.21678656,0.10788377,3.0,B007L5NKZO
pca,5000,946,0.22709174,0.22594488,5.0,B00FJ8JC3O
pca,5000,947,0.2399807,-0.061500743,3.0,B08BWN7F7Q
pca,5000,948,-0.010816287,-0.19403231,5.0,B075NFX24M
pca,5000,949,0.15967686,-0.27136204,5.0,B07Q2WQWT7
pca,5000,950,0.32178816,0.017674241,5.0,B09T3VLCWD
pca,5000,951,0.08056687,-0.25205123,5.0,B07TMJ8S5Z
pca,5000,952,0.01715997,-0.021672983,5.0,B01NANB0IW
pca,5000,953,0.20017838,-0.15181641,5.0,B07Y8SH1MC
pca,5000,954,0.1435185,-0.20866367,5.0,B07ZSZQNWP
pca,5000,955,-0.0056485943,0.045220654,5.0,B09KZJ9W7R
pca,5000,956,-0.056557674,-0.12545475,4.0,B07Q74L1TR
pca,5000,957,0.057251938,-0.31039685,5.0,B09XGQQ98K
pca,5000,958,0.092267714,0.0539726,5.0,B0BGS23YKX
pca,5000,959,-0.07376005,-0.13590781,5.0,B08HR9JFC2
pca,5000,960,0.095333755,-0.19157717,2.0,B08JTWH2SQ
pca,5000,961,-0.08911286,-0.2107319,5.0,B087D7C96F
pca,5000,962,-0.10780318,-0.17296891,5.0,B07S5XSTCW
pca,5000,963,0.09717509,-0.17354518,5.0,B09T6T159F
pca,5000,964,-0.026030775,-0.22369501,5.0,B009XUM3Q2
pca,5000,965,0.13901377,-0.13969946,5.0,B00XJ30884
pca,5000,966,-0.26475886,-0.1608789,5.0,B07797JBDW
pca,5000,967,0.20902152,-0.34245768,5.0,B06XBBRVD5
pca,5000,968,0.25381327,-0.19115518,5.0,B06ZZY4VNW
pca,5000,969,0.09358227,-0.33294883,5.0,B01HMB1US0
pca,5000,970,0.24907094,-0.3899078,5.0,B011BRUOMO
pca,5000,971,-0.3213781,-0.20726737,5.0,B0B6T5ZWCM
pca,5000,972,0.20902152,-0.34245768,5.0,B00AYB3OMG
pca,5000,973,0.00031283498,-0.07482959,5.0,B001905C62
pca,5000,974,0.21170765,0.077692956,1.0,B004SPMRUO
pca,5000,975,-0.018189263,-0.19886987,1.0,B07NSM8TF8
pca,5000,976,0.050086766,-0.19358788,1.0,B0963TH5MF
pca,5000,977,-0.39617515,-0.09812492,1.0,B0B62FJF1J
pca,5000,978,-0.05362345,-0.16695175,1.0,B0BRXJ655D
pca,5000,979,-0.12175846,-0.033751734,5.0,B0C1CST5HF
pca,5000,980,0.14175163,0.2083092,5.0,B019Q6G21Y
pca,5000,981,-0.011083242,0.07586807,5.0,B0095PZHPE
pca,5000,982,-0.31116694,0.018393073,5.0,B003VAK1I2
pca,5000,983,0.055535242,-0.3123523,5.0,B0BLNQ6B3L
pca,5000,984,0.05936698,-0.0024432,5.0,B085N11H5T
pca,5000,985,0.13697146,-0.11435008,5.0,B0043T7FXE
pca,5000,986,0.29423308,-0.20165466,5.0,B00KC0HVTQ
pca,5000,987,0.022497497,-0.16512336,5.0,B01HRVABD0
pca,5000,988,0.19298778,-0.115389496,5.0,B0CBVWHXTS
pca,5000,989,0.19084062,-0.03415589,5.0,B07Z8RLTN7
pca,5000,990,0.18905678,-0.15308659,5.0,B08C2LDLG5
pca,5000,991,-0.31791508,-0.078823954,5.0,B08J83TR22
pca,5000,992,0.21611212,-0.33005917,5.0,B00TOT6I7W
pca,5000,993,0.27321348,0.41874674,5.0,B00GMFVET8
pca,5000,994,-0.004912287,-0.2174805,5.0,B08L5M9BTJ
pca,5000,995,-0.15869196,-0.1596557,5.0,B07Z3KTCPX
pca,5000,996,-0.009240326,-0.14608784,5.0,B0BWD4WGJB
pca,5000,997,-0.11658256,0.010385368,4.0,B07G61MFF6
pca,5000,998,0.0026589744,-0.24009335,2.0,B00VA5MLM4
pca,5000,999,0.013734376,0.087151214,5.0,B085D9SLF4
pca,5000,1000,0.14522108,-0.36988273,5.0,B0BTKKJLTP
pca,5000,1001,-0.071772456,0.18306598,5.0,B00M4L721S
pca,5000,1002,0.03296279,0.110165015,5.0,B00JM6EP1I
pca,5000,1003,0.03972937,0.083623156,5.0,B0007M610O
pca,5000,1004,0.3258374,0.30094537,5.0,B086YCPY39
pca,5000,1005,-0.02155,0.28251496,4.0,B01M71T4E7
pca,5000,1006,0.060944445,-0.066769764,1.0,B06ZXR6KS6
pca,5000,1007,0.18634658,0.103558496,4.0,B00J3FOZPO
pca,5000,1008,0.28366235,-0.16133203,5.0,B08QJBQ1VM
pca,5000,1009,0.14452294,-0.040853802,5.0,B07F4P3JH7
pca,5000,1010,-0.046097,0.25944844,5.0,B01FLKRNTE
pca,5000,1011,0.21393569,-0.20270352,5.0,B08YGKCHNF
pca,5000,1012,0.16184981,0.110308886,5.0,B07V44WYM6
pca,5000,1013,-0.17996196,0.1169198,5.0,B0BDSZ2KT3
pca,5000,1014,-0.35233274,-0.0015234053,5.0,B09KQC7Z4S
pca,5000,1015,-0.00064413995,0.07582177,5.0,B0BHWYQ47Y
pca,5000,1016,-0.30044404,0.09488736,5.0,B0BDSZ2KT3
pca,5000,1017,0.12258561,0.24855632,5.0,B0BW7DFJL2
pca,5000,1018,-0.19859536,0.050569285,3.0,B08B3G74MY
pca,5000,1019,-0.21849883,0.16736087,4.0,B0BQC7892K
pca,5000,1020,-0.31596863,0.08214037,2.0,B0B5D4K48M
pca,5000,1021,0.03634557,0.028710086,5.0,B07H8WS1FT
pca,5000,1022,0.22397831,0.11600077,1.0,B01MXKRKWY
pca,5000,1023,-0.1953707,-0.23226725,5.0,B08VD2NX25
pca,5000,1024,0.14479868,-0.24734245,5.0,B0C1ZDMQ5Y
pca,5000,1025,0.13072328,-0.22924736,4.0,B0BQ5XQ17G
pca,5000,1026,0.00066931173,-0.2232494,3.0,B07QF4Z874
pca,5000,1027,0.04239736,-0.19321993,5.0,B007Z549YQ
pca,5000,1028,0.17591055,0.21330369,5.0,B08434BWYM
pca,5000,1029,0.121249765,0.23949915,5.0,B09LCZ16HN
pca,5000,1030,0.011967717,-0.2302887,5.0,B0CB11DLHG
pca,5000,1031,0.092624806,0.03826456,2.0,B07THRBHPG
pca,5000,1032,0.17436765,-0.2138685,1.0,B086C1FGF9
pca,5000,1033,0.20196839,-0.10698852,5.0,B01M1AQ316
pca,5000,1034,0.13259716,-0.08203352,5.0,B0B4SWZTZ1
pca,5000,1035,-0.07895233,0.22067899,5.0,B0739N6PLY
pca,5000,1036,0.2558361,-0.34499478,4.0,B092LYGF9J
pca,5000,1037,0.11368181,-0.39443505,5.0,B004A9PBJW
pca,5000,1038,0.08373754,-0.15648161,2.0,B0000BYDKO
pca,5000,1039,0.07572734,-0.21238999,5.0,B001KPILLE
pca,5000,1040,0.23879047,-0.15359822,5.0,B00NMTXYN6
pca,5000,1041,0.20315784,-0.19903718,5.0,B07RN4XTV5
pca,5000,1042,0.049252346,-0.16743301,5.0,B071HSGBZC
pca,5000,1043,0.2690061,0.15036665,5.0,B089XF38N2
pca,5000,1044,-0.020064846,-0.03681473,4.0,B07SHFPD8S
pca,5000,1045,-0.23502189,-0.05555933,5.0,B07V3RB9C1
pca,5000,1046,0.20657575,-0.17754583,5.0,B076FR2J17
pca,5000,1047,0.2749466,0.2510286,5.0,B07CP7PGKB
pca,5000,1048,0.19743872,-0.0984972,5.0,B09XKS77DP
pca,5000,1049,-0.16943842,-0.0047246125,5.0,B005INJ4ZG
pca,5000,1050,0.23823743,-0.3708091,5.0,B0015V1H28
pca,5000,1051,0.18868667,-0.44781682,5.0,B000NU4OTA
pca,5000,1052,-0.10832663,-0.1071177,1.0,B07G5ZG3Q4
pca,5000,1053,0.04798648,0.08536346,5.0,B07P6TNT8H
pca,5000,1054,0.1735011,-0.2656501,5.0,B07CK1CZ9J
pca,5000,1055,0.113913536,-0.37484017,5.0,B0B3J6BWH2
pca,5000,1056,0.21616013,-0.28119847,4.0,B00JDN86EW
pca,5000,1057,0.09238918,0.21986955,5.0,B081N87HH9
pca,5000,1058,0.0132099055,0.02146548,5.0,B082X8CY8X
pca,5000,1059,-0.31169724,-0.20313613,5.0,B082YWZ77X
pca,5000,1060,-0.09690614,0.112678304,5.0,B0CBZF7ZY5
pca,5000,1061,-0.052977283,0.140827,5.0,B0C1SJVWTY
pca,5000,1062,-0.04495873,0.14875153,5.0,B0BN11KNM4
pca,5000,1063,-0.078789026,0.22714108,5.0,B09YVBF9Z9
pca,5000,1064,0.015148055,0.20322903,4.0,B0C1ZC8CFP
pca,5000,1065,-0.21168348,0.034517627,4.0,B09V1KS388
pca,5000,1066,-0.02781846,-0.12549293,4.0,B09QFZF8QC
pca,5000,1067,-0.0010378323,0.1099097,4.0,B09N8NQG9J
pca,5000,1068,-0.07958697,0.09417118,3.0,B0C28HGT5N
pca,5000,1069,-0.064762816,0.083719775,5.0,B0BV9PZ629
pca,5000,1070,-0.12624738,0.14772013,5.0,B0019R6SO0
pca,5000,1071,-0.31218162,0.067805484,5.0,B0C1V5SRCW
pca,5000,1072,-0.0069136843,0.3356033,4.0,B09N7532L7
pca,5000,1073,0.0491021,0.05405348,5.0,B09FPGG9GZ
pca,5000,1074,0.10970141,0.38485783,5.0,B07SSDKNSL
pca,5000,1075,-0.22990274,0.07802299,3.0,B086XH336K
pca,5000,1076,-0.28971577,0.015353061,4.0,B09Y4LSD91
pca,5000,1077,-0.07605477,0.095918,4.0,B09WZZ9RDX
pca,5000,1078,-0.054231983,-0.011157416,4.0,B07RW9LZ15
pca,5000,1079,-0.058940273,0.08383976,4.0,B098BN33KP
pca,5000,1080,-0.07609844,0.038103934,5.0,B0BGPJNJBH
pca,5000,1081,-0.085226655,0.26726678,5.0,B00002JXFH
pca,5000,1082,-0.03768247,-0.020656954,5.0,B07N7HWP59
pca,5000,1083,-0.17777,-0.07351282,2.0,B07P374Y47
pca,5000,1084,0.067257404,-0.031920265,4.0,B01DLWBPCA
pca,5000,1085,-0.256687,0.17902806,5.0,B09CT914BT
pca,5000,1086,-0.020066198,0.0068318583,4.0,B0932GQP4B
pca,5000,1087,0.067804456,0.2574119,5.0,B07KJTXRKM
pca,5000,1088,-0.11856942,0.008985031,3.0,B07CM5NZRC
pca,5000,1089,-0.11510846,0.016183216,3.0,B0B696YT88
pca,5000,1090,-0.13168605,0.12016241,5.0,B07JJCKSDH
pca,5000,1091,-0.052264463,-0.036008734,4.0,B07Z7MRNDZ
pca,5000,1092,0.04234801,0.10410163,5.0,B071WNBMQ2
pca,5000,1093,-0.24254856,-0.009558059,5.0,B07DK1M5JF
pca,5000,1094,-0.07237318,0.025591783,4.0,B07HXW73SH
pca,5000,1095,-0.21938312,0.060608026,5.0,B07CPMG2LK
pca,5000,1096,-0.32952785,-0.12918893,5.0,B07H5F2SSX
pca,5000,1097,-0.08676605,0.16670834,5.0,B076YN6CSG
pca,5000,1098,-0.10196936,0.08177544,5.0,B077HNPLHZ
pca,5000,1099,-0.036986325,-0.009138133,5.0,B0BJGKZKV9
pca,5000,1100,-0.086885035,0.08109483,5.0,B07659Z1QM
pca,5000,1101,0.06270167,-0.109971926,3.0,B00X5X1XPU
pca,5000,1102,-0.1358729,-0.12698261,4.0,B084BXS6NL
pca,5000,1103,0.108251214,-0.22966507,5.0,B0002KR5Q0
pca,5000,1104,-0.18716633,0.29450372,5.0,B01N14PF8X
pca,5000,1105,-0.04873882,0.02506968,3.0,B01EY9L448
pca,5000,1106,-0.09226668,0.031656217,5.0,B07SVBV9TM
pca,5000,1107,-0.11668362,0.09473461,2.0,B07S9H9QVN
pca,5000,1108,-0.15800369,0.06783117,4.0,B01K7IH638
pca,5000,1109,-0.07332519,0.09553583,3.0,B01IEKG3TY
pca,5000,1110,0.022137683,0.1204488,4.0,B076ZTM2X5
pca,5000,1111,-0.06422332,0.13664448,5.0,B01DSSLEHI
pca,5000,1112,-0.06876831,0.079655156,5.0,B01BCWKBZI
pca,5000,1113,-0.26193994,-0.05775302,3.0,B00L8O8WK2
pca,5000,1114,-0.06853473,-0.065348975,5.0,B009NXOKOM
pca,5000,1115,-0.045207333,0.07023643,1.0,B00HCNHH2W
pca,5000,1116,0.017284894,-0.09637666,4.0,B004V3Q2YA
pca,5000,1117,-0.08813006,0.015138403,1.0,B0076O2A4C
pca,5000,1118,0.104130894,0.2215133,5.0,B00BXK7LBC
pca,5000,1119,0.07312882,-0.009131422,4.0,B002OB4DC4
pca,5000,1120,-0.14489175,-0.06343109,1.0,B0014FWBBQ
pca,5000,1121,-0.08384022,-0.037630707,5.0,B0007PN5MS
pca,5000,1122,0.08734833,0.10786432,3.0,B0006G332A
pca,5000,1123,0.14399287,0.044792626,5.0,B01NBTC7KN
pca,5000,1124,0.20902152,-0.34245768,5.0,B09HRNNQRT
pca,5000,1125,-0.29496765,0.076106116,2.0,B08YXY5XMD
pca,5000,1126,-0.08217107,-0.12737769,4.0,B093S4ZDKM
pca,5000,1127,0.11365062,0.39387864,5.0,B01DKA81PW
pca,5000,1128,0.018427687,0.20400818,5.0,B08SM7QW5K
pca,5000,1129,-0.032350693,-0.28525662,1.0,B00198445E
pca,5000,1130,-0.3114731,0.050447714,5.0,B09R6RKBWY
pca,5000,1131,0.015500713,0.024557326,5.0,B07QMBY7JF
pca,5000,1132,0.19729783,0.31299007,5.0,B0C9DMZ9DS
pca,5000,1133,0.10421853,-0.06178283,5.0,B078SL6YB7
pca,5000,1134,-0.13858423,0.010385439,4.0,B07LGM767X
pca,5000,1135,-0.29631323,0.046090197,4.0,B08J83TR22
pca,5000,1136,-0.0009251386,-0.069771774,5.0,B07WNYLXM1
pca,5000,1137,-0.012491304,0.06956966,5.0,B00ZYLMQH0
pca,5000,1138,0.22499964,0.2348831,5.0,B09Q3NR84W
pca,5000,1139,0.123221144,-0.016053686,5.0,B084H2NHNN
pca,5000,1140,0.223175,0.18273745,5.0,B01B208CLA
pca,5000,1141,-0.010546882,-0.18214586,5.0,B07CLBNM1C
pca,5000,1142,-0.11017911,0.13387054,4.0,B00UAZ5KDM
pca,5000,1143,0.2187376,0.09981321,5.0,B09BQVHBMD
pca,5000,1144,0.28113064,0.3471639,5.0,B01F4SKT08
pca,5000,1145,0.026514996,0.2299183,5.0,B08J5ZRFRG
pca,5000,1146,0.24231127,-0.07341694,5.0,B07ZHMHH9Q
pca,5000,1147,0.3137212,0.0036460496,5.0,B07LDB7MDJ
pca,5000,1148,0.19482192,-0.23207502,5.0,B09QL59Q12
pca,5000,1149,0.08617648,0.3389536,5.0,B09HKP7N83
pca,5000,1150,0.108944714,0.29131332,5.0,B0BVY5RHRR
pca,5000,1151,0.27803043,0.18712,5.0,B07KW59B6C
pca,5000,1152,0.18898669,-0.09920885,5.0,B09H5NT2C1
pca,5000,1153,-0.024633799,0.025018126,5.0,B09331MCDS
pca,5000,1154,-0.33725345,-0.14509962,5.0,B0C9GQLBF4
pca,5000,1155,0.17542917,0.15040667,5.0,B06XSGYL1Q
pca,5000,1156,-0.13818482,0.025557004,5.0,B0B6NS4VH2
pca,5000,1157,0.0067360513,-0.11159553,5.0,B011BRUOMO
pca,5000,1158,0.22387744,-0.2335843,5.0,B00MPB9IT6
pca,5000,1159,0.077006504,-0.018889006,1.0,B013S0N2OY
pca,5000,1160,0.16621628,-0.14051008,5.0,B0B4BMHPJ2
pca,5000,1161,0.3570049,0.14018592,4.0,B0BKKW5PF4
pca,5000,1162,0.10575071,0.11263041,5.0,B09PHJ83GH
pca,5000,1163,0.16657248,0.27429524,5.0,B09ZQS1HW3
pca,5000,1164,0.15627897,0.0036635883,5.0,B09XXPCNFY
pca,5000,1165,0.17212032,0.099878564,5.0,B09SLNKQTZ
pca,5000,1166,0.060469203,-0.2034125,5.0,B07PK6PDL6
pca,5000,1167,0.2202848,0.25574845,1.0,B09B4XST7Y
pca,5000,1168,-0.010269195,0.11778699,3.0,B09GKYFS67
pca,5000,1169,-0.010269195,0.11778699,4.0,B09GKV31QZ
pca,5000,1170,0.21818253,0.22605664,4.0,B0BSCCQLCY
pca,5000,1171,-0.10715142,0.023354337,5.0,B09TNV7Q69
pca,5000,1172,0.093910344,0.145453,5.0,B0BPP72J81
pca,5000,1173,0.17358607,-0.13898309,5.0,B097SVMKSZ
pca,5000,1174,-0.08127895,0.30097163,5.0,B099WZQ323
pca,5000,1175,-0.08127895,0.30097163,5.0,B097BFSJ7N
pca,5000,1176,0.18250802,-0.18140568,3.0,B09J96N8YW
pca,5000,1177,0.154802,0.10559124,5.0,B08QJKMBFN
pca,5000,1178,-0.005923867,0.013917737,5.0,B08XP6XW63
pca,5000,1179,0.14558522,0.11259925,4.0,B07F6Y9N43
pca,5000,1180,0.15673167,0.12535836,5.0,B07H82M1B4
pca,5000,1181,0.05662571,0.08069344,3.0,B07VF5G3B3
pca,5000,1182,-0.28152466,0.14879209,3.0,B07YDJGPCN
pca,5000,1183,-0.0098215975,0.38880357,4.0,B07ZYGVWMH
pca,5000,1184,0.06239683,-0.0007953271,5.0,B09TGH81T9
pca,5000,1185,0.24307491,0.36961702,5.0,B07X7MY4ZP
pca,5000,1186,0.25506398,0.35408106,5.0,B07QLQGQ13
pca,5000,1187,-0.04590914,0.18856253,5.0,B07VDHPHZT
pca,5000,1188,0.18852265,0.06765126,4.0,B0784BCRVZ
pca,5000,1189,-0.099022806,0.113440335,5.0,B0BYYQNJ3H
pca,5000,1190,-0.12206748,-0.08779231,5.0,B008S08HJ0
pca,5000,1191,-0.06147797,0.22812396,5.0,B0C5PHZ4QS
pca,5000,1192,-0.02677523,0.17808288,5.0,B01NBF0ZZ9
pca,5000,1193,0.19125955,0.12102136,5.0,B00JO6RO8C
pca,5000,1194,-0.13147224,-0.19260852,5.0,B00BJ2MC0E
pca,5000,1195,0.047696263,0.1914826,5.0,B018SZT3BK
pca,5000,1196,0.2382434,0.4366851,5.0,B01LY0G6UP
pca,5000,1197,0.1296354,0.38700226,5.0,B00XQAKHMW
pca,5000,1198,0.21085568,0.12431845,4.0,B07BMHSL19
pca,5000,1199,0.22947595,0.37520874,5.0,B01G7QDWB4
pca,5000,1200,-0.41133162,0.053983394,5.0,B00IPSC6F6
pca,5000,1201,-0.0044352002,0.40688506,5.0,B00M1C82VY
pca,5000,1202,-0.4418135,0.054379594,4.0,B00OPVJ0JW
pca,5000,1203,-0.32928655,-0.02840981,4.0,B000O8WE66
pca,5000,1204,0.10413544,0.36358538,5.0,B00154JDAI
pca,5000,1205,0.10961226,0.20325594,5.0,B0002OD3JY
pca,5000,1206,0.029175343,-0.03843413,5.0,B00005JLS3
pca,5000,1207,-0.27878752,-0.13646273,2.0,B07GC8NMB8
pca,5000,1208,0.24864615,0.32836658,2.0,B019F6P5AY
pca,5000,1209,0.22257838,-0.0662086,4.0,B00OUXHL8C
pca,5000,1210,0.1665608,-0.2978575,1.0,B08K2S5B88
pca,5000,1211,0.15045092,-0.31659183,1.0,B07C5J2WWD
pca,5000,1212,0.03139703,-0.12743393,4.0,B00OUXHMCW
pca,5000,1213,0.13915987,-0.3061781,3.0,B0C6J534BX
pca,5000,1214,-0.08852251,-0.031104019,4.0,B0BS6KLLT1
pca,5000,1215,-0.30189493,-0.17090295,3.0,B07VXP6FKN
pca,5000,1216,0.0022568814,-0.19972536,5.0,B082DT8YZW
pca,5000,1217,0.1980266,-0.2658863,5.0,B00OUXHOGG
pca,5000,1218,0.16170183,-0.22082095,3.0,B07PC39CTK
pca,5000,1219,0.085180014,-0.18509887,5.0,B07SJ8L4M3
pca,5000,1220,0.18052524,0.010593027,3.0,B07F7TDK2S
pca,5000,1221,0.07873909,-0.30026412,5.0,B00KXTZ3BE
pca,5000,1222,0.16351996,-0.43706867,4.0,B019WJROSK
pca,5000,1223,-0.049930412,-0.13518031,5.0,B0756SFQR1
pca,5000,1224,0.099950105,0.04794136,5.0,B07KKKBXG4
pca,5000,1225,-0.14389172,-0.03802842,1.0,B084D7CMKC
pca,5000,1226,0.08711085,-0.060101055,1.0,B0C163NSMW
pca,5000,1227,0.1901656,-0.018740559,3.0,B0BTSVTK32
pca,5000,1228,-0.10920671,-0.050012916,1.0,B01N9P860N
pca,5000,1229,-0.11170758,0.020024963,3.0,B08XQ41Z1H
pca,5000,1230,-0.021112531,-0.20901464,5.0,B0C1J4XGB1
pca,5000,1231,0.24405277,-0.13338031,5.0,B0C6M7FY32
pca,5000,1232,-0.3451104,-0.102407634,3.0,B00KY59Q3I
pca,5000,1233,-0.3080774,-0.22311696,4.0,B016YBEBG2
pca,5000,1234,-0.05277164,0.049464513,5.0,B08KRKTXH9
pca,5000,1235,-0.14866531,0.21596248,5.0,B013JMOTXO
pca,5000,1236,-0.30463645,0.1793221,4.0,B01MUXYVOA
pca,5000,1237,-0.051541794,-0.26078016,5.0,B0CF1VPN1J
pca,5000,1238,-0.18745454,-0.29033086,5.0,B0BMKD7JF8
pca,5000,1239,0.19485281,0.33030772,5.0,B07ZDJF4XB
pca,5000,1240,-0.03706878,-0.051988695,3.0,B07GTJC9XM
pca,5000,1241,0.19123296,-0.2757994,5.0,B00N23J4LI
pca,5000,1242,0.26961693,0.20652784,4.0,B07VN6JCNZ
pca,5000,1243,0.1623253,-0.221692,5.0,B01GL6WZA4
pca,5000,1244,-0.06137335,-0.10386403,5.0,B0BPM2XF22
pca,5000,1245,-0.050555836,-0.13349302,1.0,B071HNJX6Q
pca,5000,1246,-0.005623717,0.035516817,2.0,B000I4RMOU
pca,5000,1247,-0.27407256,0.049564812,1.0,B00DW1X5JC
pca,5000,1248,0.0018811226,0.06218349,2.0,B081Q8JHJQ
pca,5000,1249,0.14503327,0.0191699,4.0,B00M5D2P4Y
pca,5000,1250,0.07913691,0.077738136,4.0,B07QCRCP2R
pca,5000,1251,0.15443768,-0.07238888,5.0,B09MTSLT2T
pca,5000,1252,0.14946796,-0.33420587,5.0,B008TUQ7SC
pca,5000,1253,0.23842484,0.27675092,3.0,B0BGK3Y8VY
pca,5000,1254,0.25561023,0.28605193,5.0,B07Q14H7BZ
pca,5000,1255,-0.06581649,-0.07412782,1.0,B084HM5WG1
pca,5000,1256,0.18505885,0.14211188,5.0,B0C49KQRX4
pca,5000,1257,-0.21667102,-0.19768044,4.0,B0BW4PFM58
pca,5000,1258,0.23784994,-0.02704077,5.0,B087CHS5Z9
pca,5000,1259,0.069437,-0.03010681,5.0,B07ZN4JZYH
pca,5000,1260,0.18918489,-0.14348283,5.0,B015FY0SSO
pca,5000,1261,0.086971335,-0.20955326,5.0,B08421KFJX
pca,5000,1262,0.18868667,-0.44781682,5.0,B01K8B8YA8
pca,5000,1263,0.36006352,0.084809974,5.0,B0C5PHZ4QS
pca,5000,1264,0.3341254,-0.35480934,5.0,B01LXZZVKP
pca,5000,1265,0.030082095,-0.060246237,1.0,B0BSS1WJ4D
pca,5000,1266,-0.122155964,-0.12840062,5.0,B07VXXBTX4
pca,5000,1267,0.102135986,0.018476028,5.0,B07H8WS1FT
pca,5000,1268,0.10678518,0.25903842,5.0,B08HN4345K
pca,5000,1269,0.14763941,-0.09188968,4.0,B09WHPJZD3
pca,5000,1270,-0.14060716,-0.082845375,4.0,B0B3VDGR74
pca,5000,1271,0.040135317,0.03478733,1.0,B0B4F9H4DF
pca,5000,1272,0.11678089,0.15341058,3.0,B00INKHXY0
pca,5000,1273,0.07278697,0.106842965,5.0,B09XQ1P16Z
pca,5000,1274,0.26777261,-0.1104127,4.0,B07FD3YXKR
pca,5000,1275,0.07793629,-0.085310265,4.0,B07BGTKP34
pca,5000,1276,-0.09853335,-0.3239731,5.0,B09WTY19L9
pca,5000,1277,0.053672697,-0.2178993,4.0,B07G6XRZJ7
pca,5000,1278,0.067332506,-0.25706297,4.0,B07DGV6LY8
pca,5000,1279,-0.12036553,-0.33803502,4.0,B07JKPCPF8
pca,5000,1280,-0.34924603,0.021398064,5.0,B07J4RVYHX
pca,5000,1281,-0.3772888,0.09629966,4.0,B07FC9BNQL
pca,5000,1282,0.11032817,-0.067542285,5.0,B08P6S2757
pca,5000,1283,-0.030591544,-0.23680708,5.0,B08J42GSW6
pca,5000,1284,0.03282531,0.024680112,3.0,B0B1TXQSBV
pca,5000,1285,0.1711408,0.04914851,4.0,B07H1B8LQV
pca,5000,1286,-0.23275045,0.12758207,4.0,B07H3V77T7
pca,5000,1287,0.14400321,-0.118827775,4.0,B07CWJCBJ7
pca,5000,1288,0.15106145,0.54265827,5.0,B0B2QVW1ZV
pca,5000,1289,0.30568558,0.3395507,5.0,B07TX777BZ
pca,5000,1290,0.19310015,0.2996318,4.0,B085ZTR62L
pca,5000,1291,-0.26459315,0.0856574,5.0,B08BC9J8QQ
pca,5000,1292,0.12284638,0.11266281,5.0,B082W1SWKC
pca,5000,1293,-0.037867922,-0.08165803,4.0,B077HNPLHZ
pca,5000,1294,0.14940326,0.08195563,1.0,B083JG42ZG
pca,5000,1295,0.079107225,0.06660995,4.0,B07YKGXRKH
pca,5000,1296,0.032364752,-0.010303207,4.0,B086QKZHDY
pca,5000,1297,0.041441567,0.3746001,4.0,B07ZYH9R2C
pca,5000,1298,-0.18346779,-0.27694917,4.0,B07DGFBLCX
pca,5000,1299,-0.045360435,0.12988329,5.0,B0764GBNX2
pca,5000,1300,0.011526626,0.13369144,5.0,B07NR78GS6
pca,5000,1301,0.039749283,0.28937474,3.0,B085N11H5T
pca,5000,1302,-0.14025755,0.15129048,4.0,B07PTYNGCV
pca,5000,1303,0.16382897,0.31280324,4.0,B07SZ8Z734
pca,5000,1304,-0.04438447,0.04727147,5.0,B07PMK7WVC
pca,5000,1305,0.11835618,0.2837671,5.0,B07M8JKBY5
pca,5000,1306,0.2252386,-0.09229007,5.0,B0B614JJWR
pca,5000,1307,-0.28592908,0.17743604,5.0,B075QLZYD6
pca,5000,1308,-0.009288821,0.26493612,5.0,B07H59Q7LG
pca,5000,1309,-0.21162057,-0.11608668,4.0,B073RZSTGL
pca,5000,1310,0.32808453,0.081504986,5.0,B01LZFDA8E
pca,5000,1311,0.11991729,-0.0030856319,4.0,B07659Z1QM
pca,5000,1312,-0.10647054,0.14538811,4.0,B07YLQBC4B
pca,5000,1313,-0.4039246,-0.18131788,3.0,B074QQQ51L
pca,5000,1314,-0.08247587,-0.013350744,5.0,B07JPYR7XJ
pca,5000,1315,-0.40469447,0.11919099,4.0,B082SW81WD
pca,5000,1316,-0.34870398,0.20150293,5.0,B07JW2S287
pca,5000,1317,-0.18075381,-0.046680763,2.0,B0BXLCC4V6
pca,5000,1318,0.13023113,0.024482481,3.0,B0C25CVMJS
pca,5000,1319,-0.2494289,0.0656964,3.0,B078LHSFHC
pca,5000,1320,-0.095838875,-0.09318576,3.0,B074F3M2W8
pca,5000,1321,0.052737974,-0.24680367,1.0,B019XE45I6
pca,5000,1322,-0.38551134,0.16300416,2.0,B071XNVKBM
pca,5000,1323,-0.3628959,0.09276883,4.0,B00H36UL5I
pca,5000,1324,0.23762625,0.11072588,5.0,B0755PDKCN
pca,5000,1325,-0.32000372,-0.11613117,5.0,B06Y2M9FNC
pca,5000,1326,0.035511743,0.34866557,4.0,B09YYX736L
pca,5000,1327,0.26252073,0.3468043,5.0,B07VP6W2RF
pca,5000,1328,0.27328867,0.14944626,5.0,B01LQX0P8Q
pca,5000,1329,-0.38825113,0.098829165,5.0,B01N6YGQLJ
pca,5000,1330,0.09895331,-0.0015890673,4.0,B01N8UG7HA
pca,5000,1331,-0.0008140616,0.035657328,4.0,B01K1INXJK
pca,5000,1332,-0.0281456,-0.2725935,2.0,B01DA0YCNC
pca,5000,1333,-0.04234804,-0.037904184,5.0,B09LYWCHJX
pca,5000,1334,-0.040305447,-0.058002748,1.0,B01I4PKSZE
pca,5000,1335,-0.06385419,0.08859949,4.0,B01HNBLHAA
pca,5000,1336,0.031988025,0.013249248,5.0,B01LXHZLY7
pca,5000,1337,-0.16981947,-0.22473873,4.0,B00YY3XSSA
pca,5000,1338,-0.393119,0.17141484,2.0,B00U0WUGXO
pca,5000,1339,0.07027972,0.06521587,2.0,B00NGK93AE
pca,5000,1340,-0.19109538,-0.20964926,4.0,B00KATWRIY
pca,5000,1341,0.27088434,0.46792576,4.0,B01CHQ8F1K
pca,5000,1342,-0.13842015,-0.04384399,4.0,B00K4WAB30
pca,5000,1343,-0.07402095,-0.0072967187,4.0,B00IM3P8GS
pca,5000,1344,0.28804538,0.35912192,4.0,B00ECERJTA
pca,5000,1345,0.11261201,0.42545718,4.0,B00EUFP6WI
pca,5000,1346,0.037283868,0.13469933,4.0,B007OZNUCE
pca,5000,1347,0.1491701,0.20729284,5.0,B00BGIQRDE
pca,5000,1348,-0.20493819,-0.11010437,1.0,B007GR44PM
pca,5000,1349,0.23537046,0.302633,1.0,B00B5YER7M
pca,5000,1350,-0.122437656,-0.116271496,2.0,B00AITG3NQ
pca,5000,1351,0.22615536,0.295371,3.0,B008ULPBJG
pca,5000,1352,0.066413775,0.3015068,5.0,B005DEP2AG
pca,5000,1353,0.16656668,0.14276125,4.0,B006W3ZV6W
pca,5000,1354,0.03985002,-0.029656528,3.0,B004HO58KC
pca,5000,1355,0.046357654,-0.11685404,5.0,B0015ACUKC
pca,5000,1356,-0.42613575,0.21618827,4.0,B005JXAEGS
pca,5000,1357,-0.2845994,0.029843014,3.0,B003YKG86S
pca,5000,1358,-0.18303807,-0.0399293,2.0,B001IAX9AE
pca,5000,1359,-0.16889976,-0.11314723,5.0,B07PDHSLM6
pca,5000,1360,0.09053409,0.15769145,5.0,B01MXXQKGM
pca,5000,1361,0.0753378,-0.018563423,5.0,B0BVR7B323
pca,5000,1362,-0.5235983,0.12678476,5.0,B09F9FKWCC
pca,5000,1363,0.021769177,-0.060094938,5.0,B09YM4K17L
pca,5000,1364,0.26361817,0.19195633,5.0,B081GM5BCH
pca,5000,1365,0.15634997,-0.3587397,5.0,B0B2JWCMCY
pca,5000,1366,-0.13573426,-0.10804896,5.0,B07HLTDQ7B
pca,5000,1367,0.13457301,-0.38890463,5.0,B01F26T1JW
pca,5000,1368,0.15700036,0.23365983,5.0,B006ZT4VA0
pca,5000,1369,0.18013851,-0.45890123,5.0,B00XJN2T2W
pca,5000,1370,0.16438058,-0.37762484,5.0,B00404SUZ4
pca,5000,1371,0.13361067,-0.22381161,5.0,B0CF6479D8
pca,5000,1372,-0.0694665,-0.16757958,5.0,B07RWJNZMZ
pca,5000,1373,0.0071295127,-0.07859874,5.0,B07KNLXQ2S
pca,5000,1374,-0.104088694,-0.10239412,5.0,B01M4R72FX
pca,5000,1375,0.1484097,-0.17640004,4.0,B07FTSFGXH
pca,5000,1376,0.114091665,-0.29237196,5.0,B01MTF91W6
pca,5000,1377,0.13442264,-0.09273942,5.0,B074N2QSZT
pca,5000,1378,0.051050324,-0.10773595,5.0,B00YOP4DSW
pca,5000,1379,0.2666726,-0.28796813,5.0,B01KIOU214
pca,5000,1380,0.18449596,-0.15193355,5.0,B0B11P89KH
pca,5000,1381,0.07642364,-0.15750945,4.0,B004HBK4T0
pca,5000,1382,0.14745843,-0.26795095,4.0,B0089W5NKI
pca,5000,1383,0.12247045,-0.18313438,4.0,B07Q1JVCTS
pca,5000,1384,0.23993959,-0.26134118,4.0,B004X8AKDM
pca,5000,1385,0.21296142,-0.27323365,4.0,B0054L7FVW
pca,5000,1386,0.13012907,-0.20516159,3.0,B001RJXTNI
pca,5000,1387,-0.015107267,-0.16944656,1.0,B007UZCIBW
pca,5000,1388,0.043171838,-0.21062334,2.0,B003VANOFY
pca,5000,1389,0.19228148,-0.15099926,5.0,B0108LX660
pca,5000,1390,0.20724693,-0.2181319,4.0,B08SHVBZ8M
pca,5000,1391,0.026764447,-0.051337566,1.0,B0C7K8RKCG
pca,5000,1392,-0.32788292,0.16522925,3.0,B07BW245J3
pca,5000,1393,0.010005143,-0.009710422,5.0,B0BTTB89J3
pca,5000,1394,0.06937124,-0.16790815,5.0,B09T3921MQ
pca,5000,1395,-0.21606937,-0.059817433,4.0,B092VHZ5LX
pca,5000,1396,-0.37365186,0.009066649,3.0,B08KDX5H5Z
pca,5000,1397,-0.16100943,0.03101844,3.0,B08BH87FPJ
pca,5000,1398,-0.47847357,0.113094464,5.0,B07W6N4HNP
pca,5000,1399,0.18650484,-0.021963479,1.0,B082D1RRVF
pca,5000,1400,0.057152573,0.0046751164,1.0,B0881XYVRY
pca,5000,1401,-0.049215656,0.08255443,5.0,B0184S7U7A
pca,5000,1402,0.17868981,-0.13164917,5.0,B01MXWN6UF
pca,5000,1403,0.0125262495,-0.089619964,1.0,B072R4ST2Z
pca,5000,1404,0.014906026,-0.09818724,1.0,B07VKQ58ZF
pca,5000,1405,-0.27056926,-0.25441602,1.0,B07NGK5564
pca,5000,1406,0.00519298,-0.09210125,1.0,B00MULE6KW
pca,5000,1407,0.24298665,-0.051377065,1.0,B08SGSYLZD
pca,5000,1408,0.12826413,0.1867492,5.0,B0122ZKEYC
pca,5000,1409,-0.04169965,-0.051532347,1.0,B07DNGZQDZ
pca,5000,1410,0.03306493,0.03839167,4.0,B00KB8CHU2
pca,5000,1411,0.014525926,0.018647488,4.0,B00DPC015E
pca,5000,1412,-0.027529929,-0.22841555,5.0,B00ZGF40QO
pca,5000,1413,-0.32644176,0.11192265,1.0,B00AVLOHJ8
pca,5000,1414,0.110151514,-0.15706499,5.0,B09ZV66F82
pca,5000,1415,-0.06642838,-0.14273046,5.0,B08WJSHSLC
pca,5000,1416,0.18194471,0.01726102,5.0,B0BV2YBX3Q
pca,5000,1417,0.09693459,-0.046061676,1.0,B0BM3JL7K4
pca,5000,1418,-0.1803599,0.07950397,4.0,B002MRMCKU
pca,5000,1419,0.1501292,0.1448719,4.0,B0BK5PPJX7
pca,5000,1420,-0.12132855,-0.18893437,5.0,B07KTYJ769
pca,5000,1421,-0.053162914,-0.27510133,3.0,B0971YMVC8
pca,5000,1422,0.3231971,-0.014186151,5.0,B09D2WWSLG
pca,5000,1423,0.13297546,0.075828314,3.0,B08YNPQPR8
pca,5000,1424,-0.08434068,-0.0055659916,5.0,B08YFJYD5Z
pca,5000,1425,0.08251923,-0.27077976,3.0,B086KVFX57
pca,5000,1426,0.02542235,-0.31466573,5.0,B07RXXNDXD
pca,5000,1427,0.07181099,-0.32750013,5.0,B01N44JBS4
pca,5000,1428,0.079528056,-0.29342565,5.0,B00JKQK9JW
pca,5000,1429,0.061327547,0.103710085,5.0,B00H89DJ1S
pca,5000,1430,0.19535731,0.15343511,4.0,B01B9OO1CS
pca,5000,1431,0.15769377,-0.25297675,5.0,B003ZDLATE
pca,5000,1432,0.18655975,-0.1551346,5.0,B01JZ8Z7C8
pca,5000,1433,0.019272339,-0.0036335774,5.0,B09Y54MQWT
pca,5000,1434,0.23266111,-0.3105479,5.0,B003UVZG0U
pca,5000,1435,0.25235656,-0.37421474,5.0,B000067RPU
pca,5000,1436,-0.28554848,-0.25659338,1.0,B0BRKBTGRS
pca,5000,1437,0.13954805,0.046836834,4.0,B08T1D4K9Z
pca,5000,1438,0.18043353,0.14784124,2.0,B07NL2S9QW
pca,5000,1439,-0.42134702,0.05510514,4.0,B01LNJPR72
pca,5000,1440,0.24154605,0.08064264,5.0,B07FL447HM
pca,5000,1441,-0.2967162,0.028852794,5.0,B07S764D9V
pca,5000,1442,0.25176722,-0.071008235,5.0,B07PXB3VR5
pca,5000,1443,0.07825667,0.079719916,3.0,B07PHQ93TV
pca,5000,1444,-0.10163055,0.0102819465,5.0,B07DGRR6G2
pca,5000,1445,-0.07626106,-0.31088743,5.0,B07JR4MVGH
pca,5000,1446,-0.007546976,0.21624726,5.0,B09Y5N3H8S
pca,5000,1447,-0.28882605,0.0563938,4.0,B09KXR45WK
pca,5000,1448,0.019066114,0.14323586,5.0,B07RQL8GJ6
pca,5000,1449,0.08534777,0.0504256,5.0,B07BFCVJZC
pca,5000,1450,0.21933314,0.37856406,5.0,B08HRLQNY3
pca,5000,1451,-0.33876124,0.15425685,5.0,B0BTDWQMNL
pca,5000,1452,0.109290004,0.20466384,4.0,B0BPC2MJ2X
pca,5000,1453,-0.121742085,-0.0017569624,5.0,B0BVFV4CWS
pca,5000,1454,0.2359643,0.4367715,5.0,B0BG3G3S9H
pca,5000,1455,0.25349587,0.36602345,4.0,B0C54G93XF
pca,5000,1456,-0.35060203,-0.02709316,4.0,B09W8WWNBB
pca,5000,1457,0.051568706,0.0060363114,5.0,B0BG465CZK
pca,5000,1458,0.01880112,0.21175727,5.0,B0B4R636FH
pca,5000,1459,-0.15290545,0.1313209,5.0,B0B9NR6CHX
pca,5000,1460,-0.07965481,0.2763824,5.0,B0BRPBX6N8
pca,5000,1461,-0.035072442,0.17047814,5.0,B0BRPBX6N8
pca,5000,1462,-0.42814812,0.12549892,5.0,B09SFTSMXM
pca,5000,1463,0.1084678,0.19795983,4.0,B0B38N74WZ
pca,5000,1464,0.033725478,0.2616804,5.0,B0B5PNM6WN
pca,5000,1465,0.10997249,0.11262649,5.0,B08623SZH9
pca,5000,1466,-0.09133057,0.087180465,4.0,B09YVBF9Z9
pca,5000,1467,0.20464566,0.020847682,4.0,B09WTG9JBT
pca,5000,1468,-0.12086807,0.030526537,4.0,B0BWDNJVJY
pca,5000,1469,-0.026021112,0.06942205,4.0,B09WWZ4193
pca,5000,1470,-0.24519855,-0.082236886,4.0,B0C74JJ9Z3
pca,5000,1471,0.14542371,0.18700415,5.0,B09MKXV23H
pca,5000,1472,0.09498447,0.054275554,4.0,B09SPJGPVQ
pca,5000,1473,0.12898242,0.15940621,4.0,B0BBBVW58J
pca,5000,1474,0.3011205,0.38209763,5.0,B0BDVTCDDC
pca,5000,1475,0.21994932,0.00252302,4.0,B09VKPQBD1
pca,5000,1476,0.19820943,0.03695635,3.0,B09SF1ZTF6
pca,5000,1477,0.059323072,0.3745947,5.0,B09TN3N4F2
pca,5000,1478,0.16066793,0.079225555,4.0,B09T9CCD6N
pca,5000,1479,0.08714844,-0.13349214,5.0,B0BC8MC7PY
pca,5000,1480,0.19468622,0.28265122,5.0,B0BXYBTYFV
pca,5000,1481,0.13650633,0.068801254,5.0,B0B73NLLC1
pca,5000,1482,0.12794097,0.076215506,5.0,B09JSJNMNT
pca,5000,1483,0.03289938,0.1562008,5.0,B09PBPXVTP
pca,5000,1484,0.17639339,0.07860418,5.0,B09NKT74SB
pca,5000,1485,-0.46421596,0.10105416,4.0,B09YXK3QDQ
pca,5000,1486,-0.14180353,0.22581041,5.0,B09KTTN3M7
pca,5000,1487,0.19111161,0.049907062,4.0,B09LLMFTKZ
pca,5000,1488,-0.02792767,0.15762034,4.0,B0BK4XYBVK
pca,5000,1489,-0.3976574,0.08570549,4.0,B0BGZ2SFMH
pca,5000,1490,-0.50546277,0.16689561,4.0,B09PC48LDS
pca,5000,1491,-0.03671309,0.09741153,5.0,B09NRFZF1G
pca,5000,1492,-0.33752573,0.1647879,5.0,B0BYYGZHG5
pca,5000,1493,0.004290998,0.13092104,5.0,B09KC4MVRF
pca,5000,1494,0.04303523,0.31073037,5.0,B09NVBBPRF
pca,5000,1495,-0.022651013,0.22519377,5.0,B0B15CWFS2
pca,5000,1496,-0.0058734007,0.29689255,5.0,B09JLYPDRY
pca,5000,1497,0.2352351,0.03295162,5.0,B09K5XSJ32
pca,5000,1498,0.015843572,-0.027467811,4.0,B0B7B9ZS19
pca,5000,1499,-0.047774192,-0.065944634,5.0,B0BTYLH7Y2
pca,5000,1500,-0.08899325,-0.072625495,5.0,B09JRV9PP4
pca,5000,1501,0.08057844,0.17317691,3.0,B0B19SL9TF
pca,5000,1502,-0.46331754,0.146804,4.0,B095PNFDKR
pca,5000,1503,-0.4900196,0.089233175,5.0,B09HJD942X
pca,5000,1504,0.05283875,0.044089515,5.0,B08SJC9KG5
pca,5000,1505,-0.23935667,0.14136435,4.0,B0931QN643
pca,5000,1506,0.08870063,0.21214704,5.0,B094J6VY97
pca,5000,1507,0.16516402,0.2687375,5.0,B09HLCMJZQ
pca,5000,1508,-0.3764645,0.024362251,5.0,B0BYF74D2Z
pca,5000,1509,-0.39369178,0.0030771866,4.0,B091PYQHZD
pca,5000,1510,0.11159161,0.16928698,4.0,B09647HCRZ
pca,5000,1511,-0.09523669,0.21017392,5.0,B093GQ4CB7
pca,5000,1512,0.084646896,0.26198554,5.0,B092DCJMXF
pca,5000,1513,0.036810763,0.25377345,4.0,B094Q98CNJ
pca,5000,1514,-0.034455653,0.32345238,5.0,B07DNG9XSZ
pca,5000,1515,-0.058952805,0.13161436,5.0,B091F2TVMT
pca,5000,1516,0.33386806,0.49211356,5.0,B0B85V929L
pca,5000,1517,0.043571346,0.17362134,4.0,B09BFKS9WQ
pca,5000,1518,-0.08910698,0.19934295,4.0,B091YJ34CX
pca,5000,1519,-0.13222468,0.034021188,3.0,B08ZCKJ299
pca,5000,1520,0.20680656,0.006261781,4.0,B08ZSM5Q7W
pca,5000,1521,-0.14272606,0.2578319,5.0,B08QHSM2NH
pca,5000,1522,0.04938597,0.1382607,5.0,B08PK9VS8F
pca,5000,1523,0.11276093,0.2694584,4.0,B08RS42VC7
pca,5000,1524,-0.0007198192,0.18288842,5.0,B08PKBTC76
pca,5000,1525,0.009213278,0.14127673,4.0,B08RDX61MZ
pca,5000,1526,0.07968349,0.2035616,5.0,B08B3XRQPN
pca,5000,1527,0.13904436,0.017946929,4.0,B08MYTBRY2
pca,5000,1528,0.0788559,0.26423055,4.0,B08NXC2F9R
pca,5000,1529,0.058327407,0.14255367,4.0,B08ML79GYD
pca,5000,1530,0.13003926,0.0419303,5.0,B08NX1KL65
pca,5000,1531,0.09017584,0.2544292,4.0,B08JCF4VWG
pca,5000,1532,0.013728464,0.15209578,4.0,B08L36JTQT
pca,5000,1533,0.14556848,0.010368515,5.0,B08J3CPG5G
pca,5000,1534,0.02496009,0.0553427,5.0,B0899WBQ3S
pca,5000,1535,0.23218305,-0.0047904216,5.0,B08L5HLN61
pca,5000,1536,0.18933919,-0.028296545,5.0,B08H5P93R4
pca,5000,1537,0.13176781,0.27677467,5.0,B09HRKD9F7
pca,5000,1538,-0.51271564,0.18126321,3.0,B08DCRJPHP
pca,5000,1539,0.060121216,0.078821495,5.0,B08G5F3X8F
pca,5000,1540,-0.18716143,-0.0453079,5.0,B07XRV8428
pca,5000,1541,0.2400737,0.060670476,4.0,B08GFY98KX
pca,5000,1542,-0.24775931,0.053809974,4.0,B0C5YP4GDQ
pca,5000,1543,-0.065921575,0.076012895,4.0,B089SM95C2
pca,5000,1544,-0.19078127,0.22600392,4.0,B08BK48TW5
pca,5000,1545,0.030267479,0.036972623,5.0,B087N4LQPN
pca,5000,1546,0.1602011,0.012563009,4.0,B0856481P2
pca,5000,1547,0.106862456,-0.0482945,4.0,B087CY4XQH
pca,5000,1548,-0.1314849,-0.055915162,4.0,B089DF8FWN
pca,5000,1549,0.28636575,0.26248938,4.0,B082W1CBDC
pca,5000,1550,-0.46680602,0.16862597,4.0,B09JZZMQNN
pca,5000,1551,-0.41115353,0.0827958,4.0,B07TGD2F8B
pca,5000,1552,0.18708998,-0.029094202,4.0,B082SX4MG5
pca,5000,1553,0.12237583,0.105911136,4.0,B0C3M91B2C
pca,5000,1554,0.09276616,0.13388073,4.0,B07YXVWHFG
pca,5000,1555,0.109144285,0.18369228,5.0,B0C8SS7HML
pca,5000,1556,-0.15246885,-0.1421819,4.0,B082TQXKHN
pca,5000,1557,0.14017613,0.031109001,5.0,B0831N3T39
pca,5000,1558,0.101167336,0.08361189,4.0,B082KQBRKJ
pca,5000,1559,0.14365347,0.07396911,4.0,B082KPTZKX
pca,5000,1560,-0.05242699,0.15998565,4.0,B082PFDSRT
pca,5000,1561,0.0993927,0.042363044,4.0,B0838FF88L
pca,5000,1562,0.27497026,-0.06982453,4.0,B09CGWWR1H
pca,5000,1563,0.20695433,0.24893764,4.0,B082PP61YH
pca,5000,1564,-0.1191657,0.1567377,4.0,B081VZ5ZTZ
pca,5000,1565,-0.08808845,0.28507975,5.0,B0B751K1LV
pca,5000,1566,0.16137007,0.08136204,4.0,B0823DQ3YW
pca,5000,1567,0.2333858,0.16998996,4.0,B078Y5VWBT
pca,5000,1568,-0.042530168,-0.10142256,4.0,B07XLBF5MP
pca,5000,1569,-0.042956736,0.11041908,5.0,B09JLG3YT7
pca,5000,1570,-0.007601239,0.28608343,4.0,B07YC18BL7
pca,5000,1571,0.03913401,0.07758926,5.0,B095L8F33R
pca,5000,1572,-0.45001164,0.030885112,4.0,B0BNC1QBH6
pca,5000,1573,-0.23025799,0.21620938,3.0,B07PSKXM33
pca,5000,1574,-0.104855835,0.16549951,5.0,B07TXGPNN2
pca,5000,1575,-0.031551745,-0.14572334,4.0,B07TWN55VV
pca,5000,1576,-0.46234927,0.1628091,5.0,B07TBHNP4C
pca,5000,1577,0.30406383,0.08939178,5.0,B07WC81LRS
pca,5000,1578,0.0052177496,0.0026191026,5.0,B07QKPCWN5
pca,5000,1579,-0.4749488,0.08594082,2.0,B07QH5MDTS
pca,5000,1580,-0.2015715,0.14024997,5.0,B0BGPJNJBH
pca,5000,1581,-0.43641418,0.009272914,4.0,B0B23LRBRP
pca,5000,1582,-0.015869696,0.1477629,5.0,B07RXXTZ6R
pca,5000,1583,-0.41102302,0.041716855,4.0,B0C5PC4J6W
pca,5000,1584,-0.049044054,-0.013989279,4.0,B08SM7PP2M
pca,5000,1585,0.15234344,0.47378513,4.0,B07NTVBTSM
pca,5000,1586,-0.22171167,0.0191347,4.0,B0BJ7QMYBF
pca,5000,1587,0.11533712,0.30709141,4.0,B08J7RH9JH
pca,5000,1588,-0.068593964,0.25839427,4.0,B08J79T7CQ
pca,5000,1589,-0.52944565,0.16254333,4.0,B082R17ZJG
pca,5000,1590,0.083008915,0.18400829,5.0,B088GJHYVN
pca,5000,1591,0.09022132,0.019412115,4.0,B07H9YR3XW
pca,5000,1592,-0.01621401,0.09604032,5.0,B07MMYYNHB
pca,5000,1593,0.07473296,0.110054925,4.0,B07LBQYCHT
pca,5000,1594,-0.11047804,0.21203086,4.0,B08PFVF5L8
pca,5000,1595,-0.37020323,0.05205394,4.0,B097C49PBW
pca,5000,1596,0.027255092,0.044395182,5.0,B07JHTVHM8
pca,5000,1597,0.20265996,0.20919505,5.0,B07J9NT4H9
pca,5000,1598,-0.05139229,0.06777504,4.0,B07HFWGBST
pca,5000,1599,-0.24169165,0.24821329,4.0,B07HLQ32HK
pca,5000,1600,-0.42877567,0.17552425,4.0,B07K8XPS7J
pca,5000,1601,-0.17378685,0.2889833,5.0,B07FGKRX43
pca,5000,1602,-0.060129415,0.31708276,5.0,B07QDNWC7X
pca,5000,1603,0.08184267,0.35634822,5.0,B07D9JW39N
pca,5000,1604,-0.1889265,0.25811782,5.0,B09YYX736L
pca,5000,1605,-0.075855285,0.209898,4.0,B095LLDH4H
pca,5000,1606,0.0734458,0.13009009,3.0,B07F2DDC28
pca,5000,1607,-0.045570273,0.21136767,4.0,B07CZCFHC6
pca,5000,1608,-0.48532215,0.031993937,5.0,B07G2G18YH
pca,5000,1609,-0.08811124,-0.036513437,5.0,B098DSFTQM
pca,5000,1610,-0.26090163,0.079230145,4.0,B01MFESB51
pca,5000,1611,-0.1808566,0.18079688,4.0,B07DC8673V
pca,5000,1612,-0.08953555,-0.0618347,4.0,B0759MFSWC
pca,5000,1613,0.23509823,0.4321299,4.0,B077CMJVRZ
pca,5000,1614,-0.43447432,0.32795635,4.0,B0751W3JZ9
pca,5000,1615,0.13707243,0.20817232,4.0,B076MJW31F
pca,5000,1616,-0.3294732,0.27371737,4.0,B00VV6X1UI
pca,5000,1617,0.11260308,-0.025323184,5.0,B08KG14KCT
pca,5000,1618,-0.023328971,0.19051471,4.0,B076PMVZMR
pca,5000,1619,0.1488742,0.10176663,4.0,B01M716C56
pca,5000,1620,-0.17045353,-0.059775066,5.0,B08N6HGY8P
pca,5000,1621,-0.45930567,0.0967924,5.0,B09K7JMBYK
pca,5000,1622,-0.28922665,0.31821138,4.0,B06XFTNSCT
pca,5000,1623,0.007176254,0.14370897,5.0,B016XFCHBA
pca,5000,1624,-0.3117799,0.19523744,5.0,B01I33N124
pca,5000,1625,0.124265134,0.1462238,5.0,B014TUZ92U
pca,5000,1626,-0.16117325,0.065310165,4.0,B01E6L4WW0
pca,5000,1627,-0.12124418,0.08983071,2.0,B00Y85YSGK
pca,5000,1628,-0.39918542,0.08046383,5.0,B06WRMP8KT
pca,5000,1629,0.084825166,0.08386214,4.0,B017O1BWMW
pca,5000,1630,-0.026378494,0.25272232,4.0,B01N3JWG1N
pca,5000,1631,0.16487175,0.15009165,4.0,B06XJF5NMP
pca,5000,1632,-0.07408799,-0.10442498,5.0,B08739SDH3
pca,5000,1633,-0.13665913,-0.21846204,4.0,B00IYETYX8
pca,5000,1634,-0.060105275,0.028674822,4.0,B09HJ4LVWP
pca,5000,1635,-0.14293204,0.032048848,5.0,B09LYWCHJX
pca,5000,1636,-0.36872026,0.26733425,5.0,B01IOECNKS
pca,5000,1637,0.035702944,0.07076554,5.0,B00IVPU786
pca,5000,1638,-0.13699879,-0.06434016,5.0,B00PVCV682
pca,5000,1639,0.09784092,0.17148046,5.0,B07BV831R5
pca,5000,1640,0.08546083,0.029767815,5.0,B09Z3BM734
pca,5000,1641,0.05255474,0.19659638,5.0,B01HAUTGKM
pca,5000,1642,0.19144914,0.34698182,5.0,B01DJ7LUJK
pca,5000,1643,0.2081862,0.22006333,5.0,B01HIPOC30
pca,5000,1644,-0.29944417,-0.087678604,5.0,B00EDIC062
pca,5000,1645,0.028407522,-0.06899524,5.0,B01EJ2CQ7O
pca,5000,1646,-0.12481928,-0.16055262,5.0,B01F75X68U
pca,5000,1647,0.1305771,0.16434729,4.0,B01E7C8TWW
pca,5000,1648,0.06559054,0.17392904,5.0,B00SWL1F2G
pca,5000,1649,0.13066179,0.12978306,5.0,B01C2ADMNW
pca,5000,1650,-0.17880033,-0.081705585,5.0,B09N5LVWH7
pca,5000,1651,-0.050338987,0.3244139,5.0,B017ILTARW
pca,5000,1652,0.0019739121,0.26216212,4.0,B011KFQASE
pca,5000,1653,0.075986244,-0.21907029,5.0,B015CAP52U
pca,5000,1654,-0.39987063,0.21030858,4.0,B00006JPRN
pca,5000,1655,0.08708666,0.15654626,5.0,B0183F4MR0
pca,5000,1656,-0.45585728,0.2699728,5.0,B0171F4ULQ
pca,5000,1657,0.17532657,0.3309157,5.0,B0170O61J2
pca,5000,1658,-0.4359165,0.14679785,5.0,B0178I3JOK
pca,5000,1659,0.17477778,0.25095722,4.0,B00Y4FUVI8
pca,5000,1660,-0.31377733,0.16835326,4.0,B010AX4WG4
pca,5000,1661,0.017217118,0.050911803,4.0,B014H8SON0
pca,5000,1662,0.087734595,0.016197812,5.0,B01N0H8WUZ
pca,5000,1663,-0.37502664,0.17946713,4.0,B08JH3PJ2Q
pca,5000,1664,0.21409602,0.29090565,5.0,B07GST8F8L
pca,5000,1665,0.25194052,0.30007803,5.0,B00XHRW9TI
pca,5000,1666,-0.40131024,0.12718335,5.0,B08N6HJ3FB
pca,5000,1667,0.102010384,-0.092280574,5.0,B006MPRFJQ
pca,5000,1668,0.17390387,-0.011557538,5.0,B00KH3SZTS
pca,5000,1669,-0.02846763,0.17687966,5.0,B00IG9LSGM
pca,5000,1670,0.19435802,0.35521048,5.0,B00KFCESEC
pca,5000,1671,0.029526815,-0.083417624,5.0,B00L7SV16G
pca,5000,1672,-0.42134407,0.13985631,5.0,B00CWXJXTC
pca,5000,1673,0.1447842,0.13753717,5.0,B00JFHYY42
pca,5000,1674,0.025859572,-0.15966143,5.0,B005P99KT8
pca,5000,1675,0.02824575,-0.10137501,5.0,B08LZJ8GMH
pca,5000,1676,0.2648754,-0.08540826,1.0,B0BYZMDN97
pca,5000,1677,-0.119875595,0.12396507,5.0,B08FT8J1RR
pca,5000,1678,0.10315551,-0.010066558,5.0,B0C2YWQP1J
pca,5000,1679,-0.34098023,-0.093261704,5.0,B09Z228SQJ
pca,5000,1680,-0.2032564,-0.020393174,1.0,B085F4RL5S
pca,5000,1681,-0.44959345,0.25464123,5.0,B00KJLMBQQ
pca,5000,1682,0.31033584,-0.070910916,5.0,B07Y1SNHQW
pca,5000,1683,0.098168865,-0.07028295,3.0,B0B5GZBXCV
pca,5000,1684,0.05602268,-0.1757397,5.0,B07QF4Q875
pca,5000,1685,0.16987352,-0.0529619,5.0,B08YXY5XMD
pca,5000,1686,-0.060656566,-0.4257617,5.0,B075NCMLYL
pca,5000,1687,0.24558333,-0.071507044,5.0,B0BXM4RTZ4
pca,5000,1688,0.27550566,-0.08336707,5.0,B073ZNM75V
pca,5000,1689,0.045815222,0.01446946,1.0,B098PZNSL7
pca,5000,1690,0.23458652,-0.16485333,5.0,B0BR3MLGZZ
pca,5000,1691,0.22624275,0.24607354,5.0,B09KH1J658
pca,5000,1692,-0.36062798,-0.15431823,1.0,B08Q2D3XR1
pca,5000,1693,-0.37260354,0.0959588,5.0,B082LMXMNZ
pca,5000,1694,-0.04062437,0.0030655786,5.0,B093QLDGNJ
pca,5000,1695,-0.058682065,0.11345668,3.0,B09KMSH26Q
pca,5000,1696,-0.025578003,-0.21822831,5.0,B075JZNHTD
pca,5000,1697,0.15019754,-0.0044430997,5.0,B01N34WW1E
pca,5000,1698,-0.06388357,0.10656215,5.0,B09CG9LZSR
pca,5000,1699,0.040318877,-0.07408634,1.0,B094BMCMPS
pca,5000,1700,0.20125648,0.2548695,3.0,B01H3CN9ZA
pca,5000,1701,0.2623511,0.32855213,5.0,B08148XDKN
pca,5000,1702,0.07084824,0.16748156,5.0,B07P92XS72
pca,5000,1703,-0.019433513,-0.2889495,5.0,B07YXG4F7R
pca,5000,1704,0.16156219,-0.35265493,5.0,B003LY0QH4
pca,5000,1705,0.095353395,0.07592891,5.0,B005OTPVMY
pca,5000,1706,0.10387769,-0.083450526,5.0,B07V4JD954
pca,5000,1707,-0.38984314,0.086011186,5.0,B01N7CV2TS
pca,5000,1708,0.11719178,0.13428947,5.0,B07FSBRRTP
pca,5000,1709,0.029452546,0.13831158,5.0,B07LG3CMWX
pca,5000,1710,-0.34370685,-0.086041495,3.0,B075FTYGQK
pca,5000,1711,0.18896332,-0.4259026,5.0,B082SR59W9
pca,5000,1712,-0.13195781,-0.13601062,5.0,B07DD69HKJ
pca,5000,1713,0.055620447,-0.09607822,5.0,B09GFP5DMH
pca,5000,1714,-0.43169954,-0.14934011,4.0,B0919NL52L
pca,5000,1715,-0.21358094,-0.047673553,5.0,B077V8RVN7
pca,5000,1716,0.115498945,0.29415601,5.0,B08QS8NWL3
pca,5000,1717,0.08086729,0.06619921,5.0,B09HTM917T
pca,5000,1718,0.04638392,-0.1925953,5.0,B08CXRWGW2
pca,5000,1719,0.3733332,0.33773392,5.0,B0BM3XNNWF
pca,5000,1720,0.15624793,-0.16676602,5.0,B088WD4DRZ
pca,5000,1721,0.047491465,0.01639862,5.0,B07F4P3JH7
pca,5000,1722,-0.070307076,-0.24125098,4.0,B081TZ8TBM
pca,5000,1723,-0.03791685,-0.25101417,5.0,B07R11T5MC
pca,5000,1724,-0.07618956,0.034369554,5.0,B07T58DGSZ
pca,5000,1725,-0.13852786,-0.094046056,5.0,B07S7QYRSP
pca,5000,1726,0.10868923,-0.056504063,3.0,B07DBXWFVQ
pca,5000,1727,-0.072061375,-0.23348075,5.0,B07WC6TDT8
pca,5000,1728,-0.19428,-0.2454965,1.0,B07PN74YD7
pca,5000,1729,0.0785089,-0.056963235,5.0,B07H5RNMP5
pca,5000,1730,-0.400178,0.0061437823,5.0,B00G3KZ8YE
pca,5000,1731,-0.21676207,-0.0772724,5.0,B07456BG8N
pca,5000,1732,0.115163505,-0.026895728,1.0,B06X6M5HGP
pca,5000,1733,-0.04736032,0.05250996,3.0,B0043T7FXE
pca,5000,1734,-0.32151833,-0.13963218,5.0,B00C28WXI0
pca,5000,1735,0.14708322,-0.023472603,2.0,B00CLZWK64
pca,5000,1736,-0.114528954,-0.05094704,5.0,B00XIL20DI
pca,5000,1737,0.018391808,-0.17571118,2.0,B0070Z8CEY
pca,5000,1738,-0.1835097,-0.29543528,5.0,B00752RAA4
pca,5000,1739,-0.10025926,-0.06749756,5.0,B005ESVW96
pca,5000,1740,0.18653542,-0.2202824,5.0,B081S43284
pca,5000,1741,0.15384659,0.054050136,5.0,B09Q3NR84W
pca,5000,1742,0.14232062,-0.18562563,5.0,B07PGL2N7J
pca,5000,1743,-0.123879254,-0.36758134,5.0,B07MGTL6L9
pca,5000,1744,0.07816747,-0.23504663,5.0,B00QE9UCZO
pca,5000,1745,0.14211927,-0.18326375,5.0,B0BP28CLNX
pca,5000,1746,0.24492551,0.17374335,3.0,B07H3PZ5LS
pca,5000,1747,0.31601882,0.40104273,5.0,B09LTTFKYC
pca,5000,1748,-0.36504233,0.03462978,1.0,B081PGLYND
pca,5000,1749,0.019308293,-0.15227252,5.0,B0B65BNKW1
pca,5000,1750,0.058355257,-0.09091905,5.0,B0BQ5JWN9Z
pca,5000,1751,-0.20737566,-0.16525553,1.0,B0BSDJW7F3
pca,5000,1752,-0.010756217,-0.082952134,5.0,B08MQ2HHFN
pca,5000,1753,-0.29642022,-0.062858455,2.0,B0C6QKB234
pca,5000,1754,-0.1357783,-0.2094718,5.0,B0BT98MVYD
pca,5000,1755,-0.12367441,-0.2296795,5.0,B0BZJZKYST
pca,5000,1756,-0.030561458,0.117425606,1.0,B084LN55B3
pca,5000,1757,-0.0149806775,-0.06380145,1.0,B0BS2TMK39
pca,5000,1758,0.12632887,-0.20511875,1.0,B07XZ6D1YH
pca,5000,1759,-0.055808615,-0.27284598,5.0,B08HTPQZRB
pca,5000,1760,0.03284812,-0.16684377,1.0,B0B2KHS3ZZ
pca,5000,1761,-0.33849055,-0.16262138,2.0,B099V8GPR4
pca,5000,1762,0.16205841,0.051644374,5.0,B00N9ZVN90
pca,5000,1763,0.2739318,0.17355303,1.0,B01MQHBZS1
pca,5000,1764,0.19057104,-0.16259028,5.0,B000KUS9EE
pca,5000,1765,0.1578486,-0.22104475,1.0,B0BBCW8P9M
pca,5000,1766,-0.067687795,-0.011809157,2.0,B0B7MR7WS7
pca,5000,1767,0.13297364,-0.13355386,2.0,B07H65KP63
pca,5000,1768,0.1088393,-0.37522516,5.0,B01AY37QWC
pca,5000,1769,-0.03396141,-0.116083294,5.0,B0BZ3LHSDW
pca,5000,1770,-0.24180484,-0.21720946,2.0,B07ZG6W84H
pca,5000,1771,0.13337222,-0.10317753,5.0,B09X2J3LGX
pca,5000,1772,-0.05312993,-0.26636142,5.0,B07L2T2W6L
pca,5000,1773,-0.13262577,0.11234772,5.0,B08HJ6D2Y3
pca,5000,1774,0.21678431,0.3192538,5.0,B09XLGGLTQ
pca,5000,1775,0.23478821,0.3300968,4.0,B07GSP157Z
pca,5000,1776,0.07089102,-0.017635604,4.0,B07CY79CKZ
pca,5000,1777,0.044669475,-0.022974709,5.0,B0742FQ3Q3
pca,5000,1778,0.20762213,0.21298605,2.0,B07L5L22ZL
pca,5000,1779,0.17442517,-0.014296152,5.0,B07GGVNF14
pca,5000,1780,0.09793846,0.18838334,5.0,B01BFIBRIE
pca,5000,1781,0.19753912,0.20397128,5.0,B007OZNUCE
pca,5000,1782,0.3281885,0.09899089,5.0,B007T356BO
pca,5000,1783,0.18312965,-0.22595204,5.0,B0C1J4XGB1
pca,5000,1784,0.1266241,-0.045879915,5.0,B08F4RGHLY
pca,5000,1785,0.31673107,0.13496399,5.0,B094JBZGF4
pca,5000,1786,0.17202628,-0.13579412,5.0,B000GDGWWG
pca,5000,1787,0.18547876,0.16107121,5.0,B0796VRYV3
pca,5000,1788,0.1900168,-0.10036227,3.0,B0BLVJWGCC
pca,5000,1789,0.27286616,-0.10141462,5.0,B001DAT0XE
pca,5000,1790,0.013904842,-0.0790803,1.0,B084LS3RQJ
pca,5000,1791,0.05334995,0.017809734,5.0,B0742J69SQ
pca,5000,1792,0.05650397,-0.34560436,5.0,B0B2JWCMCY
pca,5000,1793,0.19524667,-0.08161076,5.0,B07T451KJM
pca,5000,1794,0.11354573,-0.30157626,5.0,B00R124LAK
pca,5000,1795,0.21600421,0.18421136,1.0,B016B12PUE
pca,5000,1796,0.23783068,0.41044876,3.0,B07864XM91
pca,5000,1797,-0.032552052,-0.041893028,5.0,B07C4ZNM7Q
pca,5000,1798,0.28227207,-0.03484675,5.0,B06XNZJTGD
pca,5000,1799,0.18637098,0.30904844,5.0,B081NM793Z
pca,5000,1800,0.19604489,-0.34681383,5.0,B09V6JXVX1
pca,5000,1801,0.18165281,0.14694011,5.0,B07V5DDC7R
pca,5000,1802,0.25402844,0.12779526,4.0,B092JBV61J
pca,5000,1803,-0.18526809,0.0500541,5.0,B01772N80C
pca,5000,1804,0.22924356,0.05497841,5.0,B094QJBPB1
pca,5000,1805,0.20693171,0.07267207,1.0,B010B2BGX6
pca,5000,1806,0.17523792,0.1583382,4.0,B07D8JK4HM
pca,5000,1807,0.189761,0.25495303,5.0,B07WNJQFP9
pca,5000,1808,0.13534912,-0.15182172,5.0,B013EKI2DY
pca,5000,1809,-0.2749184,0.06276037,4.0,B00IIEICNC
pca,5000,1810,0.22393075,-0.11619569,1.0,B0099WSJHQ
pca,5000,1811,0.012362404,0.15098579,1.0,B007PFZNHS
pca,5000,1812,0.14537252,0.25384837,3.0,B009Z3SXTS
pca,5000,1813,0.20545596,0.28304794,5.0,B00G3J8EZ0
pca,5000,1814,0.057470653,0.28650856,5.0,B004SBBD8U
pca,5000,1815,0.2559874,0.38662767,5.0,B007T356BO
pca,5000,1816,0.13761255,-0.2941133,1.0,B0878WQ4WM
pca,5000,1817,0.19995667,0.16157603,5.0,B08L1WHFWJ
pca,5000,1818,0.068554804,0.09065005,5.0,B0C8HDXFXN
pca,5000,1819,0.048978914,-0.31125048,5.0,B0C98XDNLY
pca,5000,1820,0.04348184,-0.1992195,5.0,B0CCDMQZM7
pca,5000,1821,0.1521513,0.04149467,5.0,B07P841621
pca,5000,1822,0.007447522,0.04275612,5.0,B09DCPPYNR
pca,5000,1823,0.13138431,-0.15694566,5.0,B07PTVBKHM
pca,5000,1824,-0.026226204,-0.14650925,4.0,B07D36JJZT
pca,5000,1825,0.11368181,-0.39443505,5.0,B07P5LBBMN
pca,5000,1826,-0.113645524,-0.17571768,4.0,B08TX9GNB3
pca,5000,1827,0.088218614,-0.11441603,5.0,B01GDIUA8Y
pca,5000,1828,0.0705956,-0.2865795,5.0,B00SGBJOWA
pca,5000,1829,0.19084963,-0.29083964,5.0,B01D0J787A
pca,5000,1830,0.22448991,-0.19048892,5.0,B09JLMDSLC
pca,5000,1831,-0.07861321,-0.04606413,5.0,B089F9YDFC
pca,5000,1832,-0.029284727,-0.034322478,5.0,B0C3KV52B7
pca,5000,1833,0.020952936,-0.16772988,3.0,B09P2C15L1
pca,5000,1834,-0.21397772,-0.20964177,3.0,B0B55KLJBY
pca,5000,1835,-0.0004592389,0.19699328,5.0,B081TK1W3Z
pca,5000,1836,-0.08449373,-0.0021136515,5.0,B0B8W72ZG6
pca,5000,1837,0.09420885,0.057387497,5.0,B07M87KRKR
pca,5000,1838,0.10514301,-0.11236219,5.0,B015PZLB6G
pca,5000,1839,0.2808273,-0.21195185,5.0,B072118L7D
pca,5000,1840,0.08480965,-0.11571568,5.0,B07TCSG6CH
pca,5000,1841,0.17795287,-0.11853567,5.0,B07LBQWTRY
pca,5000,1842,0.15359783,-0.08160567,5.0,B07RW8W2WW
pca,5000,1843,-0.02815253,0.018325858,2.0,B00NWXM5U0
pca,5000,1844,0.1788845,-0.22714734,5.0,B0CJ2FDZD9
pca,5000,1845,0.3246774,0.10516024,5.0,B07Q2TVNP3
pca,5000,1846,0.24888425,0.1284408,5.0,B0B7RW47VZ
pca,5000,1847,0.17810273,0.031106394,5.0,B07WH4GTY9
pca,5000,1848,-0.16681716,-0.16342138,5.0,B0BGDLLL4W
pca,5000,1849,0.08375266,-0.040410236,5.0,B0B8J17B9L
pca,5000,1850,0.07679095,-0.08658978,5.0,B00PGE653G
pca,5000,1851,0.22231969,-0.2616397,4.0,B00X0G30MQ
pca,5000,1852,0.20740703,-0.3153896,5.0,B0029U2YSA
pca,5000,1853,0.15386668,-0.25236887,5.0,B01CF3L4YA
pca,5000,1854,0.20135072,-0.18519276,5.0,B0961LFNFG
pca,5000,1855,-0.3407971,0.033739176,4.0,B07467F8QW
pca,5000,1856,0.27817556,0.032678585,5.0,B07KCT9LB5
pca,5000,1857,0.17582916,-0.07671918,2.0,B0B9GHF8QM
pca,5000,1858,0.14994267,-0.2935928,5.0,B07TWNFDS8
pca,5000,1859,0.23390813,0.110586226,5.0,B007UJ4U6O
pca,5000,1860,-0.5181762,0.103370816,3.0,B0B37TT7JB
pca,5000,1861,-0.04690812,-0.16772841,5.0,B075XN1NZC
pca,5000,1862,-0.08379716,0.0328439,5.0,B01C43ZHVC
pca,5000,1863,-0.33951974,-0.046746995,5.0,B08XNCHTCY
pca,5000,1864,0.07995645,-0.071675,5.0,B08SKV4XKR
pca,5000,1865,0.12986597,-0.003901288,5.0,B00A8OWC1S
pca,5000,1866,0.29572836,0.3899027,5.0,B08BL1YDSZ
pca,5000,1867,0.08129876,0.054125506,5.0,B0912GH93X
pca,5000,1868,-0.087320685,0.0021509267,5.0,B0B4WG6N98
pca,5000,1869,0.16766903,-0.048616976,5.0,B01GW7YJTC
pca,5000,1870,0.20184001,0.034023974,5.0,B008UZQWQ8
pca,5000,1871,-0.010870501,-0.0704544,1.0,B00U879XZ8
pca,5000,1872,-0.2233417,-0.041678246,5.0,B06XTX41HM
pca,5000,1873,-0.05201998,0.06966722,2.0,B07W42PJBG
pca,5000,1874,0.16916333,-0.27836084,5.0,B07TQLFRRJ
pca,5000,1875,0.124260336,-0.3377419,5.0,B0BHZ1GDVT
pca,5000,1876,-0.036325213,0.20277916,5.0,B0BFF9G61F
pca,5000,1877,0.1543548,-0.02059982,3.0,B0BR8MK1DY
pca,5000,1878,0.22351333,-0.29918343,5.0,B09BYYK39G
pca,5000,1879,0.11676559,-0.20979269,1.0,B0BJV9Z6T1
pca,5000,1880,0.24727194,-0.35897902,5.0,B0BY8KX5CW
pca,5000,1881,0.24727194,-0.35897902,5.0,B087JNFL1C
pca,5000,1882,0.15512474,-0.44007447,5.0,B08DPP3T9Z
pca,5000,1883,0.05908177,-0.25925198,4.0,B07H9YX94V
pca,5000,1884,0.09572536,-0.3642646,5.0,B09T3FX6CL
pca,5000,1885,0.15313919,-0.321614,5.0,B09MLGP9SP
pca,5000,1886,0.12490255,-0.17167605,5.0,B07FTSXDK4
pca,5000,1887,0.06446657,-0.12827043,5.0,B0BS3V1QBY
pca,5000,1888,0.28012124,-0.41549218,5.0,B09DXXSS9Z
pca,5000,1889,-0.3777121,-0.12671565,1.0,B0BN248QTJ
pca,5000,1890,-0.04605555,0.15543216,5.0,B096982VDG
pca,5000,1891,0.02006403,-0.19589293,5.0,B0BL78N7W9
pca,5000,1892,0.24727194,-0.35897902,5.0,B0974XHKV5
pca,5000,1893,0.31942374,-0.003302442,5.0,B074D9L6SJ
pca,5000,1894,0.074645914,-0.14838527,5.0,B0BV3NWX67
pca,5000,1895,0.0013356842,0.023691565,3.0,B0823Z9MZ3
pca,5000,1896,0.3341254,-0.35480934,5.0,B005IR2J2M
pca,5000,1897,0.2254287,-0.21271202,5.0,B09869JTSG
pca,5000,1898,0.15587161,-0.2501383,5.0,B0B5GRZ3FW
pca,5000,1899,0.17718062,-0.38983148,5.0,B0BNPL25Z9
pca,5000,1900,0.21629255,-0.42657962,5.0,B09LTX3SQX
pca,5000,1901,-0.14289507,0.03312925,1.0,B07G7GY4PZ
pca,5000,1902,-0.05741639,-0.05402435,5.0,B07P9QZPGR
pca,5000,1903,0.15962689,-0.03747178,1.0,B09PBSXZ3T
pca,5000,1904,0.038820613,-0.14042772,5.0,B01JGBIFGO
pca,5000,1905,0.08191584,0.045247275,5.0,B07CLBNM1C
pca,5000,1906,-0.25610936,0.1519265,3.0,B00CO07FIO
pca,5000,1907,0.052595586,0.008325126,5.0,B0B1VWCFXZ
pca,5000,1908,-0.11328524,-0.03256102,5.0,B0BVY4JVNG
pca,5000,1909,0.29508188,-0.30389854,5.0,B0B27MJXLK
pca,5000,1910,-0.11303496,-0.13427867,5.0,B00H1SVSAU
pca,5000,1911,0.11032346,-0.27770054,5.0,B0C7HW72LR
pca,5000,1912,0.08884621,-0.19098467,1.0,B07RGD3JNQ
pca,5000,1913,-0.06031948,-0.13507816,1.0,B07HMRT5RB
pca,5000,1914,-0.017517034,-0.27733704,5.0,B08XB712XZ
pca,5000,1915,-0.017381586,0.035115015,5.0,B08LCWGSZM
pca,5000,1916,0.22208087,0.28159982,1.0,B0CF6479D8
pca,5000,1917,-0.014108293,0.092569605,5.0,B09NR7BPJZ
pca,5000,1918,0.19127315,0.1199778,5.0,B08TBPJSKS
pca,5000,1919,-0.04467826,-0.04306347,1.0,B08M85C13W
pca,5000,1920,0.2427722,0.07193074,5.0,B00TKU6762
pca,5000,1921,0.2017766,-0.07580958,5.0,1426320965
pca,5000,1922,0.049357392,0.17670721,5.0,B07NVG9L16
pca,5000,1923,0.20798315,-0.097728044,5.0,B07J6GKJYB
pca,5000,1924,0.2081925,0.17853156,5.0,B08TW9RNRJ
pca,5000,1925,0.09014453,0.13403116,5.0,B071KKMXP8
pca,5000,1926,0.094850704,0.23377305,5.0,B01HBARDWO
pca,5000,1927,0.22606212,0.08814238,5.0,B07HMLRWXH
pca,5000,1928,0.2176453,0.20606264,5.0,B075JDJM5W
pca,5000,1929,-0.10979,-0.32527977,5.0,B07SJ8L4M3
pca,5000,1930,0.028737357,-0.04425311,2.0,B07D22Z8GQ
pca,5000,1931,-0.04047377,0.09331696,5.0,B078Z9LP9Z
pca,5000,1932,0.2564031,-0.20853055,5.0,B00GHUHMUS
pca,5000,1933,0.26759785,0.23545149,5.0,B004ZKXXAK
pca,5000,1934,-0.037889738,0.3153619,2.0,B00N28AUK2
pca,5000,1935,0.23032992,-0.08456251,5.0,B0BMWBNRQQ
pca,5000,1936,-0.06400521,0.1165885,5.0,B092DD5L2V
pca,5000,1937,-0.3658633,-0.11335601,5.0,B00GUTY132
pca,5000,1938,-0.2900862,-0.15417255,5.0,B0067Y5B7A
pca,5000,1939,0.067468,0.21570987,5.0,B00EYWU8HK
pca,5000,1940,0.10880439,0.03637624,5.0,B00A81SXHI
pca,5000,1941,0.19049187,0.07038875,5.0,B07SHFPD8S
pca,5000,1942,0.17943679,0.20073165,5.0,B07RW4VG9Q
pca,5000,1943,-0.07113089,0.1253771,5.0,B093FMQJ73
pca,5000,1944,0.018990077,-0.050778583,5.0,B0BB6TYK7V
pca,5000,1945,-0.10064806,0.1661903,2.0,B07QMBY7JF
pca,5000,1946,-0.35176536,-0.026538728,5.0,B072KLXG5M
pca,5000,1947,-0.21001773,0.008282691,2.0,B07GVB87YG
pca,5000,1948,0.21232137,0.21036035,5.0,B076CKXBB1
pca,5000,1949,0.07661481,0.091296315,5.0,B07BSFXVCH
pca,5000,1950,0.12418677,0.23743144,5.0,B076BL6Z79
pca,5000,1951,-0.18378012,-0.20699175,5.0,B0BW4PFM58
pca,5000,1952,-0.19806516,-0.07091413,5.0,B005IKCLPO
pca,5000,1953,-0.0027071908,-0.079860836,4.0,B071K5BQPF
pca,5000,1954,0.3398189,0.20834225,5.0,B07BT6TH6X
pca,5000,1955,0.07653726,-0.27417764,5.0,B07SJ8X19K
pca,5000,1956,0.15006472,-0.1429222,5.0,B0C8RP1481
pca,5000,1957,-0.037337344,-0.026925094,5.0,B08KZSGZCH
pca,5000,1958,0.1739585,-0.048217986,5.0,B0BNWPM92Y
pca,5000,1959,0.07417369,-0.27850112,5.0,B08FJBFG7V
pca,5000,1960,0.18367203,-0.13334854,5.0,B07837W5NX
pca,5000,1961,-0.07152316,0.030254703,5.0,B07NLWT9Z7
pca,5000,1962,0.05839751,-0.06788148,5.0,B0BSRMK724
pca,5000,1963,-0.2420679,-0.05700948,5.0,B017LSIXDE
pca,5000,1964,0.10965614,-0.22388238,5.0,B07DRGR6LX
pca,5000,1965,0.07992162,0.10095143,5.0,B0797RKSF7
pca,5000,1966,-0.09052299,0.03427648,5.0,B07BFWHD7G
pca,5000,1967,0.24580133,-0.031070294,4.0,B0824RG1SN
pca,5000,1968,-0.1944735,0.03760578,1.0,B0BGS23YKX
pca,5000,1969,-0.28975347,0.006978832,1.0,B08C4Y26FP
pca,5000,1970,-0.091067225,-0.15057857,4.0,B00DGRUY3M
pca,5000,1971,0.09123823,-0.08681995,2.0,B000KMZKTO
pca,5000,1972,-0.29514107,-0.045971278,4.0,B07S764D9V
pca,5000,1973,-0.0026442595,-0.10245444,5.0,B002UKSZUU
pca,5000,1974,0.040299177,0.025137298,5.0,B01M7VOJFW
pca,5000,1975,0.31521916,0.106724694,5.0,B01MTY7MSK
pca,5000,1976,0.046903044,0.07287164,1.0,B00BHJS3C0
pca,5000,1977,-0.23858559,-0.17912918,5.0,B000AJR482
pca,5000,1978,-0.33142436,0.11744593,1.0,B00FWGU1CY
pca,5000,1979,-0.15770195,0.12748654,5.0,B075S2Y5C3
pca,5000,1980,0.053847846,-0.25796348,1.0,B07GTJSHZ3
pca,5000,1981,0.19573036,0.22179902,5.0,B078C6N6CR
pca,5000,1982,0.047963258,-0.24764468,5.0,B07GKT53H5
pca,5000,1983,0.29230168,-0.31791815,5.0,B0BVCMW9DS
pca,5000,1984,-0.11943045,0.26250228,5.0,B06XG2ZY5M
pca,5000,1985,-0.1157708,-0.27108788,4.0,B00HSMK59E
pca,5000,1986,0.23214541,0.29462042,5.0,B0816152WW
pca,5000,1987,-0.07690959,-0.25446266,5.0,B075JZNHTD
pca,5000,1988,0.08631841,-0.31337935,3.0,B01MZI5VRW
pca,5000,1989,0.23791498,-0.15451099,5.0,B018SZT3BK
pca,5000,1990,0.1360699,-0.15769759,5.0,B01G61RGNA
pca,5000,1991,-0.26319528,0.03319977,5.0,B006T9ZKAQ
pca,5000,1992,0.27853796,-0.14085634,4.0,B0048FU2GU
pca,5000,1993,-0.035848614,-0.17192954,5.0,B008BBNOJE
pca,5000,1994,0.11893202,-0.2825056,4.0,B007TPS9PC
pca,5000,1995,0.00870906,-0.12677866,5.0,B008PQ1QOA
pca,5000,1996,0.28276557,-0.060996547,5.0,B007OZNZG0
pca,5000,1997,0.1352317,-0.30134857,3.0,B005DOK8NW
pca,5000,1998,0.0510658,-0.0373887,1.0,B07Y9XK7MW
pca,5000,1999,-0.043560762,-0.29827705,3.0,B091Y9L722
pca,5000,2000,0.06611164,-0.063261084,5.0,B0BLBPR39X
pca,5000,2001,0.051176306,0.24768442,5.0,B0C5N822K2
pca,5000,2002,0.2585436,0.3260107,5.0,B00BN1Q5JA
pca,5000,2003,-0.010070961,-0.22870047,1.0,B00099YIP0
pca,5000,2004,0.26625204,0.27147305,5.0,B07JGWQ34C
pca,5000,2005,0.017304312,-0.12097952,5.0,B0BV3FZ8KY
pca,5000,2006,0.034120567,-0.1613937,5.0,B003D8GAA0
pca,5000,2007,0.19368027,-0.30932125,5.0,B005FNKMGE
pca,5000,2008,0.11257212,-0.2199027,1.0,B08Y57JG1K
pca,5000,2009,-0.31669834,-0.24537896,5.0,B09FDMGNQR
pca,5000,2010,0.08867894,-0.23726808,3.0,B08723V9DD
pca,5000,2011,0.07211396,-0.077099495,1.0,B0053UJXQ4
pca,5000,2012,0.06654445,-0.22718504,5.0,B08ZRVYSGX
pca,5000,2013,0.1724908,-0.12777607,5.0,B07WHTQW4X
pca,5000,2014,0.21745606,-0.3087897,5.0,B09TF5TPL5
pca,5000,2015,-0.05808599,-0.10755925,1.0,B0BWFBFTGG
pca,5000,2016,0.13558696,-0.1531741,2.0,B09S6Y5BRG
pca,5000,2017,-0.047643285,0.07748474,5.0,B07VHBC8VP
pca,5000,2018,0.20639974,-0.23246099,5.0,B08N5TC2Z3
pca,5000,2019,0.12649487,0.07032652,5.0,B09KNJ518H
pca,5000,2020,-0.19772936,0.16170587,5.0,B08J83TR22
pca,5000,2021,-0.10215765,-0.0039403364,1.0,B01F9RGWF0
pca,5000,2022,-0.028333489,-0.1960524,5.0,B01054S5FM
pca,5000,2023,0.24897015,-0.20022815,5.0,B00HRUC1OO
pca,5000,2024,0.05788429,0.04665296,4.0,B07VCJFPCK
pca,5000,2025,-0.23172125,-0.119605124,5.0,B07H65KP63
pca,5000,2026,-0.13402544,-0.047913723,5.0,B00416Q5KI
pca,5000,2027,0.22367103,0.4191126,4.0,B079BBK5B7
pca,5000,2028,0.032922994,0.029503006,5.0,B00DX6B278
pca,5000,2029,0.09445406,-0.0052877627,2.0,B07V31SK5X
pca,5000,2030,0.046796195,-0.1497694,5.0,B07VTK654B
pca,5000,2031,-0.04926749,-0.16774228,5.0,B094VH58NQ
pca,5000,2032,-0.15050896,-0.24607219,5.0,B09P7TJCZW
pca,5000,2033,-0.15422961,-0.1696613,3.0,B07V4D6F5F
pca,5000,2034,-0.31908607,-0.14382812,5.0,B00XIWVO4I
pca,5000,2035,-0.16148111,-0.12626992,5.0,B0B696YT88
pca,5000,2036,-0.029088948,0.117504224,5.0,B09QLBKCZ3
pca,5000,2037,0.15148234,-0.19693048,5.0,B0B4ZV9WF9
pca,5000,2038,0.15658304,0.3412098,5.0,B09FKQLP6J
pca,5000,2039,-0.12874196,0.205789,4.0,B0BNQ8ZL47
pca,5000,2040,-0.036102,0.10789019,5.0,B0C3TLTQGR
pca,5000,2041,-0.08749023,0.21010578,5.0,B0BTN6S6Q1
pca,5000,2042,-0.04991777,0.1492274,5.0,B0C1B9TW7G
pca,5000,2043,-0.089402795,0.17577165,4.0,B0B9NR6CHX
pca,5000,2044,0.28138965,0.4826105,5.0,B0BRQK5LVF
pca,5000,2045,-0.118706524,-0.12212771,5.0,B0BBQRB6SQ
pca,5000,2046,0.032228712,0.06335761,5.0,B0BN41CPQN
pca,5000,2047,-0.030787144,-0.0738613,5.0,B0BN41CPQN
pca,5000,2048,0.085659906,-0.14527637,5.0,B0BFDZXDS6
pca,5000,2049,0.0410316,0.11437629,5.0,B095MTK53S
pca,5000,2050,-0.08197595,0.17105922,5.0,B0B9XVXB6P
pca,5000,2051,0.17430063,0.43949178,5.0,B09P4KT1KG
pca,5000,2052,-0.050822433,0.13942237,5.0,B0B79XLJT3
pca,5000,2053,-0.07157816,-0.021024149,5.0,B0BHXQLLXB
pca,5000,2054,-0.1901884,0.015917875,5.0,B0BHXQLLXB
pca,5000,2055,0.08477375,-0.09907299,5.0,B0B2VP252D
pca,5000,2056,-0.026645225,0.008658208,5.0,B0B5TH2Q4X
pca,5000,2057,-0.39130226,0.029432986,5.0,B0C1NRVQ4S
pca,5000,2058,0.019295292,-0.1292545,5.0,B0BHZ1GDVT
pca,5000,2059,-0.06832853,0.07243621,5.0,B0BHXQLLXB
pca,5000,2060,0.116439775,-0.08566196,5.0,B09MF9F8VX
pca,5000,2061,-0.09958334,-0.10343672,5.0,B0CFQT6GW6
pca,5000,2062,0.28276417,0.2594848,5.0,B0B7HXB21R
pca,5000,2063,0.02561389,0.17930637,4.0,B0BV6RLX21
pca,5000,2064,-0.1970508,-0.034478527,4.0,B00BYVYBPE
pca,5000,2065,-0.37196445,-0.056201514,2.0,B00T8H16UE
pca,5000,2066,-0.3787996,-0.14224508,2.0,B004DU9T3C
pca,5000,2067,0.1593058,-0.11323786,5.0,B096N8LQPY
pca,5000,2068,0.2032513,0.06297313,1.0,B095Z3KQ13
pca,5000,2069,0.06273635,0.21736494,5.0,B071Z2WHPR
pca,5000,2070,-0.09752639,0.24535626,5.0,B0B751K1LV
pca,5000,2071,-0.48688146,-0.099614695,5.0,B08K4C9MX2
pca,5000,2072,-0.087364554,0.06240469,5.0,B09KY26HWG
pca,5000,2073,-0.36812934,-0.0031031072,4.0,B09F3D2SP1
pca,5000,2074,-0.3072926,-0.026411911,5.0,B093F4J7ZM
pca,5000,2075,0.18707746,0.06712693,5.0,B09X9V54SK
pca,5000,2076,0.078767,-0.045319475,5.0,B000M9H03E
pca,5000,2077,0.1340184,-0.44040552,5.0,B079NW5W5Q
pca,5000,2078,-0.25049835,-0.06613466,5.0,B0BVH1QB5C
pca,5000,2079,-0.35547897,-0.20174567,5.0,B07Q6Q44J2
pca,5000,2080,-0.20311543,-0.082192026,5.0,B0C2HWSXNL
pca,5000,2081,0.06728524,-0.33959043,2.0,B0BS6RY81M
pca,5000,2082,0.22047122,-0.36148083,5.0,B0BKLWZ4LD
pca,5000,2083,-0.003726557,-0.18954083,5.0,B01L8G5Q5S
pca,5000,2084,-0.32048732,-0.14970317,5.0,B01HAVTUPM
pca,5000,2085,-0.01761268,-0.16685691,5.0,B07S6X6RLG
pca,5000,2086,-0.305005,-0.15306096,5.0,B01N249DAV
pca,5000,2087,-0.288406,-0.09978065,5.0,B00M10X9J6
pca,5000,2088,-0.29061398,0.00041570142,5.0,B01611VL68
pca,5000,2089,-0.23979571,-0.17298137,2.0,B007BTULVG
pca,5000,2090,-0.09837414,-0.16793513,1.0,B087Q2FP2X
pca,5000,2091,-0.3155989,-0.062051952,5.0,B00OUUXC7O
pca,5000,2092,-0.3681784,-0.037149284,5.0,B0042F3K9W
pca,5000,2093,-0.19152871,-0.19521035,1.0,B016HPOSXQ
pca,5000,2094,-0.023208108,-0.057176754,5.0,B082KPKM3L
pca,5000,2095,-0.13210517,-0.1942349,5.0,B077HQ5W4T
pca,5000,2096,-0.2730334,-0.13256048,4.0,B07KTYJ769
pca,5000,2097,0.15117544,-0.10002908,5.0,B0B3BGW87S
pca,5000,2098,-0.18728603,-0.13110015,5.0,B0BML2MF98
pca,5000,2099,0.10266869,0.066411376,4.0,B07TXHPB39
pca,5000,2100,-0.32028612,-0.10065597,5.0,B01GC6LR84
pca,5000,2101,-0.1580555,-0.06822251,4.0,B0B3D5VN6V
pca,5000,2102,-0.062557295,-0.18231642,1.0,B0BFM4362X
pca,5000,2103,-0.09492716,0.01424516,5.0,B00PTJ43FU
pca,5000,2104,0.11621782,-0.07786392,2.0,B00MG1VGMW
pca,5000,2105,0.09609176,0.10369803,3.0,B01J9F19I8
pca,5000,2106,-0.14188734,-0.1357258,5.0,B01K8B8YA8
pca,5000,2107,0.10271555,-0.19723848,1.0,B0000XMVI6
pca,5000,2108,-0.3615508,0.014281802,3.0,B008H0QXT2
pca,5000,2109,0.03153472,-0.023391476,2.0,B01KDYC2TO
pca,5000,2110,0.07965076,-0.117402226,1.0,B004RIL1JK
pca,5000,2111,-0.06362966,-0.03798099,3.0,B01BRWH8G8
pca,5000,2112,-0.029921386,-0.100014225,4.0,B075X8471B
pca,5000,2113,-0.14857613,0.16595423,5.0,B09MK5D6JH
pca,5000,2114,0.061733745,-0.020205546,2.0,B00IVPU786
pca,5000,2115,-0.3721554,0.07565996,4.0,B0935ZDCYD
pca,5000,2116,-0.013061743,0.026873283,2.0,B00ABZPX06
pca,5000,2117,-0.09188607,0.2491782,3.0,B0BXYXD1Q2
pca,5000,2118,0.10990134,0.13762307,1.0,B011KPIZ9G
pca,5000,2119,-0.049819853,0.11217941,5.0,B00VRC6D3S
pca,5000,2120,0.07437017,-0.104582936,4.0,B006FD5RQ8
pca,5000,2121,0.024990482,-0.13442199,5.0,B00ADJ4YQE
pca,5000,2122,0.15146917,0.038410183,1.0,B004JISIE4
pca,5000,2123,-0.25717068,-0.37326896,1.0,B0002MQGR2
pca,5000,2124,-0.23742646,-0.078713015,5.0,B000LIFB7S
pca,5000,2125,-0.05019718,0.061752547,5.0,B082FJXVW6
pca,5000,2126,-0.0953023,0.208703,5.0,B07KJZPPLR
pca,5000,2127,0.01615838,0.028346393,5.0,B08Q3QPZ5X
pca,5000,2128,-0.37971857,0.020721398,4.0,B09MGJD7Y8
pca,5000,2129,0.21712251,-0.2584685,5.0,B09XYMSZLL
pca,5000,2130,-0.3768513,-0.042198554,5.0,B07N1KNGJ8
pca,5000,2131,0.1705217,0.36880937,5.0,B07Y85CY2J
pca,5000,2132,-0.28961164,-0.22095235,5.0,B09SVJGMN1
pca,5000,2133,-0.23275349,0.005890418,5.0,B0088YPRUI
pca,5000,2134,0.18142138,0.20205349,5.0,B0145VHFA2
pca,5000,2135,-0.0060008876,0.16899557,1.0,B015TN5FVQ
pca,5000,2136,-0.39377886,0.01506976,5.0,B017OKABWK
pca,5000,2137,-0.005731076,-0.19893396,5.0,B08DLSLCF3
pca,5000,2138,-0.24569824,-0.03305671,5.0,B0057YDNQ2
pca,5000,2139,-0.025441814,0.047959086,5.0,B0BQ3VKQG9
pca,5000,2140,-0.46085134,0.09680562,5.0,B00CXP4AS8
pca,5000,2141,-0.30120844,-0.057008073,5.0,B000066R6M
pca,5000,2142,0.24677508,0.09103386,5.0,B00H1ZHD0W
pca,5000,2143,0.23677775,0.42758292,4.0,B005LIDN00
pca,5000,2144,0.26398683,0.37250012,5.0,B01ITOFEX6
pca,5000,2145,-0.161784,0.1995787,3.0,B01HRVABD0
pca,5000,2146,0.34245166,0.13954736,5.0,B08NJ8VWQ3
pca,5000,2147,0.28826493,0.21695408,5.0,B08RYNJRCY
pca,5000,2148,0.14426245,-0.17883077,5.0,B01CU0YQPW
pca,5000,2149,0.22053936,0.08971028,5.0,B086X647CC
pca,5000,2150,0.092278056,-0.15048537,2.0,B09XT8WXMN
pca,5000,2151,0.14845368,-0.004825052,3.0,B07DKDL58Y
pca,5000,2152,0.13688357,-0.17271414,3.0,B092D8D5BZ
pca,5000,2153,0.11809221,-0.06020581,5.0,B075DD9DW4
pca,5000,2154,0.23470052,0.16564895,5.0,B01E6MTP0S
pca,5000,2155,-0.055217925,-0.22263409,5.0,B075X8471B
pca,5000,2156,-0.0051702373,0.11109562,1.0,B07TB47MN4
pca,5000,2157,-0.29455307,0.2892594,5.0,B0C2Z2HX4L
pca,5000,2158,0.12408009,0.1964323,5.0,B0BZ46CGSP
pca,5000,2159,-0.42631721,-0.037322775,5.0,B0C4Y7T5Z3
pca,5000,2160,-0.16544548,-0.042832606,1.0,B0BG6YCGG7
pca,5000,2161,-0.061319772,0.10504466,4.0,B0BDRRTMR7
pca,5000,2162,-0.14945285,0.24121916,4.0,B0BV2PMLTR
pca,5000,2163,-0.25550422,0.1871348,5.0,B0C1SG4FHJ
pca,5000,2164,-0.2591918,-0.049070258,3.0,B0BCFDDGPB
pca,5000,2165,0.09321095,-0.16180725,5.0,B09N922QG2
pca,5000,2166,-0.093482316,0.0835575,5.0,B0B1S914V5
pca,5000,2167,-0.09253135,0.021392915,5.0,B0B741XVYD
pca,5000,2168,-0.23687622,0.04568104,5.0,B09TR4ZR8S
pca,5000,2169,-0.07485673,-0.08991158,4.0,B0C5YHPG2J
pca,5000,2170,0.07673237,-0.08824449,5.0,B09LQWML9P
pca,5000,2171,-0.4654698,0.13168225,5.0,B09VTMLL5Q
pca,5000,2172,0.02964009,0.14394903,5.0,B0BKTBD37R
pca,5000,2173,-0.01934757,0.026325524,5.0,B09SLPPNBC
pca,5000,2174,-0.088083416,-0.08530776,5.0,B0C4P6C6NM
pca,5000,2175,-0.06949882,-0.10570112,5.0,B09VS779K4
pca,5000,2176,0.07307503,0.25587484,5.0,B09Q8MWHT9
pca,5000,2177,0.24694113,0.18036215,5.0,B0B9L1N68J
pca,5000,2178,0.12135109,0.050459277,5.0,B0998X1F7G
pca,5000,2179,-0.1405308,0.04730724,4.0,B09W5J7GVX
pca,5000,2180,0.0057668462,0.03012501,5.0,B09NN648FM
pca,5000,2181,-0.16300263,0.049375955,5.0,B09N232D3J
pca,5000,2182,-0.18510693,0.28097668,5.0,B0BPHC35QG
pca,5000,2183,0.057076864,-0.0054704063,5.0,B0BPP72J81
pca,5000,2184,0.018701058,0.0030404031,5.0,B09JCD2CN6
pca,5000,2185,-0.11586563,0.1512402,5.0,B0BPSXJ8M3
pca,5000,2186,-0.42733076,0.10914928,5.0,B0BYJSHNQ6
pca,5000,2187,0.037646376,0.23139063,5.0,B09DCMLWTT
pca,5000,2188,-0.21854925,-0.061558455,5.0,B09SN7TZ99
pca,5000,2189,-0.077829346,0.17207831,5.0,B09FJMWMBM
pca,5000,2190,-0.34264743,0.046595994,3.0,B091XN41PN
pca,5000,2191,0.06500426,0.11195816,5.0,B099D2QTGY
pca,5000,2192,-0.07920788,0.038737636,5.0,B0C5N45FB3
pca,5000,2193,-0.026831698,0.014238093,5.0,B0B4YTVNFL
pca,5000,2194,-0.15084316,0.0103774555,5.0,B0989J83Z9
pca,5000,2195,-0.082236364,-0.06493807,5.0,B093D6F1ZZ
pca,5000,2196,0.08175425,0.19888723,4.0,B09W99JC95
pca,5000,2197,0.12843552,0.084644616,4.0,B098QLDYC6
pca,5000,2198,-0.2613274,0.3081591,5.0,B0C2YRYZJ7
pca,5000,2199,-0.10655971,0.24578378,5.0,B0963LKFYF
pca,5000,2200,0.05365108,-0.038050085,5.0,B0C5MCSLKZ
pca,5000,2201,0.09826967,0.19995564,5.0,B0C6QYPNYR
pca,5000,2202,-0.09074521,0.08207689,5.0,B09MVP6Y94
pca,5000,2203,-0.2637399,0.061105628,4.0,B096P33NMR
pca,5000,2204,0.26570502,0.21983495,5.0,B0BXHPS3XG
pca,5000,2205,0.18893658,0.069249526,4.0,B082S4VMHG
pca,5000,2206,0.105680436,0.08267446,5.0,B08Z85SDM3
pca,5000,2207,0.18641739,0.061923523,5.0,B08ZMYM34Q
pca,5000,2208,0.03223182,0.0096580945,5.0,B09PHCV2PN
pca,5000,2209,0.056034878,-0.018477,5.0,B08JV9C6NR
pca,5000,2210,0.12588665,0.112829626,5.0,B08XDX7CW8
pca,5000,2211,0.32737252,0.38316253,5.0,B08W43825W
pca,5000,2212,-0.3327051,0.040027518,5.0,B0BZQ8FW4F
pca,5000,2213,-0.045400646,-0.02042314,5.0,B08MPYBG5C
pca,5000,2214,0.017981729,0.12940569,4.0,B08SCQTJKB
pca,5000,2215,-0.13575266,0.19791667,5.0,B08SH3HLNL
pca,5000,2216,-0.37815693,0.01478501,5.0,B08XXRWLLS
pca,5000,2217,0.27154908,0.119411856,5.0,B08HK1QRLB
pca,5000,2218,-0.119990274,0.0705761,5.0,B08P5KZD1C
pca,5000,2219,0.1489245,0.24894261,4.0,B08XMR6T51
pca,5000,2220,-0.011199642,-0.09531365,5.0,B0898CS5TM
pca,5000,2221,-0.01875626,-0.08880723,5.0,B08FBZ6SS3
pca,5000,2222,-0.20580639,0.009724479,5.0,B08CV3B9SS
pca,5000,2223,-0.18234764,-0.06843357,5.0,B07FN9PR61
pca,5000,2224,0.04908882,-0.13117386,5.0,B0BZT5GQGJ
pca,5000,2225,0.034398906,0.16843465,5.0,B09Y273HR1
pca,5000,2226,-0.031167287,0.011025172,5.0,B0BZT5GQGJ
pca,5000,2227,0.033543505,-0.012540251,5.0,B08HK2F8QK
pca,5000,2228,-0.0006186776,0.030765157,5.0,B08FRMQNHR
pca,5000,2229,0.07304374,0.07318309,4.0,B0933YVHDN
pca,5000,2230,0.012390304,-0.046826616,5.0,B08HCJB6C5
pca,5000,2231,0.12242195,0.113608554,5.0,B088FKGCH1
pca,5000,2232,-0.07349342,0.1158794,5.0,B0B8YY8QXG
pca,5000,2233,0.027745355,0.04839043,5.0,B09H1PLZ7S
pca,5000,2234,-0.11651638,0.16983949,5.0,B08M4256ZR
pca,5000,2235,-0.027584698,0.0852835,5.0,B0827X1Z1D
pca,5000,2236,-0.15983646,0.00853857,5.0,B08NC5TMNL
pca,5000,2237,-0.14901675,0.10795611,5.0,B088CRTM52
pca,5000,2238,-0.018485676,0.1378719,5.0,B09N7WWZRT
pca,5000,2239,-0.1841372,-0.0050230734,5.0,B07FN9PR61
pca,5000,2240,-0.13298483,0.039048824,5.0,B08QYZ75XJ
pca,5000,2241,-0.05516125,0.19132698,5.0,B08PFZQPFJ
pca,5000,2242,0.061092302,0.14916615,5.0,B08D6SKVVN
pca,5000,2243,0.035274714,0.19386198,4.0,B081DZMGFG
pca,5000,2244,-0.20196888,-0.12776405,5.0,B09MKVBBWX
pca,5000,2245,-0.33466876,-0.07498056,5.0,B08GKCN3BX
pca,5000,2246,-0.09727763,0.016839094,5.0,B08J42GSW6
pca,5000,2247,0.0338758,-0.043695502,5.0,B08D6G3T5T
pca,5000,2248,-0.17233235,-0.029171143,5.0,B09WTY19L9
pca,5000,2249,0.22738135,0.2922089,3.0,B09LH3NSVJ
pca,5000,2250,0.15408854,0.11812279,5.0,B08GKK5NX8
pca,5000,2251,0.34908715,0.32467657,5.0,B09LCRR2BG
pca,5000,2252,0.19826233,0.3845153,5.0,B087QSHTM8
pca,5000,2253,-0.0543877,0.20692118,5.0,B08BJ83YHJ
pca,5000,2254,-0.13065448,0.29462105,5.0,B085SGW4KK
pca,5000,2255,0.031638473,0.19639732,5.0,B013Q6ZRQQ
pca,5000,2256,0.09258428,0.48611864,5.0,B07XKZ2PDG
pca,5000,2257,-0.44663537,0.11642593,4.0,B08BYF5V86
pca,5000,2258,0.15131451,0.3219968,5.0,B08CK95N8C
pca,5000,2259,0.25135857,0.4865742,5.0,B088WH1Y25
pca,5000,2260,0.15877594,0.36216712,5.0,B0834PQKXK
pca,5000,2261,-0.023114245,-0.0327484,5.0,B09Y1PSVTB
pca,5000,2262,-0.32419845,-0.012025652,5.0,B08GFZXG55
pca,5000,2263,-0.3511155,0.09869951,5.0,B07W87RMTG
pca,5000,2264,-0.026077319,0.023448307,5.0,B089YF6T86
pca,5000,2265,-0.015152693,0.0736648,5.0,B086VFXX78
pca,5000,2266,-0.2283096,0.05401342,5.0,B094NRML1L
pca,5000,2267,0.027264835,0.2426112,5.0,B089F191ZP
pca,5000,2268,0.092714496,0.045554165,4.0,B089VYXB9K
pca,5000,2269,-0.000908494,0.12121329,5.0,B0C1Z4MNJT
pca,5000,2270,0.017911594,0.18361637,5.0,B08CVCS7Y7
pca,5000,2271,0.006844312,-0.06680303,5.0,B087B2DLCR
pca,5000,2272,0.0995284,-0.18195738,5.0,B08BFT7VNS
pca,5000,2273,0.053826444,-0.029595267,5.0,B08B5DC4HM
pca,5000,2274,-0.08899234,0.24581742,5.0,B081CRF2YH
pca,5000,2275,-0.0037330054,0.07649769,5.0,B09WV2XQYH
pca,5000,2276,-0.07911073,0.24752161,5.0,B082T7HDGT
pca,5000,2277,-0.21540648,0.043746885,5.0,B09FYFT34G
pca,5000,2278,0.05388608,0.069982484,5.0,B085DZMDKH
pca,5000,2279,-0.27022403,0.211965,5.0,B082YB9888
pca,5000,2280,-0.034645464,-0.025541542,5.0,B083KYZMG5
pca,5000,2281,-0.22362015,-0.017337343,5.0,B0BSDJQV5D
pca,5000,2282,0.0017192215,-0.1904733,5.0,B0899QP2L3
pca,5000,2283,-0.12509263,0.1964981,5.0,B09NSRDB1W
pca,5000,2284,-0.03501034,-0.064418025,5.0,B083NQPY1R
pca,5000,2285,0.20468244,0.33267626,5.0,B08T6D9Z69
pca,5000,2286,-0.22449726,0.13837674,5.0,B097D5GXZH
pca,5000,2287,-0.05881248,0.0063881055,5.0,B082CDDZC7
pca,5000,2288,-0.49687275,0.07056001,5.0,B082HHZ11Q
pca,5000,2289,-0.022330139,0.061312642,5.0,B085DPJYYV
pca,5000,2290,-0.006178677,0.008043151,5.0,B0BYSB9KW8
pca,5000,2291,0.032355975,-0.046623558,3.0,B084GFVQLL
pca,5000,2292,0.030198863,-0.028123498,4.0,B0828Y7BMQ
pca,5000,2293,-0.39288354,0.17500202,5.0,B09Q5PQM38
pca,5000,2294,-0.1991876,-0.03832798,5.0,B07T95WVZZ
pca,5000,2295,-0.2893508,0.21136402,5.0,B07VX7V91Q
pca,5000,2296,0.13990006,0.049559075,5.0,B0815V2KJS
pca,5000,2297,-0.30080935,0.1042784,5.0,B07RMBKSY3
pca,5000,2298,-0.35843801,0.10036655,5.0,B07VKRYQLK
pca,5000,2299,0.10194744,0.23151326,5.0,B07X8ZRNX7
pca,5000,2300,-0.2442202,0.13408142,5.0,B086ZKY8C4
pca,5000,2301,-0.3902606,-0.005869627,4.0,B0BPLD4VK9
pca,5000,2302,0.2359262,0.033517484,5.0,B084F798YV
pca,5000,2303,-0.0013746135,0.16915993,5.0,B07MG94T5M
pca,5000,2304,-0.061523456,0.020145852,5.0,B07DK1VQCH
pca,5000,2305,-0.36863977,0.015029445,5.0,B07PQBQ6GC
pca,5000,2306,-0.23687723,0.03260226,5.0,B0BJ7QMYBF
pca,5000,2307,-0.074979424,-0.047575917,4.0,B084HC99VY
pca,5000,2308,-0.47157773,0.09026116,5.0,B082SW81WD
pca,5000,2309,0.030340357,0.016823236,5.0,B07RZPB86Z
pca,5000,2310,-0.41116214,-0.08355923,5.0,B07FLH7VLQ
pca,5000,2311,-0.14851318,-0.16609696,5.0,B0BL6788GP
pca,5000,2312,-0.36353102,0.23235121,5.0,B07PHWGWFS
pca,5000,2313,0.13021314,0.15719919,5.0,B07KJTXRKM
pca,5000,2314,-0.22587156,0.10547303,5.0,B07PYHVH31
pca,5000,2315,-0.4749122,0.16729546,3.0,B07MCSKB9P
pca,5000,2316,-0.27735317,0.014575709,5.0,B07FDCDQMM
pca,5000,2317,-0.46488902,0.014873307,5.0,B07K8XPS7J
pca,5000,2318,-0.4139095,0.1497935,5.0,B07DF7NZCN
pca,5000,2319,-0.4726036,-0.1130003,4.0,B07G1LGS62
pca,5000,2320,-0.053130645,-0.031217301,5.0,B07GG424BQ
pca,5000,2321,-0.099810764,0.035694335,5.0,B09MTNF6MX
pca,5000,2322,0.10525955,0.15895426,4.0,B01FRP1ZHE
pca,5000,2323,-0.12864922,0.17499064,5.0,B07DDK15FN
pca,5000,2324,-0.44281143,0.16659032,5.0,B07VHBC8VP
pca,5000,2325,-0.14945114,-0.056278337,5.0,B0C2V1QS15
pca,5000,2326,-0.3329778,0.24561673,4.0,B07QFC584D
pca,5000,2327,0.115528196,0.31436515,5.0,B07FMYHX1F
pca,5000,2328,0.061408855,0.054180812,5.0,B09ZMQWGCG
pca,5000,2329,-0.07293098,-0.023024395,4.0,B07B535G94
pca,5000,2330,-0.39091435,0.08041546,5.0,B08V47HYBW
pca,5000,2331,-0.48239997,0.17048803,5.0,B076F79LTS
pca,5000,2332,-0.26643988,0.05310515,4.0,B0778PCW73
pca,5000,2333,0.11681916,0.104228124,5.0,B079Y4MW5F
pca,5000,2334,-0.1902726,-0.07382505,4.0,B0C2V1WQ8F
pca,5000,2335,-0.042005133,-0.060617387,5.0,B077W1KN7V
pca,5000,2336,-0.23371953,0.044977028,4.0,B06XJKWXC6
pca,5000,2337,-0.40100753,0.025865551,4.0,B074JG8SPQ
pca,5000,2338,-0.20677298,0.10473807,4.0,B0B11CLXY5
pca,5000,2339,-0.10957514,0.014850184,4.0,B071YZ2WN7
pca,5000,2340,-0.5024042,0.2417103,5.0,B072J2HGJR
pca,5000,2341,0.1508708,0.116298676,5.0,B071X8QSZH
pca,5000,2342,0.005187366,-0.10060322,5.0,B07FKJCFWB
pca,5000,2343,-0.33887076,0.21465823,5.0,B01MQKG0L8
pca,5000,2344,0.23098856,0.21671209,4.0,B01LZWQ0KV
pca,5000,2345,-0.42944935,0.1831526,5.0,B01M2UVSHF
pca,5000,2346,-0.07974264,0.18121715,5.0,B07JMFQTC5
pca,5000,2347,-0.2081995,0.17439668,5.0,B01HETFQMQ
pca,5000,2348,-0.413331,0.04242103,3.0,B01DT4ODOM
pca,5000,2349,0.27624705,0.27119517,4.0,B00VRLUTWA
pca,5000,2350,-0.15329935,-0.11235866,4.0,B01EO5A3RQ
pca,5000,2351,0.0053606294,0.107726544,5.0,B01BCWKBZI
pca,5000,2352,-0.4635112,0.017731834,5.0,B01BWMX5BK
pca,5000,2353,-0.29184046,0.05762067,4.0,B00K6L5EX6
pca,5000,2354,0.02844858,0.082713544,4.0,B00PVIBIN4
pca,5000,2355,-0.48888567,0.003933884,5.0,B0B37YMFK2
pca,5000,2356,-0.16743793,0.20376903,5.0,B079ZQT987
pca,5000,2357,-0.17703941,-0.06476713,4.0,B014D7XH64
pca,5000,2358,0.07296388,0.11310688,5.0,B00UK0P9VU
pca,5000,2359,0.05332364,0.24750581,3.0,B00OGKQAJU
pca,5000,2360,-0.07515153,0.2331549,3.0,B00S0CTU2Y
pca,5000,2361,-0.39720702,0.056226324,4.0,B01A86LI6K
pca,5000,2362,0.2204581,0.06544052,5.0,B00MJKZEXC
pca,5000,2363,0.031792566,-0.014132712,5.0,B00NJNFW1C
pca,5000,2364,0.21452808,0.04040506,5.0,B00FQ1NO9W
pca,5000,2365,-0.49134877,0.2000103,5.0,B00KONCDVM
pca,5000,2366,-0.3925421,0.010645017,5.0,B00I59VBH4
pca,5000,2367,-0.18473685,-0.17959586,4.0,B00BXKY9CQ
pca,5000,2368,-0.3521179,0.015866168,4.0,B00EXPNGCM
pca,5000,2369,-0.29112568,-0.02698579,5.0,B00DVU9FNY
pca,5000,2370,0.06856866,0.23046365,4.0,B00CPIF4G0
pca,5000,2371,-0.063453615,0.06983395,5.0,B007KZQM9Q
pca,5000,2372,-0.34270906,0.12035981,4.0,B001UAB4TU
pca,5000,2373,-0.35867313,-0.06257492,5.0,B07FCKYFRC
pca,5000,2374,0.12988952,0.053311992,5.0,B07GZL22ZQ
pca,5000,2375,0.10091263,0.056387495,4.0,B00S7IBOYS
pca,5000,2376,-0.0064344034,0.017616246,4.0,B07F2YKPB3
pca,5000,2377,-0.50746834,0.005172286,1.0,B0C338S8M7
pca,5000,2378,-0.28177157,0.1921569,4.0,B00KWR8ME2
pca,5000,2379,-0.23217991,-0.2657958,4.0,B00PLL0L2U
pca,5000,2380,0.07958806,0.2241402,5.0,B07PSCZRB5
pca,5000,2381,0.015670536,0.07787116,4.0,B0BHT8XX49
pca,5000,2382,0.028874967,0.32876617,4.0,B085XS36F5
pca,5000,2383,0.11250667,0.041814055,4.0,B07S1BDQ4P
pca,5000,2384,0.21254921,0.27022812,4.0,B00N1X2UC4
pca,5000,2385,-0.23720858,-0.103526786,4.0,B007ILEHSA
pca,5000,2386,0.15992023,-0.22374326,1.0,B018H3B280
pca,5000,2387,0.2845492,-0.3339888,5.0,B00763W3M2
pca,5000,2388,0.15992023,-0.22374326,1.0,B00OB0S8KE
pca,5000,2389,0.18928483,0.063233346,5.0,B00FHL3F0E
pca,5000,2390,-0.14813456,0.033522893,5.0,B07PHB491R
pca,5000,2391,0.19689076,0.012886345,5.0,B08GL4JSLK
pca,5000,2392,0.18813285,0.13021971,5.0,B07T5SY43L
pca,5000,2393,0.16438033,-0.16630876,5.0,B074KBWL9J
pca,5000,2394,-0.4468806,-0.00021588802,1.0,B09674F2X6
pca,5000,2395,-0.31469232,-0.14967327,1.0,B09S9PX2GH
pca,5000,2396,-0.27052715,-0.20536424,1.0,B07KTYJ769
pca,5000,2397,-0.025321443,-0.13737012,5.0,B084T3RMQ6
pca,5000,2398,-0.19152506,-0.30241236,5.0,B00RFLGH5E
pca,5000,2399,0.019065088,-0.099212945,4.0,B00P7EVST6
pca,5000,2400,-0.06004117,-0.2248802,5.0,B09BZGJCGD
pca,5000,2401,-0.09137583,-0.34187692,1.0,B0022NHQ00
pca,5000,2402,0.13754033,0.19269277,4.0,B002SBB0SU
pca,5000,2403,0.14072664,0.24378985,5.0,B09MRC553G
pca,5000,2404,0.0483324,0.20280573,5.0,B0B5B88GQW
pca,5000,2405,0.07171278,0.16097051,4.0,B09X21S46V
pca,5000,2406,-0.45033416,0.14707707,4.0,B07S764D9V
pca,5000,2407,-0.063528225,-0.20872733,5.0,B0BTPBBL52
pca,5000,2408,-0.053867478,-0.05950506,4.0,B091BD9T1Z
pca,5000,2409,-0.24830052,-0.09543347,2.0,B07MYSFW2G
pca,5000,2410,-0.17335792,0.20348042,4.0,B01DXKPK3A
pca,5000,2411,-0.057617527,0.1551051,4.0,B0189XYY0Q
pca,5000,2412,0.21514687,0.30862302,5.0,B00Q6A1RLY
pca,5000,2413,0.105857104,0.102921516,4.0,B00MHX6TIA
pca,5000,2414,-0.07177566,0.28677073,4.0,B00DVFLJKQ
pca,5000,2415,-0.15102133,-0.17077605,5.0,B002M3SHXA
pca,5000,2416,-0.16189168,-0.036847576,4.0,B0039NIRIW
pca,5000,2417,-0.10540323,-0.14836997,5.0,B000HDJY7K
pca,5000,2418,-0.25742486,0.1459111,5.0,B00005T3GH
pca,5000,2419,-0.14933777,-0.062157348,4.0,B0036WT3PW
pca,5000,2420,-0.029528644,0.03553951,2.0,B000V2H136
pca,5000,2421,-0.16789864,-0.15007703,1.0,B00008SCFL
pca,5000,2422,0.029765567,0.062364247,5.0,B000OSLLPG
pca,5000,2423,-0.17899168,0.17739914,2.0,B00XJ5U76A
pca,5000,2424,-0.05972976,-0.08001077,4.0,B07V29CYF3
pca,5000,2425,0.08037178,-0.04759357,1.0,B0B3J5JC2S
pca,5000,2426,0.28823316,-0.06656684,5.0,B07X349T36
pca,5000,2427,0.15454286,0.14097375,5.0,B074D9L6SJ
pca,5000,2428,0.21491987,-0.08857696,5.0,B07Y75XPQZ
pca,5000,2429,0.16647965,-0.18720329,5.0,B07QC4XL1V
pca,5000,2430,-0.35299,0.11633876,5.0,B07ZPC9QD4
pca,5000,2431,0.029305607,-0.15835813,5.0,B093V1K56G
pca,5000,2432,0.15938279,0.057417046,1.0,B01N7KFVOB
pca,5000,2433,0.008463334,0.028817613,5.0,B07C9C7N4G
pca,5000,2434,0.12550275,0.07167311,5.0,B0745BZ29C
pca,5000,2435,-0.28028363,-0.2081502,2.0,B07CZ2PZJM
pca,5000,2436,-0.033206064,-0.22642747,5.0,B08XPWDSWW
pca,5000,2437,0.006483011,-0.122769475,1.0,B09FKBCYM3
pca,5000,2438,-0.032953035,-0.10804856,5.0,B07G5C4YLY
pca,5000,2439,-0.18277076,-0.06042517,3.0,B08FYNN55Z
pca,5000,2440,-0.23390654,-0.20470685,1.0,B08MY4R4PK
pca,5000,2441,0.043775838,-0.044494808,1.0,B00WUWV1N6
pca,5000,2442,0.101126276,-0.09110007,4.0,B071FVHM19
pca,5000,2443,0.18362537,0.032059576,5.0,B085SX3ZKZ
pca,5000,2444,0.11678006,-0.2898093,5.0,B07X8MSSRQ
pca,5000,2445,0.20940797,-0.36330315,5.0,B01ENBNAWG
pca,5000,2446,0.22240707,-0.15919095,5.0,B00E6GRHBO
pca,5000,2447,-0.33366016,-0.07070869,2.0,B0C6D2TBZ7
pca,5000,2448,0.036277458,0.041164573,5.0,B07KB1FNK3
pca,5000,2449,-0.03921796,-0.2176373,5.0,B0C6PGZ3MB
pca,5000,2450,-0.12685621,0.023597542,2.0,B0C8TKRRJB
pca,5000,2451,0.064803034,0.18179993,5.0,B07BSJCMGS
pca,5000,2452,-0.32102746,-0.056507066,5.0,B08TX43PBC
pca,5000,2453,-0.20425619,-0.09354327,5.0,B08WJSHSLC
pca,5000,2454,0.20555125,0.17968068,5.0,B0987B3T53
pca,5000,2455,0.252251,0.3058124,5.0,B01MQPTTS6
pca,5000,2456,0.17875698,-0.2640026,3.0,B07TS32GFV
pca,5000,2457,-0.094436005,0.041372176,5.0,B07SMNZK8H
pca,5000,2458,-0.0682254,0.07690662,5.0,B081B15L2D
pca,5000,2459,0.010731449,0.02848636,4.0,B076WXJPQ1
pca,5000,2460,0.034797892,-0.006736178,5.0,B08KZ1TZYB
pca,5000,2461,0.12009975,-0.20025179,5.0,B07961C64Q
pca,5000,2462,-0.079204336,-0.09973848,5.0,B0BNPL25Z9
pca,5000,2463,-0.3548355,-0.14812933,5.0,B00P28VN38
pca,5000,2464,-0.30961454,-0.059912562,5.0,B00GN76HAG
pca,5000,2465,-0.0063951686,-0.19429567,3.0,B076JDXPRG
pca,5000,2466,0.07670049,-0.07071112,5.0,B06XGC4WKK
pca,5000,2467,0.036825683,-0.24686076,5.0,B07GZFM1ZM
pca,5000,2468,-0.44552842,-0.055455133,5.0,B07K59CQ3R
pca,5000,2469,-0.41077876,-0.0367302,5.0,B074S1P2MG
pca,5000,2470,-0.12083332,0.13354681,5.0,B072KQC4XY
pca,5000,2471,-0.089162186,-0.12488745,5.0,B00KAMJ1JO
pca,5000,2472,-0.1026683,0.030292269,5.0,B0C6PGZ3MB
pca,5000,2473,0.19565798,-0.20898011,5.0,B075753TQ8
pca,5000,2474,0.24412853,-0.30454654,5.0,B075X8471B
pca,5000,2475,0.3506324,0.1701536,5.0,B07F4P3JH7
pca,5000,2476,0.0063356645,0.08620866,5.0,B0C1FRBK4K
pca,5000,2477,-0.06273572,-0.10153164,5.0,B00HJN524K
pca,5000,2478,-0.4278079,0.002284523,4.0,B071WGSZ81
pca,5000,2479,0.075880006,0.05267741,5.0,B000063Y71
pca,5000,2480,0.073709115,0.2114721,5.0,B07837W5NX
pca,5000,2481,0.0037449375,0.03971092,3.0,B003NR57BY
pca,5000,2482,-0.23376524,0.08375727,5.0,B07H6X3YQN
pca,5000,2483,-0.10378504,-0.11045332,5.0,B00N9DWGPC
pca,5000,2484,0.06246709,-0.054812312,4.0,B000063Y6S
pca,5000,2485,-0.07666534,-0.055035204,4.0,B00G97AJMW
pca,5000,2486,-0.13748366,-0.23507011,2.0,B00XJ5CD58
pca,5000,2487,0.17208181,-0.09660542,3.0,B00D68R31M
pca,5000,2488,0.10399218,0.004160814,5.0,B00GNHSXE4
pca,5000,2489,0.1872394,0.018348549,5.0,B00004UDQ1
pca,5000,2490,-0.02270322,-0.06259271,1.0,B00PFQPX5Q
pca,5000,2491,0.10007648,0.13150147,5.0,B000165C10
pca,5000,2492,0.059932515,-0.1635211,5.0,B07QC4WTNC
pca,5000,2493,-0.31479764,-0.030242618,5.0,B09NBBT6T8
pca,5000,2494,0.16097872,0.060279842,5.0,B07TPLJ4HX
pca,5000,2495,-0.011383966,-0.16506433,1.0,B09VYMTDF9
pca,5000,2496,-0.04710524,0.16598448,5.0,B07K1DYGHM
pca,5000,2497,-0.045445975,0.001698982,5.0,B08RLW7918
pca,5000,2498,-0.1374906,-0.11543913,5.0,B0BMQJYLQV
pca,5000,2499,-0.3372306,-0.09281412,4.0,B0001FTVEK
pca,5000,2500,-0.08665383,-0.13874307,1.0,B005PPMF3U
pca,5000,2501,0.1735011,-0.2656501,5.0,B07VVXLXJM
pca,5000,2502,0.13872842,-0.10990912,5.0,B07P374FF3
pca,5000,2503,0.20317674,0.038313176,5.0,B07P6YM5KH
pca,5000,2504,-0.014160812,0.06263921,5.0,B002Y470G2
pca,5000,2505,-0.48072472,-0.0014072694,5.0,B09PRC3WC5
pca,5000,2506,0.054351546,0.12149401,5.0,B08Y8XW37R
pca,5000,2507,-0.30370408,0.17693003,5.0,B0BXM18YDP
pca,5000,2508,-0.17337398,-0.2447289,1.0,B09M8N7YML
pca,5000,2509,-0.22209677,-0.10354976,5.0,B07H4SS6DG
pca,5000,2510,0.12382583,-0.22702043,2.0,B019RC1EI8
pca,5000,2511,0.108382255,-0.059056804,1.0,B07VM4W41Q
pca,5000,2512,0.020575013,-0.10580325,3.0,B00WETRG4I
pca,5000,2513,0.08530173,-0.33645248,1.0,B001MQ321U
pca,5000,2514,0.14814399,-0.26840505,5.0,B0051V7XK8
pca,5000,2515,0.24624513,-0.23262435,5.0,B0C6D2TBZ7
pca,5000,2516,0.026050437,-0.16268589,2.0,B07MG5Y5W9
pca,5000,2517,-0.27078784,-0.21532454,4.0,B094MKQMZR
pca,5000,2518,0.041172735,0.1038658,1.0,B0B58CRF1N
pca,5000,2519,-0.16319564,0.10415001,2.0,B07Q2SJNZ5
pca,5000,2520,0.12776674,-0.26071513,2.0,B075X8471B
pca,5000,2521,0.08448916,0.19589898,2.0,B01J94SWWU
pca,5000,2522,0.07883535,-0.197326,5.0,B008I6ITME
pca,5000,2523,-0.08461718,-0.10124484,5.0,B015SKPC8Q
pca,5000,2524,-0.17421634,0.06607132,1.0,B01I1D2Q7W
pca,5000,2525,0.12296809,-0.15949707,1.0,B00RBW707G
pca,5000,2526,0.22376843,0.094260946,5.0,B06XNQ6BXC
pca,5000,2527,0.09991522,0.023617648,5.0,B07ZRGNMRJ
pca,5000,2528,0.2564995,-0.14664567,4.0,B06VWK3L8N
pca,5000,2529,0.24996115,-0.27359208,5.0,B01I6GE05A
pca,5000,2530,-0.05884281,0.08356075,1.0,B01CGGW4NG
pca,5000,2531,-0.20463528,-0.18528186,3.0,B01K8B8YA8
pca,5000,2532,0.36935782,-0.074095726,1.0,B01E9X4L9O
pca,5000,2533,-0.3170929,-0.041120544,5.0,B00140DBRY
pca,5000,2534,-0.05315127,-0.1633923,2.0,B01DA0YCNC
pca,5000,2535,0.28138226,0.23543328,1.0,B073QFMPK1
pca,5000,2536,-0.31069323,-0.121319294,1.0,B00WUCSWDI
pca,5000,2537,-0.14958836,-0.21698597,1.0,B00488M4TU
pca,5000,2538,-0.14608598,0.15323593,2.0,B0032ALZIQ
pca,5000,2539,0.03552396,-0.053737182,1.0,B0034NGZWM
pca,5000,2540,0.2984135,-0.39103854,5.0,B09B52572Z
pca,5000,2541,0.13054176,-0.091829255,5.0,B08KZZCGGG
pca,5000,2542,0.2527125,-0.17351857,5.0,B08JD7FN44
pca,5000,2543,0.30706736,-0.3680564,5.0,B098744XH6
pca,5000,2544,0.30706736,-0.3680564,5.0,B09BPWCXMS
pca,5000,2545,0.15237923,-0.09980087,5.0,B09NWZY4XF
pca,5000,2546,0.30706736,-0.3680564,5.0,B07Y887RM3
pca,5000,2547,0.30706736,-0.3680564,5.0,B086VR9J8Q
pca,5000,2548,0.30706736,-0.3680564,5.0,B09JKSVK9L
pca,5000,2549,0.30706736,-0.3680564,5.0,B09CM12QBL
pca,5000,2550,0.30706736,-0.3680564,5.0,B09H7DTXKT
pca,5000,2551,0.30706736,-0.3680564,5.0,B09G2W5GGF
pca,5000,2552,0.30706736,-0.3680564,5.0,B07K7BBRTQ
pca,5000,2553,0.30706736,-0.3680564,5.0,B07D77BLWK
pca,5000,2554,0.30706736,-0.3680564,5.0,B07C78TJMZ
pca,5000,2555,0.30706736,-0.3680564,5.0,B07S764D9V
pca,5000,2556,0.30706736,-0.3680564,5.0,B07PBZ1P2N
pca,5000,2557,0.30706736,-0.3680564,5.0,B07CH42JNS
pca,5000,2558,0.30706736,-0.3680564,5.0,B01LXJFMGF
pca,5000,2559,0.30706736,-0.3680564,5.0,B071R715MZ
pca,5000,2560,0.30706736,-0.3680564,5.0,B01D5H8N8K
pca,5000,2561,0.30706736,-0.3680564,5.0,B07JGHZ45W
pca,5000,2562,0.30706736,-0.3680564,5.0,B017MVKO82
pca,5000,2563,0.30706736,-0.3680564,5.0,B09T918243
pca,5000,2564,0.30706736,-0.3680564,5.0,B09HLGPB3D
pca,5000,2565,0.30706736,-0.3680564,5.0,B01MDNQXMV
pca,5000,2566,0.30706736,-0.3680564,5.0,B07F9WZSP9
pca,5000,2567,0.30706736,-0.3680564,5.0,B07QF6RKYH
pca,5000,2568,0.30706736,-0.3680564,5.0,B09S6QPQFS
pca,5000,2569,0.30706736,-0.3680564,5.0,B00NVKHLP8
pca,5000,2570,0.30706736,-0.3680564,5.0,B07FPLCZSL
pca,5000,2571,0.30706736,-0.3680564,5.0,B08TY4HJ8L
pca,5000,2572,0.30706736,-0.3680564,5.0,B0713VGCJX
pca,5000,2573,0.30706736,-0.3680564,5.0,B09QZPKYCW
pca,5000,2574,0.30706736,-0.3680564,5.0,B07W1JV6YM
pca,5000,2575,0.30706736,-0.3680564,5.0,B08M8Y6473
pca,5000,2576,0.30706736,-0.3680564,5.0,B07DVF9LKG
pca,5000,2577,0.30706736,-0.3680564,5.0,B00JX8Y2HM
pca,5000,2578,0.30706736,-0.3680564,5.0,B00M0T1WTM
pca,5000,2579,0.30706736,-0.3680564,5.0,B07BVZJP4J
pca,5000,2580,0.30706736,-0.3680564,5.0,B073W74WR8
pca,5000,2581,0.30706736,-0.3680564,5.0,B0BZJGGX2T
pca,5000,2582,0.30706736,-0.3680564,5.0,B09Y1PSVTB
pca,5000,2583,0.30706736,-0.3680564,5.0,B00XZ6AMA4
pca,5000,2584,0.30706736,-0.3680564,5.0,B01G8JO5F2
pca,5000,2585,-0.0064784177,-0.041823667,5.0,B075NCMLYL
pca,5000,2586,0.30706736,-0.3680564,5.0,B08XPWDSWW
pca,5000,2587,0.30706736,-0.3680564,5.0,B01985CJUG
pca,5000,2588,0.30706736,-0.3680564,5.0,B01N1H6MS0
pca,5000,2589,0.30706736,-0.3680564,5.0,B00TQYC9PA
pca,5000,2590,0.30706736,-0.3680564,5.0,B00XJPY07M
pca,5000,2591,0.30706736,-0.3680564,5.0,B000Q8UAWY
pca,5000,2592,0.30706736,-0.3680564,5.0,B07YFD37SF
pca,5000,2593,0.30706736,-0.3680564,5.0,B004XUNW26
pca,5000,2594,0.30706736,-0.3680564,5.0,B005MTXM3Q
pca,5000,2595,0.30706736,-0.3680564,5.0,B000WKPHHO
pca,5000,2596,0.16314246,-0.3107151,5.0,B00XHWBDYU
pca,5000,2597,0.30706736,-0.3680564,5.0,B0B3XNLPYC
pca,5000,2598,-0.30186835,0.014234386,5.0,B07QLN5ZWR
pca,5000,2599,0.015587216,-0.0039838925,5.0,B0812DKDD9
pca,5000,2600,0.30706736,-0.3680564,5.0,B0BGNG1294
pca,5000,2601,0.074890815,0.32982507,1.0,B0873727DF
pca,5000,2602,0.23806441,-0.38850456,5.0,B07P61P5NZ
pca,5000,2603,0.23806441,-0.38850456,5.0,B07P6YRR6J
pca,5000,2604,0.23806441,-0.38850456,5.0,B07Q38S8HD
pca,5000,2605,0.23806417,-0.38850445,5.0,B07PBD7RDM
pca,5000,2606,-0.060694728,0.144773,5.0,B0B1HR8JSR
pca,5000,2607,0.20350596,0.116108745,4.0,B0C6FJFRJG
pca,5000,2608,0.31526133,0.25231928,5.0,B07KG7BLFD
pca,5000,2609,0.23806441,-0.38850456,5.0,B0B2K24RQT
pca,5000,2610,0.23806441,-0.38850456,5.0,B0C33Y9Q9L
pca,5000,2611,0.3341254,-0.35480934,5.0,B07ZCVRSCG
pca,5000,2612,0.3341254,-0.35480934,5.0,B07JL18G1D
pca,5000,2613,0.3341254,-0.35480934,5.0,B0BVBDXFHM
pca,5000,2614,0.3341254,-0.35480934,5.0,B09LRLD1Z3
pca,5000,2615,0.3341254,-0.35480934,5.0,B0BB6RBYJ6
pca,5000,2616,0.3341254,-0.35480934,5.0,B08MXVP2CL
pca,5000,2617,0.3341254,-0.35480934,5.0,B00FOSEUIQ
pca,5000,2618,0.3341254,-0.35480934,5.0,B07G8BR51Z
pca,5000,2619,-0.14215302,-0.11416438,5.0,B07PXGQC1Q
pca,5000,2620,0.23806417,-0.38850445,5.0,B0BZDWGL19
pca,5000,2621,0.18211433,-0.17806497,5.0,B0B4SWZTZ1
pca,5000,2622,0.23806441,-0.38850456,5.0,B07T6GWDGR
pca,5000,2623,0.23806417,-0.38850445,5.0,B07VZVL6GK
pca,5000,2624,-0.18556795,-0.023991793,4.0,B0C3GDKZQT
pca,5000,2625,0.23806441,-0.38850456,5.0,B096NQ56RD
pca,5000,2626,0.23806441,-0.38850456,5.0,B0839511NG
pca,5000,2627,0.095596924,-0.29132816,5.0,B07SHFPD8S
pca,5000,2628,0.05448718,0.13943696,5.0,B01GKQ2RHQ
pca,5000,2629,-0.08744164,-0.10618296,5.0,B00U1PPWDO
pca,5000,2630,-0.15560089,0.08312976,4.0,B00JHPLUMQ
pca,5000,2631,-0.123199806,0.06955089,5.0,B00GG835JI
pca,5000,2632,0.029888991,0.07554063,5.0,B0BS6KLLT1
pca,5000,2633,0.002225943,0.1610548,5.0,B00T7W84FA
pca,5000,2634,0.04818429,-0.10449539,5.0,B07JVSC152
pca,5000,2635,-0.028630693,-0.017615797,5.0,B001TH7GUK
pca,5000,2636,-0.4627314,0.08030482,5.0,B000066R6M
pca,5000,2637,0.14541426,0.024712779,4.0,B004YZZPZW
pca,5000,2638,0.25326648,0.46560264,4.0,B005KDY8AU
pca,5000,2639,0.026271418,0.2076595,5.0,B005890G8Y
pca,5000,2640,0.10535981,-0.33859596,5.0,B016PMVM7Q
pca,5000,2641,0.0078385845,-0.070290565,5.0,B07KML89F3
pca,5000,2642,0.16731603,0.39651498,5.0,B00AHU2QH8
pca,5000,2643,-0.011550073,0.045334224,1.0,B00BYHTK5Y
pca,5000,2644,0.1822625,0.10105218,2.0,B00902SFC4
pca,5000,2645,-0.45926192,-0.12589024,5.0,B007B5ZKGG
pca,5000,2646,0.0278746,-0.17744373,1.0,B004NIG13U
pca,5000,2647,0.15614524,-0.08763057,5.0,B09L1PGZPQ
pca,5000,2648,-0.25993767,-0.12231688,5.0,B0719SNR5N
pca,5000,2649,0.20042765,-0.13404948,5.0,B07TQT6H2P
pca,5000,2650,0.05204146,-0.25606453,4.0,B08ZF2Z7Y1
pca,5000,2651,0.18861666,-0.23938413,5.0,B01M5HQMMJ
pca,5000,2652,0.25209972,-0.3894604,5.0,B094V7S7D7
pca,5000,2653,-0.3168431,-0.14617792,5.0,B09Q5BNT76
pca,5000,2654,-0.28130633,-0.17976019,4.0,B076DWW62Z
pca,5000,2655,-0.1858828,-0.2724108,5.0,B08GMC5NM5
pca,5000,2656,0.15942419,0.059785325,5.0,B07HRFLB6Y
pca,5000,2657,0.048060466,-0.17796288,5.0,B07Q44XSYX
pca,5000,2658,0.16016853,-0.15714616,5.0,B07D18BQ9S
pca,5000,2659,0.22268453,-0.359347,5.0,B073S39FM8
pca,5000,2660,0.10113219,-0.37903234,5.0,B01H7EK9WK
pca,5000,2661,-0.20526327,-0.3142683,5.0,B00UVN20YA
pca,5000,2662,0.106640816,-0.043314807,5.0,B0195A5THO
pca,5000,2663,-0.1485227,-0.13385339,5.0,B01AQB0Y1C
pca,5000,2664,0.17855665,-0.19691212,5.0,B017IM9K26
pca,5000,2665,0.0061318763,-0.1861216,5.0,B07VXXBTX4
pca,5000,2666,0.32513312,0.34321624,5.0,B08HGHSZ8N
pca,5000,2667,-0.04779653,-0.3139826,5.0,B07NJQTTXK
pca,5000,2668,-0.33338425,-0.08105289,5.0,B07SNBHTKD
pca,5000,2669,0.15325166,-0.35160848,5.0,B0BDF98BNH
pca,5000,2670,-0.09956786,0.08928245,5.0,B01JPDTZXK
pca,5000,2671,0.2839901,0.09314747,4.0,B01HVHIZFG
pca,5000,2672,0.19612339,-0.28420955,5.0,B07B3JZ2M6
pca,5000,2673,0.31126973,0.34034333,3.0,B00JUNH8H6
pca,5000,2674,0.28543434,0.41369256,1.0,B00DULMXTW
pca,5000,2675,-0.17656471,-0.21597123,1.0,B09G3MBH6V
pca,5000,2676,0.12184012,-0.06512612,4.0,B07N8VFFNS
pca,5000,2677,0.041360203,-0.13270786,5.0,B07KXX9168
pca,5000,2678,-0.01605963,-0.07231469,5.0,B09QL59Q12
pca,5000,2679,0.20166355,-0.21795137,5.0,B00MVJYK6S
pca,5000,2680,0.011928586,0.02806355,4.0,B00FPG7WX2
pca,5000,2681,0.14114426,-0.049995415,5.0,B00D38XF6M
pca,5000,2682,-0.21488032,-0.08650641,4.0,B08F1P3BCC
pca,5000,2683,0.1408946,-0.24329822,5.0,B000YC8NYY
pca,5000,2684,-0.15578108,-0.073859155,5.0,B086LL8V2G
pca,5000,2685,0.08090763,0.05071863,4.0,B07M5WCCLH
pca,5000,2686,-0.12554336,-0.1808193,5.0,B01KBQ6GQ4
pca,5000,2687,-0.34483933,0.019175604,1.0,B0CC4HBS85
pca,5000,2688,0.21933,-0.04023549,5.0,B08C2P9RTY
pca,5000,2689,-0.091155365,-0.086773604,2.0,B0BXRJKJDZ
pca,5000,2690,-0.17888668,-0.02697789,5.0,B0071369KE
pca,5000,2691,-0.43806523,0.014461517,5.0,B0B37TV4WJ
pca,5000,2692,0.09171283,-0.11882773,5.0,B07HZLHPKP
pca,5000,2693,0.22293231,-0.2620352,5.0,B071L978GM
pca,5000,2694,0.16870159,-0.19458914,5.0,B001B077PO
pca,5000,2695,0.16870159,-0.19458914,5.0,B077Q9DVXJ
pca,5000,2696,0.14407288,-0.27722672,5.0,B001MXQRN8
pca,5000,2697,0.16870159,-0.19458914,5.0,B01AUR77FI
pca,5000,2698,0.24924223,-0.28379083,5.0,B000001OM5
pca,5000,2699,-0.059323017,-0.109607846,5.0,B07MHTZQ2V
pca,5000,2700,-0.1291537,-0.22781998,5.0,B07SKFQQ48
pca,5000,2701,0.12550017,-0.1600295,2.0,B0C3GLMP8K
pca,5000,2702,0.31509626,0.2012829,5.0,B07Y89KHBJ
pca,5000,2703,0.2801214,-0.2917246,5.0,B07Z3BKFQW
pca,5000,2704,-0.09377825,-0.034019407,4.0,B0CCRNKX6X
pca,5000,2705,0.18067248,-0.11127713,5.0,B09KWWZ67B
pca,5000,2706,0.21701814,0.2812992,5.0,B08PZ94XG9
pca,5000,2707,0.20219468,-0.048584968,5.0,B09HJZPSFC
pca,5000,2708,0.25055298,-0.011143306,2.0,B0B9N65HF4
pca,5000,2709,0.23131439,-0.30602607,5.0,B07QPTYSPP
pca,5000,2710,0.116523504,-0.13979515,5.0,B0791TX5P5
pca,5000,2711,-0.2696582,-0.14727888,4.0,B085DXH843
pca,5000,2712,0.05400894,-0.26054582,5.0,B07P5GCV4R
pca,5000,2713,-0.227038,0.17896387,5.0,B0BGS23YKX
pca,5000,2714,-0.073773846,-0.15642203,4.0,B094XQ4HKT
pca,5000,2715,0.04500114,-0.20437425,5.0,B0018MEZK0
pca,5000,2716,0.072323576,-0.20676912,2.0,B001TOD7MO
pca,5000,2717,0.06513882,-0.21119691,5.0,B00KALCGUG
pca,5000,2718,0.045864683,-0.15111229,5.0,B000F6MOQM
pca,5000,2719,0.13421318,-0.17707634,5.0,B00KFNMHQ2
pca,5000,2720,0.111138016,-0.17074047,4.0,B00CHCGRH4
pca,5000,2721,0.084128246,-0.20564874,4.0,B008I640QS
pca,5000,2722,-0.284895,0.007134892,2.0,B004MCJBJI
pca,5000,2723,0.108842194,-0.067840844,5.0,B001BXS4LW
pca,5000,2724,0.088852435,-0.3133928,5.0,B000QKKAOU
pca,5000,2725,0.020240832,-0.24274516,5.0,B094QJN15X
pca,5000,2726,0.049042687,0.1676147,5.0,B09R9133PG
pca,5000,2727,0.030542,0.08062595,1.0,B09QLYHV6F
pca,5000,2728,0.227086,0.11051348,4.0,B086Q4XT9Q
pca,5000,2729,0.10075869,-0.020653775,2.0,B003WGJYCY
pca,5000,2730,0.15046892,0.0044019483,5.0,B07JBTD7NG
pca,5000,2731,0.27033287,0.2161733,5.0,B088ZD69V9
pca,5000,2732,-0.019699164,-0.24881642,5.0,B0002J1WTC
pca,5000,2733,0.013833998,-0.18134618,5.0,B01MQVXHUM
pca,5000,2734,0.3461552,0.43845636,4.0,B07CKP2CKV
pca,5000,2735,0.16951661,-0.019232878,5.0,B0046RDQGS
pca,5000,2736,0.29007474,0.32395422,3.0,B006OU6IBA
pca,5000,2737,0.012825495,0.07923047,5.0,B083P6GZXR
pca,5000,2738,0.18870051,-0.17611216,5.0,B07GZFM1ZM
pca,5000,2739,0.14285566,-0.2056243,5.0,B0791TX5P5
pca,5000,2740,0.22298847,-0.22835498,5.0,B07VRPLTL3
pca,5000,2741,0.06049238,0.40678942,5.0,B00FB50SBU
pca,5000,2742,0.18868667,-0.44781682,4.0,B0BDH3VXRQ
pca,5000,2743,0.049436647,-0.21775453,5.0,B07FKYHTWP
pca,5000,2744,0.12095095,0.019522086,5.0,B07N8VFFNS
pca,5000,2745,0.13697615,-0.3172252,5.0,B00N5828GS
pca,5000,2746,0.09548806,-0.16963118,4.0,B01J94SWWU
pca,5000,2747,0.18632805,-0.21856754,5.0,B007T356BO
pca,5000,2748,-0.04772107,0.065610334,5.0,B01J2G4VBG
pca,5000,2749,0.21427062,-0.13621509,5.0,B00OQVZDJM
pca,5000,2750,-0.21826735,0.105344504,4.0,B0BZVGQ1M3
pca,5000,2751,0.105230406,0.25831676,3.0,B00Z7Y7WRI
pca,5000,2752,0.10578233,-0.00525753,3.0,B001P05OFU
pca,5000,2753,0.16290022,0.15037286,3.0,B07ZPPZYTS
pca,5000,2754,-0.49476036,-0.0720219,5.0,B08XPWDSWW
pca,5000,2755,0.2263127,0.24981955,5.0,B071R4R5B8
pca,5000,2756,0.028177135,-0.31383887,1.0,B0BZJZKYST
pca,5000,2757,0.29305908,0.4416232,2.0,B0919SHYMH
pca,5000,2758,0.27284166,0.10784383,3.0,B07QYL62CZ
pca,5000,2759,0.14095947,0.3007303,5.0,B0051VVOB2
pca,5000,2760,0.026121996,-0.25605485,1.0,B09XYMSZLL
pca,5000,2761,0.022355966,-0.016202219,1.0,B00NH13YHK
pca,5000,2762,-0.25981137,0.01356741,5.0,B002RB3DUE
pca,5000,2763,-0.107217714,0.12645948,5.0,B000GKD5PQ
pca,5000,2764,-0.0049757846,0.11843835,5.0,B087Z5WDJ2
pca,5000,2765,0.037552293,0.06324719,5.0,B08H1VGMCT
pca,5000,2766,0.14915422,0.0017554834,2.0,B0BCFFR6TD
pca,5000,2767,0.028668033,-0.07692982,5.0,B09277SKTV
pca,5000,2768,-0.14345677,0.24105924,5.0,B003NR57BY
pca,5000,2769,0.1283267,0.108867556,5.0,B00009R8WQ
pca,5000,2770,0.02805236,-0.08980641,2.0,B09VS4V18K
pca,5000,2771,-0.30793813,-0.06775925,5.0,B07V48GCZ7
pca,5000,2772,0.0037469752,0.1376672,5.0,B07GSQR6D4
pca,5000,2773,0.018127348,-0.08992,5.0,B004WEP94C
pca,5000,2774,-0.23697466,-0.15282497,5.0,B074F246M9
pca,5000,2775,0.12736623,0.059031364,5.0,B00LZSA736
pca,5000,2776,-0.34915817,-0.043055445,1.0,B08ZDF3WT3
pca,5000,2777,-0.45046255,-0.03491456,5.0,B01C6ESQM6
pca,5000,2778,0.11715372,-0.035701513,2.0,B0C5LYQL9L
pca,5000,2779,0.009609992,-0.04678484,5.0,B015YEI8JG
pca,5000,2780,0.087849915,-0.06866366,5.0,B01NC0XJQW
pca,5000,2781,0.057693996,0.03747489,5.0,B00G6E6YVI
pca,5000,2782,0.19589566,0.21584228,5.0,B00J63LFTW
pca,5000,2783,-0.063916415,-0.012208808,5.0,B003O3E588
pca,5000,2784,-0.27166188,-0.12205817,5.0,B06XYGK2NZ
pca,5000,2785,-0.47074458,0.108607605,2.0,B014W3EJA2
pca,5000,2786,0.076110065,-0.19752546,5.0,B00E5TQ3OY
pca,5000,2787,0.118469015,0.20377205,5.0,B00KT7DOSE
pca,5000,2788,0.053590387,0.07299556,5.0,B018AX3OHO
pca,5000,2789,0.18480149,0.21651864,4.0,B0792GSLTF
pca,5000,2790,0.016499603,0.08653183,4.0,B0083UXMFO
pca,5000,2791,-0.23121184,-0.11837654,3.0,B005JBWX46
pca,5000,2792,-0.16189545,-0.15640807,5.0,B00108UNEY
pca,5000,2793,-0.034462456,0.20718153,5.0,B003NR57BY
pca,5000,2794,0.011120457,0.1577151,4.0,B00BCHHZGW
pca,5000,2795,-0.041187864,-0.029507779,4.0,B07BN3MLNR
pca,5000,2796,-0.026553866,-0.2627608,2.0,B005DIBHCE
pca,5000,2797,-0.433393,0.14723778,5.0,B07CQMZVZ6
pca,5000,2798,-0.075017184,0.13443758,5.0,B07D1XGQHJ
pca,5000,2799,-0.29517606,-0.0085224565,5.0,B0019EHU8G
pca,5000,2800,0.06522572,-0.09869227,5.0,B0051E3BYM
pca,5000,2801,0.029708646,-0.003484901,4.0,B00DI12GSM
pca,5000,2802,0.20389548,0.2179077,5.0,B004I1J80K
pca,5000,2803,-0.11746529,-0.15608487,5.0,B000N815XU
pca,5000,2804,0.14920399,0.054404195,5.0,B0B2KFXVGS
pca,5000,2805,-0.100090146,0.1655859,5.0,B01F9RGWF0
pca,5000,2806,-0.08372173,0.010868978,5.0,B07CHJ1SLT
pca,5000,2807,0.21478099,0.11133121,2.0,B01MTYGQ11
pca,5000,2808,0.05377364,-0.21235466,5.0,B08BDRBYHC
pca,5000,2809,0.13561502,-0.24145086,5.0,B0C5YKWC5N
pca,5000,2810,0.22532763,-0.0705108,5.0,B08D8KG472
pca,5000,2811,0.22964008,-0.29484773,5.0,B07Q39HCK1
pca,5000,2812,-0.24183068,0.10546979,5.0,B09WWG19YS
pca,5000,2813,0.052225515,0.007523045,5.0,B009AEYBYI
pca,5000,2814,0.28270578,0.20966855,5.0,B01E3TOP5Y
pca,5000,2815,-0.13049346,-0.13595809,5.0,B07K7GQTSB
pca,5000,2816,0.04890973,0.06881572,5.0,B08XYKH44H
pca,5000,2817,-0.02972481,-0.09816241,5.0,B01M4NU4OM
pca,5000,2818,0.091551974,-0.080593854,5.0,B00EO96W2I
pca,5000,2819,0.00023046881,-0.342151,5.0,B00SO25G0K
pca,5000,2820,0.13140276,-0.11809941,5.0,B07GRWNQ4M
pca,5000,2821,0.081971705,-0.022507407,3.0,B08Y85SYG4
pca,5000,2822,-0.2483429,-0.17091194,5.0,B00QUG4XL0
pca,5000,2823,0.13951257,-0.273707,5.0,B07P374FF3
pca,5000,2824,0.2518064,0.35155252,5.0,B07YZ7SQKL
pca,5000,2825,-0.18922834,-0.26487914,5.0,B08F9ZCTCL
pca,5000,2826,-0.39383933,0.14098392,3.0,B0BL78QGLK
pca,5000,2827,-0.33279198,0.01090062,5.0,B07NXDPLJ9
pca,5000,2828,0.2549579,0.33239704,5.0,B07TVWZM5B
pca,5000,2829,-0.00518528,-0.013970243,3.0,B07Q5R22DV
pca,5000,2830,-0.3486076,0.24493068,5.0,B089B4CFSC
pca,5000,2831,-0.42067432,0.023430504,4.0,B09JQMJHXY
pca,5000,2832,0.11349331,-0.107431635,5.0,B09KXJBNGN
pca,5000,2833,-0.3201968,-0.00309957,5.0,B0BJQ8TH85
pca,5000,2834,0.050385386,0.034179065,5.0,B01N5XPZ49
pca,5000,2835,-0.43775806,-0.16578972,2.0,B07X3WB7D8
pca,5000,2836,0.10193377,-0.19774902,5.0,B07ZZVX1F2
pca,5000,2837,-0.44942817,0.12862624,5.0,B08K2S5B88
pca,5000,2838,0.07792981,-0.4150962,4.0,B005EVDRZA
pca,5000,2839,0.2845492,-0.3339888,4.0,B08ZSBSJHY
pca,5000,2840,0.052224398,0.014700342,3.0,B005GYK6MW
pca,5000,2841,-0.0065336637,-0.12353113,5.0,B07YZPVQXT
pca,5000,2842,-0.2630407,0.073458806,5.0,B09BYXSPTP
pca,5000,2843,0.0801997,-0.21508886,5.0,B0BJPV4RXY
pca,5000,2844,0.008772448,-0.14931503,1.0,B07CTX3KWG
pca,5000,2845,-0.47282383,0.08990742,5.0,B09F3RBZB6
pca,5000,2846,-0.028442774,-0.0040186327,5.0,B09Q7YPZPJ
pca,5000,2847,0.010056671,-0.12027627,5.0,B08RLW7918
pca,5000,2848,0.07545976,-0.04745598,4.0,B0BL3B12HK
pca,5000,2849,0.26481485,-0.009006554,1.0,B00DR0BOSC
pca,5000,2850,0.10737592,-0.14232229,5.0,B09TZKM847
pca,5000,2851,0.26579684,0.43297502,3.0,B071XCBTY9
pca,5000,2852,-0.20555569,0.1675039,3.0,B00FGUSHSQ
pca,5000,2853,0.09296715,-0.13562068,1.0,B07324B77V
pca,5000,2854,0.20162635,-0.07060662,5.0,B08GKLM5T1
pca,5000,2855,-0.14062549,-0.18610112,3.0,B083Y4S579
pca,5000,2856,-0.055451225,0.1087428,5.0,B0BPHRQH8B
pca,5000,2857,0.20560093,-0.095111474,5.0,B09SKP8XQN
pca,5000,2858,0.1497129,0.24585637,5.0,B09WDCQ4TG
pca,5000,2859,0.24784517,0.30041966,4.0,B0B99KN5PN
pca,5000,2860,0.036719102,0.11270718,3.0,B08TRLHMGV
pca,5000,2861,0.24803767,0.35837924,5.0,B07X6SKXQG
pca,5000,2862,0.049138587,-0.06008152,5.0,B01BL7C5R6
pca,5000,2863,-0.016847625,-0.22596325,5.0,B082M34LGX
pca,5000,2864,-0.10834938,-0.038454376,5.0,B01DZZM7KM
pca,5000,2865,-0.2804424,-0.022118974,5.0,B0792K2BK6
pca,5000,2866,-0.1280007,-0.086859,5.0,B07GZFM1ZM
pca,5000,2867,0.2984135,-0.39103854,5.0,B00CX5P8FC
pca,5000,2868,-0.08337529,-0.23158915,5.0,B007JPCL88
pca,5000,2869,0.18467247,-0.044310037,4.0,B009XE050O
pca,5000,2870,0.24004082,-0.089394346,3.0,B073R6HLFL
pca,5000,2871,-0.1903767,-0.112987146,5.0,B004TU5MCS
pca,5000,2872,-0.0124419145,-0.18282393,5.0,B07ZQHT7YJ
pca,5000,2873,0.18882348,-0.37704617,5.0,B08KRC18S8
pca,5000,2874,-0.03439909,-0.13485032,5.0,B06XCBK7WB
pca,5000,2875,0.02419135,-0.0822559,5.0,B01B6FBG0K
pca,5000,2876,-0.113911,0.09195742,1.0,B01M3ULMWP
pca,5000,2877,0.26185957,0.4016781,5.0,B07YXTTD61
pca,5000,2878,0.22857894,-0.29581508,5.0,B07W36WN5X
pca,5000,2879,0.21649341,-0.24854909,5.0,B08GZ7N6M6
pca,5000,2880,-0.14549479,-0.23777087,5.0,B07KQ2TLXF
pca,5000,2881,0.14532289,0.11165132,1.0,B0B6D5X24N
pca,5000,2882,-0.019826118,-0.32829502,1.0,B094G3PS2W
pca,5000,2883,0.04429458,0.29615974,4.0,B0C65PM6LG
pca,5000,2884,-0.06993252,0.12997583,4.0,B077C6VSS1
pca,5000,2885,-0.015857179,0.06680973,5.0,B00XWIX5MW
pca,5000,2886,0.055979602,0.24992293,4.0,B00G8MMQI8
pca,5000,2887,0.1342161,0.23953414,2.0,B001E25JMM
pca,5000,2888,0.27417493,-0.29532078,5.0,B06XF6BJ3L
pca,5000,2889,0.33717766,-0.14300546,5.0,B07NP2DPP7
pca,5000,2890,0.18226004,-0.15690914,5.0,B06XKF5CM9
pca,5000,2891,0.115163386,-0.040799335,3.0,B00YLM3WB2
pca,5000,2892,0.014000606,-0.005136559,2.0,B00821B9B8
pca,5000,2893,0.066591725,-0.1525777,5.0,B01HZ7FJ0G
pca,5000,2894,0.26961938,0.51668197,5.0,B09JSS2WYC
pca,5000,2895,-0.28318632,-0.00018824264,5.0,B094YFRL85
pca,5000,2896,-0.18110196,-0.068754554,3.0,B084PCDJT5
pca,5000,2897,-0.26395696,0.18501592,5.0,B01HB18J0I
pca,5000,2898,-0.42095327,0.059365828,3.0,B01C423L5M
pca,5000,2899,-0.14880843,-0.15047944,5.0,B0110RZ0A6
pca,5000,2900,0.23175322,0.046877455,3.0,B001F42MKG
pca,5000,2901,0.12557603,0.21186821,3.0,B00A3EIHQC
pca,5000,2902,0.16458777,0.2314494,5.0,B07KX1668K
pca,5000,2903,0.08535075,0.059501868,3.0,B01HUMI33Q
pca,5000,2904,0.2789387,0.5188696,3.0,B01GC6MOOA
pca,5000,2905,0.06387506,0.11363599,3.0,B07KS9K73R
pca,5000,2906,-0.014563978,-0.06985121,2.0,B001TUYTWA
pca,5000,2907,0.31500092,0.21173105,5.0,B01LXL7BUI
pca,5000,2908,0.045150507,0.099963576,1.0,B0C9DBV55F
pca,5000,2909,-0.20656526,-0.09035563,1.0,B076JL8YH3
pca,5000,2910,-0.25241134,0.04018082,4.0,B094Z5DQJ5
pca,5000,2911,-0.39260134,0.006398339,4.0,B0BWYJDBYQ
pca,5000,2912,-0.08580409,-0.13377018,3.0,B01CW4AR9K
pca,5000,2913,0.13694227,-0.13300417,5.0,B01LXG2LJQ
pca,5000,2914,0.2845492,-0.3339888,5.0,B079SCW1X8
pca,5000,2915,-0.07557888,-0.2231212,1.0,B0864SF4GC
pca,5000,2916,-0.06529856,0.0033188611,1.0,B0B39F2QC6
pca,5000,2917,0.07267795,-0.074030474,1.0,B07QC4WTNC
pca,5000,2918,0.048783157,-0.18750942,1.0,B07RQ3SWKY
pca,5000,2919,-0.095098436,0.06433061,1.0,B0BTT1Z16D
pca,5000,2920,-0.28222737,0.07677923,1.0,B08XPWDSWW
pca,5000,2921,0.20062868,-0.2715606,5.0,B08ZXR6BB2
pca,5000,2922,-0.07525939,-0.1762459,1.0,B07W14ZBWP
pca,5000,2923,0.0121938735,-0.10322893,1.0,B07Y84NDYQ
pca,5000,2924,0.04439286,-0.28320274,1.0,B073HR91MX
pca,5000,2925,0.12524898,-0.20106772,1.0,B01MZG8DHI
pca,5000,2926,0.23666008,-0.20175478,1.0,B07RN77YL6
pca,5000,2927,0.0908679,-0.28071988,1.0,B07SKFQQ48
pca,5000,2928,-0.047594894,-0.02795218,5.0,B07S8NFZCX
pca,5000,2929,-0.21892998,-0.22348192,1.0,B07GZFM1ZM
pca,5000,2930,-0.111660406,-0.17088959,1.0,B07456BG8N
pca,5000,2931,-0.0012294762,0.055251945,1.0,B01MTOSEFH
pca,5000,2932,0.107171044,-0.15413202,1.0,B010UR6JUM
pca,5000,2933,-0.1792091,-0.119188845,1.0,B01KSTSV76
pca,5000,2934,0.010231692,-0.26037514,1.0,B00KOHS6UK
pca,5000,2935,0.11975597,-0.025736036,1.0,B00B0ZAPK4
pca,5000,2936,0.09591177,-0.14238851,1.0,B0105UYPJ6
pca,5000,2937,0.31435093,0.2231875,2.0,B07GK3LQVC
pca,5000,2938,-0.12592524,-0.20292695,1.0,B00MI7JU72
pca,5000,2939,0.032944206,-0.21026166,1.0,B01M05OZJT
pca,5000,2940,0.20283654,-0.25723165,1.0,B015E3FRY6
pca,5000,2941,0.012994561,-0.23048173,1.0,B00ZVJAF9G
pca,5000,2942,0.043544337,-0.32603762,5.0,B00E362W9O
pca,5000,2943,-0.12273234,-0.14040735,1.0,B0090BTY8Y
pca,5000,2944,-0.036530893,-0.15212527,5.0,B092DD5L2V
pca,5000,2945,-0.07656598,-0.11674397,5.0,B075X8471B
pca,5000,2946,-0.31823012,0.018147461,5.0,B08V47HYBW
pca,5000,2947,0.045304894,0.091506585,5.0,B01K1IO3QW
pca,5000,2948,0.14152022,-0.06546515,5.0,B00OQVZDJM
pca,5000,2949,0.022220213,0.120541126,5.0,B005FUKLHM
pca,5000,2950,-0.2165899,-0.11473781,5.0,B000MXWSYQ
pca,5000,2951,-0.08379553,-0.06382843,5.0,B0097BEEF0
pca,5000,2952,0.10760835,-0.1419048,5.0,B097QW23XR
pca,5000,2953,0.18254745,-0.17800896,5.0,B0BRP2V3P1
pca,5000,2954,-0.10701764,0.34034982,5.0,B0BNL1V25R
pca,5000,2955,0.088339195,-0.0018530786,1.0,B0BJVBTZ4K
pca,5000,2956,-0.14098945,0.12660114,5.0,B0B55P1FXW
pca,5000,2957,-0.23927727,0.15039283,5.0,B01FJCSOGK
pca,5000,2958,-0.20495024,0.12745418,5.0,B09L75PVXT
pca,5000,2959,-0.2254667,0.07789078,5.0,B0B49LT7BT
pca,5000,2960,-0.23213446,0.2379936,5.0,B0BGB66N4G
pca,5000,2961,0.27621973,0.43320405,5.0,B094X7HC69
pca,5000,2962,-0.08424181,0.27694708,5.0,B088KDKNWM
pca,5000,2963,-0.11353536,-0.100126356,5.0,B0846MH1CJ
pca,5000,2964,-0.2918192,0.11798459,5.0,B07X5NM5BP
pca,5000,2965,-0.08970222,0.23545521,5.0,B07ZWTMNDP
pca,5000,2966,-0.4422191,-0.03705689,1.0,B07X23N387
pca,5000,2967,0.24914932,0.33868387,4.0,B07T64VJQT
pca,5000,2968,-0.21226245,0.057739805,5.0,B07DQQPF1T
pca,5000,2969,-0.03133243,-0.041660793,5.0,B07JD4C1LS
pca,5000,2970,-0.008686606,0.18074492,5.0,B07GJPFR6L
pca,5000,2971,0.1603512,0.04355706,5.0,B07JVN1MSN
pca,5000,2972,0.18544593,0.103877574,5.0,B0BC2STR39
pca,5000,2973,0.068894185,-0.018103428,4.0,B07HQ9GCMY
pca,5000,2974,-0.11594677,0.05336577,5.0,B071HN7FB4
pca,5000,2975,-0.29044425,0.009337954,4.0,B0783QYFK2
pca,5000,2976,-0.23899782,0.08810368,5.0,B06XFTNSCT
pca,5000,2977,-0.40488297,0.11398026,4.0,B06XF9DTSJ
pca,5000,2978,0.21694541,0.5093615,5.0,B071W8TY6H
pca,5000,2979,-0.12968045,-0.15556622,5.0,B0754KJQZ4
pca,5000,2980,-0.42044005,0.30553648,5.0,B09TWYBW14
pca,5000,2981,0.1550256,0.28386766,4.0,B083G9MW65
pca,5000,2982,-0.0876711,0.16792929,5.0,B06WD61CF5
pca,5000,2983,-0.0045678876,0.037667844,5.0,B01JNKT0RG
pca,5000,2984,0.031700544,0.18290253,4.0,B01GE9R0J4
pca,5000,2985,-0.016477011,-0.14843594,5.0,B0B1S5LBRQ
pca,5000,2986,0.007557567,0.11669405,5.0,B01F3R9DP2
pca,5000,2987,-0.47285506,0.12137702,3.0,B01H7HQ71E
pca,5000,2988,-0.5003658,0.23374969,3.0,B011A49BYA
pca,5000,2989,0.07119088,0.114510685,4.0,B01AZC3RCK
pca,5000,2990,-0.09358746,-0.010833876,3.0,B015XK1O6K
pca,5000,2991,-0.031341452,-0.060317755,4.0,B017AED6TA
pca,5000,2992,0.08531058,-0.025280988,2.0,B013SKI49W
pca,5000,2993,-0.34951898,0.11266503,3.0,B00FO0IHMY
pca,5000,2994,-0.043969896,-0.06354174,2.0,B00BK0YRZS
pca,5000,2995,0.241056,0.40720052,5.0,B00NWE9ZNE
pca,5000,2996,0.022348925,0.20406245,4.0,B00CF7M7RA
pca,5000,2997,0.28005788,0.51545995,4.0,B00JAZGUBE
pca,5000,2998,0.23633856,0.46215513,5.0,B008HY8XTG
pca,5000,2999,0.16540869,0.38948917,3.0,B002L6NG0W
pca,5000,3000,0.2555989,0.41545093,5.0,B005X64OT4
pca,5000,3001,-0.3829614,0.050641116,4.0,B0042X8XJ6
pca,5000,3002,-0.32583576,0.0027949177,4.0,B002RL8J8K
pca,5000,3003,-0.009062447,-0.28047478,5.0,B089B6LTLV
pca,5000,3004,0.16548322,0.07894905,5.0,B08LD5BTLJ
pca,5000,3005,0.18041241,0.119599685,4.0,B07R8C7LS1
pca,5000,3006,0.015436379,0.08558999,2.0,B0BVY4JVNG
pca,5000,3007,0.22693907,-0.10827154,5.0,B07GWGGZLQ
pca,5000,3008,0.09429757,-0.2596106,5.0,B075ZQXB26
pca,5000,3009,0.008364361,-0.04506167,5.0,B07GZFM1ZM
pca,5000,3010,0.109887734,0.020251911,5.0,B07P5GM4Z2
pca,5000,3011,0.18510768,-0.19330671,5.0,B07PC1DGYY
pca,5000,3012,0.14143513,-0.15142722,5.0,B00KCZSLHC
pca,5000,3013,0.22800685,0.38302124,5.0,B01JOOM9GK
pca,5000,3014,-0.32054007,0.10993503,5.0,B00009W3FR
pca,5000,3015,0.07770984,-0.19491945,3.0,B07DC4RZPY
pca,5000,3016,0.11239505,0.034669343,1.0,B09NVQQCS1
pca,5000,3017,-0.070405185,0.046525773,5.0,B0BKR7WJK1
pca,5000,3018,0.07538937,-0.2209805,1.0,B07Q38RQG7
pca,5000,3019,-0.31938797,0.045206007,4.0,B019Y5OGNS
pca,5000,3020,-0.310626,0.18513349,4.0,B00KHA1ZTS
pca,5000,3021,0.20590323,0.15575112,5.0,B002C03AIA
pca,5000,3022,0.19680874,0.25166306,4.0,B004PBLR3O
pca,5000,3023,0.020649761,0.03271017,5.0,B074D5Z4P2
pca,5000,3024,-0.06260058,-0.102297634,1.0,B0002Q7I2U
pca,5000,3025,0.37087363,0.034709606,5.0,B008GGH4FY
pca,5000,3026,0.0038725212,0.1385268,5.0,B006GWO5WK
pca,5000,3027,-0.016567089,0.057234164,5.0,B009D7BJR4
pca,5000,3028,0.24832176,0.2589562,5.0,B0BZHJFFQ5
pca,5000,3029,0.1346552,0.20590177,5.0,B08VHZDMYC
pca,5000,3030,0.27039704,0.21380788,5.0,B06ZZY4VNW
pca,5000,3031,-0.021998044,0.16523892,5.0,1400501466
pca,5000,3032,0.1847047,0.15291812,4.0,B0BGP6X9NF
pca,5000,3033,0.19718671,0.33688653,5.0,B07DPDT6LC
pca,5000,3034,-0.012782019,-0.1328942,5.0,B0B285L64J
pca,5000,3035,0.027977075,0.020049218,5.0,B00IQXZXSW
pca,5000,3036,0.15789936,0.04306213,3.0,B00S5BNIX2
pca,5000,3037,-0.17111962,-0.0780605,5.0,B00CO07C5U
pca,5000,3038,0.1075068,0.13719085,5.0,B00AA9Q94C
pca,5000,3039,-0.1757469,0.09386195,3.0,B006C13X4Q
pca,5000,3040,0.2844087,0.10066207,5.0,B09PN77YZV
pca,5000,3041,0.16042691,-0.21624336,5.0,B000GABK8K
pca,5000,3042,-0.2480587,-0.119050846,5.0,B086ND88S1
pca,5000,3043,-0.3739333,-0.02839522,3.0,B079GPYJ3N
pca,5000,3044,0.13319722,-0.090335116,2.0,B07JPC1M9H
pca,5000,3045,0.20895524,-0.20460384,5.0,B07C64MGWQ
pca,5000,3046,0.03879184,-0.093424305,5.0,B07QQBVRVS
pca,5000,3047,-0.018579695,-0.20912127,4.0,B07D4734HR
pca,5000,3048,-0.24565396,-0.14245664,5.0,B07CT1X8V8
pca,5000,3049,0.21807067,-0.33588812,5.0,B07DNZZCPX
pca,5000,3050,0.038317174,-0.19497517,4.0,B07G5YXYFL
pca,5000,3051,0.11368181,-0.39443505,5.0,B001W26TIW
pca,5000,3052,-0.0792024,-0.21348207,5.0,B07DQF8LHL
pca,5000,3053,0.14634497,-0.10235444,2.0,B07FJGGWJL
pca,5000,3054,-0.2386032,-0.16970736,4.0,B01HL8LXQ8
pca,5000,3055,0.18868667,-0.44781682,5.0,B07DNSZPXG
pca,5000,3056,0.07187044,-0.21607463,5.0,B07TM7WR7G
pca,5000,3057,-0.02411675,-0.1635147,5.0,B07M93Z1NT
pca,5000,3058,0.21085186,-0.14042072,5.0,B07MV5B9XC
pca,5000,3059,-0.073196664,-0.023662925,5.0,B07CHLYDJP
pca,5000,3060,0.21653323,-0.09588502,2.0,B07KHZ3GMS
pca,5000,3061,0.1570586,-0.12638837,2.0,B0C19LF9N1
pca,5000,3062,-0.26138932,-0.07401699,5.0,B01NAYSJZP
pca,5000,3063,0.026489604,-0.17936632,5.0,B079TSTB5V
pca,5000,3064,0.18879355,0.17551312,1.0,B09NKWBQHD
pca,5000,3065,0.26284426,-0.29963988,5.0,B01DRV2AS8
pca,5000,3066,0.22369103,-0.33809102,5.0,B00FZ1ABQM
pca,5000,3067,0.18227108,-0.25281247,5.0,B00F5JV4NS
pca,5000,3068,0.109348655,-0.12545227,5.0,B071K5BQPF
pca,5000,3069,0.07344344,-0.149968,5.0,B0791TX5P5
pca,5000,3070,0.17643516,-0.19408438,4.0,B07G4B7RKG
pca,5000,3071,0.26895878,-0.0017821714,3.0,B0B4274T5Q
pca,5000,3072,-0.08609447,-0.06601208,1.0,B08F6GPRH6
pca,5000,3073,0.01216303,0.076677844,2.0,B0C58WY192
pca,5000,3074,-0.025069606,0.041910138,2.0,B0C2P8Y25Y
pca,5000,3075,0.17052636,-0.10542755,3.0,B01K9HS4Q0
pca,5000,3076,0.039893147,-0.114803106,3.0,B01C8BZGKW
pca,5000,3077,0.1556284,-0.09335255,4.0,B001T9NVJI
pca,5000,3078,-0.20179196,-0.24259156,5.0,B00WUQ91YI
pca,5000,3079,0.031361993,-0.07122168,5.0,B00WUR607I
pca,5000,3080,-0.16992675,-0.2059385,4.0,B005NAQU1A
pca,5000,3081,0.05732973,-0.02795276,1.0,B001PUSERA
pca,5000,3082,-0.23044309,-0.22276865,5.0,B07S9THRC5
pca,5000,3083,0.05674859,0.019141383,5.0,B0BX8DMYWL
pca,5000,3084,-0.10402273,-0.057441395,5.0,B07H65KP63
pca,5000,3085,-0.10108437,0.11717455,5.0,B0BC86L9C1
pca,5000,3086,-0.1599537,0.060657773,5.0,B0BVB9MRK1
pca,5000,3087,-0.27263725,-0.13993986,2.0,B071GQM5VF
pca,5000,3088,-0.03341161,-0.10673994,5.0,B01K8B8YA8
pca,5000,3089,0.043353323,-0.11541644,5.0,B0B4SWZTZ1
pca,5000,3090,0.05260273,-0.21496348,5.0,B07CLBNM1C
pca,5000,3091,-0.12503476,0.048738334,3.0,B09PFQ4H5T
pca,5000,3092,0.005714271,0.10323742,5.0,B092PWBV1D
pca,5000,3093,0.18699238,0.12085484,5.0,B0C5XFWQ16
pca,5000,3094,0.2578864,0.08728561,5.0,B09TND753D
pca,5000,3095,0.37297982,0.34556314,5.0,B07QG7FS3S
pca,5000,3096,0.13990815,0.103964016,5.0,B07T3KCQ94
pca,5000,3097,-0.10893887,-0.22171351,3.0,B08FC1KJ8Z
pca,5000,3098,-0.028107721,0.051703837,5.0,B09G2SFXSZ
pca,5000,3099,-0.17868243,0.17380288,5.0,B08D8PC712
pca,5000,3100,0.16943155,-0.22162023,5.0,B07RR5WZCR
pca,5000,3101,0.13011956,-0.11105162,5.0,B0BC89JP1P
pca,5000,3102,-0.07519904,-0.040336505,5.0,B017LSIXDE
pca,5000,3103,-0.47254834,-0.10350305,5.0,B0B59QBY9G
pca,5000,3104,0.018608361,-0.1935542,5.0,B01A0MTS3W
pca,5000,3105,-0.14637896,-0.04203012,5.0,B08MRTZWJ5
pca,5000,3106,-0.050673503,0.108311206,5.0,B07GLXY253
pca,5000,3107,-0.09572846,0.1462417,5.0,B07H3W1FD8
pca,5000,3108,-0.23540676,-0.05531972,5.0,B075K7JXFQ
pca,5000,3109,0.04757196,-0.26332015,5.0,B0B46FYQVX
pca,5000,3110,-0.16625586,-0.053659543,5.0,B07799Z6F4
pca,5000,3111,0.06676129,-0.10954183,5.0,B006WG5628
pca,5000,3112,-0.15623857,-0.1446993,5.0,B074W4N5HZ
pca,5000,3113,0.08313347,0.046938088,5.0,B08X2DCF2B
pca,5000,3114,0.01606206,0.06596129,5.0,B01L3YMW8O
pca,5000,3115,0.10954113,0.1795397,5.0,B00ZN07GBS
pca,5000,3116,0.15810674,-0.07203756,5.0,B00UBNCLGC
pca,5000,3117,-0.021281857,-0.22484832,5.0,B00MW5Y7F0
pca,5000,3118,0.18907286,-0.20271602,5.0,B08MV8WRJZ
pca,5000,3119,0.18265308,-0.25142515,5.0,B01K5W753C
pca,5000,3120,0.013309024,-0.087746516,1.0,B075QC3TZY
pca,5000,3121,-0.18278883,-0.08702144,2.0,B071JN93MK
pca,5000,3122,0.2925022,-0.16485296,5.0,B08YMVB98D
pca,5000,3123,0.31020653,0.25801814,5.0,B0765VCQF1
pca,5000,3124,0.16056621,-0.11119382,5.0,B089F9YDFC
pca,5000,3125,0.09697023,-0.3341697,5.0,B08KZ1TZYB
pca,5000,3126,0.09327213,-0.054707356,2.0,B08N5DB78L
pca,5000,3127,0.12988879,-0.087903574,5.0,B0BWQ2D1YL
pca,5000,3128,0.14251861,-0.09872836,5.0,B0BWVDRR6L
pca,5000,3129,0.16232814,-0.20963275,5.0,B07CLBNM1C
pca,5000,3130,-0.34728423,-0.06727721,5.0,B0BM8P66Y5
pca,5000,3131,0.18209238,-0.26835528,5.0,B000WBN7KW
pca,5000,3132,0.18209238,-0.26835528,5.0,B0B6D4W3R7
pca,5000,3133,0.19133726,-0.24115014,5.0,B08HVMVP91
pca,5000,3134,-0.30415693,0.15347858,1.0,B08VWZRB92
pca,5000,3135,0.3369797,-0.07772095,5.0,B0722RV8BD
pca,5000,3136,-0.1702391,-0.021746598,4.0,B00HEGP40E
pca,5000,3137,0.025292877,0.058953505,5.0,B008422IL0
pca,5000,3138,-0.021734022,0.0427399,4.0,B002YK5OX2
pca,5000,3139,0.07786152,0.040281314,5.0,B000UXDHNY
pca,5000,3140,-0.25406656,-0.11854665,1.0,B0BRKGDT42
pca,5000,3141,0.14571722,0.060161818,5.0,B0933BVK6T
pca,5000,3142,-0.015913412,-0.122157335,5.0,B0C3NMZ2C7
pca,5000,3143,0.27268013,0.4183391,5.0,B08HGHSZ8N
pca,5000,3144,-0.27262583,-0.17705242,1.0,B092LS2DW9
pca,5000,3145,0.016669868,0.004718419,5.0,B0B751K1LV
pca,5000,3146,0.26141798,0.20245795,5.0,B09W8XTYK3
pca,5000,3147,0.10765034,0.12121658,5.0,B01N0QQ962
pca,5000,3148,-0.20656492,-0.056083087,2.0,B08YF1VBYD
pca,5000,3149,-0.14733616,-0.104774505,5.0,B07WNGQ8KR
pca,5000,3150,0.14012983,0.06877339,5.0,B01ITOFEX6
pca,5000,3151,-0.009462658,-0.044836834,4.0,B01BEWBQDM
pca,5000,3152,0.11288111,0.12132035,4.0,B01BRWH8G8
pca,5000,3153,0.19139053,0.30700794,5.0,B00FJ8JC3O
pca,5000,3154,0.14414926,-0.25590774,3.0,B00G8B4JXE
pca,5000,3155,0.27625954,-0.055460174,3.0,B00DR0B31U
pca,5000,3156,0.02835483,-0.10344818,1.0,B00D7QH9PS
pca,5000,3157,0.08464964,-0.20268936,4.0,B00BD8SZLE
pca,5000,3158,0.011571044,-0.20399067,4.0,B00E0ITM6G
pca,5000,3159,0.03178584,-0.16232057,4.0,B07Y69FKM2
pca,5000,3160,0.3650487,-0.1747268,5.0,B0C3HNDTW1
pca,5000,3161,0.291326,0.20503743,5.0,B07K3QSBW3
pca,5000,3162,-0.27837408,-0.06535911,5.0,B076Z6MS5S
pca,5000,3163,0.17620236,0.14550824,5.0,B07G33WLL1
pca,5000,3164,0.31114388,0.17148674,5.0,B082FBHMJV
pca,5000,3165,-0.31555575,0.21356745,4.0,B097MBW35T
pca,5000,3166,0.009866258,0.03749575,5.0,B01LEXSQV6
pca,5000,3167,-0.07991484,-0.09557237,5.0,B07RKYQGG4
pca,5000,3168,-0.0075924657,-0.14546901,4.0,B071V7SV6P
pca,5000,3169,-0.019600324,-0.1592324,1.0,B0C6JPB6N3
pca,5000,3170,0.07106558,0.043873783,2.0,B07DRX79RY
pca,5000,3171,0.13891412,-0.13341103,5.0,B01B4J8OJ4
pca,5000,3172,0.06689063,-0.32335654,3.0,B004S55GWK
pca,5000,3173,-0.01454043,-0.12054658,5.0,B0C16WKB95
pca,5000,3174,-0.1833016,-0.029558754,5.0,B082F13J55
pca,5000,3175,-0.24840227,-0.15550156,5.0,B07FKFMRGF
pca,5000,3176,0.033200335,0.08218385,5.0,B07FZVBRDW
pca,5000,3177,0.16492009,-0.02515141,5.0,B0B76XXRG6
pca,5000,3178,-0.16963224,-0.16298437,5.0,B0BKZQ9MYV
pca,5000,3179,0.069816366,-0.31197894,5.0,B09ZTXZ1MQ
pca,5000,3180,0.15641876,0.048263703,4.0,B01LZDH3IR
pca,5000,3181,0.15191291,-0.043896012,5.0,B0BPG4DHF7
pca,5000,3182,-0.24456868,0.2976948,5.0,B0C177TK5Y
pca,5000,3183,-0.24277356,0.2522417,5.0,B0C177TK5Y
pca,5000,3184,0.0616257,-0.014738971,4.0,B095HVX3Y2
pca,5000,3185,0.20699492,0.2245841,4.0,B09SZNN6Y3
pca,5000,3186,-0.09199777,-0.2394222,5.0,B08D6XRT7L
pca,5000,3187,-0.086883605,-0.07139403,5.0,B0B12M535K
pca,5000,3188,0.06294536,0.18550201,5.0,B07BD4HTM8
pca,5000,3189,-0.25838232,-0.054946057,5.0,B078N74NXD
pca,5000,3190,0.10584897,0.112247646,5.0,B076MJW31F
pca,5000,3191,0.21338123,0.34064662,4.0,B06ZZGPD4D
pca,5000,3192,-0.3137827,0.25756294,4.0,B076FBTHMD
pca,5000,3193,-0.44624475,0.12342556,5.0,B0778PCW73
pca,5000,3194,-0.35453084,0.19888961,5.0,B079MSMRDF
pca,5000,3195,-0.10536401,-0.06977901,5.0,B09BDZ5297
pca,5000,3196,0.16209464,0.26558122,5.0,B07RGNMCVM
pca,5000,3197,-0.24224904,-0.060299955,5.0,B072C77LPK
pca,5000,3198,-0.07426061,0.082509816,5.0,B09PQQ4LZB
pca,5000,3199,-0.13128735,0.1903917,5.0,B085SGR1TV
pca,5000,3200,-0.15435846,0.16569121,5.0,B085S9XQ1X
pca,5000,3201,-0.4294395,0.1440236,5.0,B089VT8KYF
pca,5000,3202,-0.0825617,-0.13256449,2.0,B0BV3NWX67
pca,5000,3203,-0.01183816,0.48651847,5.0,B07XS5W3BZ
pca,5000,3204,-0.14027493,0.15935542,5.0,B083R5QN26
pca,5000,3205,0.23169793,0.37823108,3.0,B08B3NKF9J
pca,5000,3206,-0.05019817,0.09470041,5.0,B083ZZ96PT
pca,5000,3207,-0.0762997,-0.006851446,1.0,B07FCTF698
pca,5000,3208,-0.09392445,0.16030107,3.0,B07V4GJDLN
pca,5000,3209,-0.13802981,0.06141914,5.0,B07CM5NZRC
pca,5000,3210,0.045921884,0.036532436,5.0,B07NQ9Q3QT
pca,5000,3211,0.25074288,0.3482938,5.0,B07ZZ595TG
pca,5000,3212,-0.11944741,-0.04707539,5.0,B0BRT3SCLX
pca,5000,3213,-0.3549582,0.023463245,5.0,B07QKZX6JS
pca,5000,3214,0.07020578,0.17568131,5.0,B07K72MW7K
pca,5000,3215,0.013023792,0.19315463,5.0,B07VLPLP27
pca,5000,3216,0.042624965,0.13314696,5.0,B07P5R2D42
pca,5000,3217,0.042624965,0.13314696,5.0,B08Q4PLP1Q
pca,5000,3218,-0.054696295,0.093211055,5.0,B09GFXT5LQ
pca,5000,3219,0.012990264,0.24032795,3.0,B07WZZXW7D
pca,5000,3220,-0.33252525,0.0015542023,3.0,B07DQYFCXM
pca,5000,3221,-0.09750457,0.34809023,5.0,B07XS83Y6N
pca,5000,3222,-0.036298316,0.044401523,5.0,B07QKPCWN5
pca,5000,3223,0.21611542,0.4295015,3.0,B07HCCGXZ6
pca,5000,3224,-0.2821369,-0.010827495,5.0,B07MLY3JKV
pca,5000,3225,-0.075770885,-0.034367792,5.0,B07STTXY55
pca,5000,3226,0.012795204,0.010220706,5.0,B07N7HWP59
pca,5000,3227,0.30604184,0.2823603,3.0,B07JHPZ7NY
pca,5000,3228,0.30069295,0.39738104,2.0,B07RPV215N
pca,5000,3229,0.026799254,0.11665091,5.0,B07JGSN975
pca,5000,3230,-0.274841,-0.057628073,5.0,B07KTYJ769
pca,5000,3231,-0.20647511,-0.112952664,3.0,B07FQDMKFT
pca,5000,3232,-0.101515144,0.17326027,5.0,B07DWD3NNP
pca,5000,3233,0.12334718,0.10321233,5.0,B07HP4QYKQ
pca,5000,3234,-0.1963957,0.17969014,5.0,B07JMFQTC5
pca,5000,3235,-0.06374499,-0.041785844,5.0,B07G3N7M78
pca,5000,3236,0.020662295,0.0098090805,4.0,B07B1B8W17
pca,5000,3237,-0.021868058,-0.062873505,1.0,B09PZ9MMQY
pca,5000,3238,-0.07414764,-0.10697316,3.0,B0762QT7S6
pca,5000,3239,-0.074811384,-0.10610023,5.0,B01DU67QZM
pca,5000,3240,-0.16739029,0.0697982,4.0,B075QC3TZY
pca,5000,3241,0.056270503,-0.01573323,5.0,B073VJVS79
pca,5000,3242,-0.22214669,-0.09610722,5.0,B06XJNDYX8
pca,5000,3243,0.023170663,0.014785394,5.0,B0BVH2C84P
pca,5000,3244,0.025688628,0.06537606,5.0,B098RJMJTW
pca,5000,3245,-0.16233669,-0.21281326,5.0,B07D19HKXB
pca,5000,3246,0.12125397,0.019485563,5.0,B078HH3Z92
pca,5000,3247,-0.46414408,0.21035494,3.0,B076K6QXF5
pca,5000,3248,0.09974074,0.039544206,5.0,B07BFTYT32
pca,5000,3249,-0.20632756,0.17294334,5.0,B076PMVZMR
pca,5000,3250,-0.008184224,0.15385081,5.0,B07CY79CKZ
pca,5000,3251,-0.08616136,0.08732721,5.0,B078JWNK19
pca,5000,3252,-0.396066,0.09940341,3.0,B076WTK9T8
pca,5000,3253,0.046526916,0.11525291,5.0,B01MZC303G
pca,5000,3254,-0.11092684,0.005292263,5.0,B077HD38VF
pca,5000,3255,-0.20628871,0.039696027,5.0,B078N74NXD
pca,5000,3256,-0.068988636,0.44417998,5.0,B07BWMNQTY
pca,5000,3257,-0.08238083,0.13240632,3.0,B0B7N8S4T5
pca,5000,3258,-0.38907963,-0.09063052,5.0,B07CJZ5YHS
pca,5000,3259,0.038594287,-0.0014368743,5.0,B01DZK3J40
pca,5000,3260,0.21383248,0.4486475,5.0,B071QWWPJY
pca,5000,3261,0.10456246,0.14807391,5.0,B084Y41WCL
pca,5000,3262,-0.3402828,-0.034682117,5.0,B0BSDQJCWP
pca,5000,3263,0.21127053,0.22091207,5.0,B071FQFSR2
pca,5000,3264,0.23316014,0.2686957,5.0,B07F9CQK4V
pca,5000,3265,0.24974902,0.27807197,2.0,B00ZTRYG3Q
pca,5000,3266,-0.11951004,0.19020225,5.0,B01NCUV35P
pca,5000,3267,0.0809793,-0.083196625,5.0,B06WP2Y7B4
pca,5000,3268,-0.00021211058,0.16121888,5.0,B00JROCJY0
pca,5000,3269,-0.14192033,0.023668375,5.0,B01EOQ61KI
pca,5000,3270,-0.14371741,0.1365051,3.0,B0163JVYEW
pca,5000,3271,-0.29362148,0.10371223,4.0,B0BG9GCSM4
pca,5000,3272,-0.077064246,0.18660544,5.0,B01HDC21FE
pca,5000,3273,-0.05430034,0.26186866,5.0,B017PDWTJY
pca,5000,3274,-0.100231126,0.05728103,5.0,B07WNYRQPT
pca,5000,3275,-0.10727191,0.05257337,5.0,B01B448PBG
pca,5000,3276,-0.10366298,0.09267828,5.0,B015OV4Z0A
pca,5000,3277,-0.15993874,-0.04009626,5.0,B01KICHFQQ
pca,5000,3278,-0.11607207,-0.023270112,5.0,B01GPAOJJG
pca,5000,3279,-0.04716411,0.1388437,4.0,B01DBOX9HW
pca,5000,3280,-0.1228489,-0.0032169782,4.0,B01CEAYWZW
pca,5000,3281,0.10249998,0.009217035,5.0,B07LBZNCPW
pca,5000,3282,0.26229414,0.54258835,3.0,B0182XHSVA
pca,5000,3283,0.029763628,-0.009139303,1.0,B012D4MMPG
pca,5000,3284,-0.05432644,0.11070497,5.0,B082JQM2NZ
pca,5000,3285,-0.024534468,0.104213044,5.0,B09J74RPGH
pca,5000,3286,0.25265685,0.31877065,5.0,B012VOOCR4
pca,5000,3287,-0.08728208,0.2089983,5.0,B00ZCFYT5K
pca,5000,3288,-0.018175855,0.036068838,5.0,B00TKFEPHA
pca,5000,3289,-0.47697678,0.19024378,5.0,B00ZBA3OSO
pca,5000,3290,0.10893732,0.06158742,5.0,B00R5VS6G2
pca,5000,3291,-0.14559154,-0.007131288,5.0,B099RZY28N
pca,5000,3292,-0.20062979,0.16646922,5.0,B00PAPMSLE
pca,5000,3293,-0.10823403,-0.032287482,5.0,B01EYGOOLQ
pca,5000,3294,-0.08801755,0.014802076,5.0,B00ON7AX3U
pca,5000,3295,0.2517958,0.17885195,5.0,B00IU7COAE
pca,5000,3296,0.2712681,0.30292022,3.0,B00LNTM2HG
pca,5000,3297,0.15754642,0.2760791,5.0,B00NGK92IM
pca,5000,3298,-0.35574368,0.06104159,5.0,B01AS57B0I
pca,5000,3299,-0.30705842,-0.031351786,5.0,B00LSYHLR2
pca,5000,3300,0.014636358,0.02391652,5.0,B00MBFPT3A
pca,5000,3301,-0.13854189,0.27822635,5.0,B00GV4UIVA
pca,5000,3302,0.20947833,0.18562502,5.0,B00FZ9SMVU
pca,5000,3303,0.14866881,0.22435611,4.0,B00EL8NIJC
pca,5000,3304,0.1672934,0.4563528,4.0,B00DQZT494
pca,5000,3305,0.18964411,0.26293728,5.0,B00DQZTS8Q
pca,5000,3306,0.19953527,0.38977337,4.0,B00DQZT0AC
pca,5000,3307,-0.19880293,-0.09174453,5.0,B00EXK14S0
pca,5000,3308,0.20287089,0.37352082,5.0,B071HQ3Z7C
pca,5000,3309,-0.09681761,0.05788302,4.0,B00AQRUW4Q
pca,5000,3310,0.21416621,0.42267522,5.0,B006422WSG
pca,5000,3311,0.25859025,0.37887052,5.0,B009WZRAQQ
pca,5000,3312,0.26602107,0.41905195,5.0,B008MF3OEY
pca,5000,3313,0.19148019,0.19292843,5.0,B008LURQ76
pca,5000,3314,0.28465232,0.42962742,5.0,B009X0167Y
pca,5000,3315,0.28140634,0.440174,5.0,B009X01C64
pca,5000,3316,0.17801778,0.41059098,2.0,B07C3PQHC7
pca,5000,3317,-0.009298284,0.31798267,5.0,B006GWO5WK
pca,5000,3318,0.17556792,0.36258513,3.0,B000CKVOOY
pca,5000,3319,0.06484861,0.37236175,5.0,B00G5D6ER4
pca,5000,3320,0.20937534,0.4185618,5.0,B006422BWS
pca,5000,3321,-0.024184998,0.35558772,4.0,B004YIZXEC
pca,5000,3322,0.19774547,0.4945093,4.0,B007MD2DJY
pca,5000,3323,0.19887088,0.34430018,2.0,B06XKCPK5W
pca,5000,3324,0.07422085,0.30463177,5.0,B005NESDDY
pca,5000,3325,0.16717914,0.1372222,5.0,B006N1TF7E
pca,5000,3326,-0.14530784,0.20432417,5.0,B004M8ST5O
pca,5000,3327,-0.33163336,0.32930118,5.0,B0054QNL38
pca,5000,3328,0.04847333,0.32475418,4.0,B07G98G3BV
pca,5000,3329,-0.29351175,-0.02692757,3.0,B07XG26541
pca,5000,3330,-0.11217748,0.012988232,5.0,B07WGPTZHR
pca,5000,3331,0.09490773,-0.019067548,5.0,B01HRVABD0
pca,5000,3332,-0.07061948,-0.11179417,5.0,B08WQ55H4Y
pca,5000,3333,0.16076201,0.052227776,5.0,B00CRQUKQ4
pca,5000,3334,0.24299338,0.16997635,5.0,B00C5H9QDI
pca,5000,3335,-0.29789704,-0.14866996,5.0,B00XI9QUOK
pca,5000,3336,0.29588506,-0.2137235,5.0,B009BKVYZK
pca,5000,3337,-0.20695908,-0.019594595,1.0,B08QTLS3R5
pca,5000,3338,-0.17836589,0.046633985,5.0,B08LG67VW3
pca,5000,3339,0.107492924,0.03940748,1.0,B07N8VFFNS
pca,5000,3340,-0.1584267,-0.004564911,1.0,B0BXL16HVK
pca,5000,3341,-0.18961675,-0.00016376004,1.0,B0CB11DLHG
pca,5000,3342,0.15242855,0.13005109,5.0,B09GJJK9ZY
pca,5000,3343,0.2519099,0.39132223,4.0,B09YVMS3B1
pca,5000,3344,0.10299465,-0.11846557,3.0,B013FC2FKM
pca,5000,3345,0.089310244,-0.1707487,5.0,B077QS9KHC
pca,5000,3346,-0.119025916,-0.053240992,1.0,B0BZ15FM42
pca,5000,3347,-0.00011664629,-0.009206915,4.0,B08ZKMJWJH
pca,5000,3348,-0.025939789,0.013221152,5.0,B075RD4SCC
pca,5000,3349,0.14033438,-0.05464731,1.0,B07Q3VM5PH
pca,5000,3350,0.05765178,0.07884066,5.0,B07HMMRBGQ
pca,5000,3351,0.04145928,-0.0021865815,5.0,B006R0VWSG
pca,5000,3352,0.1493838,0.3875083,5.0,B07DS5H8LY
pca,5000,3353,0.21738957,0.2160369,4.0,B00ZZ3C6QS
pca,5000,3354,0.23204607,0.18144025,5.0,B013JZCAZK
pca,5000,3355,-0.2592399,0.12924613,5.0,B018DOWITK
pca,5000,3356,0.016958434,0.14941838,5.0,B008FSAS06
pca,5000,3357,0.24120803,0.36447683,3.0,B09CTXCL6D
pca,5000,3358,0.08081822,0.14684828,5.0,B09L4X16B6
pca,5000,3359,-0.08596711,-0.036969434,3.0,B017WYDD1Y
pca,5000,3360,0.0024950057,0.15604174,5.0,B084KQMH6V
pca,5000,3361,0.039306443,0.014560569,5.0,B088MCTLM5
pca,5000,3362,0.035091277,0.10458699,5.0,B08J79T7CQ
pca,5000,3363,0.09091918,0.061786313,4.0,B0BSXSYLRF
pca,5000,3364,0.10516444,0.3358794,5.0,B010BWYDYA
pca,5000,3365,0.3356059,0.38545358,5.0,B0031MQMU6
pca,5000,3366,0.06296771,-0.009613764,5.0,B08LZKCGQ6
pca,5000,3367,-0.36108795,-0.0017679781,5.0,B09YDHLYRL
pca,5000,3368,-0.4101414,0.001959104,5.0,B0BBMSYX16
pca,5000,3369,-0.21975699,0.23067486,5.0,B01CD7J968
pca,5000,3370,-0.28489092,0.10139321,5.0,B0797CHKDJ
pca,5000,3371,0.08621155,0.2542122,5.0,B00K4PAP06
pca,5000,3372,0.21098763,0.40288812,4.0,B00DQZQ5T6
pca,5000,3373,0.11068702,0.19836062,5.0,B009NPLXGS
pca,5000,3374,0.103875846,0.41115925,4.0,B01C7HZ47M
pca,5000,3375,0.106557,0.34294143,2.0,B01522TOL6
pca,5000,3376,-0.19844995,0.044419017,4.0,B00CF030S2
pca,5000,3377,-0.13418628,0.18458325,5.0,B005VBNYDS
pca,5000,3378,-0.42815644,0.08139981,4.0,B00BLCLUQO
pca,5000,3379,0.16287392,0.29707697,3.0,B002VPE1WK
pca,5000,3380,-0.18194269,-0.03756927,4.0,B00187P1HQ
pca,5000,3381,-0.41033596,0.12341374,5.0,B007XOQI4S
pca,5000,3382,-0.44930503,0.25220233,4.0,B0065VKQ34
pca,5000,3383,-0.085207984,-0.14047039,1.0,B000CRFI8A
pca,5000,3384,0.02463243,-0.20687132,4.0,B0874YZVWK
pca,5000,3385,0.11309545,-0.3386725,5.0,B07Z9FFTG1
pca,5000,3386,0.04725851,-0.08851638,5.0,B09CPMSXHC
pca,5000,3387,0.14355105,-0.42667934,3.0,B09ZGWQ67Z
pca,5000,3388,0.14031544,-0.17206927,5.0,B09FSZRG9Y
pca,5000,3389,-0.049145345,-0.11990073,5.0,B09DPZ1578
pca,5000,3390,-0.018380623,-0.03590243,5.0,B0BLTJMQ3W
pca,5000,3391,-0.061939005,-0.223122,5.0,B09Y5GR45N
pca,5000,3392,0.024705049,-0.0151323695,5.0,B01N6SEXI5
pca,5000,3393,0.10893048,0.18160062,4.0,B07JKWH97B
pca,5000,3394,0.048028182,0.017882712,5.0,B084V9CJB1
pca,5000,3395,-0.4551115,0.1747471,5.0,B07ZNBZCW5
pca,5000,3396,-0.027181078,-0.024568293,5.0,B01NAVO5PF
pca,5000,3397,0.25268197,0.3900815,5.0,B07YFW6SKQ
pca,5000,3398,0.09104102,-0.307968,5.0,B00SFSU53G
pca,5000,3399,0.09899551,-0.22263494,4.0,B00K4QX99O
pca,5000,3400,-0.075459436,-0.22415918,4.0,B07324B77V
pca,5000,3401,-0.0901925,-0.03691137,5.0,B08MRTZWJ5
pca,5000,3402,0.0423823,-0.22141804,5.0,B01LH3DSB6
pca,5000,3403,0.23197815,-0.2903636,4.0,B008CQSDN0
pca,5000,3404,0.23197815,-0.2903636,3.0,B002AR5XIK
pca,5000,3405,0.1833623,-0.26180097,5.0,B000V3UX62
pca,5000,3406,0.23197815,-0.2903636,4.0,B00CE8DUYY
pca,5000,3407,0.23197815,-0.2903636,3.0,B0096PLB9O
pca,5000,3408,0.23197815,-0.2903636,4.0,B00BJH6A1Q
pca,5000,3409,0.10834405,-0.15391888,5.0,B00B0CQCCC
pca,5000,3410,0.23197815,-0.2903636,3.0,B00DSX557O
pca,5000,3411,0.1731547,-0.21660592,5.0,B00WY654TU
pca,5000,3412,0.0103307925,0.049372878,5.0,B008J0Z9TA
pca,5000,3413,-0.07478811,0.059048068,5.0,B0BXYXD1Q2
pca,5000,3414,-0.15103357,0.0010268055,5.0,B013EKI2DY
pca,5000,3415,0.07989137,0.20337175,3.0,B01AAZWQL0
pca,5000,3416,-0.015984267,-0.24520493,5.0,B08HRK6RT8
pca,5000,3417,0.22053486,0.08760576,5.0,B07LGVQ8TC
pca,5000,3418,0.017489089,0.019496173,5.0,B07V2P6H3Y
pca,5000,3419,-0.1388546,0.19977681,5.0,B07K8G9142
pca,5000,3420,0.099540554,0.008292567,5.0,B084DQY6TK
pca,5000,3421,-0.10046777,0.042090956,4.0,B08RLW7918
pca,5000,3422,0.24395663,-0.17732675,5.0,B0BC7QQXX5
pca,5000,3423,0.09074324,-0.1540519,5.0,B0791TX5P5
pca,5000,3424,0.04978102,0.2512328,2.0,B0741WGQ36
pca,5000,3425,0.07310863,0.19903864,5.0,B08J9NQ6CS
pca,5000,3426,-0.041589063,-0.06032077,5.0,B0083YCFIK
pca,5000,3427,0.12939568,0.25007752,5.0,B09VSZJHNV
pca,5000,3428,0.027321152,-0.112134635,5.0,B01EG5502W
pca,5000,3429,-0.053074975,0.07474099,3.0,B07JY97R2B
pca,5000,3430,-0.16894287,0.15716763,5.0,B01N4DUGHQ
pca,5000,3431,0.044802062,-0.092327714,5.0,B09MT8LK6Q
pca,5000,3432,0.23114036,0.0012852289,5.0,B01G2AJ5W0
pca,5000,3433,0.12506922,0.26826283,5.0,B00902SFC4
pca,5000,3434,0.07819617,0.08553897,5.0,B0086829D4
pca,5000,3435,0.19973274,0.45585895,2.0,B07B65Q3RC
pca,5000,3436,0.07301987,-0.14889695,5.0,B0875M44Y5
pca,5000,3437,0.039558433,0.005100772,5.0,B00MK24EUI
pca,5000,3438,0.08134572,0.07579702,5.0,B0928VH1XV
pca,5000,3439,0.20592983,0.44366747,3.0,B015QTOS0C
pca,5000,3440,0.28997454,0.37181738,5.0,B00L661Z6U
pca,5000,3441,0.005855825,-0.24698235,1.0,B000Q37TBY
pca,5000,3442,-0.20459244,-0.08531472,5.0,B079BZQ987
pca,5000,3443,-0.2874331,-0.10130137,2.0,B075X8471B
pca,5000,3444,0.039656296,0.00028276816,5.0,B0153CASRY
pca,5000,3445,-0.048454944,-0.009119835,5.0,B079Z981R2
pca,5000,3446,-0.24793813,-0.055472128,5.0,B007IPZDNO
pca,5000,3447,0.116267785,-0.23690113,5.0,B0001O04SS
pca,5000,3448,0.17799427,-0.030377323,5.0,B000BJSEQW
pca,5000,3449,-0.02871849,-0.033741966,3.0,B0001ZZ838
pca,5000,3450,0.34824264,-0.06000478,5.0,B000OUS3A0
pca,5000,3451,-0.012268938,-0.30789202,5.0,B002L6HE6E
pca,5000,3452,0.18851784,-0.1834413,5.0,B000P6MOG2
pca,5000,3453,-0.16181847,-0.20754676,5.0,B000065BP9
pca,5000,3454,-0.05211306,-0.045776527,5.0,B0BZ5KPQZK
pca,5000,3455,0.39473534,-0.095589295,5.0,B071L6FK53
pca,5000,3456,0.34533915,0.13864511,5.0,B00AX2DULQ
pca,5000,3457,0.24998796,-0.23842102,5.0,B00AX2DUQQ
pca,5000,3458,0.17136599,0.19363344,5.0,B010BWYDYA
pca,5000,3459,0.2343986,0.24861142,3.0,B06XPVC1BD
pca,5000,3460,-0.04342046,-0.33426544,1.0,B0BV3NWX67
pca,5000,3461,0.22585957,0.36663824,3.0,B08YNPQPR8
pca,5000,3462,0.022888873,-0.07821554,5.0,B07VDPY2RL
pca,5000,3463,-0.3029172,-0.16058026,4.0,B07MLY3JKV
pca,5000,3464,0.08290938,-0.23262836,1.0,B0887X4XSD
pca,5000,3465,-0.16082573,0.045896787,4.0,B08PQC7RKN
pca,5000,3466,-0.18592383,-0.08515132,5.0,B07KTYJ769
pca,5000,3467,-0.18103038,-0.16868462,5.0,B0792K2BK6
pca,5000,3468,0.30121988,0.26041436,5.0,B00WTPH5SO
pca,5000,3469,-0.3935972,-0.08018829,5.0,B098B43MXM
pca,5000,3470,-0.010286152,-0.08768129,5.0,B07H65KP63
pca,5000,3471,0.06441614,-0.02173465,5.0,B01M3ULMWP
pca,5000,3472,0.19586737,0.2696477,5.0,B0721MMN1M
pca,5000,3473,-0.038379665,-0.060551304,5.0,B0C21131CZ
pca,5000,3474,0.043000404,-0.031929836,5.0,B0B5LCZY7N
pca,5000,3475,-0.28908542,-0.028053422,5.0,B0BLTVYRCF
pca,5000,3476,-0.057754893,-0.098788485,5.0,B08QHPDHF9
pca,5000,3477,-0.31743312,-0.0835816,5.0,B0C5WN1QFK
pca,5000,3478,0.18141234,0.09757689,2.0,B082B4WPNS
pca,5000,3479,-0.43941677,-0.071394876,5.0,B07G7VT8KQ
pca,5000,3480,-0.25639513,0.093821034,5.0,B08PFW1S1V
pca,5000,3481,-0.35991758,-0.13585748,5.0,B0C5SBGRNJ
pca,5000,3482,-0.28438228,-0.06688905,5.0,B0BXWV8898
pca,5000,3483,-0.20932384,-0.075580105,5.0,B001EZYMF4
pca,5000,3484,-0.33544198,-0.14999394,5.0,B089NDQJSJ
pca,5000,3485,0.04302273,-0.104402095,5.0,B0BS2TMK39
pca,5000,3486,0.0674646,-0.074000284,5.0,B00TZAO9DK
pca,5000,3487,-0.32068285,0.017333906,5.0,B094YFRL85
pca,5000,3488,0.24196501,-0.06434114,5.0,B00RNGOHO4
pca,5000,3489,0.11316906,0.17564854,5.0,B01HCHVUOS
pca,5000,3490,-0.31874606,-0.10878666,4.0,B00ZVJAF9G
pca,5000,3491,-0.31485325,-0.07272443,5.0,B00B9B4IYI
pca,5000,3492,-0.44284686,-0.008203041,5.0,B001MPWMDA
pca,5000,3493,-0.17297798,-0.051915184,5.0,B001LOP874
pca,5000,3494,-0.09027158,0.051053543,5.0,B000EPHR0C
pca,5000,3495,0.12636018,0.0057235025,4.0,B000FARNN2
pca,5000,3496,0.27806407,-0.41121376,5.0,B07725JKKY
pca,5000,3497,0.18868667,-0.44781682,5.0,B0BMGZXST9
pca,5000,3498,0.2987139,-0.25808823,5.0,B08HPFJ6J1
pca,5000,3499,0.3181684,-0.07444152,5.0,B07PQJJMHD
pca,5000,3500,-0.36606348,0.18643895,3.0,B09F5PYV9J
pca,5000,3501,0.054408744,0.2974594,5.0,B081CDDL1P
pca,5000,3502,-0.2905839,0.07575582,4.0,B0BTLN9QH9
pca,5000,3503,-0.044977877,0.00998237,1.0,B00CRXZVGQ
pca,5000,3504,0.2845492,-0.3339888,5.0,B07L3RSM2L
pca,5000,3505,0.12178987,-0.11471398,5.0,B07K843CLB
pca,5000,3506,0.076223806,0.18296258,1.0,B00Y5IQ7HS
pca,5000,3507,-0.30098954,-0.10105039,1.0,B0BS1615YC
pca,5000,3508,0.1546541,-0.29511702,5.0,B01LYW41TH
pca,5000,3509,-0.04591581,-0.2010848,1.0,B07KQL6J9Q
pca,5000,3510,-0.43432227,-0.13957448,1.0,B07WWNNC1J
pca,5000,3511,-0.07241945,-0.12864597,2.0,B07GZFM1ZM
pca,5000,3512,0.041004267,0.20116374,4.0,B0B4X15PCR
pca,5000,3513,-0.16422933,0.28237855,4.0,B0BNT7YX1C
pca,5000,3514,-0.156981,-0.030338354,5.0,B0C493YD8M
pca,5000,3515,0.12707745,-0.04064288,5.0,B0BR3HFB4L
pca,5000,3516,0.34613824,0.1786793,5.0,B0BMLRK2HT
pca,5000,3517,-0.06101292,0.19160064,5.0,B0BWHHJQQ9
pca,5000,3518,-0.08895074,0.04563358,5.0,B0C9F57ZG8
pca,5000,3519,0.2606129,0.26274467,5.0,B0C461JPR5
pca,5000,3520,0.2006958,0.2170186,5.0,B0C65RMTNV
pca,5000,3521,0.19024277,0.28219458,5.0,B0BBZC1FTG
pca,5000,3522,0.01898857,-0.016929664,5.0,B0BM3581GL
pca,5000,3523,0.11623855,0.11535318,5.0,B0BT76ZMN9
pca,5000,3524,-0.075528026,0.003342431,5.0,B0BVB5R4HJ
pca,5000,3525,-0.046822052,0.382351,5.0,B0BGX92F3J
pca,5000,3526,0.017686883,-0.1415348,2.0,B0C1GNZZ1M
pca,5000,3527,-0.082469136,0.15789522,5.0,B0BM8TJY8S
pca,5000,3528,-0.040057164,0.06927709,4.0,B0BN4X5WG1
pca,5000,3529,-0.043775987,0.21786234,4.0,B0C1NFW1HT
pca,5000,3530,-0.03624806,0.054985587,4.0,B0BNWJN35V
pca,5000,3531,0.12125833,0.0070309825,5.0,B0BTNH4TQ9
pca,5000,3532,0.20200278,0.09509358,1.0,B0B6C7F94W
pca,5000,3533,0.121534675,0.02943689,2.0,B0CB1HY9P1
pca,5000,3534,0.102292255,0.21344776,4.0,B0C48XL8M7
pca,5000,3535,-0.24686599,0.09118071,4.0,B0BLVWK2BR
pca,5000,3536,-0.043580737,0.09920034,5.0,B0BF55ZD6Z
pca,5000,3537,0.1237745,0.11955097,2.0,B0BB6YT4ML
pca,5000,3538,0.007956985,0.08426839,3.0,B0BCWDGVTM
pca,5000,3539,-0.09446719,0.11223331,5.0,B0BND3RXWC
pca,5000,3540,0.02991588,0.060273055,5.0,B09M7RD84H
pca,5000,3541,0.047293004,0.24700123,2.0,B0BV5NRPM5
pca,5000,3542,-0.08571042,0.059878428,5.0,B0BBVMYMK9
pca,5000,3543,0.073970735,0.157908,2.0,B0B4RYZPFH
pca,5000,3544,0.07705678,0.27590987,3.0,B0BLCBHTZC
pca,5000,3545,0.06248992,0.015125241,4.0,B0B5GTGSTB
pca,5000,3546,-0.17457823,0.11136259,5.0,B0C2PVFRWV
pca,5000,3547,-0.25680295,0.18660842,4.0,B01I0VD8JA
pca,5000,3548,-0.30799174,0.16467497,5.0,B07RZRT1TF
pca,5000,3549,-0.20898245,0.07398185,5.0,B0142FEWD4
pca,5000,3550,0.011219528,-0.16712478,1.0,B0872FMZ82
pca,5000,3551,0.185336,-0.29181552,1.0,B0CD2GYCTB
pca,5000,3552,-0.17655638,0.045620356,5.0,B00JX6R9T2
pca,5000,3553,0.060845025,-0.11355546,5.0,B0090T8NL0
pca,5000,3554,0.19046937,-0.21743749,4.0,B07XXWZKBT
pca,5000,3555,0.19046937,-0.21743749,5.0,B0BRZFGB6R
pca,5000,3556,0.19046934,-0.21743754,3.0,B09VBWBHBC
pca,5000,3557,0.19046934,-0.21743754,5.0,B09GLQ2PFV
pca,5000,3558,0.19046934,-0.21743754,3.0,B084HM5WG1
pca,5000,3559,0.19046937,-0.21743749,4.0,B0B8CPMS4T
pca,5000,3560,0.19046934,-0.21743754,5.0,B07PHQ93TV
pca,5000,3561,0.19046937,-0.21743749,4.0,B08HPKB3H9
pca,5000,3562,0.19046937,-0.21743749,5.0,B09DCCW5XZ
pca,5000,3563,0.19046937,-0.21743749,4.0,B08KZKX21T
pca,5000,3564,0.19046937,-0.21743749,5.0,B09FLC43DP
pca,5000,3565,0.19046937,-0.21743749,4.0,B08F1P3BCC
pca,5000,3566,0.19046937,-0.21743749,5.0,B0876WPHJ9
pca,5000,3567,0.19046937,-0.21743749,5.0,B0BGPTTKVC
pca,5000,3568,0.19046934,-0.21743754,5.0,B09JF83P1H
pca,5000,3569,0.19046934,-0.21743754,5.0,B086V1Z43F
pca,5000,3570,0.19046934,-0.21743754,5.0,B07R4X3RTG
pca,5000,3571,0.19046934,-0.21743754,5.0,B0BXL7Y9ZB
pca,5000,3572,0.19046934,-0.21743754,5.0,B07FP8VLXS
pca,5000,3573,0.19046934,-0.21743754,4.0,B07JPCWW76
pca,5000,3574,0.19046934,-0.21743754,5.0,B0C6RGTGMW
pca,5000,3575,0.19046937,-0.21743749,5.0,B00BHM9Q0K
pca,5000,3576,0.19046937,-0.21743749,3.0,B089R3W3D6
pca,5000,3577,-0.009496085,-0.1445526,3.0,B074XLN4GS
pca,5000,3578,0.082620755,-0.20570564,5.0,B07KM2NR5K
pca,5000,3579,0.19046934,-0.21743754,5.0,B06W568Y6C
pca,5000,3580,0.12124659,-0.17832428,5.0,B07PS179D8
pca,5000,3581,0.19046934,-0.21743754,4.0,B01H5RHG9S
pca,5000,3582,0.19046934,-0.21743754,5.0,B099NY674N
pca,5000,3583,0.19046943,-0.21743749,5.0,B06X6BTQ8N
pca,5000,3584,0.19046934,-0.21743754,5.0,B0BN74ZJDK
pca,5000,3585,0.19046943,-0.21743749,5.0,B01LWPGB6C
pca,5000,3586,0.19046934,-0.21743754,4.0,B07PRC9KVY
pca,5000,3587,0.19046934,-0.21743754,5.0,B07QPTS1JQ
pca,5000,3588,0.19046937,-0.21743749,5.0,B0043T7FXE
pca,5000,3589,0.19046937,-0.21743749,5.0,B07QLSGMXC
pca,5000,3590,0.19046934,-0.21743754,5.0,B0C449B8FT
pca,5000,3591,-0.2657953,-0.01879604,5.0,B07HGJQCL9
pca,5000,3592,0.19723405,0.21664965,2.0,B07GZGXB27
pca,5000,3593,0.07188612,0.008275561,5.0,B004XD8KXE
pca,5000,3594,-0.2287206,-0.06726313,1.0,B0C7THZNCB
pca,5000,3595,0.22252598,0.41542175,5.0,B09L511K6J
pca,5000,3596,0.01686991,-0.15108536,5.0,B0BQ7F5QD3
pca,5000,3597,0.026223522,0.014054693,3.0,B08QV7TPDW
pca,5000,3598,0.26751354,0.49267438,5.0,B08SQ2XXX8
pca,5000,3599,0.20541838,0.44211003,3.0,B08TLZQXB1
pca,5000,3600,0.25987363,0.45669398,3.0,B08GFM3RG7
pca,5000,3601,0.2786637,0.28821883,4.0,B089F9YDFC
pca,5000,3602,0.02060769,0.18308456,2.0,B08NDVF9VG
pca,5000,3603,0.28962484,0.430016,2.0,B08NPX3B8M
pca,5000,3604,0.2926764,0.41359702,5.0,B08FJBNFWK
pca,5000,3605,0.2802462,0.3008818,4.0,B08B1W2LYL
pca,5000,3606,-0.18577865,0.09737939,2.0,B07MLVKBQM
pca,5000,3607,0.26397982,0.35535344,3.0,B08CBPH3MW
pca,5000,3608,0.24754092,0.08765648,4.0,B07WC81LRS
pca,5000,3609,0.08633311,0.099117756,4.0,B07G28NF3L
pca,5000,3610,0.2399354,0.439918,5.0,B06XRTFG29
pca,5000,3611,0.22330631,0.01829825,5.0,B09X5RHMRZ
pca,5000,3612,0.15316235,0.094670326,4.0,B09BP1LB8L
pca,5000,3613,-0.10146302,-0.12183246,2.0,B07PCQ3W1C
pca,5000,3614,-0.35622314,0.038994346,4.0,B0BGT3RRRR
pca,5000,3615,0.08616565,0.13580593,4.0,B07JGSN975
pca,5000,3616,-0.44205716,-0.085654855,2.0,B07D81YXPH
pca,5000,3617,0.2591039,0.4047564,3.0,B07J1GYCWC
pca,5000,3618,-0.027342174,-0.1919577,5.0,B0792LX8P5
pca,5000,3619,-0.17164853,0.15220723,5.0,B07DDLX3HC
pca,5000,3620,-0.086805224,0.23724574,5.0,B07DTJ7RV5
pca,5000,3621,0.23616476,0.3363455,5.0,B07Z3ZF5NG
pca,5000,3622,-0.054084387,0.04723915,5.0,B08YMVB98D
pca,5000,3623,0.0800668,0.23234361,4.0,B078WSWCWH
pca,5000,3624,0.05827515,0.12751767,4.0,B0771R6PFQ
pca,5000,3625,-0.18567665,0.2572302,5.0,B09YYX736L
pca,5000,3626,-0.14921151,-0.025800262,4.0,B0742RKNKP
pca,5000,3627,0.1853462,0.15347369,4.0,B08XD4N3K4
pca,5000,3628,0.043826085,0.30417177,4.0,B01D3NROZE
pca,5000,3629,-0.42285326,-0.019060813,3.0,B06X9FX834
pca,5000,3630,-0.42903277,-0.0063950885,4.0,B01N17AQ7U
pca,5000,3631,0.021040311,0.23357543,5.0,B07BLKHQK6
pca,5000,3632,-0.32155925,0.003515441,4.0,B01I095OO4
pca,5000,3633,0.11538619,0.008389313,1.0,B01N6JCWPI
pca,5000,3634,-0.12621535,0.10997839,2.0,B01A33NUH8
pca,5000,3635,0.22297336,0.32735172,5.0,B00Y0M32TK
pca,5000,3636,0.09458548,-0.024302013,2.0,B0167KVZTQ
pca,5000,3637,-0.309977,-0.19338453,2.0,B00ZXI2MJG
pca,5000,3638,-0.3520708,-0.01888812,4.0,B007ZG03DG
pca,5000,3639,-0.35990667,-0.043739155,4.0,B011IH6MBO
pca,5000,3640,-0.33854666,0.11224921,5.0,B013G6TMUS
pca,5000,3641,-0.46164522,0.18045591,4.0,B00JJVG08W
pca,5000,3642,-0.13920513,-0.051233508,5.0,B099RZY28N
pca,5000,3643,0.1953039,0.3355688,4.0,B00DVFLJKQ
pca,5000,3644,0.033871464,0.19546494,4.0,B00O0M750W
pca,5000,3645,0.22452143,0.30531952,3.0,B00OD37KZS
pca,5000,3646,-0.38837883,0.3391401,5.0,B00WUEKA2C
pca,5000,3647,-0.40544268,0.079129845,2.0,B00MPMK3GW
pca,5000,3648,0.13431025,0.07019068,5.0,B00IYOJD84
pca,5000,3649,-0.08039096,0.011852842,5.0,B000BNY64C
pca,5000,3650,-0.26566604,-0.25834098,3.0,B00DIFIM36
pca,5000,3651,-0.32933536,0.046639916,5.0,B0BYSP9676
pca,5000,3652,-0.052001398,0.099329084,5.0,B00A4A1TYM
pca,5000,3653,-0.05157048,0.071864784,5.0,B005DQG5SC
pca,5000,3654,0.17461948,0.06683616,5.0,B00109Y2DQ
pca,5000,3655,0.15326399,0.08931495,2.0,B0026H5DFM
pca,5000,3656,0.1233487,0.15025765,1.0,B002P5KOXG
pca,5000,3657,-0.14311673,-0.058271654,5.0,B00009QOS3
pca,5000,3658,-0.013751339,-0.045901626,3.0,B002XDRWZS
pca,5000,3659,0.17355922,-0.022529166,5.0,B09TQMFXR5
pca,5000,3660,0.044753365,0.029048052,5.0,B07P7KG4TJ
pca,5000,3661,0.01146644,-0.020193174,5.0,B0BMQJYLQV
pca,5000,3662,-0.09865783,-0.19510064,1.0,B07BYB11K5
pca,5000,3663,-0.046805386,0.035045538,1.0,B091GDK56V
pca,5000,3664,-0.022870395,0.07837188,4.0,B07GRS3T39
pca,5000,3665,-0.12545177,-0.03079156,5.0,B08WZCCBQJ
pca,5000,3666,-0.0560739,-0.2576376,5.0,B07H65KP63
pca,5000,3667,0.2653267,0.27786705,5.0,B08F3842HL
pca,5000,3668,0.17280003,0.072331935,2.0,B0C2Q5KR4N
pca,5000,3669,0.12540618,0.08832331,5.0,B08VJBG4Q5
pca,5000,3670,0.23115575,-0.2707235,5.0,B07RWCK6KX
pca,5000,3671,0.031779,-0.04530609,4.0,B0C6L1SNTV
pca,5000,3672,-0.2260195,-0.06697187,1.0,B0BGRL2618
pca,5000,3673,0.016207544,-0.098795965,5.0,B0B1QG1V5P
pca,5000,3674,-0.101962626,-0.0071752053,5.0,B0BJKGH183
pca,5000,3675,0.18038979,-0.0782696,5.0,B0BBF4N2FT
pca,5000,3676,-0.13616616,0.11760014,5.0,B09WCL9HRK
pca,5000,3677,0.022832219,-0.21590537,5.0,B08T6GN9GV
pca,5000,3678,0.24163385,-0.11143492,5.0,B0895FSRBC
pca,5000,3679,-0.044923108,0.12867963,2.0,B092HSPZJ3
pca,5000,3680,0.24109253,0.04031289,5.0,B0972FX87Z
pca,5000,3681,-0.28846112,-0.01793883,5.0,B09NDHMLY3
pca,5000,3682,0.24166772,-0.022242617,5.0,B08MV6Q6BJ
pca,5000,3683,-0.08997233,0.15486285,1.0,B08D3CGWV6
pca,5000,3684,-0.016255725,0.19220097,4.0,B08ZJKHX28
pca,5000,3685,0.29991812,0.11755374,5.0,B07C3ZGG2P
pca,5000,3686,0.066199034,0.114430174,3.0,B00EY2Q1AS
pca,5000,3687,-0.09076966,-0.19597298,5.0,B0C5829XY7
pca,5000,3688,-0.009169247,-0.09389378,5.0,B09TQZSZ51
pca,5000,3689,0.14928962,-0.11013962,5.0,B0836G48XD
pca,5000,3690,-0.2832736,-0.06095525,5.0,B0851Z83VV
pca,5000,3691,0.025217004,0.37233937,5.0,B0C4Z5NQKJ
pca,5000,3692,0.06782308,-0.04581811,5.0,B00JVLLE7C
pca,5000,3693,0.117864236,-0.23161393,5.0,B07WHTQW4X
pca,5000,3694,-0.03764983,-0.19463967,1.0,B008I640HW
pca,5000,3695,0.18557376,-0.1836512,5.0,B075DHMSKQ
pca,5000,3696,0.24444616,0.03675289,5.0,B07FT87W4X
pca,5000,3697,0.15920119,-0.11541499,5.0,B09NDHYLRH
pca,5000,3698,-0.23095676,0.14685267,5.0,B0B4PXG2H8
pca,5000,3699,0.014153389,-0.20726253,5.0,B01IEU7UZ0
pca,5000,3700,0.17711449,-0.31682265,5.0,B019PZMVN4
pca,5000,3701,0.0589981,0.25383693,1.0,B00OPSSWO4
pca,5000,3702,-0.26699972,0.20705043,5.0,B0BRNTHSLP
pca,5000,3703,0.17267399,-0.054726098,5.0,B0891V9KDC
pca,5000,3704,-0.14537303,-0.059067316,5.0,B00NNY1SNI
pca,5000,3705,-0.3386446,-0.13823403,1.0,B0BD7FN8K9
pca,5000,3706,-0.18852082,-0.035079878,1.0,B09VDYNVKS
pca,5000,3707,0.06293672,0.1693279,5.0,B00CYX26BC
pca,5000,3708,-0.00038754568,-0.062858,5.0,B08VWD7M67
pca,5000,3709,0.16827267,0.18641396,3.0,B0BF7YTR5Q
pca,5000,3710,0.09585126,0.075090036,5.0,B0BRR8T4FH
pca,5000,3711,-0.343322,0.043516327,3.0,B08RB1DBQY
pca,5000,3712,-0.2946323,0.12347148,1.0,B08FX6FB1S
pca,5000,3713,0.18735822,0.22403899,5.0,B07YJ1RD3B
pca,5000,3714,0.1550514,0.23727947,5.0,B07N5ZPYFK
pca,5000,3715,-0.31845602,0.022661727,4.0,B07S764D9V
pca,5000,3716,0.20794855,-0.018788602,5.0,1891396722
pca,5000,3717,-0.3183488,0.039108377,5.0,B07PGGFFW8
pca,5000,3718,-0.030646477,0.13842483,5.0,B0BL3B12HK
pca,5000,3719,0.1805414,-0.14574464,5.0,B00DYQYLP2
pca,5000,3720,0.05170326,-0.21912685,5.0,B00CE8DUYY
pca,5000,3721,-0.2254433,0.1529441,3.0,B07Q72SWTP
pca,5000,3722,0.122984394,-0.34702048,5.0,B07CZZM9J5
pca,5000,3723,-0.02840494,0.22016415,5.0,B08698CM5W
pca,5000,3724,-0.06958789,-0.13210036,5.0,B0BBV96SD7
pca,5000,3725,-0.0018148646,-0.10512881,5.0,B07Z95LWK5
pca,5000,3726,0.18765062,0.32110843,5.0,B07SFLKCFN
pca,5000,3727,-0.23739854,0.041153554,5.0,B07RGJYJS5
pca,5000,3728,0.17516075,0.02701436,5.0,B00XIVH2LI
pca,5000,3729,0.19788834,0.26425081,5.0,B004B8QOWU
pca,5000,3730,0.12270944,0.21363762,5.0,B003DZ168E
pca,5000,3731,0.28283522,0.29979825,5.0,B004JXVOFE
pca,5000,3732,-0.44855177,-0.08454698,5.0,B001PBWNOY
pca,5000,3733,0.28012124,-0.41549218,5.0,B0C1CMV4T7
pca,5000,3734,0.2112498,-0.24042189,5.0,B09ZH6PG3G
pca,5000,3735,0.30706736,-0.3680564,4.0,B01GEGO6FS
pca,5000,3736,0.28012124,-0.41549218,5.0,B083NC7SCB
pca,5000,3737,0.30706736,-0.3680564,5.0,B0BJ4VTSLC
pca,5000,3738,0.0969463,-0.18365487,5.0,B08HSPKMKQ
pca,5000,3739,-0.07103115,-0.017576886,5.0,B0831FDDK7
pca,5000,3740,0.09717509,-0.17354518,4.0,B00E9MD700
pca,5000,3741,0.023503387,-0.087203056,5.0,B09VXT3PC5
pca,5000,3742,0.31490594,-0.36197907,5.0,B08CLNX58K
pca,5000,3743,-0.07102178,-0.22313431,1.0,B0BHMVBV9M
pca,5000,3744,-0.1256379,-0.30754563,5.0,B09WHR6NRB
pca,5000,3745,0.14441161,-0.21151316,5.0,B07L1N4W4Y
pca,5000,3746,0.09491787,-0.39394882,1.0,B085ZZ243N
pca,5000,3747,0.26253662,-0.08814047,5.0,B0751HWFQY
pca,5000,3748,0.10630976,-0.24408846,5.0,B078T633Q9
pca,5000,3749,-0.08642541,0.04215235,5.0,B07Z4PXXBS
pca,5000,3750,0.17675225,0.18799876,5.0,B0BX65VLJ9
pca,5000,3751,-0.21741357,0.058708575,1.0,B0BZ15FM42
pca,5000,3752,0.3103705,-0.36354572,5.0,B08M5YL7GW
pca,5000,3753,-0.18519276,-0.19393273,5.0,B07456BG8N
pca,5000,3754,-0.02670652,-0.26708043,5.0,B01K8B8YA8
pca,5000,3755,-0.08582403,-0.18060145,5.0,B00IF0JAIU
pca,5000,3756,-0.036060523,-0.12129407,3.0,B09G9STJF6
pca,5000,3757,0.11966455,-0.009773428,4.0,B010BWYDYA
pca,5000,3758,0.094978005,-0.018877223,5.0,B003SWLRLS
pca,5000,3759,0.29230168,-0.31791815,5.0,B07KTYJ769
pca,5000,3760,-0.3553424,-0.03612031,5.0,B09YGYC783
pca,5000,3761,-0.1948175,-0.09231402,5.0,B0BVBFPD2X
pca,5000,3762,0.024444215,-0.051582903,5.0,B083FFPJC1
pca,5000,3763,0.050042495,-0.13359807,5.0,B08L3C66BK
pca,5000,3764,-0.025378983,-0.12707745,4.0,B086VRY8GZ
pca,5000,3765,-0.17883572,0.16910003,5.0,B07VPBFW43
pca,5000,3766,0.072346576,-0.1346659,5.0,B07F4MYW5B
pca,5000,3767,-0.16584347,-0.17214262,5.0,B07CHX3TNJ
pca,5000,3768,0.19857562,0.11841352,5.0,B07P374FF3
pca,5000,3769,0.18038784,-0.10049343,5.0,B01FLSXRT6
pca,5000,3770,0.20108508,-0.1594166,5.0,B09WDS7KLW
pca,5000,3771,-0.043553326,-0.043447673,5.0,B00EZMZULI
pca,5000,3772,0.29031333,0.18215628,5.0,B07BRQPVFZ
pca,5000,3773,0.32542226,0.12591983,5.0,B007FG43R8
pca,5000,3774,0.14440387,0.23191401,5.0,B09NR95LFW
pca,5000,3775,-0.020561107,-0.0013732165,5.0,B0BR3GJ3J9
pca,5000,3776,-0.24991381,0.18061921,4.0,B0BTY9GGP7
pca,5000,3777,0.0062655397,0.39324388,5.0,B0BP6V5PHH
pca,5000,3778,-0.25265485,0.2137932,3.0,B0BSFZXBPN
pca,5000,3779,-0.23222604,0.19957128,3.0,B09NCXYHMV
pca,5000,3780,0.12637067,0.15802835,4.0,B09X5XJ9BT
pca,5000,3781,-0.45723453,0.18838766,4.0,B0BB2GRZFG
pca,5000,3782,-0.019037832,0.35666472,4.0,B0B3XPTKJH
pca,5000,3783,-0.13655077,0.045201566,4.0,B09YHBRHC4
pca,5000,3784,-0.35817713,0.11841631,4.0,B0B3D7FSMY
pca,5000,3785,-0.3413678,0.008501757,5.0,B09ZQSD516
pca,5000,3786,0.11483413,0.15247132,4.0,B09TP1XDL2
pca,5000,3787,0.0039305463,-0.010254759,5.0,B0B6RJW8FS
pca,5000,3788,0.037137073,-0.043459684,5.0,B0BKKWQ983
pca,5000,3789,-0.17361991,0.04909471,4.0,B09VH12VJV
pca,5000,3790,0.20522074,0.34429753,5.0,B09V5L1LRJ
pca,5000,3791,-0.030335229,0.11403537,5.0,B09TXCQ1PM
pca,5000,3792,-0.07678753,0.2666006,5.0,B09JBD923G
pca,5000,3793,-0.3144555,-0.11034553,5.0,B09PVB4272
pca,5000,3794,-0.34693122,0.09070209,5.0,B09J31ZBB1
pca,5000,3795,-0.12126477,0.2633389,5.0,B074DWW665
pca,5000,3796,-0.20030823,0.2322408,5.0,B09FJ84PGH
pca,5000,3797,0.12103419,0.31982473,5.0,B09HXHQ1L1
pca,5000,3798,-0.04176451,0.023885489,5.0,B09M8991B5
pca,5000,3799,0.03141217,0.060584772,5.0,B0BNQNLMVS
pca,5000,3800,-0.12541644,-0.026087072,4.0,B09GFX6T6G
pca,5000,3801,0.20260052,0.39127758,5.0,B09DKNYKCN
pca,5000,3802,0.02274645,0.31886342,5.0,B09F5TF4TQ
pca,5000,3803,-0.1358334,0.2877884,4.0,B08NX53RV3
pca,5000,3804,-0.009025127,0.13842362,4.0,B08NV6PJW9
pca,5000,3805,0.15060622,0.26483148,5.0,B08SC8Q1H5
pca,5000,3806,0.26693702,0.48118964,4.0,B094CFZLPR
pca,5000,3807,-0.24822581,0.06745854,5.0,B08SW2BZ1P
pca,5000,3808,-0.34087813,-0.100599706,5.0,B08LCZ6MS7
pca,5000,3809,-0.052775536,0.049089883,5.0,B08B39FF2Z
pca,5000,3810,0.20780025,0.3397804,5.0,B086RQQCQ9
pca,5000,3811,-0.3241228,-0.054239415,5.0,B0BR89N1H7
pca,5000,3812,0.06482189,0.106895134,5.0,B08B3KD42F
pca,5000,3813,-0.08120409,0.16948716,5.0,B082T84YJQ
pca,5000,3814,-0.053403612,0.23264176,5.0,B07Q3CW9WM
pca,5000,3815,-0.019020434,0.18014482,5.0,B0859TMPHT
pca,5000,3816,0.1127395,-0.08598772,4.0,B084ZYD2SN
pca,5000,3817,0.14801243,0.19793227,5.0,B07ZH2WYV4
pca,5000,3818,0.0054169632,0.20924045,3.0,B083ZBRKX9
pca,5000,3819,-0.43641376,-0.040211458,5.0,B0C5MCNJKR
pca,5000,3820,-0.39239433,0.09749779,5.0,B09TS8ZL94
pca,5000,3821,0.0013066605,0.0006173551,5.0,B095L8F33R
pca,5000,3822,0.17150716,0.45690498,5.0,B0C8Y7KTML
pca,5000,3823,0.18048781,0.44448128,5.0,B07W7Y3KZK
pca,5000,3824,0.07190517,0.38471442,4.0,B08ZSSG82Y
pca,5000,3825,0.0825676,-0.13755316,5.0,B07C7LN2W1
pca,5000,3826,-0.40564921,0.15525845,5.0,B07WC183S5
pca,5000,3827,0.025252942,0.27105254,4.0,B07DCPKRL1
pca,5000,3828,-0.13725075,-0.06488435,5.0,B07799YR1F
pca,5000,3829,-0.30966547,-0.035864845,3.0,B0BZRW4B7S
pca,5000,3830,-0.020948783,0.19496222,5.0,B09Z2B5KG2
pca,5000,3831,-0.021685313,0.2057005,5.0,B0B6TPXW2C
pca,5000,3832,-0.26336008,-0.0069856998,5.0,B00R124LAK
pca,5000,3833,0.17431223,0.4149487,4.0,B07YFW6SKQ
pca,5000,3834,-0.25849605,0.11610548,5.0,B01HPADPCW
pca,5000,3835,-0.0659475,0.07033375,5.0,B09797FV1F
pca,5000,3836,-0.07876998,-0.08107706,5.0,B07YX2KPG7
pca,5000,3837,0.014099125,-0.05554452,5.0,B00419ZT4I
pca,5000,3838,0.03221123,0.072465554,4.0,B07Q1DPGWM
pca,5000,3839,-0.14896487,0.05778482,4.0,B07H65KP63
pca,5000,3840,-0.09009722,0.13493115,5.0,B01EJ5UV3C
pca,5000,3841,-0.29219547,0.06316222,5.0,B07Y2C5M2X
pca,5000,3842,0.08828767,-0.14474602,1.0,B00GVN0E3S
pca,5000,3843,0.095819734,0.038606282,3.0,B07M7NHRQG
pca,5000,3844,0.19490838,-0.044446215,5.0,B002CQU14A
pca,5000,3845,-0.025091607,0.10462375,5.0,B0BSFD74LD
pca,5000,3846,0.040770557,0.19836459,5.0,B07S7TK88B
pca,5000,3847,0.10293111,0.19718973,4.0,B082M94GY9
pca,5000,3848,0.11081603,0.2820165,4.0,B00X5P8BJO
pca,5000,3849,-0.4301905,0.17375222,5.0,B07YP9MNJV
pca,5000,3850,-0.018553745,0.10386515,4.0,B07538T649
pca,5000,3851,0.10871665,-0.18218108,5.0,B07LCSZFVZ
pca,5000,3852,0.1399401,-0.25081933,1.0,B01MTF2Z37
pca,5000,3853,0.22759739,-0.3245709,5.0,B002SEEC78
pca,5000,3854,-0.01390256,-0.167387,5.0,B07XJ2XC5V
pca,5000,3855,-0.4516061,0.058351923,5.0,B07YWG7NSN
pca,5000,3856,0.05820118,0.03705285,5.0,B07SZ3N73V
pca,5000,3857,0.04414899,-0.32761246,5.0,B01L8LLP2G
pca,5000,3858,0.10456377,-0.017745975,1.0,B07176FCQ5
pca,5000,3859,0.23695892,-0.09452635,5.0,B0C4KBLJHD
pca,5000,3860,0.11200999,-0.1139079,5.0,B0B67LVBL1
pca,5000,3861,-0.08518925,-0.05193399,5.0,B00E1CR7DQ
pca,5000,3862,-0.29258448,-0.020589326,5.0,B0001FTVEK
pca,5000,3863,-0.093054295,-0.18078253,5.0,B002PAR1FK
pca,5000,3864,-0.16847792,-0.18436673,5.0,B002ISZD2C
pca,5000,3865,0.024735656,-0.2286726,5.0,B00EDP03DW
pca,5000,3866,0.15217844,-0.05378501,1.0,B005CX9RKE
pca,5000,3867,-0.2922068,0.00936348,5.0,B000KKXRJQ
pca,5000,3868,-0.028504144,0.08315703,1.0,B0C3M8B3MY
pca,5000,3869,0.13221258,-0.057532556,5.0,B06Y6HP2JN
pca,5000,3870,0.24315219,0.4283471,5.0,B076Q5MP77
pca,5000,3871,0.34277388,0.030187886,5.0,B0BTZDHJXY
pca,5000,3872,0.07390151,-0.20519333,4.0,B07PXVTTP6
pca,5000,3873,0.052727375,-0.24596843,5.0,B01EBI4N7C
pca,5000,3874,0.1341634,-0.18344101,2.0,B01IN26Z5A
pca,5000,3875,-0.34970844,-0.16649552,1.0,B00U3FPN4U
pca,5000,3876,0.1831956,0.3981284,3.0,B076Q8F3KB
pca,5000,3877,0.21143708,0.24121562,3.0,B0725SDWHR
pca,5000,3878,-0.100151345,-0.14240482,5.0,B07KTYJ769
pca,5000,3879,0.0009341948,-0.1672993,5.0,B07HZLHPKP
pca,5000,3880,-0.20689416,-0.059131302,5.0,B07BFRHZLB
pca,5000,3881,0.10416381,-0.15593317,5.0,B07W36WN5X
pca,5000,3882,0.32125974,-0.13084531,5.0,B073QNQT43
pca,5000,3883,0.018156944,-0.022269195,5.0,B075X8471B
pca,5000,3884,0.2065105,-0.09918174,5.0,B07PTZCDQG
pca,5000,3885,0.24049947,0.013305858,5.0,B07Q3B3CTC
pca,5000,3886,-0.16494,-0.10124986,5.0,B010BWYDYA
pca,5000,3887,0.19056803,-0.06589237,5.0,B016FQ0ODK
pca,5000,3888,0.19046943,-0.21743749,5.0,B0B4NZ74H8
pca,5000,3889,-0.272665,-0.11550547,1.0,B08LPN41F4
pca,5000,3890,0.27075288,-0.115765035,5.0,B09GBPVD27
pca,5000,3891,-0.018287137,0.19293615,5.0,B01DLNMD7A
pca,5000,3892,0.18474658,0.14801481,5.0,B07NQQ4FVK
pca,5000,3893,-0.33096257,-0.046595003,5.0,B0B6WNTT91
pca,5000,3894,-0.08864044,-0.11070818,5.0,B0BJ7QMYBF
pca,5000,3895,-0.05473074,0.14693077,5.0,B08F4Z9KWP
pca,5000,3896,-0.28524598,-0.1170679,5.0,B07FSXHVLN
pca,5000,3897,0.24165472,-0.28303102,5.0,B07PRMHDGZ
pca,5000,3898,0.2519639,0.017295118,2.0,B077YDMN27
pca,5000,3899,0.24727194,-0.35897902,5.0,B012CD5PIY
pca,5000,3900,0.066587955,0.024376094,2.0,B08HSGZT6H
pca,5000,3901,-0.13581641,-0.10933991,2.0,B0118SPFCK
pca,5000,3902,-0.012103964,0.039387766,3.0,B09W563Y2W
pca,5000,3903,-0.15809004,-0.07350896,3.0,B01LW4G71Y
pca,5000,3904,-0.11389339,-0.22164245,1.0,B075CF97SZ
pca,5000,3905,-0.2739603,0.09743136,2.0,B08Q2D3XR1
pca,5000,3906,-0.068732575,-0.15779836,3.0,B00IB8IVDQ
pca,5000,3907,-0.31502318,-0.2793053,5.0,B003L76BJS
pca,5000,3908,-0.31475404,-0.022602819,3.0,B005VO7LG6
pca,5000,3909,-0.2522541,-0.08076678,2.0,B005J7Y9B0
pca,5000,3910,0.03618098,-0.07615046,5.0,B000RGD9PK
pca,5000,3911,-0.28792483,-0.016397605,5.0,B008BWA0EK
pca,5000,3912,-0.06257051,-0.22808407,4.0,B008EQSZ8Q
pca,5000,3913,-0.06762031,-0.21382055,4.0,B0BMQN7L6B
pca,5000,3914,0.2358205,0.07969281,5.0,B01D8OM0H0
pca,5000,3915,0.079818785,-0.1813399,5.0,B00KCZTAI6
pca,5000,3916,0.08346388,-0.24670602,1.0,B005VGOD4M
pca,5000,3917,-0.12571591,-0.18693678,5.0,B00005N5X1
pca,5000,3918,-0.05593143,-0.059682373,5.0,B01CZBOO2Q
pca,5000,3919,0.14029181,-0.11899315,5.0,B074CPK9SB
pca,5000,3920,0.25311822,0.19968551,5.0,B07RLZ1KDY
pca,5000,3921,-0.03409191,0.19153695,5.0,B0000BYDKO
pca,5000,3922,0.06528454,-0.04751194,5.0,B086SBHXHV
pca,5000,3923,0.18702455,-0.14544076,5.0,B00XJ7QAC8
pca,5000,3924,0.24924223,-0.28379083,5.0,B06XKM77TP
pca,5000,3925,0.10612726,-0.1904284,5.0,B00YBC936A
pca,5000,3926,0.12145507,-0.28100854,5.0,B00IKMJOZC
pca,5000,3927,-0.052233804,-0.17556365,5.0,B0040IUI46
pca,5000,3928,0.12650971,0.058928948,5.0,B01FU08V64
pca,5000,3929,0.19301622,-0.14836088,5.0,B00XJ118WG
pca,5000,3930,-0.12140161,-0.090495616,5.0,B0063JAUR0
pca,5000,3931,0.13724244,0.15087794,5.0,B0051VVOB2
pca,5000,3932,0.08280126,0.11266367,5.0,B005KDYBXO
pca,5000,3933,0.12087241,0.04979785,5.0,B008RB6RYC
pca,5000,3934,0.057756145,-0.13938735,5.0,B0013CED4I
pca,5000,3935,0.06632523,-0.11054157,5.0,B0064L8Q1E
pca,5000,3936,0.16925013,-0.04683182,5.0,B075XLNFCL
pca,5000,3937,-0.033725042,0.036318462,5.0,B07LG4FYVR
pca,5000,3938,0.105768636,-0.35998443,5.0,B08C5FX1BB
pca,5000,3939,-0.095926866,-0.13332781,4.0,B07VNQVL37
pca,5000,3940,-0.20670319,-0.15027206,5.0,B017KUN1HG
pca,5000,3941,0.2647809,0.1789975,4.0,B07J38VMPN
pca,5000,3942,-0.035330754,-0.06680691,5.0,B08S55D31N
pca,5000,3943,0.30706736,-0.3680564,5.0,B07MC5P85F
pca,5000,3944,-0.029979069,-0.106240004,5.0,B08XHFK5SZ
pca,5000,3945,0.16384864,-0.13374223,5.0,B07YFD37SF
pca,5000,3946,0.08782766,-0.14600372,5.0,B092DD5L2V
pca,5000,3947,-0.036306847,-0.02327105,5.0,B07GL6S731
pca,5000,3948,-0.16174306,-0.085136,5.0,B00LZRRAY6
pca,5000,3949,0.034188934,-0.13649133,5.0,B018PZHB26
pca,5000,3950,0.03077577,-0.32974663,5.0,B08BF4CZSV
pca,5000,3951,0.15087885,-0.08760604,5.0,B0C8SCDNGK
pca,5000,3952,0.081061035,-0.16065602,3.0,B002RD7452
pca,5000,3953,0.12558109,-0.38234234,5.0,B09F5BLMVR
pca,5000,3954,-0.000247851,-0.32103604,5.0,B09JQLTLG3
pca,5000,3955,0.14814399,-0.26840505,5.0,B07VKJKWP1
pca,5000,3956,0.23782179,-0.16746607,5.0,B075V2W6B2
pca,5000,3957,0.23501684,0.23922208,5.0,B071CRMDS4
pca,5000,3958,0.1257322,-0.24022256,5.0,B072QLXK2T
pca,5000,3959,0.2970465,0.22602251,5.0,B0851B3K9T
pca,5000,3960,0.088544816,-0.285081,5.0,B07L48NDCH
pca,5000,3961,-0.074806795,-0.032115195,1.0,B08KGSZKCT
pca,5000,3962,0.058323,0.04676674,5.0,B083ZJYDRV
pca,5000,3963,0.0788488,-0.10339704,4.0,B07J245KLY
pca,5000,3964,-0.058160093,-0.23405077,1.0,B08WJSHSLC
pca,5000,3965,-0.15620333,0.16260444,5.0,B09MKBDFZK
pca,5000,3966,-0.118057236,-0.15198158,5.0,B0791TX5P5
pca,5000,3967,-0.21994275,-0.1062946,5.0,B01DFKC6CQ
pca,5000,3968,0.0662917,0.25555316,3.0,B01HAQBIVG
pca,5000,3969,-0.10003747,-0.1128875,5.0,B075X8471B
pca,5000,3970,0.15929934,0.07033269,5.0,B0BJW2XLMR
pca,5000,3971,-0.19553171,-0.22959208,5.0,B09718NNFN
pca,5000,3972,-0.010881126,-0.20164613,1.0,B092WHC7C1
pca,5000,3973,-0.10969061,-0.13136263,5.0,B077RV2H31
pca,5000,3974,-0.0669274,-0.15146556,5.0,B00WIF2T7C
pca,5000,3975,0.25597435,0.08370449,4.0,B0C2YLQJYK
pca,5000,3976,-0.079648525,-0.11447483,4.0,B09LTYP9P5
pca,5000,3977,-0.14621232,-0.2965799,5.0,B0B148JDG2
pca,5000,3978,0.010988323,0.10746379,5.0,B0C8J2WHVR
pca,5000,3979,-0.3440784,0.11683375,5.0,B0B57RY228
pca,5000,3980,-0.14176588,-0.042508923,5.0,B0C3NMZ2C7
pca,5000,3981,0.018624559,0.22707316,5.0,B09F81Q875
pca,5000,3982,-0.061504427,-0.02557826,5.0,B0BZT5JSTV
pca,5000,3983,-0.19251294,0.11260705,5.0,B0B3ZKBJ8V
pca,5000,3984,-0.28261393,0.1662446,5.0,B09XNQQC8J
pca,5000,3985,-0.12035978,0.10232577,5.0,B0C1ZYD3YQ
pca,5000,3986,-0.3265384,0.1217276,5.0,B09WD35WWZ
pca,5000,3987,-0.010139365,-0.14329393,5.0,B09PWGV7GC
pca,5000,3988,-0.1922542,0.021924257,5.0,B098XPKHY8
pca,5000,3989,0.020826323,-0.07650025,5.0,B08JTMXXL6
pca,5000,3990,-0.0021416172,0.068987414,4.0,B09NRKZVDC
pca,5000,3991,-0.053378243,0.23584148,5.0,B009SKN5DC
pca,5000,3992,-0.22773078,0.17362097,5.0,B0BG7KP5L4
pca,5000,3993,0.15959783,0.18019329,5.0,B099YQ926V
pca,5000,3994,-0.018431287,0.13245784,5.0,B08P6PL5R3
pca,5000,3995,-0.10092564,0.1592801,5.0,B0BWBC2GLD
pca,5000,3996,-0.1235695,0.09383243,4.0,B0BLHNNSGG
pca,5000,3997,-0.45552474,0.18308024,5.0,B09D4LQTYD
pca,5000,3998,-0.080818325,0.17827268,5.0,B08L883DQ5
pca,5000,3999,-0.1097444,0.027485095,5.0,B0922LNFT3
pca,5000,4000,-0.070929736,-0.085454926,4.0,B08L6HPFCR
pca,5000,4001,0.13098943,0.29289097,4.0,B082W1GHY6
pca,5000,4002,0.12474951,-0.0025187656,5.0,B07YLMJZXB
pca,5000,4003,-0.06294772,0.09866871,4.0,B087LWC6BM
pca,5000,4004,-0.3828948,0.1791257,5.0,B09V3W5XFY
pca,5000,4005,0.16598321,0.21663985,4.0,B0BSTPV9HY
pca,5000,4006,-0.11329086,0.17698003,4.0,B087M428L1
pca,5000,4007,0.19347231,0.1920803,5.0,B081LBFY9D
pca,5000,4008,0.09549616,0.27616984,3.0,B0813DY3FY
pca,5000,4009,0.21182445,0.013728309,5.0,B088GT45PY
pca,5000,4010,-0.00036429614,-0.039938875,3.0,B07HKFG85D
pca,5000,4011,0.18349238,0.47352758,5.0,B0974WBDVS
pca,5000,4012,0.21652743,0.36719626,4.0,B07ZB12C8G
pca,5000,4013,-0.38259903,0.008359332,5.0,B07XYQS9TP
pca,5000,4014,0.20872948,0.4124911,5.0,B07X54PV85
pca,5000,4015,0.13480519,-0.25466302,4.0,B0BMQ999F8
pca,5000,4016,0.063014686,0.12469423,3.0,B0BN4PNNBH
pca,5000,4017,-0.3750782,0.0026442222,1.0,B07CB24GSV
pca,5000,4018,0.063444495,0.17953914,4.0,B07K51MHPF
pca,5000,4019,-0.094194755,0.13973059,5.0,B07VJMBRVQ
pca,5000,4020,-0.3772354,0.01585345,1.0,B07KZZZ3JL
pca,5000,4021,-0.03243151,-0.092318855,5.0,B07D33RMRN
pca,5000,4022,-0.009804234,0.0613322,5.0,B07C64VJNB
pca,5000,4023,0.20825376,0.24636504,5.0,B07Z9ZYJ5Q
pca,5000,4024,-0.019865382,0.08200182,5.0,B0BWSB1W9D
pca,5000,4025,-0.37410918,0.16062526,4.0,B07G8N2V9V
pca,5000,4026,0.07607517,0.13130431,4.0,B08JZ4YSNR
pca,5000,4027,-0.09246522,0.10369027,5.0,B07CWT66DG
pca,5000,4028,-0.105341375,0.2277967,5.0,B07DWD3NNP
pca,5000,4029,-0.43352303,-0.0437001,5.0,B07H7DRWJN
pca,5000,4030,-0.053386744,0.14738524,4.0,B018LWTYGO
pca,5000,4031,-0.0022186488,0.016812012,4.0,B07BHGK4MC
pca,5000,4032,-0.43503892,0.021928683,5.0,B07DBY9H6X
pca,5000,4033,-0.112428576,-0.044699844,3.0,B079S3NVV4
pca,5000,4034,0.007800322,-0.12803426,3.0,B071HN7FB4
pca,5000,4035,0.25904804,0.47682932,5.0,B07CWJ8MM1
pca,5000,4036,-0.20118676,0.116190225,5.0,B00X69BZPG
pca,5000,4037,-0.33021075,0.043689843,5.0,B077378YSS
pca,5000,4038,-0.4054408,0.108036816,5.0,B0C7KLM8L2
pca,5000,4039,-0.3297106,0.28144243,5.0,B074F3YW3R
pca,5000,4040,-0.4999253,0.036773715,3.0,B0747QMY9B
pca,5000,4041,0.09199321,0.08227374,5.0,B071QWMTST
pca,5000,4042,0.011168344,0.028648142,5.0,B07319K943
pca,5000,4043,0.14980091,0.5583938,5.0,B071W8TY6H
pca,5000,4044,-0.07820287,-0.012074001,5.0,B09RXJHHX7
pca,5000,4045,-0.10316037,0.26316172,5.0,B0BHTS96ZL
pca,5000,4046,-0.24286765,0.27810082,5.0,B01MSZSL4I
pca,5000,4047,-0.12721919,0.058732968,2.0,B018PQPALY
pca,5000,4048,0.21679367,0.44725358,4.0,B01ER4AZ9A
pca,5000,4049,0.0040334053,0.29149354,5.0,B07JMFQTC5
pca,5000,4050,0.21714029,0.34995317,5.0,B0167G90D8
pca,5000,4051,0.17986152,0.37774488,5.0,B0C15Q5H7H
pca,5000,4052,0.016862849,0.25678214,5.0,B01D3NROZE
pca,5000,4053,0.26199967,0.36586604,5.0,B00S74HGMG
pca,5000,4054,-0.13985692,0.029572997,4.0,B01DPGPOTC
pca,5000,4055,0.29445818,0.36180627,4.0,B06WRRWQDB
pca,5000,4056,-0.053575132,0.017808378,5.0,B0000CCQKV
pca,5000,4057,0.030687287,0.083785415,5.0,B00RM11QHG
pca,5000,4058,0.29654595,0.4660809,5.0,B071LP2ZRC
pca,5000,4059,0.12329684,-0.12160812,5.0,B07L6JJDCG
pca,5000,4060,0.06499392,0.048421297,5.0,B00F4A7A1I
pca,5000,4061,-0.2648901,-0.2327416,5.0,B00BUCLVZU
pca,5000,4062,0.026540611,-0.113196954,5.0,B00GJKW4YA
pca,5000,4063,-0.2242698,0.13578619,5.0,B01L1FEJ6S
pca,5000,4064,-0.4176183,0.14718771,5.0,B00PJOPF98
pca,5000,4065,-0.42748943,0.030162152,5.0,B00LSYHLR2
pca,5000,4066,-0.46507505,0.19019732,5.0,B00M58CMYC
pca,5000,4067,-0.46585783,0.0050097704,5.0,B004I408OW
pca,5000,4068,0.19811739,0.3790357,5.0,B00LGN7Y3G
pca,5000,4069,-0.26017308,0.06618963,4.0,B00IG54NXG
pca,5000,4070,-0.3897512,0.08161138,5.0,B00J3O9YRY
pca,5000,4071,-0.37051374,0.19656032,5.0,B00FRKOFIQ
pca,5000,4072,-0.27698445,-0.031032518,5.0,B00XI6A46I
pca,5000,4073,-0.2029513,-0.059399605,5.0,B00IAKLM54
pca,5000,4074,0.004546415,0.02648801,5.0,B006DTXIHE
pca,5000,4075,0.30491126,0.33252192,5.0,B00CB7T52O
pca,5000,4076,0.067027934,-0.0214074,3.0,B00CWLYLWS
pca,5000,4077,-0.3293073,0.10749897,5.0,B00A0JUO1Q
pca,5000,4078,-0.494997,0.22531936,5.0,B00CD1FB26
pca,5000,4079,-0.13410188,-0.053932972,3.0,B004M3EL3S
pca,5000,4080,-0.3402316,0.029695813,3.0,B004I8WH9M
pca,5000,4081,0.19943406,0.21458054,3.0,B002COJEOU
pca,5000,4082,0.107968256,0.2587069,4.0,B007R9CTE2
pca,5000,4083,0.19379012,0.43976218,5.0,B009T0NLYO
pca,5000,4084,0.16534746,-0.042757247,5.0,B00NTRMUYU
pca,5000,4085,0.0054242574,0.32769263,5.0,B007X3VEC0
pca,5000,4086,0.3707291,0.4478847,3.0,B008MF48J4
pca,5000,4087,0.013303626,0.2521755,5.0,B007OZNUCE
pca,5000,4088,0.11611915,0.11094017,5.0,B0BTJBQC91
pca,5000,4089,-0.14683573,0.15454005,5.0,B001F7AHOG
pca,5000,4090,-0.15643002,-0.040253967,5.0,B001769K3O
pca,5000,4091,0.05560057,0.046499666,4.0,B0084Y96FE
pca,5000,4092,0.027774915,-0.08168737,5.0,B0B4QS4F25
pca,5000,4093,-0.038832698,0.069570705,4.0,B004NSUMTO
pca,5000,4094,0.076508075,0.13654761,5.0,B00109Y2DQ
pca,5000,4095,0.23691979,0.19098069,4.0,B003CFB1AS
pca,5000,4096,-0.034262765,-0.18455476,5.0,B002ONSRA6
pca,5000,4097,-0.09529236,-0.027530557,3.0,B004MSGEOC
pca,5000,4098,-0.17476682,-0.20883134,5.0,B005TI1ILS
pca,5000,4099,-0.18275782,-0.15046243,5.0,B004NP1E9E
pca,5000,4100,0.23068793,0.34670645,5.0,B01M0MT6BT
pca,5000,4101,0.11601484,0.3178388,5.0,B0057WTEWQ
pca,5000,4102,-0.112316266,0.054532554,5.0,B004SBCF4Q
pca,5000,4103,0.21577427,0.23700586,5.0,B004JWA70I
pca,5000,4104,0.09401958,0.36485818,5.0,B074D5QYPN
pca,5000,4105,0.08128848,0.34693968,5.0,B004HFS6Z0
pca,5000,4106,0.07722075,0.16131571,5.0,B003VD1CVY
pca,5000,4107,0.059653036,-0.07148418,5.0,B003WQAIJC
pca,5000,4108,0.213101,0.4584154,4.0,B07PR21291
pca,5000,4109,0.24548677,0.34819132,5.0,B004JMZPJQ
pca,5000,4110,0.17928448,0.43262348,5.0,B004BQTTE2
pca,5000,4111,-0.4291915,-0.16243684,5.0,B003JQLPYC
pca,5000,4112,0.061318688,0.19200572,5.0,B003H4QV22
pca,5000,4113,-0.32392025,0.13819814,5.0,B003UYU16G
pca,5000,4114,-0.09982118,-0.029484868,4.0,B002XN7C6W
pca,5000,4115,0.08993792,0.119221464,5.0,B003SHMKHS
pca,5000,4116,-0.048569728,0.13723728,5.0,B07YFD37SF
pca,5000,4117,-0.023883153,-0.18353926,5.0,B0018O77Q2
pca,5000,4118,0.16405071,0.4174799,5.0,B001TZQITM
pca,5000,4119,-0.22893164,0.21071255,3.0,B0002QLQ96
pca,5000,4120,-0.31527185,0.25371125,5.0,B00E57BSMI
pca,5000,4121,-0.24773335,-0.06320976,2.0,B002IC0YLS
pca,5000,4122,0.13470009,-0.062016316,3.0,B001Q3M9D6
pca,5000,4123,-0.1125374,-0.045739353,5.0,B001TOD7MO
pca,5000,4124,-0.20951802,-0.11267252,4.0,B002IC0YL8
pca,5000,4125,0.077639274,0.09504068,3.0,B001OQC0JS
pca,5000,4126,-0.23055688,0.09867041,5.0,B0007LI13U
pca,5000,4127,-0.19800302,-0.123945415,4.0,B001C1MGKI
pca,5000,4128,-0.13643917,-0.22180264,5.0,B000ER5G6C
pca,5000,4129,0.0110355,-0.15287179,5.0,B0006Q3B2W
pca,5000,4130,-0.19918706,-0.080885604,5.0,B00093IIRA
pca,5000,4131,0.1417254,-0.07889816,4.0,B0019MOKYA
pca,5000,4132,-0.17303436,0.189651,4.0,B000H0QIRC
pca,5000,4133,0.18774343,-0.07838753,5.0,B08J9NQ6CS
pca,5000,4134,0.23806417,-0.38850445,4.0,B082T7HDGT
pca,5000,4135,0.16353506,-0.31102237,4.0,B07KJ6GDGN
pca,5000,4136,-0.15301737,-0.26420254,5.0,B088CTT6KZ
pca,5000,4137,0.17449862,-0.22338764,1.0,B07KXVLRHG
pca,5000,4138,-0.026904915,0.17101644,5.0,B08RMVG7BY
pca,5000,4139,0.0032067671,0.23951036,5.0,B0BCPC68J6
pca,5000,4140,-0.0024178848,0.11071071,4.0,B0757LCDD5
pca,5000,4141,-0.20071614,0.11535302,5.0,B0B12PXQYM
pca,5000,4142,0.21720353,0.14834082,5.0,B00FES2TU2
pca,5000,4143,-0.42741877,0.00128977,5.0,B001S0PX1M
pca,5000,4144,-0.07857573,0.10384552,5.0,B005PCPI82
pca,5000,4145,0.2019956,0.28504178,5.0,B005DION7U
pca,5000,4146,-0.20190588,-0.09318195,5.0,B076GVVB6R
pca,5000,4147,-0.3077643,0.13930851,4.0,B0753CSBW1
pca,5000,4148,-0.190516,0.047626745,5.0,B008F2YEN4
pca,5000,4149,0.0788914,-0.11797394,5.0,B0B24GTQ9G
pca,5000,4150,-0.3043832,-0.08395099,5.0,B00AZFMOS6
pca,5000,4151,0.13124621,0.2569527,5.0,B00WH2TB1S
pca,5000,4152,-0.29360577,0.18991002,5.0,B0046EDOWW
pca,5000,4153,0.16922894,-0.14340346,5.0,B077HGQ44Q
pca,5000,4154,0.0008440241,-0.13957812,1.0,B00E9MD700
pca,5000,4155,0.022543652,0.034375567,1.0,B09FLGDRMZ
pca,5000,4156,-0.38810384,0.10578807,3.0,B0B4DPLGHQ
pca,5000,4157,-0.28498638,0.009529177,2.0,B08KR8CRQP
pca,5000,4158,0.08330321,-0.1365659,5.0,B09DGFHKNC
pca,5000,4159,0.09828766,-0.24688768,2.0,B0BWLWDLPF
pca,5000,4160,-0.31384534,-0.037229504,4.0,B08M9DXY4P
pca,5000,4161,0.20162079,0.22950417,1.0,B06XSW5JRZ
pca,5000,4162,-0.102461785,0.0012012608,5.0,B0B21DKG75
pca,5000,4163,0.07648018,-0.19639455,3.0,B00D23LYW0
pca,5000,4164,0.17239,-0.16899125,5.0,B0194TXW4I
pca,5000,4165,0.0009838603,-0.2323569,5.0,B08D3LP9W4
pca,5000,4166,0.13659178,-0.23815992,5.0,B07QC4WZFZ
pca,5000,4167,0.07703854,-0.17698935,5.0,B0002F67N2
pca,5000,4168,0.2468436,-0.05508454,5.0,B0BP9Z1LB5
pca,5000,4169,-0.21534616,-0.23704271,5.0,B0791TX5P5
pca,5000,4170,0.10844976,-0.019896742,5.0,B0BPMLRQHQ
pca,5000,4171,0.15818197,-0.16454178,5.0,B07H65KP63
pca,5000,4172,0.12831637,-0.14734043,5.0,B07KTYJ769
pca,5000,4173,0.20199712,0.08668217,5.0,B093K8HLJZ
pca,5000,4174,0.1245102,0.32700133,5.0,B07J2FGZSM
pca,5000,4175,0.08708097,0.16391185,4.0,B00OQVZDJM
pca,5000,4176,0.13727145,-0.19990274,3.0,B00ZXB1US2
pca,5000,4177,0.17569792,-0.2211546,3.0,B01N0H8WUZ
pca,5000,4178,0.1400852,-0.1133962,5.0,B07SNQLZD4
pca,5000,4179,-0.46228972,0.1133564,4.0,B07VQLT75P
pca,5000,4180,0.20714206,-0.18404245,5.0,B09SGKSD4P
pca,5000,4181,-0.08430508,-0.11843765,2.0,B00RCSU7OW
pca,5000,4182,-0.2361171,0.19178466,5.0,B000MUXVYK
pca,5000,4183,0.17089522,-0.1487448,5.0,B07WZSTQD9
pca,5000,4184,-0.03621706,-0.13067517,5.0,B00HPMCO4Q
pca,5000,4185,0.12143345,-0.18652998,5.0,B0012BL8LG
pca,5000,4186,0.22465882,-0.32862636,5.0,B00L3KSP08
pca,5000,4187,-0.073277995,-0.34555158,3.0,B095YT1C6M
pca,5000,4188,-0.22511709,-0.2083863,5.0,B07XV3GGRX
pca,5000,4189,0.25646544,-0.18629871,4.0,B071GGB84Y
pca,5000,4190,-0.19128741,-0.16647063,5.0,B075KP9XHS
pca,5000,4191,-0.15763818,-0.08752033,4.0,B07GVWH35S
pca,5000,4192,-0.21342975,-0.21707325,4.0,B00ND5UOFU
pca,5000,4193,-0.057844076,-0.100313246,4.0,B00LD3Q56G
pca,5000,4194,-0.3994818,-0.038851764,5.0,B000E1PXJS
pca,5000,4195,-0.2318601,0.061275404,4.0,B007R9RUPU
pca,5000,4196,0.1976077,-0.21488796,5.0,B01M0GB8CC
pca,5000,4197,-0.02026837,-0.13266772,1.0,B0C211KFK4
pca,5000,4198,-0.04610722,-0.33318165,5.0,B07GZFM1ZM
pca,5000,4199,0.09186,-0.25689548,5.0,B07KJ6GDGN
pca,5000,4200,0.01619767,-0.032645494,5.0,B01DKOFZVQ
pca,5000,4201,0.1293079,0.061944593,3.0,B00GMCLLYE
pca,5000,4202,-0.0779227,-0.14101179,5.0,B0BHWQ3H17
pca,5000,4203,-0.08510025,0.04394352,5.0,B0819PCPBV
pca,5000,4204,0.021602716,-0.11064726,4.0,B00RELNQXG
pca,5000,4205,0.020735659,-0.1378785,5.0,B010JKMO7W
pca,5000,4206,-0.2673175,0.10208674,5.0,B01M9AWXJO
pca,5000,4207,-0.025621753,-0.17439392,4.0,B00BII1156
pca,5000,4208,0.010054572,-0.16195135,5.0,B0B58ZK8CZ
pca,5000,4209,-0.0012998879,-0.0027105901,3.0,B071WW5M69
pca,5000,4210,-0.052827243,-0.18890524,2.0,B07DWXL8GD
pca,5000,4211,0.00079279393,-0.16260673,1.0,B008RSH6NG
pca,5000,4212,0.22940125,0.12976307,5.0,B07X3GQT7V
pca,5000,4213,-0.2948265,0.007519435,1.0,B07PYLT6DN
pca,5000,4214,-0.043654766,-0.25254732,1.0,B07XNXQCZ2
pca,5000,4215,0.19539323,-0.03956641,5.0,B071K5BQPF
pca,5000,4216,0.32716265,0.3810885,5.0,B07J3FMTJ4
pca,5000,4217,0.13641152,0.0763623,1.0,B01MYT9D96
pca,5000,4218,0.087015316,-0.038083058,5.0,B00WHT67YA
pca,5000,4219,0.014539443,0.08751395,2.0,B084CZJK7H
pca,5000,4220,0.07004586,-0.16980739,5.0,B075X8471B
pca,5000,4221,-0.1360614,-0.03938844,5.0,B0153WUOXM
pca,5000,4222,-0.26817754,-0.22082186,2.0,B0C1N6CWVL
pca,5000,4223,-0.30188245,-0.117734775,1.0,B07S4MFN8Z
pca,5000,4224,-0.15261003,-0.15469399,5.0,B078T633Q9
pca,5000,4225,-0.11559196,-0.22895765,5.0,B08WJSHSLC
pca,5000,4226,0.026649047,-0.1365397,5.0,B0791TX5P5
pca,5000,4227,-0.25790897,-0.12461585,5.0,B075X8471B
pca,5000,4228,-0.0015068725,0.1489514,5.0,B01BRWH8G8
pca,5000,4229,-0.2846583,-0.050637014,5.0,B01K8B8YA8
pca,5000,4230,0.14355044,-0.08399552,5.0,B00QFY4JRA
pca,5000,4231,-0.09930992,0.07438402,3.0,B0774TF8WY
pca,5000,4232,0.16099684,-0.15844545,5.0,B07GP2ZDQ8
pca,5000,4233,0.011700749,-0.14425321,5.0,B01MZ8ZU42
pca,5000,4234,0.14520937,-0.19589333,5.0,B07CKQY7RN
pca,5000,4235,-0.22213057,-0.2191206,5.0,B01D4HTIOY
pca,5000,4236,0.010106653,0.048286367,5.0,B08H1SR1B3
pca,5000,4237,0.26950276,-0.35121763,5.0,B09ZTW2DJJ
pca,5000,4238,-0.25853,0.103382066,5.0,B07YY1DCHG
pca,5000,4239,0.2603764,-0.039374407,5.0,B08VRLPWQL
pca,5000,4240,-0.42479485,0.116970375,4.0,B0858N128P
pca,5000,4241,-0.06156059,0.012945671,5.0,B08DXJB77C
pca,5000,4242,0.14903812,-0.15109605,5.0,B08RD8K7ZG
pca,5000,4243,0.080412276,-0.23674925,5.0,B087R7MNBQ
pca,5000,4244,-0.3645687,-0.119515166,1.0,B07TGTSKSH
pca,5000,4245,0.018270694,-0.07604112,5.0,B0BJVP51YS
pca,5000,4246,-0.054810587,-0.19402298,5.0,B07TH2CYNT
pca,5000,4247,0.2811797,0.39684373,5.0,B099ZTR1GJ
pca,5000,4248,-0.042333815,-0.015965551,2.0,B07S764D9V
pca,5000,4249,-0.17458835,-0.14693609,1.0,B016UCB7G2
pca,5000,4250,-0.044331152,-0.17833735,5.0,B01M7VOJFW
pca,5000,4251,0.12734668,0.15253355,2.0,B000HVHYJW
pca,5000,4252,0.15064946,-0.195712,1.0,B0C211KFK4
pca,5000,4253,-0.25512555,-0.22246255,5.0,B09W4XDQ9Q
pca,5000,4254,0.14076778,-0.05299945,5.0,B0C6ML153J
pca,5000,4255,0.042283922,0.0045628287,5.0,B01AOODE18
pca,5000,4256,0.16138944,0.0012629107,3.0,B00006IAGZ
pca,5000,4257,0.028503777,-0.24409997,3.0,B00L0YLRUW
pca,5000,4258,0.054119226,-0.25017363,5.0,B00P8D9N52
pca,5000,4259,0.16763993,-0.23455544,5.0,B07PHQ93TV
pca,5000,4260,0.092286795,-0.071780935,5.0,B003VAGXZC
pca,5000,4261,0.060392097,-0.11682291,5.0,B07GPGVYGX
pca,5000,4262,-0.04889707,0.04304036,5.0,B09YVLCHCH
pca,5000,4263,0.19133998,-0.18741658,5.0,B07KPCRBTL
pca,5000,4264,-0.15761192,0.11745857,1.0,B009XHC70W
pca,5000,4265,0.1233955,-0.1954241,2.0,B08GWV46QP
pca,5000,4266,0.15147251,0.25693423,5.0,B09RH3B1YG
pca,5000,4267,0.25773597,0.26620555,5.0,B07CYG62HB
pca,5000,4268,-0.29808775,0.009087678,1.0,B013ZR5KJU
pca,5000,4269,-0.09394051,-0.083086014,3.0,B01LX3FJ8X
pca,5000,4270,-0.01688109,-0.19849227,3.0,B086VR9J8Q
pca,5000,4271,-0.063810706,-0.024606828,5.0,B07GZFM1ZM
pca,5000,4272,0.1017023,-0.11584997,2.0,B0BS2TMK39
pca,5000,4273,0.10348725,0.0543384,5.0,B003VAGXZC
pca,5000,4274,0.07622476,-0.124428436,2.0,B0B5R4Z5WH
pca,5000,4275,0.36665243,0.19449791,4.0,B07NPGGFYJ
pca,5000,4276,0.034124345,-0.15712386,4.0,B07N8VFFNS
pca,5000,4277,-0.12079412,-0.057685226,5.0,B074TC662N
pca,5000,4278,0.30706736,-0.3680564,5.0,B0791TX5P5
pca,5000,4279,-0.27451435,0.19211441,5.0,B073S582XZ
pca,5000,4280,-0.21053201,-0.12750496,1.0,B07H65KP63
pca,5000,4281,0.22520839,0.20253812,5.0,B07HQH7M9T
pca,5000,4282,0.0905003,0.16011806,5.0,B07F4P3JH7
pca,5000,4283,0.1792409,0.18829636,5.0,B09NW99FDL
pca,5000,4284,0.115586236,0.24974582,5.0,B09FXTQ32M
pca,5000,4285,-0.115396604,-0.047576584,3.0,B0C1Z6K266
pca,5000,4286,-0.42014325,0.09101781,5.0,B0B2K1C5TG
pca,5000,4287,0.10320689,-0.06387204,5.0,B08R5WKLD8
pca,5000,4288,-0.08030535,0.22057208,4.0,B08ZC74KH9
pca,5000,4289,0.12223604,0.19169714,5.0,B08FT8LKHC
pca,5000,4290,-0.3342945,0.08691494,4.0,B08SQ8QNPW
pca,5000,4291,-0.23684156,0.0897859,4.0,B087CGPX49
pca,5000,4292,0.16733518,0.10197313,4.0,B0BHT61RNB
pca,5000,4293,0.11970773,-0.0038265623,3.0,B07KR82DHG
pca,5000,4294,0.19817847,0.025320351,5.0,B000VL21KU
pca,5000,4295,0.050079513,-0.11801799,2.0,B07K2ZHN9C
pca,5000,4296,-0.028567825,0.10064839,1.0,B07JGT5HCW
pca,5000,4297,0.20785423,0.44885546,4.0,B07K9F16YG
pca,5000,4298,0.038265903,0.015831865,2.0,B07DLTYC6S
pca,5000,4299,-0.19989915,0.13649225,5.0,B07K8XPS7J
pca,5000,4300,-0.3403892,0.14958853,5.0,B083MMMKV5
pca,5000,4301,0.10778728,-0.05139111,5.0,B088W1VYR5
pca,5000,4302,0.047050387,-0.10989714,4.0,B09HVB9XJ7
pca,5000,4303,-0.14276086,0.13168707,4.0,B07B4915CX
pca,5000,4304,-0.28207693,0.12479122,5.0,B07PYHMYWV
pca,5000,4305,-0.36401933,-0.059803292,4.0,B07FLH7VLQ
pca,5000,4306,-0.41579026,0.10460292,5.0,B07FC9BNQL
pca,5000,4307,0.21138744,0.40473562,5.0,B07FP3LY47
pca,5000,4308,-0.10090034,0.15942824,5.0,B07JYZRZ3F
pca,5000,4309,0.12338431,0.1386797,2.0,B07B8QMNMV
pca,5000,4310,0.124649525,0.04867657,3.0,B01NGTX7X8
pca,5000,4311,0.22256607,0.34548372,5.0,B07CSPD27K
pca,5000,4312,0.18861227,0.2823379,4.0,B01M6C9CC3
pca,5000,4313,0.11723009,0.26466957,5.0,B071QWFRFG
pca,5000,4314,0.22777544,0.4863296,5.0,B079L8JS1G
pca,5000,4315,-0.30308515,-0.009748083,5.0,B073RZSTGL
pca,5000,4316,-0.21502283,0.035793666,5.0,B07C1QB53H
pca,5000,4317,-0.3956895,0.23101598,5.0,B079P9QV3C
pca,5000,4318,0.21121928,-0.070376664,3.0,B01N5C85GL
pca,5000,4319,-0.40593815,-0.008919988,5.0,B079V81NS8
pca,5000,4320,0.043128558,0.031553466,5.0,B073WY596L
pca,5000,4321,-0.393536,0.12483786,5.0,B074PP3ZPF
pca,5000,4322,-0.3720654,0.23320496,4.0,B0747LJMDJ
pca,5000,4323,0.04188795,0.04452529,5.0,B077RKPYCS
pca,5000,4324,0.3122296,0.33088142,5.0,B011I91K7S
pca,5000,4325,-0.061086368,0.22297338,5.0,B09RXJHHX7
pca,5000,4326,0.19036834,0.28482392,5.0,B09299G7TR
pca,5000,4327,-0.22584614,-0.06072485,5.0,B01IWIBJ6K
pca,5000,4328,-0.35575646,-0.030305825,5.0,B01K8B8YA8
pca,5000,4329,-0.11001383,0.021820214,5.0,B01LWVSFZ8
pca,5000,4330,0.20164916,0.48955056,5.0,B01N5Y1V39
pca,5000,4331,0.10754141,0.1023633,5.0,B01M4LZBOM
pca,5000,4332,0.0029720217,-0.10699618,5.0,B016W8XDY8
pca,5000,4333,0.13669652,-0.046357587,5.0,B00QOQU95K
pca,5000,4334,0.030776443,0.08509421,2.0,B07HL5SDPQ
pca,5000,4335,0.15988411,0.42327157,5.0,B00FQ1NO9W
pca,5000,4336,-0.25726622,0.27296707,5.0,B00DBRONZC
pca,5000,4337,0.1894922,0.6077585,4.0,B008E18PDG
pca,5000,4338,0.00592836,0.04546545,5.0,B009PK2MNY
pca,5000,4339,0.18800808,0.46566302,3.0,B01KTKFMFS
pca,5000,4340,-0.025154095,0.1330481,1.0,B08Y8K3JK5
pca,5000,4341,-0.13967605,0.21533196,5.0,B093BNHQFR
pca,5000,4342,0.062013067,-0.14347294,5.0,B07H65KP63
pca,5000,4343,0.25848693,-0.07320057,5.0,B086WVQ3KB
pca,5000,4344,0.13149625,-0.104809776,5.0,B098FZ19GX
pca,5000,4345,0.14907171,-0.06764446,1.0,B07C4ZPTYT
pca,5000,4346,-0.22452384,-0.04617531,2.0,B09WDS7KLW
pca,5000,4347,0.085048124,0.036926355,5.0,B01B6AN7WK
pca,5000,4348,-0.2515326,0.06458764,5.0,B008R79VMQ
pca,5000,4349,0.025652107,-0.07373272,3.0,B007LOSMS0
pca,5000,4350,-0.0028702393,-0.23482941,1.0,B008USBYMM
pca,5000,4351,0.07603641,-0.27060735,5.0,B07FXJD8W1
pca,5000,4352,-0.4324834,0.120663345,5.0,B013HSW4SM
pca,5000,4353,0.18943298,-0.05301921,4.0,B01J66NF46
pca,5000,4354,-0.31886268,-0.14241204,1.0,B08JSMB43D
pca,5000,4355,0.15650472,-0.07118179,5.0,B0BT22X92B
pca,5000,4356,0.2177587,0.088177115,3.0,B0B9LDXJ3X
pca,5000,4357,0.30441308,0.2727355,5.0,B08GLMFT79
pca,5000,4358,0.09305426,0.005611114,5.0,B07SHFPD8S
pca,5000,4359,0.12953176,-0.16223562,5.0,B0C876SJG6
pca,5000,4360,-0.13342603,-0.0638471,3.0,B075X8471B
pca,5000,4361,0.15016504,-0.06510269,5.0,B071RXTD57
pca,5000,4362,0.1406482,-0.3345489,5.0,B08CLNX58K
pca,5000,4363,0.26683658,-0.17225091,5.0,B00SC7GHSM
pca,5000,4364,-0.1590113,-0.4111508,5.0,B00O15BQC6
pca,5000,4365,-0.26441145,-0.22893187,1.0,B000VN32O2
pca,5000,4366,0.011855613,-0.10633056,4.0,B08PBPZB5Z
pca,5000,4367,-0.0035116225,-0.102078155,1.0,B07PHQ93TV
pca,5000,4368,-0.03447808,-0.058626883,1.0,B07HZLHPKP
pca,5000,4369,-0.064309776,-0.09121292,1.0,B07S9THRC5
pca,5000,4370,0.15763003,-0.044098724,1.0,B0C9LWR99P
pca,5000,4371,0.107271,-0.18978111,5.0,B0BSH231H2
pca,5000,4372,0.12169735,-0.30532002,5.0,B01HAVSPOY
pca,5000,4373,0.07156404,-0.29567093,5.0,B000067RG5
pca,5000,4374,0.046719793,-0.21430843,2.0,B00711ST5O
pca,5000,4375,0.14282939,-0.2696245,1.0,B0133U4MHU
pca,5000,4376,0.096976474,-0.06572123,1.0,B00KA3LS8K
pca,5000,4377,0.055655934,0.027213607,5.0,B00NNBQKA2
pca,5000,4378,0.02097248,-0.13076335,1.0,B00LEFU2EY
pca,5000,4379,-0.13577332,-0.045907285,1.0,B01F4H1DM2
pca,5000,4380,0.19380207,-0.23417267,5.0,B016NP71MA
pca,5000,4381,0.13710521,-0.19153333,1.0,B00NWQZK3Q
pca,5000,4382,0.045394544,0.02047982,5.0,B07454F4JH
pca,5000,4383,-0.2852892,-0.17240515,5.0,B07CZ2PZJM
pca,5000,4384,0.17413571,0.081429094,1.0,B0B7HTGNQK
pca,5000,4385,-0.06679362,-0.29425374,1.0,B00906E03I
pca,5000,4386,0.22369103,-0.33809102,5.0,B081R1QS8K
pca,5000,4387,0.1810601,-0.22160608,5.0,B08X2LQYZR
pca,5000,4388,0.08172196,-0.17829797,5.0,B076WQHK2G
pca,5000,4389,0.08172196,-0.17829797,5.0,B07QVCZQ7N
pca,5000,4390,0.08172196,-0.17829797,5.0,B087F362BX
pca,5000,4391,0.08172196,-0.17829797,5.0,B07FMQ4YR7
pca,5000,4392,0.08172196,-0.17829797,5.0,B08HS9ZWQL
pca,5000,4393,0.08172196,-0.17829797,5.0,B08FPD1938
pca,5000,4394,0.08172196,-0.17829797,5.0,B08B1WQY3D
pca,5000,4395,0.08172196,-0.17829797,5.0,B08DLSLCF3
pca,5000,4396,0.08172196,-0.17829797,5.0,B07GNK18VJ
pca,5000,4397,-0.12408456,-0.17154016,5.0,B0B6DPD19Z
pca,5000,4398,0.28124747,-0.33808762,5.0,B072J983PB
pca,5000,4399,0.040463783,0.10296479,5.0,B07F4P3JH7
pca,5000,4400,0.16074395,-0.093653366,5.0,B076BBWMDJ
pca,5000,4401,0.2984135,-0.39103854,5.0,B0043C0HJA
pca,5000,4402,0.14776865,-0.20548834,5.0,B07HWJ9TKL
pca,5000,4403,0.2630525,-0.19331293,5.0,B0711ZKF75
pca,5000,4404,0.08067112,-0.27972338,5.0,B0C26NRH8Z
pca,5000,4405,-0.32182023,0.1259693,3.0,B0BHNC2ZYV
pca,5000,4406,0.20869549,0.42487916,5.0,B07S8WB3BR
pca,5000,4407,-0.13416423,-0.18446971,1.0,B09BJJTKLK
pca,5000,4408,-0.0074514,0.16118667,5.0,B08TC81YQG
pca,5000,4409,-0.052435134,-0.020066088,1.0,B0BBGK39G4
pca,5000,4410,0.05682872,0.10730295,1.0,B08T9T4C7J
pca,5000,4411,-0.020888384,0.32315055,4.0,B0B4F9H4DF
pca,5000,4412,0.28017497,0.25798208,3.0,B0B47D3S6T
pca,5000,4413,0.0015063994,-0.28662774,1.0,B09M8LN19F
pca,5000,4414,0.073379554,0.10811034,5.0,B09NQ7151V
pca,5000,4415,-0.051746387,-0.094006546,3.0,B0933G71SZ
pca,5000,4416,0.14843114,0.32968092,1.0,B09GDD648C
pca,5000,4417,0.07659351,0.32569262,1.0,B0BVYB9NVD
pca,5000,4418,-0.08037731,0.15288155,1.0,B0BVY4JVNG
pca,5000,4419,-0.0177854,0.0089769885,5.0,B0BVY5RHRR
pca,5000,4420,-0.42294496,0.2184115,2.0,B0BLVYRWTX
pca,5000,4421,0.012311298,-0.038174316,4.0,B0BWYPV5NY
pca,5000,4422,-0.112978205,0.06368336,2.0,B07LG4FYVR
pca,5000,4423,-0.30923402,0.09880754,5.0,B07ZQC6B9D
pca,5000,4424,-0.38107672,0.043115925,5.0,B078H4YD2L
pca,5000,4425,-0.039917704,0.20513198,5.0,B07P5JV6HT
pca,5000,4426,-0.103843644,0.12115815,1.0,B08M8Y6473
pca,5000,4427,-0.055907566,-0.038686115,5.0,B01IEU7UZ0
pca,5000,4428,0.07572062,0.014368128,1.0,B0883DTP6L
pca,5000,4429,0.18280265,0.30785847,1.0,B01MFBM684
pca,5000,4430,0.1135841,-0.07620672,5.0,B0BHMN1T7B
pca,5000,4431,0.1340977,-0.25760236,5.0,B073S3WQQH
pca,5000,4432,-0.29096776,-0.2268803,1.0,B01DLCQZGG
pca,5000,4433,0.07970869,-0.28461927,4.0,B0BGMZZMZN
pca,5000,4434,-0.35926154,0.0051941797,5.0,B00WSLYQ7C
pca,5000,4435,-0.29442105,-0.10191433,5.0,B00IOG3URW
pca,5000,4436,-0.19129756,-0.00801841,5.0,B003KPBRRW
pca,5000,4437,0.16529009,-0.01568061,5.0,B0063N7UGA
pca,5000,4438,-0.19949351,-0.06703606,5.0,B004MFBH8S
pca,5000,4439,-0.0079740025,0.04445922,1.0,B0009RKLMG
pca,5000,4440,-0.017474804,-0.15457292,5.0,B001GGAIGI
pca,5000,4441,-0.09373811,-0.22718696,5.0,B001DVZXC0
pca,5000,4442,0.2987903,0.27373484,5.0,B08SHKWV8L
pca,5000,4443,0.20716608,0.20041658,1.0,B078JCWJ9Z
pca,5000,4444,0.10845834,-0.20546582,3.0,B01CIEBS74
pca,5000,4445,0.09094284,0.22606033,1.0,B01K6PBIRC
pca,5000,4446,0.05857075,0.07338534,1.0,B01A08E70K
pca,5000,4447,0.059005015,0.03945109,5.0,B00A83I8G2
pca,5000,4448,0.08281779,0.2677284,5.0,B00GA2PELW
pca,5000,4449,0.066978745,0.043562803,5.0,B00B8KXLT8
pca,5000,4450,0.16447623,-0.063663915,1.0,B0BYPFJKT7
pca,5000,4451,0.03649806,0.08505139,5.0,B008J0Z9TA
pca,5000,4452,0.11632216,0.21277568,5.0,B00AW4O0M8
pca,5000,4453,0.09558803,0.32408893,5.0,B004V9F61O
pca,5000,4454,0.048840035,0.13462268,5.0,B004Q3C98S
pca,5000,4455,0.10247429,0.10299343,1.0,B00825C0PS
pca,5000,4456,0.16148856,0.27493578,5.0,B0777SJZ55
pca,5000,4457,-0.045410413,0.11773516,5.0,B0043T7FXE
pca,5000,4458,0.058246806,-0.15457386,1.0,B01J94SWWU
pca,5000,4459,0.016508609,-0.06469677,5.0,B08XKBPPM3
pca,5000,4460,0.009401055,0.050018374,3.0,B005HGILN0
pca,5000,4461,-0.032513406,-0.10384311,4.0,B0C36JWCCM
pca,5000,4462,-0.12123963,-0.10191664,5.0,B09JQMJHXY
pca,5000,4463,0.08992149,-0.19951013,5.0,B0097BEFWC
pca,5000,4464,-0.10266881,0.03692596,3.0,B09L44Z63L
pca,5000,4465,-0.031962987,-0.020621818,5.0,B0B7RL1835
pca,5000,4466,-0.108805254,-0.13451815,5.0,B07H65KP63
pca,5000,4467,0.08202432,0.05824467,5.0,B07JMQP6T6
pca,5000,4468,0.20284458,0.098943114,5.0,B094QBNBC4
pca,5000,4469,0.013660377,-0.19530725,5.0,B07H65KP63
pca,5000,4470,-0.16039513,-0.2248764,5.0,B0C26NRH8Z
pca,5000,4471,-0.032307122,-0.30942583,5.0,B09TKC23YB
pca,5000,4472,-0.1967516,0.09259181,5.0,B095H4PGJ5
pca,5000,4473,0.022792224,-0.3738927,5.0,B0778MP49B
pca,5000,4474,-0.3122194,0.032003466,5.0,B0787KLT56
pca,5000,4475,-0.06739603,-0.21233009,5.0,B00ZVJAF9G
pca,5000,4476,0.14058226,0.23207599,5.0,B013DN53WU
pca,5000,4477,0.05997494,0.13795272,5.0,B00PVIBIN4
pca,5000,4478,0.14982225,-0.035701364,5.0,B01F69ARK2
pca,5000,4479,0.056524895,-0.17413357,5.0,B00MWZTWJG
pca,5000,4480,0.15189765,-0.04660637,5.0,B07RYN4ZVL
pca,5000,4481,-0.32380766,-0.06916043,5.0,B07FM4HKWN
pca,5000,4482,0.12202151,-0.078685045,5.0,B0C61QZ71T
pca,5000,4483,0.02730146,-0.12139818,1.0,B0BX86Q6PB
pca,5000,4484,-0.20159245,0.05681031,5.0,B00BCSYZSW
pca,5000,4485,-0.34882632,0.20081761,5.0,B00BONB8FS
pca,5000,4486,0.055684194,-0.029005073,5.0,B003U46SWC
pca,5000,4487,0.055430822,0.10715523,5.0,B0BC8KWS2Q
pca,5000,4488,0.33009696,0.42568526,5.0,B0BY98CSFT
pca,5000,4489,0.27454755,0.3921732,5.0,B0BRTPJ8FW
pca,5000,4490,-0.3954068,-0.047378264,5.0,B0BCF1BSXK
pca,5000,4491,-0.46042624,-0.046874277,5.0,B08G6KK3L6
pca,5000,4492,-0.15527722,-0.057784393,5.0,B07HZLHPKP
pca,5000,4493,0.30451754,-0.01217223,1.0,B06XW7T3WD
pca,5000,4494,-0.0065794066,0.031593468,1.0,B0B8J17B9L
pca,5000,4495,0.14269356,-0.2698496,5.0,B0BN1LF4PS
pca,5000,4496,0.19498235,-0.07880996,5.0,B0822D8551
pca,5000,4497,0.13684571,0.15879601,5.0,B0B2K25S5S
pca,5000,4498,-0.027594496,0.015913736,4.0,B08G1NNG1W
pca,5000,4499,-0.120616466,0.06272407,5.0,B0C4P11F1C
pca,5000,4500,-0.090076774,0.026957441,4.0,B0895N285F
pca,5000,4501,-0.04770017,-0.048238426,5.0,B0CDCF3MLP
pca,5000,4502,-0.010316692,0.19622768,4.0,B09Y1PSVTB
pca,5000,4503,0.059159424,0.14520977,4.0,B087Q5XTK9
pca,5000,4504,0.1243476,-0.03609155,5.0,B0C447ZT7H
pca,5000,4505,0.18326718,0.1432122,4.0,B087LS8ZRV
pca,5000,4506,-0.1433856,0.16274886,5.0,B08LPJL3KB
pca,5000,4507,-0.08723633,-0.009524921,5.0,B08CV271C7
pca,5000,4508,0.009473173,0.17991,4.0,B08K42MJFP
pca,5000,4509,-0.3243826,0.10051611,5.0,B08Q2WMGKP
pca,5000,4510,-0.18822539,0.20878147,5.0,B08HM2TBPN
pca,5000,4511,-0.1295377,0.1545742,5.0,B08HS2ZCMB
pca,5000,4512,0.071773365,-0.10779145,5.0,B08QV1HG4S
pca,5000,4513,-0.12507725,-0.04727535,5.0,B08HCDV6TT
pca,5000,4514,-0.13266486,-0.00091246143,5.0,B08FD2XKWH
pca,5000,4515,0.042361118,0.28020683,5.0,B08GX2YF4D
pca,5000,4516,-0.11269684,-0.035038933,5.0,B08CDD6PCW
pca,5000,4517,0.042077526,-0.03141927,4.0,B08315RYD4
pca,5000,4518,-0.23416963,0.022846311,5.0,B09LQ4FCD6
pca,5000,4519,-0.124076694,0.109308496,5.0,B08BC9J8QQ
pca,5000,4520,-0.29347652,0.046361756,5.0,B0B23LRBRP
pca,5000,4521,-0.13217038,-0.102472335,5.0,B09WKF4TZ4
pca,5000,4522,-0.01892817,0.020116113,5.0,B08DCSS6LH
pca,5000,4523,-0.05936202,0.10937449,5.0,B08BJ8TBZ4
pca,5000,4524,0.04962559,0.1033832,4.0,B08MFWGDH1
pca,5000,4525,0.048187837,0.19000427,4.0,B09LH8BBBK
pca,5000,4526,-0.12460388,0.12836681,4.0,B08C4NSZQK
pca,5000,4527,-0.15463401,0.042599183,5.0,B087T7T8Z7
pca,5000,4528,-0.14529982,-0.09468018,5.0,B08N3ZWCN8
pca,5000,4529,-0.20120071,0.07343064,5.0,B087TCTMKV
pca,5000,4530,0.03422454,0.1515618,4.0,B088K166SR
pca,5000,4531,-0.08658999,0.09475866,4.0,B08C5GPVP2
pca,5000,4532,-0.11723739,-0.040101625,5.0,B08P1YXVNR
pca,5000,4533,-0.3571298,-0.046493847,4.0,B0931DYBX5
pca,5000,4534,0.024167182,0.06396997,4.0,B08FG7X8TL
pca,5000,4535,-0.067127034,-0.21164203,5.0,B0BKG4RT1F
pca,5000,4536,0.058427535,0.08805868,4.0,B081VT2CPW
pca,5000,4537,0.20778605,0.1602068,5.0,B07Z7ZWC6S
pca,5000,4538,-0.07135601,0.21871093,5.0,B0859TMPHT
pca,5000,4539,-0.26905078,-0.1343398,4.0,B07XQ325Y3
pca,5000,4540,-0.08922815,0.17962033,5.0,B084Z66SFG
pca,5000,4541,-0.112550825,0.09536515,4.0,B09Y2SCDB2
pca,5000,4542,0.21131979,0.060931634,5.0,B07ZNQZC9W
pca,5000,4543,-0.16500726,-0.1486497,4.0,B0BVV61JV3
pca,5000,4544,0.13113266,-0.03457573,5.0,B083XSR7Z6
pca,5000,4545,0.02569947,0.17566042,5.0,B082WCKGD8
pca,5000,4546,0.0077770613,0.31255904,4.0,B083SG6P3J
pca,5000,4547,-0.0904772,-0.19755024,5.0,B0C45YWP9R
pca,5000,4548,-0.21178052,-0.24074431,5.0,B07ZWYLVNY
pca,5000,4549,-0.2329185,0.027818207,4.0,B07ZVG36ZR
pca,5000,4550,0.061481226,0.1515172,5.0,B0823BYWGN
pca,5000,4551,0.13136615,0.23023456,5.0,B083169BMW
pca,5000,4552,0.30805096,0.49616697,5.0,B0814BN42P
pca,5000,4553,-0.0034451485,0.040297266,5.0,B0B28GXPRR
pca,5000,4554,0.28566524,0.3454639,5.0,B07YJXWDJP
pca,5000,4555,-0.32308313,0.055050906,4.0,B08LYFRFDK
pca,5000,4556,0.023780871,0.08698532,5.0,B0814TG59P
pca,5000,4557,-0.11630629,0.16760805,5.0,B0773LJBZ5
pca,5000,4558,0.019825172,-0.029772284,5.0,B07WL1RMZK
pca,5000,4559,-0.11468378,0.2295261,4.0,B07Q8N8BN8
pca,5000,4560,-0.057019066,0.16342382,5.0,B07TX1M942
pca,5000,4561,0.03747996,0.14706174,5.0,B07R3QL594
pca,5000,4562,-0.3479026,0.24903437,5.0,B07QXJZ6HR
pca,5000,4563,-0.057043854,0.07400504,4.0,B07PVG3ZW3
pca,5000,4564,-0.068910986,-0.015914934,4.0,B0891X1KDY
pca,5000,4565,0.16463573,0.21257938,4.0,B07S1FMVKG
pca,5000,4566,-0.117024794,0.09959079,3.0,B0BJ7QMYBF
pca,5000,4567,0.04755302,-0.0101385135,4.0,B07Q1DPGWM
pca,5000,4568,0.00032982603,0.11737199,5.0,B07LFWRL26
pca,5000,4569,0.048419647,-0.0133731365,4.0,B07PVM4YSX
pca,5000,4570,-0.074918255,0.13454972,4.0,B0BXPGHMN6
pca,5000,4571,0.24304071,0.15048172,5.0,B09WHPJZD3
pca,5000,4572,0.044133097,-0.0928579,4.0,B08D8XN6C2
pca,5000,4573,0.08688559,0.0067777894,4.0,B0B9HF8KDV
pca,5000,4574,0.18292968,0.35855204,4.0,B06ZYB8VD7
pca,5000,4575,0.056181658,0.034098167,5.0,B07HF1TZ1X
pca,5000,4576,0.18140276,0.16034122,5.0,B07DND2W6W
pca,5000,4577,-0.03469729,0.18719304,4.0,B0BG27Y7DY
pca,5000,4578,-0.0061207637,-0.007834654,4.0,B079YGJ9XL
pca,5000,4579,0.13332593,0.14401183,5.0,B076B3Q8JR
pca,5000,4580,-0.37406832,0.10778177,3.0,B077P4WWHV
pca,5000,4581,-0.395805,0.19903596,5.0,B0778PCW73
pca,5000,4582,0.03047107,-0.012331493,4.0,B071XY12YY
pca,5000,4583,-0.33001363,0.038245764,5.0,B0764DQM28
pca,5000,4584,-0.08171043,-0.0702497,5.0,B06XDH6XL3
pca,5000,4585,0.1934456,0.2805953,5.0,B06WD61CF5
pca,5000,4586,0.127721,0.33542964,5.0,B01MS79LGW
pca,5000,4587,-0.15882583,0.07963163,4.0,B01N526C57
pca,5000,4588,-0.017854001,-0.012818405,5.0,B07ZPPR4DH
pca,5000,4589,-0.35136756,-0.00065908954,5.0,B01DM7AEKI
pca,5000,4590,-0.07427226,0.029669564,5.0,B01BD79DSS
pca,5000,4591,-0.3649644,0.009059817,5.0,B0156KV764
pca,5000,4592,0.16560677,0.20429888,4.0,B00UAN79KQ
pca,5000,4593,0.18967317,0.32370943,5.0,B00U5ROEIW
pca,5000,4594,-0.09424451,-0.11122796,4.0,B00SOXMCCO
pca,5000,4595,0.110218,0.44412097,5.0,B01BJLCN94
pca,5000,4596,-0.1028202,0.083122924,3.0,B00O90HI3Y
pca,5000,4597,-0.073684305,0.023289662,4.0,B00GTRVO12
pca,5000,4598,-0.0276925,0.23533508,5.0,B07MFZMQHP
pca,5000,4599,-0.37839898,-0.043437585,5.0,B00I59VBH4
pca,5000,4600,0.09785374,0.2302297,5.0,B00ANG3T1S
pca,5000,4601,0.15571146,0.42214212,4.0,B00EZBY6F0
pca,5000,4602,0.12226193,0.3161,5.0,B00EN9Q35A
pca,5000,4603,-0.321799,0.030446913,5.0,B00BF9I0JI
pca,5000,4604,-0.24984455,0.13131739,5.0,B00CACUZF6
pca,5000,4605,0.18690884,0.33405212,4.0,B009YQ8BTI
pca,5000,4606,0.12764782,0.052207325,4.0,B008RW6QHY
pca,5000,4607,-0.46520492,0.23424023,4.0,B0094S37GS
pca,5000,4608,0.24064857,0.26906973,4.0,B002MCZ2L6
pca,5000,4609,0.18448378,0.36064473,4.0,B00AFSNGAI
pca,5000,4610,-0.013199531,0.0731412,4.0,B006ZGB58Y
pca,5000,4611,-0.01674094,0.1041109,4.0,B0013G04AQ
pca,5000,4612,-0.2744806,0.07939102,5.0,B003LNNOCO
pca,5000,4613,0.17394489,0.2918563,5.0,B004JMZPJQ
pca,5000,4614,0.23868646,0.49494722,5.0,B0079T724W
pca,5000,4615,-0.018471234,-0.10722223,3.0,B007CRWQ74
pca,5000,4616,-0.48343036,0.11872177,5.0,B007K3SB6K
pca,5000,4617,0.16760445,0.24837294,5.0,B003ES61EE
pca,5000,4618,-0.48134735,0.08406241,4.0,B005FVDTAW
pca,5000,4619,-0.47802553,0.10163295,3.0,B004JU0E08
pca,5000,4620,-0.46305475,0.07810305,5.0,B002YOENAS
pca,5000,4621,-0.052737515,0.027914874,4.0,B004K1EZDS
pca,5000,4622,0.091884226,0.104384825,4.0,B004I1KJ8U
pca,5000,4623,0.17815088,0.28529912,5.0,B00267SENK
pca,5000,4624,0.22535737,0.49164852,4.0,B004AM625G
pca,5000,4625,-0.4559083,0.11427702,4.0,B0041HXGIQ
pca,5000,4626,-0.505685,-0.18650162,3.0,B001D559Y8
pca,5000,4627,0.17055932,0.032706436,5.0,B0033A7K7A
pca,5000,4628,-0.06856485,-0.044129238,5.0,B0013F6HK8
pca,5000,4629,-0.35673115,-0.13142443,4.0,B0C39XH7F7
pca,5000,4630,-0.037014786,-0.095705286,1.0,B07N86MCD2
pca,5000,4631,-0.35353044,-0.08793986,1.0,B00AFGP5MM
pca,5000,4632,-0.2107271,0.008920912,5.0,B07Z9X3397
pca,5000,4633,0.12415117,0.085591525,5.0,B07S83DXDK
pca,5000,4634,0.038704235,-0.25825593,5.0,B06W568Y6C
pca,5000,4635,0.17691688,-0.41540518,5.0,B07H65KP63
pca,5000,4636,0.16444187,-0.019180328,4.0,B0C5S13X5W
pca,5000,4637,-0.29234964,-0.14180781,1.0,B083LC9WMB
pca,5000,4638,-0.30544397,-0.21417522,5.0,B097MPYBR7
pca,5000,4639,0.3217297,-0.10459627,3.0,B082TNQZYQ
pca,5000,4640,0.0024130642,0.1349441,5.0,B07MFZ9MHM
pca,5000,4641,0.092899434,-0.1568096,5.0,B075X8471B
pca,5000,4642,0.08358672,-0.23558922,4.0,B076F4MWJ2
pca,5000,4643,0.2642962,0.20652719,5.0,B078XRNNDG
pca,5000,4644,0.2569274,0.06650846,5.0,B01BFIBRIE
pca,5000,4645,0.08015625,-0.071276724,5.0,B01BRWH8G8
pca,5000,4646,0.2666707,-0.013510497,3.0,B0BB2LBQJ9
pca,5000,4647,0.1711063,0.30741394,5.0,B0995VY79Y
pca,5000,4648,0.18396235,0.20255516,5.0,B08SQKZDKR
pca,5000,4649,0.2857722,-0.015359888,5.0,B07D1MFR2V
pca,5000,4650,0.11986716,-0.0020541772,5.0,B091GFZJRT
pca,5000,4651,0.16722889,-0.06659043,5.0,B07TLVMRNW
pca,5000,4652,-0.27974293,0.101370275,5.0,B07TJLM1YM
pca,5000,4653,-0.063430324,0.012432944,5.0,B078W4T2SS
pca,5000,4654,0.28477877,0.02103661,5.0,B07L63NVK4
pca,5000,4655,0.2102582,-0.13227817,3.0,B075QCZRXY
pca,5000,4656,0.231013,0.09234196,5.0,B09ZQ4GHM8
pca,5000,4657,0.31490594,-0.36197907,5.0,B0C4T2HF5W
pca,5000,4658,0.42178193,0.11107354,5.0,B01HCGZY50
pca,5000,4659,0.27139035,0.21684235,5.0,B09G2SP42N
pca,5000,4660,0.2091215,-0.118361324,1.0,B00G2UBWGI
pca,5000,4661,-0.00039246306,-0.1813026,5.0,B07LF54F6H
pca,5000,4662,0.04936857,0.18763232,5.0,B077XVH192
pca,5000,4663,0.26659685,0.021442153,1.0,B07BSJCMGS
pca,5000,4664,0.026016014,-0.26650614,5.0,B01ETRH0AM
pca,5000,4665,-0.1442053,0.21134762,5.0,B07V3RB9C1
pca,5000,4666,0.036006402,0.07302275,5.0,B075WD3YHX
pca,5000,4667,-0.31294683,-0.056021832,4.0,B09F5PVRQD
pca,5000,4668,-0.39890414,-0.068172045,5.0,B0B787CN26
pca,5000,4669,-0.14142698,0.018781569,5.0,B01I8VCDX4
pca,5000,4670,-0.060373913,-0.10773176,1.0,B0199HAOAU
pca,5000,4671,-0.03107718,0.08444895,5.0,B0761T4DHF
pca,5000,4672,-0.22270599,-0.14722854,5.0,B013CV95J0
pca,5000,4673,0.084254235,0.039331112,3.0,B07P374FF3
pca,5000,4674,-0.20533459,-0.27646163,5.0,B00RFLXE0A
pca,5000,4675,0.059703454,0.10963605,4.0,B018SZT3BK
pca,5000,4676,-0.10363141,-0.12002641,5.0,B00QGOQ2BA
pca,5000,4677,-0.112345725,-0.15371121,5.0,B01N0FGGBR
pca,5000,4678,-0.040121827,-0.092066996,5.0,B00TIYNGBY
pca,5000,4679,-0.13520557,-0.064810336,5.0,B08J91XPGV
pca,5000,4680,0.011176147,0.03855698,5.0,B00BH61UV4
pca,5000,4681,0.004109528,-0.33514923,1.0,B09J49WZXQ
pca,5000,4682,0.08447794,-0.16516426,4.0,B00O8NVPBI
pca,5000,4683,-0.3218565,-0.19738343,5.0,B001THL8SQ
pca,5000,4684,0.0673321,0.17775418,5.0,B01CXIFOU2
pca,5000,4685,-0.18995728,-0.07220979,5.0,B00LMRP6UY
pca,5000,4686,0.151379,0.24600643,4.0,B098Q3L9NJ
pca,5000,4687,0.15808162,-0.10818896,1.0,B07H4SVXYP
pca,5000,4688,0.2774937,-0.10730955,3.0,B09BQLWBR3
pca,5000,4689,-0.07380408,-0.28100225,1.0,B00NR1EHP8
pca,5000,4690,-0.30523452,0.055497978,5.0,B00FO0IHMY
pca,5000,4691,0.031055165,0.1389477,4.0,B00QRPPCMI
pca,5000,4692,0.021637,-0.1500345,4.0,B0B2V9KS41
pca,5000,4693,-0.09193799,-0.12424676,5.0,B081498PMW
pca,5000,4694,0.26722404,0.3066217,2.0,B07PG6YW52
pca,5000,4695,0.05756951,0.04860535,5.0,B0794ZR7T8
pca,5000,4696,0.27051,0.301308,5.0,B07FMBYFD1
pca,5000,4697,0.057983905,0.22797036,3.0,B07PSGC87H
pca,5000,4698,0.097021654,-0.09180448,5.0,B08YFJYD5Z
pca,5000,4699,-0.1475714,0.23711452,5.0,B008KRZDYI
pca,5000,4700,-0.2546374,0.10659626,2.0,B08TZX2DW5
pca,5000,4701,0.18868667,-0.44781682,5.0,B0041OTZAM
pca,5000,4702,-0.16248883,-0.3426502,1.0,B09L7HBXYC
pca,5000,4703,0.039664976,0.025175534,1.0,B08XQCYPJ3
pca,5000,4704,0.026745517,0.17862922,5.0,B0BNSWXKFB
pca,5000,4705,-0.17901944,-0.07858242,5.0,B0C5S4MXKF
pca,5000,4706,0.26266205,0.4532375,4.0,B017EHRZX6
pca,5000,4707,0.2431203,0.50037843,2.0,B088LWZRQ8
pca,5000,4708,-0.03483348,0.1460554,4.0,B00GYP8MA0
pca,5000,4709,0.0072217807,0.10768098,5.0,B07TKVB64D
pca,5000,4710,0.16427022,0.044842,5.0,B014TUZ92U
pca,5000,4711,-0.04545663,0.098957,5.0,B011BRUOMO
pca,5000,4712,0.18623838,0.1432343,5.0,B00S05R5QY
pca,5000,4713,0.14807157,-0.330488,5.0,B07KTYJ769
pca,5000,4714,0.06373307,-0.09725845,5.0,B07SGBZF17
pca,5000,4715,-0.22786057,0.1572421,5.0,B078H4694S
pca,5000,4716,0.02129935,-0.23428762,5.0,B075JZNHTD
pca,5000,4717,0.20941468,-0.21003631,5.0,B01L73OEOG
pca,5000,4718,-0.15849301,0.20174068,5.0,B01DOW5RTO
pca,5000,4719,-0.23059946,-0.09484111,5.0,B01LZV6TYQ
pca,5000,4720,-0.034702946,-0.03467292,5.0,B01FJPACGC
pca,5000,4721,0.16144614,-0.23388897,2.0,B017NHHZ4G
pca,5000,4722,0.11054778,0.032863203,5.0,B07P374FF3
pca,5000,4723,0.12233105,-0.08337482,5.0,B00BT6NZLA
pca,5000,4724,-0.08366884,-0.028323522,4.0,B004I2KA4M
pca,5000,4725,0.18232635,0.005528085,5.0,B00CRQUKQ4
pca,5000,4726,0.15623124,-0.2545201,5.0,B098ZZWTC5
pca,5000,4727,0.18858218,0.050952505,4.0,B0BLMPQL2D
pca,5000,4728,0.25767606,0.41144595,5.0,B0079EZRGC
pca,5000,4729,0.11898349,-0.030054422,5.0,B00BQM8S2S
pca,5000,4730,0.122587204,0.12045647,5.0,B0051VVOB2
pca,5000,4731,0.2286605,0.21153751,5.0,B009AOGJDE
pca,5000,4732,0.089098,-0.25182512,5.0,B07NSWGL41
pca,5000,4733,-0.21081108,-0.15496513,5.0,B011CUSX3C
pca,5000,4734,0.013082318,-0.264618,5.0,B08N9DPW69
pca,5000,4735,-0.027995955,-0.120017275,4.0,B0BM2YG2K7
pca,5000,4736,0.21354116,0.1478211,5.0,B071FXZBMV
pca,5000,4737,-0.058283683,0.25271532,4.0,B07BK59YYC
pca,5000,4738,-0.005695209,0.25591815,5.0,B0C1BVZHD1
pca,5000,4739,0.0051359944,0.23045424,3.0,B07W1Q3X7S
pca,5000,4740,-0.29775485,-0.06944582,4.0,B07CPNR79C
pca,5000,4741,0.032940947,0.113524035,5.0,B082Z2KZP8
pca,5000,4742,0.018384859,-0.29056674,4.0,B07PQJGCVT
pca,5000,4743,-0.15633227,-0.04747673,5.0,B00KDOUH0G
pca,5000,4744,-0.011963367,-0.082942545,4.0,B001FA1O18
pca,5000,4745,-0.010277797,-0.14709821,5.0,B005FM8UL4
pca,5000,4746,0.08201593,-0.21920952,5.0,B07KVP7TTW
pca,5000,4747,-0.09496404,-0.046239935,5.0,B091YNGYMT
pca,5000,4748,0.18392666,0.3543137,5.0,B00FJK0LDW
pca,5000,4749,0.026585383,-0.050882265,1.0,B002UUTCMU
pca,5000,4750,0.030708201,-0.2111206,1.0,B00WUWVO88
pca,5000,4751,-0.11639616,-0.18567446,2.0,B07HZLHPKP
pca,5000,4752,0.09797546,-0.10588598,4.0,B00N1XLAZC
pca,5000,4753,-0.1768808,-0.28498143,5.0,B01CCMUN8C
pca,5000,4754,0.09981363,0.20897724,4.0,B00BIFNTMC
pca,5000,4755,0.1761745,-0.02563324,5.0,B08FD79VFW
pca,5000,4756,0.199439,-0.09669419,5.0,B07TXJQC3J
pca,5000,4757,-0.19288832,0.22326598,3.0,B07CRKFF9C
pca,5000,4758,-0.05318557,-0.11649819,1.0,B075X8471B
pca,5000,4759,0.24048889,-0.22829963,5.0,B0736ZHMMK
pca,5000,4760,-0.20248549,-0.20057513,5.0,B09FDMGNQR
pca,5000,4761,0.04013566,-0.0033985823,5.0,B07NZ5F523
pca,5000,4762,0.1944964,-0.020143006,5.0,B0BQRNFHCV
pca,5000,4763,0.13876873,0.047222022,5.0,B00SF6VSVG
pca,5000,4764,0.31004003,0.15582286,5.0,B06XSGYL1Q
pca,5000,4765,-0.3874671,0.04818393,5.0,B07Y4WVD8L
pca,5000,4766,-0.14539595,0.2471723,5.0,B08HM51MMR
pca,5000,4767,-0.20111006,0.139454,5.0,B08H5LZRVS
pca,5000,4768,-0.15367217,-0.0013570487,5.0,B08H5DV1YC
pca,5000,4769,-0.0033696853,0.20086694,5.0,B08KTJC3P5
pca,5000,4770,-0.15320837,0.2006749,5.0,B09Y1PSVTB
pca,5000,4771,0.21062,0.41002896,5.0,B087Q5XTK9
pca,5000,4772,0.019396346,0.12410627,5.0,B083P66G5H
pca,5000,4773,0.026383752,0.0907121,5.0,B09BQQZQMM
pca,5000,4774,0.29137924,0.19650786,4.0,B082W1SWKC
pca,5000,4775,0.15897621,-0.019553244,4.0,B08CSHM6L3
pca,5000,4776,-0.03954118,0.15021625,4.0,B07921HW1Z
pca,5000,4777,0.23939893,0.13130574,5.0,B07X54PV85
pca,5000,4778,-0.26489535,0.170212,4.0,B07VSGQ62K
pca,5000,4779,-0.19908145,-0.060221802,5.0,B0BMQ999F8
pca,5000,4780,-0.1668451,-0.028507134,5.0,B07SCXM7BH
pca,5000,4781,-0.14055118,-0.10431124,4.0,B07M8RNRGT
pca,5000,4782,-0.13391599,0.08347884,5.0,B0BGPJNJBH
pca,5000,4783,-0.00973355,-0.047907155,1.0,B07RXXTZ6R
pca,5000,4784,-0.13680346,0.12551491,5.0,B07RF2123Z
pca,5000,4785,-0.039618175,0.22470045,5.0,B07FQ94LV7
pca,5000,4786,-0.3315082,-0.020680882,4.0,B07S479R2L
pca,5000,4787,-0.2789792,-0.034158207,4.0,B08TRD3FRW
pca,5000,4788,0.06913054,0.10811509,4.0,B07PVG3ZW3
pca,5000,4789,-0.011565585,0.07757725,4.0,B07YJ9L5MY
pca,5000,4790,-0.060691502,0.017279569,4.0,B07QKBV6TP
pca,5000,4791,-0.008926384,-0.008401034,5.0,B00JZFG6QS
pca,5000,4792,0.3128465,0.30237988,4.0,B07PPP7QMP
pca,5000,4793,-0.06509772,0.076176286,2.0,B07PCGV1FC
pca,5000,4794,0.11947569,0.105600715,5.0,B07JGSN975
pca,5000,4795,0.16514154,-0.014426885,2.0,B07M9K3122
pca,5000,4796,-0.2594882,0.08096337,3.0,B07N5XKK95
pca,5000,4797,0.090755016,0.17463319,4.0,B07G57SHSL
pca,5000,4798,0.0011222102,0.08440092,4.0,B07JX736SB
pca,5000,4799,-0.061533075,0.036774162,4.0,B07FZSR9JW
pca,5000,4800,-0.018321656,0.27150923,3.0,B07FDHN9V8
pca,5000,4801,-0.010710195,0.11974412,4.0,B07STM5GQG
pca,5000,4802,-0.09724578,0.17254288,4.0,B07BMX18JN
pca,5000,4803,0.042600237,0.21993569,5.0,B07N3B66YQ
pca,5000,4804,-0.19350186,-0.07524459,4.0,B07MC8C9LP
pca,5000,4805,-0.08499569,0.12220967,4.0,B07DN7XBN3
pca,5000,4806,-0.02144907,-0.044131443,1.0,B07MZRP64K
pca,5000,4807,-0.38565722,0.10281782,3.0,B07MCSKB9P
pca,5000,4808,-0.009588581,0.062001903,4.0,B0BXPGHMN6
pca,5000,4809,-0.15210892,0.03781778,5.0,B00QGOQ2BA
pca,5000,4810,-0.13239507,-0.047174,5.0,B0C1D3JB4R
pca,5000,4811,-0.03878292,-0.056988064,5.0,B07LCDQSVL
pca,5000,4812,0.15061925,0.0758791,5.0,B08Y929JZN
pca,5000,4813,0.17962354,0.17572561,4.0,B085QC3JXX
pca,5000,4814,-0.23552322,0.044234518,4.0,B07JW1YSRH
pca,5000,4815,0.2786769,0.3217484,4.0,B07KXWX1VY
pca,5000,4816,0.008991795,0.2028119,3.0,B0CBW96P7H
pca,5000,4817,-0.32845354,0.17713432,4.0,B07HT12PD5
pca,5000,4818,-0.30002478,0.03415774,4.0,B07HR7H4ML
pca,5000,4819,0.03255842,0.11437149,5.0,B0BC2STR39
pca,5000,4820,0.07099075,0.1862788,5.0,B0B6D4W3R7
pca,5000,4821,-0.0136181675,0.11099449,5.0,B0BG27Y7DY
pca,5000,4822,-0.0822445,0.08228563,5.0,B06WVQ7SQL
pca,5000,4823,0.007837247,0.20752223,4.0,B074HYNMWG
pca,5000,4824,0.16606694,0.37780795,5.0,B0722Y445X
pca,5000,4825,0.17746997,0.045514192,2.0,B00CRGJDD0
pca,5000,4826,-0.048640657,0.041471507,5.0,B06WP2Y7B4
pca,5000,4827,0.23524806,-0.013820441,5.0,B01AC402TM
pca,5000,4828,-0.15677302,-0.04179689,5.0,B01IOHQYDM
pca,5000,4829,0.24406566,0.31261155,5.0,B01CXP8AX8
pca,5000,4830,-0.11479299,0.037478935,5.0,B00PEW7NP4
pca,5000,4831,-0.07957992,0.016264997,5.0,B00TLEXZ8K
pca,5000,4832,-0.11479299,0.037478935,5.0,B00V5EMQAM
pca,5000,4833,0.12164059,0.054810587,5.0,B01BF11RJK
pca,5000,4834,0.12164059,0.054810587,5.0,B00ZVNTU6Q
pca,5000,4835,0.10896538,0.033614058,5.0,B01BF13LZ8
pca,5000,4836,0.10896538,0.033614058,5.0,B015IX72CM
pca,5000,4837,0.21798415,0.31418565,5.0,B017KF7WH6
pca,5000,4838,0.22671023,0.4274374,5.0,B00Y3DLTF0
pca,5000,4839,0.059832778,0.15442441,4.0,B00SSUWGQK
pca,5000,4840,-0.1740876,-0.029332617,5.0,B00M30SQL0
pca,5000,4841,-0.118692905,-0.062129777,5.0,B00BK0YRZS
pca,5000,4842,-0.07957992,0.016264997,5.0,B00MEIBYJM
pca,5000,4843,-0.07957992,0.016264997,5.0,B00PT90SCW
pca,5000,4844,-0.07957992,0.016264997,5.0,B00P9WGLCU
pca,5000,4845,-0.07957992,0.016264997,5.0,B00NZV0LP0
pca,5000,4846,-0.08154434,0.018270835,5.0,B00MOTL0Q8
pca,5000,4847,-0.20538175,-0.09883924,4.0,B00KVD6CJY
pca,5000,4848,0.27503508,0.20423263,4.0,B00LIC2FHA
pca,5000,4849,0.18007259,0.45242473,3.0,B00CNMYP0E
pca,5000,4850,-0.07057224,-0.12276697,3.0,B000JTL6QO
pca,5000,4851,0.10580088,-0.0074056387,4.0,B001FN14RE
pca,5000,4852,0.13019346,-0.031317562,4.0,B0046TVZSW
pca,5000,4853,0.16242877,0.022711787,5.0,B00IYOJD84
pca,5000,4854,-0.0808572,0.2239109,5.0,B00DGM6ZE4
pca,5000,4855,0.18932982,0.21498998,4.0,B00EUFP66Y
pca,5000,4856,0.34817204,0.48871353,5.0,B00E60PZFK
pca,5000,4857,-0.018657647,0.227326,5.0,B006UIFTTS
pca,5000,4858,0.2064298,0.30180305,4.0,B00BW0QC8G
pca,5000,4859,0.26114047,0.39762658,5.0,B00B29X7R6
pca,5000,4860,0.18675171,-0.118850425,2.0,B00A3G8ZIK
pca,5000,4861,-0.018475275,0.17284067,5.0,B00GPL2ZJ2
pca,5000,4862,-0.2525554,-0.07781987,4.0,B000068EAM
pca,5000,4863,-0.22107968,-0.05266662,4.0,B0001M2FYQ
pca,5000,4864,0.14791687,0.14412375,5.0,B0055D66V4
pca,5000,4865,-0.17379504,-0.14711091,5.0,B000XG8WV0
pca,5000,4866,0.15299243,0.4924526,4.0,B005EJLFXI
pca,5000,4867,0.2669717,0.43739614,4.0,B005EJLFXS
pca,5000,4868,0.2289467,0.38146845,4.0,B005G0CUP2
pca,5000,4869,0.10081053,-0.11172889,5.0,B0026FCXCU
pca,5000,4870,0.08627325,-0.0017515086,5.0,B002B55PR0
pca,5000,4871,0.10963428,0.00549471,5.0,B000N386VE
pca,5000,4872,0.1992036,-0.029113814,5.0,B0076LY2BY
pca,5000,4873,-0.15998112,-0.17845573,5.0,B007GNMNLS
pca,5000,4874,-0.041329574,-0.1387415,5.0,B007GNMMNM
pca,5000,4875,-0.23114982,0.15145732,5.0,B004YIZWYI
pca,5000,4876,0.18013851,-0.45890123,5.0,B08KZ1TZYB
pca,5000,4877,-0.2897532,-0.19240446,5.0,B00LICJZYQ
pca,5000,4878,-0.3158026,-0.020825265,5.0,B07TRQ9JSH
pca,5000,4879,0.08979216,-0.053909086,5.0,B016NFJFYC
pca,5000,4880,0.028858934,-0.2574139,1.0,B09XV3FW7H
pca,5000,4881,-0.28331017,-0.1136563,3.0,B0BRL1Z4WB
pca,5000,4882,-0.054972198,-0.15759692,1.0,B01GVOVB1A
pca,5000,4883,0.0270409,-0.18933941,1.0,B08LYQT6C6
pca,5000,4884,0.20258266,0.14832233,5.0,B08K2GBBY1
pca,5000,4885,0.0073423088,-0.09999263,5.0,B07KM2BW2P
pca,5000,4886,0.11943863,-0.069399804,5.0,B08F28DTVP
pca,5000,4887,0.2953334,0.016495023,5.0,B06WD7HC3C
pca,5000,4888,0.08958338,-0.18148078,5.0,B01MQFICHV
pca,5000,4889,0.0036992878,0.116558015,5.0,B0753GNMW2
pca,5000,4890,-0.02279083,-0.11259389,1.0,B095JX15XF
pca,5000,4891,0.13257597,-0.048374385,5.0,B0098USJJ2
pca,5000,4892,-0.24139112,-0.24444975,3.0,B088BG6512
pca,5000,4893,0.104794234,-0.19400437,5.0,B07SYZRRS2
pca,5000,4894,0.37686402,-0.008375848,5.0,B07R78QTJ3
pca,5000,4895,0.22006373,-0.23902711,5.0,B00RBG6OE2
pca,5000,4896,0.21974735,-0.38473246,5.0,B076PHPKML
pca,5000,4897,0.2845492,-0.3339888,5.0,B00OPTOKI0
pca,5000,4898,0.2237419,-0.31759503,5.0,B01985CJUG
pca,5000,4899,0.2064018,-0.19082856,5.0,B0779JLSB1
pca,5000,4900,-0.05017003,-0.33368963,5.0,B00TFGX35Y
pca,5000,4901,0.043633662,-0.26758954,5.0,B0013GJIBC
pca,5000,4902,0.11334564,0.2602151,1.0,B086Y77P1D
pca,5000,4903,0.08752732,-0.27454582,1.0,B0852JSP1W
pca,5000,4904,0.012741979,-0.2842716,1.0,B07JF2ZSC9
pca,5000,4905,-0.1782815,-0.19175836,5.0,B07H65KP63
pca,5000,4906,-0.41323975,-0.052504126,4.0,B0170RBJ9Q
pca,5000,4907,0.1404173,-0.35564741,5.0,B08G43DN5X
pca,5000,4908,0.25629508,-0.25659856,5.0,B07P6WSXBW
pca,5000,4909,-0.40573004,-0.0044957846,5.0,B07X6KGF9R
pca,5000,4910,0.13715628,0.39949778,5.0,B079D84TFQ
pca,5000,4911,-0.10314989,-0.094335884,5.0,B00N2ZDXW2
pca,5000,4912,-0.39813727,-0.18914199,4.0,B09F3H9RRY
pca,5000,4913,0.08502726,-0.10726194,5.0,B09YNVBNRT
pca,5000,4914,-0.35468596,0.0007260442,5.0,B0C338S8M7
pca,5000,4915,0.20532507,0.27697736,2.0,B01M71YIG3
pca,5000,4916,-0.14206357,-0.15228084,5.0,B07GZFM1ZM
pca,5000,4917,0.00024212152,-0.08322628,4.0,B075X8471B
pca,5000,4918,0.17756793,-0.42552397,5.0,B076YTXPC8
pca,5000,4919,0.1134595,-0.1693706,5.0,B0B17GGGGY
pca,5000,4920,-0.32399976,-0.07274551,5.0,B07C6FHTSH
pca,5000,4921,0.17825444,-0.059716545,5.0,B09N97CTTW
pca,5000,4922,-0.3807556,-0.13380726,1.0,B073VLYXRW
pca,5000,4923,0.29508188,-0.30389854,5.0,B0BHYZQ5LM
pca,5000,4924,0.29508188,-0.30389854,5.0,B09Y8VRNRV
pca,5000,4925,0.29508188,-0.30389854,5.0,B0BPHSS2PW
pca,5000,4926,0.15376943,-0.29513028,5.0,B09YPZWP36
pca,5000,4927,-0.40272516,0.06299561,5.0,B0B16HQ7NW
pca,5000,4928,-0.3894074,0.04786278,5.0,B0C2CJ136N
pca,5000,4929,-0.2977609,-0.04541153,5.0,B097ZY395L
pca,5000,4930,-0.0070107877,-0.11262575,4.0,B08FWXW5TC
pca,5000,4931,0.233235,0.29211012,5.0,B07N6YPCMZ
pca,5000,4932,-0.1935888,-0.15858383,5.0,B08NXWM3GK
pca,5000,4933,-0.14314215,0.28786808,5.0,B08BPG8YJ6
pca,5000,4934,-0.10189234,-0.059829332,3.0,B0BMJ4RFGT
pca,5000,4935,-0.08815095,-0.027271282,5.0,B08L588BBW
pca,5000,4936,-0.12738037,-0.08451368,5.0,B09XXVR2JT
pca,5000,4937,-0.07360834,-0.086951375,5.0,B09XXVR2JT
pca,5000,4938,-0.0711626,0.09292112,5.0,B07ZSD7CBJ
pca,5000,4939,0.06799106,-0.017665839,5.0,B09TD6YRS4
pca,5000,4940,-0.12484908,-0.07088817,5.0,B08HPHRXDT
pca,5000,4941,-0.07675724,-0.010105982,5.0,B0B5P8C87Y
pca,5000,4942,-0.053645205,-0.030074297,5.0,B084JSDR5B
pca,5000,4943,0.14045438,0.18333474,5.0,B095PVXLWJ
pca,5000,4944,-0.17102064,0.086232305,5.0,B08WLY6BPG
pca,5000,4945,0.013702378,0.16703586,5.0,B0B8W72ZG6
pca,5000,4946,0.030196514,0.054600675,5.0,B0BFFXDM1V
pca,5000,4947,-0.04612804,-0.08238383,5.0,B08QSLJKGX
pca,5000,4948,-0.14866321,-0.067372605,5.0,B0BN5D2G8G
pca,5000,4949,0.0042085983,-0.028098494,5.0,B093CFF943
pca,5000,4950,-0.08497727,-0.004236471,4.0,B09K3ZLPB5
pca,5000,4951,0.1721005,-0.021727629,5.0,B08H5S9QZ5
pca,5000,4952,-0.030916836,-0.069482654,5.0,B08RRS4W2D
pca,5000,4953,-0.13620418,0.00028827414,5.0,B08N3DHVS1
pca,5000,4954,-0.12412515,0.15305169,4.0,B0BV25ZQW3
pca,5000,4955,-0.41121486,0.0037148185,5.0,B0BDSZ2KT3
pca,5000,4956,-0.24471128,0.115072414,5.0,B08JWJG7WS
pca,5000,4957,-0.026242588,-0.044267293,5.0,B08R62YZ97
pca,5000,4958,-0.11519915,-0.014950652,5.0,B08T252MCJ
pca,5000,4959,-0.0830387,0.13605015,5.0,B087ZMWQB6
pca,5000,4960,-0.072340295,0.1769269,5.0,B08NDGD2V5
pca,5000,4961,-0.049149256,-0.1584095,5.0,B08PBQGJ2Q
pca,5000,4962,-0.12721995,0.16015683,5.0,B08R6936N6
pca,5000,4963,-0.4347778,0.07251482,5.0,B08SQ8QNPW
pca,5000,4964,-0.43276918,0.15235485,5.0,B08N63BCW8
pca,5000,4965,0.15968528,0.066210344,5.0,B08DR5MNNG
pca,5000,4966,-0.48965153,0.11521061,5.0,B0C4TNHV6H
pca,5000,4967,-0.09106442,0.033041168,5.0,B08PB9PFPY
pca,5000,4968,0.03982148,-0.0024060719,5.0,B08T91YHPW
pca,5000,4969,0.07989624,0.16425458,5.0,B09XHR8WDZ
pca,5000,4970,0.06780491,0.18206376,5.0,B08NJCDFPD
pca,5000,4971,-0.13175517,0.06296548,5.0,B08PCWHQ7W
pca,5000,4972,0.0054394566,-0.1189609,5.0,B08P3J2JP2
pca,5000,4973,-0.42966342,0.12533186,5.0,B08Q81H52F
pca,5000,4974,-0.08164649,0.25141603,5.0,B09X9BNL7K
pca,5000,4975,0.114830285,0.5220474,5.0,B086GFYLYF
pca,5000,4976,-0.055461507,0.13827012,5.0,B08T9T4C7J
pca,5000,4977,-0.16514847,-0.056954794,5.0,B0922SG3ZT
pca,5000,4978,-0.018472243,0.17652617,4.0,B0C68XNGG1
pca,5000,4979,-0.12555896,-0.09025889,5.0,B08V4FB3X3
pca,5000,4980,-0.105280146,-0.05920243,5.0,B0BS2SLDVY
pca,5000,4981,-0.33448035,0.019592673,4.0,B08DHCNQQ2
pca,5000,4982,-0.25806054,0.07677014,5.0,B089X3PYHP
pca,5000,4983,0.008597147,-0.0612953,5.0,B0BM3V5NTN
pca,5000,4984,-0.08040033,-0.0017019361,5.0,B07TXDLM8T
pca,5000,4985,-0.15814851,-0.060974024,5.0,B0BM3PMNM7
pca,5000,4986,-0.05391142,-0.07610534,5.0,B0B8F272SB
pca,5000,4987,-0.47849813,0.0739802,5.0,B08HMHP2BP
pca,5000,4988,-0.23285669,0.20084633,5.0,B092HWCDVW
pca,5000,4989,-0.3259258,0.13523558,5.0,B08P19WSDC
pca,5000,4990,-0.12526461,-0.015747465,4.0,B08R9J16VM
pca,5000,4991,0.10064627,0.09064935,5.0,B08J3T813G
pca,5000,4992,-0.005340103,0.011853922,4.0,B08H1H29F4
pca,5000,4993,0.048795104,0.12617977,5.0,B07DBSKWQ5
pca,5000,4994,-0.11863002,0.16892955,5.0,B08P5BMJ9D
pca,5000,4995,-0.180394,0.10117178,5.0,B09MHWMM15
pca,5000,4996,-0.34854606,0.1618695,5.0,B08L5LKVY7
pca,5000,4997,-0.088854164,0.03855968,5.0,B0874V465W
pca,5000,4998,-0.15437585,0.123245716,5.0,B095RSQWSQ
pca,5000,4999,-0.4234677,0.105370745,5.0,B081SLB69N
