method,n_samples,point_id,x,y,rating,parent_asin
fitsne,10000,0,6.035398003572544,31.211247609190966,3.0,B083NRGZMM
fitsne,10000,1,17.671012990587766,-37.88581720609856,1.0,B07N69T6TM
fitsne,10000,2,-9.674170699975676,-70.15923380775489,5.0,B01G8JO5F2
fitsne,10000,3,48.05759441115953,41.67458339506521,5.0,B001OC5JKY
fitsne,10000,4,-5.399749627297983,-59.78293679215265,5.0,B07CJYMRWM
fitsne,10000,5,-17.478297541466194,-42.243958815414715,5.0,B07CML419K
fitsne,10000,6,0.9856190530285682,-72.53661815707876,5.0,B07BHHB5RH
fitsne,10000,7,-15.434460345135694,-64.94899230865595,5.0,B09S6Y5BRG
fitsne,10000,8,38.08930981612133,-21.564314897926582,5.0,B01LW71IBJ
fitsne,10000,9,3.8857795220878417,-27.265608461886075,5.0,B017T99JPG
fitsne,10000,10,-63.851057630505046,-18.390615721167684,1.0,B00L0YLRUW
fitsne,10000,11,22.47633941952917,-25.90423440749609,3.0,B01HHURN3W
fitsne,10000,12,-5.270802319740278,-67.59899553216458,5.0,B004S2JX7W
fitsne,10000,13,-10.304799164234755,-38.30103791535965,3.0,B0047T79VS
fitsne,10000,14,17.591933674574996,-37.94118029191323,5.0,B00IXNUDG2
fitsne,10000,15,-62.89659578043641,-18.97905848455441,5.0,B00PVCXB4Y
fitsne,10000,16,-28.276802150954467,-12.374420570540993,5.0,B00X5C22SS
fitsne,10000,17,24.340569896908804,41.78024631603057,5.0,B0BKQZGST4
fitsne,10000,18,40.27745796126578,19.75515543021413,5.0,B01LQF8B7G
fitsne,10000,19,17.44749950268267,-45.06575082689414,4.0,B075X8471B
fitsne,10000,20,-2.1960906812475733,-4.354148052196305,5.0,B0B2DLVCF3
fitsne,10000,21,-55.11716882942322,-10.058048603588313,5.0,B0199HAOAU
fitsne,10000,22,-6.391022945130502,-13.303778961767108,5.0,B0093162RM
fitsne,10000,23,-31.70477304274242,0.0676890833303104,5.0,B07FCZY1ZB
fitsne,10000,24,-8.978812688321407,-34.288030200463936,5.0,B00RH29CJO
fitsne,10000,25,39.84345376436965,35.932604196257564,5.0,B08P3VMW76
fitsne,10000,26,35.89199832098432,50.22883419520916,5.0,B013KPXNSW
fitsne,10000,27,-42.79439742160584,-21.951970107620262,4.0,B0862W5BQ8
fitsne,10000,28,-69.48121760889234,-22.80869825733717,5.0,B004XC6GJ0
fitsne,10000,29,-39.91609337863812,27.996655414078266,5.0,B0BNX9QVXZ
fitsne,10000,30,-16.429991306180824,-59.97919501141322,5.0,B0BN534JBB
fitsne,10000,31,-24.89198769599329,-58.582067194052925,5.0,B08X4R1T16
fitsne,10000,32,-9.090825999694852,-42.15612241005581,5.0,B08932J7NC
fitsne,10000,33,8.244805190205044,-31.111664804165898,5.0,B078LLS33F
fitsne,10000,34,-36.03446669650513,3.1111891925771666,5.0,B00V3KLZSW
fitsne,10000,35,7.472202812407112,-42.887391361129794,5.0,B012ASFKOU
fitsne,10000,36,-66.63659299348016,-21.26609558822658,4.0,B001FWYGJS
fitsne,10000,37,12.694331988332223,17.882007313709,5.0,B08YP2F6VG
fitsne,10000,38,-47.82098249050381,29.793690797123674,5.0,B0C8HDXFXN
fitsne,10000,39,-47.71593104214848,-5.478666286891067,5.0,B00RBGYGPG
fitsne,10000,40,15.967761035701699,18.47851009954179,5.0,B007EVDJV0
fitsne,10000,41,-37.53237496704206,57.17529214680693,5.0,B00KLZLBCK
fitsne,10000,42,49.49841831344368,21.738094393770258,5.0,B09NHSGWPD
fitsne,10000,43,47.82868150427387,-11.222151502286364,1.0,B095KHWNLK
fitsne,10000,44,-39.446592324406,12.996488850053781,5.0,B08BRJ98H3
fitsne,10000,45,11.336976763285577,20.89407479090769,5.0,B08912RRG5
fitsne,10000,46,-42.472909672307246,-2.6871048634331007,5.0,B07GVWH35S
fitsne,10000,47,37.635437481779185,50.10881134019514,5.0,B06VTQK7CB
fitsne,10000,48,18.726664582729093,-21.197179966417,1.0,B0776DSP7Y
fitsne,10000,49,10.65564367485433,5.012333663674106,2.0,B00NWXM5U0
fitsne,10000,50,5.959947364239565,-8.218118540547023,5.0,B01DDIAX1Q
fitsne,10000,51,-24.7611938702791,52.49461346181418,2.0,B00L49X8E6
fitsne,10000,52,-15.82333671398855,-59.29018126335334,5.0,B09HDZ8FQY
fitsne,10000,53,27.648148162415644,48.7112842279328,5.0,B00PQBDQPO
fitsne,10000,54,-8.045989769538778,-43.215622963578184,5.0,B00CRF9V2O
fitsne,10000,55,-7.3316817463651045,-43.182464941764735,5.0,B00BHC7ZTE
fitsne,10000,56,-3.4145756884642076,-1.8359896183773396,4.0,B00852JEPW
fitsne,10000,57,-13.301420696159607,19.624873450595956,2.0,B09ZTXZ1MQ
fitsne,10000,58,-13.10919733066779,-38.868143747836534,5.0,B09MYGF318
fitsne,10000,59,11.570240321862475,38.33167283662038,1.0,B07VV6TT69
fitsne,10000,60,21.253637132255612,13.511564797188703,5.0,B07BRHB8C1
fitsne,10000,61,23.63328576868115,-28.538371663797758,5.0,B07Z6BPJXQ
fitsne,10000,62,37.93619722053447,-0.2655979421232377,4.0,B083YHS7SV
fitsne,10000,63,63.35579667925679,-20.950026614967374,5.0,B0046EDOWW
fitsne,10000,64,64.26822901080838,-39.88152130197949,5.0,B0045DT3A6
fitsne,10000,65,21.77890013550769,41.473517038994295,5.0,B09DSSQ52Q
fitsne,10000,66,-9.972118662656275,64.56381474789212,3.0,B07H3PN7K3
fitsne,10000,67,47.05813728589491,-5.766713873291624,5.0,B0733GXPYZ
fitsne,10000,68,25.969194118695277,23.0683397451855,2.0,B07TPLH5YK
fitsne,10000,69,-33.234428316191654,-15.132935733621416,2.0,B07FPQ343D
fitsne,10000,70,11.351410061699003,61.37632742665904,5.0,B00VKIY9RG
fitsne,10000,71,39.27458145291806,52.70306150755891,5.0,B07BJ8KD6X
fitsne,10000,72,1.3679051717749344,-42.3182049436293,1.0,B0061F6QUG
fitsne,10000,73,-39.60538524894611,-25.3003036137271,5.0,B09DRXBKVG
fitsne,10000,74,-24.525612631067002,-50.61500186200671,5.0,B09TB71VLY
fitsne,10000,75,6.959079780427269,-7.424313034374882,5.0,B002N3MM6W
fitsne,10000,76,54.794968381084516,-30.779788409174895,5.0,B07KTYJ769
fitsne,10000,77,61.89305535151014,-24.90483730739089,5.0,B07PGL2N7J
fitsne,10000,78,-33.6299172609588,-35.6414024389791,5.0,B07J2GSF3S
fitsne,10000,79,-33.563836961781206,-35.57555709329761,3.0,B07Z9QXZMW
fitsne,10000,80,25.84125190459761,-7.915818393047234,4.0,B07Q585X37
fitsne,10000,81,27.327556520828004,-7.265826846769105,4.0,B07P97SHQP
fitsne,10000,82,-33.7520584879624,-35.71245317331988,5.0,B07B3TX6MF
fitsne,10000,83,4.719987893113629,-16.810631840030084,4.0,B07WPY2W4Y
fitsne,10000,84,3.9628947488706596,-7.804210089699774,4.0,B083Z3QCY6
fitsne,10000,85,16.099742024623712,13.25521930661825,4.0,B07F71KFMQ
fitsne,10000,86,28.768764398838407,13.605052869011343,4.0,B07547WSQQ
fitsne,10000,87,10.919287566610866,-20.807219218801556,4.0,B07P7KG4TJ
fitsne,10000,88,-37.3550807387975,55.527338019774795,4.0,B01LYC6A8M
fitsne,10000,89,-33.68202594284108,55.4959688480112,5.0,B0B2Y5WYRG
fitsne,10000,90,-26.938218877704855,54.5325745238623,5.0,B08KG14KCT
fitsne,10000,91,-37.00743301935628,38.626583993657135,5.0,B09FF1RNDT
fitsne,10000,92,43.32416172713602,-4.723066060013219,3.0,B00FGI4C14
fitsne,10000,93,39.70813178925536,-6.622690230753579,3.0,B07B4BF3KT
fitsne,10000,94,20.50962621848713,-24.89932280468653,5.0,B08XBLP2V8
fitsne,10000,95,24.505627602446918,-26.29385759891913,5.0,B018S7DPU8
fitsne,10000,96,14.92308859922773,-10.621963644628817,5.0,B00MYU0E0K
fitsne,10000,97,-34.536714410775744,52.4531521828976,5.0,B000Q85WOK
fitsne,10000,98,59.027434806993405,-8.35777808239258,5.0,B01KWY71BO
fitsne,10000,99,23.086793402077692,-17.57786101977562,4.0,B008I64LC6
fitsne,10000,100,24.050781543656594,-29.30158505568822,5.0,B079Y46M3N
fitsne,10000,101,-10.999411490926736,26.3471601896731,3.0,B01MZ45YUU
fitsne,10000,102,-6.672345668148873,24.639369378764695,5.0,B074V4CWFD
fitsne,10000,103,22.23339453606988,-14.119175314349928,3.0,B0083J8DFY
fitsne,10000,104,-1.5242814549260815,-14.371954873684489,5.0,B09N7SXX1X
fitsne,10000,105,32.104720377937845,32.076649593522816,5.0,B00X4XEBTQ
fitsne,10000,106,30.08689415064077,-44.582941655923996,4.0,B001CJOLBW
fitsne,10000,107,1.5321038334657842,-44.600324408812305,5.0,B0032FOKME
fitsne,10000,108,-68.84510241414722,-18.169795379052044,5.0,B002WBX7TQ
fitsne,10000,109,-53.761784379195504,-13.718273307017292,4.0,B07CB22VVJ
fitsne,10000,110,-53.774742237763746,-13.613174444062338,4.0,B0002MQGK4
fitsne,10000,111,-30.124909423712026,23.851680454583366,4.0,B0092TGP4A
fitsne,10000,112,-54.83649075499743,-7.790520845117557,5.0,B00552PA7G
fitsne,10000,113,-49.813808537299714,-9.110892583243182,5.0,B07CDCX945
fitsne,10000,114,-53.821678198668074,-13.683618480337854,4.0,B07BYZBG2X
fitsne,10000,115,26.654529347239926,-11.934698893756222,5.0,B07CBLV151
fitsne,10000,116,-49.89881500601315,-8.794149982881011,3.0,B000SJ2TJ8
fitsne,10000,117,-30.919496390252995,30.01946932452079,5.0,B003UT2C4U
fitsne,10000,118,39.13032143771741,-8.440565597530336,5.0,B084JBVY4S
fitsne,10000,119,42.045424019664964,-2.5293489886947733,5.0,B0075VFKI4
fitsne,10000,120,39.512111146780164,-12.112589041689683,5.0,B009RUZ7TS
fitsne,10000,121,-11.95759529906747,23.477670423310737,5.0,B071CMGRLL
fitsne,10000,122,-29.630108791017904,12.497049053209217,3.0,B006ZZXVCI
fitsne,10000,123,46.61426240153236,-0.20538839569077658,5.0,B01DFKC6CQ
fitsne,10000,124,47.1614932513764,-0.9605147058535638,5.0,B07P9W1SMH
fitsne,10000,125,47.762634135113146,-5.912016031203742,5.0,B01M3ULMWP
fitsne,10000,126,46.05093630741166,13.946111563641741,1.0,B071HXSW4Y
fitsne,10000,127,38.278823960935945,-39.06302436256505,5.0,B0CCDMQZM7
fitsne,10000,128,19.80448029113403,59.591852897817205,1.0,B005HSG31K
fitsne,10000,129,21.81261472698197,54.120710401679595,3.0,B00D2J8558
fitsne,10000,130,23.948302447296783,18.032354643521906,1.0,B0BFHVDPTG
fitsne,10000,131,28.444328908581696,-40.905839035908315,5.0,B08N4M55K5
fitsne,10000,132,-28.756519059491847,-18.457854857539616,5.0,B0945WPX5W
fitsne,10000,133,-5.292782121091908,-68.28352517842987,5.0,B09K7K5J3N
fitsne,10000,134,-8.09735251718737,-34.45165657156756,4.0,B084ZJFNKN
fitsne,10000,135,-17.334126768763877,-44.50692935406526,5.0,B0B3T4JWN9
fitsne,10000,136,-8.322925158900018,-65.39581686080426,4.0,B07S5JVP78
fitsne,10000,137,-17.469105055580172,-43.61989890254979,5.0,B0935ZDCYD
fitsne,10000,138,-4.150591635158668,51.44844468530855,5.0,B075LX7S6B
fitsne,10000,139,31.56093479444876,-32.7441182060882,5.0,B001L5SN5M
fitsne,10000,140,26.333155852273254,41.208832851712415,5.0,B000WOIFO2
fitsne,10000,141,-7.601458643230487,-63.445861412912656,5.0,B00365EB3I
fitsne,10000,142,21.878979924654736,2.075017832285715,4.0,B07XZ1YDKP
fitsne,10000,143,-38.60113187733104,9.356036614808856,1.0,B09CD8GVY5
fitsne,10000,144,-17.853043013486516,26.590151394363815,1.0,B09V28P31X
fitsne,10000,145,-4.477354292998905,23.69289751026804,5.0,B01D0PVYH4
fitsne,10000,146,-3.8710050409005006,-49.35928499453514,5.0,B017SJKHIK
fitsne,10000,147,11.751076133556992,-32.39000615503224,5.0,B0BWNQZT64
fitsne,10000,148,16.677239905274227,-25.416282937229052,5.0,B08F9ZCTCL
fitsne,10000,149,13.07985075982933,58.4362540636633,5.0,B08F9NJMW7
fitsne,10000,150,4.10372791756111,-71.83224443646623,5.0,B01L2VGEQE
fitsne,10000,151,-16.781436490692702,-42.964492693597094,5.0,B0BW4PFM58
fitsne,10000,152,61.90683508616152,-43.10068486877676,1.0,B00MNB1OD6
fitsne,10000,153,51.78481339153746,19.417832155146574,5.0,B00TIRFCXQ
fitsne,10000,154,-57.36142074056741,-17.244261314226886,4.0,B08N51H3LB
fitsne,10000,155,13.081806747269738,-6.712271517992307,5.0,B09KRX2QJC
fitsne,10000,156,7.425209545477304,43.32831541692781,5.0,B09V28Y3HH
fitsne,10000,157,-48.734677080888055,-5.720022550241887,5.0,B0C5XK6534
fitsne,10000,158,12.839373150175916,-30.386346262952827,4.0,B0BTHV3YSV
fitsne,10000,159,-61.2717853692968,14.437732408118967,5.0,B0BRKGSJKH
fitsne,10000,160,40.95295567609676,20.49954008457722,5.0,B00JQZJ4OS
fitsne,10000,161,24.846071487892782,-27.21593575290008,5.0,B08BJWB991
fitsne,10000,162,-37.191267008346784,-4.197397036180239,5.0,B09JNRLN4W
fitsne,10000,163,21.44665464687216,60.06969270211637,5.0,B07HHY1MWS
fitsne,10000,164,-7.681420823698071,35.744954782610925,4.0,B00IYM0Y2A
fitsne,10000,165,21.069323730552977,59.96656212705309,5.0,B01HNL545Y
fitsne,10000,166,8.081487023889839,-47.93619908205184,5.0,B08RJJ97VW
fitsne,10000,167,51.04210199394801,-36.07398650185162,5.0,B01KXHYDXO
fitsne,10000,168,42.17588855456689,21.699691951597952,2.0,B071KJ97ZL
fitsne,10000,169,42.113277162732025,21.7924721908855,1.0,B07QWP1RYY
fitsne,10000,170,22.64532202490277,-28.342488965464728,5.0,B0772SXNSC
fitsne,10000,171,47.65217511532526,14.012856794695375,3.0,B08W69YRFB
fitsne,10000,172,45.02717949068501,-40.22454031042695,5.0,B073J9QWKY
fitsne,10000,173,45.09334926269612,-40.44605960720922,5.0,B073M1NGHJ
fitsne,10000,174,14.443206045653456,30.64863109724292,5.0,B0B8N1CQD1
fitsne,10000,175,-61.638892189141515,-12.357390517698898,5.0,B085XZGVN5
fitsne,10000,176,-40.75527034448875,-27.910373781595265,4.0,B09GV31691
fitsne,10000,177,-16.58902870187043,-10.298003457666736,4.0,B09KPLV3WD
fitsne,10000,178,4.69666212934584,10.502701294456275,5.0,B093YD69JB
fitsne,10000,179,-31.56837533373909,55.3110035661554,5.0,B09KM3BZSS
fitsne,10000,180,-9.217481030215527,-34.39943904651684,2.0,B0992TJFM3
fitsne,10000,181,-23.726501409703733,-43.65624674904595,3.0,B07ZWCTNJH
fitsne,10000,182,-24.046448028120693,-37.55356120680027,5.0,B07VKFSLKN
fitsne,10000,183,-23.987765338560877,-37.606676905909595,5.0,B00MJ1YR8Y
fitsne,10000,184,-6.715877761277551,-2.100379404256008,4.0,B08ZZYS2P3
fitsne,10000,185,-12.860832006422516,-52.7238164891567,5.0,B007JYZ3BG
fitsne,10000,186,-23.549488540319352,30.077110692556683,1.0,B08L1N8TG9
fitsne,10000,187,-39.03740995910736,36.18283801063762,5.0,B07G95FFN3
fitsne,10000,188,62.40519252181484,-24.559473608705208,5.0,B083WD2J3F
fitsne,10000,189,7.16062470022282,-63.58995131745359,3.0,B08TTVLTWT
fitsne,10000,190,36.469069389423076,17.18318041502766,5.0,B095KG3VZG
fitsne,10000,191,-20.61881908703005,47.66843294358057,4.0,B088DJQ2PQ
fitsne,10000,192,37.99482249718443,-29.658029952361318,1.0,B00UVSJU4S
fitsne,10000,193,23.57894923346536,-53.17463734360442,5.0,B0BJ13Q5JG
fitsne,10000,194,9.047373306724625,14.450459582266635,5.0,B07QQPH27F
fitsne,10000,195,-5.7501623728434765,-13.404211841720572,5.0,B00PYG7LH0
fitsne,10000,196,-5.467098826314903,-49.282607117863115,5.0,B07S764D9V
fitsne,10000,197,-36.512318548174065,-13.52877044397391,5.0,B071WRSYML
fitsne,10000,198,30.919707780133606,42.13010793698453,5.0,B00BKX75YA
fitsne,10000,199,33.63339347776305,44.24446202090745,4.0,B09FN58JBR
fitsne,10000,200,-37.968571797719484,50.0475435419591,5.0,B0032GU1LW
fitsne,10000,201,-3.683889663457406,-70.09064782109593,3.0,B0B9HR3T4B
fitsne,10000,202,-28.340906404451587,-48.42857246275558,5.0,B07LC6VRD6
fitsne,10000,203,-0.25500525710218247,-2.463062064797939,4.0,B01KUEGE1E
fitsne,10000,204,31.19399764344917,-36.17793210295123,5.0,B08KGQHF67
fitsne,10000,205,-62.04513316585823,19.651922316861455,5.0,B0C9DP86HZ
fitsne,10000,206,12.964216086221457,30.1720095276216,5.0,B089W47DTX
fitsne,10000,207,-19.118782964409107,67.98813720103648,5.0,B00EQ94566
fitsne,10000,208,32.748861242542795,53.49698048035483,5.0,B07SPFR8VB
fitsne,10000,209,-35.540618205220746,50.652540375555326,5.0,B00KQQK87S
fitsne,10000,210,-8.790168616538644,-21.751442928298253,5.0,B07KTYJ769
fitsne,10000,211,-1.0346087663581403,-27.183452424126067,3.0,B06X95BTH4
fitsne,10000,212,28.09032426068253,-2.302118540532345,5.0,B005L38VRU
fitsne,10000,213,-22.101439542542323,-41.771473623004105,5.0,B00V3CSE4I
fitsne,10000,214,-53.7183761545814,28.894388157876964,3.0,B003MVYTBU
fitsne,10000,215,30.976253283050244,-39.81601945710268,5.0,B006R9O2PC
fitsne,10000,216,30.129043923138028,-44.488533680097966,5.0,B00D8XNU6C
fitsne,10000,217,-6.05574095718772,-6.1165015241541845,5.0,B00E0ISVLI
fitsne,10000,218,24.075789696696933,12.88191460084017,5.0,B08HC6J3H1
fitsne,10000,219,6.570834192337713,63.19510365958498,3.0,B07RJZPTLX
fitsne,10000,220,53.073793499272895,35.30697019349563,5.0,B09DTP4L96
fitsne,10000,221,22.606138114192017,42.7221860069432,5.0,B004M5MVNS
fitsne,10000,222,22.601956546459597,42.93726042978743,5.0,B008I636D6
fitsne,10000,223,19.890377525045555,-21.79882188672543,1.0,B072LX4LTV
fitsne,10000,224,-6.400329920094246,66.36477831962817,5.0,B0068LWHPQ
fitsne,10000,225,-39.41091027821455,9.093081747411594,5.0,B08JYY4FDG
fitsne,10000,226,-7.0601313524157865,-41.15734642453425,1.0,B09Q5BNT76
fitsne,10000,227,40.19330075696784,-21.376902587537263,5.0,B08FRLCF2W
fitsne,10000,228,-5.0544810564085045,-39.43503910943333,3.0,B09Q5BNT76
fitsne,10000,229,60.93810585472011,-46.49577078420861,1.0,B07FP8VLXS
fitsne,10000,230,28.454168050402252,45.12715992251144,1.0,B09GLQ2PFV
fitsne,10000,231,20.42061648508903,-24.264005638653117,1.0,B09KTMJVJW
fitsne,10000,232,-9.421019409273658,-47.069251182068065,4.0,B08PNW6WGX
fitsne,10000,233,-1.074302335155732,-24.446840663696026,5.0,B0791TX5P5
fitsne,10000,234,54.7286884355715,-23.050791008815885,5.0,B07VYM342S
fitsne,10000,235,-4.352366208684323,-58.165089897262455,2.0,B00IYA2SMQ
fitsne,10000,236,-0.8327158464725967,-66.44314451177853,5.0,B07S764D9V
fitsne,10000,237,-5.748684726257603,-12.640863723501408,4.0,B00B20M8CU
fitsne,10000,238,-39.81369680287981,4.45733127413248,5.0,B0C2PTV9ZW
fitsne,10000,239,7.81425380125826,-34.68087111181978,5.0,B07X4854MR
fitsne,10000,240,28.39094610056501,-46.8408880208878,5.0,B0BBMN8HMM
fitsne,10000,241,-49.382261176048026,26.276021566117507,1.0,B09CFY36RN
fitsne,10000,242,38.39528386254636,-38.099400911748454,5.0,B08FZPS1N1
fitsne,10000,243,57.56998609596371,-13.660133901495804,5.0,B00L1KFWSI
fitsne,10000,244,-26.603609708165113,-3.7779983573586144,1.0,B00007AP2O
fitsne,10000,245,0.715768509135717,-19.475689176617628,5.0,B00KMFN8E8
fitsne,10000,246,44.78018287345483,-14.31568003935628,5.0,B004WX0XP8
fitsne,10000,247,-16.87937143546962,10.471249969511831,1.0,B0BVY4JVNG
fitsne,10000,248,64.42614127929974,-23.771330724889378,5.0,B075X8471B
fitsne,10000,249,61.94580492469626,-25.625595612365384,5.0,B01D2WRSF2
fitsne,10000,250,-19.333051052237124,-66.50860764200539,5.0,B0C2BVCBRV
fitsne,10000,251,-17.928084316118145,68.63976344017941,5.0,B0BBFFXWVH
fitsne,10000,252,20.032312614109156,25.803165696411995,4.0,B0997HW4JP
fitsne,10000,253,21.114142876441825,59.19252057737432,5.0,B0B19M78LS
fitsne,10000,254,-36.862331384769064,-36.89303934196592,5.0,B092D3LR5M
fitsne,10000,255,-37.95919500230018,-36.04112934891646,5.0,B08SW8DMM5
fitsne,10000,256,-37.560273151145346,-36.57935659127146,5.0,B08K3FS8VJ
fitsne,10000,257,-16.555758537667483,66.75371998604523,5.0,B08LYQ7MBZ
fitsne,10000,258,-58.5649627904015,19.302798053881265,5.0,B08G56K774
fitsne,10000,259,-18.17594992983988,69.26337693133003,5.0,B089DZNCZJ
fitsne,10000,260,-10.188507597902298,67.79833412499299,5.0,B09Y37DKJV
fitsne,10000,261,-35.59082478045705,-12.338625485761618,5.0,B08CKSDF3M
fitsne,10000,262,-58.3999429103263,16.6702704491218,5.0,B09CYHT3VK
fitsne,10000,263,13.326787154582513,6.105269501938668,4.0,B08735Q7LS
fitsne,10000,264,-58.383246128606395,15.57183657840372,5.0,B08NPZ574Z
fitsne,10000,265,-8.931224667688321,-36.05479935848762,5.0,B085M686ST
fitsne,10000,266,-10.742960893512619,-66.21590313151087,4.0,B082CJ19WL
fitsne,10000,267,-20.95998884325168,-43.47272837856154,5.0,B081STV3XJ
fitsne,10000,268,-62.29070671509544,12.569298633367575,5.0,B095LLDH4H
fitsne,10000,269,-1.6382009546848668,32.20531449560906,5.0,B07JGKCKKR
fitsne,10000,270,-52.34216137007348,-1.8616460552163498,5.0,B07DTRYMQQ
fitsne,10000,271,-18.892551069038024,68.89362763230326,4.0,B0787GLJNQ
fitsne,10000,272,-10.594960255102187,-67.19235231615096,5.0,B074QQP2T2
fitsne,10000,273,-14.839557139531115,-20.413087547352458,4.0,B075QC3TZY
fitsne,10000,274,26.093118361957032,51.34496945781425,5.0,B0719QH4JP
fitsne,10000,275,44.731477398414015,39.10169035045134,5.0,B01MREKZDP
fitsne,10000,276,-15.107596380084566,-20.9717996673881,3.0,B01HCVG51M
fitsne,10000,277,12.210514006913186,4.395711461461493,4.0,B012D4IEUI
fitsne,10000,278,-27.428054372750744,-17.0548541927686,1.0,B00YEX1Y1S
fitsne,10000,279,-20.520825135255723,-42.11124239389413,5.0,B01MQGLIKL
fitsne,10000,280,-7.835429068142153,27.303725539545752,4.0,B000LY1UMC
fitsne,10000,281,-7.923506652310225,27.751838049304315,5.0,B004WMSV76
fitsne,10000,282,-17.44378744653876,69.65364794676599,5.0,B005J7Y98I
fitsne,10000,283,-31.471356277308896,24.935144572084848,5.0,B00KTCN43E
fitsne,10000,284,39.11582874223946,2.5604137921653014,4.0,B019CB11IM
fitsne,10000,285,-7.634743144440395,-2.413615452892538,5.0,B00BTVSUNI
fitsne,10000,286,-32.29224709037746,49.362738416594155,4.0,B00WHEUS22
fitsne,10000,287,-58.56822676903917,19.91686575528841,5.0,B003XNSBXY
fitsne,10000,288,-40.61292827415365,-37.444103610078706,4.0,B00ENY0ZLS
fitsne,10000,289,21.72075257659978,53.53136084693463,4.0,B00IHVNMYK
fitsne,10000,290,-18.278412687969592,70.64253622090689,3.0,B00GXXJF72
fitsne,10000,291,-6.0043509513368365,-0.7463468128605737,5.0,B00DLKE8C2
fitsne,10000,292,-23.59641027525541,-40.12744688243083,5.0,B00C27S0M4
fitsne,10000,293,-7.971963870262188,29.11912392146075,3.0,B00ARDJ5BU
fitsne,10000,294,21.302894895055516,59.56142107760162,4.0,B008HK3U6Q
fitsne,10000,295,23.47584120830823,31.206092288179484,4.0,B007Q8GOGI
fitsne,10000,296,19.191299792229486,62.54292227767145,4.0,B009WZRCO6
fitsne,10000,297,-8.13697048226434,-64.75856507621667,4.0,B0046W5EQI
fitsne,10000,298,15.881670805945825,63.87620560844857,3.0,B008ULPDIK
fitsne,10000,299,5.875449786249999,59.092366885870575,5.0,B008GFRBBW
fitsne,10000,300,-7.515988028723403,30.179839911145418,4.0,B00QU5CR6E
fitsne,10000,301,-54.943594774991126,3.1887975806215723,2.0,B00XIUKJDW
fitsne,10000,302,-23.281997842369954,-40.04810141250445,5.0,B008DF53W4
fitsne,10000,303,-7.682808870029982,29.91007376157643,4.0,B00A4QXIRM
fitsne,10000,304,-15.699731054018581,-34.365464941771215,5.0,B007GFX798
fitsne,10000,305,-10.521729577337252,69.37744557381187,5.0,B003VAGXZC
fitsne,10000,306,-23.873821063472068,-40.0702445496023,4.0,B005OB1TU0
fitsne,10000,307,-21.141308176923477,-38.68504456829587,3.0,B004TPJKEY
fitsne,10000,308,-24.58407480012489,-31.53489447763171,4.0,B005K69PLE
fitsne,10000,309,10.418435801304538,44.10911327756059,4.0,B005NHR6MU
fitsne,10000,310,-27.40218850707656,-47.06000206327678,2.0,B004DNWCZ6
fitsne,10000,311,22.9551586640585,52.351175127633724,5.0,B0058GAOO8
fitsne,10000,312,-9.592939935165044,30.16520822024076,5.0,B0020HRE1Y
fitsne,10000,313,-24.648810423988717,41.72256807832802,5.0,B00305GHAE
fitsne,10000,314,5.318737817687469,5.3866664349848365,5.0,B00XI3MMMA
fitsne,10000,315,-20.554671450336937,-33.57916779201764,4.0,B0035JJJPK
fitsne,10000,316,43.208433371639366,35.661872683799956,4.0,B00BWH2SWI
fitsne,10000,317,-59.57396927844355,38.087219078346735,4.0,B0032AN4N0
fitsne,10000,318,-10.124990235588916,31.278922073477386,5.0,B001Q9F0BS
fitsne,10000,319,-19.25334712892704,24.689395404070837,5.0,B002GP7ZT6
fitsne,10000,320,-10.682732881709503,65.7113511432971,5.0,B002CWZ29S
fitsne,10000,321,-11.239882860921867,65.65717128100378,5.0,B001VFUN82
fitsne,10000,322,-13.46908572138003,30.424238525096257,5.0,B0023B14TK
fitsne,10000,323,-10.0638714627347,31.434066007593113,4.0,B001DQRBSY
fitsne,10000,324,-59.333602967803245,39.348872473771245,5.0,B000V2MK00
fitsne,10000,325,26.191068517293637,41.08758487460005,4.0,B000WOGA6C
fitsne,10000,326,-26.515135737969867,-16.758033510213775,5.0,B00KSBB7EY
fitsne,10000,327,39.014663632401884,-4.858475590540736,5.0,B00INZSFUG
fitsne,10000,328,-24.299488098969825,-48.15840890254824,5.0,B078G91T8X
fitsne,10000,329,49.17689556247308,42.089006240754365,5.0,B01M2BIW94
fitsne,10000,330,45.6573441150607,-53.64963965702473,5.0,B0B7XZB7V1
fitsne,10000,331,45.737945378752876,-53.575233113421135,5.0,B08M5KCX78
fitsne,10000,332,-7.210135943580085,-38.615056092176246,5.0,B0C4DTCKS5
fitsne,10000,333,-27.926779811418267,7.266592291174928,4.0,B078PFDHN4
fitsne,10000,334,-14.199236991216225,-19.824421492298402,1.0,B07MKN9Q5B
fitsne,10000,335,-17.439796683191375,15.492298840408601,1.0,B07G5ZG3Q4
fitsne,10000,336,-17.594251157587042,15.989422668920746,1.0,B07G5YXYFL
fitsne,10000,337,49.763695074781666,40.16534556294519,2.0,B07X92YR8W
fitsne,10000,338,-9.298448188449873,-23.955723403069715,5.0,B07456BG8N
fitsne,10000,339,-44.337990629815266,9.340780398081499,4.0,B012BN15LQ
fitsne,10000,340,-9.611765777695823,-65.07942325685694,4.0,B0756T7R5T
fitsne,10000,341,26.709966359053524,33.191240079405425,5.0,B0833NKK5K
fitsne,10000,342,-12.452471160882281,48.380630837690845,5.0,B00KL2TENQ
fitsne,10000,343,-29.054446436347465,-58.4141684701662,4.0,B008DWJ4KY
fitsne,10000,344,-24.560740504288646,-38.40364862097945,5.0,B01MQJ2XE6
fitsne,10000,345,-25.26173288152047,-38.31583607451039,5.0,B00009WBYL
fitsne,10000,346,-13.973778126069151,-51.17477842282556,4.0,B0009X3JBU
fitsne,10000,347,-14.20141184612221,-50.61660996137033,4.0,B07CG8G732
fitsne,10000,348,-43.33000389469758,-28.126558530202445,4.0,B07R8L532P
fitsne,10000,349,-40.17368653654523,-16.433099487998504,5.0,B0076GEMGO
fitsne,10000,350,-29.426479158778932,-16.195325128617615,5.0,B0078YGN34
fitsne,10000,351,-24.933963256849445,-39.10291223892507,5.0,B009HB2USI
fitsne,10000,352,8.54392959318687,23.572613073644018,4.0,B004GJ0EEI
fitsne,10000,353,-40.50736348058088,-16.39505296829514,4.0,B003L1ZYYW
fitsne,10000,354,-9.68782176204073,-43.01167756924691,5.0,B099V8GPR4
fitsne,10000,355,24.23062818684556,30.917310395247924,5.0,B0BPMM75N8
fitsne,10000,356,24.29635309597202,30.97450238883019,5.0,B07GZMMYHT
fitsne,10000,357,-9.91074746161657,-23.590005318113892,5.0,B01K1O7UH0
fitsne,10000,358,9.272341444383448,51.489504865090694,2.0,B00OTXNUBU
fitsne,10000,359,45.27844183993804,1.1346970311220261,5.0,B00MICP8PA
fitsne,10000,360,10.973225191103248,62.109934516829576,5.0,B0051VVOB2
fitsne,10000,361,-8.212537250195847,-22.497905733118966,5.0,B07H65KP63
fitsne,10000,362,37.78996718394604,7.50744941455611,5.0,B06XD94B2F
fitsne,10000,363,2.978208431912391,46.413843347206296,1.0,B07VWT32HX
fitsne,10000,364,34.548892641935275,46.56174177560707,3.0,B09P664R9L
fitsne,10000,365,19.246554880133658,24.2470654494877,5.0,B01054S5FM
fitsne,10000,366,6.202161531531333,50.07011008175956,3.0,B08PFZK4YZ
fitsne,10000,367,24.65155046248893,58.99111902190997,5.0,B08PNWVR4C
fitsne,10000,368,-23.825365977792476,44.12243114296687,5.0,B0887P21Z2
fitsne,10000,369,31.51221579638715,7.0654088362638126,5.0,B0BPN2DXC1
fitsne,10000,370,46.30980883719385,10.290935786129584,1.0,B07V4LLTSQ
fitsne,10000,371,-15.754238432805009,-38.54524761235176,3.0,B071DGXVWB
fitsne,10000,372,-20.490426280578315,-47.227809016615545,1.0,B0CBWV3Q8B
fitsne,10000,373,36.10872899363206,-29.011319898598607,5.0,B07PLFCP3W
fitsne,10000,374,-21.325472032496982,-48.36968701295084,1.0,B07Y8H8STR
fitsne,10000,375,25.629447039419695,3.6548511388829117,1.0,B07H9FG9SD
fitsne,10000,376,-11.34817995657654,-23.90943688450281,5.0,B07PGL2N7J
fitsne,10000,377,-14.934465909628093,-6.778871560825067,5.0,B0896VGNF7
fitsne,10000,378,19.234183481095712,24.285840065052305,5.0,B01LZJGEI2
fitsne,10000,379,19.00414122707436,24.7254712727504,5.0,B074512LY1
fitsne,10000,380,17.481507561457942,-23.954915275961383,1.0,B09JKYBVJD
fitsne,10000,381,-25.93073884067473,-37.893855251701524,3.0,B06XDSMDKV
fitsne,10000,382,-24.3586496413375,-22.375716987353165,5.0,B008GVOVK0
fitsne,10000,383,-28.56711971752744,-23.859013567894827,5.0,B075X8471B
fitsne,10000,384,17.438488618961586,-8.66662714544777,5.0,B00TOVTZ7K
fitsne,10000,385,-6.207585650150594,-44.26880809112063,5.0,B07P1FN7KQ
fitsne,10000,386,18.28451264636893,-5.6243883897979625,5.0,B075M3G8SV
fitsne,10000,387,-13.607007061069298,-24.668196341580668,5.0,B01K8B8YA8
fitsne,10000,388,-9.76879718446106,-41.15882312808047,5.0,B073VC4KGT
fitsne,10000,389,19.493482531282854,25.028680398645772,4.0,B01M60S5H2
fitsne,10000,390,40.07370229118325,18.06035775519194,5.0,B0122TWDH4
fitsne,10000,391,10.043378744456854,-4.867429036264498,1.0,B0B9GFKYSZ
fitsne,10000,392,-22.686747553177646,68.76247081472768,1.0,B008I646WG
fitsne,10000,393,-36.99581292475485,50.70401231370651,5.0,B07454F4JH
fitsne,10000,394,-15.430597324620162,73.38574153999413,5.0,B0C617749R
fitsne,10000,395,21.322103087370795,25.979458802202345,3.0,B00DOPW5L0
fitsne,10000,396,6.642093926387775,-39.28583098398693,5.0,B00DS4BLLW
fitsne,10000,397,11.010753465441162,47.9000286297572,5.0,B005TUQV0E
fitsne,10000,398,55.773674907459366,33.89287080496067,1.0,B0B2CJ3YSP
fitsne,10000,399,23.629517639785565,21.102427099404178,1.0,B093DR9RWD
fitsne,10000,400,-13.055664557590356,20.998232686250486,5.0,B08F6GPRH6
fitsne,10000,401,50.89347639807936,17.269574724998115,5.0,B08JQCJZQM
fitsne,10000,402,-16.116692812611856,-22.20237190224674,5.0,B07KTYJ769
fitsne,10000,403,8.75999980614255,-0.9267568035109128,5.0,B0BFVWWFZP
fitsne,10000,404,-34.523035266713535,-20.61986936154079,5.0,B09QLBKCZ3
fitsne,10000,405,-10.073077081827844,-23.370100445106193,5.0,B08F1P3BCC
fitsne,10000,406,-57.858967248700196,12.202174229876757,1.0,B08L3PV71G
fitsne,10000,407,40.50450071549627,8.107767131172922,5.0,B09V19FR6M
fitsne,10000,408,26.059309692399463,0.9680255552237431,5.0,B0B74ZCLQ7
fitsne,10000,409,-3.3558979907762327,-75.03988449366368,5.0,B0BMT6TQSK
fitsne,10000,410,-3.8003846224345876,-42.71893614382077,5.0,B0BJQ8TH85
fitsne,10000,411,-60.89361481687631,16.429382621551337,5.0,B09QLBKCZ3
fitsne,10000,412,-11.932701201371666,18.466394735363025,5.0,B096K4MF5V
fitsne,10000,413,-21.932599622218532,-13.825895118195564,5.0,B01DU67QZM
fitsne,10000,414,9.904692165017622,17.68846331828214,5.0,B00MVRBOIC
fitsne,10000,415,-25.063447782066067,44.34440546628418,5.0,B00IVPU7AO
fitsne,10000,416,-9.532817240501041,-47.297597631006596,3.0,B000BBE9C8
fitsne,10000,417,33.159261714392734,39.63352182703223,5.0,B07XXZ1XGW
fitsne,10000,418,34.328082584203216,-16.110618463401387,4.0,B0170RBJ9Q
fitsne,10000,419,-13.84810925496185,-21.459709078311185,5.0,B08XVF418R
fitsne,10000,420,31.986808744913244,42.77943438412347,5.0,B0879L79L7
fitsne,10000,421,-33.93269019095841,-17.65827433057896,5.0,B01LXFFO8O
fitsne,10000,422,30.087152368250205,-51.52783771392644,5.0,B06XDN9MBD
fitsne,10000,423,24.804675971832875,-23.12400715979174,5.0,B07QC4WTNC
fitsne,10000,424,-28.743923835060965,-28.23437671077521,1.0,B0791T9CV7
fitsne,10000,425,22.53872237327402,50.729320082786394,3.0,B08XLXS9P4
fitsne,10000,426,22.558933394427537,49.893653507610736,4.0,B07YRPBMC8
fitsne,10000,427,-13.430292259008718,-23.443906779135304,5.0,B07H65KP63
fitsne,10000,428,-8.524060829218037,-13.984359282551244,2.0,B07VHQW6F3
fitsne,10000,429,20.593114821974563,-11.850020491261315,5.0,B082TR27NZ
fitsne,10000,430,-13.84688456599957,-22.752348663738818,5.0,B07KGVB6D6
fitsne,10000,431,5.292929635681607,-6.044185522384441,5.0,B00FHBH5SC
fitsne,10000,432,4.583846036435946,-5.336979725859856,4.0,B005I9IM4E
fitsne,10000,433,-29.867567790825984,-10.399417033479596,4.0,B000F2KUK8
fitsne,10000,434,-29.282381275378594,-54.96136183020476,5.0,B09GGBWFP1
fitsne,10000,435,-47.895485116657404,3.14361385928778,5.0,B09RZDNN93
fitsne,10000,436,-13.133887370479972,-23.32868248661229,4.0,B01K8B8YA8
fitsne,10000,437,14.758994186546762,-8.358644442280436,5.0,B08PBPZB5Z
fitsne,10000,438,47.79434619739635,12.914084551813202,5.0,B07DCGFWNQ
fitsne,10000,439,26.45059138214371,-5.992409211695209,5.0,B07P5GWG56
fitsne,10000,440,-33.605270800781014,-39.49562134629731,5.0,B079G2DFNC
fitsne,10000,441,3.976758157553319,-71.94203629345512,4.0,B08KDZ2NZX
fitsne,10000,442,-36.73254029465445,-34.806396069974134,5.0,B09SVJGMN1
fitsne,10000,443,44.82387796902499,-0.39096516267399734,5.0,B07JL18G1D
fitsne,10000,444,46.891842476534535,0.4604614907419589,5.0,B0B5MZSSXG
fitsne,10000,445,-43.13591872640397,13.480048566640837,4.0,B0BS6KLLT1
fitsne,10000,446,-16.328313061538008,-50.158371028369736,2.0,B00065XSP8
fitsne,10000,447,41.20014185594353,-22.38624389335817,5.0,B015W2SJFS
fitsne,10000,448,-51.37518692643524,35.664100360982346,1.0,B0BS22ZZY8
fitsne,10000,449,35.07556195890993,0.6146810097968036,5.0,B08F9ZCTCL
fitsne,10000,450,28.868624527278563,-15.876896387372067,5.0,B09ZPV8WBV
fitsne,10000,451,-30.62650018891036,-28.989551390574963,5.0,B08PBLGCNB
fitsne,10000,452,-5.638896733091045,-8.32837393158687,5.0,B09V3TSYFX
fitsne,10000,453,-43.67541941210724,3.280839477661337,5.0,B00T38OHQ8
fitsne,10000,454,41.333116560571625,19.91082183337042,5.0,B09LQV1C2D
fitsne,10000,455,-36.831314203806734,-25.498960368109863,1.0,B0BQD6LHL7
fitsne,10000,456,34.222720687011446,-22.5209142203672,1.0,B07PHB491R
fitsne,10000,457,-4.441107089177092,-40.03558490973995,1.0,B08XQPY9BC
fitsne,10000,458,-6.81751209142861,-78.25124136386641,5.0,B07SCLKCRY
fitsne,10000,459,-48.07042561482738,2.924234584422612,5.0,B092MV7LB5
fitsne,10000,460,-17.878177957811367,-1.529250333771117,5.0,B0925Z7N6N
fitsne,10000,461,34.18745177751982,-46.85215917267064,3.0,B075KH6W4S
fitsne,10000,462,-24.15093436657123,13.71732660004083,5.0,B09K8CBWBG
fitsne,10000,463,-29.0880369837344,-20.6613819583882,5.0,B0BTPBBL52
fitsne,10000,464,-50.16600517468797,9.983654808140694,5.0,B076QBXVML
fitsne,10000,465,-19.827993452282982,-15.846425015668112,5.0,B0093UA2GA
fitsne,10000,466,-23.6981180160488,-12.226774071251468,2.0,B07MQQV5VR
fitsne,10000,467,-50.13955422917508,9.90772956765113,5.0,B07589ZKM6
fitsne,10000,468,-23.785957342153893,-12.144303651273328,5.0,B00KC0HVTQ
fitsne,10000,469,-29.2461476871356,-20.913085604648707,5.0,B077DZYBLS
fitsne,10000,470,28.003420843080065,6.500907373072994,5.0,B078N1F14R
fitsne,10000,471,-49.47199373443545,-9.512266866064493,5.0,B01BT9SEDA
fitsne,10000,472,48.04749583795207,-12.472613765562924,5.0,B0BXYXD1Q2
fitsne,10000,473,-32.06570700552749,-16.588243872444426,4.0,B00M0RH36U
fitsne,10000,474,34.57757681170778,2.9941639482494478,5.0,B00BCGRX9M
fitsne,10000,475,39.72212040362658,-6.583362316684603,3.0,B000EVM5DK
fitsne,10000,476,-67.77932840796612,-18.762605949979676,4.0,B09LYWCHJX
fitsne,10000,477,46.316757980358446,-5.496137745722285,4.0,B00EUY59Z8
fitsne,10000,478,-30.94933941487742,-18.373532367822246,5.0,B0036WT3ZM
fitsne,10000,479,-38.62066794036369,-3.487868687314574,2.0,B08YF1VBYD
fitsne,10000,480,-36.306309459057786,-2.1330464663413418,1.0,B07X23N387
fitsne,10000,481,5.9794079799101825,-68.95924634244429,5.0,B074CKFLR3
fitsne,10000,482,-10.59094278329958,70.52431853565278,1.0,B003B4BBFK
fitsne,10000,483,-4.458270921227355,-69.47864342546723,5.0,B08XNCHTCY
fitsne,10000,484,54.107490445369976,-3.3520383924904213,5.0,B096V83KF4
fitsne,10000,485,-14.90920670758249,23.76970957774755,5.0,B06X9ZNT4P
fitsne,10000,486,-24.912297551577897,45.163361478997096,5.0,B08KSG2JMV
fitsne,10000,487,-4.9046398604763475,-22.12636920223293,5.0,B07H65KP63
fitsne,10000,488,-4.791572229186212,-22.0906071843053,4.0,B08TBDBQ1C
fitsne,10000,489,-33.317547609849484,2.9134523174067657,5.0,B0BC87S9SY
fitsne,10000,490,-33.27424724613195,2.895592960221038,5.0,B09B36FJVT
fitsne,10000,491,-33.42547849908717,2.919113919576675,5.0,B095KD3MNN
fitsne,10000,492,-33.44654554122533,2.931127862816989,5.0,B00VUIITTU
fitsne,10000,493,62.39421551036787,22.255454680836344,5.0,B091SDZ3S1
fitsne,10000,494,62.535406049850906,22.170432862195064,5.0,B091SDZ3S1
fitsne,10000,495,-26.825211485208115,40.08864480081753,5.0,B07Z18JVPH
fitsne,10000,496,-21.77159201378935,33.47825725987257,4.0,B0BNXXNBB4
fitsne,10000,497,-54.87675164783487,5.337419321423297,5.0,B09Y95BMKX
fitsne,10000,498,6.359429439528913,-37.75966975720813,5.0,B09DG877JS
fitsne,10000,499,-59.53012444297292,-25.505994562595777,5.0,B07W1Q3X7S
fitsne,10000,500,-15.268401558582713,71.70060198015354,5.0,B0BG7KP5L4
fitsne,10000,501,6.943571382870795,-38.198512067036226,5.0,B0B5BYZPNB
fitsne,10000,502,-55.14365446273887,10.957876657044391,5.0,B0BJKGH183
fitsne,10000,503,-1.9456875509288114,-70.33585185726157,5.0,B0C33824RM
fitsne,10000,504,-27.625449099568314,47.031809267915236,4.0,B07F2BDJ5S
fitsne,10000,505,-26.059956628544974,14.71549115359591,5.0,B0BZDWGL19
fitsne,10000,506,-7.051383106376623,-73.84635277250949,3.0,B08S395JJ4
fitsne,10000,507,-7.096670214962773,-74.16197776328396,5.0,B07B1L21NK
fitsne,10000,508,8.614517858205632,61.927578535622594,5.0,B08YFJYD5Z
fitsne,10000,509,-44.967861605997136,1.7328118438791253,5.0,B08TZSVYB4
fitsne,10000,510,-58.33031730800134,-0.5929644517661973,5.0,B0B12PXQYM
fitsne,10000,511,32.97480257449274,23.653779558206786,5.0,B096F75FBW
fitsne,10000,512,19.625739436425896,60.011235919894766,4.0,B092LY2GGV
fitsne,10000,513,-8.856481170949742,-66.42754950493325,5.0,B093TFXGWR
fitsne,10000,514,19.51182746630928,60.40830282860089,3.0,B09JMKS73X
fitsne,10000,515,19.407887700199037,59.6957160271715,1.0,B08Z2JQC6N
fitsne,10000,516,-7.324680641873739,-74.32400426331748,5.0,B09B48ZGJV
fitsne,10000,517,-8.043068088133131,-36.91846888951756,5.0,B0819ZF1YR
fitsne,10000,518,-44.64641314192162,13.608727115459121,5.0,B07JW7GT7H
fitsne,10000,519,-44.933452701831776,2.4462326755509216,4.0,B0C3M8B3MY
fitsne,10000,520,6.27518036401321,-63.152328675461945,5.0,B09Y4HCRLM
fitsne,10000,521,-8.39885981271937,-8.67771203134541,5.0,B09N75D6M4
fitsne,10000,522,-8.76875778878048,-72.36760701165782,4.0,B0BPBJ6SKW
fitsne,10000,523,-7.356482411314588,-74.45678517601458,3.0,B09S2XYNWL
fitsne,10000,524,-9.902724022569949,-71.28655561361398,4.0,B088KTR418
fitsne,10000,525,-35.33820743781382,-54.96150610668081,5.0,B09H5FHRTF
fitsne,10000,526,50.69726566705634,42.06689525696601,5.0,B0863MN3T3
fitsne,10000,527,46.66339237714756,3.2417674908326077,5.0,B07C3PQHC7
fitsne,10000,528,6.150318840070736,10.654217332531761,5.0,B07YJJSCLX
fitsne,10000,529,-56.585399714804794,38.504682746576876,5.0,B08R5TCSH8
fitsne,10000,530,16.230451358720643,-38.31096139216523,5.0,B01H4ZGTWQ
fitsne,10000,531,-31.999060553877644,-55.76526841855746,5.0,B08GFCX4Y6
fitsne,10000,532,-36.681502593930105,15.952052195742976,5.0,B005DLKFME
fitsne,10000,533,-4.739408270816584,63.391536935649626,5.0,B07HP726Q8
fitsne,10000,534,33.74815493850289,53.62633181839256,5.0,B08C4QSVNG
fitsne,10000,535,-13.571948237508005,-34.03654536550967,5.0,B09MH11HB7
fitsne,10000,536,-5.158237296903655,-9.738654483401529,4.0,B0822W4JF3
fitsne,10000,537,51.76785064259879,44.819491977832506,5.0,B07HCWW319
fitsne,10000,538,-62.961724922626054,19.844724763563388,5.0,B082FJXVW6
fitsne,10000,539,-45.24381737385144,0.7317184887007521,5.0,B08B3F8FZ8
fitsne,10000,540,-72.18750307908665,-19.136420993282897,5.0,B07ZZVX1F2
fitsne,10000,541,-37.71336161081774,50.12295024750416,5.0,B07GB3SGSF
fitsne,10000,542,-36.79319205161932,47.105832393939664,5.0,B0BWVDRR6L
fitsne,10000,543,-62.28910642245605,19.506816942812712,5.0,B0BCPC68J6
fitsne,10000,544,44.97049277015669,43.54418895631493,5.0,B07GWKZLLT
fitsne,10000,545,47.26106905695319,45.17804678645184,5.0,B075Y6Y9H5
fitsne,10000,546,-5.853172858033411,-76.58824405966556,5.0,B009UNGYHG
fitsne,10000,547,-44.48857265363989,13.88584365932645,5.0,B012JXHX28
fitsne,10000,548,-43.31522048310677,15.33695446813844,5.0,B0BGS23YKX
fitsne,10000,549,-18.336221815312083,-58.79034744575411,5.0,B09MCTFR69
fitsne,10000,550,35.75233209137614,38.63234621884411,5.0,B07TXNTGVS
fitsne,10000,551,-16.341750444661074,-0.7967352002107462,5.0,B08NBBFNMY
fitsne,10000,552,-20.797603598518997,-59.741478556015686,5.0,B083G8QM5V
fitsne,10000,553,9.35723857328809,44.84423738871694,4.0,B07N5ZPYFK
fitsne,10000,554,60.997784311715144,20.58265815355165,5.0,B08BTG7G5X
fitsne,10000,555,-56.904442729358394,13.031898521804138,5.0,B087R7MNBQ
fitsne,10000,556,-7.568000027895315,-2.6334503488874903,1.0,B08BW4JTCG
fitsne,10000,557,32.94556413372197,1.5416236244755228,5.0,B00068YUN4
fitsne,10000,558,22.625256865169717,-24.14146156182858,5.0,B0BPD6Q7KC
fitsne,10000,559,12.439956133650343,-31.4671036834897,5.0,B07L95W89W
fitsne,10000,560,-17.887905669771104,19.528463344172224,5.0,B08F6GPRH6
fitsne,10000,561,-14.012458725003228,-63.83230084729548,5.0,B079RC9338
fitsne,10000,562,60.75978839364757,20.58741870573044,5.0,B087G45PDT
fitsne,10000,563,34.215345402085006,7.06886295651335,5.0,B07YYNBSPG
fitsne,10000,564,60.27844469788445,19.16609598023245,5.0,B087J8VVVF
fitsne,10000,565,-2.200017476388162,14.577943642665621,4.0,B07PPRX94L
fitsne,10000,566,19.927686774210382,46.38875494655299,5.0,B07XNGYMGS
fitsne,10000,567,-1.8082230470946532,-56.46917254047824,3.0,B000MUXVYK
fitsne,10000,568,14.9265502097886,-39.691394896838624,5.0,B089T4YVYD
fitsne,10000,569,-45.92883457908555,13.909139630649447,5.0,B00NH12EHQ
fitsne,10000,570,-24.847478840759564,-23.76543095897323,5.0,B07GZFM1ZM
fitsne,10000,571,10.311922215982293,-36.18257175730404,5.0,B07545HGR5
fitsne,10000,572,-43.476892820158035,2.897341098776401,5.0,B07WFW5LQ3
fitsne,10000,573,4.827939397545383,3.4301140260185585,1.0,B0B8YVVFNT
fitsne,10000,574,16.467870732134443,53.007012408995834,2.0,B07X3VBJNR
fitsne,10000,575,-28.601745153980126,-2.9437515723283068,1.0,B00JWX20GI
fitsne,10000,576,-26.478642206830564,39.24975552173591,5.0,B0C71PTXVC
fitsne,10000,577,-12.482524437334332,35.665012623785955,5.0,B0827ZXTMS
fitsne,10000,578,-14.602334991674285,22.15513606720002,5.0,B07N86MCD2
fitsne,10000,579,-16.129993290708452,31.209759481680777,5.0,B07S9ZBL9K
fitsne,10000,580,-9.674048047316985,-11.663085263385062,4.0,B07KTYJ769
fitsne,10000,581,61.147280161940124,19.958999623611838,3.0,B07RTR39H6
fitsne,10000,582,-28.53785828154058,48.07985961821071,1.0,B09T5PV313
fitsne,10000,583,20.756865775300604,52.40292808241638,5.0,B076Q643SF
fitsne,10000,584,-36.95848185705722,3.358042961542234,5.0,B07FTCRKB7
fitsne,10000,585,52.565077485159165,37.16932552472607,2.0,B07CPSZXLK
fitsne,10000,586,-36.92505317573708,3.4432242840739455,5.0,B07S8F43Y6
fitsne,10000,587,-16.142085445614708,31.122437312773684,5.0,B07N1H8CGW
fitsne,10000,588,-9.663681452956762,-23.335467177430182,5.0,B07456BG8N
fitsne,10000,589,-15.51279272161525,-34.279833724973074,5.0,B00XIIB3XY
fitsne,10000,590,60.30127480926853,19.74837210942741,5.0,B07KCYGQ8S
fitsne,10000,591,61.867475377618916,20.38845599661301,4.0,B09G35YJGN
fitsne,10000,592,-44.035592586026006,4.549710351684881,5.0,B07RL3F6TR
fitsne,10000,593,-27.31865029546198,46.02167271575012,5.0,B08KZ1TZYB
fitsne,10000,594,62.06726081032841,20.138463793402856,4.0,B09ZHVV9R1
fitsne,10000,595,63.14763914645673,19.058448287081657,4.0,B07KQYR8XY
fitsne,10000,596,62.07203638797031,19.081726980129606,4.0,B08MLFZ58K
fitsne,10000,597,-52.158932380621074,8.36173081056428,5.0,B07375RHX1
fitsne,10000,598,-53.505229677088195,8.567252010342676,5.0,B07DMHHBJ7
fitsne,10000,599,61.37570349145941,19.737952492172155,4.0,B07KCYGQ8S
fitsne,10000,600,14.124918039327289,49.02189242214189,5.0,B07SH58QD9
fitsne,10000,601,-6.342356366164652,-75.35451152766842,5.0,B002QKZLZ6
fitsne,10000,602,-14.883628853673128,-33.07977539743228,5.0,B071Y3DJR7
fitsne,10000,603,-6.619735194038027,-75.0549140846296,5.0,B071WJLSNF
fitsne,10000,604,-17.86165451863916,19.551327109617226,5.0,B07324B77V
fitsne,10000,605,16.37610579684376,33.132133759028335,5.0,B088RD3BBW
fitsne,10000,606,-16.131189463813786,31.226047981427598,5.0,B07DNY6Z6G
fitsne,10000,607,43.5981346411071,41.983340210307006,2.0,B01HYE9A2I
fitsne,10000,608,-47.668260973184,12.314424491903768,5.0,B07NLMZFXF
fitsne,10000,609,-35.471085210598226,-54.95628347169515,5.0,B010V3KWF8
fitsne,10000,610,-46.744731719525,-0.2931442076477324,5.0,B01DJ96XDQ
fitsne,10000,611,-45.20124879770454,0.9670310708473545,5.0,B0C2VQGL6R
fitsne,10000,612,-57.63261741784493,13.56270047696347,5.0,B0BB6Y5N3M
fitsne,10000,613,-27.213479246360922,46.047658141126306,5.0,B073JYC4XM
fitsne,10000,614,62.147092900020546,19.13547753327678,5.0,B01M4NYI4H
fitsne,10000,615,61.60489296428346,19.074658049501046,5.0,B075F3Z3D9
fitsne,10000,616,-17.525963390333423,-58.698341726563314,5.0,B008X0TBKO
fitsne,10000,617,-60.98098115411989,20.558312083923227,5.0,B00LK4ZT7O
fitsne,10000,618,-63.649898861271055,-12.070570446088466,1.0,B018YPWORE
fitsne,10000,619,-18.040681105759596,-73.05866050381562,5.0,B0105VDCZ8
fitsne,10000,620,-19.1827054346371,-36.99491378680848,5.0,B01NAWBY12
fitsne,10000,621,-4.741867058630431,-22.05744917399722,5.0,B07586BG8S
fitsne,10000,622,-10.025649911355215,-24.592714849166853,5.0,B01K8B8YA8
fitsne,10000,623,-44.85402161883262,5.695043791666168,5.0,B00XM9QACS
fitsne,10000,624,8.521087854357285,40.03982742923193,5.0,B005IXSXPI
fitsne,10000,625,-43.449052513028754,0.21197588602349912,5.0,B0746LYM4T
fitsne,10000,626,27.948207855738023,19.214878769711646,5.0,B01EA8CGWW
fitsne,10000,627,-49.6090757135483,25.42688421453062,1.0,B06XGCK56D
fitsne,10000,628,42.523629450977175,38.925004760783466,3.0,B002RSQ732
fitsne,10000,629,-31.346149516986447,30.399628209461294,5.0,B01CX27190
fitsne,10000,630,25.235135486516267,54.83631466715218,4.0,B015JRGC8M
fitsne,10000,631,45.45385749598915,38.14548882025084,5.0,B083YHS7SV
fitsne,10000,632,-17.364897342691133,-61.326133264201914,5.0,B007VL90QG
fitsne,10000,633,27.414415325439133,8.301392796031136,5.0,B01HBY8V80
fitsne,10000,634,-5.33762363407484,-9.313060998679902,5.0,B007P2NKNU
fitsne,10000,635,-3.877203118511436,71.66291392402574,1.0,B00VM984YC
fitsne,10000,636,41.22052421227061,39.90520693075279,5.0,B09CD66HJM
fitsne,10000,637,-19.385090855788757,32.74758642618165,1.0,B00MFJ6G20
fitsne,10000,638,-58.195891523990326,21.131903199659632,5.0,B07SYW3XL1
fitsne,10000,639,-16.626508360750623,-1.106168324717319,5.0,B00I0F192U
fitsne,10000,640,48.15208840973328,35.5478427832128,5.0,B01AB2ZGGE
fitsne,10000,641,-16.605935426638357,-1.0266079511860218,5.0,B00ZPRNQSQ
fitsne,10000,642,-58.32204397552025,19.80349217946021,5.0,B0191GGFY8
fitsne,10000,643,-44.437050803871436,-0.09641931836893075,4.0,B01H355BGM
fitsne,10000,644,-44.25414616185885,0.21701195415844735,5.0,B01ITR015O
fitsne,10000,645,-44.512930777609355,0.35297783690841483,5.0,B097CCR1FB
fitsne,10000,646,-25.405957196304637,-31.752968397529582,4.0,B01FNAFLZA
fitsne,10000,647,-5.183317834926899,-9.65821282759347,5.0,B016AR5A7O
fitsne,10000,648,-58.53412827130204,19.351044832559563,5.0,B0CCQHH8Z6
fitsne,10000,649,-20.271046113377043,72.62497379824244,5.0,B0B2VDVB92
fitsne,10000,650,-59.292068768550905,37.815233121332675,3.0,B01F4H1DM2
fitsne,10000,651,46.982104231582746,-9.900552630070766,5.0,B0018Z8CN8
fitsne,10000,652,43.274606833946294,45.38466449049882,5.0,B01MZGZYSB
fitsne,10000,653,6.885610473808076,60.13664852739755,5.0,B0117U82EM
fitsne,10000,654,-28.71708002332783,38.97961888326489,4.0,B00CBL543E
fitsne,10000,655,-5.166355304142925,-9.664590614195822,4.0,B004RO3QPQ
fitsne,10000,656,-8.638289444434438,-72.41605908682065,5.0,B008D76Q64
fitsne,10000,657,-25.037532572814523,-22.818376497979788,4.0,B01MQGMSVQ
fitsne,10000,658,-18.67866056229352,-13.28135039855601,4.0,B009AB5L5E
fitsne,10000,659,-48.47752702754491,-11.357630205982309,4.0,B08YB2CN2M
fitsne,10000,660,-21.846727176989855,65.66022988557539,5.0,B005HQ5138
fitsne,10000,661,0.875457093065335,-64.31333865526858,4.0,B00FG3UOI4
fitsne,10000,662,-16.89268969116598,-65.33031352811693,5.0,B00JB31RYK
fitsne,10000,663,1.0391186259273777,-64.25675906833857,4.0,B00M3GMYZS
fitsne,10000,664,-1.4516207822948448,3.2125639112553275,5.0,B0002YP96Y
fitsne,10000,665,-25.059139960049798,52.59399254831009,4.0,B00K4PAV14
fitsne,10000,666,16.053072092631407,-37.74151339065439,4.0,B003J37580
fitsne,10000,667,10.817688261522884,-35.80501571652794,4.0,B004O292WC
fitsne,10000,668,46.93561008428612,45.308186956209255,4.0,B00KY47K6Y
fitsne,10000,669,45.926297217383976,2.3282661739992387,4.0,B005ZUNQUQ
fitsne,10000,670,-3.969712332174407,35.07254864199115,4.0,B0857KC57L
fitsne,10000,671,-3.9393310244022994,35.102831827468854,4.0,B00281XW0O
fitsne,10000,672,-3.943050074469415,35.089468184075116,4.0,B07VZYRKJQ
fitsne,10000,673,-3.9547628167894797,35.0867859256663,4.0,B07JVR8KBV
fitsne,10000,674,6.374610526130019,59.322164010348786,5.0,B007T36S34
fitsne,10000,675,17.269017354353842,63.74800958180544,3.0,B00DR0BOSC
fitsne,10000,676,-13.024800692212114,53.4629935543013,5.0,B008ABO71E
fitsne,10000,677,14.881955218591123,-39.617387069693294,5.0,B0001HKIK4
fitsne,10000,678,18.325466390831764,62.14942564018064,3.0,B00DR0CDEQ
fitsne,10000,679,-12.79312356970821,53.310042798935136,5.0,B009PHTHRG
fitsne,10000,680,-7.8513260480758325,9.313330835832108,5.0,B00WUIBCOS
fitsne,10000,681,-17.00016542475595,-63.86390375369401,5.0,B000Y31J26
fitsne,10000,682,-5.292529199227352,-73.28669600210412,4.0,B000Y190AG
fitsne,10000,683,-29.715509135745755,-11.661727818112759,5.0,B001CTILS6
fitsne,10000,684,-0.4808852224954972,55.17235941347973,4.0,B0051VVOB2
fitsne,10000,685,-54.66074387124137,-4.440622433590334,5.0,B0199HAOAU
fitsne,10000,686,-20.596672209221545,-49.470537804762394,5.0,B085HZPNRJ
fitsne,10000,687,-32.0255995134327,-46.722028938236626,1.0,B08N4CW66B
fitsne,10000,688,-8.687709464363161,-39.96150275429769,5.0,B091LXKW6C
fitsne,10000,689,-40.72673044315185,-27.224811654018733,5.0,B0748KYTZN
fitsne,10000,690,12.212378684532533,-38.98906292717184,5.0,B092F8GG57
fitsne,10000,691,-16.22106007522917,-34.74800515374971,4.0,B06XD9T2T5
fitsne,10000,692,-2.098754477791812,27.65520367830273,4.0,B0098QHS7U
fitsne,10000,693,24.03678828765291,17.808133868145617,1.0,B0BLCBK97H
fitsne,10000,694,33.308674961850414,-13.069950579790135,3.0,B0B2JJV92T
fitsne,10000,695,34.77425714550027,-16.147645633533376,4.0,B07VTKFLBW
fitsne,10000,696,23.314230656342577,17.727843633287648,5.0,B08HFNNPPJ
fitsne,10000,697,27.315829834087612,7.2041976629417235,5.0,B081M5HPCD
fitsne,10000,698,26.223086554525956,1.093440159408258,2.0,B09P5HMNDF
fitsne,10000,699,-1.166455579153041,-4.7264590569196425,4.0,B0C6D5GYQ4
fitsne,10000,700,32.702475415601455,7.040826689051721,4.0,B07H2CKXRH
fitsne,10000,701,-19.276497848583755,67.21519200213852,5.0,B0B1D1Q35D
fitsne,10000,702,-1.0164415811146792,49.075450301204505,5.0,B07V42PDX8
fitsne,10000,703,-11.988496481761462,-61.04570885722803,5.0,B0C33C3XFV
fitsne,10000,704,9.415261186830852,61.114711756572575,5.0,B07Q4T7G99
fitsne,10000,705,24.474304325573183,-48.632835394502486,5.0,B00TZAO9D0
fitsne,10000,706,9.232350050684115,61.011642110779135,5.0,B07NPK4PY4
fitsne,10000,707,25.7820619607093,-49.600164097275396,5.0,B072FS9VVZ
fitsne,10000,708,-3.5715133734933247,-56.752401442917396,5.0,B0BS1QXF6M
fitsne,10000,709,2.765369394838975,54.165008253440796,5.0,B07H8ZCSL9
fitsne,10000,710,2.8942837291448504,51.6470706330909,5.0,B07P374FF3
fitsne,10000,711,44.30861806570927,-0.4798987678329339,5.0,B072QY9HVM
fitsne,10000,712,35.90188914195594,13.849464537335319,3.0,B013R9SHC8
fitsne,10000,713,43.39215820256647,-0.5959114247234281,4.0,B09KMWTYVR
fitsne,10000,714,50.13761657075302,1.0195475068367892,5.0,B01M65QWE9
fitsne,10000,715,19.698933469459977,-36.59068103020007,2.0,B00R43UG5A
fitsne,10000,716,4.609211407456693,63.303825533531636,1.0,B00URC7P2M
fitsne,10000,717,21.872012496207,-31.32447803942769,2.0,059449771X
fitsne,10000,718,28.064021296971056,-46.631296509012216,4.0,B00IWANYH6
fitsne,10000,719,-51.744235262551854,0.6165810448122083,5.0,B07Q3BBNS8
fitsne,10000,720,2.553994954477556,54.3665740233492,5.0,B09WYFWH2Y
fitsne,10000,721,-47.85193741141722,-8.52388667858812,1.0,B0BK9KB853
fitsne,10000,722,-16.69381475665608,-50.605875183021716,3.0,B09HCFHR8C
fitsne,10000,723,16.25657011071395,-27.069193028982752,1.0,B0BW4PFM58
fitsne,10000,724,18.425129558490315,58.542821914124765,5.0,B07N7D9RSV
fitsne,10000,725,18.018528124592063,59.05160708898338,5.0,B07K4BQKJ7
fitsne,10000,726,16.38136846538293,60.10452934574255,3.0,B07LCGR2YZ
fitsne,10000,727,-7.837800509435141,-46.04134766196489,5.0,B0C72D4J46
fitsne,10000,728,-66.14897368114043,-19.246973213099434,5.0,B093GRDN8K
fitsne,10000,729,-18.44241246097547,-72.48399993086562,1.0,B07BRM55KC
fitsne,10000,730,-17.75602425724921,25.997855206014595,2.0,B01CW4BLG8
fitsne,10000,731,64.8400276109951,20.184825666698625,1.0,B07YYD5TNH
fitsne,10000,732,64.76221987950309,20.126543364201275,4.0,B07HRD5K99
fitsne,10000,733,-5.446208850935439,-60.31645661957568,4.0,B08XNCHTCY
fitsne,10000,734,-23.48879711682661,-8.312006214583077,2.0,B07MCMTCP3
fitsne,10000,735,-57.93787745636375,22.185648490832364,5.0,B017LSIXDE
fitsne,10000,736,-13.722076638691226,-31.480893148321172,4.0,B000EFMIB0
fitsne,10000,737,60.60574684063924,-25.857163078821724,5.0,B01K8B8YA8
fitsne,10000,738,51.92560337646412,5.030330440802724,5.0,B00WBD91L8
fitsne,10000,739,43.698456399158054,-42.89148615211485,5.0,B0B3X4NMHG
fitsne,10000,740,51.13205680925812,40.98866868264613,5.0,B0C5PHZ4QS
fitsne,10000,741,19.83730910237038,14.621894489079253,5.0,B09K8CBWBG
fitsne,10000,742,10.224807848852262,3.9800163006108753,5.0,B074KBWL9J
fitsne,10000,743,-44.37059993146777,11.929957686660327,5.0,B0B7J9L5HQ
fitsne,10000,744,-0.7484081750987613,67.11862386132327,5.0,B086C51NNG
fitsne,10000,745,41.08336306225484,18.62019219239404,5.0,B078J27VG4
fitsne,10000,746,43.68944224751134,-42.892532698339124,5.0,B00009OY9U
fitsne,10000,747,27.875508878690834,4.546127664616915,5.0,B07WGZLBZS
fitsne,10000,748,-51.88060369739369,18.51627699102393,5.0,B0841FLXW3
fitsne,10000,749,14.486233295075042,50.91405509762409,5.0,B07CHC71M2
fitsne,10000,750,21.608704101167323,26.432108342563808,1.0,B004RDWVUS
fitsne,10000,751,22.805078446872685,29.330443062865605,3.0,B003YMC5RC
fitsne,10000,752,-19.498538889101326,-12.404284959926018,5.0,B09W5QTSM1
fitsne,10000,753,-33.56591931885075,14.552361431859621,5.0,B0BS6KLLT1
fitsne,10000,754,-12.313876752602805,-24.281360606528143,5.0,B07456BG8N
fitsne,10000,755,43.559589545328485,-18.13186115590892,5.0,B01M74RA05
fitsne,10000,756,11.979779028836816,58.648029383031655,5.0,B083NY7M4L
fitsne,10000,757,-2.0779788282888454,-76.49983038191212,1.0,B07CKCNVGC
fitsne,10000,758,36.17514064755462,-22.732264598314615,5.0,B0C5MCSLKZ
fitsne,10000,759,16.173995494970352,-8.822356208085198,5.0,B07BGQZK8S
fitsne,10000,760,-10.705992905875533,19.883120374376215,5.0,B08RYY7YB6
fitsne,10000,761,61.13717674067351,-35.815320229413885,5.0,B07ZS8JCZ9
fitsne,10000,762,-2.036014516399389,-19.394018304893162,5.0,B07Z4G6LN2
fitsne,10000,763,-3.9231107480640213,-13.757368576304335,5.0,B089KKRXG6
fitsne,10000,764,16.186052789375022,-23.12063065412949,3.0,B085L34V8J
fitsne,10000,765,30.224985452435995,-11.780763403486363,1.0,B08NDSTXZ3
fitsne,10000,766,-23.351850452699164,-18.521785716195538,5.0,B07KGVB6D6
fitsne,10000,767,-46.7184704855202,-28.658611725809514,5.0,B07PR9SN8W
fitsne,10000,768,-37.56642627658181,13.21322345335631,5.0,B00TOVTZ7K
fitsne,10000,769,19.284550845317373,25.002273609007954,5.0,B005YV5HQC
fitsne,10000,770,-29.161844526631622,-15.458622200604271,5.0,B00U9U9GII
fitsne,10000,771,18.04036645810953,61.735184798223806,5.0,B00FF322AS
fitsne,10000,772,-32.39117384090679,53.084274733923834,5.0,B00E3W15P0
fitsne,10000,773,-13.148061716697272,51.308028108373804,5.0,B00BKRMMUS
fitsne,10000,774,-22.519377799059075,34.275984737627944,3.0,B008MDOTUE
fitsne,10000,775,-22.190640459948355,33.72203355091211,5.0,B00DYQQSSK
fitsne,10000,776,-4.588136667537295,10.972830838572584,5.0,B002BWQ4H8
fitsne,10000,777,-24.033807692078945,-40.58621948726118,1.0,B008I64KGS
fitsne,10000,778,24.828519335653866,36.69506021861119,5.0,B07TWDMX8D
fitsne,10000,779,1.1450778653165976,-74.9060038478905,5.0,B08MVJP62X
fitsne,10000,780,-4.340577349375309,-29.31827336403707,5.0,B00GM15NGM
fitsne,10000,781,-20.688870500863032,-62.45401029352546,1.0,B07FTTPVGG
fitsne,10000,782,21.598867332846474,-35.9454480469232,1.0,B07PGKLS1J
fitsne,10000,783,-14.215744287048082,-12.16734961611475,5.0,B01AQ6GSQM
fitsne,10000,784,-14.33487180128067,-12.42364258475485,5.0,B08C7HDL8C
fitsne,10000,785,65.0929768712402,-35.37791017468992,5.0,B07HZLHPKP
fitsne,10000,786,20.82401709626289,-25.985561675629597,1.0,B00B3Y6E84
fitsne,10000,787,44.99920558066092,-14.435767565227666,5.0,B01N9P7AL5
fitsne,10000,788,49.273232504270005,-5.087145576530968,5.0,B01K8B8YA8
fitsne,10000,789,48.692057841466,-15.698532132255176,5.0,B01N6KWHSC
fitsne,10000,790,-31.92986167876507,0.08528534957982618,1.0,B07CBSSNXG
fitsne,10000,791,-18.587574057103055,-29.3706304368153,1.0,B004JO1ZO8
fitsne,10000,792,9.08636296125865,-8.940180021976571,5.0,B00E6GRHBO
fitsne,10000,793,35.461027996734174,-16.147762425101202,5.0,B0B993N8M1
fitsne,10000,794,11.849390188614459,-38.72177322334859,5.0,B08Y1XYLVP
fitsne,10000,795,-17.080987053450183,-30.617728706976465,4.0,B07XXDNSCM
fitsne,10000,796,-4.444411411901422,-29.15350979246379,2.0,B08GRYND4H
fitsne,10000,797,60.605813640157706,-25.855050769734973,5.0,B01BRWH8G8
fitsne,10000,798,14.165178478684043,7.376163640089036,5.0,B09RL7NM59
fitsne,10000,799,-15.498212664918043,-22.713026361931504,2.0,B0C3NMZ2C7
fitsne,10000,800,-31.143918652116877,0.03514673227720276,5.0,B01M0GB8CC
fitsne,10000,801,43.741246271420565,-4.256241099483192,4.0,B09CPQ412S
fitsne,10000,802,52.3709524975736,33.638882974915276,5.0,B07K21PVMQ
fitsne,10000,803,-32.57324947464337,58.18551657160592,5.0,B07P83ZWZT
fitsne,10000,804,-26.445045740839106,-24.636492029516962,3.0,B086VR2KY8
fitsne,10000,805,-17.208466034913485,-51.51233550638906,5.0,B09Z228SQJ
fitsne,10000,806,45.1221432653646,-14.88267788706996,5.0,B01IXCP8DK
fitsne,10000,807,13.015086792100918,7.279625073126632,5.0,B08S55D31N
fitsne,10000,808,21.795643734083903,-18.049248065305186,5.0,B07P6YXJBY
fitsne,10000,809,18.505271610151866,-24.418283831641258,1.0,B0872FYTWS
fitsne,10000,810,17.81295843928982,-35.08484150415535,5.0,B01N63ZGUM
fitsne,10000,811,-18.743979241199384,56.97444258026918,5.0,B07Q478Y95
fitsne,10000,812,21.783245632083243,-16.49498542502768,5.0,B07QD3J1D1
fitsne,10000,813,21.823282745795527,-16.529097432194185,5.0,B07P97SJHD
fitsne,10000,814,35.97221833314345,6.926945784110872,5.0,B07NXJN1QW
fitsne,10000,815,38.38444896476457,5.859525817690599,5.0,B07R217P25
fitsne,10000,816,-19.10677905439336,56.67000837994964,5.0,B01M0OE05T
fitsne,10000,817,-24.871332977510228,18.24164727013979,5.0,B076CRF7DN
fitsne,10000,818,-31.253417361278736,-16.158474020229868,5.0,B00LD3Q56G
fitsne,10000,819,-5.01456064730645,-71.26271061120748,5.0,B072QW59MF
fitsne,10000,820,19.63822377636985,-24.06460174572654,2.0,B00O23IQI4
fitsne,10000,821,-36.34904316265273,-37.52301847714538,3.0,B0081IKTN6
fitsne,10000,822,-29.527715417336108,-0.9090570043529511,2.0,B00KWR8ME2
fitsne,10000,823,-11.844497429001963,68.32793493615938,3.0,B00QRPPCMI
fitsne,10000,824,-11.53253595216266,3.205721084163948,4.0,B00VKIY9RG
fitsne,10000,825,-9.444654910947284,70.01151839239948,5.0,B0C6DDHVNP
fitsne,10000,826,27.98050856348997,-13.570876515265281,4.0,B007S642BW
fitsne,10000,827,16.253672336549542,-15.779127446924216,5.0,B0089W5Q1O
fitsne,10000,828,-24.80197464093242,-6.497425123559816,3.0,B007Q45EF4
fitsne,10000,829,-33.74028259541458,-37.90780743365115,5.0,B00006JQ06
fitsne,10000,830,41.3819552593225,-17.885384272673516,5.0,B009R10KBC
fitsne,10000,831,-10.594636706040735,68.48636819623093,5.0,B003VAHYNC
fitsne,10000,832,-12.729439890194309,24.40222553591452,5.0,B00ARDIRFA
fitsne,10000,833,-11.667399636423392,28.583359045184977,5.0,B003ZHV70C
fitsne,10000,834,-13.345623034817097,50.32450650205866,5.0,B002PY7LL0
fitsne,10000,835,-1.653349705343571,-58.26698078693976,5.0,B09Y54MQWT
fitsne,10000,836,55.49472743088914,-31.569477550486617,5.0,B00IA8M3K4
fitsne,10000,837,26.696974305703083,-40.38159299570943,5.0,B097D8D6L1
fitsne,10000,838,-20.56108057727991,67.3780322520972,5.0,B089N5L1YQ
fitsne,10000,839,16.016333471516457,23.8166965417356,5.0,B00LI6NW8W
fitsne,10000,840,21.845943741046213,-29.983620194322306,5.0,B08HSCF9X7
fitsne,10000,841,36.385283876790155,4.480361392412962,5.0,B07HMRN7Y6
fitsne,10000,842,30.933874612106994,39.821355013128986,5.0,B01D06IWB4
fitsne,10000,843,3.9271603212268276,-19.400174066926716,3.0,B00P7EVST6
fitsne,10000,844,39.015459793729974,2.335201343601446,5.0,B07VHQW6F3
fitsne,10000,845,-27.322500050276812,13.621667933798742,5.0,B01IARZGAS
fitsne,10000,846,-9.598850617796831,22.839809230165507,5.0,B01E7C8TWW
fitsne,10000,847,29.48434277947788,2.7565146037489887,5.0,B00HHEAMXC
fitsne,10000,848,20.90066719592932,51.92622670703913,5.0,B07PR21291
fitsne,10000,849,40.88301500144199,-2.1981640861276106,5.0,B018PU87TM
fitsne,10000,850,-3.183852350071346,-62.235049768776975,5.0,B09WD1B2P1
fitsne,10000,851,-11.353612427893315,49.54793264337741,5.0,B07BNX8N72
fitsne,10000,852,-14.044497294010721,-23.75448695805412,5.0,B07PDHSLM6
fitsne,10000,853,-14.877458818918946,-59.91083979941182,4.0,B00WMLVJ1E
fitsne,10000,854,-17.99739238449957,-11.893553135156049,5.0,B07GKT53H5
fitsne,10000,855,24.71632979740509,18.580035588938607,2.0,B072JJPZXQ
fitsne,10000,856,-23.581623907025307,13.488996417310132,5.0,B089F9YDFC
fitsne,10000,857,-67.70478250377013,-19.506665255739907,1.0,B01MS1PMML
fitsne,10000,858,-42.86405936409584,7.254195216176311,5.0,B0C5MF2LCQ
fitsne,10000,859,23.214141033471634,8.227714126674242,3.0,B00OQVZDJM
fitsne,10000,860,-27.424399758720938,-12.68500858406189,3.0,B00ZVJAF9G
fitsne,10000,861,22.649328824863773,16.901894128730284,5.0,B071K5BQPF
fitsne,10000,862,-14.776164271984,-39.091389596817116,1.0,B08YF1VBYD
fitsne,10000,863,37.3772991268527,-24.784458312387013,5.0,B017LSIXDE
fitsne,10000,864,-56.52941418610458,38.42381943641159,5.0,B01LXR37IE
fitsne,10000,865,-13.755995830597284,3.916889259003015,1.0,B01KV93B9G
fitsne,10000,866,-18.382953065032787,4.832256751505795,5.0,B004ZX2NU8
fitsne,10000,867,-47.289401456190106,-26.348473150781683,5.0,B008X0TBKO
fitsne,10000,868,-35.120527239722705,-38.383338999376406,5.0,B00ET7PG5E
fitsne,10000,869,34.94466707641236,4.066699774762163,5.0,B0874YZVWK
fitsne,10000,870,34.29630066003724,24.463090378190948,5.0,B007T356BO
fitsne,10000,871,34.675900091302694,-13.701762804242609,4.0,B083J66JC2
fitsne,10000,872,34.676241066048355,-13.701648354573221,4.0,B0916X99SD
fitsne,10000,873,33.485386566532036,-14.438127883532445,3.0,B08Z3HGG2J
fitsne,10000,874,47.34429261156387,-1.6981993298062164,4.0,B09P39CW4T
fitsne,10000,875,30.552360407883544,-22.257941584277436,4.0,B0BXJX78RL
fitsne,10000,876,9.090234593789967,-43.55657712209104,4.0,B07PXGQC1Q
fitsne,10000,877,54.96411179288335,-44.13004281528139,5.0,B07QD3HBFS
fitsne,10000,878,3.9562185644012464,-43.34596330414188,5.0,B0BQQ234HZ
fitsne,10000,879,-26.109653872786318,-26.01221953256045,2.0,B07SPS13MC
fitsne,10000,880,56.71825471991449,-41.41789071230358,5.0,B07JG1VFBX
fitsne,10000,881,17.153993585133072,-10.221743066562455,5.0,B072DZH41G
fitsne,10000,882,4.898659256829217,-61.19902332602647,5.0,B07FFVVDJ8
fitsne,10000,883,3.1124014828916757,42.49000316761358,5.0,B0753R71ZH
fitsne,10000,884,4.547936122693175,-6.809484365382346,4.0,B07TG9S4DG
fitsne,10000,885,17.051848380979127,-9.115870994532392,5.0,B07XX31MHV
fitsne,10000,886,25.629778745935305,-17.875626857892794,5.0,B07QF6NRH2
fitsne,10000,887,-49.96556384422085,1.8202587331878868,5.0,B07BWC32CX
fitsne,10000,888,-3.0948260677972534,-64.0166021846278,1.0,B095WJGGZJ
fitsne,10000,889,30.890315142170188,-16.437256548506006,3.0,B076HFYGLR
fitsne,10000,890,17.026562409866695,42.60127924072021,5.0,B08BLB8FRT
fitsne,10000,891,-43.18234383052753,-28.17610188342043,3.0,B07JMC8B3Y
fitsne,10000,892,-48.44514473627996,15.181530700597264,4.0,B08F1P3BCC
fitsne,10000,893,-18.328303287207245,47.784211891156055,5.0,B09ZGMKVVK
fitsne,10000,894,-42.44547527956944,31.809956304190166,5.0,B0855GZ7PT
fitsne,10000,895,-1.8902374738270016,-76.20328696210859,4.0,B07J3CRZGG
fitsne,10000,896,-31.88834455581154,46.80498473918901,5.0,B07RLZ1KDY
fitsne,10000,897,-3.097793618478218,63.73691047472484,5.0,B083TNW1JM
fitsne,10000,898,45.519529184084405,34.08210019359461,1.0,B005HEVKXU
fitsne,10000,899,20.314225505156337,-33.13300340167903,5.0,B072ZQB512
fitsne,10000,900,-18.846157899321813,-12.15508248482974,5.0,B01AQ6OWAG
fitsne,10000,901,-19.868066354090374,-12.017907418284677,3.0,B07GF959QQ
fitsne,10000,902,37.355139248511335,26.92970711679821,5.0,B072BMZCHN
fitsne,10000,903,-20.67036334603197,-64.7636243535326,5.0,B07SM5MQN8
fitsne,10000,904,-42.95682997225647,-27.955378929945613,5.0,B0BF9KC3NZ
fitsne,10000,905,-20.55095856823979,-14.559745735250617,1.0,B07GY54JPV
fitsne,10000,906,34.62201764006812,-8.435962727073909,3.0,B0BJPSZ739
fitsne,10000,907,-8.328499842823161,-42.05006418593509,5.0,B078RYSGTR
fitsne,10000,908,52.550897155479795,31.42319306421195,5.0,B010P5714W
fitsne,10000,909,39.55335455787494,-22.726096521755125,5.0,B01NCOM06N
fitsne,10000,910,18.110181642632504,-30.923804371588876,5.0,B01MRS3MIS
fitsne,10000,911,-15.166656720055254,58.630690619223245,1.0,B014KF85IO
fitsne,10000,912,1.222616355795995,-10.629327149129157,5.0,B09LNX8MHV
fitsne,10000,913,-17.20238812707654,-11.966010061775359,4.0,B01F8DPALM
fitsne,10000,914,29.051815359352183,-4.303511453543337,1.0,B00DU15MU4
fitsne,10000,915,-2.281355080935464,60.032728404456286,4.0,B00WU37B2K
fitsne,10000,916,-50.790933841772414,5.466661580723108,1.0,B08N5821RN
fitsne,10000,917,-52.3421218115969,20.744154858286233,5.0,B00WSW1YXA
fitsne,10000,918,65.7731736252491,-5.4096688252216465,5.0,B07GFQN1MM
fitsne,10000,919,28.06163499047284,6.487867948466549,4.0,B07Q12TXD8
fitsne,10000,920,30.103334779180187,-11.692611220001316,1.0,B07S764D9V
fitsne,10000,921,54.03961049487934,6.071046043772156,5.0,B07FFCGJ5L
fitsne,10000,922,18.30046181263367,-29.79430737066023,5.0,B07L814B45
fitsne,10000,923,15.607329113728893,-27.97450620806596,1.0,B0177NSA9A
fitsne,10000,924,1.1517916146178029,-11.936661689796784,5.0,B0087NZ31S
fitsne,10000,925,30.69119315108648,42.17815562841109,5.0,B0819QKM8T
fitsne,10000,926,9.989275251932558,51.88868938883822,2.0,B07PTVBKHM
fitsne,10000,927,11.366259929235964,-32.50957903716852,3.0,B0B9S7TTCZ
fitsne,10000,928,-20.92653913818508,-46.557786812911644,5.0,B0935ZDCYD
fitsne,10000,929,17.95275369047307,44.942115889849354,1.0,B01H8SKNQM
fitsne,10000,930,-14.18965981748901,-19.832579624422415,2.0,B07N8VFFNS
fitsne,10000,931,45.91365880760708,-4.925330241104416,4.0,B075R8JR8L
fitsne,10000,932,6.799421125815444,62.605102309332956,1.0,B00OQVZDJM
fitsne,10000,933,-62.7520590000654,-22.189749310210953,1.0,B08KVSN48H
fitsne,10000,934,-33.07817810426492,37.927658352989916,2.0,B00U3FPN4U
fitsne,10000,935,-8.417406251358965,-65.89866773524288,5.0,B08L3R87HW
fitsne,10000,936,-10.41637245626165,8.091202256858569,5.0,B0BV6WXP1T
fitsne,10000,937,31.441025448198573,-8.144561354546639,5.0,B0915QKXBV
fitsne,10000,938,53.7509805967393,-40.46051598568211,5.0,B0BLRCRNP1
fitsne,10000,939,25.962809085955044,-1.607208211109228,4.0,B008YCZBCI
fitsne,10000,940,-11.02935567708317,50.54641546310044,5.0,B003U9RHM2
fitsne,10000,941,21.90601192709135,33.45080341652,5.0,B004V68IQ2
fitsne,10000,942,-14.502289473355628,-1.3796453437545153,5.0,B07KWR33LS
fitsne,10000,943,-63.34018465156021,-17.356621924008092,5.0,B00R92CL5E
fitsne,10000,944,-31.66410886170524,-47.27410378874071,5.0,B0BWMYK1XZ
fitsne,10000,945,-4.473007571762331,-71.4923603816149,3.0,B007L5NKZO
fitsne,10000,946,22.14140940430979,60.11202307917308,5.0,B00FJ8JC3O
fitsne,10000,947,33.98694944243713,26.17624284308522,3.0,B08BWN7F7Q
fitsne,10000,948,-17.952647635319018,-14.940630824107727,5.0,B075NFX24M
fitsne,10000,949,25.795820402816794,-43.84361114034202,5.0,B07Q2WQWT7
fitsne,10000,950,6.995826105048779,36.76245502562606,5.0,B09T3VLCWD
fitsne,10000,951,23.763699097697515,-26.57413895444246,5.0,B07TMJ8S5Z
fitsne,10000,952,-35.50988858873908,40.81043144705043,5.0,B01NANB0IW
fitsne,10000,953,53.64045027170577,7.160911488959233,5.0,B07Y8SH1MC
fitsne,10000,954,29.393798639986997,-21.191629264801893,5.0,B07ZSZQNWP
fitsne,10000,955,-1.2415808125294137,13.800587336432377,5.0,B09KZJ9W7R
fitsne,10000,956,-44.16360532319325,-30.39738468038421,4.0,B07Q74L1TR
fitsne,10000,957,7.28751467589684,-14.191012498777827,5.0,B09XGQQ98K
fitsne,10000,958,30.354865750463674,33.42505484314538,5.0,B0BGS23YKX
fitsne,10000,959,-20.626192967596182,-12.745418899972224,5.0,B08HR9JFC2
fitsne,10000,960,34.10713042610191,-9.112129246888559,2.0,B08JTWH2SQ
fitsne,10000,961,-61.32671898169811,-19.930719959872516,5.0,B087D7C96F
fitsne,10000,962,-5.6442827261953585,-42.3457201092338,5.0,B07S5XSTCW
fitsne,10000,963,16.372628748378787,-9.890681343542061,5.0,B09T6T159F
fitsne,10000,964,-18.71089701651597,-11.406213090710205,5.0,B009XUM3Q2
fitsne,10000,965,15.970990141977072,13.119713463171093,5.0,B00XJ30884
fitsne,10000,966,-40.85983304472372,-31.024595714103977,5.0,B07797JBDW
fitsne,10000,967,63.38273937061963,-42.54150997913506,5.0,B06XBBRVD5
fitsne,10000,968,40.097605083708274,0.8824531012585461,5.0,B06ZZY4VNW
fitsne,10000,969,20.90521326416614,-33.45208804289391,5.0,B01HMB1US0
fitsne,10000,970,58.065642985224464,-41.550693439049766,5.0,B011BRUOMO
fitsne,10000,971,-25.427264834445733,-38.290393419035226,5.0,B0B6T5ZWCM
fitsne,10000,972,63.3840818591082,-42.54428552578698,5.0,B00AYB3OMG
fitsne,10000,973,-19.04056129404785,-11.106752095909007,5.0,B001905C62
fitsne,10000,974,-7.366839626739451,35.230933794641345,1.0,B004SPMRUO
fitsne,10000,975,21.246738280506325,-22.57450313685534,1.0,B07NSM8TF8
fitsne,10000,976,11.338504855304366,-26.203245592800226,1.0,B0963TH5MF
fitsne,10000,977,-21.967003956126675,-56.82216512932788,1.0,B0B62FJF1J
fitsne,10000,978,-36.01885716480563,29.46104382555251,1.0,B0BRXJ655D
fitsne,10000,979,-3.4167120572339895,9.448611864409536,5.0,B0C1CST5HF
fitsne,10000,980,12.202625468746012,61.97023561846069,5.0,B019Q6G21Y
fitsne,10000,981,12.403795270066912,3.7037100074166442,5.0,B0095PZHPE
fitsne,10000,982,-17.581432311181704,-46.86470026263297,5.0,B003VAK1I2
fitsne,10000,983,17.70634941472597,-29.345087807820764,5.0,B0BLNQ6B3L
fitsne,10000,984,8.151319446295886,-34.81111481454595,5.0,B085N11H5T
fitsne,10000,985,39.179394514228974,-3.829192196306834,5.0,B0043T7FXE
fitsne,10000,986,16.942898934245,-6.964838347973604,5.0,B00KC0HVTQ
fitsne,10000,987,49.43133627439267,1.057561811351277,5.0,B01HRVABD0
fitsne,10000,988,-0.6719042843409624,11.670717410027255,5.0,B0CBVWHXTS
fitsne,10000,989,41.31823395521187,6.194902710416186,5.0,B07Z8RLTN7
fitsne,10000,990,-2.2637030254292676,25.797064945482358,5.0,B08C2LDLG5
fitsne,10000,991,-3.620233971451294,-48.51489680585577,5.0,B08J83TR22
fitsne,10000,992,29.523838963125307,-29.19166160190831,5.0,B00TOT6I7W
fitsne,10000,993,32.362954023459906,53.187822490514236,5.0,B00GMFVET8
fitsne,10000,994,12.860485554207777,-28.608526385180703,5.0,B08L5M9BTJ
fitsne,10000,995,-21.980970292960055,-17.355927199446302,5.0,B07Z3KTCPX
fitsne,10000,996,10.557178275113474,-42.015282227285724,5.0,B0BWD4WGJB
fitsne,10000,997,-4.438664457521345,18.059082741201212,4.0,B07G61MFF6
fitsne,10000,998,-32.84657093981323,-17.01964822455173,2.0,B00VA5MLM4
fitsne,10000,999,-30.965223960394407,10.678809469865563,5.0,B085D9SLF4
fitsne,10000,1000,30.564326518554736,-48.4059397360394,5.0,B0BTKKJLTP
fitsne,10000,1001,-7.970445597084311,70.04491738598462,5.0,B00M4L721S
fitsne,10000,1002,1.541166496037884,-5.2530974887940145,5.0,B00JM6EP1I
fitsne,10000,1003,-15.538530060165938,-9.009277182307656,5.0,B0007M610O
fitsne,10000,1004,15.511940298119045,49.862335732206134,5.0,B086YCPY39
fitsne,10000,1005,-57.2821593660351,-0.06320997283354536,4.0,B01M71T4E7
fitsne,10000,1006,-25.059123361962502,0.08661229245203321,1.0,B06ZXR6KS6
fitsne,10000,1007,2.6779914047743096,52.91520790273001,4.0,B00J3FOZPO
fitsne,10000,1008,50.80301918793113,17.798027045052415,5.0,B08QJBQ1VM
fitsne,10000,1009,25.760162542064222,-10.408536936268572,5.0,B07F4P3JH7
fitsne,10000,1010,-1.8765288881907916,-62.82097071918506,5.0,B01FLKRNTE
fitsne,10000,1011,57.39376754237347,-18.010149368511595,5.0,B08YGKCHNF
fitsne,10000,1012,36.40760475981815,14.813002094322911,5.0,B07V44WYM6
fitsne,10000,1013,-2.4172374975343156,-69.38973288680647,5.0,B0BDSZ2KT3
fitsne,10000,1014,-8.771553932440932,-58.15177603387102,5.0,B09KQC7Z4S
fitsne,10000,1015,7.736381113271399,-38.93455009416781,5.0,B0BHWYQ47Y
fitsne,10000,1016,-9.237611815006169,-61.80657461714935,5.0,B0BDSZ2KT3
fitsne,10000,1017,30.17001096219607,39.02537034983633,5.0,B0BW7DFJL2
fitsne,10000,1018,-9.309471845136462,-64.09313439090874,3.0,B08B3G74MY
fitsne,10000,1019,1.8426520415224663,-70.1064683704655,4.0,B0BQC7892K
fitsne,10000,1020,-0.45365722986389584,-57.72523423929344,2.0,B0B5D4K48M
fitsne,10000,1021,25.383801167892113,42.864561216304025,5.0,B07H8WS1FT
fitsne,10000,1022,12.098680943218795,48.941648607155535,1.0,B01MXKRKWY
fitsne,10000,1023,-8.045192092735377,-40.334091546239755,5.0,B08VD2NX25
fitsne,10000,1024,44.32562371417146,-21.26134522131143,5.0,B0C1ZDMQ5Y
fitsne,10000,1025,19.531587034085295,-7.4974477738873295,4.0,B0BQ5XQ17G
fitsne,10000,1026,25.95445909785978,-20.610870164360946,3.0,B07QF4Z874
fitsne,10000,1027,-8.4226735434419,21.857934442971963,5.0,B007Z549YQ
fitsne,10000,1028,33.485661819369966,19.85504594401672,5.0,B08434BWYM
fitsne,10000,1029,38.04593468309212,38.41159129074894,5.0,B09LCZ16HN
fitsne,10000,1030,45.00030862766943,-25.7896306491567,5.0,B0CB11DLHG
fitsne,10000,1031,11.8547600461606,-12.599713958197691,2.0,B07THRBHPG
fitsne,10000,1032,32.886658286037914,-20.865881744945597,1.0,B086C1FGF9
fitsne,10000,1033,7.335346837205845,14.618904763986189,5.0,B01M1AQ316
fitsne,10000,1034,-22.30721487604154,68.45012461134414,5.0,B0B4SWZTZ1
fitsne,10000,1035,-52.11506964168185,1.2841218662675824,5.0,B0739N6PLY
fitsne,10000,1036,65.028136611783,-35.38652073809278,4.0,B092LYGF9J
fitsne,10000,1037,24.68719508458629,-46.08814153064815,5.0,B004A9PBJW
fitsne,10000,1038,23.57409165616866,-25.358046453463594,2.0,B0000BYDKO
fitsne,10000,1039,38.459310884319194,-39.30966732154818,5.0,B001KPILLE
fitsne,10000,1040,-20.992890748687223,68.88657940252159,5.0,B00NMTXYN6
fitsne,10000,1041,58.99100394509838,-26.233269742895697,5.0,B07RN4XTV5
fitsne,10000,1042,14.472503736913637,-41.616890334116604,5.0,B071HSGBZC
fitsne,10000,1043,38.310755978817404,51.86753575592373,5.0,B089XF38N2
fitsne,10000,1044,-31.236721025265815,-18.23776162502816,4.0,B07SHFPD8S
fitsne,10000,1045,-15.769703300410946,-58.91326366838173,5.0,B07V3RB9C1
fitsne,10000,1046,62.68556767788839,-22.724540684048566,5.0,B076FR2J17
fitsne,10000,1047,47.049874644799694,46.6047596739847,5.0,B07CP7PGKB
fitsne,10000,1048,16.75135340266296,-8.300675577302282,5.0,B09XKS77DP
fitsne,10000,1049,12.482461157018678,-35.487245920428684,5.0,B005INJ4ZG
fitsne,10000,1050,35.582084275763144,-46.605699276579514,5.0,B0015V1H28
fitsne,10000,1051,24.821325436915988,-49.71128769279099,5.0,B000NU4OTA
fitsne,10000,1052,-17.478216278599252,15.017122138949079,1.0,B07G5ZG3Q4
fitsne,10000,1053,50.64526454177023,3.0257103119407796,5.0,B07P6TNT8H
fitsne,10000,1054,37.73836881352904,-24.53365668213467,5.0,B07CK1CZ9J
fitsne,10000,1055,27.521859584939346,-47.61438380037165,5.0,B0B3J6BWH2
fitsne,10000,1056,64.36409667461176,-40.39048816824795,4.0,B00JDN86EW
fitsne,10000,1057,-9.759189067747066,51.44904894665029,5.0,B081N87HH9
fitsne,10000,1058,-9.1536745642556,24.338553387684353,5.0,B082X8CY8X
fitsne,10000,1059,-31.690938485301928,-47.07012900140082,5.0,B082YWZ77X
fitsne,10000,1060,-14.772745239452686,47.847843271807,5.0,B0CBZF7ZY5
fitsne,10000,1061,-32.82684386322825,47.916558759944,5.0,B0C1SJVWTY
fitsne,10000,1062,-57.76841557756771,17.195662043019787,5.0,B0BN11KNM4
fitsne,10000,1063,-57.60487693986238,16.858830534114198,5.0,B09YVBF9Z9
fitsne,10000,1064,-32.70485190561996,47.57490076416106,4.0,B0C1ZC8CFP
fitsne,10000,1065,-38.47440612005215,-35.74351652905197,4.0,B09V1KS388
fitsne,10000,1066,-42.709226620397516,41.93655210474944,4.0,B09QFZF8QC
fitsne,10000,1067,-40.582333633689096,13.573101437346303,4.0,B09N8NQG9J
fitsne,10000,1068,12.313591101482254,5.6299198794956595,3.0,B0C28HGT5N
fitsne,10000,1069,-48.97464233332843,31.682853595172613,5.0,B0BV9PZ629
fitsne,10000,1070,-47.29994308501165,-7.099069624653253,5.0,B0019R6SO0
fitsne,10000,1071,-15.989768737882034,-32.61622241942253,5.0,B0C1V5SRCW
fitsne,10000,1072,-9.47059562695375,68.5476175163173,4.0,B09N7532L7
fitsne,10000,1073,-16.37456692110519,21.974224402487867,5.0,B09FPGG9GZ
fitsne,10000,1074,8.824169692726448,40.196603747783335,5.0,B07SSDKNSL
fitsne,10000,1075,-39.05156058382326,-35.495799262776046,3.0,B086XH336K
fitsne,10000,1076,-38.94107706562152,-35.67875882189652,4.0,B09Y4LSD91
fitsne,10000,1077,-52.66443217204353,-7.846945363601838,4.0,B09WZZ9RDX
fitsne,10000,1078,-26.541540975210346,14.624324023260314,4.0,B07RW9LZ15
fitsne,10000,1079,4.198965145061358,4.292745934712527,4.0,B098BN33KP
fitsne,10000,1080,-32.37632795648585,12.499909336594705,5.0,B0BGPJNJBH
fitsne,10000,1081,-7.506102783336336,69.89951217262723,5.0,B00002JXFH
fitsne,10000,1082,-27.907704617065896,-7.9075363289500284,5.0,B07N7HWP59
fitsne,10000,1083,-66.59106234886609,-13.284404170960284,2.0,B07P374Y47
fitsne,10000,1084,-17.997160070708983,27.19520190102626,4.0,B01DLWBPCA
fitsne,10000,1085,-43.755814390728816,3.0329845088893626,5.0,B09CT914BT
fitsne,10000,1086,-66.37221586010767,-8.894316710960107,4.0,B0932GQP4B
fitsne,10000,1087,-36.822305475363606,48.8722319990609,5.0,B07KJTXRKM
fitsne,10000,1088,-23.174833928092653,-16.464259522079814,3.0,B07CM5NZRC
fitsne,10000,1089,-3.044192066588518,-17.825019012374817,3.0,B0B696YT88
fitsne,10000,1090,-56.95977517505759,-9.5114080507413,5.0,B07JJCKSDH
fitsne,10000,1091,-15.983887800811637,20.53452922840645,4.0,B07Z7MRNDZ
fitsne,10000,1092,-41.44546133472515,50.63413139490401,5.0,B071WNBMQ2
fitsne,10000,1093,-42.931171256411446,-26.86044263883741,5.0,B07DK1M5JF
fitsne,10000,1094,-66.3423721967939,-8.96981924391347,4.0,B07HXW73SH
fitsne,10000,1095,-39.160551399575425,-37.538735172621855,5.0,B07CPMG2LK
fitsne,10000,1096,-60.076792727386454,-11.77532238582116,5.0,B07H5F2SSX
fitsne,10000,1097,-48.83540435177218,31.893770478274483,5.0,B076YN6CSG
fitsne,10000,1098,-47.268778294432124,-7.164677614372298,5.0,B077HNPLHZ
fitsne,10000,1099,-68.10553330722307,-20.567362364041728,5.0,B0BJGKZKV9
fitsne,10000,1100,-30.57140385125804,32.12667311310196,5.0,B07659Z1QM
fitsne,10000,1101,-17.664404219080694,26.818218057192997,3.0,B00X5X1XPU
fitsne,10000,1102,-65.54522637543289,-17.30361498420464,4.0,B084BXS6NL
fitsne,10000,1103,39.39533712243548,-17.354061564842706,5.0,B0002KR5Q0
fitsne,10000,1104,-55.09021255528623,5.153955094706542,5.0,B01N14PF8X
fitsne,10000,1105,-18.784899136551918,27.576307289475547,3.0,B01EY9L448
fitsne,10000,1106,-33.887257903636545,33.09399896017478,5.0,B07SVBV9TM
fitsne,10000,1107,-37.33073179041731,33.8244276400745,2.0,B07S9H9QVN
fitsne,10000,1108,-64.1381680489746,-17.025353217635264,4.0,B01K7IH638
fitsne,10000,1109,-36.91420073579987,52.118686908375174,3.0,B01IEKG3TY
fitsne,10000,1110,-37.772881269738704,33.77071815501045,4.0,B076ZTM2X5
fitsne,10000,1111,-14.35653077619251,48.1107254237868,5.0,B01DSSLEHI
fitsne,10000,1112,-37.31717102219037,48.54030523910523,5.0,B01BCWKBZI
fitsne,10000,1113,-24.4535853594738,-37.22406591794517,3.0,B00L8O8WK2
fitsne,10000,1114,-27.964736947138995,-7.951610867720706,5.0,B009NXOKOM
fitsne,10000,1115,-63.51748207410695,-16.45856752900459,1.0,B00HCNHH2W
fitsne,10000,1116,-11.897351840655444,23.508942076180222,4.0,B004V3Q2YA
fitsne,10000,1117,-59.40491353372843,38.602833880848095,1.0,B0076O2A4C
fitsne,10000,1118,-32.90086599321661,47.44736057682175,5.0,B00BXK7LBC
fitsne,10000,1119,-36.465778373157356,45.940995157788954,4.0,B002OB4DC4
fitsne,10000,1120,-2.8784615682943744,-17.32790052589036,1.0,B0014FWBBQ
fitsne,10000,1121,-27.951273212754945,-7.889710668187435,5.0,B0007PN5MS
fitsne,10000,1122,-11.945780622532741,29.497782953909383,3.0,B0006G332A
fitsne,10000,1123,37.05731956635898,11.507433895164546,5.0,B01NBTC7KN
fitsne,10000,1124,63.38353300423629,-42.54397235613362,5.0,B09HRNNQRT
fitsne,10000,1125,-28.994967750185136,-33.988155322296215,2.0,B08YXY5XMD
fitsne,10000,1126,-3.967493311398727,-29.736314423078483,4.0,B093S4ZDKM
fitsne,10000,1127,0.16493965553128626,67.55717537821134,5.0,B01DKA81PW
fitsne,10000,1128,-6.4811514369608245,64.91807514299515,5.0,B08SM7QW5K
fitsne,10000,1129,22.98497439927311,-20.868964247922836,1.0,B00198445E
fitsne,10000,1130,-22.942095403153868,-64.26247880039058,5.0,B09R6RKBWY
fitsne,10000,1131,-48.06004480102176,9.914271483761416,5.0,B07QMBY7JF
fitsne,10000,1132,39.433851800821756,52.7691953886709,5.0,B0C9DMZ9DS
fitsne,10000,1133,13.822788331074845,-10.685776783651718,5.0,B078SL6YB7
fitsne,10000,1134,-15.338180096617245,-43.47999113647589,4.0,B07LGM767X
fitsne,10000,1135,-9.000573021182525,-45.76580485179702,4.0,B08J83TR22
fitsne,10000,1136,-53.70520116271282,18.260945832984483,5.0,B07WNYLXM1
fitsne,10000,1137,-5.736563918989304,72.587954356128,5.0,B00ZYLMQH0
fitsne,10000,1138,0.29125601335311435,42.61116370640135,5.0,B09Q3NR84W
fitsne,10000,1139,37.604361972646515,0.6086035388438059,5.0,B084H2NHNN
fitsne,10000,1140,30.06321000122712,33.99882478136554,5.0,B01B208CLA
fitsne,10000,1141,-23.604427212793993,-3.048564453028348,5.0,B07CLBNM1C
fitsne,10000,1142,-19.402766946610626,-51.76134819716337,4.0,B00UAZ5KDM
fitsne,10000,1143,-20.225783526025722,68.83495563363017,5.0,B09BQVHBMD
fitsne,10000,1144,46.96919864770003,46.136888993750425,5.0,B01F4SKT08
fitsne,10000,1145,14.784508003283262,6.870204570446435,5.0,B08J5ZRFRG
fitsne,10000,1146,43.73380278948064,11.391509258097582,5.0,B07ZHMHH9Q
fitsne,10000,1147,22.38899048452224,10.58400567218265,5.0,B07LDB7MDJ
fitsne,10000,1148,35.23391382215471,-13.871117805327101,5.0,B09QL59Q12
fitsne,10000,1149,20.268905105116854,45.1674818863035,5.0,B09HKP7N83
fitsne,10000,1150,12.095020814673337,34.27350857668293,5.0,B0BVY5RHRR
fitsne,10000,1151,27.11964212724129,33.80232515382074,5.0,B07KW59B6C
fitsne,10000,1152,21.402580255103665,-13.212151309689075,5.0,B09H5NT2C1
fitsne,10000,1153,-40.87697534332713,-0.3145128177669387,5.0,B09331MCDS
fitsne,10000,1154,-10.108490012966895,-39.79817603846394,5.0,B0C9GQLBF4
fitsne,10000,1155,30.28425654058596,42.28163008685017,5.0,B06XSGYL1Q
fitsne,10000,1156,-42.97947734727271,-2.586947604311027,5.0,B0B6NS4VH2
fitsne,10000,1157,-20.82778212509275,46.551292402768354,5.0,B011BRUOMO
fitsne,10000,1158,47.5959729477136,-13.207130204885097,5.0,B00MPB9IT6
fitsne,10000,1159,-5.306231359419419,70.59655302287378,1.0,B013S0N2OY
fitsne,10000,1160,40.86492297299729,-1.2661161408196149,5.0,B0B4BMHPJ2
fitsne,10000,1161,33.45005399129553,24.77804667332432,4.0,B0BKKW5PF4
fitsne,10000,1162,-2.1008525146330377,11.286037524677472,5.0,B09PHJ83GH
fitsne,10000,1163,6.656487910072081,56.710276288580474,5.0,B09ZQS1HW3
fitsne,10000,1164,54.393620578544606,7.623156155767395,5.0,B09XXPCNFY
fitsne,10000,1165,5.650480410130667,39.180261112116916,5.0,B09SLNKQTZ
fitsne,10000,1166,-18.743954413156306,-11.67477797131858,5.0,B07PK6PDL6
fitsne,10000,1167,21.311273465418722,58.78169298872208,1.0,B09B4XST7Y
fitsne,10000,1168,-33.18564449053242,13.380107124604386,3.0,B09GKYFS67
fitsne,10000,1169,-33.18564446996532,13.380107129987573,4.0,B09GKV31QZ
fitsne,10000,1170,-1.4321986419522272,44.556948513393245,4.0,B0BSCCQLCY
fitsne,10000,1171,-13.36250078514523,-22.422908491441664,5.0,B09TNV7Q69
fitsne,10000,1172,-24.7124407385873,13.762945800775652,5.0,B0BPP72J81
fitsne,10000,1173,54.42165889416002,6.42273172364981,5.0,B097SVMKSZ
fitsne,10000,1174,-46.26006004102559,5.24826870405492,5.0,B099WZQ323
fitsne,10000,1175,-46.26256736641357,5.248016874327284,5.0,B097BFSJ7N
fitsne,10000,1176,21.398439270607035,-7.701190008239006,3.0,B09J96N8YW
fitsne,10000,1177,29.612202888209744,26.41427148831472,5.0,B08QJKMBFN
fitsne,10000,1178,-39.34514141353677,1.6256446719287083,5.0,B08XP6XW63
fitsne,10000,1179,6.093798937891595,31.454921447,4.0,B07F6Y9N43
fitsne,10000,1180,17.820443414900886,14.089076465930752,5.0,B07H82M1B4
fitsne,10000,1181,6.027292831599361,25.86322575335837,3.0,B07VF5G3B3
fitsne,10000,1182,-20.869134439515236,-39.72063473368656,3.0,B07YDJGPCN
fitsne,10000,1183,7.17222699206063,40.124713919193894,4.0,B07ZYGVWMH
fitsne,10000,1184,-59.475718386168744,39.375445528605276,5.0,B09TGH81T9
fitsne,10000,1185,6.731613075917846,42.904878057481554,5.0,B07X7MY4ZP
fitsne,10000,1186,45.54442206861627,45.81181662751074,5.0,B07QLQGQ13
fitsne,10000,1187,-58.879258704860895,16.61603797401203,5.0,B07VDHPHZT
fitsne,10000,1188,24.023386044575794,28.403890327526373,4.0,B0784BCRVZ
fitsne,10000,1189,-22.92773486584425,10.291444939292882,5.0,B0BYYQNJ3H
fitsne,10000,1190,-26.765861561072203,-10.09211526276386,5.0,B008S08HJ0
fitsne,10000,1191,-44.01956583328621,6.706425910288727,5.0,B0C5PHZ4QS
fitsne,10000,1192,-45.080353031526144,17.659673975671883,5.0,B01NBF0ZZ9
fitsne,10000,1193,16.250410888597845,39.1674749971888,5.0,B00JO6RO8C
fitsne,10000,1194,-20.051033335333017,-13.545959364570436,5.0,B00BJ2MC0E
fitsne,10000,1195,6.732594602659074,60.07401169165531,5.0,B018SZT3BK
fitsne,10000,1196,20.379962281585062,47.5423455576057,5.0,B01LY0G6UP
fitsne,10000,1197,50.08159191291737,45.83802596612905,5.0,B00XQAKHMW
fitsne,10000,1198,-30.297275961724495,42.932696926236126,4.0,B07BMHSL19
fitsne,10000,1199,43.49200549535645,36.15173770821664,5.0,B01G7QDWB4
fitsne,10000,1200,-24.247992880052593,-46.103917369143026,5.0,B00IPSC6F6
fitsne,10000,1201,-0.23222291864451686,68.66315389650654,5.0,B00M1C82VY
fitsne,10000,1202,-23.489382623364804,-45.721495236057,4.0,B00OPVJ0JW
fitsne,10000,1203,-23.495098732921512,-37.76385083562085,4.0,B000O8WE66
fitsne,10000,1204,7.817551787163996,61.95280330946119,5.0,B00154JDAI
fitsne,10000,1205,-11.775023778363012,30.999223754617947,5.0,B0002OD3JY
fitsne,10000,1206,51.74370336874882,0.007561466897488488,5.0,B00005JLS3
fitsne,10000,1207,-5.544406978103791,-39.23566951296588,2.0,B07GC8NMB8
fitsne,10000,1208,17.29362354015077,59.44627836948592,2.0,B019F6P5AY
fitsne,10000,1209,43.218970729900676,29.612386345204193,4.0,B00OUXHL8C
fitsne,10000,1210,38.439188250698614,-30.47107247385812,1.0,B08K2S5B88
fitsne,10000,1211,38.9214250151407,-31.091096927034553,1.0,B07C5J2WWD
fitsne,10000,1212,14.306628121680912,-41.36715952685152,4.0,B00OUXHMCW
fitsne,10000,1213,22.59070184597831,-43.03332977297453,3.0,B0C6J534BX
fitsne,10000,1214,-39.13660349782512,12.925109131687954,4.0,B0BS6KLLT1
fitsne,10000,1215,-27.512856248941258,-53.55709908305525,3.0,B07VXP6FKN
fitsne,10000,1216,4.891225787134036,-7.363464322657611,5.0,B082DT8YZW
fitsne,10000,1217,56.89742234301441,-14.146753348124488,5.0,B00OUXHOGG
fitsne,10000,1218,40.02288862315765,-29.669173629261124,3.0,B07PC39CTK
fitsne,10000,1219,10.271290903946973,-20.67093184685126,5.0,B07SJ8L4M3
fitsne,10000,1220,26.007227377268308,22.872175848622422,3.0,B07F7TDK2S
fitsne,10000,1221,-25.167537985446817,-19.31898906961196,5.0,B00KXTZ3BE
fitsne,10000,1222,30.366583233002384,-51.24963993449684,4.0,B019WJROSK
fitsne,10000,1223,4.338881580793514,-7.31430887128582,5.0,B0756SFQR1
fitsne,10000,1224,-30.42447110996672,30.010506515759143,5.0,B07KKKBXG4
fitsne,10000,1225,-11.328658048984469,-52.179958408552125,1.0,B084D7CMKC
fitsne,10000,1226,16.888535189826825,-21.766553874776783,1.0,B0C163NSMW
fitsne,10000,1227,35.83384450843577,13.971896474557473,3.0,B0BTSVTK32
fitsne,10000,1228,-36.44211273272576,6.975940894071664,1.0,B01N9P860N
fitsne,10000,1229,-37.52399893344592,-3.3777616437164517,3.0,B08XQ41Z1H
fitsne,10000,1230,0.06922867098302589,-40.43843311275256,5.0,B0C1J4XGB1
fitsne,10000,1231,39.519609649456086,19.30608702434663,5.0,B0C6M7FY32
fitsne,10000,1232,1.6981233424774715,-73.06391880090267,3.0,B00KY59Q3I
fitsne,10000,1233,1.7157436862023687,-73.08429020159014,4.0,B016YBEBG2
fitsne,10000,1234,-53.703591414724094,-5.034092723011985,5.0,B08KRKTXH9
fitsne,10000,1235,-53.77201780060565,-2.2415225026248415,5.0,B013JMOTXO
fitsne,10000,1236,-48.498852092428706,10.813601127375184,4.0,B01MUXYVOA
fitsne,10000,1237,-43.59040523713306,-29.07623188899787,5.0,B0CF1VPN1J
fitsne,10000,1238,-42.99169096207194,-27.900642154646782,5.0,B0BMKD7JF8
fitsne,10000,1239,11.582184424790835,41.227464195628436,5.0,B07ZDJF4XB
fitsne,10000,1240,-7.0485954046643,36.69547006374362,3.0,B07GTJC9XM
fitsne,10000,1241,39.30803614697104,-25.195873009132587,5.0,B00N23J4LI
fitsne,10000,1242,25.7890683022173,15.012775189710293,4.0,B07VN6JCNZ
fitsne,10000,1243,55.45520422909894,-27.09283241976281,5.0,B01GL6WZA4
fitsne,10000,1244,-41.05156736729306,-1.5158609813809474,5.0,B0BPM2XF22
fitsne,10000,1245,11.247894973120374,-39.079768185565804,1.0,B071HNJX6Q
fitsne,10000,1246,4.4163591230284,-61.20139896438563,2.0,B000I4RMOU
fitsne,10000,1247,-2.055521272774605,-70.78145966904054,1.0,B00DW1X5JC
fitsne,10000,1248,-38.76244419427905,47.668417015421554,2.0,B081Q8JHJQ
fitsne,10000,1249,-25.126218949772106,15.250090064085722,4.0,B00M5D2P4Y
fitsne,10000,1250,-25.250250809639997,15.245037136007193,4.0,B07QCRCP2R
fitsne,10000,1251,24.01035318086412,12.983652896635123,5.0,B09MTSLT2T
fitsne,10000,1252,27.767318280717628,-40.904887763883586,5.0,B008TUQ7SC
fitsne,10000,1253,6.6464944849750704,32.61316849463336,3.0,B0BGK3Y8VY
fitsne,10000,1254,15.648585549266757,55.396409475402535,5.0,B07Q14H7BZ
fitsne,10000,1255,-39.453420140082365,13.662255665092658,1.0,B084HM5WG1
fitsne,10000,1256,50.56370148068592,29.662490354493574,5.0,B0C49KQRX4
fitsne,10000,1257,-3.3175831096811983,-39.67617339228032,4.0,B0BW4PFM58
fitsne,10000,1258,10.901961062095289,11.006645889673482,5.0,B087CHS5Z9
fitsne,10000,1259,50.171304731813905,1.8915226414759145,5.0,B07ZN4JZYH
fitsne,10000,1260,3.970663572403439,-1.7659257626781562,5.0,B015FY0SSO
fitsne,10000,1261,43.41951165250375,-43.9992404304709,5.0,B08421KFJX
fitsne,10000,1262,26.02317169952185,-49.97066647680601,5.0,B01K8B8YA8
fitsne,10000,1263,52.048122108454,40.759356851236895,5.0,B0C5PHZ4QS
fitsne,10000,1264,59.831938227868434,-11.969024455811274,5.0,B01LXZZVKP
fitsne,10000,1265,-50.67243305681321,-6.630788262380052,1.0,B0BSS1WJ4D
fitsne,10000,1266,-14.134826945736396,-23.51009176306093,5.0,B07VXXBTX4
fitsne,10000,1267,42.14080296033188,1.9567072349781502,5.0,B07H8WS1FT
fitsne,10000,1268,1.3007079543326943,43.81234200526259,5.0,B08HN4345K
fitsne,10000,1269,26.131194271062025,22.36388373214322,4.0,B09WHPJZD3
fitsne,10000,1270,-9.075635409643962,-34.21746798367597,4.0,B0B3VDGR74
fitsne,10000,1271,-14.882292967297953,53.343985667253285,1.0,B0B4F9H4DF
fitsne,10000,1272,-32.64480022065998,44.43191468395629,3.0,B00INKHXY0
fitsne,10000,1273,-53.7390009059047,13.437648755620547,5.0,B09XQ1P16Z
fitsne,10000,1274,16.322266648365147,-7.172926367943303,4.0,B07FD3YXKR
fitsne,10000,1275,-16.78609884031722,21.337072177316557,4.0,B07BGTKP34
fitsne,10000,1276,-44.50206012847411,-12.936086863382215,5.0,B09WTY19L9
fitsne,10000,1277,-36.20863308284749,41.28443520498583,4.0,B07G6XRZJ7
fitsne,10000,1278,17.57491504927586,-12.8117553626467,4.0,B07DGV6LY8
fitsne,10000,1279,2.8737424531295304,-15.542954889252082,4.0,B07JKPCPF8
fitsne,10000,1280,-19.355875670207528,-71.81463652628169,5.0,B07J4RVYHX
fitsne,10000,1281,3.157931586026116,-67.32673311575458,4.0,B07FC9BNQL
fitsne,10000,1282,-0.20672516158893967,-0.0293452804444481,5.0,B08P6S2757
fitsne,10000,1283,-44.46999274803113,-13.072787693787763,5.0,B08J42GSW6
fitsne,10000,1284,-36.60970668905451,52.97555834244107,3.0,B0B1TXQSBV
fitsne,10000,1285,4.9501318479172385,37.285918465520936,4.0,B07H1B8LQV
fitsne,10000,1286,-42.50116250199451,7.541499164999697,4.0,B07H3V77T7
fitsne,10000,1287,-9.119854329084866,21.285082762633568,4.0,B07CWJCBJ7
fitsne,10000,1288,45.74567513976113,39.519122881160904,5.0,B0B2QVW1ZV
fitsne,10000,1289,33.79008130342678,53.160062413854355,5.0,B07TX777BZ
fitsne,10000,1290,0.525933396053225,66.90692204498524,4.0,B085ZTR62L
fitsne,10000,1291,-51.11472175466818,7.65296362740095,5.0,B08BC9J8QQ
fitsne,10000,1292,17.97612264546468,33.77542639282599,5.0,B082W1SWKC
fitsne,10000,1293,-40.82268897035255,-4.164566401299047,4.0,B077HNPLHZ
fitsne,10000,1294,8.565839361325818,18.584571891143785,1.0,B083JG42ZG
fitsne,10000,1295,-1.2511079777848924,14.381968620364638,4.0,B07YKGXRKH
fitsne,10000,1296,-43.838201803389374,23.54324206982919,4.0,B086QKZHDY
fitsne,10000,1297,21.025986935722838,39.38772929551846,4.0,B07ZYH9R2C
fitsne,10000,1298,-34.22064358051755,-28.878597715476396,4.0,B07DGFBLCX
fitsne,10000,1299,-42.72947423045092,29.743907590904506,5.0,B0764GBNX2
fitsne,10000,1300,-19.679582905507164,72.57003861558222,5.0,B07NR78GS6
fitsne,10000,1301,-48.13160351233609,3.271496272422682,3.0,B085N11H5T
fitsne,10000,1302,-55.57726965186597,18.144223383791214,4.0,B07PTYNGCV
fitsne,10000,1303,32.741810454943526,51.57687323571609,4.0,B07SZ8Z734
fitsne,10000,1304,-16.356275810512138,-1.4589348041017176,5.0,B07PMK7WVC
fitsne,10000,1305,38.97103821414991,43.19589902425601,5.0,B07M8JKBY5
fitsne,10000,1306,0.9234496142841243,12.97297194616713,5.0,B0B614JJWR
fitsne,10000,1307,-4.637703197058569,-70.28423352513694,5.0,B075QLZYD6
fitsne,10000,1308,-41.45227035225963,13.24334717197782,5.0,B07H59Q7LG
fitsne,10000,1309,-15.900587481205795,-55.42431538168511,4.0,B073RZSTGL
fitsne,10000,1310,19.74268074016101,8.527834961356406,5.0,B01LZFDA8E
fitsne,10000,1311,-29.815651193602395,29.516544000911814,4.0,B07659Z1QM
fitsne,10000,1312,-44.086103839915694,23.530729127626547,4.0,B07YLQBC4B
fitsne,10000,1313,-3.3969325371950414,-50.42447341527249,3.0,B074QQQ51L
fitsne,10000,1314,6.253680931352687,25.062968327215813,5.0,B07JPYR7XJ
fitsne,10000,1315,-4.006005910801336,-66.79006892418549,4.0,B082SW81WD
fitsne,10000,1316,0.515915529566778,-67.86528181406385,5.0,B07JW2S287
fitsne,10000,1317,-31.242967126571774,-53.976361869010624,2.0,B0BXLCC4V6
fitsne,10000,1318,0.6574150956932129,41.09628748624507,3.0,B0C25CVMJS
fitsne,10000,1319,-10.638185950402043,-58.30656623084639,3.0,B078LHSFHC
fitsne,10000,1320,-65.18803391916805,-19.099923375826872,3.0,B074F3M2W8
fitsne,10000,1321,-29.238743764630353,-9.373194828824573,1.0,B019XE45I6
fitsne,10000,1322,-0.6592503220591776,-65.20458933212333,2.0,B071XNVKBM
fitsne,10000,1323,-3.9134190148711636,-67.9031396520085,4.0,B00H36UL5I
fitsne,10000,1324,41.47000949833314,30.564019384463478,5.0,B0755PDKCN
fitsne,10000,1325,-16.434424928646088,-44.363932712709826,5.0,B06Y2M9FNC
fitsne,10000,1326,22.433819598302335,59.118176112043486,4.0,B09YYX736L
fitsne,10000,1327,49.14106344283919,44.14770150720678,5.0,B07VP6W2RF
fitsne,10000,1328,5.3896787384049345,37.64322263731644,5.0,B01LQX0P8Q
fitsne,10000,1329,-9.520866661874157,-66.89879740680729,5.0,B01N6YGQLJ
fitsne,10000,1330,-7.503579652117651,17.39472186153732,4.0,B01N8UG7HA
fitsne,10000,1331,-17.131665474803977,47.99527564874855,4.0,B01K1INXJK
fitsne,10000,1332,-17.920181174418207,-12.326563423903112,2.0,B01DA0YCNC
fitsne,10000,1333,-65.53132087982088,-14.80627529336706,5.0,B09LYWCHJX
fitsne,10000,1334,-36.61399164956097,34.005477104122534,1.0,B01I4PKSZE
fitsne,10000,1335,-17.126562470369706,48.07672391091448,4.0,B01HNBLHAA
fitsne,10000,1336,-24.706411423152606,40.24990946447503,5.0,B01LXHZLY7
fitsne,10000,1337,-55.65754327203805,-24.03434290637431,4.0,B00YY3XSSA
fitsne,10000,1338,-29.342368973717935,-58.27343580278177,2.0,B00U0WUGXO
fitsne,10000,1339,-0.26738222989060323,55.11060689657191,2.0,B00NGK93AE
fitsne,10000,1340,-65.95246008308865,-19.29529264689034,4.0,B00KATWRIY
fitsne,10000,1341,43.12056771871386,37.02606041758843,4.0,B01CHQ8F1K
fitsne,10000,1342,-11.983735636473584,-41.52398223719097,4.0,B00K4WAB30
fitsne,10000,1343,-33.422066709708226,13.420543294547134,4.0,B00IM3P8GS
fitsne,10000,1344,17.963155196645534,59.82489300790623,4.0,B00ECERJTA
fitsne,10000,1345,17.38251775520882,61.370541997196995,4.0,B00EUFP6WI
fitsne,10000,1346,7.95354241755343,60.79642561172578,4.0,B007OZNUCE
fitsne,10000,1347,35.956700255989034,25.038429330178875,5.0,B00BGIQRDE
fitsne,10000,1348,-30.405154951514085,-50.870700473138356,1.0,B007GR44PM
fitsne,10000,1349,7.63447894367545,45.1415295347366,1.0,B00B5YER7M
fitsne,10000,1350,-29.060422578345616,-32.011573494834344,2.0,B00AITG3NQ
fitsne,10000,1351,17.60632053122373,64.61542328719648,3.0,B008ULPBJG
fitsne,10000,1352,-7.5694749202354155,9.3229547191353,5.0,B005DEP2AG
fitsne,10000,1353,9.709853829601304,19.19562242973979,4.0,B006W3ZV6W
fitsne,10000,1354,-11.588931246945275,18.38633031368248,3.0,B004HO58KC
fitsne,10000,1355,-27.627284291681228,-7.925257712550888,5.0,B0015ACUKC
fitsne,10000,1356,-10.681975763345427,-61.85209477493436,4.0,B005JXAEGS
fitsne,10000,1357,-30.130275844349256,-45.02980741418965,3.0,B003YKG86S
fitsne,10000,1358,-19.39944177610335,-32.3232287866395,2.0,B001IAX9AE
fitsne,10000,1359,-12.840492298903676,-23.44504004712116,5.0,B07PDHSLM6
fitsne,10000,1360,-38.25447346286024,35.84783819193275,5.0,B01MXXQKGM
fitsne,10000,1361,-31.360270031491474,30.027674630452726,5.0,B0BVR7B323
fitsne,10000,1362,-7.450343346014423,-67.38138009786984,5.0,B09F9FKWCC
fitsne,10000,1363,-5.069447215473775,26.671902672387674,5.0,B09YM4K17L
fitsne,10000,1364,32.70720590125902,38.69347218386037,5.0,B081GM5BCH
fitsne,10000,1365,23.238334193058435,-22.20716413306716,5.0,B0B2JWCMCY
fitsne,10000,1366,-0.8333244730975494,-68.33681595015861,5.0,B07HLTDQ7B
fitsne,10000,1367,43.65118655648414,-18.137625605090257,5.0,B01F26T1JW
fitsne,10000,1368,10.847009870404278,47.9690625388841,5.0,B006ZT4VA0
fitsne,10000,1369,29.358885491269668,-47.247586726476975,5.0,B00XJN2T2W
fitsne,10000,1370,28.51354812747735,-30.324719363281847,5.0,B00404SUZ4
fitsne,10000,1371,20.658248304046783,-8.803028513039994,5.0,B0CF6479D8
fitsne,10000,1372,4.459806997627979,-17.208649802658886,5.0,B07RWJNZMZ
fitsne,10000,1373,10.659511378619607,-19.982657874961294,5.0,B07KNLXQ2S
fitsne,10000,1374,-13.562451988299415,-40.9833507357936,5.0,B01M4R72FX
fitsne,10000,1375,33.35040186710782,-15.585385334329636,4.0,B07FTSFGXH
fitsne,10000,1376,30.910047846564762,-7.644679701888882,5.0,B01MTF91W6
fitsne,10000,1377,31.511792441390266,-6.616367068514568,5.0,B074N2QSZT
fitsne,10000,1378,19.92280890729342,-14.129174565345208,5.0,B00YOP4DSW
fitsne,10000,1379,61.499254361179894,-27.83212253014336,5.0,B01KIOU214
fitsne,10000,1380,28.223780243482302,6.676083582553097,5.0,B0B11P89KH
fitsne,10000,1381,58.18760723127823,-29.38986894503394,4.0,B004HBK4T0
fitsne,10000,1382,69.07027072852692,-9.949926381137013,4.0,B0089W5NKI
fitsne,10000,1383,58.078355714529465,-29.49112449579044,4.0,B07Q1JVCTS
fitsne,10000,1384,63.45128004674711,-29.739975311968237,4.0,B004X8AKDM
fitsne,10000,1385,61.6965605901185,-27.997758411270983,4.0,B0054L7FVW
fitsne,10000,1386,40.61606708452355,-34.17809348664291,3.0,B001RJXTNI
fitsne,10000,1387,33.987224624840465,-22.769112604424404,1.0,B007UZCIBW
fitsne,10000,1388,11.226482458548247,-26.00398512624531,2.0,B003VANOFY
fitsne,10000,1389,60.06054055233405,-27.567912354605294,5.0,B0108LX660
fitsne,10000,1390,29.07081789403632,-4.235813510563783,4.0,B08SHVBZ8M
fitsne,10000,1391,9.029761239279551,14.882577764273833,1.0,B0C7K8RKCG
fitsne,10000,1392,-14.655717489466698,-61.33031678927576,3.0,B07BW245J3
fitsne,10000,1393,9.81700259376054,16.521645630747763,5.0,B0BTTB89J3
fitsne,10000,1394,-0.21809611251260427,-2.3784526676472235,5.0,B09T3921MQ
fitsne,10000,1395,-9.004267007301703,-32.08220479245289,4.0,B092VHZ5LX
fitsne,10000,1396,-13.052547683860237,-75.17149116297958,3.0,B08KDX5H5Z
fitsne,10000,1397,-28.828987501746766,20.653636441439655,3.0,B08BH87FPJ
fitsne,10000,1398,-12.22873398709928,-71.06673999410918,5.0,B07W6N4HNP
fitsne,10000,1399,16.93621532337905,-3.8621708388766995,1.0,B082D1RRVF
fitsne,10000,1400,9.20741153635031,15.133775208123359,1.0,B0881XYVRY
fitsne,10000,1401,-39.35114549248498,-5.62373823510364,5.0,B0184S7U7A
fitsne,10000,1402,10.661453158531511,-40.29490048164746,5.0,B01MXWN6UF
fitsne,10000,1403,-15.129812481639513,29.23287347350191,1.0,B072R4ST2Z
fitsne,10000,1404,6.488446287828935,3.8596196227775668,1.0,B07VKQ58ZF
fitsne,10000,1405,-15.20212195680519,16.47392856119516,1.0,B07NGK5564
fitsne,10000,1406,-4.1345652069112555,68.9905607769744,1.0,B00MULE6KW
fitsne,10000,1407,25.06776243424177,-13.147492536514992,1.0,B08SGSYLZD
fitsne,10000,1408,-7.416808628082664,50.48863928861249,5.0,B0122ZKEYC
fitsne,10000,1409,10.446354677493636,16.71245777325552,1.0,B07DNGZQDZ
fitsne,10000,1410,10.390966454999075,16.418826880172173,4.0,B00KB8CHU2
fitsne,10000,1411,-18.093218609957848,69.38924140850217,4.0,B00DPC015E
fitsne,10000,1412,12.045373539909408,-1.9666141768173375,5.0,B00ZGF40QO
fitsne,10000,1413,-5.361204915470649,-63.232730963358456,1.0,B00AVLOHJ8
fitsne,10000,1414,41.06524541256658,-36.94993503008057,5.0,B09ZV66F82
fitsne,10000,1415,-22.826240925378826,-23.7892478106211,5.0,B08WJSHSLC
fitsne,10000,1416,-19.966598332523123,68.54284015608233,5.0,B0BV2YBX3Q
fitsne,10000,1417,-34.9471893197487,52.66659091444675,1.0,B0BM3JL7K4
fitsne,10000,1418,6.957941639970098,-61.173223080905665,4.0,B002MRMCKU
fitsne,10000,1419,32.89349039668436,43.15602847591368,4.0,B0BK5PPJX7
fitsne,10000,1420,-14.821329876966006,-22.393824639463883,5.0,B07KTYJ769
fitsne,10000,1421,-1.1637018147505576,-7.683054027760646,3.0,B0971YMVC8
fitsne,10000,1422,41.305091552725195,21.01700909222322,5.0,B09D2WWSLG
fitsne,10000,1423,27.785902080362167,11.872320331062765,3.0,B08YNPQPR8
fitsne,10000,1424,1.7891912706390936,-30.923296207951864,5.0,B08YFJYD5Z
fitsne,10000,1425,9.658152011542446,-22.662277722570895,3.0,B086KVFX57
fitsne,10000,1426,30.521684879774345,-33.09221730594548,5.0,B07RXXNDXD
fitsne,10000,1427,36.525328739426115,-39.93722070135793,5.0,B01N44JBS4
fitsne,10000,1428,29.146303010498993,-38.413967175141856,5.0,B00JKQK9JW
fitsne,10000,1429,26.64522776173121,6.699395681262169,5.0,B00H89DJ1S
fitsne,10000,1430,37.490985732323125,53.46295499731225,4.0,B01B9OO1CS
fitsne,10000,1431,8.694745916927767,-17.420249822297993,5.0,B003ZDLATE
fitsne,10000,1432,36.47658507619266,-34.90094618513922,5.0,B01JZ8Z7C8
fitsne,10000,1433,50.12713314863052,1.2950212383438793,5.0,B09Y54MQWT
fitsne,10000,1434,46.808384384285006,-14.307967135762961,5.0,B003UVZG0U
fitsne,10000,1435,62.176854935788036,-38.45058604872293,5.0,B000067RPU
fitsne,10000,1436,-1.6142127574431264,-50.4290023672543,1.0,B0BRKBTGRS
fitsne,10000,1437,-42.94265781204932,16.895287295496654,4.0,B08T1D4K9Z
fitsne,10000,1438,20.977776723279682,52.98427347717598,2.0,B07NL2S9QW
fitsne,10000,1439,-6.90498525860392,-53.85625184791603,4.0,B01LNJPR72
fitsne,10000,1440,52.939141507832986,39.1396580235927,5.0,B07FL447HM
fitsne,10000,1441,-4.686071039987529,-68.54845101487913,5.0,B07S764D9V
fitsne,10000,1442,29.554024357162717,0.8669453542198877,5.0,B07PXB3VR5
fitsne,10000,1443,1.0791105743273814,55.81573022113872,3.0,B07PHQ93TV
fitsne,10000,1444,-27.073051732743757,13.005126916891479,5.0,B07DGRR6G2
fitsne,10000,1445,-15.824614373390535,-14.721273987707296,5.0,B07JR4MVGH
fitsne,10000,1446,11.327718829990252,6.341436504990965,5.0,B09Y5N3H8S
fitsne,10000,1447,-18.67003619155254,-33.41374106036395,4.0,B09KXR45WK
fitsne,10000,1448,-17.506786685637085,71.73438007537405,5.0,B07RQL8GJ6
fitsne,10000,1449,36.185489077336946,-4.227224815113902,5.0,B07BFCVJZC
fitsne,10000,1450,50.47795496153485,42.748756488016994,5.0,B08HRLQNY3
fitsne,10000,1451,2.1469939792236157,-59.42361021249613,5.0,B0BTDWQMNL
fitsne,10000,1452,61.59658175780331,20.72547213402075,4.0,B0BPC2MJ2X
fitsne,10000,1453,-14.926172527108633,-35.28198063447264,5.0,B0BVFV4CWS
fitsne,10000,1454,49.043141120359344,41.966954284253156,5.0,B0BG3G3S9H
fitsne,10000,1455,46.56007944274268,41.96200237899546,4.0,B0C54G93XF
fitsne,10000,1456,-10.258670676884087,-33.081352480702556,4.0,B09W8WWNBB
fitsne,10000,1457,-29.930063676246867,-15.789630071726654,5.0,B0BG465CZK
fitsne,10000,1458,-45.58347981134741,17.375890447758636,5.0,B0B4R636FH
fitsne,10000,1459,-52.40437807145801,8.230489615853923,5.0,B0B9NR6CHX
fitsne,10000,1460,-53.3393671404475,-0.4625401840650283,5.0,B0BRPBX6N8
fitsne,10000,1461,-50.602849982848205,0.9539997918336894,5.0,B0BRPBX6N8
fitsne,10000,1462,-16.160756943866893,-62.66663384304355,5.0,B09SFTSMXM
fitsne,10000,1463,62.35063168581995,20.036596486781534,4.0,B0B38N74WZ
fitsne,10000,1464,63.56929086009668,20.77602277707257,5.0,B0B5PNM6WN
fitsne,10000,1465,-30.809884044460244,30.678122448700044,5.0,B08623SZH9
fitsne,10000,1466,-56.88937063335798,15.056805545959927,4.0,B09YVBF9Z9
fitsne,10000,1467,-1.2135547293584292,20.000381441802396,4.0,B09WTG9JBT
fitsne,10000,1468,-51.94932037821015,7.948602899184529,4.0,B0BWDNJVJY
fitsne,10000,1469,-22.818899386094277,27.788831202357798,4.0,B09WWZ4193
fitsne,10000,1470,-33.21826810531598,-45.64587981201334,4.0,B0C74JJ9Z3
fitsne,10000,1471,-0.2686807419951454,53.0829266761614,5.0,B09MKXV23H
fitsne,10000,1472,5.893527000847218,36.15357034028569,4.0,B09SPJGPVQ
fitsne,10000,1473,-20.096946520261902,69.12378519182383,4.0,B0BBBVW58J
fitsne,10000,1474,34.64951633732266,47.34422735844245,5.0,B0BDVTCDDC
fitsne,10000,1475,55.03657891043743,7.122982167074868,4.0,B09VKPQBD1
fitsne,10000,1476,55.352944883866954,7.1564476838924875,3.0,B09SF1ZTF6
fitsne,10000,1477,7.147619291904459,58.746375183903105,5.0,B09TN3N4F2
fitsne,10000,1478,55.76122284625027,6.94777179124364,4.0,B09T9CCD6N
fitsne,10000,1479,-12.724379732182774,21.965338173649293,5.0,B0BC8MC7PY
fitsne,10000,1480,50.539861783243985,40.25722874076631,5.0,B0BXYBTYFV
fitsne,10000,1481,-1.490979309355318,19.497985730500265,5.0,B0B73NLLC1
fitsne,10000,1482,-31.173072215548412,30.780794448000222,5.0,B09JSJNMNT
fitsne,10000,1483,-14.460927576660723,48.32894309301176,5.0,B09PBPXVTP
fitsne,10000,1484,-1.5901518128150458,19.282811699817795,5.0,B09NKT74SB
fitsne,10000,1485,-16.13116795661755,-62.3615322874982,4.0,B09YXK3QDQ
fitsne,10000,1486,-49.370743893093184,12.091997902100566,5.0,B09KTTN3M7
fitsne,10000,1487,55.120966213093624,7.394509624120605,4.0,B09LLMFTKZ
fitsne,10000,1488,-8.63298991138481,67.907273705317,4.0,B0BK4XYBVK
fitsne,10000,1489,-10.518461726716716,-60.97066863475258,4.0,B0BGZ2SFMH
fitsne,10000,1490,-7.707286108493076,-67.13887171986424,4.0,B09PC48LDS
fitsne,10000,1491,-57.87475285780199,16.055966326813856,5.0,B09NRFZF1G
fitsne,10000,1492,-51.788074365285546,3.446324795371342,5.0,B0BYYGZHG5
fitsne,10000,1493,-6.630041947820335,65.85187764849489,5.0,B09KC4MVRF
fitsne,10000,1494,-15.965940177142762,62.681556704206294,5.0,B09NVBBPRF
fitsne,10000,1495,-6.481342053787457,67.96835433566031,5.0,B0B15CWFS2
fitsne,10000,1496,-45.621595463954385,17.438483303407686,5.0,B09JLYPDRY
fitsne,10000,1497,54.71333122089052,7.169718036136081,5.0,B09K5XSJ32
fitsne,10000,1498,-12.826346943227803,16.841817075944142,4.0,B0B7B9ZS19
fitsne,10000,1499,-12.916218326669751,16.884638250817318,5.0,B0BTYLH7Y2
fitsne,10000,1500,-28.49441022422158,31.01426780525755,5.0,B09JRV9PP4
fitsne,10000,1501,62.39685559584049,20.419360985237518,3.0,B0B19SL9TF
fitsne,10000,1502,-46.3499131772576,-3.4774765492535114,4.0,B095PNFDKR
fitsne,10000,1503,-19.506900577211837,-66.70725771622651,5.0,B09HJD942X
fitsne,10000,1504,17.836863299900568,14.181264325755132,5.0,B08SJC9KG5
fitsne,10000,1505,-9.615035602843863,-49.88070802288439,4.0,B0931QN643
fitsne,10000,1506,-18.066372518280957,69.62604387702038,5.0,B094J6VY97
fitsne,10000,1507,-35.3933813089509,48.989839034852785,5.0,B09HLCMJZQ
fitsne,10000,1508,-15.409376798382556,-60.07939072040623,5.0,B0BYF74D2Z
fitsne,10000,1509,-9.967976536897904,-49.96559419541999,4.0,B091PYQHZD
fitsne,10000,1510,48.583420118060715,31.458761707806573,4.0,B09647HCRZ
fitsne,10000,1511,-60.71142218834902,14.240811263235962,5.0,B093GQ4CB7
fitsne,10000,1512,-45.63276118678175,17.490600692145563,5.0,B092DCJMXF
fitsne,10000,1513,48.61849718951459,31.51789982658604,4.0,B094Q98CNJ
fitsne,10000,1514,-60.56060142009214,14.554068314200947,5.0,B07DNG9XSZ
fitsne,10000,1515,-45.63340462832935,17.535633576592026,5.0,B091F2TVMT
fitsne,10000,1516,47.17632911777735,43.97336986325495,5.0,B0B85V929L
fitsne,10000,1517,63.26148459242749,20.585397135069517,4.0,B09BFKS9WQ
fitsne,10000,1518,63.19309265227601,20.40103406250211,4.0,B091YJ34CX
fitsne,10000,1519,6.010291336050615,24.400082138935918,3.0,B08ZCKJ299
fitsne,10000,1520,55.68846907833792,6.929494458709197,4.0,B08ZSM5Q7W
fitsne,10000,1521,-56.40054630923585,-0.1286343907665175,5.0,B08QHSM2NH
fitsne,10000,1522,62.34459510850324,19.207518024040752,5.0,B08PK9VS8F
fitsne,10000,1523,64.21791781210084,19.14133983974785,4.0,B08RS42VC7
fitsne,10000,1524,61.782408168352276,18.750246507517975,5.0,B08PKBTC76
fitsne,10000,1525,62.477664417421366,18.900073142782325,4.0,B08RDX61MZ
fitsne,10000,1526,6.218758890228242,25.14305728877957,5.0,B08B3XRQPN
fitsne,10000,1527,54.9346190125023,7.478825004571465,4.0,B08MYTBRY2
fitsne,10000,1528,62.765628198619154,20.20816475592786,4.0,B08NXC2F9R
fitsne,10000,1529,62.80454601435956,20.277454376579474,4.0,B08ML79GYD
fitsne,10000,1530,54.95044781437638,6.584090216442852,5.0,B08NX1KL65
fitsne,10000,1531,63.616069519392525,20.721475450692687,4.0,B08JCF4VWG
fitsne,10000,1532,-57.996751558469036,16.21927557425035,4.0,B08L36JTQT
fitsne,10000,1533,57.00338999385701,6.565063883724838,5.0,B08J3CPG5G
fitsne,10000,1534,-0.2783552382709536,17.62577409835686,5.0,B0899WBQ3S
fitsne,10000,1535,55.158683807374516,7.752031402458817,5.0,B08L5HLN61
fitsne,10000,1536,54.68861445893098,6.603280440049963,5.0,B08H5P93R4
fitsne,10000,1537,-35.58087068397512,49.15854812375748,5.0,B09HRKD9F7
fitsne,10000,1538,-8.725630505493987,-65.61636123545124,3.0,B08DCRJPHP
fitsne,10000,1539,-16.98902045752879,49.6526281990575,5.0,B08G5F3X8F
fitsne,10000,1540,-15.975457398758119,25.069423557421693,5.0,B07XRV8428
fitsne,10000,1541,55.29321836703353,8.030646405439226,4.0,B08GFY98KX
fitsne,10000,1542,-15.959405541586667,25.079915949293603,4.0,B0C5YP4GDQ
fitsne,10000,1543,-40.89331173708609,12.72453478675877,4.0,B089SM95C2
fitsne,10000,1544,-50.761103316740915,1.7227863573533453,4.0,B08BK48TW5
fitsne,10000,1545,-31.075186464675173,31.16927888604886,5.0,B087N4LQPN
fitsne,10000,1546,-4.239194298099631,27.418404748515602,4.0,B0856481P2
fitsne,10000,1547,-3.4235330152941907,-3.0341240626431607,4.0,B087CY4XQH
fitsne,10000,1548,-27.237771797313147,-18.929801503289834,4.0,B089DF8FWN
fitsne,10000,1549,16.11857822875738,33.22313092325049,4.0,B082W1CBDC
fitsne,10000,1550,-12.531081908821363,-64.08628491878656,4.0,B09JZZMQNN
fitsne,10000,1551,-51.5006854083283,-17.223729106946703,4.0,B07TGD2F8B
fitsne,10000,1552,54.92399202711142,7.285787783088727,4.0,B082SX4MG5
fitsne,10000,1553,-32.1243482856564,46.068152355635334,4.0,B0C3M91B2C
fitsne,10000,1554,-57.487185952393546,17.0385185479283,4.0,B07YXVWHFG
fitsne,10000,1555,-31.98415995566786,46.718572930758384,5.0,B0C8SS7HML
fitsne,10000,1556,-29.19145885489115,-9.550531431622659,4.0,B082TQXKHN
fitsne,10000,1557,54.86493311822624,6.694497765542667,5.0,B0831N3T39
fitsne,10000,1558,55.218940394951765,5.927163045842642,4.0,B082KQBRKJ
fitsne,10000,1559,54.9946071681754,6.3061499505800445,4.0,B082KPTZKX
fitsne,10000,1560,-57.767718121223,13.470824060625493,4.0,B082PFDSRT
fitsne,10000,1561,55.36391254375422,5.781618771993276,4.0,B0838FF88L
fitsne,10000,1562,54.27317370140982,7.0110463499271,4.0,B09CGWWR1H
fitsne,10000,1563,55.311112181607015,6.682602462051092,4.0,B082PP61YH
fitsne,10000,1564,-50.46722481232192,2.1930133884431644,4.0,B081VZ5ZTZ
fitsne,10000,1565,-55.95304822792405,14.905558452548147,5.0,B0B751K1LV
fitsne,10000,1566,55.40972056905567,7.555686055701447,4.0,B0823DQ3YW
fitsne,10000,1567,7.5620478878758615,36.12879056282177,4.0,B078Y5VWBT
fitsne,10000,1568,-17.320022125152576,-10.106564288462016,4.0,B07XLBF5MP
fitsne,10000,1569,-30.088942719039505,56.80332001129385,5.0,B09JLG3YT7
fitsne,10000,1570,-59.10518964043058,16.5855121713345,4.0,B07YC18BL7
fitsne,10000,1571,-16.05587685081732,-1.3091401863452723,5.0,B095L8F33R
fitsne,10000,1572,-5.529223713183602,-60.70008578725979,4.0,B0BNC1QBH6
fitsne,10000,1573,-0.5622717337668832,-57.86221744592854,3.0,B07PSKXM33
fitsne,10000,1574,-55.95751516138343,14.863101983928635,5.0,B07TXGPNN2
fitsne,10000,1575,-33.352173300446054,-10.879107063808704,4.0,B07TWN55VV
fitsne,10000,1576,-12.218470638599776,-66.53730776720927,5.0,B07TBHNP4C
fitsne,10000,1577,17.250856039996158,32.16880141719234,5.0,B07WC81LRS
fitsne,10000,1578,-61.58238300461002,18.256979109596443,5.0,B07QKPCWN5
fitsne,10000,1579,-16.482140091293346,-61.94542237135147,2.0,B07QH5MDTS
fitsne,10000,1580,-30.924959766335974,12.907919101070526,5.0,B0BGPJNJBH
fitsne,10000,1581,-31.016871487290036,-48.801534719556514,4.0,B0B23LRBRP
fitsne,10000,1582,-51.89378717101986,11.126801288429258,5.0,B07RXXTZ6R
fitsne,10000,1583,-18.71715767045492,-62.456135997615206,4.0,B0C5PC4J6W
fitsne,10000,1584,-20.484791479280794,38.28462707866967,4.0,B08SM7PP2M
fitsne,10000,1585,48.02817888519571,41.806365097347694,4.0,B07NTVBTSM
fitsne,10000,1586,-15.213566871977415,-34.311581044484626,4.0,B0BJ7QMYBF
fitsne,10000,1587,53.167310036977874,37.8304187819099,4.0,B08J7RH9JH
fitsne,10000,1588,13.804173460027862,5.175841208122821,4.0,B08J79T7CQ
fitsne,10000,1589,-7.890229309309389,-59.58235517120171,4.0,B082R17ZJG
fitsne,10000,1590,-15.559969798830917,49.29025079694297,5.0,B088GJHYVN
fitsne,10000,1591,-14.782005285800022,25.674684043941216,4.0,B07H9YR3XW
fitsne,10000,1592,-13.366367014433765,46.26580169439645,5.0,B07MMYYNHB
fitsne,10000,1593,-21.55829530004761,33.362023803875005,4.0,B07LBQYCHT
fitsne,10000,1594,-53.71895004859859,5.130619999843156,4.0,B08PFVF5L8
fitsne,10000,1595,-10.347300436027025,-50.6134763413439,4.0,B097C49PBW
fitsne,10000,1596,-33.16704710863047,53.674588433687155,5.0,B07JHTVHM8
fitsne,10000,1597,12.480981757612707,18.87383696196671,5.0,B07J9NT4H9
fitsne,10000,1598,-14.64571592680883,21.61170607615016,4.0,B07HFWGBST
fitsne,10000,1599,-52.909768319457456,1.5564131032809276,4.0,B07HLQ32HK
fitsne,10000,1600,-4.624015450467889,-61.68299405131073,4.0,B07K8XPS7J
fitsne,10000,1601,-50.20621459447613,4.855948537779697,5.0,B07FGKRX43
fitsne,10000,1602,-53.00945462754121,2.7853750347909636,5.0,B07QDNWC7X
fitsne,10000,1603,49.74804040542352,40.1819911096149,5.0,B07D9JW39N
fitsne,10000,1604,-56.59858549056021,4.368024731687918,5.0,B09YYX736L
fitsne,10000,1605,-62.217295711635536,13.198567272156698,4.0,B095LLDH4H
fitsne,10000,1606,62.16436627190367,20.40253687889096,3.0,B07F2DDC28
fitsne,10000,1607,-15.526970494783997,49.172661405110695,4.0,B07CZCFHC6
fitsne,10000,1608,-18.38469684773547,-69.57031147560505,5.0,B07G2G18YH
fitsne,10000,1609,-18.04621170534587,45.36380473346805,5.0,B098DSFTQM
fitsne,10000,1610,-17.664090539293625,-50.475096922884426,4.0,B01MFESB51
fitsne,10000,1611,-52.97401315775551,2.6515944455932154,4.0,B07DC8673V
fitsne,10000,1612,-15.109947069692547,19.2334573354784,4.0,B0759MFSWC
fitsne,10000,1613,46.49017772248255,43.0253938923582,4.0,B077CMJVRZ
fitsne,10000,1614,-2.9445610079348796,-66.27864237345882,4.0,B0751W3JZ9
fitsne,10000,1615,1.0140186630261416,40.97031472253958,4.0,B076MJW31F
fitsne,10000,1616,-2.6319148645988037,-66.1465779160269,4.0,B00VV6X1UI
fitsne,10000,1617,-31.121292199778797,53.32659979363807,5.0,B08KG14KCT
fitsne,10000,1618,-9.862501353175718,67.7007336982576,4.0,B076PMVZMR
fitsne,10000,1619,1.1165053410258778,39.536574330114355,4.0,B01M716C56
fitsne,10000,1620,-26.339743295308494,23.838271072218554,5.0,B08N6HGY8P
fitsne,10000,1621,-29.75936778557312,-56.187611492740025,5.0,B09K7JMBYK
fitsne,10000,1622,-22.891562322299414,-45.207059601884424,4.0,B06XFTNSCT
fitsne,10000,1623,61.45426379202269,19.391587973654428,5.0,B016XFCHBA
fitsne,10000,1624,-56.45975211590415,4.611924008171971,5.0,B01I33N124
fitsne,10000,1625,-4.671590067016539,28.42656958067574,5.0,B014TUZ92U
fitsne,10000,1626,-52.77758482411323,2.4489661259129827,4.0,B01E6L4WW0
fitsne,10000,1627,-50.898812846568845,1.8836547193214934,2.0,B00Y85YSGK
fitsne,10000,1628,-22.493123331403964,-47.29565597604865,5.0,B06WRMP8KT
fitsne,10000,1629,9.536624694567683,-67.38933131532922,4.0,B017O1BWMW
fitsne,10000,1630,59.37168838616534,20.005503991643717,4.0,B01N3JWG1N
fitsne,10000,1631,-19.63765183678712,33.55138125164671,4.0,B06XJF5NMP
fitsne,10000,1632,-14.844451942362063,19.19316291378705,5.0,B08739SDH3
fitsne,10000,1633,-39.894798521287804,-26.135264463807765,4.0,B00IYETYX8
fitsne,10000,1634,-59.63508067283289,37.75221532397822,4.0,B09HJ4LVWP
fitsne,10000,1635,-63.123860235364035,-16.648638911914432,5.0,B09LYWCHJX
fitsne,10000,1636,-12.943230155624446,-69.06243775016512,5.0,B01IOECNKS
fitsne,10000,1637,-29.443284892941467,0.17028709404833237,5.0,B00IVPU786
fitsne,10000,1638,-64.61333785105415,-18.890490127922625,5.0,B00PVCV682
fitsne,10000,1639,16.683390554389042,24.628502679343878,5.0,B07BV831R5
fitsne,10000,1640,-22.166303980821393,51.31864694281138,5.0,B09Z3BM734
fitsne,10000,1641,-47.853769851073466,31.317238177248463,5.0,B01HAUTGKM
fitsne,10000,1642,-31.38822814752021,46.60580786946255,5.0,B01DJ7LUJK
fitsne,10000,1643,32.3709615427253,45.58441926639238,5.0,B01HIPOC30
fitsne,10000,1644,-41.77855994120292,-35.26976806597111,5.0,B00EDIC062
fitsne,10000,1645,-14.482429416796428,19.83161083564636,5.0,B01EJ2CQ7O
fitsne,10000,1646,-43.03183934993968,-26.882753436686656,5.0,B01F75X68U
fitsne,10000,1647,22.147826299429564,35.76538340459892,4.0,B01E7C8TWW
fitsne,10000,1648,58.771215138547696,21.13671339926388,5.0,B00SWL1F2G
fitsne,10000,1649,-1.681977636254819,19.077494924024453,5.0,B01C2ADMNW
fitsne,10000,1650,-65.79562723138781,-21.509230016714174,5.0,B09N5LVWH7
fitsne,10000,1651,-6.867097721611044,-77.86490069952652,5.0,B017ILTARW
fitsne,10000,1652,-10.708170953454257,51.0208994324886,4.0,B011KFQASE
fitsne,10000,1653,-5.650202266899859,12.03347088588555,5.0,B015CAP52U
fitsne,10000,1654,-1.8157943447551756,-55.001680621494366,4.0,B00006JPRN
fitsne,10000,1655,27.84588139604433,19.486984925320336,5.0,B0183F4MR0
fitsne,10000,1656,-13.726006040603064,-66.22887930082572,5.0,B0171F4ULQ
fitsne,10000,1657,41.21623444392493,40.23952588446671,5.0,B0170O61J2
fitsne,10000,1658,-8.579196156096547,-69.47478710559729,5.0,B0178I3JOK
fitsne,10000,1659,41.78669677723774,30.605032332022592,4.0,B00Y4FUVI8
fitsne,10000,1660,-27.92424274297312,-49.88815242968157,4.0,B010AX4WG4
fitsne,10000,1661,-40.850382730035435,49.317103743883614,4.0,B014H8SON0
fitsne,10000,1662,-25.39462683378094,42.02463802184897,5.0,B01N0H8WUZ
fitsne,10000,1663,-6.574391842660584,-63.89796053623152,4.0,B08JH3PJ2Q
fitsne,10000,1664,2.9225797696349582,46.36718601521762,5.0,B07GST8F8L
fitsne,10000,1665,22.64610182065883,35.83631462296476,5.0,B00XHRW9TI
fitsne,10000,1666,-5.883915597823021,-63.38660590959005,5.0,B08N6HJ3FB
fitsne,10000,1667,-10.52524303239623,22.46542178830506,5.0,B006MPRFJQ
fitsne,10000,1668,-14.122959730232346,25.148217703613764,5.0,B00KH3SZTS
fitsne,10000,1669,-51.16294845497601,13.444272015349458,5.0,B00IG9LSGM
fitsne,10000,1670,-13.377657250852918,36.868044581407354,5.0,B00KFCESEC
fitsne,10000,1671,27.427346662264647,-32.54459842459741,5.0,B00L7SV16G
fitsne,10000,1672,-5.608794907345257,-62.97010616385258,5.0,B00CWXJXTC
fitsne,10000,1673,16.763138855663247,24.66399283102297,5.0,B00JFHYY42
fitsne,10000,1674,-23.043075039297598,27.59939470840948,5.0,B005P99KT8
fitsne,10000,1675,-15.25388956357439,27.03919210219184,5.0,B08LZJ8GMH
fitsne,10000,1676,55.557316229975946,33.64147264290514,1.0,B0BYZMDN97
fitsne,10000,1677,-54.28190778458787,-2.725425586569575,5.0,B08FT8J1RR
fitsne,10000,1678,2.212297874376236,-11.06820899865768,5.0,B0C2YWQP1J
fitsne,10000,1679,-20.377464934468293,-48.13280991457729,5.0,B09Z228SQJ
fitsne,10000,1680,-30.15128450240292,-0.7965402640595981,1.0,B085F4RL5S
fitsne,10000,1681,-1.3823053043038023,-63.93925797140452,5.0,B00KJLMBQQ
fitsne,10000,1682,53.85784432689134,7.071776508067802,5.0,B07Y1SNHQW
fitsne,10000,1683,53.651862821747734,-3.7454753066402504,3.0,B0B5GZBXCV
fitsne,10000,1684,26.156944485942056,-17.892345148266337,5.0,B07QF4Q875
fitsne,10000,1685,47.09846063520871,1.0979414462245158,5.0,B08YXY5XMD
fitsne,10000,1686,3.1908838640291823,-15.108522806974793,5.0,B075NCMLYL
fitsne,10000,1687,-6.067878621651698,25.650639149943718,5.0,B0BXM4RTZ4
fitsne,10000,1688,14.407143622074154,-5.278293391711237,5.0,B073ZNM75V
fitsne,10000,1689,15.972339746128117,6.464493197531453,1.0,B098PZNSL7
fitsne,10000,1690,20.41335897568248,-29.78149216357046,5.0,B0BR3MLGZZ
fitsne,10000,1691,19.85269406664652,14.625957779226503,5.0,B09KH1J658
fitsne,10000,1692,0.3138382053596883,-71.83135808673661,1.0,B08Q2D3XR1
fitsne,10000,1693,-3.4920312517179393,-61.222164906372875,5.0,B082LMXMNZ
fitsne,10000,1694,-72.21383628921188,-13.879190249298867,5.0,B093QLDGNJ
fitsne,10000,1695,-51.99488577688659,4.612211863983356,3.0,B09KMSH26Q
fitsne,10000,1696,-26.894093542912948,-22.931582734034112,5.0,B075JZNHTD
fitsne,10000,1697,50.03478985982315,-10.682967547356647,5.0,B01N34WW1E
fitsne,10000,1698,-30.438995795495124,-0.7711338986446983,5.0,B09CG9LZSR
fitsne,10000,1699,-1.1328626799486037,10.437771848315165,1.0,B094BMCMPS
fitsne,10000,1700,20.068315828693674,59.751059056196006,3.0,B01H3CN9ZA
fitsne,10000,1701,20.18484533866185,59.218790960288054,5.0,B08148XDKN
fitsne,10000,1702,9.937501302460555,62.54818983304007,5.0,B07P92XS72
fitsne,10000,1703,-19.362801015760468,-12.156988770031868,5.0,B07YXG4F7R
fitsne,10000,1704,46.80097264538701,-13.733325482836417,5.0,B003LY0QH4
fitsne,10000,1705,-37.67180332750826,44.029683504142746,5.0,B005OTPVMY
fitsne,10000,1706,-36.04761220201962,41.66097511936239,5.0,B07V4JD954
fitsne,10000,1707,-3.700815516648459,-61.03095339071571,5.0,B01N7CV2TS
fitsne,10000,1708,13.22107553420887,62.743738176639376,5.0,B07FSBRRTP
fitsne,10000,1709,13.083005637755308,63.506186829842,5.0,B07LG3CMWX
fitsne,10000,1710,-35.913354263319775,-38.57430818150562,3.0,B075FTYGQK
fitsne,10000,1711,28.108039098698313,-50.37536096255027,5.0,B082SR59W9
fitsne,10000,1712,12.276586508618731,-41.07299600398982,5.0,B07DD69HKJ
fitsne,10000,1713,-57.03755923592375,38.8546664993328,5.0,B09GFP5DMH
fitsne,10000,1714,-13.124710742442105,-49.15970013732174,4.0,B0919NL52L
fitsne,10000,1715,-50.54685049912362,-10.990471593929206,5.0,B077V8RVN7
fitsne,10000,1716,44.074224604278456,46.265029493797726,5.0,B08QS8NWL3
fitsne,10000,1717,2.1719155071061595,54.97143773900667,5.0,B09HTM917T
fitsne,10000,1718,41.49608752538276,-25.495607310292975,5.0,B08CXRWGW2
fitsne,10000,1719,15.26278445883403,50.49577154499125,5.0,B0BM3XNNWF
fitsne,10000,1720,1.3075566074341713,10.703760537489366,5.0,B088WD4DRZ
fitsne,10000,1721,1.7089952731176201,53.97106226238286,5.0,B07F4P3JH7
fitsne,10000,1722,-44.05046900183142,-29.989291476144672,4.0,B081TZ8TBM
fitsne,10000,1723,-1.8282473785598135,-36.20112540158365,5.0,B07R11T5MC
fitsne,10000,1724,-61.72759614992555,14.534132926072909,5.0,B07T58DGSZ
fitsne,10000,1725,-17.96878147468122,-1.7136979663403078,5.0,B07S7QYRSP
fitsne,10000,1726,-4.376824952740182,-0.26426080850739087,3.0,B07DBXWFVQ
fitsne,10000,1727,-43.73361506844092,-28.62116966667362,5.0,B07WC6TDT8
fitsne,10000,1728,-42.252778210894434,-34.6323641345418,1.0,B07PN74YD7
fitsne,10000,1729,16.297573719959065,-7.974287010648496,5.0,B07H5RNMP5
fitsne,10000,1730,3.395763868570673,-67.98985350156043,5.0,B00G3KZ8YE
fitsne,10000,1731,-12.405190423277299,-23.034085506559244,5.0,B07456BG8N
fitsne,10000,1732,-16.5820315627578,57.34563287535183,1.0,B06X6M5HGP
fitsne,10000,1733,-14.467405388571526,69.24742621629439,3.0,B0043T7FXE
fitsne,10000,1734,-24.90440875696458,-32.3264348505116,5.0,B00C28WXI0
fitsne,10000,1735,-16.3564818393524,57.58837108114737,2.0,B00CLZWK64
fitsne,10000,1736,-58.75158786756407,-10.046392318211051,5.0,B00XIL20DI
fitsne,10000,1737,23.845317149549043,18.029284492260178,2.0,B0070Z8CEY
fitsne,10000,1738,-26.72678500690958,-16.93548555358564,5.0,B00752RAA4
fitsne,10000,1739,-65.93712083075773,-23.570625665946867,5.0,B005ESVW96
fitsne,10000,1740,46.99661699277738,-6.346106772579023,5.0,B081S43284
fitsne,10000,1741,1.179822709571206,42.12761498379105,5.0,B09Q3NR84W
fitsne,10000,1742,37.2411621727942,-6.55379810088679,5.0,B07PGL2N7J
fitsne,10000,1743,17.627439422210607,-35.26524131149412,5.0,B07MGTL6L9
fitsne,10000,1744,46.02239708799752,1.1390379322389823,5.0,B00QE9UCZO
fitsne,10000,1745,43.6889824149496,-42.89217071784349,5.0,B0BP28CLNX
fitsne,10000,1746,17.375155194042506,34.22875459096051,3.0,B07H3PZ5LS
fitsne,10000,1747,34.97349571312304,52.32554229460639,5.0,B09LTTFKYC
fitsne,10000,1748,-4.359889200853338,-70.01266154168096,1.0,B081PGLYND
fitsne,10000,1749,-29.349065370199302,-18.56504378345191,5.0,B0B65BNKW1
fitsne,10000,1750,-22.737158622068392,37.0305780340337,5.0,B0BQ5JWN9Z
fitsne,10000,1751,-33.12474400554159,-21.7947475982108,1.0,B0BSDJW7F3
fitsne,10000,1752,-27.636342653533255,-22.55222060089545,5.0,B08MQ2HHFN
fitsne,10000,1753,-50.055914532626076,-13.92090852953399,2.0,B0C6QKB234
fitsne,10000,1754,-36.64528084474198,-25.231395681461482,5.0,B0BT98MVYD
fitsne,10000,1755,-60.36589664370876,-16.732942869903205,5.0,B0BZJZKYST
fitsne,10000,1756,4.680995409624096,4.927318943698895,1.0,B084LN55B3
fitsne,10000,1757,16.23814705943675,-15.87985156448934,1.0,B0BS2TMK39
fitsne,10000,1758,5.895884299779103,-11.464465450591826,1.0,B07XZ6D1YH
fitsne,10000,1759,-28.375649269895764,-18.076129885123635,5.0,B08HTPQZRB
fitsne,10000,1760,32.893035060274364,-46.02377987030812,1.0,B0B2KHS3ZZ
fitsne,10000,1761,-16.027073823445242,-40.75636062659346,2.0,B099V8GPR4
fitsne,10000,1762,5.050588941169834,61.46313773971008,5.0,B00N9ZVN90
fitsne,10000,1763,41.35541510711365,44.61442686870225,1.0,B01MQHBZS1
fitsne,10000,1764,22.916574323703593,-2.254667003146859,5.0,B000KUS9EE
fitsne,10000,1765,45.78597776239903,-24.211661198335502,1.0,B0BBCW8P9M
fitsne,10000,1766,-38.783790756669525,-2.378930482763566,2.0,B0B7MR7WS7
fitsne,10000,1767,20.69341933742927,-11.864955282494286,2.0,B07H65KP63
fitsne,10000,1768,7.178804853179242,13.535222960529373,5.0,B01AY37QWC
fitsne,10000,1769,-46.68768540451509,-20.44708504735903,5.0,B0BZ3LHSDW
fitsne,10000,1770,-18.177215351258116,-30.35915835700296,2.0,B07ZG6W84H
fitsne,10000,1771,-0.39111643187845535,11.550800698815454,5.0,B09X2J3LGX
fitsne,10000,1772,-19.532886771350814,-14.124067958700769,5.0,B07L2T2W6L
fitsne,10000,1773,-7.416420285425042,64.54157882914942,5.0,B08HJ6D2Y3
fitsne,10000,1774,18.601711093257627,59.1742925002688,5.0,B09XLGGLTQ
fitsne,10000,1775,18.918863011969286,59.03904735250541,4.0,B07GSP157Z
fitsne,10000,1776,-15.03093253846571,48.89409842402287,4.0,B07CY79CKZ
fitsne,10000,1777,-26.992636782754815,8.369736924201485,5.0,B0742FQ3Q3
fitsne,10000,1778,-5.172388903623607,67.08767555006533,2.0,B07L5L22ZL
fitsne,10000,1779,-1.6179590853223338,-4.739415234304268,5.0,B07GGVNF14
fitsne,10000,1780,8.473384159123196,60.971676225444256,5.0,B01BFIBRIE
fitsne,10000,1781,8.568406073045898,60.99313592289856,5.0,B007OZNUCE
fitsne,10000,1782,34.988196446842,23.14413325736038,5.0,B007T356BO
fitsne,10000,1783,48.05176637600302,-12.36574744351601,5.0,B0C1J4XGB1
fitsne,10000,1784,2.90149904048425,-4.917072746208824,5.0,B08F4RGHLY
fitsne,10000,1785,23.727670874174848,35.722404505694016,5.0,B094JBZGF4
fitsne,10000,1786,-11.138305719962908,0.8020902425675114,5.0,B000GDGWWG
fitsne,10000,1787,17.497189908214708,29.472442194261873,5.0,B0796VRYV3
fitsne,10000,1788,33.46400878112736,-4.160952505903166,3.0,B0BLVJWGCC
fitsne,10000,1789,45.829850945554135,10.531315701907001,5.0,B001DAT0XE
fitsne,10000,1790,2.885545156128664,7.132359170757731,1.0,B084LS3RQJ
fitsne,10000,1791,32.32031372031639,5.63975834796656,5.0,B0742J69SQ
fitsne,10000,1792,30.747563707066227,-33.19189764841647,5.0,B0B2JWCMCY
fitsne,10000,1793,47.72485785149368,-16.633181834427884,5.0,B07T451KJM
fitsne,10000,1794,34.957588833511544,-16.62279535007032,5.0,B00R124LAK
fitsne,10000,1795,27.36529564984188,53.47610025364997,1.0,B016B12PUE
fitsne,10000,1796,22.565723319235733,51.47135274480898,3.0,B07864XM91
fitsne,10000,1797,-40.018604750843856,14.959428405950003,5.0,B07C4ZNM7Q
fitsne,10000,1798,42.628574566116086,19.05935200849578,5.0,B06XNZJTGD
fitsne,10000,1799,-1.7905562931746049,65.43826965515284,5.0,B081NM793Z
fitsne,10000,1800,35.38307416288465,-13.686324703229515,5.0,B09V6JXVX1
fitsne,10000,1801,33.99777698609007,18.01396798678647,5.0,B07V5DDC7R
fitsne,10000,1802,29.5208751506312,41.77731730168521,4.0,B092JBV61J
fitsne,10000,1803,2.7925721279279556,-19.695232501171365,5.0,B01772N80C
fitsne,10000,1804,51.96580537305189,41.57748775172948,5.0,B094QJBPB1
fitsne,10000,1805,24.57049841804527,4.487964288197473,1.0,B010B2BGX6
fitsne,10000,1806,19.818764878076433,40.732917448525555,4.0,B07D8JK4HM
fitsne,10000,1807,18.652466082458204,47.30242429643282,5.0,B07WNJQFP9
fitsne,10000,1808,30.74618698266015,-16.13083468772707,5.0,B013EKI2DY
fitsne,10000,1809,-17.472101988505532,-44.61512257107705,4.0,B00IIEICNC
fitsne,10000,1810,26.468320281989243,-3.055950549416614,1.0,B0099WSJHQ
fitsne,10000,1811,-51.23460995866718,29.06384491857187,1.0,B007PFZNHS
fitsne,10000,1812,25.14620960416938,39.952433704351634,3.0,B009Z3SXTS
fitsne,10000,1813,21.501389126729343,31.01127176148376,5.0,B00G3J8EZ0
fitsne,10000,1814,-6.473357528240886,42.4599013989594,5.0,B004SBBD8U
fitsne,10000,1815,21.002598679780057,59.51975666638893,5.0,B007T356BO
fitsne,10000,1816,23.81731273482328,-42.72352657679657,1.0,B0878WQ4WM
fitsne,10000,1817,51.65817039678097,42.70276064964741,5.0,B08L1WHFWJ
fitsne,10000,1818,-42.96278750475231,29.639701508596954,5.0,B0C8HDXFXN
fitsne,10000,1819,27.314359027690056,-34.922252592013294,5.0,B0C98XDNLY
fitsne,10000,1820,-67.76950275074849,-26.24120233888602,5.0,B0CCDMQZM7
fitsne,10000,1821,-16.749488511193924,57.12062667137622,5.0,B07P841621
fitsne,10000,1822,9.966679221545231,18.062051307964392,5.0,B09DCPPYNR
fitsne,10000,1823,47.51437090888189,11.772284196446618,5.0,B07PTVBKHM
fitsne,10000,1824,42.43095238112249,-32.778170846259044,4.0,B07D36JJZT
fitsne,10000,1825,24.6858474127801,-46.087685765809915,5.0,B07P5LBBMN
fitsne,10000,1826,3.7374930809564284,-31.048310192155327,4.0,B08TX9GNB3
fitsne,10000,1827,36.866906191817655,-45.9080283252378,5.0,B01GDIUA8Y
fitsne,10000,1828,1.328826076038255,-7.774400142479423,5.0,B00SGBJOWA
fitsne,10000,1829,36.708549662260516,-46.12667664628979,5.0,B01D0J787A
fitsne,10000,1830,40.57913549132938,5.470480075912662,5.0,B09JLMDSLC
fitsne,10000,1831,-33.17649779185951,11.303274194685986,5.0,B089F9YDFC
fitsne,10000,1832,-35.22667362383726,11.731354660678624,5.0,B0C3KV52B7
fitsne,10000,1833,15.29657932148682,-11.789538654560754,3.0,B09P2C15L1
fitsne,10000,1834,-70.50759275006037,-21.126039168282766,3.0,B0B55KLJBY
fitsne,10000,1835,-7.43682412829721,65.73895739204546,5.0,B081TK1W3Z
fitsne,10000,1836,-36.928870835945666,34.98104768869095,5.0,B0B8W72ZG6
fitsne,10000,1837,13.056342230149633,6.261208238773122,5.0,B07M87KRKR
fitsne,10000,1838,2.8429476798231863,2.9585851623106323,5.0,B015PZLB6G
fitsne,10000,1839,60.64831577838996,-33.37555522268176,5.0,B072118L7D
fitsne,10000,1840,18.364847309717778,-10.629855436074001,5.0,B07TCSG6CH
fitsne,10000,1841,14.460430838084461,-5.216549800007114,5.0,B07LBQWTRY
fitsne,10000,1842,30.59024055802526,-1.804808480859376,5.0,B07RW8W2WW
fitsne,10000,1843,13.20709340122426,6.189292245586091,2.0,B00NWXM5U0
fitsne,10000,1844,40.178247666107616,-35.94439744549192,5.0,B0CJ2FDZD9
fitsne,10000,1845,31.933369334953817,41.13445921671441,5.0,B07Q2TVNP3
fitsne,10000,1846,-1.5098532219909118,41.24906844216627,5.0,B0B7RW47VZ
fitsne,10000,1847,-20.605219929902713,69.36935945991718,5.0,B07WH4GTY9
fitsne,10000,1848,-34.01505198909247,-39.34525135942365,5.0,B0BGDLLL4W
fitsne,10000,1849,-21.015646998713454,66.24949259902017,5.0,B0B8J17B9L
fitsne,10000,1850,26.237249886317088,-10.457950359094355,5.0,B00PGE653G
fitsne,10000,1851,60.724509318101056,-33.3030060857138,4.0,B00X0G30MQ
fitsne,10000,1852,36.26780475636106,-46.518913975320245,5.0,B0029U2YSA
fitsne,10000,1853,3.753734944168368,-11.739519070069154,5.0,B01CF3L4YA
fitsne,10000,1854,-16.86645018970019,10.5079287743768,5.0,B0961LFNFG
fitsne,10000,1855,-14.349126190431646,-41.78756078150483,4.0,B07467F8QW
fitsne,10000,1856,28.029021705143744,16.6920927591975,5.0,B07KCT9LB5
fitsne,10000,1857,32.229604067181114,-10.494220622613025,2.0,B0B9GHF8QM
fitsne,10000,1858,11.5443007612749,-20.700665014952516,5.0,B07TWNFDS8
fitsne,10000,1859,16.265299842009714,37.292826576386894,5.0,B007UJ4U6O
fitsne,10000,1860,-8.264216088971423,-59.6289999298008,3.0,B0B37TT7JB
fitsne,10000,1861,-26.354438353337553,-26.250271421044772,5.0,B075XN1NZC
fitsne,10000,1862,-54.236958282654086,-5.201942351109159,5.0,B01C43ZHVC
fitsne,10000,1863,-4.917171146948756,-68.2399413313877,5.0,B08XNCHTCY
fitsne,10000,1864,49.60797841443058,1.339455142564108,5.0,B08SKV4XKR
fitsne,10000,1865,47.799930364465574,-16.70601487901832,5.0,B00A8OWC1S
fitsne,10000,1866,43.17140347006136,44.54808961635027,5.0,B08BL1YDSZ
fitsne,10000,1867,-2.1401366859341806,-77.9588903259755,5.0,B0912GH93X
fitsne,10000,1868,-53.00365953630375,-8.418309112708213,5.0,B0B4WG6N98
fitsne,10000,1869,-1.6971808307206868,24.1311760589408,5.0,B01GW7YJTC
fitsne,10000,1870,-4.1323033308340955,0.37732589169222913,5.0,B008UZQWQ8
fitsne,10000,1871,-36.21987162069813,7.213355665703721,1.0,B00U879XZ8
fitsne,10000,1872,-15.048469354987372,-49.32702845396185,5.0,B06XTX41HM
fitsne,10000,1873,-18.20267069444874,-1.3571697066336859,2.0,B07W42PJBG
fitsne,10000,1874,30.728246906728867,-38.59266932695692,5.0,B07TQLFRRJ
fitsne,10000,1875,35.76255086431901,-37.29487833680966,5.0,B0BHZ1GDVT
fitsne,10000,1876,-24.9083765344729,20.902565154418994,5.0,B0BFF9G61F
fitsne,10000,1877,18.680387374010294,12.468092344408193,3.0,B0BR8MK1DY
fitsne,10000,1878,40.99220742291554,-22.979387984946484,5.0,B09BYYK39G
fitsne,10000,1879,30.03261738054185,-11.808415632857406,1.0,B0BJV9Z6T1
fitsne,10000,1880,64.28653977820296,-39.881437722528084,5.0,B0BY8KX5CW
fitsne,10000,1881,64.28189857755979,-39.88235622236889,5.0,B087JNFL1C
fitsne,10000,1882,28.735482515307652,-27.105283131998494,5.0,B08DPP3T9Z
fitsne,10000,1883,32.627008242179265,-12.404721449295542,4.0,B07H9YX94V
fitsne,10000,1884,33.76711856956804,-14.346629978690098,5.0,B09T3FX6CL
fitsne,10000,1885,35.0205192964989,-16.438503987572215,5.0,B09MLGP9SP
fitsne,10000,1886,47.52625381627077,-28.93058771272852,5.0,B07FTSXDK4
fitsne,10000,1887,-5.707701094535357,21.513814066063237,5.0,B0BS3V1QBY
fitsne,10000,1888,58.8923262265233,-41.69814478113554,5.0,B09DXXSS9Z
fitsne,10000,1889,0.5541711169348501,-71.60258208282184,1.0,B0BN248QTJ
fitsne,10000,1890,2.184080230671939,-62.2813623409957,5.0,B096982VDG
fitsne,10000,1891,30.07572070984858,-24.646551247367444,5.0,B0BL78N7W9
fitsne,10000,1892,64.28684422263655,-39.88135979441465,5.0,B0974XHKV5
fitsne,10000,1893,55.10806174056279,36.34224095710906,5.0,B074D9L6SJ
fitsne,10000,1894,3.0143846867910202,-12.282062793728528,5.0,B0BV3NWX67
fitsne,10000,1895,-42.923783565961,41.85728485368005,3.0,B0823Z9MZ3
fitsne,10000,1896,60.297344706948245,-11.511195962735888,5.0,B005IR2J2M
fitsne,10000,1897,65.34490496444886,-34.77192492918863,5.0,B09869JTSG
fitsne,10000,1898,38.368043088766555,-21.82851605350977,5.0,B0B5GRZ3FW
fitsne,10000,1899,27.907520502928353,-47.2221882230077,5.0,B0BNPL25Z9
fitsne,10000,1900,23.57640629731317,-53.173253368438196,5.0,B09LTX3SQX
fitsne,10000,1901,-2.21857867738563,-56.80680988260865,1.0,B07G7GY4PZ
fitsne,10000,1902,-13.685995250704465,-41.916117684491205,5.0,B07P9QZPGR
fitsne,10000,1903,47.43339823878538,10.69014919684785,1.0,B09PBSXZ3T
fitsne,10000,1904,-33.60631191984147,27.550053195970648,5.0,B01JGBIFGO
fitsne,10000,1905,-20.686458036971015,67.2941516516966,5.0,B07CLBNM1C
fitsne,10000,1906,-19.684115277571955,-47.87659470512932,3.0,B00CO07FIO
fitsne,10000,1907,13.890259011885655,2.7453482524323536,5.0,B0B1VWCFXZ
fitsne,10000,1908,-38.30516128005206,15.048449070859593,5.0,B0BVY4JVNG
fitsne,10000,1909,61.943617019566915,-25.629489025660718,5.0,B0B27MJXLK
fitsne,10000,1910,-33.73936310382244,-39.75231551596993,5.0,B00H1SVSAU
fitsne,10000,1911,4.198988738860422,-13.360558555546683,5.0,B0C7HW72LR
fitsne,10000,1912,44.13309866614832,-29.519665676617592,1.0,B07RGD3JNQ
fitsne,10000,1913,-48.60006731365563,-8.186694608906503,1.0,B07HMRT5RB
fitsne,10000,1914,7.160140383591653,-16.486465848438282,5.0,B08XB712XZ
fitsne,10000,1915,-12.406987002215422,35.58001178433424,5.0,B08LCWGSZM
fitsne,10000,1916,36.60697923295122,50.48600578929639,1.0,B0CF6479D8
fitsne,10000,1917,-36.1044001407139,50.69737786828015,5.0,B09NR7BPJZ
fitsne,10000,1918,45.02561715206206,34.36290591749133,5.0,B08TBPJSKS
fitsne,10000,1919,-21.77702356448074,-12.620182432167704,1.0,B08M85C13W
fitsne,10000,1920,41.35885504736321,22.252064741979872,5.0,B00TKU6762
fitsne,10000,1921,44.96237192998849,2.8282852822845648,5.0,1426320965
fitsne,10000,1922,-25.20164333892231,15.927951379231917,5.0,B07NVG9L16
fitsne,10000,1923,24.93437526358642,-3.0178173331245084,5.0,B07J6GKJYB
fitsne,10000,1924,-13.420141521284581,36.763035606815095,5.0,B08TW9RNRJ
fitsne,10000,1925,-14.24740278625987,35.99549930302523,5.0,B071KKMXP8
fitsne,10000,1926,-14.10864278683397,36.00488520144327,5.0,B01HBARDWO
fitsne,10000,1927,38.993239807623866,23.24025815919781,5.0,B07HMLRWXH
fitsne,10000,1928,33.10150483306066,35.0920134272638,5.0,B075JDJM5W
fitsne,10000,1929,1.8435114759456412,-17.237076614690523,5.0,B07SJ8L4M3
fitsne,10000,1930,-37.25961882689535,-5.510251526317634,2.0,B07D22Z8GQ
fitsne,10000,1931,-31.366811795663907,16.28632630973199,5.0,B078Z9LP9Z
fitsne,10000,1932,51.70886032140289,-34.728090522788264,5.0,B00GHUHMUS
fitsne,10000,1933,34.802395741035056,54.13159194582188,5.0,B004ZKXXAK
fitsne,10000,1934,25.10575308951047,38.86663271960199,2.0,B00N28AUK2
fitsne,10000,1935,21.332694445929558,25.735064046714466,5.0,B0BMWBNRQQ
fitsne,10000,1936,-54.382400310179044,20.277973019296965,5.0,B092DD5L2V
fitsne,10000,1937,-13.718231978014945,-48.80235834970538,5.0,B00GUTY132
fitsne,10000,1938,-6.612156220056101,-47.0234753719983,5.0,B0067Y5B7A
fitsne,10000,1939,-6.327012156411912,67.54150863458429,5.0,B00EYWU8HK
fitsne,10000,1940,-11.927258448752001,34.01139185179104,5.0,B00A81SXHI
fitsne,10000,1941,28.301833266352244,8.711246991713164,5.0,B07SHFPD8S
fitsne,10000,1942,42.396093883578075,34.16396053361874,5.0,B07RW4VG9Q
fitsne,10000,1943,-46.10845124059519,4.397594789798579,5.0,B093FMQJ73
fitsne,10000,1944,-56.10040013790982,21.703967325237322,5.0,B0BB6TYK7V
fitsne,10000,1945,-46.02375322691017,4.4239423503747455,2.0,B07QMBY7JF
fitsne,10000,1946,-38.15317855505726,-36.540429676698096,5.0,B072KLXG5M
fitsne,10000,1947,-42.34294297185051,1.9420628295901161,2.0,B07GVB87YG
fitsne,10000,1948,22.14618127381518,32.92212594105627,5.0,B076CKXBB1
fitsne,10000,1949,1.7447148919814819,53.60089278732985,5.0,B07BSFXVCH
fitsne,10000,1950,4.303269959213256,51.83649352121745,5.0,B076BL6Z79
fitsne,10000,1951,-6.381496599825493,-41.957320814343625,5.0,B0BW4PFM58
fitsne,10000,1952,-9.110496779392237,-75.16380209600052,5.0,B005IKCLPO
fitsne,10000,1953,52.806385609625075,22.55537989973466,4.0,B071K5BQPF
fitsne,10000,1954,32.07704099315349,39.21918963672866,5.0,B07BT6TH6X
fitsne,10000,1955,29.045831719388367,-38.52697394182154,5.0,B07SJ8X19K
fitsne,10000,1956,11.442564381685662,-23.26773250297985,5.0,B0C8RP1481
fitsne,10000,1957,-9.028873085608065,25.582702930896325,5.0,B08KZSGZCH
fitsne,10000,1958,35.33144372146473,17.221222806801617,5.0,B0BNWPM92Y
fitsne,10000,1959,25.42499054777014,-13.610352793711908,5.0,B08FJBFG7V
fitsne,10000,1960,0.9253991679657438,21.616473294893147,5.0,B07837W5NX
fitsne,10000,1961,-35.71065197340746,44.55347411449715,5.0,B07NLWT9Z7
fitsne,10000,1962,20.397827839532933,-8.202171800687605,5.0,B0BSRMK724
fitsne,10000,1963,-41.675400795788825,0.9239261704044263,5.0,B017LSIXDE
fitsne,10000,1964,8.279984145467186,-11.845333577868365,5.0,B07DRGR6LX
fitsne,10000,1965,-16.43144265126251,-1.0485234781431505,5.0,B0797RKSF7
fitsne,10000,1966,-40.865843820242304,15.030168660454446,5.0,B07BFWHD7G
fitsne,10000,1967,-4.109563258812603,23.127034871800728,4.0,B0824RG1SN
fitsne,10000,1968,-55.0618287386907,-5.265096170856728,1.0,B0BGS23YKX
fitsne,10000,1969,-51.54222813331141,8.741218284294755,1.0,B08C4Y26FP
fitsne,10000,1970,12.969151560021931,-36.10022330265113,4.0,B00DGRUY3M
fitsne,10000,1971,17.974616389085178,0.1780759739695468,2.0,B000KMZKTO
fitsne,10000,1972,-7.664034427879537,-58.44392349405698,4.0,B07S764D9V
fitsne,10000,1973,17.95923271397388,0.16094216049231166,5.0,B002UKSZUU
fitsne,10000,1974,-30.69794067323879,56.41620785093274,5.0,B01M7VOJFW
fitsne,10000,1975,55.37548913941088,9.057954661687605,5.0,B01MTY7MSK
fitsne,10000,1976,9.317781500867802,64.95003261336352,1.0,B00BHJS3C0
fitsne,10000,1977,-14.831309859568725,-35.622171206990565,5.0,B000AJR482
fitsne,10000,1978,1.6548540738664175,-70.29812762328874,1.0,B00FWGU1CY
fitsne,10000,1979,-19.38685284497295,-51.71523531018089,5.0,B075S2Y5C3
fitsne,10000,1980,5.560285949969347,-26.660248439411838,1.0,B07GTJSHZ3
fitsne,10000,1981,25.550059136178234,42.523123058715896,5.0,B078C6N6CR
fitsne,10000,1982,19.778829089174927,-27.109578602563246,5.0,B07GKT53H5
fitsne,10000,1983,59.88050212710502,-13.392007574651746,5.0,B0BVCMW9DS
fitsne,10000,1984,-3.444673911433943,-76.90489149270894,5.0,B06XG2ZY5M
fitsne,10000,1985,-40.40539366998562,-26.37772083109456,4.0,B00HSMK59E
fitsne,10000,1986,28.69358495545039,49.21404262679081,5.0,B0816152WW
fitsne,10000,1987,-26.377788711196946,-26.278197355504485,5.0,B075JZNHTD
fitsne,10000,1988,18.79454856135831,-23.3142220587301,3.0,B01MZI5VRW
fitsne,10000,1989,60.09132410385436,-27.51285424357946,5.0,B018SZT3BK
fitsne,10000,1990,36.659878757938166,-9.25557250958115,5.0,B01G61RGNA
fitsne,10000,1991,2.93513937903685,-60.05704772672544,5.0,B006T9ZKAQ
fitsne,10000,1992,24.195927995868633,-11.317438044113308,4.0,B0048FU2GU
fitsne,10000,1993,13.80448170822905,-38.127099148585025,5.0,B008BBNOJE
fitsne,10000,1994,19.40902560818419,6.683747128852512,4.0,B007TPS9PC
fitsne,10000,1995,-6.056019518848813,5.342969471234385,5.0,B008PQ1QOA
fitsne,10000,1996,32.81960930416853,6.293066171862631,5.0,B007OZNZG0
fitsne,10000,1997,38.60356984666288,-28.38900055746655,3.0,B005DOK8NW
fitsne,10000,1998,-42.46512387025262,-22.00346488227044,1.0,B07Y9XK7MW
fitsne,10000,1999,19.892189658267768,-29.091075536033358,3.0,B091Y9L722
fitsne,10000,2000,32.202309296641765,-16.646002756913045,5.0,B0BLBPR39X
fitsne,10000,2001,32.32048893426269,29.35198509263249,5.0,B0C5N822K2
fitsne,10000,2002,13.149741766888242,54.39192104809454,5.0,B00BN1Q5JA
fitsne,10000,2003,-33.744036774034285,23.820752850518605,1.0,B00099YIP0
fitsne,10000,2004,33.501925202328835,20.174789293240753,5.0,B07JGWQ34C
fitsne,10000,2005,-11.535954783609988,22.405399340026907,5.0,B0BV3FZ8KY
fitsne,10000,2006,16.1922727178955,-8.934190593417688,5.0,B003D8GAA0
fitsne,10000,2007,35.55050291264961,-15.845112523096796,5.0,B005FNKMGE
fitsne,10000,2008,17.763685458115983,-43.025084587080386,1.0,B08Y57JG1K
fitsne,10000,2009,-39.4529147718705,-39.12534538308213,5.0,B09FDMGNQR
fitsne,10000,2010,23.998478919304727,-42.182716096640235,3.0,B08723V9DD
fitsne,10000,2011,32.62489061626378,-17.55877910278945,1.0,B0053UJXQ4
fitsne,10000,2012,24.08979458462446,-29.443672065969473,5.0,B08ZRVYSGX
fitsne,10000,2013,9.412837968218502,13.648202539926437,5.0,B07WHTQW4X
fitsne,10000,2014,61.391147575565405,-28.47054831758829,5.0,B09TF5TPL5
fitsne,10000,2015,-16.909146936091783,-18.883823868750003,1.0,B0BWFBFTGG
fitsne,10000,2016,33.06490690193332,-11.262516196674879,2.0,B09S6Y5BRG
fitsne,10000,2017,3.94052251615367,-59.86380727708494,5.0,B07VHBC8VP
fitsne,10000,2018,24.831858315818884,-11.101809487714382,5.0,B08N5TC2Z3
fitsne,10000,2019,-6.3418170841747985,66.51918728015215,5.0,B09KNJ518H
fitsne,10000,2020,-2.3090314261105465,-69.70001409873731,5.0,B08J83TR22
fitsne,10000,2021,-39.17436768412792,9.07068051229601,1.0,B01F9RGWF0
fitsne,10000,2022,-35.005865786933555,-18.063293661868755,5.0,B01054S5FM
fitsne,10000,2023,23.924243981789203,-11.184821093178813,5.0,B00HRUC1OO
fitsne,10000,2024,-2.9109962819132327,10.54411691626458,4.0,B07VCJFPCK
fitsne,10000,2025,-13.118092147193094,-25.839333614270284,5.0,B07H65KP63
fitsne,10000,2026,-64.07530466287935,-14.020667714717211,5.0,B00416Q5KI
fitsne,10000,2027,47.459576800516075,39.787057766777345,4.0,B079BBK5B7
fitsne,10000,2028,-45.132695285344454,21.305033713985,5.0,B00DX6B278
fitsne,10000,2029,52.99521186462011,22.985210481758717,2.0,B07V31SK5X
fitsne,10000,2030,-0.7406107499784548,7.581433007368994,5.0,B07VTK654B
fitsne,10000,2031,3.451100974464863,-7.686871804031274,5.0,B094VH58NQ
fitsne,10000,2032,-44.02439937664664,-28.720190386753867,5.0,B09P7TJCZW
fitsne,10000,2033,-51.37058669149759,-18.773826051717514,3.0,B07V4D6F5F
fitsne,10000,2034,-14.917758454273423,-46.59666773858903,5.0,B00XIWVO4I
fitsne,10000,2035,-2.562657416836529,-18.623557736314375,5.0,B0B696YT88
fitsne,10000,2036,-53.8323467561722,20.139137045406297,5.0,B09QLBKCZ3
fitsne,10000,2037,-38.211914981386016,12.375853301859811,5.0,B0B4ZV9WF9
fitsne,10000,2038,50.0521760750206,41.236181905187266,5.0,B09FKQLP6J
fitsne,10000,2039,-42.86400889491262,5.4129216561340785,4.0,B0BNQ8ZL47
fitsne,10000,2040,-61.31955295738015,14.791449822801146,5.0,B0C3TLTQGR
fitsne,10000,2041,-43.58506989913386,6.60212318579755,5.0,B0BTN6S6Q1
fitsne,10000,2042,-49.68923383563261,37.63000704542978,5.0,B0C1B9TW7G
fitsne,10000,2043,-49.77850593676726,35.30478570385347,4.0,B0B9NR6CHX
fitsne,10000,2044,43.96908508015765,44.44027244894652,5.0,B0BRQK5LVF
fitsne,10000,2045,-47.16467727176686,12.820862200661034,5.0,B0BBQRB6SQ
fitsne,10000,2046,-41.652225456595254,10.079764200409564,5.0,B0BN41CPQN
fitsne,10000,2047,-39.54563931367495,9.310885346134175,5.0,B0BN41CPQN
fitsne,10000,2048,22.889039039825494,-34.156458304777736,5.0,B0BFDZXDS6
fitsne,10000,2049,18.363653013379388,13.057012769614651,5.0,B095MTK53S
fitsne,10000,2050,-61.70135978521367,17.07733707550608,5.0,B0B9XVXB6P
fitsne,10000,2051,-16.695306342637362,63.58143237599747,5.0,B09P4KT1KG
fitsne,10000,2052,-41.19199947551843,8.52413780184181,5.0,B0B79XLJT3
fitsne,10000,2053,-49.569400572523755,-1.7670263814156433,5.0,B0BHXQLLXB
fitsne,10000,2054,-50.65494325194537,-10.934086158504817,5.0,B0BHXQLLXB
fitsne,10000,2055,27.883985665198303,-19.246236879524275,5.0,B0B2VP252D
fitsne,10000,2056,-58.87169495964817,20.685471033313654,5.0,B0B5TH2Q4X
fitsne,10000,2057,-25.033099761230975,-48.553111112348184,5.0,B0C1NRVQ4S
fitsne,10000,2058,-56.89425381339075,35.92046139652636,5.0,B0BHZ1GDVT
fitsne,10000,2059,-41.628709517314114,10.121114406759183,5.0,B0BHXQLLXB
fitsne,10000,2060,-6.947015875126392,20.09514052672647,5.0,B09MF9F8VX
fitsne,10000,2061,-43.40277602781479,23.586036308267975,5.0,B0CFQT6GW6
fitsne,10000,2062,18.701910372689625,57.78336091703112,5.0,B0B7HXB21R
fitsne,10000,2063,-58.15718374657456,18.947233685088285,4.0,B0BV6RLX21
fitsne,10000,2064,-5.291366385434171,-43.7700824615042,4.0,B00BYVYBPE
fitsne,10000,2065,-0.3470823913614237,-71.55016456680801,2.0,B00T8H16UE
fitsne,10000,2066,-5.356055568443341,-49.58829970257587,2.0,B004DU9T3C
fitsne,10000,2067,-16.816668930647108,41.59325020987649,5.0,B096N8LQPY
fitsne,10000,2068,21.348464892285108,26.83901347578909,1.0,B095Z3KQ13
fitsne,10000,2069,6.3991774401860635,24.855053347073632,5.0,B071Z2WHPR
fitsne,10000,2070,-57.99151821576202,12.995581195118664,5.0,B0B751K1LV
fitsne,10000,2071,-49.31598161480862,-13.609096787173769,5.0,B08K4C9MX2
fitsne,10000,2072,-10.793506772707383,-53.55598096891531,5.0,B09KY26HWG
fitsne,10000,2073,-10.832480415074848,-53.35978152664814,4.0,B09F3D2SP1
fitsne,10000,2074,-10.84427929256308,-52.95700411979133,5.0,B093F4J7ZM
fitsne,10000,2075,20.165449023425502,23.87252241313502,5.0,B09X9V54SK
fitsne,10000,2076,17.96759826292199,0.1427393178065973,5.0,B000M9H03E
fitsne,10000,2077,27.518338702969114,-46.474670573559365,5.0,B079NW5W5Q
fitsne,10000,2078,-55.069350931540974,-4.032112747333332,5.0,B0BVH1QB5C
fitsne,10000,2079,-38.011296292580155,-50.478323071629006,5.0,B07Q6Q44J2
fitsne,10000,2080,-44.251206947047905,-14.433739010142453,5.0,B0C2HWSXNL
fitsne,10000,2081,22.938482864557578,-42.7169280697356,2.0,B0BS6RY81M
fitsne,10000,2082,26.88936065033551,-53.64392072697409,5.0,B0BKLWZ4LD
fitsne,10000,2083,13.541724544370238,-36.334257754967894,5.0,B01L8G5Q5S
fitsne,10000,2084,-48.346852305612344,-11.342645198115273,5.0,B01HAVTUPM
fitsne,10000,2085,13.021734385303766,-28.850787823451206,5.0,B07S6X6RLG
fitsne,10000,2086,-55.27983842357128,-10.18707661243032,5.0,B01N249DAV
fitsne,10000,2087,-35.714737123968,-48.437328965239445,5.0,B00M10X9J6
fitsne,10000,2088,-48.37318747313219,-14.05439356782487,5.0,B01611VL68
fitsne,10000,2089,-11.828552341480176,-33.62717466442432,2.0,B007BTULVG
fitsne,10000,2090,24.793678000957122,-36.800583791002104,1.0,B087Q2FP2X
fitsne,10000,2091,-48.40583842999607,-13.926960990984776,5.0,B00OUUXC7O
fitsne,10000,2092,-14.688921751996464,-48.278271414274464,5.0,B0042F3K9W
fitsne,10000,2093,-45.18638720883469,-24.549462759115958,1.0,B016HPOSXQ
fitsne,10000,2094,-42.930327178824875,-10.485150203935808,5.0,B082KPKM3L
fitsne,10000,2095,-44.41176163729066,-25.795258268446975,5.0,B077HQ5W4T
fitsne,10000,2096,-16.594954889628266,-20.0846474722932,4.0,B07KTYJ769
fitsne,10000,2097,15.537129690588735,23.770586188251244,5.0,B0B3BGW87S
fitsne,10000,2098,-41.11868268359043,-35.94820394249526,5.0,B0BML2MF98
fitsne,10000,2099,14.266331945506417,23.53747624071093,4.0,B07TXHPB39
fitsne,10000,2100,-51.35334593972046,-18.69284899628566,5.0,B01GC6LR84
fitsne,10000,2101,-1.4497351242895813,-14.21868388850894,4.0,B0B3D5VN6V
fitsne,10000,2102,-42.974556741981395,-31.800506567016033,1.0,B0BFM4362X
fitsne,10000,2103,-39.547067352637,-35.12437130817522,5.0,B00PTJ43FU
fitsne,10000,2104,3.2493485538142477,25.99088233233877,2.0,B00MG1VGMW
fitsne,10000,2105,5.505739734287836,33.284856524777986,3.0,B01J9F19I8
fitsne,10000,2106,-12.125235905989223,-22.879379836945898,5.0,B01K8B8YA8
fitsne,10000,2107,3.7538507811680777,26.433106480650604,1.0,B0000XMVI6
fitsne,10000,2108,-38.954460707443495,-36.90429549117879,3.0,B008H0QXT2
fitsne,10000,2109,0.04564896792488329,26.002676026980918,2.0,B01KDYC2TO
fitsne,10000,2110,-28.73219721280932,23.751969899494945,1.0,B004RIL1JK
fitsne,10000,2111,-24.33909798265332,-22.08252509038414,3.0,B01BRWH8G8
fitsne,10000,2112,-20.914403801489552,-23.87395038198943,4.0,B075X8471B
fitsne,10000,2113,-50.6644016851698,3.1535721079399424,5.0,B09MK5D6JH
fitsne,10000,2114,-24.002240229882418,44.149410386824826,2.0,B00IVPU786
fitsne,10000,2115,-20.00647732218633,-44.21012704336648,4.0,B0935ZDCYD
fitsne,10000,2116,-21.481532342306494,71.79012691713679,2.0,B00ABZPX06
fitsne,10000,2117,-9.163583520757932,67.81456344927815,3.0,B0BXYXD1Q2
fitsne,10000,2118,-9.08052761253728,67.03450659407982,1.0,B011KPIZ9G
fitsne,10000,2119,-9.603892604049365,67.86521771268609,5.0,B00VRC6D3S
fitsne,10000,2120,5.413257712959641,27.942163217192864,4.0,B006FD5RQ8
fitsne,10000,2121,-26.49075917650861,22.561395713113768,5.0,B00ADJ4YQE
fitsne,10000,2122,-23.871145573519808,44.222771852285724,1.0,B004JISIE4
fitsne,10000,2123,-48.668780557657705,-20.93612626761691,1.0,B0002MQGR2
fitsne,10000,2124,-68.66198286856803,-17.058210364092623,5.0,B000LIFB7S
fitsne,10000,2125,-53.732028335873565,18.43130394762965,5.0,B082FJXVW6
fitsne,10000,2126,-45.29540214014036,2.7099694629016535,5.0,B07KJZPPLR
fitsne,10000,2127,29.44309034340968,26.54619366370699,5.0,B08Q3QPZ5X
fitsne,10000,2128,-8.012696508578031,-60.65029258871243,4.0,B09MGJD7Y8
fitsne,10000,2129,29.40041494968084,2.897754889878582,5.0,B09XYMSZLL
fitsne,10000,2130,-8.01048510918362,-60.478057884338384,5.0,B07N1KNGJ8
fitsne,10000,2131,20.340055229331647,52.15784675269546,5.0,B07Y85CY2J
fitsne,10000,2132,-36.30561219021776,-36.30828448425847,5.0,B09SVJGMN1
fitsne,10000,2133,-37.921553443401834,-37.3651083348498,5.0,B0088YPRUI
fitsne,10000,2134,22.74758171465389,40.30703311042367,5.0,B0145VHFA2
fitsne,10000,2135,-42.3909706458872,-5.741322963359507,1.0,B015TN5FVQ
fitsne,10000,2136,-7.306157521895017,-56.823927649651914,5.0,B017OKABWK
fitsne,10000,2137,2.716846651949485,-11.662399727010328,5.0,B08DLSLCF3
fitsne,10000,2138,-32.00097159024212,-47.04149914849353,5.0,B0057YDNQ2
fitsne,10000,2139,6.384844076440527,24.595187759438037,5.0,B0BQ3VKQG9
fitsne,10000,2140,4.454199654230346,-65.11621174901367,5.0,B00CXP4AS8
fitsne,10000,2141,-36.77914697211358,-39.46035398725574,5.0,B000066R6M
fitsne,10000,2142,32.37617653708644,45.55414744042187,5.0,B00H1ZHD0W
fitsne,10000,2143,22.47712829069269,49.55392503040397,4.0,B005LIDN00
fitsne,10000,2144,16.894390054842553,49.985712359207135,5.0,B01ITOFEX6
fitsne,10000,2145,-56.768834886007255,0.03572653272564241,3.0,B01HRVABD0
fitsne,10000,2146,28.63897199297005,45.07638028375566,5.0,B08NJ8VWQ3
fitsne,10000,2147,30.786202619284165,44.09608704052882,5.0,B08RYNJRCY
fitsne,10000,2148,34.475874726807845,-34.30585587054932,5.0,B01CU0YQPW
fitsne,10000,2149,30.385484126025908,42.09696845423115,5.0,B086X647CC
fitsne,10000,2150,10.599067882209688,-15.48804807603972,2.0,B09XT8WXMN
fitsne,10000,2151,-25.33964248768085,-1.4676286722213214,3.0,B07DKDL58Y
fitsne,10000,2152,37.198435374015155,13.68219402585626,3.0,B092D8D5BZ
fitsne,10000,2153,-9.314783282625765,15.000546316035052,5.0,B075DD9DW4
fitsne,10000,2154,20.107597725135726,43.29529523468589,5.0,B01E6MTP0S
fitsne,10000,2155,-33.00091849244511,-27.527982673285692,5.0,B075X8471B
fitsne,10000,2156,-32.99807250150086,35.77638707344321,1.0,B07TB47MN4
fitsne,10000,2157,0.31473221561916165,-57.241100581842055,5.0,B0C2Z2HX4L
fitsne,10000,2158,21.55110483040372,42.96524917986147,5.0,B0BZ46CGSP
fitsne,10000,2159,-21.339188725254413,-43.59973478884338,5.0,B0C4Y7T5Z3
fitsne,10000,2160,-30.10839133765158,-51.84584260222292,1.0,B0BG6YCGG7
fitsne,10000,2161,-38.54495253963295,43.733010619380806,4.0,B0BDRRTMR7
fitsne,10000,2162,-53.25009011299174,1.6668271827488148,4.0,B0BV2PMLTR
fitsne,10000,2163,-49.36027494909952,4.932185718202589,5.0,B0C1SG4FHJ
fitsne,10000,2164,-24.28558200911542,-36.22965442024756,3.0,B0BCFDDGPB
fitsne,10000,2165,-5.602551709528504,-2.4926633082156022,5.0,B09N922QG2
fitsne,10000,2166,-55.71595171716743,18.1773303259057,5.0,B0B1S914V5
fitsne,10000,2167,-18.180218741411892,-1.7826485570764539,5.0,B0B741XVYD
fitsne,10000,2168,-58.215596088904874,-12.140677440430515,5.0,B09TR4ZR8S
fitsne,10000,2169,12.799226884284595,-34.9065487502891,4.0,B0C5YHPG2J
fitsne,10000,2170,-5.639603823792694,-2.302413903816791,5.0,B09LQWML9P
fitsne,10000,2171,-8.331680592421446,-64.8534428554747,5.0,B09VTMLL5Q
fitsne,10000,2172,-13.648171428435688,49.4702483191759,5.0,B0BKTBD37R
fitsne,10000,2173,-35.3470255023681,50.445331613266006,5.0,B09SLPPNBC
fitsne,10000,2174,-23.582725033459653,30.066813567564193,5.0,B0C4P6C6NM
fitsne,10000,2175,-33.40438347553358,-11.12843050068599,5.0,B09VS779K4
fitsne,10000,2176,21.716914572557247,31.312993644644152,5.0,B09Q8MWHT9
fitsne,10000,2177,48.55597059950841,32.05033102358068,5.0,B0B9L1N68J
fitsne,10000,2178,-37.8865115317567,44.19337259212376,5.0,B0998X1F7G
fitsne,10000,2179,8.784668021296309,16.503656193891686,4.0,B09W5J7GVX
fitsne,10000,2180,-37.986008610334444,44.204991937696846,5.0,B09NN648FM
fitsne,10000,2181,-32.48902649807861,-55.007174503574014,5.0,B09N232D3J
fitsne,10000,2182,-53.97921247251349,1.0350445499168375,5.0,B0BPHC35QG
fitsne,10000,2183,-23.613893862288595,13.644354682261445,5.0,B0BPP72J81
fitsne,10000,2184,-35.425900454311126,56.192558063507654,5.0,B09JCD2CN6
fitsne,10000,2185,-49.368430741267424,33.50616366441953,5.0,B0BPSXJ8M3
fitsne,10000,2186,-9.364917165673807,-59.973474945051706,5.0,B0BYJSHNQ6
fitsne,10000,2187,11.301967374318378,45.59112007226256,5.0,B09DCMLWTT
fitsne,10000,2188,-63.86911961102997,-18.10789905872428,5.0,B09SN7TZ99
fitsne,10000,2189,-32.612597434418326,48.108245102838985,5.0,B09FJMWMBM
fitsne,10000,2190,-17.289222499309655,-41.25354672502098,3.0,B091XN41PN
fitsne,10000,2191,2.8904848120940048,37.09480149872084,5.0,B099D2QTGY
fitsne,10000,2192,-52.564664399276836,-8.34739328930882,5.0,B0C5N45FB3
fitsne,10000,2193,-63.29731715513641,-9.23708171250493,5.0,B0B4YTVNFL
fitsne,10000,2194,-63.35021185385462,-9.256545210576688,5.0,B0989J83Z9
fitsne,10000,2195,-52.68714484620652,-8.982393626362843,5.0,B093D6F1ZZ
fitsne,10000,2196,17.640507173549782,18.682354640961083,4.0,B09W99JC95
fitsne,10000,2197,-32.56618488707619,50.15806646049436,4.0,B098QLDYC6
fitsne,10000,2198,-49.23756276135035,5.0455582397861,5.0,B0C2YRYZJ7
fitsne,10000,2199,-39.41209431496627,46.39800592211197,5.0,B0963LKFYF
fitsne,10000,2200,-22.28840962643947,39.29962362851547,5.0,B0C5MCSLKZ
fitsne,10000,2201,-6.696543980263019,50.224994541413054,5.0,B0C6QYPNYR
fitsne,10000,2202,9.928176367285417,17.62231430113995,5.0,B09MVP6Y94
fitsne,10000,2203,-43.175962214516616,4.842935289475666,4.0,B096P33NMR
fitsne,10000,2204,50.62015760383713,40.18668311660944,5.0,B0BXHPS3XG
fitsne,10000,2205,23.53087724671206,29.231099644071353,4.0,B082S4VMHG
fitsne,10000,2206,-32.70301274148156,50.056847611771694,5.0,B08Z85SDM3
fitsne,10000,2207,-32.614236453289244,50.27771157396708,5.0,B08ZMYM34Q
fitsne,10000,2208,-25.75278291031598,25.063326918536692,5.0,B09PHCV2PN
fitsne,10000,2209,-5.74904800487653,-1.7487698167806822,5.0,B08JV9C6NR
fitsne,10000,2210,-17.637420580401585,49.7391841067523,5.0,B08XDX7CW8
fitsne,10000,2211,49.28872789885907,41.08210478536531,5.0,B08W43825W
fitsne,10000,2212,-7.136083771623788,-70.6248290819842,5.0,B0BZQ8FW4F
fitsne,10000,2213,-44.58271170578066,-10.22977017412615,5.0,B08MPYBG5C
fitsne,10000,2214,-57.128482200287074,18.015500884148157,4.0,B08SCQTJKB
fitsne,10000,2215,-50.679980770679705,2.6305094641176425,5.0,B08SH3HLNL
fitsne,10000,2216,-18.535517014837705,-70.92214321228879,5.0,B08XXRWLLS
fitsne,10000,2217,23.789036414795156,37.4909594971023,5.0,B08HK1QRLB
fitsne,10000,2218,-61.63500032686181,2.642712918727738,5.0,B08P5KZD1C
fitsne,10000,2219,-31.522078430736777,49.14951656472218,4.0,B08XMR6T51
fitsne,10000,2220,-37.55207632824792,31.3299492648444,5.0,B0898CS5TM
fitsne,10000,2221,-37.51089997203333,31.62170691143159,5.0,B08FBZ6SS3
fitsne,10000,2222,-61.33767907129399,-12.943187681367982,5.0,B08CV3B9SS
fitsne,10000,2223,-53.465808525028066,-9.73443096910896,5.0,B07FN9PR61
fitsne,10000,2224,-37.51220184466932,31.97167906668773,5.0,B0BZT5GQGJ
fitsne,10000,2225,-14.47114717209793,-1.0364515887948484,5.0,B09Y273HR1
fitsne,10000,2226,-53.751934163425375,-9.620506277048111,5.0,B0BZT5GQGJ
fitsne,10000,2227,-37.518754671032966,32.207946350089465,5.0,B08HK2F8QK
fitsne,10000,2228,-16.9752550817503,-3.171828043833511,5.0,B08FRMQNHR
fitsne,10000,2229,-31.106549182741936,49.27352403751941,4.0,B0933YVHDN
fitsne,10000,2230,20.280864837770572,21.25524849806215,5.0,B08HCJB6C5
fitsne,10000,2231,55.85107602287522,11.204562118616387,5.0,B088FKGCH1
fitsne,10000,2232,-58.00233256321718,16.04724158360256,5.0,B0B8YY8QXG
fitsne,10000,2233,-22.502738649443042,39.302203731935165,5.0,B09H1PLZ7S
fitsne,10000,2234,-57.76883903912345,7.97075351473143,5.0,B08M4256ZR
fitsne,10000,2235,-57.99937959569561,8.159974887022816,5.0,B0827X1Z1D
fitsne,10000,2236,-55.234393604907886,0.1225090454268715,5.0,B08NC5TMNL
fitsne,10000,2237,-50.82867940473458,-2.939124514548412,5.0,B088CRTM52
fitsne,10000,2238,-41.85658017936395,28.69600322237806,5.0,B09N7WWZRT
fitsne,10000,2239,-53.55466391674967,-9.756882565587242,5.0,B07FN9PR61
fitsne,10000,2240,-61.56869264567557,-13.280418316537283,5.0,B08QYZ75XJ
fitsne,10000,2241,-41.93155150787167,27.929677971514433,5.0,B08PFZQPFJ
fitsne,10000,2242,-32.4510340128882,31.602543680901167,5.0,B08D6SKVVN
fitsne,10000,2243,-42.03407527344181,28.35138208320259,4.0,B081DZMGFG
fitsne,10000,2244,-64.22392295965801,-17.58291947548319,5.0,B09MKVBBWX
fitsne,10000,2245,-59.92996047424717,-11.762949611207786,5.0,B08GKCN3BX
fitsne,10000,2246,-48.853163239415395,-5.193102428031676,5.0,B08J42GSW6
fitsne,10000,2247,-52.52955793991851,-7.325665509396422,5.0,B08D6G3T5T
fitsne,10000,2248,-59.879809136017066,-11.605219438163418,5.0,B09WTY19L9
fitsne,10000,2249,30.926942534840475,55.48515223059152,3.0,B09LH3NSVJ
fitsne,10000,2250,-30.07645244725447,50.455146693248075,5.0,B08GKK5NX8
fitsne,10000,2251,42.11810606681838,46.28361264281914,5.0,B09LCRR2BG
fitsne,10000,2252,21.184556133794093,50.52615059531061,5.0,B087QSHTM8
fitsne,10000,2253,-61.51297449338373,2.62073347997495,5.0,B08BJ83YHJ
fitsne,10000,2254,-48.78335373024519,5.517326040334068,5.0,B085SGW4KK
fitsne,10000,2255,-30.31332379745574,50.35058282761692,5.0,B013Q6ZRQQ
fitsne,10000,2256,50.18237773948221,48.285399586846886,5.0,B07XKZ2PDG
fitsne,10000,2257,-7.822465226789133,-63.64385983851304,4.0,B08BYF5V86
fitsne,10000,2258,6.6755724522899085,39.350891879996496,5.0,B08CK95N8C
fitsne,10000,2259,37.088144510309945,48.75412275665081,5.0,B088WH1Y25
fitsne,10000,2260,-4.935265433142163,44.736228154106286,5.0,B0834PQKXK
fitsne,10000,2261,-18.201654646977737,67.2463731353752,5.0,B09Y1PSVTB
fitsne,10000,2262,-32.27142212603745,-58.12518907424406,5.0,B08GFZXG55
fitsne,10000,2263,-32.23767699233165,-58.12985585815705,5.0,B07W87RMTG
fitsne,10000,2264,-41.249722880990575,28.451449159144193,5.0,B089YF6T86
fitsne,10000,2265,-42.30681313397583,28.625844200689514,5.0,B086VFXX78
fitsne,10000,2266,-59.35810219268584,7.317562166499391,5.0,B094NRML1L
fitsne,10000,2267,-10.923235746947741,60.84675605174665,5.0,B089F191ZP
fitsne,10000,2268,-2.015251536078676,11.027017859751107,4.0,B089VYXB9K
fitsne,10000,2269,-32.92958729162932,44.84048523175464,5.0,B0C1Z4MNJT
fitsne,10000,2270,-18.551078379121794,1.7179920117090273,5.0,B08CVCS7Y7
fitsne,10000,2271,17.35955666114775,20.79602102973828,5.0,B087B2DLCR
fitsne,10000,2272,-36.29257189343382,41.18844546851514,5.0,B08BFT7VNS
fitsne,10000,2273,-22.33037229712873,39.251696806926695,5.0,B08B5DC4HM
fitsne,10000,2274,-53.35092790841119,6.85160289444295,5.0,B081CRF2YH
fitsne,10000,2275,-59.37943591441829,20.787122704528986,5.0,B09WV2XQYH
fitsne,10000,2276,-54.879189604414435,-0.6973659337137743,5.0,B082T7HDGT
fitsne,10000,2277,-61.62895816080543,2.6316914514367524,5.0,B09FYFT34G
fitsne,10000,2278,-15.968088180731954,-1.3300434842534474,5.0,B085DZMDKH
fitsne,10000,2279,-44.06440528986875,3.2570580764797863,5.0,B082YB9888
fitsne,10000,2280,-21.413768699765455,38.745376954180024,5.0,B083KYZMG5
fitsne,10000,2281,-24.092716133032113,-35.592813820267,5.0,B0BSDJQV5D
fitsne,10000,2282,-22.74940254597832,37.64675881955564,5.0,B0899QP2L3
fitsne,10000,2283,-54.040373419634065,3.7523937505982747,5.0,B09NSRDB1W
fitsne,10000,2284,-70.83550688985154,-13.398264118079462,5.0,B083NQPY1R
fitsne,10000,2285,19.219161233094503,48.28412312759937,5.0,B08T6D9Z69
fitsne,10000,2286,-8.076841271288428,-33.125776147409304,5.0,B097D5GXZH
fitsne,10000,2287,-39.4305885988729,26.366207775322618,5.0,B082CDDZC7
fitsne,10000,2288,-31.912405788088105,-57.474711312026734,5.0,B082HHZ11Q
fitsne,10000,2289,-33.09307578531048,54.78160410540577,5.0,B085DPJYYV
fitsne,10000,2290,-63.21159127231206,-8.702675072723638,5.0,B0BYSB9KW8
fitsne,10000,2291,2.8806842778680295,26.817831765084403,3.0,B084GFVQLL
fitsne,10000,2292,-31.009190290066904,49.710064131650846,4.0,B0828Y7BMQ
fitsne,10000,2293,-12.293417182197949,-63.060054504531166,5.0,B09Q5PQM38
fitsne,10000,2294,-7.325665530621518,-32.905804243761395,5.0,B07T95WVZZ
fitsne,10000,2295,-19.203224734280806,-55.69841106444217,5.0,B07VX7V91Q
fitsne,10000,2296,-32.273529407231386,48.62026440058167,5.0,B0815V2KJS
fitsne,10000,2297,-19.200061553966016,-51.04940274590192,5.0,B07RMBKSY3
fitsne,10000,2298,-27.796938677049315,-49.313420715293,5.0,B07VKRYQLK
fitsne,10000,2299,-32.36375394732088,48.82181040491087,5.0,B07X8ZRNX7
fitsne,10000,2300,-12.023458170373729,-61.163802613951134,5.0,B086ZKY8C4
fitsne,10000,2301,-26.7549673512179,-33.61805889501161,4.0,B0BPLD4VK9
fitsne,10000,2302,50.55244290031101,21.58480081477337,5.0,B084F798YV
fitsne,10000,2303,5.78325704761359,-53.70727356992975,5.0,B07MG94T5M
fitsne,10000,2304,-16.59967376045376,23.583075561259676,5.0,B07DK1VQCH
fitsne,10000,2305,-18.5094367220907,-71.0894447940122,5.0,B07PQBQ6GC
fitsne,10000,2306,-15.029828252343368,-33.73860105766895,5.0,B0BJ7QMYBF
fitsne,10000,2307,-26.11604847985951,23.775038274471665,4.0,B084HC99VY
fitsne,10000,2308,-12.505554316375747,-63.28009133191033,5.0,B082SW81WD
fitsne,10000,2309,-29.71548176040641,44.61035049557391,5.0,B07RZPB86Z
fitsne,10000,2310,-26.787535656760234,-33.7244938803934,5.0,B07FLH7VLQ
fitsne,10000,2311,-63.71744336164227,-18.754735808663984,5.0,B0BL6788GP
fitsne,10000,2312,0.251312769807591,-57.216753042418716,5.0,B07PHWGWFS
fitsne,10000,2313,-33.796534841660474,44.731397642939854,5.0,B07KJTXRKM
fitsne,10000,2314,-9.920459104857503,-49.60737861479635,5.0,B07PYHVH31
fitsne,10000,2315,-3.754576351517297,-63.01556070015056,3.0,B07MCSKB9P
fitsne,10000,2316,-14.456350377946464,-59.6606012504371,5.0,B07FDCDQMM
fitsne,10000,2317,-14.442547527292955,-59.690037204600415,5.0,B07K8XPS7J
fitsne,10000,2318,-9.960807957103153,-62.66041763012891,5.0,B07DF7NZCN
fitsne,10000,2319,-35.661697045484914,-41.114436498055596,4.0,B07G1LGS62
fitsne,10000,2320,-27.828984873847794,-15.273726932980047,5.0,B07GG424BQ
fitsne,10000,2321,-64.295630533101,-17.72107347054104,5.0,B09MTNF6MX
fitsne,10000,2322,-34.18423605298681,44.6962371266753,4.0,B01FRP1ZHE
fitsne,10000,2323,-45.16238616464428,-1.5016968584865615,5.0,B07DDK15FN
fitsne,10000,2324,-29.32974429523971,-58.32070753952231,5.0,B07VHBC8VP
fitsne,10000,2325,-25.857617842494733,23.891191188491412,5.0,B0C2V1QS15
fitsne,10000,2326,1.3831482912892932,-62.40360413711842,4.0,B07QFC584D
fitsne,10000,2327,52.15232006685714,33.01125620420981,5.0,B07FMYHX1F
fitsne,10000,2328,-23.08021802347539,39.68863497112864,5.0,B09ZMQWGCG
fitsne,10000,2329,-15.755829840133929,22.524742254432432,4.0,B07B535G94
fitsne,10000,2330,-21.277577071531116,-53.49107057826198,5.0,B08V47HYBW
fitsne,10000,2331,-8.970921136901087,-65.96045253010975,5.0,B076F79LTS
fitsne,10000,2332,-3.0008328896060696,-58.73082109173296,4.0,B0778PCW73
fitsne,10000,2333,3.163491452260963,36.352095523006334,5.0,B079Y4MW5F
fitsne,10000,2334,-26.143377051413385,23.788166637361925,4.0,B0C2V1WQ8F
fitsne,10000,2335,-15.42911377579047,22.15044380840868,5.0,B077W1KN7V
fitsne,10000,2336,-15.508749862338524,-55.33339331155875,4.0,B06XJKWXC6
fitsne,10000,2337,-11.720245149719075,-62.99657611195162,4.0,B074JG8SPQ
fitsne,10000,2338,-8.015891562021935,-32.69710223012571,4.0,B0B11CLXY5
fitsne,10000,2339,-48.88893134177248,31.62975295703615,4.0,B071YZ2WN7
fitsne,10000,2340,-12.088226941942585,-67.15882832322976,5.0,B072J2HGJR
fitsne,10000,2341,1.6512941647666393,30.667471522802725,5.0,B071X8QSZH
fitsne,10000,2342,-25.35522349659005,24.34126781916706,5.0,B07FKJCFWB
fitsne,10000,2343,-3.2762370124545157,-61.268620472379496,5.0,B01MQKG0L8
fitsne,10000,2344,12.976948865458388,17.59029812852956,4.0,B01LZWQ0KV
fitsne,10000,2345,-6.059407398956335,-67.00772460979378,5.0,B01M2UVSHF
fitsne,10000,2346,-44.06074918656162,10.30195162568022,5.0,B07JMFQTC5
fitsne,10000,2347,-2.254807341638516,-65.4418538026292,5.0,B01HETFQMQ
fitsne,10000,2348,-10.80427693745526,-45.530680344706006,3.0,B01DT4ODOM
fitsne,10000,2349,30.716392043729343,39.32978068740466,4.0,B00VRLUTWA
fitsne,10000,2350,-68.80173306519556,-21.81829219790411,4.0,B01EO5A3RQ
fitsne,10000,2351,-33.71796223785874,49.92791991479312,5.0,B01BCWKBZI
fitsne,10000,2352,-22.5571121619335,-44.03763072881004,5.0,B01BWMX5BK
fitsne,10000,2353,-31.03512213628193,-55.36025988927562,4.0,B00K6L5EX6
fitsne,10000,2354,-72.27158728896647,-13.85428520517177,4.0,B00PVIBIN4
fitsne,10000,2355,-16.438960501564445,-63.69992682585499,5.0,B0B37YMFK2
fitsne,10000,2356,-53.44124300407001,1.8060182486360228,5.0,B079ZQT987
fitsne,10000,2357,-26.630313531892618,24.008682228857236,4.0,B014D7XH64
fitsne,10000,2358,-34.50943237274017,51.830963891040405,5.0,B00UK0P9VU
fitsne,10000,2359,22.760530528986102,38.61370110978917,3.0,B00OGKQAJU
fitsne,10000,2360,-16.81990369832648,69.7936863557292,3.0,B00S0CTU2Y
fitsne,10000,2361,-21.30240416114764,-53.40932396895939,4.0,B01A86LI6K
fitsne,10000,2362,23.4550011836508,29.549138317886467,5.0,B00MJKZEXC
fitsne,10000,2363,-17.771904767647847,49.57302922567609,5.0,B00NJNFW1C
fitsne,10000,2364,33.96753201219532,41.911869464111504,5.0,B00FQ1NO9W
fitsne,10000,2365,-14.02690349333622,-66.42592726342737,5.0,B00KONCDVM
fitsne,10000,2366,-26.895472157189783,-49.346535099087674,5.0,B00I59VBH4
fitsne,10000,2367,-64.55475454363389,-19.25968521431174,4.0,B00BXKY9CQ
fitsne,10000,2368,-9.577901473307742,-56.39015400339386,4.0,B00EXPNGCM
fitsne,10000,2369,-18.325859625108528,-46.01182921790715,5.0,B00DVU9FNY
fitsne,10000,2370,-12.309772022462713,53.041745687576636,4.0,B00CPIF4G0
fitsne,10000,2371,-31.286492329521163,20.798297523353224,5.0,B007KZQM9Q
fitsne,10000,2372,-8.01324154013179,-59.62587318293006,4.0,B001UAB4TU
fitsne,10000,2373,-13.945218384331138,-47.6688287648315,5.0,B07FCKYFRC
fitsne,10000,2374,17.68653754012692,18.67491344695906,5.0,B07GZL22ZQ
fitsne,10000,2375,-13.395285675572037,-1.1167658818150847,4.0,B00S7IBOYS
fitsne,10000,2376,6.108853073911842,24.457080105565066,4.0,B07F2YKPB3
fitsne,10000,2377,-7.292823848678926,-65.86573527169838,1.0,B0C338S8M7
fitsne,10000,2378,-10.105525833828123,-58.76480008675466,4.0,B00KWR8ME2
fitsne,10000,2379,-42.28306727791528,-34.61956910915013,4.0,B00PLL0L2U
fitsne,10000,2380,19.460319435054313,38.66263356562534,5.0,B07PSCZRB5
fitsne,10000,2381,13.458513952570073,6.618798705174718,4.0,B0BHT8XX49
fitsne,10000,2382,64.90122997146074,20.044576415849154,4.0,B085XS36F5
fitsne,10000,2383,-3.2814470776014786,-2.8617867139277484,4.0,B07S1BDQ4P
fitsne,10000,2384,30.382692524959726,33.48563623567591,4.0,B00N1X2UC4
fitsne,10000,2385,-28.38444736585847,-19.38011038457876,4.0,B007ILEHSA
fitsne,10000,2386,32.88236576199728,-11.17118176239649,1.0,B018H3B280
fitsne,10000,2387,50.40302279700294,-35.63036183603887,5.0,B00763W3M2
fitsne,10000,2388,32.88342424462946,-11.170612876266766,1.0,B00OB0S8KE
fitsne,10000,2389,-30.149272784819406,48.006783770389134,5.0,B00FHL3F0E
fitsne,10000,2390,-38.6204014529626,-2.0896472222706186,5.0,B07PHB491R
fitsne,10000,2391,-7.736133527437419,1.559146179208404,5.0,B08GL4JSLK
fitsne,10000,2392,-0.9326462251815556,40.99410039881655,5.0,B07T5SY43L
fitsne,10000,2393,3.1726412749613315,3.267558685049066,5.0,B074KBWL9J
fitsne,10000,2394,-21.578054782588925,-59.680135420730814,1.0,B09674F2X6
fitsne,10000,2395,-21.627638493875324,-59.64528271286874,1.0,B09S9PX2GH
fitsne,10000,2396,11.11117097303665,-29.956242966892322,1.0,B07KTYJ769
fitsne,10000,2397,-11.757218586625145,18.665994126537356,5.0,B084T3RMQ6
fitsne,10000,2398,-40.82899300567817,-25.434264592788402,5.0,B00RFLGH5E
fitsne,10000,2399,-11.642115625738526,21.18918867694402,4.0,B00P7EVST6
fitsne,10000,2400,-69.25575892300314,-22.056953314033876,5.0,B09BZGJCGD
fitsne,10000,2401,-42.497935628945555,-24.080094411243746,1.0,B0022NHQ00
fitsne,10000,2402,19.829439041459217,25.342657395885603,4.0,B002SBB0SU
fitsne,10000,2403,-14.257087916196891,50.28931049774838,5.0,B09MRC553G
fitsne,10000,2404,-14.39463566125247,50.483571274161804,5.0,B0B5B88GQW
fitsne,10000,2405,-14.550053008140308,50.44532658411514,4.0,B09X21S46V
fitsne,10000,2406,-4.367333574475325,-63.887198743078976,4.0,B07S764D9V
fitsne,10000,2407,-30.637227858136992,-21.684291058772896,5.0,B0BTPBBL52
fitsne,10000,2408,-9.57921838249221,-15.486035876980079,4.0,B091BD9T1Z
fitsne,10000,2409,-48.35434842613172,-11.538747162376271,2.0,B07MYSFW2G
fitsne,10000,2410,-55.359104915951164,13.409791982188368,4.0,B01DXKPK3A
fitsne,10000,2411,-1.527251373069264,54.8426853358822,4.0,B0189XYY0Q
fitsne,10000,2412,39.52909030020615,52.83616733803184,5.0,B00Q6A1RLY
fitsne,10000,2413,-12.327943868102157,56.47663119180854,4.0,B00MHX6TIA
fitsne,10000,2414,-3.7100651892992915,52.732316399056415,4.0,B00DVFLJKQ
fitsne,10000,2415,-70.60672696864965,-21.128909271168492,5.0,B002M3SHXA
fitsne,10000,2416,-28.71136166018481,-16.957169290992816,4.0,B0039NIRIW
fitsne,10000,2417,-37.12701092566052,-13.78925149236353,5.0,B000HDJY7K
fitsne,10000,2418,-30.892518224454324,-56.86304239153982,5.0,B00005T3GH
fitsne,10000,2419,-28.78858097740131,-16.569374758116655,4.0,B0036WT3PW
fitsne,10000,2420,-13.308951073916669,30.428157983190765,2.0,B000V2H136
fitsne,10000,2421,-69.19255091934008,-17.06311688579042,1.0,B00008SCFL
fitsne,10000,2422,-8.373756806030189,29.855249479218788,5.0,B000OSLLPG
fitsne,10000,2423,-20.726502388939217,-33.34586103206412,2.0,B00XJ5U76A
fitsne,10000,2424,-38.31201714560086,15.07003172954335,4.0,B07V29CYF3
fitsne,10000,2425,-23.41459477455897,67.8279480289276,1.0,B0B3J5JC2S
fitsne,10000,2426,43.90823016330801,10.868561165128616,5.0,B07X349T36
fitsne,10000,2427,13.178688723845163,46.434046755895736,5.0,B074D9L6SJ
fitsne,10000,2428,45.087811563003726,1.6296082457098107,5.0,B07Y75XPQZ
fitsne,10000,2429,26.797920318536683,-7.631792645842176,5.0,B07QC4XL1V
fitsne,10000,2430,-10.045501989866892,-59.37910048894686,5.0,B07ZPC9QD4
fitsne,10000,2431,-60.38241858217582,-17.446533600783386,5.0,B093V1K56G
fitsne,10000,2432,-26.540306407554908,7.830703337559713,1.0,B01N7KFVOB
fitsne,10000,2433,-5.861211047998927,71.93602525799722,5.0,B07C9C7N4G
fitsne,10000,2434,59.558795737084445,16.811336523711812,5.0,B0745BZ29C
fitsne,10000,2435,2.574753105400845,-33.60468058457825,2.0,B07CZ2PZJM
fitsne,10000,2436,23.029741219950836,-53.86754777082309,5.0,B08XPWDSWW
fitsne,10000,2437,-35.13151344683383,7.444240973245043,1.0,B09FKBCYM3
fitsne,10000,2438,13.750529587569506,-9.224956065025536,5.0,B07G5C4YLY
fitsne,10000,2439,-51.060756191255926,-0.3322357412276809,3.0,B08FYNN55Z
fitsne,10000,2440,13.065037771067146,-32.05149428077776,1.0,B08MY4R4PK
fitsne,10000,2441,17.903794226611467,-23.13839988012169,1.0,B00WUWV1N6
fitsne,10000,2442,-5.035799575235776,-1.3866744112821998,4.0,B071FVHM19
fitsne,10000,2443,-4.545426793269342,-0.3464225735522445,5.0,B085SX3ZKZ
fitsne,10000,2444,23.954630462318327,-27.261381230787634,5.0,B07X8MSSRQ
fitsne,10000,2445,35.40041661840624,-13.527854774040467,5.0,B01ENBNAWG
fitsne,10000,2446,28.079270183211253,-16.549819447354327,5.0,B00E6GRHBO
fitsne,10000,2447,-21.803195757576365,-29.651696430273283,2.0,B0C6D2TBZ7
fitsne,10000,2448,4.6730441901917,22.403463777967833,5.0,B07KB1FNK3
fitsne,10000,2449,13.561592654516089,-37.598654301874056,5.0,B0C6PGZ3MB
fitsne,10000,2450,-16.73697656006322,49.62409181649722,2.0,B0C8TKRRJB
fitsne,10000,2451,12.450778416594996,58.724931254668505,5.0,B07BSJCMGS
fitsne,10000,2452,-16.24469155950648,-59.71090868546065,5.0,B08TX43PBC
fitsne,10000,2453,-22.70942274482388,-23.68322904395796,5.0,B08WJSHSLC
fitsne,10000,2454,33.29618771413973,28.40571225810123,5.0,B0987B3T53
fitsne,10000,2455,14.999860886527573,48.47317126151487,5.0,B01MQPTTS6
fitsne,10000,2456,47.841142678266394,-12.162573826457447,3.0,B07TS32GFV
fitsne,10000,2457,-50.884154801546416,-4.649155394337576,5.0,B07SMNZK8H
fitsne,10000,2458,-29.71942352783268,1.800440178965466,5.0,B081B15L2D
fitsne,10000,2459,10.277305353309531,-32.5700035392636,4.0,B076WXJPQ1
fitsne,10000,2460,-25.882203351513112,47.77775235428104,5.0,B08KZ1TZYB
fitsne,10000,2461,39.97135569270639,-15.688438477169711,5.0,B07961C64Q
fitsne,10000,2462,11.343145063471157,-32.33638517257856,5.0,B0BNPL25Z9
fitsne,10000,2463,-36.28419176416317,-51.32465689077438,5.0,B00P28VN38
fitsne,10000,2464,-36.25033790069195,-51.426506639803165,5.0,B00GN76HAG
fitsne,10000,2465,21.11948368259269,-23.28123706340853,3.0,B076JDXPRG
fitsne,10000,2466,7.375651224874302,-9.981630624952958,5.0,B06XGC4WKK
fitsne,10000,2467,8.890329383344502,-7.670560388402779,5.0,B07GZFM1ZM
fitsne,10000,2468,-35.92725575414318,-50.784404578572904,5.0,B07K59CQ3R
fitsne,10000,2469,-35.91989591786327,-50.76057881900082,5.0,B074S1P2MG
fitsne,10000,2470,-40.108381542905455,-55.992690440981406,5.0,B072KQC4XY
fitsne,10000,2471,12.598364757568074,-39.81018253309964,5.0,B00KAMJ1JO
fitsne,10000,2472,-49.27432837543435,-1.7247274489334028,5.0,B0C6PGZ3MB
fitsne,10000,2473,49.39326333704463,-11.611774974940905,5.0,B075753TQ8
fitsne,10000,2474,57.5903859505572,-13.364485547230395,5.0,B075X8471B
fitsne,10000,2475,31.800271889303982,27.614846205801555,5.0,B07F4P3JH7
fitsne,10000,2476,-43.51780407546777,-3.1050786196196447,5.0,B0C1FRBK4K
fitsne,10000,2477,-30.059692226607833,6.811226851960505,5.0,B00HJN524K
fitsne,10000,2478,-11.954751979745303,-56.32948380489449,4.0,B071WGSZ81
fitsne,10000,2479,-6.333794350936854,33.19878704110169,5.0,B000063Y71
fitsne,10000,2480,6.219465135650778,32.39190073246915,5.0,B07837W5NX
fitsne,10000,2481,-19.03417169289402,68.63065604139287,3.0,B003NR57BY
fitsne,10000,2482,-17.690542039301324,-31.634336260793386,5.0,B07H6X3YQN
fitsne,10000,2483,-32.67587495913798,12.573717371692728,5.0,B00N9DWGPC
fitsne,10000,2484,-6.373135825476877,32.9368730520773,4.0,B000063Y6S
fitsne,10000,2485,11.038854156202467,29.002121270467786,4.0,B00G97AJMW
fitsne,10000,2486,-18.815453646291463,-29.34954393398688,2.0,B00XJ5CD58
fitsne,10000,2487,46.33701700702401,8.820022920237385,3.0,B00D68R31M
fitsne,10000,2488,50.51851516845023,-12.849156803800804,5.0,B00GNHSXE4
fitsne,10000,2489,-10.099242061984308,31.815456290564654,5.0,B00004UDQ1
fitsne,10000,2490,-29.25230245438044,17.714201092023085,1.0,B00PFQPX5Q
fitsne,10000,2491,-29.920104564242035,15.522278389121542,5.0,B000165C10
fitsne,10000,2492,36.16514309293342,-18.648754789459044,5.0,B07QC4WTNC
fitsne,10000,2493,-13.372937011312237,-44.4860536107172,5.0,B09NBBT6T8
fitsne,10000,2494,-7.534354169454595,63.02910840916472,5.0,B07TPLJ4HX
fitsne,10000,2495,-69.72157818872539,-18.960025730849317,1.0,B09VYMTDF9
fitsne,10000,2496,-37.972907756572084,23.566260691435897,5.0,B07K1DYGHM
fitsne,10000,2497,-33.581260563617725,27.4370069865145,5.0,B08RLW7918
fitsne,10000,2498,-54.62099565681788,-4.521444306740919,5.0,B0BMQJYLQV
fitsne,10000,2499,3.628857401402185,-68.095605120134,4.0,B0001FTVEK
fitsne,10000,2500,12.760210490768763,-39.638902154464525,1.0,B005PPMF3U
fitsne,10000,2501,37.73821688722733,-24.53141320607713,5.0,B07VVXLXJM
fitsne,10000,2502,5.085534706278651,-13.159200250063087,5.0,B07P374FF3
fitsne,10000,2503,-4.764203907762592,26.553392409250645,5.0,B07P6YM5KH
fitsne,10000,2504,-44.303166950070505,19.18782158589022,5.0,B002Y470G2
fitsne,10000,2505,-6.60653109858466,-68.12810464151502,5.0,B09PRC3WC5
fitsne,10000,2506,4.892332370634817,46.692777606075886,5.0,B08Y8XW37R
fitsne,10000,2507,-24.96234313140018,-48.8809132551562,5.0,B0BXM18YDP
fitsne,10000,2508,-21.5009541968072,-5.251285195815871,1.0,B09M8N7YML
fitsne,10000,2509,-6.541954161552357,-53.5467235381564,5.0,B07H4SS6DG
fitsne,10000,2510,24.82619988831616,-25.883023065171546,2.0,B019RC1EI8
fitsne,10000,2511,11.088963144171865,-6.361650025992992,1.0,B07VM4W41Q
fitsne,10000,2512,-27.80979756607392,7.3762924033476684,3.0,B00WETRG4I
fitsne,10000,2513,22.834829130100943,-42.688703465085986,1.0,B001MQ321U
fitsne,10000,2514,42.96242251857661,-40.69255833773349,5.0,B0051V7XK8
fitsne,10000,2515,44.160559073289576,-4.424063329510696,5.0,B0C6D2TBZ7
fitsne,10000,2516,-36.300352294239396,22.30284585669547,2.0,B07MG5Y5W9
fitsne,10000,2517,-7.1630066253433515,-43.76036311774043,4.0,B094MKQMZR
fitsne,10000,2518,47.80421241858829,28.023549760226373,1.0,B0B58CRF1N
fitsne,10000,2519,-45.39506013863313,-5.031534021034396,2.0,B07Q2SJNZ5
fitsne,10000,2520,27.38956490932257,-43.31200169216612,2.0,B075X8471B
fitsne,10000,2521,5.3279080837809625,58.13817006769904,2.0,B01J94SWWU
fitsne,10000,2522,38.789206034288455,-18.386210475586836,5.0,B008I6ITME
fitsne,10000,2523,-29.11748047861402,-0.7339721766728142,5.0,B015SKPC8Q
fitsne,10000,2524,-49.383462909852305,7.440723396439406,1.0,B01I1D2Q7W
fitsne,10000,2525,-11.62497147151662,26.763385331624505,1.0,B00RBW707G
fitsne,10000,2526,38.97004503899133,23.006307241697147,5.0,B06XNQ6BXC
fitsne,10000,2527,28.755233679447638,5.452147276759155,5.0,B07ZRGNMRJ
fitsne,10000,2528,23.35540687241487,3.8916883491529255,4.0,B06VWK3L8N
fitsne,10000,2529,57.60151384417007,-12.302089892630576,5.0,B01I6GE05A
fitsne,10000,2530,-47.615422572945185,7.095699931671895,1.0,B01CGGW4NG
fitsne,10000,2531,-14.473633099642939,-23.34596759998286,3.0,B01K8B8YA8
fitsne,10000,2532,29.07857061475565,16.95318596069008,1.0,B01E9X4L9O
fitsne,10000,2533,-37.99705164921761,-37.82165466591264,5.0,B00140DBRY
fitsne,10000,2534,-25.856382033400813,-25.623731673942604,2.0,B01DA0YCNC
fitsne,10000,2535,39.24401732901867,47.92851045223029,1.0,B073QFMPK1
fitsne,10000,2536,-7.051544105839782,-69.9849717207365,1.0,B00WUCSWDI
fitsne,10000,2537,-36.58267054232732,-3.039589720965276,1.0,B00488M4TU
fitsne,10000,2538,10.52810671491564,18.723988914373493,2.0,B0032ALZIQ
fitsne,10000,2539,-19.328305420161456,51.09446933634824,1.0,B0034NGZWM
fitsne,10000,2540,59.22539527513513,-37.52186537390341,5.0,B09B52572Z
fitsne,10000,2541,20.955170715854646,-4.711164732594337,5.0,B08KZZCGGG
fitsne,10000,2542,1.4538227442381129,21.007861693200095,5.0,B08JD7FN44
fitsne,10000,2543,66.8573975887836,-7.353145124370644,5.0,B098744XH6
fitsne,10000,2544,66.20832909201778,-7.610223842372399,5.0,B09BPWCXMS
fitsne,10000,2545,29.563020837636543,-17.172346651319337,5.0,B09NWZY4XF
fitsne,10000,2546,66.17166594175177,-7.386324399908392,5.0,B07Y887RM3
fitsne,10000,2547,66.28407465177739,-7.715930484565401,5.0,B086VR9J8Q
fitsne,10000,2548,66.8461520473289,-6.898718703410091,5.0,B09JKSVK9L
fitsne,10000,2549,66.65642614098209,-8.467193155391787,5.0,B09CM12QBL
fitsne,10000,2550,67.34053226309443,-7.941941801099044,5.0,B09H7DTXKT
fitsne,10000,2551,66.68158574362283,-8.478066906791366,5.0,B09G2W5GGF
fitsne,10000,2552,66.73037933945247,-6.258052480669095,5.0,B07K7BBRTQ
fitsne,10000,2553,66.22803320930512,-6.907626095247129,5.0,B07D77BLWK
fitsne,10000,2554,66.19142651812933,-7.851103894751568,5.0,B07C78TJMZ
fitsne,10000,2555,67.17052772739711,-8.563129522789431,5.0,B07S764D9V
fitsne,10000,2556,67.23251221503247,-7.893577984037481,5.0,B07PBZ1P2N
fitsne,10000,2557,66.21253962112507,-6.9355282718041815,5.0,B07CH42JNS
fitsne,10000,2558,67.80087902928352,-8.516901031229601,5.0,B01LXJFMGF
fitsne,10000,2559,66.20218736777156,-8.01710293308508,5.0,B071R715MZ
fitsne,10000,2560,66.23032937349743,-6.79625305512844,5.0,B01D5H8N8K
fitsne,10000,2561,66.66667902076088,-8.464863089652562,5.0,B07JGHZ45W
fitsne,10000,2562,66.21065601647548,-6.942446185023318,5.0,B017MVKO82
fitsne,10000,2563,66.1978293215787,-7.900145709018409,5.0,B09T918243
fitsne,10000,2564,67.91907006944271,-8.453392094335241,5.0,B09HLGPB3D
fitsne,10000,2565,67.90979968927483,-8.425512333505242,5.0,B01MDNQXMV
fitsne,10000,2566,66.40541720518019,-6.551310491782189,5.0,B07F9WZSP9
fitsne,10000,2567,67.26681711686047,-8.542855598723179,5.0,B07QF6RKYH
fitsne,10000,2568,67.41822768481609,-7.923649619420697,5.0,B09S6QPQFS
fitsne,10000,2569,67.8844130353963,-8.405498082920403,5.0,B00NVKHLP8
fitsne,10000,2570,66.837136763339,-7.879490340088288,5.0,B07FPLCZSL
fitsne,10000,2571,66.84685593657612,-6.243856865394785,5.0,B08TY4HJ8L
fitsne,10000,2572,66.8760858599349,-7.794793273005308,5.0,B0713VGCJX
fitsne,10000,2573,66.79677213094956,-6.4532611354604805,5.0,B09QZPKYCW
fitsne,10000,2574,66.8984533572602,-7.815059603315333,5.0,B07W1JV6YM
fitsne,10000,2575,68.42258555433693,-7.922785124647294,5.0,B08M8Y6473
fitsne,10000,2576,67.29364203998769,-8.06178712677351,5.0,B07DVF9LKG
fitsne,10000,2577,68.4181597584569,-7.936247064108039,5.0,B00JX8Y2HM
fitsne,10000,2578,66.87588998263732,-7.1082757149631,5.0,B00M0T1WTM
fitsne,10000,2579,67.84981493428161,-7.693911634079451,5.0,B07BVZJP4J
fitsne,10000,2580,68.41966913858981,-7.894097634678469,5.0,B073W74WR8
fitsne,10000,2581,67.04656947113234,-7.310903689474382,5.0,B0BZJGGX2T
fitsne,10000,2582,67.83465783981401,-7.318536395813999,5.0,B09Y1PSVTB
fitsne,10000,2583,67.15161505683118,-6.158028104149312,5.0,B00XZ6AMA4
fitsne,10000,2584,67.20550075171525,-6.863091587394433,5.0,B01G8JO5F2
fitsne,10000,2585,-17.988539808927072,5.084282287328533,5.0,B075NCMLYL
fitsne,10000,2586,67.80511028813446,-6.409017997366201,5.0,B08XPWDSWW
fitsne,10000,2587,67.84068551746368,-7.27171257225231,5.0,B01985CJUG
fitsne,10000,2588,67.76500151403214,-6.280660810683639,5.0,B01N1H6MS0
fitsne,10000,2589,67.23642546980707,-6.801374196769588,5.0,B00TQYC9PA
fitsne,10000,2590,67.40748244971819,-7.242622125653161,5.0,B00XJPY07M
fitsne,10000,2591,67.86631223364516,-7.692702196416274,5.0,B000Q8UAWY
fitsne,10000,2592,68.34609824128215,-6.714085353926029,5.0,B07YFD37SF
fitsne,10000,2593,67.84055055323614,-6.789021007619097,5.0,B004XUNW26
fitsne,10000,2594,67.85930931972395,-6.232827715532259,5.0,B005MTXM3Q
fitsne,10000,2595,67.79515886342658,-7.679161835160322,5.0,B000WKPHHO
fitsne,10000,2596,55.02874108317936,-15.291391394782556,5.0,B00XHWBDYU
fitsne,10000,2597,67.1942426124799,-6.135497288824983,5.0,B0B3XNLPYC
fitsne,10000,2598,-23.161547819982864,-51.992176024272126,5.0,B07QLN5ZWR
fitsne,10000,2599,-32.143355004811575,31.092261579225667,5.0,B0812DKDD9
fitsne,10000,2600,68.57989611268441,-7.42477304185041,5.0,B0BGNG1294
fitsne,10000,2601,12.396576529715041,40.80204766499172,1.0,B0873727DF
fitsne,10000,2602,55.9262183241267,-44.266879122668975,5.0,B07P61P5NZ
fitsne,10000,2603,55.927202549410524,-44.310971019784226,5.0,B07P6YRR6J
fitsne,10000,2604,55.829358976219055,-44.55226952237574,5.0,B07Q38S8HD
fitsne,10000,2605,55.978339378303346,-44.753978697891135,5.0,B07PBD7RDM
fitsne,10000,2606,-36.69168784683648,24.029081166868085,5.0,B0B1HR8JSR
fitsne,10000,2607,1.9436831793119522,38.580852428822816,4.0,B0C6FJFRJG
fitsne,10000,2608,33.550114983351286,51.9464351873211,5.0,B07KG7BLFD
fitsne,10000,2609,55.66433677224899,-44.52718150384672,5.0,B0B2K24RQT
fitsne,10000,2610,55.617375418623716,-44.58931962993364,5.0,B0C33Y9Q9L
fitsne,10000,2611,60.505221003571705,-11.662161537679491,5.0,B07ZCVRSCG
fitsne,10000,2612,60.55153314321808,-11.420849566376488,5.0,B07JL18G1D
fitsne,10000,2613,60.629705103771386,-11.461710301042904,5.0,B0BVBDXFHM
fitsne,10000,2614,60.753516428342216,-11.589958269364017,5.0,B09LRLD1Z3
fitsne,10000,2615,60.571291557096394,-11.43495052968192,5.0,B0BB6RBYJ6
fitsne,10000,2616,60.52144951685633,-11.461767327138618,5.0,B08MXVP2CL
fitsne,10000,2617,60.82318316548781,-11.586176379039108,5.0,B00FOSEUIQ
fitsne,10000,2618,60.622077742355806,-11.43204892257588,5.0,B07G8BR51Z
fitsne,10000,2619,-1.2661499104163318,-67.5212535548903,5.0,B07PXGQC1Q
fitsne,10000,2620,55.44838011379921,-44.25532213890278,5.0,B0BZDWGL19
fitsne,10000,2621,35.7705781165839,14.004042690028168,5.0,B0B4SWZTZ1
fitsne,10000,2622,55.86179977116558,-44.5495402509756,5.0,B07T6GWDGR
fitsne,10000,2623,55.443119443494105,-44.271339514817804,5.0,B07VZVL6GK
fitsne,10000,2624,-1.717604684444876,-67.61157259442378,4.0,B0C3GDKZQT
fitsne,10000,2625,55.88466597536068,-44.31985233138997,5.0,B096NQ56RD
fitsne,10000,2626,55.92102216333605,-44.32299955256075,5.0,B0839511NG
fitsne,10000,2627,29.62121648866181,-42.2577424200065,5.0,B07SHFPD8S
fitsne,10000,2628,-6.417505604895031,66.1073649834928,5.0,B01GKQ2RHQ
fitsne,10000,2629,-3.0380322565961717,-17.915022867888425,5.0,B00U1PPWDO
fitsne,10000,2630,-31.443747075068888,6.876404539373597,4.0,B00JHPLUMQ
fitsne,10000,2631,-29.915590398656157,6.876620849620079,5.0,B00GG835JI
fitsne,10000,2632,-32.469146888524776,16.03361014027141,5.0,B0BS6KLLT1
fitsne,10000,2633,-54.552272395273555,-11.413762871662772,5.0,B00T7W84FA
fitsne,10000,2634,6.405562394837988,9.697190953028757,5.0,B07JVSC152
fitsne,10000,2635,-58.469409809663205,-6.881361720273472,5.0,B001TH7GUK
fitsne,10000,2636,-11.895569017982526,-74.11095171194746,5.0,B000066R6M
fitsne,10000,2637,-9.761375008687331,30.04377108885264,4.0,B004YZZPZW
fitsne,10000,2638,18.21808785031844,59.79575111555159,4.0,B005KDY8AU
fitsne,10000,2639,7.50368911957075,61.98414896817451,5.0,B005890G8Y
fitsne,10000,2640,29.121383326673854,-49.11790885030858,5.0,B016PMVM7Q
fitsne,10000,2641,13.0600626889414,-1.787683697538679,5.0,B07KML89F3
fitsne,10000,2642,40.75470518212851,48.40065574877059,5.0,B00AHU2QH8
fitsne,10000,2643,9.129884579344795,64.94193005246767,1.0,B00BYHTK5Y
fitsne,10000,2644,11.848017238035064,65.5435747366188,2.0,B00902SFC4
fitsne,10000,2645,-3.1111167815187066,-71.47753501503293,5.0,B007B5ZKGG
fitsne,10000,2646,-15.814138743668229,21.187399949227085,1.0,B004NIG13U
fitsne,10000,2647,13.144619068748199,-1.8741045896707862,5.0,B09L1PGZPQ
fitsne,10000,2648,-31.815850988349723,-47.30997347051601,5.0,B0719SNR5N
fitsne,10000,2649,42.37112689539563,6.568828724176082,5.0,B07TQT6H2P
fitsne,10000,2650,53.867645096307356,-31.22049304883741,4.0,B08ZF2Z7Y1
fitsne,10000,2651,60.88617718696341,-32.78780571957662,5.0,B01M5HQMMJ
fitsne,10000,2652,58.91606964034806,-41.277508500552145,5.0,B094V7S7D7
fitsne,10000,2653,-13.097484294830922,-48.43559579031291,5.0,B09Q5BNT76
fitsne,10000,2654,-14.535845716169408,-46.70633678272521,4.0,B076DWW62Z
fitsne,10000,2655,-8.589382984252543,-48.539839446031785,5.0,B08GMC5NM5
fitsne,10000,2656,28.157367008670132,-0.29756186887924513,5.0,B07HRFLB6Y
fitsne,10000,2657,9.209402855600988,2.1591116778401735,5.0,B07Q44XSYX
fitsne,10000,2658,40.30312949900108,-1.4039625921060859,5.0,B07D18BQ9S
fitsne,10000,2659,64.21511626949503,-42.79168097623637,5.0,B073S39FM8
fitsne,10000,2660,4.981607058172906,-22.81731092637191,5.0,B01H7EK9WK
fitsne,10000,2661,-47.323934645790004,-26.019608792983444,5.0,B00UVN20YA
fitsne,10000,2662,28.329044856215248,-9.540349249237645,5.0,B0195A5THO
fitsne,10000,2663,-35.26202496907244,-17.26928947417169,5.0,B01AQB0Y1C
fitsne,10000,2664,36.66723908718616,12.587301254290344,5.0,B017IM9K26
fitsne,10000,2665,-1.5723986995301265,-35.636037764211125,5.0,B07VXXBTX4
fitsne,10000,2666,21.12970342788375,50.93333985336139,5.0,B08HGHSZ8N
fitsne,10000,2667,-7.88995366224735,-22.022067165633285,5.0,B07NJQTTXK
fitsne,10000,2668,-16.21076327178967,-60.439073002720825,5.0,B07SNBHTKD
fitsne,10000,2669,32.69923998120377,-39.133265668302414,5.0,B0BDF98BNH
fitsne,10000,2670,-52.63134323042019,3.8140818999723503,5.0,B01JPDTZXK
fitsne,10000,2671,31.986569173218765,27.460321742390903,4.0,B01HVHIZFG
fitsne,10000,2672,45.203420327654236,-22.168216909421048,5.0,B07B3JZ2M6
fitsne,10000,2673,17.86192186130048,52.426804080332055,3.0,B00JUNH8H6
fitsne,10000,2674,20.370666352372453,53.46597546806105,1.0,B00DULMXTW
fitsne,10000,2675,-67.89330849743632,-24.192650462668123,1.0,B09G3MBH6V
fitsne,10000,2676,-25.949930791817028,-3.1334901830941275,4.0,B07N8VFFNS
fitsne,10000,2677,40.79282828588229,-3.3441293777498333,5.0,B07KXX9168
fitsne,10000,2678,-51.02923444725785,-7.037232341702711,5.0,B09QL59Q12
fitsne,10000,2679,41.24753850884825,-1.9987957335315945,5.0,B00MVJYK6S
fitsne,10000,2680,8.84493813325354,64.68139064695303,4.0,B00FPG7WX2
fitsne,10000,2681,16.258816795187986,8.587359480537588,5.0,B00D38XF6M
fitsne,10000,2682,-15.516935784055788,-38.17049542198541,4.0,B08F1P3BCC
fitsne,10000,2683,6.710584881062762,-11.90489073851951,5.0,B000YC8NYY
fitsne,10000,2684,-8.764325046652111,-39.643812543534736,5.0,B086LL8V2G
fitsne,10000,2685,-31.173244673123776,16.04937125850925,4.0,B07M5WCCLH
fitsne,10000,2686,-1.4930599943748706,-39.315657549536176,5.0,B01KBQ6GQ4
fitsne,10000,2687,-38.81654918096749,-3.604106568885232,1.0,B0CC4HBS85
fitsne,10000,2688,52.79660991606124,7.3256291033786285,5.0,B08C2P9RTY
fitsne,10000,2689,3.9295653018252317,-2.0527907332385964,2.0,B0BXRJKJDZ
fitsne,10000,2690,-4.257912007582276,-55.560584734480706,5.0,B0071369KE
fitsne,10000,2691,-9.553802600156596,-64.66290187286977,5.0,B0B37TV4WJ
fitsne,10000,2692,32.36718262311434,-19.191157748190616,5.0,B07HZLHPKP
fitsne,10000,2693,58.061344847730034,-14.118318297816534,5.0,B071L978GM
fitsne,10000,2694,64.95257624669696,-31.29696343118312,5.0,B001B077PO
fitsne,10000,2695,64.94969205437337,-31.295594833309675,5.0,B077Q9DVXJ
fitsne,10000,2696,20.56788243044604,-8.996735153635768,5.0,B001MXQRN8
fitsne,10000,2697,64.94972737320046,-31.292904823960253,5.0,B01AUR77FI
fitsne,10000,2698,38.759693448807994,-24.505030647204475,5.0,B000001OM5
fitsne,10000,2699,-34.05065951680242,8.685770336545353,5.0,B07MHTZQ2V
fitsne,10000,2700,-9.180858199602815,-38.7759898162028,5.0,B07SKFQQ48
fitsne,10000,2701,22.788069994043997,-12.95813722169995,2.0,B0C3GLMP8K
fitsne,10000,2702,17.436015953419016,45.86651340300903,5.0,B07Y89KHBJ
fitsne,10000,2703,36.52329188403799,-11.829161717264968,5.0,B07Z3BKFQW
fitsne,10000,2704,-43.2434186585584,-2.232942981152188,4.0,B0CCRNKX6X
fitsne,10000,2705,45.050594655232445,-2.301863138774754,5.0,B09KWWZ67B
fitsne,10000,2706,36.0940047378651,50.82725309593155,5.0,B08PZ94XG9
fitsne,10000,2707,28.830935844939006,8.676490835428464,5.0,B09HJZPSFC
fitsne,10000,2708,55.933442187007884,6.824799741203805,2.0,B0B9N65HF4
fitsne,10000,2709,57.504620903807464,-13.360405282781498,5.0,B07QPTYSPP
fitsne,10000,2710,6.104767996879844,-6.193889995614509,5.0,B0791TX5P5
fitsne,10000,2711,-27.018723816154484,-42.86169695327845,4.0,B085DXH843
fitsne,10000,2712,20.313169167228928,-30.963066541692033,5.0,B07P5GCV4R
fitsne,10000,2713,-53.47932675722857,0.5641668765902905,5.0,B0BGS23YKX
fitsne,10000,2714,-24.33690298417455,-22.404640575671976,4.0,B094XQ4HKT
fitsne,10000,2715,14.428116480628915,-24.67311047509043,5.0,B0018MEZK0
fitsne,10000,2716,14.930441762106637,-24.519914111603594,2.0,B001TOD7MO
fitsne,10000,2717,14.58472345005195,-24.590186055358156,5.0,B00KALCGUG
fitsne,10000,2718,37.56478601674127,-17.00209503126102,5.0,B000F6MOQM
fitsne,10000,2719,20.467007801663566,-1.0789024897709478,5.0,B00KFNMHQ2
fitsne,10000,2720,20.49576893874145,-1.0976988852315401,4.0,B00CHCGRH4
fitsne,10000,2721,23.125675930621057,-12.966833165723523,4.0,B008I640QS
fitsne,10000,2722,-10.562841808628587,-37.597459830731054,2.0,B004MCJBJI
fitsne,10000,2723,-27.222963874832434,-6.78701588879859,5.0,B001BXS4LW
fitsne,10000,2724,31.836391510129996,-24.646767121136882,5.0,B000QKKAOU
fitsne,10000,2725,41.618153794424046,-20.03958727105651,5.0,B094QJN15X
fitsne,10000,2726,-10.017876243467184,47.64718116271641,5.0,B09R9133PG
fitsne,10000,2727,-5.8040086240753155,71.91897141100792,1.0,B09QLYHV6F
fitsne,10000,2728,47.54966100786286,34.257943317664136,4.0,B086Q4XT9Q
fitsne,10000,2729,-29.128159428488562,47.94336136143941,2.0,B003WGJYCY
fitsne,10000,2730,16.48293227286778,24.35668468791793,5.0,B07JBTD7NG
fitsne,10000,2731,38.33226158745384,51.965056407186246,5.0,B088ZD69V9
fitsne,10000,2732,15.390947488672232,-37.03261776126597,5.0,B0002J1WTC
fitsne,10000,2733,6.788689331475531,25.17617353648352,5.0,B01MQVXHUM
fitsne,10000,2734,43.5817272675751,45.12213319595832,4.0,B07CKP2CKV
fitsne,10000,2735,-34.80378653116705,51.78279040173044,5.0,B0046RDQGS
fitsne,10000,2736,33.74857998687558,53.402790226174126,3.0,B006OU6IBA
fitsne,10000,2737,7.129471096686572,32.80986385682908,5.0,B083P6GZXR
fitsne,10000,2738,-0.07176927910578611,-24.871527759625426,5.0,B07GZFM1ZM
fitsne,10000,2739,13.776350239543888,-55.501086255352284,5.0,B0791TX5P5
fitsne,10000,2740,66.53791111930283,-23.011284470558,5.0,B07VRPLTL3
fitsne,10000,2741,48.17628445274032,24.459848033617135,5.0,B00FB50SBU
fitsne,10000,2742,25.18943927377138,-49.54570777314403,4.0,B0BDH3VXRQ
fitsne,10000,2743,17.863375800218893,-44.08190439948313,5.0,B07FKYHTWP
fitsne,10000,2744,47.41048872883073,10.52446635211439,5.0,B07N8VFFNS
fitsne,10000,2745,30.696246295947187,-42.9940646256525,5.0,B00N5828GS
fitsne,10000,2746,18.24156402314169,-10.013529968179293,4.0,B01J94SWWU
fitsne,10000,2747,27.887527108286264,-27.82960759167075,5.0,B007T356BO
fitsne,10000,2748,-38.9254179303232,14.349427851992797,5.0,B01J2G4VBG
fitsne,10000,2749,60.70403615126051,-24.92080518447659,5.0,B00OQVZDJM
fitsne,10000,2750,2.6502153114447564,-59.82462991831875,4.0,B0BZVGQ1M3
fitsne,10000,2751,-0.3057097605640191,53.10243071396171,3.0,B00Z7Y7WRI
fitsne,10000,2752,-12.202572423671514,20.338403639197317,3.0,B001P05OFU
fitsne,10000,2753,55.53368015597853,33.5488614966116,3.0,B07ZPPZYTS
fitsne,10000,2754,-8.585845133264895,-54.365719508869155,5.0,B08XPWDSWW
fitsne,10000,2755,30.44993907060542,33.299925553704405,5.0,B071R4R5B8
fitsne,10000,2756,15.50005939021389,-29.35901815505131,1.0,B0BZJZKYST
fitsne,10000,2757,21.717464719064218,50.87178606520459,2.0,B0919SHYMH
fitsne,10000,2758,33.06741815350775,23.665914387913322,3.0,B07QYL62CZ
fitsne,10000,2759,-3.4118689301170817,52.48824628423468,5.0,B0051VVOB2
fitsne,10000,2760,14.930945385244922,-27.568771250319532,1.0,B09XYMSZLL
fitsne,10000,2761,-17.26270518314376,5.736422886999189,1.0,B00NH13YHK
fitsne,10000,2762,-9.104860024663326,-51.53074089273679,5.0,B002RB3DUE
fitsne,10000,2763,-52.81950852860671,14.54204675653461,5.0,B000GKD5PQ
fitsne,10000,2764,-16.258485633727553,69.80018552386194,5.0,B087Z5WDJ2
fitsne,10000,2765,-51.27612857867605,35.55945875661209,5.0,B08H1VGMCT
fitsne,10000,2766,-39.23324285282076,46.48232406727127,2.0,B0BCFFR6TD
fitsne,10000,2767,-19.064122867989028,53.32751366389818,5.0,B09277SKTV
fitsne,10000,2768,-16.059569220755535,69.89200452011009,5.0,B003NR57BY
fitsne,10000,2769,38.07073768812326,31.256190094707403,5.0,B00009R8WQ
fitsne,10000,2770,-37.190887221702056,54.001841201619634,2.0,B09VS4V18K
fitsne,10000,2771,-53.67603746519151,-18.35669430791125,5.0,B07V48GCZ7
fitsne,10000,2772,-51.29193655254972,35.58675010739454,5.0,B07GSQR6D4
fitsne,10000,2773,-25.00806084456055,25.119656325868185,5.0,B004WEP94C
fitsne,10000,2774,-25.376222811779044,-39.81008850572415,5.0,B074F246M9
fitsne,10000,2775,-30.03068404283766,39.605437868753754,5.0,B00LZSA736
fitsne,10000,2776,-36.03600277831956,-50.68703119850851,1.0,B08ZDF3WT3
fitsne,10000,2777,-9.98266754757379,-50.456516961681366,5.0,B01C6ESQM6
fitsne,10000,2778,10.067614365624493,13.998665460384146,2.0,B0C5LYQL9L
fitsne,10000,2779,-18.075743341114865,45.32171258511816,5.0,B015YEI8JG
fitsne,10000,2780,-30.53261266553569,53.34769486944836,5.0,B01NC0XJQW
fitsne,10000,2781,-28.876586221367752,40.12658391954491,5.0,B00G6E6YVI
fitsne,10000,2782,34.10632310107009,44.243872204414984,5.0,B00J63LFTW
fitsne,10000,2783,-11.818288049233542,-8.147260597881987,5.0,B003O3E588
fitsne,10000,2784,-25.45465537910176,-39.13428174562485,5.0,B06XYGK2NZ
fitsne,10000,2785,-29.176131927190294,-59.51862688310623,2.0,B014W3EJA2
fitsne,10000,2786,-27.482247557105012,40.68565343357823,5.0,B00E5TQ3OY
fitsne,10000,2787,-38.10628592742885,50.10168732615123,5.0,B00KT7DOSE
fitsne,10000,2788,-40.000879374531806,49.09468856483629,5.0,B018AX3OHO
fitsne,10000,2789,6.883875743624683,8.160004385125502,4.0,B0792GSLTF
fitsne,10000,2790,9.077797886705323,17.034691449571305,4.0,B0083UXMFO
fitsne,10000,2791,-44.27372603236643,-15.672256850221235,3.0,B005JBWX46
fitsne,10000,2792,-45.44678682365087,-22.970610770337714,5.0,B00108UNEY
fitsne,10000,2793,-17.488005964529737,68.89533360234526,5.0,B003NR57BY
fitsne,10000,2794,-15.142332382489418,50.349992748697474,4.0,B00BCHHZGW
fitsne,10000,2795,-53.843629359976056,-14.97473786179205,4.0,B07BN3MLNR
fitsne,10000,2796,6.319377002604009,3.662568645606906,2.0,B005DIBHCE
fitsne,10000,2797,-6.505217314515458,-59.84901145425256,5.0,B07CQMZVZ6
fitsne,10000,2798,-54.56216745833357,-8.035455281994992,5.0,B07D1XGQHJ
fitsne,10000,2799,-51.914732514284005,-11.515404055144678,5.0,B0019EHU8G
fitsne,10000,2800,-20.443429721171462,47.94903138290196,5.0,B0051E3BYM
fitsne,10000,2801,-32.511207386569225,52.58855071895494,4.0,B00DI12GSM
fitsne,10000,2802,-19.543717358129253,63.92641600846364,5.0,B004I1J80K
fitsne,10000,2803,-30.367025465729625,-18.162252410782685,5.0,B000N815XU
fitsne,10000,2804,8.353944340038396,16.267049624879604,5.0,B0B2KFXVGS
fitsne,10000,2805,-52.45878977176203,-6.164550636390365,5.0,B01F9RGWF0
fitsne,10000,2806,-42.71627676862939,28.916965731646293,5.0,B07CHJ1SLT
fitsne,10000,2807,20.083001165212615,35.11586844061717,2.0,B01MTYGQ11
fitsne,10000,2808,-13.286992859509223,12.365888232167485,5.0,B08BDRBYHC
fitsne,10000,2809,7.022227367253513,-12.314941187698958,5.0,B0C5YKWC5N
fitsne,10000,2810,40.18320447881271,18.03870374242562,5.0,B08D8KG472
fitsne,10000,2811,59.551263178975226,-14.179530647290106,5.0,B07Q39HCK1
fitsne,10000,2812,-19.71798589437207,-50.42645375969671,5.0,B09WWG19YS
fitsne,10000,2813,-22.154810945739595,51.205993236174336,5.0,B009AEYBYI
fitsne,10000,2814,47.39333104100163,37.661363629863935,5.0,B01E3TOP5Y
fitsne,10000,2815,-11.908462912475182,14.289240764273208,5.0,B07K7GQTSB
fitsne,10000,2816,11.745518667799297,38.32603185567316,5.0,B08XYKH44H
fitsne,10000,2817,41.97227068560308,1.821412934688776,5.0,B01M4NU4OM
fitsne,10000,2818,-24.247344191200185,25.48483385823117,5.0,B00EO96W2I
fitsne,10000,2819,23.111027303536115,-31.106989940500533,5.0,B00SO25G0K
fitsne,10000,2820,27.590211540062697,-6.9204193253690685,5.0,B07GRWNQ4M
fitsne,10000,2821,20.519643057630844,5.814791308198569,3.0,B08Y85SYG4
fitsne,10000,2822,11.14920367243414,-30.09832243831563,5.0,B00QUG4XL0
fitsne,10000,2823,49.854849352362294,-40.14792413463545,5.0,B07P374FF3
fitsne,10000,2824,21.198068081220764,46.69390247470634,5.0,B07YZ7SQKL
fitsne,10000,2825,-22.947900438217015,-21.172179104992775,5.0,B08F9ZCTCL
fitsne,10000,2826,4.472942494597076,-65.11208818707998,3.0,B0BL78QGLK
fitsne,10000,2827,-19.316183259542385,-71.81135312527005,5.0,B07NXDPLJ9
fitsne,10000,2828,47.81471671679621,37.6987582468637,5.0,B07TVWZM5B
fitsne,10000,2829,-15.353830896556039,25.202105469255876,3.0,B07Q5R22DV
fitsne,10000,2830,-7.924439898454664,-73.2325232970712,5.0,B089B4CFSC
fitsne,10000,2831,-13.21036498744865,-74.89398403569118,4.0,B09JQMJHXY
fitsne,10000,2832,33.53517282433452,-18.94205882613466,5.0,B09KXJBNGN
fitsne,10000,2833,-26.015361131466666,-34.375508980640205,5.0,B0BJQ8TH85
fitsne,10000,2834,-32.66250985795848,44.49123733256459,5.0,B01N5XPZ49
fitsne,10000,2835,-19.22373000042021,-66.34213433207549,2.0,B07X3WB7D8
fitsne,10000,2836,47.59049755932188,-24.538472596926617,5.0,B07ZZVX1F2
fitsne,10000,2837,2.5351896355165198,-68.02191691935121,5.0,B08K2S5B88
fitsne,10000,2838,35.22646454884764,-37.519783268325824,4.0,B005EVDRZA
fitsne,10000,2839,50.40060786796252,-35.62861184304471,4.0,B08ZSBSJHY
fitsne,10000,2840,-27.600650766462298,8.919758180158711,3.0,B005GYK6MW
fitsne,10000,2841,-37.56150833132646,12.958689843291566,5.0,B07YZPVQXT
fitsne,10000,2842,-4.270826155126672,-61.43412867258225,5.0,B09BYXSPTP
fitsne,10000,2843,17.665337764723496,-13.33835082476019,5.0,B0BJPV4RXY
fitsne,10000,2844,-13.793135924880962,4.639538970345725,1.0,B07CTX3KWG
fitsne,10000,2845,-7.818648442861582,-62.82003678825906,5.0,B09F3RBZB6
fitsne,10000,2846,-31.555726500944466,-15.958037424031879,5.0,B09Q7YPZPJ
fitsne,10000,2847,-12.320888064645024,16.60139943439828,5.0,B08RLW7918
fitsne,10000,2848,5.367359874406003,15.098785784049014,4.0,B0BL3B12HK
fitsne,10000,2849,42.47801337314695,21.54844280183778,1.0,B00DR0BOSC
fitsne,10000,2850,28.601477257396855,-20.331029589840686,5.0,B09TZKM847
fitsne,10000,2851,24.205742473124566,48.38172316888609,3.0,B071XCBTY9
fitsne,10000,2852,-29.656028790976183,-43.224059294410175,3.0,B00FGUSHSQ
fitsne,10000,2853,-11.163650084434094,26.317427396550524,1.0,B07324B77V
fitsne,10000,2854,6.242398837777034,37.715969809712576,5.0,B08GKLM5T1
fitsne,10000,2855,-6.011644673984089,-12.714548660607559,3.0,B083Y4S579
fitsne,10000,2856,-43.43318443613925,8.709356540498419,5.0,B0BPHRQH8B
fitsne,10000,2857,11.431979612904707,1.8464547028471534,5.0,B09SKP8XQN
fitsne,10000,2858,28.08384611426771,39.161742290430894,5.0,B09WDCQ4TG
fitsne,10000,2859,50.36521655397776,43.72199325735244,4.0,B0B99KN5PN
fitsne,10000,2860,-42.97504156264173,11.666563343726871,3.0,B08TRLHMGV
fitsne,10000,2861,22.973911502807304,45.919653598574165,5.0,B07X6SKXQG
fitsne,10000,2862,44.3030634954661,-14.362808325562977,5.0,B01BL7C5R6
fitsne,10000,2863,-46.736202611206245,-10.905915556281197,5.0,B082M34LGX
fitsne,10000,2864,-28.48418235542896,12.89405665474154,5.0,B01DZZM7KM
fitsne,10000,2865,-9.347365859705889,-25.23253491075043,5.0,B0792K2BK6
fitsne,10000,2866,-23.321336923666955,-23.529428315723543,5.0,B07GZFM1ZM
fitsne,10000,2867,59.934497916583965,-38.270518886971566,5.0,B00CX5P8FC
fitsne,10000,2868,-37.9844003386233,-22.30205595565514,5.0,B007JPCL88
fitsne,10000,2869,35.616575077061384,11.993746368937318,4.0,B009XE050O
fitsne,10000,2870,47.180731118445706,12.807995836882384,3.0,B073R6HLFL
fitsne,10000,2871,-0.5981038655751502,-43.898103610736804,5.0,B004TU5MCS
fitsne,10000,2872,19.97232120174557,5.132461125937841,5.0,B07ZQHT7YJ
fitsne,10000,2873,22.52333132132939,-52.10333197853151,5.0,B08KRC18S8
fitsne,10000,2874,5.591671025842224,5.291399541862757,5.0,B06XCBK7WB
fitsne,10000,2875,6.921382924196226,25.31464032101722,5.0,B01B6FBG0K
fitsne,10000,2876,-28.96801878829434,-50.29180762900017,1.0,B01M3ULMWP
fitsne,10000,2877,36.59379664177743,49.029907605139215,5.0,B07YXTTD61
fitsne,10000,2878,64.36760993230293,-23.809948460646172,5.0,B07W36WN5X
fitsne,10000,2879,47.264088899432224,-37.16409641818653,5.0,B08GZ7N6M6
fitsne,10000,2880,0.8175657518397633,-11.307705426557932,5.0,B07KQ2TLXF
fitsne,10000,2881,29.35934862382478,44.540781374234236,1.0,B0B6D5X24N
fitsne,10000,2882,19.126344949020947,-22.820638717309983,1.0,B094G3PS2W
fitsne,10000,2883,33.34957210759374,54.712328868496456,4.0,B0C65PM6LG
fitsne,10000,2884,-14.554357881348775,35.28444947822827,4.0,B077C6VSS1
fitsne,10000,2885,-46.5300828910152,-8.580882977013248,5.0,B00XWIX5MW
fitsne,10000,2886,9.356334842986817,39.98824369169904,4.0,B00G8MMQI8
fitsne,10000,2887,-5.79069334470937,65.23628887879714,2.0,B001E25JMM
fitsne,10000,2888,44.77130399081618,-13.439518604761261,5.0,B06XF6BJ3L
fitsne,10000,2889,53.82531113523861,8.281766768819447,5.0,B07NP2DPP7
fitsne,10000,2890,24.430134533535032,17.720451942123308,5.0,B06XKF5CM9
fitsne,10000,2891,-22.920628131526932,44.148624918879214,3.0,B00YLM3WB2
fitsne,10000,2892,-41.46557179877046,-7.514284369309135,2.0,B00821B9B8
fitsne,10000,2893,13.93849852453558,-16.91960318760381,5.0,B01HZ7FJ0G
fitsne,10000,2894,21.26011139521564,48.80834960627353,5.0,B09JSS2WYC
fitsne,10000,2895,-15.831501461194046,-44.536025968980404,5.0,B094YFRL85
fitsne,10000,2896,-58.027182449895356,-20.54782173701479,3.0,B084PCDJT5
fitsne,10000,2897,-19.126587108951995,-45.19423447091289,5.0,B01HB18J0I
fitsne,10000,2898,-4.255128342318997,-65.35511187147543,3.0,B01C423L5M
fitsne,10000,2899,-5.313890626444208,-43.4686708824387,5.0,B0110RZ0A6
fitsne,10000,2900,-2.692546906188967,41.63658696353515,3.0,B001F42MKG
fitsne,10000,2901,9.72236055099049,20.667585019996558,3.0,B00A3EIHQC
fitsne,10000,2902,46.043891620402135,31.373288409920455,5.0,B07KX1668K
fitsne,10000,2903,21.951488304040293,18.113469013843385,3.0,B01HUMI33Q
fitsne,10000,2904,38.113184590397346,48.91246898637399,3.0,B01GC6MOOA
fitsne,10000,2905,1.236393277617743,51.834650261786386,3.0,B07KS9K73R
fitsne,10000,2906,-27.333742937637187,-10.873071242396376,2.0,B001TUYTWA
fitsne,10000,2907,37.31995352101546,26.873861165173818,5.0,B01LXL7BUI
fitsne,10000,2908,-48.66769052248938,8.981374862945053,1.0,B0C9DBV55F
fitsne,10000,2909,-55.34955794661644,-5.960681783229884,1.0,B076JL8YH3
fitsne,10000,2910,3.61145838538892,-65.96720321662369,4.0,B094Z5DQJ5
fitsne,10000,2911,-4.490905728668342,-66.70045741680387,4.0,B0BWYJDBYQ
fitsne,10000,2912,-34.009241880157525,-28.796814487928856,3.0,B01CW4AR9K
fitsne,10000,2913,17.963115276514518,22.985220704372054,5.0,B01LXG2LJQ
fitsne,10000,2914,50.40391749903027,-35.62848700967574,5.0,B079SCW1X8
fitsne,10000,2915,-16.787410558787855,14.034125405110814,1.0,B0864SF4GC
fitsne,10000,2916,-2.1735982135877716,-19.590991685410717,1.0,B0B39F2QC6
fitsne,10000,2917,25.13576318274299,-16.445649663449906,1.0,B07QC4WTNC
fitsne,10000,2918,19.544325704156094,-37.918920400140344,1.0,B07RQ3SWKY
fitsne,10000,2919,-51.77036475181554,4.625223099134743,1.0,B0BTT1Z16D
fitsne,10000,2920,-2.158485524070416,-70.92622027924912,1.0,B08XPWDSWW
fitsne,10000,2921,43.69176235511662,-23.23633957365846,5.0,B08ZXR6BB2
fitsne,10000,2922,8.974837136463098,-28.608396167871536,1.0,B07W14ZBWP
fitsne,10000,2923,-18.227809961003146,-15.022062459113693,1.0,B07Y84NDYQ
fitsne,10000,2924,19.584706916479416,-21.12951423398545,1.0,B073HR91MX
fitsne,10000,2925,54.28765120038776,-23.04968155872071,1.0,B01MZG8DHI
fitsne,10000,2926,25.089709665899587,7.714481973509166,1.0,B07RN77YL6
fitsne,10000,2927,19.044790818759306,-22.54728500849061,1.0,B07SKFQQ48
fitsne,10000,2928,-43.68180752188441,13.779546700708885,5.0,B07S8NFZCX
fitsne,10000,2929,-13.892780364882316,-21.041724047056082,1.0,B07GZFM1ZM
fitsne,10000,2930,-3.7581992070243717,-39.06340837991372,1.0,B07456BG8N
fitsne,10000,2931,24.63440755504419,4.632797173549039,1.0,B01MTOSEFH
fitsne,10000,2932,8.94990194621196,-28.580758658955748,1.0,B010UR6JUM
fitsne,10000,2933,-37.63497063759284,-3.2877133501492364,1.0,B01KSTSV76
fitsne,10000,2934,16.7333804527424,-22.874704083202563,1.0,B00KOHS6UK
fitsne,10000,2935,25.68224664580812,3.5066629509071725,1.0,B00B0ZAPK4
fitsne,10000,2936,-19.79119223186319,-9.968520514288937,1.0,B0105UYPJ6
fitsne,10000,2937,30.837529601468486,40.220886863808516,2.0,B07GK3LQVC
fitsne,10000,2938,-70.61624671825629,-21.175204515414904,1.0,B00MI7JU72
fitsne,10000,2939,-12.551988361957312,26.54178433200404,1.0,B01M05OZJT
fitsne,10000,2940,18.670953343181274,-21.67060198083249,1.0,B015E3FRY6
fitsne,10000,2941,-25.953921059295514,-3.2091232158956093,1.0,B00ZVJAF9G
fitsne,10000,2942,22.871267054062564,-26.87823137793373,5.0,B00E362W9O
fitsne,10000,2943,-27.325303888970875,-11.605341806928879,1.0,B0090BTY8Y
fitsne,10000,2944,-56.93431564990961,21.67578932514444,5.0,B092DD5L2V
fitsne,10000,2945,-30.69490253329533,-24.464584434954585,5.0,B075X8471B
fitsne,10000,2946,2.0091487131079604,-59.40164747581216,5.0,B08V47HYBW
fitsne,10000,2947,-13.066491786061693,49.900355431541804,5.0,B01K1IO3QW
fitsne,10000,2948,-2.0595287459555798,12.670337506575791,5.0,B00OQVZDJM
fitsne,10000,2949,-38.608655790989225,23.146551431044234,5.0,B005FUKLHM
fitsne,10000,2950,-7.026533682139963,-13.015961501071141,5.0,B000MXWSYQ
fitsne,10000,2951,2.533995183171462,-53.31674876159092,5.0,B0097BEEF0
fitsne,10000,2952,44.037603120667875,-5.608523374318546,5.0,B097QW23XR
fitsne,10000,2953,7.753595049526489,-3.2744492612143765,5.0,B0BRP2V3P1
fitsne,10000,2954,-47.52126655047709,3.253678450398078,5.0,B0BNL1V25R
fitsne,10000,2955,-16.488869311783947,3.341940641069493,1.0,B0BJVBTZ4K
fitsne,10000,2956,-49.384342434237624,2.0801527699884064,5.0,B0B55P1FXW
fitsne,10000,2957,-45.4289809785376,1.8730790692426715,5.0,B01FJCSOGK
fitsne,10000,2958,-52.50225245749825,5.987665610603459,5.0,B09L75PVXT
fitsne,10000,2959,-46.62907808322909,9.075274698782954,5.0,B0B49LT7BT
fitsne,10000,2960,-44.96959528894545,3.59704103267448,5.0,B0BGB66N4G
fitsne,10000,2961,22.54046294256921,51.528889242170656,5.0,B094X7HC69
fitsne,10000,2962,-17.536262495082212,8.167720098513776,5.0,B088KDKNWM
fitsne,10000,2963,-27.25055946507414,-17.209624025533188,5.0,B0846MH1CJ
fitsne,10000,2964,-0.41817267943507047,-57.32351611959602,5.0,B07X5NM5BP
fitsne,10000,2965,8.906893068216515,39.150588252181905,5.0,B07ZWTMNDP
fitsne,10000,2966,-20.293300360202775,-47.39198571079999,1.0,B07X23N387
fitsne,10000,2967,8.52716010858415,43.72602201274675,4.0,B07T64VJQT
fitsne,10000,2968,-7.839690840629055,-14.181804699760207,5.0,B07DQQPF1T
fitsne,10000,2969,-9.169034106665581,19.431496267604132,5.0,B07JD4C1LS
fitsne,10000,2970,-49.5701823730161,34.677419284870155,5.0,B07GJPFR6L
fitsne,10000,2971,0.942328889545623,31.01050299730029,5.0,B07JVN1MSN
fitsne,10000,2972,-20.916598801690345,69.93695893863826,5.0,B0BC2STR39
fitsne,10000,2973,0.281381074428896,31.475329217585344,4.0,B07HQ9GCMY
fitsne,10000,2974,-9.275773253105179,4.454835939832466,5.0,B071HN7FB4
fitsne,10000,2975,-19.18222460669857,-51.27478456909721,4.0,B0783QYFK2
fitsne,10000,2976,-18.971571896583033,-42.276941907753276,5.0,B06XFTNSCT
fitsne,10000,2977,-23.800421164992603,-47.31576895269921,4.0,B06XF9DTSJ
fitsne,10000,2978,47.11393564090308,43.34289436787084,5.0,B071W8TY6H
fitsne,10000,2979,-7.305350624345318,-10.581525912098398,5.0,B0754KJQZ4
fitsne,10000,2980,-13.136409055191093,-66.79402756376203,5.0,B09TWYBW14
fitsne,10000,2981,45.71278905549131,40.76529432968784,4.0,B083G9MW65
fitsne,10000,2982,-14.462531134467303,51.40841680944826,5.0,B06WD61CF5
fitsne,10000,2983,6.185730053593008,25.56577462558881,5.0,B01JNKT0RG
fitsne,10000,2984,-1.0776937899351884,54.688721512821154,4.0,B01GE9R0J4
fitsne,10000,2985,-6.1606242042639145,12.74954852709101,5.0,B0B1S5LBRQ
fitsne,10000,2986,-32.298448021577656,32.55599713125728,5.0,B01F3R9DP2
fitsne,10000,2987,-14.270135936805955,-65.21077139296729,3.0,B01H7HQ71E
fitsne,10000,2988,-12.587567713434535,-66.3298592565281,3.0,B011A49BYA
fitsne,10000,2989,-19.742984160405154,72.85883611617766,4.0,B01AZC3RCK
fitsne,10000,2990,-14.713977440290464,45.80133798476326,3.0,B015XK1O6K
fitsne,10000,2991,-26.41789188976127,24.307112599269292,4.0,B017AED6TA
fitsne,10000,2992,-59.36388167266944,38.95615501234828,2.0,B013SKI49W
fitsne,10000,2993,-1.4749843534392784,-63.778422756146355,3.0,B00FO0IHMY
fitsne,10000,2994,-60.356911192084944,-15.094384349872527,2.0,B00BK0YRZS
fitsne,10000,2995,23.859623792191652,49.28930070659239,5.0,B00NWE9ZNE
fitsne,10000,2996,-24.071899411517943,23.818656964087754,4.0,B00CF7M7RA
fitsne,10000,2997,22.84470472156011,51.15603963223649,4.0,B00JAZGUBE
fitsne,10000,2998,19.09347520916335,51.455071420578605,5.0,B008HY8XTG
fitsne,10000,2999,23.35016452301494,51.4009599719576,3.0,B002L6NG0W
fitsne,10000,3000,40.159072327449266,35.79362036649766,5.0,B005X64OT4
fitsne,10000,3001,-23.69372712643044,-54.57092907121831,4.0,B0042X8XJ6
fitsne,10000,3002,-36.91558925605171,-36.1760006480415,4.0,B002RL8J8K
fitsne,10000,3003,-30.994209253169025,-19.975007272668545,5.0,B089B6LTLV
fitsne,10000,3004,33.31775831933631,28.425142090863446,5.0,B08LD5BTLJ
fitsne,10000,3005,51.85847527307363,42.52142788164232,4.0,B07R8C7LS1
fitsne,10000,3006,-34.40431780792926,9.371621052085846,2.0,B0BVY4JVNG
fitsne,10000,3007,-0.48163667296656204,-24.734391338757852,5.0,B07GWGGZLQ
fitsne,10000,3008,55.022395793736116,-12.22390721351186,5.0,B075ZQXB26
fitsne,10000,3009,-1.5079077279930777,-24.482063744841962,5.0,B07GZFM1ZM
fitsne,10000,3010,-33.640640375542304,27.603024668155662,5.0,B07P5GM4Z2
fitsne,10000,3011,51.607458460005525,-29.325543670120535,5.0,B07PC1DGYY
fitsne,10000,3012,30.994935607292643,2.3968922973441606,5.0,B00KCZSLHC
fitsne,10000,3013,52.02735896523598,33.32082057718762,5.0,B01JOOM9GK
fitsne,10000,3014,-46.34704933000212,-3.4025347539486015,5.0,B00009W3FR
fitsne,10000,3015,22.962884909058545,-38.38987782091497,3.0,B07DC4RZPY
fitsne,10000,3016,11.453823555552816,36.501678229763165,1.0,B09NVQQCS1
fitsne,10000,3017,-46.02615941042576,8.620676660955557,5.0,B0BKR7WJK1
fitsne,10000,3018,40.758936498509236,-29.329874305764758,1.0,B07Q38RQG7
fitsne,10000,3019,-38.84808544266782,-45.65325191870944,4.0,B019Y5OGNS
fitsne,10000,3020,-0.2669077009941907,-64.9327525882168,4.0,B00KHA1ZTS
fitsne,10000,3021,-4.081753455470475,64.68734441027432,5.0,B002C03AIA
fitsne,10000,3022,11.796062152552418,51.602309668145224,4.0,B004PBLR3O
fitsne,10000,3023,-3.041594033309944,10.456826813878155,5.0,B074D5Z4P2
fitsne,10000,3024,-7.437366848270581,-12.117851543218505,1.0,B0002Q7I2U
fitsne,10000,3025,32.82362545705202,24.111234444410073,5.0,B008GGH4FY
fitsne,10000,3026,7.7117733118770655,62.647394671108685,5.0,B006GWO5WK
fitsne,10000,3027,-12.746733250804782,49.47938088467551,5.0,B009D7BJR4
fitsne,10000,3028,51.049235053442175,36.683321062176105,5.0,B0BZHJFFQ5
fitsne,10000,3029,33.783280971770914,18.60622251695145,5.0,B08VHZDMYC
fitsne,10000,3030,50.17353865267788,29.44959416808653,5.0,B06ZZY4VNW
fitsne,10000,3031,-0.9741213811849377,56.614577234177496,5.0,1400501466
fitsne,10000,3032,36.44705550347793,15.651239453025456,4.0,B0BGP6X9NF
fitsne,10000,3033,40.206961713526695,39.628319214254326,5.0,B07DPDT6LC
fitsne,10000,3034,-16.973813941590244,-10.58749387682608,5.0,B0B285L64J
fitsne,10000,3035,-42.381197539534575,-5.7626936884621465,5.0,B00IQXZXSW
fitsne,10000,3036,25.714164905249582,8.235896530558442,3.0,B00S5BNIX2
fitsne,10000,3037,-25.75648650471626,-34.45800388681802,5.0,B00CO07C5U
fitsne,10000,3038,-36.09792270952042,50.372460620181116,5.0,B00AA9Q94C
fitsne,10000,3039,-32.01619650591305,-55.32133166932794,3.0,B006C13X4Q
fitsne,10000,3040,15.39491900736384,-6.198185906070895,5.0,B09PN77YZV
fitsne,10000,3041,-29.097102660277702,10.015952312864957,5.0,B000GABK8K
fitsne,10000,3042,-6.877012230893334,-51.325381247021774,5.0,B086ND88S1
fitsne,10000,3043,-16.271567024945295,-50.596773445199794,3.0,B079GPYJ3N
fitsne,10000,3044,66.16934078288108,-29.88164215657754,2.0,B07JPC1M9H
fitsne,10000,3045,41.3969907964964,-2.003584814946891,5.0,B07C64MGWQ
fitsne,10000,3046,35.97249570955463,-24.366317664123628,5.0,B07QQBVRVS
fitsne,10000,3047,-24.806507134160423,-35.26751990202585,4.0,B07D4734HR
fitsne,10000,3048,-6.32320822065163,-44.54807244521735,5.0,B07CT1X8V8
fitsne,10000,3049,36.30312502521661,-46.152846321594765,5.0,B07DNZZCPX
fitsne,10000,3050,55.8109734715254,-10.588579490058994,4.0,B07G5YXYFL
fitsne,10000,3051,24.6842464234692,-46.08685697628796,5.0,B001W26TIW
fitsne,10000,3052,2.0908060324319595,-12.797682659411063,5.0,B07DQF8LHL
fitsne,10000,3053,45.816992647522305,-39.10721511440775,2.0,B07FJGGWJL
fitsne,10000,3054,-14.714497409882663,-44.36908778499557,4.0,B01HL8LXQ8
fitsne,10000,3055,25.55739973298314,-49.54726462209388,5.0,B07DNSZPXG
fitsne,10000,3056,26.717559686742106,-11.8597449577937,5.0,B07TM7WR7G
fitsne,10000,3057,55.731256061785565,-10.500366610141038,5.0,B07M93Z1NT
fitsne,10000,3058,36.27463605748985,3.8225890887831238,5.0,B07MV5B9XC
fitsne,10000,3059,-51.15712000573134,-10.054758916286051,5.0,B07CHLYDJP
fitsne,10000,3060,24.37122287040288,4.269271543258454,2.0,B07KHZ3GMS
fitsne,10000,3061,47.50878406608898,11.397626605854773,2.0,B0C19LF9N1
fitsne,10000,3062,-6.970381174663032,-51.29943556563378,5.0,B01NAYSJZP
fitsne,10000,3063,-31.087975848385998,-18.671049906095185,5.0,B079TSTB5V
fitsne,10000,3064,27.144063809645157,52.938418597878375,1.0,B09NKWBQHD
fitsne,10000,3065,28.51534327991295,-30.096229236081456,5.0,B01DRV2AS8
fitsne,10000,3066,64.3540684021768,-38.89905866559581,5.0,B00FZ1ABQM
fitsne,10000,3067,58.82776307316737,-15.133513799533153,5.0,B00F5JV4NS
fitsne,10000,3068,37.04023539997914,-24.14037150490234,5.0,B071K5BQPF
fitsne,10000,3069,1.569423233294655,-11.441212517273701,5.0,B0791TX5P5
fitsne,10000,3070,43.446032664799226,-43.436513861568145,4.0,B07G4B7RKG
fitsne,10000,3071,27.439956383451854,0.8660372104467646,3.0,B0B4274T5Q
fitsne,10000,3072,-19.372542977370088,18.929511113006974,1.0,B08F6GPRH6
fitsne,10000,3073,-22.131947010864746,18.184392680312175,2.0,B0C58WY192
fitsne,10000,3074,-22.090638753867253,18.159030764650765,2.0,B0C2P8Y25Y
fitsne,10000,3075,-29.89317500136992,52.38914660337067,3.0,B01K9HS4Q0
fitsne,10000,3076,-20.31449383547791,31.674652144254438,3.0,B01C8BZGKW
fitsne,10000,3077,-10.309796530375896,27.558543014007135,4.0,B001T9NVJI
fitsne,10000,3078,-4.744800488282781,-43.339422627491295,5.0,B00WUQ91YI
fitsne,10000,3079,25.552834496144058,2.618704241023885,5.0,B00WUR607I
fitsne,10000,3080,13.608505760968686,-32.77030213546157,4.0,B005NAQU1A
fitsne,10000,3081,-44.97288505183453,20.95715375275196,1.0,B001PUSERA
fitsne,10000,3082,-9.565021844369955,-21.425819649933246,5.0,B07S9THRC5
fitsne,10000,3083,-58.37845285584594,22.240730412681383,5.0,B0BX8DMYWL
fitsne,10000,3084,-12.761934104218215,-24.856999219572284,5.0,B07H65KP63
fitsne,10000,3085,-46.387640634257984,1.256077229810764,5.0,B0BC86L9C1
fitsne,10000,3086,-8.446846398123162,-31.68553986787187,5.0,B0BVB9MRK1
fitsne,10000,3087,-16.330385522803123,-33.62652516942802,2.0,B071GQM5VF
fitsne,10000,3088,0.41368408951237473,-19.497249363554207,5.0,B01K8B8YA8
fitsne,10000,3089,15.491544958232703,-10.088982660265883,5.0,B0B4SWZTZ1
fitsne,10000,3090,13.013557602746921,-1.7594176825674772,5.0,B07CLBNM1C
fitsne,10000,3091,-57.15036160657209,-2.242451291688825,3.0,B09PFQ4H5T
fitsne,10000,3092,-38.205901580590336,35.74913560725882,5.0,B092PWBV1D
fitsne,10000,3093,8.841057521199787,44.15343798898394,5.0,B0C5XFWQ16
fitsne,10000,3094,-2.0097525886453282,42.45514751293142,5.0,B09TND753D
fitsne,10000,3095,38.34392170804282,35.45849748486387,5.0,B07QG7FS3S
fitsne,10000,3096,0.5852828474978862,38.539547795898436,5.0,B07T3KCQ94
fitsne,10000,3097,-34.18272734375824,-28.866035683634294,3.0,B08FC1KJ8Z
fitsne,10000,3098,-39.16009369554927,16.011084497272105,5.0,B09G2SFXSZ
fitsne,10000,3099,-7.741385644910137,-74.66890995087158,5.0,B08D8PC712
fitsne,10000,3100,17.29404079782549,-48.16115503930382,5.0,B07RR5WZCR
fitsne,10000,3101,-17.489826285186815,41.82355761434214,5.0,B0BC89JP1P
fitsne,10000,3102,-39.15490631869572,-5.309265391029996,5.0,B017LSIXDE
fitsne,10000,3103,-11.750964436778274,-49.88666479005472,5.0,B0B59QBY9G
fitsne,10000,3104,14.523934156223218,-50.05320671440953,5.0,B01A0MTS3W
fitsne,10000,3105,-18.21815944643457,14.047549139213269,5.0,B08MRTZWJ5
fitsne,10000,3106,3.181104351519344,-49.98213646377674,5.0,B07GLXY253
fitsne,10000,3107,3.1711290798530585,-49.983803690958055,5.0,B07H3W1FD8
fitsne,10000,3108,-20.75797579049531,-49.47872758304467,5.0,B075K7JXFQ
fitsne,10000,3109,17.869780116790803,-44.037582335695895,5.0,B0B46FYQVX
fitsne,10000,3110,-48.50014323151306,-11.588281878890115,5.0,B07799Z6F4
fitsne,10000,3111,-18.10524976775291,21.522448679299657,5.0,B006WG5628
fitsne,10000,3112,-50.939706732891366,-9.214011392761687,5.0,B074W4N5HZ
fitsne,10000,3113,5.837529116444476,61.286463894822774,5.0,B08X2DCF2B
fitsne,10000,3114,43.94406008558142,28.769620700948145,5.0,B01L3YMW8O
fitsne,10000,3115,57.42663628927953,17.772654053059604,5.0,B00ZN07GBS
fitsne,10000,3116,38.645583093295734,-1.42611151198023,5.0,B00UBNCLGC
fitsne,10000,3117,-0.17323989355691422,-28.831642426598894,5.0,B00MW5Y7F0
fitsne,10000,3118,36.66962096349268,-15.698947457602873,5.0,B08MV8WRJZ
fitsne,10000,3119,37.617297793814146,-46.54933358970535,5.0,B01K5W753C
fitsne,10000,3120,8.500499169406355,1.9234819515242252,1.0,B075QC3TZY
fitsne,10000,3121,-36.953311761014724,-2.0379753397164144,2.0,B071JN93MK
fitsne,10000,3122,38.90861882758022,9.108487927787738,5.0,B08YMVB98D
fitsne,10000,3123,15.139154056762546,50.637755516488724,5.0,B0765VCQF1
fitsne,10000,3124,39.13846819404714,-4.222462964218331,5.0,B089F9YDFC
fitsne,10000,3125,46.430072246116424,-13.789897962927599,5.0,B08KZ1TZYB
fitsne,10000,3126,-17.506345717916926,41.30901529214751,2.0,B08N5DB78L
fitsne,10000,3127,49.413402156597456,-12.265283842793075,5.0,B0BWQ2D1YL
fitsne,10000,3128,49.4123604931202,-12.294183523216368,5.0,B0BWVDRR6L
fitsne,10000,3129,49.00672507623109,-12.518133165837991,5.0,B07CLBNM1C
fitsne,10000,3130,-16.066090032562787,-64.27674620179617,5.0,B0BM8P66Y5
fitsne,10000,3131,39.2294749712367,-17.164781775850514,5.0,B000WBN7KW
fitsne,10000,3132,39.229554401874076,-17.164713119353657,5.0,B0B6D4W3R7
fitsne,10000,3133,46.65590574840809,-16.385657292977353,5.0,B08HVMVP91
fitsne,10000,3134,-42.568207044344085,6.303222119545517,1.0,B08VWZRB92
fitsne,10000,3135,44.50100775390392,9.595545593291963,5.0,B0722RV8BD
fitsne,10000,3136,-5.025316623564233,-36.212618862327865,4.0,B00HEGP40E
fitsne,10000,3137,-35.00402783424165,51.77799393137762,5.0,B008422IL0
fitsne,10000,3138,-35.15921739100398,53.11337020019054,4.0,B002YK5OX2
fitsne,10000,3139,-28.92195609285141,16.18402828379679,5.0,B000UXDHNY
fitsne,10000,3140,-15.680041983950717,-40.390477109714105,1.0,B0BRKGDT42
fitsne,10000,3141,8.677733915903536,-0.8094000288650812,5.0,B0933BVK6T
fitsne,10000,3142,-22.482263973750918,-23.419615915539325,5.0,B0C3NMZ2C7
fitsne,10000,3143,26.5664909074725,49.414285467588485,5.0,B08HGHSZ8N
fitsne,10000,3144,-37.19199590066983,-40.01077927988868,1.0,B092LS2DW9
fitsne,10000,3145,-1.2645813717926107,14.296692376422442,5.0,B0B751K1LV
fitsne,10000,3146,31.229623129618872,31.69685593028946,5.0,B09W8XTYK3
fitsne,10000,3147,60.85244438085008,20.675369089165905,5.0,B01N0QQ962
fitsne,10000,3148,2.5703991166023585,-32.40565346141294,2.0,B08YF1VBYD
fitsne,10000,3149,-10.697519019448034,-32.75924461890857,5.0,B07WNGQ8KR
fitsne,10000,3150,27.35712312948083,9.068215840476025,5.0,B01ITOFEX6
fitsne,10000,3151,-22.357588122101543,-6.942442554817636,4.0,B01BEWBQDM
fitsne,10000,3152,5.163716042473313,62.86258513719482,4.0,B01BRWH8G8
fitsne,10000,3153,-0.7271039776777996,65.68205380764587,5.0,B00FJ8JC3O
fitsne,10000,3154,31.645328361871815,-38.61844415710772,3.0,B00G8B4JXE
fitsne,10000,3155,24.22007633144718,-12.86422531429813,3.0,B00DR0B31U
fitsne,10000,3156,-11.370445181142294,-3.6039035748213037,1.0,B00D7QH9PS
fitsne,10000,3157,-29.850985738224256,-24.232455357909995,4.0,B00BD8SZLE
fitsne,10000,3158,-19.91499610225244,-15.315151241771934,4.0,B00E0ITM6G
fitsne,10000,3159,15.168280415149928,-37.24493455483208,4.0,B07Y69FKM2
fitsne,10000,3160,13.135114148111752,-6.699165987151959,5.0,B0C3HNDTW1
fitsne,10000,3161,51.555831641558065,40.36391073426864,5.0,B07K3QSBW3
fitsne,10000,3162,-3.7940010377790996,-49.01571927648957,5.0,B076Z6MS5S
fitsne,10000,3163,20.745465440876977,39.65922973141887,5.0,B07G33WLL1
fitsne,10000,3164,-6.169270377728366,26.601033742439995,5.0,B082FBHMJV
fitsne,10000,3165,-23.155615009842894,-47.72730679256395,4.0,B097MBW35T
fitsne,10000,3166,-3.6693382081225328,4.226294033760794,5.0,B01LEXSQV6
fitsne,10000,3167,-65.57777444379072,-16.01523706787231,5.0,B07RKYQGG4
fitsne,10000,3168,-2.0898214623377496,-4.762294211037971,4.0,B071V7SV6P
fitsne,10000,3169,-14.2457555464848,20.121516425614974,1.0,B0C6JPB6N3
fitsne,10000,3170,-24.79037796752688,41.302489947140316,2.0,B07DRX79RY
fitsne,10000,3171,-9.02246418712645,21.08929542032982,5.0,B01B4J8OJ4
fitsne,10000,3172,20.1615836003374,-23.01604457039099,3.0,B004S55GWK
fitsne,10000,3173,-13.176843919554567,18.420921586549138,5.0,B0C16WKB95
fitsne,10000,3174,-32.82462669388897,-29.87315389393067,5.0,B082F13J55
fitsne,10000,3175,-10.098807276430174,-38.42158958625275,5.0,B07FKFMRGF
fitsne,10000,3176,-8.21529365627049,14.865307852245135,5.0,B07FZVBRDW
fitsne,10000,3177,13.54721132353895,7.674288592013549,5.0,B0B76XXRG6
fitsne,10000,3178,-11.586138973840448,-43.47716761194251,5.0,B0BKZQ9MYV
fitsne,10000,3179,38.39662021886462,-18.279387373901198,5.0,B09ZTXZ1MQ
fitsne,10000,3180,-25.16728398385568,3.957056351402512,4.0,B01LZDH3IR
fitsne,10000,3181,23.195840968810266,-5.206647705809042,5.0,B0BPG4DHF7
fitsne,10000,3182,-49.23710053394066,4.851799646971274,5.0,B0C177TK5Y
fitsne,10000,3183,-49.43503871694262,4.5481229280587705,5.0,B0C177TK5Y
fitsne,10000,3184,51.8380745143266,2.879437853053747,4.0,B095HVX3Y2
fitsne,10000,3185,11.993836305800889,34.15811167130174,4.0,B09SZNN6Y3
fitsne,10000,3186,-68.23983125547082,-18.754541564321173,5.0,B08D6XRT7L
fitsne,10000,3187,10.513832638798231,-35.13753358376999,5.0,B0B12M535K
fitsne,10000,3188,-14.098972839541366,48.69303929958273,5.0,B07BD4HTM8
fitsne,10000,3189,-38.18608295410327,-1.556441385131614,5.0,B078N74NXD
fitsne,10000,3190,2.263472525300689,40.78297306286066,5.0,B076MJW31F
fitsne,10000,3191,27.35612556147304,51.30166827438837,4.0,B06ZZGPD4D
fitsne,10000,3192,-3.103056054636139,-62.31305921936875,4.0,B076FBTHMD
fitsne,10000,3193,-7.735867287641964,-61.81274455228563,5.0,B0778PCW73
fitsne,10000,3194,2.1990626082820945,-58.81028400451289,5.0,B079MSMRDF
fitsne,10000,3195,3.755451508078523,4.745590953627075,5.0,B09BDZ5297
fitsne,10000,3196,15.802105868694426,58.793822455064394,5.0,B07RGNMCVM
fitsne,10000,3197,-17.67625799815477,-51.57763905002385,5.0,B072C77LPK
fitsne,10000,3198,-40.68525987579289,-4.320926719640125,5.0,B09PQQ4LZB
fitsne,10000,3199,-55.560176941521625,6.970746709474206,5.0,B085SGR1TV
fitsne,10000,3200,-55.52302400092361,6.992705792057064,5.0,B085S9XQ1X
fitsne,10000,3201,-31.097268026136646,-56.595783311233895,5.0,B089VT8KYF
fitsne,10000,3202,-22.07542297564319,-13.855639876720753,2.0,B0BV3NWX67
fitsne,10000,3203,-54.19808564797388,7.056568116901302,5.0,B07XS5W3BZ
fitsne,10000,3204,-12.695046654414229,70.95130377625487,5.0,B083R5QN26
fitsne,10000,3205,15.838513400677414,33.50622020646156,3.0,B08B3NKF9J
fitsne,10000,3206,-59.26071429315727,37.79299537102991,5.0,B083ZZ96PT
fitsne,10000,3207,8.070243897237537,1.2356476173613464,1.0,B07FCTF698
fitsne,10000,3208,-50.01639403828293,32.08939633026119,3.0,B07V4GJDLN
fitsne,10000,3209,-23.106783644643336,-16.364802698240634,5.0,B07CM5NZRC
fitsne,10000,3210,-33.65739407677628,54.27551185740791,5.0,B07NQ9Q3QT
fitsne,10000,3211,41.406406023243555,41.734096604148434,5.0,B07ZZ595TG
fitsne,10000,3212,-65.99578381845612,-10.122761489749891,5.0,B0BRT3SCLX
fitsne,10000,3213,-51.411442673510116,-15.390312191105282,5.0,B07QKZX6JS
fitsne,10000,3214,-5.457346479324472,69.36317034458823,5.0,B07K72MW7K
fitsne,10000,3215,-36.92008337284236,50.316224243949655,5.0,B07VLPLP27
fitsne,10000,3216,-25.123969138373464,35.886848759582925,5.0,B07P5R2D42
fitsne,10000,3217,-25.1238378956223,35.886566373736905,5.0,B08Q4PLP1Q
fitsne,10000,3218,-28.55120935203674,42.21669461310448,5.0,B09GFXT5LQ
fitsne,10000,3219,-0.20077245061906296,68.23677680120608,3.0,B07WZZXW7D
fitsne,10000,3220,-7.767636919411649,-13.767969044096771,3.0,B07DQYFCXM
fitsne,10000,3221,-54.05421783760376,6.947006976764703,5.0,B07XS83Y6N
fitsne,10000,3222,-57.85184791873677,21.026570017857768,5.0,B07QKPCWN5
fitsne,10000,3223,41.42796668298075,40.53503255618707,3.0,B07HCCGXZ6
fitsne,10000,3224,-11.495251237699549,-22.71974121041864,5.0,B07MLY3JKV
fitsne,10000,3225,-56.96117398467222,-9.26865230176043,5.0,B07STTXY55
fitsne,10000,3226,-41.39227260648369,50.6590037644225,5.0,B07N7HWP59
fitsne,10000,3227,4.643256441740149,42.50442365988233,3.0,B07JHPZ7NY
fitsne,10000,3228,45.138314262230736,42.846744794858026,2.0,B07RPV215N
fitsne,10000,3229,-3.434181336638011,12.496897542583262,5.0,B07JGSN975
fitsne,10000,3230,-15.764143746177398,-21.066966771583726,5.0,B07KTYJ769
fitsne,10000,3231,-10.81766674806031,-20.86125866688637,3.0,B07FQDMKFT
fitsne,10000,3232,-55.930536171446356,1.5099198220570154,5.0,B07DWD3NNP
fitsne,10000,3233,2.430553164962912,27.201216362296893,5.0,B07HP4QYKQ
fitsne,10000,3234,-55.277475136027775,2.3369391085230258,5.0,B07JMFQTC5
fitsne,10000,3235,-6.132181995292469,12.75913934581457,5.0,B07G3N7M78
fitsne,10000,3236,-16.218603405221124,20.380627641720704,4.0,B07B1B8W17
fitsne,10000,3237,-16.448658759355283,20.283971117882427,1.0,B09PZ9MMQY
fitsne,10000,3238,-65.30690874551061,-20.118246333514325,3.0,B0762QT7S6
fitsne,10000,3239,-21.35765463889044,-13.399320497677275,5.0,B01DU67QZM
fitsne,10000,3240,7.907330784056074,0.8692454396858468,4.0,B075QC3TZY
fitsne,10000,3241,-15.826186121922198,27.4689280894623,5.0,B073VJVS79
fitsne,10000,3242,-64.41073073513445,-19.17936374507527,5.0,B06XJNDYX8
fitsne,10000,3243,-38.68813103636762,54.12553677018239,5.0,B0BVH2C84P
fitsne,10000,3244,-38.894265843448395,54.22155631123029,5.0,B098RJMJTW
fitsne,10000,3245,-42.438423184491974,-27.592238039559174,5.0,B07D19HKXB
fitsne,10000,3246,8.2571864613833,29.417181298198923,5.0,B078HH3Z92
fitsne,10000,3247,-12.597776609392296,-65.3443738215255,3.0,B076K6QXF5
fitsne,10000,3248,-29.808228371482066,-15.613755460083992,5.0,B07BFTYT32
fitsne,10000,3249,-12.78607056989269,70.8117199909282,5.0,B076PMVZMR
fitsne,10000,3250,-14.622866492533793,48.47233982516303,5.0,B07CY79CKZ
fitsne,10000,3251,-48.0680883695143,32.95302154626554,5.0,B078JWNK19
fitsne,10000,3252,-20.537533979116407,-67.38719861557475,3.0,B076WTK9T8
fitsne,10000,3253,-39.81763395426055,53.008679861293224,5.0,B01MZC303G
fitsne,10000,3254,-69.88211747055963,-13.094274747394254,5.0,B077HD38VF
fitsne,10000,3255,-50.849185902821105,-12.581706735152387,5.0,B078N74NXD
fitsne,10000,3256,-55.04015963543928,7.27843591339911,5.0,B07BWMNQTY
fitsne,10000,3257,-20.191620310280385,24.440261775145565,3.0,B0B7N8S4T5
fitsne,10000,3258,-10.796315157737839,-23.565736016424108,5.0,B07CJZ5YHS
fitsne,10000,3259,-29.012174507632928,42.85770666804913,5.0,B01DZK3J40
fitsne,10000,3260,22.894050884296572,50.5725343004736,5.0,B071QWWPJY
fitsne,10000,3261,-8.748351799720885,56.840772005199355,5.0,B084Y41WCL
fitsne,10000,3262,-39.128061995948784,-37.16971274339518,5.0,B0BSDQJCWP
fitsne,10000,3263,21.490943923775014,30.02028467773122,5.0,B071FQFSR2
fitsne,10000,3264,2.1519799122068344,39.76036416958158,5.0,B07F9CQK4V
fitsne,10000,3265,18.696557063183135,61.077618110533436,2.0,B00ZTRYG3Q
fitsne,10000,3266,-53.023898520396315,12.637081471006692,5.0,B01NCUV35P
fitsne,10000,3267,-56.61637648761751,25.92749463720385,5.0,B06WP2Y7B4
fitsne,10000,3268,12.707069955440389,2.6118853078960096,5.0,B00JROCJY0
fitsne,10000,3269,-70.04179833957137,-12.929320790369847,5.0,B01EOQ61KI
fitsne,10000,3270,13.079146074492316,4.929757793143367,3.0,B0163JVYEW
fitsne,10000,3271,-53.90646917117546,33.843529058563796,4.0,B0BG9GCSM4
fitsne,10000,3272,-56.063392936189686,25.508518628737434,5.0,B01HDC21FE
fitsne,10000,3273,-48.932831649813714,32.25893200513283,5.0,B017PDWTJY
fitsne,10000,3274,-38.57404210797542,29.0077741895759,5.0,B07WNYRQPT
fitsne,10000,3275,-38.187417218944645,29.00263992722709,5.0,B01B448PBG
fitsne,10000,3276,-38.222172466126594,29.003757092035254,5.0,B015OV4Z0A
fitsne,10000,3277,-24.416137426778697,-13.21235299775455,5.0,B01KICHFQQ
fitsne,10000,3278,-67.95867080597941,-17.381732571011852,5.0,B01GPAOJJG
fitsne,10000,3279,-48.91988983702563,32.346187609211825,4.0,B01DBOX9HW
fitsne,10000,3280,-2.5892655686509816,-19.667162440684585,4.0,B01CEAYWZW
fitsne,10000,3281,-33.4874967290413,30.920156780678564,5.0,B07LBZNCPW
fitsne,10000,3282,18.322159146132822,61.44317385032098,3.0,B0182XHSVA
fitsne,10000,3283,11.678200455833995,4.691435219632362,1.0,B012D4MMPG
fitsne,10000,3284,-38.81317122239828,29.119276323345225,5.0,B082JQM2NZ
fitsne,10000,3285,-38.95817554151631,29.192413391795196,5.0,B09J74RPGH
fitsne,10000,3286,23.205493583154674,49.1072531154478,5.0,B012VOOCR4
fitsne,10000,3287,-35.69841925308415,45.12146018119366,5.0,B00ZCFYT5K
fitsne,10000,3288,-25.46900622229954,38.266916481603374,5.0,B00TKFEPHA
fitsne,10000,3289,-17.375424819861358,-72.32876684867105,5.0,B00ZBA3OSO
fitsne,10000,3290,32.87385092113291,8.927229503848038,5.0,B00R5VS6G2
fitsne,10000,3291,-69.30131285260292,-15.584348516949909,5.0,B099RZY28N
fitsne,10000,3292,-43.11948779400013,32.47640935701117,5.0,B00PAPMSLE
fitsne,10000,3293,-70.6419495301016,-12.723846952433522,5.0,B01EYGOOLQ
fitsne,10000,3294,-64.75771533752518,-17.56500667274985,5.0,B00ON7AX3U
fitsne,10000,3295,21.803705197201907,29.282160764153982,5.0,B00IU7COAE
fitsne,10000,3296,19.112015203539436,63.53015199003405,3.0,B00LNTM2HG
fitsne,10000,3297,-11.124177471237232,53.31823944843504,5.0,B00NGK92IM
fitsne,10000,3298,-25.92620343133829,-46.68077993468354,5.0,B01AS57B0I
fitsne,10000,3299,-25.173472325460946,-53.35706694506777,5.0,B00LSYHLR2
fitsne,10000,3300,-26.040697041842495,40.92962965734577,5.0,B00MBFPT3A
fitsne,10000,3301,-53.845613395520616,12.965055303466775,5.0,B00GV4UIVA
fitsne,10000,3302,21.98899772637323,29.532032863128862,5.0,B00FZ9SMVU
fitsne,10000,3303,24.07792375290923,50.26719123351956,4.0,B00EL8NIJC
fitsne,10000,3304,18.913939656999823,62.66549321220499,4.0,B00DQZT494
fitsne,10000,3305,21.262557778193223,29.88932710356712,5.0,B00DQZTS8Q
fitsne,10000,3306,18.810192098115564,63.18559801045053,4.0,B00DQZT0AC
fitsne,10000,3307,-67.67456053566227,-15.544920617806937,5.0,B00EXK14S0
fitsne,10000,3308,19.52664449200855,25.58460245809362,5.0,B071HQ3Z7C
fitsne,10000,3309,-35.84162365699955,45.342707014024015,4.0,B00AQRUW4Q
fitsne,10000,3310,8.033986111817622,43.264269099063554,5.0,B006422WSG
fitsne,10000,3311,18.918916227315705,62.74422471579383,5.0,B009WZRAQQ
fitsne,10000,3312,18.553837241721567,61.61837567255739,5.0,B008MF3OEY
fitsne,10000,3313,22.149727606745383,30.078723731513083,5.0,B008LURQ76
fitsne,10000,3314,18.87394530925574,63.13579747699321,5.0,B009X0167Y
fitsne,10000,3315,18.94688549394326,63.20969113327076,5.0,B009X01C64
fitsne,10000,3316,6.342840798627581,43.807273368084395,2.0,B07C3PQHC7
fitsne,10000,3317,10.210470230713199,66.62283004060812,5.0,B006GWO5WK
fitsne,10000,3318,6.715486546963946,43.46318081809121,3.0,B000CKVOOY
fitsne,10000,3319,-0.24411459704219338,68.24075285963872,5.0,B00G5D6ER4
fitsne,10000,3320,8.044632649992778,43.25827954061639,5.0,B006422BWS
fitsne,10000,3321,-0.34500056941599816,68.27230982923606,4.0,B004YIZXEC
fitsne,10000,3322,-0.010179775747631606,67.91264170691345,4.0,B007MD2DJY
fitsne,10000,3323,19.725351513461373,25.424418076292476,2.0,B06XKCPK5W
fitsne,10000,3324,-24.89463312984341,13.820319737979176,5.0,B005NESDDY
fitsne,10000,3325,21.36584403109124,29.809918731175074,5.0,B006N1TF7E
fitsne,10000,3326,-14.9052241826442,-33.754040836865784,5.0,B004M8ST5O
fitsne,10000,3327,-22.586675475499877,-45.928895233407495,5.0,B0054QNL38
fitsne,10000,3328,11.705448395067949,51.82058140627307,4.0,B07G98G3BV
fitsne,10000,3329,-51.09718987664359,-14.62058536702743,3.0,B07XG26541
fitsne,10000,3330,-53.74754271276912,-2.528818343042282,5.0,B07WGPTZHR
fitsne,10000,3331,-37.086731320283064,12.669507843569786,5.0,B01HRVABD0
fitsne,10000,3332,-62.38299254244427,21.713140976759195,5.0,B08WQ55H4Y
fitsne,10000,3333,6.343035258476969,7.995604624501256,5.0,B00CRQUKQ4
fitsne,10000,3334,14.413777848144466,40.34687177993096,5.0,B00C5H9QDI
fitsne,10000,3335,-15.373202629309871,-44.07232617504273,5.0,B00XI9QUOK
fitsne,10000,3336,13.104708252802356,-6.716048204763273,5.0,B009BKVYZK
fitsne,10000,3337,-36.503257631154106,6.457106153028895,1.0,B08QTLS3R5
fitsne,10000,3338,-0.35634140594929226,-61.22673994123162,5.0,B08LG67VW3
fitsne,10000,3339,-2.221042634117644,59.96022492154814,1.0,B07N8VFFNS
fitsne,10000,3340,-36.904297403220866,-1.9872050959796925,1.0,B0BXL16HVK
fitsne,10000,3341,-36.768620242690055,-1.8074528301634532,1.0,B0CB11DLHG
fitsne,10000,3342,30.759913876095506,7.865044860459212,5.0,B09GJJK9ZY
fitsne,10000,3343,11.10815829560932,43.615119651374826,4.0,B09YVMS3B1
fitsne,10000,3344,31.177659584634394,2.0315344142175906,3.0,B013FC2FKM
fitsne,10000,3345,31.038438003153384,-5.268220198832084,5.0,B077QS9KHC
fitsne,10000,3346,-55.189321363085746,0.7453455485873388,1.0,B0BZ15FM42
fitsne,10000,3347,-22.090257060784907,-16.472075998718257,4.0,B08ZKMJWJH
fitsne,10000,3348,17.27210982639173,24.330492094117762,5.0,B075RD4SCC
fitsne,10000,3349,-30.518084982526517,47.994278781144104,1.0,B07Q3VM5PH
fitsne,10000,3350,54.12649849298047,38.28166974675367,5.0,B07HMMRBGQ
fitsne,10000,3351,17.77182902135141,23.57592667332797,5.0,B006R0VWSG
fitsne,10000,3352,20.85172233593651,48.82207026236157,5.0,B07DS5H8LY
fitsne,10000,3353,16.22346812464941,45.94458244109029,4.0,B00ZZ3C6QS
fitsne,10000,3354,22.7274211995258,36.796767873460674,5.0,B013JZCAZK
fitsne,10000,3355,-0.15448995584305678,-69.50003490256003,5.0,B018DOWITK
fitsne,10000,3356,-45.92138480927826,17.195114136052275,5.0,B008FSAS06
fitsne,10000,3357,48.87506214454357,41.80551309230573,3.0,B09CTXCL6D
fitsne,10000,3358,-6.806336568181175,50.325852868090095,5.0,B09L4X16B6
fitsne,10000,3359,-19.935732167414777,29.417280028998565,3.0,B017WYDD1Y
fitsne,10000,3360,-19.96615404750805,29.541467151532697,5.0,B084KQMH6V
fitsne,10000,3361,-8.23196869420371,25.932607478684442,5.0,B088MCTLM5
fitsne,10000,3362,13.128244700436507,6.442055604151204,5.0,B08J79T7CQ
fitsne,10000,3363,12.86628240907831,-11.966383773516643,4.0,B0BSXSYLRF
fitsne,10000,3364,6.787550781676751,57.79603756609385,5.0,B010BWYDYA
fitsne,10000,3365,34.95663573242807,52.37352020095308,5.0,B0031MQMU6
fitsne,10000,3366,25.947598646702836,-1.1556305864763776,5.0,B08LZKCGQ6
fitsne,10000,3367,-16.350040262410175,-44.294489151523905,5.0,B09YDHLYRL
fitsne,10000,3368,-19.49973310334006,-44.72356300241608,5.0,B0BBMSYX16
fitsne,10000,3369,-2.7502289855228383,-77.03312151834854,5.0,B01CD7J968
fitsne,10000,3370,-9.863597705995899,-72.81178650044235,5.0,B0797CHKDJ
fitsne,10000,3371,-11.486475288970082,53.06101114519853,5.0,B00K4PAP06
fitsne,10000,3372,17.095927863016385,62.88081414996494,4.0,B00DQZQ5T6
fitsne,10000,3373,29.48845941925263,47.27922628086229,5.0,B009NPLXGS
fitsne,10000,3374,45.34367488202366,43.036074921948895,4.0,B01C7HZ47M
fitsne,10000,3375,43.15949502894281,35.27460230541212,2.0,B01522TOL6
fitsne,10000,3376,-63.899910403923485,-19.24518688293084,4.0,B00CF030S2
fitsne,10000,3377,-48.41684643988011,10.636951123821765,5.0,B005VBNYDS
fitsne,10000,3378,-22.62258739518496,-47.53286230250674,4.0,B00BLCLUQO
fitsne,10000,3379,43.34708746995753,35.71863314587598,3.0,B002VPE1WK
fitsne,10000,3380,-38.28455568618181,-17.03966278277192,4.0,B00187P1HQ
fitsne,10000,3381,-23.42460276589647,-46.750901234815174,5.0,B007XOQI4S
fitsne,10000,3382,-1.8430576888963868,-54.83121031027004,4.0,B0065VKQ34
fitsne,10000,3383,-71.01661737421243,-14.398134916503915,1.0,B000CRFI8A
fitsne,10000,3384,-31.381888502073444,-18.84926468442143,4.0,B0874YZVWK
fitsne,10000,3385,29.563718009565065,-42.35810648973914,5.0,B07Z9FFTG1
fitsne,10000,3386,-38.35732191371529,12.02488200652129,5.0,B09CPMSXHC
fitsne,10000,3387,25.910117639448103,-47.05858321949046,3.0,B09ZGWQ67Z
fitsne,10000,3388,24.210594903876373,27.66810263918905,5.0,B09FSZRG9Y
fitsne,10000,3389,8.238141633213996,-41.427945112631626,5.0,B09DPZ1578
fitsne,10000,3390,-35.36067530664831,31.37048650543051,5.0,B0BLTJMQ3W
fitsne,10000,3391,13.833947957794127,-37.335403977134554,5.0,B09Y5GR45N
fitsne,10000,3392,-17.321390742456128,44.99502066032472,5.0,B01N6SEXI5
fitsne,10000,3393,0.26526181243706504,37.93833311015137,4.0,B07JKWH97B
fitsne,10000,3394,-34.765185860279296,30.447293370817142,5.0,B084V9CJB1
fitsne,10000,3395,-9.20309676039441,-63.33470577160228,5.0,B07ZNBZCW5
fitsne,10000,3396,-38.11398823997966,35.714264265622035,5.0,B01NAVO5PF
fitsne,10000,3397,49.08568723031099,42.240714431060134,5.0,B07YFW6SKQ
fitsne,10000,3398,6.444330695486296,-6.231385866467152,5.0,B00SFSU53G
fitsne,10000,3399,37.62461484644764,-24.805480686041697,4.0,B00K4QX99O
fitsne,10000,3400,-69.82980663280416,-17.94537864250135,4.0,B07324B77V
fitsne,10000,3401,-18.65683023812754,13.69658124029259,5.0,B08MRTZWJ5
fitsne,10000,3402,48.29015727378894,-24.37920032756174,5.0,B01LH3DSB6
fitsne,10000,3403,58.793261722505186,-49.54915761376084,4.0,B008CQSDN0
fitsne,10000,3404,58.59857638067727,-50.61072434672697,3.0,B002AR5XIK
fitsne,10000,3405,64.61259824557408,-28.08137775326956,5.0,B000V3UX62
fitsne,10000,3406,58.762281939378596,-50.54282770566524,4.0,B00CE8DUYY
fitsne,10000,3407,58.53856843078972,-50.55683306407225,3.0,B0096PLB9O
fitsne,10000,3408,58.72944445358407,-50.61234762313056,4.0,B00BJH6A1Q
fitsne,10000,3409,48.19542127712011,-24.562337549875032,5.0,B00B0CQCCC
fitsne,10000,3410,58.466370497294314,-50.36891193713129,3.0,B00DSX557O
fitsne,10000,3411,61.13697881416441,-46.322481565062006,5.0,B00WY654TU
fitsne,10000,3412,-25.232861962827123,41.916748556852255,5.0,B008J0Z9TA
fitsne,10000,3413,-9.574542056000388,69.82625834663696,5.0,B0BXYXD1Q2
fitsne,10000,3414,-51.892367916789944,-8.546783390164284,5.0,B013EKI2DY
fitsne,10000,3415,8.920014608746513,35.1936774702266,3.0,B01AAZWQL0
fitsne,10000,3416,-36.96052277703233,13.055268378304174,5.0,B08HRK6RT8
fitsne,10000,3417,34.18206273098107,32.01714400264496,5.0,B07LGVQ8TC
fitsne,10000,3418,-3.1429054913894623,29.475431465818282,5.0,B07V2P6H3Y
fitsne,10000,3419,-45.965002339284204,5.355255807766981,5.0,B07K8G9142
fitsne,10000,3420,34.220679342698325,-18.209232427088608,5.0,B084DQY6TK
fitsne,10000,3421,-15.297533473914331,19.853225467535683,4.0,B08RLW7918
fitsne,10000,3422,35.59229833739342,-5.9896124462727665,5.0,B0BC7QQXX5
fitsne,10000,3423,16.142382020847922,-9.842647474479538,5.0,B0791TX5P5
fitsne,10000,3424,15.59901724672859,55.46043479305128,2.0,B0741WGQ36
fitsne,10000,3425,11.249056407219568,63.58279685797495,5.0,B08J9NQ6CS
fitsne,10000,3426,-29.887409177180622,7.662481704561989,5.0,B0083YCFIK
fitsne,10000,3427,12.752399982519293,40.94052019498245,5.0,B09VSZJHNV
fitsne,10000,3428,17.96196983359581,0.1984316605915368,5.0,B01EG5502W
fitsne,10000,3429,8.686932273972909,-51.39288665138525,3.0,B07JY97R2B
fitsne,10000,3430,5.286420121061707,-64.89823741506703,5.0,B01N4DUGHQ
fitsne,10000,3431,55.71123423070006,12.408675221420395,5.0,B09MT8LK6Q
fitsne,10000,3432,-8.973393179102073,13.647366223516547,5.0,B01G2AJ5W0
fitsne,10000,3433,32.71085683556801,20.24486436273027,5.0,B00902SFC4
fitsne,10000,3434,11.115715815752814,64.05719301177216,5.0,B0086829D4
fitsne,10000,3435,39.15667657766605,48.04415586389958,2.0,B07B65Q3RC
fitsne,10000,3436,-8.225008057664336,18.763334085982216,5.0,B0875M44Y5
fitsne,10000,3437,-21.927284533184782,68.77210079691201,5.0,B00MK24EUI
fitsne,10000,3438,-37.56233454250737,43.986694454660054,5.0,B0928VH1XV
fitsne,10000,3439,36.57144507755757,40.97236927193841,3.0,B015QTOS0C
fitsne,10000,3440,13.857039281596135,51.165639826635676,5.0,B00L661Z6U
fitsne,10000,3441,19.48382403933195,-38.27435134983943,1.0,B000Q37TBY
fitsne,10000,3442,-3.2769576699375893,-18.008175554680886,5.0,B079BZQ987
fitsne,10000,3443,-20.762889548448644,-19.707453108464044,2.0,B075X8471B
fitsne,10000,3444,-21.094457152126598,-2.327410885410282,5.0,B0153CASRY
fitsne,10000,3445,-56.149091630768886,25.48694636277057,5.0,B079Z981R2
fitsne,10000,3446,-38.00886133276957,-37.412710100846745,5.0,B007IPZDNO
fitsne,10000,3447,42.105309785143355,-43.43951340500015,5.0,B0001O04SS
fitsne,10000,3448,16.41517672042604,41.37844100481587,5.0,B000BJSEQW
fitsne,10000,3449,-11.255716674826946,5.418042806944886,3.0,B0001ZZ838
fitsne,10000,3450,43.20395048159114,20.521620655861557,5.0,B000OUS3A0
fitsne,10000,3451,20.54936797445747,-25.35758092965624,5.0,B002L6HE6E
fitsne,10000,3452,-30.727646356724005,29.30171041805658,5.0,B000P6MOG2
fitsne,10000,3453,-5.97034579605643,-44.936294265623296,5.0,B000065BP9
fitsne,10000,3454,-56.3020097220066,25.777603231047607,5.0,B0BZ5KPQZK
fitsne,10000,3455,33.98345449374861,25.95677844066677,5.0,B071L6FK53
fitsne,10000,3456,28.639246234813154,42.55330717367027,5.0,B00AX2DULQ
fitsne,10000,3457,44.9141996433563,-13.300541118572692,5.0,B00AX2DUQQ
fitsne,10000,3458,11.121136198226674,62.156998191476774,5.0,B010BWYDYA
fitsne,10000,3459,30.988596717756863,41.425197853252826,3.0,B06XPVC1BD
fitsne,10000,3460,-17.20895117442617,-12.15936619288075,1.0,B0BV3NWX67
fitsne,10000,3461,17.61311811153427,48.62304200705943,3.0,B08YNPQPR8
fitsne,10000,3462,-0.5350498741746484,13.117406031342833,5.0,B07VDPY2RL
fitsne,10000,3463,-12.537057060548078,-23.71226527706417,4.0,B07MLY3JKV
fitsne,10000,3464,13.838352006705536,-26.01726880334641,1.0,B0887X4XSD
fitsne,10000,3465,-29.85497775045134,6.8843158861703815,4.0,B08PQC7RKN
fitsne,10000,3466,-15.630800745895135,-21.060821121558924,5.0,B07KTYJ769
fitsne,10000,3467,-5.924570975187916,-42.758808531625014,5.0,B0792K2BK6
fitsne,10000,3468,15.73773974505443,48.45139172331646,5.0,B00WTPH5SO
fitsne,10000,3469,-23.4403066198922,-54.90767320497799,5.0,B098B43MXM
fitsne,10000,3470,-7.614775439533377,-23.028625876123442,5.0,B07H65KP63
fitsne,10000,3471,4.4763973599048885,60.48654864879206,5.0,B01M3ULMWP
fitsne,10000,3472,26.917330632623386,44.870335511955204,5.0,B0721MMN1M
fitsne,10000,3473,-16.43624856200769,27.567677134889475,5.0,B0C21131CZ
fitsne,10000,3474,-13.422519810641479,23.273731343199167,5.0,B0B5LCZY7N
fitsne,10000,3475,-10.839995849537164,-39.61199722589411,5.0,B0BLTVYRCF
fitsne,10000,3476,-43.643614198344125,-12.699977058605269,5.0,B08QHPDHF9
fitsne,10000,3477,-10.453174266353873,-39.83097512205839,5.0,B0C5WN1QFK
fitsne,10000,3478,28.963487885251958,34.3162504131156,2.0,B082B4WPNS
fitsne,10000,3479,-16.807517795139848,-69.11775661609339,5.0,B07G7VT8KQ
fitsne,10000,3480,-16.18731402526995,-75.1342584166045,5.0,B08PFW1S1V
fitsne,10000,3481,0.1314557957819561,-12.017445428578439,5.0,B0C5SBGRNJ
fitsne,10000,3482,-23.37021460411697,-37.56185352589521,5.0,B0BXWV8898
fitsne,10000,3483,10.136514222069133,-34.24831960116484,5.0,B001EZYMF4
fitsne,10000,3484,-23.551539729885945,-37.69225318389009,5.0,B089NDQJSJ
fitsne,10000,3485,-70.91832080466486,-15.784214070952897,5.0,B0BS2TMK39
fitsne,10000,3486,30.223152397632184,-37.46293645093691,5.0,B00TZAO9DK
fitsne,10000,3487,-20.579564950863077,-44.68600678215875,5.0,B094YFRL85
fitsne,10000,3488,26.15468475887861,31.77781236329146,5.0,B00RNGOHO4
fitsne,10000,3489,30.322405412451577,11.419813102797805,5.0,B01HCHVUOS
fitsne,10000,3490,-10.590585913162434,-37.87686402858055,4.0,B00ZVJAF9G
fitsne,10000,3491,-25.656745138527903,-40.605505947241674,5.0,B00B9B4IYI
fitsne,10000,3492,-25.382152848846058,-57.79395561895721,5.0,B001MPWMDA
fitsne,10000,3493,-42.05397729156028,33.40294608922707,5.0,B001LOP874
fitsne,10000,3494,-21.3860091727953,-32.701261967345594,5.0,B000EPHR0C
fitsne,10000,3495,20.252937157121277,35.31510451402216,4.0,B000FARNN2
fitsne,10000,3496,57.3340237225896,-12.63219248153218,5.0,B07725JKKY
fitsne,10000,3497,25.500970679402418,-49.54907960606032,5.0,B0BMGZXST9
fitsne,10000,3498,61.18366616710958,-25.99627890518323,5.0,B08HPFJ6J1
fitsne,10000,3499,50.53867748753933,21.53102661580446,5.0,B07PQJJMHD
fitsne,10000,3500,-1.3738566826209282,-75.50038324617132,3.0,B09F5PYV9J
fitsne,10000,3501,29.94783812921795,49.360661414616395,5.0,B081CDDL1P
fitsne,10000,3502,6.436378380256031,-63.00716355683898,4.0,B0BTLN9QH9
fitsne,10000,3503,-16.729719165837928,56.08458507534994,1.0,B00CRXZVGQ
fitsne,10000,3504,50.40189398465383,-35.62678009657479,5.0,B07L3RSM2L
fitsne,10000,3505,5.855466889140597,-6.049637841287585,5.0,B07K843CLB
fitsne,10000,3506,12.037026593279041,48.910655786342815,1.0,B00Y5IQ7HS
fitsne,10000,3507,-27.518809874218764,-53.86594351394278,1.0,B0BS1615YC
fitsne,10000,3508,62.96971864437534,-6.697657685520496,5.0,B01LYW41TH
fitsne,10000,3509,7.620417887319315,-25.008966232634727,1.0,B07KQL6J9Q
fitsne,10000,3510,-7.547161993937607,-54.716753016451165,1.0,B07WWNNC1J
fitsne,10000,3511,-21.574307463698016,22.371176064337693,2.0,B07GZFM1ZM
fitsne,10000,3512,-7.884361905548778,65.91030064326044,4.0,B0B4X15PCR
fitsne,10000,3513,-55.88097979523391,19.95323032910539,4.0,B0BNT7YX1C
fitsne,10000,3514,-45.978780869053445,-5.30272603114883,5.0,B0C493YD8M
fitsne,10000,3515,4.976598705655649,15.125112653076917,5.0,B0BR3HFB4L
fitsne,10000,3516,8.339399947613506,29.483021906417417,5.0,B0BMLRK2HT
fitsne,10000,3517,-61.55427864326002,13.098351348040275,5.0,B0BWHHJQQ9
fitsne,10000,3518,-15.499037129029006,47.5899253526598,5.0,B0C9F57ZG8
fitsne,10000,3519,16.56204881150199,35.263079244935845,5.0,B0C461JPR5
fitsne,10000,3520,17.09717169678215,34.95374064458749,5.0,B0C65RMTNV
fitsne,10000,3521,2.2330627078441943,31.52703217589687,5.0,B0BBZC1FTG
fitsne,10000,3522,-15.932224050475147,27.360121634746708,5.0,B0BM3581GL
fitsne,10000,3523,-2.954039734854677,11.296229322126674,5.0,B0BT76ZMN9
fitsne,10000,3524,-26.285984979982274,23.845158001606514,5.0,B0BVB5R4HJ
fitsne,10000,3525,26.48551391326827,38.45335457747642,5.0,B0BGX92F3J
fitsne,10000,3526,-22.311218949326587,49.35433637800134,2.0,B0C1GNZZ1M
fitsne,10000,3527,-48.7757822626218,32.11205092502625,5.0,B0BM8TJY8S
fitsne,10000,3528,-5.826616457998436,64.91766326494981,4.0,B0BN4X5WG1
fitsne,10000,3529,-42.186855148163644,32.93360799935409,4.0,B0C1NFW1HT
fitsne,10000,3530,-1.4144283083950346,14.741744698490496,4.0,B0BNWJN35V
fitsne,10000,3531,-5.437705078457712,63.01981740306649,5.0,B0BTNH4TQ9
fitsne,10000,3532,16.940477237628315,35.17143692596091,1.0,B0B6C7F94W
fitsne,10000,3533,-12.39779918948935,34.30961667472135,2.0,B0CB1HY9P1
fitsne,10000,3534,-5.302328262876493,63.08157698431012,4.0,B0C48XL8M7
fitsne,10000,3535,-8.525575326828864,-32.81239861976244,4.0,B0BLVWK2BR
fitsne,10000,3536,-3.228031476049819,14.098047820530633,5.0,B0BF55ZD6Z
fitsne,10000,3537,5.405663909314469,33.357447949082726,2.0,B0BB6YT4ML
fitsne,10000,3538,-48.31195854142734,30.525462105169485,3.0,B0BCWDGVTM
fitsne,10000,3539,-48.522547575539726,31.146208492306997,5.0,B0BND3RXWC
fitsne,10000,3540,0.8369201291875843,39.036199380040635,5.0,B09M7RD84H
fitsne,10000,3541,-42.479556973015285,31.892300576553826,2.0,B0BV5NRPM5
fitsne,10000,3542,-1.5755769861953774,17.764494692623536,5.0,B0BBVMYMK9
fitsne,10000,3543,-42.44620858083291,31.798204232160476,2.0,B0B4RYZPFH
fitsne,10000,3544,-3.1876914715192424,13.949773086694236,3.0,B0BLCBHTZC
fitsne,10000,3545,-2.005294571157624,14.978008447906046,4.0,B0B5GTGSTB
fitsne,10000,3546,-56.77253800893506,-4.197309451342064,5.0,B0C2PVFRWV
fitsne,10000,3547,-54.62757225700651,1.0499458851763757,4.0,B01I0VD8JA
fitsne,10000,3548,-7.549689456066658,-74.39341694546573,5.0,B07RZRT1TF
fitsne,10000,3549,-11.770267391150092,-68.44887850729907,5.0,B0142FEWD4
fitsne,10000,3550,24.131328604329543,-19.11150017213422,1.0,B0872FMZ82
fitsne,10000,3551,7.808434672332278,-3.1662282892892466,1.0,B0CD2GYCTB
fitsne,10000,3552,-19.460123699157123,-51.751500820459064,5.0,B00JX6R9T2
fitsne,10000,3553,29.873495176385475,1.0275121755756804,5.0,B0090T8NL0
fitsne,10000,3554,40.82337121886272,-61.68574700448283,4.0,B07XXWZKBT
fitsne,10000,3555,41.78717469470191,-62.13978597113675,5.0,B0BRZFGB6R
fitsne,10000,3556,42.99231034916972,-61.603049467926034,3.0,B09VBWBHBC
fitsne,10000,3557,42.36995843645795,-60.80751308940921,5.0,B09GLQ2PFV
fitsne,10000,3558,42.36995843984789,-60.807513089698894,3.0,B084HM5WG1
fitsne,10000,3559,41.772356958459206,-62.13922284464735,4.0,B0B8CPMS4T
fitsne,10000,3560,42.35279622970506,-60.79300612497313,5.0,B07PHQ93TV
fitsne,10000,3561,41.75140409730786,-62.13610242117712,4.0,B08HPKB3H9
fitsne,10000,3562,41.75515209792188,-62.140011120695554,5.0,B09DCCW5XZ
fitsne,10000,3563,41.74648821344949,-62.14287971058873,4.0,B08KZKX21T
fitsne,10000,3564,41.706839769036456,-62.12519031741032,5.0,B09FLC43DP
fitsne,10000,3565,41.79904876058996,-62.14508011672493,4.0,B08F1P3BCC
fitsne,10000,3566,41.763945217508635,-62.14493482068978,5.0,B0876WPHJ9
fitsne,10000,3567,41.713359938616094,-62.12635882640724,5.0,B0BGPTTKVC
fitsne,10000,3568,42.28957450155437,-60.7725833240369,5.0,B09JF83P1H
fitsne,10000,3569,42.289574242026845,-60.77258315017608,5.0,B086V1Z43F
fitsne,10000,3570,42.28957516940362,-60.772583771882594,5.0,B07R4X3RTG
fitsne,10000,3571,42.366357158514674,-60.80810158914969,5.0,B0BXL7Y9ZB
fitsne,10000,3572,42.025043599263064,-60.68493709237303,5.0,B07FP8VLXS
fitsne,10000,3573,42.2328334214027,-60.70312664532075,4.0,B07JPCWW76
fitsne,10000,3574,42.28958705634503,-60.7725917563963,5.0,B0C6RGTGMW
fitsne,10000,3575,41.7976857942114,-62.14468414833718,5.0,B00BHM9Q0K
fitsne,10000,3576,41.69214730317423,-62.134133188228645,3.0,B089R3W3D6
fitsne,10000,3577,45.747596708660296,-53.56282596612614,3.0,B074XLN4GS
fitsne,10000,3578,45.58177561220432,-54.242985464812115,5.0,B07KM2NR5K
fitsne,10000,3579,42.28957366732201,-60.77258276481182,5.0,B06W568Y6C
fitsne,10000,3580,45.55182920549055,-54.730155241464935,5.0,B07PS179D8
fitsne,10000,3581,42.28957379586013,-60.772582851134665,4.0,B01H5RHG9S
fitsne,10000,3582,42.010548807523485,-60.67060529433775,5.0,B099NY674N
fitsne,10000,3583,41.31978394827431,-61.2530323347276,5.0,B06X6BTQ8N
fitsne,10000,3584,42.352796334550604,-60.79300626304045,5.0,B0BN74ZJDK
fitsne,10000,3585,41.322223814663,-61.251518330479946,5.0,B01LWPGB6C
fitsne,10000,3586,42.36635715504505,-60.8081015865548,4.0,B07PRC9KVY
fitsne,10000,3587,42.02504296245603,-60.68493718288215,5.0,B07QPTS1JQ
fitsne,10000,3588,41.70683221518483,-62.12516888943488,5.0,B0043T7FXE
fitsne,10000,3589,41.72226622996325,-62.11595933082142,5.0,B07QLSGMXC
fitsne,10000,3590,42.03522982650728,-60.70579390306715,5.0,B0C449B8FT
fitsne,10000,3591,-7.860793508807605,-45.38049058440206,5.0,B07HGJQCL9
fitsne,10000,3592,-5.3804263326378035,66.82752128504727,2.0,B07GZGXB27
fitsne,10000,3593,-33.31432546282623,29.310826923116835,5.0,B004XD8KXE
fitsne,10000,3594,-38.008689330076756,-1.9008329760193736,1.0,B0C7THZNCB
fitsne,10000,3595,23.882735988447262,48.01197234757277,5.0,B09L511K6J
fitsne,10000,3596,-4.53984954141954,8.85110575936654,5.0,B0BQ7F5QD3
fitsne,10000,3597,-25.683078349882848,39.96405757130985,3.0,B08QV7TPDW
fitsne,10000,3598,46.27809434122574,44.167022812010664,5.0,B08SQ2XXX8
fitsne,10000,3599,4.49346845185149,42.86200557451079,3.0,B08TLZQXB1
fitsne,10000,3600,28.84911665392832,52.043014125743426,3.0,B08GFM3RG7
fitsne,10000,3601,18.80676202357043,37.02535447902311,4.0,B089F9YDFC
fitsne,10000,3602,-11.895807828609584,71.30230147734983,2.0,B08NDVF9VG
fitsne,10000,3603,46.229829368040875,44.39796574773471,2.0,B08NPX3B8M
fitsne,10000,3604,46.207905896903775,44.3295747871005,5.0,B08FJBNFWK
fitsne,10000,3605,5.476578228579716,42.93294564169643,4.0,B08B1W2LYL
fitsne,10000,3606,-53.82501983189763,3.10075104436664,2.0,B07MLVKBQM
fitsne,10000,3607,24.329293477492104,48.97147767947744,3.0,B08CBPH3MW
fitsne,10000,3608,17.136921406654,33.1050132646724,4.0,B07WC81LRS
fitsne,10000,3609,-16.267839709895387,73.59520044464882,4.0,B07G28NF3L
fitsne,10000,3610,24.381790705963606,49.59301092941963,5.0,B06XRTFG29
fitsne,10000,3611,50.80693243332653,21.570976925036007,5.0,B09X5RHMRZ
fitsne,10000,3612,-23.639260886311046,14.096594808492922,4.0,B09BP1LB8L
fitsne,10000,3613,-18.555120465124578,25.05776628615984,2.0,B07PCQ3W1C
fitsne,10000,3614,-25.00057360402455,-52.98596163920906,4.0,B0BGT3RRRR
fitsne,10000,3615,-3.3510482197032263,12.500933212827405,4.0,B07JGSN975
fitsne,10000,3616,-17.343314630622483,-48.34061846336367,2.0,B07D81YXPH
fitsne,10000,3617,6.756592633391302,43.14227415109127,3.0,B07J1GYCWC
fitsne,10000,3618,-43.72897878508796,-27.15467695581307,5.0,B0792LX8P5
fitsne,10000,3619,-50.44802261539795,2.0054983471426935,5.0,B07DDLX3HC
fitsne,10000,3620,-50.41446935721919,2.2330269317049645,5.0,B07DTJ7RV5
fitsne,10000,3621,6.638398319949408,43.12867367370464,5.0,B07Z3ZF5NG
fitsne,10000,3622,-13.244085577691825,71.7431344845305,5.0,B08YMVB98D
fitsne,10000,3623,-8.731832991194477,56.79889758727424,4.0,B078WSWCWH
fitsne,10000,3624,-34.05994396623842,44.77579013881047,4.0,B0771R6PFQ
fitsne,10000,3625,-57.26200042636931,0.19813578836653056,5.0,B09YYX736L
fitsne,10000,3626,-19.3420349966499,-36.94879210552185,4.0,B0742RKNKP
fitsne,10000,3627,1.6254740116932078,39.20216586744998,4.0,B08XD4N3K4
fitsne,10000,3628,-3.783395261540011,52.78092888564628,4.0,B01D3NROZE
fitsne,10000,3629,-25.085636435568862,-44.88470548340522,3.0,B06X9FX834
fitsne,10000,3630,-25.05120765901002,-44.92426643669154,4.0,B01N17AQ7U
fitsne,10000,3631,10.646896805277738,52.00250544586846,5.0,B07BLKHQK6
fitsne,10000,3632,-20.68762205066608,-62.38186607504231,4.0,B01I095OO4
fitsne,10000,3633,10.720261373696278,19.018632428032642,1.0,B01N6JCWPI
fitsne,10000,3634,-3.733690014317931,71.70561131749398,2.0,B01A33NUH8
fitsne,10000,3635,4.244313638864681,43.04104170342049,5.0,B00Y0M32TK
fitsne,10000,3636,-14.865269169044682,23.58296184618959,2.0,B0167KVZTQ
fitsne,10000,3637,-40.702249058694825,-38.62591222638564,2.0,B00ZXI2MJG
fitsne,10000,3638,-26.059336618019078,-46.73968760624201,4.0,B007ZG03DG
fitsne,10000,3639,-21.409355114083123,-39.02445564984756,4.0,B011IH6MBO
fitsne,10000,3640,-25.529148026371352,-45.0939507816775,5.0,B013G6TMUS
fitsne,10000,3641,-14.32956154434038,-67.4954697136938,4.0,B00JJVG08W
fitsne,10000,3642,-69.03676216750351,-15.378331750415262,5.0,B099RZY28N
fitsne,10000,3643,17.947630042469928,54.10078444640577,4.0,B00DVFLJKQ
fitsne,10000,3644,-13.631403377646155,50.239294930755115,4.0,B00O0M750W
fitsne,10000,3645,7.604771791868007,43.483680128541174,3.0,B00OD37KZS
fitsne,10000,3646,-12.358040822391432,-66.95365300109171,5.0,B00WUEKA2C
fitsne,10000,3647,-25.891857060535727,-45.198153965320856,2.0,B00MPMK3GW
fitsne,10000,3648,-29.799302982399567,43.51481389433585,5.0,B00IYOJD84
fitsne,10000,3649,-28.607578123048118,15.6873104734154,5.0,B000BNY64C
fitsne,10000,3650,-42.68069688471212,-27.586108743369273,3.0,B00DIFIM36
fitsne,10000,3651,-8.714622729860489,-49.86411255575696,5.0,B0BYSP9676
fitsne,10000,3652,-29.184494434514303,42.722969636358314,5.0,B00A4A1TYM
fitsne,10000,3653,6.948796080052908,25.32535858235097,5.0,B005DQG5SC
fitsne,10000,3654,-29.00868137042151,40.77606043136272,5.0,B00109Y2DQ
fitsne,10000,3655,-28.888768976796527,40.94466868285641,2.0,B0026H5DFM
fitsne,10000,3656,-29.300974528006144,40.53658836453959,1.0,B002P5KOXG
fitsne,10000,3657,-17.533259963972466,-28.346324935557217,5.0,B00009QOS3
fitsne,10000,3658,3.642825899725128,5.179824327161606,3.0,B002XDRWZS
fitsne,10000,3659,32.941406508757446,12.455923596345725,5.0,B09TQMFXR5
fitsne,10000,3660,-43.374925029385956,-3.308141957536178,5.0,B07P7KG4TJ
fitsne,10000,3661,-52.04488533656865,-7.4603899684832005,5.0,B0BMQJYLQV
fitsne,10000,3662,-34.983964564661036,-16.668808571318397,1.0,B07BYB11K5
fitsne,10000,3663,-37.465447833499475,7.193454401066054,1.0,B091GDK56V
fitsne,10000,3664,-31.382603053928708,13.656612563424853,4.0,B07GRS3T39
fitsne,10000,3665,-53.764291257825526,20.488473256373958,5.0,B08WZCCBQJ
fitsne,10000,3666,-62.53534951108222,18.34020760265186,5.0,B07H65KP63
fitsne,10000,3667,22.54848638960731,44.69918046876065,5.0,B08F3842HL
fitsne,10000,3668,29.20427713143764,21.26182098184565,2.0,B0C2Q5KR4N
fitsne,10000,3669,36.92945745860688,-1.2813963175243575,5.0,B08VJBG4Q5
fitsne,10000,3670,59.7913887416467,-24.4847794297813,5.0,B07RWCK6KX
fitsne,10000,3671,12.511679127108232,-36.56642841297443,4.0,B0C6L1SNTV
fitsne,10000,3672,-29.663123528418136,-51.83672403138348,1.0,B0BGRL2618
fitsne,10000,3673,13.316984118203814,-43.90512641780659,5.0,B0B1QG1V5P
fitsne,10000,3674,-46.22494096787557,-2.077843136075242,5.0,B0BJKGH183
fitsne,10000,3675,10.088390028852984,13.564224181054149,5.0,B0BBF4N2FT
fitsne,10000,3676,-60.562440977594214,18.44215340220695,5.0,B09WCL9HRK
fitsne,10000,3677,2.5395157157394865,-11.420082960055568,5.0,B08T6GN9GV
fitsne,10000,3678,-1.6207910593857384,44.431020083954664,5.0,B0895FSRBC
fitsne,10000,3679,-47.723034217851996,14.97728436384087,2.0,B092HSPZJ3
fitsne,10000,3680,25.79370840147962,23.897305743251472,5.0,B0972FX87Z
fitsne,10000,3681,-17.665933156085668,-32.30028426897396,5.0,B09NDHMLY3
fitsne,10000,3682,-0.6301257861988928,7.473689505713903,5.0,B08MV6Q6BJ
fitsne,10000,3683,10.68263189048615,37.59804532075909,1.0,B08D3CGWV6
fitsne,10000,3684,6.831083001353595,39.6700464384101,4.0,B08ZJKHX28
fitsne,10000,3685,27.149560018997573,16.300748244342106,5.0,B07C3ZGG2P
fitsne,10000,3686,10.594881753280642,38.134926740559216,3.0,B00EY2Q1AS
fitsne,10000,3687,-4.252849268897429,-29.21166301389587,5.0,B0C5829XY7
fitsne,10000,3688,50.44931074297982,1.97464701277666,5.0,B09TQZSZ51
fitsne,10000,3689,21.177152393075957,1.3114446163007656,5.0,B0836G48XD
fitsne,10000,3690,-5.039182778760857,-68.37475491416575,5.0,B0851Z83VV
fitsne,10000,3691,48.52937430867884,39.99848660481841,5.0,B0C4Z5NQKJ
fitsne,10000,3692,-21.301831520539398,4.065021169848142,5.0,B00JVLLE7C
fitsne,10000,3693,7.425577202294196,14.436265598799396,5.0,B07WHTQW4X
fitsne,10000,3694,20.171528346381535,-22.269739343766776,1.0,B008I640HW
fitsne,10000,3695,39.7224602331514,-12.570143997385795,5.0,B075DHMSKQ
fitsne,10000,3696,50.511894972656705,21.475202821223977,5.0,B07FT87W4X
fitsne,10000,3697,-7.985006329332896,24.868579855099853,5.0,B09NDHYLRH
fitsne,10000,3698,-0.4886893497005898,-61.23981442301079,5.0,B0B4PXG2H8
fitsne,10000,3699,4.980990723847624,-9.59977896952979,5.0,B01IEU7UZ0
fitsne,10000,3700,42.134683705722395,-16.38113438425605,5.0,B019PZMVN4
fitsne,10000,3701,21.499480656458775,58.975713322120946,1.0,B00OPSSWO4
fitsne,10000,3702,4.044682633460827,-63.08447356303804,5.0,B0BRNTHSLP
fitsne,10000,3703,20.347522664862066,5.950905243595194,5.0,B0891V9KDC
fitsne,10000,3704,-7.02826500383336,-12.939122863873802,5.0,B00NNY1SNI
fitsne,10000,3705,-12.592615204758532,-48.873236503061484,1.0,B0BD7FN8K9
fitsne,10000,3706,-27.493214781130117,-52.22802134901005,1.0,B09VDYNVKS
fitsne,10000,3707,-7.835610900918841,66.34754827576162,5.0,B00CYX26BC
fitsne,10000,3708,-29.22494627350343,-20.313516911323106,5.0,B08VWD7M67
fitsne,10000,3709,-9.35537443578492,65.5248666224457,3.0,B0BF7YTR5Q
fitsne,10000,3710,-32.09367683344677,30.970413419855404,5.0,B0BRR8T4FH
fitsne,10000,3711,-18.917554885607252,-62.445817466582525,3.0,B08RB1DBQY
fitsne,10000,3712,-9.68379922688295,-67.22960656344031,1.0,B08FX6FB1S
fitsne,10000,3713,20.401198749009094,58.65054833981856,5.0,B07YJ1RD3B
fitsne,10000,3714,9.603501106490814,44.624118674303496,5.0,B07N5ZPYFK
fitsne,10000,3715,-5.650869531094278,-65.22302455717686,4.0,B07S764D9V
fitsne,10000,3716,45.377508877029,4.285067108146529,5.0,1891396722
fitsne,10000,3717,-11.682331250381118,-44.00902565749906,5.0,B07PGGFFW8
fitsne,10000,3718,8.338089576144462,17.774887946482167,5.0,B0BL3B12HK
fitsne,10000,3719,37.25667938936638,-17.29112837555843,5.0,B00DYQYLP2
fitsne,10000,3720,38.56433179396974,-18.099338067899716,5.0,B00CE8DUYY
fitsne,10000,3721,64.38283413126442,18.64565386633824,3.0,B07Q72SWTP
fitsne,10000,3722,38.76144367787079,-36.09457838928885,5.0,B07CZZM9J5
fitsne,10000,3723,-54.435989808693556,16.642805226785203,5.0,B08698CM5W
fitsne,10000,3724,14.647437244254881,-35.44733215070017,5.0,B0BBV96SD7
fitsne,10000,3725,3.46493330081417,1.8549372839672746,5.0,B07Z95LWK5
fitsne,10000,3726,13.026348383423548,58.817207039442025,5.0,B07SFLKCFN
fitsne,10000,3727,-42.81616848220443,1.31742579335626,5.0,B07RGJYJS5
fitsne,10000,3728,5.721444892826227,5.724548582470849,5.0,B00XIVH2LI
fitsne,10000,3729,16.251010673730097,58.17638331835377,5.0,B004B8QOWU
fitsne,10000,3730,10.287566019756248,59.511862659122485,5.0,B003DZ168E
fitsne,10000,3731,16.754706029460255,59.137872535367485,5.0,B004JXVOFE
fitsne,10000,3732,-17.988987835999474,-61.15071102143091,5.0,B001PBWNOY
fitsne,10000,3733,58.87875516491426,-42.073076899229925,5.0,B0C1CMV4T7
fitsne,10000,3734,39.30240142816369,-10.709078490358154,5.0,B09ZH6PG3G
fitsne,10000,3735,67.26297927034138,-6.7541778674272726,4.0,B01GEGO6FS
fitsne,10000,3736,58.88463964692014,-42.07351847158917,5.0,B083NC7SCB
fitsne,10000,3737,68.39390062960312,-7.032856938594132,5.0,B0BJ4VTSLC
fitsne,10000,3738,34.23123573737693,-9.043705563284812,5.0,B08HSPKMKQ
fitsne,10000,3739,-17.3564502923166,19.60529144412034,5.0,B0831FDDK7
fitsne,10000,3740,16.373548677216572,-9.889730371818127,4.0,B00E9MD700
fitsne,10000,3741,-19.20103426168783,-1.8728452628716399,5.0,B09VXT3PC5
fitsne,10000,3742,62.54879965683505,-10.121296201438673,5.0,B08CLNX58K
fitsne,10000,3743,-66.17811885044338,-19.919898066189667,1.0,B0BHMVBV9M
fitsne,10000,3744,4.894354255367017,-18.958659937061462,5.0,B09WHR6NRB
fitsne,10000,3745,41.45705292570222,-36.59439974095183,5.0,B07L1N4W4Y
fitsne,10000,3746,22.87019864225338,-42.61185453028652,1.0,B085ZZ243N
fitsne,10000,3747,42.58309210767985,20.09667107458606,5.0,B0751HWFQY
fitsne,10000,3748,11.297631438530432,-20.64511700333446,5.0,B078T633Q9
fitsne,10000,3749,-47.617933729303914,-6.975609349629141,5.0,B07Z4PXXBS
fitsne,10000,3750,28.686998131954187,40.95372243038361,5.0,B0BX65VLJ9
fitsne,10000,3751,-49.9173834411315,6.968900853919132,1.0,B0BZ15FM42
fitsne,10000,3752,36.10338961238492,-13.228614636237776,5.0,B08M5YL7GW
fitsne,10000,3753,-9.375786997700711,-22.39799351384487,5.0,B07456BG8N
fitsne,10000,3754,48.37377733560888,-25.12275986525894,5.0,B01K8B8YA8
fitsne,10000,3755,-68.42273259229063,-21.418861700004605,5.0,B00IF0JAIU
fitsne,10000,3756,-3.89271280819865,-29.00626035923111,3.0,B09G9STJF6
fitsne,10000,3757,2.7244544545772076,61.487758177840206,4.0,B010BWYDYA
fitsne,10000,3758,23.41346311224911,0.27679164606541523,5.0,B003SWLRLS
fitsne,10000,3759,59.87978436174099,-13.391742515613215,5.0,B07KTYJ769
fitsne,10000,3760,-36.00963859135227,-40.090222826729125,5.0,B09YGYC783
fitsne,10000,3761,-26.00409849259954,-33.838985244792475,5.0,B0BVBFPD2X
fitsne,10000,3762,-1.7400344372562813,-4.765152611597336,5.0,B083FFPJC1
fitsne,10000,3763,-26.82096401840753,-15.045865684073533,5.0,B08L3C66BK
fitsne,10000,3764,-30.734473516047,-22.083651308183825,4.0,B086VRY8GZ
fitsne,10000,3765,-52.106186337562924,0.29070898076275453,5.0,B07VPBFW43
fitsne,10000,3766,42.12127327823252,-0.2323027047061611,5.0,B07F4MYW5B
fitsne,10000,3767,-25.08673505954443,-19.310824889895997,5.0,B07CHX3TNJ
fitsne,10000,3768,13.117929526294011,-11.789678543950117,5.0,B07P374FF3
fitsne,10000,3769,46.892906186812304,1.8849967663007265,5.0,B01FLSXRT6
fitsne,10000,3770,45.52184349058133,0.5897463648461051,5.0,B09WDS7KLW
fitsne,10000,3771,-45.77404964922274,8.516242472920604,5.0,B00EZMZULI
fitsne,10000,3772,29.733838923209436,39.98967994229214,5.0,B07BRQPVFZ
fitsne,10000,3773,31.854834019603736,40.40762473153378,5.0,B007FG43R8
fitsne,10000,3774,48.07534290358748,38.878033261039036,5.0,B09NR95LFW
fitsne,10000,3775,-25.05077431224524,21.244932755466483,5.0,B0BR3GJ3J9
fitsne,10000,3776,-10.545866436105673,-73.1294801676806,4.0,B0BTY9GGP7
fitsne,10000,3777,40.42223691679424,40.70036125382259,5.0,B0BP6V5PHH
fitsne,10000,3778,-46.69102437508953,2.953466351724079,3.0,B0BSFZXBPN
fitsne,10000,3779,-46.633521114260596,3.046940843774903,3.0,B09NCXYHMV
fitsne,10000,3780,18.477430376198132,25.491631917600014,4.0,B09X5XJ9BT
fitsne,10000,3781,-13.615492273423182,-65.67587757227487,4.0,B0BB2GRZFG
fitsne,10000,3782,-59.86913876501669,11.597565888465459,4.0,B0B3XPTKJH
fitsne,10000,3783,-8.521199497878452,-13.273976866004123,4.0,B09YHBRHC4
fitsne,10000,3784,-23.00235224106235,-64.25061661539971,4.0,B0B3D7FSMY
fitsne,10000,3785,-11.030040466931652,-25.515672908600965,5.0,B09ZQSD516
fitsne,10000,3786,26.42006742733039,24.37043637777163,4.0,B09TP1XDL2
fitsne,10000,3787,-25.486288652867692,24.823434150432497,5.0,B0B6RJW8FS
fitsne,10000,3788,-25.557625567078578,25.0986417579436,5.0,B0BKKWQ983
fitsne,10000,3789,-8.569333052236642,-12.686406769518408,4.0,B09VH12VJV
fitsne,10000,3790,43.62667273533342,36.28239091531546,5.0,B09V5L1LRJ
fitsne,10000,3791,7.7439964115820725,16.66280545777223,5.0,B09TXCQ1PM
fitsne,10000,3792,-60.64744251582113,14.110628989398357,5.0,B09JBD923G
fitsne,10000,3793,-16.588668709737075,-55.71482025375281,5.0,B09PVB4272
fitsne,10000,3794,-11.45201527827623,-64.95431936131786,5.0,B09J31ZBB1
fitsne,10000,3795,-59.910012768254944,11.695672278720778,5.0,B074DWW665
fitsne,10000,3796,-46.739296876520235,3.0609635017220183,5.0,B09FJ84PGH
fitsne,10000,3797,40.352804853356574,40.88197943402762,5.0,B09HXHQ1L1
fitsne,10000,3798,-61.54171055838996,19.35303372110774,5.0,B09M8991B5
fitsne,10000,3799,-26.328335301341077,24.719269608492837,5.0,B0BNQNLMVS
fitsne,10000,3800,-25.80903283122194,23.921570728539795,4.0,B09GFX6T6G
fitsne,10000,3801,43.59153619583068,44.18426120666735,5.0,B09DKNYKCN
fitsne,10000,3802,-44.5028043529532,29.673436186373763,5.0,B09F5TF4TQ
fitsne,10000,3803,-44.154383398821416,29.705780540369506,4.0,B08NX53RV3
fitsne,10000,3804,-20.314010061402637,-0.3449988795198158,4.0,B08NV6PJW9
fitsne,10000,3805,44.35526476289336,42.36908986468069,5.0,B08SC8Q1H5
fitsne,10000,3806,44.63761874140468,43.385289129671925,4.0,B094CFZLPR
fitsne,10000,3807,-17.455691135866786,-50.26433245502419,5.0,B08SW2BZ1P
fitsne,10000,3808,-26.485021458534142,-36.06019021205971,5.0,B08LCZ6MS7
fitsne,10000,3809,-20.32688725104072,-0.19162187059957694,5.0,B08B39FF2Z
fitsne,10000,3810,40.50881089267051,40.896729967396524,5.0,B086RQQCQ9
fitsne,10000,3811,-23.383871756116765,-38.20978676995788,5.0,B0BR89N1H7
fitsne,10000,3812,15.779567516736742,34.26432713610473,5.0,B08B3KD42F
fitsne,10000,3813,-44.39757514713887,-3.077363691811154,5.0,B082T84YJQ
fitsne,10000,3814,-45.92863756964553,28.65335166307408,5.0,B07Q3CW9WM
fitsne,10000,3815,-45.53531735762897,29.143031422748006,5.0,B0859TMPHT
fitsne,10000,3816,52.66061261685242,4.779965114585794,4.0,B084ZYD2SN
fitsne,10000,3817,15.905783176778858,34.09245359892944,5.0,B07ZH2WYV4
fitsne,10000,3818,-46.22573343559244,14.657223972183465,3.0,B083ZBRKX9
fitsne,10000,3819,-14.935074135695242,-68.44552798345775,5.0,B0C5MCNJKR
fitsne,10000,3820,-14.141702227938765,-70.67749824775103,5.0,B09TS8ZL94
fitsne,10000,3821,-20.177608947142556,0.30975394920683047,5.0,B095L8F33R
fitsne,10000,3822,47.51611423330919,41.29155645301525,5.0,B0C8Y7KTML
fitsne,10000,3823,47.45446854780613,41.21560018331473,5.0,B07W7Y3KZK
fitsne,10000,3824,27.621997145271003,38.91290690793951,4.0,B08ZSSG82Y
fitsne,10000,3825,31.514731776497335,-0.9310525369424237,5.0,B07C7LN2W1
fitsne,10000,3826,-29.46913923804574,-56.446138116907086,5.0,B07WC183S5
fitsne,10000,3827,38.818618339223725,42.08260556129888,4.0,B07DCPKRL1
fitsne,10000,3828,-7.628874183656122,-28.365761003373944,5.0,B07799YR1F
fitsne,10000,3829,-9.522167558171981,-15.04487506765513,3.0,B0BZRW4B7S
fitsne,10000,3830,-53.53923726419999,13.38549301548089,5.0,B09Z2B5KG2
fitsne,10000,3831,-52.88518554948123,-1.1183476516592024,5.0,B0B6TPXW2C
fitsne,10000,3832,-51.50740036800619,-16.75958116175334,5.0,B00R124LAK
fitsne,10000,3833,49.76973059097442,40.94997845518963,4.0,B07YFW6SKQ
fitsne,10000,3834,-38.800899548069346,0.17745387523936534,5.0,B01HPADPCW
fitsne,10000,3835,-53.88804233103969,-4.917976036307444,5.0,B09797FV1F
fitsne,10000,3836,-57.52573645798668,40.079825429497944,5.0,B07YX2KPG7
fitsne,10000,3837,-31.2452354372573,56.05328500314534,5.0,B00419ZT4I
fitsne,10000,3838,8.953030296115239,14.956935537878518,4.0,B07Q1DPGWM
fitsne,10000,3839,-12.645118536270452,-22.972326514479086,4.0,B07H65KP63
fitsne,10000,3840,8.899480653639237,-31.02543447546145,5.0,B01EJ5UV3C
fitsne,10000,3841,4.0451518084956035,-71.84401270476675,5.0,B07Y2C5M2X
fitsne,10000,3842,-32.02558496651035,57.39058459299079,1.0,B00GVN0E3S
fitsne,10000,3843,30.78387353111174,35.638965436627664,3.0,B07M7NHRQG
fitsne,10000,3844,11.823869971935967,20.031108546726163,5.0,B002CQU14A
fitsne,10000,3845,-27.837406303037422,42.827230732364825,5.0,B0BSFD74LD
fitsne,10000,3846,-49.00240929858957,22.46753893302924,5.0,B07S7TK88B
fitsne,10000,3847,-17.8463659209877,71.179619196918,4.0,B082M94GY9
fitsne,10000,3848,-5.551789847685741,64.73787350724156,4.0,B00X5P8BJO
fitsne,10000,3849,-8.504336684697106,-70.93556521096492,5.0,B07YP9MNJV
fitsne,10000,3850,-17.714237687824628,69.20762079346397,4.0,B07538T649
fitsne,10000,3851,31.401141846435863,-6.837947376565624,5.0,B07LCSZFVZ
fitsne,10000,3852,61.926727668038914,-43.07995329764508,1.0,B01MTF2Z37
fitsne,10000,3853,26.98460585289137,-28.99021485400539,5.0,B002SEEC78
fitsne,10000,3854,-17.09368877808176,-51.77428375627335,5.0,B07XJ2XC5V
fitsne,10000,3855,-7.885634480964051,-61.854003761495726,5.0,B07YWG7NSN
fitsne,10000,3856,-22.933787795271623,49.643002794298496,5.0,B07SZ3N73V
fitsne,10000,3857,31.4517510652443,-48.407426505205855,5.0,B01L8LLP2G
fitsne,10000,3858,0.9661147520721386,17.303360219511866,1.0,B07176FCQ5
fitsne,10000,3859,-1.6735145362094246,21.509738993227547,5.0,B0C4KBLJHD
fitsne,10000,3860,16.958030870699837,-10.220435720126742,5.0,B0B67LVBL1
fitsne,10000,3861,36.12438292155926,-2.0729658263173683,5.0,B00E1CR7DQ
fitsne,10000,3862,-30.884582664432376,12.008125941201877,5.0,B0001FTVEK
fitsne,10000,3863,0.7704847062570039,-35.091606803514594,5.0,B002PAR1FK
fitsne,10000,3864,13.097548007117556,-31.805890617433793,5.0,B002ISZD2C
fitsne,10000,3865,17.943653840838326,-29.362129052573927,5.0,B00EDP03DW
fitsne,10000,3866,-2.9057244223460303,19.271999288224023,1.0,B005CX9RKE
fitsne,10000,3867,-7.603937821133838,-10.230311894891999,5.0,B000KKXRJQ
fitsne,10000,3868,-40.449829211012926,2.7958362835958765,1.0,B0C3M8B3MY
fitsne,10000,3869,-8.145697930277551,25.025346213763783,5.0,B06Y6HP2JN
fitsne,10000,3870,49.77442314178728,42.55358448936849,5.0,B076Q5MP77
fitsne,10000,3871,28.99512656703147,16.80496529365301,5.0,B0BTZDHJXY
fitsne,10000,3872,23.190922079546386,-25.99905907858458,4.0,B07PXVTTP6
fitsne,10000,3873,35.22205590792061,-25.459273291281765,5.0,B01EBI4N7C
fitsne,10000,3874,57.1288810680781,-52.00699644987632,2.0,B01IN26Z5A
fitsne,10000,3875,-21.191732941606922,-19.546197253305543,1.0,B00U3FPN4U
fitsne,10000,3876,20.490605202952967,47.31869324837412,3.0,B076Q8F3KB
fitsne,10000,3877,13.24889776182451,58.796625725835156,3.0,B0725SDWHR
fitsne,10000,3878,-15.376394189348677,-23.455663558188846,5.0,B07KTYJ769
fitsne,10000,3879,-1.780635869336514,-36.28834784240931,5.0,B07HZLHPKP
fitsne,10000,3880,-26.653020533696544,-34.27395905752384,5.0,B07BFRHZLB
fitsne,10000,3881,25.989196043807638,-10.389406828973572,5.0,B07W36WN5X
fitsne,10000,3882,38.107313688977,7.681453407101505,5.0,B073QNQT43
fitsne,10000,3883,11.816651148372163,-10.186065285506237,5.0,B075X8471B
fitsne,10000,3884,36.260489279475635,12.061527089873143,5.0,B07PTZCDQG
fitsne,10000,3885,36.20723506879011,12.220664920579859,5.0,B07Q3B3CTC
fitsne,10000,3886,-3.6845190468674778,-37.920380447650636,5.0,B010BWYDYA
fitsne,10000,3887,59.011745634320356,8.409482379039016,5.0,B016FQ0ODK
fitsne,10000,3888,41.32140605607809,-61.24854683287461,5.0,B0B4NZ74H8
fitsne,10000,3889,-13.195765511816191,-38.863913375548705,1.0,B08LPN41F4
fitsne,10000,3890,45.88214977864088,10.940898629132544,5.0,B09GBPVD27
fitsne,10000,3891,-55.137738846709375,14.704248139390668,5.0,B01DLNMD7A
fitsne,10000,3892,-8.78192723076395,50.24430363989607,5.0,B07NQQ4FVK
fitsne,10000,3893,-11.66592229031894,-44.002855876050525,5.0,B0B6WNTT91
fitsne,10000,3894,-1.785421604573364,-33.0074757322654,5.0,B0BJ7QMYBF
fitsne,10000,3895,-45.99512412960979,14.24717164255431,5.0,B08F4Z9KWP
fitsne,10000,3896,-15.726875117179068,-38.72611425449786,5.0,B07FSXHVLN
fitsne,10000,3897,54.11164630738585,-43.39320343836928,5.0,B07PRMHDGZ
fitsne,10000,3898,42.85177314446442,14.313238788322385,2.0,B077YDMN27
fitsne,10000,3899,64.28277548785533,-39.88053961767035,5.0,B012CD5PIY
fitsne,10000,3900,-5.323065441898093,70.60543380285955,2.0,B08HSGZT6H
fitsne,10000,3901,-69.78601764656733,-16.715018930257266,2.0,B0118SPFCK
fitsne,10000,3902,-58.79088604344642,3.5900562417044797,3.0,B09W563Y2W
fitsne,10000,3903,-27.792571516569183,-15.434224656021254,3.0,B01LW4G71Y
fitsne,10000,3904,-34.269688192989854,-15.801230512566978,1.0,B075CF97SZ
fitsne,10000,3905,-31.305531556700316,-58.92573544731928,2.0,B08Q2D3XR1
fitsne,10000,3906,-69.75340626005037,-17.57192100998001,3.0,B00IB8IVDQ
fitsne,10000,3907,-45.97595760202855,-16.827582199890905,5.0,B003L76BJS
fitsne,10000,3908,-13.152616564928122,-44.43170434979683,3.0,B005VO7LG6
fitsne,10000,3909,-14.893009619013105,-48.36586612437436,2.0,B005J7Y9B0
fitsne,10000,3910,18.911765117182107,22.45595930380388,5.0,B000RGD9PK
fitsne,10000,3911,-13.06943718928196,-50.313708856353536,5.0,B008BWA0EK
fitsne,10000,3912,-34.34852464178134,-36.86449755297032,4.0,B008EQSZ8Q
fitsne,10000,3913,-3.7173570727601977,-42.34101549417241,4.0,B0BMQN7L6B
fitsne,10000,3914,15.892082672738539,22.450090592531826,5.0,B01D8OM0H0
fitsne,10000,3915,24.362226911869243,-15.741854653727884,5.0,B00KCZTAI6
fitsne,10000,3916,38.066448218496404,-29.18359423403176,1.0,B005VGOD4M
fitsne,10000,3917,-44.47935331336346,-29.320503913557072,5.0,B00005N5X1
fitsne,10000,3918,-33.17925424748357,-37.89105755847278,5.0,B01CZBOO2Q
fitsne,10000,3919,-31.108623088164155,48.08615803253483,5.0,B074CPK9SB
fitsne,10000,3920,35.003291660626275,40.870693039813155,5.0,B07RLZ1KDY
fitsne,10000,3921,-39.45150509310011,1.0226437549885372,5.0,B0000BYDKO
fitsne,10000,3922,27.22389606395078,-5.473422995797947,5.0,B086SBHXHV
fitsne,10000,3923,49.2738966050251,-12.360900305294845,5.0,B00XJ7QAC8
fitsne,10000,3924,38.75994270349864,-24.5071148626291,5.0,B06XKM77TP
fitsne,10000,3925,24.446161446705965,-16.174983773368986,5.0,B00YBC936A
fitsne,10000,3926,48.38655748701054,-13.439597258265525,5.0,B00IKMJOZC
fitsne,10000,3927,-71.49725197939064,-19.720652135923267,5.0,B0040IUI46
fitsne,10000,3928,10.601225757913491,63.44741048325982,5.0,B01FU08V64
fitsne,10000,3929,-0.5898729618314322,5.031039083445319,5.0,B00XJ118WG
fitsne,10000,3930,-28.394686476175504,11.646488504311042,5.0,B0063JAUR0
fitsne,10000,3931,10.303507379395871,59.95533750081854,5.0,B0051VVOB2
fitsne,10000,3932,10.186115025560811,59.99166713193428,5.0,B005KDYBXO
fitsne,10000,3933,8.393813986824469,56.20487819081306,5.0,B008RB6RYC
fitsne,10000,3934,-3.5501283895768125,4.192278362623743,5.0,B0013CED4I
fitsne,10000,3935,-0.1075829616071287,-24.21129944001519,5.0,B0064L8Q1E
fitsne,10000,3936,-3.4946203432339398,4.177702382672672,5.0,B075XLNFCL
fitsne,10000,3937,-61.619277630135784,2.6368239101313464,5.0,B07LG4FYVR
fitsne,10000,3938,25.64603039041517,-23.950506279982736,5.0,B08C5FX1BB
fitsne,10000,3939,-11.310141349058627,19.748551140236817,4.0,B07VNQVL37
fitsne,10000,3940,-11.636295285567769,-31.214569635564803,5.0,B017KUN1HG
fitsne,10000,3941,34.1124627305342,21.590901187077318,4.0,B07J38VMPN
fitsne,10000,3942,-0.03693802810937566,-19.449811438833255,5.0,B08S55D31N
fitsne,10000,3943,67.8532092743396,-6.24477655933956,5.0,B07MC5P85F
fitsne,10000,3944,-18.59875026125532,-38.671842580782894,5.0,B08XHFK5SZ
fitsne,10000,3945,30.503786258950196,-1.8224345593981315,5.0,B07YFD37SF
fitsne,10000,3946,30.116418527141697,-14.013020746107632,5.0,B092DD5L2V
fitsne,10000,3947,-61.93645050431201,19.812157459571157,5.0,B07GL6S731
fitsne,10000,3948,-17.892974073229563,-32.55179727559783,5.0,B00LZRRAY6
fitsne,10000,3949,55.87109216821354,-7.098494687951881,5.0,B018PZHB26
fitsne,10000,3950,4.120627614812919,-12.17428051087769,5.0,B08BF4CZSV
fitsne,10000,3951,6.247663447771431,-5.478719003953745,5.0,B0C8SCDNGK
fitsne,10000,3952,0.9805987871428197,12.83268392775622,3.0,B002RD7452
fitsne,10000,3953,31.021360444172082,-51.29098655284361,5.0,B09F5BLMVR
fitsne,10000,3954,34.48001172726773,-39.30650809704484,5.0,B09JQLTLG3
fitsne,10000,3955,42.96122077235256,-40.69088355054141,5.0,B07VKJKWP1
fitsne,10000,3956,45.95625716226973,-3.585098823958293,5.0,B075V2W6B2
fitsne,10000,3957,51.08147185673345,41.06456987646674,5.0,B071CRMDS4
fitsne,10000,3958,-6.0613232082754545,5.366426549005005,5.0,B072QLXK2T
fitsne,10000,3959,14.90438705652995,31.3720711166848,5.0,B0851B3K9T
fitsne,10000,3960,6.6550132672901245,-8.285794753194407,5.0,B07L48NDCH
fitsne,10000,3961,-29.316094130536733,-3.5987923764384075,1.0,B08KGSZKCT
fitsne,10000,3962,-10.162254664447016,14.205929232226428,5.0,B083ZJYDRV
fitsne,10000,3963,-19.189671881328835,48.28885824504792,4.0,B07J245KLY
fitsne,10000,3964,14.893340080780796,-35.28119711439601,1.0,B08WJSHSLC
fitsne,10000,3965,-51.7265762288721,2.817050105833965,5.0,B09MKBDFZK
fitsne,10000,3966,-22.730777930829237,-22.744790928915002,5.0,B0791TX5P5
fitsne,10000,3967,-8.600143314087893,-24.594704776518522,5.0,B01DFKC6CQ
fitsne,10000,3968,-12.400044220943313,56.20258263412679,3.0,B01HAQBIVG
fitsne,10000,3969,-30.525040000234853,-22.9275380058246,5.0,B075X8471B
fitsne,10000,3970,-34.88740493817679,39.703251409368605,5.0,B0BJW2XLMR
fitsne,10000,3971,-35.45389408685857,-38.17818695551264,5.0,B09718NNFN
fitsne,10000,3972,-25.200709287813268,-5.698031067500001,1.0,B092WHC7C1
fitsne,10000,3973,-34.47268433811517,-37.023137455657356,5.0,B077RV2H31
fitsne,10000,3974,-36.04713577819804,13.112987392367684,5.0,B00WIF2T7C
fitsne,10000,3975,48.579245595935234,31.605953660292524,4.0,B0C2YLQJYK
fitsne,10000,3976,-37.624368853965585,-21.78184563422718,4.0,B09LTYP9P5
fitsne,10000,3977,-37.872998748905,-22.373738324162897,5.0,B0B148JDG2
fitsne,10000,3978,-56.18366851572865,22.316882775028102,5.0,B0C8J2WHVR
fitsne,10000,3979,-35.49994852413215,-50.81823684876907,5.0,B0B57RY228
fitsne,10000,3980,-62.07489102898604,-15.666653382746354,5.0,B0C3NMZ2C7
fitsne,10000,3981,8.184323142194703,61.43568838721472,5.0,B09F81Q875
fitsne,10000,3982,-45.54152410452868,-9.315544985602983,5.0,B0BZT5JSTV
fitsne,10000,3983,-25.108821945646625,-49.93270544487349,5.0,B0B3ZKBJ8V
fitsne,10000,3984,-24.42577475049116,-50.34118108846292,5.0,B09XNQQC8J
fitsne,10000,3985,-56.2990644156154,-13.677085280278892,5.0,B0C1ZYD3YQ
fitsne,10000,3986,-23.57867980882107,-51.14529743232532,5.0,B09WD35WWZ
fitsne,10000,3987,-19.106673956733307,-3.8418944228794487,5.0,B09PWGV7GC
fitsne,10000,3988,-44.33728713777799,23.111780363912942,5.0,B098XPKHY8
fitsne,10000,3989,-14.954307523543163,-6.774473210424959,5.0,B08JTMXXL6
fitsne,10000,3990,-41.680587008060904,14.342094863471514,4.0,B09NRKZVDC
fitsne,10000,3991,4.231012771963756,40.24485975398678,5.0,B009SKN5DC
fitsne,10000,3992,-1.854841173402611,-54.066003593815545,5.0,B0BG7KP5L4
fitsne,10000,3993,2.172446651141579,33.20816017830441,5.0,B099YQ926V
fitsne,10000,3994,-18.391036260498993,68.49927027654037,5.0,B08P6PL5R3
fitsne,10000,3995,-14.308480870744354,67.57907747836678,5.0,B0BWBC2GLD
fitsne,10000,3996,-13.50607073315261,67.4623782330719,4.0,B0BLHNNSGG
fitsne,10000,3997,-13.184200982747138,-64.7872930560159,5.0,B09D4LQTYD
fitsne,10000,3998,-48.516112139429325,0.3634125143865627,5.0,B08L883DQ5
fitsne,10000,3999,-57.69641632792254,9.778370881814734,5.0,B0922LNFT3
fitsne,10000,4000,-31.361785676532683,13.033354476835841,4.0,B08L6HPFCR
fitsne,10000,4001,20.36100044275902,51.01074536815753,4.0,B082W1GHY6
fitsne,10000,4002,28.046193275746113,-11.572901737537679,5.0,B07YLMJZXB
fitsne,10000,4003,-55.968555175122106,16.7828214416698,4.0,B087LWC6BM
fitsne,10000,4004,-14.654169765763172,-65.07067332042702,5.0,B09V3W5XFY
fitsne,10000,4005,-6.290610472250607,9.923865042405604,4.0,B0BSTPV9HY
fitsne,10000,4006,-58.01827244444714,18.417355907014986,4.0,B087M428L1
fitsne,10000,4007,52.41918170462067,34.86527031094079,5.0,B081LBFY9D
fitsne,10000,4008,8.581253561354657,39.46155687065494,3.0,B0813DY3FY
fitsne,10000,4009,17.315128488171812,32.65775760711649,5.0,B088GT45PY
fitsne,10000,4010,-59.64747671389239,20.77486659257022,3.0,B07HKFG85D
fitsne,10000,4011,46.18799081328697,40.03870352126004,5.0,B0974WBDVS
fitsne,10000,4012,44.491018529357504,45.788798402990196,4.0,B07ZB12C8G
fitsne,10000,4013,-11.595182134682755,-25.032694064419875,5.0,B07XYQS9TP
fitsne,10000,4014,24.140714473079424,51.21458846356517,5.0,B07X54PV85
fitsne,10000,4015,28.518651350198052,3.6092121931275973,4.0,B0BMQ999F8
fitsne,10000,4016,-40.07526303003057,30.505744485504717,3.0,B0BN4PNNBH
fitsne,10000,4017,-19.225153004954162,-64.69255152579885,1.0,B07CB24GSV
fitsne,10000,4018,-35.72708215055171,55.245828882982714,4.0,B07K51MHPF
fitsne,10000,4019,-57.63057186566964,7.844124630202646,5.0,B07VJMBRVQ
fitsne,10000,4020,-15.795762051005015,-67.63762645797941,1.0,B07KZZZ3JL
fitsne,10000,4021,-11.250591442431835,-9.015846336317752,5.0,B07D33RMRN
fitsne,10000,4022,11.684737357145044,4.708154888474413,5.0,B07C64VJNB
fitsne,10000,4023,-6.552439833403852,42.623514998360356,5.0,B07Z9ZYJ5Q
fitsne,10000,4024,-38.74955187330241,26.601663442738012,5.0,B0BWSB1W9D
fitsne,10000,4025,-17.641959601045787,-72.37679652134736,4.0,B07G8N2V9V
fitsne,10000,4026,-35.465759360401485,55.06763177609218,4.0,B08JZ4YSNR
fitsne,10000,4027,-47.260116671223656,33.00741632047026,5.0,B07CWT66DG
fitsne,10000,4028,-58.002601069167845,2.490560174337334,5.0,B07DWD3NNP
fitsne,10000,4029,-11.917154245924703,-24.404555356999655,5.0,B07H7DRWJN
fitsne,10000,4030,-47.31816423153504,36.17252648382067,4.0,B018LWTYGO
fitsne,10000,4031,-5.332584154363464,0.9070975168577503,4.0,B07BHGK4MC
fitsne,10000,4032,-17.620352413887854,-72.46043853473003,5.0,B07DBY9H6X
fitsne,10000,4033,-64.32371591751082,-16.14938991047204,3.0,B079S3NVV4
fitsne,10000,4034,-17.208867178872797,21.824495123501208,3.0,B071HN7FB4
fitsne,10000,4035,44.023003204626775,40.36461264644379,5.0,B07CWJ8MM1
fitsne,10000,4036,-19.31598853358374,-45.843256115990116,5.0,B00X69BZPG
fitsne,10000,4037,-15.281202299679098,-40.955008128987515,5.0,B077378YSS
fitsne,10000,4038,-28.32274387498172,-46.8715921005996,5.0,B0C7KLM8L2
fitsne,10000,4039,-12.349793047097108,-67.73794893978267,5.0,B074F3YW3R
fitsne,10000,4040,-13.28744585450262,-64.24920212084936,3.0,B0747QMY9B
fitsne,10000,4041,29.055638019387427,24.440486402290826,5.0,B071QWMTST
fitsne,10000,4042,2.041210231756996,-5.726954537647842,5.0,B07319K943
fitsne,10000,4043,46.06653460137414,39.90353886182156,5.0,B071W8TY6H
fitsne,10000,4044,-45.023796545671985,29.93876723635953,5.0,B09RXJHHX7
fitsne,10000,4045,-53.67465650788244,12.10947512252826,5.0,B0BHTS96ZL
fitsne,10000,4046,-12.840189616273507,-62.93380812616159,5.0,B01MSZSL4I
fitsne,10000,4047,-14.021729797550753,-33.18222034620079,2.0,B018PQPALY
fitsne,10000,4048,47.192456992515275,40.81808904739675,4.0,B01ER4AZ9A
fitsne,10000,4049,-48.409745311957636,0.6384503131834514,5.0,B07JMFQTC5
fitsne,10000,4050,24.96392361420379,51.71763287885691,5.0,B0167G90D8
fitsne,10000,4051,27.177859477588616,53.7599872586954,5.0,B0C15Q5H7H
fitsne,10000,4052,6.893471271998062,57.90464330400432,5.0,B01D3NROZE
fitsne,10000,4053,9.409534516033164,42.55520203183469,5.0,B00S74HGMG
fitsne,10000,4054,7.70978867091474,0.870449222190664,4.0,B01DPGPOTC
fitsne,10000,4055,45.82905134674128,41.69161639210533,4.0,B06WRRWQDB
fitsne,10000,4056,-32.215981292080734,-2.981583124091195,5.0,B0000CCQKV
fitsne,10000,4057,-45.45842642028166,-7.896448403050356,5.0,B00RM11QHG
fitsne,10000,4058,46.895563166076215,44.32618681375943,5.0,B071LP2ZRC
fitsne,10000,4059,30.877751215695017,2.554596242452841,5.0,B07L6JJDCG
fitsne,10000,4060,0.019788368411294725,34.00469253215965,5.0,B00F4A7A1I
fitsne,10000,4061,-37.964407762647845,-22.45138006926559,5.0,B00BUCLVZU
fitsne,10000,4062,-44.04443500920506,15.216840455783343,5.0,B00GJKW4YA
fitsne,10000,4063,1.3075806594210788,-63.82843837759058,5.0,B01L1FEJ6S
fitsne,10000,4064,-21.723318018893366,-45.42722553603176,5.0,B00PJOPF98
fitsne,10000,4065,-24.347558771172526,-53.053320318248325,5.0,B00LSYHLR2
fitsne,10000,4066,-14.592512234337947,-66.43169188499351,5.0,B00M58CMYC
fitsne,10000,4067,-27.13360517980537,-47.20135832912281,5.0,B004I408OW
fitsne,10000,4068,46.96135426867742,43.10457387637711,5.0,B00LGN7Y3G
fitsne,10000,4069,-21.38306307826346,-42.69107520529777,4.0,B00IG54NXG
fitsne,10000,4070,-25.800633715422062,-48.38473842623093,5.0,B00J3O9YRY
fitsne,10000,4071,-21.169429628339124,-45.89653694040204,5.0,B00FRKOFIQ
fitsne,10000,4072,-25.296720007307798,-48.27421938582242,5.0,B00XI6A46I
fitsne,10000,4073,-23.58251783518413,-13.857705898180463,5.0,B00IAKLM54
fitsne,10000,4074,-29.73425731147059,10.12362461914157,5.0,B006DTXIHE
fitsne,10000,4075,29.629488261627436,35.43311256267217,5.0,B00CB7T52O
fitsne,10000,4076,-32.86402647994115,54.104577785384315,3.0,B00CWLYLWS
fitsne,10000,4077,-15.43789917471094,-40.92031654360536,5.0,B00A0JUO1Q
fitsne,10000,4078,-14.424359081499977,-66.410859999411,5.0,B00CD1FB26
fitsne,10000,4079,-13.496091427387592,-31.26350480233539,3.0,B004M3EL3S
fitsne,10000,4080,-27.94447371624675,-34.1931960574435,3.0,B004I8WH9M
fitsne,10000,4081,19.25693718328596,3.0530777516966765,3.0,B002COJEOU
fitsne,10000,4082,-50.697509902720626,14.202537728599733,4.0,B007R9CTE2
fitsne,10000,4083,21.154220507783386,51.87064356917419,5.0,B009T0NLYO
fitsne,10000,4084,15.583055613689602,13.379897251293787,5.0,B00NTRMUYU
fitsne,10000,4085,-6.335487354695925,67.52841510585952,5.0,B007X3VEC0
fitsne,10000,4086,17.766563064433623,57.56481338972426,3.0,B008MF48J4
fitsne,10000,4087,7.207322627541957,61.903557002076276,5.0,B007OZNUCE
fitsne,10000,4088,21.700383010934654,2.82298481006991,5.0,B0BTJBQC91
fitsne,10000,4089,-21.212090393315247,-33.295909706652004,5.0,B001F7AHOG
fitsne,10000,4090,-62.66127938669758,-16.259825707830704,5.0,B001769K3O
fitsne,10000,4091,-7.162521851004569,29.077486696884087,4.0,B0084Y96FE
fitsne,10000,4092,-56.538792920429216,25.832352669666584,5.0,B0B4QS4F25
fitsne,10000,4093,-31.287850637917916,13.254856751867218,4.0,B004NSUMTO
fitsne,10000,4094,-27.695040551810564,39.84333390562043,5.0,B00109Y2DQ
fitsne,10000,4095,22.4429159188185,31.226524013006642,4.0,B003CFB1AS
fitsne,10000,4096,-29.457211964767232,-10.446101098487658,5.0,B002ONSRA6
fitsne,10000,4097,-28.28017681246919,-11.962043296060012,3.0,B004MSGEOC
fitsne,10000,4098,-37.98466013680177,-22.462848688358324,5.0,B005TI1ILS
fitsne,10000,4099,-28.055185877488373,-16.364424062907894,5.0,B004NP1E9E
fitsne,10000,4100,14.838990802287537,60.91135313246113,5.0,B01M0MT6BT
fitsne,10000,4101,14.661643526784676,60.91299570754724,5.0,B0057WTEWQ
fitsne,10000,4102,-28.224100558363432,23.626606451790256,5.0,B004SBCF4Q
fitsne,10000,4103,22.35572486762184,29.667800673362944,5.0,B004JWA70I
fitsne,10000,4104,8.69621303281628,60.89627262989494,5.0,B074D5QYPN
fitsne,10000,4105,7.795567011729956,61.08213156294842,5.0,B004HFS6Z0
fitsne,10000,4106,4.024465946951086,5.122900066419999,5.0,B003VD1CVY
fitsne,10000,4107,-7.403419969817599,28.93765434991532,5.0,B003WQAIJC
fitsne,10000,4108,22.727230737758777,50.127743792149715,4.0,B07PR21291
fitsne,10000,4109,42.87519353354655,36.13298931153457,5.0,B004JMZPJQ
fitsne,10000,4110,40.96929883834453,38.01435596556969,5.0,B004BQTTE2
fitsne,10000,4111,-23.88307091088442,-40.13357338562125,5.0,B003JQLPYC
fitsne,10000,4112,9.768841144560716,18.49094533811872,5.0,B003H4QV22
fitsne,10000,4113,-7.605460322675712,-57.534321239642,5.0,B003UYU16G
fitsne,10000,4114,-18.28726754980503,23.785682479504736,4.0,B002XN7C6W
fitsne,10000,4115,-31.986803087373456,46.91182561078513,5.0,B003SHMKHS
fitsne,10000,4116,-55.9035365373616,20.516111981331935,5.0,B07YFD37SF
fitsne,10000,4117,-38.19394666412521,-22.101440028515484,5.0,B0018O77Q2
fitsne,10000,4118,41.6233047312094,35.92263374342085,5.0,B001TZQITM
fitsne,10000,4119,1.318916493515528,-65.88455539704181,3.0,B0002QLQ96
fitsne,10000,4120,-20.80754711517362,-45.55445129429717,5.0,B00E57BSMI
fitsne,10000,4121,-23.65768236327669,-13.59996771430756,2.0,B002IC0YLS
fitsne,10000,4122,-7.062203641363883,29.246901783143162,3.0,B001Q3M9D6
fitsne,10000,4123,-32.591985594750604,-11.0901130576286,5.0,B001TOD7MO
fitsne,10000,4124,-22.250065208202418,-13.507584065526126,4.0,B002IC0YL8
fitsne,10000,4125,-12.07806090098418,30.50497256571362,3.0,B001OQC0JS
fitsne,10000,4126,-28.14216438680707,-45.57522341436037,5.0,B0007LI13U
fitsne,10000,4127,-65.54484683757211,-24.14970040974172,4.0,B001C1MGKI
fitsne,10000,4128,-38.04860365755246,-22.165887600572635,5.0,B000ER5G6C
fitsne,10000,4129,-62.538062178169234,22.025430383996735,5.0,B0006Q3B2W
fitsne,10000,4130,-23.8100518767922,-13.740669540596915,5.0,B00093IIRA
fitsne,10000,4131,-6.96040934183163,27.97870047611033,4.0,B0019MOKYA
fitsne,10000,4132,-20.44549810090286,-33.8243276122169,4.0,B000H0QIRC
fitsne,10000,4133,2.8390485010148363,54.78111424906188,5.0,B08J9NQ6CS
fitsne,10000,4134,55.50914053621844,-44.22718910546535,4.0,B082T7HDGT
fitsne,10000,4135,56.10557522125764,-48.34104237478086,4.0,B07KJ6GDGN
fitsne,10000,4136,-4.001156881219579,-43.21926401494562,5.0,B088CTT6KZ
fitsne,10000,4137,40.53877888835833,-60.541526016018935,1.0,B07KXVLRHG
fitsne,10000,4138,-58.950320245904464,16.641222504543336,5.0,B08RMVG7BY
fitsne,10000,4139,-59.18553568060794,18.78682237470468,5.0,B0BCPC68J6
fitsne,10000,4140,62.48805061994042,18.640717219613695,4.0,B0757LCDD5
fitsne,10000,4141,-53.45576992045348,8.833608886036902,5.0,B0B12PXQYM
fitsne,10000,4142,6.5772986598798715,8.321794720703787,5.0,B00FES2TU2
fitsne,10000,4143,-7.848652521682962,-68.86657878593194,5.0,B001S0PX1M
fitsne,10000,4144,-30.599282848503364,5.51917018352788,5.0,B005PCPI82
fitsne,10000,4145,-20.096487535764595,69.16117265701402,5.0,B005DION7U
fitsne,10000,4146,-49.86267498161919,-11.805389474094236,5.0,B076GVVB6R
fitsne,10000,4147,-1.1447616265567984,-65.83627908432891,4.0,B0753CSBW1
fitsne,10000,4148,-11.39384201869487,-48.046080903181945,5.0,B008F2YEN4
fitsne,10000,4149,2.0120642371617117,2.5252526895384637,5.0,B0B24GTQ9G
fitsne,10000,4150,-3.70524413385435,-46.26426188010188,5.0,B00AZFMOS6
fitsne,10000,4151,25.445568957418697,46.67028065991065,5.0,B00WH2TB1S
fitsne,10000,4152,-13.384720331913186,-64.91736313883067,5.0,B0046EDOWW
fitsne,10000,4153,-18.153112731895956,34.34578630322141,5.0,B077HGQ44Q
fitsne,10000,4154,-33.87941495815634,-4.413512151428137,1.0,B00E9MD700
fitsne,10000,4155,-5.65246648707592,66.39264326585602,1.0,B09FLGDRMZ
fitsne,10000,4156,-8.483951915017293,-70.93973469141834,3.0,B0B4DPLGHQ
fitsne,10000,4157,-2.2536383003214002,-65.3614411814813,2.0,B08KR8CRQP
fitsne,10000,4158,38.95343804221609,-20.852955018364536,5.0,B09DGFHKNC
fitsne,10000,4159,27.553417760716044,-40.18440348353411,2.0,B0BWLWDLPF
fitsne,10000,4160,-16.829099354441873,-44.44656118213125,4.0,B08M9DXY4P
fitsne,10000,4161,37.665984965982595,50.491734669508666,1.0,B06XSW5JRZ
fitsne,10000,4162,-29.357399625309924,14.977491817732856,5.0,B0B21DKG75
fitsne,10000,4163,45.871308643103674,-31.038167215590775,3.0,B00D23LYW0
fitsne,10000,4164,42.48408228816273,-14.063153173064945,5.0,B0194TXW4I
fitsne,10000,4165,3.3094219832476495,-11.41972321962301,5.0,B08D3LP9W4
fitsne,10000,4166,38.63675775527318,-31.51894349115919,5.0,B07QC4WZFZ
fitsne,10000,4167,4.615333180894994,-7.0950856664439454,5.0,B0002F67N2
fitsne,10000,4168,1.6468477401418662,20.443191568812747,5.0,B0BP9Z1LB5
fitsne,10000,4169,-9.350098958442594,-34.30876233770716,5.0,B0791TX5P5
fitsne,10000,4170,-4.251097741655192,28.864398574524007,5.0,B0BPMLRQHQ
fitsne,10000,4171,47.05815035882491,-5.766776520869599,5.0,B07H65KP63
fitsne,10000,4172,-6.452661676627785,-22.23322671045081,5.0,B07KTYJ769
fitsne,10000,4173,33.189898059195755,14.764250417375955,5.0,B093K8HLJZ
fitsne,10000,4174,9.727777901053559,61.353919974142485,5.0,B07J2FGZSM
fitsne,10000,4175,-2.2190060641133367,12.91302230247491,4.0,B00OQVZDJM
fitsne,10000,4176,46.14241007181517,-6.176653057975107,3.0,B00ZXB1US2
fitsne,10000,4177,23.6355123666621,-12.885493600832566,3.0,B01N0H8WUZ
fitsne,10000,4178,55.803399386475704,11.37298691247498,5.0,B07SNQLZD4
fitsne,10000,4179,-7.123172775345083,-62.2255736868894,4.0,B07VQLT75P
fitsne,10000,4180,41.3513939376652,0.5394603544982959,5.0,B09SGKSD4P
fitsne,10000,4181,-7.864722520231529,-11.74951886849122,2.0,B00RCSU7OW
fitsne,10000,4182,-1.4385965591234668,-59.14882228789627,5.0,B000MUXVYK
fitsne,10000,4183,25.782050838548578,-7.914976007381175,5.0,B07WZSTQD9
fitsne,10000,4184,-31.32307435295652,51.683994078453594,5.0,B00HPMCO4Q
fitsne,10000,4185,13.364588404014452,15.93110625834359,5.0,B0012BL8LG
fitsne,10000,4186,64.21868034172263,-39.66317237196791,5.0,B00L3KSP08
fitsne,10000,4187,-17.66835487135729,-12.556746194473321,3.0,B095YT1C6M
fitsne,10000,4188,-4.352529312452105,-43.641705491285734,5.0,B07XV3GGRX
fitsne,10000,4189,-7.408016452449634,23.81319755540498,4.0,B071GGB84Y
fitsne,10000,4190,-51.73128661724217,-8.61476384140126,5.0,B075KP9XHS
fitsne,10000,4191,-50.551462809263974,-7.283002971417611,4.0,B07GVWH35S
fitsne,10000,4192,-46.519323520217014,-25.4500289275761,4.0,B00ND5UOFU
fitsne,10000,4193,-31.489140901387135,-16.419609568174955,4.0,B00LD3Q56G
fitsne,10000,4194,-49.325342230075975,-13.011501681342663,5.0,B000E1PXJS
fitsne,10000,4195,-37.34611827065434,23.316798790126313,4.0,B007R9RUPU
fitsne,10000,4196,17.58080311280833,-44.82412460881157,5.0,B01M0GB8CC
fitsne,10000,4197,34.80276350070178,-20.37423020175055,1.0,B0C211KFK4
fitsne,10000,4198,3.0257847633432142,-6.1781136940461465,5.0,B07GZFM1ZM
fitsne,10000,4199,28.048718489318674,-41.52658651085687,5.0,B07KJ6GDGN
fitsne,10000,4200,-12.103007826745745,34.88524819167928,5.0,B01DKOFZVQ
fitsne,10000,4201,-11.697542832955037,35.33674080712313,3.0,B00GMCLLYE
fitsne,10000,4202,-43.0830840199292,-12.871745716032702,5.0,B0BHWQ3H17
fitsne,10000,4203,-44.048872822410424,-13.469416513326879,5.0,B0819PCPBV
fitsne,10000,4204,-35.59294511138627,13.278263237758054,4.0,B00RELNQXG
fitsne,10000,4205,-37.72245128153873,15.553582549827848,5.0,B010JKMO7W
fitsne,10000,4206,-2.5745228401541893,-68.07863143917731,5.0,B01M9AWXJO
fitsne,10000,4207,-20.35000044173833,-12.112570691753026,4.0,B00BII1156
fitsne,10000,4208,-21.917978547963944,-11.666665276121432,5.0,B0B58ZK8CZ
fitsne,10000,4209,-58.018636257864806,14.035332860456188,3.0,B071WW5M69
fitsne,10000,4210,11.095060002006237,-39.261348821024455,2.0,B07DWXL8GD
fitsne,10000,4211,14.587425986698321,-20.53175746795068,1.0,B008RSH6NG
fitsne,10000,4212,20.657880842706213,43.074194424526226,5.0,B07X3GQT7V
fitsne,10000,4213,-10.603105119684908,-60.60606121989658,1.0,B07PYLT6DN
fitsne,10000,4214,-36.04983691100191,-18.607874541756217,1.0,B07XNXQCZ2
fitsne,10000,4215,31.015627033609217,8.573719845261003,5.0,B071K5BQPF
fitsne,10000,4216,45.053725915999664,44.87112738124052,5.0,B07J3FMTJ4
fitsne,10000,4217,-38.67895993707774,3.1389617466946707,1.0,B01MYT9D96
fitsne,10000,4218,-0.8493534904486546,-23.928926374956472,5.0,B00WHT67YA
fitsne,10000,4219,-56.51190690567453,20.556498065306187,2.0,B084CZJK7H
fitsne,10000,4220,-25.12068108982147,-19.559918970150054,5.0,B075X8471B
fitsne,10000,4221,-12.851919156248453,-46.265577351762005,5.0,B0153WUOXM
fitsne,10000,4222,-41.799589112177415,-36.69712004752319,2.0,B0C1N6CWVL
fitsne,10000,4223,-19.673465506876497,-47.62980387085835,1.0,B07S4MFN8Z
fitsne,10000,4224,-21.565445209813852,-13.670969191880983,5.0,B078T633Q9
fitsne,10000,4225,-28.694695945066535,-22.825659765358242,5.0,B08WJSHSLC
fitsne,10000,4226,-31.933315736805007,-19.10267212914652,5.0,B0791TX5P5
fitsne,10000,4227,-21.266517584017414,-19.613170361784487,5.0,B075X8471B
fitsne,10000,4228,-11.340840417809114,46.004715490638446,5.0,B01BRWH8G8
fitsne,10000,4229,-18.224769466704654,-46.20538497954858,5.0,B01K8B8YA8
fitsne,10000,4230,-6.361539896786026,25.393327551547667,5.0,B00QFY4JRA
fitsne,10000,4231,-43.125611334989564,-2.0496918931657953,3.0,B0774TF8WY
fitsne,10000,4232,34.47591863879177,-2.2450185119340786,5.0,B07GP2ZDQ8
fitsne,10000,4233,15.390474506155966,-8.849260078684173,5.0,B01MZ8ZU42
fitsne,10000,4234,17.693868510655506,-7.949461992048661,5.0,B07CKQY7RN
fitsne,10000,4235,-6.238954731919706,-42.495624053173344,5.0,B01D4HTIOY
fitsne,10000,4236,14.640308573992519,33.451659568032,5.0,B08H1SR1B3
fitsne,10000,4237,57.533221828652934,-13.207767908140806,5.0,B09ZTW2DJJ
fitsne,10000,4238,-1.9192747206881962,-62.35817265992529,5.0,B07YY1DCHG
fitsne,10000,4239,27.67793168707157,8.27610833965467,5.0,B08VRLPWQL
fitsne,10000,4240,-7.27590031700555,-64.15625303916653,4.0,B0858N128P
fitsne,10000,4241,-43.207742159222846,1.652849228511698,5.0,B08DXJB77C
fitsne,10000,4242,50.66352714092002,-16.98873056735197,5.0,B08RD8K7ZG
fitsne,10000,4243,30.102568046250145,-14.03738151613743,5.0,B087R7MNBQ
fitsne,10000,4244,-0.5159969560635926,-71.65655170094453,1.0,B07TGTSKSH
fitsne,10000,4245,49.30277367529452,1.4233511554505414,5.0,B0BJVP51YS
fitsne,10000,4246,-19.44678914638195,-12.112156334469354,5.0,B07TH2CYNT
fitsne,10000,4247,17.81184191401802,51.70982709715108,5.0,B099ZTR1GJ
fitsne,10000,4248,9.442314324155703,-43.907733017469866,2.0,B07S764D9V
fitsne,10000,4249,14.970547658787611,-21.353236105111183,1.0,B016UCB7G2
fitsne,10000,4250,17.576145116475026,-31.012336566501073,5.0,B01M7VOJFW
fitsne,10000,4251,11.529828304348987,15.537188026069071,2.0,B000HVHYJW
fitsne,10000,4252,23.60483753438838,-25.37263624392325,1.0,B0C211KFK4
fitsne,10000,4253,-7.357164017084177,-37.03408928633368,5.0,B09W4XDQ9Q
fitsne,10000,4254,16.69504912139844,-7.879475170378111,5.0,B0C6ML153J
fitsne,10000,4255,-5.649488635252757,68.56124774549235,5.0,B01AOODE18
fitsne,10000,4256,56.29416996637447,8.29303190330161,3.0,B00006IAGZ
fitsne,10000,4257,-12.585191451667173,-6.0324314106892905,3.0,B00L0YLRUW
fitsne,10000,4258,-30.690727996541735,-6.281115595883524,5.0,B00P8D9N52
fitsne,10000,4259,39.43767673232477,-37.920746420230046,5.0,B07PHQ93TV
fitsne,10000,4260,-3.031453363089584,6.928947060066414,5.0,B003VAGXZC
fitsne,10000,4261,10.462829951517286,-13.954232209593107,5.0,B07GPGVYGX
fitsne,10000,4262,3.868778905903807,-6.248276675108416,5.0,B09YVLCHCH
fitsne,10000,4263,36.82804949253776,8.638576601864994,5.0,B07KPCRBTL
fitsne,10000,4264,-47.76610062889772,5.899891024309101,1.0,B009XHC70W
fitsne,10000,4265,3.448228290051191,-7.909568302658898,2.0,B08GWV46QP
fitsne,10000,4266,0.5939437626414981,67.28895950275178,5.0,B09RH3B1YG
fitsne,10000,4267,19.015750835506726,43.21317808276392,5.0,B07CYG62HB
fitsne,10000,4268,0.02445479704844898,-73.22241735889298,1.0,B013ZR5KJU
fitsne,10000,4269,12.346063725982125,-41.121204220508666,3.0,B01LX3FJ8X
fitsne,10000,4270,-33.65092210426565,-15.875796156025851,3.0,B086VR9J8Q
fitsne,10000,4271,-22.781504160221033,-23.99182336582065,5.0,B07GZFM1ZM
fitsne,10000,4272,42.02546128486741,-12.184530380059382,2.0,B0BS2TMK39
fitsne,10000,4273,-11.94606814264084,67.38644913955814,5.0,B003VAGXZC
fitsne,10000,4274,11.254492636848116,-26.279826390104912,2.0,B0B5R4Z5WH
fitsne,10000,4275,17.520669755966765,51.94226453927521,4.0,B07NPGGFYJ
fitsne,10000,4276,1.0141606405957104,-7.706902387991054,4.0,B07N8VFFNS
fitsne,10000,4277,-61.574871111098965,-20.07029109925212,5.0,B074TC662N
fitsne,10000,4278,67.84872496954698,-6.85942409674858,5.0,B0791TX5P5
fitsne,10000,4279,3.0375236312191474,-60.402012319505396,5.0,B073S582XZ
fitsne,10000,4280,-10.882297118025681,-21.838241295114287,1.0,B07H65KP63
fitsne,10000,4281,21.059488356057138,58.307003973047806,5.0,B07HQH7M9T
fitsne,10000,4282,0.18839404448916314,53.933111931714144,5.0,B07F4P3JH7
fitsne,10000,4283,49.46025878144982,38.73961720081359,5.0,B09NW99FDL
fitsne,10000,4284,2.4873915273354235,50.13855521595477,5.0,B09FXTQ32M
fitsne,10000,4285,3.12008962581062,36.22772542602028,3.0,B0C1Z6K266
fitsne,10000,4286,-8.40243539204237,-64.39586303108068,5.0,B0B2K1C5TG
fitsne,10000,4287,0.09729685579832009,15.243933505787302,5.0,B08R5WKLD8
fitsne,10000,4288,-8.494545205265018,71.60268164137841,4.0,B08ZC74KH9
fitsne,10000,4289,2.5368917356142364,42.548287711779935,5.0,B08FT8LKHC
fitsne,10000,4290,-5.770512608560006,-51.63455560369072,4.0,B08SQ8QNPW
fitsne,10000,4291,-8.540872144313978,-33.343791285838876,4.0,B087CGPX49
fitsne,10000,4292,-3.5979863483665793,27.2272282486641,4.0,B0BHT61RNB
fitsne,10000,4293,-6.726778007954236,25.88212652145376,3.0,B07KR82DHG
fitsne,10000,4294,20.2337751431069,10.728534489681465,5.0,B000VL21KU
fitsne,10000,4295,-5.0092296087221,11.377641426623148,2.0,B07K2ZHN9C
fitsne,10000,4296,-38.56613889009249,19.956905327835827,1.0,B07JGT5HCW
fitsne,10000,4297,41.73799182484278,36.48510387034514,4.0,B07K9F16YG
fitsne,10000,4298,-7.531201852142837,26.27793506979696,2.0,B07DLTYC6S
fitsne,10000,4299,-0.45466716339472996,-57.81866387022788,5.0,B07K8XPS7J
fitsne,10000,4300,-18.936224564669338,-71.73926288790761,5.0,B083MMMKV5
fitsne,10000,4301,-4.302547786996416,28.947373593063926,5.0,B088W1VYR5
fitsne,10000,4302,-24.47186332515724,22.84344037656335,4.0,B09HVB9XJ7
fitsne,10000,4303,13.524002274774789,4.146168315395506,4.0,B07B4915CX
fitsne,10000,4304,-51.52561964807479,-16.412930923287274,5.0,B07PYHMYWV
fitsne,10000,4305,-26.481325810871514,-33.70735978776549,4.0,B07FLH7VLQ
fitsne,10000,4306,-1.3305553028330346,-58.237827260129436,5.0,B07FC9BNQL
fitsne,10000,4307,48.21732910638761,41.30879688952737,5.0,B07FP3LY47
fitsne,10000,4308,6.278859395882245,24.83408604031433,5.0,B07JYZRZ3F
fitsne,10000,4309,-12.021916136183464,57.63422638027356,2.0,B07B8QMNMV
fitsne,10000,4310,0.15112023864119084,30.92349681528967,3.0,B01NGTX7X8
fitsne,10000,4311,45.144400120141626,48.47850039406523,5.0,B07CSPD27K
fitsne,10000,4312,52.25192658367816,34.69132563217453,4.0,B01M6C9CC3
fitsne,10000,4313,26.973233486401547,52.79633806528847,5.0,B071QWFRFG
fitsne,10000,4314,48.10399042875426,42.57765837458831,5.0,B079L8JS1G
fitsne,10000,4315,-15.719798960236723,-55.34529403396679,5.0,B073RZSTGL
fitsne,10000,4316,-18.912827186054397,-50.01835667859613,5.0,B07C1QB53H
fitsne,10000,4317,-3.9500705315722016,-66.16550221916089,5.0,B079P9QV3C
fitsne,10000,4318,54.78144098213073,8.52289584649004,3.0,B01N5C85GL
fitsne,10000,4319,-19.73677497423281,-45.15028777546878,5.0,B079V81NS8
fitsne,10000,4320,11.603514170066468,5.576747174943208,5.0,B073WY596L
fitsne,10000,4321,0.19152193153414648,-59.5694235015849,5.0,B074PP3ZPF
fitsne,10000,4322,0.15898374307516855,-59.5082396996154,4.0,B0747LJMDJ
fitsne,10000,4323,-5.811822367667486,-1.3403182913500784,5.0,B077RKPYCS
fitsne,10000,4324,38.16994188711928,35.32608542238214,5.0,B011I91K7S
fitsne,10000,4325,-44.836295219589786,29.05309081089089,5.0,B09RXJHHX7
fitsne,10000,4326,1.2608343696528703,31.438425265036106,5.0,B09299G7TR
fitsne,10000,4327,-15.250401586107218,-34.06082954876879,5.0,B01IWIBJ6K
fitsne,10000,4328,-10.939250132921764,-22.357565584615546,5.0,B01K8B8YA8
fitsne,10000,4329,-26.64469569767376,-25.04075294363789,5.0,B01LWVSFZ8
fitsne,10000,4330,47.32993897642398,43.4058935339342,5.0,B01N5Y1V39
fitsne,10000,4331,-12.95055227930772,34.13080012937406,5.0,B01M4LZBOM
fitsne,10000,4332,-29.878166056938788,-17.59915016419498,5.0,B016W8XDY8
fitsne,10000,4333,-6.2699544094572515,-1.3085522752440641,5.0,B00QOQU95K
fitsne,10000,4334,-12.398625316044496,35.827756817419115,2.0,B07HL5SDPQ
fitsne,10000,4335,16.753411870862724,62.04086271632817,5.0,B00FQ1NO9W
fitsne,10000,4336,0.16040787131153003,-57.550219588309545,5.0,B00DBRONZC
fitsne,10000,4337,47.217475996737015,43.24735905224596,4.0,B008E18PDG
fitsne,10000,4338,-27.149608571185844,24.083575172772097,5.0,B009PK2MNY
fitsne,10000,4339,43.08064222042531,36.696542932006125,3.0,B01KTKFMFS
fitsne,10000,4340,-55.5407365087586,8.159488237436836,1.0,B08Y8K3JK5
fitsne,10000,4341,-47.64099132475148,3.5298711351793908,5.0,B093BNHQFR
fitsne,10000,4342,-14.514289044729631,-24.35338838700256,5.0,B07H65KP63
fitsne,10000,4343,36.241516104077036,24.270103866981664,5.0,B086WVQ3KB
fitsne,10000,4344,39.159955338018676,13.569851559995557,5.0,B098FZ19GX
fitsne,10000,4345,55.87700040279617,11.34378673401537,1.0,B07C4ZPTYT
fitsne,10000,4346,-8.761413463131523,-14.27716457000951,2.0,B09WDS7KLW
fitsne,10000,4347,58.79887311170496,8.350387660651364,5.0,B01B6AN7WK
fitsne,10000,4348,-30.181999327234717,6.565755200865455,5.0,B008R79VMQ
fitsne,10000,4349,-4.2594531698422164,9.125108656297758,3.0,B007LOSMS0
fitsne,10000,4350,-30.699238436816483,-6.075975016232454,1.0,B008USBYMM
fitsne,10000,4351,43.517126843282384,-19.076040225869676,5.0,B07FXJD8W1
fitsne,10000,4352,-12.271416640726398,-70.864818480352,5.0,B013HSW4SM
fitsne,10000,4353,-28.582163276066304,38.50288710694923,4.0,B01J66NF46
fitsne,10000,4354,-0.2389401536738138,-71.71022934791176,1.0,B08JSMB43D
fitsne,10000,4355,4.541786849862429,22.3167687178423,5.0,B0BT22X92B
fitsne,10000,4356,21.665788009416556,16.69690866337699,3.0,B0B9LDXJ3X
fitsne,10000,4357,25.067631197406705,48.470742184645864,5.0,B08GLMFT79
fitsne,10000,4358,-7.130714426978968,-1.1702115341441282,5.0,B07SHFPD8S
fitsne,10000,4359,47.31872045914291,-1.9293641440646516,5.0,B0C876SJG6
fitsne,10000,4360,-25.899461643869632,-25.601145991785696,3.0,B075X8471B
fitsne,10000,4361,39.22740771677749,-10.51587493117546,5.0,B071RXTD57
fitsne,10000,4362,29.26947071158612,-53.929444754589404,5.0,B08CLNX58K
fitsne,10000,4363,43.09983697410287,19.137384187932007,5.0,B00SC7GHSM
fitsne,10000,4364,-4.307341073638529,-42.27821573585695,5.0,B00O15BQC6
fitsne,10000,4365,2.290219976162804,-32.148006909870475,1.0,B000VN32O2
fitsne,10000,4366,-17.658349513721515,-30.41208410112583,4.0,B08PBPZB5Z
fitsne,10000,4367,-11.871063849400151,-8.539399434488873,1.0,B07PHQ93TV
fitsne,10000,4368,-22.883420569436595,1.6196991219847503,1.0,B07HZLHPKP
fitsne,10000,4369,-22.93808305124032,1.626013177519592,1.0,B07S9THRC5
fitsne,10000,4370,24.206376360245486,27.54699565300308,1.0,B0C9LWR99P
fitsne,10000,4371,34.72658922835694,-27.34135887879263,5.0,B0BSH231H2
fitsne,10000,4372,30.879908473534556,-42.854224816482045,5.0,B01HAVSPOY
fitsne,10000,4373,24.980423258222572,-31.72387156483648,5.0,B000067RG5
fitsne,10000,4374,16.17625775218548,-30.78170984215307,2.0,B00711ST5O
fitsne,10000,4375,15.9911520120118,-30.942002231196664,1.0,B0133U4MHU
fitsne,10000,4376,15.29318159382114,24.136487235472206,1.0,B00KA3LS8K
fitsne,10000,4377,5.034989065114879,53.016868333214234,5.0,B00NNBQKA2
fitsne,10000,4378,11.062965525917662,-26.431421853269672,1.0,B00LEFU2EY
fitsne,10000,4379,-57.50338812724611,39.796088351707134,1.0,B01F4H1DM2
fitsne,10000,4380,48.17062046525553,-34.072507061951235,5.0,B016NP71MA
fitsne,10000,4381,20.271517309877957,-21.304369194314813,1.0,B00NWQZK3Q
fitsne,10000,4382,-35.93809441587237,42.74304374461113,5.0,B07454F4JH
fitsne,10000,4383,-1.1123195326206476,-44.81628871866291,5.0,B07CZ2PZJM
fitsne,10000,4384,-3.544676175925179,67.90389331546106,1.0,B0B7HTGNQK
fitsne,10000,4385,15.296732090946358,-27.8638946312017,1.0,B00906E03I
fitsne,10000,4386,64.35400576903373,-38.89901086519498,5.0,B081R1QS8K
fitsne,10000,4387,41.579561277518906,-20.66152266326922,5.0,B08X2LQYZR
fitsne,10000,4388,49.950770442622904,-16.463491032775313,5.0,B076WQHK2G
fitsne,10000,4389,50.070496221517665,-16.19401365546674,5.0,B07QVCZQ7N
fitsne,10000,4390,50.074742991507335,-16.19366666057774,5.0,B087F362BX
fitsne,10000,4391,50.07440965975725,-16.193740302729353,5.0,B07FMQ4YR7
fitsne,10000,4392,50.072310869660996,-16.19428054879414,5.0,B08HS9ZWQL
fitsne,10000,4393,50.07092375470063,-16.196554607635896,5.0,B08FPD1938
fitsne,10000,4394,50.075229907083404,-16.19342532970419,5.0,B08B1WQY3D
fitsne,10000,4395,50.070907121496255,-16.194486838445112,5.0,B08DLSLCF3
fitsne,10000,4396,50.075661945227296,-16.193520310141082,5.0,B07GNK18VJ
fitsne,10000,4397,50.739144036502104,-16.312537305882625,5.0,B0B6DPD19Z
fitsne,10000,4398,51.329775554288695,-35.03329397851999,5.0,B072J983PB
fitsne,10000,4399,1.3802945921325156,54.183856393674255,5.0,B07F4P3JH7
fitsne,10000,4400,32.3970832969557,5.559635393264626,5.0,B076BBWMDJ
fitsne,10000,4401,59.58602853390364,-38.569405229919894,5.0,B0043C0HJA
fitsne,10000,4402,40.21871061327086,-37.21352928329284,5.0,B07HWJ9TKL
fitsne,10000,4403,58.048472121039296,-20.662741877349916,5.0,B0711ZKF75
fitsne,10000,4404,4.168301224730427,-11.833567527276177,5.0,B0C26NRH8Z
fitsne,10000,4405,-11.839377459841526,-61.9462313703613,3.0,B0BHNC2ZYV
fitsne,10000,4406,25.433672195639176,51.54950602835924,5.0,B07S8WB3BR
fitsne,10000,4407,16.388130258515822,-36.88228564839549,1.0,B09BJJTKLK
fitsne,10000,4408,-8.106030859705607,71.42924169226241,5.0,B08TC81YQG
fitsne,10000,4409,-36.04035559646729,7.137172416009005,1.0,B0BBGK39G4
fitsne,10000,4410,-50.684604674680045,26.960851136944456,1.0,B08T9T4C7J
fitsne,10000,4411,-10.268933191647942,47.63336711600139,4.0,B0B4F9H4DF
fitsne,10000,4412,32.335543678164115,54.5075701722476,3.0,B0B47D3S6T
fitsne,10000,4413,23.27868538629701,-43.46930435599342,1.0,B09M8LN19F
fitsne,10000,4414,2.823769625417176,43.727188829803524,5.0,B09NQ7151V
fitsne,10000,4415,-23.25022331023147,-10.123519169540383,3.0,B0933G71SZ
fitsne,10000,4416,26.973002282972953,41.88929989625123,1.0,B09GDD648C
fitsne,10000,4417,19.83512120735764,38.22067080046128,1.0,B0BVYB9NVD
fitsne,10000,4418,-51.16009316178039,16.048823599650948,1.0,B0BVY4JVNG
fitsne,10000,4419,-16.696738117266836,5.716414660606148,5.0,B0BVY5RHRR
fitsne,10000,4420,-10.309860777162733,-61.28855731588244,2.0,B0BLVYRWTX
fitsne,10000,4421,-46.16170509852058,25.79597156983066,4.0,B0BWYPV5NY
fitsne,10000,4422,-51.51528228381437,-1.0139886434823853,2.0,B07LG4FYVR
fitsne,10000,4423,-50.06527032060021,-14.085557525990506,5.0,B07ZQC6B9D
fitsne,10000,4424,-22.523833459500782,-44.01878306786498,5.0,B078H4YD2L
fitsne,10000,4425,14.096056501049432,4.7181445582005965,5.0,B07P5JV6HT
fitsne,10000,4426,13.628984167728301,4.160608209689295,1.0,B08M8Y6473
fitsne,10000,4427,-43.8408817714762,44.013903174947544,5.0,B01IEU7UZ0
fitsne,10000,4428,-16.986939013439514,5.705627052992191,1.0,B0883DTP6L
fitsne,10000,4429,26.69527842303114,49.92881075304548,1.0,B01MFBM684
fitsne,10000,4430,-27.99133563336974,53.22153195015053,5.0,B0BHMN1T7B
fitsne,10000,4431,34.92314981999481,-15.9609316838414,5.0,B073S3WQQH
fitsne,10000,4432,-23.12004755290897,-18.544029756906212,1.0,B01DLCQZGG
fitsne,10000,4433,-25.04027779998786,0.07202411949209037,4.0,B0BGMZZMZN
fitsne,10000,4434,-6.348804823480497,-59.805068033045096,5.0,B00WSLYQ7C
fitsne,10000,4435,-16.654147328920388,-40.000246152927375,5.0,B00IOG3URW
fitsne,10000,4436,-48.36863229487044,35.28481499696203,5.0,B003KPBRRW
fitsne,10000,4437,25.58279217748033,2.973578485039686,5.0,B0063N7UGA
fitsne,10000,4438,-27.75601471214808,-19.889789967544246,5.0,B004MFBH8S
fitsne,10000,4439,-4.368499342743449,71.88740779844981,1.0,B0009RKLMG
fitsne,10000,4440,-44.940016669614074,-28.91140273769356,5.0,B001GGAIGI
fitsne,10000,4441,-45.47965984110953,-26.86059310703984,5.0,B001DVZXC0
fitsne,10000,4442,18.952958013504666,44.61075087355848,5.0,B08SHKWV8L
fitsne,10000,4443,23.12175798315074,56.450892216235296,1.0,B078JCWJ9Z
fitsne,10000,4444,-33.31093999158549,40.44872310111182,3.0,B01CIEBS74
fitsne,10000,4445,23.389595636145927,32.91295242322021,1.0,B01K6PBIRC
fitsne,10000,4446,-2.177597641286611,12.850227506491713,1.0,B01A08E70K
fitsne,10000,4447,-17.511310819044454,5.679702412879044,5.0,B00A83I8G2
fitsne,10000,4448,22.2299691905266,43.854454439031436,5.0,B00GA2PELW
fitsne,10000,4449,-8.333768198989274,26.625600043462576,5.0,B00B8KXLT8
fitsne,10000,4450,24.895915620010694,19.178121397110434,1.0,B0BYPFJKT7
fitsne,10000,4451,-26.869532956621185,43.09772141624179,5.0,B008J0Z9TA
fitsne,10000,4452,-12.77536946827988,52.63926466411748,5.0,B00AW4O0M8
fitsne,10000,4453,23.758958637564664,41.999537665580895,5.0,B004V9F61O
fitsne,10000,4454,-27.247576462453672,43.5992806893116,5.0,B004Q3C98S
fitsne,10000,4455,9.33899825733106,64.56767026166538,1.0,B00825C0PS
fitsne,10000,4456,26.77553811770236,43.44093745336944,5.0,B0777SJZ55
fitsne,10000,4457,-15.992863557206915,72.2244728054223,5.0,B0043T7FXE
fitsne,10000,4458,41.436913802382826,-13.037000703000652,1.0,B01J94SWWU
fitsne,10000,4459,-44.03949957316261,-6.251385718414956,5.0,B08XKBPPM3
fitsne,10000,4460,-27.41786656380366,17.775670335218148,3.0,B005HGILN0
fitsne,10000,4461,12.707862853411552,-38.11455005110818,4.0,B0C36JWCCM
fitsne,10000,4462,-1.5689279863233099,-67.72505224856766,5.0,B09JQMJHXY
fitsne,10000,4463,42.264006310228694,-43.39546675225946,5.0,B0097BEFWC
fitsne,10000,4464,-21.069194968514676,6.329219490190046,3.0,B09L44Z63L
fitsne,10000,4465,-18.836081760336185,7.093984790658245,5.0,B0B7RL1835
fitsne,10000,4466,-3.630890664091706,-34.273207323304945,5.0,B07H65KP63
fitsne,10000,4467,13.33496373842284,47.252431714793055,5.0,B07JMQP6T6
fitsne,10000,4468,32.13442383151534,11.086422646201173,5.0,B094QBNBC4
fitsne,10000,4469,-31.51051822737659,-24.840263214887216,5.0,B07H65KP63
fitsne,10000,4470,-61.63499270027773,-19.942277441135875,5.0,B0C26NRH8Z
fitsne,10000,4471,-16.66083200754096,-13.015442983462814,5.0,B09TKC23YB
fitsne,10000,4472,-42.837617925308976,1.4768098874722941,5.0,B095H4PGJ5
fitsne,10000,4473,3.4652550218897322,-13.62297744677978,5.0,B0778MP49B
fitsne,10000,4474,-1.9512815215618262,-58.669271398525886,5.0,B0787KLT56
fitsne,10000,4475,-11.716613342965246,-27.30878689937961,5.0,B00ZVJAF9G
fitsne,10000,4476,-48.54491175774983,17.026623544750212,5.0,B013DN53WU
fitsne,10000,4477,-14.255409455727184,49.61174167965254,5.0,B00PVIBIN4
fitsne,10000,4478,-30.843909271070583,29.815311848475222,5.0,B01F69ARK2
fitsne,10000,4479,49.60515292703277,1.226959040866264,5.0,B00MWZTWJG
fitsne,10000,4480,22.15927812085096,16.884473609425836,5.0,B07RYN4ZVL
fitsne,10000,4481,-3.614738098717217,-57.69785933073827,5.0,B07FM4HKWN
fitsne,10000,4482,-6.4493718684768515,25.813474876151314,5.0,B0C61QZ71T
fitsne,10000,4483,35.43687468432931,-8.860853376509516,1.0,B0BX86Q6PB
fitsne,10000,4484,-26.62124271759576,-49.57293768712212,5.0,B00BCSYZSW
fitsne,10000,4485,-4.163585446856675,-62.040496246176026,5.0,B00BONB8FS
fitsne,10000,4486,-5.835830675636394,-1.1451768497154062,5.0,B003U46SWC
fitsne,10000,4487,-10.712751320156062,47.4378010643815,5.0,B0BC8KWS2Q
fitsne,10000,4488,49.08782617212409,42.541480763574235,5.0,B0BY98CSFT
fitsne,10000,4489,45.02298406916248,39.89415442722166,5.0,B0BRTPJ8FW
fitsne,10000,4490,-9.608927308141482,-50.81959101341055,5.0,B0BCF1BSXK
fitsne,10000,4491,-22.704273516141235,-41.72299358062584,5.0,B08G6KK3L6
fitsne,10000,4492,-14.097632641831733,-22.951504380563748,5.0,B07HZLHPKP
fitsne,10000,4493,55.51841194125521,33.88379806980842,1.0,B06XW7T3WD
fitsne,10000,4494,-36.06949613049977,9.115889226429735,1.0,B0B8J17B9L
fitsne,10000,4495,47.63365185221649,-14.573214279611118,5.0,B0BN1LF4PS
fitsne,10000,4496,42.410580980647055,-4.378035261798842,5.0,B0822D8551
fitsne,10000,4497,-0.935826643888426,40.035821530176115,5.0,B0B2K25S5S
fitsne,10000,4498,-62.67724062949496,-14.399701719968967,4.0,B08G1NNG1W
fitsne,10000,4499,-62.43177922098366,-13.960991341920083,5.0,B0C4P11F1C
fitsne,10000,4500,-62.68056555686094,-16.063549429478876,4.0,B0895N285F
fitsne,10000,4501,-26.223619755839426,23.911522264698213,5.0,B0CDCF3MLP
fitsne,10000,4502,-17.18471722056542,68.35839332960865,4.0,B09Y1PSVTB
fitsne,10000,4503,-18.344521140203454,69.6054952776429,4.0,B087Q5XTK9
fitsne,10000,4504,-34.07157824433338,52.01639384465683,5.0,B0C447ZT7H
fitsne,10000,4505,1.528040068236061,38.00553458333979,4.0,B087LS8ZRV
fitsne,10000,4506,-55.319366686291914,4.974305321274971,5.0,B08LPJL3KB
fitsne,10000,4507,-61.95376273045426,-13.582480477397958,5.0,B08CV271C7
fitsne,10000,4508,-46.78769850374043,-6.842606983123928,4.0,B08K42MJFP
fitsne,10000,4509,-51.323119490007485,-15.524145065577937,5.0,B08Q2WMGKP
fitsne,10000,4510,-56.70477726077316,6.02532729000536,5.0,B08HM2TBPN
fitsne,10000,4511,-42.06022447466402,24.990487613944623,5.0,B08HS2ZCMB
fitsne,10000,4512,-39.43830972040543,53.24835007061024,5.0,B08QV1HG4S
fitsne,10000,4513,-52.762647647765,-9.098807741434953,5.0,B08HCDV6TT
fitsne,10000,4514,-57.38746091551065,-9.877037673323994,5.0,B08FD2XKWH
fitsne,10000,4515,-47.288121400686414,34.15731428989576,5.0,B08GX2YF4D
fitsne,10000,4516,-53.90542335688537,-11.39468841944281,5.0,B08CDD6PCW
fitsne,10000,4517,22.23139900721135,16.410613461241972,4.0,B08315RYD4
fitsne,10000,4518,-53.901960597717455,-11.567177894701915,5.0,B09LQ4FCD6
fitsne,10000,4519,-49.89540528946014,-1.4974466165966702,5.0,B08BC9J8QQ
fitsne,10000,4520,-48.8932683744062,-6.990213222722238,5.0,B0B23LRBRP
fitsne,10000,4521,-59.457438863764246,-11.453905748974371,5.0,B09WKF4TZ4
fitsne,10000,4522,-52.017350289521595,-7.341664937132499,5.0,B08DCSS6LH
fitsne,10000,4523,-56.331106729001,6.305703246120183,5.0,B08BJ8TBZ4
fitsne,10000,4524,-25.450013310817745,40.600506848177176,4.0,B08MFWGDH1
fitsne,10000,4525,-46.8831831564117,34.27125841307846,4.0,B09LH8BBBK
fitsne,10000,4526,-37.88836534194322,29.130815260575044,4.0,B08C4NSZQK
fitsne,10000,4527,-59.45298029785573,-4.508010348729979,5.0,B087T7T8Z7
fitsne,10000,4528,-47.04855060861992,-9.128895326931202,5.0,B08N3ZWCN8
fitsne,10000,4529,-59.48797744341726,-4.490204652481219,5.0,B087TCTMKV
fitsne,10000,4530,-18.482258561029887,-0.13230553919266974,4.0,B088K166SR
fitsne,10000,4531,-13.102404628243715,-1.921293096398183,4.0,B08C5GPVP2
fitsne,10000,4532,-36.48061451340513,-18.409185831188367,5.0,B08P1YXVNR
fitsne,10000,4533,-24.885491074023932,-32.645137827994645,4.0,B0931DYBX5
fitsne,10000,4534,17.507963334512734,18.81790251732099,4.0,B08FG7X8TL
fitsne,10000,4535,-17.68025188246632,17.646231629357175,5.0,B0BKG4RT1F
fitsne,10000,4536,-13.783458863349951,45.365066048057706,4.0,B081VT2CPW
fitsne,10000,4537,1.4290855562471096,39.64603026163528,5.0,B07Z7ZWC6S
fitsne,10000,4538,-47.755031338009005,33.5472717853309,5.0,B0859TMPHT
fitsne,10000,4539,-38.988396917455105,-36.264893394511674,4.0,B07XQ325Y3
fitsne,10000,4540,-56.48967114224837,6.103323117454584,5.0,B084Z66SFG
fitsne,10000,4541,-17.422383084596902,68.48536965228408,4.0,B09Y2SCDB2
fitsne,10000,4542,1.315475591486182,37.92383578550845,5.0,B07ZNQZC9W
fitsne,10000,4543,-35.72758264977692,-12.616136041155956,4.0,B0BVV61JV3
fitsne,10000,4544,34.7138318451477,7.025560791339735,5.0,B083XSR7Z6
fitsne,10000,4545,-41.55399893044751,25.33065620091541,5.0,B082WCKGD8
fitsne,10000,4546,-50.386049388236124,14.475769072741251,4.0,B083SG6P3J
fitsne,10000,4547,-35.92520588550888,-12.997092103440052,5.0,B0C45YWP9R
fitsne,10000,4548,-3.2978091867839745,-9.82562539451232,5.0,B07ZWYLVNY
fitsne,10000,4549,-10.982517595878647,-32.088552590423,4.0,B07ZVG36ZR
fitsne,10000,4550,-54.91026239167182,-8.646466571249908,5.0,B0823BYWGN
fitsne,10000,4551,15.945623188689632,34.64147538051823,5.0,B083169BMW
fitsne,10000,4552,23.461419556881832,50.70418025622596,5.0,B0814BN42P
fitsne,10000,4553,-40.38561459587843,28.259922364241536,5.0,B0B28GXPRR
fitsne,10000,4554,21.229863291632018,52.35206956851856,5.0,B07YJXWDJP
fitsne,10000,4555,-30.6982527236189,-47.4108345109804,4.0,B08LYFRFDK
fitsne,10000,4556,-52.526875355438605,-7.498407558088586,5.0,B0814TG59P
fitsne,10000,4557,-47.699168934117935,33.535943268722015,5.0,B0773LJBZ5
fitsne,10000,4558,-5.5965123263343495,11.952031572325144,5.0,B07WL1RMZK
fitsne,10000,4559,-47.05745578253485,34.82296594445323,4.0,B07Q8N8BN8
fitsne,10000,4560,-48.93480861691493,30.090867006403773,5.0,B07TX1M942
fitsne,10000,4561,-10.387713977161534,-5.621133804027683,5.0,B07R3QL594
fitsne,10000,4562,-9.160335144776138,-63.25686669465523,5.0,B07QXJZ6HR
fitsne,10000,4563,-42.113110132319754,33.2448265732634,4.0,B07PVG3ZW3
fitsne,10000,4564,-52.84998044947563,-11.620388464211,4.0,B0891X1KDY
fitsne,10000,4565,-27.930242280823837,41.11427806346669,4.0,B07S1FMVKG
fitsne,10000,4566,-14.940506559881783,-35.20224495783481,3.0,B0BJ7QMYBF
fitsne,10000,4567,9.110207004133665,16.000298913903173,4.0,B07Q1DPGWM
fitsne,10000,4568,-41.24990617250898,25.11921716899618,5.0,B07LFWRL26
fitsne,10000,4569,-2.0167663858766667,18.45311482262639,4.0,B07PVM4YSX
fitsne,10000,4570,-49.86367866356772,20.406883865338056,4.0,B0BXPGHMN6
fitsne,10000,4571,26.038131278380202,23.93341433878357,5.0,B09WHPJZD3
fitsne,10000,4572,-14.155425047579362,26.760513805383177,4.0,B08D8XN6C2
fitsne,10000,4573,3.0477431663021095,28.1290890860889,4.0,B0B9HF8KDV
fitsne,10000,4574,19.52583103383378,48.13765743337114,4.0,B06ZYB8VD7
fitsne,10000,4575,-53.24575438596287,-7.5045069590405715,5.0,B07HF1TZ1X
fitsne,10000,4576,1.2739532755570384,38.45678605823526,5.0,B07DND2W6W
fitsne,10000,4577,-17.827678563952496,70.37762275921257,4.0,B0BG27Y7DY
fitsne,10000,4578,-11.988135909561313,30.267869439579574,4.0,B079YGJ9XL
fitsne,10000,4579,1.0232181296026281,39.19823402307672,5.0,B076B3Q8JR
fitsne,10000,4580,-4.969711606665411,-60.97089671144581,3.0,B077P4WWHV
fitsne,10000,4581,-2.5538701547570968,-59.276448201229954,5.0,B0778PCW73
fitsne,10000,4582,-6.177642482848009,-0.7222510426675789,4.0,B071XY12YY
fitsne,10000,4583,-25.132555607531607,-58.14571492936103,5.0,B0764DQM28
fitsne,10000,4584,-19.06212439688875,-41.438754062263435,5.0,B06XDH6XL3
fitsne,10000,4585,-11.324800451471178,53.08259943755384,5.0,B06WD61CF5
fitsne,10000,4586,-14.058145002990791,50.80764934460783,5.0,B01MS79LGW
fitsne,10000,4587,-52.244864888875306,-1.6757652887814183,4.0,B01N526C57
fitsne,10000,4588,-42.250993080930805,24.81356969370684,5.0,B07ZPPR4DH
fitsne,10000,4589,-15.170427167609242,-55.36396998150001,5.0,B01DM7AEKI
fitsne,10000,4590,-17.676640015057785,-1.7815924873000766,5.0,B01BD79DSS
fitsne,10000,4591,-24.18283118125342,-45.00467467540133,5.0,B0156KV764
fitsne,10000,4592,1.7594729105869855,32.337352166518954,4.0,B00UAN79KQ
fitsne,10000,4593,41.44387867661408,35.73144408900625,5.0,B00U5ROEIW
fitsne,10000,4594,-27.37754828961073,24.59513007423514,4.0,B00SOXMCCO
fitsne,10000,4595,22.961882256433086,46.5377162194365,5.0,B01BJLCN94
fitsne,10000,4596,-51.78979009810629,24.345175474670867,3.0,B00O90HI3Y
fitsne,10000,4597,0.27215285515793064,-15.70635228594113,4.0,B00GTRVO12
fitsne,10000,4598,-59.68681590559085,17.10226692262902,5.0,B07MFZMQHP
fitsne,10000,4599,-30.750259687682984,-47.55695115950924,5.0,B00I59VBH4
fitsne,10000,4600,-15.686108085062761,50.86680508897941,5.0,B00ANG3T1S
fitsne,10000,4601,23.199004315675634,49.76071111624042,4.0,B00EZBY6F0
fitsne,10000,4602,43.398972386046374,35.49606684357898,5.0,B00EN9Q35A
fitsne,10000,4603,-20.36159660545297,-42.92318550704047,5.0,B00BF9I0JI
fitsne,10000,4604,-30.076217091418332,-44.26333799044945,5.0,B00CACUZF6
fitsne,10000,4605,20.06528147367999,50.08841876525451,4.0,B009YQ8BTI
fitsne,10000,4606,1.4210713977819451,30.352636432894673,4.0,B008RW6QHY
fitsne,10000,4607,-13.012248715460945,-68.93836835927894,4.0,B0094S37GS
fitsne,10000,4608,22.97521538092886,36.407242516049344,4.0,B002MCZ2L6
fitsne,10000,4609,25.65264121507771,40.37785850995735,4.0,B00AFSNGAI
fitsne,10000,4610,3.2649185484520777,5.877124599819172,4.0,B006ZGB58Y
fitsne,10000,4611,-34.933750415310236,45.849055920596534,4.0,B0013G04AQ
fitsne,10000,4612,-29.622014623791035,-44.41831767687075,5.0,B003LNNOCO
fitsne,10000,4613,43.78336002926476,36.902162567613445,5.0,B004JMZPJQ
fitsne,10000,4614,22.716761106483347,49.67694586678958,5.0,B0079T724W
fitsne,10000,4615,1.9752246449759232,5.170507437965403,3.0,B007CRWQ74
fitsne,10000,4616,-15.560449346975131,-69.80570364773594,5.0,B007K3SB6K
fitsne,10000,4617,14.18314870158661,24.44443585841439,5.0,B003ES61EE
fitsne,10000,4618,-15.338175427674324,-69.88847636756435,4.0,B005FVDTAW
fitsne,10000,4619,-15.517602645390712,-69.63001044242273,3.0,B004JU0E08
fitsne,10000,4620,-15.269455738137227,-69.21197082104536,5.0,B002YOENAS
fitsne,10000,4621,-65.58254253854753,-15.711688411388783,4.0,B004K1EZDS
fitsne,10000,4622,-11.424899807599498,30.31467212465104,4.0,B004I1KJ8U
fitsne,10000,4623,-4.576397132688721,56.759184823521366,5.0,B00267SENK
fitsne,10000,4624,23.414191308434944,53.27090085935763,4.0,B004AM625G
fitsne,10000,4625,-21.41160664737989,-39.420649244936826,4.0,B0041HXGIQ
fitsne,10000,4626,-29.441621868004564,-39.5786093476228,3.0,B001D559Y8
fitsne,10000,4627,42.30136069745785,40.140746491003746,5.0,B0033A7K7A
fitsne,10000,4628,-66.0074306912093,-15.754001446279839,5.0,B0013F6HK8
fitsne,10000,4629,-19.70133461694611,-71.76678284362995,4.0,B0C39XH7F7
fitsne,10000,4630,-16.293585606974464,31.688206544287173,1.0,B07N86MCD2
fitsne,10000,4631,-18.977219989458924,-62.63655002833098,1.0,B00AFGP5MM
fitsne,10000,4632,-11.84709018345438,-36.51023238523373,5.0,B07Z9X3397
fitsne,10000,4633,26.37193864961408,31.057284969012034,5.0,B07S83DXDK
fitsne,10000,4634,27.475316870325813,-42.27795674247412,5.0,B06W568Y6C
fitsne,10000,4635,22.040050200395633,-50.255766646398094,5.0,B07H65KP63
fitsne,10000,4636,6.481582171200219,37.69239158594364,4.0,B0C5S13X5W
fitsne,10000,4637,-37.418802348694136,-10.074747684358934,1.0,B083LC9WMB
fitsne,10000,4638,-4.971726782350306,-50.28734382381069,5.0,B097MPYBR7
fitsne,10000,4639,57.08205117493283,19.19727604251069,3.0,B082TNQZYQ
fitsne,10000,4640,14.09675625611389,2.830411113854534,5.0,B07MFZ9MHM
fitsne,10000,4641,-1.4752026477385927,-24.656313730764506,5.0,B075X8471B
fitsne,10000,4642,42.589260580536,-32.81633128945477,4.0,B076F4MWJ2
fitsne,10000,4643,30.761426859121446,32.80115835522735,5.0,B078XRNNDG
fitsne,10000,4644,8.07250732937535,56.22091606314999,5.0,B01BFIBRIE
fitsne,10000,4645,4.626291698295546,53.010354792482936,5.0,B01BRWH8G8
fitsne,10000,4646,44.80580344829545,14.281282006297754,3.0,B0BB2LBQJ9
fitsne,10000,4647,28.678059599289004,42.98578616799184,5.0,B0995VY79Y
fitsne,10000,4648,5.929808773474879,37.88561670638998,5.0,B08SQKZDKR
fitsne,10000,4649,41.79539980765107,19.043322193759906,5.0,B07D1MFR2V
fitsne,10000,4650,10.937029717754866,-37.46155736433969,5.0,B091GFZJRT
fitsne,10000,4651,55.637798788610525,-48.24768000853169,5.0,B07TLVMRNW
fitsne,10000,4652,-17.151085402668574,-43.30106886086869,5.0,B07TJLM1YM
fitsne,10000,4653,-15.881742379991735,-47.070317200861815,5.0,B078W4T2SS
fitsne,10000,4654,32.093311650966115,40.83377330311499,5.0,B07L63NVK4
fitsne,10000,4655,29.072415839495537,-4.077594213224508,3.0,B075QCZRXY
fitsne,10000,4656,-36.108182722110925,50.30531803809697,5.0,B09ZQ4GHM8
fitsne,10000,4657,62.548949361770084,-10.121345211403304,5.0,B0C4T2HF5W
fitsne,10000,4658,13.446349479347944,51.315916065035225,5.0,B01HCGZY50
fitsne,10000,4659,33.328793390003355,38.29177873891789,5.0,B09G2SP42N
fitsne,10000,4660,43.65710881728959,19.842453995212214,1.0,B00G2UBWGI
fitsne,10000,4661,-43.574641694282214,23.108859701509093,5.0,B07LF54F6H
fitsne,10000,4662,-45.56787460912259,17.370063483336683,5.0,B077XVH192
fitsne,10000,4663,13.15551918397218,51.49483784826032,1.0,B07BSJCMGS
fitsne,10000,4664,-17.67264822675442,-15.807802931424359,5.0,B01ETRH0AM
fitsne,10000,4665,-0.44733997997685926,-58.36475926087273,5.0,B07V3RB9C1
fitsne,10000,4666,-45.936496411544994,16.86677137418768,5.0,B075WD3YHX
fitsne,10000,4667,-44.28954427311324,-15.149694193616817,4.0,B09F5PVRQD
fitsne,10000,4668,-44.25395305265687,-15.410780834183388,5.0,B0B787CN26
fitsne,10000,4669,-36.86421585651114,-48.09389033440845,5.0,B01I8VCDX4
fitsne,10000,4670,-40.271455729362636,29.0842447653786,1.0,B0199HAOAU
fitsne,10000,4671,-44.648407241397884,30.518640934925738,5.0,B0761T4DHF
fitsne,10000,4672,-69.13566104058138,-21.977238416495418,5.0,B013CV95J0
fitsne,10000,4673,8.12904421967344,64.77273899749913,3.0,B07P374FF3
fitsne,10000,4674,-41.35759971964973,-27.533341426075687,5.0,B00RFLXE0A
fitsne,10000,4675,-41.210493197813996,9.456586183499798,4.0,B018SZT3BK
fitsne,10000,4676,-67.97471184261043,-15.595121959809202,5.0,B00QGOQ2BA
fitsne,10000,4677,-68.03441805499506,-15.609763795844337,5.0,B01N0FGGBR
fitsne,10000,4678,4.968143099963477,5.124667111572322,5.0,B00TIYNGBY
fitsne,10000,4679,-38.39219727719542,-16.46374053183777,5.0,B08J91XPGV
fitsne,10000,4680,-30.890953904277332,31.328938524933825,5.0,B00BH61UV4
fitsne,10000,4681,15.483710528374068,-29.2923578449778,1.0,B09J49WZXQ
fitsne,10000,4682,13.798854964881127,-17.622307532358036,4.0,B00O8NVPBI
fitsne,10000,4683,-8.029309343008547,-40.47113645134163,5.0,B001THL8SQ
fitsne,10000,4684,26.77770353181802,13.885392393282668,5.0,B01CXIFOU2
fitsne,10000,4685,-19.690564055861394,-55.58437619999506,5.0,B00LMRP6UY
fitsne,10000,4686,28.2051663006958,43.14953233391316,4.0,B098Q3L9NJ
fitsne,10000,4687,23.96990774462545,18.094945172061138,1.0,B07H4SVXYP
fitsne,10000,4688,6.112588894904102,49.44081046190405,3.0,B09BQLWBR3
fitsne,10000,4689,-69.4308101744385,-21.654007266287188,1.0,B00NR1EHP8
fitsne,10000,4690,-8.603076646960028,-45.58878610852444,5.0,B00FO0IHMY
fitsne,10000,4691,-4.267163999185081,67.11966951890969,4.0,B00QRPPCMI
fitsne,10000,4692,-14.020212232551973,20.554645781573186,4.0,B0B2V9KS41
fitsne,10000,4693,-14.277635138323385,17.484970126979643,5.0,B081498PMW
fitsne,10000,4694,-0.024268526033020398,44.138845898320724,2.0,B07PG6YW52
fitsne,10000,4695,-0.6272542641677517,51.09153182591579,5.0,B0794ZR7T8
fitsne,10000,4696,23.995411230067745,44.13625804835571,5.0,B07FMBYFD1
fitsne,10000,4697,-17.176068261747268,52.60398454902738,3.0,B07PSGC87H
fitsne,10000,4698,38.93634117894538,-4.284912846707622,5.0,B08YFJYD5Z
fitsne,10000,4699,-47.498211571204635,6.152035988422871,5.0,B008KRZDYI
fitsne,10000,4700,-40.16607346248342,6.7004274565595425,2.0,B08TZX2DW5
fitsne,10000,4701,25.153904542604828,-49.61059646967826,5.0,B0041OTZAM
fitsne,10000,4702,-24.035715761532728,-7.388033206737823,1.0,B09L7HBXYC
fitsne,10000,4703,0.21124487554199606,15.28340256456018,1.0,B08XQCYPJ3
fitsne,10000,4704,-2.146982864583371,15.877852701704931,5.0,B0BNSWXKFB
fitsne,10000,4705,-36.23790500431512,18.391835015974703,5.0,B0C5S4MXKF
fitsne,10000,4706,46.273624185458665,43.114834997773194,4.0,B017EHRZX6
fitsne,10000,4707,45.9966804977847,42.97063420930587,2.0,B088LWZRQ8
fitsne,10000,4708,-54.248585016792696,0.09389075025158947,4.0,B00GYP8MA0
fitsne,10000,4709,-43.07659860447251,18.890549386117918,5.0,B07TKVB64D
fitsne,10000,4710,-5.131236678604377,26.83056724038751,5.0,B014TUZ92U
fitsne,10000,4711,-24.379055913876876,40.16321546190317,5.0,B011BRUOMO
fitsne,10000,4712,-13.909577175716757,-0.5015540602567401,5.0,B00S05R5QY
fitsne,10000,4713,6.534412851901883,-7.948923523790816,5.0,B07KTYJ769
fitsne,10000,4714,12.125528853455476,-37.30572457620583,5.0,B07SGBZF17
fitsne,10000,4715,-41.75938341746753,2.2852023460259843,5.0,B078H4694S
fitsne,10000,4716,-26.25060793499184,-22.913165155168837,5.0,B075JZNHTD
fitsne,10000,4717,-30.48713400525591,28.693677058929897,5.0,B01L73OEOG
fitsne,10000,4718,6.537473838255262,-57.79854117753201,5.0,B01DOW5RTO
fitsne,10000,4719,-15.491064034325875,-44.573957171794106,5.0,B01LZV6TYQ
fitsne,10000,4720,-23.85167731347667,8.097187819836279,5.0,B01FJPACGC
fitsne,10000,4721,2.8948886044960576,25.450649971159198,2.0,B017NHHZ4G
fitsne,10000,4722,3.656279097627531,54.1104906055505,5.0,B07P374FF3
fitsne,10000,4723,46.0188557321024,1.0914751639690425,5.0,B00BT6NZLA
fitsne,10000,4724,-61.93985146540158,18.496635087431667,4.0,B004I2KA4M
fitsne,10000,4725,23.93946773801709,16.88536559102371,5.0,B00CRQUKQ4
fitsne,10000,4726,39.37352650241383,-19.814970497531746,5.0,B098ZZWTC5
fitsne,10000,4727,26.308642152103474,8.439251413766515,4.0,B0BLMPQL2D
fitsne,10000,4728,25.922167075049313,49.21412881615934,5.0,B0079EZRGC
fitsne,10000,4729,7.199671488535452,10.163853214049494,5.0,B00BQM8S2S
fitsne,10000,4730,9.996341703246491,59.843981487925554,5.0,B0051VVOB2
fitsne,10000,4731,52.577989401852065,31.337771168693113,5.0,B009AOGJDE
fitsne,10000,4732,22.560706719474027,-28.97825280634284,5.0,B07NSWGL41
fitsne,10000,4733,-0.018837425325613524,-12.663193813991258,5.0,B011CUSX3C
fitsne,10000,4734,-27.76076816703992,-17.072078617616498,5.0,B08N9DPW69
fitsne,10000,4735,-15.86998264147675,20.767312267652535,4.0,B0BM2YG2K7
fitsne,10000,4736,27.8665879302337,19.25928617922561,5.0,B071FXZBMV
fitsne,10000,4737,-53.85759371926025,9.394122467816345,4.0,B07BK59YYC
fitsne,10000,4738,-33.55755581969068,45.971992379080824,5.0,B0C1BVZHD1
fitsne,10000,4739,-24.985913705197568,17.247568150077708,3.0,B07W1Q3X7S
fitsne,10000,4740,-10.665309472259452,-32.70999465105561,4.0,B07CPNR79C
fitsne,10000,4741,55.75149667228675,5.777842986614388,5.0,B082Z2KZP8
fitsne,10000,4742,29.85628930357707,-19.679076209769025,4.0,B07PQJGCVT
fitsne,10000,4743,-40.859223106253275,-0.7758292069683922,5.0,B00KDOUH0G
fitsne,10000,4744,-2.0567744699875314,-31.222506767291296,4.0,B001FA1O18
fitsne,10000,4745,-13.056377226360022,23.882661688371428,5.0,B005FM8UL4
fitsne,10000,4746,-12.829852612305967,21.843622930470808,5.0,B07KVP7TTW
fitsne,10000,4747,6.746559382058233,5.080768874571835,5.0,B091YNGYMT
fitsne,10000,4748,17.872707139130803,63.62724518724157,5.0,B00FJK0LDW
fitsne,10000,4749,-19.19885942972475,-8.895240620787773,1.0,B002UUTCMU
fitsne,10000,4750,25.89532322963787,-20.389516072884383,1.0,B00WUWVO88
fitsne,10000,4751,-10.735520498254967,-20.686339086778727,2.0,B07HZLHPKP
fitsne,10000,4752,0.40036646856834895,22.364106563859437,4.0,B00N1XLAZC
fitsne,10000,4753,-48.53674728905919,-26.3323534582953,5.0,B01CCMUN8C
fitsne,10000,4754,-18.355345100226693,72.56683859942848,4.0,B00BIFNTMC
fitsne,10000,4755,0.038793106248235926,41.97756140557045,5.0,B08FD79VFW
fitsne,10000,4756,42.19403315303081,14.336172365696633,5.0,B07TXJQC3J
fitsne,10000,4757,-17.622587494583737,-43.634562658555446,3.0,B07CRKFF9C
fitsne,10000,4758,-23.123007721204228,-5.639597499878092,1.0,B075X8471B
fitsne,10000,4759,46.538734135336036,-5.733251755939239,5.0,B0736ZHMMK
fitsne,10000,4760,-35.68190623051047,-38.405688121644914,5.0,B09FDMGNQR
fitsne,10000,4761,12.940837895286663,-37.07867416818416,5.0,B07NZ5F523
fitsne,10000,4762,21.371155974797354,1.5749640753323795,5.0,B0BQRNFHCV
fitsne,10000,4763,24.736521426238646,0.2190396757881068,5.0,B00SF6VSVG
fitsne,10000,4764,17.413544625466905,43.296035029487015,5.0,B06XSGYL1Q
fitsne,10000,4765,-17.887035423967973,-32.362319781246164,5.0,B07Y4WVD8L
fitsne,10000,4766,-55.37160522817133,7.3616954179569,5.0,B08HM51MMR
fitsne,10000,4767,-46.759551616130864,-0.3023147106846482,5.0,B08H5LZRVS
fitsne,10000,4768,-18.978673397441455,-21.058534885159627,5.0,B08H5DV1YC
fitsne,10000,4769,-50.7349988868437,12.074554343065596,5.0,B08KTJC3P5
fitsne,10000,4770,-16.549056937994436,66.71700492612581,5.0,B09Y1PSVTB
fitsne,10000,4771,-16.420666736008727,63.29459924405325,5.0,B087Q5XTK9
fitsne,10000,4772,-28.266553397560266,45.76469574276437,5.0,B083P66G5H
fitsne,10000,4773,-41.4926664138214,52.581516507778005,5.0,B09BQQZQMM
fitsne,10000,4774,40.40088862674068,34.2512442718481,4.0,B082W1SWKC
fitsne,10000,4775,-17.96170981903397,56.68001535506013,4.0,B08CSHM6L3
fitsne,10000,4776,-46.06208935522077,18.454011922423977,4.0,B07921HW1Z
fitsne,10000,4777,14.983640414666603,33.478443831880114,5.0,B07X54PV85
fitsne,10000,4778,-47.62873260947121,14.984676208100188,4.0,B07VSGQ62K
fitsne,10000,4779,-56.91335926738045,-9.585066378072698,5.0,B0BMQ999F8
fitsne,10000,4780,-52.21152329515143,-8.29942667137942,5.0,B07SCXM7BH
fitsne,10000,4781,-36.75965404483772,-13.637999115278166,4.0,B07M8RNRGT
fitsne,10000,4782,-29.74696972005883,13.406065248817631,5.0,B0BGPJNJBH
fitsne,10000,4783,-52.43223346690902,10.25288389061307,1.0,B07RXXTZ6R
fitsne,10000,4784,-15.325802927375742,49.25485728218979,5.0,B07RF2123Z
fitsne,10000,4785,-49.30855040820496,31.69068933583655,5.0,B07FQ94LV7
fitsne,10000,4786,-15.79873187635452,-55.408359362300246,4.0,B07S479R2L
fitsne,10000,4787,-32.065098015445415,-48.98990304160235,4.0,B08TRD3FRW
fitsne,10000,4788,-42.87067639079226,28.55645105404955,4.0,B07PVG3ZW3
fitsne,10000,4789,-60.918655086467744,13.314960428841552,4.0,B07YJ9L5MY
fitsne,10000,4790,-39.58139942589085,26.38956236600695,4.0,B07QKBV6TP
fitsne,10000,4791,-23.550572835401194,54.32414881865336,5.0,B00JZFG6QS
fitsne,10000,4792,48.79424064199634,46.131730890511186,4.0,B07PPP7QMP
fitsne,10000,4793,-22.809822044002455,8.317140740788764,2.0,B07PCGV1FC
fitsne,10000,4794,-7.419559943170048,9.030499112333162,5.0,B07JGSN975
fitsne,10000,4795,-15.449192461328304,27.75670502049126,2.0,B07M9K3122
fitsne,10000,4796,-1.7969596923726736,-62.41313987645991,3.0,B07N5XKK95
fitsne,10000,4797,-11.915031296239782,31.036991692407355,4.0,B07G57SHSL
fitsne,10000,4798,-48.12722702810876,32.254842800371,4.0,B07JX736SB
fitsne,10000,4799,-56.85030384516534,9.098933294350442,4.0,B07FZSR9JW
fitsne,10000,4800,-56.4676955767053,7.725378023878294,3.0,B07FDHN9V8
fitsne,10000,4801,-7.346060823306235,9.373748371696118,4.0,B07STM5GQG
fitsne,10000,4802,-14.731994778637175,71.05501620620876,4.0,B07BMX18JN
fitsne,10000,4803,-41.62932934422218,27.486772600840613,5.0,B07N3B66YQ
fitsne,10000,4804,-12.979865587300104,-21.155711890181077,4.0,B07MC8C9LP
fitsne,10000,4805,-41.02129936457991,15.276360851367595,4.0,B07DN7XBN3
fitsne,10000,4806,-12.201861051115946,31.34392659738255,1.0,B07MZRP64K
fitsne,10000,4807,-10.000610879681478,-66.45184742708103,3.0,B07MCSKB9P
fitsne,10000,4808,-53.130025634348286,14.927152951421078,4.0,B0BXPGHMN6
fitsne,10000,4809,-66.90897682390232,-15.387698029561264,5.0,B00QGOQ2BA
fitsne,10000,4810,-66.94311675484512,-15.323693593055793,5.0,B0C1D3JB4R
fitsne,10000,4811,-23.653738101991138,31.88703272588399,5.0,B07LCDQSVL
fitsne,10000,4812,14.022359980855096,17.140055459786787,5.0,B08Y929JZN
fitsne,10000,4813,-18.84482161786002,36.14821626250074,4.0,B085QC3JXX
fitsne,10000,4814,-2.057039307669896,-52.36558162752047,4.0,B07JW1YSRH
fitsne,10000,4815,15.17359293523768,31.76460769033072,4.0,B07KXWX1VY
fitsne,10000,4816,-10.017289236910598,67.39192822606661,3.0,B0CBW96P7H
fitsne,10000,4817,-22.83148677873257,-47.55787486118539,4.0,B07HT12PD5
fitsne,10000,4818,-38.80153715545822,-45.65812910071604,4.0,B07HR7H4ML
fitsne,10000,4819,-14.868104894876362,66.8257410468785,5.0,B0BC2STR39
fitsne,10000,4820,-37.08835623303635,50.419246642292784,5.0,B0B6D4W3R7
fitsne,10000,4821,-15.014564821460713,67.36366675983903,5.0,B0BG27Y7DY
fitsne,10000,4822,-16.528424980608907,50.339574703410825,5.0,B06WVQ7SQL
fitsne,10000,4823,-15.972953102617714,68.15904840405469,4.0,B074HYNMWG
fitsne,10000,4824,47.55500433621432,41.146060461208414,5.0,B0722Y445X
fitsne,10000,4825,-17.989644719465087,54.23277325282068,2.0,B00CRGJDD0
fitsne,10000,4826,-56.55392614456755,25.009287013875543,5.0,B06WP2Y7B4
fitsne,10000,4827,53.36150047594359,36.685236178730754,5.0,B01AC402TM
fitsne,10000,4828,-6.370567714402099,12.802958402582098,5.0,B01IOHQYDM
fitsne,10000,4829,47.65585657785874,41.07588592157562,5.0,B01CXP8AX8
fitsne,10000,4830,-70.45099178700667,-12.383271037619929,5.0,B00PEW7NP4
fitsne,10000,4831,-70.77763297398188,-12.083462490110033,5.0,B00TLEXZ8K
fitsne,10000,4832,-70.45106927504779,-12.383008463162446,5.0,B00V5EMQAM
fitsne,10000,4833,-14.54134602048914,43.36854945081383,5.0,B01BF11RJK
fitsne,10000,4834,-14.54113037088992,43.36871942007848,5.0,B00ZVNTU6Q
fitsne,10000,4835,-14.523252547914622,43.33633308307536,5.0,B01BF13LZ8
fitsne,10000,4836,-14.523224866459982,43.336285613199124,5.0,B015IX72CM
fitsne,10000,4837,49.06247980644678,44.123620992814246,5.0,B017KF7WH6
fitsne,10000,4838,7.204306360424359,50.13815900499738,5.0,B00Y3DLTF0
fitsne,10000,4839,-33.75348670480819,45.043871846252905,4.0,B00SSUWGQK
fitsne,10000,4840,-7.406041661973002,-10.904546496938499,5.0,B00M30SQL0
fitsne,10000,4841,-66.15020517495037,-15.663568642628727,5.0,B00BK0YRZS
fitsne,10000,4842,-70.77935314325893,-12.089189786037199,5.0,B00MEIBYJM
fitsne,10000,4843,-70.78112927295686,-12.082946795822437,5.0,B00PT90SCW
fitsne,10000,4844,-70.78068813782575,-12.08638017710143,5.0,B00P9WGLCU
fitsne,10000,4845,-70.77893759662547,-12.086727001195438,5.0,B00NZV0LP0
fitsne,10000,4846,-70.77377757732185,-12.063296655083535,5.0,B00MOTL0Q8
fitsne,10000,4847,-67.85749142982357,-14.59991667734135,4.0,B00KVD6CJY
fitsne,10000,4848,34.61900890737181,39.786595599698146,4.0,B00LIC2FHA
fitsne,10000,4849,42.07124703907659,50.74740243069328,3.0,B00CNMYP0E
fitsne,10000,4850,-24.78770941460491,-15.272356233880462,3.0,B000JTL6QO
fitsne,10000,4851,-22.558035625797576,34.2719621977577,4.0,B001FN14RE
fitsne,10000,4852,-22.425578461849547,34.09676351152116,4.0,B0046TVZSW
fitsne,10000,4853,-31.484191030061627,42.146242189129,5.0,B00IYOJD84
fitsne,10000,4854,-2.277425620642039,54.109037903754505,5.0,B00DGM6ZE4
fitsne,10000,4855,16.231584181176288,60.34370050409468,4.0,B00EUFP66Y
fitsne,10000,4856,18.67642796455654,51.36642408371926,5.0,B00E60PZFK
fitsne,10000,4857,-16.028402539088418,69.36944062366092,5.0,B006UIFTTS
fitsne,10000,4858,43.74312594685174,42.98579096777914,4.0,B00BW0QC8G
fitsne,10000,4859,17.90621436262384,61.22278963156597,5.0,B00B29X7R6
fitsne,10000,4860,37.876995589209166,4.085778541092825,2.0,B00A3G8ZIK
fitsne,10000,4861,-33.67132167577585,49.2503021578165,5.0,B00GPL2ZJ2
fitsne,10000,4862,-17.36477195145856,-28.35719758014079,4.0,B000068EAM
fitsne,10000,4863,-17.348002009556684,-28.360589091688553,4.0,B0001M2FYQ
fitsne,10000,4864,2.1417727520595276,57.428625010217424,5.0,B0055D66V4
fitsne,10000,4865,-24.848674304465696,-15.612923778640445,5.0,B000XG8WV0
fitsne,10000,4866,18.33535903905862,50.944512846128575,4.0,B005EJLFXI
fitsne,10000,4867,6.669727184898124,44.40872883615955,4.0,B005EJLFXS
fitsne,10000,4868,6.600210980821452,44.544264981110345,4.0,B005G0CUP2
fitsne,10000,4869,-9.682158761026878,28.530055263786632,5.0,B0026FCXCU
fitsne,10000,4870,-9.381032037534633,28.657132228676815,5.0,B002B55PR0
fitsne,10000,4871,-9.475428401437162,28.700487593501723,5.0,B000N386VE
fitsne,10000,4872,-12.578794072286154,47.379839543721175,5.0,B0076LY2BY
fitsne,10000,4873,-28.00322206883239,-16.296125952322775,5.0,B007GNMNLS
fitsne,10000,4874,-29.19300321051358,24.05274612604825,5.0,B007GNMMNM
fitsne,10000,4875,-29.2383315884095,-45.38633945129744,5.0,B004YIZWYI
fitsne,10000,4876,29.36930450955251,-47.23797357269645,5.0,B08KZ1TZYB
fitsne,10000,4877,-34.591804958244694,-37.13152334737239,5.0,B00LICJZYQ
fitsne,10000,4878,-17.006981534405845,-40.00070188581352,5.0,B07TRQ9JSH
fitsne,10000,4879,-37.66002805701262,11.942056883606407,5.0,B016NFJFYC
fitsne,10000,4880,-66.92679990876466,-12.289080460437127,1.0,B09XV3FW7H
fitsne,10000,4881,-27.520524211327057,-53.18580172621452,3.0,B0BRL1Z4WB
fitsne,10000,4882,6.67885004188106,-27.48002394806982,1.0,B01GVOVB1A
fitsne,10000,4883,30.924174937183256,-6.848113148757895,1.0,B08LYQT6C6
fitsne,10000,4884,48.36547460223965,35.17782793627922,5.0,B08K2GBBY1
fitsne,10000,4885,16.200852756232614,-9.10337542820552,5.0,B07KM2BW2P
fitsne,10000,4886,-24.251608918092476,24.937122877363073,5.0,B08F28DTVP
fitsne,10000,4887,53.212508175199055,35.626605233585046,5.0,B06WD7HC3C
fitsne,10000,4888,41.07929678959697,-7.074020481751755,5.0,B01MQFICHV
fitsne,10000,4889,-7.574853973447947,64.74420182535245,5.0,B0753GNMW2
fitsne,10000,4890,-13.646551677389162,3.1151055915170884,1.0,B095JX15XF
fitsne,10000,4891,2.6619662547819645,24.697477180016286,5.0,B0098USJJ2
fitsne,10000,4892,-6.353797358784494,-40.96932493565089,3.0,B088BG6512
fitsne,10000,4893,62.30892227521225,-20.48766214417214,5.0,B07SYZRRS2
fitsne,10000,4894,33.40956487580848,41.036392463076766,5.0,B07R78QTJ3
fitsne,10000,4895,64.5255008807935,-27.893547422256834,5.0,B00RBG6OE2
fitsne,10000,4896,51.07027792703118,-40.129465387979415,5.0,B076PHPKML
fitsne,10000,4897,50.403039356481344,-35.62059796638769,5.0,B00OPTOKI0
fitsne,10000,4898,50.71311391196854,-40.10498365615326,5.0,B01985CJUG
fitsne,10000,4899,43.50479495255901,-23.34683634909974,5.0,B0779JLSB1
fitsne,10000,4900,-3.6834281134264755,-43.115876561921674,5.0,B00TFGX35Y
fitsne,10000,4901,26.413123474653982,-21.35311232401198,5.0,B0013GJIBC
fitsne,10000,4902,3.0589187270052234,50.72191105587906,1.0,B086Y77P1D
fitsne,10000,4903,5.536368952300766,2.156167503381245,1.0,B0852JSP1W
fitsne,10000,4904,30.166173268327068,-11.38590037014922,1.0,B07JF2ZSC9
fitsne,10000,4905,-26.713267864790105,-26.587049935699813,5.0,B07H65KP63
fitsne,10000,4906,-16.6992220302494,-40.1590697975332,4.0,B0170RBJ9Q
fitsne,10000,4907,33.47421808336984,-40.37348694787136,5.0,B08G43DN5X
fitsne,10000,4908,28.42750636262619,7.137846576667865,5.0,B07P6WSXBW
fitsne,10000,4909,-5.5494063791520105,-61.82664740127559,5.0,B07X6KGF9R
fitsne,10000,4910,3.154908863285879,43.44605190807262,5.0,B079D84TFQ
fitsne,10000,4911,-16.57780691287007,15.948797346157164,5.0,B00N2ZDXW2
fitsne,10000,4912,-5.183607226503334,-40.278302287233586,4.0,B09F3H9RRY
fitsne,10000,4913,45.72115318145815,-53.41488311968565,5.0,B09YNVBNRT
fitsne,10000,4914,-10.085576387869372,-44.79777332009015,5.0,B0C338S8M7
fitsne,10000,4915,42.66850455186699,35.25453435581344,2.0,B01M71YIG3
fitsne,10000,4916,-24.915328931927537,-22.904669912837416,5.0,B07GZFM1ZM
fitsne,10000,4917,-30.170500890781486,-24.156105086725326,4.0,B075X8471B
fitsne,10000,4918,28.539701837924596,-46.65790759465247,5.0,B076YTXPC8
fitsne,10000,4919,42.54556672625377,-9.942779972679384,5.0,B0B17GGGGY
fitsne,10000,4920,-3.623804156092702,-56.836245174043526,5.0,B07C6FHTSH
fitsne,10000,4921,18.529083830038584,-30.507698942948917,5.0,B09N97CTTW
fitsne,10000,4922,-35.585957248235076,-48.298695024583594,1.0,B073VLYXRW
fitsne,10000,4923,61.94630279505286,-25.62644540422904,5.0,B0BHYZQ5LM
fitsne,10000,4924,61.94337358772549,-25.626222497048587,5.0,B09Y8VRNRV
fitsne,10000,4925,61.94472366261949,-25.621457391233687,5.0,B0BPHSS2PW
fitsne,10000,4926,57.41318950761559,-50.36812555656409,5.0,B09YPZWP36
fitsne,10000,4927,-21.917757735393504,-42.07655680658447,5.0,B0B16HQ7NW
fitsne,10000,4928,-21.816245075347044,-42.877574332327335,5.0,B0C2CJ136N
fitsne,10000,4929,-26.204873266778307,-34.55366186744508,5.0,B097ZY395L
fitsne,10000,4930,-22.364941199148937,-15.237112159218423,4.0,B08FWXW5TC
fitsne,10000,4931,45.5143885482234,42.28552537885667,5.0,B07N6YPCMZ
fitsne,10000,4932,-69.17225215241699,-21.794357233823266,5.0,B08NXWM3GK
fitsne,10000,4933,-62.063066359856975,16.620888393278346,5.0,B08BPG8YJ6
fitsne,10000,4934,-65.8020125205889,-10.175462478961034,3.0,B0BMJ4RFGT
fitsne,10000,4935,-16.888567713302372,23.72082447697254,5.0,B08L588BBW
fitsne,10000,4936,-19.874128141504226,23.36769508503697,5.0,B09XXVR2JT
fitsne,10000,4937,-19.88271296557136,23.308021799462914,5.0,B09XXVR2JT
fitsne,10000,4938,-34.433455645402155,45.764426672138015,5.0,B07ZSD7CBJ
fitsne,10000,4939,-12.50816231873448,19.406829864407534,5.0,B09TD6YRS4
fitsne,10000,4940,-67.1923948350769,-16.470113326357634,5.0,B08HPHRXDT
fitsne,10000,4941,-65.0668941458551,-18.19346064955327,5.0,B0B5P8C87Y
fitsne,10000,4942,-20.212506849034586,16.032973258918705,5.0,B084JSDR5B
fitsne,10000,4943,-4.634967342707167,29.88643315260728,5.0,B095PVXLWJ
fitsne,10000,4944,-10.510761426014211,-31.934671602774195,5.0,B08WLY6BPG
fitsne,10000,4945,-43.42150448031758,34.392923304100826,5.0,B0B8W72ZG6
fitsne,10000,4946,12.325621628730788,5.014720138738947,5.0,B0BFFXDM1V
fitsne,10000,4947,-26.236335310445988,23.583208845169775,5.0,B08QSLJKGX
fitsne,10000,4948,-65.82894310811507,-23.620357310732015,5.0,B0BN5D2G8G
fitsne,10000,4949,-12.693731853314443,25.033615663532178,5.0,B093CFF943
fitsne,10000,4950,5.110873253629291,-18.8311838908801,4.0,B09K3ZLPB5
fitsne,10000,4951,-9.64752983833909,17.788440567418007,5.0,B08H5S9QZ5
fitsne,10000,4952,-17.093467859830042,23.74462199553279,5.0,B08RRS4W2D
fitsne,10000,4953,-64.86279886917856,-18.006749333312207,5.0,B08N3DHVS1
fitsne,10000,4954,-44.80816851343375,33.555407715392136,4.0,B0BV25ZQW3
fitsne,10000,4955,-7.213893632212892,-68.936987513128,5.0,B0BDSZ2KT3
fitsne,10000,4956,-6.845222604724513,-60.65475903594242,5.0,B08JWJG7WS
fitsne,10000,4957,-16.69524035604237,18.34466064788024,5.0,B08R62YZ97
fitsne,10000,4958,-28.704322970473317,-11.974048382669672,5.0,B08T252MCJ
fitsne,10000,4959,-44.87329790072929,33.497972985191865,5.0,B087ZMWQB6
fitsne,10000,4960,-47.475912660606916,31.49481334921737,5.0,B08NDGD2V5
fitsne,10000,4961,-16.05069810237658,17.88242693110892,5.0,B08PBQGJ2Q
fitsne,10000,4962,-43.449309098507335,34.735650874881834,5.0,B08R6936N6
fitsne,10000,4963,-13.105170333293191,-73.56829446074123,5.0,B08SQ8QNPW
fitsne,10000,4964,-5.559986133240083,-69.90917509000862,5.0,B08N63BCW8
fitsne,10000,4965,-12.561810979795407,19.68349228796495,5.0,B08DR5MNNG
fitsne,10000,4966,-14.535924274433118,-63.280439687574614,5.0,B0C4TNHV6H
fitsne,10000,4967,-16.935011521581917,18.952633006609954,5.0,B08PB9PFPY
fitsne,10000,4968,-18.02426965841322,48.782400702567735,5.0,B08T91YHPW
fitsne,10000,4969,-6.273340573996126,64.27565095557328,5.0,B09XHR8WDZ
fitsne,10000,4970,0.9412821617222833,31.412992639043647,5.0,B08NJCDFPD
fitsne,10000,4971,-41.94712338343958,34.35928400401896,5.0,B08PCWHQ7W
fitsne,10000,4972,-11.334910567311857,20.227831326230966,5.0,B08P3J2JP2
fitsne,10000,4973,-7.653848694187932,-68.44310388359676,5.0,B08Q81H52F
fitsne,10000,4974,-6.626558112748215,64.88879829935729,5.0,B09X9BNL7K
fitsne,10000,4975,48.077376807811525,40.20200302754228,5.0,B086GFYLYF
fitsne,10000,4976,-44.787759820534525,30.435470371393247,5.0,B08T9T4C7J
fitsne,10000,4977,-65.62335777062388,-17.59420734695826,5.0,B0922SG3ZT
fitsne,10000,4978,-8.91878277368858,-5.732844225290205,4.0,B0C68XNGG1
fitsne,10000,4979,-67.35192607690225,-16.38188078753296,5.0,B08V4FB3X3
fitsne,10000,4980,-20.65953889359024,38.374667522716635,5.0,B0BS2SLDVY
fitsne,10000,4981,-43.22003813897375,34.49907141124385,4.0,B08DHCNQQ2
fitsne,10000,4982,-52.19390087804425,19.989319268766465,5.0,B089X3PYHP
fitsne,10000,4983,-34.004011065136815,31.60226408386994,5.0,B0BM3V5NTN
fitsne,10000,4984,-72.32265023241172,-19.11955960775214,5.0,B07TXDLM8T
fitsne,10000,4985,-63.93665260949872,-20.230408969293638,5.0,B0BM3PMNM7
fitsne,10000,4986,7.0062627517159894,-21.583665227165632,5.0,B0B8F272SB
fitsne,10000,4987,3.2816117208552416,-67.51767905800749,5.0,B08HMHP2BP
fitsne,10000,4988,-7.611654468906889,-68.68293099994177,5.0,B092HWCDVW
fitsne,10000,4989,-18.474683740273733,-44.41067601034438,5.0,B08P19WSDC
fitsne,10000,4990,-20.594930301780117,38.31152397653669,4.0,B08R9J16VM
fitsne,10000,4991,18.065106800001722,25.959598713834275,5.0,B08J3T813G
fitsne,10000,4992,-38.92486803753589,23.324161222940635,4.0,B08H1H29F4
fitsne,10000,4993,-17.136026996200922,70.75593284065266,5.0,B07DBSKWQ5
fitsne,10000,4994,-43.506723433614155,34.415378107928895,5.0,B08P5BMJ9D
fitsne,10000,4995,-46.04070435919413,12.452643033983508,5.0,B09MHWMM15
fitsne,10000,4996,-5.2616410774252556,-69.53142546039683,5.0,B08L5LKVY7
fitsne,10000,4997,-54.81498145087363,-9.041876469824896,5.0,B0874V465W
fitsne,10000,4998,-48.40822976738166,13.524326508712328,5.0,B095RSQWSQ
fitsne,10000,4999,-18.500476862614484,-71.35937833157102,5.0,B081SLB69N
fitsne,10000,5000,-6.33448978548032,-70.88942876848607,5.0,B08KDZ2NZX
fitsne,10000,5001,-10.287744693281775,-63.534177127188855,5.0,B08KDX5H5Z
fitsne,10000,5002,-43.444411241121315,34.41951808605925,5.0,B081S5XL28
fitsne,10000,5003,-37.76218779231759,33.31571753081807,5.0,B08F42NXGC
fitsne,10000,5004,-65.049721461092,-10.267881265021334,4.0,B0C9LC3TWC
fitsne,10000,5005,-47.20124264955953,30.905350433715533,5.0,B08PXVLQPM
fitsne,10000,5006,-43.535099330230636,34.2508411185894,5.0,B08PY4KLLT
fitsne,10000,5007,-15.833091506063989,19.155766469480987,5.0,B08F2KD7XV
fitsne,10000,5008,-15.836383021368881,19.097779551948715,5.0,B0953CV398
fitsne,10000,5009,-35.773914443022925,33.86992861585147,5.0,B0BRXKZHGM
fitsne,10000,5010,-35.93646204918495,33.89293146441857,5.0,B08DNP7BR8
fitsne,10000,5011,-38.01057936382359,44.37162535691768,5.0,B08FCRFJ9V
fitsne,10000,5012,-35.93612686425618,33.8935976791114,5.0,B09P3CXB5D
fitsne,10000,5013,-66.47031845355524,-17.382034533744765,5.0,B09G3MBH6V
fitsne,10000,5014,-58.471567288520966,-17.592020908371094,5.0,B08MVBT82R
fitsne,10000,5015,-15.633637974714384,19.00706194301469,5.0,B09M8N7YML
fitsne,10000,5016,-8.207262171335348,-8.712469354589576,5.0,B088SV42R7
fitsne,10000,5017,-22.658777921620885,-45.29391201440439,5.0,B08JVG6ZYD
fitsne,10000,5018,-43.32998313300056,35.579261462915646,5.0,B08J4HD9YM
fitsne,10000,5019,-66.6110296726518,-17.344143413417257,5.0,B09SN7TZ99
fitsne,10000,5020,-8.475090119859276,-68.1050502541431,5.0,B09ZMJCQ51
fitsne,10000,5021,-18.68158291200131,-70.43441594121792,5.0,B08J835GBX
fitsne,10000,5022,-43.34887921400516,35.55451958557284,5.0,B0BZHM9JD9
fitsne,10000,5023,-46.745206544125324,30.63315310725928,5.0,B08KJWJZ6B
fitsne,10000,5024,-22.55533807682977,-43.96209246612501,5.0,B094F8DLWL
fitsne,10000,5025,-19.37291631593135,-44.50836364766976,5.0,B0845NH17T
fitsne,10000,5026,-43.476532524598944,34.4246756798647,5.0,B0848H7FKT
fitsne,10000,5027,-16.00121412018469,18.579674585552986,5.0,B09RYVXYLV
fitsne,10000,5028,-9.529819303858224,-56.351894482683434,5.0,B09LTXKQC9
fitsne,10000,5029,-43.68543954989733,34.62572441664816,5.0,B0BWLTM2TR
fitsne,10000,5030,36.72444747005468,48.19595763801895,5.0,B0C7RMY5RV
fitsne,10000,5031,-16.34785654499154,-60.792647063454375,5.0,B0C5PC4J6W
fitsne,10000,5032,-10.202085936097674,-63.81060381013314,5.0,B08DCNVB7Y
fitsne,10000,5033,-10.31843864332963,-63.626659039756085,5.0,B09M85WPFM
fitsne,10000,5034,-17.52370399859012,-50.585885753381824,4.0,B077ZNYSVY
fitsne,10000,5035,-1.7543477868686934,17.499937478568796,5.0,B08GQLY9Q7
fitsne,10000,5036,49.33826858819918,38.868872884286255,5.0,B09KBKDN6P
fitsne,10000,5037,-64.07371215120533,-19.11396501620409,5.0,B08YFXR1KC
fitsne,10000,5038,52.48884127635919,22.020457194339727,5.0,B07WYLFQBK
fitsne,10000,5039,-7.325920935421764,-57.0743399141667,5.0,B0B76HTH5W
fitsne,10000,5040,52.44768225587984,21.87478322646915,5.0,B07WYLFQBK
fitsne,10000,5041,50.98923274812,20.24498414916406,5.0,B07RH7R1ZV
fitsne,10000,5042,-4.004411728348671,18.218924840367468,5.0,B09XTYMF6N
fitsne,10000,5043,50.93456866617861,18.714009920853925,5.0,B083S3RB3W
fitsne,10000,5044,-5.249194615958593,-61.44013445450602,5.0,B07WF9SLQP
fitsne,10000,5045,-1.307446274660413,16.611919536907543,5.0,B083R4WXYG
fitsne,10000,5046,-57.98357101846639,21.326915007105047,5.0,B083SGXJH5
fitsne,10000,5047,52.373984882430186,21.495394465317464,5.0,B08L6G1V2Y
fitsne,10000,5048,50.78496723944855,20.56517107371461,5.0,B083RSDVGK
fitsne,10000,5049,51.18068252538975,19.89705169839933,5.0,B07RZ7KMY3
fitsne,10000,5050,50.743688984336536,20.26391969827329,5.0,B083QBBM8Z
fitsne,10000,5051,47.86123131948639,43.67131842600627,4.0,B07YYWK432
fitsne,10000,5052,51.01639644708972,20.01357444459467,5.0,B07W2W4TMY
fitsne,10000,5053,51.1541219257842,19.78981239845446,5.0,B07VQT48HD
fitsne,10000,5054,51.16761713683584,20.15187876165294,5.0,B083Q7TT1S
fitsne,10000,5055,-3.054291813081763,17.40355002892502,5.0,B09PHLPCVY
fitsne,10000,5056,51.593514220477864,20.532144403530147,5.0,B08C2SWB9G
fitsne,10000,5057,50.76972514886953,20.265451691977763,5.0,B08DFTYC47
fitsne,10000,5058,50.32756982595729,20.23699027265211,5.0,B082YBBZ8H
fitsne,10000,5059,-1.8486826254669817,18.432172267351618,5.0,B0834ZYDCV
fitsne,10000,5060,-40.12458468376173,49.26011362073026,5.0,B07HDDRGNF
fitsne,10000,5061,-1.465439591999515,16.697418114036264,5.0,B0833VJ5FQ
fitsne,10000,5062,-53.67516129079316,-18.297168963313315,5.0,B08PFVF5L8
fitsne,10000,5063,50.68433640655468,20.217375931031526,5.0,B09MLWMGZK
fitsne,10000,5064,-0.5090884664105896,-57.280883440777274,5.0,B07VX7V91Q
fitsne,10000,5065,-5.4216180716828335,-62.15976676140333,5.0,B07XV3GGRX
fitsne,10000,5066,-11.50076189813287,-66.3527030233185,5.0,B08PFW1S1V
fitsne,10000,5067,-58.70762716282749,20.53345015728874,5.0,B07HKFG85D
fitsne,10000,5068,-7.723201953902212,-28.486033645836372,5.0,B09S4C4CHW
fitsne,10000,5069,3.2971473809108507,28.42711630574572,5.0,B0B9HF8KDV
fitsne,10000,5070,51.45677148921405,20.43401995321643,5.0,B077FZMDN3
fitsne,10000,5071,-31.19127211052477,-22.168606731016304,5.0,B07D4FQB8S
fitsne,10000,5072,29.266640684494817,25.018538209230844,3.0,B0785QPDXM
fitsne,10000,5073,-4.421056172481905,-36.81969064183045,2.0,B07SHD43P6
fitsne,10000,5074,28.336598815595593,6.2478302493863875,3.0,B081HH5X61
fitsne,10000,5075,68.49197516658406,-7.465190964042154,4.0,B089QHW4XN
fitsne,10000,5076,27.518062010495967,5.813046029822854,4.0,B08XJGMVK9
fitsne,10000,5077,68.4240515568552,-6.820884954398595,4.0,B07LG5WBTS
fitsne,10000,5078,63.275397645112925,-35.763988903938944,4.0,B08K7GNGC5
fitsne,10000,5079,63.19027085459707,-7.316707443468979,4.0,B0BFWPD9J4
fitsne,10000,5080,63.19120844857512,-7.31698928024344,4.0,B0882S92LT
fitsne,10000,5081,45.08439388047264,-40.37271547074861,4.0,B0BWVDRR6L
fitsne,10000,5082,45.08247859583242,-40.37333280365449,5.0,B00L4PY754
fitsne,10000,5083,45.08351565236413,-40.369153295324075,4.0,B087TPK5NX
fitsne,10000,5084,46.70316446477161,-30.61067904987537,3.0,B07TY892KH
fitsne,10000,5085,30.991723515708404,-42.23584991938504,1.0,B00FFHDQP4
fitsne,10000,5086,27.333135602482624,-46.42440353536041,4.0,B00FZYT278
fitsne,10000,5087,4.490066776931252,-8.357552694098432,5.0,B09PV3FX4S
fitsne,10000,5088,20.14304711388118,-5.561045576970985,5.0,B08SFG899Z
fitsne,10000,5089,-55.73730603316274,-2.465112337253167,2.0,B09KKV39T6
fitsne,10000,5090,-3.7440684509883417,11.314533214076995,5.0,B09BNZ4Q11
fitsne,10000,5091,20.983064520223905,-23.53544376377126,5.0,B083ZF5BBP
fitsne,10000,5092,-0.7980751478597038,-65.01555512167079,5.0,B0C4TXH4W7
fitsne,10000,5093,10.433439547158207,-38.57310641973791,5.0,B01HORSXZ0
fitsne,10000,5094,27.03423399039899,-14.876118755997153,5.0,B0B8SX56M3
fitsne,10000,5095,46.37301067609212,10.070160795938348,5.0,B09CQ136KH
fitsne,10000,5096,-65.43636667055466,-14.589074968459345,4.0,B0B6DPD19Z
fitsne,10000,5097,37.50623954133686,-4.987323569804618,5.0,B08FJ5GV6L
fitsne,10000,5098,-15.041830301793361,8.505252409239587,5.0,B0787348WK
fitsne,10000,5099,-8.275114167398518,12.051465964628772,5.0,B08GRY1W93
fitsne,10000,5100,-31.40687270353947,6.820183514406647,5.0,B01GKODU92
fitsne,10000,5101,-33.54981031222616,55.368299595637914,5.0,B0784SY515
fitsne,10000,5102,29.49729930600484,26.462057395417165,5.0,B076LJ7W11
fitsne,10000,5103,-44.10096110947385,27.585419264674226,5.0,B09FQFFX15
fitsne,10000,5104,17.466482755507354,-43.79146002912545,5.0,B0949SYKMX
fitsne,10000,5105,-50.725197715383445,26.959112059557423,4.0,B0177NUYIU
fitsne,10000,5106,-63.31754433043576,-9.062141948640251,5.0,B008VK2XXS
fitsne,10000,5107,0.8821651664986223,-66.78906454108719,5.0,B003H83XP6
fitsne,10000,5108,-1.4400115416258203,10.291561606440265,5.0,B06XH99NWW
fitsne,10000,5109,-20.341914635981656,-12.394778602162424,5.0,B078T633Q9
fitsne,10000,5110,38.94675960705386,23.237980499683655,5.0,B088FK6V33
fitsne,10000,5111,-11.805838442608868,-44.1263284459423,5.0,B07YG5JF97
fitsne,10000,5112,24.36213926734149,48.48821462891124,1.0,B07KFTV3PW
fitsne,10000,5113,43.557570909399075,22.858375277371213,5.0,B01A6NW5WQ
fitsne,10000,5114,6.21644635453731,24.712739668530922,5.0,B01MQVXHUM
fitsne,10000,5115,4.430172039332408,56.36527169331942,5.0,B01BRWH8G8
fitsne,10000,5116,-23.503794433714923,14.055356035663001,5.0,B09BP1LB8L
fitsne,10000,5117,-42.48313343784784,-28.23676413098891,3.0,B01B71XJBM
fitsne,10000,5118,-26.58972740512009,39.04852121488049,5.0,B011BRUOMO
fitsne,10000,5119,-19.896395866226115,65.54619501398744,1.0,B07W9FV391
fitsne,10000,5120,-62.85687092689042,13.387069003751702,4.0,B074QLCKW6
fitsne,10000,5121,-5.898519519947353,-56.14456286156112,5.0,B007UNOH0O
fitsne,10000,5122,31.994536619304277,-47.18215927385586,5.0,B07K2Q5JY7
fitsne,10000,5123,-3.005819559003667,-3.058120276393026,5.0,B092W3K376
fitsne,10000,5124,-37.55221038545629,-16.283731870336467,5.0,B01HI9ODP8
fitsne,10000,5125,27.867093544861234,47.539221980661004,5.0,B01ITOEQT4
fitsne,10000,5126,-57.38007703941081,-1.8350271404474747,4.0,B00K8GZHUY
fitsne,10000,5127,46.01042855014259,31.183494496272157,5.0,B007CGO45W
fitsne,10000,5128,17.711403295377163,25.113076855710734,5.0,B09SXP5VB5
fitsne,10000,5129,-41.915150221601074,6.84211957443432,2.0,B0BNPL25Z9
fitsne,10000,5130,3.209663881326545,-67.1301728509554,4.0,B0001FTVEA
fitsne,10000,5131,-18.019814009664834,34.42135721787779,5.0,B07MTCMHZX
fitsne,10000,5132,45.21418910716418,3.77102605789533,5.0,0062970704
fitsne,10000,5133,-4.5769110995165,-56.29615033606695,3.0,B09PRC3WC5
fitsne,10000,5134,62.478777750830666,16.588010080756526,3.0,B094V7S7D7
fitsne,10000,5135,31.84234292451548,-25.541139629312894,4.0,B00JUQJWA4
fitsne,10000,5136,10.177941961637266,-37.052425081779376,4.0,B09LQ6T5WP
fitsne,10000,5137,-52.363189731019574,4.228475488239189,5.0,B072FHJVT2
fitsne,10000,5138,39.783753070842906,17.25315851738273,5.0,B077TDVZK5
fitsne,10000,5139,36.084318096361045,-39.68160915556492,4.0,B07P8QMBWN
fitsne,10000,5140,31.44089152329794,40.95989096537375,4.0,B004JWA70I
fitsne,10000,5141,11.20697578088643,62.443668235819764,5.0,B005KELQEU
fitsne,10000,5142,-42.98708531101013,0.2824736552530693,5.0,B0C7THZNCB
fitsne,10000,5143,44.75112461950509,-20.7942523296589,5.0,B07GZFM1ZM
fitsne,10000,5144,20.239571463694432,-24.25602954206912,1.0,B07T3HVV45
fitsne,10000,5145,2.8055509992505594,54.19183029554141,5.0,B092C37YFP
fitsne,10000,5146,-38.351357402246215,8.704866887542394,3.0,B0BC86L9C1
fitsne,10000,5147,58.75777477161388,-26.459521539519862,5.0,B07H65KP63
fitsne,10000,5148,16.523343723506997,46.22600624231926,1.0,B0BTBT3ZBD
fitsne,10000,5149,23.170673130621687,31.791978045950295,3.0,B0C3HNDTW1
fitsne,10000,5150,46.453919836625346,13.76645362626533,1.0,B09KT5177V
fitsne,10000,5151,21.325886016959725,43.262828036351955,3.0,B077SG14PF
fitsne,10000,5152,41.732950156666114,16.50025203454463,5.0,B07VM4W41Q
fitsne,10000,5153,-15.149651825390363,-45.19858573221967,5.0,B0BZC26QJ6
fitsne,10000,5154,-16.15828714235844,-44.499208523188244,5.0,B00KH62W7Q
fitsne,10000,5155,-3.044364311877168,9.642624721796848,5.0,B08LKM83M8
fitsne,10000,5156,55.26996792374138,-38.00067657090031,5.0,B09ZPT8Z8J
fitsne,10000,5157,19.481356831947767,44.06884285035631,5.0,B07MFSD8ZW
fitsne,10000,5158,55.597749818646086,-31.721434828872226,5.0,B087Z5WDJ2
fitsne,10000,5159,-55.014241417275514,-1.0558094209652589,5.0,B0B9S7TTCZ
fitsne,10000,5160,42.38677441249398,30.594963418478944,5.0,B01CDWA930
fitsne,10000,5161,7.453503809367498,-16.7442762288916,5.0,B003NLPHZQ
fitsne,10000,5162,-22.91241102474788,-22.63681210797056,5.0,B07GZFM1ZM
fitsne,10000,5163,-36.54967578596,4.125398458857095,5.0,B0B5S24VNN
fitsne,10000,5164,-26.129634118717835,41.33748272570041,5.0,B00GHBBK82
fitsne,10000,5165,27.44932994264889,-13.708876951814066,4.0,B00X0VL4FG
fitsne,10000,5166,-32.74886174531976,-24.049935328449834,4.0,B01N44JBS4
fitsne,10000,5167,33.3788800571459,40.14195749277388,5.0,B07DH8JGQ6
fitsne,10000,5168,25.138887746698224,35.70039625016412,5.0,B07PFSKTNJ
fitsne,10000,5169,25.138841482404512,35.701840902061996,5.0,B07GZK69JX
fitsne,10000,5170,-42.04077581184586,9.987297305316018,5.0,B0CFTZHBPS
fitsne,10000,5171,24.765129525161424,36.43212233830669,5.0,B0BFFD94QK
fitsne,10000,5172,-19.325326146910065,-13.042541103221053,5.0,B00OV6KNDS
fitsne,10000,5173,-5.996512738830363,-0.3648206462383269,5.0,B07CXQRMLQ
fitsne,10000,5174,-44.18228169155786,20.373595019018236,5.0,B07RN46PWL
fitsne,10000,5175,-44.14978354311563,20.731876641698385,5.0,B07DFPWZ86
fitsne,10000,5176,-17.097889511013776,44.980102984551024,5.0,B08L93T3ZZ
fitsne,10000,5177,-25.739164402395726,7.112333185456983,1.0,B093K72JN6
fitsne,10000,5178,39.93412110173483,-13.666187261319655,5.0,B01J962Q3E
fitsne,10000,5179,-44.31657465974996,24.099984396288253,2.0,B013ZJMR3K
fitsne,10000,5180,-44.68159508252015,-10.178968864964348,5.0,B00IJHC0Q8
fitsne,10000,5181,-32.65687308341612,14.28746264139559,5.0,B00L10CO7U
fitsne,10000,5182,1.3427525833907752,-24.092156405917244,5.0,B00IXX2Z1I
fitsne,10000,5183,-52.241779572394215,-5.934404562047756,4.0,B071WTX9CZ
fitsne,10000,5184,-42.575440493268225,20.869705821419632,4.0,B002VM4D76
fitsne,10000,5185,-50.092334106974036,-11.325470110491125,5.0,B013EKI2DY
fitsne,10000,5186,-19.05789985059551,-18.471089102204242,5.0,B00XJKCT7K
fitsne,10000,5187,4.174473338935702,-65.22455678947519,4.0,B00JYFT4PO
fitsne,10000,5188,-50.00929683318928,-11.828434870005793,5.0,B00ESM3KOY
fitsne,10000,5189,-49.8680248321615,-11.67110913464195,5.0,B013EKI2DY
fitsne,10000,5190,9.286912150373224,1.54172281629472,1.0,B0957PJW3X
fitsne,10000,5191,21.596529431330907,48.11183812359706,5.0,B07CHC71M2
fitsne,10000,5192,-29.065400403476612,-17.32045199163915,5.0,B004UETB20
fitsne,10000,5193,39.07806958019938,49.457552936411226,5.0,B07R217P25
fitsne,10000,5194,25.375564610952924,-29.834337235953292,5.0,B0C1J4XGB1
fitsne,10000,5195,19.548357815330718,-30.638585417971004,5.0,B01N53QC9F
fitsne,10000,5196,42.73933085452952,3.5254020918963347,5.0,B07GVS4RW2
fitsne,10000,5197,40.54584273041208,5.2075496671048835,5.0,B01BH1LMPW
fitsne,10000,5198,-39.24926212430431,26.349305848655124,5.0,B07H3NRQ5P
fitsne,10000,5199,-37.63215454189317,21.2612498127052,5.0,B001TKTHFY
fitsne,10000,5200,-41.619259187654535,25.438811477909105,5.0,B0031SEMBQ
fitsne,10000,5201,-23.230991735853475,-51.94154810042144,5.0,B00FJILVDS
fitsne,10000,5202,23.655918036192634,53.85935175352096,5.0,B01DKA81PW
fitsne,10000,5203,22.382896378208287,47.50373544419761,5.0,B00GQTGQMK
fitsne,10000,5204,-58.25404478750368,22.563678178148777,5.0,B0090T8NL0
fitsne,10000,5205,-24.937218326495415,-17.102122006393635,4.0,B0971XBV8M
fitsne,10000,5206,25.878582933555695,-43.634872004901474,5.0,B00G5N0ZZQ
fitsne,10000,5207,-36.99333711109568,29.869944245606863,5.0,B0BQ1WB3HB
fitsne,10000,5208,11.940293397099566,26.28457548956209,4.0,B0C38D92G3
fitsne,10000,5209,-46.80508837492958,34.23558080061639,5.0,B08FF3BDW5
fitsne,10000,5210,12.28820205519724,26.68526038649177,4.0,B09Z2YS7NZ
fitsne,10000,5211,11.78842675213921,25.598361428042708,5.0,B0BCPPXHGL
fitsne,10000,5212,-34.423619351090444,47.99749652956049,4.0,B0B5F2T39H
fitsne,10000,5213,-33.7402815637576,47.698923504998184,4.0,B0BBTD4ZNF
fitsne,10000,5214,-54.763055696735,2.241866955159459,5.0,B0BHXQLLXB
fitsne,10000,5215,-4.0998886362091715,32.195637359273306,5.0,B0BRCWP7G5
fitsne,10000,5216,-15.045296891450485,72.86791728629194,4.0,B0BBVXJ517
fitsne,10000,5217,0.27676358117227784,32.44777498520366,5.0,B0BKL3TYWK
fitsne,10000,5218,-31.107803193359537,-55.430195397086415,5.0,B09YR528HY
fitsne,10000,5219,43.5955913653485,33.821532585334964,4.0,B09N7C6QRK
fitsne,10000,5220,11.80138382974084,25.72831373476763,5.0,B0BCPPHKQB
fitsne,10000,5221,-29.007279118182563,15.980702343788,5.0,B095MFQHW7
fitsne,10000,5222,-15.518406950710459,-72.92341387927533,4.0,B0BJS6CXDN
fitsne,10000,5223,-33.90881747095549,45.8929694807775,4.0,B09W7FMF69
fitsne,10000,5224,-27.630714152401602,-11.420214360380184,4.0,B09WTTPTKY
fitsne,10000,5225,-3.2538059388806033,15.663982807590953,5.0,B09YHBTBH5
fitsne,10000,5226,-2.3318523772947315,16.97695048753057,5.0,B09PBQJPDR
fitsne,10000,5227,-13.862311265274723,-71.22540098879851,5.0,B0B33KCS1Q
fitsne,10000,5228,0.4468096899384892,32.06526130074514,4.0,B09T8FZ4P6
fitsne,10000,5229,53.72606182497539,10.534194471348412,4.0,B09T2P9F8B
fitsne,10000,5230,-4.0570933316196225,32.257091355177856,5.0,B09N3FLQGS
fitsne,10000,5231,-12.924802797683622,70.49782372182311,5.0,B0BK4XYBVK
fitsne,10000,5232,-14.866319721256831,-71.19274322895977,4.0,B09LK7TRYV
fitsne,10000,5233,-19.12751477856532,70.36602625357355,5.0,B09PYSNBDJ
fitsne,10000,5234,-21.27094550475006,71.72086809375269,4.0,B0C8F5GQCV
fitsne,10000,5235,-14.865594555812663,-73.34926370932475,5.0,B07XLX24YH
fitsne,10000,5236,-15.918243432425212,-73.56037478135438,5.0,B09LG5R8TT
fitsne,10000,5237,-3.355383235385531,15.661645302741988,4.0,B0BWFQGY7C
fitsne,10000,5238,11.940262465607425,26.178709222861247,5.0,B0BW2QJ4WQ
fitsne,10000,5239,-6.304830922717303,31.304779490893,5.0,B09QD16DGC
fitsne,10000,5240,-34.46361153114772,48.913962419360644,5.0,B0C5SQTX9S
fitsne,10000,5241,14.136225892330467,5.551121144714429,5.0,B09F4R42N7
fitsne,10000,5242,-35.20516999004607,29.905690893478013,5.0,B0BNVFS65F
fitsne,10000,5243,-1.247905308179046,31.97910070919757,3.0,B07QV6T1T7
fitsne,10000,5244,-25.70795343755739,40.74803334156623,5.0,B08TJXX3MD
fitsne,10000,5245,-56.52741036092019,4.823168171286935,5.0,B0B7Z96WFM
fitsne,10000,5246,-2.957679460277777,15.562912083747788,5.0,B0912JH82X
fitsne,10000,5247,-15.438020035209579,-72.32432558888694,5.0,B0BZ57TZWL
fitsne,10000,5248,14.641379751057803,5.0062415776376765,4.0,B08R7WLBG7
fitsne,10000,5249,-15.443932174351774,18.10259467573163,4.0,B09FDGFZP9
fitsne,10000,5250,-27.248448531544124,-11.06022783392708,2.0,B0BYSP7CWB
fitsne,10000,5251,-14.65086152712475,-71.20267948927176,4.0,B08N1RHYTB
fitsne,10000,5252,-15.254457668500487,-72.724063095391,5.0,B0C5B1LW2Y
fitsne,10000,5253,-52.65849924392696,14.022993933850977,5.0,B08SHYNYFD
fitsne,10000,5254,41.55805153525016,41.296903440652684,2.0,B08131JS8S
fitsne,10000,5255,-16.299797522563818,-1.5112385412526042,5.0,B08P6S2757
fitsne,10000,5256,-49.78979739272406,-15.740776892944476,5.0,B08DMP2ZVS
fitsne,10000,5257,-49.645452359668724,-15.714262089541856,5.0,B08Q2WMGKP
fitsne,10000,5258,-2.0064011016249816,17.05551530008424,5.0,B08BNN9M7N
fitsne,10000,5259,-1.2900642188773366,32.00907801282501,5.0,B00PJ4NIGA
fitsne,10000,5260,-18.90815484478606,24.775051478695264,5.0,B08F4TY5PG
fitsne,10000,5261,-34.74228336571919,48.163327382673444,5.0,B09HRKD9F7
fitsne,10000,5262,-9.004030418515796,69.84477764671001,5.0,B07TMDSS3Q
fitsne,10000,5263,1.6014817254290417,32.79100769200613,4.0,B0BCWDGF17
fitsne,10000,5264,-16.60764597574429,72.97747890499635,5.0,B088TCN4ZM
fitsne,10000,5265,-14.626560678677354,-71.86066170574217,5.0,B09B41329R
fitsne,10000,5266,-38.78500151996806,-33.850759092876736,5.0,B0B9HJ69JY
fitsne,10000,5267,-2.8935726692234844,15.50454869840429,5.0,B07MMRD8MJ
fitsne,10000,5268,17.603207895014524,18.883194168584918,5.0,B08FG7X8TL
fitsne,10000,5269,12.151035459473176,26.58561501496663,5.0,B07CH2V7WM
fitsne,10000,5270,11.919021369787556,26.629382544760837,4.0,B07JNSMYDR
fitsne,10000,5271,-10.259502146834574,-71.63070143529004,4.0,B07SHGN942
fitsne,10000,5272,-13.512969450281735,72.15604747009523,2.0,B083R5QN26
fitsne,10000,5273,-22.20956098503773,33.84137353526657,5.0,B07X1B734T
fitsne,10000,5274,-15.74017311554467,20.23616507579763,5.0,B07QMSHWBH
fitsne,10000,5275,4.332209218095618,5.771729008913773,4.0,B09BDZ5297
fitsne,10000,5276,-36.66744011384199,49.582042720011884,4.0,B08541SH16
fitsne,10000,5277,4.412299562609334,5.986818079121324,4.0,B07Q1DKVYR
fitsne,10000,5278,45.02337329944439,42.46104028369452,4.0,B07RPV215N
fitsne,10000,5279,46.43149938708167,45.39084327474394,4.0,B07NPKR23M
fitsne,10000,5280,-22.15193864842824,51.60958603392528,4.0,B07QF6H27W
fitsne,10000,5281,46.060751351201475,44.89959393742231,4.0,B07P567MTJ
fitsne,10000,5282,-1.9234425090168448,17.07553065765357,3.0,B07PVM4YSX
fitsne,10000,5283,-13.345165582984812,-71.8687125071252,5.0,B07MNDKM2W
fitsne,10000,5284,-11.921623863258858,31.083678503329253,4.0,B07N2JWLQ6
fitsne,10000,5285,-34.209472102098765,48.209861067728816,5.0,B085QC3JXX
fitsne,10000,5286,-16.004743881992116,-73.60714925537457,4.0,B071RBLY8S
fitsne,10000,5287,-15.871042089464824,-73.6589405375408,5.0,B07JYMFFVR
fitsne,10000,5288,-19.938442898489477,-60.06693757304343,4.0,B07HMQZ2RB
fitsne,10000,5289,-8.837587432563682,-14.377108438849085,4.0,B07GRM7FM9
fitsne,10000,5290,-14.48210175903747,72.21763599330785,2.0,B07FNJB8TT
fitsne,10000,5291,-7.069719285873537,69.17041510096809,4.0,B072QZ8B2P
fitsne,10000,5292,-46.74303108079693,34.21969265978108,5.0,B07G2FHYZB
fitsne,10000,5293,-15.311232091869101,73.9479181871658,5.0,B07YYS5L1M
fitsne,10000,5294,-12.194387923774473,34.2945834175411,5.0,B07CDY63PP
fitsne,10000,5295,-17.931506639294554,70.59993969369583,3.0,B0787GLJNQ
fitsne,10000,5296,-15.700390155667947,-72.63814431946383,4.0,B079GYWPJN
fitsne,10000,5297,-48.55385390893189,32.02052358443164,4.0,B07514FL43
fitsne,10000,5298,-53.89711395830983,33.85352588025062,5.0,B07B9RH8SJ
fitsne,10000,5299,-13.903122119407012,72.54146503717105,5.0,B0753P1GTS
fitsne,10000,5300,-4.721032090089608,57.2068405944439,4.0,B0BHGPDLS2
fitsne,10000,5301,-14.21950141507157,-72.8255203566607,5.0,B0778PCW73
fitsne,10000,5302,-34.8897462370992,55.74284467299529,4.0,B08KG14KCT
fitsne,10000,5303,-14.157224443557634,-69.9603085536554,3.0,B083MQJ4R4
fitsne,10000,5304,-44.600315667199254,11.586208069449405,3.0,B075S4BX25
fitsne,10000,5305,-14.678241318559962,-73.03169325322875,3.0,B074WGFJLZ
fitsne,10000,5306,-54.77674045433202,2.284487750280281,5.0,B01KQLAR6O
fitsne,10000,5307,-14.78104199429665,-72.86955257442176,4.0,B074W5BKPJ
fitsne,10000,5308,-11.886999054934794,70.08203241931086,5.0,B0745JLDR1
fitsne,10000,5309,-29.713388912844838,15.667958382655511,5.0,B01IMQPBHU
fitsne,10000,5310,-36.553539056536216,49.29579175354973,5.0,B07HHS78P1
fitsne,10000,5311,-15.992305707246466,49.13399299982797,3.0,B06XFDVB2N
fitsne,10000,5312,-15.888552008011526,-73.44773203478243,5.0,B074KBHW65
fitsne,10000,5313,-39.50078439631963,-37.34008356363674,5.0,B0BSDQJCWP
fitsne,10000,5314,-13.69648287233665,-69.53928319651806,3.0,B0747LWDC1
fitsne,10000,5315,-17.851002724765696,71.23965709971176,5.0,B074HYNMWG
fitsne,10000,5316,-15.480236801645152,-72.85825471141357,5.0,B072JWYJMC
fitsne,10000,5317,-35.25902990242894,46.35490448356276,5.0,B09B4S7VNL
fitsne,10000,5318,-4.274177908824222,29.12548125905283,4.0,B017HTVXPW
fitsne,10000,5319,7.111151859786705,42.06954858109516,4.0,B06Y5WDVV3
fitsne,10000,5320,-24.148634439622775,-45.385570176655406,4.0,B075FSD7LS
fitsne,10000,5321,-23.937909874666108,-41.69626969979958,5.0,B01JQL3EAG
fitsne,10000,5322,-4.407283540874024,29.01636811073876,4.0,B01MEH8J9Z
fitsne,10000,5323,1.1839883117299006,31.354287400236267,4.0,B01E5B04MI
fitsne,10000,5324,-54.79891656759888,2.371864352729158,5.0,B01IQX40O4
fitsne,10000,5325,5.842554589395969,9.533981051188187,5.0,B01IEVLGK4
fitsne,10000,5326,-8.285226621677083,71.3704999636007,5.0,B01HXRGRUY
fitsne,10000,5327,44.933724618083914,41.44593910524756,5.0,B01GWQIXBI
fitsne,10000,5328,22.628412383418137,39.91629886817349,5.0,B01DZPIKG2
fitsne,10000,5329,-23.40666534567746,-44.94427289269952,5.0,B00RWH740S
fitsne,10000,5330,3.1484542842253727,27.003121572452656,4.0,B01DD16L3W
fitsne,10000,5331,1.304118983767463,-77.09723800136803,4.0,B018X7KXD0
fitsne,10000,5332,-13.473678270952222,70.23347973417994,5.0,B015O5UM6M
fitsne,10000,5333,-13.594625084281619,-70.10920080570361,4.0,B01D8F10P2
fitsne,10000,5334,42.33573431574856,30.62397106908326,5.0,B01DIMDG34
fitsne,10000,5335,-53.94787242870949,33.852677870820585,5.0,B09W9VDT2F
fitsne,10000,5336,11.372698402654184,26.111686633278296,5.0,B018TQUDSK
fitsne,10000,5337,22.679741749402698,39.85257962991987,5.0,B018JVE7PU
fitsne,10000,5338,-57.587796440647516,19.329065796704448,5.0,B016XHHOH0
fitsne,10000,5339,-38.19150627850929,-36.280996272252175,5.0,B0186SDYZU
fitsne,10000,5340,14.226155425695442,5.410378105174367,4.0,B012FRTBBE
fitsne,10000,5341,-3.9144978194059883,16.26790882622577,5.0,B07MQJ3HYM
fitsne,10000,5342,-35.46351958221004,28.45166916502995,5.0,B00SMBWVS8
fitsne,10000,5343,4.783519883223114,28.12736553924069,5.0,B00WG58QD0
fitsne,10000,5344,-25.09541582088637,24.20171457724281,5.0,B00ZW0D5N2
fitsne,10000,5345,44.85223882209633,41.55629221046268,5.0,B01149G0YU
fitsne,10000,5346,0.3846541023865786,26.542573177523167,5.0,B015E2780I
fitsne,10000,5347,42.99859353294337,35.99096189798026,5.0,B0142OHJJY
fitsne,10000,5348,-4.618067226390417,57.056125706372306,5.0,B0159WEDCO
fitsne,10000,5349,-0.1994872186580393,27.754311404636898,5.0,B00JL4HN8I
fitsne,10000,5350,-6.794677718933291,69.10374524720392,5.0,B00Y2CZCVE
fitsne,10000,5351,44.8422655428284,41.287385544796784,5.0,B00Z9DG5OS
fitsne,10000,5352,-25.192802340483688,24.31515828515252,5.0,B00ZXTZ1SY
fitsne,10000,5353,-14.632984502534205,-68.67455616336632,4.0,B013F7OEUG
fitsne,10000,5354,-19.811284901173202,-65.28556764725181,5.0,B013B8AZKC
fitsne,10000,5355,42.305076402267154,30.617798743627183,5.0,B00VFX3AIU
fitsne,10000,5356,-15.596143409709779,19.797051071428324,4.0,B00T7NX6SY
fitsne,10000,5357,2.156369244991236,-28.387440607250966,5.0,B00PW4WZUW
fitsne,10000,5358,-14.440727012499238,-70.0057740044119,5.0,B00WUIA0U0
fitsne,10000,5359,-4.065507971585837,16.318606962649223,5.0,B00MHPWZI6
fitsne,10000,5360,-14.423278523392701,-71.2550746193873,5.0,B010L82Q8E
fitsne,10000,5361,-13.78718986898728,27.822174156111817,5.0,B00YOS9F8M
fitsne,10000,5362,43.564105888290825,49.50737540573062,5.0,B00ZA13HMC
fitsne,10000,5363,9.521168488622067,19.31880237222134,5.0,B0BNNY341B
fitsne,10000,5364,9.001594581554787,30.12597401516637,5.0,B00X9NITTY
fitsne,10000,5365,-58.02839600440869,2.3022819429746435,5.0,B00QK5BCWE
fitsne,10000,5366,-24.34306514985431,-44.70676388136151,5.0,B00XVQ0PCS
fitsne,10000,5367,-42.76443498520351,20.320969819612785,4.0,B00W4N3R2Y
fitsne,10000,5368,8.406682585461688,16.431857967593864,5.0,B00NN6F2MO
fitsne,10000,5369,-55.05016671797228,2.079819149311529,5.0,B00M3SALAG
fitsne,10000,5370,10.228977292647826,27.969012310656684,4.0,B00JL4H7E8
fitsne,10000,5371,12.106623279524344,26.271998667903052,5.0,B07HQ6GDH5
fitsne,10000,5372,-11.190883772054441,-70.11037511580778,5.0,B00TF1YDH6
fitsne,10000,5373,-39.168966529770586,54.61022533383483,4.0,B00N1S46SA
fitsne,10000,5374,-31.521437373196232,-48.10467887119529,5.0,B00QTK9EGG
fitsne,10000,5375,-58.15725782075981,1.6085687122380474,5.0,B00VR2K9RO
fitsne,10000,5376,-8.49236392838534,67.98785166445046,5.0,B00P9F5THA
fitsne,10000,5377,9.637790804635115,19.709904122165643,5.0,B00RGLPNKI
fitsne,10000,5378,-54.63260795271127,2.266756058818742,5.0,B00QJQX1DM
fitsne,10000,5379,3.063789017786357,28.20786257539718,5.0,B00UOR9SES
fitsne,10000,5380,-8.781471443890062,-69.63992813305057,5.0,B00TY7YXYY
fitsne,10000,5381,-11.921102423188465,-68.35899222225608,5.0,B00U18GOLK
fitsne,10000,5382,-15.426215978323711,25.307643024657775,4.0,B00M48532Q
fitsne,10000,5383,-17.224458068423402,20.97708263387044,4.0,B00SAD7VE2
fitsne,10000,5384,2.283973733397873,33.00112082841673,5.0,B00KXFL1JG
fitsne,10000,5385,-49.4098304390713,-15.49196015003274,5.0,B08TTT6F56
fitsne,10000,5386,-49.66843339184311,-15.820392126170873,5.0,B08TTT6F56
fitsne,10000,5387,-49.59432689246982,-15.699160033790298,5.0,B00NXOMA8A
fitsne,10000,5388,8.247571757849272,45.290599565212354,5.0,B00SSNIKV2
fitsne,10000,5389,-13.13247758035164,-70.43082390507053,5.0,B00T1C353M
fitsne,10000,5390,-49.43935068845467,32.17328132258118,5.0,B00PTOAAO8
fitsne,10000,5391,-37.27973834480963,48.94210622704976,5.0,B00PTM8YT8
fitsne,10000,5392,1.297671373263976,-77.1009104900285,4.0,B07GXCFNKJ
fitsne,10000,5393,1.0194720512749262,27.013396817604495,5.0,B00R7F7NNS
fitsne,10000,5394,-8.08167676269886,31.094681644985155,5.0,B00COZRKCK
fitsne,10000,5395,10.210990192694217,27.865388419976746,4.0,B00JKV6ZX6
fitsne,10000,5396,-70.93965543141873,-14.181790760437524,5.0,B00MRVJY1G
fitsne,10000,5397,-24.728103807489493,-45.42883148068576,5.0,B00PJOPF98
fitsne,10000,5398,-13.575854168831347,-71.67797452447346,5.0,B00KQFO12W
fitsne,10000,5399,-59.592488941312794,16.67728020268588,3.0,B07TKNPPQS
fitsne,10000,5400,18.14046372640475,50.69693543028026,3.0,B081RJQCJK
fitsne,10000,5401,-71.17597951874707,-14.145309624703186,5.0,B00TX00IQY
fitsne,10000,5402,-25.300579771824278,24.47129921645001,4.0,B00KG74H24
fitsne,10000,5403,-1.5767559605899133,52.92011057639033,5.0,B00CIC0YKO
fitsne,10000,5404,-15.850292017640303,51.2530976363286,4.0,B00K4PAP06
fitsne,10000,5405,-33.230276256960074,30.601701642005846,5.0,B00JR6GCZA
fitsne,10000,5406,-15.161819717679599,-72.02470136703995,4.0,B00IUICOR6
fitsne,10000,5407,6.275583364528746,9.750215163243205,5.0,B001H4B0AC
fitsne,10000,5408,-33.6345442305995,54.380734638882984,5.0,B00ISVKHBK
fitsne,10000,5409,-16.293643640407083,51.70702106769009,5.0,B00M4AYP7S
fitsne,10000,5410,9.053415072510754,19.927317133932952,1.0,B0000AKA8Y
fitsne,10000,5411,-15.281381936437839,-61.540753099609965,5.0,B008Y1KLME
fitsne,10000,5412,-4.636148991775799,56.97275621964782,4.0,B00EQW6LY2
fitsne,10000,5413,-14.772041810833125,-71.66981549099913,5.0,B00BWH7TIG
fitsne,10000,5414,45.91152881939397,44.91040164690518,4.0,B00BW0QC8G
fitsne,10000,5415,-12.78375410174442,29.88891980882982,5.0,B00CZ84UB0
fitsne,10000,5416,-16.458734241546132,51.93629153264331,4.0,B00BM1PWY0
fitsne,10000,5417,-11.999935794226808,69.83190829390442,4.0,B00ACC0P0Q
fitsne,10000,5418,-59.244159087122846,38.38638237041223,4.0,B00AGV7T5W
fitsne,10000,5419,-10.287303391643352,-31.74810110853563,4.0,B0093IZOV0
fitsne,10000,5420,4.554657904330475,5.988438440140357,4.0,B008NN54WK
fitsne,10000,5421,-68.91059666086363,-17.24343131559469,5.0,B0044YU60M
fitsne,10000,5422,3.433133824386839,26.468676478878532,2.0,B005L1LKF2
fitsne,10000,5423,-20.70328823660559,-33.5074447382006,5.0,B002LH3ZKC
fitsne,10000,5424,-16.383512082740378,51.80274376196853,4.0,B009AU2JT6
fitsne,10000,5425,1.0260780901861475,30.963116259981195,5.0,B007BYLKC0
fitsne,10000,5426,-16.197938463558927,-73.6736729301727,3.0,B007P2NLKM
fitsne,10000,5427,-36.88490922158333,50.13851555508874,5.0,B008422JDM
fitsne,10000,5428,-4.6626719952110784,57.12094716382258,4.0,B008AI3XDA
fitsne,10000,5429,4.596308906223562,6.371413949387659,5.0,B007PXUMXK
fitsne,10000,5430,-14.810434709142955,-70.88002186041857,5.0,B00WUGT0B2
fitsne,10000,5431,3.7553564523306364,6.4750006904897,5.0,B003ZX8B2S
fitsne,10000,5432,-12.778526625897808,29.759698761748158,4.0,B005JXADTG
fitsne,10000,5433,-16.34535681237183,-71.61465388835282,5.0,B00WUNA0DC
fitsne,10000,5434,-16.1358432533988,-71.5237777282652,4.0,B0035MDZKM
fitsne,10000,5435,-48.659414054885865,31.647378960554168,4.0,B0050Q00RC
fitsne,10000,5436,-14.231348069020665,50.64132417218801,5.0,B0052D5BY0
fitsne,10000,5437,-14.803940688028751,-72.51348050377007,4.0,B00WU0P6PW
fitsne,10000,5438,-19.272324035221658,-31.531446649845854,4.0,B004WOK2OY
fitsne,10000,5439,-16.029958549193182,-74.34207156554572,4.0,B00WUIT2D6
fitsne,10000,5440,-16.324426800640705,-71.7903166580058,5.0,B000R2PC2M
fitsne,10000,5441,-32.141053807241725,50.37301212013389,2.0,B00SFBLJB0
fitsne,10000,5442,-15.965472092326428,73.32632930210944,4.0,B0043T7FXE
fitsne,10000,5443,-17.054437467296715,19.06260109544639,4.0,B003X26LXW
fitsne,10000,5444,-16.556782287224006,-71.65724723893956,4.0,B000OQUMKI
fitsne,10000,5445,-17.988578062246177,-3.1067427467199438,5.0,B002EALEIG
fitsne,10000,5446,-17.322120602265183,-72.2568299044426,5.0,B00WU36LNU
fitsne,10000,5447,39.55406165439099,35.690082991741654,4.0,B003V8ALAC
fitsne,10000,5448,-68.73653020018152,-17.160006420520613,5.0,B002RYYZZS
fitsne,10000,5449,-18.402978973671555,25.091018341884016,3.0,B002PK13CM
fitsne,10000,5450,-4.661797960438278,57.13878075478113,5.0,B00267SENK
fitsne,10000,5451,-4.642241447107554,57.06187370918819,4.0,B002OOWC4C
fitsne,10000,5452,-17.921105403755277,71.31535640787234,3.0,B0011FCV8W
fitsne,10000,5453,4.606431214828029,5.902749519584882,4.0,B000V4TMWC
fitsne,10000,5454,3.8110315230459477,6.069683491961029,4.0,B001FVLTNA
fitsne,10000,5455,-8.399622986336722,31.58664179674969,5.0,B001PKTR76
fitsne,10000,5456,-13.452597865216477,30.423119450548853,4.0,B0023B14TK
fitsne,10000,5457,3.6560856841431897,6.138914944690572,4.0,B00XIKXN9E
fitsne,10000,5458,3.605262879484816,5.911458611801029,4.0,B00XIJ22RO
fitsne,10000,5459,-15.789353065458736,50.13058611917279,4.0,B0011NL8EW
fitsne,10000,5460,-42.16464040339927,18.466002684612985,5.0,B09MRVGC22
fitsne,10000,5461,-20.75344698071944,-48.08925282260937,5.0,B092KHH1SF
fitsne,10000,5462,-6.166455132961598,-12.762350081440918,1.0,B07N39YBK7
fitsne,10000,5463,-57.00488318598154,36.0948504337842,5.0,B072TS7CY6
fitsne,10000,5464,2.204749925698292,54.19313380197985,5.0,B07F4P3JH7
fitsne,10000,5465,-41.34235479255964,-7.6791553366651,5.0,B08BRJ98H3
fitsne,10000,5466,16.458279716204952,-9.72882687796805,5.0,B07PHQ93TV
fitsne,10000,5467,17.33257262211661,-10.879752491727665,5.0,B00IM3P8GS
fitsne,10000,5468,25.2363346174171,47.16871681443125,2.0,B07QDPKFYY
fitsne,10000,5469,-17.807976806630204,17.252482314232825,4.0,B0BW543RH8
fitsne,10000,5470,25.941013601844485,45.52132706079446,5.0,B07Z5G86LM
fitsne,10000,5471,-48.8684636347564,4.894205057992981,5.0,B081K9C3Q1
fitsne,10000,5472,24.015549727183576,46.642189817678386,5.0,B07Z9LY3G7
fitsne,10000,5473,13.394584126869383,4.383468038766317,4.0,B08J5X2JNC
fitsne,10000,5474,-44.46506242261217,10.396967097584794,5.0,B07XR9TYQ1
fitsne,10000,5475,10.660740606926366,52.192405910336426,4.0,B0BR3MLGZZ
fitsne,10000,5476,-4.109662818694556,51.29131887367373,5.0,B07XR5B32Q
fitsne,10000,5477,-4.254200812946973,51.639336319257026,4.0,B07SPHMZF5
fitsne,10000,5478,61.962591216351385,18.439371979846737,5.0,B08BJ5S3HK
fitsne,10000,5479,23.660044394483375,11.198529418925155,5.0,B01L2UB4ZG
fitsne,10000,5480,-7.965213466066659,66.96425919202639,5.0,B08W5CW6JR
fitsne,10000,5481,51.371602453446165,37.7993623029873,5.0,B07B8JMV94
fitsne,10000,5482,52.79825156248297,35.48929394965456,5.0,B00OLO5NTY
fitsne,10000,5483,34.765011202636735,17.175644907249534,4.0,B00DQJUH96
fitsne,10000,5484,28.41694870780172,48.93785243115282,5.0,B00H5HF9R0
fitsne,10000,5485,15.928579121785855,45.97311322731817,2.0,B018DHPTBG
fitsne,10000,5486,43.820821604009474,40.289882425290834,5.0,B01IHN1GP4
fitsne,10000,5487,-0.05129843536176527,-10.012810509296328,5.0,B00N2ZDXW2
fitsne,10000,5488,30.766112221400917,39.60187259510903,5.0,B013HHLBMS
fitsne,10000,5489,-11.234259576728045,27.97803029358397,5.0,B001P99T70
fitsne,10000,5490,-28.8132867722027,16.262281905815133,5.0,B004XXVOGE
fitsne,10000,5491,-47.668278159922245,2.6513129004050437,5.0,B0B1PR3TMD
fitsne,10000,5492,0.16798855530262058,43.6207154239006,5.0,B0B45PDKL9
fitsne,10000,5493,-53.9222862126479,8.430865368818145,4.0,B0B7WPGQ49
fitsne,10000,5494,-51.3148297132626,1.5754030657989326,5.0,B0BYYGZHG5
fitsne,10000,5495,-0.07162074029351695,-63.607819388149146,5.0,B09VDHXD8V
fitsne,10000,5496,-6.932197022553694,-65.20064646442715,5.0,B07KQLQJ4B
fitsne,10000,5497,-62.637687172850896,-17.838644288607263,5.0,B08P38JF9X
fitsne,10000,5498,-25.48993636127457,-14.788782503483567,5.0,B08VV4PHQG
fitsne,10000,5499,14.437570109146362,38.46752718467445,3.0,B08HJ7SY1M
fitsne,10000,5500,50.66258321935632,34.8039824243451,5.0,B0846QGZ53
fitsne,10000,5501,-20.5098150550833,-67.39908007646467,4.0,B0BXXHD8NZ
fitsne,10000,5502,-27.773005745449073,-18.47190536043199,4.0,B0BTPBBL52
fitsne,10000,5503,-57.33946411688094,37.53305705420053,5.0,B01C9C43ZO
fitsne,10000,5504,27.652381531793026,35.54946428236696,5.0,B078D6HSWK
fitsne,10000,5505,-56.657431320082175,21.620149437016654,5.0,B0BB6R89VF
fitsne,10000,5506,-38.17902922616403,2.436065072350345,4.0,B06VY4S9V2
fitsne,10000,5507,-11.617660067227295,-23.008603679472383,5.0,B01K8B8YA8
fitsne,10000,5508,-51.90824511866744,16.44999477376427,4.0,B01JRXRTC2
fitsne,10000,5509,-57.7472136292008,19.827392079509753,4.0,B0773C4WV6
fitsne,10000,5510,4.637330851813966,41.11577387868324,5.0,B074PL7GZM
fitsne,10000,5511,23.88798208639994,13.249793278127855,4.0,B09MTSLT2T
fitsne,10000,5512,-10.165964107435771,54.31765916033959,2.0,B084G4GY2N
fitsne,10000,5513,-9.479266039076355,68.18525123304916,4.0,B07FP8VLXS
fitsne,10000,5514,42.583944564313896,35.95635305399724,5.0,B01M30H97J
fitsne,10000,5515,0.39780073742546945,30.26859379733768,5.0,B00MT0SKAQ
fitsne,10000,5516,-17.86116120038451,69.91797662782824,5.0,B0BMTWS2P3
fitsne,10000,5517,-42.319019406021404,-8.368199585937447,1.0,B004C51HRY
fitsne,10000,5518,-7.475091138946965,-6.714610348014353,2.0,B011G7J5TC
fitsne,10000,5519,44.63966796205449,43.84372298395153,4.0,B016ZQ1YBG
fitsne,10000,5520,44.466551449506824,44.010978813856,5.0,B00LO5ANLQ
fitsne,10000,5521,-19.38863589353638,61.38790442589434,5.0,B00NLAUF9W
fitsne,10000,5522,48.58620010537378,21.42632018394963,3.0,B00FXK0RAA
fitsne,10000,5523,13.078412065683466,46.25638932992899,5.0,B094JD6SHP
fitsne,10000,5524,-20.53045938673618,-45.44110059097461,5.0,B007OYAVLI
fitsne,10000,5525,-10.482343089281082,53.8775180375229,5.0,B072BW91HP
fitsne,10000,5526,-35.64930444537219,31.64142490061859,5.0,B00ZMV7RL2
fitsne,10000,5527,-24.411433849218312,-53.06375726822393,3.0,B00ODCAVD2
fitsne,10000,5528,-0.04170375752436154,52.08555452999271,5.0,B072KFWXW2
fitsne,10000,5529,16.793366467724027,-4.027334260556873,3.0,B076P649XP
fitsne,10000,5530,-19.902409140575827,70.90398015872923,5.0,B0BMTWS2P3
fitsne,10000,5531,-40.790273798684304,49.11378512639342,5.0,B0CB1PRH8C
fitsne,10000,5532,-0.7270962564164335,50.9079655381794,5.0,B00DNZ18JG
fitsne,10000,5533,-34.97463582419907,-48.946331115448004,5.0,B013EKI2DY
fitsne,10000,5534,-62.06906998588267,12.566753614612827,5.0,B0034E2TFS
fitsne,10000,5535,-17.649549014922197,70.25067275603138,5.0,B003I4FF28
fitsne,10000,5536,-36.06113463815134,9.265317649930056,1.0,B07YFPZ44L
fitsne,10000,5537,43.21871485345281,-5.487698665479173,1.0,B09MMKF44M
fitsne,10000,5538,-1.314390246214168,-30.938703892762337,1.0,B00MV6INM8
fitsne,10000,5539,19.669348668313347,-38.91499126604357,2.0,B07Q8N8BN8
fitsne,10000,5540,2.867061019895374,-13.050774192684726,5.0,B07V3NVRMY
fitsne,10000,5541,60.60821059128344,-25.85336429852623,5.0,B00ZYOGVO6
fitsne,10000,5542,61.25930387664944,-27.76449326482235,5.0,B01K1KIUEQ
fitsne,10000,5543,45.22318760409052,-1.3473802300795266,5.0,B08723V9DD
fitsne,10000,5544,-5.7973155365517135,-76.27753678857528,1.0,B07RWN6M2Q
fitsne,10000,5545,11.722552154445085,-34.11611760397231,5.0,B07PXGQC1Q
fitsne,10000,5546,-57.78819031409358,13.235607311642799,5.0,B088W5C693
fitsne,10000,5547,55.6989401655821,12.432628773651002,5.0,B0B3X4NMHG
fitsne,10000,5548,39.80980473271032,5.264873262045375,5.0,B07W42V3CY
fitsne,10000,5549,12.692411426548082,61.07765814697226,5.0,B087F335JL
fitsne,10000,5550,6.4717102994227895,-11.875698479838956,5.0,B084BMTJ5C
fitsne,10000,5551,21.95889537807738,-22.121847572969113,1.0,B07NLBGSY5
fitsne,10000,5552,-12.121790515706214,3.4425834634290204,1.0,B001FA1O0O
fitsne,10000,5553,-12.175947991561456,3.461294363431221,3.0,B07BVFTMCC
fitsne,10000,5554,-4.42658293895988,-42.48432723642177,5.0,B0BW4PFM58
fitsne,10000,5555,25.744777767664427,-28.618627277947247,5.0,B005ONMDYE
fitsne,10000,5556,20.524038488423553,43.920633966993655,5.0,B0090C7DRW
fitsne,10000,5557,-9.63430829173378,25.211929247581242,5.0,B00PFQPX5Q
fitsne,10000,5558,8.093886800787043,-17.12870737992028,3.0,B0BZPMSM8G
fitsne,10000,5559,21.138932505978545,-42.48610282564106,3.0,B08RHJGH25
fitsne,10000,5560,22.268022167257204,-17.802788029079448,5.0,B07QC4WTNC
fitsne,10000,5561,53.07883808255936,-28.226171432472796,5.0,B09JWMNF4J
fitsne,10000,5562,-11.255950218596372,50.31629815279202,5.0,B07BHBLMTG
fitsne,10000,5563,17.44806218852927,19.38618729394722,2.0,B002RUBHOY
fitsne,10000,5564,-14.335396577547641,21.214775926387198,5.0,B072YVPJC6
fitsne,10000,5565,17.40531381093455,29.402799271605215,5.0,B07M87BB75
fitsne,10000,5566,27.898259010691923,37.38189489802307,5.0,B07DQBC6NH
fitsne,10000,5567,31.395485067418985,23.931990017598437,2.0,B0BJCYP6H5
fitsne,10000,5568,69.38975651194966,-15.344342279005776,5.0,B07JHTZZGP
fitsne,10000,5569,29.512184158635392,35.427004364392005,5.0,B07CKVHZ5S
fitsne,10000,5570,-32.63952576701557,9.306771657503361,3.0,B089SRK8VQ
fitsne,10000,5571,-25.73408928413305,10.261164852147067,3.0,B08GG9QKX6
fitsne,10000,5572,-45.806967446643235,17.458298709180138,1.0,B07XK74YD2
fitsne,10000,5573,20.270953916052967,-33.15311829900084,5.0,B00I8R4MNI
fitsne,10000,5574,46.245336475702636,-23.591869175054157,5.0,B0874YZVWK
fitsne,10000,5575,18.215564458384065,-43.99216923105858,1.0,B016VBCCZW
fitsne,10000,5576,-3.687875522372295,-56.71682310672983,3.0,B0170RBJ9Q
fitsne,10000,5577,62.580992419562435,19.313867663672823,5.0,B08DFS1M3V
fitsne,10000,5578,11.686499840608255,32.183589099502505,1.0,B07DK4BP7G
fitsne,10000,5579,24.684116515422232,-46.082135430019854,4.0,B08T88P5XH
fitsne,10000,5580,7.2367641586255385,25.39769760579173,1.0,B09YGXR745
fitsne,10000,5581,6.342181475459937,-7.692380210662219,5.0,B07GZFM1ZM
fitsne,10000,5582,3.444560013220582,-13.013169768042985,5.0,B07KTYJ769
fitsne,10000,5583,50.60129298563842,-9.884926795804763,4.0,B07N22BMM3
fitsne,10000,5584,-38.600530427807314,-33.39319145947297,4.0,B00176T9OY
fitsne,10000,5585,-38.25313159441892,49.284317901622295,1.0,B0B6D4W3R7
fitsne,10000,5586,1.3521000538694665,-77.18553989702332,3.0,B01A7OA8EQ
fitsne,10000,5587,52.57625620645009,9.34078119715466,5.0,B00EOF0K8Y
fitsne,10000,5588,18.82502689971536,59.58531457675334,5.0,B009S2CXLK
fitsne,10000,5589,8.464792422608726,60.44579593859282,5.0,B00DOPNKLY
fitsne,10000,5590,46.85595751727476,37.16320535439027,5.0,B007PR2INS
fitsne,10000,5591,-42.58616378774026,1.25573123719874,5.0,B09GB669WY
fitsne,10000,5592,-26.767920033205662,-26.17832579196926,5.0,B08RHKR66Z
fitsne,10000,5593,5.01344103337403,13.203197344369741,5.0,B07G12L4SC
fitsne,10000,5594,-3.0194705557654427,9.363387240875703,5.0,B08XWG924R
fitsne,10000,5595,10.69781980260304,61.86268143591801,5.0,B08YFJYD5Z
fitsne,10000,5596,18.655399472007442,58.626006383887905,5.0,B08Z2JQC6N
fitsne,10000,5597,62.43701433790047,18.93088350695508,4.0,B01BDX9Q6Q
fitsne,10000,5598,23.995462858826222,44.137169051133704,3.0,B078C6N6CR
fitsne,10000,5599,36.0801926317572,48.84393959540536,5.0,B01D0VM2L0
fitsne,10000,5600,32.39381397016803,53.21452733622528,3.0,B077TPFXZV
fitsne,10000,5601,52.20451496634202,4.666352963415113,5.0,B07FDFSF4L
fitsne,10000,5602,-63.25110407424333,-11.860423784607585,4.0,B08D6FKS7T
fitsne,10000,5603,-9.170347484944918,12.20268911365578,5.0,B09K7J4NQ6
fitsne,10000,5604,14.872777632194227,46.081876847598934,5.0,B07R39D397
fitsne,10000,5605,-0.9127076978035927,-4.9019852883982225,1.0,B01MUD2CEB
fitsne,10000,5606,31.895055381284486,43.15273385757037,3.0,B00MA6MNDE
fitsne,10000,5607,-52.89216000213345,-10.892595754753097,1.0,B003VVMXH8
fitsne,10000,5608,62.25923236788789,-20.427574594923904,5.0,B0B1SCRLRG
fitsne,10000,5609,55.534254831170855,-44.222149685962805,5.0,B09LRLD1Z3
fitsne,10000,5610,35.482294733597534,-13.298090639430102,5.0,B08WG19RPN
fitsne,10000,5611,42.420499166635345,-8.981924033313042,5.0,B094Z97N4H
fitsne,10000,5612,43.20261073362088,45.68154177203936,4.0,B08BL6ZN6Y
fitsne,10000,5613,33.37902425503021,54.128325215791385,4.0,B082GFTY83
fitsne,10000,5614,27.86422768773279,-28.082204979011227,5.0,B0BNTB3ZYV
fitsne,10000,5615,-31.37437055770828,30.795370839906784,5.0,B08HSN5K1Q
fitsne,10000,5616,8.556171396310589,60.151498087531245,5.0,B07J2RHGBS
fitsne,10000,5617,-41.41168816267883,29.155220293117573,5.0,B0C2CR23T1
fitsne,10000,5618,39.05149443154228,47.83211802144602,5.0,B082SM1GCJ
fitsne,10000,5619,44.87587548569311,34.41793642144765,5.0,B002VPE1WK
fitsne,10000,5620,1.223264412166876,-76.94846107461562,5.0,B07X25JRTM
fitsne,10000,5621,1.426389140961048,30.985199478351564,4.0,B09WZZ8S2B
fitsne,10000,5622,-15.83736357290113,-59.1628178813477,4.0,B08W44HG6J
fitsne,10000,5623,-17.380134675665424,70.17934174448608,5.0,B09TWQ2P1P
fitsne,10000,5624,-49.387544286712235,34.26192440848539,5.0,B09V2HP6V1
fitsne,10000,5625,47.58228327302908,40.05683356550142,5.0,B0C4LQRN6N
fitsne,10000,5626,13.008760804020163,5.310102471023698,5.0,B09WJVXYBZ
fitsne,10000,5627,9.881844754644154,19.225223837129928,5.0,B09P39PM48
fitsne,10000,5628,46.9196839837751,46.10331985945558,5.0,B09MVPNHFR
fitsne,10000,5629,13.567536663827196,5.206348557677079,5.0,B092282VR7
fitsne,10000,5630,-38.72275476080949,-35.4433757522078,4.0,B0B38RQ6GG
fitsne,10000,5631,12.762454241287514,5.166919037185485,5.0,B09GV21RZK
fitsne,10000,5632,13.011093024846403,5.263880538246499,5.0,B09LRS1QDP
fitsne,10000,5633,-27.891644764854284,-50.18223596999209,3.0,B0957NZNC2
fitsne,10000,5634,12.975344916212824,4.76048010770252,5.0,B09TP9LJWZ
fitsne,10000,5635,14.680129496008076,5.207001295230533,4.0,B0BBQ6PHVR
fitsne,10000,5636,14.53296331677033,5.296767137778317,4.0,B0CDLQJT42
fitsne,10000,5637,-52.79354628184614,-0.10775527789310864,5.0,B08PFVF5L8
fitsne,10000,5638,-16.613095399504097,69.10993482190504,3.0,B07B7HYBQW
fitsne,10000,5639,9.834698457173698,19.5036441293238,5.0,B07RLV97T3
fitsne,10000,5640,-3.6334011778846365,-60.08962373537959,5.0,B07K8XPS7J
fitsne,10000,5641,-53.9856139392004,5.1073376693297705,5.0,B07BWMNQTY
fitsne,10000,5642,4.619986603905342,-2.9247184926158147,5.0,B072MKFNV6
fitsne,10000,5643,47.87942254492852,45.1314861064832,4.0,B01MREKZDP
fitsne,10000,5644,-5.335894981749673,-64.20476309587998,5.0,B07119X97F
fitsne,10000,5645,-56.89441235627772,2.0967439813939417,5.0,B01N14PF8X
fitsne,10000,5646,-19.925788284019983,25.017750184950895,4.0,B083JFTZMN
fitsne,10000,5647,-26.59195116957443,41.13410308376479,5.0,B01GR95HTQ
fitsne,10000,5648,-5.106857948660767,-66.04471894390657,4.0,B01F2O1E9E
fitsne,10000,5649,-30.81525014777661,31.79004235423436,5.0,B01NAU4FF4
fitsne,10000,5650,-36.75788053216461,50.74865362012955,5.0,B008GAT8EU
fitsne,10000,5651,-16.243839069941522,73.61599076018021,5.0,B09KKBLNVD
fitsne,10000,5652,17.072707791440408,63.70309639038264,5.0,B00DQZQ5T6
fitsne,10000,5653,-25.333919105999158,43.93121678722049,5.0,B00IYOCFWU
fitsne,10000,5654,-64.66805517065198,-19.46551075190638,5.0,B00HQ883QW
fitsne,10000,5655,-25.176040717344836,43.81044859015605,1.0,B075B5T7L5
fitsne,10000,5656,-0.9660291134148504,53.25110993438423,4.0,B00BPO9HOA
fitsne,10000,5657,41.6689395062292,35.54702354714688,5.0,B00OXKDTZG
fitsne,10000,5658,-57.20818466193631,20.00890158828458,3.0,B004U4KVBA
fitsne,10000,5659,-17.067270952814084,-60.40281262872069,4.0,B003H4QPJQ
fitsne,10000,5660,-19.322447913416443,24.38638949530461,4.0,B00WMM48Q6
fitsne,10000,5661,-25.082549551564412,-39.80419586506564,5.0,B00RZWR23O
fitsne,10000,5662,-37.92514746033449,50.66370492239971,5.0,B00CN8BQV4
fitsne,10000,5663,-44.7541295169497,-20.159862800323157,4.0,B0078GCLU6
fitsne,10000,5664,6.556551778287029,61.638043476598654,5.0,B004HZYA6E
fitsne,10000,5665,-17.46234104913228,-31.699523658682438,5.0,B000FHD7PI
fitsne,10000,5666,21.389942225290987,29.849304928481306,4.0,B004JWA70I
fitsne,10000,5667,17.707644337071674,23.451989266509425,5.0,B001FR8POU
fitsne,10000,5668,-38.264047877987366,49.34701389620645,1.0,B000M3GODW
fitsne,10000,5669,24.797082750026117,-3.083405661315134,5.0,B001CEPYVS
fitsne,10000,5670,10.62253511306447,20.070883199533593,3.0,B07YD48WNN
fitsne,10000,5671,40.60449450472605,36.112387236551776,5.0,B002VPE1X4
fitsne,10000,5672,-14.357055494055484,49.9297086726085,5.0,B001FB6T62
fitsne,10000,5673,-16.17160246619219,73.18784222640832,5.0,B00004VUGJ
fitsne,10000,5674,-11.716260723646029,28.918551499903092,4.0,B00022AH6I
fitsne,10000,5675,-69.38208538498158,-16.942404534604186,3.0,B00008SCFL
fitsne,10000,5676,-29.178477519447675,12.302499940893165,5.0,B0771V3LT8
fitsne,10000,5677,29.49787120034664,3.2161741899802725,5.0,B07C2XDXXJ
fitsne,10000,5678,28.99556904509715,6.748619551482512,5.0,B07R472JCB
fitsne,10000,5679,-4.804851905778858,-38.742080689954506,5.0,B0B887LGK2
fitsne,10000,5680,3.6516000215434055,-8.912728908773097,5.0,B0BVYN6JNT
fitsne,10000,5681,-25.62791184161003,9.57962459600914,1.0,B0CBJWKDWR
fitsne,10000,5682,-17.0909219737358,-6.997955823796111,5.0,B09XQ1P16Z
fitsne,10000,5683,-20.119969917498086,27.440650544621725,5.0,B07SR6BCMR
fitsne,10000,5684,-27.757687506576936,-19.887712953630746,5.0,B0973HJC7X
fitsne,10000,5685,2.706110459932103,-33.820189201745144,1.0,B07NGRTX9C
fitsne,10000,5686,18.12065606681556,-24.048651279833077,1.0,B07XMNYHZB
fitsne,10000,5687,33.12107466821454,39.85339730331049,5.0,B06XXRWN1P
fitsne,10000,5688,-30.81753936449568,-13.165687070753343,5.0,B07GZFM1ZM
fitsne,10000,5689,10.331920695964035,-27.049878260438536,1.0,B07PMZVQRZ
fitsne,10000,5690,21.284047204422592,-26.806197474644815,3.0,B0863881T1
fitsne,10000,5691,-25.69678306542992,10.339794844210708,5.0,B0BVR81LYV
fitsne,10000,5692,-6.9586920027097845,-40.29832787071164,4.0,B071WGSZ81
fitsne,10000,5693,-24.48148807120105,5.685755332971749,4.0,B07G52NHBZ
fitsne,10000,5694,5.9298608261052195,6.056450926355772,2.0,B01D1GBME2
fitsne,10000,5695,-11.883094804249138,-23.274471864497603,5.0,B0BNP555YN
fitsne,10000,5696,-7.962927967752202,-42.37878834460647,4.0,B0BSMRTWNJ
fitsne,10000,5697,62.78567885134279,18.371956260946696,1.0,B09F5TVT11
fitsne,10000,5698,26.07187715240611,11.61801623034952,4.0,B009DSTZS8
fitsne,10000,5699,36.74758511910628,-43.9297283522737,1.0,B00BW5U3HM
fitsne,10000,5700,50.521319341439124,41.13236350068265,5.0,B08DL8GTDP
fitsne,10000,5701,0.7687359128330126,-67.77854668583065,3.0,B09J4GXN38
fitsne,10000,5702,43.052761523585545,10.889790369430784,5.0,B010BWYDYA
fitsne,10000,5703,-5.213767538039499,70.53888731280915,3.0,B0916VSRFG
fitsne,10000,5704,-0.11827491510508086,-25.027027529653914,4.0,B07P5GWWQ4
fitsne,10000,5705,-2.314232640082346,-67.33993014761843,5.0,B0C338S8M7
fitsne,10000,5706,-56.62451324669335,38.6817279633726,5.0,B071ZPV6YR
fitsne,10000,5707,-14.808933640451013,-22.73680349470152,5.0,B0791TX5P5
fitsne,10000,5708,38.34790804577281,-17.753509586587402,4.0,B009XJX952
fitsne,10000,5709,11.430556284006684,2.5193408788527645,4.0,B00HME2QRW
fitsne,10000,5710,43.435081022546946,-27.906243471193932,5.0,B07QG747VM
fitsne,10000,5711,59.83691975708973,-10.734586788569613,5.0,B01I46MYKK
fitsne,10000,5712,52.801659415650256,33.72429342591468,4.0,B07BNCLQN8
fitsne,10000,5713,40.777925498119714,6.293722844701449,5.0,B0C5GSXCLX
fitsne,10000,5714,26.991400016145807,16.2819992906301,5.0,B09554QF7L
fitsne,10000,5715,-1.9820027440971515,42.249108623020724,5.0,B00S87OXMI
fitsne,10000,5716,-8.629338893880103,-73.03733562621524,4.0,B00DDPZ5MW
fitsne,10000,5717,25.77500767089626,-27.986558076498476,5.0,B003N3JFWU
fitsne,10000,5718,9.145754726842572,30.294070609033387,5.0,B00374DFBM
fitsne,10000,5719,23.141915967622282,29.840633164754376,4.0,B00K1SKXPI
fitsne,10000,5720,42.511245043042194,18.430245867071516,5.0,B07GB3SGSF
fitsne,10000,5721,-28.89525219978047,10.472083983713553,5.0,B07GN87JTJ
fitsne,10000,5722,24.110627352191177,-18.98352974619568,5.0,B00YBCKIL4
fitsne,10000,5723,-18.540171896724196,-43.337116474036236,5.0,B001VNLRPC
fitsne,10000,5724,2.8730160300013092,-19.856363574405886,5.0,B00UNDEKWI
fitsne,10000,5725,15.801412695543016,-10.656325901369176,5.0,B07P5Y4776
fitsne,10000,5726,1.5510478595738983,-62.03739744716522,5.0,B08NSJ8KQM
fitsne,10000,5727,43.56991936419896,17.49395013858206,5.0,B01MQRGROQ
fitsne,10000,5728,-43.97961052635466,45.13391192147969,1.0,B07G5JV2B5
fitsne,10000,5729,-29.66133232308675,40.511057574350964,1.0,B00294P0T6
fitsne,10000,5730,50.084422912040445,-2.6368218002694386,5.0,B09FLNSZ8G
fitsne,10000,5731,44.7594985391693,-26.33884779751184,5.0,B08XPWDSWW
fitsne,10000,5732,1.5638790283365591,-36.79088284454112,5.0,B08L758H87
fitsne,10000,5733,-37.60097063552006,-15.475870390663573,5.0,B08L7LF1KF
fitsne,10000,5734,0.8545874896287139,23.09540331514557,2.0,B07VDVS6BZ
fitsne,10000,5735,50.2286719685019,0.6376461864517157,5.0,B0BRLZFYTJ
fitsne,10000,5736,59.58215516052278,-38.571464194923266,5.0,B07ZPS3VZS
fitsne,10000,5737,43.34858515911949,11.931803553858693,5.0,B07VC2SCKN
fitsne,10000,5738,25.736894233762413,-7.396119052073432,5.0,B07Q59S539
fitsne,10000,5739,66.50908862924103,-22.91323355674662,5.0,B084WR1XFK
fitsne,10000,5740,44.13345553886341,-41.3096798990951,5.0,B07Q2SJNZ5
fitsne,10000,5741,30.84416718722999,-40.167256851397575,5.0,B01KSTSV76
fitsne,10000,5742,30.81981020509878,-40.10302697180072,5.0,B00LM0ZGIS
fitsne,10000,5743,-25.52034483371875,-26.673802808787826,1.0,B07KFD7QPZ
fitsne,10000,5744,66.53328453846488,-23.00964906617241,5.0,B01K8B8YA8
fitsne,10000,5745,61.06042743921158,-34.459903330209535,5.0,B01K9KW56M
fitsne,10000,5746,15.89529685561888,24.569746852675973,5.0,B01L3VEC08
fitsne,10000,5747,15.418234103586656,-29.43201474730693,2.0,B07S764D9V
fitsne,10000,5748,8.012222862275104,-6.61591646003498,5.0,B017OVSXPG
fitsne,10000,5749,14.247735033393454,-5.022576680624103,5.0,B086X8L8K2
fitsne,10000,5750,-21.08622869272246,48.40164046072263,5.0,B09M85W9P8
fitsne,10000,5751,10.706959384728428,17.162455986307293,1.0,B0BSKXJFKN
fitsne,10000,5752,-34.21640932750054,54.33773154532555,4.0,B07NW72QY9
fitsne,10000,5753,-52.97507467512355,-10.377955246592421,5.0,B0C7S8NBJK
fitsne,10000,5754,-34.315670387311535,54.53516277587868,5.0,B08KG14KCT
fitsne,10000,5755,-51.104789552054385,-12.873938068412691,5.0,B098DSFTQM
fitsne,10000,5756,10.599727383988895,16.840123989695172,4.0,B09H83QHPC
fitsne,10000,5757,11.812635973272187,15.522271656388693,5.0,B07JZCP1NJ
fitsne,10000,5758,-25.89831852745339,47.81670016089549,1.0,B0BSF17PM2
fitsne,10000,5759,-34.38643006564553,54.78238402570743,5.0,B08D7638C8
fitsne,10000,5760,-32.708663849512185,54.08767923201764,3.0,B00LF10L02
fitsne,10000,5761,-32.3385541554674,32.77614422723383,5.0,B007HSKSMI
fitsne,10000,5762,34.009744443692504,44.14090178066157,5.0,B00BCXF6KS
fitsne,10000,5763,0.6369821874804684,30.624168821951397,5.0,B074TMJ44M
fitsne,10000,5764,11.718320789093697,26.162395774327575,1.0,B003C8RLAE
fitsne,10000,5765,-20.322013392714975,43.96842665531791,1.0,B002K3Z3E8
fitsne,10000,5766,6.557350340072689,28.17567385208698,3.0,B00WUI07XK
fitsne,10000,5767,-0.6077323035680219,28.510427698287497,4.0,B00TG5FPHS
fitsne,10000,5768,14.665500038926112,51.04718184574531,5.0,B092J8MM28
fitsne,10000,5769,-4.3715820920547666,64.268395408502,5.0,B09KNJ518H
fitsne,10000,5770,68.32097145607146,-10.761600070995543,5.0,B07JBCKX7M
fitsne,10000,5771,30.391976850598347,-33.03944665398351,5.0,B07DC3LH9C
fitsne,10000,5772,-39.68876968517032,30.05617158746333,5.0,B08C9FL1L7
fitsne,10000,5773,51.57249673152154,35.42689502459521,5.0,B0B976N8JZ
fitsne,10000,5774,-12.16744399278884,-18.5052837726739,2.0,B07VXXBTX4
fitsne,10000,5775,-36.84524215559939,1.1592659392335187,5.0,B079HBKGSW
fitsne,10000,5776,-0.18248452339198984,0.03819784034424397,1.0,B07DK4BP7G
fitsne,10000,5777,9.265354836255696,65.51552781711985,1.0,B01MTF2Z37
fitsne,10000,5778,7.293418809823502,41.09887871560986,2.0,B06Y5WDVV3
fitsne,10000,5779,10.920706589149471,64.89496904076879,2.0,B01M334NVP
fitsne,10000,5780,-35.534919997965,8.887954834369637,1.0,B000BOLHH0
fitsne,10000,5781,15.061470808929787,47.829030689138044,5.0,B01608AHA8
fitsne,10000,5782,8.046412836727647,64.70912113681273,2.0,B010BWYDYA
fitsne,10000,5783,-29.69348942757167,-59.967942593553865,1.0,B00JB31RYK
fitsne,10000,5784,-26.99674521337047,-10.151505200965069,3.0,B007F9XHCM
fitsne,10000,5785,-4.867720219456415,-50.86646164129446,5.0,B0CDVW2RNG
fitsne,10000,5786,-42.67416480309777,-1.2392677323359702,5.0,B09CTHY2B3
fitsne,10000,5787,11.61278765371747,43.53233752253625,1.0,B07ZRGNMRJ
fitsne,10000,5788,9.82971623152484,62.41166173129005,2.0,B07N8VFFNS
fitsne,10000,5789,-18.677363903261245,-59.28649606532798,3.0,B0B2JCSK1P
fitsne,10000,5790,16.144564584774812,-9.84301159829444,5.0,B08F9ZCTCL
fitsne,10000,5791,23.902383721300545,-8.60074828094836,5.0,B01MFCFKG5
fitsne,10000,5792,-44.0779868146558,2.365808181671535,5.0,B075SS891V
fitsne,10000,5793,65.19709672270459,20.052637628650288,5.0,B094V7S7D7
fitsne,10000,5794,-41.127159244651274,0.7436656852423585,5.0,B082Y3SQ2V
fitsne,10000,5795,-56.70559922656351,14.595310079917315,2.0,B08CZL3CJS
fitsne,10000,5796,-2.4762740375878707,11.126752069494165,5.0,B0B1SCRLRG
fitsne,10000,5797,17.071046539017857,49.09723195355884,2.0,B08F1T7F6F
fitsne,10000,5798,20.470277713844034,59.63046037987465,5.0,B07MG4DMN9
fitsne,10000,5799,-70.56881943539084,-11.44569217342721,5.0,B09RS2KZK4
fitsne,10000,5800,-8.190288893404247,-54.834922449461565,5.0,B082QPHYZQ
fitsne,10000,5801,-46.68132895602791,-3.3827113240670337,5.0,B0B1HJ23M3
fitsne,10000,5802,-7.524970092300264,69.64317570077961,3.0,B086JJNYGS
fitsne,10000,5803,16.99250984436138,34.08284920059406,5.0,B09FYWWVB8
fitsne,10000,5804,-69.82164226118054,-20.880254558747946,4.0,B07116B33Z
fitsne,10000,5805,61.834606345015715,17.529646467854306,4.0,B07ZFFYQCR
fitsne,10000,5806,27.226701599803874,47.71317575075633,5.0,B01HEW1KTG
fitsne,10000,5807,-20.16494062407192,69.66846827443761,5.0,B01M7NFWQ5
fitsne,10000,5808,-58.267110367183484,15.633394429710545,5.0,B079FQRPXM
fitsne,10000,5809,-69.30643582016224,-13.57378465653996,1.0,B077XJB1Z8
fitsne,10000,5810,20.82032769345568,39.57059215175812,5.0,B0772D8VR1
fitsne,10000,5811,-11.725090365826022,3.2753579489215836,2.0,B0BHF1HN6C
fitsne,10000,5812,16.024330708196075,23.41055199449904,5.0,B00LI6NW8W
fitsne,10000,5813,22.324193807415384,-40.680669697648106,1.0,B0BS2TMK39
fitsne,10000,5814,47.281083113957706,-22.659575168893394,5.0,B01N44JBS4
fitsne,10000,5815,-36.15874724596143,-37.825719276281205,4.0,B0BQV27MZ7
fitsne,10000,5816,-36.159559195847926,-37.82557587140555,4.0,B0BQV27MZ7
fitsne,10000,5817,-7.356473292916132,68.61231867157606,5.0,B0CCK5YXRC
fitsne,10000,5818,-15.3095672781307,50.1861477784526,5.0,B0C6NZTYP5
fitsne,10000,5819,-19.089267499859897,74.9971191400613,2.0,B09TPXD2VC
fitsne,10000,5820,-14.205303002531362,67.66005061750671,4.0,B0BWBC2GLD
fitsne,10000,5821,-25.012006844940785,-35.2401453287667,5.0,B07X3HL7CC
fitsne,10000,5822,-31.19521536222272,48.80544503986957,5.0,B0C62815WM
fitsne,10000,5823,14.679968099491067,6.708293104263109,3.0,B08M8Y6473
fitsne,10000,5824,-48.45940771528488,2.35240300768115,5.0,B08KZ3QN72
fitsne,10000,5825,-10.076933370510037,-65.32674152814161,5.0,B081SDPJ47
fitsne,10000,5826,-44.50711715654781,9.981341864459536,4.0,B07HGW7B1D
fitsne,10000,5827,-30.605284540038834,29.754596106408485,4.0,B06Y2XRYB2
fitsne,10000,5828,49.16047148526244,21.548953898732325,3.0,B08BXDW68Z
fitsne,10000,5829,-0.3316896459807888,-40.929962272888474,5.0,B0935ZDCYD
fitsne,10000,5830,34.47028531458712,-2.281720687780326,5.0,B07W5ZDHDH
fitsne,10000,5831,-2.0065066529625857,10.363970675428401,5.0,B0C8SBPY3V
fitsne,10000,5832,34.09731164888914,-24.703495626146363,5.0,B06XQN1GKK
fitsne,10000,5833,34.09745169402891,-24.703498641440024,5.0,B07S78GKZ6
fitsne,10000,5834,36.59040925020845,11.801497554984126,5.0,B0C6PGZ3MB
fitsne,10000,5835,12.897078887788343,-30.71011925121307,3.0,B07DQF7LQY
fitsne,10000,5836,16.869046135551102,-17.69046456200724,5.0,B07MDYT2SW
fitsne,10000,5837,-10.964832224852335,23.83971004100695,5.0,B08CLNX58K
fitsne,10000,5838,-49.51867692309857,-10.485341904290506,5.0,B08DCYHFD4
fitsne,10000,5839,-51.802123919231,-11.450912596149152,5.0,B07P16JC5W
fitsne,10000,5840,-4.0334381937978465,-58.25057063751482,5.0,B00WUN9PE2
fitsne,10000,5841,2.635744636575572,-72.08383618103367,5.0,B008I65TRM
fitsne,10000,5842,-31.679014392526835,-23.334087703715383,5.0,B07ZZVX1F2
fitsne,10000,5843,7.6624274874141385,-24.97089962874402,1.0,B07PCZV64H
fitsne,10000,5844,-30.047623349314406,-0.6655442793360469,1.0,B015CFY3WS
fitsne,10000,5845,-9.356857667251813,-63.0118304753855,5.0,B08548M6FF
fitsne,10000,5846,9.566430175834471,-24.94441195957682,5.0,B00B502HL4
fitsne,10000,5847,12.535760795131823,5.897171894000995,3.0,B08HHSFT21
fitsne,10000,5848,13.09970348462232,7.232870606236325,2.0,B0B51DHRMN
fitsne,10000,5849,-35.53392626845201,-44.11699589219027,2.0,B01MDKJXCH
fitsne,10000,5850,40.833994927068034,25.197450903026425,5.0,B096FJY39R
fitsne,10000,5851,60.55132454109611,20.501196419053947,4.0,B09CQBFS81
fitsne,10000,5852,12.531145153138985,47.683333033980105,5.0,B09GLVS2BD
fitsne,10000,5853,37.695954961912136,26.828404330438364,5.0,B07W92W39W
fitsne,10000,5854,21.638288228918444,-35.9138065604333,5.0,B0928QBF8K
fitsne,10000,5855,0.07024162589593239,-52.94774371812408,5.0,B00MO86ES8
fitsne,10000,5856,-14.06036530518689,4.762251924584004,1.0,B09MK92BX7
fitsne,10000,5857,-20.02360823562725,-32.939089093422226,5.0,B0BHQRTJYJ
fitsne,10000,5858,62.986199745368666,19.195720003391997,5.0,B094NMVYKT
fitsne,10000,5859,-9.609182356772246,-56.361615647397294,5.0,B08F9TMWN7
fitsne,10000,5860,-14.4817580287896,-31.218711949588037,1.0,B09BDX2C9X
fitsne,10000,5861,64.83798827127274,20.082450280099597,5.0,B0BFJ8KGTZ
fitsne,10000,5862,2.4829686572755376,50.99257934028459,5.0,B07H936BZT
fitsne,10000,5863,11.209299255256747,-38.14430797675479,5.0,B07P5Y4776
fitsne,10000,5864,61.27139855078017,-24.36124753427314,5.0,B01M0SFMIH
fitsne,10000,5865,29.70276892109283,-50.40263696076702,5.0,B07PFSXZ2W
fitsne,10000,5866,-33.94300305728538,8.533923128232008,1.0,B0BWD4WGJB
fitsne,10000,5867,-3.071118044577149,-41.37175957031802,5.0,B07S4KJV6W
fitsne,10000,5868,20.04137274493507,-32.80429623832831,5.0,B07QD3HZVJ
fitsne,10000,5869,23.839868704461455,17.737110923054576,1.0,B0C9CKKCD6
fitsne,10000,5870,-10.986002078303503,24.366097553141664,5.0,B08MRTZWJ5
fitsne,10000,5871,-21.343887815564845,-5.1929768449378555,2.0,B08QSB7SR3
fitsne,10000,5872,-36.048797687955016,9.138527058381221,4.0,B09BN75L3P
fitsne,10000,5873,43.13807405233468,11.914592653378206,5.0,B0C4LW67ZG
fitsne,10000,5874,-40.068973166503554,0.26182112882235975,5.0,B077ZS7D77
fitsne,10000,5875,60.487976718372245,-33.3607767873104,5.0,B09571JZH1
fitsne,10000,5876,23.54729894581841,0.3121902581792675,5.0,B091KKX4DS
fitsne,10000,5877,44.374385854994195,-60.649849486749055,1.0,B09GD22V7K
fitsne,10000,5878,9.829631184342311,-31.707838833955233,1.0,B0C337RV7Q
fitsne,10000,5879,35.99602889650081,-22.656864554394016,3.0,B0BP27ZQKC
fitsne,10000,5880,-1.3377284267048006,-39.248195867493244,5.0,B07PXTY9BQ
fitsne,10000,5881,2.2399960639942105,-41.79135814764044,1.0,B07G5C4YLY
fitsne,10000,5882,-3.5520666157141707,-7.318582015443995,5.0,B0785WP8BF
fitsne,10000,5883,35.67749062747621,-3.738077555766547,3.0,B00902SHEU
fitsne,10000,5884,-36.65086817761051,-36.97130908749025,5.0,B01MU55O1B
fitsne,10000,5885,-38.548888749160305,19.97789288285545,5.0,B00ASLSQHK
fitsne,10000,5886,54.2708194009774,5.170576268505699,5.0,B005RY2BTC
fitsne,10000,5887,-4.625583443965515,17.247816557529557,5.0,B09M67L3J5
fitsne,10000,5888,3.307678530349391,26.735855341063715,5.0,B09VP5QB8X
fitsne,10000,5889,25.809836491043576,51.543297770126266,5.0,B07VRP3KBM
fitsne,10000,5890,27.013959054133213,52.28059802587344,1.0,B07RWH9GM3
fitsne,10000,5891,-54.65075800205652,2.413655205755235,5.0,B08B7RYM4P
fitsne,10000,5892,31.994206912623273,3.7227620437590985,5.0,B098391NB7
fitsne,10000,5893,-50.48689838637161,-0.7652040560618242,5.0,B0BRJGVZP8
fitsne,10000,5894,33.85599149524053,54.22151455786711,5.0,B08399M3P8
fitsne,10000,5895,11.048369179252473,3.2712947505918875,5.0,B075JB46XP
fitsne,10000,5896,-21.163945233147764,69.52160834940786,5.0,B071Y2SG3R
fitsne,10000,5897,-29.951976340535165,7.95709653957264,3.0,B013O1V23K
fitsne,10000,5898,2.9740743509498255,51.53452053901869,5.0,B01LD8GI3K
fitsne,10000,5899,8.783892195331015,-43.94036904918709,5.0,B008PXMWIW
fitsne,10000,5900,-31.059231460627995,-20.726433917129768,5.0,B099P2JF9Y
fitsne,10000,5901,32.766574134469,-14.726196243940674,5.0,B0875M44Y5
fitsne,10000,5902,58.02932813161488,-1.9617394582698267,1.0,B008I63HDA
fitsne,10000,5903,-43.113106400754106,-12.634138591556885,5.0,B01ETQ62XY
fitsne,10000,5904,28.89284354141443,-9.61379945752574,5.0,B00Z0V2NQ8
fitsne,10000,5905,26.44538447034166,-7.649561414190601,5.0,B0083J7EM2
fitsne,10000,5906,57.16475836475254,9.585486554032588,1.0,B01LLANEAU
fitsne,10000,5907,0.42429015634054856,38.068041995296504,5.0,B09P398XM9
fitsne,10000,5908,15.845870582949368,-1.076051552307243,5.0,B099PM811H
fitsne,10000,5909,15.863679810501772,-1.0752770725929397,5.0,B07JPGXV7C
fitsne,10000,5910,34.98550640265312,-17.187668564391114,5.0,B0BVBDXFHM
fitsne,10000,5911,49.93425277467301,0.18950985920071914,5.0,B07H65KP63
fitsne,10000,5912,-5.302322733016687,-68.56069598604613,5.0,B07PXGQC1Q
fitsne,10000,5913,49.73019861269936,0.8370137470194801,5.0,B08XNCHTCY
fitsne,10000,5914,45.48122240133454,-0.9309454112089499,5.0,B07K1WWBJK
fitsne,10000,5915,46.59202517231555,-0.11223056438862819,5.0,B0863ZGP2R
fitsne,10000,5916,20.113006340120606,43.43388013402112,5.0,B09ZKKXQWV
fitsne,10000,5917,46.54882624460937,0.05131081765957171,5.0,B086MQ6F2N
fitsne,10000,5918,18.88864741560466,42.98858356913842,5.0,B09SHL7BVZ
fitsne,10000,5919,-2.6097879581429937,8.936900998518725,5.0,B08D7JPKLZ
fitsne,10000,5920,32.208778059593655,54.40378334060554,3.0,B073F6ZDL5
fitsne,10000,5921,41.42581164687667,-6.727826246161616,5.0,B00O29HJXQ
fitsne,10000,5922,31.922909037903345,41.28727510397747,5.0,B00WT477P6
fitsne,10000,5923,-0.7331158654812658,-64.79641703174968,4.0,B06XKVSX25
fitsne,10000,5924,33.76350228263911,-2.235177065149557,5.0,B08JPLNBZP
fitsne,10000,5925,-16.432741937333027,-23.434813719609604,5.0,B07GZFM1ZM
fitsne,10000,5926,58.11698525337575,-22.86846755576513,4.0,B08YFJYD5Z
fitsne,10000,5927,-41.663606915770444,-3.632483825202093,5.0,B07WGPTZHR
fitsne,10000,5928,52.17577651451551,32.36888605033915,5.0,B0CCF6KKF9
fitsne,10000,5929,-33.701716061649456,-24.940385677638186,5.0,B07GZFM1ZM
fitsne,10000,5930,43.36336579759922,21.805303997032777,5.0,B0124ES3VC
fitsne,10000,5931,-4.123284345751623,-63.81324456065366,5.0,B078C7XJ7Q
fitsne,10000,5932,16.9382917592689,52.22903230360485,1.0,B07DQDG547
fitsne,10000,5933,-54.08984456897326,11.637920780991896,5.0,B0CD7L5PKM
fitsne,10000,5934,-14.468073213202992,26.41520557417823,5.0,B08QCM7FL1
fitsne,10000,5935,-20.792303328597157,-59.75775720992726,3.0,B08H7SG2VN
fitsne,10000,5936,-11.64188763359506,-71.33861693612599,4.0,B08DLS9V5D
fitsne,10000,5937,-10.068750321974196,-33.31727002169825,5.0,B07ZM19Y9H
fitsne,10000,5938,-8.826723470673711,-64.66677346211223,4.0,B0BN6DVC5H
fitsne,10000,5939,-6.785124835912184,-72.77394122934186,3.0,B07XSL4F4C
fitsne,10000,5940,-14.025506389431948,19.796117986569595,5.0,B0BPK419HZ
fitsne,10000,5941,-24.767301246012313,41.0832230740521,4.0,B09LM915XQ
fitsne,10000,5942,-53.55348610991704,1.1282890743848915,5.0,B0814YNH8V
fitsne,10000,5943,-32.420440017678494,16.037434619782054,4.0,B01D9TUL8Y
fitsne,10000,5944,-9.244983003082158,-64.43088997380616,3.0,B09D41HQVZ
fitsne,10000,5945,8.073870017168467,16.137877656970364,4.0,B0842X9PHR
fitsne,10000,5946,-57.070307133038355,15.408024373458622,5.0,B0838Y1F46
fitsne,10000,5947,-23.517648698538004,41.163774578303105,5.0,B0C1BVZHD1
fitsne,10000,5948,-19.36364292716978,24.153013935468937,5.0,B085STB7FR
fitsne,10000,5949,-24.53476914284038,42.33774044335806,1.0,B09V1FT19S
fitsne,10000,5950,-33.55304211575133,47.27195188838848,4.0,B0BSF17PM2
fitsne,10000,5951,-7.850346198031799,-28.755284267615544,4.0,B081QWB92L
fitsne,10000,5952,-11.098538389300167,-24.039885751794024,4.0,B07H65KP63
fitsne,10000,5953,26.030692807866703,39.94820032462576,5.0,B07NZLL5WB
fitsne,10000,5954,-0.5263921543686734,67.94868337218989,5.0,B07FFVVDJ8
fitsne,10000,5955,62.43383495502852,21.065776108341222,3.0,B074ZLVXCG
fitsne,10000,5956,44.90187453023222,48.7870458396754,4.0,B08RYZGXLL
fitsne,10000,5957,24.79599538079267,-16.508839624187086,4.0,B07P5FQGR8
fitsne,10000,5958,-18.471900654223404,70.5853627419453,4.0,B09T78HB28
fitsne,10000,5959,1.504243003266239,-13.002422711180609,4.0,B0BZLBL1L9
fitsne,10000,5960,19.015004066869658,-39.11166422196118,5.0,B07Q9F2FMR
fitsne,10000,5961,-23.709260141604304,-3.165855279197649,5.0,B083JFTZMN
fitsne,10000,5962,-68.69357116543111,-18.736225157045713,5.0,B003O973OA
fitsne,10000,5963,16.163690434210277,-36.945799697651445,5.0,B07PMFD12W
fitsne,10000,5964,1.3401413796242945,-7.824148786857643,4.0,B00SZ304ZK
fitsne,10000,5965,22.606510661191674,37.954535387471324,5.0,B07P83VM1G
fitsne,10000,5966,24.490156234055828,59.02190625501432,5.0,B08MQ5ZPGG
fitsne,10000,5967,-0.16749174313521942,54.4382152403001,5.0,B08N3MBM2P
fitsne,10000,5968,3.286230405852034,0.6612076847446011,5.0,B0BM2YG2K7
fitsne,10000,5969,-16.909815942002325,-46.36549923390051,5.0,B084RJZ5BP
fitsne,10000,5970,2.479466375194315,-21.60319762141329,5.0,B00XHTAIGM
fitsne,10000,5971,-65.9270451494772,-16.503165943081278,5.0,B07VDLZ39V
fitsne,10000,5972,-6.797347685779745,-46.9487669718345,5.0,B08DHJFJFY
fitsne,10000,5973,36.05992403260792,-19.69719398607045,3.0,B07H65KP63
fitsne,10000,5974,-19.355924873649577,51.06291532511194,2.0,B083Z7W1FK
fitsne,10000,5975,20.660206664415607,-18.18763263992197,5.0,B0C46VF5GR
fitsne,10000,5976,18.632740123979325,12.348392318559121,1.0,B095STM3C9
fitsne,10000,5977,19.338982039357223,-10.882393068175542,4.0,B018SOU7AM
fitsne,10000,5978,-36.36468805753892,1.4331453664884113,4.0,B0C61VKHQL
fitsne,10000,5979,-46.49638330532361,-8.864654769434715,3.0,B07Y23TMZ4
fitsne,10000,5980,-48.010940169240335,-25.957692358243563,4.0,B08VDBZPYL
fitsne,10000,5981,-26.27014713797198,12.40108051048464,3.0,B0B12G5Z92
fitsne,10000,5982,36.21777986982606,-19.495613760882176,4.0,B09YXCM8N3
fitsne,10000,5983,28.183355203174298,-30.930292819580377,5.0,B07L9BDY3T
fitsne,10000,5984,47.31588920652985,-18.091608116959485,5.0,B00KFCRATC
fitsne,10000,5985,-31.5515308661446,-15.741522884985784,3.0,B0BRQ9ZZ3D
fitsne,10000,5986,-22.5098896467192,50.6965548662842,4.0,B093L79VHX
fitsne,10000,5987,23.816780704234088,-42.4727765437238,4.0,B0BGRNBMKT
fitsne,10000,5988,34.87452958171485,-9.395517439998134,3.0,B09Q371RZC
fitsne,10000,5989,4.4760304609884995,38.52438954460035,4.0,B08DV5LB4C
fitsne,10000,5990,-15.444048632954273,-1.2201494948718883,5.0,B0BM9LLXPD
fitsne,10000,5991,-5.516225115977865,-46.29601383086112,3.0,B07N31CHLN
fitsne,10000,5992,34.56292091949793,-19.85984258573528,3.0,B09C2RQGGS
fitsne,10000,5993,-13.080983263134884,-49.73097810113025,1.0,B09DKQ58Y1
fitsne,10000,5994,26.76071031105244,-17.95944664772114,4.0,B09ZL3GXHN
fitsne,10000,5995,28.728633196315883,10.252373821183795,5.0,B0B2VC4P21
fitsne,10000,5996,-6.709662484034903,-43.644038270200575,5.0,B01GF5ACUG
fitsne,10000,5997,-4.81004745578601,-39.58715187462375,2.0,B01BVX5BX0
fitsne,10000,5998,-33.02226635581198,-51.95590781173562,1.0,B07P5Q8SC1
fitsne,10000,5999,-33.840518320378386,-4.413018831292975,1.0,B07NTRPYBB
fitsne,10000,6000,36.900324811923475,20.622261083152864,5.0,B073QNZ1SP
fitsne,10000,6001,-41.08853038078905,-2.6143886348632894,5.0,B01EL7618C
fitsne,10000,6002,18.112930713426998,-30.606841828166683,5.0,B075X8471B
fitsne,10000,6003,36.904285648774824,12.993858309566933,5.0,B0B2K24RQT
fitsne,10000,6004,32.5889662984764,-12.281241303183787,1.0,B0B3D9WQD5
fitsne,10000,6005,37.172488130611725,9.391483557779097,5.0,B099KKGJQP
fitsne,10000,6006,-1.202692027066755,-24.92994199727202,5.0,B08F9ZCTCL
fitsne,10000,6007,58.78398315080793,-15.05423076006678,5.0,B0753QWL5X
fitsne,10000,6008,-2.9551868926363847,-58.838654366725564,5.0,B0BGP6R8XS
fitsne,10000,6009,-9.6686784960468,-50.84279197319572,5.0,B0B59QBY9G
fitsne,10000,6010,-30.555359577113418,56.48043805272174,5.0,B071LPMSN1
fitsne,10000,6011,52.950856900638335,37.51540621484688,3.0,B07QFPFR95
fitsne,10000,6012,22.527958867267362,17.404240023964398,5.0,B0BV9FDWT9
fitsne,10000,6013,57.70121464429022,-13.277688713557321,5.0,B073QX1ZMS
fitsne,10000,6014,23.16454661923969,17.82599165410325,1.0,B07MBGQH15
fitsne,10000,6015,-42.16055842327479,1.2089685761730606,5.0,B079661FSM
fitsne,10000,6016,-9.028125890700816,-45.282982807178996,5.0,B086VR9J8Q
fitsne,10000,6017,-27.083632079792014,42.53392684056471,5.0,B07PDN1LCZ
fitsne,10000,6018,-33.21522206166796,11.3630373958453,4.0,B01MYG67JR
fitsne,10000,6019,-30.953764964027304,16.24157843198778,5.0,B01N18WZGK
fitsne,10000,6020,-29.921369473958574,15.980530250067233,5.0,B01K4IHBHC
fitsne,10000,6021,-17.12936065169609,73.26149121028125,3.0,B004P1IU5C
fitsne,10000,6022,-48.7388386605417,30.888631966065795,5.0,B00ZWKHP6A
fitsne,10000,6023,33.69755203913806,53.937791604471336,5.0,B00RT03DVW
fitsne,10000,6024,-2.9632123702071023,-18.053195894358932,5.0,B00I1781BY
fitsne,10000,6025,-12.878576350528853,-50.124377484040224,4.0,B004VY77Q6
fitsne,10000,6026,-50.63174125685613,-10.84891694693382,5.0,B07Q1JZ363
fitsne,10000,6027,-18.753925412860674,-13.535757316085238,5.0,B0014A50GE
fitsne,10000,6028,-36.54240383245832,-52.227930651479745,4.0,B088KNRJ8L
fitsne,10000,6029,-39.962755188407314,-40.13982824791429,3.0,B001J1PUOK
fitsne,10000,6030,-20.518854271120887,57.08221789091583,5.0,B008V4S1C6
fitsne,10000,6031,-15.94624139027323,-2.0923150099478622,5.0,B08R5NGMS1
fitsne,10000,6032,-4.95582439527747,-53.04787968081276,5.0,B07PXGQC1Q
fitsne,10000,6033,-5.227593366407418,-1.466266209159569,5.0,B00NKZ5R28
fitsne,10000,6034,5.36623954575323,-27.00668188617882,1.0,B07Q8Y7D4F
fitsne,10000,6035,-46.8677731692225,-25.775664132067256,4.0,B081629SRT
fitsne,10000,6036,47.14545154024696,16.84119082186971,5.0,B00CST4LH4
fitsne,10000,6037,-4.162830083212852,28.83104301276923,5.0,B07DLC2SFZ
fitsne,10000,6038,45.18985134764601,44.35272420520929,5.0,B08VMR2974
fitsne,10000,6039,35.289338457652846,11.094321668039413,4.0,B08NB7R131
fitsne,10000,6040,16.7005552671504,-25.251949405589144,1.0,B00ZIS0LGC
fitsne,10000,6041,11.281367724409167,2.4801814758281227,5.0,B0CC2FVRJW
fitsne,10000,6042,16.212399266173513,-25.33817083014814,3.0,B07WDDGFD6
fitsne,10000,6043,-24.091358928784125,-34.36587521717036,5.0,B0914FVW5Z
fitsne,10000,6044,-4.391780267666212,-65.48150366810194,5.0,B00DVH26EC
fitsne,10000,6045,-17.922652601312326,20.934089064949607,1.0,B00LVQ7KQO
fitsne,10000,6046,18.652383959776685,26.07433595669699,5.0,B09SXP5VB5
fitsne,10000,6047,22.20980474290863,-29.87488518212613,5.0,B0B46FBZ8J
fitsne,10000,6048,-3.004976424013697,-28.870955326100642,5.0,B00LWHU9D8
fitsne,10000,6049,19.761965257137717,-25.98801480992467,1.0,B07XJ9FF4M
fitsne,10000,6050,51.399581150528846,-43.182290897024195,5.0,B0BMK6DC5W
fitsne,10000,6051,48.604637745724375,-3.1939051920586623,5.0,B006MCDUZM
fitsne,10000,6052,50.4019097181988,-35.62349818104418,5.0,B07KVHJZSC
fitsne,10000,6053,29.713206697902624,-30.248927751437762,5.0,B077ZVBJH2
fitsne,10000,6054,60.59916999419278,-11.590382994571105,5.0,B01EG5502W
fitsne,10000,6055,28.21745669093334,39.21650586654212,4.0,B07V6CGGW2
fitsne,10000,6056,36.962153313141805,-11.380156608774376,4.0,B088CW81Y6
fitsne,10000,6057,4.0922027131663885,21.689246936650143,4.0,B07NYXPL4P
fitsne,10000,6058,32.509438885645274,-43.28506401859699,2.0,B015VW30US
fitsne,10000,6059,-21.864871438704146,-50.494424195417615,1.0,B07H78ZPD2
fitsne,10000,6060,-53.37969025702561,15.227384828759527,5.0,B0BV6SQPK2
fitsne,10000,6061,-43.273862528560045,28.224942346259013,3.0,B0B6D4W3R7
fitsne,10000,6062,-21.590720481313443,-11.590186948796113,2.0,B07PMS2169
fitsne,10000,6063,42.05664075435523,-12.10228746558231,5.0,B0B42NYTZZ
fitsne,10000,6064,22.05849495350059,49.817240690750346,5.0,B08L9M826M
fitsne,10000,6065,25.73558477640861,40.11208885555767,5.0,B07GDH82R4
fitsne,10000,6066,-16.556010111333073,66.8089190428908,5.0,B083HK32C3
fitsne,10000,6067,34.04200631207491,-4.483912486731494,5.0,B083HK32C3
fitsne,10000,6068,4.325346888736615,40.37049760065263,5.0,B08N1DF9BX
fitsne,10000,6069,-35.58864362613282,56.240079372174534,3.0,B09PV3S1GT
fitsne,10000,6070,-6.051056698991014,63.72576177769771,5.0,B09ZRK3RGC
fitsne,10000,6071,23.286029366535043,13.471053390554346,4.0,B0B31QGH9J
fitsne,10000,6072,23.824220675945753,16.900212515495326,3.0,B09NNGX5B5
fitsne,10000,6073,5.268167165142861,42.549741201289876,5.0,B0B11NY3JQ
fitsne,10000,6074,24.82338704777997,49.68967143448311,5.0,B0B9WHZBXJ
fitsne,10000,6075,-32.24732740005877,32.354275951352164,4.0,B0B79XMMHV
fitsne,10000,6076,41.38289007412375,40.446337011304294,3.0,B09XHWMDK2
fitsne,10000,6077,-57.61664268259735,1.7042281246812658,4.0,B0BGRVVCX7
fitsne,10000,6078,3.185337339187333,25.921822458063534,3.0,B09TTH4JDN
fitsne,10000,6079,-53.09544044599272,13.298574239625351,4.0,B0B129DM9T
fitsne,10000,6080,-52.126840744482074,9.28011558540192,5.0,B0B8W6RJ26
fitsne,10000,6081,46.02617875503151,43.9871234657192,4.0,B09XGTMY6X
fitsne,10000,6082,-57.137178486566086,3.71539588228173,4.0,B09ZXDZVKR
fitsne,10000,6083,-46.1150108622347,10.850014443653432,5.0,B0B9GXVGJY
fitsne,10000,6084,4.877040379532728,28.21971226883335,3.0,B0C6J653RZ
fitsne,10000,6085,-49.5119486034764,-15.394517922752607,3.0,B09NRLQYC1
fitsne,10000,6086,18.84600658714038,37.067576993987565,5.0,B09N78QN2F
fitsne,10000,6087,17.473756780169442,18.809910156278708,3.0,B0BTS267BB
fitsne,10000,6088,39.101596000613775,2.7354643623131527,4.0,B08M43RVH4
fitsne,10000,6089,-50.72960377156583,29.73181395933249,5.0,B0B7Z96WFM
fitsne,10000,6090,8.87762953838773,15.041070383020182,3.0,B095K1SQ3W
fitsne,10000,6091,6.109271842126538,24.740779276890134,4.0,B08H7PD336
fitsne,10000,6092,-53.941551773966275,-14.520036510775048,4.0,B0BZT5GQGJ
fitsne,10000,6093,-52.294187334892726,-1.3023491521642183,5.0,B082YB9888
fitsne,10000,6094,-7.104932993591872,-74.295913986928,4.0,B08BRF7XRM
fitsne,10000,6095,-9.889257961643603,-56.12638804561247,4.0,B0BJXSGLFJ
fitsne,10000,6096,-66.46283565434587,-18.438061529348932,4.0,B0BT1BTW94
fitsne,10000,6097,-17.91092382271148,72.49801447221114,4.0,B0BFKK3NL9
fitsne,10000,6098,18.073636308598985,-13.613947058417684,5.0,B0749WP3M3
fitsne,10000,6099,-21.984638402566212,-50.51276710734465,4.0,B094MKQMZR
fitsne,10000,6100,-38.225833073862255,15.334435116822556,5.0,B082T8JN5K
fitsne,10000,6101,27.3550398805517,0.8235434395477795,4.0,B07H5F2SSX
fitsne,10000,6102,-25.010703676776593,24.479479445148378,3.0,B0BF8WV66H
fitsne,10000,6103,25.524846057930787,24.67412408397762,4.0,B097M9MNLD
fitsne,10000,6104,-10.547654004024357,-71.71331069932654,4.0,B08BDM3ZJJ
fitsne,10000,6105,-16.772396924370884,-68.98169098703583,4.0,B0BKV47TKY
fitsne,10000,6106,-56.5637366365598,4.029588973678814,5.0,B07SFXCF1N
fitsne,10000,6107,40.935359114592316,38.04589940117126,4.0,B07WQ43G4G
fitsne,10000,6108,-41.1419267582434,-17.974093669730284,5.0,B08XXNDWPG
fitsne,10000,6109,-18.645064831539507,68.19928150625347,4.0,B07BMX18JN
fitsne,10000,6110,-58.810125681146765,-4.748305925770035,5.0,B07JWFWDTZ
fitsne,10000,6111,45.25408784367473,48.378681098503584,4.0,B07DB645LG
fitsne,10000,6112,4.142788796055397,-11.52030261823527,3.0,B0B5TMT9Y5
fitsne,10000,6113,-7.65243363755612,70.5167807088044,3.0,B07DDDLQZV
fitsne,10000,6114,41.11228481048286,40.060050577424335,5.0,B086TRKJMP
fitsne,10000,6115,-53.629780150064036,5.124907657802234,3.0,B07B9S451G
fitsne,10000,6116,-34.48372173888405,54.37372433779507,5.0,B07JHTVHM8
fitsne,10000,6117,-37.727202158048364,54.57166413526548,5.0,B0BXSXFLQ5
fitsne,10000,6118,-34.867052340010694,55.443163447339636,4.0,B0B79D1NQ6
fitsne,10000,6119,-47.95044494418288,34.33209234356737,4.0,B0BH5LNYKV
fitsne,10000,6120,-16.916542990455696,-1.8466540025781855,4.0,B09LQ6T5WP
fitsne,10000,6121,42.3731169575888,44.617227923313855,4.0,B073CVH3SX
fitsne,10000,6122,1.709173115229164,-10.26821596465458,5.0,B087XYQFJ6
fitsne,10000,6123,-66.97678255937083,-16.898144989729094,5.0,B0106N5OOW
fitsne,10000,6124,-56.18025346134973,3.3774650234408146,5.0,B07CWF332K
fitsne,10000,6125,3.538690886285157,41.87989281596891,4.0,B08Y929JZN
fitsne,10000,6126,-35.8416982929211,47.533382174669434,3.0,B07F6ZFRBG
fitsne,10000,6127,-10.558636213018824,-69.25997620019488,3.0,B07T2451BH
fitsne,10000,6128,-42.038801295999946,-26.403049415169388,4.0,B07FVR4ZSG
fitsne,10000,6129,-22.607295208782947,49.749888375315756,5.0,B07DKMJ61N
fitsne,10000,6130,-9.178740287930564,-66.13222962646994,4.0,B07GZM4B3S
fitsne,10000,6131,-22.05346229080369,-13.308157881330784,4.0,B00ZVJ9L3C
fitsne,10000,6132,7.204112878848171,0.8554729992786632,3.0,B0727YR476
fitsne,10000,6133,-13.147832367778163,-67.5230520694257,4.0,B07G7VT8KQ
fitsne,10000,6134,-57.872644405879576,20.28023638875938,4.0,B07BL8BRPX
fitsne,10000,6135,44.819859221569644,43.436533479956836,4.0,B079RMP2HC
fitsne,10000,6136,-10.009159463061598,-59.35338945076139,3.0,B079MSMRDF
fitsne,10000,6137,44.0991217843408,28.62691406145921,4.0,B07QDNWC7X
fitsne,10000,6138,-20.40049846259978,-67.23925409102083,3.0,B0778PCW73
fitsne,10000,6139,-52.60468700571305,-11.486914905016137,5.0,B07S5LZ1SQ
fitsne,10000,6140,-40.746983450494646,-17.240235523698516,5.0,B01GCGKDN4
fitsne,10000,6141,-5.4240715973621425,-1.8524377403485663,4.0,B071XY12YY
fitsne,10000,6142,12.623185937608747,3.965388802168628,5.0,B075S49D36
fitsne,10000,6143,43.360168261622874,49.59441135317634,4.0,B075MCMSX5
fitsne,10000,6144,-22.20677408976121,-51.13125354297502,5.0,B076WTK9T8
fitsne,10000,6145,2.164023424956304,-28.380164224739744,3.0,B01MYWX7AM
fitsne,10000,6146,-1.0428354807331788,53.08131870115082,4.0,B077F12V6M
fitsne,10000,6147,15.508636552025035,4.990293002007092,3.0,B072MH9TC3
fitsne,10000,6148,-13.393958124236345,-67.31629875701566,4.0,B07PXGDCZJ
fitsne,10000,6149,-10.88562237056734,-65.363248068055,4.0,B06XSJV5B9
fitsne,10000,6150,-13.385633037057508,-67.35377328397341,4.0,B07CX3MDNY
fitsne,10000,6151,-2.9109819333890843,-61.62838034790219,2.0,B01M59LIIZ
fitsne,10000,6152,-12.294651147785755,-53.574053985681765,5.0,B01DNYM78W
fitsne,10000,6153,-24.601030462993304,-13.09381236865773,4.0,B01KICHFQQ
fitsne,10000,6154,-24.840567345173053,39.40108104165468,5.0,B0813GD741
fitsne,10000,6155,-25.854522414952218,44.117252242869775,5.0,B073FRWK8J
fitsne,10000,6156,-22.982982125382843,-50.424206820241174,4.0,B01CEAYWZW
fitsne,10000,6157,42.989863329530166,43.149581245432046,4.0,B01E6VT9L4
fitsne,10000,6158,2.5452543200170346,5.902713943922029,4.0,B018791G9O
fitsne,10000,6159,-15.433931774629738,21.482237545510035,4.0,B019IBD440
fitsne,10000,6160,-8.85057624361691,-12.525649603626755,4.0,B00E91EGDS
fitsne,10000,6161,4.526057825323557,1.1331852903885666,5.0,B00PN377C8
fitsne,10000,6162,-11.198166299193872,-65.30778666210763,3.0,B00JV0NSU4
fitsne,10000,6163,-26.083912417811863,43.96247202248479,5.0,B00IYOCBMO
fitsne,10000,6164,25.307771787257877,40.93228797709567,4.0,B00EOLNYXQ
fitsne,10000,6165,-40.06400310183383,27.95056936879148,5.0,B00COEBCXY
fitsne,10000,6166,-64.56154509748988,-19.643453706296047,5.0,B00E98O7GC
fitsne,10000,6167,-49.76801870929759,31.855975694300653,4.0,B00CMYHMT4
fitsne,10000,6168,-57.58798343528941,19.374551906676768,5.0,B00DJ375Y4
fitsne,10000,6169,-26.58893198274949,-36.174793521753,4.0,B00BD7UXXS
fitsne,10000,6170,3.3353202687733345,41.98787880188524,5.0,B014HX74TA
fitsne,10000,6171,-9.2463588469316,4.496724003249361,3.0,B008DDPL4G
fitsne,10000,6172,-46.772058701406365,-7.712331988356823,5.0,B003ATZBWA
fitsne,10000,6173,-29.62449966183797,-44.346929872146234,4.0,B004M8SSZU
fitsne,10000,6174,-12.770158830281797,-69.10899335981668,2.0,B005MR6CMG
fitsne,10000,6175,-17.10646499687813,-68.34725861476363,4.0,B0058D8D3K
fitsne,10000,6176,-8.108326292587103,-74.64389665784273,5.0,B005DKZP7A
fitsne,10000,6177,16.8431481363671,29.06888220946273,4.0,B003N2POVW
fitsne,10000,6178,-9.571106036791852,-52.80471493722266,4.0,B002VS4V0Y
fitsne,10000,6179,-37.339562387930854,46.86849047545187,5.0,B00387EW1K
fitsne,10000,6180,-11.678979664985755,69.42616744088947,5.0,B002MMY4WY
fitsne,10000,6181,-10.266360108493153,69.40997926738665,5.0,B002B4P788
fitsne,10000,6182,39.256194998740874,-32.90046694854193,5.0,B09HRD9X5P
fitsne,10000,6183,-18.715980508860987,-12.144441493108868,5.0,B076D1NHDT
fitsne,10000,6184,37.3929110571325,26.861823397824256,5.0,B081948XYF
fitsne,10000,6185,17.88650977384864,0.0629687057378059,3.0,B00000J1QR
fitsne,10000,6186,-6.821594058112952,-22.12793692873044,5.0,B01K8B8YA8
fitsne,10000,6187,-25.734014387806287,-4.673621564311131,2.0,B09ZTC6LGP
fitsne,10000,6188,23.089385994053906,29.71938622010195,5.0,B01DCXE2JQ
fitsne,10000,6189,-27.753651948338156,-12.407440343800594,1.0,B00AWKC0JM
fitsne,10000,6190,60.72452955294583,-33.30165110855461,5.0,B0754PQT43
fitsne,10000,6191,48.296283672819364,35.72616264784669,5.0,B0BQRGJJ4Y
fitsne,10000,6192,-32.14193668419566,12.158784755704348,5.0,B089F9YDFC
fitsne,10000,6193,-35.22689855193622,-38.50351222407106,5.0,B008H0QXT2
fitsne,10000,6194,12.480777941364087,-26.350226373507443,4.0,B0CCRNKX6X
fitsne,10000,6195,-20.11285421651671,68.8357486033059,5.0,B08YMVB98D
fitsne,10000,6196,-19.745590815526562,68.45163654496724,5.0,B07FZ6DBT7
fitsne,10000,6197,31.125466772053354,19.54960830897666,5.0,B00WFJ1B48
fitsne,10000,6198,4.506551111749639,-5.778279374615124,3.0,B073Q3H3JP
fitsne,10000,6199,-24.83190611539958,1.8479933904332737,3.0,B00CMVW2RO
fitsne,10000,6200,21.245265810010583,13.073652088297138,5.0,B016QU7PAK
fitsne,10000,6201,-31.168986582337567,30.275207509789315,5.0,B00K15LQZM
fitsne,10000,6202,-9.536026528587321,-50.317827461684715,3.0,B07V2DMFM6
fitsne,10000,6203,61.19485111063253,21.12690924024395,5.0,B08FCCSQ7V
fitsne,10000,6204,-19.060938670914595,-39.187102185781185,5.0,B06VVWRMNP
fitsne,10000,6205,-17.761182169788857,-44.412547677682994,5.0,B071W6B7M7
fitsne,10000,6206,34.47995277814063,-39.306501318222,5.0,B00JLBIQ8W
fitsne,10000,6207,-35.350295953468944,43.85222808489764,5.0,B0C5MCSLKZ
fitsne,10000,6208,-15.330019836125043,-60.91552316381321,5.0,B08C6KBWPV
fitsne,10000,6209,7.044588730461937,59.52072422714055,5.0,B092C37YFP
fitsne,10000,6210,-41.32581872717922,-25.631362074523302,5.0,B08WJSHSLC
fitsne,10000,6211,-52.668870231328064,0.1994417314198067,5.0,B09RZDNN93
fitsne,10000,6212,-19.070288486471785,-45.31530957230903,5.0,B07NHVWP31
fitsne,10000,6213,-29.560756034499033,-23.330495142292364,5.0,B07GZFM1ZM
fitsne,10000,6214,-32.534939570411225,43.730546847268585,5.0,B0B6D4W3R7
fitsne,10000,6215,-32.12968277472364,43.28898284219367,5.0,B089PMMT1X
fitsne,10000,6216,44.10626383406738,28.601055972900152,5.0,B01J1GJC5M
fitsne,10000,6217,18.44995036829316,-15.639288656272665,5.0,B00G8MMQI8
fitsne,10000,6218,-30.59804530569326,47.217180561732235,5.0,B00E9W1ULS
fitsne,10000,6219,-38.42789393241824,2.887838071512651,5.0,B00MWHQZX0
fitsne,10000,6220,7.173975142298308,50.70328363615041,5.0,B019WHZE70
fitsne,10000,6221,-11.267228207364587,45.74412830043144,5.0,B00ZVJAF9G
fitsne,10000,6222,22.23277758726371,-49.10505135745207,5.0,B0B75PV61F
fitsne,10000,6223,22.299714674235982,-48.774564514844585,5.0,B005JZMGM6
fitsne,10000,6224,-4.973031802092771,-58.59376317008989,5.0,B0BNV9818Q
fitsne,10000,6225,52.84487002955463,-4.990965481066988,3.0,B0C338S8M7
fitsne,10000,6226,32.936562425302206,41.004165874836055,5.0,B09J56DGWJ
fitsne,10000,6227,-40.894224953239195,-1.3669355965659171,5.0,B0756HHHL2
fitsne,10000,6228,-18.22220813706153,-37.458082993843966,5.0,B0BW4PFM58
fitsne,10000,6229,22.377575791598954,44.225278247866946,5.0,B00GA2P746
fitsne,10000,6230,55.648731580488636,-44.57821948987687,4.0,B01LD9HKHC
fitsne,10000,6231,-32.28405863761281,-55.30233789923817,1.0,B07S764D9V
fitsne,10000,6232,33.12952754549046,40.001500124867164,4.0,B081J3BB63
fitsne,10000,6233,34.4212473393378,-22.102380084019384,1.0,B09KV12J8N
fitsne,10000,6234,-19.33858084576662,-46.815473702898906,5.0,B07XFBBLT3
fitsne,10000,6235,32.65898796277494,-5.5082469326210175,5.0,B01FHRL3WE
fitsne,10000,6236,54.412791843112444,7.184820034048489,5.0,B09ZP4G7C8
fitsne,10000,6237,48.72496508610069,7.822957413660011,1.0,B096RLH6YY
fitsne,10000,6238,5.5260999959783,-6.870614812930797,5.0,B0856WDDJB
fitsne,10000,6239,53.207464641449455,35.74818219035225,5.0,B07FY19B4Q
fitsne,10000,6240,-13.40116777933241,9.53135296708691,5.0,B084SPVTKZ
fitsne,10000,6241,-19.999784829039573,-71.66101173149116,5.0,B07R8PR5YZ
fitsne,10000,6242,7.517778267592602,-48.111049917746506,5.0,B07VVJM82L
fitsne,10000,6243,9.669674312643814,-31.69420063286891,1.0,B07ZNPPXN6
fitsne,10000,6244,-11.746598446170525,-41.68574278167581,5.0,B07SGSXF95
fitsne,10000,6245,1.6561278079476374,-5.377114880406314,5.0,B07PF9PWM3
fitsne,10000,6246,31.14599724337311,40.25356801460734,5.0,B07V5DDC7R
fitsne,10000,6247,-17.214113848631794,47.81997426385068,5.0,B07P6DW1RB
fitsne,10000,6248,-54.19661668027039,20.69013463901154,1.0,B017LSIXDE
fitsne,10000,6249,-5.919251144497398,-59.79788261389863,5.0,B00WW8M9D4
fitsne,10000,6250,-19.90526231823489,-42.605785269919,1.0,B07T99Q9PC
fitsne,10000,6251,11.779209060650393,-37.5760967942327,5.0,B072ML61NW
fitsne,10000,6252,29.59504545666894,5.835599155244437,5.0,B01N44JBS4
fitsne,10000,6253,-2.8659833810625237,9.600504504482108,5.0,B00C4P6AKS
fitsne,10000,6254,44.539391042385326,-20.763171231730656,5.0,B09ZNNX5X5
fitsne,10000,6255,40.288060955255496,-36.24471186549497,5.0,B0753G7SJ5
fitsne,10000,6256,39.3733526753687,22.07578183503387,5.0,B06XCNLLMQ
fitsne,10000,6257,-39.7308429136534,-1.4249504545160578,5.0,B071J21DWK
fitsne,10000,6258,27.887129719190284,-28.232215485335242,5.0,B0BL98C1RC
fitsne,10000,6259,7.600139982596804,25.32054765131382,2.0,B09PHC5TTW
fitsne,10000,6260,-48.03510087729038,-15.497552198374184,1.0,B089LMWJJB
fitsne,10000,6261,28.127892253043704,9.08124210567713,5.0,B07Z3ZF5NG
fitsne,10000,6262,30.259417373603906,9.398332119343396,5.0,B07VKM5R3G
fitsne,10000,6263,30.34252043040133,9.415247651551768,5.0,B07R7NNPMR
fitsne,10000,6264,-11.748536531711773,19.831590607659837,1.0,B01KPB7G1E
fitsne,10000,6265,-44.51647453360543,0.13884316410232567,4.0,B07S2ZB67N
fitsne,10000,6266,19.007811472819345,58.52746118068408,5.0,B07BSVLHYD
fitsne,10000,6267,2.911569910626602,18.048156487085766,4.0,B00U87A5FU
fitsne,10000,6268,-7.564067067561568,-41.27469738979849,5.0,B06XD9T2T5
fitsne,10000,6269,-42.33364695246505,-11.993862362209917,4.0,B0778TZKXR
fitsne,10000,6270,-7.082160782970278,-43.48095511098245,4.0,B00KVJ4OI4
fitsne,10000,6271,4.615548637211994,-7.093882133215713,5.0,B0C3HNDTW1
fitsne,10000,6272,35.79278532732941,-5.854261940075599,5.0,B0C5PHZ4QS
fitsne,10000,6273,-40.55775045973967,-0.6347318745893771,5.0,B07JZCJBNX
fitsne,10000,6274,-15.062238270292987,52.184554299103155,4.0,B075FLJ87G
fitsne,10000,6275,30.60042437414217,35.65234620723677,2.0,B00E5NOWTS
fitsne,10000,6276,-33.16807044739198,48.49307335997765,3.0,B0052Q4Q5M
fitsne,10000,6277,-12.034463227800455,-72.77960223034646,3.0,B07BYR66X6
fitsne,10000,6278,18.136469365456644,50.01998370368958,3.0,B00E5NOXM4
fitsne,10000,6279,-52.843667697908195,4.744407988200018,4.0,B0089W5Q1O
fitsne,10000,6280,-28.896089795030164,-50.2626262954261,1.0,B0BXYXD1Q2
fitsne,10000,6281,-21.536796421451673,31.681986782580758,1.0,B00F2ENYPC
fitsne,10000,6282,-49.82640235615575,30.364174948294618,1.0,B00483WRZ6
fitsne,10000,6283,6.367639055621124,42.43312067279508,2.0,B00CYZYKXW
fitsne,10000,6284,-28.851834238903475,43.42231033645709,3.0,B007JTKLEK
fitsne,10000,6285,-16.357834601324466,-66.90584307271924,2.0,B005PUZO92
fitsne,10000,6286,-33.48697991916678,16.813757097918014,4.0,B00461DNTO
fitsne,10000,6287,9.714259618822144,-24.94572021248935,1.0,B084H2NHNN
fitsne,10000,6288,45.420059954816715,46.58638478065611,5.0,B08HRLQNY3
fitsne,10000,6289,28.096756961201,-50.346959356573805,5.0,B0742N5RFR
fitsne,10000,6290,-11.305280975660946,24.433593801320644,5.0,B074RYRX52
fitsne,10000,6291,40.88586841200483,-27.7916978855978,1.0,B01LXQXUCU
fitsne,10000,6292,12.27482812900018,51.50590610865782,5.0,B09ND8GVKN
fitsne,10000,6293,13.249589661171571,-39.862202724718024,5.0,B07V8KGH65
fitsne,10000,6294,-63.782361968397545,20.527314480892937,5.0,B073QV3XFQ
fitsne,10000,6295,5.091212502332962,62.882502536421434,5.0,B07J3MJ33Y
fitsne,10000,6296,-8.209003119473993,-8.423871416314562,5.0,B008NCD1OY
fitsne,10000,6297,-32.39814264925384,30.03453392677666,5.0,B01MR3BFVP
fitsne,10000,6298,32.59345904422932,47.38912073932766,5.0,B00EYDTA3W
fitsne,10000,6299,24.578925814967718,48.048900373480194,5.0,B004QIPH5U
fitsne,10000,6300,-16.51229836141126,71.59158607979889,5.0,B005HQ5138
fitsne,10000,6301,-23.88092508880068,13.475549467880834,5.0,B00OCBSASM
fitsne,10000,6302,-31.534918780688606,15.211901750866945,5.0,B0C2VGGZFR
fitsne,10000,6303,-25.083680957738373,-21.693283893340276,5.0,B008GVOVK0
fitsne,10000,6304,-6.423601487327581,-66.15205621669102,5.0,B07S764D9V
fitsne,10000,6305,18.67684959227874,-23.688332446368797,1.0,B0BS6KLLT1
fitsne,10000,6306,-12.501830034993205,-60.55594419596766,5.0,B00FOHDK7O
fitsne,10000,6307,-32.672082280394385,-18.1709987255608,5.0,B07DLP63DT
fitsne,10000,6308,-32.71928071439574,29.776174704067422,5.0,B008O5112Y
fitsne,10000,6309,21.1987251797869,-24.31172253405425,2.0,B00DK3D2EA
fitsne,10000,6310,-36.26670862471284,10.510399710978648,5.0,B004HFS6Z0
fitsne,10000,6311,-11.600137393042369,-44.56952189895748,5.0,B088XTSGWR
fitsne,10000,6312,29.161694394112153,31.075234412246285,5.0,B0836H465T
fitsne,10000,6313,-20.214495256818857,-10.010252340507876,5.0,B08SQ9XWC4
fitsne,10000,6314,-14.783797933230765,-21.761035808480326,1.0,B07GZFM1ZM
fitsne,10000,6315,17.073108454636696,29.223995116977534,5.0,B0777SJZ55
fitsne,10000,6316,31.699846445922613,-32.669841586815174,5.0,B004L0JI94
fitsne,10000,6317,22.036307069123627,-50.25712041415782,5.0,B00DC1YO1K
fitsne,10000,6318,-5.234864766152806,-13.417883336410869,5.0,B0C1ZSQL2V
fitsne,10000,6319,-3.2369921927219596,-17.9966272702379,5.0,B079BZQ987
fitsne,10000,6320,27.127358598145587,-53.26976091260156,5.0,B09F8SSSHK
fitsne,10000,6321,-42.98836482920518,11.444210112973817,1.0,B0C3ZV9NNY
fitsne,10000,6322,30.914834331170386,4.2837904952731645,5.0,B004YE6XBS
fitsne,10000,6323,49.43795768376836,-12.702924779333333,5.0,B075BMG6CT
fitsne,10000,6324,59.23852858501446,-32.73353654704434,1.0,B007O5HI7M
fitsne,10000,6325,34.914471287431084,15.93855742217092,4.0,B07X3GQT7V
fitsne,10000,6326,-41.021666738437446,-4.302612345469772,4.0,B0BZK3HGPS
fitsne,10000,6327,-60.19563989080682,-13.254735516126823,4.0,B07JZYL38K
fitsne,10000,6328,39.970824701688365,16.73707722385011,4.0,B07VM4W41Q
fitsne,10000,6329,-51.20830333551497,-8.735860874050143,3.0,B09G3CL3Y3
fitsne,10000,6330,13.355713970700046,-28.710723852428,3.0,B001FWYGJS
fitsne,10000,6331,63.00066807308017,-11.70571309299451,4.0,B0066HA1PU
fitsne,10000,6332,20.581547661480332,-8.908622697317021,5.0,B089GP6PHV
fitsne,10000,6333,15.647604145687042,-8.62121152605721,5.0,B07DPC98DT
fitsne,10000,6334,-41.13299403349534,-1.7282407806881739,5.0,B06XW7D58S
fitsne,10000,6335,54.295078524441045,-40.27082654021012,5.0,B01KT301YC
fitsne,10000,6336,26.1782673508277,22.109123861426525,3.0,B08CN3WR3F
fitsne,10000,6337,6.034431511238784,-4.530173084054666,3.0,B08SW1Y799
fitsne,10000,6338,31.634237945834023,-25.61134835001356,4.0,B0897P3D5B
fitsne,10000,6339,20.918514421537086,-8.782035515233323,1.0,B072HFCC2S
fitsne,10000,6340,47.97469847248989,-15.58375137924862,5.0,B00008VIJ4
fitsne,10000,6341,67.89447929876928,-22.14256381618246,5.0,B00FJDUPX0
fitsne,10000,6342,43.55841948209185,-43.096360207522274,5.0,B00PB76GU0
fitsne,10000,6343,-1.7649365665606827,-60.65577852088588,1.0,B09KQC7Z4S
fitsne,10000,6344,11.179540642170082,11.077896462554738,5.0,B09G2QNSLY
fitsne,10000,6345,-50.045660504741846,0.6103828118496953,5.0,B079BWHNQH
fitsne,10000,6346,32.94214803050557,-4.665189589697065,5.0,B00N2ZDXW2
fitsne,10000,6347,25.08718953466292,-21.344505135600386,4.0,B07GYQDDY3
fitsne,10000,6348,41.01614361659778,-2.6781430652638925,5.0,B075NCK9BH
fitsne,10000,6349,-48.17544431107699,-7.227958427490127,5.0,B0BNPL25Z9
fitsne,10000,6350,33.16236094811904,22.923458866456148,5.0,B01J2PSK9G
fitsne,10000,6351,22.55919309802465,8.654222210935913,5.0,B00OQVZDJM
fitsne,10000,6352,16.243108326787315,58.372456326366894,5.0,B00HZV88TW
fitsne,10000,6353,-31.275840697552606,-23.616368236442707,5.0,B0791TX5P5
fitsne,10000,6354,-7.622494616091367,-37.89868155893108,4.0,B07RDFCJSX
fitsne,10000,6355,21.65761287110818,59.10122626560187,5.0,B07PZ75YCR
fitsne,10000,6356,38.49768157223798,-38.61201083061251,5.0,B00UVSJU4S
fitsne,10000,6357,-32.64838317744595,40.05859019617708,5.0,B09XFW1VGL
fitsne,10000,6358,-31.286894218667666,-23.658505522442937,5.0,B07F4P3JH7
fitsne,10000,6359,-34.04821064240691,-23.098957906831462,5.0,B075X8471B
fitsne,10000,6360,41.437311516789364,21.00249713773789,5.0,B01A5JRJJK
fitsne,10000,6361,18.974599989458756,45.016402216410185,5.0,B08GFYXJ5G
fitsne,10000,6362,16.5714470877785,44.1184345551321,1.0,B094X7HC69
fitsne,10000,6363,-40.0094068782966,9.241312647700807,5.0,B07WGPTZHR
fitsne,10000,6364,-41.558262338112485,12.382210007556598,5.0,B0BGS23YKX
fitsne,10000,6365,-8.774029383427045,35.92574853817327,5.0,B07LG5WBTS
fitsne,10000,6366,-19.496838748576053,70.97645581948593,5.0,B0B4SWZTZ1
fitsne,10000,6367,-16.109836644744988,45.32486616822917,5.0,B077X1ZB7H
fitsne,10000,6368,45.881687230069375,16.141252415169724,5.0,B01FAR9OQI
fitsne,10000,6369,-49.68774792358672,37.71915436149415,5.0,B0BGDQG1NB
fitsne,10000,6370,24.792736934622948,-24.574375837778614,4.0,B07RPB2LC2
fitsne,10000,6371,0.6997583790289608,-25.395878558748006,5.0,B012Q066SG
fitsne,10000,6372,40.92367247912007,12.238591279669283,4.0,B01594Q35W
fitsne,10000,6373,15.917578293800233,-4.336255231499074,2.0,B07DLGVJMQ
fitsne,10000,6374,41.92168251189398,-9.470480618858364,5.0,B094XJT82N
fitsne,10000,6375,26.065871283669903,-50.51372617595604,5.0,B0B5HVBK4L
fitsne,10000,6376,5.85407020878248,-8.170594653783956,5.0,B0BV93KQZR
fitsne,10000,6377,26.000574229649807,-50.214592759294085,5.0,B01LPR3TPO
fitsne,10000,6378,28.029660740551332,-25.90282228473348,5.0,B082WNC4NK
fitsne,10000,6379,-61.29998376252598,17.610277833471667,5.0,B0948F131R
fitsne,10000,6380,25.136687761252098,-49.64059319116277,5.0,B079BQSPDZ
fitsne,10000,6381,10.232259976410763,13.474010217788724,5.0,B08XQC6DFY
fitsne,10000,6382,-9.967879380654134,-49.09127575649281,5.0,B07G2D2YLR
fitsne,10000,6383,-61.259233599763846,17.627653993740424,5.0,B097K3MMWF
fitsne,10000,6384,-37.61752640446707,10.130229212998735,5.0,B07X8CFT5C
fitsne,10000,6385,26.68097631132705,-30.078556112019733,5.0,B07NZ2QFBC
fitsne,10000,6386,-1.5725777160262522,41.2904487236006,5.0,B0C4GLY4S2
fitsne,10000,6387,64.93830623736179,-35.431693865934925,5.0,B092QG9RW5
fitsne,10000,6388,-1.680461015874871,41.41009879787151,5.0,B0C1GFZ8Z3
fitsne,10000,6389,-5.712088612720044,21.533075081539675,5.0,B089FWTFNX
fitsne,10000,6390,-1.6348975255769789,41.296788495774976,5.0,B07S3259MB
fitsne,10000,6391,0.3951126585814111,10.884739914800608,5.0,B08RXCLS3D
fitsne,10000,6392,56.105092729790016,-48.344407196566,5.0,B0C6F2ZQ1X
fitsne,10000,6393,-5.611343099311838,21.451272008242906,5.0,B0BXDDY8TX
fitsne,10000,6394,28.981163447733742,-38.56780016061118,5.0,B0BTVN2YTV
fitsne,10000,6395,-37.58661524984227,-1.3920969797106575,5.0,B01DN7NZPI
fitsne,10000,6396,22.563411864637896,22.898176872264397,5.0,B0BL699P9K
fitsne,10000,6397,-24.89872541525847,10.964291676395401,5.0,B071CLKMRT
fitsne,10000,6398,14.462093057068044,24.155393527681102,5.0,B007G5NNOW
fitsne,10000,6399,-1.6277029855351655,23.36232086870661,5.0,B0CFWKNNJK
fitsne,10000,6400,35.23595968561927,-17.461037797304638,5.0,B08QVJNJBJ
fitsne,10000,6401,12.592649807262333,-28.050165014404744,5.0,B0BSMGWD3Z
fitsne,10000,6402,25.64954139170528,-49.62096654202682,5.0,B0C6LKF6T3
fitsne,10000,6403,44.04256428301082,-32.917591934761106,5.0,B0C2VZS9YP
fitsne,10000,6404,24.01395743635476,10.114730304777089,5.0,B0871ZF33N
fitsne,10000,6405,15.856980865158894,13.16369114713962,5.0,B08DKD8RNG
fitsne,10000,6406,22.793365570333442,22.739901939457603,5.0,B0C99B47P2
fitsne,10000,6407,51.702361060174276,-46.50142976397508,5.0,B09N42GVF7
fitsne,10000,6408,58.28420869898078,-1.0711593187047819,5.0,B078NNDXTG
fitsne,10000,6409,58.29099631992966,-1.0624195045072187,5.0,B0BMQJYLQV
fitsne,10000,6410,-29.087258948069962,10.201259951638823,5.0,B0CCBVT73Z
fitsne,10000,6411,-0.3097045272109501,39.88146867822758,5.0,B07H8PKR21
fitsne,10000,6412,21.34271275509233,-8.50389526265829,5.0,B089ZSGXX3
fitsne,10000,6413,11.536135792984528,36.37239190350175,2.0,B092K1Z84G
fitsne,10000,6414,21.71511410955835,38.758368742297385,5.0,B06Y5HFTMY
fitsne,10000,6415,59.625174438461386,-38.85081566716975,5.0,B01MTDB1GJ
fitsne,10000,6416,62.32770766123079,16.5546719881437,5.0,B0C1NTC6M1
fitsne,10000,6417,43.940563953625194,-32.97155766422568,5.0,B0BQ5JTZ89
fitsne,10000,6418,47.46752899987312,-28.95389400714946,5.0,B09M3BZYVP
fitsne,10000,6419,36.27310519849693,-39.80345253794306,5.0,B07V3FWFQG
fitsne,10000,6420,61.49825514139606,-27.832539388572474,5.0,B07JHDJ11B
fitsne,10000,6421,23.378475567404294,0.24163694257822066,5.0,B0B2D3YB5N
fitsne,10000,6422,20.21495048335922,-8.36613269117256,5.0,B0BSMH71XL
fitsne,10000,6423,-10.87830436939959,-34.20926975493448,5.0,B07CZ6DCZ7
fitsne,10000,6424,15.474120432643128,-9.397574669874752,5.0,B07BDR5PDW
fitsne,10000,6425,36.97661811474282,-9.420909860998298,5.0,B071HVYGNJ
fitsne,10000,6426,39.24790821135308,-36.13247857229426,5.0,B01N22LFPL
fitsne,10000,6427,27.91516813927267,-41.19316673963989,5.0,B07N1RYQ5Y
fitsne,10000,6428,-55.56674880705525,-6.355340806898266,5.0,B01MG4DIDO
fitsne,10000,6429,-42.57984586613004,-3.320528995854114,5.0,B0BHZ1GDVT
fitsne,10000,6430,-38.048782836631354,0.4903938246098047,5.0,B0BN74ZJDK
fitsne,10000,6431,36.8338437490013,-9.431604533923286,5.0,B01N58WYS7
fitsne,10000,6432,25.116603436631745,-49.743864884909115,5.0,B0BGCDYQQY
fitsne,10000,6433,-25.912526421465138,-16.569214855452845,5.0,B0B3SS4533
fitsne,10000,6434,50.4069429299481,-35.625783009239555,5.0,B07GVWH35S
fitsne,10000,6435,4.964074689143964,-22.77772171295719,5.0,B07BFTKJQN
fitsne,10000,6436,22.328909591549614,23.094082170309314,5.0,B09ST61M6Y
fitsne,10000,6437,10.814829430830635,-16.442350311498878,5.0,B0735BP1K4
fitsne,10000,6438,-1.9602018308209523,24.358981071879224,5.0,B07L9125V8
fitsne,10000,6439,-7.287764227806014,-33.834963532290146,5.0,B07S7D2HWZ
fitsne,10000,6440,-28.596467299381832,1.8614119735269308,5.0,B071R715MZ
fitsne,10000,6441,23.41594806010567,0.27071703376445366,5.0,B07V7WRCCR
fitsne,10000,6442,11.188880889361313,32.04689211440483,5.0,B0BBMN8HMM
fitsne,10000,6443,36.970866824022956,-9.420831488860001,5.0,B076WXJPQ1
fitsne,10000,6444,-1.8538769203272818,40.96489837720614,5.0,B073W74WR8
fitsne,10000,6445,41.665791212565566,-22.34795581242793,5.0,B07GKNV5DC
fitsne,10000,6446,-35.879729062340004,-5.994734878937326,5.0,B01D5RGZBC
fitsne,10000,6447,42.499567048335265,6.68167152324502,5.0,B01G4T07IK
fitsne,10000,6448,17.82765721707002,-7.343547889338512,5.0,B076VKZQ67
fitsne,10000,6449,43.245249139973815,11.049817890470644,5.0,B0BDWN4RHW
fitsne,10000,6450,-38.4042814363728,0.42142368324431123,5.0,B0B28D16NX
fitsne,10000,6451,13.238486029885491,-1.0982557773848836,5.0,B01EMQ00UM
fitsne,10000,6452,43.52922661970053,-33.049032890744705,5.0,B01FN9QT34
fitsne,10000,6453,38.53825461118895,-38.63186150190274,5.0,B07ZHY844C
fitsne,10000,6454,41.67299940240042,20.167441681274827,5.0,B07Z9J861F
fitsne,10000,6455,38.53921585527059,-38.63194789735871,5.0,B003TZM6AK
fitsne,10000,6456,38.538344909765996,-38.63260313792561,5.0,B0BGNG1294
fitsne,10000,6457,38.53768295741038,-38.63117713649694,5.0,B0BHWQ3H17
fitsne,10000,6458,48.50417070011342,-34.38304283702696,5.0,B07WFQHWC6
fitsne,10000,6459,38.53735374043729,-38.63095852271862,5.0,B0BKLGCC9S
fitsne,10000,6460,25.44303465913855,-49.58434653934616,5.0,B0713RRZMB
fitsne,10000,6461,23.238832894327686,11.070308980789525,5.0,B076MYJ3JF
fitsne,10000,6462,38.53607107822667,-38.63160463661968,5.0,B07VFBX16H
fitsne,10000,6463,50.401851729264244,-35.62321486754233,5.0,B0BMQJYLQV
fitsne,10000,6464,5.09273935553585,-14.949618939061338,5.0,B0997YZWNG
fitsne,10000,6465,43.85479146304983,-33.11932096094816,5.0,B09N42GVF7
fitsne,10000,6466,10.242655566334808,13.52401204243576,5.0,B078MWHS6H
fitsne,10000,6467,-28.81610636044649,0.9971360854548891,5.0,B0BNQ8W8W3
fitsne,10000,6468,5.027174002331555,-14.904934152967298,5.0,B01N1U2GL2
fitsne,10000,6469,38.5371744831565,-38.631830783811374,5.0,B0BSFNSN8H
fitsne,10000,6470,-39.29815642771116,53.096853274906934,5.0,B098VHF5X1
fitsne,10000,6471,3.476791388407375,-10.638002419683497,5.0,B0754QFYN3
fitsne,10000,6472,26.22495396852862,-43.11157536796291,5.0,B07MC2ZSNY
fitsne,10000,6473,-27.950783611565047,1.214651911161134,5.0,B01EFPX9XA
fitsne,10000,6474,47.35765767972039,-37.131952002332774,5.0,B001QLFNCC
fitsne,10000,6475,13.659955801981607,-38.434465813621735,5.0,B06XYS6ZX3
fitsne,10000,6476,25.030853625170522,-49.74016012758451,5.0,B06XHY5VXF
fitsne,10000,6477,42.14552055240935,12.229596464529836,5.0,B00T38OHQ8
fitsne,10000,6478,29.2353846873016,6.996719880753203,5.0,B0C6FJFRJG
fitsne,10000,6479,-5.386814272457045,-51.21295759776176,5.0,B01J54NLOI
fitsne,10000,6480,1.7703220977186196,-70.16905447270923,5.0,B01A5D5XF8
fitsne,10000,6481,-33.38483906090803,8.655445342589957,5.0,B071X8NZF8
fitsne,10000,6482,46.34692787341891,10.382811952651409,4.0,B01LWLK5CS
fitsne,10000,6483,50.40314438487254,-35.623419877738826,5.0,B07CM82N2N
fitsne,10000,6484,-9.672601595966723,26.33898788292181,5.0,B0BHFGL8H8
fitsne,10000,6485,41.80843533264171,-22.445185620896776,5.0,B00L1UEZS6
fitsne,10000,6486,51.69842743528894,-46.501907940464875,5.0,B07GF2ZR8G
fitsne,10000,6487,40.445664541563715,-22.848545543776897,5.0,B01E3QM34W
fitsne,10000,6488,37.165322260913754,-38.35149612052536,5.0,B07DK988T5
fitsne,10000,6489,-6.648931435860944,-15.346732020650286,5.0,B091BD9T1Z
fitsne,10000,6490,21.14515120297642,27.31289858573403,5.0,B005972X3Q
fitsne,10000,6491,-6.082509911592743,66.82416335116982,4.0,B004ZKXXAK
fitsne,10000,6492,-27.43516234176417,-23.92883662767262,5.0,B00CX5P8FC
fitsne,10000,6493,21.04499323987477,52.078738185253656,4.0,B01HHURN3W
fitsne,10000,6494,-44.439548772795476,-26.209420821681004,5.0,B0029U2XH2
fitsne,10000,6495,34.18861237530946,37.49407292024371,5.0,B01D9LJ0YI
fitsne,10000,6496,61.94459850128016,22.258675338732456,3.0,B01DBT9XB8
fitsne,10000,6497,25.934410396836522,51.36621297646199,5.0,B01D1NUDJK
fitsne,10000,6498,22.899885467896258,30.73544679837229,5.0,B008AT6YGM
fitsne,10000,6499,-6.578858102094734,0.18181642436528006,5.0,B000WYVBR0
fitsne,10000,6500,-31.325659592764445,29.87690406447165,5.0,B002R0JJYE
fitsne,10000,6501,-63.499410762203134,-16.65988996577697,5.0,B0002Z45DQ
fitsne,10000,6502,-28.642707119156473,-14.458618963979458,5.0,B001U3YK52
fitsne,10000,6503,-16.109208083932867,-47.25246194718507,1.0,B000XVM22U
fitsne,10000,6504,-29.698759439030976,-44.90473594659383,5.0,B000P6H7Y6
fitsne,10000,6505,-6.39543279445117,-66.1465637724972,2.0,B00UWV8JLY
fitsne,10000,6506,-29.25596619072245,-17.126556867917902,5.0,B000RO7G6A
fitsne,10000,6507,-29.18834529685255,-16.581286196424283,5.0,B000PNPCH8
fitsne,10000,6508,-7.63416172151593,-37.83164741379658,4.0,B0BVBFPD2X
fitsne,10000,6509,25.36564813434244,-40.37628318757619,3.0,B07DZTPQBX
fitsne,10000,6510,38.52313062483182,-39.87478335259862,5.0,B09XMHMQ6B
fitsne,10000,6511,-6.8250738891367675,0.23257868428304865,5.0,B0B5153M52
fitsne,10000,6512,-28.015725902303434,-9.909558018695973,5.0,B087JF29BN
fitsne,10000,6513,38.40440087960607,-21.202456538738215,4.0,B0BW4PFM58
fitsne,10000,6514,22.02770020336726,-14.03195728737894,4.0,B01LYECH38
fitsne,10000,6515,-29.938583812980127,-25.98548002007303,4.0,B075JZNHTD
fitsne,10000,6516,43.069591174312016,14.359212140565466,4.0,B000067REN
fitsne,10000,6517,9.134454720825769,-43.48568763734882,5.0,B09VDHXD8V
fitsne,10000,6518,0.9266884831508848,-47.82777066169785,5.0,B09Y4HCRLM
fitsne,10000,6519,-30.59750530712628,-44.19110186562595,1.0,B005C841OG
fitsne,10000,6520,25.67418716236183,7.749522173649883,4.0,B0166DXRJK
fitsne,10000,6521,-40.07416446049061,4.332025637059407,4.0,B07GPGVYGX
fitsne,10000,6522,-16.371082006997568,-60.689768130107566,5.0,B09VC5JFQQ
fitsne,10000,6523,50.572066836442744,22.634855579196405,5.0,B0BV2RGLX1
fitsne,10000,6524,-7.359343996940333,20.872744845895202,5.0,B0B1X7RC1B
fitsne,10000,6525,8.681251043454518,46.59751324612921,2.0,B0742N15FW
fitsne,10000,6526,-25.993754910482213,-35.405890204972636,5.0,B09SGVQTCB
fitsne,10000,6527,19.74004156404043,7.9984269901815015,5.0,B09S6D9JVV
fitsne,10000,6528,-8.701364711742956,-48.94703462112441,5.0,B09NL2ZWKQ
fitsne,10000,6529,-19.08601508478161,32.91160944592172,5.0,B09LCFZZD3
fitsne,10000,6530,-25.633489492350474,41.84253772370546,3.0,B07LG5WBTS
fitsne,10000,6531,-38.80629693373778,19.186197827519432,5.0,B0054JE706
fitsne,10000,6532,-18.2741129712213,-48.65285912482244,5.0,B0B3GNJS9L
fitsne,10000,6533,-7.2444712483429905,20.622196794446165,5.0,B0B9625KDT
fitsne,10000,6534,-6.830247404367821,-78.03827567482257,4.0,B07F6SN2B6
fitsne,10000,6535,-14.0484211293075,-22.44246908083914,5.0,B0991ZHK6P
fitsne,10000,6536,-15.878411565281903,26.71809142629647,5.0,B091PRCJ5Y
fitsne,10000,6537,6.747352088709661,40.695565356706425,5.0,B08LFYM64C
fitsne,10000,6538,-18.414388026700973,-48.903583922220605,5.0,B08QZTSJMM
fitsne,10000,6539,-15.166129862361403,-55.324505422647306,5.0,B0BQYQW5FM
fitsne,10000,6540,-20.248040541344885,-42.759456289852174,5.0,B0B2K31HVM
fitsne,10000,6541,-11.953622146896366,-34.3375144293793,5.0,B0C3KKZHBC
fitsne,10000,6542,-18.067399688082812,-48.423579842539354,5.0,B07G8N3PP1
fitsne,10000,6543,-19.343404286334998,-44.01725427388008,5.0,B08KP8H1KW
fitsne,10000,6544,-14.630533601741966,17.2688046135387,5.0,B08NP226CF
fitsne,10000,6545,-25.52886842097091,-34.795202642727325,5.0,B0B7HM1NQF
fitsne,10000,6546,-10.210951274638953,-23.657810530339205,4.0,B08DMXDPW5
fitsne,10000,6547,-9.861874687719784,-49.909919777305284,5.0,B08JVBMDY4
fitsne,10000,6548,-48.5162555099849,-1.3707342204707886,5.0,B0B4DCFYF9
fitsne,10000,6549,-54.05130715629804,-4.8805016849471805,5.0,B08593Y8S9
fitsne,10000,6550,-62.15986731892272,19.62550265743756,4.0,B0C4CBWNMK
fitsne,10000,6551,-48.89895291319762,-1.808399004612148,5.0,B0C3ZV9NNY
fitsne,10000,6552,2.5443579697552883,41.226246356518686,5.0,B0875QK1PN
fitsne,10000,6553,-8.518280046978376,21.821683783331263,5.0,B096K4MF5V
fitsne,10000,6554,1.7333391545662713,27.048863115710297,5.0,B07Y81J93G
fitsne,10000,6555,30.264062210639842,40.323741714006786,5.0,B0788GR6PT
fitsne,10000,6556,-26.230919874135992,-35.375162108659,5.0,B0BYRZKDQ9
fitsne,10000,6557,-24.91029395896853,23.890560811096115,5.0,B0C1B8VYNY
fitsne,10000,6558,10.84367038300558,15.29532294556636,4.0,B07WGNY5S1
fitsne,10000,6559,-47.231437508817,30.96152065960356,5.0,B0B6PKJD93
fitsne,10000,6560,-36.918674256903955,27.139762896427822,5.0,B07W6THQQZ
fitsne,10000,6561,-19.36318678496851,23.954240243256866,5.0,B087986YPY
fitsne,10000,6562,-13.68808923074753,-22.84241451078486,4.0,B07H65KP63
fitsne,10000,6563,-46.21886096206332,3.170397862945558,5.0,B08Y961HLL
fitsne,10000,6564,-30.77977738538848,-28.805488388877233,5.0,B07WSB9QGD
fitsne,10000,6565,-12.859818792149065,-57.2954923040154,5.0,B09F3RBZB6
fitsne,10000,6566,-13.655404140145803,-1.524725520014156,2.0,B07P1KFDVS
fitsne,10000,6567,-66.36392187084269,-18.88148436119487,5.0,B09J2LT45L
fitsne,10000,6568,-5.683834865262089,26.01895052021367,5.0,B07WZCJLHF
fitsne,10000,6569,17.035152790218735,33.083143897116294,5.0,B07QP1JGRF
fitsne,10000,6570,-44.0725080093247,-2.1653068196304743,4.0,B00E1XGKLK
fitsne,10000,6571,-0.779320107660132,19.17805824970528,5.0,B08XQJYK1L
fitsne,10000,6572,14.197113876393024,47.89265421564237,5.0,B0742LGP6C
fitsne,10000,6573,-5.249973330887893,-28.923200329778922,5.0,B07WV9FDD2
fitsne,10000,6574,-57.79597941205263,16.445578896741903,5.0,B0BRKGSJKH
fitsne,10000,6575,-10.41017155381059,-67.99719520917922,5.0,B07VM6NPKV
fitsne,10000,6576,3.6118878993833796,-6.295234511120829,5.0,B0BB6TYK7V
fitsne,10000,6577,7.244443851467266,47.409085062559285,3.0,B0792513F4
fitsne,10000,6578,-12.00519279099258,34.240452828480144,5.0,B07SNDF84W
fitsne,10000,6579,4.160331650094728,4.830098519277181,5.0,B07VY21RSF
fitsne,10000,6580,-19.526378559544092,34.0681768640673,5.0,B071R715MZ
fitsne,10000,6581,6.305088000656864,15.085974682446755,5.0,B07SL4Z4HD
fitsne,10000,6582,8.217477028011581,-0.055829636611899366,5.0,B07KL16YXB
fitsne,10000,6583,-8.429189178750656,-66.58045566619991,5.0,B07P5Y2R1R
fitsne,10000,6584,-13.031470784856829,-36.34609916862492,5.0,B07JLGNDWF
fitsne,10000,6585,-10.508927662392097,-31.815674483150197,5.0,B07GB4ZD16
fitsne,10000,6586,-30.12319639819646,-23.394152523403527,5.0,B07F1F7T7V
fitsne,10000,6587,-18.600898295819754,-49.09623192584079,5.0,B09HCFHR8C
fitsne,10000,6588,-11.188497590031615,-32.83088854001916,5.0,B07DGGJZN2
fitsne,10000,6589,-25.311193424607733,-57.814336595376474,5.0,B07JKG8V4Q
fitsne,10000,6590,-26.673296144798393,42.56766442683545,4.0,B073JWXGNT
fitsne,10000,6591,69.39413236228896,-15.33960286971657,3.0,B0B636J9N2
fitsne,10000,6592,8.237904871499238,-34.84928047213841,5.0,B09D7NN6YZ
fitsne,10000,6593,-5.146126201273566,-53.585828060142525,5.0,B084RT6GF7
fitsne,10000,6594,-0.7985306831969983,-68.31194173496054,4.0,B07SXS4SLR
fitsne,10000,6595,15.083330480480477,-29.28237344729765,1.0,B09K7JMBYK
fitsne,10000,6596,59.8297413052311,18.504787632061582,5.0,B01MQVXPSU
fitsne,10000,6597,9.02804145640515,18.093645325681166,5.0,B08BLSF473
fitsne,10000,6598,-32.52207679327099,-16.387700121909248,1.0,B00FQEUD4I
fitsne,10000,6599,33.6996323752341,54.77655593728634,3.0,B00K0QLI6Y
fitsne,10000,6600,-71.36052874005858,-11.68594071341094,3.0,B000W8UIZW
fitsne,10000,6601,-27.94257300891865,-30.1640882897248,3.0,B0071O4ETQ
fitsne,10000,6602,30.788629024624665,46.449346740950205,5.0,B07R2N71B8
fitsne,10000,6603,-43.368178469059565,1.126096821547727,5.0,B00BVKH1L4
fitsne,10000,6604,-30.80291400905569,-43.596243337096254,5.0,B004O0UGRO
fitsne,10000,6605,-27.462529874683632,40.84300212262176,5.0,B001CQT0X4
fitsne,10000,6606,-64.0166561187906,-13.815432320929045,5.0,B002WBX9C6
fitsne,10000,6607,-33.2816844422702,-11.387514629075524,1.0,B0038JECKY
fitsne,10000,6608,23.450842457504685,44.57589502577967,5.0,B0040RT4S8
fitsne,10000,6609,-25.764654309490883,-1.5896449228973877,3.0,B07VTK654B
fitsne,10000,6610,21.274568300013435,1.5700582453192347,5.0,B07456BG8N
fitsne,10000,6611,33.33426005719854,19.939107848020896,5.0,B06XSGYL1Q
fitsne,10000,6612,30.696988057552517,-42.99431833198468,5.0,B01KBEOL5E
fitsne,10000,6613,-0.27833467424580005,68.97741780052785,4.0,B00WET4CA4
fitsne,10000,6614,-6.79080330335695,-15.537983222594722,3.0,B0C2V2XLWP
fitsne,10000,6615,43.374886524215164,-28.06295782530433,1.0,B07Q38SCGL
fitsne,10000,6616,-0.6085186484775589,10.404277050210192,5.0,B07KTYJ769
fitsne,10000,6617,-58.43039719369586,38.367356596753844,1.0,B093CK9JZ6
fitsne,10000,6618,-39.72036548530744,-26.732416152512883,4.0,B06XWD7457
fitsne,10000,6619,-1.3652158203925713,-67.14099480852808,5.0,B08FX6FB1S
fitsne,10000,6620,12.871404952124802,54.51944595317295,5.0,B07K9KQC1F
fitsne,10000,6621,8.292343513341018,-4.829838201161189,5.0,B00PUBDKR4
fitsne,10000,6622,22.036357175150258,-50.257044642622404,4.0,B00FG7N3F6
fitsne,10000,6623,17.05721407766823,63.446443439570544,5.0,B07W65V76B
fitsne,10000,6624,5.3228291777672,53.46514271437199,1.0,B075LX7S6B
fitsne,10000,6625,2.082053148394872,53.51681676541964,3.0,B01MTF2Z37
fitsne,10000,6626,-2.8993156788778096,-71.28692879508488,1.0,B01GAF5EIQ
fitsne,10000,6627,-14.32989980958657,-34.10838351542504,5.0,B07K4ZZJCV
fitsne,10000,6628,9.939352643055983,62.85115955028698,5.0,B00825BZUY
fitsne,10000,6629,11.34561913067163,64.1499643720583,5.0,B008682C9U
fitsne,10000,6630,-3.4089003104042335,27.197124402239172,5.0,B09XFW1VGL
fitsne,10000,6631,-32.5782343908649,-40.15059055269643,5.0,B07DQCDY9M
fitsne,10000,6632,-37.033513749254304,-18.04402336457385,5.0,B09HJMC3T3
fitsne,10000,6633,9.99579240440063,64.02625486024498,5.0,B07N8VFFNS
fitsne,10000,6634,2.666407751785745,54.533791875164844,5.0,B07P374FF3
fitsne,10000,6635,63.21191283896095,-35.82610746889081,5.0,B07L5L1M23
fitsne,10000,6636,-7.447419880328147,15.40162909541298,5.0,B01MTF2Z37
fitsne,10000,6637,-47.81386180739577,-22.95057656928787,5.0,B0186E64EC
fitsne,10000,6638,-35.820814619087116,0.44025798552540335,5.0,B01ASWH5KW
fitsne,10000,6639,-40.18004417355951,-26.421126123681105,5.0,B017JEF126
fitsne,10000,6640,-9.186648718826723,-22.709850155232484,4.0,B01K8B8YA8
fitsne,10000,6641,60.14694522276835,17.472890847215357,5.0,B01BDX9Q6Q
fitsne,10000,6642,9.244765269993147,63.35284506437959,4.0,B010BWYDYA
fitsne,10000,6643,-28.618956291423107,5.829136784986022,4.0,B005BSKKGU
fitsne,10000,6644,-48.29371505207072,10.21966774158828,4.0,B01580BPU0
fitsne,10000,6645,-48.47683673372919,-10.808073632008584,5.0,B09H62C3T4
fitsne,10000,6646,-29.626190703217,-1.4504111976416523,2.0,B0C4Y7WNT4
fitsne,10000,6647,15.335498161638938,-27.554126697740177,1.0,B0B8W72ZG6
fitsne,10000,6648,-26.324315535314213,-4.408197141044878,1.0,B089M9S2PW
fitsne,10000,6649,24.746422126988694,26.781984648268516,1.0,B0BN7GFQR2
fitsne,10000,6650,-18.31752365020583,66.07490110172215,2.0,B07FCHTPJ4
fitsne,10000,6651,-16.236333753765663,26.609453844449007,1.0,B07FRHLLSC
fitsne,10000,6652,37.35597637312809,-37.4017613120645,5.0,B01FH8V422
fitsne,10000,6653,37.73720235532336,1.3398952676973483,2.0,0544005031
fitsne,10000,6654,-10.019690463455278,-62.4392786166537,5.0,B08XPWDSWW
fitsne,10000,6655,21.274641166857844,50.655746263434665,5.0,B01AFSD4ZY
fitsne,10000,6656,-13.758850330899818,-23.830349213412873,5.0,B07456BG8N
fitsne,10000,6657,13.730186125397193,-55.503092116403955,5.0,B072C4KCQH
fitsne,10000,6658,9.002963057972142,-43.44358587845976,5.0,B08XNCHTCY
fitsne,10000,6659,-35.88836939960984,-38.87270106690974,5.0,B08GYSSGG4
fitsne,10000,6660,18.244504795787293,-27.603460059834163,2.0,B000MXWSWI
fitsne,10000,6661,-43.97147885774702,-27.11025088881067,5.0,B01CKE0HUG
fitsne,10000,6662,18.40732233498058,59.56087303611377,5.0,B007T356BO
fitsne,10000,6663,17.403889939668662,61.09879238480769,5.0,B08HPXBKGR
fitsne,10000,6664,49.60032837974794,37.92706614311753,4.0,B073P5S7KG
fitsne,10000,6665,-5.935660161266232,-53.139838827048955,5.0,B0BL5YHZPC
fitsne,10000,6666,-40.562053694660165,-3.283888160882695,5.0,B0C2R4513L
fitsne,10000,6667,-39.990659610493054,2.9152159274630933,5.0,B08Y961HLL
fitsne,10000,6668,13.799336173122374,-18.75194378006873,4.0,B01K8B8YA8
fitsne,10000,6669,-43.55664236728899,13.734045601843519,5.0,B000EVS4YE
fitsne,10000,6670,-0.11533636984640655,-21.009196876535448,5.0,B0BGNG1294
fitsne,10000,6671,-17.373597621292074,41.612841331895915,5.0,B0B6D4W3R7
fitsne,10000,6672,43.9605288509033,-3.684696814618895,5.0,B0C1FND41H
fitsne,10000,6673,-43.258942266044244,23.377296687567355,5.0,B06XN5KP8G
fitsne,10000,6674,-10.482723883782555,8.662711572446518,5.0,B0841FLXW3
fitsne,10000,6675,-22.240477126885285,-41.594238126560654,5.0,B0BG4NT7KZ
fitsne,10000,6676,-35.4323004871739,11.049521439080149,5.0,B00TOVTZ7K
fitsne,10000,6677,55.04839506873609,-27.328923801423397,5.0,B01EZ0ATM4
fitsne,10000,6678,61.94159658257433,-25.621472774037198,5.0,B0039BPG1K
fitsne,10000,6679,-68.97648392880834,-9.738478704851387,1.0,B07G95FFN3
fitsne,10000,6680,3.4813832909354727,1.9205497353938596,5.0,B0829CM79J
fitsne,10000,6681,-7.68159670529104,64.71028725626125,3.0,B003VANO7C
fitsne,10000,6682,-34.83265399338864,-39.54944354462904,5.0,B004T0B8O4
fitsne,10000,6683,32.49388879916179,-21.240749737428303,5.0,B01FV7Z1R8
fitsne,10000,6684,27.66681236257304,-31.278390306749255,5.0,B00N41UTCG
fitsne,10000,6685,12.147928814195621,26.774033705004342,5.0,B06VSBV1JM
fitsne,10000,6686,6.713622428891136,28.252680856845764,5.0,B078GM723Q
fitsne,10000,6687,38.0947956295912,31.26627119478995,5.0,B01EWBJ5RQ
fitsne,10000,6688,4.873991839751903,28.09599437375201,5.0,B004UBNIMC
fitsne,10000,6689,-8.30238948792665,5.689542392918703,5.0,B07N8VLGGV
fitsne,10000,6690,-52.40099818790036,-1.7123291605833444,5.0,B075JY867R
fitsne,10000,6691,-37.95012961793646,-15.68372608891062,5.0,B0C717RBB5
fitsne,10000,6692,38.23265953090572,-2.780222502291858,5.0,B019MDJURE
fitsne,10000,6693,-20.688269715700507,-43.739919819365696,5.0,B0BW4PFM58
fitsne,10000,6694,20.429805252910977,42.436296839829474,5.0,B0BPMNM5J3
fitsne,10000,6695,-25.741314138006658,-66.97929507788847,3.0,B005BT2KJE
fitsne,10000,6696,-37.54203425654169,48.293617905464224,2.0,B003UI62AG
fitsne,10000,6697,41.259007185542764,-22.83512337186709,5.0,B07ZCVQQ52
fitsne,10000,6698,65.14008527858255,-35.250395730262134,4.0,B007SYTQKG
fitsne,10000,6699,52.21909327565095,39.39475307369523,5.0,B077Y84XBW
fitsne,10000,6700,-36.85538000228559,27.11469680948365,5.0,B0B4W1TMNL
fitsne,10000,6701,0.9576698322165754,-63.70429144620691,5.0,B07G3HYDJQ
fitsne,10000,6702,-19.0208109518858,48.030635455484,5.0,B07GDXCJLM
fitsne,10000,6703,-48.87644307954772,28.20522215543102,5.0,B01FRWONKI
fitsne,10000,6704,12.7414552056293,19.038323917873843,5.0,B075ZQ37HX
fitsne,10000,6705,27.806799840465803,7.203493893630341,5.0,B072PZLZ25
fitsne,10000,6706,-20.84164717737177,47.922520839047884,5.0,B08D72C25X
fitsne,10000,6707,-18.287392645861512,48.93953553114237,5.0,B072BQGT4P
fitsne,10000,6708,-65.08872867981309,-15.413591624595837,5.0,B015PRO512
fitsne,10000,6709,1.6353151349358597,20.4226475120225,5.0,B00KZP1BUI
fitsne,10000,6710,43.485761435737004,-18.933762280818687,5.0,B0BJGKZKV9
fitsne,10000,6711,-4.6099272595228875,-44.69835684465161,5.0,B07WWK9GYJ
fitsne,10000,6712,-32.4507709287664,-8.775567604585264,3.0,B06X42H9VZ
fitsne,10000,6713,27.58125781586769,51.32835847993001,1.0,B00GPAFHIO
fitsne,10000,6714,-13.230850215712524,-24.699134443236964,4.0,B01MQMJFDK
fitsne,10000,6715,-57.65377482018898,22.721145769259532,5.0,B08TY4HJ8L
fitsne,10000,6716,13.027114902184586,-37.1622959287003,5.0,B07M87MHHD
fitsne,10000,6717,4.883626900997836,-65.78153363889872,5.0,B001Z0OFBO
fitsne,10000,6718,9.601025155147711,19.102921778988318,5.0,B0B8GXBY8T
fitsne,10000,6719,-43.11236785452616,1.6149356422057657,5.0,B0BJ6M972Z
fitsne,10000,6720,-3.5277049139514585,-49.98116118386918,5.0,B08QHGXRHW
fitsne,10000,6721,-17.592473404730583,-58.690277332347975,5.0,B01A09KCJ4
fitsne,10000,6722,27.168992124907458,-5.72098038407432,5.0,B07QC4WTNC
fitsne,10000,6723,-3.431457959249114,-59.887553779887675,5.0,B0BZVGQ1M3
fitsne,10000,6724,-7.496413801858348,-37.577970414837445,4.0,B016NUTG5K
fitsne,10000,6725,31.88538391687541,3.693106615113702,4.0,B08XX49Y57
fitsne,10000,6726,45.752660339202755,-16.350044509467573,5.0,B08CLNX58K
fitsne,10000,6727,5.304598502936829,37.5027634685639,5.0,B07QL85PKS
fitsne,10000,6728,59.566467047853855,-38.63316664039249,4.0,B017DQXE3I
fitsne,10000,6729,30.31983690232384,-29.4985867583668,5.0,B016YVT9IW
fitsne,10000,6730,17.610688685482213,-12.824093937355455,5.0,B01LWPGB6C
fitsne,10000,6731,24.669049055735513,-49.800896469696056,5.0,B0002BESIM
fitsne,10000,6732,34.682112279849754,12.486921541617596,5.0,B07CLBNM1C
fitsne,10000,6733,-19.573969937618532,-12.15100349856297,5.0,B01AYH531O
fitsne,10000,6734,34.63162812344125,-46.830418300064636,5.0,B0036WD5OC
fitsne,10000,6735,-17.263281622196647,-42.82874994399874,5.0,B07CPNR79C
fitsne,10000,6736,-8.460048912278497,-0.6359123339074695,3.0,B08ZF2Z7Y1
fitsne,10000,6737,-33.307967198895604,-10.788903162809204,5.0,B097QRSH31
fitsne,10000,6738,21.521866409002246,-25.209574592249147,3.0,B0BW4PFM58
fitsne,10000,6739,-38.66596492636113,-14.341572013363118,1.0,B07G2C1N16
fitsne,10000,6740,12.463345424772962,-26.96761914023318,1.0,B00HWML2I8
fitsne,10000,6741,45.91131184614771,-53.30682361160823,4.0,B077JFK5YH
fitsne,10000,6742,43.4012910764227,-0.5612403755675738,5.0,B075X8471B
fitsne,10000,6743,59.78440967412469,-24.487671032776237,5.0,B09P4KJSTQ
fitsne,10000,6744,30.384155215712035,-52.089776034231605,5.0,B09BZGJCGD
fitsne,10000,6745,23.161652198122262,-39.90937303041011,2.0,B0079TOG82
fitsne,10000,6746,-4.440895608396615,68.96244418265356,1.0,B07RN5T3W4
fitsne,10000,6747,-43.0687420685318,-2.539172104544302,5.0,B07NXTYXKK
fitsne,10000,6748,30.707988617653974,-42.98504357745455,5.0,B0000AI0N1
fitsne,10000,6749,-35.25434393391097,-38.17693606481529,5.0,B07DN8G654
fitsne,10000,6750,-4.550884993963388,0.9437029602134931,5.0,B096M4G1H6
fitsne,10000,6751,28.479122233252987,-34.73959753162647,5.0,B07KTYJ769
fitsne,10000,6752,-35.47135474415598,31.373619774770518,5.0,B00Q20H3O8
fitsne,10000,6753,34.65886651836038,26.580333544949358,5.0,B07GK3LQVC
fitsne,10000,6754,7.574895191580779,63.571171741359244,5.0,B00D38XF6M
fitsne,10000,6755,20.824296504957303,58.891950835534594,5.0,B01HHUMAYO
fitsne,10000,6756,15.550158758692756,-28.090968510908446,1.0,B07G52NHBZ
fitsne,10000,6757,5.817077882053302,-6.63919029251114,5.0,B000WYVBR0
fitsne,10000,6758,-27.917960568202826,7.154303706233834,5.0,B01B6SJ8HU
fitsne,10000,6759,38.28609897655969,-30.44135812867366,1.0,B01LWRUX6B
fitsne,10000,6760,4.23355310685915,5.048077534470793,5.0,B00TAEUMSM
fitsne,10000,6761,-37.28462756865836,-38.062563812459175,1.0,B01IRYARU8
fitsne,10000,6762,64.22820041184673,-21.233982886251972,5.0,B00UOR9SES
fitsne,10000,6763,48.11085065283078,-52.16930892791827,1.0,B08925RBY3
fitsne,10000,6764,30.335309678435316,-16.709728804871414,5.0,B01IU2X81C
fitsne,10000,6765,-4.71963042772583,-57.10201632778842,5.0,B01IE4VQ7O
fitsne,10000,6766,30.75353799187363,-49.84103928037404,5.0,B000VADPHY
fitsne,10000,6767,-0.1380850643329508,0.0861901443606017,1.0,B09Y273HR1
fitsne,10000,6768,52.686536931746446,40.81841809146906,5.0,B079PCYTVD
fitsne,10000,6769,42.57366811161356,-5.915334498843152,5.0,B07QBPS1D9
fitsne,10000,6770,31.60196214833029,40.49587061183361,5.0,B07L153XF4
fitsne,10000,6771,24.366450950838374,59.058728739158894,5.0,B0769WTJB5
fitsne,10000,6772,38.55961646033245,-0.10613090289607414,5.0,B00F19Q7YI
fitsne,10000,6773,4.380087542954989,10.287763857481186,5.0,B00GLJBTQ8
fitsne,10000,6774,40.209996939585785,7.304932606081677,5.0,B073J9QZLR
fitsne,10000,6775,30.574187029703758,43.20097481312299,5.0,B01ISNY7EA
fitsne,10000,6776,-26.35024469924393,-25.44746572657394,5.0,B075XN1NZC
fitsne,10000,6777,1.9722213376640445,53.421946461803714,5.0,B01AZ7LT20
fitsne,10000,6778,-13.33116757446583,36.60792665758677,5.0,B00VRLUTWA
fitsne,10000,6779,-14.0207483597376,35.676321902192804,5.0,B08L4VBZ7Y
fitsne,10000,6780,-12.689879918285927,35.27471596325667,5.0,B074G884PQ
fitsne,10000,6781,42.13332904821836,-3.4875920064310773,5.0,B08R3D8R9W
fitsne,10000,6782,42.41278320969477,-4.08768301046003,5.0,B0756QHRK9
fitsne,10000,6783,23.375596487697553,-23.452230957613594,5.0,B075X8471B
fitsne,10000,6784,-9.543138540575951,25.13043368754343,5.0,B07WMB4XS4
fitsne,10000,6785,-24.34443331539873,-4.863038709802837,4.0,B00L0YLRUW
fitsne,10000,6786,12.714034909630241,60.45640067733556,4.0,B00DVBMFSU
fitsne,10000,6787,-14.526746545604121,45.59695962116766,5.0,B08LJ6JVS2
fitsne,10000,6788,5.051652054139592,40.198197151386495,5.0,B086G2FCCG
fitsne,10000,6789,48.94114151666457,44.683312840437075,5.0,B08NZ26CXV
fitsne,10000,6790,28.646123176486768,48.79380375234509,5.0,B083R8LPL7
fitsne,10000,6791,-0.05871930357308712,44.38692917031642,5.0,B08DNNSCZR
fitsne,10000,6792,-40.815856198377205,-37.98650852738602,3.0,B07F71NMQS
fitsne,10000,6793,-19.303587880288887,-40.692017362461435,3.0,B00NXE4N4Y
fitsne,10000,6794,-44.920710959226305,13.285950453080837,5.0,B0B12PXQYM
fitsne,10000,6795,13.06534071840517,-36.60326075959597,5.0,B01M36DER8
fitsne,10000,6796,-0.6357199361440993,-5.112194357704404,5.0,B09MTSLT2T
fitsne,10000,6797,-62.53729136060757,12.158381542948844,5.0,B000ALY22Q
fitsne,10000,6798,-61.764846148218346,12.876108839228694,5.0,B01K47BBB0
fitsne,10000,6799,-61.11283637623475,14.438503187854398,5.0,B08SXQPZKF
fitsne,10000,6800,42.91490472187912,19.84393797441681,5.0,B00E0I4UBS
fitsne,10000,6801,-31.461969447438843,21.059215016613393,5.0,B0BTYQQ62G
fitsne,10000,6802,11.705783684179483,-9.063776954862337,5.0,B075X8471B
fitsne,10000,6803,41.95220536913124,50.87136096357993,4.0,B000RPLMCI
fitsne,10000,6804,8.489089512213072,14.529513247861086,5.0,B08XMGJ522
fitsne,10000,6805,-20.722608359722418,-46.43350697757305,2.0,B07XBX33N2
fitsne,10000,6806,-6.393135082424352,-70.9278865569327,1.0,B07H9NMYMY
fitsne,10000,6807,-12.801269821270246,34.1864960661556,5.0,B0169WO11G
fitsne,10000,6808,26.655524884531584,49.62431489574897,1.0,B00R8FPTOC
fitsne,10000,6809,15.965293951138879,12.781549154216158,4.0,B00VMH7PQM
fitsne,10000,6810,23.456461569402915,45.645089513648436,5.0,B07QZVNG2T
fitsne,10000,6811,-2.4950835861886698,-76.93700031971618,5.0,B01NBOPJW2
fitsne,10000,6812,52.96089387124424,35.749048682899755,5.0,B018DR0OH0
fitsne,10000,6813,4.4772134987115475,0.9476909262410256,4.0,B00SG3CWGS
fitsne,10000,6814,25.248559001936258,-6.522228153060912,4.0,B00IKMLG3A
fitsne,10000,6815,30.817788560519244,-50.070248179271715,4.0,B075X8471B
fitsne,10000,6816,35.802943747437524,-37.136315522886505,4.0,B077XXNTCS
fitsne,10000,6817,18.575928186175414,-31.396081011250995,4.0,B00ZVJAF9G
fitsne,10000,6818,-16.49409164357169,-45.30799959476524,4.0,B00V0923TG
fitsne,10000,6819,33.13175896736094,19.790599740607405,5.0,B07S6QN4Q3
fitsne,10000,6820,-26.931912400839273,8.565234522640795,5.0,B078PFDHN4
fitsne,10000,6821,-30.700142654804484,-5.962281579248992,4.0,B07FDTCR9R
fitsne,10000,6822,-30.448350765540603,28.61890841944238,5.0,B015WCV70W
fitsne,10000,6823,-10.726174957362016,68.60963960077977,2.0,B003VAHYNC
fitsne,10000,6824,-57.74061109512059,39.84929156500838,4.0,B08NW4W6WT
fitsne,10000,6825,35.48621897501308,-13.293045826781576,5.0,B0184IC7VE
fitsne,10000,6826,35.48394483961289,-13.293608801582346,5.0,B017LSIXDE
fitsne,10000,6827,59.86906625529132,-38.98179102594729,5.0,B00EL94Z4I
fitsne,10000,6828,40.47495611058497,19.462265986367303,5.0,B00EXCRPT0
fitsne,10000,6829,36.56472126246445,18.388527278920556,5.0,B01MTY7MSK
fitsne,10000,6830,8.66256208781888,-8.799467282633591,5.0,B06XRG9QDV
fitsne,10000,6831,42.62613661341719,-6.400006426031665,5.0,B09JQLTLG3
fitsne,10000,6832,22.07385729817218,-18.013933985043558,5.0,B00FBJ04WO
fitsne,10000,6833,1.9430254223909638,-44.667740371285674,5.0,B008I64J9G
fitsne,10000,6834,43.049662186955835,-4.843037102914159,5.0,B07BDQSYCD
fitsne,10000,6835,23.79821195484326,-12.730218806426194,5.0,B09NCBBB7P
fitsne,10000,6836,-46.39999973333649,-7.681581903789539,5.0,B019C2WUIQ
fitsne,10000,6837,-32.58823960461045,12.477811472670767,2.0,B00NNDAFW4
fitsne,10000,6838,53.017521174590186,8.931069998593824,4.0,B08934PYGP
fitsne,10000,6839,-7.561690550797843,66.30216501463117,3.0,B08G58HFTM
fitsne,10000,6840,31.575033959713085,54.265064135398305,5.0,B086GNR77J
fitsne,10000,6841,-65.12292649376371,-20.12363789224877,2.0,B00NZTL1Y2
fitsne,10000,6842,-22.528372125217636,68.0000756761886,2.0,B07CLBNM1C
fitsne,10000,6843,-6.0122687077412715,-44.132288866426215,5.0,B09MMWM2Y8
fitsne,10000,6844,28.988762609959547,8.586555213353739,4.0,B07CXF452P
fitsne,10000,6845,35.338439753320074,-37.8695953770499,5.0,B01LWP3001
fitsne,10000,6846,-25.73418296313735,-34.45511493238661,3.0,B0BPLD4VK9
fitsne,10000,6847,37.33053935573918,-38.327219462055155,5.0,B07C1M321K
fitsne,10000,6848,-48.46297648189183,-9.882810050291758,5.0,B088WK5XGD
fitsne,10000,6849,-50.96541506032707,-9.078296968502013,5.0,B00O1RTQJE
fitsne,10000,6850,21.412229067977993,-26.78061423353418,5.0,B0BPN66WP7
fitsne,10000,6851,30.770927143051807,-43.21018892349695,5.0,B07FFTDLSL
fitsne,10000,6852,10.378416072419952,63.92335804059382,5.0,B07M66HC8K
fitsne,10000,6853,-5.797366818170044,-14.786239601866454,4.0,B07SJ2DFYG
fitsne,10000,6854,-17.678212821866303,-12.744226848651419,1.0,B07PYSGJ85
fitsne,10000,6855,-8.69626113962483,-20.58053979022189,5.0,B07KTYJ769
fitsne,10000,6856,40.653866055292184,-2.370956677848867,5.0,B07HZLHPKP
fitsne,10000,6857,33.628288193086945,-5.028719315934833,5.0,B00KQNVQ6S
fitsne,10000,6858,-68.45493230955569,-22.966375926553958,5.0,B007IMPMW4
fitsne,10000,6859,29.15577738506981,15.986533239013689,5.0,B08SQ97LTP
fitsne,10000,6860,59.742871849586535,-39.01323415058291,5.0,B013HZAZ90
fitsne,10000,6861,18.056921274007898,18.050837375438128,1.0,B00X53VN96
fitsne,10000,6862,-33.489853892189494,-15.070931456775094,5.0,B00BP5N498
fitsne,10000,6863,64.21322972905327,-42.79346632715,5.0,B008RN04BM
fitsne,10000,6864,64.19880582500652,-42.785453479886364,5.0,B007D5LY6O
fitsne,10000,6865,42.30659056276203,19.231967791144136,5.0,B082QKGKVK
fitsne,10000,6866,17.101332223362554,-43.68109438419771,5.0,B082X666WZ
fitsne,10000,6867,29.716073392288433,-30.12491837432633,5.0,B09G2RY9DV
fitsne,10000,6868,14.076181138911476,-37.0829575682189,5.0,B082X666WZ
fitsne,10000,6869,29.722050359642452,-30.12510311323025,5.0,B019DQ5PTM
fitsne,10000,6870,-4.272841323550885,64.48402998410066,5.0,B09HML29T7
fitsne,10000,6871,36.65687032341939,-5.112538690216459,5.0,B07MLV7TRJ
fitsne,10000,6872,47.70453716148866,-13.91641568581472,5.0,B00K8GZED4
fitsne,10000,6873,47.95966079009707,-13.721351855775639,4.0,B01KFQB4ZI
fitsne,10000,6874,-39.423277519374885,-8.121514220440387,5.0,B00P060GNK
fitsne,10000,6875,1.7000029052780408,-42.08212238668209,1.0,B00RBYN90G
fitsne,10000,6876,-39.46859947169499,-8.011835498131607,5.0,B00KWR8ME2
fitsne,10000,6877,50.990078986740066,1.5614612333548672,5.0,B00TTCZHWG
fitsne,10000,6878,-4.897028993701383,-52.46641999620835,5.0,B00KWR8ME2
fitsne,10000,6879,8.919942386464076,18.967036285528135,5.0,B01J9Y65DS
fitsne,10000,6880,-3.9675657456587703,24.96841127263862,5.0,B004YDL3C8
fitsne,10000,6881,-3.9658238380710458,24.967568464248846,5.0,B005FNJ1Q6
fitsne,10000,6882,-3.966233957780862,24.965468923848277,5.0,B007J3MO4G
fitsne,10000,6883,-3.9662228776609574,24.96662326159981,5.0,B0054GEU7Y
fitsne,10000,6884,-19.93235159630671,71.30889619433461,5.0,B00M8YKFN8
fitsne,10000,6885,12.478368764551922,64.3886210042126,5.0,B00F6E8QL0
fitsne,10000,6886,27.862086067676444,-7.014902535485196,5.0,B00NFZH7K8
fitsne,10000,6887,-9.639937920035925,13.470072261435094,5.0,B00BYHTK5Y
fitsne,10000,6888,32.69728640247093,14.168556470753716,5.0,B00DQZRNH4
fitsne,10000,6889,13.499095527335713,35.76122072011215,5.0,B00DQGIIM2
fitsne,10000,6890,-19.551167288799167,71.38860789257848,5.0,B0085GULFA
fitsne,10000,6891,-16.974767497829863,-43.359628804341135,5.0,B007WTWDV6
fitsne,10000,6892,-49.01817843244506,31.285805304991563,5.0,B0CCQHH8Z6
fitsne,10000,6893,51.00759924665488,29.846860508993544,5.0,B00F5RZ8QO
fitsne,10000,6894,-0.7973424245031535,50.81747299094938,5.0,B00AFKCCSS
fitsne,10000,6895,47.48856954789654,2.358847540561014,5.0,B009EVGQVS
fitsne,10000,6896,-48.902611645639105,17.269741839194275,5.0,B00BWF5U0M
fitsne,10000,6897,6.65432967778494,40.25092990579881,5.0,B00D39KXNO
fitsne,10000,6898,8.06868029842624,57.32103371783812,5.0,B002GYWHSQ
fitsne,10000,6899,20.256323846934368,62.81016851867584,5.0,B00884RNKK
fitsne,10000,6900,-22.523945481998723,68.48028235987171,5.0,B002U0KE8Q
fitsne,10000,6901,18.1240290377304,59.25759822474526,5.0,B008HK4J8O
fitsne,10000,6902,8.6915644634863,62.87425970974527,5.0,B0086829D4
fitsne,10000,6903,6.491593403982209,61.08514675087031,5.0,B009D7BJR4
fitsne,10000,6904,18.951401613300742,9.887421686706237,5.0,B0000A0AEM
fitsne,10000,6905,31.133824718931525,-0.739187930800081,5.0,B099DJDGWJ
fitsne,10000,6906,-3.3329266201531076,68.08018778477799,5.0,B004GNSGVW
fitsne,10000,6907,-56.53633783330406,38.44158140353057,5.0,B07D1XGQHJ
fitsne,10000,6908,-42.102986575375354,-0.5237514110271848,5.0,B0B8Z16Y3N
fitsne,10000,6909,-35.484410894157875,-3.56931445469825,5.0,B006GWO5WK
fitsne,10000,6910,29.704723674396398,-7.632065518173325,5.0,B005DOK8NW
fitsne,10000,6911,-54.36752220254085,16.671752820197632,5.0,B006BGZJJ4
fitsne,10000,6912,-52.363942464229375,10.434098181851443,5.0,B006GWO5NE
fitsne,10000,6913,-19.653751637500655,67.00283581123338,5.0,B0BVZZ36ZL
fitsne,10000,6914,13.405606044045243,57.992552345559,5.0,B006ZT4VA0
fitsne,10000,6915,0.13973135492518032,-56.20849274185819,5.0,B008HK3W1Y
fitsne,10000,6916,-50.916667936663096,-5.268515911131224,4.0,B0BRK596NJ
fitsne,10000,6917,13.359615178905,6.696388716233489,4.0,B0B74SVVGN
fitsne,10000,6918,13.921753354089073,5.620939240377853,4.0,B0BHFX8L75
fitsne,10000,6919,45.48328618696886,37.832908382320554,5.0,B00VTEIJK4
fitsne,10000,6920,-5.053118603883593,14.151309785710884,5.0,B0B3R5CQK9
fitsne,10000,6921,-5.097475870168469,14.211908147617473,5.0,B09SHQSNKY
fitsne,10000,6922,-58.279898730507284,5.277056874546057,5.0,B09W2D1PXG
fitsne,10000,6923,41.118499784265346,35.276299701106446,4.0,B0B3X859SH
fitsne,10000,6924,40.01415545877971,33.15532517603163,4.0,B07CH2V7WM
fitsne,10000,6925,-48.07850290012022,34.48505441846867,4.0,B09J495LYS
fitsne,10000,6926,-58.43431633475823,5.330428027353046,4.0,B0B41Y16FN
fitsne,10000,6927,-15.774950773378063,73.3566134207797,3.0,B092CYKT29
fitsne,10000,6928,29.40606607167666,26.644090325310668,4.0,B083PRXCLL
fitsne,10000,6929,-39.57300203924505,30.355719682036828,4.0,B08FY1L46Q
fitsne,10000,6930,45.19874686022554,42.64425074901593,4.0,B07WSZ7V16
fitsne,10000,6931,-8.290504865756283,-2.56510341769822,5.0,B0BZD7P8ZQ
fitsne,10000,6932,-42.88503743139477,0.00581579068031716,4.0,B00VTEIJEA
fitsne,10000,6933,-35.66342417886064,-12.29040772059734,4.0,B096M2P5ZN
fitsne,10000,6934,-52.59899095989848,0.8828055082089497,4.0,B09RZRCWLC
fitsne,10000,6935,-6.916014157188333,35.21218792011563,4.0,B09Z7SVVSP
fitsne,10000,6936,-16.6603118042105,-55.926532695068396,4.0,B07BMD9HYW
fitsne,10000,6937,-6.030568177851288,-11.312794577960162,4.0,B09VC87SS8
fitsne,10000,6938,6.447249624861102,41.414625420458876,4.0,B0B68XXR7S
fitsne,10000,6939,-18.037688404178873,-1.6578038465860045,5.0,B08ZMLWQSK
fitsne,10000,6940,-40.968784185759304,-17.617792490663906,4.0,B08TRCQHWZ
fitsne,10000,6941,-7.5667955904594875,69.6370940862707,4.0,B074QP5LRW
fitsne,10000,6942,-16.59652681763489,72.16228642012264,5.0,B00005T406
fitsne,10000,6943,-69.4454522830372,-21.794494849417145,4.0,B004XC6GJ0
fitsne,10000,6944,27.84461599661059,48.762762783073356,5.0,B00OLSIY1Y
fitsne,10000,6945,28.0856360420643,48.71599395103034,5.0,B00G24PK0S
fitsne,10000,6946,-16.500689075052,63.37269911025571,5.0,B088RD3BBW
fitsne,10000,6947,-3.9501880267884726,-68.91135329760374,5.0,B00NJ4AP1S
fitsne,10000,6948,-6.2125943143985,66.5140595260484,3.0,B0BBDQRTWY
fitsne,10000,6949,-4.423952819496557,-68.78954934662961,5.0,B00IU2D9VM
fitsne,10000,6950,-43.37902322172047,-23.672317568911687,4.0,B00DIFIP06
fitsne,10000,6951,-30.080294304672044,-26.412591770752357,4.0,B00CX5P8FC
fitsne,10000,6952,-25.403333464830904,13.116877599845868,1.0,B089F9YDFC
fitsne,10000,6953,-49.86329169910967,20.558973497128417,5.0,B00UXM6F22
fitsne,10000,6954,-29.294284629762213,-18.487998894639063,5.0,B004HYG9Y6
fitsne,10000,6955,44.601706573181936,3.399294261544505,4.0,B000WL0I1I
fitsne,10000,6956,38.1057023705376,-21.792783415687598,4.0,B003VQSPUC
fitsne,10000,6957,-7.147844690054668,27.164042552432505,5.0,B00B71ZZMY
fitsne,10000,6958,23.44072864590779,-28.639681728838124,5.0,B0001VWIR6
fitsne,10000,6959,-40.50224257464523,-16.094228051159874,4.0,B003SN0IL2
fitsne,10000,6960,-40.770675833851165,-16.112049959875147,4.0,B0019EHU8G
fitsne,10000,6961,44.13900678462889,-16.077299174934012,4.0,B00068DIB4
fitsne,10000,6962,1.4097240650622662,-12.410935396154608,1.0,B00LIP10KK
fitsne,10000,6963,46.51210151907791,-21.66088420226743,5.0,B000W8OZE2
fitsne,10000,6964,-10.52939155174239,47.46671970582464,5.0,B005DLDO4U
fitsne,10000,6965,11.39409876053406,-25.064741724624945,2.0,B002LZUY8A
fitsne,10000,6966,43.26039752342656,29.589822205435084,5.0,B083VRLJM8
fitsne,10000,6967,18.55219229088893,-28.68279825678907,1.0,B0741CNM7C
fitsne,10000,6968,37.25957176948215,13.53686923516753,5.0,B08PCLDM5D
fitsne,10000,6969,-26.92547758045502,-37.052617373637084,5.0,B00PJY83K6
fitsne,10000,6970,-32.44070384733399,-57.47304583975905,4.0,B005LKKNQA
fitsne,10000,6971,-12.937002935646802,12.061907629634588,5.0,B00GM7V8I8
fitsne,10000,6972,-5.898871665895456,-38.737183957363236,1.0,B007FGY2EW
fitsne,10000,6973,25.223549012779603,47.30119382649141,4.0,B00HNFPZF0
fitsne,10000,6974,9.725430924014994,-12.289907570711636,1.0,B09YL2D2RQ
fitsne,10000,6975,61.94472332729953,-25.621458316433596,5.0,B08D9HSXNF
fitsne,10000,6976,-50.380609727082,-7.7155803721932275,3.0,B001P4ZJBA
fitsne,10000,6977,51.071068373317416,-40.12921121158485,5.0,B07VXNH138
fitsne,10000,6978,50.40188411681753,-35.623274321053984,5.0,B082SWMNRZ
fitsne,10000,6979,57.70414318782747,-47.860096514941596,3.0,B08XVF418R
fitsne,10000,6980,55.33142264776213,-37.94670855286298,5.0,B09T2J5YVT
fitsne,10000,6981,21.231529932770947,-42.520699098485785,1.0,B0BWD4WGJB
fitsne,10000,6982,51.819609153915174,-40.35531378266397,2.0,B08XVF418R
fitsne,10000,6983,27.03651249661645,-47.150837395228926,4.0,B08DKR85CX
fitsne,10000,6984,11.021480537007845,36.98505414224581,1.0,B075WSFTTV
fitsne,10000,6985,37.73931786163095,-24.532108499078916,4.0,B07VCHVTCM
fitsne,10000,6986,38.75940948176302,-24.50711624846451,5.0,B07D8HMNTC
fitsne,10000,6987,-4.439968849765544,-36.88312612102991,3.0,B07HZLHPKP
fitsne,10000,6988,30.568029949833363,-12.01631892782356,1.0,B07L4LJJ8T
fitsne,10000,6989,57.704412701254796,-47.86040541668749,3.0,B091CKJ8Y7
fitsne,10000,6990,61.94432194847128,-25.624730983023078,5.0,B0CBBFWH59
fitsne,10000,6991,64.27040622715066,-21.512864169845876,5.0,B08SKKB73K
fitsne,10000,6992,35.10705254284042,-37.470923256445026,4.0,B07KMD2VQ9
fitsne,10000,6993,-3.465875434024643,-41.89469494318512,5.0,B09P4K2XVP
fitsne,10000,6994,-0.20378526018888216,-0.0025518217058531955,1.0,B08FN3ZK5T
fitsne,10000,6995,56.78863929321294,-12.619268045545256,5.0,B07KNF2T3Z
fitsne,10000,6996,22.795601540482618,-42.679457609811536,1.0,B003LL5ZHI
fitsne,10000,6997,19.570347454465225,2.859907667548817,1.0,B007OR1F9W
fitsne,10000,6998,40.99392227376191,-22.978700750880307,5.0,B0119OYZX8
fitsne,10000,6999,26.030743904334326,-50.6162921610882,5.0,B01F2OOVAI
fitsne,10000,7000,26.03975754836411,-50.65043842470722,5.0,B075JZNHTD
fitsne,10000,7001,17.73557281524319,-30.772162164495686,5.0,B0BY2V6XS5
fitsne,10000,7002,45.16417179564147,-10.988034100512097,5.0,B0C344TVJL
fitsne,10000,7003,31.624222959851338,7.050193232354225,3.0,B08C8TVWYT
fitsne,10000,7004,28.972513592740686,-49.05623284182041,4.0,B09FC5PYHG
fitsne,10000,7005,31.940603095601553,6.876655582999414,4.0,B091JXQ3FJ
fitsne,10000,7006,32.883611733603665,-46.09030456388897,5.0,B0824232TY
fitsne,10000,7007,28.095904027832034,-50.33957522662047,5.0,B0BTW2Y8RK
fitsne,10000,7008,42.33640758754302,18.040873149412086,5.0,B08BY8HS9S
fitsne,10000,7009,-14.910086606672522,54.01396905078727,5.0,B08HJ7K8KL
fitsne,10000,7010,-13.639347782623162,72.33109666915273,4.0,B082XXF1X9
fitsne,10000,7011,-33.28210102781257,-19.373058372210384,5.0,B08B3ZNPYZ
fitsne,10000,7012,42.34267473993704,18.06908608637353,4.0,B01DUL966O
fitsne,10000,7013,37.73324062958679,-20.651390024318562,5.0,B09GL247NY
fitsne,10000,7014,31.070908770980218,-48.56405707336455,5.0,B0BHZ1GDVT
fitsne,10000,7015,16.10238340728424,-10.860214504095394,5.0,B07SZ1H2FF
fitsne,10000,7016,4.006918128642713,-40.89414222021473,5.0,B07R298P4D
fitsne,10000,7017,20.971687823744418,-33.08662549993955,5.0,B08MWHSF8M
fitsne,10000,7018,60.59378173063348,-11.431813867353792,5.0,B01ICK7HVE
fitsne,10000,7019,19.99031108143497,-14.203884589963787,5.0,B0756YCTY3
fitsne,10000,7020,60.948868522820455,-12.748344526657585,5.0,B07K1KH51Y
fitsne,10000,7021,35.58461684476425,-37.61462227755863,5.0,B078RK9Q82
fitsne,10000,7022,30.311886826897204,-48.24686270097269,4.0,B07PZFC633
fitsne,10000,7023,30.312650981237436,-48.2486433862248,4.0,B081B1R665
fitsne,10000,7024,29.69925072543246,-50.3966522727865,4.0,B0BDJ2L28L
fitsne,10000,7025,-4.827523707355253,68.52204470728805,2.0,B00L1Y11D4
fitsne,10000,7026,29.696740802575405,-50.39703153440631,4.0,B06XXFDHM6
fitsne,10000,7027,-32.5897094267972,57.73470775814947,3.0,B00DI12MQ8
fitsne,10000,7028,31.608239595927373,-47.372569255818156,4.0,B00T76ZGDO
fitsne,10000,7029,48.799155369658614,7.567453854885655,3.0,B0718T3FMF
fitsne,10000,7030,48.76062854914499,-7.035362647729692,4.0,B01273JZMG
fitsne,10000,7031,55.27167501715715,-38.02696969850412,4.0,B0027VSSJU
fitsne,10000,7032,32.85295137403481,-26.11992135128859,4.0,B08KZ1TZYB
fitsne,10000,7033,32.661912314043455,-26.43861624126222,4.0,B00EZMZTBO
fitsne,10000,7034,32.66191389098788,-26.438615194396956,4.0,B009ZIILLI
fitsne,10000,7035,32.658692301620775,-26.438801927610687,4.0,B01DW72QKE
fitsne,10000,7036,32.65517219084709,-26.44779091831012,4.0,B002ZIN9DU
fitsne,10000,7037,32.656146838148835,-26.447639047119445,4.0,B01MZYDZUI
fitsne,10000,7038,32.658280587760274,-26.446689297749284,4.0,B0BM11XSB1
fitsne,10000,7039,32.65657606059211,-26.44543807057576,4.0,B089CF82GL
fitsne,10000,7040,32.654928538533284,-26.44792691704078,4.0,B002T0G8TQ
fitsne,10000,7041,32.65984584581405,-26.44372491985226,4.0,B01G3ZOPY2
fitsne,10000,7042,11.261884088011357,-10.825607099823769,3.0,B00JDVRCI0
fitsne,10000,7043,16.79956712948373,-17.744677034754297,4.0,B01CKBFBC8
fitsne,10000,7044,-62.699414460796824,-24.49981703464475,5.0,B015GDMGXO
fitsne,10000,7045,11.61488403100376,-42.86656472800833,5.0,B00GWC2S3M
fitsne,10000,7046,-32.52859941117818,-18.964304680263805,5.0,B01KBEOL5E
fitsne,10000,7047,55.271675017156994,-38.02696969850411,4.0,B00O0JGPK6
fitsne,10000,7048,-61.6739986318666,-19.287075122517408,5.0,B008Z4I7WQ
fitsne,10000,7049,29.511729500610397,-25.073205968971262,4.0,B01AS8XUPK
fitsne,10000,7050,-63.908430231152096,-20.248707381107007,5.0,B07W7N929N
fitsne,10000,7051,-17.943600800609065,-13.905469104133662,4.0,B00U3FPN4U
fitsne,10000,7052,-14.19936292936607,-24.729892919723852,5.0,B07PDHSLM6
fitsne,10000,7053,36.128933984474195,48.46152374291598,5.0,B07P6L7BFK
fitsne,10000,7054,35.05801700753837,27.187764817113116,5.0,B09C4KQRHP
fitsne,10000,7055,34.74171519694429,53.01723220153915,5.0,B07T25WP4N
fitsne,10000,7056,-9.689844124050188,65.37166417132603,5.0,B07PFDHHYJ
fitsne,10000,7057,5.982998628108083,4.257349796197233,4.0,B00CD4221G
fitsne,10000,7058,-32.86528671885396,-50.205273556537044,5.0,B0CCCFW4XZ
fitsne,10000,7059,7.5538120496202055,-19.640668657130586,5.0,B094JD6SHP
fitsne,10000,7060,-25.012981472262776,-62.10751043353369,5.0,B085354NJJ
fitsne,10000,7061,-48.906161501391324,29.022505387112357,5.0,B0827ZV8TL
fitsne,10000,7062,-25.071552578338316,-62.038352189930926,1.0,B07CB24GSV
fitsne,10000,7063,-15.711836228880399,47.44356302780132,5.0,B01DBHFSY6
fitsne,10000,7064,16.28808354613984,-15.796314099575111,5.0,B07CML419K
fitsne,10000,7065,-0.20393975353000415,30.999435232898392,2.0,B074TMJ44M
fitsne,10000,7066,-15.892118100846721,-62.3116282889389,5.0,B07Q39HCK1
fitsne,10000,7067,-10.084229025167787,-39.55656307375394,1.0,B01N4IVLII
fitsne,10000,7068,-0.32120553202024754,17.697227171083632,5.0,B00WUI0WOY
fitsne,10000,7069,50.664086954391394,21.701864443151194,5.0,B09KZY1XJ8
fitsne,10000,7070,-30.074252884449145,30.73898448279079,5.0,B08632C4MS
fitsne,10000,7071,-28.526571523715603,33.11962764049008,5.0,B0C4F815VH
fitsne,10000,7072,-7.1798013461397865,24.88633076258303,5.0,B07CDY63PP
fitsne,10000,7073,-13.358963362268966,5.159804466228659,5.0,B0883SBTWF
fitsne,10000,7074,62.27106748180936,16.795926186931837,4.0,B071YND9BG
fitsne,10000,7075,39.578981674781886,-21.170245553856205,4.0,B00DQ4PDA4
fitsne,10000,7076,5.161889446367353,9.405537337764061,5.0,B07VPG9DB9
fitsne,10000,7077,25.410296852740164,35.632559923158055,5.0,B004Q5UQUO
fitsne,10000,7078,10.175050492913575,4.05734486061832,5.0,B07TJ7KPBS
fitsne,10000,7079,-62.90324399926873,-21.76195565326304,5.0,B07GRYTHBQ
fitsne,10000,7080,3.065131663242425,46.49205190795644,1.0,B07ZZKC52P
fitsne,10000,7081,-49.69609530156444,34.77366015560957,5.0,B07YX379KP
fitsne,10000,7082,-59.44678347758726,21.040334012706555,5.0,B0BB6XM417
fitsne,10000,7083,-14.889022778455699,23.915502105115696,5.0,B06XK6PWSM
fitsne,10000,7084,-49.206895313105846,11.691004438456684,5.0,B078H92HVZ
fitsne,10000,7085,-52.33197591742352,0.7393197511638075,5.0,B08DCYHFD4
fitsne,10000,7086,-51.906361710109934,23.99683775005438,5.0,B013EKI2DY
fitsne,10000,7087,-18.869749746403286,7.148139254272883,5.0,B00XUXYSWU
fitsne,10000,7088,-5.2493608287452975,-14.640075528773945,5.0,B008MT9JJY
fitsne,10000,7089,-50.21770852970832,-38.07469396298029,1.0,B00OJM63C4
fitsne,10000,7090,-50.20803829054822,-38.082417082356244,5.0,B00MOF3EU2
fitsne,10000,7091,-50.212401445442445,-38.080670329049795,5.0,B00XUXYT6K
fitsne,10000,7092,-35.604917483448,-44.00669266468226,4.0,B0007WTER6
fitsne,10000,7093,-45.59134196307476,12.262431483749408,5.0,B00HYPC7CI
fitsne,10000,7094,12.983597314142154,-14.7320210595832,5.0,B01N66MD3P
fitsne,10000,7095,30.213322661276617,49.36425928881449,5.0,B00KD752MQ
fitsne,10000,7096,22.036165158532903,-50.25712594917146,5.0,B07BHXYJXB
fitsne,10000,7097,-11.180974165708406,19.87232015889333,5.0,B00EO9JNWY
fitsne,10000,7098,-51.944960210174465,-3.095365601787626,5.0,B00LI9DUG8
fitsne,10000,7099,-50.78216491550168,-8.982195981081189,5.0,B075KP9XHS
fitsne,10000,7100,34.246429227567894,13.133491660440306,5.0,B001DPY0VG
fitsne,10000,7101,-46.02250971409849,-17.164345022863174,5.0,B00XK0KKOS
fitsne,10000,7102,-19.147016126435382,-8.819508003062714,1.0,B007CMB81O
fitsne,10000,7103,-44.29729773777896,-13.60111354852036,5.0,B076HVLHNK
fitsne,10000,7104,-28.96774734301144,-42.02532854893434,3.0,B00B43LL1E
fitsne,10000,7105,-61.364578352742214,16.32989972723801,5.0,B008L6YEK2
fitsne,10000,7106,17.893234464454313,60.369683097127755,4.0,B0BMLZ1JDG
fitsne,10000,7107,-1.0761601188290115,55.06881041642854,3.0,B07N8VFFNS
fitsne,10000,7108,8.647890873053509,60.14241786455215,2.0,B07J2FGZSM
fitsne,10000,7109,-39.7394753726085,-33.406848313064344,5.0,B08P57BVNP
fitsne,10000,7110,16.685051073157066,24.57224774544812,5.0,B01JNYQXZY
fitsne,10000,7111,45.05556313764413,42.579969909892995,5.0,B07X8J7M6P
fitsne,10000,7112,-17.366941643274394,-33.9356564097932,4.0,B07RPF3C5S
fitsne,10000,7113,-20.27503925238482,1.1059957979962969,5.0,B07S9PP56R
fitsne,10000,7114,-5.190508830879981,2.132508909451598,1.0,B08KDKW2BM
fitsne,10000,7115,36.24424432108314,-1.942643700479437,5.0,B091DZ4ZD8
fitsne,10000,7116,44.326605926207215,-4.4103530830465045,5.0,B010BWYDYA
fitsne,10000,7117,2.835719254550238,-12.45250207493419,4.0,B00BX0YKX4
fitsne,10000,7118,46.30157927991582,-2.555297730813682,5.0,B007136E1S
fitsne,10000,7119,47.08427775961018,-5.51639523856735,5.0,B07W4MGFS6
fitsne,10000,7120,-6.225597369159524,-44.63794382305857,5.0,B07S764D9V
fitsne,10000,7121,60.94154738867688,-35.80916108912933,5.0,B00IIEICNC
fitsne,10000,7122,50.407148167075995,-35.62159198278236,4.0,B00RYBW5ZQ
fitsne,10000,7123,-13.720460157801677,18.791871246618367,1.0,B0C5SBGRNJ
fitsne,10000,7124,-12.637762142848517,-64.22306148838668,5.0,B0C338S8M7
fitsne,10000,7125,59.59655317231311,-32.822306782984604,1.0,B07ZCV7SJZ
fitsne,10000,7126,12.389179198797757,40.709449192372965,1.0,B01H5G7H16
fitsne,10000,7127,56.34128459807841,-27.33077275656044,5.0,B07TZFS5K4
fitsne,10000,7128,45.26140313353511,-3.0771042893831027,5.0,B084LL5CM8
fitsne,10000,7129,53.682538727050925,7.126798458189415,5.0,B07F8BNDMB
fitsne,10000,7130,-49.583763665339404,-5.799079928286217,5.0,B07RBV8H74
fitsne,10000,7131,40.087830586388115,-15.606714905645436,5.0,B07VJQ5VBV
fitsne,10000,7132,-11.163510640575987,-23.03518838880351,5.0,B07456BG8N
fitsne,10000,7133,-41.8536017074787,0.757652320590362,5.0,B01HRVABD0
fitsne,10000,7134,-41.32395892880078,1.542106405510883,5.0,B07KCF1X4J
fitsne,10000,7135,40.2193882998777,7.501269217034939,5.0,B07JYY8YQX
fitsne,10000,7136,54.8037290263697,34.46049669896022,1.0,B097QSG8YH
fitsne,10000,7137,35.705121202367756,48.22284876440466,5.0,B00QOSVSEE
fitsne,10000,7138,7.170850866471174,-0.13335969180621376,5.0,B01A0MTS3W
fitsne,10000,7139,42.40987698494938,-10.96600620073058,1.0,B00HSGR7R8
fitsne,10000,7140,36.51543138506008,50.454964621925,1.0,B008CQWAX4
fitsne,10000,7141,-2.894345534499229,-64.33233988680362,5.0,B094CD8RL2
fitsne,10000,7142,17.911748013880143,-13.968232485675987,5.0,B0096FT902
fitsne,10000,7143,-35.31279248164178,29.79169970457853,5.0,B072M34RQC
fitsne,10000,7144,-38.40101817466702,10.01188910560288,5.0,B078MW9GC6
fitsne,10000,7145,-20.832833790747646,3.7313904426794893,5.0,B0848M4BLB
fitsne,10000,7146,-14.229331553354433,-23.673921558362224,5.0,B01K8B8YA8
fitsne,10000,7147,36.2600204596105,8.129238795945309,5.0,B00LL8VEMS
fitsne,10000,7148,-22.70048539634794,-23.58528421435785,5.0,B07GZFM1ZM
fitsne,10000,7149,2.3863452340752485,-10.795921850201758,5.0,B0B786PFYJ
fitsne,10000,7150,41.57565135952439,19.880352032496074,5.0,B075CHV8XD
fitsne,10000,7151,-25.598673440598244,-31.745309262255457,5.0,B091MT249X
fitsne,10000,7152,-17.333764433610177,-4.3994827896315005,5.0,B08M9LMS1G
fitsne,10000,7153,63.05631414556402,-11.716886319252556,5.0,B0BHP1XGPS
fitsne,10000,7154,-43.3595507030805,-18.56118986454807,5.0,B07H65KP63
fitsne,10000,7155,27.21043835786281,-53.41358559305602,5.0,B0C27YYCDP
fitsne,10000,7156,26.022300444280354,-49.95128521004403,5.0,B0B6D4W3R7
fitsne,10000,7157,61.94169128594734,-25.621335017788212,5.0,B07VL7BNLZ
fitsne,10000,7158,33.22482960510682,26.179268458851535,5.0,B09M6R151G
fitsne,10000,7159,30.49685013862198,-39.10488735554148,5.0,B09Y55WW5P
fitsne,10000,7160,59.56635306229083,-38.63353948979847,5.0,B07LCVR5BW
fitsne,10000,7161,-6.823458792032906,-0.9873094767320307,5.0,B0886847XY
fitsne,10000,7162,48.151425849602276,-10.587525504573236,3.0,B01MDQJOPT
fitsne,10000,7163,23.22023347965452,-20.97807545252498,5.0,B081D9XHPK
fitsne,10000,7164,5.9227826267094335,-8.54267531800426,5.0,B000WYVBR0
fitsne,10000,7165,30.611059839901877,-39.30659158151803,5.0,B096T31Z9T
fitsne,10000,7166,30.611321416842895,-39.307393188517516,5.0,B079PG7JPP
fitsne,10000,7167,42.35733145827894,-16.698962861021688,5.0,B083TH1B45
fitsne,10000,7168,-40.93587414324657,25.419815578429194,5.0,B002ODG5GO
fitsne,10000,7169,-41.73397631160706,4.107743571265045,5.0,B01JB7ZU5M
fitsne,10000,7170,-41.73181514180032,4.09207257623915,5.0,B07SR19TKT
fitsne,10000,7171,-22.820847671036088,-24.096644296332304,5.0,B00O1RTQJE
fitsne,10000,7172,-22.813725669003755,-24.044722823892325,5.0,B092ZV6893
fitsne,10000,7173,-25.610380819817628,-4.896616613224699,1.0,B074TC662N
fitsne,10000,7174,25.450241680813967,-50.48263824481371,5.0,B07WRYFDLJ
fitsne,10000,7175,26.184076869093683,-40.3716490242373,5.0,B07PFY6P38
fitsne,10000,7176,18.894657021687717,42.271911861207904,5.0,B019O0XN5U
fitsne,10000,7177,-5.492717843216255,-3.134729327813078,5.0,B078GK6JD3
fitsne,10000,7178,-67.8055386926998,-24.732556194427968,1.0,B00B5QEXB0
fitsne,10000,7179,49.794197453070865,37.962609282992744,4.0,B0BHSJPW79
fitsne,10000,7180,40.98413206108139,40.29808948146247,5.0,B09XHWMDK2
fitsne,10000,7181,-38.823546651166076,-35.975981897647266,4.0,B08T1DKCWJ
fitsne,10000,7182,-53.671356166359814,-11.603822665939285,4.0,B07FN9PR61
fitsne,10000,7183,18.518492894842474,63.2887512252072,5.0,B0C5QSYMXD
fitsne,10000,7184,9.454651143292388,19.511165964763254,4.0,B086WMQMNB
fitsne,10000,7185,-56.641990953457345,4.779755240198705,5.0,B08F9S3SD5
fitsne,10000,7186,22.802658899626262,29.450851496778256,4.0,B01MSNQI84
fitsne,10000,7187,38.761703329028684,42.08148851178292,4.0,B0B3JVPY1K
fitsne,10000,7188,-24.26263359145442,-44.829440741573826,3.0,B0935ZDCYD
fitsne,10000,7189,-24.278224819353806,-44.8254653964651,5.0,B01LZV6TYQ
fitsne,10000,7190,-49.81455850211861,4.229852990680833,5.0,B00DGRUY3M
fitsne,10000,7191,-21.12391212876602,-0.12701837903898183,4.0,B00NVKHLP8
fitsne,10000,7192,-15.770425836892796,69.99566863181646,5.0,B006MCDUZM
fitsne,10000,7193,21.257759687282057,29.807865931354623,4.0,B00FZ9SMVU
fitsne,10000,7194,18.643218233581905,63.26182268833053,4.0,B00EW38CJW
fitsne,10000,7195,16.829601683744908,64.51217445481221,4.0,B00FF347V0
fitsne,10000,7196,40.80918716897651,35.468068865761396,3.0,B07P5NH459
fitsne,10000,7197,-44.47963727912658,-30.64420104532346,5.0,B0BSK363WC
fitsne,10000,7198,19.320220556966056,24.952789122436343,5.0,B001E6BC6U
fitsne,10000,7199,-17.69377023123441,-64.22162541602107,4.0,B005M08NM0
fitsne,10000,7200,-24.49081911574067,41.341118327087905,5.0,B004Q3C98S
fitsne,10000,7201,-10.190248238333494,30.17237616310056,5.0,B00WUIL5QS
fitsne,10000,7202,52.86104263961776,37.1673014072255,5.0,B077CYZ34R
fitsne,10000,7203,-51.74626122126931,17.145567013150465,5.0,B09JBS4PNR
fitsne,10000,7204,16.21760377487921,-19.909621143119086,5.0,B08NYJ97LF
fitsne,10000,7205,-3.1189551403092723,-75.27537516622374,5.0,B09KBDYWB2
fitsne,10000,7206,19.72354312704068,-27.05244373991381,1.0,B09W4DTMQX
fitsne,10000,7207,13.645968199937727,47.256778708984854,5.0,B07YJ1G6ZF
fitsne,10000,7208,34.268506406376375,25.97731600517851,5.0,B07WH35RMM
fitsne,10000,7209,2.554280623769768,55.49112994270864,5.0,B009T8YY1U
fitsne,10000,7210,-7.453531212881158,68.7873221755312,5.0,B09WDL98XR
fitsne,10000,7211,-32.47685854671902,-49.508954933128436,1.0,B08N5HW9HB
fitsne,10000,7212,-12.024204507371973,-18.39075552954793,1.0,B08XVF418R
fitsne,10000,7213,-11.998278163587244,-18.397777127920325,2.0,B08DPP3T9Z
fitsne,10000,7214,13.916058659544937,8.874404115532505,3.0,B0983VR4TD
fitsne,10000,7215,-13.052739445365633,17.691757200021225,5.0,B0BWD4WGJB
fitsne,10000,7216,-9.816199396825352,-20.774720859734522,5.0,B08Z2X5V3C
fitsne,10000,7217,-9.722623693845021,-19.956718313244604,5.0,B08TRCTB5T
fitsne,10000,7218,1.7057456618839113,21.762858388053907,2.0,B08PTV9DSB
fitsne,10000,7219,-12.010938596080187,-18.40002522809435,2.0,B08YGKCHNF
fitsne,10000,7220,-7.737576896917712,62.6049325440453,2.0,B0BZNM5TLV
fitsne,10000,7221,-27.814910559830707,14.001034476781347,5.0,B00VY2325S
fitsne,10000,7222,-57.57130325027517,18.603319861167392,5.0,B01G6PPTH6
fitsne,10000,7223,3.3889042579865456,58.795417958207004,3.0,B07TMJ8S5Z
fitsne,10000,7224,18.597714613931526,65.04286981435632,5.0,B088T9VH7P
fitsne,10000,7225,-12.100685609312734,-18.284306316491286,3.0,B07VXXBTX4
fitsne,10000,7226,-17.710219151353673,29.488246664252983,5.0,B07DG5KLNK
fitsne,10000,7227,-42.14041320697104,-7.058314723144654,2.0,B0773C4WV6
fitsne,10000,7228,-57.55705909853019,17.617760837166866,5.0,B081DGFQDL
fitsne,10000,7229,-9.1514921070388,-22.608211145914343,5.0,B07MLY3JKV
fitsne,10000,7230,-15.682851565145667,-21.02577533675442,5.0,B07KTYJ769
fitsne,10000,7231,-10.217035278953599,-20.114961762161588,5.0,B079C273LQ
fitsne,10000,7232,-13.241297759311117,18.265295598172962,5.0,B07F6D4Y54
fitsne,10000,7233,-11.550217521365202,-22.639016329440427,4.0,B07HZLHPKP
fitsne,10000,7234,-47.781595539301215,14.714848187852613,5.0,B004YTWKPG
fitsne,10000,7235,3.4802324778119695,4.769102013516949,5.0,B00VKH8PEK
fitsne,10000,7236,-29.10334208165654,-15.293211554192128,5.0,B00P99AA3E
fitsne,10000,7237,-6.129769650081113,-2.9265524571347163,5.0,B083TH1B45
fitsne,10000,7238,-33.416360524430914,10.505566291023444,5.0,B00JUINWSA
fitsne,10000,7239,-42.232313675348074,41.92250860458071,5.0,B071KV2SMV
fitsne,10000,7240,-14.833403498581841,5.8840848275190325,3.0,B0BWYY5H5M
fitsne,10000,7241,-4.235377751168021,-64.9540181343479,5.0,B07G7J8FT4
fitsne,10000,7242,37.68743889433217,8.951167647714913,5.0,B0752WJMT7
fitsne,10000,7243,-5.814570986118128,-56.45427580425863,3.0,B00NESU1XG
fitsne,10000,7244,-12.005424784430957,-13.73168630338637,5.0,B000CJ24VM
fitsne,10000,7245,36.006343760270674,-1.5734826916846698,5.0,B00GFZMI3G
fitsne,10000,7246,52.93371509745492,35.39202584183988,4.0,B07PQTRRMJ
fitsne,10000,7247,-27.651555834845254,-9.183162552508124,1.0,B09LNX8MHV
fitsne,10000,7248,53.36317342329153,35.5266660736951,5.0,B00QSG2HE2
fitsne,10000,7249,-42.7469311336371,-25.819665937247777,5.0,B07W5WFNY3
fitsne,10000,7250,-11.93116836678165,73.2456368144979,5.0,B0BFF6PFHC
fitsne,10000,7251,-17.256006571778375,47.495175453701094,4.0,B001PKUURW
fitsne,10000,7252,34.01281370075924,-0.18245414898116114,5.0,B07V5M4PBZ
fitsne,10000,7253,60.03410255137075,18.574731908253998,1.0,B094VVM37N
fitsne,10000,7254,59.524470386418166,19.453626754885597,3.0,B07T2ZRCQV
fitsne,10000,7255,37.416856538691995,-30.89818799674086,5.0,B00XZC47BS
fitsne,10000,7256,-26.05621191791888,29.2045140830131,4.0,B099DBFNKR
fitsne,10000,7257,-4.912652746080343,-39.158127752729946,3.0,B0BLVNSWZB
fitsne,10000,7258,-10.941687260149834,-57.725946138378944,4.0,B09FD6Z1D1
fitsne,10000,7259,26.012853170182996,-50.045165149484916,5.0,B09NNGN2WG
fitsne,10000,7260,10.353487713082545,46.67925008958131,5.0,B07QHSGVTW
fitsne,10000,7261,-5.4945908707550695,-39.69171948486713,5.0,B07MLY3JKV
fitsne,10000,7262,25.98220005505169,-50.015457371392436,5.0,B019G7DWYI
fitsne,10000,7263,26.020950027145666,-50.68170690767364,5.0,B0BN74ZJDK
fitsne,10000,7264,26.442507509040663,-27.37180470790993,5.0,B01K8B8YA8
fitsne,10000,7265,25.980873785589075,-50.5248521586784,5.0,B08KZ1TZYB
fitsne,10000,7266,25.821170243699534,-50.92561741322511,5.0,B010BWYDYA
fitsne,10000,7267,24.689159721819944,-50.149692528460896,5.0,B01E9AHU8Q
fitsne,10000,7268,-42.7978437967034,-27.34683708421827,5.0,B08P4VX48V
fitsne,10000,7269,40.17971441343842,-37.14470207114174,5.0,B07SQXY8DP
fitsne,10000,7270,22.035732329009427,-50.25736097780063,4.0,B01K8B8YA8
fitsne,10000,7271,36.213845947573255,-37.27221959716818,5.0,B00KWR8ME2
fitsne,10000,7272,32.90377454915396,40.91429486581034,5.0,B00E44C8PS
fitsne,10000,7273,-14.855063394665315,53.68466315822636,5.0,B00KFNLKRY
fitsne,10000,7274,-43.27215637545935,15.484753715213783,5.0,B09PNLGJ4S
fitsne,10000,7275,1.449197921373476,-36.61215070432543,3.0,B077VS8B4M
fitsne,10000,7276,15.900543396859868,-35.9239103639348,5.0,B07QD3HCG3
fitsne,10000,7277,5.370566693527277,-45.361826096958715,5.0,B0BVVJM2X8
fitsne,10000,7278,-0.5386346599503773,-44.34064750428315,1.0,B083GNMP2F
fitsne,10000,7279,24.18482591420183,-28.27539415198814,5.0,B0C1CR7FN5
fitsne,10000,7280,2.748513473099126,-19.7648205094804,3.0,B01K8B8YA8
fitsne,10000,7281,23.731457486168694,21.042301258035398,1.0,B07568SNYZ
fitsne,10000,7282,25.035508000367837,-34.387876674887195,5.0,B08F6GPRH6
fitsne,10000,7283,25.036873797725015,-34.39934497178754,5.0,B0BM2YG2K7
fitsne,10000,7284,25.043203951500157,-34.3907394432031,5.0,B0BWD4WGJB
fitsne,10000,7285,38.19083449670948,-2.7932809143078363,5.0,B09W2JVHDP
fitsne,10000,7286,30.373251711918893,11.40104971926196,5.0,B08J4FYNBD
fitsne,10000,7287,33.67431428686219,18.733941601621243,5.0,B0732QMQTC
fitsne,10000,7288,-39.25246746135331,10.617455869948865,5.0,B07PHY8JLL
fitsne,10000,7289,39.664754356051255,17.28959094575123,5.0,B009ZRN3JE
fitsne,10000,7290,13.501946828439209,46.53163252153906,5.0,B0BYSKLWHY
fitsne,10000,7291,25.456754385706546,-30.141637321406186,5.0,B08YGV62S4
fitsne,10000,7292,33.91018574597227,18.72155422080716,5.0,B095WZ38KC
fitsne,10000,7293,2.6310632718286193,-21.27973338009868,5.0,B08YGKCHNF
fitsne,10000,7294,-29.47568175117999,16.418631733895655,5.0,B000NG67E4
fitsne,10000,7295,-3.8524596561521953,-33.0793756105788,5.0,B07MLY3JKV
fitsne,10000,7296,13.23827629654306,46.460807198603035,5.0,B089W47DTX
fitsne,10000,7297,14.02625026348037,48.18462893305117,5.0,B0B6H961H2
fitsne,10000,7298,39.659710935132686,17.20109241023439,5.0,B07L175T1W
fitsne,10000,7299,38.925995636745405,23.22426119473416,5.0,B07DBYS7DG
fitsne,10000,7300,-26.216004811558346,-22.92327741230658,5.0,B075JZNHTD
fitsne,10000,7301,24.91096062080661,-29.21481470804879,5.0,B013JMBAMC
fitsne,10000,7302,23.73379876519897,46.639331129312296,3.0,B01KJI4ZC6
fitsne,10000,7303,24.801862687564505,44.655425787454874,3.0,B01M4JIZ24
fitsne,10000,7304,22.863446604627626,47.23639164501921,3.0,B01ABDJFPG
fitsne,10000,7305,23.02988584966245,46.412505460243935,4.0,B07WNJQFP9
fitsne,10000,7306,18.29460045716418,40.787982002040735,5.0,B016PTIG0U
fitsne,10000,7307,30.5196573312519,33.53497222433097,5.0,B01HFZNM9I
fitsne,10000,7308,31.720447071056036,40.66054185961168,5.0,B00FF31LF0
fitsne,10000,7309,-4.553319577187709,-43.37730857801422,5.0,B0BJ1SRSGL
fitsne,10000,7310,-20.978016111443715,-34.6179336112091,5.0,B00XHT9HBY
fitsne,10000,7311,4.9712495548523306,-22.7998256586653,5.0,B086VR2KY8
fitsne,10000,7312,-3.1548544314150297,-63.0909686866698,5.0,B0721MP41Q
fitsne,10000,7313,36.3786551578328,-13.449689230879644,5.0,B0C4LF3H7D
fitsne,10000,7314,4.385554731905185,-61.44696034308417,5.0,B00IA2D1GK
fitsne,10000,7315,9.222996426711788,-22.550352385629285,5.0,B06XN5L3BS
fitsne,10000,7316,21.037132212404742,-4.628111906630178,5.0,B089W47DTX
fitsne,10000,7317,24.211860514077546,28.415589178608236,5.0,B077XGL4PG
fitsne,10000,7318,-27.57798458875742,-52.446761072121966,2.0,B00M9DBBK4
fitsne,10000,7319,29.629511272115796,26.200412577293704,5.0,B08RDSZ3MQ
fitsne,10000,7320,-26.898128688453895,-4.769026913663312,5.0,B07WX7ZF31
fitsne,10000,7321,-3.5566980055490545,-34.3780014757834,5.0,B00BPYUC4E
fitsne,10000,7322,-1.0682426243728433,-7.53558840998881,5.0,B079B4ZWJ4
fitsne,10000,7323,26.579067328925664,51.97355529872685,5.0,B098954DRG
fitsne,10000,7324,43.17476927453082,-42.958184485403784,1.0,B07S512NHP
fitsne,10000,7325,-6.996791352885316,-0.1904633672785519,5.0,B07KT13216
fitsne,10000,7326,22.060469882449077,-50.68265380720794,5.0,B08R1P33XC
fitsne,10000,7327,64.28500501237262,-39.87946220629194,5.0,B07VP3TVLH
fitsne,10000,7328,40.975509480505444,-9.254303716026582,5.0,B0896ZWXW5
fitsne,10000,7329,22.303893594990413,-42.45088456976274,1.0,B001NDIZA0
fitsne,10000,7330,-12.298469646280523,56.56849357457112,5.0,B01N5G5PG2
fitsne,10000,7331,-42.55676573541574,20.462416596117087,1.0,B01MS1UZAZ
fitsne,10000,7332,-20.341510846935012,-12.909972068012046,5.0,B00FL3N6O8
fitsne,10000,7333,7.3643913723632455,0.3275489780927419,5.0,B09S1GVFJQ
fitsne,10000,7334,28.666131490925604,-24.339536135526096,5.0,B07L9TMP4P
fitsne,10000,7335,-18.039055312078023,-63.92938684430348,3.0,B0011Z9PM2
fitsne,10000,7336,60.81516288542889,17.91943006466431,1.0,B07BKRHYRH
fitsne,10000,7337,32.36036912785313,39.950499153905305,5.0,B07C3VFJ7P
fitsne,10000,7338,-18.650078560009373,21.466859385108258,2.0,B07K53QZTC
fitsne,10000,7339,-5.6988471265753535,-8.183935856932855,1.0,B07G5ZG3Q4
fitsne,10000,7340,-11.487766964005898,36.83587816692509,5.0,B07D7TQ5VR
fitsne,10000,7341,-32.96640216403116,50.54806006452504,5.0,B0B797SJXQ
fitsne,10000,7342,-44.420439637481586,52.15921593873156,4.0,B0B1DLFXPD
fitsne,10000,7343,-37.24901054883463,54.269225590149624,5.0,B0C58MBSHD
fitsne,10000,7344,28.139435527082433,41.465698639379056,5.0,B09RRY31RK
fitsne,10000,7345,-2.018748230229352,55.755762168040675,5.0,B08XZ8B4HD
fitsne,10000,7346,-30.635965773224243,44.561324485467644,5.0,B0BS2ZMHCL
fitsne,10000,7347,-32.19391462801885,30.27386642652109,5.0,B087D8YFCD
fitsne,10000,7348,-39.24834477994199,55.42082542149455,5.0,B07ZJHTX3G
fitsne,10000,7349,-39.399393690116696,55.4505160270901,3.0,B098VHF5X1
fitsne,10000,7350,-30.437919529931523,44.397680084785485,5.0,B09HTM917T
fitsne,10000,7351,-14.272982963406594,34.36191022584227,5.0,B06XJ7RGWC
fitsne,10000,7352,-12.027691289872344,36.43483416075017,5.0,B08V4PZMW6
fitsne,10000,7353,-13.434164270645528,35.38207030873156,5.0,B0925TWV1C
fitsne,10000,7354,-24.953834585987718,0.6619348321607869,3.0,B09M3BZYVP
fitsne,10000,7355,16.031697856839536,13.128578211338993,5.0,B082L6KJ2J
fitsne,10000,7356,-11.862774187668757,36.43969768663399,5.0,B074K9ZFG2
fitsne,10000,7357,-26.378973469426256,43.09191077226437,5.0,B006J70YRM
fitsne,10000,7358,-14.534466207220763,33.89770353504518,5.0,B08PFQ1L9F
fitsne,10000,7359,-55.37990803681913,9.61929047845671,5.0,B07RW343WG
fitsne,10000,7360,17.37202948773332,20.79500325790526,5.0,B07DPKZTTV
fitsne,10000,7361,-30.270107976490074,44.48328522014746,5.0,B0C7H1XD7V
fitsne,10000,7362,-56.372126961778356,-0.6544277002866129,5.0,B0C88VJZJS
fitsne,10000,7363,-34.02700139051737,49.99820241584619,5.0,B0BJ239KS1
fitsne,10000,7364,-11.845551731860626,36.546175082444584,5.0,B08SRGK4HK
fitsne,10000,7365,-25.30488277446372,33.82934914578951,5.0,B076DD5JNS
fitsne,10000,7366,-40.31559964225373,-38.652090779613076,5.0,B07C7BTSYN
fitsne,10000,7367,-11.838777968736233,36.57655047082226,5.0,B00O8RYVRO
fitsne,10000,7368,-0.8205775824299111,39.02914363074769,5.0,B01GUIEFJC
fitsne,10000,7369,4.973611515403891,10.22904184336948,4.0,B019PYKUM4
fitsne,10000,7370,-48.69624033179953,-20.794450119850172,5.0,B01N75TWSA
fitsne,10000,7371,-19.195690678868147,-25.68468490694806,4.0,B0BSBG645B
fitsne,10000,7372,0.7641397989422263,38.54620629444398,5.0,B0BMD4XHQB
fitsne,10000,7373,49.920708362231515,36.459160353549045,5.0,B00EN9Q35A
fitsne,10000,7374,7.304988232298498,47.21379868788924,4.0,B085LQ2WWG
fitsne,10000,7375,-25.34701800556599,33.7969972468632,5.0,B07H6LYZSD
fitsne,10000,7376,16.485810821387528,44.0992618744263,5.0,B077TWB9GP
fitsne,10000,7377,-11.72637220042087,35.89640125101061,3.0,B00GMCLLYE
fitsne,10000,7378,-33.47312911360247,19.269467637682194,5.0,B071X9DRSB
fitsne,10000,7379,39.92838511410259,23.55623822823142,5.0,B088NGT57C
fitsne,10000,7380,-8.970195556169042,-25.815978676422382,3.0,B076751BN8
fitsne,10000,7381,3.039341043843754,7.557339837522256,4.0,B07JJFR251
fitsne,10000,7382,-13.208417194021873,72.90738000700092,5.0,B07BC2PNVL
fitsne,10000,7383,-29.845734612405206,39.32671802232519,1.0,B015W7XLF6
fitsne,10000,7384,-49.58347286856909,26.132460088592104,5.0,B071CQ134W
fitsne,10000,7385,-46.20161192070974,-1.9109979269040038,5.0,B0B1YBHS7T
fitsne,10000,7386,-23.580802661164906,-13.84970328772701,5.0,B00J7KM5X4
fitsne,10000,7387,8.176618119681162,-41.43263872887922,5.0,B071D7G6VC
fitsne,10000,7388,11.492974885745934,11.19995409980471,5.0,B071PFK1L9
fitsne,10000,7389,-49.36700310566675,26.20954749987458,4.0,B099MTCTVV
fitsne,10000,7390,36.35395155740866,-5.552053410119012,5.0,B01HJ3JYMU
fitsne,10000,7391,-26.203196267412498,42.81919415633436,5.0,B071R715MZ
fitsne,10000,7392,1.496842840512508,-62.14664218646917,5.0,B06XSJHGDM
fitsne,10000,7393,-50.46580542203595,-12.054638980535007,5.0,B01N58WYS7
fitsne,10000,7394,-38.97180477024651,51.3124044141466,5.0,B01CL4D2FM
fitsne,10000,7395,-37.254931613349825,53.81248696391029,5.0,B089PMMT1X
fitsne,10000,7396,-22.722016924612124,20.43185665808407,5.0,B00L7AWOEC
fitsne,10000,7397,1.1163446362746374,37.04746081038054,5.0,B09LJ92JQM
fitsne,10000,7398,12.887769450521889,17.529218427939846,5.0,B00UOIK3FU
fitsne,10000,7399,-28.013511533439754,-30.944291256072272,3.0,B00GINCLI2
fitsne,10000,7400,-9.55452013176686,44.25530249029282,4.0,B00RVGXZBM
fitsne,10000,7401,-16.932275437488315,-60.763247807570856,5.0,B00F3KBE8O
fitsne,10000,7402,-38.13858155107143,-16.06124145366157,5.0,B07BL3J6KL
fitsne,10000,7403,-35.457653543998426,-6.711147447265394,2.0,B016M81ZLG
fitsne,10000,7404,5.373573253487183,9.37633214856861,5.0,B00P8WKF8M
fitsne,10000,7405,24.71412669665063,44.66696188266524,5.0,B00LEF25QW
fitsne,10000,7406,13.941144361336217,23.117841523833047,5.0,B003Q5GI2U
fitsne,10000,7407,-31.405920076365184,55.5302977866392,5.0,B01CL4CUI2
fitsne,10000,7408,-20.706788192050404,47.5793801765294,5.0,B01C5JZ3QY
fitsne,10000,7409,-40.17941874220249,-38.33788311088199,5.0,B00I59XQKO
fitsne,10000,7410,45.20822881119836,-39.947607306749546,1.0,B00R5QB2OK
fitsne,10000,7411,18.010243838302767,54.384031388985086,5.0,B008NMCPTQ
fitsne,10000,7412,-11.586075460155277,51.97439874414148,5.0,B01MPXZG3U
fitsne,10000,7413,48.498656382211934,-18.431933427166914,5.0,B009SGLIHQ
fitsne,10000,7414,-6.546418781683304,23.760909313833515,5.0,B07TQS63V7
fitsne,10000,7415,-39.76212734132,-37.421869286606054,5.0,B001R57OOM
fitsne,10000,7416,-0.03425635281023181,-54.94328129947615,5.0,B07YR475PS
fitsne,10000,7417,-12.88335430508082,-28.971316557551386,5.0,B07KGVB6D6
fitsne,10000,7418,1.6875421408670688,-1.6692686148047489,5.0,B07KF6WSL8
fitsne,10000,7419,22.062189176977903,52.69186688798588,5.0,B08JLSP8K2
fitsne,10000,7420,-47.61050572487694,1.7326692700637274,5.0,B08WHB73DK
fitsne,10000,7421,27.666197803448593,48.3223773742578,5.0,B08HGHSZ8N
fitsne,10000,7422,17.13728094479904,24.89819886914872,5.0,B008FPTID2
fitsne,10000,7423,13.848633079268204,-17.08684225198578,5.0,B07HZLHPKP
fitsne,10000,7424,-2.279671346330858,24.745576874426376,5.0,B01N25JC8H
fitsne,10000,7425,38.64246221550839,7.322973385411454,5.0,B07R7PRDDT
fitsne,10000,7426,17.788772838661412,38.9947969587025,5.0,B09FS1WBKL
fitsne,10000,7427,0.39520597104210375,-35.08983394335025,5.0,B099P2JF9Y
fitsne,10000,7428,5.386377055971804,-26.957122067789204,2.0,B082CCCQHH
fitsne,10000,7429,-16.940031143410916,-3.6252629255271867,5.0,B08594S5LY
fitsne,10000,7430,30.385253895100266,41.75334580297371,5.0,B01F6KUKNU
fitsne,10000,7431,25.51552782886646,-17.901082782600195,5.0,B0083J9330
fitsne,10000,7432,-16.864791812429065,-3.7182437467805314,4.0,B01JA8KS2W
fitsne,10000,7433,10.772342942920067,47.974620959925026,2.0,B004EBG4J2
fitsne,10000,7434,-34.8385107805774,52.61985472006651,5.0,B009KMV96S
fitsne,10000,7435,-36.17275252791426,41.46675757267429,2.0,B002V3QE40
fitsne,10000,7436,41.38572767358064,-20.81278869431627,5.0,B00IVPU786
fitsne,10000,7437,51.96232543491602,39.92461803924749,5.0,B00FB50SBU
fitsne,10000,7438,-25.390265240995742,42.217492188112054,5.0,B00CE8DUYY
fitsne,10000,7439,14.424082466478376,-24.292700889486085,1.0,B00D695IF4
fitsne,10000,7440,25.217649680840225,-18.230854187991977,5.0,B008I639UQ
fitsne,10000,7441,-61.9513684027884,-16.874878908589547,5.0,B01CA6DXKK
fitsne,10000,7442,27.673611924076436,-13.629913188471521,5.0,B00DGJSDQ0
fitsne,10000,7443,23.992248791360336,39.88723047364202,5.0,B0CDLVKXF7
fitsne,10000,7444,-11.645896530333795,26.81724869950287,5.0,B004YD3OUC
fitsne,10000,7445,43.26656740637468,1.8385026794672854,5.0,B0BPWG9DBX
fitsne,10000,7446,-3.9728815628783156,-27.469577993819545,5.0,B00499DUAK
fitsne,10000,7447,-37.18824796493634,52.52708641200405,5.0,B0014D6FBU
fitsne,10000,7448,23.745165239895115,-23.538874349390245,5.0,B002782LTG
fitsne,10000,7449,9.498158308769902,42.57343521232458,5.0,B07W42V3CY
fitsne,10000,7450,0.8348335993740207,-51.96436298135087,5.0,B0CBPK3RRC
fitsne,10000,7451,15.361872943290114,-12.584834800566535,5.0,B0BWD4WGJB
fitsne,10000,7452,14.201381041688238,-4.772078133214361,5.0,B07X4FM76R
fitsne,10000,7453,-8.949212034977638,-33.67395164785029,4.0,B078C6FSN4
fitsne,10000,7454,56.68641472201504,-34.75612840197256,5.0,B08XPWDSWW
fitsne,10000,7455,55.87569722989815,-44.31746596907573,5.0,B0B8JH3CF9
fitsne,10000,7456,7.819010149694485,-8.79495141190358,5.0,B00QQH66AO
fitsne,10000,7457,26.405447254498746,10.996225317598054,3.0,B06XXLVKGF
fitsne,10000,7458,-18.357684671477692,66.13067026812077,5.0,B003ZWN7DW
fitsne,10000,7459,49.212074492099795,-40.2545583652082,5.0,B0791TX5P5
fitsne,10000,7460,-43.36792985496218,18.67874730126597,5.0,B07V3JYVQH
fitsne,10000,7461,8.152608384454997,45.294999913595085,5.0,B010MGIWR4
fitsne,10000,7462,-19.42191639139335,72.41897947637639,5.0,B001F42MKG
fitsne,10000,7463,40.81612552672778,25.122456355057412,5.0,B00LF1YNHO
fitsne,10000,7464,17.941808498526665,-22.444097038852913,1.0,B004BHDZIW
fitsne,10000,7465,-2.588836112842135,-69.9408274214785,3.0,B00UWV8JLY
fitsne,10000,7466,34.902195057642956,15.57831521810355,4.0,B0BX65VLJ9
fitsne,10000,7467,5.895740404824234,8.886897330288459,5.0,B071114DHH
fitsne,10000,7468,47.17131889756758,-16.49817231360149,5.0,B07W42V3CY
fitsne,10000,7469,46.69410916445296,-17.06459886601523,4.0,B0C23DXZJ1
fitsne,10000,7470,32.45712051932941,41.78022271672455,5.0,B01M5GZ9HH
fitsne,10000,7471,46.771659996587424,-16.4524691098114,5.0,B00FC2KPEC
fitsne,10000,7472,4.612222282909081,-29.517595799052923,5.0,B0031TRZX2
fitsne,10000,7473,-41.195811967103346,-18.278697826746175,5.0,B0CCSMFH13
fitsne,10000,7474,-57.57507795629132,40.27406593945355,1.0,B002OJVANQ
fitsne,10000,7475,64.41425254283955,17.844751085840166,5.0,B0095PZHPE
fitsne,10000,7476,24.769556830867135,-50.72627001896255,5.0,B01CIJGV4E
fitsne,10000,7477,25.39191891775625,-50.228783824998644,5.0,B0187AEJTM
fitsne,10000,7478,57.5594849598558,-12.900807878482002,5.0,B0185ROQ2C
fitsne,10000,7479,24.584251267686547,-50.197916879168645,5.0,B017EADYHE
fitsne,10000,7480,-28.326865329661565,-12.449124701471113,5.0,B004OF9XGO
fitsne,10000,7481,-38.786715031237854,23.099576079499116,5.0,B074T33YV1
fitsne,10000,7482,11.303780200717004,-7.7904066295120495,4.0,B079K962M6
fitsne,10000,7483,43.98205952190076,-3.8675719126508583,5.0,B074GZPTRF
fitsne,10000,7484,-61.2839383476114,-20.37561974464039,5.0,B01NAFVWBJ
fitsne,10000,7485,24.240698947324738,52.58565939114445,3.0,B00D5YTO5K
fitsne,10000,7486,-62.60141111061274,13.348781307845067,5.0,B076P3K79R
fitsne,10000,7487,-58.95012256760377,37.86358079707294,1.0,B0778NFJD5
fitsne,10000,7488,0.9582375181368964,51.21810918490585,3.0,B0168YIWSI
fitsne,10000,7489,19.37454942614913,2.9932938656130004,5.0,B001BLI3HE
fitsne,10000,7490,-7.405559287135161,-45.42309842097925,4.0,B07BJ2F1Y8
fitsne,10000,7491,-7.240232346862376,-32.93454490815697,1.0,B01LXJFMGF
fitsne,10000,7492,26.25169253536888,30.547121531414955,3.0,B00DCC300U
fitsne,10000,7493,33.90424629754742,-23.000604983605097,1.0,B0BRLZFYTJ
fitsne,10000,7494,-15.281927323478815,14.688979669632976,2.0,B07DQF8LHL
fitsne,10000,7495,-12.704946802626283,-22.290336236081775,4.0,B075KZTN4J
fitsne,10000,7496,-10.8854121658214,-23.04860828153894,1.0,B07456BG8N
fitsne,10000,7497,15.7095001712123,-28.11160376579154,2.0,B09GYHBBZB
fitsne,10000,7498,60.578537841786925,-33.37457971851128,5.0,B092VLXWQ7
fitsne,10000,7499,-2.919300430413398,-73.29462200165716,4.0,B0BQTKWPTV
fitsne,10000,7500,60.88645495986858,-32.781776716588745,5.0,B08V8FFS3S
fitsne,10000,7501,45.16700940650789,35.81793225963428,5.0,B07F1TKR5W
fitsne,10000,7502,36.068924476687236,-37.3266897256155,5.0,B07F2PMFBB
fitsne,10000,7503,-25.548141672485798,23.352440313605072,3.0,B09MH42ZP1
fitsne,10000,7504,-38.715057019832614,-5.468265382419405,1.0,B09TF5TPL5
fitsne,10000,7505,21.794504415399352,-17.89320265798761,5.0,B008I636D6
fitsne,10000,7506,-20.85916473300103,66.93661481254829,3.0,B01B1QBK78
fitsne,10000,7507,-26.20537129646504,45.25409358521183,4.0,B08KZ1TZYB
fitsne,10000,7508,21.775978868741483,-17.883388620150342,5.0,B0083J7OUO
fitsne,10000,7509,18.69425578344532,59.51876868292701,5.0,B00FVU5VJE
fitsne,10000,7510,-7.7125365794033005,-13.538357600532024,5.0,B007ZG5GT2
fitsne,10000,7511,-46.228551622789574,8.455493123697105,5.0,B00KT3OM3O
fitsne,10000,7512,-26.090509126611906,6.812873063481251,5.0,B00GDPP0TC
fitsne,10000,7513,65.04397279353599,16.26441502774542,5.0,B08C5GK7NK
fitsne,10000,7514,20.167303416280262,7.164009747467499,5.0,B01D3BDXQA
fitsne,10000,7515,10.650284319025593,62.9264423410993,5.0,B007HCCNJU
fitsne,10000,7516,-14.956371296650172,29.02407707232893,3.0,B005GLFSYQ
fitsne,10000,7517,25.161499393596067,-50.513346683933264,5.0,B07GZFM1ZM
fitsne,10000,7518,-5.35688060500868,-31.065209978618476,5.0,B07H65KP63
fitsne,10000,7519,27.773287373646777,-41.98022037836413,5.0,B07MDB9WZM
fitsne,10000,7520,-40.04364923403077,6.900317552989232,5.0,B00IXL3P1O
fitsne,10000,7521,17.629097037411743,-10.83575020924074,5.0,B075JZNHTD
fitsne,10000,7522,-16.573494693152337,-23.56992555879007,5.0,B01M3ULMWP
fitsne,10000,7523,23.705060526547804,-53.16229118618372,5.0,B073VMG4FN
fitsne,10000,7524,64.5555031874144,-23.327711996037866,5.0,B075JB46XP
fitsne,10000,7525,-11.197947605693995,19.366197770050107,5.0,B004F9LF7E
fitsne,10000,7526,8.32344544197803,42.714484559159644,1.0,B0895N1RS2
fitsne,10000,7527,-8.111369350894224,22.235802871223353,5.0,B077VCJ8DZ
fitsne,10000,7528,-11.181181349064993,19.646635122744087,5.0,B07MPXBZSQ
fitsne,10000,7529,14.601980769654155,-14.17252504509689,4.0,B00U0OJMYG
fitsne,10000,7530,20.226075269396244,5.966626979746462,5.0,B002T8KWJA
fitsne,10000,7531,-61.99669595556898,-18.169243524476485,5.0,B00TQD235C
fitsne,10000,7532,18.271528789623865,44.32471687751566,5.0,B00RQWBBEY
fitsne,10000,7533,28.794493595098395,-24.61962170979442,5.0,B00U84SJRO
fitsne,10000,7534,-10.28144738405561,9.239099183613783,5.0,B0C7QWBN8V
fitsne,10000,7535,-18.192950430173603,16.077285435061704,5.0,B0BW543RH8
fitsne,10000,7536,-3.8103022372516864,-3.5550715869823284,5.0,B07VV3C19F
fitsne,10000,7537,26.39038785366401,-40.46960260655977,5.0,B09TXLMZSM
fitsne,10000,7538,-12.918186804475157,23.909935763068408,5.0,B0BX2NBL7M
fitsne,10000,7539,34.22144333157575,-16.76335290215218,5.0,B09XDKT989
fitsne,10000,7540,-62.62320105580681,17.49063821384161,5.0,B083LLM6QJ
fitsne,10000,7541,26.429312981231114,49.58989490261332,5.0,B01GDM45H2
fitsne,10000,7542,-0.8026184163113725,29.99942063785721,5.0,B0BK7SPR22
fitsne,10000,7543,59.56688979472794,22.259754037503814,3.0,B0BJZNZQY7
fitsne,10000,7544,19.49591835084382,48.828977810612606,5.0,B07XCGYYVF
fitsne,10000,7545,-10.274030056142315,-61.4693693803328,5.0,B074F3YW3R
fitsne,10000,7546,-16.550586646581174,26.410179939288017,3.0,B00P82C5F8
fitsne,10000,7547,-28.81315253258764,6.392747882458027,5.0,B004T8ZIV0
fitsne,10000,7548,-20.022522382034754,-64.9957194286184,5.0,B005RUP5UI
fitsne,10000,7549,27.448131835172735,-32.48249632164349,3.0,B00A157JK8
fitsne,10000,7550,12.653891892945722,51.55868014802837,5.0,B07BLKHQK6
fitsne,10000,7551,11.082227662561337,-39.930279158099204,5.0,B09554QF7L
fitsne,10000,7552,19.757427759887285,38.01500978959299,1.0,B01K6MPHV8
fitsne,10000,7553,-10.594465713626233,-21.983124495354495,1.0,B01K8B8YA8
fitsne,10000,7554,41.837649995165116,19.41106636058996,5.0,B016UM2IFG
fitsne,10000,7555,0.7583503441099403,-15.233099378917712,5.0,B00CX5P8FC
fitsne,10000,7556,-7.2677050955737865,-41.307491188637776,5.0,B00KGMYWAQ
fitsne,10000,7557,-2.7801027418652007,-12.094318247860643,5.0,B00E0J0EL2
fitsne,10000,7558,18.249634116000582,-2.52054550821649,1.0,B002C03AIA
fitsne,10000,7559,-61.98907877376629,20.351116102969183,5.0,B0BB6TYK7V
fitsne,10000,7560,60.44085876070722,-11.420531413921916,5.0,B0C72D4J46
fitsne,10000,7561,33.11095590276532,18.63257113857666,5.0,B09W42HJKL
fitsne,10000,7562,21.237648338092974,62.374463221480816,5.0,B091F4312G
fitsne,10000,7563,4.336514388771341,56.16206057473033,5.0,B08YFJYD5Z
fitsne,10000,7564,8.711588141435096,59.75511914041931,4.0,B07J2FGZSM
fitsne,10000,7565,-33.59215187221286,10.401680665568923,5.0,B006GWO5WK
fitsne,10000,7566,5.823174982487291,59.73651552599472,5.0,B0051VVOB2
fitsne,10000,7567,-0.5524091049222483,12.181103552187217,5.0,B003DZ168E
fitsne,10000,7568,-2.082092020021304,25.828632516404404,5.0,B00GQKOI88
fitsne,10000,7569,-2.0749745576251626,25.81578036233015,5.0,B00O4OR4GQ
fitsne,10000,7570,46.34948642999669,-2.756672495062912,5.0,B00R1ZEBUW
fitsne,10000,7571,-38.54765871375162,0.5406499373308435,5.0,B01FD6D59I
fitsne,10000,7572,21.331765660760276,13.259128664141349,5.0,B01FD6D0I4
fitsne,10000,7573,32.57417795354284,0.5488980323975258,5.0,B01DU9UMM8
fitsne,10000,7574,-4.701568667834729,26.62955637758415,5.0,B014TUZ92U
fitsne,10000,7575,-4.5764149213267995,26.914497549475108,5.0,B01BH1QCES
fitsne,10000,7576,41.24044736522835,-22.670332926471637,5.0,B07FW2G81C
fitsne,10000,7577,-38.05239201934456,14.173873421148667,5.0,B00U84SJRO
fitsne,10000,7578,50.1609391042378,-51.447365726003774,5.0,B00IF70SDO
fitsne,10000,7579,50.16053947484335,-51.455177171932256,5.0,B0819PCPBV
fitsne,10000,7580,20.010522439310098,7.270956700867231,5.0,B07D21M6ZF
fitsne,10000,7581,27.05137403810961,30.968629140447035,1.0,B071J9GQP8
fitsne,10000,7582,2.11545578318472,54.60778035311145,5.0,B00LWHU9D8
fitsne,10000,7583,8.581174174502005,-17.377586720862805,5.0,B0BG9VDGBT
fitsne,10000,7584,22.857179060935394,-2.1416323344113204,1.0,B01LVUUSK0
fitsne,10000,7585,-42.48737230467801,-28.64375203728976,1.0,B0BWL9DSW2
fitsne,10000,7586,-2.41458941070724,8.428335094267505,5.0,B07PGL2N7J
fitsne,10000,7587,18.845117711509197,-23.29001939612891,1.0,B07C9Y72T1
fitsne,10000,7588,32.81623691446306,-21.446860335110173,3.0,B00KX6EJ9Y
fitsne,10000,7589,5.991111236298655,10.491201833166032,5.0,B00F19Q7YI
fitsne,10000,7590,-44.13587512180119,-6.821443555904675,2.0,B0BN74ZJDK
fitsne,10000,7591,30.45446441710214,-33.11787904985902,5.0,B077VVNYLY
fitsne,10000,7592,32.873758677800815,-13.09334515345379,5.0,B00006IS4X
fitsne,10000,7593,42.9621024399837,-40.690148098783325,4.0,B01ISM267G
fitsne,10000,7594,-25.673806420622114,7.147690419452864,5.0,B00LTMUYHM
fitsne,10000,7595,-34.54476198556185,-2.0928359978237694,1.0,B017EVJG48
fitsne,10000,7596,32.47790435997672,-13.724823021324722,5.0,B01I2MXME8
fitsne,10000,7597,34.79351395019918,14.667476703457302,5.0,B01580BPU0
fitsne,10000,7598,-34.71951612946291,-1.0414872180339259,5.0,B00KVCBU1K
fitsne,10000,7599,33.81793942267162,-16.423693539286905,5.0,B01LZ4D2T5
fitsne,10000,7600,-23.787759056873686,69.13072920254302,1.0,B00MN284T2
fitsne,10000,7601,-40.92495258972161,-30.310748978416644,5.0,B07CBSSNXG
fitsne,10000,7602,4.802883510407975,4.266148310087288,3.0,B00JZSB7NW
fitsne,10000,7603,-19.534580559680293,-55.50226881037651,5.0,B00HX0RTKO
fitsne,10000,7604,-43.14830611753316,11.294995072528446,5.0,B00FA4Y66U
fitsne,10000,7605,-35.21486815230759,7.2670085537611495,3.0,B016V8XF74
fitsne,10000,7606,-27.05775377532679,6.951722953235649,3.0,B0056B58AU
fitsne,10000,7607,13.483924742047458,47.112637090739256,5.0,B00DS4G2AW
fitsne,10000,7608,51.3356776901327,-35.044859691304666,5.0,B07RCBWTGR
fitsne,10000,7609,2.0213119086818803,54.761977180510236,5.0,B00ET0H9R4
fitsne,10000,7610,-7.080421594201151,-14.634541028090831,5.0,B091BD9T1Z
fitsne,10000,7611,2.6953160346597325,-8.838580724895193,4.0,B0B4JQY8JY
fitsne,10000,7612,-20.28251260458652,-15.838527070396612,5.0,B0971XBV8M
fitsne,10000,7613,12.307680384941337,3.7370431143155276,5.0,B08GLRVD95
fitsne,10000,7614,46.474198268655826,-2.6303425398042624,5.0,B071WNBH6S
fitsne,10000,7615,43.414837524249116,9.092959104400522,5.0,B08SJ7541V
fitsne,10000,7616,34.56056560329531,-14.958215325137282,5.0,B08Y8BGWSX
fitsne,10000,7617,-45.039229704137206,-1.4931364381366399,5.0,B09RZFJT88
fitsne,10000,7618,-36.88345276142962,0.6547528872901618,5.0,B073PT96NN
fitsne,10000,7619,20.497920572684436,-7.513818408288463,5.0,B083S6N88S
fitsne,10000,7620,8.768079638230546,46.69745673891631,5.0,B07SMVHYHJ
fitsne,10000,7621,7.466048509903575,-48.16392069158303,5.0,B073LZYQCR
fitsne,10000,7622,36.85346247725846,-31.39738713977106,2.0,B087D9VRGC
fitsne,10000,7623,-40.866397083186854,-31.206833682006074,5.0,B00RFLXE0A
fitsne,10000,7624,-17.599767689013863,-58.709718953280074,4.0,B072V3478X
fitsne,10000,7625,-33.76803207804713,51.887220292737375,5.0,B00INKHXY0
fitsne,10000,7626,8.248662069753875,23.85306302346299,4.0,B00INO6JX2
fitsne,10000,7627,58.37466146910251,-11.309825879960517,5.0,B07VXCFZN1
fitsne,10000,7628,16.59258916904646,42.705610233853776,5.0,B0054WF6JY
fitsne,10000,7629,-8.290292717207054,-43.30633057742985,5.0,B07FLH7VLQ
fitsne,10000,7630,-21.959248767894632,-27.002516961413832,1.0,B07324B77V
fitsne,10000,7631,24.64275548870562,-46.06627588489675,5.0,B01B3QMITU
fitsne,10000,7632,-10.396951739608083,8.171447697681991,5.0,B083Y4S579
fitsne,10000,7633,3.6185205574037775,-24.8906616235651,5.0,B09R4C84NX
fitsne,10000,7634,37.76295610121145,-22.922866059745743,5.0,B000RUJFOU
fitsne,10000,7635,-62.76176907604967,-19.823678903916495,1.0,B0087NZ31S
fitsne,10000,7636,-29.975364280542674,-17.992346789775933,5.0,B001413DWQ
fitsne,10000,7637,58.78103980811257,-50.61001208045154,4.0,B0052SCU8U
fitsne,10000,7638,58.80709588649329,-50.36616668012233,4.0,B083TH1B45
fitsne,10000,7639,59.57247748254433,-38.62718711435509,5.0,B0089NF5VE
fitsne,10000,7640,59.56888803211788,-38.6632693149308,5.0,B00007M1TZ
fitsne,10000,7641,58.86176171530438,-50.384671895298375,4.0,B0015ADLOQ
fitsne,10000,7642,58.76439959399841,-50.61441006712681,4.0,B0001Y6J14
fitsne,10000,7643,59.88268897531328,-38.24267507351337,5.0,B00IF0JAYE
fitsne,10000,7644,-34.07626074098534,23.888042846342668,5.0,B0027C8M8G
fitsne,10000,7645,45.4132809483476,-16.463633616621504,5.0,B0053KRQRM
fitsne,10000,7646,44.825458212591904,-16.218802428191452,5.0,B0CDLVKXF7
fitsne,10000,7647,45.36418982526395,-16.396846186193645,5.0,B003LZ6F8M
fitsne,10000,7648,5.577596219100768,-13.488910241503506,5.0,B07FPP6TB5
fitsne,10000,7649,38.29554266139186,-21.77155937105309,5.0,B0C6D2TBZ7
fitsne,10000,7650,32.193031899428014,37.013088653138325,5.0,B06XS8W36K
fitsne,10000,7651,-9.789912643261173,65.79546109141383,5.0,B08LXZPC1M
fitsne,10000,7652,-21.53787653089988,-12.940357874717174,5.0,B07LD9TTZY
fitsne,10000,7653,-32.914259025811255,-24.40505782115912,5.0,B075JZNHTD
fitsne,10000,7654,43.688604856973754,-42.89192091746676,5.0,B00IJH1W4O
fitsne,10000,7655,-19.695851500816133,65.12948299517295,5.0,B07FTKQ97Q
fitsne,10000,7656,-55.201588776045625,-12.308030501702317,5.0,B0876XG5ZM
fitsne,10000,7657,-56.02805820290815,-13.432800707018524,1.0,B00XHU3354
fitsne,10000,7658,-27.975272904325102,-30.348050436862053,5.0,B07VLBTSZP
fitsne,10000,7659,-36.06371217704116,-19.18114554627518,5.0,B07R5QJ6YS
fitsne,10000,7660,-50.79078022539728,12.151661349281483,1.0,B07X53M18Z
fitsne,10000,7661,46.08261386005948,39.76072673578151,5.0,B0BWNFGCYH
fitsne,10000,7662,-66.3769015764991,-17.71782674354564,1.0,B00Z0V2NQ8
fitsne,10000,7663,-9.572480438678786,24.268869925047458,4.0,B006P88VSE
fitsne,10000,7664,-10.075265505237445,25.02240662236405,5.0,B000EVNWVO
fitsne,10000,7665,4.968367277674707,5.2321338999036655,4.0,B000CSQRYS
fitsne,10000,7666,-51.376630009676475,6.058292044423456,5.0,B09RZDNN93
fitsne,10000,7667,-50.74509816952156,7.997345237640845,2.0,B09YTSXGQF
fitsne,10000,7668,-38.90308495566508,19.029432865965028,5.0,B097H72K1T
fitsne,10000,7669,-57.111071918993325,37.639046096916,5.0,B07CG57KJM
fitsne,10000,7670,14.396569368934282,45.96129300500053,5.0,B07DZXVFTK
fitsne,10000,7671,23.176592977963388,-27.13754994723657,5.0,B08MC6ZD53
fitsne,10000,7672,59.591682945314695,-13.574389197138137,5.0,B07VRB6X4Y
fitsne,10000,7673,-20.05505001685943,68.13065228537849,5.0,B002DPUUL4
fitsne,10000,7674,54.94036006694543,-31.09427367360989,5.0,B07RYNFR2B
fitsne,10000,7675,34.88540939118875,4.236410589884406,5.0,B07PNT3VKK
fitsne,10000,7676,0.3747345158417218,-38.37889975470708,5.0,B07S4KJV6W
fitsne,10000,7677,-22.502276116670647,68.0640107745004,5.0,B073W6ZC7B
fitsne,10000,7678,6.46482008121571,45.24549553250598,5.0,B004GINYGY
fitsne,10000,7679,46.17213997138866,-13.338877449486251,5.0,B004I1E1LG
fitsne,10000,7680,-35.088060031558115,7.457367240544279,1.0,B08K2S5B88
fitsne,10000,7681,4.700658190130631,-65.05733900302603,5.0,B07XJ1DHSS
fitsne,10000,7682,-59.57213416996079,22.059000225266022,5.0,B08Y8FSTMT
fitsne,10000,7683,-51.96215084267435,18.413502261176173,5.0,B0B3NCYQPT
fitsne,10000,7684,0.03255032168287281,40.96551391105921,5.0,B09Q3NR84W
fitsne,10000,7685,49.386723949480064,-10.515556084660918,5.0,B07HL5J1NF
fitsne,10000,7686,26.002360269079603,31.863556513190087,5.0,B07WBX3VFM
fitsne,10000,7687,-48.81848288445005,5.721287883142854,5.0,B09LLRD6N6
fitsne,10000,7688,-10.598677173190735,8.728196647861662,5.0,B079MRJHSD
fitsne,10000,7689,10.900303007003194,7.726624700938052,5.0,B01EKMLDNQ
fitsne,10000,7690,58.84178484347554,21.08694265790949,5.0,B075R5G8DS
fitsne,10000,7691,-9.589028875020977,-15.73871870005352,5.0,B01DFKBI6G
fitsne,10000,7692,-50.94383972451244,3.5907226200095392,5.0,B01D5NR70E
fitsne,10000,7693,33.74549786897464,41.351785183028795,4.0,B019I9X4YC
fitsne,10000,7694,-62.111070972914305,-17.997485939604665,5.0,B08V2MLHLN
fitsne,10000,7695,13.486634169878513,42.637291144884195,4.0,B01HBSGTQ2
fitsne,10000,7696,27.72929927936902,4.5124086992597405,5.0,B07LBRZ5TH
fitsne,10000,7697,6.999020458816493,-29.434985475140348,5.0,B00BWF5U0M
fitsne,10000,7698,-31.066472648801184,5.137284231642189,5.0,B0BCDMS3PH
fitsne,10000,7699,-15.364016319182598,-14.971299431092739,5.0,B00DQJTYGS
fitsne,10000,7700,40.13421950543085,19.168343031969865,5.0,B009X21N1G
fitsne,10000,7701,-30.976259075868608,-22.820717461222742,5.0,B00E0J0EL2
fitsne,10000,7702,-27.01232008796207,42.45688746623941,5.0,B008J0Z9TA
fitsne,10000,7703,-57.7820652274685,21.330338683646243,5.0,B07YFD37SF
fitsne,10000,7704,-27.49982777665747,44.021370183743876,5.0,B0046EDOWW
fitsne,10000,7705,-40.78654016321269,49.16693903000637,5.0,B005KQ0S8S
fitsne,10000,7706,-1.1196302257214357,-70.04488569400225,5.0,B007L87V60
fitsne,10000,7707,6.040423990735383,59.711778948355565,5.0,B0051VVOB2
fitsne,10000,7708,-19.019967307417364,-45.18631060940062,5.0,B005130BFA
fitsne,10000,7709,-8.471175113411757,27.938451285059614,5.0,B0033VKKB2
fitsne,10000,7710,-11.479553239780731,-47.415444347878065,5.0,B06Y3CYKQ2
fitsne,10000,7711,25.136537662701446,-31.892217050852956,5.0,B0B6TW92BS
fitsne,10000,7712,16.71058719391243,-4.176420911038204,5.0,B01K8B8YA8
fitsne,10000,7713,45.2840606575481,11.374603500069496,5.0,B09WDS7KLW
fitsne,10000,7714,-13.801087066925037,12.149656436043868,4.0,B07G61MFF6
fitsne,10000,7715,-14.682080654001282,-45.366477499834346,5.0,B0C6DWCB3D
fitsne,10000,7716,-18.212905420414575,-61.01103439881856,5.0,B01KIPDDU0
fitsne,10000,7717,26.746951189187506,-25.387655284617203,5.0,B0742KMWL8
fitsne,10000,7718,41.55118255780137,42.83211233578869,5.0,B00WHZVQFE
fitsne,10000,7719,28.062328121187594,6.487314736454692,5.0,B08XB923TK
fitsne,10000,7720,0.8920103712726978,3.9212220994208487,4.0,B0BN82YZQR
fitsne,10000,7721,-15.321581869365778,26.83789505690385,5.0,B0BF4WCZ8Q
fitsne,10000,7722,38.7885577736148,49.22279804329063,3.0,B07H4HXW14
fitsne,10000,7723,41.55030177630404,39.60261342720152,5.0,B0BD9HDHPJ
fitsne,10000,7724,-7.999991447479853,-40.58682816495772,5.0,B0BTCLFDHM
fitsne,10000,7725,20.233114791019204,-14.99825027296715,1.0,B09HRD9X5P
fitsne,10000,7726,28.097311818320534,-50.34756210363635,5.0,B0BMZS8QRZ
fitsne,10000,7727,17.659417521984142,-11.145829492279168,5.0,B011BRUOMO
fitsne,10000,7728,-0.8136918215909282,-24.4281056983959,5.0,B08F9ZCTCL
fitsne,10000,7729,25.44820050976754,-50.50005984645827,5.0,B083XHP2GN
fitsne,10000,7730,6.025640732607557,1.9926687849762337,5.0,B07P87SZMJ
fitsne,10000,7731,17.91590837446868,-44.12849064325487,5.0,B07R8WFTG5
fitsne,10000,7732,46.47632885147967,-15.879918660588345,5.0,B07BKZVWDM
fitsne,10000,7733,-22.86220978716631,70.83918335979824,5.0,B002NIGDX0
fitsne,10000,7734,-0.17013100286502117,11.709840610658615,3.0,B005Z2TG9Y
fitsne,10000,7735,12.835996586260372,60.38788240393705,4.0,B00U21WD4S
fitsne,10000,7736,-32.94028600638684,41.730521519248825,5.0,B086KSZWTW
fitsne,10000,7737,9.96887212275151,-22.543667341154904,5.0,B0015ADR1I
fitsne,10000,7738,65.01344511570552,-18.959109608566607,5.0,B08ZN9HT9W
fitsne,10000,7739,64.27606410890382,-21.509861801103302,5.0,B08ZN9HT9W
fitsne,10000,7740,65.00550786154888,-19.03912038679676,5.0,B08ZN9HT9W
fitsne,10000,7741,44.4814048481583,20.135978494975973,5.0,B0773YFM2N
fitsne,10000,7742,-5.274936346048772,-12.330664141056518,5.0,B016AQXG80
fitsne,10000,7743,-9.147448143545699,12.285740644651021,5.0,B01MTF2Z37
fitsne,10000,7744,42.15521405934841,-16.374711243411635,5.0,B00S67CZLG
fitsne,10000,7745,41.098456866052615,20.679542567049193,5.0,B00DQZTJKI
fitsne,10000,7746,3.049907823254204,61.63901035487969,4.0,B00KQNVQ6S
fitsne,10000,7747,30.117382035090817,-1.8562002638621113,5.0,B00GLJBZKI
fitsne,10000,7748,21.962405651931725,43.624362204074544,5.0,B0BKQZGST4
fitsne,10000,7749,10.58230914608527,-22.850541129841204,5.0,B019GSZ6FK
fitsne,10000,7750,-27.91701485723137,42.75859921024701,5.0,B0B9WN2WDC
fitsne,10000,7751,48.93763576810498,33.623703904009666,4.0,B09V3D2NM2
fitsne,10000,7752,-29.190684176304007,-44.188588561436035,3.0,B0BHL9HXML
fitsne,10000,7753,-27.06897391670413,41.292968942618614,4.0,B07D1J88CF
fitsne,10000,7754,-14.04837309248946,20.92075506131518,4.0,B096K4MF5V
fitsne,10000,7755,-37.53188985266893,-36.86742839625972,5.0,B00007KDX6
fitsne,10000,7756,23.525954308313363,29.448964767920767,5.0,B0C5D6ZX72
fitsne,10000,7757,63.34389508559336,19.946098852550396,5.0,B08FCGDR1W
fitsne,10000,7758,25.459548546936908,47.530321273104065,4.0,B08JV8NB1Z
fitsne,10000,7759,-32.937341322356104,-24.240544413744228,2.0,B075X8471B
fitsne,10000,7760,-30.874449214040972,-19.119205953639305,4.0,B079TT1C7Z
fitsne,10000,7761,33.32491855264665,53.49687407378983,5.0,B018FLUTT2
fitsne,10000,7762,46.81487174705648,-13.462122547045004,5.0,B085MY79KW
fitsne,10000,7763,61.94521807108407,-25.622042831970994,5.0,B07F4P3JH7
fitsne,10000,7764,47.054176181407435,-37.20395750237713,5.0,B0BPMNM5J3
fitsne,10000,7765,33.91860413721658,37.041138740456745,5.0,B075RV7KR1
fitsne,10000,7766,61.94585547380344,-25.62053227366413,5.0,B0773YFM2N
fitsne,10000,7767,14.017807870443125,-4.520436865061164,4.0,B078DMYPB1
fitsne,10000,7768,-7.499796088739813,-49.55540034942313,1.0,B07V2DMFM6
fitsne,10000,7769,19.45732245028396,-38.64241389692679,1.0,B07D19LHXS
fitsne,10000,7770,34.83806475702664,33.84066296758202,5.0,B011CV9G3C
fitsne,10000,7771,-51.9735854975427,-14.253599970815811,5.0,B08KGXGDX5
fitsne,10000,7772,4.831709696835516,-7.760778824623095,5.0,B0C7BDST52
fitsne,10000,7773,-10.44178008297979,-21.007814608781967,2.0,B08D7JPKLZ
fitsne,10000,7774,50.07661110929396,-51.57219958666331,5.0,B018JR70U8
fitsne,10000,7775,50.07715362404483,-51.572720999834466,5.0,B008H66BH0
fitsne,10000,7776,50.0771743114854,-51.573427434028446,5.0,B00XK7Q72U
fitsne,10000,7777,-35.48379086083231,8.071213152958359,1.0,B09MYKYJ7W
fitsne,10000,7778,2.8601926329900147,-55.45301127970479,5.0,B07QPPTBBC
fitsne,10000,7779,-47.075607313758105,-10.77230499036402,3.0,B0B76BV9JN
fitsne,10000,7780,-4.659721407754413,0.8592471648293379,5.0,B09ZV2LJ67
fitsne,10000,7781,-49.1353546569256,-5.828255819285549,1.0,B08ZCQ3GVR
fitsne,10000,7782,27.494064844656698,-47.800713861928465,5.0,B07P8BW3P2
fitsne,10000,7783,33.44535795080427,-40.30536750847797,5.0,B0C4F2NHWH
fitsne,10000,7784,36.72308750219596,-31.23059643587487,1.0,B087WJV8DY
fitsne,10000,7785,-24.882614523584536,-33.60227759854041,3.0,B01NCUP9F3
fitsne,10000,7786,7.104505511976508,40.39018386129246,3.0,B06Y5WDVV3
fitsne,10000,7787,-28.35359815084606,13.856499932869315,5.0,B00IVFUJBG
fitsne,10000,7788,-53.73894717145222,-4.73318496162587,4.0,B078QK9856
fitsne,10000,7789,-43.90575499127202,17.88853679001156,5.0,B01HXBUBUW
fitsne,10000,7790,-48.79174539070468,-10.799610313267168,1.0,B08VWZRB92
fitsne,10000,7791,69.38715555106634,-15.312775358586396,5.0,B012WF7ORW
fitsne,10000,7792,-38.21429548717862,-4.458051203258661,1.0,B0B3RVRQKG
fitsne,10000,7793,-7.565596460366656,36.11366830463073,3.0,B08HM14L1P
fitsne,10000,7794,-65.56652540900032,-15.592725918072004,4.0,B08FWNNWTB
fitsne,10000,7795,-53.77838532805761,5.918933428326375,5.0,B09F95J33F
fitsne,10000,7796,-44.26980185252949,-26.446324961500636,4.0,B07GTGHQHB
fitsne,10000,7797,7.515740246154904,-14.373380858878566,3.0,B07JPM5867
fitsne,10000,7798,-34.64862547250345,39.2690264468173,4.0,B0BWYPV5NY
fitsne,10000,7799,24.790535323314916,31.79916535687299,3.0,B072ML61NW
fitsne,10000,7800,-42.541996335222,19.062570796674276,4.0,B06Y41XM9Z
fitsne,10000,7801,6.3842264461996345,-5.76825358243238,4.0,B0152Z8644
fitsne,10000,7802,-66.97536596693253,-17.5427980390915,5.0,B00F0DD0I6
fitsne,10000,7803,-1.6216861273400056,1.691623390134127,5.0,B006GFDOMO
fitsne,10000,7804,-41.77698333532394,12.395942300001442,5.0,B00WJE31QK
fitsne,10000,7805,-0.14671157926525924,-34.16136892843095,2.0,B005LKB0IU
fitsne,10000,7806,-15.78580533059547,-58.89127476239293,4.0,B00N438N3G
fitsne,10000,7807,45.02751917490092,-40.2196403473729,4.0,B00KG6YRPC
fitsne,10000,7808,-25.53351748291044,7.021701884024629,3.0,B002DQTDTI
fitsne,10000,7809,-67.24018912193284,-17.45547165974979,5.0,B01GW1GO7S
fitsne,10000,7810,-38.98769185398241,-45.631823631111494,5.0,B007UXTSTE
fitsne,10000,7811,-27.94907167307435,-50.05257244683839,5.0,B007GFX0PY
fitsne,10000,7812,-57.887048242914105,-20.61657485300157,4.0,B007Q45EF4
fitsne,10000,7813,-37.38128149597588,51.766389907848,5.0,B00GPL2ZJ2
fitsne,10000,7814,-9.47141911592968,11.892678433880201,5.0,B0058BG0UK
fitsne,10000,7815,52.4566848185548,-7.962892593098156,5.0,B00023763Y
fitsne,10000,7816,-40.754040725541344,24.72607225870365,5.0,B07Q1JVCTS
fitsne,10000,7817,-28.417294948790058,17.132523863876422,4.0,B003A5TX82
fitsne,10000,7818,-36.37820747625485,22.3905355160783,5.0,B002B480PA
fitsne,10000,7819,-3.4371815102413144,0.6225182282969505,4.0,B00006BAJP
fitsne,10000,7820,-38.021824001545085,-24.5261529913249,5.0,B017T9KF1S
fitsne,10000,7821,-5.9575437660980715,1.348104381379664,5.0,B010O0CBHU
fitsne,10000,7822,18.765156093972585,-17.052802717874172,5.0,B0B277V5RW
fitsne,10000,7823,-27.678584995966876,53.246766200088075,5.0,B011KFQASE
fitsne,10000,7824,18.720358309796612,-16.58676619200101,5.0,B004B7KO9U
fitsne,10000,7825,-29.87137494616015,-24.405663366545514,5.0,B00JMNUGSM
fitsne,10000,7826,17.765414930624058,-35.87035203661376,5.0,B001BMKNZI
fitsne,10000,7827,9.446273356248758,52.244521494664575,1.0,B00ASLSQHK
fitsne,10000,7828,-26.775620629127545,-36.50935757434416,5.0,B0002344GG
fitsne,10000,7829,-63.6592505100291,-15.593785982075035,5.0,B0B97T3CQS
fitsne,10000,7830,-32.682835711492764,-11.802730911790055,5.0,B009L0409C
fitsne,10000,7831,-21.060302196806106,-11.457515600342385,3.0,B009IHHQUS
fitsne,10000,7832,-30.846433463044256,-12.990933830958655,5.0,B002IRU936
fitsne,10000,7833,-28.94162940491284,-36.0918013393157,5.0,B00INCA0VG
fitsne,10000,7834,-48.113305624121466,-10.004571429090616,5.0,B007KA5GFW
fitsne,10000,7835,-28.93982600851903,-36.08758334647087,5.0,B00XAJD7NA
fitsne,10000,7836,-20.577069846249692,-11.319303886762311,5.0,B008J54SKQ
fitsne,10000,7837,-34.441839809432004,-20.639795928962876,5.0,B00176NKPS
fitsne,10000,7838,-10.024675819942363,23.121964096838443,5.0,B005LTIJZI
fitsne,10000,7839,23.11387354759817,11.2762317205636,5.0,B08HYTVDQ6
fitsne,10000,7840,-8.655050140759661,33.39156577411483,4.0,B004HYGDCY
fitsne,10000,7841,-13.44570015409379,13.640344498659886,1.0,B0B7X9YLJX
fitsne,10000,7842,-5.959677973410398,65.97280511837393,5.0,B00CYX54C0
fitsne,10000,7843,63.537539941674325,22.888787565351535,5.0,B07GFDT3YZ
fitsne,10000,7844,-36.7735563560076,57.101788537929686,4.0,B00U82O92U
fitsne,10000,7845,1.1672713657809344,54.20386855988036,5.0,B00KHQWPZA
fitsne,10000,7846,17.204357420859868,49.176824918579335,4.0,B01ITUHLK4
fitsne,10000,7847,36.1782810645754,14.679819533632115,4.0,B00OVV2XX6
fitsne,10000,7848,34.96835831474473,-27.052439431644483,5.0,B07SYW3XL1
fitsne,10000,7849,46.09311434065247,-11.82618835828602,5.0,B0B6QVY9VB
fitsne,10000,7850,17.66239907448511,-13.145625514855153,4.0,B00ST1Y2QU
fitsne,10000,7851,37.66307111277589,-23.475355665177116,4.0,B079GT4XJC
fitsne,10000,7852,-8.333163456661266,-20.213266737037966,3.0,B01K8B8YA8
fitsne,10000,7853,37.860345419729995,-6.051285799989127,5.0,B0036ZZ72W
fitsne,10000,7854,-61.27844239721058,-15.843642846813037,4.0,B0C49M9KPL
fitsne,10000,7855,45.718433721872294,-21.123908815550863,5.0,B09BL28YV5
fitsne,10000,7856,-53.73376828882632,20.209564792940544,4.0,B0B496582G
fitsne,10000,7857,-43.82736868359227,-4.093604151295919,5.0,B09XYMSZLL
fitsne,10000,7858,-12.31873498390537,-21.537227780792033,4.0,B07YP657FB
fitsne,10000,7859,38.0560344441117,-30.433564567497932,2.0,B08QR8G55V
fitsne,10000,7860,3.0612556628707885,-10.925460940508339,5.0,B0C6D2VKPG
fitsne,10000,7861,-40.58346355372426,9.191415061198136,5.0,B01HRVABD0
fitsne,10000,7862,2.109913911772944,54.32077533020485,4.0,B07YD45KWW
fitsne,10000,7863,-16.2168602184942,-1.4406980351049543,5.0,B0BM9GV17J
fitsne,10000,7864,36.384665421563874,-16.7103213572247,5.0,B07NDM32KQ
fitsne,10000,7865,-17.026326941222713,1.00967943190412,5.0,B0C39DB47Z
fitsne,10000,7866,16.989004101329,-14.20402532653181,5.0,B07XBNWBC1
fitsne,10000,7867,51.860856990787816,36.826201743118276,5.0,B074FTRZ8H
fitsne,10000,7868,46.7622986296902,-30.6381735945713,5.0,B075JZNHTD
fitsne,10000,7869,-6.786802507235456,66.3783115096573,5.0,B01N57FYOD
fitsne,10000,7870,-56.93149738967662,-4.035804441425183,5.0,B07H7Z43ZY
fitsne,10000,7871,-19.60785290536069,64.67773855669063,5.0,B0BVZZ36ZL
fitsne,10000,7872,-30.92725591122293,-0.19706029773547298,5.0,B08HD11Q4X
fitsne,10000,7873,-49.77122577111639,-1.61154038389518,5.0,B088GVRWKH
fitsne,10000,7874,-19.70840134121608,68.11067979130428,5.0,B07X7TKDV2
fitsne,10000,7875,-4.516264913149006,67.10770607476692,5.0,B07X84NZWF
fitsne,10000,7876,14.318547886811364,-38.19100250080939,5.0,B0C2PVFRWV
fitsne,10000,7877,-41.01266280811728,8.865012262410685,5.0,B094TY4485
fitsne,10000,7878,-56.806526406193086,-4.143725617575923,5.0,B0C2PVFRWV
fitsne,10000,7879,-12.52726841462709,50.585125624619316,5.0,B077GN5H7D
fitsne,10000,7880,35.77842653270874,26.62067985221497,5.0,B06XFVP9X7
fitsne,10000,7881,18.600468820750077,-23.7131265914669,3.0,B074M6WRJC
fitsne,10000,7882,59.25901213690907,-8.199924360865149,5.0,B01D1NSWFW
fitsne,10000,7883,-48.533820313666986,0.3634976044894389,5.0,B01ISLH4V0
fitsne,10000,7884,-52.50397932533182,7.9714566588844535,5.0,B074W2JMS6
fitsne,10000,7885,27.377727032892388,-23.526403878972438,5.0,B000V6T5BI
fitsne,10000,7886,37.830388469403424,9.071259696247425,5.0,B07CKNG3KL
fitsne,10000,7887,47.99346570434545,35.368131418663154,4.0,B00W110K4C
fitsne,10000,7888,-57.237703428904766,38.13721100508909,5.0,B00404SUZ4
fitsne,10000,7889,-2.0239163670407194,-37.21836783329062,3.0,B07P374FF3
fitsne,10000,7890,2.7948206584521085,-12.270717454536804,4.0,B08SW5Y36C
fitsne,10000,7891,3.253938738342899,53.74231193362659,3.0,B08YFJYD5Z
fitsne,10000,7892,39.25862847919532,-20.569324399361616,4.0,B08XJWRCKF
fitsne,10000,7893,48.460944156678664,35.31847526583235,5.0,B08T15H2QL
fitsne,10000,7894,5.8605986918275725,-63.29906911869851,5.0,B08ZKVYCK2
fitsne,10000,7895,58.89885197216937,-42.071985074289714,5.0,B073JWXGNT
fitsne,10000,7896,62.17685493739813,-38.45058602500029,5.0,B01GSHGBGU
fitsne,10000,7897,48.385369608567245,-14.570996161347459,5.0,B01FJUM2GU
fitsne,10000,7898,16.180575218739843,-11.370048448667383,5.0,B092HSPZJ3
fitsne,10000,7899,48.38536194303431,-14.571786983652,5.0,B08DL8GTDP
fitsne,10000,7900,-7.431955591111369,-44.129480036814684,5.0,B01GF5ACUG
fitsne,10000,7901,28.0374207856957,-43.9508845585228,5.0,B07D443HDX
fitsne,10000,7902,7.678331799350785,13.88053741776427,1.0,B07JFSKMGQ
fitsne,10000,7903,24.557642813542383,-50.168003575220844,5.0,B00CRQUKQ4
fitsne,10000,7904,-34.90118769824565,-24.61711275433944,4.0,B08WJSHSLC
fitsne,10000,7905,-64.43698901387219,-21.581033226422175,1.0,B09M8N7YML
fitsne,10000,7906,-38.41915612522725,12.41173589374548,4.0,B0C6KQTXMZ
fitsne,10000,7907,-66.08732010568741,-21.52325155107632,5.0,B00TS3NA6Q
fitsne,10000,7908,29.220573387690713,-42.22617387165044,5.0,B0BGCDYQQY
fitsne,10000,7909,-19.629267279997702,28.92317068281628,5.0,B01A75AIBI
fitsne,10000,7910,47.33897402107153,13.121740072874495,2.0,B0050JJU3E
fitsne,10000,7911,-21.180396040943116,68.05953963572338,4.0,B00KMRGF28
fitsne,10000,7912,4.496864219076564,-10.722938098832698,5.0,B00J8BOH92
fitsne,10000,7913,-28.737730096555588,-28.24798176548388,2.0,B0791T9CV7
fitsne,10000,7914,-6.539513146875072,0.7988543274346611,5.0,B077Z7NVBK
fitsne,10000,7915,45.45501026582724,-19.488799440992242,5.0,B00NKZ5R28
fitsne,10000,7916,45.459025885578576,-19.488230712778808,5.0,B08NTV82R3
fitsne,10000,7917,29.366882323887538,-47.242065929113686,5.0,B003F6M3AG
fitsne,10000,7918,18.319991865144686,-11.48784244190104,3.0,B01E565PIQ
fitsne,10000,7919,-34.22755959613067,21.92486098255053,3.0,B017KOEARW
fitsne,10000,7920,-16.597933531878777,-63.55338500462771,4.0,B00FO0IHMY
fitsne,10000,7921,-13.92813932444724,19.1650037558471,4.0,B01CW4BG4K
fitsne,10000,7922,3.062664155039556,-60.53174581266075,5.0,B0166SVYT0
fitsne,10000,7923,-18.51260697176923,66.55101392501265,3.0,B00M48154Q
fitsne,10000,7924,-15.184928746236132,-44.18536877924301,3.0,B017T99JPG
fitsne,10000,7925,66.53448734794789,-23.010151057614195,5.0,B07H65KP63
fitsne,10000,7926,18.76406578726691,-4.38978840892111,5.0,B09529D86J
fitsne,10000,7927,-35.9024585046178,14.88140500221104,4.0,B01M3ULMWP
fitsne,10000,7928,-25.653681204548185,-41.06246446626137,4.0,B01AHWA2C6
fitsne,10000,7929,10.003993838850382,-2.7995058617122184,4.0,B000CPZZAI
fitsne,10000,7930,-3.1783755754246044,10.697829433123923,5.0,B0B1SWPFZS
fitsne,10000,7931,-58.05856864998337,22.077723428346783,5.0,B0000AI0N1
fitsne,10000,7932,-9.32746041252793,-49.808323773294184,5.0,B091JB6HQ7
fitsne,10000,7933,-20.278934235508295,10.012413546528059,5.0,B004KSQANO
fitsne,10000,7934,-20.2810053178141,10.012402701077775,5.0,B095JX15XF
fitsne,10000,7935,-51.92748089865802,21.062235899258724,5.0,B0039UN6SQ
fitsne,10000,7936,-3.176072755344367,-9.84004679655372,5.0,B003NF5IVU
fitsne,10000,7937,-8.003598300281997,24.278200062832223,5.0,B003ZHV70C
fitsne,10000,7938,6.168989528902297,6.816175595861735,5.0,B00XKG49XA
fitsne,10000,7939,5.10856513228585,-18.795524360510786,5.0,B002LITI70
fitsne,10000,7940,5.970421384795681,7.79775688552303,5.0,B002IKKFJ6
fitsne,10000,7941,-29.111303443599496,-59.47331412331176,1.0,B09TFJS6GS
fitsne,10000,7942,-9.149701256069225,-22.684208987265364,4.0,B01K8B8YA8
fitsne,10000,7943,-39.3096024074737,-28.009866975447505,4.0,B07Y9D4JRD
fitsne,10000,7944,17.47113038412619,9.818449852889556,5.0,B07FXH4XVB
fitsne,10000,7945,25.6632556886203,-40.44235743240179,5.0,B07C51583P
fitsne,10000,7946,66.13956181642442,-30.09281866699428,3.0,B01DZDXSPM
fitsne,10000,7947,-1.9850933026127702,-41.19507479695374,4.0,B0001FTVEK
fitsne,10000,7948,28.583580677457654,6.716293467474509,4.0,B01A6LSAZY
fitsne,10000,7949,42.804025079835306,30.12388007030917,5.0,B0814WC1Y2
fitsne,10000,7950,-42.88535274075129,-2.92812877166985,5.0,B07GPGVYGX
fitsne,10000,7951,28.237833316352592,-16.17930481086486,5.0,B00H471GRS
fitsne,10000,7952,-8.120071750834976,28.37269581318783,5.0,B06ZYJ9JQ5
fitsne,10000,7953,42.77267866906233,35.61601201819734,5.0,B00BDC86NC
fitsne,10000,7954,35.11761704105212,49.40292465598597,2.0,B00O1766VK
fitsne,10000,7955,-19.291178499144863,21.231989644357874,5.0,B006P88VSE
fitsne,10000,7956,34.86129729529349,52.96437238883172,5.0,B00FAVIBCI
fitsne,10000,7957,29.516846692599692,-16.202552639722533,5.0,B0BCPC68J6
fitsne,10000,7958,-7.9661862371865135,-66.44552621037764,5.0,B07DG251LH
fitsne,10000,7959,-4.68576244950818,-68.54768112657577,5.0,B06XKMZJJG
fitsne,10000,7960,23.491014466628254,47.22091372154961,5.0,B00DJE33CG
fitsne,10000,7961,-11.830904023653988,-8.580284479446647,5.0,B07GZFM1ZM
fitsne,10000,7962,34.051926805697114,25.116413830930867,5.0,B07QVQ7WHQ
fitsne,10000,7963,25.659594708089777,-28.121487409356284,5.0,B07YYY1DDZ
fitsne,10000,7964,-6.948169323190586,-22.431585037041863,5.0,B01K8B8YA8
fitsne,10000,7965,-34.5481414009886,-18.931510536536003,5.0,B00QOOZ4DE
fitsne,10000,7966,-39.87543889919433,-26.677714461809877,5.0,B071G57XQ2
fitsne,10000,7967,33.713645538088215,-35.795970569431184,5.0,B07QH6JJ5T
fitsne,10000,7968,-42.09448458705649,0.47590906632952296,5.0,B00PKTU83U
fitsne,10000,7969,23.772066086037842,40.83388704259643,4.0,B01K6PAWVK
fitsne,10000,7970,-4.738628399476612,65.74839665389172,5.0,B0187WS270
fitsne,10000,7971,-39.22689858149301,12.356248546686011,5.0,B0C6PGZ3MB
fitsne,10000,7972,-19.231112252832542,32.789421859945215,5.0,B0C71PTXVC
fitsne,10000,7973,-56.86272012363579,7.321780893713083,5.0,B0BJ6YQDWC
fitsne,10000,7974,-9.181030822798478,29.59140859144693,5.0,B00RSM91J4
fitsne,10000,7975,59.645547595914074,-24.7150503772549,5.0,B01K8B8YA8
fitsne,10000,7976,-6.532382666612297,30.934373794208156,3.0,B008VXF5CQ
fitsne,10000,7977,8.232388910836976,14.03207757348739,5.0,B011SZ0COE
fitsne,10000,7978,46.52176983195633,-13.586623462374224,5.0,B07W4MGFS6
fitsne,10000,7979,3.2502177266215564,55.11788827582257,5.0,B010BWYDYA
fitsne,10000,7980,28.84923140467248,16.629094280027275,4.0,B07QMWR9GZ
fitsne,10000,7981,36.63841978372135,48.96555453461006,5.0,B07KG7BLFD
fitsne,10000,7982,22.148129921059738,52.114169884257464,3.0,B07CMBQFQL
fitsne,10000,7983,26.853479009490076,47.0413229684402,5.0,B00JEY4TUK
fitsne,10000,7984,-6.2107486576866595,-33.8251209575107,1.0,B0B6ZPFCPL
fitsne,10000,7985,-6.283286839224086,-33.820509127068355,2.0,B08ZCP3Q1V
fitsne,10000,7986,25.181334004448576,-46.786660806202875,5.0,B08RP4ZYVY
fitsne,10000,7987,-31.74776877981835,-55.07786577470265,1.0,B07TKKDCGT
fitsne,10000,7988,22.914674761022155,19.70909368889953,4.0,B01054S5FM
fitsne,10000,7989,51.75501138956524,5.562882252795057,4.0,B00VBO0BNU
fitsne,10000,7990,48.42125112557185,-34.30876582584625,5.0,B07V5WR9RM
fitsne,10000,7991,58.92033329771619,-50.3509579040421,5.0,B00FBJ0CJY
fitsne,10000,7992,46.84277452142353,13.740020759561942,5.0,B01MPXJE8B
fitsne,10000,7993,60.549290513409595,-11.440247997287852,5.0,B00BFRKYVM
fitsne,10000,7994,40.73361696070581,-29.58802538012272,1.0,B01LWRVB94
fitsne,10000,7995,60.60828251307752,-11.467980076000112,5.0,B07ZFK6CZR
fitsne,10000,7996,60.577439557683185,-11.435199897389792,5.0,B00HPMCO14
fitsne,10000,7997,60.54376856089518,-11.445947119197518,5.0,B077KGY9L2
fitsne,10000,7998,43.70008671957231,-2.6276385144231216,5.0,B08F2YHQ67
fitsne,10000,7999,6.196021791334075,37.63699160594039,5.0,B075RXVW38
fitsne,10000,8000,31.621106358103848,34.30828686432166,5.0,B0B68XPYWJ
fitsne,10000,8001,-3.867379588022573,-33.13303272367364,5.0,B01K8B8YA8
fitsne,10000,8002,35.20440844278273,29.666402529872556,5.0,B073RHYXD1
fitsne,10000,8003,1.6898618128633744,-1.6792667009253601,5.0,B0074FGR74
fitsne,10000,8004,-10.90113425124999,-50.450322243648536,5.0,B07P1FN7KQ
fitsne,10000,8005,-5.737161568128994,68.14803737752264,5.0,B004SUILFO
fitsne,10000,8006,12.008639219521497,-47.20536481751942,1.0,B0BZ49NHW2
fitsne,10000,8007,-16.053916735401895,31.094206259122895,5.0,B09GJWYXSP
fitsne,10000,8008,-18.140210755040073,17.723472159088164,4.0,B08F6GPRH6
fitsne,10000,8009,-37.175501681243446,3.4806019941043767,4.0,B09GMBHL8Z
fitsne,10000,8010,-9.074150791659404,-22.286406242719938,4.0,B07H65KP63
fitsne,10000,8011,-5.766173320263733,-0.8403215424945661,4.0,B00QOOZ4DE
fitsne,10000,8012,27.63929060386097,48.11590070858817,5.0,B00NSF6AYO
fitsne,10000,8013,2.667911759789011,-11.410166584087424,5.0,B0CDPYGLTJ
fitsne,10000,8014,-0.867534239065824,42.97057422719874,5.0,B07DQK6LQ9
fitsne,10000,8015,57.50245873105697,-3.598783038655298,5.0,B07QN33986
fitsne,10000,8016,31.8535631406957,43.53441746665671,5.0,B094F88W46
fitsne,10000,8017,0.7160725536880992,57.32511882539528,5.0,B0B6977T74
fitsne,10000,8018,-5.605359729938146,66.0963171654774,3.0,B08LGLSZP5
fitsne,10000,8019,61.43856638042187,-24.88772792281213,5.0,B07TF3YGJV
fitsne,10000,8020,-1.9077343557325788,-60.633145829311125,5.0,B07J9LTMHJ
fitsne,10000,8021,19.93298547249293,42.20057106115296,5.0,B071NVWQ82
fitsne,10000,8022,-21.287893462038912,69.4723927560642,5.0,B07FCHTPJ4
fitsne,10000,8023,9.231781789131917,63.51438035348782,5.0,B00OQVZDJM
fitsne,10000,8024,31.313014279680957,41.27835408423518,5.0,B00FVU5VJE
fitsne,10000,8025,-42.09421299379375,-27.211694947654134,5.0,B001GGAIIQ
fitsne,10000,8026,-13.998019061169227,-0.7963553361769881,4.0,B08MWHSF8M
fitsne,10000,8027,-51.78475805841298,0.035816732550702154,4.0,B017OY19TU
fitsne,10000,8028,-18.597377909633366,67.53159206982629,4.0,B09Y8XXHYX
fitsne,10000,8029,45.04431665872673,-25.70825282363342,4.0,B075M6275Q
fitsne,10000,8030,45.042280254486734,-25.709149035106925,4.0,B0BBB6452B
fitsne,10000,8031,-29.846078422070047,-11.466578175333314,1.0,B0BPWG9DBX
fitsne,10000,8032,65.38689031276793,-10.42951611965456,4.0,B00D875R5K
fitsne,10000,8033,67.8030693420336,-4.881732598618907,4.0,B00NH12LCY
fitsne,10000,8034,22.658208086810923,-41.53829483824525,2.0,B00EO8L5TE
fitsne,10000,8035,-1.552321526814234,-20.68352308568426,2.0,B002HEQD8K
fitsne,10000,8036,-15.40932337857913,18.537483688304608,5.0,B013UT8P5Y
fitsne,10000,8037,47.28955288857277,-12.657266981656585,4.0,B013XHWAS6
fitsne,10000,8038,46.80092304382761,-5.94359888148363,5.0,B003XRES32
fitsne,10000,8039,22.497997683893395,46.86112998087401,5.0,B09HY98RGZ
fitsne,10000,8040,16.436512979403492,41.47113311582128,4.0,B06XQDWCJ2
fitsne,10000,8041,17.680123018945615,44.21417233468575,2.0,B01AHLQ53M
fitsne,10000,8042,23.416263631577625,47.22035337784256,2.0,B01GDPL4IW
fitsne,10000,8043,18.40851904863029,60.507194897485995,1.0,B01D9K3NVK
fitsne,10000,8044,35.85570315901947,24.90292556893189,4.0,B06XT8SFRH
fitsne,10000,8045,-7.773700906454356,28.919017739956047,5.0,B005TGKX9S
fitsne,10000,8046,51.57516440245627,-46.61169981283018,1.0,B07GW9TJ3G
fitsne,10000,8047,23.71927598721706,4.091574184988724,1.0,B07CPKBY82
fitsne,10000,8048,0.8010837993495101,23.00741281183177,1.0,B00004TBLW
fitsne,10000,8049,1.1478076500324048,53.885276625013596,5.0,B01MTF2Z37
fitsne,10000,8050,6.094632280075794,-37.53773471924468,5.0,B00NH12BXS
fitsne,10000,8051,4.329617919463626,56.82202957057856,3.0,B01BRWH8G8
fitsne,10000,8052,-47.701596429010756,3.947585541843158,5.0,B017G8ILMC
fitsne,10000,8053,18.501824426025973,65.26035683277381,5.0,B00APR4H2K
fitsne,10000,8054,-47.951307620702096,-4.55161460952829,5.0,B002GU5XKE
fitsne,10000,8055,-42.494003161707695,-27.91062364807167,5.0,B00JJ5ILJ4
fitsne,10000,8056,-6.535580938910638,-1.1564729588847722,5.0,B000WYVBR0
fitsne,10000,8057,1.4605053189756367,13.604610096763825,4.0,B08FR6DJQ3
fitsne,10000,8058,-34.83542756816563,-2.4826783474536938,5.0,B07KTYJ769
fitsne,10000,8059,-30.69747268167224,-22.424566963631367,5.0,B075X8471B
fitsne,10000,8060,48.004360285346614,28.435381905281357,5.0,B0971384WR
fitsne,10000,8061,-46.5151954946514,-11.118053290149764,1.0,B07H5S7X4X
fitsne,10000,8062,30.429752227402428,-9.779711545339477,1.0,B0087IMWUS
fitsne,10000,8063,-8.096721222914264,5.917748529229018,5.0,B09NZX16XD
fitsne,10000,8064,1.3771133292727742,52.755923232682214,5.0,B08YFJ1D9V
fitsne,10000,8065,22.86928748001138,-42.6107494877647,1.0,B01M3Y66CY
fitsne,10000,8066,1.8942274578278298,-11.314535401732396,5.0,B08WJSHSLC
fitsne,10000,8067,4.69282302179273,54.4428563225016,5.0,B08J9NQ6CS
fitsne,10000,8068,7.62623462643483,-48.09818825637441,5.0,B07JHLG7G1
fitsne,10000,8069,30.44902347650799,4.789444136548511,1.0,B075M7TH3Z
fitsne,10000,8070,6.956499471355135,38.160293066967384,5.0,B00HHEAMXC
fitsne,10000,8071,-7.79233379541895,25.729962819914835,5.0,B00AY8VHNW
fitsne,10000,8072,30.873443462469663,38.78703418863509,5.0,B002NNIJXM
fitsne,10000,8073,42.245243294603725,19.415144282781906,5.0,B07PZS2WX9
fitsne,10000,8074,60.124044647121096,-26.004226932666356,5.0,B07KTYJ769
fitsne,10000,8075,22.97591878436062,6.363527860165355,5.0,B07N8VFFNS
fitsne,10000,8076,-8.065184991436873,-29.132201525947664,3.0,B0986XZDBZ
fitsne,10000,8077,34.027187850181534,12.38346573329411,4.0,B08BJM6LCG
fitsne,10000,8078,37.04445403159921,13.383594480315207,5.0,B07BRQPVFZ
fitsne,10000,8079,-21.31643217419877,-5.268498224301993,3.0,B09V28P31X
fitsne,10000,8080,10.441624803596405,19.690021217851914,4.0,B07N1FF2GT
fitsne,10000,8081,56.66796647051251,-34.78469949245377,5.0,B01ITOESHY
fitsne,10000,8082,58.68236999010509,-50.61402245193001,4.0,B001B7H6B2
fitsne,10000,8083,16.51997411222121,-39.7459813088329,4.0,B00YBCG1LU
fitsne,10000,8084,-64.51787398273468,-21.879236646265493,5.0,B0077BB3VA
fitsne,10000,8085,55.024647265134185,-15.265155183098303,5.0,B00XIL0U9O
fitsne,10000,8086,-10.384584047906873,25.74819677328149,5.0,B083JFTZMN
fitsne,10000,8087,32.183563850802855,-43.205860751300136,4.0,B08DKR85CX
fitsne,10000,8088,52.87323926827521,-4.96717292268208,3.0,B07JG1VFBX
fitsne,10000,8089,0.2397777074168495,-59.53895604878699,2.0,B07LH21GR2
fitsne,10000,8090,14.696098945972752,-36.692662064250214,5.0,B0BNCFB59F
fitsne,10000,8091,-16.318759279573605,14.080283293855345,5.0,B072QLXK2T
fitsne,10000,8092,-13.15504811301099,-49.20123922364648,5.0,B06XDSMDKV
fitsne,10000,8093,4.178337445082562,-59.5572010532082,5.0,B07HQM66CY
fitsne,10000,8094,34.255359977494884,25.520012721958615,5.0,B01N6HUME3
fitsne,10000,8095,37.62639062875987,50.20443641651791,5.0,B011XNE9XQ
fitsne,10000,8096,47.62055922157062,-16.43770809862987,5.0,B01MTY7MSK
fitsne,10000,8097,62.8863283930234,-25.164671302941095,5.0,B07F4P3JH7
fitsne,10000,8098,17.049466451965294,-12.740928264488224,5.0,B01N24N9TH
fitsne,10000,8099,34.86601559993743,12.527562784503521,1.0,B09GKFLD57
fitsne,10000,8100,16.63376190351434,-8.56054023252055,5.0,B0B4SWZTZ1
fitsne,10000,8101,-8.490471404854345,-20.405583377005033,5.0,B0BFHLQJPM
fitsne,10000,8102,43.82665719786331,49.59293143493461,5.0,B074KQJ297
fitsne,10000,8103,26.082745798401092,32.166380866053316,5.0,B071W8ZRGP
fitsne,10000,8104,25.34429987748925,-6.656034921447252,5.0,B008I647MA
fitsne,10000,8105,-31.47443479606961,6.755813715220445,5.0,B00X088DZI
fitsne,10000,8106,-6.028821451945521,-61.41874001739099,5.0,B0179DDIQI
fitsne,10000,8107,-27.442635905529983,-64.31013431200999,5.0,B00SMVLPIK
fitsne,10000,8108,13.88605347198121,-25.011724271938462,5.0,B07454F4JH
fitsne,10000,8109,-9.211253357620304,-69.29387832520045,2.0,B007VKII6A
fitsne,10000,8110,-55.62281708695015,25.519081487597163,5.0,B07RS68PJ7
fitsne,10000,8111,-30.580753711124487,6.0285914188421845,5.0,B00G2UTVH0
fitsne,10000,8112,-37.296192498851234,53.667489536712985,5.0,B09VS4V18K
fitsne,10000,8113,-22.586744340302783,-48.917972735658296,5.0,B00WA4PSEM
fitsne,10000,8114,-25.202944603407825,43.7548376075426,5.0,B075B5T7L5
fitsne,10000,8115,-16.610978429138026,-42.738861563093764,5.0,B0BZKKY978
fitsne,10000,8116,25.43561873750597,42.682493247312905,5.0,B018Y226XO
fitsne,10000,8117,-14.085793761679826,18.50644991086723,5.0,B079DTP64M
fitsne,10000,8118,18.46707271599472,41.06622903058765,5.0,B07H9HGTC6
fitsne,10000,8119,3.484989063589181,16.244876451472333,5.0,B077DGQJJZ
fitsne,10000,8120,-49.78891725274221,20.430737346583307,3.0,B0012BL8LG
fitsne,10000,8121,-49.74521717151562,-17.853745214096943,5.0,B00O072KD4
fitsne,10000,8122,-49.712377606917784,-17.888180152884235,5.0,B00WECQQMS
fitsne,10000,8123,-15.589392550448032,-39.83875748390506,4.0,B01C6ESQM6
fitsne,10000,8124,-62.63031675929728,17.88859953374583,5.0,B00YYDHA9S
fitsne,10000,8125,-5.725107973031755,73.27926598634593,5.0,B095JX15XF
fitsne,10000,8126,-23.631162547361168,40.64375612270577,5.0,B01N0H8WUZ
fitsne,10000,8127,-7.08096260793091,29.313068882114514,5.0,B06ZYJ9JQ5
fitsne,10000,8128,-20.810788417299822,-5.501847015750464,5.0,B004M8SSZK
fitsne,10000,8129,-48.11649108099565,-25.176838653961244,5.0,B00WTZGRRE
fitsne,10000,8130,4.371336964177629,5.359033367610052,4.0,B00TAEKUL6
fitsne,10000,8131,6.6582454287437915,16.30010967046441,4.0,B00D7CWSCG
fitsne,10000,8132,-31.60869001482047,29.79835926656268,5.0,B004G8QO8E
fitsne,10000,8133,-17.673566202904844,-34.46733249567305,4.0,B006B1C3UW
fitsne,10000,8134,-13.896390389679903,-51.311025573281945,5.0,B00009QOW4
fitsne,10000,8135,-12.42949542807591,-51.51646835875029,5.0,B004CLYOH8
fitsne,10000,8136,60.14209365579528,18.529484961235386,5.0,B0BMGP2ZZZ
fitsne,10000,8137,30.79917939953589,46.42562977947293,5.0,B0B17SVFFL
fitsne,10000,8138,-17.165040663895105,-51.17789299262209,3.0,B08HMMB7J5
fitsne,10000,8139,-26.620310195185215,-48.86524229704539,5.0,B07H65KP63
fitsne,10000,8140,45.97283489635058,-53.17432862276674,5.0,B0BF5WX7GV
fitsne,10000,8141,19.875976737421976,47.879614248661966,5.0,B07211G2X7
fitsne,10000,8142,37.54899090521768,1.0056290904614738,5.0,B088R271ZP
fitsne,10000,8143,23.186117916821694,-5.468286934230819,5.0,B089367QQD
fitsne,10000,8144,36.967504500678245,-1.5738054494707745,5.0,B07K8XPS7J
fitsne,10000,8145,35.76623045455979,0.3835164107329245,5.0,B06ZZJ5NL7
fitsne,10000,8146,9.520634461476494,43.71783549415193,4.0,B00AY6OPUQ
fitsne,10000,8147,13.29585512628691,-43.829396075784324,5.0,B07YZ8Q3QM
fitsne,10000,8148,-50.880411149867285,-5.132851526332189,5.0,B071WBWGBT
fitsne,10000,8149,-33.5360011876963,-18.334430487391682,5.0,B01M1LBMEI
fitsne,10000,8150,-21.274678787788453,-14.486610674732194,5.0,B075X8471B
fitsne,10000,8151,41.50230672829144,-0.9564846566665265,4.0,B0C6LBCGJ5
fitsne,10000,8152,41.50363215650983,-0.9579646891548278,4.0,B010LHRFM2
fitsne,10000,8153,41.50471061838663,-0.9580846646668085,4.0,B074DXQ5VL
fitsne,10000,8154,41.5038240459856,-0.9581326794302384,4.0,B00TQQN2GI
fitsne,10000,8155,41.503195195154255,-0.9580528295741431,4.0,B00X7WZ9U4
fitsne,10000,8156,41.502974834671335,-0.9583664273363326,5.0,B00465UNYI
fitsne,10000,8157,41.50409302677735,-0.9581236620453706,5.0,B01LY54Q7R
fitsne,10000,8158,-15.935993174964691,13.88393596065957,5.0,B00N2ZDXW2
fitsne,10000,8159,-36.13714748699868,42.46195686928039,5.0,B08G14NBCS
fitsne,10000,8160,47.55548444013861,-15.661898347283962,5.0,B07TMNZPXK
fitsne,10000,8161,-24.86904257501535,-43.54637989379907,5.0,B0CBWV3Q8B
fitsne,10000,8162,-34.29095472969539,-4.352903049312794,5.0,B07HCXQCV6
fitsne,10000,8163,-51.373076682004076,-3.883942935755628,5.0,B077ZWC2BR
fitsne,10000,8164,-6.932128087634819,-14.81944961439136,5.0,B07G59MHGQ
fitsne,10000,8165,-35.061167716908166,-17.75367925700005,5.0,B0C7FQSVNL
fitsne,10000,8166,-31.195083438614684,-18.91725795654927,5.0,B00LD3Q56G
fitsne,10000,8167,23.130238127545226,-17.51355956956224,5.0,B01LWRUX6B
fitsne,10000,8168,-55.84321701633548,25.503346979566086,5.0,B073J7KY1P
fitsne,10000,8169,23.090398475880853,-17.474779856669812,5.0,B00YCWKD5E
fitsne,10000,8170,-0.7441145496152258,-24.664424079294427,5.0,B075X8471B
fitsne,10000,8171,-19.79420035223087,67.73336947698364,5.0,B00E7IPN0I
fitsne,10000,8172,-19.794420087778096,67.7325512491981,5.0,B08YMVB98D
fitsne,10000,8173,23.091236230819824,-17.543258390309706,5.0,B008I636D6
fitsne,10000,8174,15.46575193296718,48.3842570259249,5.0,B07KS6KDDB
fitsne,10000,8175,-25.67110995205244,42.363854405046155,5.0,B073JYC4XM
fitsne,10000,8176,-51.46400266405609,-3.6979344353604278,5.0,B01JCHOKW0
fitsne,10000,8177,-35.039020766917666,-17.293933789366896,5.0,B07NSJS814
fitsne,10000,8178,-6.536264763501817,22.460478083067258,5.0,B00VGI2YUY
fitsne,10000,8179,-6.506661930964441,22.496484735314898,5.0,B06VVZ42SY
fitsne,10000,8180,-33.412349601648295,-18.150970186959558,5.0,B002RSQ732
fitsne,10000,8181,-0.4215518412681218,-44.05095547625999,5.0,B019MBUX40
fitsne,10000,8182,25.174255493661608,-50.28749818474597,5.0,B00EHFJGW2
fitsne,10000,8183,-8.576667479562014,33.387572934954065,5.0,B0064I7CIU
fitsne,10000,8184,-35.88189328042668,54.13282593134758,5.0,B003GZ828I
fitsne,10000,8185,35.343417351463096,-21.1251432444299,5.0,B0083J7XCS
fitsne,10000,8186,-30.686821015315097,-6.362767188839384,5.0,B00C74T1UC
fitsne,10000,8187,23.98041605168564,-8.762690412148803,5.0,B007T13LD6
fitsne,10000,8188,-12.619285679950229,-49.569403018156365,5.0,B00FL2WX2K
fitsne,10000,8189,-30.690090077931995,-6.287158722936503,1.0,B0012N0ZAY
fitsne,10000,8190,47.1652141166095,-15.395335034050586,5.0,B016XQU30Q
fitsne,10000,8191,-8.152205511048072,14.84206990201715,4.0,B01MTF2Z37
fitsne,10000,8192,48.21189198301697,24.29139404004193,5.0,B017A33Q78
fitsne,10000,8193,-42.91379142293591,5.232645764381727,5.0,B0BR525W2N
fitsne,10000,8194,-25.64394359824119,-30.925960613602207,5.0,B08L4TPHMJ
fitsne,10000,8195,-42.78615281868169,1.2239376635028743,5.0,B075M6275Q
fitsne,10000,8196,33.371696908734386,24.817626364075807,4.0,B012TEXKM4
fitsne,10000,8197,-27.971073168295735,13.652618588403682,3.0,B00KNJJPSG
fitsne,10000,8198,10.226786007999339,-20.769859479007152,5.0,B07P241647
fitsne,10000,8199,47.99741535760987,-16.2873583763066,5.0,B09BYCKXY4
fitsne,10000,8200,5.307570587768687,7.955781191189871,5.0,B00XK13TQS
fitsne,10000,8201,41.240308013900254,-22.668271433773707,5.0,B07KNV32TZ
fitsne,10000,8202,-11.246896778625786,21.008130680121734,5.0,B08LZJ8GMH
fitsne,10000,8203,36.489704788070526,-18.489608789968585,5.0,B07Q585X37
fitsne,10000,8204,36.7530336320616,-4.519200678537555,5.0,B071FNW1NT
fitsne,10000,8205,7.2250725174570976,14.817663445515052,5.0,B073SB1T9C
fitsne,10000,8206,-3.562727228279284,-74.91051739285317,4.0,B01CTQ5TKI
fitsne,10000,8207,-3.2723174551165903,66.48421155041032,4.0,B01798WTD6
fitsne,10000,8208,33.8415036142238,42.468600495106045,5.0,B01HURMBNY
fitsne,10000,8209,31.906754309216964,-3.7081241241249505,5.0,B00JR6Q76Y
fitsne,10000,8210,31.072370029454582,-5.408598575464186,5.0,B01K8B8YA8
fitsne,10000,8211,44.77773355696719,0.6010220671609842,5.0,B01F48MVTU
fitsne,10000,8212,41.22775107713826,-2.0257778697419764,5.0,B09YXH5HGM
fitsne,10000,8213,20.994785057138454,-39.893751534902655,1.0,B09KYF64YM
fitsne,10000,8214,44.55902611132465,12.748465245656298,4.0,B007QV9K34
fitsne,10000,8215,-44.38762830923665,-29.373941285948938,2.0,B00IF70T4M
fitsne,10000,8216,11.13192970771197,32.04209770089428,2.0,B003CKC8W8
fitsne,10000,8217,-7.2206232483730215,-67.41381058363481,5.0,B06X19MMDG
fitsne,10000,8218,-37.8818865839735,51.338913766158036,3.0,B079683PSX
fitsne,10000,8219,39.86011186101223,32.32207127000007,3.0,B07C1DJDSV
fitsne,10000,8220,7.183895808945763,-38.63698018928229,5.0,B01ASXFWEC
fitsne,10000,8221,-10.14548427012871,21.69054443316238,3.0,B00RKNND2W
fitsne,10000,8222,-19.23952418219091,-28.938373196867783,1.0,B0757B1ZSX
fitsne,10000,8223,15.553236722584122,62.03470171129119,5.0,B07PJQYTFB
fitsne,10000,8224,-20.0090476568226,64.69650966011717,1.0,B071XB24FM
fitsne,10000,8225,-71.48368906474387,-18.430694358137448,4.0,B0C3DJMBTC
fitsne,10000,8226,35.75556006348462,34.808104010023264,5.0,B0C3WKJF3P
fitsne,10000,8227,3.0035041134066365,43.055650857724665,5.0,B00WRDS0AU
fitsne,10000,8228,41.92153901705565,32.233921702762956,5.0,B08P3VMW76
fitsne,10000,8229,-11.627184680309503,-71.43307280946789,4.0,B01K3ZR0RC
fitsne,10000,8230,23.245141728754877,13.438288046712495,4.0,B09MTSLT2T
fitsne,10000,8231,-3.5820878039555555,-76.83128018034932,5.0,B07W4GJGCM
fitsne,10000,8232,49.93663570284556,43.82351085064707,5.0,B0132I723Y
fitsne,10000,8233,9.064044884556534,62.341732285427256,3.0,B0117U82EM
fitsne,10000,8234,23.924617038066266,27.715695426715822,5.0,B015JX3H48
fitsne,10000,8235,16.284376683059577,0.7615586739445873,5.0,B00000J1QR
fitsne,10000,8236,-29.49825712924193,-10.437027793291021,3.0,B00AWKC0EC
fitsne,10000,8237,-41.17656475707256,1.2741177398867196,5.0,B0000CCQKV
fitsne,10000,8238,-40.47655885812585,-37.152417679193604,1.0,B00XIPZEPU
fitsne,10000,8239,16.99966171999643,60.81808527794928,5.0,B004A7ZEI2
fitsne,10000,8240,-32.96274675760963,-22.873401585223434,5.0,B00W4TKYCO
fitsne,10000,8241,-11.64816065131442,-51.100874898661665,5.0,B01LVVG5XS
fitsne,10000,8242,-4.836063464180186,11.177180640897628,4.0,B0B1SWPFZS
fitsne,10000,8243,36.854056797829166,-3.241378196691206,5.0,B001KOTDYO
fitsne,10000,8244,-3.28039672771738,19.547225950331615,1.0,B00UTDSI5M
fitsne,10000,8245,-8.26987103637739,53.52360646891052,5.0,B002NKCHRY
fitsne,10000,8246,-52.86439080274108,21.67629391321966,5.0,B0CC5Y53YT
fitsne,10000,8247,-29.09321700497234,-31.968336749151774,5.0,B0C3NMZ2C7
fitsne,10000,8248,0.850088551887567,55.96061089077455,1.0,B07P374FF3
fitsne,10000,8249,-30.61580994127765,-28.974566166885275,4.0,B01K8B8YA8
fitsne,10000,8250,59.28366153783172,-11.33203856590108,5.0,B0B68Y9D3S
fitsne,10000,8251,8.04010661552034,-38.53854127352916,5.0,B01M0GB8CC
fitsne,10000,8252,-18.31620439168629,16.003661208125756,5.0,B01JIBWCX4
fitsne,10000,8253,61.597611760031455,19.099185652581987,5.0,B087GCGWXS
fitsne,10000,8254,-49.175935140418886,-5.744177454119887,5.0,B07VGHBZGT
fitsne,10000,8255,42.34021025674425,-1.710876878562138,5.0,B015D8EBLW
fitsne,10000,8256,60.23121441020567,-21.78437422009609,5.0,B00KGPSDDA
fitsne,10000,8257,-9.740171679183929,-41.59951987154964,5.0,B08F38BHK1
fitsne,10000,8258,14.600234086547689,-9.952082543058305,5.0,B07BFCVJZC
fitsne,10000,8259,-35.036275270808105,-17.2608028662588,5.0,B0CBPXRPNC
fitsne,10000,8260,48.50261851732646,-3.156822873820142,5.0,B08ZLVK881
fitsne,10000,8261,46.70776437282009,-5.88422354236418,5.0,B08KXL6KQM
fitsne,10000,8262,43.600425753250015,19.818437855136256,5.0,B08BCHD12K
fitsne,10000,8263,-57.144893537174134,37.7078167818994,5.0,B08CT9CYK4
fitsne,10000,8264,-6.073771300350406,71.99339460305893,5.0,B072JW9LT8
fitsne,10000,8265,29.02486257215523,-38.55505193922123,5.0,B08RYZ219J
fitsne,10000,8266,33.00675152967837,-21.573928754506472,3.0,B0BYFHJWHC
fitsne,10000,8267,32.47080533711716,-21.553723482081732,3.0,B0B6JK8HHJ
fitsne,10000,8268,46.07416154081316,-24.79507658006226,5.0,B097XG3LYF
fitsne,10000,8269,12.448658658976155,-26.29273333965527,4.0,B095GFVX6T
fitsne,10000,8270,-37.610439625708736,-4.151457940085532,5.0,B09L7VKD2K
fitsne,10000,8271,-2.158580800515926,-31.295786823897547,5.0,B088B3SX7T
fitsne,10000,8272,-4.310322652884128,-28.549019822016874,5.0,B081RBXJ11
fitsne,10000,8273,-1.7357840906886914,-71.59294701114652,3.0,B077XB4QMQ
fitsne,10000,8274,43.56024846777387,12.111524677967756,5.0,B07QYZZD8K
fitsne,10000,8275,42.19649892303062,19.77319991617539,5.0,B0815BWYXC
fitsne,10000,8276,-4.930940816013691,-42.65657072174849,5.0,B07YCS8J8F
fitsne,10000,8277,1.8844388963309764,-73.15988959860233,1.0,B01LZ1UH3M
fitsne,10000,8278,-40.9751292543602,-4.492367660092687,5.0,B01AT23UGE
fitsne,10000,8279,60.939907651001846,-46.4956613910615,4.0,B083TH1B45
fitsne,10000,8280,61.28043825507692,17.12919908454959,3.0,B0894MY5JK
fitsne,10000,8281,-7.559867111316424,66.34723832666012,5.0,B0725X7NSJ
fitsne,10000,8282,-35.66304862609952,31.211502812380758,5.0,B01C6HBJOA
fitsne,10000,8283,-26.167403296272393,-17.830600083753758,5.0,B086VR9J8Q
fitsne,10000,8284,-7.667826239663496,-0.9826173745041277,4.0,B07XLMRNC4
fitsne,10000,8285,-47.68028678963754,-3.164400247895664,5.0,B01JPDTZXK
fitsne,10000,8286,-16.840436509167038,-34.05836639579436,4.0,B0742J4GTD
fitsne,10000,8287,-42.33252354190939,-29.953880957707174,4.0,B07H1KQ3SH
fitsne,10000,8288,-31.06730534688828,-23.84551811288039,5.0,B075X8471B
fitsne,10000,8289,50.405138783464984,-35.62190171413782,5.0,B0B7W6K288
fitsne,10000,8290,-37.43587310298389,23.326077122470192,5.0,B0C15Q5H7H
fitsne,10000,8291,13.13994270352778,8.928741348391958,3.0,B09F688VDG
fitsne,10000,8292,-20.065562677466083,67.87474604100834,5.0,B094TY4485
fitsne,10000,8293,60.385047123441055,-38.61730732180382,5.0,B096FJY39R
fitsne,10000,8294,46.13142608733132,0.05947301164937781,5.0,B06XW7T3WD
fitsne,10000,8295,64.52188637261057,-27.89361603373877,4.0,B0837CF4LW
fitsne,10000,8296,47.79679121438781,-6.202974928859923,5.0,B08P72Y8MN
fitsne,10000,8297,47.796723498487374,-6.203136075444253,5.0,B07ZPS3VZS
fitsne,10000,8298,59.83319773798285,-38.32347627178583,5.0,B00404SUZ4
fitsne,10000,8299,43.10314076797515,19.137380517344916,5.0,B07CHBD8TH
fitsne,10000,8300,59.87078274524831,-39.09431191745644,5.0,B073XJMWPX
fitsne,10000,8301,64.27522219458025,-21.509893689581926,5.0,B07V7C2K3Y
fitsne,10000,8302,60.35410724924288,-38.59832199283144,5.0,B07Q585X37
fitsne,10000,8303,60.04470644945855,-38.11004791188215,5.0,B07QF64V3H
fitsne,10000,8304,58.77753109665266,-50.337232476121585,1.0,B07MG9J4T1
fitsne,10000,8305,45.82124370679894,0.1624241405584236,5.0,B09K3KX9V9
fitsne,10000,8306,-4.993825758666645,-42.00384885561952,5.0,B0BW4PFM58
fitsne,10000,8307,1.1853017639371155,55.0011105283312,5.0,B07NTRR9JB
fitsne,10000,8308,28.146305289262585,-38.80735308695859,5.0,B07N8VFFNS
fitsne,10000,8309,47.268447973109154,-1.1559792857740971,5.0,B00O4OR4GQ
fitsne,10000,8310,46.00959109155799,0.1349710082595771,5.0,B01BHBL6US
fitsne,10000,8311,46.95247335834329,-0.2997532716581709,5.0,B01MEH8J9Z
fitsne,10000,8312,43.448365524486896,-43.90455745405258,5.0,B0BBRM88BJ
fitsne,10000,8313,13.130535302270255,8.678092722369495,5.0,B0B45T7YNX
fitsne,10000,8314,50.78972924852469,38.04806094014921,5.0,B09BQBLQW9
fitsne,10000,8315,3.3289842634322175,39.06247226286078,5.0,B074N81CZN
fitsne,10000,8316,-0.48676294003657433,41.80022485536665,5.0,B07BHQ8YVJ
fitsne,10000,8317,8.48298774123019,55.99756915127063,4.0,B00LU9HKEY
fitsne,10000,8318,-54.617981260078444,16.6230960959293,5.0,B016OTLSWO
fitsne,10000,8319,13.543297663351938,47.517417056859195,5.0,B01LYC1X4I
fitsne,10000,8320,-2.4996015527515674,-3.9622269915317703,5.0,B07TKJYRR7
fitsne,10000,8321,53.46539885706454,6.815620025518667,5.0,B0BJZFH3VZ
fitsne,10000,8322,-26.711821500284167,-25.796353318953827,5.0,B00WY654TU
fitsne,10000,8323,-0.9145391423726383,12.270631696900034,4.0,B00T7L96VW
fitsne,10000,8324,-9.371464484722457,14.957819465475861,4.0,B000HRYV38
fitsne,10000,8325,-29.29921028552468,-19.513894179292617,5.0,B00BFQHGUU
fitsne,10000,8326,-55.84361080357808,18.261397874794834,5.0,B01MYMMZS1
fitsne,10000,8327,32.01096061702427,38.39051544241353,5.0,B009WYE7PE
fitsne,10000,8328,-22.03188128628869,-46.448443994110626,5.0,B077Y93YRR
fitsne,10000,8329,11.519940106711484,-23.333346788459366,5.0,B087C28QM5
fitsne,10000,8330,-8.47725649496811,-22.436197391947324,5.0,B01K8B8YA8
fitsne,10000,8331,52.480142009072026,-13.571995878477503,5.0,B012CDLF3S
fitsne,10000,8332,52.50599591565665,-13.559146447050798,5.0,B00F4QUIZC
fitsne,10000,8333,33.108350726181186,-3.537907822851629,5.0,B01BFIBRIE
fitsne,10000,8334,65.6870306242302,-10.369480531754904,5.0,B006GWO5WK
fitsne,10000,8335,59.18845831944981,-25.95063676294786,5.0,B00AFKCASA
fitsne,10000,8336,32.6252490929111,41.463193769836685,5.0,B003P7VU40
fitsne,10000,8337,11.170535740505393,-29.85652655626357,1.0,B08R9PTZ5G
fitsne,10000,8338,39.20080676181881,-22.07854154143636,5.0,B0B4DCFYF9
fitsne,10000,8339,-67.84617509947657,-19.22635051688085,5.0,B07GT37484
fitsne,10000,8340,6.220369254056635,49.68130034211873,5.0,B08B87QPVX
fitsne,10000,8341,-9.594864394127363,-1.8358935087312576,5.0,B077Z7NVBK
fitsne,10000,8342,31.961251970699923,40.23561927395321,5.0,B079GK18R8
fitsne,10000,8343,-17.165586791483587,-13.539111070334444,5.0,B00VJUH8WI
fitsne,10000,8344,35.73039874132012,32.483220246319945,5.0,B002LC2DQ4
fitsne,10000,8345,-16.423838590969353,14.138867673328031,5.0,B0866SG5XM
fitsne,10000,8346,32.18900225150332,26.02949360382219,5.0,B0864SF4GC
fitsne,10000,8347,0.08330014243683422,-65.14162932287917,5.0,B0002JY712
fitsne,10000,8348,26.176408245507897,11.235135809126625,5.0,B09F8RQZ44
fitsne,10000,8349,-20.35631741398119,9.29011520922523,5.0,B078NNDXTG
fitsne,10000,8350,-1.027910809892286,42.73318796782425,5.0,B09F8RQZ44
fitsne,10000,8351,21.48269659036571,-4.231890909519762,4.0,B08BFZQKGY
fitsne,10000,8352,-31.06115650468294,9.800950749112214,5.0,B081GHTVQ6
fitsne,10000,8353,0.5316339104376804,-76.3799304245657,5.0,B00WFRI8G4
fitsne,10000,8354,-20.412987030432195,9.106830980655511,5.0,B0BZPC1SM5
fitsne,10000,8355,26.671787371832103,43.79137213408682,5.0,B01GCBXD2W
fitsne,10000,8356,-40.76063352096604,-5.068121567184608,5.0,B078NNDXTG
fitsne,10000,8357,-29.802269022843117,-25.534460659492098,4.0,B075X8471B
fitsne,10000,8358,38.04142450814949,14.95135018733639,3.0,B01LYO6PVK
fitsne,10000,8359,63.177721574008864,18.070867766734622,5.0,B085XS36F5
fitsne,10000,8360,-0.16995162974980407,-61.21144436473345,5.0,B082YTP6NR
fitsne,10000,8361,-19.784031408377206,-11.252302597088871,5.0,B00BJ2MC0E
fitsne,10000,8362,59.25656331697557,-8.200146814568471,5.0,B00C16UL96
fitsne,10000,8363,-16.12827387979763,-2.3987661225345125,5.0,B08TBW4VDB
fitsne,10000,8364,-20.220907435915233,-1.555371955166405,5.0,B00N02W4RC
fitsne,10000,8365,-18.55114169698636,-23.910679755881798,5.0,B01K8B8YA8
fitsne,10000,8366,1.1606431890854276,8.681201283910841,5.0,B08DLSLCF3
fitsne,10000,8367,43.000101312847164,19.63479246100629,5.0,B09L3KQK6V
fitsne,10000,8368,-40.63259668209826,11.050161858205213,5.0,B0B5D96R42
fitsne,10000,8369,15.020951478559986,7.3449316426287465,5.0,B0843HV4D5
fitsne,10000,8370,22.509255856818346,-46.494256341215255,3.0,B0BS6KLLT1
fitsne,10000,8371,56.66663140675998,-34.74157364397822,5.0,B0060BBD40
fitsne,10000,8372,55.534254437429915,-44.22214986894468,5.0,B09MDX8FTY
fitsne,10000,8373,22.3735270236595,-42.53171613055563,1.0,B009CRH0QE
fitsne,10000,8374,63.21127682717427,-35.827381919528996,5.0,B00AU0ALZE
fitsne,10000,8375,64.20937154367599,-42.79393977085329,5.0,B008GWPC1Q
fitsne,10000,8376,49.42876375886218,-51.75428719591928,5.0,B0007LXQBW
fitsne,10000,8377,29.75673444561213,-30.835208422761387,5.0,B07FCHTPJ4
fitsne,10000,8378,23.77634916851922,-30.277671914888398,5.0,B008GMGNBE
fitsne,10000,8379,48.22512046857891,13.050451763098968,5.0,B073SJ7436
fitsne,10000,8380,-0.11514501876081017,13.160559399975787,5.0,B00CB4UCW4
fitsne,10000,8381,-52.91007224903354,14.477324132295873,2.0,B08TCCVSMZ
fitsne,10000,8382,-7.484996182025025,-44.02906148800096,5.0,B08B45R9CF
fitsne,10000,8383,-47.39429823136096,-26.793891004915903,5.0,B086YLVSK4
fitsne,10000,8384,0.2689559043575471,30.54015652773302,5.0,B0843TLRPS
fitsne,10000,8385,-6.996337114987245,24.266353603547028,5.0,B01N7OJNEX
fitsne,10000,8386,62.26163314282405,-8.194877912173467,5.0,B015IYIFTU
fitsne,10000,8387,-6.115153323316178,24.410452635526447,5.0,B077XMWV75
fitsne,10000,8388,-37.119075338683984,52.22304901482327,5.0,B07454F4JH
fitsne,10000,8389,-10.537191265611833,-60.6793441117208,5.0,B07Q5CPHX2
fitsne,10000,8390,-3.0236396572246447,-49.616205138615534,5.0,B08KRC18S8
fitsne,10000,8391,16.14581233394644,-9.842411904373048,5.0,B07GZFM1ZM
fitsne,10000,8392,16.161717545074115,-10.600962148834837,5.0,B01N1X28F1
fitsne,10000,8393,7.232734720370855,-10.873804239138863,2.0,B01K1UKI46
fitsne,10000,8394,22.916155195093843,10.783452155406414,5.0,B006T9B6R2
fitsne,10000,8395,36.71426389926036,20.9105653502326,4.0,B01636P5Q8
fitsne,10000,8396,34.30805281432716,-16.45853744367557,5.0,B000WYVBR0
fitsne,10000,8397,4.642316569215948,-7.152103603131082,5.0,B074M6SXC4
fitsne,10000,8398,61.94610190701973,-25.62061508995352,5.0,B075X8471B
fitsne,10000,8399,-9.401202553576237,15.634976543788254,3.0,B0111XJXIE
fitsne,10000,8400,40.11988718652607,0.7404874914314612,5.0,B09GLZ94XX
fitsne,10000,8401,-18.72709734506507,-29.668341115002725,2.0,B0C5ZCFXB6
fitsne,10000,8402,42.02052054387367,-23.556369371546914,5.0,B08KZ1TZYB
fitsne,10000,8403,46.162826932974724,-23.356202947544514,5.0,B01J90ONQ8
fitsne,10000,8404,58.53820110683271,4.949314963316905,5.0,B01LX3GTZ0
fitsne,10000,8405,40.94012045878596,18.423740173695904,5.0,B071HXTMWV
fitsne,10000,8406,45.964714525678104,14.039544710660085,3.0,B0007KPRU6
fitsne,10000,8407,-17.505927039378516,-32.65992126156863,5.0,B000ABTP8C
fitsne,10000,8408,-19.62061122401765,-11.473269976338878,5.0,B077M3B33F
fitsne,10000,8409,6.723878932432776,-0.12452701389748132,5.0,B07H3W1FD8
fitsne,10000,8410,-19.188628727082303,-11.183032739996797,5.0,B07JBHB63N
fitsne,10000,8411,24.47582549350262,-21.25918676820087,5.0,B005IW3HM8
fitsne,10000,8412,43.92583942569267,17.11266053748362,5.0,B073YM36ZD
fitsne,10000,8413,35.09778263794621,49.3501591995063,5.0,B09C4KQRHP
fitsne,10000,8414,41.975998756256125,20.562067100087077,5.0,B01DQM3DQ6
fitsne,10000,8415,53.74351971295302,6.070301753719154,5.0,B00466YF9G
fitsne,10000,8416,8.520023591172734,-4.620730507250609,4.0,B089BWXRGJ
fitsne,10000,8417,16.163013541958428,-8.85730753886751,4.0,B089PCBJ45
fitsne,10000,8418,-25.53362099498389,-1.469115524654151,3.0,B07Q1CVZ9P
fitsne,10000,8419,68.42216734624874,-6.816750019386119,5.0,B00NKZ5R28
fitsne,10000,8420,23.834070639901626,-53.59337937421421,5.0,B00QOQU95K
fitsne,10000,8421,-46.80658949531048,-13.267839954721627,1.0,B0006N3EVS
fitsne,10000,8422,40.23944929013905,-37.23598382520564,5.0,B002V5AYAS
fitsne,10000,8423,-8.468433989079143,65.6427253859164,5.0,B008RBHP98
fitsne,10000,8424,31.39824608434983,42.422426220490145,5.0,B0CFCW881C
fitsne,10000,8425,-18.059707247803885,-1.6793833654604222,5.0,B09S6QPQFS
fitsne,10000,8426,32.65714230483869,40.00068538161454,5.0,B07ZSBXMVB
fitsne,10000,8427,-40.437956795431134,28.99369368894958,5.0,B08PFN3CMM
fitsne,10000,8428,6.079275329549778,10.418981169127415,5.0,B0796VRYV3
fitsne,10000,8429,-57.44439400464698,15.859336657657105,5.0,B08P57SRLD
fitsne,10000,8430,20.02694913678976,6.380353300217295,5.0,B09Z6S8C7W
fitsne,10000,8431,-36.597176195345796,41.130034430596574,5.0,B00E5TQ3OY
fitsne,10000,8432,-49.66327976414257,-9.690672560314434,5.0,B07SMNZK8H
fitsne,10000,8433,-12.59559559961936,-6.042990276949264,4.0,B014YN7LVE
fitsne,10000,8434,13.723114172093663,-18.36664628559573,5.0,B07RCMTLHD
fitsne,10000,8435,37.80713737501901,-23.450502270521486,5.0,B0B2DD1SC2
fitsne,10000,8436,28.186294867598182,-23.5421681801485,5.0,B07NPFJJ7K
fitsne,10000,8437,-33.670385833344525,17.040564050446307,3.0,B014FEM0X6
fitsne,10000,8438,37.56940233111013,-18.846419686865254,5.0,B073JWXGNT
fitsne,10000,8439,24.82665038065195,-28.575893746049932,5.0,B01H3KTZUK
fitsne,10000,8440,-49.40188925096202,7.142448258191168,1.0,B07Q2SJNZ5
fitsne,10000,8441,-13.626735939534141,23.1195127594358,5.0,B074ZN2FD1
fitsne,10000,8442,-42.67963468393559,-23.970338512738383,1.0,B00IF70T4M
fitsne,10000,8443,-24.727842718736436,-48.32681712974133,4.0,B00FJILVDS
fitsne,10000,8444,-18.345042485350977,21.95191462698782,1.0,B016I3T3CI
fitsne,10000,8445,30.349078001358766,-51.226417383130915,4.0,B010BWYDYA
fitsne,10000,8446,-6.884073494457769,-1.6249858113230775,2.0,B083TH1B45
fitsne,10000,8447,18.772840702997737,-22.29372286040178,1.0,B07DHDFW5V
fitsne,10000,8448,8.937209769562473,14.795454186885863,5.0,B07D99QDVD
fitsne,10000,8449,39.025007397124725,-38.66307269004143,5.0,B01N2PIJFU
fitsne,10000,8450,66.53488566904818,-23.009268004735294,5.0,B08D7JPKLZ
fitsne,10000,8451,66.5375025633297,-23.010175657942582,5.0,B07WGPTZHR
fitsne,10000,8452,66.53567223563772,-23.009588622718425,5.0,B07GZFM1ZM
fitsne,10000,8453,39.095329482921244,-4.833819392456186,5.0,B077PW3F3R
fitsne,10000,8454,-24.565013383428898,24.96908061982376,1.0,B07C4LHBGY
fitsne,10000,8455,14.003990040115667,48.4572560131104,5.0,B07Z4CL2TV
fitsne,10000,8456,-14.202547131005808,-12.108039237776463,5.0,B08GGWYRH5
fitsne,10000,8457,15.973788348260644,5.984117664705777,1.0,B07B499PWG
fitsne,10000,8458,-34.63120457840504,-48.83031484765525,5.0,B01KSTSV76
fitsne,10000,8459,-7.947990192651401,-1.9390876581182417,5.0,B01FWTFTSQ
fitsne,10000,8460,48.05233970023652,44.654478730303595,5.0,B00FB50SBU
fitsne,10000,8461,2.0119879659398956,39.493922952374106,5.0,B00CLZ047Q
fitsne,10000,8462,31.294705170285763,42.66622378349067,5.0,B0081SK5BW
fitsne,10000,8463,-4.202682952300334,-61.42650632501895,5.0,B01EL0GY1S
fitsne,10000,8464,-27.20615707889047,40.409200358827555,5.0,B008J0Z9TA
fitsne,10000,8465,-15.033132259680011,8.510185089725788,5.0,B003VAHYQY
fitsne,10000,8466,-9.372639295204877,-49.807118031402425,5.0,B0BBMLD8QT
fitsne,10000,8467,-12.687500224362939,29.34286394107113,5.0,B002TSY0VQ
fitsne,10000,8468,30.372496411896428,-51.240828249731244,5.0,B09P75RTYY
fitsne,10000,8469,26.531114682731733,-3.155479471975707,4.0,B0BY4NTVXJ
fitsne,10000,8470,30.351500123671492,-51.25155126006481,5.0,B075SX8S68
fitsne,10000,8471,68.39051890912613,-10.642757881784481,5.0,B08F6GPRH6
fitsne,10000,8472,54.674350437415086,-40.51030730659268,5.0,B081RNDJY7
fitsne,10000,8473,21.869800028715613,58.442356766052214,2.0,B07Q25VN2S
fitsne,10000,8474,49.16703015464006,-40.27036433442643,5.0,B07PHQ93TV
fitsne,10000,8475,30.36688567579811,-51.25122166930777,4.0,B0B6QVY9VB
fitsne,10000,8476,21.012061319226884,-39.751852896737695,3.0,B01EB6CS6M
fitsne,10000,8477,58.67257341527778,-50.60075713439817,4.0,B079PG7JPP
fitsne,10000,8478,-63.08881928067854,13.376120501524186,1.0,B0CB5LX6MT
fitsne,10000,8479,24.842140705054447,58.76015562022158,1.0,B09QL59Q12
fitsne,10000,8480,-30.18399702982056,-16.5319655198501,1.0,B072HRPC28
fitsne,10000,8481,-2.1947885349948226,-19.47785547495923,1.0,B01BKUB6BA
fitsne,10000,8482,-10.414146234494252,26.682805763528748,1.0,B00AY8VHNW
fitsne,10000,8483,-13.254370946236149,7.018150891980033,2.0,B010BWYDYA
fitsne,10000,8484,35.25652034165905,52.00032294137554,4.0,B08KZQGVY7
fitsne,10000,8485,49.12534190395969,43.94078865380917,3.0,B07STZNWSB
fitsne,10000,8486,-6.519785238762259,65.49923732114907,3.0,B002MMY4WY
fitsne,10000,8487,-39.59851667074107,-1.5697240749896595,5.0,B09XYMSZLL
fitsne,10000,8488,29.83798841931644,40.931714281544934,3.0,B07R8TYD3V
fitsne,10000,8489,49.728870383454634,43.700798974258745,5.0,B0846Y39KQ
fitsne,10000,8490,29.674248486253664,43.00236614229153,1.0,B01K6PBILI
fitsne,10000,8491,22.80861643422722,30.886108776643045,3.0,B016B12PUE
fitsne,10000,8492,-20.14819952162182,54.56796334304955,5.0,B00KGVMBDW
fitsne,10000,8493,38.66064825955407,13.159423958550034,4.0,B0145NTTAY
fitsne,10000,8494,27.7723724867235,11.77779861998341,3.0,B087QP4G7B
fitsne,10000,8495,30.676271973440755,-1.8664563821468327,5.0,B07PPQDW97
fitsne,10000,8496,38.73613565353602,23.31216737984777,5.0,B076H996XM
fitsne,10000,8497,30.143374627611824,-48.24785336762819,5.0,B08P72Y8MN
fitsne,10000,8498,30.370018864708353,-51.25014367411067,5.0,B0949SYKMX
fitsne,10000,8499,57.87088139085885,-26.870050634743535,5.0,B0C6G2BD65
fitsne,10000,8500,64.29048563740508,-39.88015370459924,5.0,B000068P8W
fitsne,10000,8501,-3.215741315901041,-42.83117766734905,5.0,B01DUF3UVC
fitsne,10000,8502,50.83442846301712,1.2930212949529023,5.0,B018UYHBJA
fitsne,10000,8503,43.47560307764856,-23.34450643903091,5.0,B01MEH8J9Z
fitsne,10000,8504,-4.953325172978327,-44.19797780575028,5.0,B073SJD2MK
fitsne,10000,8505,36.303130986487005,-46.15288091346967,5.0,B00J6TVWX0
fitsne,10000,8506,59.87989690301374,-13.390889076394215,5.0,B01FCAALW4
fitsne,10000,8507,31.897575014669613,27.53830084152347,5.0,B00KV698CE
fitsne,10000,8508,-21.5737856328194,67.19848614493701,5.0,B088NMVW4Y
fitsne,10000,8509,5.692958552351863,-37.27420491181207,5.0,B07FP4DVVF
fitsne,10000,8510,-41.573754410133006,-3.7852936980711616,5.0,B0C2Q3DYFY
fitsne,10000,8511,-44.230750766368686,-6.475404511429059,5.0,B0BGS23YKX
fitsne,10000,8512,52.56310089763444,31.58430805706744,5.0,B019EN7TV6
fitsne,10000,8513,-13.543465344763327,12.392536049510271,5.0,B00N2ZDXW2
fitsne,10000,8514,-28.551386637274973,10.33863685352204,5.0,B00Z9QVRS4
fitsne,10000,8515,-26.095643385949668,-23.68730902406185,2.0,B00U3FPN4U
fitsne,10000,8516,2.3188996198616763,3.7664923139931097,5.0,B08CS13Y1K
fitsne,10000,8517,34.70736694312919,7.022576351314394,5.0,B07KQ2P38Y
fitsne,10000,8518,-60.60375214782017,-18.91200195579748,5.0,B0C9HG28Z5
fitsne,10000,8519,-27.44416397995221,3.554911457255213,5.0,B07LGS3RTV
fitsne,10000,8520,19.976434777878307,-2.975374538476514,5.0,B01N91OF9H
fitsne,10000,8521,19.979664657342585,-2.9491483523951576,5.0,B07SRDPZ9Z
fitsne,10000,8522,16.454950166255678,28.813479810433982,5.0,B01CKPDUHW
fitsne,10000,8523,-13.610696218685096,27.757116209649116,5.0,B074BCTX1Q
fitsne,10000,8524,-45.1503348729151,-28.770901206540916,5.0,B001U2DPUE
fitsne,10000,8525,-0.9271293751397396,4.966202620478053,5.0,B007RBSWAK
fitsne,10000,8526,7.524272228000298,-8.630486285860371,5.0,B0002F67N2
fitsne,10000,8527,47.85696780456111,28.22886827265738,5.0,B009LNTBM0
fitsne,10000,8528,3.3708972644682547,26.580072981703154,5.0,B00M8SR4UQ
fitsne,10000,8529,34.81380590417274,52.89377506989456,3.0,B07JWCD55K
fitsne,10000,8530,28.098097177918184,-47.23875549457122,5.0,B01M5K1ZHG
fitsne,10000,8531,42.91524913816709,12.105275424394268,5.0,B071XTGHFT
fitsne,10000,8532,-26.36554116751525,-26.38202787455867,5.0,B097NJJPLY
fitsne,10000,8533,38.12006338216852,-39.72158743924246,5.0,B0BHJRY8J4
fitsne,10000,8534,7.130817201729708,8.564800112562619,5.0,B014FED7V0
fitsne,10000,8535,45.24521814233781,45.20992878872598,5.0,B07BWFNBZK
fitsne,10000,8536,29.55714641495417,26.458173052962504,4.0,B09CQ1117G
fitsne,10000,8537,-17.390076620161057,71.08325025767468,4.0,B0BC264P98
fitsne,10000,8538,1.8403160723509584,40.74659702706032,5.0,B0C7GM1QVC
fitsne,10000,8539,-6.996705137411686,-64.4866812031567,4.0,B07G2DVQD5
fitsne,10000,8540,50.211958728984165,-10.425144892747914,5.0,B073ZF73VD
fitsne,10000,8541,-15.38401637632697,-45.22285499988357,5.0,B08B9XVSHC
fitsne,10000,8542,16.954336597947005,-33.45604382253227,2.0,B0C2JCVNGC
fitsne,10000,8543,36.50330417486294,-23.26125147520362,3.0,B0B219JSZR
fitsne,10000,8544,66.53335833321631,-23.01047981857919,5.0,B07SR9JHQF
fitsne,10000,8545,-19.62711377137234,-16.172311907024227,5.0,B0914FVW5Z
fitsne,10000,8546,18.91706607895229,-22.205632773448542,4.0,B06XHWWJRW
fitsne,10000,8547,-11.561101721941835,50.3134244886176,4.0,B001U5617K
fitsne,10000,8548,-15.76460488135196,-3.3973485780045776,4.0,B00IRMTYA0
fitsne,10000,8549,14.249951550965145,-12.599662553467143,3.0,B004IWPX76
fitsne,10000,8550,18.05047790707741,-21.825843326989848,4.0,B0000BYDKO
fitsne,10000,8551,16.95932280419764,-11.824804472378874,4.0,B000ETQLRS
fitsne,10000,8552,-22.00760455131596,-56.73477449741506,2.0,B0BT9KCJC4
fitsne,10000,8553,17.045265268731068,-27.276807582579178,1.0,B00BWF5U0M
fitsne,10000,8554,69.09438090340376,-38.69002317403051,5.0,B00PFQPX5Q
fitsne,10000,8555,69.0896819079928,-38.68971629037708,5.0,B00MBFPT44
fitsne,10000,8556,69.08206522477485,-38.68736067600015,4.0,B00K57LP4I
fitsne,10000,8557,69.08425838789368,-38.68336723936849,5.0,B07D5CGJCM
fitsne,10000,8558,69.08257112405244,-38.684157757240506,5.0,B07DYWW1P2
fitsne,10000,8559,-18.62651000516911,57.29919039338898,1.0,B004AM5RAM
fitsne,10000,8560,-29.514351431379076,-39.54798928894454,1.0,B000PCCLPU
fitsne,10000,8561,-2.3085153816316923,-73.32935697570247,1.0,B00428N9OK
fitsne,10000,8562,-28.326114667422672,-12.017601373544283,2.0,B004BLK24S
fitsne,10000,8563,-24.35261231849244,-12.236539862463484,1.0,B004K1EOCA
fitsne,10000,8564,-28.076775178780924,-9.536467606929676,1.0,B0015VW3NK
fitsne,10000,8565,19.081545909923268,44.81555524664951,5.0,B07Q2ZKBQS
fitsne,10000,8566,-21.059629151354745,6.336176380386516,5.0,B085LCT6HY
fitsne,10000,8567,64.21340290605951,-42.79798176484863,5.0,B07QPQYC74
fitsne,10000,8568,46.16474837606993,-23.35903746748974,5.0,B074TDR8GL
fitsne,10000,8569,46.16538080304912,-23.36002611870139,5.0,B01BDX9Q6Q
fitsne,10000,8570,45.94058637626792,-22.219716622853475,5.0,B00FZKC38M
fitsne,10000,8571,64.21115132031832,-42.79386309250417,5.0,B08HXZ6Y2X
fitsne,10000,8572,55.14080270574426,-45.32428666054666,5.0,B076VQPBGH
fitsne,10000,8573,60.02336428736634,-39.10508930303593,5.0,B07HN6M7C3
fitsne,10000,8574,-50.573366797809875,3.106408912996219,5.0,B08DTJZCG6
fitsne,10000,8575,-12.18254909216487,16.476060806100904,1.0,B0C94WMF72
fitsne,10000,8576,1.822859270362486,-33.26594519878522,5.0,B08LZKCGQ6
fitsne,10000,8577,1.1175201427901686,-74.93339383643298,3.0,B00Q784UUA
fitsne,10000,8578,42.1182271111639,-16.2802599867845,5.0,B006MCDUZM
fitsne,10000,8579,-6.446609274541643,71.42984203799593,4.0,B08741MW5Z
fitsne,10000,8580,4.404153125198254,-7.972133750824249,5.0,B0BDFF4WD7
fitsne,10000,8581,-33.34570951708233,52.31924203734283,5.0,B0BSF17PM2
fitsne,10000,8582,-48.526898225905605,-11.160550624184625,5.0,B088M291LL
fitsne,10000,8583,37.35781101336834,-18.254209730460932,5.0,B0BJW2XLMR
fitsne,10000,8584,-12.060311833886745,-23.707157294673557,4.0,B07MLY3JKV
fitsne,10000,8585,31.326182569650623,-6.852217110267392,5.0,B075XN1NZC
fitsne,10000,8586,4.396398923354189,-7.951944573836243,5.0,B00UAA4J6G
fitsne,10000,8587,6.344347622400221,-7.912999617347366,5.0,B076HNWDMX
fitsne,10000,8588,3.4655322461706883,-13.816412009246047,5.0,B07KTYJ769
fitsne,10000,8589,-33.242327227366815,52.298685412165,5.0,B09V6Q26GD
fitsne,10000,8590,1.641548257368591,20.511050033011255,5.0,B0C7S8NBJK
fitsne,10000,8591,-42.29178678446875,-28.42923626321046,5.0,B074CGF6ZN
fitsne,10000,8592,-62.797083284297685,-20.0453157391836,5.0,B00O0O0E8U
fitsne,10000,8593,19.85381338126386,-12.209097444864355,4.0,B0762NBZMW
fitsne,10000,8594,-44.73048578846115,-29.967882066902675,3.0,B078WQS575
fitsne,10000,8595,41.63687292824487,-6.653388907054245,4.0,B07456BG8N
fitsne,10000,8596,22.684655724448184,-28.38820232252369,5.0,B014QQE0Y0
fitsne,10000,8597,7.006890982583394,8.76419136127354,5.0,B01I4TE612
fitsne,10000,8598,12.16367791164742,-14.946295536952297,5.0,B00976DCQC
fitsne,10000,8599,-46.11815349078018,-27.059354235597944,4.0,B00006JPE1
fitsne,10000,8600,-42.892025550957,-22.872212856140223,5.0,B000SA7I0M
fitsne,10000,8601,20.01751586305214,-9.88270380614962,5.0,B0037JB75S
fitsne,10000,8602,-47.12856603252077,-26.074579642330878,5.0,B00C9UJLOU
fitsne,10000,8603,23.553650380072785,-27.13502583308364,5.0,B07783VF16
fitsne,10000,8604,30.95258023479802,-32.92408072062491,5.0,B000AAN76Y
fitsne,10000,8605,11.42677798458705,-15.277001218536206,5.0,B09M3TZ3Q6
fitsne,10000,8606,31.92925397039794,-32.60998560099139,4.0,B00GLQAF7A
fitsne,10000,8607,3.570967670409212,-13.940413844257431,5.0,B0BJ1SLJH1
fitsne,10000,8608,-11.195660047576359,-50.29047510025144,4.0,B09QY1BNWW
fitsne,10000,8609,34.23345849207214,-17.20447580937499,5.0,B01BW1RN50
fitsne,10000,8610,35.413032785356194,-15.429687579146737,5.0,B00K95MYDC
fitsne,10000,8611,-46.13732859861262,-26.76829377056555,4.0,B00VTD1UQA
fitsne,10000,8612,21.8820647949854,-10.390601737956576,5.0,B004Z9XG0I
fitsne,10000,8613,11.269308672858319,-15.365848191781328,4.0,B00M5WLZDW
fitsne,10000,8614,10.878454069621146,-15.984529359230786,5.0,B009OVGKTQ
fitsne,10000,8615,-3.6612149921341897,69.3940084893491,4.0,B005QC69FW
fitsne,10000,8616,27.15559289491318,-15.400302549892249,5.0,B004RXKWI6
fitsne,10000,8617,-35.48547825118528,34.08116232265438,5.0,B0BFM2GP2B
fitsne,10000,8618,12.557691263020573,-14.894644113370394,5.0,B00KTEN3TM
fitsne,10000,8619,-44.84308119986559,20.83045811479099,5.0,B013XILRWA
fitsne,10000,8620,21.180941899266468,1.7043472888359623,5.0,B0B6QHB66K
fitsne,10000,8621,34.6939431467367,-16.61481255145318,5.0,B00D6AICR4
fitsne,10000,8622,38.43467891504824,-18.56559732986404,5.0,B00AFX35OU
fitsne,10000,8623,-1.9009099656349495,-36.18562452308337,4.0,B00BN3N0FU
fitsne,10000,8624,37.76106486612441,-18.385254258623576,5.0,B00UP20VV6
fitsne,10000,8625,-7.019065895425279,26.311013828969013,4.0,B00HQ6ZU6K
fitsne,10000,8626,-41.220069764457335,-27.620642809371823,5.0,B08K4FTDW6
fitsne,10000,8627,18.561540622560365,9.082293655844797,5.0,B00BCGRZ04
fitsne,10000,8628,49.042577611871884,33.399931392718116,5.0,B0046EDOWW
fitsne,10000,8629,-16.671856816145596,-39.662179786263245,5.0,B0027VT6V4
fitsne,10000,8630,-15.95588846954533,74.02256909286835,3.0,B0043T7FXE
fitsne,10000,8631,26.231011810301826,-21.420166624622247,5.0,B003ES5ZSW
fitsne,10000,8632,-27.937438936535592,-18.601471005224226,4.0,B00E0J0EL2
fitsne,10000,8633,10.063850710584516,61.24688227385734,5.0,B006GWO5WK
fitsne,10000,8634,11.730460759613106,58.935058396689115,4.0,B00902SFC4
fitsne,10000,8635,-56.341127936884085,-13.719854364869246,5.0,B009A4B6YG
fitsne,10000,8636,9.221350906512516,59.06853079094986,4.0,B01FU08V64
fitsne,10000,8637,-9.860900649556953,-46.6053159711774,4.0,B005FVNGRS
fitsne,10000,8638,43.409483964936044,35.01734114835817,4.0,B0039BPG1A
fitsne,10000,8639,33.981294191251315,25.751437090949246,5.0,B00E8HSNO6
fitsne,10000,8640,5.874221713446002,-31.69683657041586,1.0,B01EW098XS
fitsne,10000,8641,-18.053543443085605,-40.17041694097663,3.0,B0B5LDDVFN
fitsne,10000,8642,-17.265298455176627,-20.230911419970493,3.0,B01K8B8YA8
fitsne,10000,8643,-21.89486926314521,32.99133647048876,5.0,B00J4E8KI2
fitsne,10000,8644,50.17029554938582,-11.569206436778131,5.0,B00501T8XY
fitsne,10000,8645,16.3408208267398,24.38730104040177,5.0,B07BV831R5
fitsne,10000,8646,-47.55065550133538,6.18359447412087,1.0,B00BWF5U0M
fitsne,10000,8647,42.33343751257319,10.633410192241012,5.0,B07X4G3DXL
fitsne,10000,8648,35.229006508399394,29.887371247737903,5.0,B09ZDNLXGV
fitsne,10000,8649,-56.746088922658274,-0.023640116147047505,5.0,B0C6PGZ3MB
fitsne,10000,8650,-7.791506540697626,67.29728649566148,5.0,B00X5P8BJO
fitsne,10000,8651,-30.74081753376334,-24.2693746978433,5.0,B01MTF2Z37
fitsne,10000,8652,-5.99451049616735,-15.023775009787585,5.0,B00C4P6AKS
fitsne,10000,8653,58.5223986022675,-38.02319716285574,5.0,B00LOV6XA0
fitsne,10000,8654,-29.474369406528744,-21.29612142890974,5.0,B00E0J0EL2
fitsne,10000,8655,-23.338494291067686,40.90777327029731,5.0,B01N5QBQJC
fitsne,10000,8656,38.08213407104693,49.40913819381263,3.0,B08CGT1RDZ
fitsne,10000,8657,-14.534479057747182,20.388241916533467,5.0,B01C4UY0JK
fitsne,10000,8658,3.8627048692419352,-63.98976308228044,5.0,B00518DEN6
fitsne,10000,8659,25.13342901845589,-50.525083423218156,5.0,B00DK9A404
fitsne,10000,8660,46.711457073902054,-5.858252036113388,5.0,B00UWV8JLY
fitsne,10000,8661,29.739274444205137,-42.43781732750328,5.0,B005DPFSA4
fitsne,10000,8662,26.576139867119423,-29.820400918766413,5.0,B00C3GIQU0
fitsne,10000,8663,23.973944948447283,29.73705492458619,3.0,B00DQUAEHA
fitsne,10000,8664,-6.44148599617075,72.16480137476597,1.0,B00DN7DMWK
fitsne,10000,8665,60.543768561411945,-11.445947119542337,5.0,B08CVGBDC3
fitsne,10000,8666,4.3596213622465845,-59.40847047580535,4.0,B0B7RWGW3H
fitsne,10000,8667,-61.45461995216039,-18.04480515378921,5.0,B09HH5SP61
fitsne,10000,8668,31.841704871545588,-18.427039287214498,5.0,B07B4HF18C
fitsne,10000,8669,37.14211061932932,-6.529744584632251,5.0,B09NLQ8C4X
fitsne,10000,8670,38.75880539332926,-24.50724287527255,5.0,B0958S8T74
fitsne,10000,8671,54.590771508900474,-22.998849816428734,5.0,B08LPHXW3C
fitsne,10000,8672,35.452410107792815,-25.934144523792135,5.0,B0C5QB1B1X
fitsne,10000,8673,44.77209740779828,-26.35823803558851,5.0,B0C58WY192
fitsne,10000,8674,-48.06534938110862,-4.5026158892381485,5.0,B0BMQJYLQV
fitsne,10000,8675,8.764963250782415,-34.9889977628822,5.0,B076RVWJ42
fitsne,10000,8676,10.296909199322721,-35.806664397902125,5.0,B0928NJJTZ
fitsne,10000,8677,4.108779652229282,-60.08898832369208,5.0,B098K6N6TX
fitsne,10000,8678,34.675689399361474,3.0710166174527616,5.0,B089B6LTLV
fitsne,10000,8679,5.710739239748065,-6.670138907011064,5.0,B07VFRBFZZ
fitsne,10000,8680,45.995772549514655,-22.367799663651343,5.0,B07GWQT4YD
fitsne,10000,8681,38.826401225146746,5.390580288532414,5.0,B0C5RJNG9C
fitsne,10000,8682,2.283489643202247,52.37257746335448,5.0,B01MEG2HXP
fitsne,10000,8683,31.38793883280599,14.58044768176263,5.0,B07YZQBWZC
fitsne,10000,8684,21.61479163991192,-26.78816964870006,4.0,B00IM3P8GS
fitsne,10000,8685,-4.175028676573809,-59.92255838418496,5.0,B00519WNBO
fitsne,10000,8686,-24.943573643816148,-43.306265051605415,5.0,B007Q45EF4
fitsne,10000,8687,-17.1015433685997,-45.23209463566696,4.0,B01LZV6TYQ
fitsne,10000,8688,49.77417186702391,0.43313762800876676,5.0,B09SQ1LJ8Y
fitsne,10000,8689,23.718440507423534,45.47707578870714,5.0,B017D09KHI
fitsne,10000,8690,52.90115604162066,35.997317305394795,5.0,B00O9RRPXA
fitsne,10000,8691,11.949976206861136,-22.91642957959966,5.0,B071GCMLM5
fitsne,10000,8692,50.32871370668938,38.18422125674747,4.0,B071ZD714M
fitsne,10000,8693,22.062836918391074,29.299570648524288,1.0,B00M8K7AXU
fitsne,10000,8694,17.850040570247412,59.24510991079539,5.0,B005KDY8AU
fitsne,10000,8695,25.431651667950117,41.556741559919125,5.0,B008BR4LFE
fitsne,10000,8696,32.97961260264054,-3.4224319688797706,5.0,B0173QNVT0
fitsne,10000,8697,42.471505765163265,-9.491963295004647,5.0,B010BWYDYA
fitsne,10000,8698,-14.112444498029781,17.433903959884372,5.0,B002ISZD2C
fitsne,10000,8699,-43.659228334040634,23.057256916330914,5.0,B077V2BF3C
fitsne,10000,8700,-5.557555187586529,16.639206271556752,4.0,B004AA2Y9Q
fitsne,10000,8701,60.60610890818486,-25.853907999904063,5.0,B07H65KP63
fitsne,10000,8702,35.50112475280555,-13.530175060831162,5.0,B08GJFX4XK
fitsne,10000,8703,10.363085224342655,63.22587206497074,5.0,B09Z3L87SV
fitsne,10000,8704,22.02471159194177,-50.02086983029812,5.0,B06Y2VP3C7
fitsne,10000,8705,-46.040499219124825,18.375918020564686,5.0,B01D0V1CAM
fitsne,10000,8706,55.2790071065801,-38.02164759306008,5.0,B0BL6788GP
fitsne,10000,8707,-27.752053742282193,-59.41966645786239,5.0,B08XPWDSWW
fitsne,10000,8708,-13.626469292127322,-46.14082070016076,4.0,B07S4MFN8Z
fitsne,10000,8709,47.704464689187816,-24.495958829575656,5.0,B07PHQ93TV
fitsne,10000,8710,44.93310733959846,2.362722137010156,5.0,B00V49LV86
fitsne,10000,8711,1.3967543399970928,52.58465588712844,5.0,B00DGM721O
fitsne,10000,8712,-44.34736474027327,4.335388626264729,5.0,B07QKTLJ96
fitsne,10000,8713,8.312074713868446,18.64344305419173,5.0,B008RCERWA
fitsne,10000,8714,-42.99365808322042,14.932012449932907,5.0,B0C2VGGZFR
fitsne,10000,8715,23.466383395019488,39.36848488089345,2.0,B00FAY38QY
fitsne,10000,8716,-2.060215539400743,10.615305662628385,5.0,B00ARBTMGA
fitsne,10000,8717,-29.1794694122908,5.775892586302705,5.0,B01ND0UV73
fitsne,10000,8718,61.0311078254859,-32.16050393003266,5.0,B07GJJC8L8
fitsne,10000,8719,-18.620122281605983,54.196119449032146,5.0,B0092649HI
fitsne,10000,8720,6.0558986547724905,38.56428270244412,5.0,B07DTPD57D
fitsne,10000,8721,-11.469542285467481,-50.83763148985555,5.0,B08Q4LVDFK
fitsne,10000,8722,-16.579499229151065,63.5101253636561,5.0,B00ETHLPZY
fitsne,10000,8723,-1.0939157379647795,-17.684877289995775,5.0,B000LBTXW4
fitsne,10000,8724,-6.819498464166372,66.74933212176231,5.0,B003VANO7C
fitsne,10000,8725,-10.982504480688362,-52.147068609167206,5.0,B0B59QBY9G
fitsne,10000,8726,-1.531620975691306,-31.045295704614873,5.0,B07HZLHPKP
fitsne,10000,8727,-8.952800295252848,19.943790789390096,5.0,B0BW9VV8QD
fitsne,10000,8728,3.3379634227993287,-5.015219312965128,5.0,B08NCM4W1W
fitsne,10000,8729,-1.4714624541252512,-11.053797402751314,5.0,B0BT1TM3S2
fitsne,10000,8730,-8.290473217126266,28.569533494872225,5.0,B001T9NVJS
fitsne,10000,8731,58.215251071538404,-1.3618909854586458,2.0,B0BG5HRTGL
fitsne,10000,8732,29.27920313130709,-53.91785963303586,3.0,B0C6KQTXMZ
fitsne,10000,8733,47.59293831017386,-12.042270597708082,5.0,B007ZHXFJY
fitsne,10000,8734,-27.015464949219968,-34.77370360469952,2.0,B06XGWGVQG
fitsne,10000,8735,26.65786571232022,51.716868888655874,5.0,B071XJ1GT6
fitsne,10000,8736,60.073405422534755,-37.12026070991864,4.0,B07BFTKJQN
fitsne,10000,8737,61.07426301480336,-13.005333305371083,5.0,B004KNO59K
fitsne,10000,8738,18.34850474078622,-25.92796268084694,5.0,B00U84SJRO
fitsne,10000,8739,30.462554884023042,35.718438419386345,1.0,B0109Z633I
fitsne,10000,8740,36.76485520333714,-46.31106656788012,5.0,B084VFH8MT
fitsne,10000,8741,-6.76283485280942,-32.903305724099894,2.0,B09F3QS8FM
fitsne,10000,8742,-13.253899776042584,6.977360965532145,1.0,B07H8WS1FT
fitsne,10000,8743,20.24222098340405,51.51207219048311,5.0,B089229X4R
fitsne,10000,8744,32.66052315644709,14.27821021065377,5.0,B088X4982Z
fitsne,10000,8745,13.165376296673342,-31.83190295651422,3.0,B07RHVNFQ6
fitsne,10000,8746,40.27703159591622,7.064123359191153,5.0,B07ZYGQ1FC
fitsne,10000,8747,65.51526277003319,-38.16651380772285,5.0,B0BJW5LJ4J
fitsne,10000,8748,-1.2326644562700864,-47.54143650561087,5.0,B08XPWDSWW
fitsne,10000,8749,-1.2412272627883767,-47.60051636065136,5.0,B08XNCHTCY
fitsne,10000,8750,21.008477545329104,7.873000351806649,4.0,B07MTCMHZX
fitsne,10000,8751,31.952944354836685,14.3706300483208,5.0,B07BVPL7PB
fitsne,10000,8752,22.314824938115677,36.75042145221433,5.0,B07LGNLFP5
fitsne,10000,8753,-50.46130301395173,-7.480588660638619,5.0,B07F9R1F1L
fitsne,10000,8754,45.60392624485339,-53.68829035435823,5.0,B075L7DDMJ
fitsne,10000,8755,45.42392683586982,-53.946329723429585,2.0,B07D13N5PX
fitsne,10000,8756,45.578762091252294,-53.72373939143752,5.0,B08M5KCX78
fitsne,10000,8757,45.566476386760755,-53.532083816988056,5.0,B00WG0JZOE
fitsne,10000,8758,61.946094616351196,-25.62059651220622,5.0,B09L52XKBD
fitsne,10000,8759,29.344505785485,-36.46091297262863,1.0,B01NBTFNVA
fitsne,10000,8760,23.957920310834563,44.40618346426819,5.0,B010B2BCHG
fitsne,10000,8761,12.847892301889484,44.63680625121004,4.0,B004MBGFRA
fitsne,10000,8762,-3.810918715436498,-49.41349947219785,5.0,B0B462WKM7
fitsne,10000,8763,-66.16798172655773,-18.53403651079998,5.0,B07MN6J8JW
fitsne,10000,8764,32.87452365486866,-21.271826368837626,1.0,B07FPRZ69X
fitsne,10000,8765,21.775024388035078,-25.649496758854763,2.0,B075X8471B
fitsne,10000,8766,-9.043532432014757,-21.384154971401784,5.0,B07FQDMKFT
fitsne,10000,8767,19.58531929003922,-33.72289775562353,5.0,B0C7Q3X76Q
fitsne,10000,8768,-30.661936671710603,-24.52493281452181,5.0,B07VXXBTX4
fitsne,10000,8769,-13.712519508806047,-21.94061897625202,4.0,B01K8B8YA8
fitsne,10000,8770,-30.928596108121788,-17.56604088529471,5.0,B00LD3Q56G
fitsne,10000,8771,22.528307036719283,-24.01919344531674,5.0,B01CW4BG4K
fitsne,10000,8772,43.40739302043339,11.350934291644519,5.0,B07RCMTLHD
fitsne,10000,8773,30.304020330543228,11.280253962179009,5.0,B06XRTFG29
fitsne,10000,8774,13.356409567391601,2.8622551158050835,5.0,B0095PZHPE
fitsne,10000,8775,8.510795310538713,40.96118553001,4.0,B07RZXNBVZ
fitsne,10000,8776,-12.500575675377457,-60.54432571168491,1.0,B083V1J96K
fitsne,10000,8777,49.75761481836585,-11.015750876673867,5.0,B00LZKIHRC
fitsne,10000,8778,16.328016273567233,-9.530325656188417,5.0,B075L7G2N7
fitsne,10000,8779,-19.09096107210313,-14.375298723315106,5.0,B07WDN2ST4
fitsne,10000,8780,7.973531070009211,16.660292298515497,5.0,B07WHTQW4X
fitsne,10000,8781,-4.019271324066994,-58.35114687449978,5.0,B0BJXSGLFJ
fitsne,10000,8782,54.517218412732056,-23.039729990903783,5.0,B09JQLTLG3
fitsne,10000,8783,58.89197694029652,-24.094686962611657,5.0,B09MMWM2Y8
fitsne,10000,8784,-11.323878421589285,-64.03330759795513,4.0,B07VD3M6M3
fitsne,10000,8785,-25.036344618305737,-23.461939822017996,5.0,B075X8471B
fitsne,10000,8786,16.63653873064187,46.07627924239655,4.0,B0742CM7T8
fitsne,10000,8787,-9.933861347172982,17.975295771783504,5.0,B06XPSGS4W
fitsne,10000,8788,25.27304516168376,-6.5442426626340655,5.0,B01M104VJD
fitsne,10000,8789,-3.216353749064314,-43.32023290925183,5.0,B07RX8B9TW
fitsne,10000,8790,-62.21529464396672,-18.126683734352405,5.0,B07V4WSHD2
fitsne,10000,8791,19.378380626633003,24.74908032438598,5.0,B0BQRVK3BG
fitsne,10000,8792,7.052859560688415,62.32984808673981,5.0,B00KDROTZM
fitsne,10000,8793,2.0039193180320045,-10.992778776067759,5.0,B07S6X2D8C
fitsne,10000,8794,-22.1919250427618,67.20799706437771,5.0,B07J4XWXTR
fitsne,10000,8795,-7.340458616366335,-1.1572893743800499,5.0,B07PQHH5PB
fitsne,10000,8796,12.075281526879479,-10.11703734018748,5.0,B01M3PZ2JQ
fitsne,10000,8797,-7.394099775879023,-65.18034435899189,5.0,B08XNCHTCY
fitsne,10000,8798,6.072785187828558,22.919799222093204,5.0,B08K8W68BX
fitsne,10000,8799,-33.2572947576625,-54.042791847485276,5.0,B08TMGTH7N
fitsne,10000,8800,-13.792049441607107,-23.694504417464543,5.0,B07H65KP63
fitsne,10000,8801,-11.436099710345735,23.268768280376477,5.0,B07YT5FVNM
fitsne,10000,8802,-31.248702349745397,-24.102336587786954,5.0,B0791TX5P5
fitsne,10000,8803,-69.598242108952,-21.03596330829435,5.0,B01MSTB5KW
fitsne,10000,8804,-20.79732220161237,3.6593970331134384,5.0,B01MY7VEFC
fitsne,10000,8805,-5.756482833744689,27.292726359122348,5.0,B01HH8H2WQ
fitsne,10000,8806,27.26756702261689,-53.06723842609199,5.0,B00O1RTQJE
fitsne,10000,8807,-38.36851817139156,-1.6704436898608792,5.0,B08ZT2BTZ1
fitsne,10000,8808,-30.582564086918648,56.4686685057786,5.0,B010CBASS0
fitsne,10000,8809,-35.344363277354795,-48.26832100224859,5.0,B01N75TWSA
fitsne,10000,8810,-8.018713177051264,35.20963060940854,5.0,B009RUZ7TS
fitsne,10000,8811,-36.21403262866639,-39.77995228918006,3.0,B005LEXA2K
fitsne,10000,8812,-61.71127825897531,-19.904373759851993,5.0,B08JPHJX5S
fitsne,10000,8813,-34.19375313795418,-23.056454818867426,5.0,B075X8471B
fitsne,10000,8814,22.58697144787777,37.87123318656345,5.0,B00N1X40WW
fitsne,10000,8815,-7.767267432265496,28.206662323126984,4.0,B0075VFJKS
fitsne,10000,8816,-30.013277356095415,8.134187720942831,5.0,B000C12GH2
fitsne,10000,8817,11.852330858156327,3.3365287936456776,5.0,B0077L8YOO
fitsne,10000,8818,21.300449246177152,31.586317615190733,5.0,B0BTYP1CWP
fitsne,10000,8819,35.712444494306396,0.4148228225740257,5.0,B00F0IQTE8
fitsne,10000,8820,24.39935571566551,45.90880986466084,5.0,B072QXJPG9
fitsne,10000,8821,-3.312219383558075,-67.25260663559699,5.0,B007136E1S
fitsne,10000,8822,-3.0824795746929885,6.705360456375675,5.0,B086Q94W37
fitsne,10000,8823,35.01390764223313,-8.733953136452405,4.0,B081K9C3Q1
fitsne,10000,8824,45.63982067074837,-0.0069152713220913195,5.0,B01MQWUXZS
fitsne,10000,8825,34.805162464237306,-8.659778914381926,4.0,B07MPSFJSZ
fitsne,10000,8826,48.091929916107375,-2.7684768544142146,5.0,B07P61KDSK
fitsne,10000,8827,-15.517264253292351,-45.92698082422275,5.0,B07146G1RF
fitsne,10000,8828,-39.14855628693931,1.8810624702791188,5.0,B0841M2SCJ
fitsne,10000,8829,-55.13021003527053,-10.053113231036676,5.0,B0BZGV4PDL
fitsne,10000,8830,-8.55520283266986,-29.860963197456236,5.0,B09QCC1SP1
fitsne,10000,8831,-45.09558789942095,-9.557368292918714,5.0,B09Y89FYTD
fitsne,10000,8832,-36.61593056117021,24.093578179062344,5.0,B0C2P7CNWG
fitsne,10000,8833,23.830838743287618,13.308489791858667,3.0,B09MTSLT2T
fitsne,10000,8834,11.190919671709722,-33.75117424057803,1.0,B09K3VN4S1
fitsne,10000,8835,-0.13257992077395966,-65.8931147346656,5.0,B08ZKC3M12
fitsne,10000,8836,-7.429660429812021,-49.64918410646238,1.0,B08R41TDR2
fitsne,10000,8837,18.21537427845728,20.448139142485164,5.0,B08MWXCN68
fitsne,10000,8838,31.709441392363352,-6.718781125588027,5.0,B07CHN8Q6C
fitsne,10000,8839,33.40340950859835,-4.5559927849014885,5.0,B07CLBNM1C
fitsne,10000,8840,54.22988785664435,35.632597302909865,5.0,B0772NK2JP
fitsne,10000,8841,-8.498497018360196,19.078672231401633,5.0,B0BHFGL8H8
fitsne,10000,8842,2.953504875126603,39.256295268673284,5.0,B07WJJ7TWY
fitsne,10000,8843,2.7065009286358865,39.28560700181813,5.0,B07WJJ7TWY
fitsne,10000,8844,24.710698295529244,-16.68685406377294,5.0,B07Q37N4TD
fitsne,10000,8845,0.05006942261682873,11.769306185884819,5.0,B085FS21T4
fitsne,10000,8846,-58.306583154745184,-6.99288809770057,5.0,B07RL3MMDF
fitsne,10000,8847,-57.47057913566794,29.63840366387933,5.0,B073ZNX5JR
fitsne,10000,8848,-4.794789787163824,-52.57727570467332,5.0,B08BG7J2MN
fitsne,10000,8849,20.327307979952344,-39.26037880190955,1.0,B07HLGT6HH
fitsne,10000,8850,37.79698270642623,8.612779748013535,5.0,B01HNRWGWW
fitsne,10000,8851,-19.31039385537922,-28.83361892712089,1.0,B08G45Z8QB
fitsne,10000,8852,50.9337706081373,0.3289751730026103,5.0,B09XQZY2CH
fitsne,10000,8853,-52.30036990305374,20.433496428358634,5.0,B08XYC4R9F
fitsne,10000,8854,-6.198569581913262,-1.7794567088869413,5.0,B00NKYYMAW
fitsne,10000,8855,23.316434183537318,30.116785348591144,5.0,B07PV7RXMY
fitsne,10000,8856,-5.543477231877811,-49.042584391043206,5.0,B0C72D4J46
fitsne,10000,8857,-5.24935382027716,-73.0529754155028,5.0,B0C2Q17PND
fitsne,10000,8858,-2.8335550974567374,-70.20878879482885,5.0,B01N754J9X
fitsne,10000,8859,-42.599775602756985,-4.037905730299997,2.0,B075VN5726
fitsne,10000,8860,-36.34112379639651,0.5379796165138286,4.0,B07K6K87MB
fitsne,10000,8861,-59.24018139538093,37.97125961280068,2.0,B0B9M9H977
fitsne,10000,8862,20.039976671511504,60.86229565357223,1.0,B0C5SZ464W
fitsne,10000,8863,19.05634601464548,59.83030078243132,4.0,B087DPB298
fitsne,10000,8864,-10.78244954130689,25.90274409413438,4.0,B0BNT7CQCH
fitsne,10000,8865,24.245310716414192,28.19951682802453,5.0,B07BGW4D2Q
fitsne,10000,8866,5.7569403041662826,51.83854370597326,5.0,B076BPM5HW
fitsne,10000,8867,17.997320480312663,49.41095726558695,5.0,B012HGRTLC
fitsne,10000,8868,1.991229544201506,54.751125261782235,5.0,B01FWT4V12
fitsne,10000,8869,20.958847888439873,29.87384793331844,5.0,B00FGI3CBU
fitsne,10000,8870,7.5698692622173045,61.082449558305996,3.0,B00D38XF6M
fitsne,10000,8871,11.379914160622171,58.901210168256476,5.0,B00DR0B6XK
fitsne,10000,8872,-8.496994349133784,-65.96363533603622,3.0,B0BHWYQ47Y
fitsne,10000,8873,32.45231403350648,-12.34504448173663,2.0,B089S37WLH
fitsne,10000,8874,-26.438336192041366,-26.106766319527427,5.0,B0BMQ15Q65
fitsne,10000,8875,21.669674861533586,-13.960425618078293,5.0,B07NTRSXGS
fitsne,10000,8876,-7.1389830937389505,6.600399288504118,5.0,B0BM2YG2K7
fitsne,10000,8877,-7.571593067549397,-21.842435850966144,5.0,B0BP9Z1LB5
fitsne,10000,8878,22.246770239746766,-13.962277499210492,5.0,B07PC129ZC
fitsne,10000,8879,-56.963396927869574,36.06603129308623,5.0,B0B5DFFJ6S
fitsne,10000,8880,38.921213227068044,-31.092129115133364,3.0,B01EB6CS6M
fitsne,10000,8881,-13.288377921703855,-57.47961960659829,2.0,B091GHBXWG
fitsne,10000,8882,49.72149502859408,0.8923563648910956,4.0,B088HJXY2N
fitsne,10000,8883,16.96928640884321,42.48026130382294,5.0,B08X6KB2YX
fitsne,10000,8884,22.95675379024215,6.368008146562733,5.0,B0BGCDYQQY
fitsne,10000,8885,27.053838098320423,-14.422451313891871,5.0,B07G8NP3LL
fitsne,10000,8886,-5.566086844636564,-35.796464868564186,5.0,B0C211KFK4
fitsne,10000,8887,-56.057304100128476,-6.824843299300756,5.0,B00O1RTQJE
fitsne,10000,8888,-20.09829002363844,54.585498684623886,5.0,B07GS2X6DD
fitsne,10000,8889,-67.85104074533058,-24.42202990599037,2.0,B014YN7LVE
fitsne,10000,8890,-2.671017484167007,-49.975586071329055,5.0,B084ZJLLSX
fitsne,10000,8891,13.693489316464339,-18.414210298029456,5.0,B08F46G9KV
fitsne,10000,8892,-62.05565226949813,-20.787420985988184,5.0,B09VYMTDF9
fitsne,10000,8893,-47.25749208102235,12.669440683153576,5.0,B08YDSSD7P
fitsne,10000,8894,20.98780985486158,-27.39655803658298,3.0,B07TY1CLDN
fitsne,10000,8895,43.23651329672364,-42.83233860465018,5.0,B07KBW29P8
fitsne,10000,8896,-38.0043256757905,-6.9045415531480145,5.0,B07GZFM1ZM
fitsne,10000,8897,-64.71130720696802,-22.044303607366103,5.0,B06WP29NHV
fitsne,10000,8898,28.629077177460122,49.23844032851827,5.0,B005H8IFB6
fitsne,10000,8899,-34.52147698420225,24.099538877226426,1.0,B00Q64O4KQ
fitsne,10000,8900,43.76174685729523,-4.461581342318906,5.0,B011HNJENW
fitsne,10000,8901,-13.214668395107498,-48.79225871751173,5.0,B00LRTMG7S
fitsne,10000,8902,-13.228092156598287,-48.635866991588976,5.0,B0C2VCQT3R
fitsne,10000,8903,9.687606509054747,15.125271652921,5.0,B07MJTPGGW
fitsne,10000,8904,-42.8502363369424,-12.828918108501147,5.0,B01MS39GX8
fitsne,10000,8905,-42.99940998787001,-13.01310978746304,5.0,B076H7HV8B
fitsne,10000,8906,32.0873394573156,-17.664874784841654,5.0,B07GPGVYGX
fitsne,10000,8907,-14.44327775412561,-46.65008680243539,5.0,B00N40XALY
fitsne,10000,8908,2.741181815632085,-13.565360484184257,5.0,B07CQ8Q22G
fitsne,10000,8909,8.430289997400319,23.69631438056348,5.0,B0085JBI6S
fitsne,10000,8910,-50.45868154011716,-7.374206250526629,4.0,B00NH131LY
fitsne,10000,8911,-50.16629398925274,-8.978563721673419,5.0,B01278555M
fitsne,10000,8912,-5.802775159837324,1.1787096663878573,5.0,B01KF2V9P2
fitsne,10000,8913,-41.204097685467865,-2.02494515771725,5.0,B09YJXSPPW
fitsne,10000,8914,8.396537438843575,23.719980043182485,5.0,B0053T5QPW
fitsne,10000,8915,8.414154470129503,23.734122078872495,4.0,B00HHLBRTI
fitsne,10000,8916,-69.69221867915043,-20.986117145958538,5.0,B07XPQF1FJ
fitsne,10000,8917,-39.68167512670276,-27.765410801060174,5.0,B00K3EPYP4
fitsne,10000,8918,-31.00252398048436,48.92562479623076,5.0,B013CCTM2E
fitsne,10000,8919,-7.845778245190972,1.575300184274356,4.0,B01GE19HMK
fitsne,10000,8920,27.571651479121122,48.02619402571749,5.0,B01LY1TAFR
fitsne,10000,8921,-9.872977098475339,63.62858384619454,5.0,B07BHGMNM5
fitsne,10000,8922,-16.047695048528748,-32.95038420379156,4.0,B0016BQECA
fitsne,10000,8923,24.36082874151831,43.615372422209276,2.0,B01MTF2Z37
fitsne,10000,8924,-15.737076904207301,-13.069394060686168,4.0,B09JLSN7LH
fitsne,10000,8925,41.24751423487144,-22.669785308395586,5.0,B07BGFJGGP
fitsne,10000,8926,41.2476388196107,-22.67081911667878,5.0,B07F4P3JH7
fitsne,10000,8927,50.40327936257286,-35.62574994789275,5.0,B01GI29AG8
fitsne,10000,8928,44.58374722994213,1.9390941505654533,5.0,B07SC1GP3C
fitsne,10000,8929,-45.3854440513379,27.23292637661126,1.0,B004CAJU8W
fitsne,10000,8930,44.51563801693536,12.587876395465718,4.0,B00CPVDWHA
fitsne,10000,8931,12.896184604672863,54.52180949272695,5.0,B00S5J7UWY
fitsne,10000,8932,12.973871045303195,54.525071140279984,2.0,B00RRFMVEE
fitsne,10000,8933,-22.81915172773826,66.95608930843993,2.0,B0B4SWZTZ1
fitsne,10000,8934,-29.28568228011635,-20.946086386006122,5.0,B075XN1NZC
fitsne,10000,8935,-5.852089534388464,-1.083589005300113,5.0,B07KXN4KH8
fitsne,10000,8936,3.5388785505157356,62.034574419750875,5.0,0345803507
fitsne,10000,8937,54.9360859198472,-40.59160236322106,5.0,B0BLPBRLZ9
fitsne,10000,8938,-15.650212092422084,-38.29826835014476,5.0,B0B25GGTLY
fitsne,10000,8939,53.91645429427393,-3.5261740040196243,5.0,B0BGSFH998
fitsne,10000,8940,31.893627824942513,14.339041397041933,5.0,B07PNFZHLH
fitsne,10000,8941,62.188924027332526,-26.29323566800322,5.0,B0BC4KR4MG
fitsne,10000,8942,-5.115507414472164,-43.07530172192933,5.0,B078PR4486
fitsne,10000,8943,55.454592996313266,-23.33804687765056,5.0,B08HJHKCNM
fitsne,10000,8944,30.053864461214943,-17.360718628832238,5.0,B0C14L1HPS
fitsne,10000,8945,-37.926605793410076,10.085880388697207,5.0,B01N4NS31O
fitsne,10000,8946,59.589347022528926,-38.629126829037205,5.0,B07LG5WBTS
fitsne,10000,8947,-8.718264151576685,25.153121683891456,4.0,B0BF59V2F7
fitsne,10000,8948,25.153580857567878,-51.096975751415066,5.0,B08228ZBSL
fitsne,10000,8949,31.804663414835847,14.30778267217984,5.0,B07PFHBVSL
fitsne,10000,8950,44.42219053676803,-43.03149664868424,1.0,B08KRC18S8
fitsne,10000,8951,32.30738225927121,-26.548794983359155,5.0,B09T52XXVR
fitsne,10000,8952,-3.416152261870441,41.30996595391219,2.0,B0BPWG9DBX
fitsne,10000,8953,-11.812421758904616,73.30509519451331,1.0,B0006GDC1M
fitsne,10000,8954,9.946156222758209,64.17621761406862,4.0,B07N8VFFNS
fitsne,10000,8955,23.427569168553937,-10.823902446338751,5.0,B010BWYDYA
fitsne,10000,8956,61.32579903922552,-35.92937580432813,5.0,B00I0G8GNY
fitsne,10000,8957,60.83039507670741,-39.87934590207971,5.0,B00A1ACI36
fitsne,10000,8958,64.37744479450033,-38.66617525901762,5.0,B00LQL91I4
fitsne,10000,8959,41.08292457119133,18.196268474613294,5.0,B00EUUZMGI
fitsne,10000,8960,-16.599401292726544,-3.487791550766136,5.0,B07NX9VY1C
fitsne,10000,8961,29.770605587886898,31.383495041806736,5.0,B01F9RGOI0
fitsne,10000,8962,2.724690437015679,-15.827828227780559,5.0,B08GF1H7RZ
fitsne,10000,8963,23.097438032348702,-32.16698414103366,3.0,B008KVUAGU
fitsne,10000,8964,-4.170506057140839,-29.285301616511408,5.0,B00CWWF9KK
fitsne,10000,8965,-8.4430474934403,23.24037297796985,5.0,B0013BM7TW
fitsne,10000,8966,40.27917565514264,35.4400772222104,5.0,B00091S0WA
fitsne,10000,8967,-8.542688657427977,23.66770737654498,5.0,B006K555EU
fitsne,10000,8968,-12.987230187031882,-57.591707467215535,5.0,B00P2E000O
fitsne,10000,8969,37.69243583724353,53.07471441028898,5.0,B00C1EGPR0
fitsne,10000,8970,-13.271899836113626,-49.959354166422735,5.0,B009DNL19O
fitsne,10000,8971,-18.10447280055235,-44.692060058175784,4.0,B007OYAVLI
fitsne,10000,8972,-12.209430247077592,-53.48833401280447,5.0,B09SMNKMFH
fitsne,10000,8973,32.14698489103402,29.503734348933538,4.0,B0033ZSDL2
fitsne,10000,8974,-41.93128764332438,11.855119948388104,3.0,B0B18M2Q3R
fitsne,10000,8975,46.70929829777601,-16.269599676927985,5.0,B01F854ZPC
fitsne,10000,8976,0.06425125200789104,53.24255054269603,5.0,B00D3F9H62
fitsne,10000,8977,24.664012271875258,-50.15254210998953,5.0,B00SE8UKHI
fitsne,10000,8978,26.278303854228586,-54.7809413841064,5.0,B0785NMZFJ
fitsne,10000,8979,26.277150176963374,-54.77830297814286,5.0,B00CUJIA42
fitsne,10000,8980,26.277697900759694,-54.778647437707306,5.0,B01BKUB6BA
fitsne,10000,8981,21.926071258300063,-30.64639660204592,1.0,B00KQI1MK8
fitsne,10000,8982,50.40512679333729,-35.62189754900743,5.0,B00Y1BWM3W
fitsne,10000,8983,25.406592685189842,-51.08582956864147,5.0,B00FA4Y82W
fitsne,10000,8984,22.303697877276754,46.033928427745366,5.0,B003LNKAT4
fitsne,10000,8985,-59.38592476885451,24.506720633938663,5.0,B0BB6RBYJ6
fitsne,10000,8986,-59.45736833632585,24.644523670275536,5.0,B002PAR0K6
fitsne,10000,8987,41.802276103728026,42.643253604103464,5.0,B0777SJZ55
fitsne,10000,8988,-10.290893330743428,9.041123336828582,4.0,B07YFD37SF
fitsne,10000,8989,-37.8114933680262,52.54934386924452,4.0,B00KR4XB64
fitsne,10000,8990,-7.24562062803541,24.358999764461217,5.0,B0771VF9TJ
fitsne,10000,8991,35.3868881486536,-12.643281252087771,5.0,B0859VXQF9
fitsne,10000,8992,-48.71087630518323,33.51254859093684,5.0,B0BQHKBGK3
fitsne,10000,8993,-19.04766852734182,-44.47346371507862,5.0,B0B62PR5FN
fitsne,10000,8994,-15.202742105688499,20.52854577895838,3.0,B0B278F7HQ
fitsne,10000,8995,-48.26476255763439,33.700801119476125,5.0,B09WMNMJ4R
fitsne,10000,8996,-56.60613150295921,5.29340770270058,5.0,B0B28RMNM2
fitsne,10000,8997,-47.096110292546584,32.96065739012126,5.0,B09L19PN2V
fitsne,10000,8998,-20.18812910488248,25.302614318492033,5.0,B08LD44HHW
fitsne,10000,8999,-50.1349842563801,-7.027994614735062,5.0,B0B6VK2363
fitsne,10000,9000,14.506830266669173,5.988256722343073,5.0,B08HHSFT21
fitsne,10000,9001,-19.798207619616136,24.703478085841084,5.0,B0C5XLT6NV
fitsne,10000,9002,-48.120463642418514,34.33926270274687,5.0,B0871ZHCKK
fitsne,10000,9003,2.8945880723534207,42.581079349524416,5.0,B0894QWB7N
fitsne,10000,9004,46.14721560227921,33.60215710928427,5.0,B00IJU0K2Q
fitsne,10000,9005,-28.768387550990536,-0.8097347753097501,5.0,B000BS255Y
fitsne,10000,9006,-19.564310732976377,33.57034948716193,5.0,B00H4BBWGY
fitsne,10000,9007,49.83502861033469,-13.716745519062153,5.0,B00YBBU0KE
fitsne,10000,9008,-14.78427312617496,71.04318169229384,5.0,B00BZC31WQ
fitsne,10000,9009,22.329973094029274,36.627948568839074,5.0,B00CV9M7AO
fitsne,10000,9010,-24.60925847967982,41.527755397344485,5.0,B006MUMLK4
fitsne,10000,9011,-8.442356252192061,38.67189667678451,5.0,B0051XDOZO
fitsne,10000,9012,42.03329382118192,30.638367493327877,5.0,B01BZYZU18
fitsne,10000,9013,41.03841234455785,36.668121957104894,5.0,B00CVED3UC
fitsne,10000,9014,-8.42718028234562,38.76379412054003,5.0,B088BVT672
fitsne,10000,9015,-3.4906574215296002,19.79331276531315,5.0,B006F34ZIY
fitsne,10000,9016,1.857810606386289,31.57553816837639,5.0,B004VEJYEO
fitsne,10000,9017,-3.5681776954902253,19.86799726706033,5.0,B008525P1O
fitsne,10000,9018,2.182834780593984,31.663399501544067,3.0,B0047FHEMG
fitsne,10000,9019,-8.43402570083636,38.70876300366202,5.0,B00GE4MNQA
fitsne,10000,9020,43.09548506123146,36.074652313880286,5.0,B002VPE1WK
fitsne,10000,9021,-27.86243954679678,40.987905890720995,5.0,B0C8633DBV
fitsne,10000,9022,-18.087463692726455,-0.6781995518583441,5.0,B000NPZ4D0
fitsne,10000,9023,38.044021086860916,31.185183735387437,5.0,B0046141OA
fitsne,10000,9024,38.041136967161265,31.18121968137105,1.0,B00GUOPY4C
fitsne,10000,9025,-20.226124177448977,-31.695234265546645,2.0,B001FZQ93Q
fitsne,10000,9026,17.389284355218255,62.54957502640933,4.0,B0063KGRBW
fitsne,10000,9027,-20.70094282110012,-33.54818620329082,4.0,B002FU63SQ
fitsne,10000,9028,-21.990824350354853,-59.64676326164144,2.0,B0BZJ3N9KZ
fitsne,10000,9029,-15.84063644057099,-38.53552251877745,4.0,B0BV6W16MV
fitsne,10000,9030,-12.187475782866752,-25.09656324902381,5.0,B08F1P3BCC
fitsne,10000,9031,-3.5315186292265803,-7.271462609376023,5.0,B07KPT46ZS
fitsne,10000,9032,-55.26457463190439,10.805014817353685,1.0,B00856VHH6
fitsne,10000,9033,-8.482586892884996,-62.572148772412596,2.0,B082THWZF1
fitsne,10000,9034,-6.680189940483791,-41.716053364173156,5.0,B0BG8L1PP1
fitsne,10000,9035,15.7891702345394,-9.972555482750026,5.0,B00HQWLHJI
fitsne,10000,9036,36.476487137997196,21.187823351824953,5.0,B07D1MK7W1
fitsne,10000,9037,25.48098214149119,-51.100959378134,5.0,B00BWF5U0M
fitsne,10000,9038,33.83312712849163,-22.89873864608198,2.0,B0015ACUKC
fitsne,10000,9039,11.052109351021608,24.133745210155922,5.0,B09SB493F8
fitsne,10000,9040,-39.55773517909008,13.109008404090222,1.0,B08JGJP91B
fitsne,10000,9041,5.665064965192622,-68.87064910599342,1.0,B00IVC5XRY
fitsne,10000,9042,36.838065211204636,-6.823737338016436,4.0,B0777YWCN9
fitsne,10000,9043,59.132605736064676,-8.189035812202569,5.0,B07L92L2WW
fitsne,10000,9044,58.75704983777404,-50.626981225381385,5.0,B00IKMHS28
fitsne,10000,9045,58.78681429420291,-50.623678641498586,5.0,B00IVPU786
fitsne,10000,9046,58.69753262384017,-50.61715399530688,5.0,B00HWMPSJC
fitsne,10000,9047,45.664117951395646,0.20491739940655607,5.0,B00UBNCLGC
fitsne,10000,9048,58.84023822363822,-50.58819147075476,5.0,B08KZ1TZYB
fitsne,10000,9049,59.92633260108789,-38.282934923198795,5.0,B01N75TWSA
fitsne,10000,9050,60.175224668426225,-38.28908420033181,5.0,B00NQ9OQU2
fitsne,10000,9051,60.00453323499915,-39.14559156736687,5.0,B00U3FPN4U
fitsne,10000,9052,58.893737182007754,-42.06969829444186,5.0,B00L0YLRUW
fitsne,10000,9053,60.01013250596984,-39.09261127683571,5.0,B00R124LAK
fitsne,10000,9054,58.890578701035075,-42.06898408016273,5.0,B01CRA11IU
fitsne,10000,9055,60.01876278333978,-39.145389397449115,5.0,B016N0RIXC
fitsne,10000,9056,34.051438415922334,26.008201325083572,5.0,B09V9H9MVQ
fitsne,10000,9057,2.8363086049400046,54.872943891105415,5.0,B01N24N9TH
fitsne,10000,9058,58.888925373359896,-42.07060238524811,5.0,B07BV97DCH
fitsne,10000,9059,-35.110488096154256,-17.67650041559019,3.0,B00GR4PSAK
fitsne,10000,9060,22.68863132637582,32.39604196675113,5.0,B00BR485DC
fitsne,10000,9061,35.74274885317505,-15.687216390296637,5.0,B00TC6FKOY
fitsne,10000,9062,14.403335171406132,40.337890903888564,5.0,B018CWI6M6
fitsne,10000,9063,-1.5245549695298741,-4.969991814376023,5.0,B083BR5DJB
fitsne,10000,9064,68.4976191913164,-10.837639285434545,5.0,B07S5JVP78
fitsne,10000,9065,17.51513969964703,-7.861753458577314,5.0,B09Y5NJ3DZ
fitsne,10000,9066,-4.39305460929364,-65.22686229314607,5.0,B07T8FG649
fitsne,10000,9067,-42.34303791731866,-13.504882065030557,4.0,B00SRHXBIQ
fitsne,10000,9068,36.02994904556987,-12.486385098187487,5.0,B06XFXX5JH
fitsne,10000,9069,14.075165429209076,-8.170937328152407,4.0,B0784G52RL
fitsne,10000,9070,-57.4401413640004,21.959147201017334,5.0,B09KV19HQ5
fitsne,10000,9071,-12.034947449943116,57.20010740181986,5.0,B00S0BWR2K
fitsne,10000,9072,5.034926630034626,-11.846251902175796,5.0,B073Z97TVC
fitsne,10000,9073,42.8078610768806,18.692999778153563,5.0,B00XJKC4SE
fitsne,10000,9074,-1.622947376512159,-71.78468696506665,1.0,B0094R4POC
fitsne,10000,9075,60.46438384302649,-24.36452863600452,5.0,B01EKKQ02C
fitsne,10000,9076,42.43737440775405,10.618016837026676,5.0,B018SZT3BK
fitsne,10000,9077,47.74588096465184,-36.8953280978983,5.0,B015NBTFFQ
fitsne,10000,9078,64.45389654668708,-21.584649541104003,5.0,B00I8TU9KQ
fitsne,10000,9079,-9.773878968443588,-44.82005236374304,5.0,B07TJLM1YM
fitsne,10000,9080,-44.26249836455097,1.9414991283396394,5.0,B0BZ15FM42
fitsne,10000,9081,-37.450985431640596,26.888700872207224,5.0,B01EN1PI8K
fitsne,10000,9082,-18.183428418843565,-32.66591668223974,5.0,B004H1M6MI
fitsne,10000,9083,58.00119109658387,-20.59106319505178,5.0,B00JKQKAL4
fitsne,10000,9084,-16.446633046767452,-61.61692587110123,5.0,B071GYD3WV
fitsne,10000,9085,28.15789786139978,-0.2647949153089474,1.0,B009IZ82DA
fitsne,10000,9086,38.01465120834645,-13.567269288287955,5.0,B00C4VSJD8
fitsne,10000,9087,38.403981844034355,12.959666271390615,5.0,B00F8PP3OK
fitsne,10000,9088,-4.779885500334785,10.067296443451236,5.0,B0071KSMSY
fitsne,10000,9089,7.618406620052924,62.01731773539972,5.0,B007HCCNJU
fitsne,10000,9090,-46.78874376147268,9.286599657058694,5.0,B004UW0EMS
fitsne,10000,9091,15.02835916011255,58.670580568053026,5.0,B004SD22PQ
fitsne,10000,9092,7.324154619499773,-12.56251945140665,5.0,B0000AHO91
fitsne,10000,9093,-38.36110036247997,-17.297497916350743,5.0,B073HF74TG
fitsne,10000,9094,-17.68673012584693,-15.028302870772345,5.0,B000P0QD6U
fitsne,10000,9095,9.110434421101708,63.515981402918044,5.0,B005DOK8NW
fitsne,10000,9096,-50.98833645663186,-2.611833923381611,5.0,B007VDMI0O
fitsne,10000,9097,1.3401018088556167,-56.46382132705839,5.0,B005M08NM0
fitsne,10000,9098,3.3368515232971596,61.8042388469255,5.0,B007TMXJK0
fitsne,10000,9099,-6.8230584441780175,-53.74515114519414,5.0,B0084VBF8I
fitsne,10000,9100,50.64510035885683,-11.7308458212874,5.0,B007XTIPH6
fitsne,10000,9101,50.63512638936804,-11.706024420744154,5.0,B09TWVB2TH
fitsne,10000,9102,-46.077242697918024,-8.725371590049711,4.0,B002MZZSGC
fitsne,10000,9103,50.81291868359374,-11.263495586259443,5.0,B000P0S7UK
fitsne,10000,9104,50.87175318801403,-11.64680444904604,5.0,B005755TZY
fitsne,10000,9105,-2.0007810265531893,10.658953707135298,4.0,B0007T26YW
fitsne,10000,9106,-18.40604114888403,-14.913031655366645,5.0,B00011R47U
fitsne,10000,9107,14.559526527981584,-5.578235259414291,5.0,B09S35XDHK
fitsne,10000,9108,52.133910881875885,39.34161542077246,5.0,B09794SBLT
fitsne,10000,9109,-32.4848570542308,44.36394728345539,5.0,B0BRZFGB6R
fitsne,10000,9110,19.79207321212228,43.421469831880394,5.0,B07XY2ZKYB
fitsne,10000,9111,-13.706147423722399,-22.764784952007542,3.0,B07GZFM1ZM
fitsne,10000,9112,-0.43092574636493214,-13.096107392936162,5.0,B00023NDLS
fitsne,10000,9113,-41.10834059914656,-49.95545018247984,5.0,B09RD36X6L
fitsne,10000,9114,12.779498707747678,3.301043878434845,5.0,B0095PZHPE
fitsne,10000,9115,8.937094840781153,1.7784449130320759,3.0,B09YLKXNSN
fitsne,10000,9116,45.853976683321136,-20.74300694178858,5.0,B0BMXMNG7G
fitsne,10000,9117,6.489182185579973,-63.13450270771664,1.0,B09Y4HCRLM
fitsne,10000,9118,22.102753565985623,18.14318589727783,1.0,B01D0H1ILY
fitsne,10000,9119,17.043393179204788,18.9403530559443,5.0,B077TY2YN2
fitsne,10000,9120,-31.078894860667017,5.483206032461411,5.0,B07DWR6TYJ
fitsne,10000,9121,-29.401470576834132,6.565810056381371,5.0,B07ZP187WJ
fitsne,10000,9122,-17.677997596954853,-0.6572917879623739,4.0,B07LH37N6B
fitsne,10000,9123,-3.1336711196475187,68.16173672832129,4.0,B07FN2N9ZF
fitsne,10000,9124,21.77224236529962,-27.95119466318607,5.0,B005NYD7US
fitsne,10000,9125,19.647940257251186,-24.64066556975387,1.0,B00ZGRGE70
fitsne,10000,9126,-43.78231605501071,18.06641838723956,2.0,B01DDREF2A
fitsne,10000,9127,27.630730691604363,-20.25490021510833,4.0,B0088TKH3A
fitsne,10000,9128,56.08453638372149,2.765995617482023,4.0,B000086EYG
fitsne,10000,9129,30.55392365660099,5.073542220880037,5.0,B0BR6ZF28J
fitsne,10000,9130,18.132509020153584,-20.54016193691722,1.0,B09C82NT4X
fitsne,10000,9131,-58.85226107003628,15.166389086799684,4.0,B09JJYSYJD
fitsne,10000,9132,-7.849018673912284,35.81791319063507,5.0,B092LNDYSG
fitsne,10000,9133,-29.203856391532092,15.086663074161535,5.0,B07L1PB117
fitsne,10000,9134,-12.262646619490804,28.822641350752505,5.0,B08HGFB47M
fitsne,10000,9135,-22.017433927503493,39.405773084857344,5.0,B0BRZG5TK4
fitsne,10000,9136,-35.67970698077774,52.87692467164529,4.0,B0B6D4W3R7
fitsne,10000,9137,-0.04326641516719155,-54.925412313456704,5.0,B099YNPQJ5
fitsne,10000,9138,-35.4753395244728,-3.729383855356774,3.0,B0BVV55XQ1
fitsne,10000,9139,41.24857651613056,-22.671390775383465,5.0,B08FXL1HBL
fitsne,10000,9140,40.13212106127334,-15.47462042081234,1.0,B09YH2K3FL
fitsne,10000,9141,18.846854095090034,-24.458861638720876,1.0,B01H3XYJS0
fitsne,10000,9142,39.87426668016316,-20.045451133881286,5.0,B07K37HKT8
fitsne,10000,9143,-30.948055268609973,-48.85887139030986,5.0,B08TX9GNB3
fitsne,10000,9144,-32.752483820406496,-11.052655515027999,1.0,B000056KYO
fitsne,10000,9145,-16.953773538648285,-12.897014249855264,5.0,B01N7KKDOT
fitsne,10000,9146,19.014055990147124,-24.999492393405276,1.0,B00IF70SDO
fitsne,10000,9147,12.424400143660973,-32.5332937137583,5.0,B0016OYZBY
fitsne,10000,9148,-42.13475605226066,-30.156062763568013,1.0,B005QCD0GS
fitsne,10000,9149,4.539221306038328,40.420151902449035,3.0,B005IXSXPI
fitsne,10000,9150,-18.989733728761188,-74.96779429351953,2.0,B000IIBHGK
fitsne,10000,9151,3.106429157914176,-46.9763017785566,3.0,B000001OMZ
fitsne,10000,9152,-7.421003590978368,17.123579481401723,5.0,B07TMJ8S5Z
fitsne,10000,9153,10.542600455880104,-26.845967767396118,2.0,B09DGFHKNC
fitsne,10000,9154,-25.051787611671287,3.2322406713109593,1.0,B09Q4NHCWY
fitsne,10000,9155,-4.459184661226216,-29.05256818757955,5.0,B07S6X6RLG
fitsne,10000,9156,29.809533899259375,0.9966180070405662,5.0,B0BTPBBL52
fitsne,10000,9157,16.461421578727546,-39.677409568195976,5.0,B09Z93GXLK
fitsne,10000,9158,-28.86873437535185,-32.31425550869688,5.0,B088CSDZQM
fitsne,10000,9159,-42.98103818117877,2.8366134060798824,5.0,B08J83TR22
fitsne,10000,9160,-18.652681662933162,-13.618486497793457,5.0,B0BV3NWX67
fitsne,10000,9161,32.94595932879255,1.093455506819791,5.0,B07R1KHSR4
fitsne,10000,9162,8.683413929986791,-35.00628191537433,5.0,B0C6PGZ3MB
fitsne,10000,9163,-33.36052799726878,-10.739818383753876,4.0,B0B6D4W3R7
fitsne,10000,9164,20.74800502945754,-42.42527407842805,2.0,B0C5M4WVY2
fitsne,10000,9165,0.2155427818930845,22.371951342188243,5.0,B0BRLZFYTJ
fitsne,10000,9166,-16.5031425678328,0.04397548436188716,5.0,B06XD17W7W
fitsne,10000,9167,-30.31062179842108,14.747700730567898,5.0,B01LYCMLY5
fitsne,10000,9168,12.790195519951887,-37.968470240819265,5.0,B08739SDH3
fitsne,10000,9169,-18.50170656488091,18.05229627084049,3.0,B079YDZ3QJ
fitsne,10000,9170,-27.407041873029197,17.778103397751863,2.0,B0817VT1Q2
fitsne,10000,9171,-21.371377539682108,17.837773917705995,3.0,B07KBZ52PN
fitsne,10000,9172,-25.17224097143063,3.8120192699414392,5.0,B07QY74JVJ
fitsne,10000,9173,17.322057936262187,20.551218092146676,5.0,B07ZV5P9RQ
fitsne,10000,9174,-8.135868107180796,-52.656616668194395,5.0,B093Q4CMGB
fitsne,10000,9175,-33.41402470976927,42.82868935591575,5.0,B0BJW2XLMR
fitsne,10000,9176,-0.9336371641412915,-66.57367674897175,5.0,B07S764D9V
fitsne,10000,9177,41.85803803661558,20.75353265786242,5.0,B08KG14KCT
fitsne,10000,9178,40.7986760914498,-28.593797065334183,1.0,B00FBJ48JE
fitsne,10000,9179,19.074140735646257,-24.54419310855343,3.0,B0CCD3VDQN
fitsne,10000,9180,40.498549388536304,-13.333146511941603,5.0,B00OUUTYIU
fitsne,10000,9181,8.711345126957879,-38.487569201882756,5.0,B07BB4QSLL
fitsne,10000,9182,-35.97226454324145,13.29089185889048,5.0,B08739SDH3
fitsne,10000,9183,40.75731845099791,-28.58674532533929,5.0,B01LY2QRH0
fitsne,10000,9184,40.757638289565854,-28.584993824774372,5.0,B00FBJ460K
fitsne,10000,9185,40.320067883326175,-13.152676733896916,5.0,B0C7TS233Q
fitsne,10000,9186,-11.724478456810093,25.208051144517928,5.0,B087MDK9DK
fitsne,10000,9187,38.83271288216627,-35.02984873954158,5.0,B092WHC7C1
fitsne,10000,9188,0.09339840365665134,30.89845876012837,5.0,B012ZHJNV2
fitsne,10000,9189,7.146469760365029,-0.12165010141601305,5.0,B01L3VEC94
fitsne,10000,9190,6.033346707083357,1.9273558331176965,5.0,B011NT1ODS
fitsne,10000,9191,-53.53565769571766,20.44155545335508,5.0,B01H14SFRM
fitsne,10000,9192,20.697268804431275,-6.775419276210029,5.0,B00P6N9KE8
fitsne,10000,9193,60.64477865217291,-10.217570239438857,5.0,B09966K2LT
fitsne,10000,9194,61.26139999020459,-27.77378215643058,5.0,B000YQSKPM
fitsne,10000,9195,-33.35257241204776,42.88884906506833,5.0,B00JW6O9EQ
fitsne,10000,9196,32.90059914475392,41.68903637140223,5.0,B00B3507Q8
fitsne,10000,9197,34.199834639436425,-14.880169742711983,5.0,B00FRQ0TBC
fitsne,10000,9198,41.400648179765405,-36.727131852116266,5.0,B00EUY59Z8
fitsne,10000,9199,2.497258636834665,-38.93317645255833,5.0,B004VF4D9E
fitsne,10000,9200,-4.966033175732585,-36.22449948182712,5.0,B009UNGTH6
fitsne,10000,9201,43.8854560091432,35.19885686830247,5.0,B002NUDGOC
fitsne,10000,9202,-46.34957681256359,8.271527498597461,5.0,B002RZ3CBU
fitsne,10000,9203,23.249463153856322,-21.204177214955237,5.0,B00632MUHA
fitsne,10000,9204,-62.839534072223536,-24.16166166527137,3.0,B093HBZVT6
fitsne,10000,9205,1.9521353745886172,-13.276519187065675,5.0,B07VGTG17P
fitsne,10000,9206,-41.045381683519835,12.97195953963216,5.0,B0753G7SJ5
fitsne,10000,9207,16.316337440432953,-30.81546633223384,1.0,B09Y2SCJPD
fitsne,10000,9208,-69.49763102713985,-23.608370032791335,1.0,B09J2LT45L
fitsne,10000,9209,34.5487783303346,46.67750761387034,5.0,B08CXBT1VP
fitsne,10000,9210,-58.08768615575071,21.9637633234693,5.0,B08B65KK8V
fitsne,10000,9211,-4.301482131323193,10.24985495753568,5.0,B00BTKGHDE
fitsne,10000,9212,-39.86381416146434,-3.292298287816084,1.0,B0967JBZN9
fitsne,10000,9213,-43.01616488711772,-2.8652246855013463,5.0,B0796LV9SY
fitsne,10000,9214,-28.883873079888364,0.855757364272518,5.0,B0914VHYJZ
fitsne,10000,9215,39.670351942833605,-39.862135652764024,5.0,B0BDPY3QVG
fitsne,10000,9216,23.650480177491733,45.57876851364358,5.0,B091YR9YWJ
fitsne,10000,9217,-39.119723058725825,12.445667395551734,5.0,B0B5N1GTBN
fitsne,10000,9218,30.029856020697082,-16.71522134245584,5.0,B08RSCQBHR
fitsne,10000,9219,21.49172546024643,-50.37805902626103,5.0,B093C6DW8H
fitsne,10000,9220,64.37736832707665,-38.66641647440515,5.0,B078LVK34L
fitsne,10000,9221,27.59878661574874,-27.363103819773883,5.0,B082T78RKN
fitsne,10000,9222,-15.790658088691986,-23.221907935604243,5.0,B0791TX5P5
fitsne,10000,9223,8.940831346279296,-43.32670464703685,5.0,B07HKTKJ5C
fitsne,10000,9224,38.16798309548312,14.932740518144895,5.0,B07CLBNM1C
fitsne,10000,9225,49.287767698519154,-34.97353497753618,5.0,B07CKKX42P
fitsne,10000,9226,25.379318782498785,-51.085168682331506,5.0,B08P1TWXC9
fitsne,10000,9227,43.05753819755789,19.380950883775576,5.0,B07N5LJCWN
fitsne,10000,9228,35.14786807736023,-39.09358250752156,4.0,B01D84LZ1W
fitsne,10000,9229,27.517822682239764,-46.47311280347798,5.0,B00HJ0VXJQ
fitsne,10000,9230,35.5829896642123,-46.603395422195184,4.0,B0BGNG1294
fitsne,10000,9231,35.58193286232154,-46.60196844075383,2.0,B01N75TWSA
fitsne,10000,9232,-17.014411982590175,-13.564630844702416,5.0,B01NAWBY12
fitsne,10000,9233,1.4298426906405428,43.72319243899294,4.0,B06XXLVKGF
fitsne,10000,9234,34.25020744923152,-41.06704472239787,2.0,B00FR6SQFS
fitsne,10000,9235,-3.607578998261166,-39.35436275312031,1.0,B00SMBFZNG
fitsne,10000,9236,-14.765276390213455,-45.69554460837399,5.0,B007PZYBTY
fitsne,10000,9237,-5.048947256665371,-50.33942116945403,3.0,B01E6OSCBY
fitsne,10000,9238,-21.172867249977966,-15.822963399367667,5.0,B07HNVKJSL
fitsne,10000,9239,-49.85873637979038,14.200298622337138,5.0,B0CFB5XD2Z
fitsne,10000,9240,-15.542422320247,-46.59148550816398,5.0,B09W4W9SYF
fitsne,10000,9241,-39.34451443124306,13.038739852473464,5.0,B0756HHHL2
fitsne,10000,9242,-3.987842363123439,-40.686594866839265,2.0,B0BS1615YC
fitsne,10000,9243,-6.202186756012708,-62.59199831692976,4.0,B08Q2D3XR1
fitsne,10000,9244,-33.40185921494409,-19.576207155031227,4.0,B00LD3Q56G
fitsne,10000,9245,-5.7452768204001075,-58.48271521961799,5.0,B07S764D9V
fitsne,10000,9246,-59.89114363574563,-1.1113193357496216,5.0,B00IWA1MNE
fitsne,10000,9247,-49.991886654939506,5.785000427729211,5.0,B00HPTTZDC
fitsne,10000,9248,4.509147981745897,-63.12808494663328,3.0,B00J3VUKVQ
fitsne,10000,9249,24.06671104868492,37.73290530144842,5.0,B00DBR67WO
fitsne,10000,9250,-18.929763860006975,-11.295240904277803,5.0,B00E59WGTU
fitsne,10000,9251,4.471922213072069,-63.30754277993948,5.0,B00KJLMMA6
fitsne,10000,9252,7.56337980167342,49.97158636023262,4.0,B00M7E3OZA
fitsne,10000,9253,39.820328998836786,-20.028892557034542,5.0,B08MBTW7HC
fitsne,10000,9254,-16.95297574466148,0.8139724374132026,5.0,B071WW8P83
fitsne,10000,9255,-17.033400901549683,0.6402896713282589,5.0,B06XW37LBG
fitsne,10000,9256,10.467638672732132,-19.455805655972163,5.0,B01CW4BN5M
fitsne,10000,9257,-16.095033485438236,19.63278969474718,5.0,B016F3M7OM
fitsne,10000,9258,22.70533197194509,48.45372700291746,4.0,B09FJLY7BH
fitsne,10000,9259,23.50998328719723,31.193988999062817,5.0,B0BZVF3W2L
fitsne,10000,9260,23.18871318702682,29.53265183420205,2.0,B09175ND1N
fitsne,10000,9261,22.58675578183842,49.02343828953662,3.0,B09D7KRFWV
fitsne,10000,9262,21.351024220577543,26.922125364363513,1.0,B08R3MG1DL
fitsne,10000,9263,50.467415081877725,29.632165192485814,5.0,B07BWFNBZK
fitsne,10000,9264,8.447342886256903,20.24284603423265,5.0,B0C2QJ4FF7
fitsne,10000,9265,-50.25067197247243,14.758570878115917,3.0,B07KVKGQ4K
fitsne,10000,9266,-51.326479214706936,-8.520776255191318,5.0,B01GTH5Z3E
fitsne,10000,9267,10.430431965462873,51.99812582596222,3.0,B0BPMM75N8
fitsne,10000,9268,-33.259884980976125,16.579805690566676,2.0,B0184NF68A
fitsne,10000,9269,-53.42520896081758,-5.385066116134992,5.0,B01F9RGSFE
fitsne,10000,9270,11.54355148954002,51.449732943941974,5.0,B01B7X4HVQ
fitsne,10000,9271,-55.0214896200107,1.6632711617614797,5.0,B00M5JG8ZK
fitsne,10000,9272,-17.18033540748637,-63.929130924333656,5.0,B06XKM77TP
fitsne,10000,9273,38.08105109359377,31.25970529374875,5.0,B00DQDWUFQ
fitsne,10000,9274,43.20476193469035,35.513842285267295,5.0,B008D6SX8Y
fitsne,10000,9275,-22.36096491707389,18.200730076878727,4.0,B00UY5Y868
fitsne,10000,9276,24.939980348353753,-50.97416040164076,5.0,B072JJNVJ5
fitsne,10000,9277,27.036442667380182,-47.15152461713249,3.0,B073VMG4FN
fitsne,10000,9278,34.29134577232276,-37.19919001821057,4.0,B0144AAIWQ
fitsne,10000,9279,60.37904444929234,-38.5412028027642,4.0,B01B6197JG
fitsne,10000,9280,24.87641929674365,-50.95481333303967,4.0,B00HC0691U
fitsne,10000,9281,57.534441413720366,-3.409251730029065,4.0,B00STPOLIA
fitsne,10000,9282,25.58709458387252,-51.1139269020132,4.0,B000FIY08U
fitsne,10000,9283,19.492153181307017,62.88054092574566,5.0,B09MVNFD2W
fitsne,10000,9284,17.03946187882174,64.05173566045555,5.0,B016836DDK
fitsne,10000,9285,7.318228923838322,59.19366176908751,5.0,B00VKIY9RG
fitsne,10000,9286,-3.8303396121326174,-49.531619162302995,5.0,B08CRRL7CR
fitsne,10000,9287,-4.14963054915503,-67.0646374667707,5.0,B06X16Z7DZ
fitsne,10000,9288,-19.086589297452782,-12.069115621218907,1.0,B07BKBJS45
fitsne,10000,9289,-27.555032341659967,-11.233186661456166,1.0,B00X5C22SS
fitsne,10000,9290,7.701362172272118,60.885210109758255,4.0,B008GFRE5A
fitsne,10000,9291,10.205057180328879,66.49662158511967,5.0,B006GWO5WK
fitsne,10000,9292,17.686977124973005,43.95837545721041,5.0,B0BQHNB35H
fitsne,10000,9293,4.5853283393845405,-75.26445447918654,1.0,B09FPY6YK2
fitsne,10000,9294,-23.8589889040283,1.7673141884434855,5.0,B08LPTDW6T
fitsne,10000,9295,11.470817197622571,-23.44911605355971,5.0,B00E0E2DIE
fitsne,10000,9296,-67.82513275710174,-18.820047317530804,5.0,B07Q478Y95
fitsne,10000,9297,-12.28682603019252,50.670865312242434,5.0,B081VSP25F
fitsne,10000,9298,-13.984048645748688,-20.915961231834103,4.0,B07FQ24C67
fitsne,10000,9299,-2.5446345365100975,21.923876141905748,5.0,B07Y1QGRWC
fitsne,10000,9300,-18.903668439247763,-20.919359527209927,5.0,B07KTYJ769
fitsne,10000,9301,-0.9068903012412907,-9.364905298370843,5.0,B07N86MCD2
fitsne,10000,9302,34.44958779366268,-45.01890641844414,1.0,B0BS2TMK39
fitsne,10000,9303,-7.955672051703354,-61.57499298227057,5.0,B07P65VSYR
fitsne,10000,9304,-13.08875677904162,21.185257590468872,5.0,B07G62CTBW
fitsne,10000,9305,-69.38101485434785,-22.954022867612924,5.0,B07BG98GNZ
fitsne,10000,9306,-38.02080107840958,-6.93337480913864,5.0,B07GTGHQHB
fitsne,10000,9307,20.673437747248276,44.5214429935337,5.0,B01862K1YS
fitsne,10000,9308,14.666795572927594,5.858505611329872,5.0,B017Y6B8CQ
fitsne,10000,9309,-39.96755110649346,12.946436604311238,5.0,B06Y26RTKR
fitsne,10000,9310,-9.61202048624264,-22.93416819334184,3.0,B01K8B8YA8
fitsne,10000,9311,-14.486806509883873,21.145691206718027,5.0,B00CR0JAT8
fitsne,10000,9312,-14.020055143130252,-41.82847699843386,5.0,B00CO07C5A
fitsne,10000,9313,18.68433203396295,8.142769511371634,5.0,B004UETB20
fitsne,10000,9314,-18.941896532760016,20.63087754193697,2.0,B084T3RMQ6
fitsne,10000,9315,-31.835430822346595,53.90727654791974,3.0,B0BP52CQCW
fitsne,10000,9316,-38.403899820304694,-21.922937782867997,4.0,B07H2F373Y
fitsne,10000,9317,34.35317668913041,44.37070958825984,3.0,B095ZV29YF
fitsne,10000,9318,-43.238632666067424,46.26168218836618,1.0,B00RXEWOAA
fitsne,10000,9319,10.490955949219071,16.321195871033574,5.0,B00KF7Q4WG
fitsne,10000,9320,6.976727680040048,0.1946264798700901,3.0,B077T4G4PX
fitsne,10000,9321,-16.74905062068404,-39.06379668640811,2.0,B0063NU3AA
fitsne,10000,9322,-8.187476119139884,-43.30264584195313,5.0,B005F4N6G6
fitsne,10000,9323,-37.054870927962455,57.17508446570262,1.0,B00XI4OL82
fitsne,10000,9324,-43.68225225194157,44.059635062539634,4.0,B01EOHXF0G
fitsne,10000,9325,-35.659396833091826,54.15242571975569,2.0,B010278JVM
fitsne,10000,9326,-16.439916268892887,-41.27609724613362,3.0,B0BW4PFM58
fitsne,10000,9327,-32.56604957770881,49.05307988930579,3.0,B06XHWWJRW
fitsne,10000,9328,-65.09808808272255,-6.652175760954423,2.0,B0BDDXWX5T
fitsne,10000,9329,26.5303397330102,6.884054149302781,5.0,B00AYJFXIQ
fitsne,10000,9330,17.833019061540412,23.23263279298103,1.0,B000068P8W
fitsne,10000,9331,-27.797887219664368,-11.655737353460655,1.0,B001TK3D4K
fitsne,10000,9332,-69.6434446012992,-7.387612412562193,5.0,B083NFNN99
fitsne,10000,9333,-30.442900332049362,14.243241144611117,5.0,B07SD4SNSB
fitsne,10000,9334,8.205543251732983,45.651387396742265,4.0,B078YQS231
fitsne,10000,9335,-7.622712020461154,-74.50372624094103,4.0,B083TWD5HP
fitsne,10000,9336,-56.620878671320874,1.8622371419144528,4.0,B01KSCZHQG
fitsne,10000,9337,-10.987202868739281,-23.18785121475782,4.0,B07MLY3JKV
fitsne,10000,9338,-29.382118133663404,16.569063744389453,5.0,B00ZDGITGI
fitsne,10000,9339,-63.39257169258198,19.918621562897922,3.0,B07F8ZHBLS
fitsne,10000,9340,-22.709209906517554,5.387820845016456,5.0,B0BZLBL1L9
fitsne,10000,9341,-29.97074030938618,12.040649551036475,3.0,B0CBVWHXTS
fitsne,10000,9342,-57.60087330638311,6.662740945612504,1.0,B07QRZBZ9D
fitsne,10000,9343,-32.51615883051329,-58.387681334454236,3.0,B07K25P3N1
fitsne,10000,9344,-10.58739936923312,-67.90921627435557,4.0,B08YKHW429
fitsne,10000,9345,-18.65276197203369,19.386135318244527,4.0,B07324B77V
fitsne,10000,9346,-6.610656465038509,45.34673797459903,3.0,B01COWDBYS
fitsne,10000,9347,0.5979044187419186,67.76542137473321,5.0,B00Q5CZ0RA
fitsne,10000,9348,18.539920597876765,46.84846742813824,4.0,B00WMK3D0K
fitsne,10000,9349,-17.235750075285985,21.143334057160764,3.0,B00SIM78R0
fitsne,10000,9350,18.19148419383836,-5.958653792722488,5.0,B07QW3MNXQ
fitsne,10000,9351,-18.856430020899978,-37.174579910019965,5.0,B0058BG0UK
fitsne,10000,9352,32.06033695164707,-13.904089625262152,4.0,B004O4HTDE
fitsne,10000,9353,24.36752486965175,-15.924222940937161,5.0,B0067HY7HW
fitsne,10000,9354,27.967367807913195,-43.82608849281197,5.0,B00E1CRC86
fitsne,10000,9355,12.29341815972053,25.940069389429887,5.0,B00007LA0T
fitsne,10000,9356,-11.745172885306623,26.796142300098957,4.0,B00906D9YE
fitsne,10000,9357,34.65539865258837,-16.314069372857627,5.0,B0088N90AW
fitsne,10000,9358,39.886335899161935,32.48328072348802,5.0,B0058I7CVE
fitsne,10000,9359,-12.5112313763495,-69.21243917665343,4.0,B00WURKW1S
fitsne,10000,9360,-43.36312456868481,-27.9271891145852,5.0,B07DGZ8ZC7
fitsne,10000,9361,-56.46819786778751,-13.893536490707247,5.0,B00XHU3354
fitsne,10000,9362,-31.501843861794615,4.255491654435106,5.0,B01EQWU9EO
fitsne,10000,9363,4.62403513651284,4.89390180925859,5.0,B00SG3CWGS
fitsne,10000,9364,-20.509565643848735,33.500296922396224,5.0,B091LDVYZK
fitsne,10000,9365,19.979393965649955,64.10437281913322,1.0,B0129D1QYE
fitsne,10000,9366,45.887858907407406,44.97717974308756,5.0,B00CQUVHC2
fitsne,10000,9367,17.28129377601532,63.929856283734246,5.0,B07C9H4JY8
fitsne,10000,9368,15.172464776759611,53.64571973157662,5.0,B00O4SBLBQ
fitsne,10000,9369,11.427230589611705,63.49870191014514,5.0,B012SXFW72
fitsne,10000,9370,9.872292260639616,62.742588517620746,5.0,B010BWYDYA
fitsne,10000,9371,6.102866147415237,4.426266213865758,5.0,B01I4TE612
fitsne,10000,9372,-4.098501909031179,-66.87325386888239,4.0,B0C1ZHJRGB
fitsne,10000,9373,29.939559841479678,-38.72671836998512,5.0,B0822MT2NH
fitsne,10000,9374,36.326617536420486,-46.04798010094178,5.0,B07CWQGX93
fitsne,10000,9375,19.025498888081,-9.071899463177381,5.0,B00HEEOQBO
fitsne,10000,9376,36.39324809585147,-39.810460167767644,5.0,B079V4L9BD
fitsne,10000,9377,30.712870199844545,-7.929525307683697,1.0,B0BJVDXRQX
fitsne,10000,9378,-47.67158809532345,-25.82571449489388,5.0,B0BL6788GP
fitsne,10000,9379,7.5450707561632635,-19.638693159561168,5.0,B0BYYJPGQB
fitsne,10000,9380,-5.174963374736467,-73.50887494119027,2.0,B005M08M2Q
fitsne,10000,9381,10.305266141614691,-38.53451835458898,5.0,B09BN68NPQ
fitsne,10000,9382,-11.863555660100207,43.1489961891741,5.0,B09659G5MR
fitsne,10000,9383,34.6741481143781,-16.15193241912286,5.0,B07S764D9V
fitsne,10000,9384,33.22598734823001,-15.692571046304064,5.0,B072FHJVT2
fitsne,10000,9385,53.62150772235334,35.99244726283826,5.0,B007RHU7F2
fitsne,10000,9386,-22.133871242281415,-11.900896892082297,5.0,B08W461XSH
fitsne,10000,9387,-14.688347440674853,22.39530574794106,5.0,B08F6GPRH6
fitsne,10000,9388,16.531640779665977,45.96866894509058,5.0,B07Q2ZKBQS
fitsne,10000,9389,47.03937587539402,-15.26969952957082,5.0,B01BERGPX8
fitsne,10000,9390,0.9986273555394014,-67.7058822003429,1.0,B00DF37H3W
fitsne,10000,9391,22.841225793590816,-27.360027667529817,5.0,B000001OKZ
fitsne,10000,9392,41.55676399931904,14.474870589365917,5.0,B01M0EKE4T
fitsne,10000,9393,1.8918020795783816,-11.590962171180129,5.0,B0087NZ31S
fitsne,10000,9394,2.245881663882648,54.48550462058816,5.0,B0189XYW08
fitsne,10000,9395,-8.883993285137741,-45.36935683857822,5.0,B0C3H2SV75
fitsne,10000,9396,-27.138548296180474,8.564945180662782,5.0,B07TJ38TNL
fitsne,10000,9397,-7.070848224104841,27.016621924147575,5.0,B0095FQH1M
fitsne,10000,9398,47.34129263349081,38.446360168550655,5.0,B007Y91RAC
fitsne,10000,9399,40.719322207331,-4.7987512309530915,5.0,B00CU2K7VI
fitsne,10000,9400,-17.298012646575938,-30.427377921922215,5.0,B00512Q4M0
fitsne,10000,9401,-44.074175453741674,10.361293900433216,5.0,B00B3OA7R8
fitsne,10000,9402,-25.47711341108077,38.132142354677754,1.0,B003DV4234
fitsne,10000,9403,-28.166915007300588,-23.598601641107464,5.0,B0C3NMZ2C7
fitsne,10000,9404,12.347648829391764,6.5021714985450805,5.0,B0BLD1HN66
fitsne,10000,9405,2.4430618252630656,-5.849799303923283,5.0,B07W5QVC72
fitsne,10000,9406,11.888052322857638,6.00704710120214,5.0,B08PB9FFM8
fitsne,10000,9407,52.459838225646244,-7.959034397557933,5.0,B0BG75H724
fitsne,10000,9408,11.261789526872592,62.283329033598044,5.0,B01M3ULMWP
fitsne,10000,9409,31.747863587935317,34.38329880090562,5.0,B0719KZW4L
fitsne,10000,9410,4.009233320593825,-2.054376029698673,5.0,B01940JPLQ
fitsne,10000,9411,20.61357151067533,-29.771653976381312,4.0,B071YPQQFF
fitsne,10000,9412,35.31274117680657,0.4848663377684728,5.0,B08L3SWXY1
fitsne,10000,9413,34.33175775123701,12.100885523962233,4.0,B07BF5VW8K
fitsne,10000,9414,40.62957794226874,6.50346418267411,4.0,B072N2RZJG
fitsne,10000,9415,-40.6735415571334,-3.3818122389611758,4.0,B07SSYXHRR
fitsne,10000,9416,11.21555945489524,3.309801015014579,4.0,B00ITHFHL8
fitsne,10000,9417,49.11510966606304,-0.458043102942662,5.0,B003ILIFEG
fitsne,10000,9418,33.48430356399791,-6.62697960866596,4.0,B00841AGCO
fitsne,10000,9419,10.38264400958082,62.00944538652336,5.0,B00OQVZDJM
fitsne,10000,9420,-6.239957164855149,24.82449435333164,4.0,B001I3X3HU
fitsne,10000,9421,-2.105376856310937,-70.71953854636013,5.0,B08FX6FB1S
fitsne,10000,9422,32.21346635893172,-10.41719234595518,1.0,B0000BYDKO
fitsne,10000,9423,-31.154767683519747,9.866818979753216,1.0,B0C81DBWRQ
fitsne,10000,9424,60.4838674416449,-11.4556245445695,5.0,B09ZKN1KVG
fitsne,10000,9425,40.496070543316435,-19.30875065955157,5.0,B0719897GN
fitsne,10000,9426,43.890316219510744,-18.073184162626312,5.0,B0756NMHLD
fitsne,10000,9427,24.552983326907842,-21.26327790935437,5.0,B00LHERVM8
fitsne,10000,9428,33.5526067741671,41.083139843610965,5.0,B00P0ZAKG4
fitsne,10000,9429,-21.18364362570274,-32.59884141000458,5.0,B09FHGH3Q4
fitsne,10000,9430,39.292299851512176,-10.536900091728182,5.0,B07XKPDG2Q
fitsne,10000,9431,58.78237563679945,-50.58179943927134,3.0,B084LS3RQJ
fitsne,10000,9432,39.966956587075515,-40.240828534088024,3.0,B07PBD8C26
fitsne,10000,9433,46.08927955741502,14.0475262642957,4.0,B08MBX4FNC
fitsne,10000,9434,46.10525101707216,14.039712949232968,4.0,B0BRZFGB6R
fitsne,10000,9435,35.12522058600827,26.360810662941915,4.0,B07NL2S9QW
fitsne,10000,9436,27.12546403696765,-53.27008616997674,4.0,B01LWWRZD1
fitsne,10000,9437,14.378251538641127,45.47917737576539,4.0,B09H64B2QN
fitsne,10000,9438,34.466040460153074,17.011520189852128,3.0,B0BZ5KPQZK
fitsne,10000,9439,-3.9728742064543616,-67.9872799121287,5.0,B01J0S4AAS
fitsne,10000,9440,56.10557517440212,-48.341042362085076,4.0,B0B3HP29S4
fitsne,10000,9441,9.013552806243611,33.69053974871282,5.0,B07TLKYNHG
fitsne,10000,9442,34.65929340863565,-13.573109705400856,5.0,B0C556BW5M
fitsne,10000,9443,33.051335625473854,-13.203036332243789,5.0,B01MS0KRA4
fitsne,10000,9444,-10.416966284307454,-5.646838946195591,5.0,B00GN76HAG
fitsne,10000,9445,29.800664049233443,-30.15283585516924,5.0,B0BCWK45KD
fitsne,10000,9446,18.722472626811044,-9.382380287022714,5.0,B07211W6X2
fitsne,10000,9447,25.06127380581774,-29.015127596960397,5.0,B07C9C7N4G
fitsne,10000,9448,36.49587891988919,12.243093191600032,5.0,B011K4XZQ0
fitsne,10000,9449,30.624118400176904,-1.9317487974875067,4.0,B01C7HZ47M
fitsne,10000,9450,30.73957113601634,-0.6675005766883669,4.0,B0BHSV5MQ2
fitsne,10000,9451,58.820377724916256,-50.59184722070644,5.0,B0B1M6Q6XC
fitsne,10000,9452,51.55954645429903,-29.34271630494589,5.0,B07QG6F5C8
fitsne,10000,9453,39.91310813559985,-0.20810046025203452,5.0,B07DK3RTX9
fitsne,10000,9454,-9.526707786596056,-40.74084284035052,5.0,B0BW4PFM58
fitsne,10000,9455,-40.96403506663866,-4.00453420592476,5.0,B07NBQ1WJ7
fitsne,10000,9456,-22.34077979123197,-48.951748952080116,5.0,B0B5SXC463
fitsne,10000,9457,-26.77734742223124,-43.158330181328125,5.0,B08X7H3GMK
fitsne,10000,9458,-4.078855274611729,-72.92075842222829,1.0,B09SGB2WV4
fitsne,10000,9459,-0.9873715479424748,-11.343159266830485,5.0,B00176T9OY
fitsne,10000,9460,-27.452830676416205,3.561418421490957,5.0,B07R4SP65H
fitsne,10000,9461,-8.626648858279095,-35.17470022587426,5.0,B08CHHKM9M
fitsne,10000,9462,-2.023414775804055,-5.336987340908432,5.0,B07GSCCJ9Y
fitsne,10000,9463,-30.393296293166635,-51.02969263717769,1.0,B07VTK654B
fitsne,10000,9464,-17.118934313819054,44.368624193487705,5.0,B01D8BK8YA
fitsne,10000,9465,14.385413548672984,20.52140946706521,5.0,B07WLLZYNQ
fitsne,10000,9466,-43.19047490632577,-28.2025968880996,5.0,B071V7SV6P
fitsne,10000,9467,-67.64351281005179,-15.411117158524599,2.0,B078KNZBHM
fitsne,10000,9468,10.452060011449596,18.191767261063553,5.0,B07Y4XH11L
fitsne,10000,9469,-18.543542001036535,54.83067534023807,3.0,B071ZT43CQ
fitsne,10000,9470,-4.016968181739467,32.50117798829355,5.0,B01LNDARMS
fitsne,10000,9471,-30.45620121639358,9.931327826826772,5.0,B00K8UO288
fitsne,10000,9472,29.522944680714353,-24.647251736007135,5.0,B018QEETLM
fitsne,10000,9473,30.866706625390457,-22.557719592841533,5.0,B008I780R2
fitsne,10000,9474,19.173318075338457,-22.291531251460462,1.0,B07G61JRYR
fitsne,10000,9475,-14.272452418729115,-35.67235266342204,5.0,B00P9WK1BW
fitsne,10000,9476,-39.006022125166886,51.4544309028379,5.0,B07R74DWW1
fitsne,10000,9477,5.278339569253112,-45.422393330303166,5.0,B00B1V2FA0
fitsne,10000,9478,44.576669199321074,20.17687648919656,5.0,B004RG19VM
fitsne,10000,9479,30.342020554855804,-25.076980015594334,4.0,B003K1L7QW
fitsne,10000,9480,26.566862112133446,-22.103001141636483,4.0,B002UKSZUU
fitsne,10000,9481,-12.520822638666546,-49.887388795993594,1.0,B08SRC7S69
fitsne,10000,9482,-2.067964707365071,-70.21474926958764,1.0,B005XI09RS
fitsne,10000,9483,-5.231643400109293,-13.443068361017817,5.0,B0001OHH0Q
fitsne,10000,9484,34.851537901000285,14.671406775181122,5.0,B01K8B8YA8
fitsne,10000,9485,38.9210803883798,-31.089397294332517,2.0,B0B62NG1V7
fitsne,10000,9486,1.4528293171078317,67.8920591642168,3.0,B00F42VLNY
fitsne,10000,9487,4.390244977772967,-64.93303183786392,5.0,B0BXT9S5NK
fitsne,10000,9488,-0.5095378047423217,67.28587050768162,5.0,B00ROT77QA
fitsne,10000,9489,18.286300464464443,17.52853112866165,5.0,B01LYECMO6
fitsne,10000,9490,13.916612832975368,2.678569484671898,5.0,B0B3GVH1ZP
fitsne,10000,9491,24.78082074841074,31.94082906270671,5.0,B084GZHTGM
fitsne,10000,9492,-40.88078885605742,-31.182035360849877,2.0,B0C929SCCK
fitsne,10000,9493,13.451446396078834,15.312283800857875,5.0,B088R271ZP
fitsne,10000,9494,0.510204165472349,-10.568120212724581,5.0,B0B42NYTZZ
fitsne,10000,9495,-24.439397083855088,1.866090739988225,2.0,B017OJEAL4
fitsne,10000,9496,-1.036878075972786,66.80101343664901,5.0,B004GF1WUC
fitsne,10000,9497,-13.454997065957436,12.890055005971671,5.0,B07K9DVZ3H
fitsne,10000,9498,12.525701229161925,-4.443862284149139,5.0,B00MIBN71I
fitsne,10000,9499,-33.81451040220959,23.798968486924405,1.0,B006GOFW3E
fitsne,10000,9500,-38.255693410466975,-39.747253991290385,5.0,B0C383TJY5
fitsne,10000,9501,-20.66471139273142,68.35643223064544,5.0,B07FCHTPJ4
fitsne,10000,9502,-39.43326360334487,28.795492345936594,3.0,B0C1NBH2CH
fitsne,10000,9503,14.527226081092817,30.882512446778073,5.0,B0CB3NLJM1
fitsne,10000,9504,-43.8528115902838,43.88788251408772,5.0,B087MBGQNL
fitsne,10000,9505,18.961961808314985,-25.506681946027452,1.0,B08BS55JS5
fitsne,10000,9506,-20.274682892796367,-10.106121284068868,5.0,B081Y3WTPD
fitsne,10000,9507,44.46752825969208,0.7499232217211939,4.0,B07RR5WZCR
fitsne,10000,9508,43.49649111352359,1.5810294490387669,5.0,B07Q2MXPH6
fitsne,10000,9509,-8.714843314498502,-34.4203031675595,5.0,B07XBQ2ZSD
fitsne,10000,9510,-4.696173377976058,-1.3253886336128333,5.0,B0788M3W6K
fitsne,10000,9511,-58.871638016723274,-22.528746200468554,5.0,B01KCY5MBU
fitsne,10000,9512,37.602602303818166,49.88839619706843,5.0,B071KRNH9X
fitsne,10000,9513,2.3569562620844904,-7.094975421467661,1.0,B0755H37CV
fitsne,10000,9514,-66.49224822879465,-13.101861824616133,5.0,B0BHMVBV9M
fitsne,10000,9515,10.041193378711363,64.4651888034821,5.0,B01CO4XWDQ
fitsne,10000,9516,7.824531817054996,-6.42132488583451,5.0,B00US2SX4K
fitsne,10000,9517,-11.594359542536642,52.091293250383984,4.0,B01B16MXLU
fitsne,10000,9518,-65.1076102635701,-6.626361509106834,5.0,B00C2H0YUA
fitsne,10000,9519,-43.06825304728114,-13.268231948874872,5.0,B0194JXWXO
fitsne,10000,9520,-69.68410485557389,-21.89011606939152,4.0,B00AJHDZSI
fitsne,10000,9521,-26.317588684899373,-26.94957111184607,5.0,B00PBIJHQY
fitsne,10000,9522,-27.062417229148807,10.354132957841312,5.0,B0BWJWBD24
fitsne,10000,9523,-0.0886062435993263,-12.451749197470077,4.0,B07VTK654B
fitsne,10000,9524,30.764037268950435,-33.40502334894219,5.0,B086WTZ5VZ
fitsne,10000,9525,26.76273647494478,-25.43877431655445,5.0,B092KCHPLP
fitsne,10000,9526,35.42083206186065,-46.60500155884025,5.0,B07Q3DLCJ4
fitsne,10000,9527,37.968708996571486,-0.5330834583091857,5.0,B073JL2NJR
fitsne,10000,9528,43.164128012641484,10.7687349036836,5.0,B01MTF2Z37
fitsne,10000,9529,-14.435077575190267,-25.513060323506412,5.0,B01KIOU4EO
fitsne,10000,9530,23.80402826949961,-10.245773439650188,5.0,B075RV7KR1
fitsne,10000,9531,63.18428083608444,-7.316835737280167,4.0,B07CRWJMKH
fitsne,10000,9532,12.833544155796098,17.330544320800477,2.0,B01IVQY6GS
fitsne,10000,9533,-43.984128202502205,44.80105945422365,2.0,B076XFGK32
fitsne,10000,9534,32.01393043412296,-25.25110590978242,4.0,B076XFGK32
fitsne,10000,9535,30.36610844311206,-51.24470542611864,4.0,B07TZP1SD3
fitsne,10000,9536,11.472515494507569,-39.370041959279455,4.0,B09BQT9ZHB
fitsne,10000,9537,-47.91025927564676,-9.582139348588157,4.0,B01MQ1YEYH
fitsne,10000,9538,54.8242671193758,-40.50445492402525,4.0,B08DJVJN1V
fitsne,10000,9539,28.091563435443295,-50.34750941720652,5.0,B01HIS30IA
fitsne,10000,9540,-31.457754154055426,48.30216790820533,5.0,B0BJW2XLMR
fitsne,10000,9541,29.95240556603696,-19.079743947669048,5.0,B08BCY3KJW
fitsne,10000,9542,10.079380288667945,15.4228825339107,3.0,B01LW9B75D
fitsne,10000,9543,-50.298258153087616,-9.910152495065248,4.0,B0752F4561
fitsne,10000,9544,30.366918310905053,-51.24776075100436,4.0,B01N4P5SQ3
fitsne,10000,9545,-35.75630169730958,56.30654139006358,4.0,B09GL247NY
fitsne,10000,9546,20.219553185064985,-18.316497891148966,5.0,B00CGYCNG2
fitsne,10000,9547,-34.1683713145886,52.5177866830588,5.0,B07V3FWFQG
fitsne,10000,9548,25.009670863337448,-50.981098299563136,5.0,B01DLWQPJI
fitsne,10000,9549,-58.913494700946735,1.0556799414406695,5.0,B003L1AFUU
fitsne,10000,9550,29.68480813599896,-29.91407742330052,5.0,B002CQU14A
fitsne,10000,9551,34.22432988583821,-41.108452352306074,4.0,B01BNKD0IO
fitsne,10000,9552,55.122389026038455,-40.60254802534102,5.0,B0042UINC6
fitsne,10000,9553,11.878510470769363,-12.58579201138939,4.0,B09SWWCN6Q
fitsne,10000,9554,-7.870456940729775,24.79131318251776,5.0,B0049U407Q
fitsne,10000,9555,65.00276512429235,-38.427985949085326,5.0,B00D38XF6M
fitsne,10000,9556,55.06357604866068,-40.67308460519249,5.0,B00JKQK9JW
fitsne,10000,9557,-20.356112120699873,47.84847688064995,5.0,B00OAXPYXG
fitsne,10000,9558,-8.053241728676669,5.954183338340027,5.0,B07YFCBZ6W
fitsne,10000,9559,-60.99713404789331,-21.78282455350887,5.0,B01AX8XHRQ
fitsne,10000,9560,-35.81656417638702,38.52864914658826,5.0,B01323CST2
fitsne,10000,9561,-45.45644917020637,-23.134912251526735,5.0,B002VJKAWG
fitsne,10000,9562,-31.21808324660868,47.82710645709511,5.0,B07Y98X47F
fitsne,10000,9563,-27.46070540273962,8.925882505639676,5.0,B09PKGGQV1
fitsne,10000,9564,-60.959643383392624,-21.81662916572761,5.0,B00NTWK8VW
fitsne,10000,9565,61.241534784934075,17.149404521334624,5.0,B08YDWRL77
fitsne,10000,9566,-36.04567262431194,-50.580818634965894,4.0,B015A6ZOA4
fitsne,10000,9567,17.961388034393078,-9.924062226694009,5.0,B009RUZ7TS
fitsne,10000,9568,-1.8621882780883823,66.74751637016841,5.0,B00L4NMI1G
fitsne,10000,9569,-36.243340100408915,18.41088238811917,5.0,B07WRSHHW5
fitsne,10000,9570,6.2904919836994475,-6.732882021997572,5.0,B0C7H46FRH
fitsne,10000,9571,-58.47212905586688,-10.165279950411641,5.0,B01N5DLW2U
fitsne,10000,9572,-20.508337025369688,12.306186835746894,5.0,B0BV2M58F6
fitsne,10000,9573,-9.329674288984002,70.48178196098503,4.0,B07D6RDCG3
fitsne,10000,9574,32.10600937692391,29.557719631749766,2.0,B00F4BYXMG
fitsne,10000,9575,-45.71932242708429,-17.64219526655463,4.0,B07S8F43Y6
fitsne,10000,9576,-45.79256751929368,-17.553619998195288,4.0,B07S8F43Y6
fitsne,10000,9577,-12.778821773387731,-52.75481217896446,4.0,B01I1XC5LE
fitsne,10000,9578,-23.686740130057622,-3.139013849216215,5.0,B089PMMT1X
fitsne,10000,9579,-44.18625966934059,-13.43155002495108,4.0,B07Z5CWTD6
fitsne,10000,9580,1.3123325457240438,-44.55302088037064,5.0,B077XYYXJ1
fitsne,10000,9581,-17.714536293731662,-1.8283535427910615,3.0,B075WSDM9N
fitsne,10000,9582,-44.04092002714251,-22.518176091309037,5.0,B079PG7JPP
fitsne,10000,9583,31.649331018111305,-15.088524132295445,5.0,B00BIKI2BK
fitsne,10000,9584,15.609175830050885,-7.451289951459579,5.0,B07GBNN79K
fitsne,10000,9585,-45.887118784240556,-16.239836223131608,5.0,B003ZX8N44
fitsne,10000,9586,-18.84121202815614,-38.75129125306286,5.0,B004T0WFVE
fitsne,10000,9587,24.03865214062956,-45.54276859234683,5.0,B008DVMRXG
fitsne,10000,9588,-53.87211067606874,-14.445886219073035,5.0,B01N75TWSA
fitsne,10000,9589,38.52215852780344,19.743023077039563,5.0,B01AUR77FI
fitsne,10000,9590,-33.01658358392688,43.34538366927429,5.0,B00KW34P0Q
fitsne,10000,9591,-48.38577611631027,-13.831014784678066,5.0,B07DX98TJK
fitsne,10000,9592,-46.42138407340408,-21.139660990779202,5.0,B0041OTZAM
fitsne,10000,9593,-46.669529211114664,-20.51974769520386,5.0,B075KP9XHS
fitsne,10000,9594,-16.686704103822894,55.98382995032581,1.0,B07XJFZPGR
fitsne,10000,9595,23.157438816899806,-10.898169566282032,5.0,B09Z9TJ5ND
fitsne,10000,9596,42.10567962287929,31.311306549428245,5.0,B08P3VMW76
fitsne,10000,9597,19.141421916079608,-22.595177409815864,1.0,B015QBMZ8W
fitsne,10000,9598,-25.860808172455354,47.86548696693359,5.0,B0C5BZLNW6
fitsne,10000,9599,31.540991477825063,38.49444419546127,4.0,B08F4VHM1N
fitsne,10000,9600,24.943809835235708,2.515271451368399,5.0,B01GF0KV6G
fitsne,10000,9601,13.389125421117793,5.584218936509164,5.0,B08S55D31N
fitsne,10000,9602,47.08960474506367,42.82198459693032,5.0,B07RLQV8CP
fitsne,10000,9603,21.700665704629913,47.95534996816491,5.0,B07KWZCLWH
fitsne,10000,9604,-16.17691936248459,72.47859292329919,5.0,B0BDM6RFTY
fitsne,10000,9605,15.730117443051475,55.67313422691526,1.0,B077MXCXDQ
fitsne,10000,9606,15.771837277689023,-29.367366440126965,1.0,B00EJSNL7I
fitsne,10000,9607,36.19352341083452,6.728732872764216,5.0,B0BTPBBL52
fitsne,10000,9608,-26.83219777509481,-20.143651116259825,4.0,B0BMWKN3HB
fitsne,10000,9609,-26.71951549711018,-20.38174999408894,4.0,B097DP7D93
fitsne,10000,9610,-35.998952284266714,-39.69510969999015,5.0,B01DUF3UVC
fitsne,10000,9611,-27.27789357512559,-19.979227271378033,4.0,B08F14WY7L
fitsne,10000,9612,34.160637271882884,11.594150917321517,5.0,B06XSGYL1Q
fitsne,10000,9613,31.893452456220793,-18.51720712428244,5.0,B078MCNFR1
fitsne,10000,9614,46.073914945361274,10.418859394122036,5.0,B00R81X5A6
fitsne,10000,9615,32.04686649041584,7.049916753233819,4.0,B083NYMDDH
fitsne,10000,9616,40.707647874980964,20.88277148671115,4.0,B07T58DGSZ
fitsne,10000,9617,-38.0902050788459,-38.88285919178757,4.0,B07FK3G173
fitsne,10000,9618,-38.014089401876795,-38.91682066687935,3.0,B0BPS1NNNJ
fitsne,10000,9619,-8.121909523318092,-11.587268848035995,1.0,B07H6X3YQN
fitsne,10000,9620,-45.539936872162336,-23.429203927960835,4.0,B00DHHOZBI
fitsne,10000,9621,-16.992421900542976,-33.972377614646696,3.0,B0B5XL2KF3
fitsne,10000,9622,-9.886114381835771,51.458310953050216,5.0,B013JZCAZK
fitsne,10000,9623,-9.903305572710073,-41.063984159512906,5.0,B01M8HMK79
fitsne,10000,9624,-27.813087647523414,53.223763240976886,4.0,B073GVZTSQ
fitsne,10000,9625,44.59958742789215,13.843032407781715,5.0,B097QFQ8X3
fitsne,10000,9626,-23.119836732614754,27.51011103318541,5.0,B01BLXLR38
fitsne,10000,9627,11.037572020629836,-20.6843255220569,4.0,B01N217763
fitsne,10000,9628,14.53729541443741,-50.05291670761872,4.0,B0B75PV61F
fitsne,10000,9629,40.16727303914439,-0.20700215988899628,5.0,B08PYYS9M3
fitsne,10000,9630,55.723541524243934,-42.1243109636149,5.0,B00EL94Z4I
fitsne,10000,9631,-1.2465451703906154,66.54880952802537,1.0,B00N99FXIS
fitsne,10000,9632,31.001822813024855,-22.484224221157614,4.0,B00J2M8Z4A
fitsne,10000,9633,-11.321039509640208,-28.058110896814533,5.0,B00U3FPN4U
fitsne,10000,9634,-1.160638274685719,-25.718178028739636,5.0,B00SWJEB3S
fitsne,10000,9635,-6.1944136169843205,-42.556929890719545,5.0,B00SMBGP76
fitsne,10000,9636,-7.508352531095024,25.62650718336818,5.0,B00I5VVJNI
fitsne,10000,9637,35.6547347279413,-14.724616250248205,5.0,B00OFLNE1C
fitsne,10000,9638,12.953109431036887,3.1580418941969794,5.0,B0095PZHPE
fitsne,10000,9639,11.509188211779882,-26.408948816085868,1.0,B079GB8ZX9
fitsne,10000,9640,14.751817601163678,-36.528975675421535,5.0,B077TY2YN2
fitsne,10000,9641,47.616959302595475,-31.12149656070743,4.0,B07Q465CFL
fitsne,10000,9642,69.6321031838913,-6.179225192490734,5.0,B08P72Y8MN
fitsne,10000,9643,38.46444154340249,7.494103670688685,5.0,B0BD7G6ZCS
fitsne,10000,9644,33.33503177607667,40.93546801716442,5.0,B07XXDC7XN
fitsne,10000,9645,30.210193982572772,-19.513825397535086,5.0,B0BDFX1HPD
fitsne,10000,9646,35.137493966061996,-20.725940803637307,5.0,B06XW1SCWZ
fitsne,10000,9647,-38.572265729613974,-40.13710641799931,5.0,B09N7SXX1X
fitsne,10000,9648,-34.311574440242595,22.03565560800288,2.0,B07Q9LSQYS
fitsne,10000,9649,-54.00046304382131,-2.625935311326645,5.0,B08X18FFSL
fitsne,10000,9650,38.28048369828658,-30.954686944527115,3.0,B07JPG6C8V
fitsne,10000,9651,57.782501453857975,-26.779038251505032,5.0,B00JABGJSM
fitsne,10000,9652,30.045052337092958,-39.6680829644764,4.0,B00AEF7RLG
fitsne,10000,9653,-5.739801084207696,-55.94035114373119,5.0,B00UV94J2A
fitsne,10000,9654,-51.600358912081546,0.5377824744833541,5.0,B082Z5L2LD
fitsne,10000,9655,-9.85342197149741,-11.458498768604692,5.0,B081HG6HT1
fitsne,10000,9656,6.093021167952019,37.95181209221507,5.0,B074N81CZN
fitsne,10000,9657,21.316536453282396,51.90034808751343,5.0,B01HEW2C9I
fitsne,10000,9658,-13.392295810088807,-24.056874805104403,5.0,B01KIOU4EO
fitsne,10000,9659,47.927199554513805,-17.077281103533238,3.0,B003LMOVQS
fitsne,10000,9660,-7.959368278547224,27.984936537697337,5.0,B004XASKIM
fitsne,10000,9661,-28.736300127640412,13.557809647564914,5.0,B000XSBVMU
fitsne,10000,9662,-1.3414400872729586,-45.050673031973616,5.0,B01BLVF344
fitsne,10000,9663,-33.399628323083554,-28.483447148013525,5.0,B09WDKTDDV
fitsne,10000,9664,27.219013694380052,40.638653349158716,5.0,B0BGKK3M4Y
fitsne,10000,9665,-37.373120183932095,-4.071946331661095,1.0,B0834TH2FK
fitsne,10000,9666,35.529289899679675,-37.69280463511294,5.0,B09B2131LR
fitsne,10000,9667,-45.8121044161576,6.516537865363739,5.0,B09CM1FZKL
fitsne,10000,9668,-32.25616577125648,-47.96947544910318,4.0,B07BM9CLKG
fitsne,10000,9669,2.619795722450644,-59.82757945031444,5.0,B09Y54MQWT
fitsne,10000,9670,-38.50110273767871,-33.4880790548828,4.0,B07FKQ1KC8
fitsne,10000,9671,0.884852131021172,-51.89615715163963,5.0,B01JAT1F5K
fitsne,10000,9672,-1.047092090269014,44.57021819551643,5.0,B098HS1NDV
fitsne,10000,9673,9.565976061116626,-35.29196856308612,4.0,B00DODLLEO
fitsne,10000,9674,18.563768454593767,43.128999786900685,5.0,B00DYTM9K8
fitsne,10000,9675,2.8844957805400306,-20.91248630705579,4.0,B001PRKKB6
fitsne,10000,9676,-6.002323223944305,-62.13408048731653,3.0,B00WUHUYHA
fitsne,10000,9677,53.91410836978467,7.108975448100836,5.0,B08LB4WFZR
fitsne,10000,9678,14.251810327725837,37.07295422118089,4.0,B0923M3V4W
fitsne,10000,9679,55.07228175391513,-50.5115131472543,5.0,B002N3MM6W
fitsne,10000,9680,-45.72732127739769,15.663115869070799,5.0,B0922N4R9Z
fitsne,10000,9681,-11.828269636722428,-43.258821014734906,5.0,B09Q5BNT76
fitsne,10000,9682,16.034745423537355,13.097815458474832,5.0,B01LYXG93H
fitsne,10000,9683,-22.101811160659167,70.3147027687674,5.0,B09W4DTMQX
fitsne,10000,9684,-21.75327380886582,69.92879631366607,5.0,B09ZTC6LGP
fitsne,10000,9685,27.763773045950447,49.007508712693514,5.0,B01N5ALH90
fitsne,10000,9686,-42.95577394353048,-28.92727723954924,3.0,B006GVWJNI
fitsne,10000,9687,0.8620331669974843,-71.47252667881983,5.0,B003VANOFY
fitsne,10000,9688,32.82701289926398,-19.23079987879577,2.0,B0BMXDFY8Y
fitsne,10000,9689,4.554350052158273,19.308500788675,3.0,B07Q2SJNZ5
fitsne,10000,9690,-6.836213060199419,45.423144148505884,5.0,B0C6KX8YPM
fitsne,10000,9691,2.335928136641341,-33.06476068238879,1.0,B0B8TZ9YDH
fitsne,10000,9692,-10.09518965796995,23.64750287893187,5.0,B0BK3DV12L
fitsne,10000,9693,-13.150031494734904,51.797286636850224,5.0,B0BPHX4WNB
fitsne,10000,9694,-12.422734723996584,23.88591787413668,5.0,B092YLD576
fitsne,10000,9695,-58.72277922833026,16.249045766746974,5.0,B0B5347K29
fitsne,10000,9696,-15.955167492278512,19.285555429543876,5.0,B0BKRFS2WT
fitsne,10000,9697,-38.259829243322976,-27.894029082890494,5.0,B0C2BT4F7F
fitsne,10000,9698,-11.40826105534424,24.42998192528859,5.0,B0C69TG6ZW
fitsne,10000,9699,-53.21525831240411,1.5127794627414723,5.0,B0BLZ768Q7
fitsne,10000,9700,-13.485240841301334,52.113868834326034,5.0,B0C8MXJBZG
fitsne,10000,9701,19.60715411022734,48.317664838578466,5.0,B0C245SLN9
fitsne,10000,9702,25.88297063253125,-2.237251031452537,1.0,B0C5HYL59M
fitsne,10000,9703,17.896684965726095,1.3459153803173767,1.0,B0CC54P9YK
fitsne,10000,9704,31.972677894341995,3.495529137144501,1.0,B0C27W4YKT
fitsne,10000,9705,-10.680270240897578,26.219056663477698,1.0,B093GXP1JF
fitsne,10000,9706,13.956729360579283,6.09611436128579,5.0,B0BGHSTHH1
fitsne,10000,9707,-31.2336147552564,29.65309226804471,5.0,B0BTYMPPJC
fitsne,10000,9708,2.392980219811844,51.55836634756093,5.0,B0BHYM36X2
fitsne,10000,9709,-8.1633711965422,24.854772879686358,5.0,B0B8RBCCT8
fitsne,10000,9710,-13.43931187812586,52.166251663739885,5.0,B0BGGG4Q5N
fitsne,10000,9711,-32.0569415855537,28.420226107658216,5.0,B0B45QNQFM
fitsne,10000,9712,3.02839704517378,26.715294263084193,5.0,B0B8BTDT7M
fitsne,10000,9713,-8.267207642452991,24.88695310257293,5.0,B0B2DGY1J8
fitsne,10000,9714,-20.853440572454602,-43.46169478450591,5.0,B09WJSWGGZ
fitsne,10000,9715,-3.4981613013270745,52.37796140477858,5.0,B0BCK4LVC9
fitsne,10000,9716,5.886115072366214,37.094372474071186,5.0,B0BNJ5CGMJ
fitsne,10000,9717,14.684166633056599,6.768453206574958,5.0,B0C1N9W872
fitsne,10000,9718,9.809552307754094,19.414146721836843,5.0,B0B6W3BGKB
fitsne,10000,9719,-58.62282697397836,14.511017150534984,5.0,B0BGPK95HK
fitsne,10000,9720,-31.411056306951156,27.580595181664936,5.0,B0C53DQ4P5
fitsne,10000,9721,10.184094666010056,19.6082695541863,5.0,B0B58TWYTD
fitsne,10000,9722,-17.80077349893136,-32.42775749435593,5.0,B0B294T7XS
fitsne,10000,9723,-51.91234297822682,1.1256460871912264,5.0,B0B7DLH38Q
fitsne,10000,9724,-58.048397302797355,15.162482017548815,5.0,B0BGPK95HK
fitsne,10000,9725,-31.37922846099995,27.548120810929216,5.0,B0B9LWVRG1
fitsne,10000,9726,-30.04830389526916,-16.65547687484645,3.0,B09ZZXSZTY
fitsne,10000,9727,-18.935381720145774,71.1173444954812,5.0,B0BTYQXHLS
fitsne,10000,9728,-42.54852009388739,9.458346828426443,5.0,B0B28NS372
fitsne,10000,9729,-31.403919782091926,27.659975336571147,5.0,B091GFJJ4W
fitsne,10000,9730,8.41532216156609,-8.8578364627887,5.0,B0BXL9C5K8
fitsne,10000,9731,-52.73680000115932,-1.0749319202659275,5.0,B09PY7R912
fitsne,10000,9732,-65.92513186068614,-16.503556758257584,2.0,B09S6SXFRC
fitsne,10000,9733,0.07020404030587643,53.22102442639154,5.0,B09VH1STX5
fitsne,10000,9734,-27.51170616977087,-18.443771981043778,3.0,B09LLN4NQV
fitsne,10000,9735,-8.085377980040018,-63.32704769640572,5.0,B09LY2JFYN
fitsne,10000,9736,1.3678852107511832,-62.49297403387448,5.0,B09KRD53TD
fitsne,10000,9737,-20.806708650856358,69.79519102042579,5.0,B09HCG3QBG
fitsne,10000,9738,33.929531242723115,53.618615438128565,1.0,B07RLTCZFH
fitsne,10000,9739,34.01455656413878,53.10870775872019,2.0,B07KXN1HRL
fitsne,10000,9740,-57.49148003666672,15.088699057022298,5.0,B095NZHHFK
fitsne,10000,9741,51.72275802290069,7.264648647348002,5.0,B0C4XQ34T3
fitsne,10000,9742,-1.3639554325535392,16.379057908717115,5.0,B0921Z5SS6
fitsne,10000,9743,-7.086807364166783,-64.28681380713567,2.0,B07ZPC9QD4
fitsne,10000,9744,-9.812699619062196,-43.42126820003794,5.0,B092D916BL
fitsne,10000,9745,-40.15262239833436,6.763562186757515,1.0,B0967JBZN9
fitsne,10000,9746,-13.672476724826312,4.007650533651422,1.0,B08SBVX4R5
fitsne,10000,9747,-35.42436134357912,50.29178928624307,5.0,B09DXXSS9Z
fitsne,10000,9748,-57.81450704026376,14.627965772180657,3.0,B09CYHT3VK
fitsne,10000,9749,-15.655721369282857,-21.15521704318047,2.0,B07KTYJ769
fitsne,10000,9750,49.30923566265504,42.040715879764115,5.0,B08K3MLG2H
fitsne,10000,9751,-8.737015873957784,-33.40852650302622,5.0,B08HH6RB61
fitsne,10000,9752,34.684527823337866,47.174288024644916,1.0,B08H8DCYWC
fitsne,10000,9753,-51.33799268921349,0.5079067516553132,4.0,B08D6K3FP6
fitsne,10000,9754,-35.36707024850748,50.46558804754725,5.0,B07725JKKY
fitsne,10000,9755,-57.15089712922051,16.0103242599216,1.0,B082TVTLLQ
fitsne,10000,9756,8.101880790705282,15.367561596452529,2.0,B07N1L5HX1
fitsne,10000,9757,2.7796707548774835,26.809394809655643,4.0,B088KRWG5K
fitsne,10000,9758,-42.542565417186054,7.620871753971332,5.0,B07SB3MN9N
fitsne,10000,9759,-65.89951015017205,-17.13294966482956,5.0,B09YQZL8T6
fitsne,10000,9760,-9.630475767878933,-59.759896569575204,5.0,B09F3RBZB6
fitsne,10000,9761,-13.709064368302558,21.632254326663084,5.0,B087GDZ6C5
fitsne,10000,9762,41.774001950098615,45.004826031640036,5.0,B08LH7WC6B
fitsne,10000,9763,-44.92025610598995,30.05372034811446,5.0,B083BJDFRQ
fitsne,10000,9764,18.984388960853625,23.220999635171328,2.0,B07MHZHVDK
fitsne,10000,9765,-11.552006363748037,-31.48125477190417,3.0,B07T4NW4JQ
fitsne,10000,9766,12.528527427922654,5.477417024728039,5.0,B07X1PTK35
fitsne,10000,9767,-8.013381419194351,34.919470450221624,5.0,B07YCS388T
fitsne,10000,9768,-39.28442037313201,46.49897374795673,5.0,B07H7BN13K
fitsne,10000,9769,-45.720435394061354,15.59516914972013,5.0,B07CHJ1SLT
fitsne,10000,9770,-29.572671783817594,13.381723890721272,5.0,B07FKS68JT
fitsne,10000,9771,-24.647324990498678,-35.94776135866746,5.0,B07V46WGH5
fitsne,10000,9772,-14.486394611755358,25.64862168122366,4.0,B07JW2DM4C
fitsne,10000,9773,-49.13827629268131,30.42497225352603,5.0,B07TX1M942
fitsne,10000,9774,-39.32143170037813,47.75320199889649,5.0,B07VQSR121
fitsne,10000,9775,-40.70331090710957,10.968014322091854,5.0,B07TM2WXCC
fitsne,10000,9776,-37.44541240610674,-10.092612920246376,4.0,B073WRJ44V
fitsne,10000,9777,50.88506279735402,41.00658006826684,5.0,B081CC65ZS
fitsne,10000,9778,-30.439951913093772,47.96896279007286,1.0,B07PKM9YZC
fitsne,10000,9779,-31.874887974220034,47.129555898164384,5.0,B07SBMKC8S
fitsne,10000,9780,-4.787023459421911,23.94451069038566,5.0,B07Q4F3SQH
fitsne,10000,9781,-28.57059809224535,12.544424762264192,5.0,B07P7GG2GC
fitsne,10000,9782,-17.8289740312863,-70.88517753259288,5.0,B07QL578VM
fitsne,10000,9783,-7.657071267922821,-14.222199093985115,4.0,B06XRNP6NL
fitsne,10000,9784,-14.793715029009032,-35.26240671822585,4.0,B06ZYY2876
fitsne,10000,9785,28.0762201509962,6.965721715087947,5.0,B01F9RH0R4
fitsne,10000,9786,46.166201626810455,-23.361470274306452,5.0,B00D1V2FKS
fitsne,10000,9787,64.19856571260631,-42.785188921358014,5.0,B016XYGFOG
fitsne,10000,9788,-31.71674546770055,-19.868918903530385,5.0,B00NUS8QQY
fitsne,10000,9789,61.44002793022346,-24.88444746630938,5.0,B009W4QYG4
fitsne,10000,9790,36.8084751428438,-20.57341251919962,4.0,B009M3VL36
fitsne,10000,9791,-3.44319286784008,-46.344242433598424,2.0,B01BRWH8G8
fitsne,10000,9792,63.455582535704394,-29.854947883908196,5.0,B09B74YKSB
fitsne,10000,9793,64.21181783806007,-42.79519569310721,1.0,B07N8VFFNS
fitsne,10000,9794,63.44487549938137,-29.737435696697858,5.0,B08KZ1TZYB
fitsne,10000,9795,-16.868540021937548,10.503179133386745,5.0,B09L5PM4MK
fitsne,10000,9796,12.401529701936534,-4.447311216218782,5.0,B08F2X7GNJ
fitsne,10000,9797,-25.518354080201167,10.505910833594049,5.0,B08P7WCRDM
fitsne,10000,9798,38.03024274493818,-31.264701541280328,5.0,B01N75TWSA
fitsne,10000,9799,-5.612043693206614,-43.454237296674336,5.0,B099V8GPR4
fitsne,10000,9800,-5.27951829589186,-41.45560492810977,5.0,B074WGHWS7
fitsne,10000,9801,29.33890989054457,-20.9141484288196,5.0,B076J59CLH
fitsne,10000,9802,29.406392846796894,-21.07939620160318,5.0,B079LNWB52
fitsne,10000,9803,34.96716081002748,-26.036264075198716,5.0,B0B84XMBTM
fitsne,10000,9804,8.023654560018205,-6.549375302921129,5.0,B000WYVBR0
fitsne,10000,9805,-30.721848383137402,-19.162846339430963,5.0,B07D4F2P26
fitsne,10000,9806,28.80541164396605,-27.10286951119168,5.0,B01HCUUOPG
fitsne,10000,9807,38.17748761709461,-15.131442541442125,5.0,B075X8471B
fitsne,10000,9808,30.616183320937534,-25.64711238628226,5.0,B01AWOAUJY
fitsne,10000,9809,31.0603245550494,-25.401582503439098,5.0,B07WMB4XS4
fitsne,10000,9810,30.897504691446475,-25.40537216066087,5.0,B01H4XBYIW
fitsne,10000,9811,-35.48845645533796,7.5542390781239845,1.0,B00RD7MZMO
fitsne,10000,9812,40.82767043786418,-23.447246380734406,5.0,B00PSKE25G
fitsne,10000,9813,30.92309356661606,-25.76221206486321,5.0,B07647T8NX
fitsne,10000,9814,29.46275172421724,-20.921361698267486,5.0,B0C2HWSXNL
fitsne,10000,9815,30.897989961373593,-25.407988924441657,5.0,B00EUUZMGI
fitsne,10000,9816,25.335036594727832,-30.06867691201292,5.0,B09DFW1W8B
fitsne,10000,9817,46.165588975265315,-23.360119709264822,5.0,B01GOAVEZY
fitsne,10000,9818,24.56808925490338,-50.53414932039737,5.0,B00RYLI0LE
fitsne,10000,9819,60.30567687681689,-38.89114453693022,5.0,B0045EOWS8
fitsne,10000,9820,60.36936131295353,-38.83377940597459,5.0,B096T31Z9T
fitsne,10000,9821,45.915040436727445,10.33567425953184,3.0,B0C1ZHJRGB
fitsne,10000,9822,27.483616379040622,53.468322014883746,1.0,B07MVY15LS
fitsne,10000,9823,27.552079289733268,53.60203563228628,1.0,B083R7LDYQ
fitsne,10000,9824,27.434417516416534,53.478852701601404,1.0,B07P7VFSSY
fitsne,10000,9825,-58.99580325091426,2.4285029598064165,2.0,B07JV9N352
fitsne,10000,9826,38.90486458844556,9.838570164926502,3.0,B07D6Q2MNG
fitsne,10000,9827,24.35850519429563,48.633964665653956,2.0,B08ZZH5KM4
fitsne,10000,9828,-35.85926427413432,-38.731420592598795,5.0,B00007KDX6
fitsne,10000,9829,29.331887725392015,15.256245965214925,2.0,B0002G44P4
fitsne,10000,9830,-21.72349832951727,-40.87257353376552,3.0,B0B75PV61F
fitsne,10000,9831,-7.669974361621142,-75.10848939045037,4.0,B01CYNT772
fitsne,10000,9832,4.577017586156052,19.323506701143565,5.0,B08WLQGKM2
fitsne,10000,9833,45.929848442510604,15.991961598225046,5.0,B09HTV2T4T
fitsne,10000,9834,-39.50370639460504,-38.840801419276865,5.0,B00BSYCZZ0
fitsne,10000,9835,-39.53402194102568,-36.3745193983436,3.0,B00140DBRY
fitsne,10000,9836,19.12948739406607,-23.380933530131202,2.0,B00VKM5YG2
fitsne,10000,9837,-4.55749102340885,51.9520177585249,3.0,B01D3NROZE
fitsne,10000,9838,14.529963898250195,45.73468801863341,5.0,B014VA1ZD0
fitsne,10000,9839,-10.151753417502475,49.852167906086166,5.0,B00159LRXY
fitsne,10000,9840,9.607953446307057,43.714938937605794,2.0,B01BH5TLK6
fitsne,10000,9841,18.709308629661212,-24.195320721467656,2.0,B07RL3LRZ8
fitsne,10000,9842,-35.58135826877045,-34.76682372968214,4.0,B0016OEV7C
fitsne,10000,9843,-16.945633627111427,-35.1669953736212,3.0,B006SUWZH2
fitsne,10000,9844,-6.2261323172737475,-44.178313417854405,5.0,B00BCA40S0
fitsne,10000,9845,-53.826424812226186,3.277539921570642,5.0,B00K8GZED4
fitsne,10000,9846,28.67217196079515,-23.25859229849063,5.0,B00006JQ06
fitsne,10000,9847,-34.46913629096481,9.644389214405859,2.0,B001TH7GUU
fitsne,10000,9848,-25.274459772273346,42.96240707205997,3.0,B00IEYGALM
fitsne,10000,9849,17.37531159543318,50.75413141224216,5.0,B002VPE1Q6
fitsne,10000,9850,2.09275545453478,52.60430423351535,5.0,B00MHI0QGQ
fitsne,10000,9851,24.83111432619198,-36.79011382411911,1.0,B01MCWS5YA
fitsne,10000,9852,-14.442370450769666,71.58348554101443,5.0,B07CLBNM1C
fitsne,10000,9853,-16.036244012989766,-1.0049968503758064,3.0,B010CCZJSS
fitsne,10000,9854,-32.79707289507725,-11.117305467995887,5.0,B000F4C1H6
fitsne,10000,9855,-38.51841489904744,-33.01256535966486,5.0,B004OVE61U
fitsne,10000,9856,-71.1001150570808,-15.266122840820783,1.0,B0BL3B9ZVW
fitsne,10000,9857,-34.0913078502214,50.01262207441109,1.0,B0BM96BQYV
fitsne,10000,9858,-69.59390722309772,-13.291690911331088,5.0,B08KHV7H1S
fitsne,10000,9859,-19.0062088041792,-15.106062397651772,5.0,B0C46HBG9F
fitsne,10000,9860,30.697078824370543,-42.993854862269835,5.0,B09G3MBH6V
fitsne,10000,9861,-62.82667714615548,-24.21325307767159,1.0,B0B592HWSM
fitsne,10000,9862,-62.867573264962324,-24.136759244767,1.0,B09ZKYHD2P
fitsne,10000,9863,-12.76657294876513,23.86900445043656,5.0,B0BM5Y3LPK
fitsne,10000,9864,-12.820053777900805,26.510436000088642,1.0,B0829KDY9X
fitsne,10000,9865,-0.330677144967435,55.559094863960915,1.0,B08QQTQNDC
fitsne,10000,9866,-9.922379902088956,-43.40514624255014,5.0,B0B3JVPY1K
fitsne,10000,9867,-0.7915047639128804,-24.304532981495523,5.0,B07GZFM1ZM
fitsne,10000,9868,-17.74525916859698,14.353352988358418,1.0,B00N2ZDXW2
fitsne,10000,9869,65.32510301105405,-10.436688660122902,5.0,B084VFH8MT
fitsne,10000,9870,43.633352930611046,-9.191214237277798,5.0,B07MVGHLL4
fitsne,10000,9871,64.43566173252081,-23.722423602520074,5.0,B01K8B8YA8
fitsne,10000,9872,58.880301141007294,-42.07190414943779,5.0,B07N8VFFNS
fitsne,10000,9873,60.60836716172695,-25.853708260185325,5.0,B0792K2BK6
fitsne,10000,9874,58.04831063894393,-41.53720803031511,5.0,B0791TX5P5
fitsne,10000,9875,-14.931625306421052,-24.01724147039343,5.0,B07KTYJ769
fitsne,10000,9876,39.041800045384925,-31.15323066641205,1.0,B08RYZGXLL
fitsne,10000,9877,30.868982578368726,41.42934064640875,5.0,B076H96CZF
fitsne,10000,9878,43.60283904847586,-9.123651330136411,5.0,B07PNKJ7N3
fitsne,10000,9879,30.769867579122153,-43.221523278623806,5.0,B07S4N7K19
fitsne,10000,9880,58.88030248284453,-42.07188181270533,5.0,B00BGSPW9Y
fitsne,10000,9881,34.82572041102113,3.1499568505276065,4.0,B078SCKP5Q
fitsne,10000,9882,31.38816900474488,-25.453047944575726,4.0,B0BL6788GP
fitsne,10000,9883,39.73585593811958,-36.12847435093825,5.0,B07ZCZHCZX
fitsne,10000,9884,29.178100182059495,2.09580897584233,5.0,B083BY7WNN
fitsne,10000,9885,-5.419178858199501,-49.44579724850214,5.0,B01LVVG5XS
fitsne,10000,9886,34.32824031943731,10.265501198470773,5.0,B08S6LTM2Y
fitsne,10000,9887,27.922475248848798,7.419591105649733,5.0,B07F2GQGTY
fitsne,10000,9888,4.846994202914974,52.89921183751689,4.0,B07KS5MZYP
fitsne,10000,9889,-34.98422679363117,41.715555362143185,5.0,B09Q7JDCGN
fitsne,10000,9890,-17.905585285763774,-60.8440527734218,2.0,B0C3GSXJDJ
fitsne,10000,9891,-52.30456456142949,-11.282596717398743,5.0,B00AVY6DUG
fitsne,10000,9892,-51.520799220876505,-11.831747830704177,5.0,B00CJHXY0U
fitsne,10000,9893,7.8363473667806085,16.580818880562017,5.0,B095RL4KBZ
fitsne,10000,9894,30.736449668427795,22.114898585672712,5.0,B0B3BTZ7KR
fitsne,10000,9895,-27.010432675699448,10.495732545414922,5.0,B075SJWX43
fitsne,10000,9896,58.25464727485405,-22.94914269891018,5.0,B01KIOU4EO
fitsne,10000,9897,-30.266960487846983,-51.91746356745701,4.0,B00KJLMBQQ
fitsne,10000,9898,-20.262272388331734,-0.986676560438237,5.0,B07TS9412P
fitsne,10000,9899,-5.217598213296569,-24.97917697385047,5.0,B06WWBS9BY
fitsne,10000,9900,-7.3458881406981265,34.30610175505195,5.0,B00BXERYMY
fitsne,10000,9901,2.456750413727394,-11.409215661469506,5.0,B07PGL2N7J
fitsne,10000,9902,4.538510298511134,50.775306193682304,5.0,B07F4P3JH7
fitsne,10000,9903,32.739351618802374,8.672034349619967,5.0,B077MVFQWZ
fitsne,10000,9904,60.375582476348434,-38.609093002926826,5.0,B00BR5FZ7U
fitsne,10000,9905,55.93911108356466,-44.32417079387424,5.0,B01LYQ4QCE
fitsne,10000,9906,55.95572026241294,-44.45823657764586,5.0,B00935K7OC
fitsne,10000,9907,55.76560017859248,-44.55852944936858,5.0,B07JL18G1D
fitsne,10000,9908,55.872578853303665,-44.519642478956925,5.0,B008I64TOQ
fitsne,10000,9909,60.22531311848773,-38.30758606380676,5.0,B07N5MT53H
fitsne,10000,9910,40.03172917137629,-38.92670200036627,5.0,B073HQ46VD
fitsne,10000,9911,61.94403668598842,-25.62141269006395,5.0,B002J9GHIO
fitsne,10000,9912,60.39295834551839,-38.64367633433006,5.0,B00KCZTAI6
fitsne,10000,9913,63.746575714978334,-26.48101515053403,5.0,B001P05MDE
fitsne,10000,9914,63.74820113624514,-26.48377908971133,5.0,B01LWRVB4P
fitsne,10000,9915,63.74576808936074,-26.48348598905761,5.0,B00DQGIHNW
fitsne,10000,9916,4.796845907722953,4.40829679412125,5.0,B0BBQRCQS2
fitsne,10000,9917,-25.359936007340213,-26.34400412740987,5.0,B00ZSB1UE6
fitsne,10000,9918,21.694082490174523,46.70358416507354,4.0,B003PET5XG
fitsne,10000,9919,23.238347815424625,-11.09048387627282,5.0,B07H65KP63
fitsne,10000,9920,-9.540464807606083,14.716937133594255,5.0,B09WMH6MR6
fitsne,10000,9921,-10.524708205048817,-60.056862307239506,4.0,B09F3RBZB6
fitsne,10000,9922,-22.067427243187485,-13.743752865176354,3.0,B07GKT53H5
fitsne,10000,9923,-35.43974978249564,24.337227300982764,5.0,B07H2BKBR5
fitsne,10000,9924,6.581134865193436,39.74348676429155,5.0,B0953BVTHX
fitsne,10000,9925,-41.25073663487109,-2.2003907040031616,5.0,B017WGIH36
fitsne,10000,9926,48.14712747893236,37.38326622711573,5.0,B07SCH4PCM
fitsne,10000,9927,11.680481107159794,-38.71034690456758,5.0,B07XBQLL71
fitsne,10000,9928,-19.37605228667351,-14.136147344344284,5.0,B0CBQJ36ZN
fitsne,10000,9929,-11.24710789206551,-50.11816355162876,5.0,B0BJ517NSM
fitsne,10000,9930,44.83036855996243,-0.4598687437720359,5.0,B07GVS4RW2
fitsne,10000,9931,30.02715410086699,-37.91726171406066,5.0,B075JZNHTD
fitsne,10000,9932,17.518279263026713,52.09467719253144,5.0,B01ITOFEX6
fitsne,10000,9933,-19.45342725376222,72.51391788507003,5.0,B016MXPQMA
fitsne,10000,9934,21.28851174712191,-7.465051544530625,5.0,B01FV2HIYC
fitsne,10000,9935,-12.34489166378089,-8.95743960100055,4.0,B01C0W3SSG
fitsne,10000,9936,-24.690398562405505,1.7016396296724796,5.0,B004K4TE5O
fitsne,10000,9937,4.604060892824771,51.81589149835707,5.0,B00MP0J0YK
fitsne,10000,9938,42.239701956389844,-37.782371554806105,4.0,B007L2OQLO
fitsne,10000,9939,24.6113274828849,-50.61780099376419,5.0,B0159CNMY4
fitsne,10000,9940,-42.439510702853674,-8.256489187944084,5.0,B081CCP77B
fitsne,10000,9941,33.58557791816328,-18.99579141240408,5.0,B01GR9FDVI
fitsne,10000,9942,43.707790179986226,-8.712608444161024,5.0,B082SR59W9
fitsne,10000,9943,48.50761930795975,37.09885479097947,5.0,B00GVRHON2
fitsne,10000,9944,28.03908738088473,-23.614921919146894,5.0,B0079MA92Q
fitsne,10000,9945,20.74100351266304,45.36963851485068,5.0,B08672V1D2
fitsne,10000,9946,-1.2668788133355506,-21.038994602811854,5.0,B07CGC1ZSM
fitsne,10000,9947,43.39078469745734,-28.72236535482826,3.0,B01BXEIVV6
fitsne,10000,9948,-3.362516051895263,69.70895608959457,1.0,B00LCKPNAO
fitsne,10000,9949,2.1838294657612085,56.525947302398414,3.0,B010BWYDYA
fitsne,10000,9950,5.159932057924068,-18.720727080469626,5.0,B000P0O12I
fitsne,10000,9951,-15.572929783794354,-38.278025952124864,5.0,B0BY8N7HHG
fitsne,10000,9952,10.984318128668546,-42.280252500500545,5.0,B0077L5XSY
fitsne,10000,9953,23.57676998986475,-53.173255219803345,5.0,B01ABWGHHG
fitsne,10000,9954,-57.155680424595474,-0.38704597923168854,5.0,B0777KLKJ1
fitsne,10000,9955,9.616801009361787,-12.209007197341686,1.0,B01AX44544
fitsne,10000,9956,-3.2861985287457767,-56.68983684790952,4.0,B07KQL6J9Q
fitsne,10000,9957,-11.519289882401868,50.22427813346596,5.0,B01C4HCBNA
fitsne,10000,9958,10.984221392588278,-38.50357451226405,4.0,B09SBN4V44
fitsne,10000,9959,10.533220362484967,-34.74554100324731,5.0,B0C7THZNCB
fitsne,10000,9960,33.92697449721092,22.099019323434938,3.0,B01IOGPY0C
fitsne,10000,9961,-4.044808053283342,22.71220688442583,5.0,B07JJHQ6PF
fitsne,10000,9962,36.57928721805644,8.146810814419016,5.0,B07FPQ343D
fitsne,10000,9963,51.05977093193915,-1.0998012267118522,5.0,B00B3P1IGG
fitsne,10000,9964,-47.76274548707383,7.117033874070273,5.0,B00FA4Y82W
fitsne,10000,9965,16.273936295753053,60.73474199629056,5.0,B00C0ZAY8G
fitsne,10000,9966,25.848023471731697,41.313212447629084,5.0,B007WAWHD4
fitsne,10000,9967,2.2345018752570858,-33.480410544329224,4.0,B004SBBD1C
fitsne,10000,9968,-27.48682349593336,-8.851809379760805,4.0,B0015ACUKC
fitsne,10000,9969,-8.558777269211705,29.175437223688878,2.0,B00395WIXA
fitsne,10000,9970,41.7939603327098,18.13242749329908,5.0,B09F366D8L
fitsne,10000,9971,60.39300536033324,-38.63068936378742,5.0,B016N0SX18
fitsne,10000,9972,36.2931636112843,3.903252131068414,5.0,B00KCZTAI6
fitsne,10000,9973,-66.30924483459897,-17.297041353660866,5.0,B01IUDUJE0
fitsne,10000,9974,26.496322326849903,-6.087026732822182,5.0,B01M012CWI
fitsne,10000,9975,21.776464761673378,33.51483130415045,5.0,B00FO1QRXO
fitsne,10000,9976,-26.137093910398388,-34.42096658158006,5.0,B00BLX9510
fitsne,10000,9977,-28.98341101027836,-18.688869654082758,5.0,B00BCGRTFK
fitsne,10000,9978,-31.731985942333186,-24.97129845066202,2.0,B01B24A3W2
fitsne,10000,9979,27.203271977299817,-29.127862626387767,4.0,B07QRYFYVW
fitsne,10000,9980,48.99001061854126,-29.925371545474935,5.0,B08J79T7CQ
fitsne,10000,9981,-11.69639247087842,-41.79260359749618,5.0,B086X2282Y
fitsne,10000,9982,14.712994508508075,7.2181853232669395,5.0,B00FB2XNCE
fitsne,10000,9983,51.5591177059486,-34.83330692398675,5.0,B08RD8K7ZG
fitsne,10000,9984,-11.451565664130223,49.979767578682996,5.0,B07C9YV85F
fitsne,10000,9985,40.99754198790597,-0.9827729342431762,5.0,B002VPE1Q6
fitsne,10000,9986,57.87720567151647,-41.364865244731924,5.0,B08WPB22H1
fitsne,10000,9987,28.702604513519653,-34.33535214937341,5.0,B077ZS7D77
fitsne,10000,9988,6.152905353005871,39.241786691439216,5.0,B07F41HCGD
fitsne,10000,9989,32.41393474402857,41.58382512168876,5.0,B07KJB17KT
fitsne,10000,9990,54.62875769481346,-23.001097271489066,5.0,B009UNGYHG
fitsne,10000,9991,57.88764746646285,-23.749721567482837,5.0,B07BTS2KWK
fitsne,10000,9992,57.88761578198346,-23.74910467706915,5.0,B0BJPSZ739
fitsne,10000,9993,23.646275152177658,-30.38404447610264,5.0,B07JPYJ5H1
fitsne,10000,9994,38.38293422256456,9.033845724426264,5.0,B07Z8R8X9Y
fitsne,10000,9995,-0.23753255041024726,-12.773578792592305,5.0,B08DMXDPW5
fitsne,10000,9996,-24.672940223227577,15.29303661274621,5.0,B085WKPBW7
fitsne,10000,9997,22.431854591869612,-10.570424640479866,5.0,B01C3SK0FG
fitsne,10000,9998,-48.18267162416486,26.31828498233403,4.0,B09YRQP4YS
fitsne,10000,9999,-23.557581770609474,14.099471730776472,5.0,B09BP1LB8L
