method,n_samples,point_id,x,y,rating,parent_asin
pca,10000,0,-0.24001196,0.03728965,3.0,B083NRGZMM
pca,10000,1,0.081587955,-0.1315691,1.0,B07N69T6TM
pca,10000,2,-0.369077,0.10318886,5.0,B01G8JO5F2
pca,10000,3,-0.28185987,0.39664876,5.0,B001OC5JKY
pca,10000,4,-0.20253661,-0.13010795,5.0,B07CJYMRWM
pca,10000,5,-0.27115482,0.10308302,5.0,B07CML419K
pca,10000,6,-0.09202342,-0.23413481,5.0,B07BHHB5RH
pca,10000,7,-0.36091563,-0.25404903,5.0,B09S6Y5BRG
pca,10000,8,0.22027527,0.07991001,5.0,B01LW71IBJ
pca,10000,9,-0.023911875,-0.16987573,5.0,B017T99JPG
pca,10000,10,-0.16617393,-0.2623296,1.0,B00L0YLRUW
pca,10000,11,0.13658795,-0.0742373,3.0,B01HHURN3W
pca,10000,12,-0.14227813,-0.12184814,5.0,B004S2JX7W
pca,10000,13,0.03811738,-0.18691866,3.0,B0047T79VS
pca,10000,14,0.116036035,-0.012393732,5.0,B00IXNUDG2
pca,10000,15,0.026342053,-0.24066381,5.0,B00PVCXB4Y
pca,10000,16,-0.06398533,-0.14829846,5.0,B00X5C22SS
pca,10000,17,-0.20930059,0.26971474,5.0,B0BKQZGST4
pca,10000,18,0.2830219,0.29023817,5.0,B01LQF8B7G
pca,10000,19,0.2538871,0.1221452,4.0,B075X8471B
pca,10000,20,0.052205548,0.023297915,5.0,B0B2DLVCF3
pca,10000,21,-0.09816121,-0.12889548,5.0,B0199HAOAU
pca,10000,22,0.06761019,-0.111045636,5.0,B0093162RM
pca,10000,23,-0.23804793,-0.19294861,5.0,B07FCZY1ZB
pca,10000,24,-0.031531904,-0.21525846,5.0,B00RH29CJO
pca,10000,25,-0.20603691,0.38171467,5.0,B08P3VMW76
pca,10000,26,0.013104568,0.21475726,5.0,B013KPXNSW
pca,10000,27,-0.0732248,-0.07586867,4.0,B0862W5BQ8
pca,10000,28,0.030456109,-0.22666126,5.0,B004XC6GJ0
pca,10000,29,-0.1031041,0.09063617,5.0,B0BNX9QVXZ
pca,10000,30,-0.18070334,-0.18867767,5.0,B0BN534JBB
pca,10000,31,-0.2745986,0.12634696,5.0,B08X4R1T16
pca,10000,32,-0.1869853,-0.30026883,5.0,B08932J7NC
pca,10000,33,0.08950807,-0.08830802,5.0,B078LLS33F
pca,10000,34,-0.15701278,0.11362659,5.0,B00V3KLZSW
pca,10000,35,-0.08800184,0.0085337255,5.0,B012ASFKOU
pca,10000,36,0.019484406,-0.24666983,4.0,B001FWYGJS
pca,10000,37,-0.10436654,0.20224573,5.0,B08YP2F6VG
pca,10000,38,-0.0056593437,-0.18403399,5.0,B0C8HDXFXN
pca,10000,39,0.05900121,-0.14556679,5.0,B00RBGYGPG
pca,10000,40,-0.02975345,-0.016934827,5.0,B007EVDJV0
pca,10000,41,0.11100562,-0.022930901,5.0,B00KLZLBCK
pca,10000,42,-0.013691448,0.25373992,5.0,B09NHSGWPD
pca,10000,43,0.31084386,0.06803488,1.0,B095KHWNLK
pca,10000,44,0.010589983,-0.027742464,5.0,B08BRJ98H3
pca,10000,45,0.066202976,0.0480723,5.0,B08912RRG5
pca,10000,46,-0.09309822,-0.12025428,5.0,B07GVWH35S
pca,10000,47,-0.18491893,0.40250102,5.0,B06VTQK7CB
pca,10000,48,0.17855969,0.18451266,1.0,B0776DSP7Y
pca,10000,49,0.07526529,0.029080091,2.0,B00NWXM5U0
pca,10000,50,0.23772568,-0.1956526,5.0,B01DDIAX1Q
pca,10000,51,0.082248196,-0.038404174,2.0,B00L49X8E6
pca,10000,52,-0.1376759,-0.10067139,5.0,B09HDZ8FQY
pca,10000,53,-0.112648055,0.40665978,5.0,B00PQBDQPO
pca,10000,54,-0.039193664,-0.21448867,5.0,B00CRF9V2O
pca,10000,55,0.08055561,-0.25840726,5.0,B00BHC7ZTE
pca,10000,56,0.04681952,-0.008962484,4.0,B00852JEPW
pca,10000,57,-0.01520646,-0.014236261,2.0,B09ZTXZ1MQ
pca,10000,58,-0.01908046,-0.19240342,5.0,B09MYGF318
pca,10000,59,-0.08776225,0.047358595,1.0,B07VV6TT69
pca,10000,60,-0.05120817,0.12084795,5.0,B07BRHB8C1
pca,10000,61,0.28471732,-0.1706525,5.0,B07Z6BPJXQ
pca,10000,62,0.0942169,0.28553686,4.0,B083YHS7SV
pca,10000,63,0.24926755,0.033851065,5.0,B0046EDOWW
pca,10000,64,0.4672721,0.015291579,5.0,B0045DT3A6
pca,10000,65,-0.2844592,0.3661054,5.0,B09DSSQ52Q
pca,10000,66,-0.0102562625,0.12598476,3.0,B07H3PN7K3
pca,10000,67,0.22421305,0.07126486,5.0,B0733GXPYZ
pca,10000,68,-0.12475458,0.118054084,2.0,B07TPLH5YK
pca,10000,69,0.1315816,-0.20416899,2.0,B07FPQ343D
pca,10000,70,0.002023412,0.27309757,5.0,B00VKIY9RG
pca,10000,71,0.03500404,0.41094515,5.0,B07BJ8KD6X
pca,10000,72,0.088452965,-0.3193487,1.0,B0061F6QUG
pca,10000,73,-0.061890393,-0.3773957,5.0,B09DRXBKVG
pca,10000,74,-0.017875522,0.03206387,5.0,B09TB71VLY
pca,10000,75,-0.030875731,-0.14698863,5.0,B002N3MM6W
pca,10000,76,0.25769472,0.07049179,5.0,B07KTYJ769
pca,10000,77,0.42747423,0.14216134,5.0,B07PGL2N7J
pca,10000,78,0.08562743,-0.14009777,5.0,B07J2GSF3S
pca,10000,79,0.08114286,-0.077456005,3.0,B07Z9QXZMW
pca,10000,80,0.1598699,0.021708513,4.0,B07Q585X37
pca,10000,81,0.08634441,0.001427928,4.0,B07P97SHQP
pca,10000,82,-0.024193957,-0.111364864,5.0,B07B3TX6MF
pca,10000,83,0.19976537,-0.028948132,4.0,B07WPY2W4Y
pca,10000,84,0.111363806,-0.24757577,4.0,B083Z3QCY6
pca,10000,85,-0.020975575,0.10994289,4.0,B07F71KFMQ
pca,10000,86,0.0375342,0.13812803,4.0,B07547WSQQ
pca,10000,87,0.09593121,0.047383457,4.0,B07P7KG4TJ
pca,10000,88,-0.08740993,-0.14440647,4.0,B01LYC6A8M
pca,10000,89,-0.080137245,0.21395002,5.0,B0B2Y5WYRG
pca,10000,90,-0.04705087,0.09136568,5.0,B08KG14KCT
pca,10000,91,-0.068275295,-0.0918088,5.0,B09FF1RNDT
pca,10000,92,0.23299645,0.028487777,3.0,B00FGI4C14
pca,10000,93,0.30946684,0.07315865,3.0,B07B4BF3KT
pca,10000,94,0.2804299,-0.2671735,5.0,B08XBLP2V8
pca,10000,95,0.26625252,-0.17789233,5.0,B018S7DPU8
pca,10000,96,0.07587885,0.07100372,5.0,B00MYU0E0K
pca,10000,97,0.039869957,0.08174197,5.0,B000Q85WOK
pca,10000,98,0.27016398,0.015412753,5.0,B01KWY71BO
pca,10000,99,0.2679349,0.0050977264,4.0,B008I64LC6
pca,10000,100,0.29053876,-0.15246016,5.0,B079Y46M3N
pca,10000,101,0.20577751,0.087546304,3.0,B01MZ45YUU
pca,10000,102,0.1664571,0.1205435,5.0,B074V4CWFD
pca,10000,103,0.27488604,-0.100509964,3.0,B0083J8DFY
pca,10000,104,0.12135649,-0.15921058,5.0,B09N7SXX1X
pca,10000,105,0.034699515,0.35229018,5.0,B00X4XEBTQ
pca,10000,106,0.30975878,-0.17230138,4.0,B001CJOLBW
pca,10000,107,0.002228167,-0.16353421,5.0,B0032FOKME
pca,10000,108,0.0012690406,-0.34162465,5.0,B002WBX7TQ
pca,10000,109,-0.056906708,-0.3331956,4.0,B07CB22VVJ
pca,10000,110,-0.059460565,-0.21500935,4.0,B0002MQGK4
pca,10000,111,-0.07082277,-0.1449147,4.0,B0092TGP4A
pca,10000,112,-0.07061684,-0.16418281,5.0,B00552PA7G
pca,10000,113,0.04170038,-0.2782486,5.0,B07CDCX945
pca,10000,114,0.026351936,-0.2700743,4.0,B07BYZBG2X
pca,10000,115,0.2209139,0.076741315,5.0,B07CBLV151
pca,10000,116,0.08171138,-0.28454667,3.0,B000SJ2TJ8
pca,10000,117,-0.111344084,-0.021098927,5.0,B003UT2C4U
pca,10000,118,0.12704368,0.19635294,5.0,B084JBVY4S
pca,10000,119,0.17643481,0.19225952,5.0,B0075VFKI4
pca,10000,120,0.23316759,0.16337298,5.0,B009RUZ7TS
pca,10000,121,0.12293494,-0.030942617,5.0,B071CMGRLL
pca,10000,122,-0.088805296,-0.09215997,3.0,B006ZZXVCI
pca,10000,123,0.17851697,0.08009086,5.0,B01DFKC6CQ
pca,10000,124,0.23017468,0.04399883,5.0,B07P9W1SMH
pca,10000,125,0.34240714,0.06661477,5.0,B01M3ULMWP
pca,10000,126,0.2742505,0.12702471,1.0,B071HXSW4Y
pca,10000,127,0.22618772,-0.08657846,5.0,B0CCDMQZM7
pca,10000,128,-0.14326127,0.3458374,1.0,B005HSG31K
pca,10000,129,-0.05857429,0.36670586,3.0,B00D2J8558
pca,10000,130,0.12861258,0.056128673,1.0,B0BFHVDPTG
pca,10000,131,0.31722793,-0.05754286,5.0,B08N4M55K5
pca,10000,132,-0.03272384,-0.09832579,5.0,B0945WPX5W
pca,10000,133,-0.23477286,-0.20501168,5.0,B09K7K5J3N
pca,10000,134,0.029925153,-0.14913027,4.0,B084ZJFNKN
pca,10000,135,-0.16061215,-0.14205411,5.0,B0B3T4JWN9
pca,10000,136,-0.40248227,-0.24178523,4.0,B07S5JVP78
pca,10000,137,-0.20411849,-0.18120478,5.0,B0935ZDCYD
pca,10000,138,-0.073362365,0.11170148,5.0,B075LX7S6B
pca,10000,139,0.21915118,0.06435366,5.0,B001L5SN5M
pca,10000,140,-0.2486467,0.24975947,5.0,B000WOIFO2
pca,10000,141,-0.24055561,-0.1266216,5.0,B00365EB3I
pca,10000,142,0.00010035001,0.3051305,4.0,B07XZ1YDKP
pca,10000,143,-0.10503729,-0.09073021,1.0,B09CD8GVY5
pca,10000,144,0.07232164,-0.2656609,1.0,B09V28P31X
pca,10000,145,0.16095656,0.19168179,5.0,B01D0PVYH4
pca,10000,146,-0.013584413,-0.21302526,5.0,B017SJKHIK
pca,10000,147,0.0320718,-0.081812315,5.0,B0BWNQZT64
pca,10000,148,0.20661227,-0.2584808,5.0,B08F9ZCTCL
pca,10000,149,-0.18163627,0.30039597,5.0,B08F9NJMW7
pca,10000,150,-0.1788342,-0.011869087,5.0,B01L2VGEQE
pca,10000,151,-0.008431267,-0.11262125,5.0,B0BW4PFM58
pca,10000,152,0.28502616,-0.07013539,1.0,B00MNB1OD6
pca,10000,153,0.19264542,0.12161199,5.0,B00TIRFCXQ
pca,10000,154,-0.12888195,-0.28267708,4.0,B08N51H3LB
pca,10000,155,0.27173266,0.025161842,5.0,B09KRX2QJC
pca,10000,156,-0.18801767,0.31068906,5.0,B09V28Y3HH
pca,10000,157,-0.15947206,-0.14938678,5.0,B0C5XK6534
pca,10000,158,-0.040507365,-0.08827383,4.0,B0BTHV3YSV
pca,10000,159,-0.08389441,0.10288012,5.0,B0BRKGSJKH
pca,10000,160,0.19899723,0.29047298,5.0,B00JQZJ4OS
pca,10000,161,0.31586224,0.009185849,5.0,B08BJWB991
pca,10000,162,0.1017899,-0.32577562,5.0,B09JNRLN4W
pca,10000,163,-0.2037125,0.34464613,5.0,B07HHY1MWS
pca,10000,164,-0.064392395,0.025775967,4.0,B00IYM0Y2A
pca,10000,165,-0.2179555,0.42260808,5.0,B01HNL545Y
pca,10000,166,0.11109126,0.18511991,5.0,B08RJJ97VW
pca,10000,167,0.4686701,0.07588428,5.0,B01KXHYDXO
pca,10000,168,0.3196173,0.05183667,2.0,B071KJ97ZL
pca,10000,169,0.28249794,0.039663352,1.0,B07QWP1RYY
pca,10000,170,0.17782275,-0.01438821,5.0,B0772SXNSC
pca,10000,171,0.30487472,0.17244174,3.0,B08W69YRFB
pca,10000,172,0.20854697,0.061765753,5.0,B073J9QWKY
pca,10000,173,0.24226724,0.035422027,5.0,B073M1NGHJ
pca,10000,174,0.016761895,0.19130857,5.0,B0B8N1CQD1
pca,10000,175,-0.03719051,-0.35118198,5.0,B085XZGVN5
pca,10000,176,-0.035051066,-0.4468567,4.0,B09GV31691
pca,10000,177,0.03576764,-0.006176231,4.0,B09KPLV3WD
pca,10000,178,0.076463655,0.068329684,5.0,B093YD69JB
pca,10000,179,-0.07145525,0.0055076852,5.0,B09KM3BZSS
pca,10000,180,-0.10811944,-0.26751712,2.0,B0992TJFM3
pca,10000,181,-0.28469804,-0.0017354488,3.0,B07ZWCTNJH
pca,10000,182,-0.11304198,-0.31378752,5.0,B07VKFSLKN
pca,10000,183,-0.09677008,-0.24762307,5.0,B00MJ1YR8Y
pca,10000,184,-0.021245297,-0.0068888557,4.0,B08ZZYS2P3
pca,10000,185,-0.02491476,-0.19978274,5.0,B007JYZ3BG
pca,10000,186,0.08143093,-0.08993191,1.0,B08L1N8TG9
pca,10000,187,-0.13462645,-0.11852745,5.0,B07G95FFN3
pca,10000,188,0.2801824,0.10140133,5.0,B083WD2J3F
pca,10000,189,-0.058132745,0.107863456,3.0,B08TTVLTWT
pca,10000,190,0.11025473,0.06230306,5.0,B095KG3VZG
pca,10000,191,0.094298236,0.1003547,4.0,B088DJQ2PQ
pca,10000,192,0.2955801,-0.20519745,1.0,B00UVSJU4S
pca,10000,193,0.51862144,-0.059370287,5.0,B0BJ13Q5JG
pca,10000,194,0.09470946,0.22948007,5.0,B07QQPH27F
pca,10000,195,0.15062378,-0.12683864,5.0,B00PYG7LH0
pca,10000,196,-0.044821493,-0.24735978,5.0,B07S764D9V
pca,10000,197,-0.0030883662,-0.25948814,5.0,B071WRSYML
pca,10000,198,-0.08528847,0.12661213,5.0,B00BKX75YA
pca,10000,199,-0.11460672,0.33696818,4.0,B09FN58JBR
pca,10000,200,-0.13606629,-0.07676927,5.0,B0032GU1LW
pca,10000,201,-0.2863814,-0.26512855,3.0,B0B9HR3T4B
pca,10000,202,-0.09184877,-0.32233652,5.0,B07LC6VRD6
pca,10000,203,0.1254591,-0.21365142,4.0,B01KUEGE1E
pca,10000,204,0.14093035,-0.08724473,5.0,B08KGQHF67
pca,10000,205,0.07436833,-0.21106839,5.0,B0C9DP86HZ
pca,10000,206,-0.023817811,0.17696941,5.0,B089W47DTX
pca,10000,207,-0.14744951,-0.021855298,5.0,B00EQ94566
pca,10000,208,-0.10381793,0.3458943,5.0,B07SPFR8VB
pca,10000,209,-0.15051986,0.020379493,5.0,B00KQQK87S
pca,10000,210,0.009608523,-0.4060094,5.0,B07KTYJ769
pca,10000,211,0.08627504,-0.0511143,3.0,B06X95BTH4
pca,10000,212,0.21132112,0.075772785,5.0,B005L38VRU
pca,10000,213,-0.18053418,-0.2627348,5.0,B00V3CSE4I
pca,10000,214,-0.05260235,-0.16012985,3.0,B003MVYTBU
pca,10000,215,0.28010246,-0.08522098,5.0,B006R9O2PC
pca,10000,216,0.36338228,-0.14591122,5.0,B00D8XNU6C
pca,10000,217,0.12185432,0.009400792,5.0,B00E0ISVLI
pca,10000,218,0.10458503,0.15082633,5.0,B08HC6J3H1
pca,10000,219,-0.23202378,-0.087741695,3.0,B07RJZPTLX
pca,10000,220,0.03488382,0.3262252,5.0,B09DTP4L96
pca,10000,221,-0.15534545,0.04860258,5.0,B004M5MVNS
pca,10000,222,-0.106524475,0.3098734,5.0,B008I636D6
pca,10000,223,0.20821784,-0.07233983,1.0,B072LX4LTV
pca,10000,224,-0.10212846,0.24177006,5.0,B0068LWHPQ
pca,10000,225,0.029259803,-0.0070645353,5.0,B08JYY4FDG
pca,10000,226,0.031915896,-0.1764561,1.0,B09Q5BNT76
pca,10000,227,0.33822137,0.09269256,5.0,B08FRLCF2W
pca,10000,228,-0.08263252,-0.2913619,3.0,B09Q5BNT76
pca,10000,229,0.23685698,-0.018319651,1.0,B07FP8VLXS
pca,10000,230,-0.117950454,0.34277007,1.0,B09GLQ2PFV
pca,10000,231,0.20950218,-0.18203951,1.0,B09KTMJVJW
pca,10000,232,-0.25731525,0.056950323,4.0,B08PNW6WGX
pca,10000,233,0.08330395,0.013917578,5.0,B0791TX5P5
pca,10000,234,0.21861647,0.019130258,5.0,B07VYM342S
pca,10000,235,-0.18733157,-0.17493153,2.0,B00IYA2SMQ
pca,10000,236,-0.22011712,0.16753258,5.0,B07S764D9V
pca,10000,237,-0.08467325,-0.42522514,4.0,B00B20M8CU
pca,10000,238,-0.014455069,-0.07877305,5.0,B0C2PTV9ZW
pca,10000,239,0.18756118,0.0036561713,5.0,B07X4854MR
pca,10000,240,0.47435117,-0.18385588,5.0,B0BBMN8HMM
pca,10000,241,-0.13219146,-0.20496228,1.0,B09CFY36RN
pca,10000,242,0.32726032,-0.07068694,5.0,B08FZPS1N1
pca,10000,243,0.3881937,0.024378302,5.0,B00L1KFWSI
pca,10000,244,0.09182319,-0.30113676,1.0,B00007AP2O
pca,10000,245,0.20072183,0.056578606,5.0,B00KMFN8E8
pca,10000,246,0.32100365,0.08407277,5.0,B004WX0XP8
pca,10000,247,0.20423876,-0.14365192,1.0,B0BVY4JVNG
pca,10000,248,0.35652897,0.07376926,5.0,B075X8471B
pca,10000,249,0.42747423,0.14216134,5.0,B01D2WRSF2
pca,10000,250,-0.055784494,-0.34886715,5.0,B0C2BVCBRV
pca,10000,251,-0.121588886,0.0991638,5.0,B0BBFFXWVH
pca,10000,252,-0.12568484,0.22752117,4.0,B0997HW4JP
pca,10000,253,-0.20797078,0.4509721,5.0,B0B19M78LS
pca,10000,254,0.010879127,-0.1008272,5.0,B092D3LR5M
pca,10000,255,-0.13003968,-0.3059136,5.0,B08SW8DMM5
pca,10000,256,-0.1018228,-0.26945952,5.0,B08K3FS8VJ
pca,10000,257,-0.1996167,0.040108472,5.0,B08LYQ7MBZ
pca,10000,258,-0.17183468,0.1721903,5.0,B08G56K774
pca,10000,259,-0.119196,0.21253437,5.0,B089DZNCZJ
pca,10000,260,-0.197275,0.110163294,5.0,B09Y37DKJV
pca,10000,261,-0.06506492,-0.28818282,5.0,B08CKSDF3M
pca,10000,262,-0.196541,-0.051244564,5.0,B09CYHT3VK
pca,10000,263,-0.095173694,0.024012605,4.0,B08735Q7LS
pca,10000,264,-0.19203109,-0.07770163,5.0,B08NPZ574Z
pca,10000,265,-0.095978856,-0.33495864,5.0,B085M686ST
pca,10000,266,-0.3449195,-0.20490067,4.0,B082CJ19WL
pca,10000,267,-0.16385667,-0.34597903,5.0,B081STV3XJ
pca,10000,268,-0.11841451,-0.015289117,5.0,B095LLDH4H
pca,10000,269,-0.019758347,0.044302285,5.0,B07JGKCKKR
pca,10000,270,-0.1930009,-0.18981797,5.0,B07DTRYMQQ
pca,10000,271,-0.12767093,0.13453773,4.0,B0787GLJNQ
pca,10000,272,-0.29865983,-0.1823464,5.0,B074QQP2T2
pca,10000,273,-0.13597462,-0.12999955,4.0,B075QC3TZY
pca,10000,274,-0.21965921,0.46406722,5.0,B0719QH4JP
pca,10000,275,-0.2655533,0.39410645,5.0,B01MREKZDP
pca,10000,276,-0.12879908,-0.27580154,3.0,B01HCVG51M
pca,10000,277,-0.066621445,-0.08834292,4.0,B012D4IEUI
pca,10000,278,-0.02283739,-0.10185822,1.0,B00YEX1Y1S
pca,10000,279,-0.08284006,-0.25340495,5.0,B01MQGLIKL
pca,10000,280,0.0041476022,0.13279118,4.0,B000LY1UMC
pca,10000,281,0.03381414,0.17964777,5.0,B004WMSV76
pca,10000,282,-0.15135205,0.2044179,5.0,B005J7Y98I
pca,10000,283,-0.21063401,-0.1449343,5.0,B00KTCN43E
pca,10000,284,-0.02394192,0.028624421,4.0,B019CB11IM
pca,10000,285,-0.003083758,-0.12001583,5.0,B00BTVSUNI
pca,10000,286,-0.10806498,0.059720144,4.0,B00WHEUS22
pca,10000,287,-0.18110023,-0.16683047,5.0,B003XNSBXY
pca,10000,288,-0.08629895,-0.3691578,4.0,B00ENY0ZLS
pca,10000,289,-0.25598142,0.3795006,4.0,B00IHVNMYK
pca,10000,290,-0.20085837,0.07440359,3.0,B00GXXJF72
pca,10000,291,-0.08724789,-0.081945814,5.0,B00DLKE8C2
pca,10000,292,-0.22833352,-0.24606757,5.0,B00C27S0M4
pca,10000,293,-0.18604347,0.111365795,3.0,B00ARDJ5BU
pca,10000,294,-0.20684156,0.43850315,4.0,B008HK3U6Q
pca,10000,295,-0.15125056,0.22847725,4.0,B007Q8GOGI
pca,10000,296,-0.21705885,0.44137344,4.0,B009WZRCO6
pca,10000,297,-0.28129867,-0.058903165,4.0,B0046W5EQI
pca,10000,298,-0.24005824,0.30012363,3.0,B008ULPDIK
pca,10000,299,-0.24528012,0.07900803,5.0,B008GFRBBW
pca,10000,300,-0.1255847,0.07568273,4.0,B00QU5CR6E
pca,10000,301,-0.27074724,-0.04960542,2.0,B00XIUKJDW
pca,10000,302,-0.11330095,-0.20644341,5.0,B008DF53W4
pca,10000,303,-0.059179075,0.16925545,4.0,B00A4QXIRM
pca,10000,304,-0.16238071,-0.06883063,5.0,B007GFX798
pca,10000,305,-0.20900513,0.057369217,5.0,B003VAGXZC
pca,10000,306,-0.21290237,-0.3048969,4.0,B005OB1TU0
pca,10000,307,-0.18423428,-0.30688182,3.0,B004TPJKEY
pca,10000,308,-0.18722692,-0.3139077,4.0,B005K69PLE
pca,10000,309,-0.16176143,0.24401084,4.0,B005NHR6MU
pca,10000,310,-0.23312226,-0.16184899,2.0,B004DNWCZ6
pca,10000,311,-0.30996755,0.46065995,5.0,B0058GAOO8
pca,10000,312,-0.014372088,0.09996478,5.0,B0020HRE1Y
pca,10000,313,-0.11846793,0.11360454,5.0,B00305GHAE
pca,10000,314,-0.0850699,0.074091256,5.0,B00XI3MMMA
pca,10000,315,-0.35100308,-0.08715464,4.0,B0035JJJPK
pca,10000,316,-0.1825135,0.36166942,4.0,B00BWH2SWI
pca,10000,317,-0.067572355,-0.14091972,4.0,B0032AN4N0
pca,10000,318,0.003751859,-0.036160544,5.0,B001Q9F0BS
pca,10000,319,-0.11668004,-0.21165638,5.0,B002GP7ZT6
pca,10000,320,-0.24194151,0.18824023,5.0,B002CWZ29S
pca,10000,321,-0.23230883,0.068751246,5.0,B001VFUN82
pca,10000,322,-0.049258627,-0.08475057,5.0,B0023B14TK
pca,10000,323,-0.06447013,0.12537926,4.0,B001DQRBSY
pca,10000,324,-0.07037913,-0.0071876682,5.0,B000V2MK00
pca,10000,325,-0.21819262,0.38862205,4.0,B000WOGA6C
pca,10000,326,0.0402314,-0.11313091,5.0,B00KSBB7EY
pca,10000,327,0.1595723,0.035585918,5.0,B00INZSFUG
pca,10000,328,-0.093056686,-0.16402328,5.0,B078G91T8X
pca,10000,329,-0.17928623,0.5081727,5.0,B01M2BIW94
pca,10000,330,0.06401704,-0.06854978,5.0,B0B7XZB7V1
pca,10000,331,0.13549548,-0.0109747015,5.0,B08M5KCX78
pca,10000,332,0.07284143,-0.17958394,5.0,B0C4DTCKS5
pca,10000,333,0.018232023,-0.015537383,4.0,B078PFDHN4
pca,10000,334,-0.09292436,-0.14385563,1.0,B07MKN9Q5B
pca,10000,335,-0.014265742,-0.21286339,1.0,B07G5ZG3Q4
pca,10000,336,-0.06601117,-0.22995362,1.0,B07G5YXYFL
pca,10000,337,-0.12845245,0.44548357,2.0,B07X92YR8W
pca,10000,338,-0.030120477,-0.04743345,5.0,B07456BG8N
pca,10000,339,-0.31537426,-0.018430488,4.0,B012BN15LQ
pca,10000,340,-0.24781978,-0.25220546,4.0,B0756T7R5T
pca,10000,341,-0.1575973,0.28496146,5.0,B0833NKK5K
pca,10000,342,0.0337117,0.1357141,5.0,B00KL2TENQ
pca,10000,343,-0.29343992,-0.25469977,4.0,B008DWJ4KY
pca,10000,344,-0.0916091,-0.24456327,5.0,B01MQJ2XE6
pca,10000,345,-0.039909955,-0.2713107,5.0,B00009WBYL
pca,10000,346,-0.042526543,-0.28700715,4.0,B0009X3JBU
pca,10000,347,-0.05684665,-0.15054427,4.0,B07CG8G732
pca,10000,348,0.08097922,-0.35997355,4.0,B07R8L532P
pca,10000,349,-0.083723135,-0.26612353,5.0,B0076GEMGO
pca,10000,350,0.0011672322,-0.1485287,5.0,B0078YGN34
pca,10000,351,-0.09638282,-0.33388957,5.0,B009HB2USI
pca,10000,352,-0.16081522,-0.12073489,4.0,B004GJ0EEI
pca,10000,353,-0.11650063,-0.32207927,4.0,B003L1ZYYW
pca,10000,354,-0.06272397,-0.0069070393,5.0,B099V8GPR4
pca,10000,355,0.043556124,0.19634922,5.0,B0BPMM75N8
pca,10000,356,-0.19531243,0.28305426,5.0,B07GZMMYHT
pca,10000,357,-0.070985556,0.00331885,5.0,B01K1O7UH0
pca,10000,358,-0.04902736,0.014984308,2.0,B00OTXNUBU
pca,10000,359,0.1944149,0.17513378,5.0,B00MICP8PA
pca,10000,360,-0.06276896,0.3445762,5.0,B0051VVOB2
pca,10000,361,0.05785603,-0.19405533,5.0,B07H65KP63
pca,10000,362,0.21847466,0.14307922,5.0,B06XD94B2F
pca,10000,363,0.006018061,0.26230437,1.0,B07VWT32HX
pca,10000,364,-0.12699622,0.43396482,3.0,B09P664R9L
pca,10000,365,0.06871497,0.05288054,5.0,B01054S5FM
pca,10000,366,-0.07469904,0.18439858,3.0,B08PFZK4YZ
pca,10000,367,-0.11859654,0.20418614,5.0,B08PNWVR4C
pca,10000,368,-0.093044266,-0.028215617,5.0,B0887P21Z2
pca,10000,369,0.07373847,0.13849138,5.0,B0BPN2DXC1
pca,10000,370,0.086360395,0.1695464,1.0,B07V4LLTSQ
pca,10000,371,0.025613979,-0.29068574,3.0,B071DGXVWB
pca,10000,372,-0.17646253,-0.20734295,1.0,B0CBWV3Q8B
pca,10000,373,0.19891585,0.02678254,5.0,B07PLFCP3W
pca,10000,374,-0.028516687,-0.20749915,1.0,B07Y8H8STR
pca,10000,375,0.08158204,0.18215647,1.0,B07H9FG9SD
pca,10000,376,-0.13957871,-0.27741686,5.0,B07PGL2N7J
pca,10000,377,0.08295719,-0.028960248,5.0,B0896VGNF7
pca,10000,378,0.07102516,0.038463034,5.0,B01LZJGEI2
pca,10000,379,0.026945217,0.21277621,5.0,B074512LY1
pca,10000,380,0.091036774,-0.23478676,1.0,B09JKYBVJD
pca,10000,381,-0.14464985,-0.23014052,3.0,B06XDSMDKV
pca,10000,382,-0.035830934,-0.29053262,5.0,B008GVOVK0
pca,10000,383,-0.11623451,-0.24962214,5.0,B075X8471B
pca,10000,384,0.24322483,0.083871104,5.0,B00TOVTZ7K
pca,10000,385,0.0813914,-0.15299353,5.0,B07P1FN7KQ
pca,10000,386,0.19134036,0.0034854002,5.0,B075M3G8SV
pca,10000,387,0.04347254,-0.06425783,5.0,B01K8B8YA8
pca,10000,388,-0.050768316,-0.32782724,5.0,B073VC4KGT
pca,10000,389,-0.100846335,0.15903813,4.0,B01M60S5H2
pca,10000,390,0.2617706,0.29492378,5.0,B0122TWDH4
pca,10000,391,0.27117124,0.005280122,1.0,B0B9GFKYSZ
pca,10000,392,0.08074893,-0.00859225,1.0,B008I646WG
pca,10000,393,-0.08805493,-0.18009333,5.0,B07454F4JH
pca,10000,394,-0.091102004,-0.09577809,5.0,B0C617749R
pca,10000,395,0.030455861,0.19349046,3.0,B00DOPW5L0
pca,10000,396,-0.037505794,-0.031177541,5.0,B00DS4BLLW
pca,10000,397,-0.1590407,0.1281215,5.0,B005TUQV0E
pca,10000,398,0.22475138,0.1618954,1.0,B0B2CJ3YSP
pca,10000,399,0.13535425,-0.022500489,1.0,B093DR9RWD
pca,10000,400,0.091906585,-0.10584036,5.0,B08F6GPRH6
pca,10000,401,0.22910286,0.08904812,5.0,B08JQCJZQM
pca,10000,402,-0.050608255,-0.24168429,5.0,B07KTYJ769
pca,10000,403,0.13976304,-0.013516626,5.0,B0BFVWWFZP
pca,10000,404,0.051286854,-0.14062138,5.0,B09QLBKCZ3
pca,10000,405,-0.11423673,-0.2268562,5.0,B08F1P3BCC
pca,10000,406,-0.12486254,-0.15705575,1.0,B08L3PV71G
pca,10000,407,0.14036645,0.2963162,5.0,B09V19FR6M
pca,10000,408,0.27065468,0.076913476,5.0,B0B74ZCLQ7
pca,10000,409,-0.08993056,0.06286859,5.0,B0BMT6TQSK
pca,10000,410,0.20353477,-0.08355784,5.0,B0BJQ8TH85
pca,10000,411,-0.0681883,-0.08009123,5.0,B09QLBKCZ3
pca,10000,412,0.07892744,-0.11122253,5.0,B096K4MF5V
pca,10000,413,-0.030545197,-0.2243045,5.0,B01DU67QZM
pca,10000,414,-0.018722676,-0.0002845684,5.0,B00MVRBOIC
pca,10000,415,-0.17406999,0.037623845,5.0,B00IVPU7AO
pca,10000,416,-0.31231958,-0.10376832,3.0,B000BBE9C8
pca,10000,417,-0.03827141,0.4318933,5.0,B07XXZ1XGW
pca,10000,418,0.16492966,0.07735111,4.0,B0170RBJ9Q
pca,10000,419,0.03521909,-0.3560838,5.0,B08XVF418R
pca,10000,420,-0.19547483,0.39396474,5.0,B0879L79L7
pca,10000,421,0.21008031,-0.21187599,5.0,B01LXFFO8O
pca,10000,422,0.51053977,-0.13885882,5.0,B06XDN9MBD
pca,10000,423,0.224814,-0.019500159,5.0,B07QC4WTNC
pca,10000,424,-0.07182105,-0.23805171,1.0,B0791T9CV7
pca,10000,425,-0.24693963,0.42847237,3.0,B08XLXS9P4
pca,10000,426,-0.30686995,0.48081866,4.0,B07YRPBMC8
pca,10000,427,-0.13646196,-0.26158762,5.0,B07H65KP63
pca,10000,428,0.014282143,-0.20240657,2.0,B07VHQW6F3
pca,10000,429,0.1337812,0.036872186,5.0,B082TR27NZ
pca,10000,430,-0.104752466,-0.16116504,5.0,B07KGVB6D6
pca,10000,431,0.17919871,-0.14205748,5.0,B00FHBH5SC
pca,10000,432,0.075102314,-0.13728698,4.0,B005I9IM4E
pca,10000,433,-0.04366172,-0.20101307,4.0,B000F2KUK8
pca,10000,434,-0.30045354,-0.34710175,5.0,B09GGBWFP1
pca,10000,435,-0.2156956,0.111545056,5.0,B09RZDNN93
pca,10000,436,-0.07831805,-0.19702804,4.0,B01K8B8YA8
pca,10000,437,0.0057620862,0.081162766,5.0,B08PBPZB5Z
pca,10000,438,0.09143196,-0.025866773,5.0,B07DCGFWNQ
pca,10000,439,0.24463211,0.11762742,5.0,B07P5GWG56
pca,10000,440,0.10106807,-0.1462242,5.0,B079G2DFNC
pca,10000,441,-0.05145199,-0.13928804,4.0,B08KDZ2NZX
pca,10000,442,-0.09971088,-0.15977389,5.0,B09SVJGMN1
pca,10000,443,0.28259963,0.10680763,5.0,B07JL18G1D
pca,10000,444,0.24997944,0.19287476,5.0,B0B5MZSSXG
pca,10000,445,-0.17019099,0.032745853,4.0,B0BS6KLLT1
pca,10000,446,-0.22179887,-0.27878746,2.0,B00065XSP8
pca,10000,447,0.36761516,0.09099271,5.0,B015W2SJFS
pca,10000,448,-0.1814564,0.044883743,1.0,B0BS22ZZY8
pca,10000,449,0.2835397,-0.038759507,5.0,B08F9ZCTCL
pca,10000,450,0.19469537,0.110858396,5.0,B09ZPV8WBV
pca,10000,451,-0.06583631,-0.3161632,5.0,B08PBLGCNB
pca,10000,452,0.17718828,-0.18644007,5.0,B09V3TSYFX
pca,10000,453,-0.19954254,-0.14931011,5.0,B00T38OHQ8
pca,10000,454,0.06613688,0.38979736,5.0,B09LQV1C2D
pca,10000,455,0.12479396,-0.23428342,1.0,B0BQD6LHL7
pca,10000,456,0.0897792,-0.07518779,1.0,B07PHB491R
pca,10000,457,-0.018606458,-0.13536839,1.0,B08XQPY9BC
pca,10000,458,-0.3021729,0.095678896,5.0,B07SCLKCRY
pca,10000,459,-0.23276955,-0.024882164,5.0,B092MV7LB5
pca,10000,460,-0.06997615,0.039924465,5.0,B0925Z7N6N
pca,10000,461,0.26240715,-0.08915432,3.0,B075KH6W4S
pca,10000,462,-0.026175465,-0.028535215,5.0,B09K8CBWBG
pca,10000,463,-0.06491429,-0.21541074,5.0,B0BTPBBL52
pca,10000,464,-0.13761826,-0.027252097,5.0,B076QBXVML
pca,10000,465,-0.05684992,-0.18381624,5.0,B0093UA2GA
pca,10000,466,0.015896272,-0.26819775,2.0,B07MQQV5VR
pca,10000,467,-0.15968962,0.0030591534,5.0,B07589ZKM6
pca,10000,468,0.015725324,-0.2024494,5.0,B00KC0HVTQ
pca,10000,469,-0.17881013,-0.15864797,5.0,B077DZYBLS
pca,10000,470,0.14025922,0.19885994,5.0,B078N1F14R
pca,10000,471,0.08249131,-0.14781077,5.0,B01BT9SEDA
pca,10000,472,0.23324652,0.039673083,5.0,B0BXYXD1Q2
pca,10000,473,-0.012927981,-0.05342789,4.0,B00M0RH36U
pca,10000,474,0.008886218,0.09336274,5.0,B00BCGRX9M
pca,10000,475,0.3092808,0.103337966,3.0,B000EVM5DK
pca,10000,476,-0.021685906,-0.1645517,4.0,B09LYWCHJX
pca,10000,477,0.23575333,0.0985169,4.0,B00EUY59Z8
pca,10000,478,0.08456195,-0.06520864,5.0,B0036WT3ZM
pca,10000,479,0.065334976,-0.11981961,2.0,B08YF1VBYD
pca,10000,480,-0.11942151,-0.19346052,1.0,B07X23N387
pca,10000,481,0.08189532,-0.070491254,5.0,B074CKFLR3
pca,10000,482,-0.100506015,-0.17312174,1.0,B003B4BBFK
pca,10000,483,-0.29378086,-0.1750068,5.0,B08XNCHTCY
pca,10000,484,0.13332796,0.12225183,5.0,B096V83KF4
pca,10000,485,0.037497405,0.072473496,5.0,B06X9ZNT4P
pca,10000,486,-0.10253102,0.06537625,5.0,B08KSG2JMV
pca,10000,487,0.052568574,-0.11522658,5.0,B07H65KP63
pca,10000,488,0.09272501,0.06959378,4.0,B08TBDBQ1C
pca,10000,489,-0.04257589,-0.067006685,5.0,B0BC87S9SY
pca,10000,490,-0.026955467,-0.016335167,5.0,B09B36FJVT
pca,10000,491,-0.1894569,-0.06353055,5.0,B095KD3MNN
pca,10000,492,-0.15930855,-0.0877057,5.0,B00VUIITTU
pca,10000,493,-0.09281859,0.030542167,5.0,B091SDZ3S1
pca,10000,494,-0.20256281,0.1133089,5.0,B091SDZ3S1
pca,10000,495,0.09218966,0.02079553,5.0,B07Z18JVPH
pca,10000,496,-0.12070827,0.002223052,4.0,B0BNXXNBB4
pca,10000,497,-0.27610722,-0.10573227,5.0,B09Y95BMKX
pca,10000,498,0.005477409,-0.03594506,5.0,B09DG877JS
pca,10000,499,-0.120232165,-0.21650957,5.0,B07W1Q3X7S
pca,10000,500,-0.24292779,0.03984414,5.0,B0BG7KP5L4
pca,10000,501,0.006763991,0.04722546,5.0,B0B5BYZPNB
pca,10000,502,-0.25140187,0.07207661,5.0,B0BJKGH183
pca,10000,503,-0.25153214,-0.072564505,5.0,B0C33824RM
pca,10000,504,0.03462865,-0.15260184,4.0,B07F2BDJ5S
pca,10000,505,-0.16604301,0.037431024,5.0,B0BZDWGL19
pca,10000,506,-0.272828,-0.054907262,3.0,B08S395JJ4
pca,10000,507,-0.2696236,-0.10745367,5.0,B07B1L21NK
pca,10000,508,-0.14527664,0.09712048,5.0,B08YFJYD5Z
pca,10000,509,-0.2244619,-0.090724714,5.0,B08TZSVYB4
pca,10000,510,-0.21166207,-0.22287418,5.0,B0B12PXQYM
pca,10000,511,-0.033637322,0.34529757,5.0,B096F75FBW
pca,10000,512,-0.2157121,0.37379348,4.0,B092LY2GGV
pca,10000,513,-0.22186407,-0.31031722,5.0,B093TFXGWR
pca,10000,514,-0.14381106,0.20428573,3.0,B09JMKS73X
pca,10000,515,-0.12682794,0.33765957,1.0,B08Z2JQC6N
pca,10000,516,-0.31294492,-0.0080840485,5.0,B09B48ZGJV
pca,10000,517,0.0713088,-0.4483254,5.0,B0819ZF1YR
pca,10000,518,-0.1324489,-0.13897474,5.0,B07JW7GT7H
pca,10000,519,-0.29708657,-0.054731995,4.0,B0C3M8B3MY
pca,10000,520,-0.18979637,0.026690321,5.0,B09Y4HCRLM
pca,10000,521,-0.08207621,0.0029414063,5.0,B09N75D6M4
pca,10000,522,-0.40687415,-0.13133526,4.0,B0BPBJ6SKW
pca,10000,523,-0.21501961,-0.01858154,3.0,B09S2XYNWL
pca,10000,524,-0.3943945,-0.027911393,4.0,B088KTR418
pca,10000,525,-0.24901086,-0.16422626,5.0,B09H5FHRTF
pca,10000,526,-0.18417026,0.34753484,5.0,B0863MN3T3
pca,10000,527,-0.065870956,0.22239904,5.0,B07C3PQHC7
pca,10000,528,0.079511225,-0.07612813,5.0,B07YJJSCLX
pca,10000,529,-0.08433815,-0.18204185,5.0,B08R5TCSH8
pca,10000,530,0.2530691,-0.26207796,5.0,B01H4ZGTWQ
pca,10000,531,-0.26371396,-0.2772281,5.0,B08GFCX4Y6
pca,10000,532,0.08342787,-0.13105069,5.0,B005DLKFME
pca,10000,533,0.0009480845,0.13078381,5.0,B07HP726Q8
pca,10000,534,-0.07464988,0.34835786,5.0,B08C4QSVNG
pca,10000,535,-0.08584162,-0.20146382,5.0,B09MH11HB7
pca,10000,536,-0.107824355,-0.26805845,4.0,B0822W4JF3
pca,10000,537,-0.1646823,0.32037917,5.0,B07HCWW319
pca,10000,538,0.031139337,-0.16402318,5.0,B082FJXVW6
pca,10000,539,-0.24041232,-0.07162952,5.0,B08B3F8FZ8
pca,10000,540,-0.04252787,-0.1674212,5.0,B07ZZVX1F2
pca,10000,541,-0.09748762,-0.0017570741,5.0,B07GB3SGSF
pca,10000,542,-0.026664704,-0.096312866,5.0,B0BWVDRR6L
pca,10000,543,-0.1255762,-0.017697688,5.0,B0BCPC68J6
pca,10000,544,-0.112994626,0.44938532,5.0,B07GWKZLLT
pca,10000,545,-0.16746685,0.45611158,5.0,B075Y6Y9H5
pca,10000,546,-0.23918566,0.0527339,5.0,B009UNGYHG
pca,10000,547,-0.09042149,-0.21265031,5.0,B012JXHX28
pca,10000,548,0.03560843,-0.0830901,5.0,B0BGS23YKX
pca,10000,549,-0.20837681,-0.2516321,5.0,B09MCTFR69
pca,10000,550,0.041984387,0.4344172,5.0,B07TXNTGVS
pca,10000,551,-0.01890323,0.12333671,5.0,B08NBBFNMY
pca,10000,552,-0.18951163,-0.13547021,5.0,B083G8QM5V
pca,10000,553,-0.08467483,0.121048145,4.0,B07N5ZPYFK
pca,10000,554,-0.11737624,0.24236014,5.0,B08BTG7G5X
pca,10000,555,-0.10147239,-0.07805104,5.0,B087R7MNBQ
pca,10000,556,-0.06886059,-0.11902271,1.0,B08BW4JTCG
pca,10000,557,0.16217637,0.096915975,5.0,B00068YUN4
pca,10000,558,0.19732249,-0.18440014,5.0,B0BPD6Q7KC
pca,10000,559,0.075963505,-0.12408241,5.0,B07L95W89W
pca,10000,560,-0.07192824,-0.16137466,5.0,B08F6GPRH6
pca,10000,561,-0.3194126,-0.15817541,5.0,B079RC9338
pca,10000,562,-0.038541846,0.28155497,5.0,B087G45PDT
pca,10000,563,0.022826366,0.14997357,5.0,B07YYNBSPG
pca,10000,564,-0.14780247,0.14087617,5.0,B087J8VVVF
pca,10000,565,-0.12051448,0.17226127,4.0,B07PPRX94L
pca,10000,566,-0.12389606,0.29509497,5.0,B07XNGYMGS
pca,10000,567,-0.17506996,-0.29641068,3.0,B000MUXVYK
pca,10000,568,0.17540029,-0.1609608,5.0,B089T4YVYD
pca,10000,569,-0.1423197,-0.1828814,5.0,B00NH12EHQ
pca,10000,570,0.009072795,-0.12710363,5.0,B07GZFM1ZM
pca,10000,571,0.10115045,0.00019106362,5.0,B07545HGR5
pca,10000,572,-0.20542704,-0.15706952,5.0,B07WFW5LQ3
pca,10000,573,0.050465588,-0.30108455,1.0,B0B8YVVFNT
pca,10000,574,-0.06491243,0.23908943,2.0,B07X3VBJNR
pca,10000,575,0.043736376,-0.123010136,1.0,B00JWX20GI
pca,10000,576,-0.15938519,-0.14469023,5.0,B0C71PTXVC
pca,10000,577,-0.02182189,-0.12938987,5.0,B0827ZXTMS
pca,10000,578,-0.07857033,-0.17533752,5.0,B07N86MCD2
pca,10000,579,9.322539e-06,-0.0034961272,5.0,B07S9ZBL9K
pca,10000,580,0.087733775,-0.21805392,4.0,B07KTYJ769
pca,10000,581,-0.073001124,0.23276152,3.0,B07RTR39H6
pca,10000,582,0.049251072,0.01024531,1.0,B09T5PV313
pca,10000,583,-0.0450932,0.3778935,5.0,B076Q643SF
pca,10000,584,-0.13019125,-0.16186099,5.0,B07FTCRKB7
pca,10000,585,-0.03798268,0.12806724,2.0,B07CPSZXLK
pca,10000,586,-0.09883699,0.030947974,5.0,B07S8F43Y6
pca,10000,587,-0.035579663,-0.20142369,5.0,B07N1H8CGW
pca,10000,588,-0.05101621,-0.15325682,5.0,B07456BG8N
pca,10000,589,-0.14729732,-0.028989455,5.0,B00XIIB3XY
pca,10000,590,0.09662827,0.23645906,5.0,B07KCYGQ8S
pca,10000,591,-0.11774735,0.119961195,4.0,B09G35YJGN
pca,10000,592,-0.29899046,-0.10077593,5.0,B07RL3F6TR
pca,10000,593,-0.15268196,0.04414712,5.0,B08KZ1TZYB
pca,10000,594,-0.18205462,0.19335523,4.0,B09ZHVV9R1
pca,10000,595,-0.14196916,0.15100181,4.0,B07KQYR8XY
pca,10000,596,-0.14757752,0.18283573,4.0,B08MLFZ58K
pca,10000,597,-0.2489202,-0.16406481,5.0,B07375RHX1
pca,10000,598,-0.262589,-0.11636983,5.0,B07DMHHBJ7
pca,10000,599,-0.053130448,0.26519656,4.0,B07KCYGQ8S
pca,10000,600,-0.17004332,0.3567298,5.0,B07SH58QD9
pca,10000,601,-0.16748334,0.058403417,5.0,B002QKZLZ6
pca,10000,602,-0.06849143,-0.00370852,5.0,B071Y3DJR7
pca,10000,603,-0.190713,0.05100719,5.0,B071WJLSNF
pca,10000,604,-0.11203687,-0.19741207,5.0,B07324B77V
pca,10000,605,-0.114403695,0.1702117,5.0,B088RD3BBW
pca,10000,606,-0.11160602,-0.01922653,5.0,B07DNY6Z6G
pca,10000,607,-0.15595187,0.31466606,2.0,B01HYE9A2I
pca,10000,608,-0.19038059,-0.33838105,5.0,B07NLMZFXF
pca,10000,609,-0.05540234,-0.2837779,5.0,B010V3KWF8
pca,10000,610,-0.20019048,-0.006994345,5.0,B01DJ96XDQ
pca,10000,611,-0.27156863,0.08542924,5.0,B0C2VQGL6R
pca,10000,612,-0.14287886,-0.05229064,5.0,B0BB6Y5N3M
pca,10000,613,-0.13392407,0.005256025,5.0,B073JYC4XM
pca,10000,614,-0.103430785,0.24121523,5.0,B01M4NYI4H
pca,10000,615,-0.06777951,0.12890674,5.0,B075F3Z3D9
pca,10000,616,-0.22602248,-0.101331726,5.0,B008X0TBKO
pca,10000,617,0.012237169,-0.17129242,5.0,B00LK4ZT7O
pca,10000,618,-0.09064056,-0.35875297,1.0,B018YPWORE
pca,10000,619,-0.16511254,-0.0028072698,5.0,B0105VDCZ8
pca,10000,620,-0.07201868,-0.0051799105,5.0,B01NAWBY12
pca,10000,621,0.053637177,0.0964347,5.0,B07586BG8S
pca,10000,622,-0.249383,-0.23337227,5.0,B01K8B8YA8
pca,10000,623,-0.13897844,0.1000636,5.0,B00XM9QACS
pca,10000,624,-0.2943095,0.27563804,5.0,B005IXSXPI
pca,10000,625,-0.22173408,0.06384228,5.0,B0746LYM4T
pca,10000,626,-0.011134764,0.23935255,5.0,B01EA8CGWW
pca,10000,627,-0.06906598,-0.18967363,1.0,B06XGCK56D
pca,10000,628,-0.19791307,0.16796394,3.0,B002RSQ732
pca,10000,629,-0.039197396,0.14168517,5.0,B01CX27190
pca,10000,630,0.06852181,0.21346766,4.0,B015JRGC8M
pca,10000,631,-0.08190117,0.31087488,5.0,B083YHS7SV
pca,10000,632,-0.23253766,-0.15602084,5.0,B007VL90QG
pca,10000,633,0.053146213,0.26797515,5.0,B01HBY8V80
pca,10000,634,0.027629163,-0.08283615,5.0,B007P2NKNU
pca,10000,635,-0.16864057,-0.033227585,1.0,B00VM984YC
pca,10000,636,-0.33659884,0.16206414,5.0,B09CD66HJM
pca,10000,637,-0.059284605,-0.04222399,1.0,B00MFJ6G20
pca,10000,638,-0.09783966,-0.087906465,5.0,B07SYW3XL1
pca,10000,639,0.02304643,0.0022101663,5.0,B00I0F192U
pca,10000,640,-0.19551763,0.30006105,5.0,B01AB2ZGGE
pca,10000,641,-0.00037950464,-0.03924289,5.0,B00ZPRNQSQ
pca,10000,642,-0.16713803,-0.046792157,5.0,B0191GGFY8
pca,10000,643,-0.0747329,-0.12231919,4.0,B01H355BGM
pca,10000,644,-0.21639425,-0.098012395,5.0,B01ITR015O
pca,10000,645,-0.19749634,-0.07867392,5.0,B097CCR1FB
pca,10000,646,-0.2596731,-0.36291656,4.0,B01FNAFLZA
pca,10000,647,-0.084908456,-0.25561553,5.0,B016AR5A7O
pca,10000,648,-0.17018382,-0.022510197,5.0,B0CCQHH8Z6
pca,10000,649,-0.1870517,0.079855986,5.0,B0B2VDVB92
pca,10000,650,-0.094692074,-0.13399054,3.0,B01F4H1DM2
pca,10000,651,0.15077703,0.20452511,5.0,B0018Z8CN8
pca,10000,652,-0.27433443,0.4795679,5.0,B01MZGZYSB
pca,10000,653,-0.23982894,0.13278446,5.0,B0117U82EM
pca,10000,654,-0.028136414,-0.05551064,4.0,B00CBL543E
pca,10000,655,-0.115634605,-0.1646921,4.0,B004RO3QPQ
pca,10000,656,-0.4745779,-0.06708917,5.0,B008D76Q64
pca,10000,657,0.00029852614,-0.15100071,4.0,B01MQGMSVQ
pca,10000,658,0.10429864,-0.12964197,4.0,B009AB5L5E
pca,10000,659,-0.063246556,-0.43743294,4.0,B08YB2CN2M
pca,10000,660,-0.049979366,0.0033833496,5.0,B005HQ5138
pca,10000,661,-0.350848,-0.017193334,4.0,B00FG3UOI4
pca,10000,662,-0.29561126,-0.19639468,5.0,B00JB31RYK
pca,10000,663,-0.2962752,0.04801876,4.0,B00M3GMYZS
pca,10000,664,0.06804301,-0.008208932,5.0,B0002YP96Y
pca,10000,665,-0.003203677,-0.0059695183,4.0,B00K4PAV14
pca,10000,666,0.16419598,-0.11347668,4.0,B003J37580
pca,10000,667,-0.039655525,-0.0150114875,4.0,B004O292WC
pca,10000,668,-0.25448152,0.47086018,4.0,B00KY47K6Y
pca,10000,669,0.056181904,0.12089165,4.0,B005ZUNQUQ
pca,10000,670,0.013518097,0.15047395,4.0,B0857KC57L
pca,10000,671,0.08551109,0.0122802,4.0,B00281XW0O
pca,10000,672,0.014358295,0.16684592,4.0,B07VZYRKJQ
pca,10000,673,0.011261299,0.12597787,4.0,B07JVR8KBV
pca,10000,674,-0.24040025,0.14365576,5.0,B007T36S34
pca,10000,675,-0.2377451,0.3061108,3.0,B00DR0BOSC
pca,10000,676,0.067479655,0.0056812167,5.0,B008ABO71E
pca,10000,677,0.10690244,-0.11724707,5.0,B0001HKIK4
pca,10000,678,-0.26880386,0.2915349,3.0,B00DR0CDEQ
pca,10000,679,-0.04973168,0.17530675,5.0,B009PHTHRG
pca,10000,680,-0.3223081,0.065274045,5.0,B00WUIBCOS
pca,10000,681,-0.18403655,-0.2641834,5.0,B000Y31J26
pca,10000,682,-0.27662912,0.05658146,4.0,B000Y190AG
pca,10000,683,-0.008611985,-0.07911644,5.0,B001CTILS6
pca,10000,684,-0.12661077,-0.059089124,4.0,B0051VVOB2
pca,10000,685,-0.059440374,-0.3082385,5.0,B0199HAOAU
pca,10000,686,-0.2869359,-0.2072541,5.0,B085HZPNRJ
pca,10000,687,0.022927022,-0.4165069,1.0,B08N4CW66B
pca,10000,688,0.00064384006,-0.19885215,5.0,B091LXKW6C
pca,10000,689,0.1198835,-0.28069142,5.0,B0748KYTZN
pca,10000,690,0.105942704,-0.068019114,5.0,B092F8GG57
pca,10000,691,0.025452403,0.013365712,4.0,B06XD9T2T5
pca,10000,692,0.053340632,0.25750956,4.0,B0098QHS7U
pca,10000,693,0.20074268,0.13546416,1.0,B0BLCBK97H
pca,10000,694,0.25434625,0.028531881,3.0,B0B2JJV92T
pca,10000,695,0.3209519,0.1358779,4.0,B07VTKFLBW
pca,10000,696,0.11261284,0.16900699,5.0,B08HFNNPPJ
pca,10000,697,0.06639205,0.106542565,5.0,B081M5HPCD
pca,10000,698,0.035896573,0.17035097,2.0,B09P5HMNDF
pca,10000,699,0.142227,0.023739653,4.0,B0C6D5GYQ4
pca,10000,700,0.030101087,0.16295616,4.0,B07H2CKXRH
pca,10000,701,-0.047288522,-0.127027,5.0,B0B1D1Q35D
pca,10000,702,-0.038606957,0.16666955,5.0,B07V42PDX8
pca,10000,703,-0.21475281,-0.16843328,5.0,B0C33C3XFV
pca,10000,704,-0.091288,0.114882134,5.0,B07Q4T7G99
pca,10000,705,0.54398817,-0.13984656,5.0,B00TZAO9D0
pca,10000,706,-0.09029317,0.17401579,5.0,B07NPK4PY4
pca,10000,707,0.54398817,-0.13984656,5.0,B072FS9VVZ
pca,10000,708,-0.1349042,-0.2721001,5.0,B0BS1QXF6M
pca,10000,709,0.039319742,0.29123017,5.0,B07H8ZCSL9
pca,10000,710,0.015624758,0.09150602,5.0,B07P374FF3
pca,10000,711,0.20862646,0.13009548,5.0,B072QY9HVM
pca,10000,712,0.22044252,0.22992067,3.0,B013R9SHC8
pca,10000,713,0.20843904,0.07183354,4.0,B09KMWTYVR
pca,10000,714,0.11992646,0.11363185,5.0,B01M65QWE9
pca,10000,715,-0.027607437,-0.25458297,2.0,B00R43UG5A
pca,10000,716,0.044313543,-0.034387514,1.0,B00URC7P2M
pca,10000,717,0.15399529,-0.001629022,2.0,059449771X
pca,10000,718,0.4773803,-0.19733372,4.0,B00IWANYH6
pca,10000,719,-0.1963446,-0.114994675,5.0,B07Q3BBNS8
pca,10000,720,0.055988025,0.06250214,5.0,B09WYFWH2Y
pca,10000,721,0.11554127,-0.060758285,1.0,B0BK9KB853
pca,10000,722,-0.19564769,-0.28990152,3.0,B09HCFHR8C
pca,10000,723,0.2373779,-0.27858695,1.0,B0BW4PFM58
pca,10000,724,-0.17440711,0.35259524,5.0,B07N7D9RSV
pca,10000,725,-0.16440488,0.46546653,5.0,B07K4BQKJ7
pca,10000,726,-0.13622466,0.4227772,3.0,B07LCGR2YZ
pca,10000,727,-0.004967278,-0.16449977,5.0,B0C72D4J46
pca,10000,728,0.03962643,-0.35615715,5.0,B093GRDN8K
pca,10000,729,-0.2425389,-0.12529486,1.0,B07BRM55KC
pca,10000,730,-0.018571038,-0.23560059,2.0,B01CW4BLG8
pca,10000,731,-0.26033083,0.07322073,1.0,B07YYD5TNH
pca,10000,732,-0.3032492,0.1620555,4.0,B07HRD5K99
pca,10000,733,-0.20032881,-0.17210592,4.0,B08XNCHTCY
pca,10000,734,0.13351482,-0.31852007,2.0,B07MCMTCP3
pca,10000,735,0.043302692,0.11125603,5.0,B017LSIXDE
pca,10000,736,-0.107526764,-0.18833585,4.0,B000EFMIB0
pca,10000,737,0.39220345,0.14788406,5.0,B01K8B8YA8
pca,10000,738,0.23822786,0.20307836,5.0,B00WBD91L8
pca,10000,739,0.22786953,0.032663494,5.0,B0B3X4NMHG
pca,10000,740,-0.0011173282,0.38812748,5.0,B0C5PHZ4QS
pca,10000,741,-0.046568863,0.33258563,5.0,B09K8CBWBG
pca,10000,742,0.053594213,0.01018215,5.0,B074KBWL9J
pca,10000,743,-0.111120954,-0.06079898,5.0,B0B7J9L5HQ
pca,10000,744,-0.064155705,0.22791828,5.0,B086C51NNG
pca,10000,745,0.36113802,0.26295528,5.0,B078J27VG4
pca,10000,746,0.22786953,0.032663494,5.0,B00009OY9U
pca,10000,747,0.22264911,0.081858225,5.0,B07WGZLBZS
pca,10000,748,0.10116452,-0.011673894,5.0,B0841FLXW3
pca,10000,749,-0.1739007,0.53962845,5.0,B07CHC71M2
pca,10000,750,0.08187396,0.09924555,1.0,B004RDWVUS
pca,10000,751,-0.12172626,0.11480991,3.0,B003YMC5RC
pca,10000,752,0.048155002,-0.2691467,5.0,B09W5QTSM1
pca,10000,753,-0.18442693,-0.1636771,5.0,B0BS6KLLT1
pca,10000,754,-0.04299995,-0.27056018,5.0,B07456BG8N
pca,10000,755,0.39982086,-0.011943694,5.0,B01M74RA05
pca,10000,756,-0.20171213,0.15863402,5.0,B083NY7M4L
pca,10000,757,-0.17131235,0.02719889,1.0,B07CKCNVGC
pca,10000,758,0.25962606,0.10969273,5.0,B0C5MCSLKZ
pca,10000,759,0.16845296,-0.004701862,5.0,B07BGQZK8S
pca,10000,760,-0.013657521,0.010902295,5.0,B08RYY7YB6
pca,10000,761,0.47864753,0.08883809,5.0,B07ZS8JCZ9
pca,10000,762,-0.14910533,-0.17603149,5.0,B07Z4G6LN2
pca,10000,763,-0.0041350666,-0.31574965,5.0,B089KKRXG6
pca,10000,764,0.08929183,-0.09034023,3.0,B085L34V8J
pca,10000,765,0.20797567,-0.027028672,1.0,B08NDSTXZ3
pca,10000,766,0.020792577,-0.34830922,5.0,B07KGVB6D6
pca,10000,767,0.06495777,-0.3040625,5.0,B07PR9SN8W
pca,10000,768,0.027355198,-0.016215095,5.0,B00TOVTZ7K
pca,10000,769,-0.07785214,0.0932937,5.0,B005YV5HQC
pca,10000,770,-0.046101823,-0.15653461,5.0,B00U9U9GII
pca,10000,771,-0.28357196,0.38568607,5.0,B00FF322AS
pca,10000,772,-0.031278897,0.041789725,5.0,B00E3W15P0
pca,10000,773,-0.1416371,0.24124268,5.0,B00BKRMMUS
pca,10000,774,0.07871015,-0.05323857,3.0,B008MDOTUE
pca,10000,775,0.08216685,0.0065393336,5.0,B00DYQQSSK
pca,10000,776,0.017446969,-0.046038263,5.0,B002BWQ4H8
pca,10000,777,-0.06478119,-0.2306236,1.0,B008I64KGS
pca,10000,778,0.05182742,0.22283919,5.0,B07TWDMX8D
pca,10000,779,-0.06497489,-0.22608167,5.0,B08MVJP62X
pca,10000,780,0.14340948,-0.1463482,5.0,B00GM15NGM
pca,10000,781,-0.16923994,-0.19781567,1.0,B07FTTPVGG
pca,10000,782,0.10022604,-0.01202162,1.0,B07PGKLS1J
pca,10000,783,0.08929606,-0.16286482,5.0,B01AQ6GSQM
pca,10000,784,0.22287242,-0.08347005,5.0,B08C7HDL8C
pca,10000,785,0.44274572,0.09001993,5.0,B07HZLHPKP
pca,10000,786,0.16438094,-0.27105674,1.0,B00B3Y6E84
pca,10000,787,0.3020998,0.1327731,5.0,B01N9P7AL5
pca,10000,788,0.31236753,0.118653916,5.0,B01K8B8YA8
pca,10000,789,0.2519965,0.1072514,5.0,B01N6KWHSC
pca,10000,790,-0.027566068,-0.17281994,1.0,B07CBSSNXG
pca,10000,791,0.0053898282,-0.23306845,1.0,B004JO1ZO8
pca,10000,792,0.026634432,0.04306072,5.0,B00E6GRHBO
pca,10000,793,0.22948557,0.049456842,5.0,B0B993N8M1
pca,10000,794,0.08945307,0.003328003,5.0,B08Y1XYLVP
pca,10000,795,-0.04977516,-0.18297847,4.0,B07XXDNSCM
pca,10000,796,0.03634408,-0.18138848,2.0,B08GRYND4H
pca,10000,797,0.39220345,0.14788406,5.0,B01BRWH8G8
pca,10000,798,-0.13011868,-0.019068008,5.0,B09RL7NM59
pca,10000,799,0.03109045,-0.2997231,2.0,B0C3NMZ2C7
pca,10000,800,0.004738247,-0.21378352,5.0,B01M0GB8CC
pca,10000,801,0.29656383,0.08155005,4.0,B09CPQ412S
pca,10000,802,-0.09319953,0.3988041,5.0,B07K21PVMQ
pca,10000,803,0.02746233,0.08341283,5.0,B07P83ZWZT
pca,10000,804,-0.022492472,-0.28779164,3.0,B086VR2KY8
pca,10000,805,-0.03873182,-0.11707172,5.0,B09Z228SQJ
pca,10000,806,0.41506663,0.12748744,5.0,B01IXCP8DK
pca,10000,807,0.01858742,0.04761061,5.0,B08S55D31N
pca,10000,808,-0.010996252,-0.07148883,5.0,B07P6YXJBY
pca,10000,809,0.22637023,-0.26395154,1.0,B0872FYTWS
pca,10000,810,0.3470628,-0.26926133,5.0,B01N63ZGUM
pca,10000,811,0.05198185,0.028033128,5.0,B07Q478Y95
pca,10000,812,0.027748525,0.12554285,5.0,B07QD3J1D1
pca,10000,813,0.11944931,-0.0106803905,5.0,B07P97SJHD
pca,10000,814,0.33015892,0.18993166,5.0,B07NXJN1QW
pca,10000,815,0.365914,0.26563972,5.0,B07R217P25
pca,10000,816,-0.08207746,0.14512953,5.0,B01M0OE05T
pca,10000,817,-0.09308081,0.042133197,5.0,B076CRF7DN
pca,10000,818,-0.022638567,-0.05347211,5.0,B00LD3Q56G
pca,10000,819,-0.23052287,-0.1521838,5.0,B072QW59MF
pca,10000,820,0.26719683,-0.21136062,2.0,B00O23IQI4
pca,10000,821,-0.044052962,-0.20976603,3.0,B0081IKTN6
pca,10000,822,-0.17975585,-0.085476935,2.0,B00KWR8ME2
pca,10000,823,-0.19693592,-0.03432839,3.0,B00QRPPCMI
pca,10000,824,-0.10708599,-0.06054333,4.0,B00VKIY9RG
pca,10000,825,-0.12732919,-0.05260203,5.0,B0C6DDHVNP
pca,10000,826,0.16840857,0.107740864,4.0,B007S642BW
pca,10000,827,-0.00090163946,-0.008853749,5.0,B0089W5Q1O
pca,10000,828,0.027598407,-0.30385432,3.0,B007Q45EF4
pca,10000,829,0.005088075,-0.32130718,5.0,B00006JQ06
pca,10000,830,0.29029843,0.028878273,5.0,B009R10KBC
pca,10000,831,-0.16457981,-0.10650263,5.0,B003VAHYNC
pca,10000,832,0.030972637,0.093725644,5.0,B00ARDIRFA
pca,10000,833,-0.039053045,0.03485538,5.0,B003ZHV70C
pca,10000,834,-0.11019078,0.16872776,5.0,B002PY7LL0
pca,10000,835,-0.20613147,-0.11880937,5.0,B09Y54MQWT
pca,10000,836,0.404136,0.070359185,5.0,B00IA8M3K4
pca,10000,837,0.2991256,-0.23307748,5.0,B097D8D6L1
pca,10000,838,-0.09047144,0.20904145,5.0,B089N5L1YQ
pca,10000,839,0.0941169,0.040800743,5.0,B00LI6NW8W
pca,10000,840,0.21160538,-0.15896185,5.0,B08HSCF9X7
pca,10000,841,0.13554895,0.18457414,5.0,B07HMRN7Y6
pca,10000,842,0.056952666,0.49549448,5.0,B01D06IWB4
pca,10000,843,-0.07460318,-0.20330675,3.0,B00P7EVST6
pca,10000,844,0.22382224,0.1302176,5.0,B07VHQW6F3
pca,10000,845,0.11849156,-0.16810706,5.0,B01IARZGAS
pca,10000,846,0.13544038,0.22024116,5.0,B01E7C8TWW
pca,10000,847,0.32664028,0.1501524,5.0,B00HHEAMXC
pca,10000,848,-0.05328925,0.46030536,5.0,B07PR21291
pca,10000,849,0.26316333,0.09471656,5.0,B018PU87TM
pca,10000,850,-0.30039483,-0.029021585,5.0,B09WD1B2P1
pca,10000,851,-0.077876285,0.0018717088,5.0,B07BNX8N72
pca,10000,852,0.10441842,-0.12889734,5.0,B07PDHSLM6
pca,10000,853,-0.17289276,-0.110252425,4.0,B00WMLVJ1E
pca,10000,854,0.08558471,-0.29114968,5.0,B07GKT53H5
pca,10000,855,-0.0014816653,0.16780815,2.0,B072JJPZXQ
pca,10000,856,0.03416577,0.0091522075,5.0,B089F9YDFC
pca,10000,857,0.02515518,-0.31335744,1.0,B01MS1PMML
pca,10000,858,-0.25891033,-0.06770972,5.0,B0C5MF2LCQ
pca,10000,859,-0.063109264,0.21737014,3.0,B00OQVZDJM
pca,10000,860,0.06789029,-0.23346177,3.0,B00ZVJAF9G
pca,10000,861,0.16530581,0.20810628,5.0,B071K5BQPF
pca,10000,862,0.015210401,-0.018398223,1.0,B08YF1VBYD
pca,10000,863,0.14082761,0.041743964,5.0,B017LSIXDE
pca,10000,864,-0.04297493,-0.11451291,5.0,B01LXR37IE
pca,10000,865,-0.0025077835,-0.14278227,1.0,B01KV93B9G
pca,10000,866,-0.02990682,-0.06927484,5.0,B004ZX2NU8
pca,10000,867,0.15902789,-0.2522215,5.0,B008X0TBKO
pca,10000,868,0.038685523,-0.18331447,5.0,B00ET7PG5E
pca,10000,869,0.2036867,0.09267788,5.0,B0874YZVWK
pca,10000,870,0.13102403,0.45069593,5.0,B007T356BO
pca,10000,871,0.38201207,0.048524745,4.0,B083J66JC2
pca,10000,872,0.38201207,0.048524745,4.0,B0916X99SD
pca,10000,873,0.3247832,0.004491551,3.0,B08Z3HGG2J
pca,10000,874,0.19662999,0.07652273,4.0,B09P39CW4T
pca,10000,875,0.25902122,0.0053118486,4.0,B0BXJX78RL
pca,10000,876,0.04230287,-0.056085907,4.0,B07PXGQC1Q
pca,10000,877,0.45852882,0.020381792,5.0,B07QD3HBFS
pca,10000,878,0.10059692,0.10750115,5.0,B0BQQ234HZ
pca,10000,879,0.010055799,-0.19687091,2.0,B07SPS13MC
pca,10000,880,0.34752098,-0.021513328,5.0,B07JG1VFBX
pca,10000,881,0.16609259,0.08041869,5.0,B072DZH41G
pca,10000,882,0.012894742,0.113792844,5.0,B07FFVVDJ8
pca,10000,883,-0.19643207,0.2579742,5.0,B0753R71ZH
pca,10000,884,0.094518475,0.06259646,4.0,B07TG9S4DG
pca,10000,885,0.069146425,0.18927762,5.0,B07XX31MHV
pca,10000,886,0.16123736,-0.049062118,5.0,B07QF6NRH2
pca,10000,887,-0.13695873,-0.10454751,5.0,B07BWC32CX
pca,10000,888,-0.25858873,-0.07321864,1.0,B095WJGGZJ
pca,10000,889,0.11030542,0.038714916,3.0,B076HFYGLR
pca,10000,890,0.0055779256,0.2884287,5.0,B08BLB8FRT
pca,10000,891,-0.08222058,-0.3510185,3.0,B07JMC8B3Y
pca,10000,892,-0.06320926,-0.13440241,4.0,B08F1P3BCC
pca,10000,893,0.018225301,-0.060384996,5.0,B09ZGMKVVK
pca,10000,894,-0.15819462,-0.11073064,5.0,B0855GZ7PT
pca,10000,895,-0.17144063,0.08602906,4.0,B07J3CRZGG
pca,10000,896,-0.057164207,0.13379791,5.0,B07RLZ1KDY
pca,10000,897,-0.017877616,0.22698434,5.0,B083TNW1JM
pca,10000,898,0.014709775,0.19039518,1.0,B005HEVKXU
pca,10000,899,0.17987294,-0.016677242,5.0,B072ZQB512
pca,10000,900,0.17161602,-0.2888056,5.0,B01AQ6OWAG
pca,10000,901,0.014702302,-0.18667693,3.0,B07GF959QQ
pca,10000,902,0.054838657,0.24949199,5.0,B072BMZCHN
pca,10000,903,-0.22731194,-0.22317342,5.0,B07SM5MQN8
pca,10000,904,0.06632257,-0.30050704,5.0,B0BF9KC3NZ
pca,10000,905,0.16391411,-0.34844676,1.0,B07GY54JPV
pca,10000,906,0.23587099,0.07476159,3.0,B0BJPSZ739
pca,10000,907,-0.042449653,-0.21119156,5.0,B078RYSGTR
pca,10000,908,0.025720075,0.2818221,5.0,B010P5714W
pca,10000,909,0.09316143,0.03993178,5.0,B01NCOM06N
pca,10000,910,0.22116494,0.0002965778,5.0,B01MRS3MIS
pca,10000,911,0.054541618,0.004024077,1.0,B014KF85IO
pca,10000,912,0.019573336,-0.11791661,5.0,B09LNX8MHV
pca,10000,913,0.15159807,-0.36751568,4.0,B01F8DPALM
pca,10000,914,0.21330775,-0.086277716,1.0,B00DU15MU4
pca,10000,915,-0.14897843,0.037674792,4.0,B00WU37B2K
pca,10000,916,-0.34658134,-0.0043402985,1.0,B08N5821RN
pca,10000,917,0.044560052,-0.06706791,5.0,B00WSW1YXA
pca,10000,918,0.45280433,0.096390024,5.0,B07GFQN1MM
pca,10000,919,0.21304394,0.17018533,4.0,B07Q12TXD8
pca,10000,920,0.19543193,-0.032663938,1.0,B07S764D9V
pca,10000,921,0.06712833,0.19828726,5.0,B07FFCGJ5L
pca,10000,922,0.23629695,0.0050744805,5.0,B07L814B45
pca,10000,923,0.2183709,-0.27967215,1.0,B0177NSA9A
pca,10000,924,-0.06582073,-0.24308097,5.0,B0087NZ31S
pca,10000,925,-0.069682434,0.3703971,5.0,B0819QKM8T
pca,10000,926,-0.082213,0.08011927,2.0,B07PTVBKHM
pca,10000,927,-0.05562701,-0.07244738,3.0,B0B9S7TTCZ
pca,10000,928,-0.28515953,-0.12875536,5.0,B0935ZDCYD
pca,10000,929,-0.0865282,0.2668011,1.0,B01H8SKNQM
pca,10000,930,0.049935076,-0.08670532,2.0,B07N8VFFNS
pca,10000,931,0.2653142,0.14225048,4.0,B075R8JR8L
pca,10000,932,-0.059161447,-0.016595054,1.0,B00OQVZDJM
pca,10000,933,0.16944613,-0.270902,1.0,B08KVSN48H
pca,10000,934,-0.10299743,-0.259753,2.0,B00U3FPN4U
pca,10000,935,-0.3539456,-0.13365489,5.0,B08L3R87HW
pca,10000,936,-0.060041346,0.14304726,5.0,B0BV6WXP1T
pca,10000,937,0.22676529,-0.03505349,5.0,B0915QKXBV
pca,10000,938,0.24396679,0.032587156,5.0,B0BLRCRNP1
pca,10000,939,0.1609049,0.19275075,4.0,B008YCZBCI
pca,10000,940,-0.14532289,0.207903,5.0,B003U9RHM2
pca,10000,941,0.05993307,0.27878124,5.0,B004V68IQ2
pca,10000,942,-0.025438003,0.20330799,5.0,B07KWR33LS
pca,10000,943,0.010575512,-0.30550712,5.0,B00R92CL5E
pca,10000,944,-0.070823185,-0.27099115,5.0,B0BWMYK1XZ
pca,10000,945,-0.22703034,-0.032708116,3.0,B007L5NKZO
pca,10000,946,-0.09329171,0.27590638,5.0,B00FJ8JC3O
pca,10000,947,0.21847872,0.28044263,3.0,B08BWN7F7Q
pca,10000,948,0.09339603,-0.13243464,5.0,B075NFX24M
pca,10000,949,0.3059063,-0.03204611,5.0,B07Q2WQWT7
pca,10000,950,0.1512821,0.30685547,5.0,B09T3VLCWD
pca,10000,951,0.25190818,-0.063305706,5.0,B07TMJ8S5Z
pca,10000,952,-0.012969596,-0.112746306,5.0,B01NANB0IW
pca,10000,953,0.22576457,0.15735677,5.0,B07Y8SH1MC
pca,10000,954,0.22761111,-0.016819075,5.0,B07ZSZQNWP
pca,10000,955,-0.054367855,0.00741159,5.0,B09KZJ9W7R
pca,10000,956,0.038801514,-0.07265094,4.0,B07Q74L1TR
pca,10000,957,0.27179506,-0.059332393,5.0,B09XGQQ98K
pca,10000,958,0.032238275,0.1775465,5.0,B0BGS23YKX
pca,10000,959,0.024315361,-0.15878016,5.0,B08HR9JFC2
pca,10000,960,0.18203127,-0.044119127,2.0,B08JTWH2SQ
pca,10000,961,0.08991925,-0.21713352,5.0,B087D7C96F
pca,10000,962,0.08621037,-0.07438547,5.0,B07S5XSTCW
pca,10000,963,0.1820051,-0.03157256,5.0,B09T6T159F
pca,10000,964,0.124881245,-0.16118027,5.0,B009XUM3Q2
pca,10000,965,0.15551253,-0.017278764,5.0,B00XJ30884
pca,10000,966,-0.06032551,-0.2916832,5.0,B07797JBDW
pca,10000,967,0.40749034,-0.0061345855,5.0,B06XBBRVD5
pca,10000,968,0.29398078,0.18919863,5.0,B06ZZY4VNW
pca,10000,969,0.30187625,-0.14357136,5.0,B01HMB1US0
pca,10000,970,0.48601353,0.007091606,5.0,B011BRUOMO
pca,10000,971,-0.021523349,-0.3225734,5.0,B0B6T5ZWCM
pca,10000,972,0.40749034,-0.0061345855,5.0,B00AYB3OMG
pca,10000,973,0.009082989,-0.021980405,5.0,B001905C62
pca,10000,974,-0.009281326,0.17561464,1.0,B004SPMRUO
pca,10000,975,0.10628256,-0.14460333,1.0,B07NSM8TF8
pca,10000,976,0.15548342,-0.07271061,1.0,B0963TH5MF
pca,10000,977,-0.12468964,-0.26696107,1.0,B0B62FJF1J
pca,10000,978,0.046797477,-0.24228618,1.0,B0BRXJ655D
pca,10000,979,-0.076450594,-0.1204131,5.0,B0C1CST5HF
pca,10000,980,-0.124319196,0.25598258,5.0,B019Q6G21Y
pca,10000,981,-0.11021413,0.028889066,5.0,B0095PZHPE
pca,10000,982,-0.20445243,-0.22930855,5.0,B003VAK1I2
pca,10000,983,0.27887604,-0.13486874,5.0,B0BLNQ6B3L
pca,10000,984,0.03458246,0.11030555,5.0,B085N11H5T
pca,10000,985,0.1412499,0.07216786,5.0,B0043T7FXE
pca,10000,986,0.3034066,0.17356724,5.0,B00KC0HVTQ
pca,10000,987,0.17504719,0.04802911,5.0,B01HRVABD0
pca,10000,988,0.16619003,0.014786039,5.0,B0CBVWHXTS
pca,10000,989,0.10546944,0.17490882,5.0,B07Z8RLTN7
pca,10000,990,0.173695,0.11568672,5.0,B08C2LDLG5
pca,10000,991,-0.097225636,-0.17247649,5.0,B08J83TR22
pca,10000,992,0.42146605,0.031882726,5.0,B00TOT6I7W
pca,10000,993,-0.21765196,0.47032914,5.0,B00GMFVET8
pca,10000,994,0.1291402,-0.1458594,5.0,B08L5M9BTJ
pca,10000,995,-0.0033359434,-0.32126355,5.0,B07Z3KTCPX
pca,10000,996,0.12959151,0.057205185,5.0,B0BWD4WGJB
pca,10000,997,-0.13915792,-0.13408373,4.0,B07G61MFF6
pca,10000,998,0.10996928,-0.2046373,2.0,B00VA5MLM4
pca,10000,999,-0.09112976,0.039211035,5.0,B085D9SLF4
pca,10000,1000,0.40026462,-0.16602589,5.0,B0BTKKJLTP
pca,10000,1001,-0.21609028,0.031547897,5.0,B00M4L721S
pca,10000,1002,-0.118738174,0.013654163,5.0,B00JM6EP1I
pca,10000,1003,-0.07259114,0.040566266,5.0,B0007M610O
pca,10000,1004,-0.08889444,0.38487002,5.0,B086YCPY39
pca,10000,1005,-0.2559625,0.109401464,4.0,B01M71T4E7
pca,10000,1006,0.0205968,-0.062037587,1.0,B06ZXR6KS6
pca,10000,1007,-0.022239566,0.1923453,4.0,B00J3FOZPO
pca,10000,1008,0.26996568,0.20303395,5.0,B08QJBQ1VM
pca,10000,1009,0.08061282,0.12379072,5.0,B07F4P3JH7
pca,10000,1010,-0.2210801,0.23048903,5.0,B01FLKRNTE
pca,10000,1011,0.28057003,0.07398209,5.0,B08YGKCHNF
pca,10000,1012,-0.0021565873,0.3220983,5.0,B07V44WYM6
pca,10000,1013,-0.17200276,0.022455445,5.0,B0BDSZ2KT3
pca,10000,1014,-0.1929821,-0.15472482,5.0,B09KQC7Z4S
pca,10000,1015,-0.0672655,0.13990732,5.0,B0BHWYQ47Y
pca,10000,1016,-0.21281268,-0.039702646,5.0,B0BDSZ2KT3
pca,10000,1017,-0.14551386,0.33873698,5.0,B0BW7DFJL2
pca,10000,1018,-0.13451688,0.030833846,3.0,B08B3G74MY
pca,10000,1019,-0.24370998,0.02551995,4.0,B0BQC7892K
pca,10000,1020,-0.21736102,-0.11336992,2.0,B0B5D4K48M
pca,10000,1021,-0.042702574,0.026050618,5.0,B07H8WS1FT
pca,10000,1022,0.0031586196,0.1939613,1.0,B01MXKRKWY
pca,10000,1023,0.08939012,-0.20135738,5.0,B08VD2NX25
pca,10000,1024,0.26996127,0.036200978,5.0,B0C1ZDMQ5Y
pca,10000,1025,0.22708414,-0.07163402,4.0,B0BQ5XQ17G
pca,10000,1026,0.13310514,-0.07801888,3.0,B07QF4Z874
pca,10000,1027,0.10264576,-0.093963474,5.0,B007Z549YQ
pca,10000,1028,-0.08347831,0.3250278,5.0,B08434BWYM
pca,10000,1029,-0.15003559,0.17831793,5.0,B09LCZ16HN
pca,10000,1030,0.20776781,-0.03526871,5.0,B0CB11DLHG
pca,10000,1031,-0.030670308,0.05213388,2.0,B07THRBHPG
pca,10000,1032,0.2540511,0.1143719,1.0,B086C1FGF9
pca,10000,1033,0.1930963,0.109931394,5.0,B01M1AQ316
pca,10000,1034,0.111799076,0.045483075,5.0,B0B4SWZTZ1
pca,10000,1035,-0.2411153,0.051072404,5.0,B0739N6PLY
pca,10000,1036,0.45438227,0.098838545,4.0,B092LYGF9J
pca,10000,1037,0.4311715,-0.19735059,5.0,B004A9PBJW
pca,10000,1038,0.14185318,-0.06545693,2.0,B0000BYDKO
pca,10000,1039,0.21448599,-0.07444837,5.0,B001KPILLE
pca,10000,1040,0.24395685,0.12395359,5.0,B00NMTXYN6
pca,10000,1041,0.2831858,0.12034679,5.0,B07RN4XTV5
pca,10000,1042,0.1592822,0.0028020209,5.0,B071HSGBZC
pca,10000,1043,0.027422989,0.3294253,5.0,B089XF38N2
pca,10000,1044,-0.05284337,0.0129160285,4.0,B07SHFPD8S
pca,10000,1045,-0.07079286,-0.041509293,5.0,B07V3RB9C1
pca,10000,1046,0.2669264,0.14851294,5.0,B076FR2J17
pca,10000,1047,-0.061243825,0.39911488,5.0,B07CP7PGKB
pca,10000,1048,0.17412564,0.16771297,5.0,B09XKS77DP
pca,10000,1049,-0.10909915,-0.10707776,5.0,B005INJ4ZG
pca,10000,1050,0.45611337,-0.009401184,5.0,B0015V1H28
pca,10000,1051,0.54398817,-0.13984656,5.0,B000NU4OTA
pca,10000,1052,-0.044120353,-0.22415008,1.0,B07G5ZG3Q4
pca,10000,1053,-0.036094584,0.19189979,5.0,B07P6TNT8H
pca,10000,1054,0.31492415,0.098504,5.0,B07CK1CZ9J
pca,10000,1055,0.39956862,-0.1958822,5.0,B0B3J6BWH2
pca,10000,1056,0.36962715,0.044313423,4.0,B00JDN86EW
pca,10000,1057,-0.17975944,0.13249567,5.0,B081N87HH9
pca,10000,1058,-0.048208885,0.05601708,5.0,B082X8CY8X
pca,10000,1059,-0.013084266,-0.38113964,5.0,B082YWZ77X
pca,10000,1060,-0.22367932,-0.1292375,5.0,B0CBZF7ZY5
pca,10000,1061,-0.20562984,-0.058828145,5.0,B0C1SJVWTY
pca,10000,1062,-0.16915578,0.009017246,5.0,B0BN11KNM4
pca,10000,1063,-0.25854582,0.016818142,5.0,B09YVBF9Z9
pca,10000,1064,-0.22791472,0.02876929,4.0,B0C1ZC8CFP
pca,10000,1065,-0.17872812,-0.12261385,4.0,B09V1KS388
pca,10000,1066,0.018377086,-0.21419208,4.0,B09QFZF8QC
pca,10000,1067,-0.12622648,0.0036723446,4.0,B09N8NQG9J
pca,10000,1068,-0.17045653,-0.050136566,3.0,B0C28HGT5N
pca,10000,1069,-0.13814186,-0.122326314,5.0,B0BV9PZ629
pca,10000,1070,-0.21081312,-0.06860029,5.0,B0019R6SO0
pca,10000,1071,-0.23169501,-0.2064451,5.0,B0C1V5SRCW
pca,10000,1072,-0.3035633,0.123755746,4.0,B09N7532L7
pca,10000,1073,-0.10337467,-0.03813406,5.0,B09FPGG9GZ
pca,10000,1074,-0.2689116,0.27777484,5.0,B07SSDKNSL
pca,10000,1075,-0.2199092,-0.15485145,3.0,B086XH336K
pca,10000,1076,-0.2006733,-0.2613377,4.0,B09Y4LSD91
pca,10000,1077,-0.15804489,-0.08116356,4.0,B09WZZ9RDX
pca,10000,1078,-0.0022101179,-0.014974856,4.0,B07RW9LZ15
pca,10000,1079,-0.15229762,-0.07287687,4.0,B098BN33KP
pca,10000,1080,-0.078577235,-0.035486512,5.0,B0BGPJNJBH
pca,10000,1081,-0.29705924,-0.006828433,5.0,B00002JXFH
pca,10000,1082,-0.082170084,-0.041748285,5.0,B07N7HWP59
pca,10000,1083,-0.07431261,-0.24697109,2.0,B07P374Y47
pca,10000,1084,-0.004662957,-0.094144136,4.0,B01DLWBPCA
pca,10000,1085,-0.3134882,-0.082404956,5.0,B09CT914BT
pca,10000,1086,-0.06820265,-0.10891147,4.0,B0932GQP4B
pca,10000,1087,-0.24809095,0.09522856,5.0,B07KJTXRKM
pca,10000,1088,-0.14814593,-0.21254012,3.0,B07CM5NZRC
pca,10000,1089,-0.12538624,-0.1123927,3.0,B0B696YT88
pca,10000,1090,-0.22995962,-0.109697156,5.0,B07JJCKSDH
pca,10000,1091,-0.09754558,-0.19515073,4.0,B07Z7MRNDZ
pca,10000,1092,-0.1301662,0.04103879,5.0,B071WNBMQ2
pca,10000,1093,-0.19322689,-0.29225114,5.0,B07DK1M5JF
pca,10000,1094,-0.10134079,-0.12726592,4.0,B07HXW73SH
pca,10000,1095,-0.19103082,-0.13573511,5.0,B07CPMG2LK
pca,10000,1096,-0.13819213,-0.4009411,5.0,B07H5F2SSX
pca,10000,1097,-0.2371482,-0.101841524,5.0,B076YN6CSG
pca,10000,1098,-0.1507305,-0.12577336,5.0,B077HNPLHZ
pca,10000,1099,-0.07155501,-0.09301939,5.0,B0BJGKZKV9
pca,10000,1100,-0.18118511,-0.06330485,5.0,B07659Z1QM
pca,10000,1101,0.03199643,-0.0993221,3.0,B00X5X1XPU
pca,10000,1102,-0.03884573,-0.22556002,4.0,B084BXS6NL
pca,10000,1103,0.21495153,-0.01415179,5.0,B0002KR5Q0
pca,10000,1104,-0.39571568,-0.10341633,5.0,B01N14PF8X
pca,10000,1105,-0.10891539,-0.14352903,3.0,B01EY9L448
pca,10000,1106,-0.1431959,-0.13131201,5.0,B07SVBV9TM
pca,10000,1107,-0.21649939,-0.16094868,2.0,B07S9H9QVN
pca,10000,1108,-0.20512888,-0.19616066,4.0,B01K7IH638
pca,10000,1109,-0.20291257,-0.029754048,3.0,B01IEKG3TY
pca,10000,1110,-0.12560606,0.014998812,4.0,B076ZTM2X5
pca,10000,1111,-0.21584463,-0.05923803,5.0,B01DSSLEHI
pca,10000,1112,-0.17925775,-0.15189949,5.0,B01BCWKBZI
pca,10000,1113,-0.12037516,-0.26707888,3.0,B00L8O8WK2
pca,10000,1114,-0.074032836,-0.07326077,5.0,B009NXOKOM
pca,10000,1115,-0.13634148,-0.108897984,1.0,B00HCNHH2W
pca,10000,1116,0.004670672,-0.032183543,4.0,B004V3Q2YA
pca,10000,1117,-0.12599285,-0.08058918,1.0,B0076O2A4C
pca,10000,1118,-0.16958703,0.122043885,5.0,B00BXK7LBC
pca,10000,1119,-0.023980074,-0.07136516,4.0,B002OB4DC4
pca,10000,1120,-0.07895244,-0.2227975,1.0,B0014FWBBQ
pca,10000,1121,-0.10521832,-0.121314995,5.0,B0007PN5MS
pca,10000,1122,-0.11987667,0.10192647,3.0,B0006G332A
pca,10000,1123,0.003946715,0.20411903,5.0,B01NBTC7KN
pca,10000,1124,0.40749034,-0.0061345855,5.0,B09HRNNQRT
pca,10000,1125,-0.23507014,-0.17756924,2.0,B08YXY5XMD
pca,10000,1126,0.050421145,-0.112646684,4.0,B093S4ZDKM
pca,10000,1127,-0.26652884,0.32402873,5.0,B01DKA81PW
pca,10000,1128,-0.17453815,0.20651625,5.0,B08SM7QW5K
pca,10000,1129,0.17944409,-0.25077724,1.0,B00198445E
pca,10000,1130,-0.19764245,-0.17517896,5.0,B09R6RKBWY
pca,10000,1131,-0.027477838,-0.0035983631,5.0,B07QMBY7JF
pca,10000,1132,-0.14544447,0.29445744,5.0,B0C9DMZ9DS
pca,10000,1133,0.08048609,0.011851115,5.0,B078SL6YB7
pca,10000,1134,-0.093511626,-0.034633845,4.0,B07LGM767X
pca,10000,1135,-0.19501798,-0.044424847,4.0,B08J83TR22
pca,10000,1136,0.017805565,-0.08588075,5.0,B07WNYLXM1
pca,10000,1137,-0.08300702,-0.06815598,5.0,B00ZYLMQH0
pca,10000,1138,-0.080051444,0.31947845,5.0,B09Q3NR84W
pca,10000,1139,0.08129495,0.1618813,5.0,B084H2NHNN
pca,10000,1140,-0.014521167,0.37255967,5.0,B01B208CLA
pca,10000,1141,0.14147691,-0.23486184,5.0,B07CLBNM1C
pca,10000,1142,-0.1916522,0.054942593,4.0,B00UAZ5KDM
pca,10000,1143,0.032356653,0.20520033,5.0,B09BQVHBMD
pca,10000,1144,-0.1314506,0.44096237,5.0,B01F4SKT08
pca,10000,1145,-0.20348391,0.16076195,5.0,B08J5ZRFRG
pca,10000,1146,0.21304443,0.2499257,5.0,B07ZHMHH9Q
pca,10000,1147,0.17760824,0.25371617,5.0,B07LDB7MDJ
pca,10000,1148,0.29057598,0.11977173,5.0,B09QL59Q12
pca,10000,1149,-0.24744812,0.3239681,5.0,B09HKP7N83
pca,10000,1150,-0.19785401,0.23490828,5.0,B0BVY5RHRR
pca,10000,1151,-0.017395813,0.39191407,5.0,B07KW59B6C
pca,10000,1152,0.16886665,0.059866123,5.0,B09H5NT2C1
pca,10000,1153,-0.030871179,0.045611672,5.0,B09331MCDS
pca,10000,1154,-0.09990457,-0.26142043,5.0,B0C9GQLBF4
pca,10000,1155,-0.04761301,0.28792363,5.0,B06XSGYL1Q
pca,10000,1156,-0.12032066,-0.0788615,5.0,B0B6NS4VH2
pca,10000,1157,0.054468267,-0.07190209,5.0,B011BRUOMO
pca,10000,1158,0.2919607,0.11164914,5.0,B00MPB9IT6
pca,10000,1159,0.021493435,-0.045338675,1.0,B013S0N2OY
pca,10000,1160,0.20492047,0.08795005,5.0,B0B4BMHPJ2
pca,10000,1161,0.06550205,0.45453307,4.0,B0BKKW5PF4
pca,10000,1162,-0.065046355,0.12112404,5.0,B09PHJ83GH
pca,10000,1163,-0.16862476,0.2463975,5.0,B09ZQS1HW3
pca,10000,1164,0.06515645,0.19977403,5.0,B09XXPCNFY
pca,10000,1165,-0.029580157,0.1921733,5.0,B09SLNKQTZ
pca,10000,1166,0.1664389,-0.08345866,5.0,B07PK6PDL6
pca,10000,1167,-0.11127512,0.2738035,1.0,B09B4XST7Y
pca,10000,1168,-0.117330045,0.044256166,3.0,B09GKYFS67
pca,10000,1169,-0.117330045,0.044256166,4.0,B09GKV31QZ
pca,10000,1170,-0.10193748,0.22900261,4.0,B0BSCCQLCY
pca,10000,1171,-0.10887447,-0.14941448,5.0,B09TNV7Q69
pca,10000,1172,-0.10068946,0.15862215,5.0,B0BPP72J81
pca,10000,1173,0.18535961,0.13180538,5.0,B097SVMKSZ
pca,10000,1174,-0.2944305,0.054541938,5.0,B099WZQ323
pca,10000,1175,-0.2944305,0.054541938,5.0,B097BFSJ7N
pca,10000,1176,0.24523495,0.0671749,3.0,B09J96N8YW
pca,10000,1177,-0.04205348,0.13792214,5.0,B08QJKMBFN
pca,10000,1178,-0.022317275,-0.04455445,5.0,B08XP6XW63
pca,10000,1179,-0.060063124,0.13639136,4.0,B07F6Y9N43
pca,10000,1180,-0.03404505,0.2057323,5.0,B07H82M1B4
pca,10000,1181,-0.076925576,0.09270076,3.0,B07VF5G3B3
pca,10000,1182,-0.28564104,-0.10152962,3.0,B07YDJGPCN
pca,10000,1183,-0.37169266,0.19163394,4.0,B07ZYGVWMH
pca,10000,1184,-0.004475504,0.09041585,5.0,B09TGH81T9
pca,10000,1185,-0.20210785,0.36252636,5.0,B07X7MY4ZP
pca,10000,1186,-0.1877011,0.38895825,5.0,B07QLQGQ13
pca,10000,1187,-0.20631047,-0.042721782,5.0,B07VDHPHZT
pca,10000,1188,-0.0013477877,0.15395918,4.0,B0784BCRVZ
pca,10000,1189,-0.17417413,0.015389327,5.0,B0BYYQNJ3H
pca,10000,1190,-0.062425666,-0.15262383,5.0,B008S08HJ0
pca,10000,1191,-0.25610062,0.036403358,5.0,B0C5PHZ4QS
pca,10000,1192,-0.18195431,0.041590862,5.0,B01NBF0ZZ9
pca,10000,1193,-0.03438384,0.23329933,5.0,B00JO6RO8C
pca,10000,1194,0.02903675,-0.29156598,5.0,B00BJ2MC0E
pca,10000,1195,-0.19946525,0.08820097,5.0,B018SZT3BK
pca,10000,1196,-0.2485612,0.510161,5.0,B01LY0G6UP
pca,10000,1197,-0.26058745,0.33015662,5.0,B00XQAKHMW
pca,10000,1198,-0.049267642,0.16790979,4.0,B07BMHSL19
pca,10000,1199,-0.20495066,0.37361714,5.0,B01G7QDWB4
pca,10000,1200,-0.25476554,-0.22891596,5.0,B00IPSC6F6
pca,10000,1201,-0.3338628,0.19161047,5.0,B00M1C82VY
pca,10000,1202,-0.29381952,-0.2629763,4.0,B00OPVJ0JW
pca,10000,1203,-0.16513038,-0.19638,4.0,B000O8WE66
pca,10000,1204,-0.28435338,0.21400751,5.0,B00154JDAI
pca,10000,1205,-0.17362198,0.13349894,5.0,B0002OD3JY
pca,10000,1206,0.036961064,0.019295027,5.0,B00005JLS3
pca,10000,1207,-0.065005496,-0.24352454,2.0,B07GC8NMB8
pca,10000,1208,-0.15307704,0.36574298,2.0,B019F6P5AY
pca,10000,1209,0.17222792,0.14477329,4.0,B00OUXHL8C
pca,10000,1210,0.30046347,-0.028949946,1.0,B08K2S5B88
pca,10000,1211,0.34593114,-0.05032935,1.0,B07C5J2WWD
pca,10000,1212,0.13281418,0.03249178,4.0,B00OUXHMCW
pca,10000,1213,0.33308497,-0.11527895,3.0,B0C6J534BX
pca,10000,1214,-0.03571528,-0.08859542,4.0,B0BS6KLLT1
pca,10000,1215,-0.045457356,-0.35498652,3.0,B07VXP6FKN
pca,10000,1216,0.107979015,-0.15763453,5.0,B082DT8YZW
pca,10000,1217,0.3035118,0.04726161,5.0,B00OUXHOGG
pca,10000,1218,0.2434943,-0.03462195,3.0,B07PC39CTK
pca,10000,1219,0.18599096,0.016169019,5.0,B07SJ8L4M3
pca,10000,1220,0.03982255,0.12715743,3.0,B07F7TDK2S
pca,10000,1221,0.2340692,-0.10897516,5.0,B00KXTZ3BE
pca,10000,1222,0.51053977,-0.13885882,4.0,B019WJROSK
pca,10000,1223,0.04085595,-0.20810567,5.0,B0756SFQR1
pca,10000,1224,-0.032923996,0.12211978,5.0,B07KKKBXG4
pca,10000,1225,-0.040451713,-0.052833773,1.0,B084D7CMKC
pca,10000,1226,0.06944387,-0.04371115,1.0,B0C163NSMW
pca,10000,1227,0.10410189,0.22674176,3.0,B0BTSVTK32
pca,10000,1228,-0.03024355,-0.17384297,1.0,B01N9P860N
pca,10000,1229,-0.10414756,-0.10380054,3.0,B08XQ41Z1H
pca,10000,1230,0.15095076,-0.058980227,5.0,B0C1J4XGB1
pca,10000,1231,0.25035572,0.27831087,5.0,B0C6M7FY32
pca,10000,1232,-0.122258484,-0.25707525,3.0,B00KY59Q3I
pca,10000,1233,-0.005921932,-0.34547457,4.0,B016YBEBG2
pca,10000,1234,-0.12632234,-0.0539885,5.0,B08KRKTXH9
pca,10000,1235,-0.29148737,0.00089459773,5.0,B013JMOTXO
pca,10000,1236,-0.3345089,-0.17459172,4.0,B01MUXYVOA
pca,10000,1237,0.14044465,-0.16538796,5.0,B0CF1VPN1J
pca,10000,1238,0.07785551,-0.33952865,5.0,B0BMKD7JF8
pca,10000,1239,-0.16808058,0.3310044,5.0,B07ZDJF4XB
pca,10000,1240,-0.03333251,-0.13002914,3.0,B07GTJC9XM
pca,10000,1241,0.3619851,0.05037988,5.0,B00N23J4LI
pca,10000,1242,-0.02567026,0.40284795,4.0,B07VN6JCNZ
pca,10000,1243,0.24240579,0.02821269,5.0,B01GL6WZA4
pca,10000,1244,0.05643877,-0.056962214,5.0,B0BPM2XF22
pca,10000,1245,0.0605456,0.0144996215,1.0,B071HNJX6Q
pca,10000,1246,-0.006320279,0.113413624,2.0,B000I4RMOU
pca,10000,1247,-0.1557291,-0.06959955,1.0,B00DW1X5JC
pca,10000,1248,-0.0964882,-0.038388543,2.0,B081Q8JHJQ
pca,10000,1249,0.065117925,0.14185491,4.0,B00M5D2P4Y
pca,10000,1250,-0.049895927,0.07007483,4.0,B07QCRCP2R
pca,10000,1251,0.13350026,0.14939874,5.0,B09MTSLT2T
pca,10000,1252,0.36696962,-0.15344104,5.0,B008TUQ7SC
pca,10000,1253,-0.13504097,0.31401128,3.0,B0BGK3Y8VY
pca,10000,1254,-0.10131691,0.34834045,5.0,B07Q14H7BZ
pca,10000,1255,-0.01384791,-0.11071602,1.0,B084HM5WG1
pca,10000,1256,-0.0035081115,0.36154515,5.0,B0C49KQRX4
pca,10000,1257,0.052461103,-0.21589561,4.0,B0BW4PFM58
pca,10000,1258,0.11178552,0.20913476,5.0,B087CHS5Z9
pca,10000,1259,0.08579869,0.14746353,5.0,B07ZN4JZYH
pca,10000,1260,0.17891702,0.1453492,5.0,B015FY0SSO
pca,10000,1261,0.18488881,-0.029037675,5.0,B08421KFJX
pca,10000,1262,0.54398817,-0.13984656,5.0,B01K8B8YA8
pca,10000,1263,0.13476402,0.39066815,5.0,B0C5PHZ4QS
pca,10000,1264,0.48398262,0.11371871,5.0,B01LXZZVKP
pca,10000,1265,0.024818264,-0.03915909,1.0,B0BSS1WJ4D
pca,10000,1266,0.015832718,-0.15402128,5.0,B07VXXBTX4
pca,10000,1267,0.018844191,0.11998098,5.0,B07H8WS1FT
pca,10000,1268,-0.16576447,0.21879652,5.0,B08HN4345K
pca,10000,1269,0.14431362,0.08046882,4.0,B09WHPJZD3
pca,10000,1270,-0.027601257,-0.15242861,4.0,B0B3VDGR74
pca,10000,1271,-0.064395525,-0.004076424,1.0,B0B4F9H4DF
pca,10000,1272,-0.12417275,0.12482303,3.0,B00INKHXY0
pca,10000,1273,-0.081240885,0.06792712,5.0,B09XQ1P16Z
pca,10000,1274,0.18126461,0.1439595,4.0,B07FD3YXKR
pca,10000,1275,0.02467655,-0.100781366,4.0,B07BGTKP34
pca,10000,1276,0.19342992,-0.29272103,5.0,B09WTY19L9
pca,10000,1277,0.20417961,-0.11567082,4.0,B07G6XRZJ7
pca,10000,1278,0.25629747,-0.1272482,4.0,B07DGV6LY8
pca,10000,1279,0.19893517,-0.35054687,4.0,B07JKPCPF8
pca,10000,1280,-0.19924824,-0.18783848,5.0,B07J4RVYHX
pca,10000,1281,-0.26651922,-0.15690061,4.0,B07FC9BNQL
pca,10000,1282,0.10341602,0.06799437,5.0,B08P6S2757
pca,10000,1283,0.16010478,-0.19400048,5.0,B08J42GSW6
pca,10000,1284,-0.0586337,-0.03649268,3.0,B0B1TXQSBV
pca,10000,1285,-0.028463945,0.14304346,4.0,B07H1B8LQV
pca,10000,1286,-0.23823991,-0.13268207,4.0,B07H3V77T7
pca,10000,1287,0.10740919,0.026934689,4.0,B07CWJCBJ7
pca,10000,1288,-0.342995,0.41866484,5.0,B0B2QVW1ZV
pca,10000,1289,-0.12383671,0.44046164,5.0,B07TX777BZ
pca,10000,1290,-0.15847482,0.29515442,4.0,B085ZTR62L
pca,10000,1291,-0.21256015,-0.19490248,5.0,B08BC9J8QQ
pca,10000,1292,-0.07616893,0.15962712,5.0,B082W1SWKC
pca,10000,1293,0.044302087,-0.1171694,4.0,B077HNPLHZ
pca,10000,1294,-0.022406138,0.10627486,1.0,B083JG42ZG
pca,10000,1295,-0.051305152,0.05942393,4.0,B07YKGXRKH
pca,10000,1296,-0.017043833,-0.110738836,4.0,B086QKZHDY
pca,10000,1297,-0.30529958,0.23540935,4.0,B07ZYH9R2C
pca,10000,1298,0.09412141,-0.41674763,4.0,B07DGFBLCX
pca,10000,1299,-0.14268541,-0.026595496,5.0,B0764GBNX2
pca,10000,1300,-0.12784341,0.06701589,5.0,B07NR78GS6
pca,10000,1301,-0.20637876,0.19508468,3.0,B085N11H5T
pca,10000,1302,-0.25111195,-0.14232048,4.0,B07PTYNGCV
pca,10000,1303,-0.1821451,0.31467187,4.0,B07SZ8Z734
pca,10000,1304,-0.06599428,-0.03079965,5.0,B07PMK7WVC
pca,10000,1305,-0.16543838,0.23624443,5.0,B07M8JKBY5
pca,10000,1306,0.15114518,0.08104797,5.0,B0B614JJWR
pca,10000,1307,-0.27698392,-0.051318653,5.0,B075QLZYD6
pca,10000,1308,-0.2308175,0.11682507,5.0,B07H59Q7LG
pca,10000,1309,-0.027292307,-0.2351952,4.0,B073RZSTGL
pca,10000,1310,0.050795868,0.3332531,5.0,B01LZFDA8E
pca,10000,1311,-0.034630876,0.06238451,4.0,B07659Z1QM
pca,10000,1312,-0.210847,-0.12458209,4.0,B07YLQBC4B
pca,10000,1313,-0.073155895,-0.38814846,3.0,B074QQQ51L
pca,10000,1314,-0.042074703,-0.020902615,5.0,B07JPYR7XJ
pca,10000,1315,-0.288976,-0.099737816,4.0,B082SW81WD
pca,10000,1316,-0.35120055,-0.059493966,5.0,B07JW2S287
pca,10000,1317,-0.06543297,-0.18541346,2.0,B0BXLCC4V6
pca,10000,1318,0.011569222,0.032397255,3.0,B0C25CVMJS
pca,10000,1319,-0.18725939,-0.009424873,3.0,B078LHSFHC
pca,10000,1320,-0.022883277,-0.20295447,3.0,B074F3M2W8
pca,10000,1321,0.1676327,-0.23435102,1.0,B019XE45I6
pca,10000,1322,-0.301279,-0.052039422,2.0,B071XNVKBM
pca,10000,1323,-0.23782846,-0.11162239,4.0,B00H36UL5I
pca,10000,1324,-0.005622728,0.25495857,5.0,B0755PDKCN
pca,10000,1325,-0.07723271,-0.21462464,5.0,B06Y2M9FNC
pca,10000,1326,-0.2786983,0.19355713,4.0,B09YYX736L
pca,10000,1327,-0.16333072,0.446657,5.0,B07VP6W2RF
pca,10000,1328,-0.02526763,0.33816203,5.0,B01LQX0P8Q
pca,10000,1329,-0.25996968,-0.19928266,5.0,B01N6YGQLJ
pca,10000,1330,-0.0006494429,0.08609722,4.0,B01N8UG7HA
pca,10000,1331,-0.08810969,0.0063581225,4.0,B01K1INXJK
pca,10000,1332,0.154741,-0.23332824,2.0,B01DA0YCNC
pca,10000,1333,-0.02987447,-0.090465195,5.0,B09LYWCHJX
pca,10000,1334,-0.035128947,-0.16134575,1.0,B01I4PKSZE
pca,10000,1335,-0.16625035,-0.032233678,4.0,B01HNBLHAA
pca,10000,1336,-0.059382252,-0.046901196,5.0,B01LXHZLY7
pca,10000,1337,0.033341944,-0.3365674,4.0,B00YY3XSSA
pca,10000,1338,-0.3608601,-0.146493,2.0,B00U0WUGXO
pca,10000,1339,-0.07319576,0.008738941,2.0,B00NGK93AE
pca,10000,1340,0.0073721884,-0.36577845,4.0,B00KATWRIY
pca,10000,1341,-0.24635884,0.47413424,4.0,B01CHQ8F1K
pca,10000,1342,-0.04671803,-0.1081446,4.0,B00K4WAB30
pca,10000,1343,-0.033102363,-0.14018916,4.0,B00IM3P8GS
pca,10000,1344,-0.15051088,0.3925173,4.0,B00ECERJTA
pca,10000,1345,-0.277303,0.35882753,4.0,B00EUFP6WI
pca,10000,1346,-0.15856932,0.032647766,4.0,B007OZNUCE
pca,10000,1347,-0.065176286,0.32088324,5.0,B00BGIQRDE
pca,10000,1348,-0.058803402,-0.2952216,1.0,B007GR44PM
pca,10000,1349,-0.16726516,0.2593396,1.0,B00B5YER7M
pca,10000,1350,-0.018993586,-0.20140582,2.0,B00AITG3NQ
pca,10000,1351,-0.12786281,0.3447431,3.0,B008ULPBJG
pca,10000,1352,-0.22728097,0.18980505,5.0,B005DEP2AG
pca,10000,1353,-0.066646166,0.19411808,4.0,B006W3ZV6W
pca,10000,1354,-0.028959129,0.010058204,3.0,B004HO58KC
pca,10000,1355,0.057914633,-0.05919204,5.0,B0015ACUKC
pca,10000,1356,-0.37818253,-0.13053696,4.0,B005JXAEGS
pca,10000,1357,-0.20158169,-0.27222508,3.0,B003YKG86S
pca,10000,1358,-0.09793818,-0.17464639,2.0,B001IAX9AE
pca,10000,1359,-0.028779872,-0.16495918,5.0,B07PDHSLM6
pca,10000,1360,-0.12351042,0.07351973,5.0,B01MXXQKGM
pca,10000,1361,-0.00817626,-0.0036701486,5.0,B0BVR7B323
pca,10000,1362,-0.38193536,-0.22572443,5.0,B09F9FKWCC
pca,10000,1363,0.0068718353,-0.0030143615,5.0,B09YM4K17L
pca,10000,1364,-0.034795277,0.40268904,5.0,B081GM5BCH
pca,10000,1365,0.35812762,-0.06292356,5.0,B0B2JWCMCY
pca,10000,1366,0.07475291,-0.07196722,5.0,B07HLTDQ7B
pca,10000,1367,0.35633287,-0.07266016,5.0,B01F26T1JW
pca,10000,1368,-0.12744914,0.17563407,5.0,B006ZT4VA0
pca,10000,1369,0.53653896,-0.16727298,5.0,B00XJN2T2W
pca,10000,1370,0.38256368,-0.08121349,5.0,B00404SUZ4
pca,10000,1371,0.2457559,-0.018580543,5.0,B0CF6479D8
pca,10000,1372,0.064126536,-0.19402604,5.0,B07RWJNZMZ
pca,10000,1373,0.049487177,0.04637996,5.0,B07KNLXQ2S
pca,10000,1374,0.0091666505,-0.004731896,5.0,B01M4R72FX
pca,10000,1375,0.21821898,0.15699315,4.0,B07FTSFGXH
pca,10000,1376,0.27606678,-0.073762394,5.0,B01MTF91W6
pca,10000,1377,0.11279634,0.092352934,5.0,B074N2QSZT
pca,10000,1378,0.09985732,-0.025257658,5.0,B00YOP4DSW
pca,10000,1379,0.3964642,0.10620109,5.0,B01KIOU214
pca,10000,1380,0.21813358,0.14923841,5.0,B0B11P89KH
pca,10000,1381,0.17693286,0.040083118,4.0,B004HBK4T0
pca,10000,1382,0.27731985,-0.02918157,4.0,B0089W5NKI
pca,10000,1383,0.22283979,0.07069602,4.0,B07Q1JVCTS
pca,10000,1384,0.35075188,0.11325861,4.0,B004X8AKDM
pca,10000,1385,0.35692656,0.06774261,4.0,B0054L7FVW
pca,10000,1386,0.22267997,0.010089977,3.0,B001RJXTNI
pca,10000,1387,0.112963036,-0.08944017,1.0,B007UZCIBW
pca,10000,1388,0.14767872,-0.034627657,2.0,B003VANOFY
pca,10000,1389,0.22365291,0.099302866,5.0,B0108LX660
pca,10000,1390,0.25797006,0.031508155,4.0,B08SHVBZ8M
pca,10000,1391,0.011313409,0.013777835,1.0,B0C7K8RKCG
pca,10000,1392,-0.30287904,-0.06805471,3.0,B07BW245J3
pca,10000,1393,-0.00767301,0.01946194,5.0,B0BTTB89J3
pca,10000,1394,0.17428625,-0.012378527,5.0,B09T3921MQ
pca,10000,1395,-0.13521945,-0.23382623,4.0,B092VHZ5LX
pca,10000,1396,-0.21591978,-0.20978236,3.0,B08KDX5H5Z
pca,10000,1397,-0.18871325,-0.12994353,3.0,B08BH87FPJ
pca,10000,1398,-0.35069677,-0.20166086,5.0,B07W6N4HNP
pca,10000,1399,0.117195584,0.20018172,1.0,B082D1RRVF
pca,10000,1400,-0.0042673294,0.08702925,1.0,B0881XYVRY
pca,10000,1401,-0.123299,-0.054844268,5.0,B0184S7U7A
pca,10000,1402,0.19970231,0.10875902,5.0,B01MXWN6UF
pca,10000,1403,0.025146136,-0.07955443,1.0,B072R4ST2Z
pca,10000,1404,0.04550378,-0.08937203,1.0,B07VKQ58ZF
pca,10000,1405,0.0019463152,-0.42918336,1.0,B07NGK5564
pca,10000,1406,0.0491881,-0.07424844,1.0,B00MULE6KW
pca,10000,1407,0.1294826,0.21121107,1.0,B08SGSYLZD
pca,10000,1408,-0.13158274,0.11230803,5.0,B0122ZKEYC
pca,10000,1409,-0.016444314,-0.04723294,1.0,B07DNGZQDZ
pca,10000,1410,-0.019686896,0.15120658,4.0,B00KB8CHU2
pca,10000,1411,-0.03894861,0.06565842,4.0,B00DPC015E
pca,10000,1412,0.13723645,-0.17854251,5.0,B00ZGF40QO
pca,10000,1413,-0.25248808,-0.05516325,1.0,B00AVLOHJ8
pca,10000,1414,0.18647666,0.009406954,5.0,B09ZV66F82
pca,10000,1415,0.05486131,-0.11907898,5.0,B08WJSHSLC
pca,10000,1416,0.08608386,0.1858253,5.0,B0BV2YBX3Q
pca,10000,1417,0.0072736237,-0.04978235,1.0,B0BM3JL7K4
pca,10000,1418,-0.17153086,-0.031458415,4.0,B002MRMCKU
pca,10000,1419,-0.06427799,0.23348998,4.0,B0BK5PPJX7
pca,10000,1420,0.055101104,-0.27255765,5.0,B07KTYJ769
pca,10000,1421,0.11548257,-0.24446702,3.0,B0971YMVC8
pca,10000,1422,0.21581566,0.2513629,5.0,B09D2WWSLG
pca,10000,1423,-0.010033317,0.22811322,3.0,B08YNPQPR8
pca,10000,1424,-0.061585255,-0.0123440875,5.0,B08YFJYD5Z
pca,10000,1425,0.23554355,-0.07943979,3.0,B086KVFX57
pca,10000,1426,0.2777259,-0.17362018,5.0,B07RXXNDXD
pca,10000,1427,0.29880762,-0.16351342,5.0,B01N44JBS4
pca,10000,1428,0.2708765,-0.12740213,5.0,B00JKQK9JW
pca,10000,1429,-0.09063501,0.121429764,5.0,B00H89DJ1S
pca,10000,1430,-0.01937443,0.27889934,4.0,B01B9OO1CS
pca,10000,1431,0.27153668,0.019280681,5.0,B003ZDLATE
pca,10000,1432,0.22520491,0.05184771,5.0,B01JZ8Z7C8
pca,10000,1433,0.024803963,0.10879367,5.0,B09Y54MQWT
pca,10000,1434,0.3997601,0.038599476,5.0,B003UVZG0U
pca,10000,1435,0.48990828,0.024317855,5.0,B000067RPU
pca,10000,1436,0.058316257,-0.35836908,1.0,B0BRKBTGRS
pca,10000,1437,0.012761641,0.07969883,4.0,B08T1D4K9Z
pca,10000,1438,-0.043807503,0.17853986,2.0,B07NL2S9QW
pca,10000,1439,-0.28955466,-0.15990634,4.0,B01LNJPR72
pca,10000,1440,0.048232783,0.34634683,5.0,B07FL447HM
pca,10000,1441,-0.17762542,-0.09126325,5.0,B07S764D9V
pca,10000,1442,0.17957884,0.18299831,5.0,B07PXB3VR5
pca,10000,1443,-0.055662133,0.06155081,3.0,B07PHQ93TV
pca,10000,1444,-0.08641146,-0.0071107373,5.0,B07DGRR6G2
pca,10000,1445,0.17627954,-0.34377617,5.0,B07JR4MVGH
pca,10000,1446,-0.20621367,0.15409693,5.0,B09Y5N3H8S
pca,10000,1447,-0.21866544,-0.12822704,4.0,B09KXR45WK
pca,10000,1448,-0.13710663,0.061512783,5.0,B07RQL8GJ6
pca,10000,1449,-0.0036765542,0.183769,5.0,B07BFCVJZC
pca,10000,1450,-0.21783094,0.40975285,5.0,B08HRLQNY3
pca,10000,1451,-0.27733344,-0.011529804,5.0,B0BTDWQMNL
pca,10000,1452,-0.12124719,0.21553034,4.0,B0BPC2MJ2X
pca,10000,1453,-0.07388842,0.011828274,5.0,B0BVFV4CWS
pca,10000,1454,-0.24865922,0.4268129,5.0,B0BG3G3S9H
pca,10000,1455,-0.18743093,0.3901206,4.0,B0C54G93XF
pca,10000,1456,-0.20024985,-0.28577992,4.0,B09W8WWNBB
pca,10000,1457,-0.061989047,0.016201738,5.0,B0BG465CZK
pca,10000,1458,-0.18605545,0.093991175,5.0,B0B4R636FH
pca,10000,1459,-0.21361203,-0.13835983,5.0,B0B9NR6CHX
pca,10000,1460,-0.29937702,0.10570862,5.0,B0BRPBX6N8
pca,10000,1461,-0.19217846,0.07305962,5.0,B0BRPBX6N8
pca,10000,1462,-0.34344375,-0.13577458,5.0,B09SFTSMXM
pca,10000,1463,-0.1000649,0.26082358,4.0,B0B38N74WZ
pca,10000,1464,-0.20885025,0.18219097,5.0,B0B5PNM6WN
pca,10000,1465,-0.08441129,0.17572469,5.0,B08623SZH9
pca,10000,1466,-0.16022246,-0.10097295,4.0,B09YVBF9Z9
pca,10000,1467,0.026907306,0.16188017,4.0,B09WTG9JBT
pca,10000,1468,-0.12676682,-0.17160633,4.0,B0BWDNJVJY
pca,10000,1469,-0.12722845,-0.044230007,4.0,B09WWZ4193
pca,10000,1470,-0.09250024,-0.23179999,4.0,B0C74JJ9Z3
pca,10000,1471,-0.12593924,0.23170112,5.0,B09MKXV23H
pca,10000,1472,-0.024210766,0.12691936,4.0,B09SPJGPVQ
pca,10000,1473,-0.087963834,0.19204435,4.0,B0BBBVW58J
pca,10000,1474,-0.15471424,0.48025593,5.0,B0BDVTCDDC
pca,10000,1475,0.087467425,0.22411759,4.0,B09VKPQBD1
pca,10000,1476,0.030265633,0.18770322,3.0,B09SF1ZTF6
pca,10000,1477,-0.3206525,0.19468327,5.0,B09TN3N4F2
pca,10000,1478,-0.016201865,0.20351204,4.0,B09T9CCD6N
pca,10000,1479,0.074103504,-0.12616551,5.0,B0BC8MC7PY
pca,10000,1480,-0.14442171,0.3675255,5.0,B0BXYBTYFV
pca,10000,1481,-0.0433989,0.14076445,5.0,B0B73NLLC1
pca,10000,1482,-0.04366156,0.15358691,5.0,B09JSJNMNT
pca,10000,1483,-0.16776623,0.031922452,5.0,B09PBPXVTP
pca,10000,1484,-0.014914345,0.17907275,5.0,B09NKT74SB
pca,10000,1485,-0.33831415,-0.19991036,4.0,B09YXK3QDQ
pca,10000,1486,-0.2974228,-0.039045922,5.0,B09KTTN3M7
pca,10000,1487,0.018892545,0.22929133,4.0,B09LLMFTKZ
pca,10000,1488,-0.1657671,0.02009994,4.0,B0BK4XYBVK
pca,10000,1489,-0.28299722,-0.1638307,4.0,B0BGZ2SFMH
pca,10000,1490,-0.39552093,-0.18229939,4.0,B09PC48LDS
pca,10000,1491,-0.13453946,-0.058010213,5.0,B09NRFZF1G
pca,10000,1492,-0.32393792,-0.17534208,5.0,B0BYYGZHG5
pca,10000,1493,-0.13931733,0.089989915,5.0,B09KC4MVRF
pca,10000,1494,-0.26148963,0.1367855,5.0,B09NVBBPRF
pca,10000,1495,-0.1985125,0.11682201,5.0,B0B15CWFS2
pca,10000,1496,-0.25955528,0.12688704,5.0,B09JLYPDRY
pca,10000,1497,0.06431484,0.26096547,5.0,B09K5XSJ32
pca,10000,1498,-0.06224685,-0.07574451,4.0,B0B7B9ZS19
pca,10000,1499,-0.051847152,-0.15074834,5.0,B0BTYLH7Y2
pca,10000,1500,-0.06982084,-0.13074522,5.0,B09JRV9PP4
pca,10000,1501,-0.118457764,0.17834406,3.0,B0B19SL9TF
pca,10000,1502,-0.37286076,-0.20769691,4.0,B095PNFDKR
pca,10000,1503,-0.32445893,-0.2714627,5.0,B09HJD942X
pca,10000,1504,-0.031425122,0.07770878,5.0,B08SJC9KG5
pca,10000,1505,-0.265516,-0.090170465,4.0,B0931QN643
pca,10000,1506,-0.16372247,0.200893,5.0,B094J6VY97
pca,10000,1507,-0.17531388,0.2379651,5.0,B09HLCMJZQ
pca,10000,1508,-0.23726583,-0.17511728,5.0,B0BYF74D2Z
pca,10000,1509,-0.23216546,-0.21359216,4.0,B091PYQHZD
pca,10000,1510,-0.07620997,0.22729161,4.0,B09647HCRZ
pca,10000,1511,-0.24502501,-0.056210913,5.0,B093GQ4CB7
pca,10000,1512,-0.16988611,0.17453064,5.0,B092DCJMXF
pca,10000,1513,-0.1983823,0.2505514,4.0,B094Q98CNJ
pca,10000,1514,-0.29988414,0.086109,5.0,B07DNG9XSZ
pca,10000,1515,-0.14970133,-0.030414835,5.0,B091F2TVMT
pca,10000,1516,-0.23253864,0.52878976,5.0,B0B85V929L
pca,10000,1517,-0.13413149,0.1187767,4.0,B09BFKS9WQ
pca,10000,1518,-0.21460819,0.07640701,4.0,B091YJ34CX
pca,10000,1519,-0.13511924,-0.030834612,3.0,B08ZCKJ299
pca,10000,1520,0.08029674,0.2180987,4.0,B08ZSM5Q7W
pca,10000,1521,-0.31225994,0.038124435,5.0,B08QHSM2NH
pca,10000,1522,-0.0952754,0.19816002,5.0,B08PK9VS8F
pca,10000,1523,-0.167598,0.23467492,4.0,B08RS42VC7
pca,10000,1524,-0.15255105,0.21481536,5.0,B08PKBTC76
pca,10000,1525,-0.11840683,0.17495766,4.0,B08RDX61MZ
pca,10000,1526,-0.14485909,0.25417295,5.0,B08B3XRQPN
pca,10000,1527,0.016396498,0.1900903,4.0,B08MYTBRY2
pca,10000,1528,-0.18429625,0.24679744,4.0,B08NXC2F9R
pca,10000,1529,-0.102459,0.15732858,4.0,B08ML79GYD
pca,10000,1530,0.0015672967,0.19581299,5.0,B08NX1KL65
pca,10000,1531,-0.16956767,0.25046018,4.0,B08JCF4VWG
pca,10000,1532,-0.13883448,-0.008952485,4.0,B08L36JTQT
pca,10000,1533,0.04315877,0.06757582,5.0,B08J3CPG5G
pca,10000,1534,-0.09210421,0.023343073,5.0,B0899WBQ3S
pca,10000,1535,0.08940625,0.24357358,5.0,B08L5HLN61
pca,10000,1536,0.10961746,0.2147715,5.0,B08H5P93R4
pca,10000,1537,-0.22773813,0.16992232,5.0,B09HRKD9F7
pca,10000,1538,-0.41444188,-0.17267284,3.0,B08DCRJPHP
pca,10000,1539,-0.109578386,0.06241092,5.0,B08G5F3X8F
pca,10000,1540,-0.116147876,-0.19939166,5.0,B07XRV8428
pca,10000,1541,0.04542774,0.26323768,4.0,B08GFY98KX
pca,10000,1542,-0.23797703,-0.20952606,4.0,B0C5YP4GDQ
pca,10000,1543,-0.13212737,-0.037280377,4.0,B089SM95C2
pca,10000,1544,-0.3068957,-0.043473713,4.0,B08BK48TW5
pca,10000,1545,-0.08051407,0.018468764,5.0,B087N4LQPN
pca,10000,1546,-0.0042027216,0.09972346,4.0,B0856481P2
pca,10000,1547,0.027816273,0.03513091,4.0,B087CY4XQH
pca,10000,1548,-0.08993214,-0.110605754,4.0,B089DF8FWN
pca,10000,1549,-0.09639383,0.34988868,4.0,B082W1CBDC
pca,10000,1550,-0.37853122,-0.20007601,4.0,B09JZZMQNN
pca,10000,1551,-0.31586435,-0.32652557,4.0,B07TGD2F8B
pca,10000,1552,0.06899448,0.19163854,4.0,B082SX4MG5
pca,10000,1553,-0.07660661,0.092294134,4.0,B0C3M91B2C
pca,10000,1554,-0.076447666,0.11643659,4.0,B07YXVWHFG
pca,10000,1555,-0.15086699,0.09846799,5.0,B0C8SS7HML
pca,10000,1556,-0.031227011,-0.29359633,4.0,B082TQXKHN
pca,10000,1557,0.011987651,0.17176297,5.0,B0831N3T39
pca,10000,1558,-0.03860913,0.18035415,4.0,B082KQBRKJ
pca,10000,1559,-0.014762379,0.20772026,4.0,B082KPTZKX
pca,10000,1560,-0.18048868,0.02004456,4.0,B082PFDSRT
pca,10000,1561,0.005637618,0.18367447,4.0,B0838FF88L
pca,10000,1562,0.17352517,0.22631893,4.0,B09CGWWR1H
pca,10000,1563,-0.13064079,0.3299054,4.0,B082PP61YH
pca,10000,1564,-0.23078202,-0.05038727,4.0,B081VZ5ZTZ
pca,10000,1565,-0.29802275,0.046583988,5.0,B0B751K1LV
pca,10000,1566,-0.027786057,0.21071948,4.0,B0823DQ3YW
pca,10000,1567,-0.0359016,0.24708775,4.0,B078Y5VWBT
pca,10000,1568,0.015869444,-0.13456745,4.0,B07XLBF5MP
pca,10000,1569,-0.16784093,0.00027285703,5.0,B09JLG3YT7
pca,10000,1570,-0.27698448,0.038339697,4.0,B07YC18BL7
pca,10000,1571,-0.05219584,0.099350095,5.0,B095L8F33R
pca,10000,1572,-0.26018417,-0.17978404,4.0,B0BNC1QBH6
pca,10000,1573,-0.29880947,0.0697616,3.0,B07PSKXM33
pca,10000,1574,-0.22294745,-0.055650644,5.0,B07TXGPNN2
pca,10000,1575,0.022072503,-0.20755164,4.0,B07TWN55VV
pca,10000,1576,-0.3757612,-0.13899988,5.0,B07TBHNP4C
pca,10000,1577,0.030745763,0.21293189,5.0,B07WC81LRS
pca,10000,1578,-0.047500677,-0.08146073,5.0,B07QKPCWN5
pca,10000,1579,-0.34028062,-0.26333448,2.0,B07QH5MDTS
pca,10000,1580,-0.2516515,-0.08868879,5.0,B0BGPJNJBH
pca,10000,1581,-0.2578256,-0.349746,4.0,B0B23LRBRP
pca,10000,1582,-0.13568813,0.027118554,5.0,B07RXXTZ6R
pca,10000,1583,-0.27561024,-0.26310545,4.0,B0C5PC4J6W
pca,10000,1584,-0.08732053,-0.11892218,4.0,B08SM7PP2M
pca,10000,1585,-0.3260392,0.3704959,4.0,B07NTVBTSM
pca,10000,1586,-0.16088894,-0.08789647,4.0,B0BJ7QMYBF
pca,10000,1587,-0.18635473,0.29567286,4.0,B08J7RH9JH
pca,10000,1588,-0.276535,0.074783735,4.0,B08J79T7CQ
pca,10000,1589,-0.40782496,-0.1946748,4.0,B082R17ZJG
pca,10000,1590,-0.15914303,0.15136158,5.0,B088GJHYVN
pca,10000,1591,-0.042706855,0.052486785,4.0,B07H9YR3XW
pca,10000,1592,-0.13183807,-0.05377339,5.0,B07MMYYNHB
pca,10000,1593,-0.11680664,0.10293934,4.0,B07LBQYCHT
pca,10000,1594,-0.24520528,-0.062502004,4.0,B08PFVF5L8
pca,10000,1595,-0.25396916,-0.17898251,4.0,B097C49PBW
pca,10000,1596,-0.10892068,-0.0109523,5.0,B07JHTVHM8
pca,10000,1597,-0.09780105,0.31287694,5.0,B07J9NT4H9
pca,10000,1598,-0.1543787,-0.06973864,4.0,B07HFWGBST
pca,10000,1599,-0.33774292,-0.06396401,4.0,B07HLQ32HK
pca,10000,1600,-0.3616803,-0.08636047,4.0,B07K8XPS7J
pca,10000,1601,-0.35490492,-0.04128336,5.0,B07FGKRX43
pca,10000,1602,-0.29922974,0.06967725,5.0,B07QDNWC7X
pca,10000,1603,-0.24119154,0.31391305,5.0,B07D9JW39N
pca,10000,1604,-0.33283004,-0.03162861,5.0,B09YYX736L
pca,10000,1605,-0.22732235,-0.050396174,4.0,B095LLDH4H
pca,10000,1606,-0.082076855,0.11268545,3.0,B07F2DDC28
pca,10000,1607,-0.25451806,0.027692249,4.0,B07CZCFHC6
pca,10000,1608,-0.27350605,-0.2665946,5.0,B07G2G18YH
pca,10000,1609,-0.07800102,-0.16772594,5.0,B098DSFTQM
pca,10000,1610,-0.21931234,-0.09354432,4.0,B01MFESB51
pca,10000,1611,-0.26801813,-0.102845415,4.0,B07DC8673V
pca,10000,1612,-0.087848686,-0.19403964,4.0,B0759MFSWC
pca,10000,1613,-0.23765096,0.42651686,4.0,B077CMJVRZ
pca,10000,1614,-0.49488634,-0.059331484,4.0,B0751W3JZ9
pca,10000,1615,-0.14187819,0.15268835,4.0,B076MJW31F
pca,10000,1616,-0.3851202,0.034984022,4.0,B00VV6X1UI
pca,10000,1617,-0.004384281,-0.009401023,5.0,B08KG14KCT
pca,10000,1618,-0.20099038,0.05657003,4.0,B076PMVZMR
pca,10000,1619,-0.061797403,0.052763976,4.0,B01M716C56
pca,10000,1620,-0.10395217,-0.1686802,5.0,B08N6HGY8P
pca,10000,1621,-0.33928886,-0.29126588,5.0,B09K7JMBYK
pca,10000,1622,-0.41738495,0.0021348037,4.0,B06XFTNSCT
pca,10000,1623,-0.12721874,0.13996892,5.0,B016XFCHBA
pca,10000,1624,-0.3630518,-0.17352605,5.0,B01I33N124
pca,10000,1625,-0.11255209,0.20382862,5.0,B014TUZ92U
pca,10000,1626,-0.1639854,-0.11339133,4.0,B01E6L4WW0
pca,10000,1627,-0.16536602,-0.03952218,2.0,B00Y85YSGK
pca,10000,1628,-0.30243483,-0.250146,5.0,B06WRMP8KT
pca,10000,1629,-0.04293048,0.10093097,4.0,B017O1BWMW
pca,10000,1630,-0.24418816,0.15577269,4.0,B01N3JWG1N
pca,10000,1631,-0.09626552,0.17640325,4.0,B06XJF5NMP
pca,10000,1632,-0.038271543,-0.19197813,5.0,B08739SDH3
pca,10000,1633,0.0068281293,-0.33541605,4.0,B00IYETYX8
pca,10000,1634,-0.12720542,-0.14417559,4.0,B09HJ4LVWP
pca,10000,1635,-0.15792021,-0.17657895,5.0,B09LYWCHJX
pca,10000,1636,-0.41702703,-0.029503305,5.0,B01IOECNKS
pca,10000,1637,-0.0704923,0.016460583,5.0,B00IVPU786
pca,10000,1638,-0.08951131,-0.2339763,5.0,B00PVCV682
pca,10000,1639,-0.1295412,0.17597015,5.0,B07BV831R5
pca,10000,1640,-0.033031356,0.007496616,5.0,B09Z3BM734
pca,10000,1641,-0.16775033,0.064811975,5.0,B01HAUTGKM
pca,10000,1642,-0.20771044,0.2854868,5.0,B01DJ7LUJK
pca,10000,1643,-0.07830675,0.26599655,5.0,B01HIPOC30
pca,10000,1644,-0.118506566,-0.33272356,5.0,B00EDIC062
pca,10000,1645,-0.014264703,-0.109447576,5.0,B01EJ2CQ7O
pca,10000,1646,-0.010649014,-0.25839546,5.0,B01F75X68U
pca,10000,1647,-0.09921131,0.19250938,4.0,B01E7C8TWW
pca,10000,1648,-0.12083964,0.13857529,5.0,B00SWL1F2G
pca,10000,1649,-0.09999433,0.16744731,5.0,B01C2ADMNW
pca,10000,1650,-0.118076414,-0.28911293,5.0,B09N5LVWH7
pca,10000,1651,-0.25901654,0.24796861,5.0,B017ILTARW
pca,10000,1652,-0.24871835,0.149207,4.0,B011KFQASE
pca,10000,1653,0.1455993,-0.1559428,5.0,B015CAP52U
pca,10000,1654,-0.40383765,-0.1357893,4.0,B00006JPRN
pca,10000,1655,-0.08482883,0.15582883,5.0,B0183F4MR0
pca,10000,1656,-0.46020508,-0.16809614,5.0,B0171F4ULQ
pca,10000,1657,-0.1924515,0.31968504,5.0,B0170O61J2
pca,10000,1658,-0.33491394,-0.1336266,5.0,B0178I3JOK
pca,10000,1659,-0.16153917,0.25621936,4.0,B00Y4FUVI8
pca,10000,1660,-0.31199586,-0.17916071,4.0,B010AX4WG4
pca,10000,1661,-0.09560792,-0.079522505,4.0,B014H8SON0
pca,10000,1662,-0.027549047,0.050576597,5.0,B01N0H8WUZ
pca,10000,1663,-0.35750875,-0.063500375,4.0,B08JH3PJ2Q
pca,10000,1664,-0.1585732,0.23284103,5.0,B07GST8F8L
pca,10000,1665,-0.14258978,0.37775585,5.0,B00XHRW9TI
pca,10000,1666,-0.3142768,-0.13000229,5.0,B08N6HJ3FB
pca,10000,1667,0.08073619,-0.011611687,5.0,B006MPRFJQ
pca,10000,1668,0.012296157,0.11615697,5.0,B00KH3SZTS
pca,10000,1669,-0.20392606,0.0319911,5.0,B00IG9LSGM
pca,10000,1670,-0.20417924,0.39725214,5.0,B00KFCESEC
pca,10000,1671,0.040551357,-0.04075895,5.0,B00L7SV16G
pca,10000,1672,-0.33864504,-0.11075201,5.0,B00CWXJXTC
pca,10000,1673,-0.07728398,0.16229157,5.0,B00JFHYY42
pca,10000,1674,0.058240596,-0.09166922,5.0,B005P99KT8
pca,10000,1675,-0.005829595,-0.10852785,5.0,B08LZJ8GMH
pca,10000,1676,0.21039125,0.23967251,1.0,B0BYZMDN97
pca,10000,1677,-0.19952475,-0.03815174,5.0,B08FT8J1RR
pca,10000,1678,0.039747372,0.11136771,5.0,B0C2YWQP1J
pca,10000,1679,-0.11563654,-0.28432608,5.0,B09Z228SQJ
pca,10000,1680,-0.13150145,-0.2646334,1.0,B085F4RL5S
pca,10000,1681,-0.4236293,-0.04990118,5.0,B00KJLMBQQ
pca,10000,1682,0.22274445,0.29018265,5.0,B07Y1SNHQW
pca,10000,1683,0.08177215,0.036806196,3.0,B0B5GZBXCV
pca,10000,1684,0.15608461,0.006455783,5.0,B07QF4Q875
pca,10000,1685,0.14866528,0.18469068,5.0,B08YXY5XMD
pca,10000,1686,0.2821192,-0.28321517,5.0,B075NCMLYL
pca,10000,1687,0.15614487,0.20049864,5.0,B0BXM4RTZ4
pca,10000,1688,0.19237833,0.19755007,5.0,B073ZNM75V
pca,10000,1689,-0.04894393,0.052748777,1.0,B098PZNSL7
pca,10000,1690,0.24210113,0.05422005,5.0,B0BR3MLGZZ
pca,10000,1691,-0.09758708,0.334512,5.0,B09KH1J658
pca,10000,1692,-0.08576547,-0.32367545,1.0,B08Q2D3XR1
pca,10000,1693,-0.27479413,-0.10775836,5.0,B082LMXMNZ
pca,10000,1694,-0.080577105,-0.12715702,5.0,B093QLDGNJ
pca,10000,1695,-0.15654323,-0.10856255,3.0,B09KMSH26Q
pca,10000,1696,0.08853895,-0.18994127,5.0,B075JZNHTD
pca,10000,1697,0.020294117,0.111479744,5.0,B01N34WW1E
pca,10000,1698,-0.1536262,-0.07914282,5.0,B09CG9LZSR
pca,10000,1699,0.04016146,-0.048940927,1.0,B094BMCMPS
pca,10000,1700,-0.121499315,0.2475118,3.0,B01H3CN9ZA
pca,10000,1701,-0.12820193,0.43104133,5.0,B08148XDKN
pca,10000,1702,-0.1416326,0.15241158,5.0,B07P92XS72
pca,10000,1703,0.15632391,-0.25082952,5.0,B07YXG4F7R
pca,10000,1704,0.38071936,-0.08433763,5.0,B003LY0QH4
pca,10000,1705,-0.035818,0.019134438,5.0,B005OTPVMY
pca,10000,1706,0.083465725,-0.072665125,5.0,B07V4JD954
pca,10000,1707,-0.24856767,-0.084846936,5.0,B01N7CV2TS
pca,10000,1708,-0.08047215,0.17172144,5.0,B07FSBRRTP
pca,10000,1709,-0.12106961,0.19661534,5.0,B07LG3CMWX
pca,10000,1710,-0.11888963,-0.21380538,3.0,B075FTYGQK
pca,10000,1711,0.5144506,-0.14206803,5.0,B082SR59W9
pca,10000,1712,0.04174331,-0.07707629,5.0,B07DD69HKJ
pca,10000,1713,0.060194183,-0.07678469,5.0,B09GFP5DMH
pca,10000,1714,-0.12736987,-0.30177543,4.0,B0919NL52L
pca,10000,1715,-0.12215832,-0.22814727,5.0,B077V8RVN7
pca,10000,1716,-0.22790025,0.19428006,5.0,B08QS8NWL3
pca,10000,1717,-0.04959575,0.0708056,5.0,B09HTM917T
pca,10000,1718,0.18328722,-0.012713924,5.0,B08CXRWGW2
pca,10000,1719,-0.09739767,0.50659114,5.0,B0BM3XNNWF
pca,10000,1720,0.19503483,0.06699092,5.0,B088WD4DRZ
pca,10000,1721,-0.04191579,-0.008700816,5.0,B07F4P3JH7
pca,10000,1722,0.12338989,-0.1376104,4.0,B081TZ8TBM
pca,10000,1723,0.1490323,-0.07677638,5.0,B07R11T5MC
pca,10000,1724,-0.09406663,-0.09012061,5.0,B07T58DGSZ
pca,10000,1725,-0.010908553,-0.1632767,5.0,B07S7QYRSP
pca,10000,1726,0.04104986,-0.0525899,3.0,B07DBXWFVQ
pca,10000,1727,0.0996504,-0.19672756,5.0,B07WC6TDT8
pca,10000,1728,0.03818727,-0.34378874,1.0,B07PN74YD7
pca,10000,1729,0.05209771,0.064996794,5.0,B07H5RNMP5
pca,10000,1730,-0.23304334,-0.23378353,5.0,B00G3KZ8YE
pca,10000,1731,-0.10422271,-0.23135847,5.0,B07456BG8N
pca,10000,1732,0.040364757,0.005489191,1.0,B06X6M5HGP
pca,10000,1733,-0.0974986,0.024005955,3.0,B0043T7FXE
pca,10000,1734,-0.11438595,-0.30502567,5.0,B00C28WXI0
pca,10000,1735,0.049347408,0.016973276,2.0,B00CLZWK64
pca,10000,1736,-0.06060324,-0.18055777,5.0,B00XIL20DI
pca,10000,1737,0.12070013,-0.09149907,2.0,B0070Z8CEY
pca,10000,1738,0.06423317,-0.32557666,5.0,B00752RAA4
pca,10000,1739,-0.07171478,-0.20634748,5.0,B005ESVW96
pca,10000,1740,0.30485597,0.07008249,5.0,B081S43284
pca,10000,1741,-0.011275424,0.09704143,5.0,B09Q3NR84W
pca,10000,1742,0.21023321,0.087072015,5.0,B07PGL2N7J
pca,10000,1743,0.22615415,-0.33113435,5.0,B07MGTL6L9
pca,10000,1744,0.23318362,-0.0071430258,5.0,B00QE9UCZO
pca,10000,1745,0.22786953,0.032663494,5.0,B0BP28CLNX
pca,10000,1746,-0.044114105,0.269999,3.0,B07H3PZ5LS
pca,10000,1747,-0.16463181,0.52061456,5.0,B09LTTFKYC
pca,10000,1748,-0.21766354,-0.2012922,1.0,B081PGLYND
pca,10000,1749,0.07170881,-0.029529965,5.0,B0B65BNKW1
pca,10000,1750,0.047584496,-0.032628007,5.0,B0BQ5JWN9Z
pca,10000,1751,-0.036977224,-0.32227877,1.0,B0BSDJW7F3
pca,10000,1752,-0.006775804,-0.10079727,5.0,B08MQ2HHFN
pca,10000,1753,-0.1619115,-0.250397,2.0,B0C6QKB234
pca,10000,1754,0.035064474,-0.26347685,5.0,B0BT98MVYD
pca,10000,1755,0.061212987,-0.24881756,5.0,B0BZJZKYST
pca,10000,1756,-0.16215184,0.017097,1.0,B084LN55B3
pca,10000,1757,0.01254794,-0.09410519,1.0,B0BS2TMK39
pca,10000,1758,0.20503028,-0.048572674,1.0,B07XZ6D1YH
pca,10000,1759,0.1053167,-0.16581902,5.0,B08HTPQZRB
pca,10000,1760,0.12381289,-0.07365621,1.0,B0B2KHS3ZZ
pca,10000,1761,-0.040429667,-0.2241498,2.0,B099V8GPR4
pca,10000,1762,-0.009340426,0.11608801,5.0,B00N9ZVN90
pca,10000,1763,0.019744335,0.3564225,1.0,B01MQHBZS1
pca,10000,1764,0.20727468,0.04247702,5.0,B000KUS9EE
pca,10000,1765,0.25609946,0.050693497,1.0,B0BBCW8P9M
pca,10000,1766,-0.06350971,-0.1028714,2.0,B0B7MR7WS7
pca,10000,1767,0.14652494,0.029677188,2.0,B07H65KP63
pca,10000,1768,0.33837238,-0.14769913,5.0,B01AY37QWC
pca,10000,1769,-0.009632576,-0.15225063,5.0,B0BZ3LHSDW
pca,10000,1770,0.010239886,-0.30745196,2.0,B07ZG6W84H
pca,10000,1771,0.12028355,-0.030806536,5.0,B09X2J3LGX
pca,10000,1772,0.12075395,-0.20121397,5.0,B07L2T2W6L
pca,10000,1773,-0.19585583,-0.013527617,5.0,B08HJ6D2Y3
pca,10000,1774,-0.15154882,0.39126083,5.0,B09XLGGLTQ
pca,10000,1775,-0.15433148,0.38096738,4.0,B07GSP157Z
pca,10000,1776,-0.00081060827,0.047752813,4.0,B07CY79CKZ
pca,10000,1777,-0.0015024394,-0.010950678,5.0,B0742FQ3Q3
pca,10000,1778,-0.09779019,0.210225,2.0,B07L5L22ZL
pca,10000,1779,0.0595789,0.1468864,5.0,B07GGVNF14
pca,10000,1780,-0.14747101,0.1640948,5.0,B01BFIBRIE
pca,10000,1781,-0.106534496,0.26801336,5.0,B007OZNUCE
pca,10000,1782,0.10620495,0.36082307,5.0,B007T356BO
pca,10000,1783,0.26659542,0.057269044,5.0,B0C1J4XGB1
pca,10000,1784,0.044098616,0.036507905,5.0,B08F4RGHLY
pca,10000,1785,0.038900837,0.3507482,5.0,B094JBZGF4
pca,10000,1786,0.18294485,-0.002225319,5.0,B000GDGWWG
pca,10000,1787,-0.04176583,0.22966889,5.0,B0796VRYV3
pca,10000,1788,0.1610431,0.16343346,3.0,B0BLVJWGCC
pca,10000,1789,0.22681439,0.23468138,5.0,B001DAT0XE
pca,10000,1790,0.025530856,-0.1453941,1.0,B084LS3RQJ
pca,10000,1791,-0.024103079,0.0795831,5.0,B0742J69SQ
pca,10000,1792,0.30632442,-0.118439026,5.0,B0B2JWCMCY
pca,10000,1793,0.13590418,0.15699752,5.0,B07T451KJM
pca,10000,1794,0.29362112,0.036654107,5.0,B00R124LAK
pca,10000,1795,-0.06854714,0.19389011,1.0,B016B12PUE
pca,10000,1796,-0.2102747,0.38033867,3.0,B07864XM91
pca,10000,1797,0.01067806,-0.02234778,5.0,B07C4ZNM7Q
pca,10000,1798,0.21383215,0.28875816,5.0,B06XNZJTGD
pca,10000,1799,-0.16475298,0.3044505,5.0,B081NM793Z
pca,10000,1800,0.38559988,0.08669707,5.0,B09V6JXVX1
pca,10000,1801,-0.046857685,0.30525684,5.0,B07V5DDC7R
pca,10000,1802,0.03574749,0.33512822,4.0,B092JBV61J
pca,10000,1803,-0.1736641,-0.1121269,5.0,B01772N80C
pca,10000,1804,0.055603538,0.24542353,5.0,B094QJBPB1
pca,10000,1805,0.036353447,0.2511187,1.0,B010B2BGX6
pca,10000,1806,-0.05205869,0.32956377,4.0,B07D8JK4HM
pca,10000,1807,-0.12115252,0.3339224,5.0,B07WNJQFP9
pca,10000,1808,0.1474698,0.1302885,5.0,B013EKI2DY
pca,10000,1809,-0.20346823,-0.09946201,4.0,B00IIEICNC
pca,10000,1810,0.18534729,0.11483761,1.0,B0099WSJHQ
pca,10000,1811,-0.15825838,-0.08188867,1.0,B007PFZNHS
pca,10000,1812,-0.112014815,0.3176582,3.0,B009Z3SXTS
pca,10000,1813,-0.1607984,0.30088562,5.0,B00G3J8EZ0
pca,10000,1814,-0.22375639,0.2076463,5.0,B004SBBD8U
pca,10000,1815,-0.17579956,0.42849284,5.0,B007T356BO
pca,10000,1816,0.302423,-0.09984966,1.0,B0878WQ4WM
pca,10000,1817,-0.06185986,0.26782754,5.0,B08L1WHFWJ
pca,10000,1818,-0.03570577,0.07306244,5.0,B0C8HDXFXN
pca,10000,1819,0.27764177,-0.20751506,5.0,B0C98XDNLY
pca,10000,1820,0.15036331,-0.20209268,5.0,B0CCDMQZM7
pca,10000,1821,-0.01521533,0.08151293,5.0,B07P841621
pca,10000,1822,-0.053674504,0.04415179,5.0,B09DCPPYNR
pca,10000,1823,0.20796993,0.044043675,5.0,B07PTVBKHM
pca,10000,1824,0.06163231,-0.12555914,4.0,B07D36JJZT
pca,10000,1825,0.4311715,-0.19735059,5.0,B07P5LBBMN
pca,10000,1826,0.038272362,-0.24203679,4.0,B08TX9GNB3
pca,10000,1827,0.13907762,0.01084315,5.0,B01GDIUA8Y
pca,10000,1828,0.24071825,-0.23241857,5.0,B00SGBJOWA
pca,10000,1829,0.34419826,0.0024404358,5.0,B01D0J787A
pca,10000,1830,0.27668342,0.1594903,5.0,B09JLMDSLC
pca,10000,1831,-0.029843025,-0.15731035,5.0,B089F9YDFC
pca,10000,1832,-0.008702688,-0.0952101,5.0,B0C3KV52B7
pca,10000,1833,0.119004756,-0.19449376,3.0,B09P2C15L1
pca,10000,1834,-0.032598414,-0.3772794,3.0,B0B55KLJBY
pca,10000,1835,-0.1609236,0.16331849,5.0,B081TK1W3Z
pca,10000,1836,-0.102893874,-0.18464649,5.0,B0B8W72ZG6
pca,10000,1837,-0.005042784,0.15147074,5.0,B07M87KRKR
pca,10000,1838,0.14058602,0.059864707,5.0,B015PZLB6G
pca,10000,1839,0.3486176,0.162473,5.0,B072118L7D
pca,10000,1840,0.14154619,-0.011723118,5.0,B07TCSG6CH
pca,10000,1841,0.16752633,0.07651221,5.0,B07LBQWTRY
pca,10000,1842,0.16566679,0.14509785,5.0,B07RW8W2WW
pca,10000,1843,-0.07501165,0.013608491,2.0,B00NWXM5U0
pca,10000,1844,0.29067984,0.031126568,5.0,B0CJ2FDZD9
pca,10000,1845,0.08938648,0.44080308,5.0,B07Q2TVNP3
pca,10000,1846,0.0076460494,0.2884371,5.0,B0B7RW47VZ
pca,10000,1847,0.049260683,0.17177613,5.0,B07WH4GTY9
pca,10000,1848,0.058889173,-0.13793021,5.0,B0BGDLLL4W
pca,10000,1849,0.07065353,-0.004378234,5.0,B0B8J17B9L
pca,10000,1850,0.10139539,0.00904431,5.0,B00PGE653G
pca,10000,1851,0.3520385,0.07882691,4.0,B00X0G30MQ
pca,10000,1852,0.3719784,0.019794857,5.0,B0029U2YSA
pca,10000,1853,0.26540518,0.024600523,5.0,B01CF3L4YA
pca,10000,1854,0.23272349,0.042061567,5.0,B0961LFNFG
pca,10000,1855,-0.22850034,-0.17406245,4.0,B07467F8QW
pca,10000,1856,0.11113391,0.23580316,5.0,B07KCT9LB5
pca,10000,1857,0.13283783,0.12628482,2.0,B0B9GHF8QM
pca,10000,1858,0.28774998,0.01122118,5.0,B07TWNFDS8
pca,10000,1859,-0.001978282,0.21979633,5.0,B007UJ4U6O
pca,10000,1860,-0.35009465,-0.19996747,3.0,B0B37TT7JB
pca,10000,1861,0.044411976,-0.19154325,5.0,B075XN1NZC
pca,10000,1862,-0.12742943,-0.08116854,5.0,B01C43ZHVC
pca,10000,1863,-0.1315224,-0.10427451,5.0,B08XNCHTCY
pca,10000,1864,0.10482017,0.123078115,5.0,B08SKV4XKR
pca,10000,1865,0.036383115,0.17012255,5.0,B00A8OWC1S
pca,10000,1866,-0.15785205,0.44986922,5.0,B08BL1YDSZ
pca,10000,1867,0.013946701,0.07574729,5.0,B0912GH93X
pca,10000,1868,-0.10919654,-0.14476942,5.0,B0B4WG6N98
pca,10000,1869,0.1232796,0.15784806,5.0,B01GW7YJTC
pca,10000,1870,0.010032372,0.13414203,5.0,B008UZQWQ8
pca,10000,1871,0.035940036,-0.08624775,1.0,B00U879XZ8
pca,10000,1872,-0.10452359,-0.11450602,5.0,B06XTX41HM
pca,10000,1873,-0.10592187,0.0007394487,2.0,B07W42PJBG
pca,10000,1874,0.32839897,-0.073627785,5.0,B07TQLFRRJ
pca,10000,1875,0.31374276,-0.17972976,5.0,B0BHZ1GDVT
pca,10000,1876,-0.23385796,0.07229432,5.0,B0BFF9G61F
pca,10000,1877,0.09035978,0.16747011,3.0,B0BR8MK1DY
pca,10000,1878,0.3727429,0.10135235,5.0,B09BYYK39G
pca,10000,1879,0.20642373,-0.033449464,1.0,B0BJV9Z6T1
pca,10000,1880,0.4672721,0.015291579,5.0,B0BY8KX5CW
pca,10000,1881,0.4672721,0.015291579,5.0,B087JNFL1C
pca,10000,1882,0.47526228,-0.08941797,5.0,B08DPP3T9Z
pca,10000,1883,0.20087315,-0.03309715,4.0,B07H9YX94V
pca,10000,1884,0.35573822,-0.04741106,5.0,B09T3FX6CL
pca,10000,1885,0.3395441,0.07479978,5.0,B09MLGP9SP
pca,10000,1886,0.22106144,0.05951997,5.0,B07FTSXDK4
pca,10000,1887,0.09714783,0.008628715,5.0,B0BS3V1QBY
pca,10000,1888,0.5352542,0.029389052,5.0,B09DXXSS9Z
pca,10000,1889,-0.11104019,-0.33185995,1.0,B0BN248QTJ
pca,10000,1890,-0.1469358,0.14260909,5.0,B096982VDG
pca,10000,1891,0.16722776,-0.09046785,5.0,B0BL78N7W9
pca,10000,1892,0.4672721,0.015291579,5.0,B0974XHKV5
pca,10000,1893,0.18093164,0.3359229,5.0,B074D9L6SJ
pca,10000,1894,0.105319425,-0.06608457,5.0,B0BV3NWX67
pca,10000,1895,-0.06482943,-0.11593775,3.0,B0823Z9MZ3
pca,10000,1896,0.48398262,0.11371871,5.0,B005IR2J2M
pca,10000,1897,0.3268253,0.16256188,5.0,B09869JTSG
pca,10000,1898,0.28416276,0.08021745,5.0,B0B5GRZ3FW
pca,10000,1899,0.47342056,-0.11077475,5.0,B0BNPL25Z9
pca,10000,1900,0.51862144,-0.059370287,5.0,B09LTX3SQX
pca,10000,1901,-0.10539415,-0.043469135,1.0,B07G7GY4PZ
pca,10000,1902,0.026447859,0.0011650398,5.0,B07P9QZPGR
pca,10000,1903,0.111253366,0.14521685,1.0,B09PBSXZ3T
pca,10000,1904,0.10084496,-0.100852795,5.0,B01JGBIFGO
pca,10000,1905,-0.009681525,0.06859132,5.0,B07CLBNM1C
pca,10000,1906,-0.25655884,-0.077686705,3.0,B00CO07FIO
pca,10000,1907,-0.010247707,0.05571685,5.0,B0B1VWCFXZ
pca,10000,1908,-0.042799406,-0.18126136,5.0,B0BVY4JVNG
pca,10000,1909,0.42747423,0.14216134,5.0,B0B27MJXLK
pca,10000,1910,0.042779125,-0.1192003,5.0,B00H1SVSAU
pca,10000,1911,0.27306396,-0.030445954,5.0,B0C7HW72LR
pca,10000,1912,0.18251672,-0.04271174,1.0,B07RGD3JNQ
pca,10000,1913,0.022640133,-0.22648507,1.0,B07HMRT5RB
pca,10000,1914,0.20448288,-0.2537141,5.0,B08XB712XZ
pca,10000,1915,-0.09821486,-0.021385487,5.0,B08LCWGSZM
pca,10000,1916,-0.14166392,0.307822,1.0,B0CF6479D8
pca,10000,1917,-0.14771554,-0.08343542,5.0,B09NR7BPJZ
pca,10000,1918,-0.006830832,0.23080915,5.0,B08TBPJSKS
pca,10000,1919,-0.044786885,-0.13137051,1.0,B08M85C13W
pca,10000,1920,0.08461144,0.2553538,5.0,B00TKU6762
pca,10000,1921,0.14684725,0.15019396,5.0,1426320965
pca,10000,1922,-0.11531299,0.12188206,5.0,B07NVG9L16
pca,10000,1923,0.14901143,0.13146293,5.0,B07J6GKJYB
pca,10000,1924,-0.056016646,0.2908566,5.0,B08TW9RNRJ
pca,10000,1925,-0.07156192,0.17289262,5.0,B071KKMXP8
pca,10000,1926,-0.15523192,0.20844576,5.0,B01HBARDWO
pca,10000,1927,0.04328858,0.2634986,5.0,B07HMLRWXH
pca,10000,1928,-0.06485406,0.31712258,5.0,B075JDJM5W
pca,10000,1929,0.18821515,-0.32944238,5.0,B07SJ8L4M3
pca,10000,1930,0.012302935,-0.11382429,2.0,B07D22Z8GQ
pca,10000,1931,-0.13605104,-0.028033637,5.0,B078Z9LP9Z
pca,10000,1932,0.32412902,0.11841189,5.0,B00GHUHMUS
pca,10000,1933,-0.084346816,0.3389428,5.0,B004ZKXXAK
pca,10000,1934,-0.25473872,0.22178325,2.0,B00N28AUK2
pca,10000,1935,0.17469244,0.0419057,5.0,B0BMWBNRQQ
pca,10000,1936,-0.1597935,-0.07519134,5.0,B092DD5L2V
pca,10000,1937,-0.12762344,-0.2244918,5.0,B00GUTY132
pca,10000,1938,-0.009932419,-0.18159969,5.0,B0067Y5B7A
pca,10000,1939,-0.1699072,0.14879909,5.0,B00EYWU8HK
pca,10000,1940,-0.056731746,0.09590919,5.0,B00A81SXHI
pca,10000,1941,0.022612363,0.21734126,5.0,B07SHFPD8S
pca,10000,1942,-0.0906662,0.29894215,5.0,B07RW4VG9Q
pca,10000,1943,-0.15289365,-0.011172895,5.0,B093FMQJ73
pca,10000,1944,0.032228857,-0.06049779,5.0,B0BB6TYK7V
pca,10000,1945,-0.20962712,-0.03591384,2.0,B07QMBY7JF
pca,10000,1946,-0.20310193,-0.31627062,5.0,B072KLXG5M
pca,10000,1947,-0.14494696,-0.21430802,2.0,B07GVB87YG
pca,10000,1948,-0.08843606,0.25522396,5.0,B076CKXBB1
pca,10000,1949,-0.082659654,0.0920401,5.0,B07BSFXVCH
pca,10000,1950,-0.15726016,0.2316553,5.0,B076BL6Z79
pca,10000,1951,0.07020692,-0.13259126,5.0,B0BW4PFM58
pca,10000,1952,-0.054563887,-0.16553307,5.0,B005IKCLPO
pca,10000,1953,0.03876855,-0.045334823,4.0,B071K5BQPF
pca,10000,1954,-0.0033401921,0.46908388,5.0,B07BT6TH6X
pca,10000,1955,0.24640325,-0.14690274,5.0,B07SJ8X19K
pca,10000,1956,0.1885369,0.06923437,5.0,B0C8RP1481
pca,10000,1957,-0.07144551,-0.047110766,5.0,B08KZSGZCH
pca,10000,1958,0.084194146,0.18217947,5.0,B0BNWPM92Y
pca,10000,1959,0.24888988,-0.058750466,5.0,B08FJBFG7V
pca,10000,1960,0.16727842,0.08660663,5.0,B07837W5NX
pca,10000,1961,-0.13267723,-0.18640102,5.0,B07NLWT9Z7
pca,10000,1962,0.065308265,0.008384688,5.0,B0BSRMK724
pca,10000,1963,-0.077040605,-0.22236796,5.0,B017LSIXDE
pca,10000,1964,0.19497147,-0.07165471,5.0,B07DRGR6LX
pca,10000,1965,-0.033511292,0.14191674,5.0,B0797RKSF7
pca,10000,1966,-0.1060433,-0.11192213,5.0,B07BFWHD7G
pca,10000,1967,0.101111576,0.18212216,4.0,B0824RG1SN
pca,10000,1968,-0.19549052,-0.22723356,1.0,B0BGS23YKX
pca,10000,1969,-0.18824838,-0.331956,1.0,B08C4Y26FP
pca,10000,1970,0.050440695,-0.11957262,4.0,B00DGRUY3M
pca,10000,1971,0.088092804,0.015311224,2.0,B000KMZKTO
pca,10000,1972,-0.10472741,-0.11877551,4.0,B07S764D9V
pca,10000,1973,0.04440716,-0.054054327,5.0,B002UKSZUU
pca,10000,1974,-0.06412698,-0.03831982,5.0,B01M7VOJFW
pca,10000,1975,0.0428178,0.26505148,5.0,B01MTY7MSK
pca,10000,1976,-0.09277354,0.01100792,1.0,B00BHJS3C0
pca,10000,1977,0.0015365072,-0.3039089,5.0,B000AJR482
pca,10000,1978,-0.29559463,-0.13111022,1.0,B00FWGU1CY
pca,10000,1979,-0.21870752,-0.028503945,5.0,B075S2Y5C3
pca,10000,1980,0.19731963,-0.09393913,1.0,B07GTJSHZ3
pca,10000,1981,-0.07581729,0.3687566,5.0,B078C6N6CR
pca,10000,1982,0.21649401,-0.16215125,5.0,B07GKT53H5
pca,10000,1983,0.42695335,0.08781357,5.0,B0BVCMW9DS
pca,10000,1984,-0.25411993,0.11236304,5.0,B06XG2ZY5M
pca,10000,1985,0.09878502,-0.30359417,4.0,B00HSMK59E
pca,10000,1986,-0.100810036,0.3853296,5.0,B0816152WW
pca,10000,1987,0.10063345,-0.26844537,5.0,B075JZNHTD
pca,10000,1988,0.26901934,-0.1478893,3.0,B01MZI5VRW
pca,10000,1989,0.24556059,0.1278302,5.0,B018SZT3BK
pca,10000,1990,0.19493982,0.08246759,5.0,B01G61RGNA
pca,10000,1991,-0.122651905,-0.008249395,5.0,B006T9ZKAQ
pca,10000,1992,0.23726694,0.1242599,4.0,B0048FU2GU
pca,10000,1993,0.105947055,-0.11347384,5.0,B008BBNOJE
pca,10000,1994,0.244117,-0.08665681,4.0,B007TPS9PC
pca,10000,1995,0.052366238,-0.14042316,5.0,B008PQ1QOA
pca,10000,1996,0.18776806,0.2379128,5.0,B007OZNZG0
pca,10000,1997,0.29050395,-0.03642208,3.0,B005DOK8NW
pca,10000,1998,0.007106525,-0.022527112,1.0,B07Y9XK7MW
pca,10000,1999,0.18823421,-0.28222805,3.0,B091Y9L722
pca,10000,2000,0.053454872,0.09434025,5.0,B0BLBPR39X
pca,10000,2001,-0.16464657,0.29251313,5.0,B0C5N822K2
pca,10000,2002,-0.13045305,0.41392696,5.0,B00BN1Q5JA
pca,10000,2003,0.14573018,-0.20852716,1.0,B00099YIP0
pca,10000,2004,-0.08347449,0.40605965,5.0,B07JGWQ34C
pca,10000,2005,0.025167683,-0.06086512,5.0,B0BV3FZ8KY
pca,10000,2006,0.12778568,-0.025271438,5.0,B003D8GAA0
pca,10000,2007,0.3504584,0.10995744,5.0,B005FNKMGE
pca,10000,2008,0.19748408,-0.10602553,1.0,B08Y57JG1K
pca,10000,2009,0.024204751,-0.37357187,5.0,B09FDMGNQR
pca,10000,2010,0.21527286,-0.09639363,3.0,B08723V9DD
pca,10000,2011,0.09546913,0.044560388,1.0,B0053UJXQ4
pca,10000,2012,0.22379087,-0.12246367,5.0,B08ZRVYSGX
pca,10000,2013,0.2048345,0.13816111,5.0,B07WHTQW4X
pca,10000,2014,0.38461965,0.051190645,5.0,B09TF5TPL5
pca,10000,2015,0.035449557,-0.14888352,1.0,B0BWFBFTGG
pca,10000,2016,0.17389669,0.08495821,2.0,B09S6Y5BRG
pca,10000,2017,-0.05109317,0.15300144,5.0,B07VHBC8VP
pca,10000,2018,0.2866864,0.054066494,5.0,B08N5TC2Z3
pca,10000,2019,-0.012581628,0.1695194,5.0,B09KNJ518H
pca,10000,2020,-0.20053652,0.064277284,5.0,B08J83TR22
pca,10000,2021,-0.07635925,-0.07456613,1.0,B01F9RGWF0
pca,10000,2022,0.073490575,-0.21475996,5.0,B01054S5FM
pca,10000,2023,0.28941,0.1387292,5.0,B00HRUC1OO
pca,10000,2024,-0.034898292,0.07017912,4.0,B07VCJFPCK
pca,10000,2025,-0.050694883,-0.23293018,5.0,B07H65KP63
pca,10000,2026,-0.09316266,-0.16170539,5.0,B00416Q5KI
pca,10000,2027,-0.22409081,0.3947605,4.0,B079BBK5B7
pca,10000,2028,-0.068593316,0.01722814,5.0,B00DX6B278
pca,10000,2029,0.04525851,0.037753947,2.0,B07V31SK5X
pca,10000,2030,0.1153002,-0.08768384,5.0,B07VTK654B
pca,10000,2031,0.06373662,-0.2034494,5.0,B094VH58NQ
pca,10000,2032,0.07937901,-0.27250016,5.0,B09P7TJCZW
pca,10000,2033,0.017136814,-0.28942528,3.0,B07V4D6F5F
pca,10000,2034,-0.047720306,-0.21266021,5.0,B00XIWVO4I
pca,10000,2035,-0.015268095,-0.2255547,5.0,B0B696YT88
pca,10000,2036,-0.13363753,-0.0058468324,5.0,B09QLBKCZ3
pca,10000,2037,0.2825288,0.053373545,5.0,B0B4ZV9WF9
pca,10000,2038,-0.17802587,0.35694897,5.0,B09FKQLP6J
pca,10000,2039,-0.22461621,0.075474605,4.0,B0BNQ8ZL47
pca,10000,2040,-0.11955193,-0.05087904,5.0,B0C3TLTQGR
pca,10000,2041,-0.23164362,0.08961494,5.0,B0BTN6S6Q1
pca,10000,2042,-0.17528339,-0.00653381,5.0,B0C1B9TW7G
pca,10000,2043,-0.24394315,-0.113325,4.0,B0B9NR6CHX
pca,10000,2044,-0.2501806,0.46284586,5.0,B0BRQK5LVF
pca,10000,2045,0.025807796,-0.2824824,5.0,B0BBQRB6SQ
pca,10000,2046,-0.040256843,0.11294582,5.0,B0BN41CPQN
pca,10000,2047,0.023335267,-0.055172287,5.0,B0BN41CPQN
pca,10000,2048,0.16479345,0.026319185,5.0,B0BFDZXDS6
pca,10000,2049,-0.094788186,0.068755314,5.0,B095MTK53S
pca,10000,2050,-0.19688399,-0.027042665,5.0,B0B9XVXB6P
pca,10000,2051,-0.26464573,0.32393295,5.0,B09P4KT1KG
pca,10000,2052,-0.13235603,0.07321596,5.0,B0B79XLJT3
pca,10000,2053,-0.06332389,-0.0830557,5.0,B0BHXQLLXB
pca,10000,2054,-0.16537564,-0.13381118,5.0,B0BHXQLLXB
pca,10000,2055,0.10074577,0.041515574,5.0,B0B2VP252D
pca,10000,2056,-0.078648746,-0.12903106,5.0,B0B5TH2Q4X
pca,10000,2057,-0.2398996,-0.22025393,5.0,B0C1NRVQ4S
pca,10000,2058,0.06687467,-0.19142303,5.0,B0BHZ1GDVT
pca,10000,2059,-0.09360878,0.043617487,5.0,B0BHXQLLXB
pca,10000,2060,0.08891755,0.04283327,5.0,B09MF9F8VX
pca,10000,2061,-0.013655167,-0.24567927,5.0,B0CFQT6GW6
pca,10000,2062,-0.087694176,0.37711242,5.0,B0B7HXB21R
pca,10000,2063,-0.16184455,0.05478601,4.0,B0BV6RLX21
pca,10000,2064,-0.07496131,-0.044279516,4.0,B00BYVYBPE
pca,10000,2065,-0.14047812,-0.27189887,2.0,B00T8H16UE
pca,10000,2066,-0.087100424,-0.2549378,2.0,B004DU9T3C
pca,10000,2067,0.13981768,0.018633131,5.0,B096N8LQPY
pca,10000,2068,-0.0009118244,0.23769802,1.0,B095Z3KQ13
pca,10000,2069,-0.1633733,0.2494134,5.0,B071Z2WHPR
pca,10000,2070,-0.28159255,-0.013064004,5.0,B0B751K1LV
pca,10000,2071,-0.21904469,-0.39759713,5.0,B08K4C9MX2
pca,10000,2072,-0.10371546,-0.03342638,5.0,B09KY26HWG
pca,10000,2073,-0.20699885,-0.24656266,4.0,B09F3D2SP1
pca,10000,2074,-0.13615614,-0.19351943,5.0,B093F4J7ZM
pca,10000,2075,0.04456581,0.15382612,5.0,B09X9V54SK
pca,10000,2076,0.061248373,0.0052741244,5.0,B000M9H03E
pca,10000,2077,0.47457004,-0.19125816,5.0,B079NW5W5Q
pca,10000,2078,-0.13253595,-0.29074636,5.0,B0BVH1QB5C
pca,10000,2079,-0.043956026,-0.35560238,5.0,B07Q6Q44J2
pca,10000,2080,-0.046664022,-0.22525176,5.0,B0C2HWSXNL
pca,10000,2081,0.34192038,-0.23220806,2.0,B0BS6RY81M
pca,10000,2082,0.46234068,-0.00841804,5.0,B0BKLWZ4LD
pca,10000,2083,0.15336286,-0.098738134,5.0,B01L8G5Q5S
pca,10000,2084,-0.10010696,-0.4392722,5.0,B01HAVTUPM
pca,10000,2085,0.07865599,-0.084746055,5.0,B07S6X6RLG
pca,10000,2086,-0.088940255,-0.3958437,5.0,B01N249DAV
pca,10000,2087,-0.082681455,-0.33739284,5.0,B00M10X9J6
pca,10000,2088,-0.19974737,-0.27634895,5.0,B01611VL68
pca,10000,2089,-0.01617112,-0.26339477,2.0,B007BTULVG
pca,10000,2090,0.06671895,-0.093189895,1.0,B087Q2FP2X
pca,10000,2091,-0.14929356,-0.28607914,5.0,B00OUUXC7O
pca,10000,2092,-0.19476025,-0.22727825,5.0,B0042F3K9W
pca,10000,2093,0.011783834,-0.3169952,1.0,B016HPOSXQ
pca,10000,2094,0.004456181,-0.11662076,5.0,B082KPKM3L
pca,10000,2095,0.038222525,-0.32298347,5.0,B077HQ5W4T
pca,10000,2096,-0.07447584,-0.36460006,4.0,B07KTYJ769
pca,10000,2097,0.1178208,0.040162392,5.0,B0B3BGW87S
pca,10000,2098,-0.03801929,-0.247166,5.0,B0BML2MF98
pca,10000,2099,-0.043004993,0.12914671,4.0,B07TXHPB39
pca,10000,2100,-0.12262042,-0.33819243,5.0,B01GC6LR84
pca,10000,2101,-0.045084573,-0.24565715,4.0,B0B3D5VN6V
pca,10000,2102,0.06168407,-0.1501367,1.0,B0BFM4362X
pca,10000,2103,-0.092893004,-0.06810557,5.0,B00PTJ43FU
pca,10000,2104,0.05753955,0.011155818,2.0,B00MG1VGMW
pca,10000,2105,-0.083740175,0.097913146,3.0,B01J9F19I8
pca,10000,2106,-0.011055356,-0.20069355,5.0,B01K8B8YA8
pca,10000,2107,0.15544268,-0.08385945,1.0,B0000XMVI6
pca,10000,2108,-0.2224673,-0.2322506,3.0,B008H0QXT2
pca,10000,2109,-0.0014328845,0.07129585,2.0,B01KDYC2TO
pca,10000,2110,0.07683717,-0.06035211,1.0,B004RIL1JK
pca,10000,2111,-0.08226405,-0.15654284,3.0,B01BRWH8G8
pca,10000,2112,0.03798718,-0.09103738,4.0,B075X8471B
pca,10000,2113,-0.24619877,-0.11961353,5.0,B09MK5D6JH
pca,10000,2114,-0.011515977,-0.02222445,2.0,B00IVPU786
pca,10000,2115,-0.27109012,-0.1797261,4.0,B0935ZDCYD
pca,10000,2116,-0.05335954,-0.012063739,2.0,B00ABZPX06
pca,10000,2117,-0.2795502,0.05484409,3.0,B0BXYXD1Q2
pca,10000,2118,-0.07935932,0.13494398,1.0,B011KPIZ9G
pca,10000,2119,-0.15720706,-0.021017313,5.0,B00VRC6D3S
pca,10000,2120,0.055177294,0.011502437,4.0,B006FD5RQ8
pca,10000,2121,0.06438423,-0.05391545,5.0,B00ADJ4YQE
pca,10000,2122,-0.017932016,0.05999413,1.0,B004JISIE4
pca,10000,2123,0.09992082,-0.4925371,1.0,B0002MQGR2
pca,10000,2124,-0.109824866,-0.2973836,5.0,B000LIFB7S
pca,10000,2125,-0.10231444,0.0076324306,5.0,B082FJXVW6
pca,10000,2126,-0.21820132,0.09291428,5.0,B07KJZPPLR
pca,10000,2127,-0.05539526,0.02874087,5.0,B08Q3QPZ5X
pca,10000,2128,-0.19660766,-0.13150866,4.0,B09MGJD7Y8
pca,10000,2129,0.31804436,0.14703543,5.0,B09XYMSZLL
pca,10000,2130,-0.15349588,-0.16003571,5.0,B07N1KNGJ8
pca,10000,2131,-0.1871388,0.35536346,5.0,B07Y85CY2J
pca,10000,2132,0.017597254,-0.26301506,5.0,B09SVJGMN1
pca,10000,2133,-0.12686302,-0.14315784,5.0,B0088YPRUI
pca,10000,2134,-0.085463345,0.27876362,5.0,B0145VHFA2
pca,10000,2135,-0.15521008,0.062014513,1.0,B015TN5FVQ
pca,10000,2136,-0.19427375,-0.11411772,5.0,B017OKABWK
pca,10000,2137,0.12400301,-0.14398833,5.0,B08DLSLCF3
pca,10000,2138,-0.11916952,-0.17740923,5.0,B0057YDNQ2
pca,10000,2139,-0.11247505,0.014153449,5.0,B0BQ3VKQG9
pca,10000,2140,-0.31120288,-0.1986252,5.0,B00CXP4AS8
pca,10000,2141,-0.13663824,-0.19158363,5.0,B000066R6M
pca,10000,2142,0.047581226,0.2681035,5.0,B00H1ZHD0W
pca,10000,2143,-0.23729396,0.4251811,4.0,B005LIDN00
pca,10000,2144,-0.1655581,0.47450674,5.0,B01ITOFEX6
pca,10000,2145,-0.28711632,-0.110488325,3.0,B01HRVABD0
pca,10000,2146,0.05520281,0.312694,5.0,B08NJ8VWQ3
pca,10000,2147,-0.01864731,0.4065456,5.0,B08RYNJRCY
pca,10000,2148,0.21748619,0.0016770437,5.0,B01CU0YQPW
pca,10000,2149,0.033157464,0.28530547,5.0,B086X647CC
pca,10000,2150,0.14965817,-0.020201754,2.0,B09XT8WXMN
pca,10000,2151,0.0219052,0.019162333,3.0,B07DKDL58Y
pca,10000,2152,0.19627318,0.060966372,3.0,B092D8D5BZ
pca,10000,2153,0.039700873,0.09548059,5.0,B075DD9DW4
pca,10000,2154,-0.016659968,0.30980104,5.0,B01E6MTP0S
pca,10000,2155,0.09717274,-0.18305603,5.0,B075X8471B
pca,10000,2156,-0.14673483,-0.008630294,1.0,B07TB47MN4
pca,10000,2157,-0.36285594,0.008044213,5.0,B0C2Z2HX4L
pca,10000,2158,-0.11100386,0.19257796,5.0,B0BZ46CGSP
pca,10000,2159,-0.22463718,-0.38900793,5.0,B0C4Y7T5Z3
pca,10000,2160,-0.047713786,-0.19612087,1.0,B0BG6YCGG7
pca,10000,2161,-0.1486816,-0.06028141,4.0,B0BDRRTMR7
pca,10000,2162,-0.28625485,0.019063959,4.0,B0BV2PMLTR
pca,10000,2163,-0.296869,-0.15378714,5.0,B0C1SG4FHJ
pca,10000,2164,-0.14859006,-0.2545356,3.0,B0BCFDDGPB
pca,10000,2165,0.105298445,-0.1007227,5.0,B09N922QG2
pca,10000,2166,-0.1680942,-0.14624235,5.0,B0B1S914V5
pca,10000,2167,-0.1033801,-0.11245636,5.0,B0B741XVYD
pca,10000,2168,-0.2386361,-0.28300613,5.0,B09TR4ZR8S
pca,10000,2169,0.013493541,-0.08717562,4.0,B0C5YHPG2J
pca,10000,2170,0.03274712,-0.07172158,5.0,B09LQWML9P
pca,10000,2171,-0.35134637,-0.13962056,5.0,B09VTMLL5Q
pca,10000,2172,-0.1522202,0.07228636,5.0,B0BKTBD37R
pca,10000,2173,-0.09596722,-0.08957372,5.0,B09SLPPNBC
pca,10000,2174,-0.052491874,-0.18384956,5.0,B0C4P6C6NM
pca,10000,2175,-0.025499623,-0.23262921,5.0,B09VS779K4
pca,10000,2176,-0.19062167,0.2051546,5.0,B09Q8MWHT9
pca,10000,2177,-0.0011387523,0.30655783,5.0,B0B9L1N68J
pca,10000,2178,-0.03779795,0.020490197,5.0,B0998X1F7G
pca,10000,2179,-0.1338828,-0.051939636,4.0,B09W5J7GVX
pca,10000,2180,-0.07981675,-0.088135496,5.0,B09NN648FM
pca,10000,2181,-0.17022513,-0.19364303,5.0,B09N232D3J
pca,10000,2182,-0.35351732,-0.035894014,5.0,B0BPHC35QG
pca,10000,2183,0.0033153584,0.06759708,5.0,B0BPP72J81
pca,10000,2184,-0.05816549,-0.045287214,5.0,B09JCD2CN6
pca,10000,2185,-0.2566454,-0.13140449,5.0,B0BPSXJ8M3
pca,10000,2186,-0.30840743,-0.115473166,5.0,B0BYJSHNQ6
pca,10000,2187,-0.1997835,0.08117186,5.0,B09DCMLWTT
pca,10000,2188,-0.14102796,-0.28253362,5.0,B09SN7TZ99
pca,10000,2189,-0.25047565,0.009813217,5.0,B09FJMWMBM
pca,10000,2190,-0.22732937,-0.15844859,3.0,B091XN41PN
pca,10000,2191,-0.094387285,0.1510565,5.0,B099D2QTGY
pca,10000,2192,-0.1248443,-0.06567077,5.0,B0C5N45FB3
pca,10000,2193,-0.09335136,-0.120846406,5.0,B0B4YTVNFL
pca,10000,2194,-0.15584074,-0.19203638,5.0,B0989J83Z9
pca,10000,2195,-0.068937,-0.20118088,5.0,B093D6F1ZZ
pca,10000,2196,-0.14593929,0.120773844,4.0,B09W99JC95
pca,10000,2197,-0.0776581,0.10833121,4.0,B098QLDYC6
pca,10000,2198,-0.39920667,-0.06873065,5.0,B0C2YRYZJ7
pca,10000,2199,-0.2937905,-0.0008354299,5.0,B0963LKFYF
pca,10000,2200,-0.01989945,-0.053619966,5.0,B0C5MCSLKZ
pca,10000,2201,-0.19048555,0.115383245,5.0,B0C6QYPNYR
pca,10000,2202,-0.14167438,-0.012291594,5.0,B09MVP6Y94
pca,10000,2203,-0.22444956,-0.24729158,4.0,B096P33NMR
pca,10000,2204,-0.0464968,0.40871167,5.0,B0BXHPS3XG
pca,10000,2205,0.0054635657,0.1704889,4.0,B082S4VMHG
pca,10000,2206,-0.06527597,0.11825093,5.0,B08Z85SDM3
pca,10000,2207,-0.0046261474,0.14761938,5.0,B08ZMYM34Q
pca,10000,2208,-0.066962905,-0.06769235,5.0,B09PHCV2PN
pca,10000,2209,-0.036877528,-0.045814447,5.0,B08JV9C6NR
pca,10000,2210,-0.083785035,0.15187865,5.0,B08XDX7CW8
pca,10000,2211,-0.1446512,0.51336664,5.0,B08W43825W
pca,10000,2212,-0.22152305,-0.17066361,5.0,B0BZQ8FW4F
pca,10000,2213,-0.060717948,-0.09758911,5.0,B08MPYBG5C
pca,10000,2214,-0.10863699,-0.023699084,4.0,B08SCQTJKB
pca,10000,2215,-0.2634774,-0.04788576,5.0,B08SH3HLNL
pca,10000,2216,-0.21581958,-0.2078358,5.0,B08XXRWLLS
pca,10000,2217,0.04734653,0.34462437,5.0,B08HK1QRLB
pca,10000,2218,-0.15114287,-0.09555497,5.0,B08P5KZD1C
pca,10000,2219,-0.16826127,0.29078177,4.0,B08XMR6T51
pca,10000,2220,0.013006201,-0.17027831,5.0,B0898CS5TM
pca,10000,2221,-0.0007635802,-0.16159748,5.0,B08FBZ6SS3
pca,10000,2222,-0.1936374,-0.26511204,5.0,B08CV3B9SS
pca,10000,2223,-0.109176785,-0.2254201,5.0,B07FN9PR61
pca,10000,2224,0.09133067,-0.09851423,5.0,B0BZT5GQGJ
pca,10000,2225,-0.14103545,0.120728366,5.0,B09Y273HR1
pca,10000,2226,-0.07887094,-0.08255307,5.0,B0BZT5GQGJ
pca,10000,2227,-0.027365278,-0.08029723,5.0,B08HK2F8QK
pca,10000,2228,-0.044599645,-0.0036753062,5.0,B08FRMQNHR
pca,10000,2229,-0.07553997,0.08407257,4.0,B0933YVHDN
pca,10000,2230,0.04338002,-0.043407395,5.0,B08HCJB6C5
pca,10000,2231,-0.0516681,0.13891609,5.0,B088FKGCH1
pca,10000,2232,-0.1653296,-0.121300444,5.0,B0B8YY8QXG
pca,10000,2233,-0.09712161,-0.04276245,5.0,B09H1PLZ7S
pca,10000,2234,-0.23125625,-0.06420235,5.0,B08M4256ZR
pca,10000,2235,-0.13887689,-0.081192024,5.0,B0827X1Z1D
pca,10000,2236,-0.14955427,-0.131271,5.0,B08NC5TMNL
pca,10000,2237,-0.21210179,-0.11596676,5.0,B088CRTM52
pca,10000,2238,-0.15788965,-0.046245635,5.0,B09N7WWZRT
pca,10000,2239,-0.14132105,-0.19363472,5.0,B07FN9PR61
pca,10000,2240,-0.17219065,-0.16515456,5.0,B08QYZ75XJ
pca,10000,2241,-0.2100738,-0.039601363,5.0,B08PFZQPFJ
pca,10000,2242,-0.1453762,0.06798343,5.0,B08D6SKVVN
pca,10000,2243,-0.16742636,0.01646967,4.0,B081DZMGFG
pca,10000,2244,-0.07073505,-0.2968011,5.0,B09MKVBBWX
pca,10000,2245,-0.17066023,-0.37494498,5.0,B08GKCN3BX
pca,10000,2246,-0.10659272,-0.09358991,5.0,B08J42GSW6
pca,10000,2247,0.031417448,-0.01266354,5.0,B08D6G3T5T
pca,10000,2248,-0.11083405,-0.23837994,5.0,B09WTY19L9
pca,10000,2249,-0.122224495,0.38257658,3.0,B09LH3NSVJ
pca,10000,2250,-0.06280811,0.1922753,5.0,B08GKK5NX8
pca,10000,2251,-0.07373254,0.4965064,5.0,B09LCRR2BG
pca,10000,2252,-0.20256302,0.41822922,5.0,B087QSHTM8
pca,10000,2253,-0.22561072,0.019186245,5.0,B08BJ83YHJ
pca,10000,2254,-0.33427903,-0.0067065107,5.0,B085SGW4KK
pca,10000,2255,-0.19413406,0.12291429,5.0,B013Q6ZRQQ
pca,10000,2256,-0.3593867,0.2810673,5.0,B07XKZ2PDG
pca,10000,2257,-0.32381007,-0.13149786,4.0,B08BYF5V86
pca,10000,2258,-0.20687537,0.32827687,5.0,B08CK95N8C
pca,10000,2259,-0.27242544,0.44494137,5.0,B088WH1Y25
pca,10000,2260,-0.2359336,0.253897,5.0,B0834PQKXK
pca,10000,2261,-0.015517451,-0.09941162,5.0,B09Y1PSVTB
pca,10000,2262,-0.16079922,-0.29181919,5.0,B08GFZXG55
pca,10000,2263,-0.28167364,-0.23425053,5.0,B07W87RMTG
pca,10000,2264,-0.06873064,-0.10223086,5.0,B089YF6T86
pca,10000,2265,-0.11184786,-0.060888067,5.0,B086VFXX78
pca,10000,2266,-0.18670966,-0.1913507,5.0,B094NRML1L
pca,10000,2267,-0.18842952,0.15817961,5.0,B089F191ZP
pca,10000,2268,-0.037584897,0.034848303,4.0,B089VYXB9K
pca,10000,2269,-0.14725077,0.038530134,5.0,B0C1Z4MNJT
pca,10000,2270,-0.14974788,0.10186111,5.0,B08CVCS7Y7
pca,10000,2271,0.043643773,-0.030706763,5.0,B087B2DLCR
pca,10000,2272,0.16774869,-0.060578957,5.0,B08BFT7VNS
pca,10000,2273,-0.020548332,-0.050638445,5.0,B08B5DC4HM
pca,10000,2274,-0.26929578,-0.05198507,5.0,B081CRF2YH
pca,10000,2275,-0.111465976,-0.033752598,5.0,B09WV2XQYH
pca,10000,2276,-0.26670232,0.040839367,5.0,B082T7HDGT
pca,10000,2277,-0.18643792,-0.13891093,5.0,B09FYFT34G
pca,10000,2278,-0.03885715,0.1119585,5.0,B085DZMDKH
pca,10000,2279,-0.35280702,-0.10590232,5.0,B082YB9888
pca,10000,2280,-0.0753318,-0.17312156,5.0,B083KYZMG5
pca,10000,2281,-0.13187644,-0.15441552,5.0,B0BSDJQV5D
pca,10000,2282,0.09339894,-0.13964526,5.0,B0899QP2L3
pca,10000,2283,-0.24523288,-0.08649721,5.0,B09NSRDB1W
pca,10000,2284,-0.024025165,-0.18490481,5.0,B083NQPY1R
pca,10000,2285,-0.17371573,0.37104028,5.0,B08T6D9Z69
pca,10000,2286,-0.27042636,-0.1178182,5.0,B097D5GXZH
pca,10000,2287,-0.09659772,-0.14996624,5.0,B082CDDZC7
pca,10000,2288,-0.3326584,-0.3538529,5.0,B082HHZ11Q
pca,10000,2289,-0.12339847,-0.027098224,5.0,B085DPJYYV
pca,10000,2290,-0.0871283,-0.12381293,5.0,B0BYSB9KW8
pca,10000,2291,-0.005900992,-0.028034698,3.0,B084GFVQLL
pca,10000,2292,-0.029171135,0.00061221514,4.0,B0828Y7BMQ
pca,10000,2293,-0.33195797,-0.091074705,5.0,B09Q5PQM38
pca,10000,2294,-0.12363669,-0.24471718,5.0,B07T95WVZZ
pca,10000,2295,-0.32658863,-0.04270394,5.0,B07VX7V91Q
pca,10000,2296,-0.03981024,0.087928176,5.0,B0815V2KJS
pca,10000,2297,-0.256519,-0.10365432,5.0,B07RMBKSY3
pca,10000,2298,-0.27062488,-0.21500239,5.0,B07VKRYQLK
pca,10000,2299,-0.20091845,0.19303739,5.0,B07X8ZRNX7
pca,10000,2300,-0.20693743,-0.042408288,5.0,B086ZKY8C4
pca,10000,2301,-0.25324157,-0.3253383,4.0,B0BPLD4VK9
pca,10000,2302,0.06890009,0.2515747,5.0,B084F798YV
pca,10000,2303,-0.14046761,0.14009205,5.0,B07MG94T5M
pca,10000,2304,-0.11216581,-0.06540616,5.0,B07DK1VQCH
pca,10000,2305,-0.20156823,-0.1747605,5.0,B07PQBQ6GC
pca,10000,2306,-0.16967246,-0.111654826,5.0,B0BJ7QMYBF
pca,10000,2307,-0.07759925,-0.107618056,4.0,B084HC99VY
pca,10000,2308,-0.30726376,-0.20694104,5.0,B082SW81WD
pca,10000,2309,-0.078836076,-0.06726516,5.0,B07RZPB86Z
pca,10000,2310,-0.16359997,-0.381509,5.0,B07FLH7VLQ
pca,10000,2311,-0.006965967,-0.31256598,5.0,B0BL6788GP
pca,10000,2312,-0.36096287,-0.08871315,5.0,B07PHWGWFS
pca,10000,2313,-0.12124452,0.137989,5.0,B07KJTXRKM
pca,10000,2314,-0.20830238,-0.040487625,5.0,B07PYHVH31
pca,10000,2315,-0.3788053,-0.14465642,3.0,B07MCSKB9P
pca,10000,2316,-0.16983064,-0.09560733,5.0,B07FDCDQMM
pca,10000,2317,-0.2767495,-0.3293885,5.0,B07K8XPS7J
pca,10000,2318,-0.3269484,-0.082581565,5.0,B07DF7NZCN
pca,10000,2319,-0.16652115,-0.35282424,4.0,B07G1LGS62
pca,10000,2320,-0.099794105,-0.15472123,5.0,B07GG424BQ
pca,10000,2321,-0.13642614,-0.12336174,5.0,B09MTNF6MX
pca,10000,2322,-0.13608587,0.12324666,4.0,B01FRP1ZHE
pca,10000,2323,-0.20336184,-0.0027753627,5.0,B07DDK15FN
pca,10000,2324,-0.37140548,-0.22739552,5.0,B07VHBC8VP
pca,10000,2325,-0.082968496,-0.15726757,5.0,B0C2V1QS15
pca,10000,2326,-0.3625321,-0.002561435,4.0,B07QFC584D
pca,10000,2327,-0.203691,0.32665524,5.0,B07FMYHX1F
pca,10000,2328,-0.070383646,0.056265764,5.0,B09ZMQWGCG
pca,10000,2329,-0.10626021,-0.13234647,4.0,B07B535G94
pca,10000,2330,-0.2883395,-0.17689623,5.0,B08V47HYBW
pca,10000,2331,-0.37713596,-0.14958291,5.0,B076F79LTS
pca,10000,2332,-0.19567019,-0.09338359,4.0,B0778PCW73
pca,10000,2333,-0.05371213,0.18409114,5.0,B079Y4MW5F
pca,10000,2334,-0.11487846,-0.21504027,4.0,B0C2V1WQ8F
pca,10000,2335,-0.04405723,-0.06097313,5.0,B077W1KN7V
pca,10000,2336,-0.1651884,-0.085164376,4.0,B06XJKWXC6
pca,10000,2337,-0.22294669,-0.16410545,4.0,B074JG8SPQ
pca,10000,2338,-0.21491306,-0.11445738,4.0,B0B11CLXY5
pca,10000,2339,-0.11007324,-0.17233476,4.0,B071YZ2WN7
pca,10000,2340,-0.45742288,-0.113069855,5.0,B072J2HGJR
pca,10000,2341,-0.056486115,0.21006194,5.0,B071X8QSZH
pca,10000,2342,0.017092908,-0.086161606,5.0,B07FKJCFWB
pca,10000,2343,-0.31647605,0.011591589,5.0,B01MQKG0L8
pca,10000,2344,-0.06769449,0.3157769,4.0,B01LZWQ0KV
pca,10000,2345,-0.35397625,-0.07276943,5.0,B01M2UVSHF
pca,10000,2346,-0.19828755,0.090023875,5.0,B07JMFQTC5
pca,10000,2347,-0.23654032,0.059014298,5.0,B01HETFQMQ
pca,10000,2348,-0.27358374,-0.18470377,3.0,B01DT4ODOM
pca,10000,2349,-0.062479526,0.46012807,4.0,B00VRLUTWA
pca,10000,2350,-0.04773774,-0.25758895,4.0,B01EO5A3RQ
pca,10000,2351,-0.1507058,0.00879224,5.0,B01BCWKBZI
pca,10000,2352,-0.26413152,-0.3013665,5.0,B01BWMX5BK
pca,10000,2353,-0.20745473,-0.23412876,4.0,B00K6L5EX6
pca,10000,2354,-0.12216906,-0.029687982,4.0,B00PVIBIN4
pca,10000,2355,-0.27150357,-0.30040628,5.0,B0B37YMFK2
pca,10000,2356,-0.27612597,-0.08509332,5.0,B079ZQT987
pca,10000,2357,-0.1034048,-0.20550232,4.0,B014D7XH64
pca,10000,2358,-0.092751786,0.124582045,5.0,B00UK0P9VU
pca,10000,2359,-0.18471223,0.24335974,3.0,B00OGKQAJU
pca,10000,2360,-0.26483193,0.043005146,3.0,B00S0CTU2Y
pca,10000,2361,-0.26675075,-0.20163812,4.0,B01A86LI6K
pca,10000,2362,0.036895514,0.2597485,5.0,B00MJKZEXC
pca,10000,2363,-0.050200395,-0.0208388,5.0,B00NJNFW1C
pca,10000,2364,0.07066225,0.18325241,5.0,B00FQ1NO9W
pca,10000,2365,-0.43773317,-0.24722865,5.0,B00KONCDVM
pca,10000,2366,-0.22909977,-0.27743173,5.0,B00I59VBH4
pca,10000,2367,-0.011705998,-0.33818433,4.0,B00BXKY9CQ
pca,10000,2368,-0.20612392,-0.13668011,4.0,B00EXPNGCM
pca,10000,2369,-0.13408802,-0.15462792,5.0,B00DVU9FNY
pca,10000,2370,-0.20102349,0.15706162,4.0,B00CPIF4G0
pca,10000,2371,-0.1500258,-0.058227383,5.0,B007KZQM9Q
pca,10000,2372,-0.2599875,-0.032127023,4.0,B001UAB4TU
pca,10000,2373,-0.14369094,-0.22642711,5.0,B07FCKYFRC
pca,10000,2374,-0.0079894215,0.051949307,5.0,B07GZL22ZQ
pca,10000,2375,-0.0025706738,0.14986822,4.0,B00S7IBOYS
pca,10000,2376,-0.044639103,0.027416443,4.0,B07F2YKPB3
pca,10000,2377,-0.27811316,-0.32306948,1.0,B0C338S8M7
pca,10000,2378,-0.32423866,-0.064074546,4.0,B00KWR8ME2
pca,10000,2379,0.049517997,-0.33251217,4.0,B00PLL0L2U
pca,10000,2380,-0.17258056,0.25565746,5.0,B07PSCZRB5
pca,10000,2381,-0.1036061,0.08725849,4.0,B0BHT8XX49
pca,10000,2382,-0.2519422,0.2700311,4.0,B085XS36F5
pca,10000,2383,-0.044814803,0.09771743,4.0,B07S1BDQ4P
pca,10000,2384,-0.10489723,0.3915621,4.0,B00N1X2UC4
pca,10000,2385,-0.11347626,-0.23784262,4.0,B007ILEHSA
pca,10000,2386,0.23578742,0.063426994,1.0,B018H3B280
pca,10000,2387,0.4686701,0.07588428,5.0,B00763W3M2
pca,10000,2388,0.23578742,0.063426994,1.0,B00OB0S8KE
pca,10000,2389,-0.008319443,0.12923713,5.0,B00FHL3F0E
pca,10000,2390,-0.12893069,-0.16440667,5.0,B07PHB491R
pca,10000,2391,0.028021967,0.14105779,5.0,B08GL4JSLK
pca,10000,2392,-0.043706257,0.18065757,5.0,B07T5SY43L
pca,10000,2393,0.19524431,0.04560461,5.0,B074KBWL9J
pca,10000,2394,-0.24340022,-0.33783033,1.0,B09674F2X6
pca,10000,2395,-0.06287567,-0.32815254,1.0,B09S9PX2GH
pca,10000,2396,-0.0072193444,-0.40700012,1.0,B07KTYJ769
pca,10000,2397,0.015350403,-0.10494756,5.0,B084T3RMQ6
pca,10000,2398,0.057660382,-0.41110167,5.0,B00RFLGH5E
pca,10000,2399,0.0139437225,-0.06787503,4.0,B00P7EVST6
pca,10000,2400,0.08161509,-0.25482783,5.0,B09BZGJCGD
pca,10000,2401,0.15577956,-0.3463745,1.0,B0022NHQ00
pca,10000,2402,-0.11166592,0.18257661,4.0,B002SBB0SU
pca,10000,2403,-0.17342469,0.26028565,5.0,B09MRC553G
pca,10000,2404,-0.19158399,0.18574035,5.0,B0B5B88GQW
pca,10000,2405,-0.15442619,0.11790731,4.0,B09X21S46V
pca,10000,2406,-0.36088622,-0.19693719,4.0,B07S764D9V
pca,10000,2407,0.048392583,-0.23351687,5.0,B0BTPBBL52
pca,10000,2408,-0.0014184993,-0.0019924212,4.0,B091BD9T1Z
pca,10000,2409,-0.094800994,-0.309308,2.0,B07MYSFW2G
pca,10000,2410,-0.2938977,-0.11288134,4.0,B01DXKPK3A
pca,10000,2411,-0.21918151,-0.05634048,4.0,B0189XYY0Q
pca,10000,2412,-0.14843364,0.31110293,5.0,B00Q6A1RLY
pca,10000,2413,-0.07274561,0.12334701,4.0,B00MHX6TIA
pca,10000,2414,-0.31454024,0.08455432,4.0,B00DVFLJKQ
pca,10000,2415,-0.008724464,-0.27002418,5.0,B002M3SHXA
pca,10000,2416,-0.14501925,-0.20942394,4.0,B0039NIRIW
pca,10000,2417,-0.0008010138,-0.29095238,5.0,B000HDJY7K
pca,10000,2418,-0.26541287,-0.14827326,5.0,B00005T3GH
pca,10000,2419,-0.1150123,-0.15117002,4.0,B0036WT3PW
pca,10000,2420,-0.13264507,-0.0598685,2.0,B000V2H136
pca,10000,2421,-0.031950645,-0.31078684,1.0,B00008SCFL
pca,10000,2422,-0.1067257,0.058069088,5.0,B000OSLLPG
pca,10000,2423,-0.28197968,-0.04838381,2.0,B00XJ5U76A
pca,10000,2424,-0.014772087,-0.15104592,4.0,B07V29CYF3
pca,10000,2425,0.053917248,-0.046504274,1.0,B0B3J5JC2S
pca,10000,2426,0.22170502,0.32410392,5.0,B07X349T36
pca,10000,2427,-0.04647766,0.18056944,5.0,B074D9L6SJ
pca,10000,2428,0.19374223,0.22745222,5.0,B07Y75XPQZ
pca,10000,2429,0.21808863,0.0052682627,5.0,B07QC4XL1V
pca,10000,2430,-0.2918254,-0.065038405,5.0,B07ZPC9QD4
pca,10000,2431,0.10352246,-0.06045168,5.0,B093V1K56G
pca,10000,2432,0.008357602,0.11253927,1.0,B01N7KFVOB
pca,10000,2433,-0.030413996,-0.09775075,5.0,B07C9C7N4G
pca,10000,2434,0.011199793,0.21705501,5.0,B0745BZ29C
pca,10000,2435,0.0036069425,-0.2950111,2.0,B07CZ2PZJM
pca,10000,2436,0.16702504,-0.1550512,5.0,B08XPWDSWW
pca,10000,2437,0.075068235,-0.13996772,1.0,B09FKBCYM3
pca,10000,2438,0.049385354,-0.14366242,5.0,B07G5C4YLY
pca,10000,2439,-0.09109299,-0.21371606,3.0,B08FYNN55Z
pca,10000,2440,0.031960502,-0.30712628,1.0,B08MY4R4PK
pca,10000,2441,0.037440937,-0.0065138703,1.0,B00WUWV1N6
pca,10000,2442,0.053260982,-0.038638413,4.0,B071FVHM19
pca,10000,2443,0.0069869384,0.06776945,5.0,B085SX3ZKZ
pca,10000,2444,0.30148828,-0.06626005,5.0,B07X8MSSRQ
pca,10000,2445,0.41138265,0.075995326,5.0,B01ENBNAWG
pca,10000,2446,0.21068728,0.06588782,5.0,B00E6GRHBO
pca,10000,2447,-0.17390426,-0.28385952,2.0,B0C6D2TBZ7
pca,10000,2448,-0.023908772,0.11732162,5.0,B07KB1FNK3
pca,10000,2449,0.18157303,-0.068351425,5.0,B0C6PGZ3MB
pca,10000,2450,-0.15513016,-0.090085804,2.0,B0C8TKRRJB
pca,10000,2451,-0.13126746,0.14403282,5.0,B07BSJCMGS
pca,10000,2452,-0.12629138,-0.16880327,5.0,B08TX43PBC
pca,10000,2453,-0.077413484,-0.20963788,5.0,B08WJSHSLC
pca,10000,2454,-0.01826271,0.3411982,5.0,B0987B3T53
pca,10000,2455,-0.11417438,0.41683215,5.0,B01MQPTTS6
pca,10000,2456,0.3076393,0.0382696,3.0,B07TS32GFV
pca,10000,2457,-0.10001641,-0.12079873,5.0,B07SMNZK8H
pca,10000,2458,-0.103198454,-0.04662087,5.0,B081B15L2D
pca,10000,2459,-0.029238943,0.07760541,4.0,B076WXJPQ1
pca,10000,2460,-0.011910716,0.050705,5.0,B08KZ1TZYB
pca,10000,2461,0.20686455,0.06037437,5.0,B07961C64Q
pca,10000,2462,0.007246957,-0.07488001,5.0,B0BNPL25Z9
pca,10000,2463,-0.063719146,-0.32836184,5.0,B00P28VN38
pca,10000,2464,-0.12625736,-0.28321502,5.0,B00GN76HAG
pca,10000,2465,0.11368408,-0.17765407,3.0,B076JDXPRG
pca,10000,2466,0.049750265,0.01597711,5.0,B06XGC4WKK
pca,10000,2467,0.1774091,-0.12147225,5.0,B07GZFM1ZM
pca,10000,2468,-0.1782075,-0.3678332,5.0,B07K59CQ3R
pca,10000,2469,-0.17875898,-0.34350324,5.0,B074S1P2MG
pca,10000,2470,-0.19174841,0.018948635,5.0,B072KQC4XY
pca,10000,2471,0.041069627,-0.020114418,5.0,B00KAMJ1JO
pca,10000,2472,-0.09846179,-0.050810672,5.0,B0C6PGZ3MB
pca,10000,2473,0.2326547,0.048437662,5.0,B075753TQ8
pca,10000,2474,0.37623623,0.05643686,5.0,B075X8471B
pca,10000,2475,0.021176215,0.36929694,5.0,B07F4P3JH7
pca,10000,2476,-0.0729438,0.06611602,5.0,B0C1FRBK4K
pca,10000,2477,0.038937386,-0.110603265,5.0,B00HJN524K
pca,10000,2478,-0.25431105,-0.2524452,4.0,B071WGSZ81
pca,10000,2479,-0.03872862,0.0345447,5.0,B000063Y71
pca,10000,2480,-0.19147009,0.09948579,5.0,B07837W5NX
pca,10000,2481,-0.06704607,-0.021271862,3.0,B003NR57BY
pca,10000,2482,-0.2428844,-0.13976242,5.0,B07H6X3YQN
pca,10000,2483,0.036449075,-0.1486706,5.0,B00N9DWGPC
pca,10000,2484,0.006934086,0.0028851954,4.0,B000063Y6S
pca,10000,2485,-0.03316078,-0.09561924,4.0,B00G97AJMW
pca,10000,2486,0.06490205,-0.29534888,2.0,B00XJ5CD58
pca,10000,2487,0.15501852,0.09114821,3.0,B00D68R31M
pca,10000,2488,0.014645068,0.11258731,5.0,B00GNHSXE4
pca,10000,2489,0.017318953,0.16188712,5.0,B00004UDQ1
pca,10000,2490,-0.004236875,-0.06037937,1.0,B00PFQPX5Q
pca,10000,2491,-0.108896956,0.13580269,5.0,B000165C10
pca,10000,2492,0.12411295,-0.044705734,5.0,B07QC4WTNC
pca,10000,2493,-0.15705214,-0.23781072,5.0,B09NBBT6T8
pca,10000,2494,0.022374257,0.17565358,5.0,B07TPLJ4HX
pca,10000,2495,0.103057794,-0.18423621,1.0,B09VYMTDF9
pca,10000,2496,-0.21347402,-0.043215804,5.0,B07K1DYGHM
pca,10000,2497,-0.07087188,-0.014442654,5.0,B08RLW7918
pca,10000,2498,-0.040746704,-0.24011739,5.0,B0BMQJYLQV
pca,10000,2499,-0.16028179,-0.33021846,4.0,B0001FTVEK
pca,10000,2500,0.04480847,-0.10449131,1.0,B005PPMF3U
pca,10000,2501,0.31492415,0.098504,5.0,B07VVXLXJM
pca,10000,2502,0.12972741,0.0720947,5.0,B07P374FF3
pca,10000,2503,0.050855376,0.18640202,5.0,B07P6YM5KH
pca,10000,2504,-0.08777971,0.0022956515,5.0,B002Y470G2
pca,10000,2505,-0.26176873,-0.33772382,5.0,B09PRC3WC5
pca,10000,2506,-0.09022201,0.04881504,5.0,B08Y8XW37R
pca,10000,2507,-0.3224419,-0.09294868,5.0,B0BXM18YDP
pca,10000,2508,0.044801492,-0.34680107,1.0,B09M8N7YML
pca,10000,2509,-0.027859125,-0.13105011,5.0,B07H4SS6DG
pca,10000,2510,0.24251595,-0.030812776,2.0,B019RC1EI8
pca,10000,2511,0.06722103,0.03244959,1.0,B07VM4W41Q
pca,10000,2512,0.07237296,-0.09614471,3.0,B00WETRG4I
pca,10000,2513,0.3444879,-0.20577812,1.0,B001MQ321U
pca,10000,2514,0.30756143,0.039627194,5.0,B0051V7XK8
pca,10000,2515,0.3366881,0.11477842,5.0,B0C6D2TBZ7
pca,10000,2516,0.1077146,-0.2310076,2.0,B07MG5Y5W9
pca,10000,2517,0.020768836,-0.23371616,4.0,B094MKQMZR
pca,10000,2518,-0.07595372,0.09314542,1.0,B0B58CRF1N
pca,10000,2519,-0.18823178,-0.053269826,2.0,B07Q2SJNZ5
pca,10000,2520,0.30088043,-0.08942253,2.0,B075X8471B
pca,10000,2521,-0.15929615,0.11427904,2.0,B01J94SWWU
pca,10000,2522,0.1942198,-0.041861176,5.0,B008I6ITME
pca,10000,2523,0.018932527,-0.21985619,5.0,B015SKPC8Q
pca,10000,2524,-0.18225773,-0.20803581,1.0,B01I1D2Q7W
pca,10000,2525,0.12728372,-0.05732955,1.0,B00RBW707G
pca,10000,2526,0.01935519,0.2438027,5.0,B06XNQ6BXC
pca,10000,2527,0.04952915,0.21976203,5.0,B07ZRGNMRJ
pca,10000,2528,0.22458407,0.12542833,4.0,B06VWK3L8N
pca,10000,2529,0.34495547,0.08663976,5.0,B01I6GE05A
pca,10000,2530,-0.10740347,-0.05716715,1.0,B01CGGW4NG
pca,10000,2531,0.013407875,-0.29778844,3.0,B01K8B8YA8
pca,10000,2532,0.2601929,0.29180393,1.0,B01E9X4L9O
pca,10000,2533,-0.15289442,-0.24663673,5.0,B00140DBRY
pca,10000,2534,0.030114613,-0.25175384,2.0,B01DA0YCNC
pca,10000,2535,-0.057749324,0.3229308,1.0,B073QFMPK1
pca,10000,2536,-0.09735141,-0.23839007,1.0,B00WUCSWDI
pca,10000,2537,0.056955375,-0.29674563,1.0,B00488M4TU
pca,10000,2538,-0.19879748,0.07124463,2.0,B0032ALZIQ
pca,10000,2539,0.014609292,-0.030822514,1.0,B0034NGZWM
pca,10000,2540,0.5327408,0.05774656,5.0,B09B52572Z
pca,10000,2541,0.135016,0.13305527,5.0,B08KZZCGGG
pca,10000,2542,0.23656468,0.0952984,5.0,B08JD7FN44
pca,10000,2543,0.45280433,0.096390024,5.0,B098744XH6
pca,10000,2544,0.45280433,0.096390024,5.0,B09BPWCXMS
pca,10000,2545,0.17311576,0.1313761,5.0,B09NWZY4XF
pca,10000,2546,0.45280433,0.096390024,5.0,B07Y887RM3
pca,10000,2547,0.45280433,0.096390024,5.0,B086VR9J8Q
pca,10000,2548,0.45280433,0.096390024,5.0,B09JKSVK9L
pca,10000,2549,0.45280433,0.096390024,5.0,B09CM12QBL
pca,10000,2550,0.45280433,0.096390024,5.0,B09H7DTXKT
pca,10000,2551,0.45280433,0.096390024,5.0,B09G2W5GGF
pca,10000,2552,0.45280433,0.096390024,5.0,B07K7BBRTQ
pca,10000,2553,0.45280433,0.096390024,5.0,B07D77BLWK
pca,10000,2554,0.45280433,0.096390024,5.0,B07C78TJMZ
pca,10000,2555,0.45280433,0.096390024,5.0,B07S764D9V
pca,10000,2556,0.45280433,0.096390024,5.0,B07PBZ1P2N
pca,10000,2557,0.45280433,0.096390024,5.0,B07CH42JNS
pca,10000,2558,0.45280433,0.096390024,5.0,B01LXJFMGF
pca,10000,2559,0.45280433,0.096390024,5.0,B071R715MZ
pca,10000,2560,0.45280433,0.096390024,5.0,B01D5H8N8K
pca,10000,2561,0.45280433,0.096390024,5.0,B07JGHZ45W
pca,10000,2562,0.45280433,0.096390024,5.0,B017MVKO82
pca,10000,2563,0.45280433,0.096390024,5.0,B09T918243
pca,10000,2564,0.45280433,0.096390024,5.0,B09HLGPB3D
pca,10000,2565,0.45280433,0.096390024,5.0,B01MDNQXMV
pca,10000,2566,0.45280433,0.096390024,5.0,B07F9WZSP9
pca,10000,2567,0.45280433,0.096390024,5.0,B07QF6RKYH
pca,10000,2568,0.45280433,0.096390024,5.0,B09S6QPQFS
pca,10000,2569,0.45280433,0.096390024,5.0,B00NVKHLP8
pca,10000,2570,0.45280433,0.096390024,5.0,B07FPLCZSL
pca,10000,2571,0.45280433,0.096390024,5.0,B08TY4HJ8L
pca,10000,2572,0.45280433,0.096390024,5.0,B0713VGCJX
pca,10000,2573,0.45280433,0.096390024,5.0,B09QZPKYCW
pca,10000,2574,0.45280433,0.096390024,5.0,B07W1JV6YM
pca,10000,2575,0.45280433,0.096390024,5.0,B08M8Y6473
pca,10000,2576,0.45280433,0.096390024,5.0,B07DVF9LKG
pca,10000,2577,0.45280433,0.096390024,5.0,B00JX8Y2HM
pca,10000,2578,0.45280433,0.096390024,5.0,B00M0T1WTM
pca,10000,2579,0.45280433,0.096390024,5.0,B07BVZJP4J
pca,10000,2580,0.45280433,0.096390024,5.0,B073W74WR8
pca,10000,2581,0.45280433,0.096390024,5.0,B0BZJGGX2T
pca,10000,2582,0.45280433,0.096390024,5.0,B09Y1PSVTB
pca,10000,2583,0.45280433,0.096390024,5.0,B00XZ6AMA4
pca,10000,2584,0.45280433,0.096390024,5.0,B01G8JO5F2
pca,10000,2585,-0.0076567642,-0.029139224,5.0,B075NCMLYL
pca,10000,2586,0.45280433,0.096390024,5.0,B08XPWDSWW
pca,10000,2587,0.45280433,0.096390024,5.0,B01985CJUG
pca,10000,2588,0.45280433,0.096390024,5.0,B01N1H6MS0
pca,10000,2589,0.45280433,0.096390024,5.0,B00TQYC9PA
pca,10000,2590,0.45280433,0.096390024,5.0,B00XJPY07M
pca,10000,2591,0.45280433,0.096390024,5.0,B000Q8UAWY
pca,10000,2592,0.45280433,0.096390024,5.0,B07YFD37SF
pca,10000,2593,0.45280433,0.096390024,5.0,B004XUNW26
pca,10000,2594,0.45280433,0.096390024,5.0,B005MTXM3Q
pca,10000,2595,0.45280433,0.096390024,5.0,B000WKPHHO
pca,10000,2596,0.31704634,-0.013154445,5.0,B00XHWBDYU
pca,10000,2597,0.45280433,0.096390024,5.0,B0B3XNLPYC
pca,10000,2598,-0.20205434,-0.22214834,5.0,B07QLN5ZWR
pca,10000,2599,-0.04634013,-0.03092819,5.0,B0812DKDD9
pca,10000,2600,0.45280433,0.096390024,5.0,B0BGNG1294
pca,10000,2601,-0.24269962,0.21145572,1.0,B0873727DF
pca,10000,2602,0.45852882,0.020381792,5.0,B07P61P5NZ
pca,10000,2603,0.45852882,0.020381792,5.0,B07P6YRR6J
pca,10000,2604,0.45852882,0.020381792,5.0,B07Q38S8HD
pca,10000,2605,0.45852846,0.020381765,5.0,B07PBD7RDM
pca,10000,2606,-0.18584508,-0.076078124,5.0,B0B1HR8JSR
pca,10000,2607,-0.027969614,0.14563936,4.0,B0C6FJFRJG
pca,10000,2608,-0.056036882,0.36491916,5.0,B07KG7BLFD
pca,10000,2609,0.45852882,0.020381792,5.0,B0B2K24RQT
pca,10000,2610,0.45852882,0.020381792,5.0,B0C33Y9Q9L
pca,10000,2611,0.48398262,0.11371871,5.0,B07ZCVRSCG
pca,10000,2612,0.48398262,0.11371871,5.0,B07JL18G1D
pca,10000,2613,0.48398262,0.11371871,5.0,B0BVBDXFHM
pca,10000,2614,0.48398262,0.11371871,5.0,B09LRLD1Z3
pca,10000,2615,0.48398262,0.11371871,5.0,B0BB6RBYJ6
pca,10000,2616,0.48398262,0.11371871,5.0,B08MXVP2CL
pca,10000,2617,0.48398262,0.11371871,5.0,B00FOSEUIQ
pca,10000,2618,0.48398262,0.11371871,5.0,B07G8BR51Z
pca,10000,2619,0.05910257,-0.0029054843,5.0,B07PXGQC1Q
pca,10000,2620,0.45852846,0.020381765,5.0,B0BZDWGL19
pca,10000,2621,0.2281732,0.12176681,5.0,B0B4SWZTZ1
pca,10000,2622,0.45852882,0.020381792,5.0,B07T6GWDGR
pca,10000,2623,0.45852846,0.020381765,5.0,B07VZVL6GK
pca,10000,2624,-0.047422774,-0.016777195,4.0,B0C3GDKZQT
pca,10000,2625,0.45852882,0.020381792,5.0,B096NQ56RD
pca,10000,2626,0.45852882,0.020381792,5.0,B0839511NG
pca,10000,2627,0.29862168,-0.1720005,5.0,B07SHFPD8S
pca,10000,2628,-0.10919596,0.13545083,5.0,B01GKQ2RHQ
pca,10000,2629,0.0032076137,-0.1365101,5.0,B00U1PPWDO
pca,10000,2630,-0.17843792,-0.05636333,4.0,B00JHPLUMQ
pca,10000,2631,-0.14371361,-0.028511632,5.0,B00GG835JI
pca,10000,2632,-0.054309875,0.0042510293,5.0,B0BS6KLLT1
pca,10000,2633,-0.19078681,-0.036679007,5.0,B00T7W84FA
pca,10000,2634,0.05747377,-0.07824254,5.0,B07JVSC152
pca,10000,2635,-0.06639174,-0.14732014,5.0,B001TH7GUK
pca,10000,2636,-0.31874472,-0.29590324,5.0,B000066R6M
pca,10000,2637,-0.015469715,0.120181166,4.0,B004YZZPZW
pca,10000,2638,-0.2467809,0.4701534,4.0,B005KDY8AU
pca,10000,2639,-0.20793757,0.07988613,5.0,B005890G8Y
pca,10000,2640,0.3647574,-0.1551114,5.0,B016PMVM7Q
pca,10000,2641,0.04779308,-0.008683139,5.0,B07KML89F3
pca,10000,2642,-0.23890477,0.28093934,5.0,B00AHU2QH8
pca,10000,2643,-0.088090435,-0.030229319,1.0,B00BYHTK5Y
pca,10000,2644,-0.017986909,0.20020689,2.0,B00902SFC4
pca,10000,2645,-0.14618653,-0.3580274,5.0,B007B5ZKGG
pca,10000,2646,0.071821295,-0.16557664,1.0,B004NIG13U
pca,10000,2647,0.13363796,0.095834196,5.0,B09L1PGZPQ
pca,10000,2648,-0.030957889,-0.2322514,5.0,B0719SNR5N
pca,10000,2649,0.2517047,0.17412244,5.0,B07TQT6H2P
pca,10000,2650,0.23270585,-0.07627874,4.0,B08ZF2Z7Y1
pca,10000,2651,0.30944017,0.06282713,5.0,B01M5HQMMJ
pca,10000,2652,0.49534914,0.014518665,5.0,B094V7S7D7
pca,10000,2653,-0.039231163,-0.18041508,5.0,B09Q5BNT76
pca,10000,2654,-0.001259001,-0.18540058,4.0,B076DWW62Z
pca,10000,2655,0.10138044,-0.25916567,5.0,B08GMC5NM5
pca,10000,2656,0.01575439,0.23404424,5.0,B07HRFLB6Y
pca,10000,2657,0.15160002,-0.071684435,5.0,B07Q44XSYX
pca,10000,2658,0.20191534,0.027019655,5.0,B07D18BQ9S
pca,10000,2659,0.44126815,0.005155053,5.0,B073S39FM8
pca,10000,2660,0.3462136,-0.10166459,5.0,B01H7EK9WK
pca,10000,2661,0.10511651,-0.43431786,5.0,B00UVN20YA
pca,10000,2662,0.07483474,0.05782201,5.0,B0195A5THO
pca,10000,2663,-0.018934283,-0.29644206,5.0,B01AQB0Y1C
pca,10000,2664,0.27042362,0.15027268,5.0,B017IM9K26
pca,10000,2665,0.11248619,-0.05870951,5.0,B07VXXBTX4
pca,10000,2666,-0.09515025,0.50615686,5.0,B08HGHSZ8N
pca,10000,2667,0.21634907,-0.17050686,5.0,B07NJQTTXK
pca,10000,2668,-0.1287901,-0.24398777,5.0,B07SNBHTKD
pca,10000,2669,0.35741526,-0.11683465,5.0,B0BDF98BNH
pca,10000,2670,-0.16836578,-0.15979715,5.0,B01JPDTZXK
pca,10000,2671,0.07376863,0.30892208,4.0,B01HVHIZFG
pca,10000,2672,0.3553599,0.1015527,5.0,B07B3JZ2M6
pca,10000,2673,-0.12010828,0.4212479,3.0,B00JUNH8H6
pca,10000,2674,-0.19823036,0.45115203,1.0,B00DULMXTW
pca,10000,2675,0.015794983,-0.39086202,1.0,B09G3MBH6V
pca,10000,2676,0.0684963,-0.0052456683,4.0,B07N8VFFNS
pca,10000,2677,0.11202671,-0.01475939,5.0,B07KXX9168
pca,10000,2678,0.0016657785,-0.08826744,5.0,B09QL59Q12
pca,10000,2679,0.2900307,0.121532194,5.0,B00MVJYK6S
pca,10000,2680,-0.0665327,-0.02099868,4.0,B00FPG7WX2
pca,10000,2681,0.0909119,0.15825552,5.0,B00D38XF6M
pca,10000,2682,-0.040475704,-0.085522205,4.0,B08F1P3BCC
pca,10000,2683,0.21660218,-0.018442787,5.0,B000YC8NYY
pca,10000,2684,-0.024714168,-0.09166359,5.0,B086LL8V2G
pca,10000,2685,-0.03072615,0.070649885,4.0,B07M5WCCLH
pca,10000,2686,0.07279193,-0.11587471,5.0,B01KBQ6GQ4
pca,10000,2687,-0.22557077,-0.26841092,1.0,B0CC4HBS85
pca,10000,2688,0.14720283,0.21995316,5.0,B08C2P9RTY
pca,10000,2689,-0.009861631,-0.056960084,2.0,B0BXRJKJDZ
pca,10000,2690,-0.0404521,0.0044399723,5.0,B0071369KE
pca,10000,2691,-0.22322266,-0.1863799,5.0,B0B37TV4WJ
pca,10000,2692,0.104228415,0.049755007,5.0,B07HZLHPKP
pca,10000,2693,0.33050665,0.07487793,5.0,B071L978GM
pca,10000,2694,0.25712538,0.0750591,5.0,B001B077PO
pca,10000,2695,0.25712538,0.0750591,5.0,B077Q9DVXJ
pca,10000,2696,0.31726015,-0.022362392,5.0,B001MXQRN8
pca,10000,2697,0.25712538,0.0750591,5.0,B01AUR77FI
pca,10000,2698,0.38895324,0.14808941,5.0,B000001OM5
pca,10000,2699,0.040523134,-0.16943339,5.0,B07MHTZQ2V
pca,10000,2700,0.08267471,-0.18338601,5.0,B07SKFQQ48
pca,10000,2701,0.15927294,-0.016548503,2.0,B0C3GLMP8K
pca,10000,2702,0.0029148087,0.3931013,5.0,B07Y89KHBJ
pca,10000,2703,0.37912974,0.12971473,5.0,B07Z3BKFQW
pca,10000,2704,-0.043132234,-0.11764507,4.0,B0CCRNKX6X
pca,10000,2705,0.1641354,0.114838175,5.0,B09KWWZ67B
pca,10000,2706,-0.13927855,0.29750076,5.0,B08PZ94XG9
pca,10000,2707,0.12284117,0.19219989,5.0,B09HJZPSFC
pca,10000,2708,0.12257831,0.21518874,2.0,B0B9N65HF4
pca,10000,2709,0.36912167,0.05544679,5.0,B07QPTYSPP
pca,10000,2710,0.1451956,0.044061325,5.0,B0791TX5P5
pca,10000,2711,-0.062549815,-0.31654042,4.0,B085DXH843
pca,10000,2712,0.22237578,-0.16712084,5.0,B07P5GCV4R
pca,10000,2713,-0.31037742,-0.10250746,5.0,B0BGS23YKX
pca,10000,2714,0.010346253,-0.22880861,4.0,B094XQ4HKT
pca,10000,2715,0.1430888,-0.048982255,5.0,B0018MEZK0
pca,10000,2716,0.15729958,-0.0632376,2.0,B001TOD7MO
pca,10000,2717,0.16015427,-0.07065534,5.0,B00KALCGUG
pca,10000,2718,0.14386187,0.03287851,5.0,B000F6MOQM
pca,10000,2719,0.17007522,0.045588166,5.0,B00KFNMHQ2
pca,10000,2720,0.17184217,0.058987938,4.0,B00CHCGRH4
pca,10000,2721,0.19207734,-0.031873226,4.0,B008I640QS
pca,10000,2722,-0.17161326,-0.11146302,2.0,B004MCJBJI
pca,10000,2723,0.058172345,0.010444095,5.0,B001BXS4LW
pca,10000,2724,0.3161018,-0.043709535,5.0,B000QKKAOU
pca,10000,2725,0.17763402,-0.07306827,5.0,B094QJN15X
pca,10000,2726,-0.13574746,0.14190823,5.0,B09R9133PG
pca,10000,2727,-0.08152258,-0.0785456,1.0,B09QLYHV6F
pca,10000,2728,0.033712044,0.1887687,4.0,B086Q4XT9Q
pca,10000,2729,0.019978803,0.04176455,2.0,B003WGJYCY
pca,10000,2730,0.044086233,0.10683983,5.0,B07JBTD7NG
pca,10000,2731,-0.024280902,0.3786586,5.0,B088ZD69V9
pca,10000,2732,0.21015146,-0.1305607,5.0,B0002J1WTC
pca,10000,2733,0.12941176,-0.04859961,5.0,B01MQVXHUM
pca,10000,2734,-0.18872729,0.5084506,4.0,B07CKP2CKV
pca,10000,2735,0.047679424,0.08176418,5.0,B0046RDQGS
pca,10000,2736,-0.11904566,0.40612426,3.0,B006OU6IBA
pca,10000,2737,-0.10921495,0.016733358,5.0,B083P6GZXR
pca,10000,2738,0.1903582,0.02718999,5.0,B07GZFM1ZM
pca,10000,2739,0.2359089,-0.0021120068,5.0,B0791TX5P5
pca,10000,2740,0.31999877,0.1034493,5.0,B07VRPLTL3
pca,10000,2741,-0.30488718,0.2969118,5.0,B00FB50SBU
pca,10000,2742,0.54398817,-0.13984656,4.0,B0BDH3VXRQ
pca,10000,2743,0.19834167,-0.1500869,5.0,B07FKYHTWP
pca,10000,2744,0.023547856,0.098169565,5.0,B07N8VFFNS
pca,10000,2745,0.35570726,-0.12995091,5.0,B00N5828GS
pca,10000,2746,0.17413774,-0.032262273,4.0,B01J94SWWU
pca,10000,2747,0.3049685,0.06501844,5.0,B007T356BO
pca,10000,2748,-0.09795889,-0.035409324,5.0,B01J2G4VBG
pca,10000,2749,0.2360461,0.14969169,5.0,B00OQVZDJM
pca,10000,2750,-0.17937493,0.03400018,4.0,B0BZVGQ1M3
pca,10000,2751,-0.19472252,0.19836827,3.0,B00Z7Y7WRI
pca,10000,2752,-0.02285276,0.057917118,3.0,B001P05OFU
pca,10000,2753,-0.03037459,0.30320188,3.0,B07ZPPZYTS
pca,10000,2754,-0.21933734,-0.34861258,5.0,B08XPWDSWW
pca,10000,2755,-0.0657656,0.34419334,5.0,B071R4R5B8
pca,10000,2756,0.2631727,-0.21587984,1.0,B0BZJZKYST
pca,10000,2757,-0.19958976,0.47583783,2.0,B0919SHYMH
pca,10000,2758,0.05964853,0.34768423,3.0,B07QYL62CZ
pca,10000,2759,-0.22292659,0.23165524,5.0,B0051VVOB2
pca,10000,2760,0.18703368,-0.21175656,1.0,B09XYMSZLL
pca,10000,2761,-0.014922094,-0.025210667,1.0,B00NH13YHK
pca,10000,2762,-0.17338604,-0.17070605,5.0,B002RB3DUE
pca,10000,2763,-0.20011322,-0.12246788,5.0,B000GKD5PQ
pca,10000,2764,-0.14087269,0.036077157,5.0,B087Z5WDJ2
pca,10000,2765,-0.08473039,-0.034328405,5.0,B08H1VGMCT
pca,10000,2766,0.026623514,-0.006017873,2.0,B0BCFFR6TD
pca,10000,2767,0.032855,-0.073281944,5.0,B09277SKTV
pca,10000,2768,-0.30840808,-0.0111988075,5.0,B003NR57BY
pca,10000,2769,-0.05088125,0.17865066,5.0,B00009R8WQ
pca,10000,2770,0.017333552,-0.08849705,2.0,B09VS4V18K
pca,10000,2771,-0.15239161,-0.35828182,5.0,B07V48GCZ7
pca,10000,2772,-0.16882728,-0.038255617,5.0,B07GSQR6D4
pca,10000,2773,0.021310832,-0.07610075,5.0,B004WEP94C
pca,10000,2774,-0.0410802,-0.23220532,5.0,B074F246M9
pca,10000,2775,-0.044339,0.0032776594,5.0,B00LZSA736
pca,10000,2776,-0.14654271,-0.31736714,1.0,B08ZDF3WT3
pca,10000,2777,-0.24303892,-0.30151698,5.0,B01C6ESQM6
pca,10000,2778,0.072062045,0.0072945766,2.0,B0C5LYQL9L
pca,10000,2779,-0.011500588,-0.1079338,5.0,B015YEI8JG
pca,10000,2780,0.047602482,-0.020404583,5.0,B01NC0XJQW
pca,10000,2781,-0.03406315,-0.0066590984,5.0,B00G6E6YVI
pca,10000,2782,-0.09135609,0.3127825,5.0,B00J63LFTW
pca,10000,2783,-0.08622647,-0.12510659,5.0,B003O3E588
pca,10000,2784,-0.113113,-0.340824,5.0,B06XYGK2NZ
pca,10000,2785,-0.3441101,-0.29481176,2.0,B014W3EJA2
pca,10000,2786,0.14897498,-0.16750433,5.0,B00E5TQ3OY
pca,10000,2787,-0.15726669,0.09805455,5.0,B00KT7DOSE
pca,10000,2788,-0.09387038,0.032629892,5.0,B018AX3OHO
pca,10000,2789,-0.104342155,0.27624243,4.0,B0792GSLTF
pca,10000,2790,-0.09796183,0.058994584,4.0,B0083UXMFO
pca,10000,2791,-0.061817855,-0.2762258,3.0,B005JBWX46
pca,10000,2792,-0.03777721,-0.3150606,5.0,B00108UNEY
pca,10000,2793,-0.2265401,0.07349612,5.0,B003NR57BY
pca,10000,2794,-0.1778312,0.11629482,4.0,B00BCHHZGW
pca,10000,2795,-0.049063206,-0.14148596,4.0,B07BN3MLNR
pca,10000,2796,0.15628628,-0.23815484,2.0,B005DIBHCE
pca,10000,2797,-0.35160652,-0.11202311,5.0,B07CQMZVZ6
pca,10000,2798,-0.20982432,-0.08547942,5.0,B07D1XGQHJ
pca,10000,2799,-0.24487922,-0.2428985,5.0,B0019EHU8G
pca,10000,2800,0.06943805,-0.014462543,5.0,B0051E3BYM
pca,10000,2801,-0.049643315,0.0079495255,4.0,B00DI12GSM
pca,10000,2802,-0.11166829,0.25419253,5.0,B004I1J80K
pca,10000,2803,-0.00073168054,-0.116449706,5.0,B000N815XU
pca,10000,2804,0.013748548,0.13369584,5.0,B0B2KFXVGS
pca,10000,2805,-0.22007386,0.05437365,5.0,B01F9RGWF0
pca,10000,2806,-0.061067574,-0.1236459,5.0,B07CHJ1SLT
pca,10000,2807,0.026983337,0.20366709,2.0,B01MTYGQ11
pca,10000,2808,0.14793943,-0.06903652,5.0,B08BDRBYHC
pca,10000,2809,0.23736088,-0.031817935,5.0,B0C5YKWC5N
pca,10000,2810,0.20405935,0.22870705,5.0,B08D8KG472
pca,10000,2811,0.3566903,0.056447044,5.0,B07Q39HCK1
pca,10000,2812,-0.23819607,-0.06249723,5.0,B09WWG19YS
pca,10000,2813,-0.03813816,-0.017443523,5.0,B009AEYBYI
pca,10000,2814,-0.027601078,0.33346003,5.0,B01E3TOP5Y
pca,10000,2815,-0.008242892,-0.16717131,5.0,B07K7GQTSB
pca,10000,2816,-0.054225408,0.12003031,5.0,B08XYKH44H
pca,10000,2817,0.020515185,-0.08925907,5.0,B01M4NU4OM
pca,10000,2818,0.06989989,0.019284619,5.0,B00EO96W2I
pca,10000,2819,0.29486075,-0.23791806,5.0,B00SO25G0K
pca,10000,2820,0.14080988,0.06613759,5.0,B07GRWNQ4M
pca,10000,2821,0.022363314,0.13297921,3.0,B08Y85SYG4
pca,10000,2822,0.004439325,-0.2808347,5.0,B00QUG4XL0
pca,10000,2823,0.28759575,0.029635893,5.0,B07P374FF3
pca,10000,2824,-0.17453916,0.41342777,5.0,B07YZ7SQKL
pca,10000,2825,0.042927198,-0.38699272,5.0,B08F9ZCTCL
pca,10000,2826,-0.31690323,-0.14597519,3.0,B0BL78QGLK
pca,10000,2827,-0.16617149,-0.14970045,5.0,B07NXDPLJ9
pca,10000,2828,-0.13384682,0.40809658,5.0,B07TVWZM5B
pca,10000,2829,-0.07445365,-0.057494134,3.0,B07Q5R22DV
pca,10000,2830,-0.37237418,-0.06029202,5.0,B089B4CFSC
pca,10000,2831,-0.23459387,-0.17970172,4.0,B09JQMJHXY
pca,10000,2832,0.13391845,0.17201951,5.0,B09KXJBNGN
pca,10000,2833,-0.19678402,-0.16833906,5.0,B0BJQ8TH85
pca,10000,2834,-0.060861096,0.03334874,5.0,B01N5XPZ49
pca,10000,2835,-0.091817506,-0.3877368,2.0,B07X3WB7D8
pca,10000,2836,0.20528047,-0.023463637,5.0,B07ZZVX1F2
pca,10000,2837,-0.337998,-0.15287837,5.0,B08K2S5B88
pca,10000,2838,0.40635788,-0.26821962,4.0,B005EVDRZA
pca,10000,2839,0.4686701,0.07588428,4.0,B08ZSBSJHY
pca,10000,2840,0.009775374,-0.019249208,3.0,B005GYK6MW
pca,10000,2841,0.079318255,-0.010196744,5.0,B07YZPVQXT
pca,10000,2842,-0.18953694,0.030279277,5.0,B09BYXSPTP
pca,10000,2843,0.2235517,-0.06663631,5.0,B0BJPV4RXY
pca,10000,2844,0.0872247,-0.12570313,1.0,B07CTX3KWG
pca,10000,2845,-0.3352588,-0.1968399,5.0,B09F3RBZB6
pca,10000,2846,-0.071059875,-0.027156428,5.0,B09Q7YPZPJ
pca,10000,2847,0.051201828,-0.026773117,5.0,B08RLW7918
pca,10000,2848,0.04932729,0.03581643,4.0,B0BL3B12HK
pca,10000,2849,0.15199634,0.20841688,1.0,B00DR0BOSC
pca,10000,2850,0.14920929,0.07976797,5.0,B09TZKM847
pca,10000,2851,-0.21105996,0.47169262,3.0,B071XCBTY9
pca,10000,2852,-0.2605747,-0.047245607,3.0,B00FGUSHSQ
pca,10000,2853,0.06941226,-0.051342934,1.0,B07324B77V
pca,10000,2854,0.14890823,0.1078235,5.0,B08GKLM5T1
pca,10000,2855,0.055444963,-0.2481289,3.0,B083Y4S579
pca,10000,2856,-0.13461024,0.0023567406,5.0,B0BPHRQH8B
pca,10000,2857,0.1923368,0.17143811,5.0,B09SKP8XQN
pca,10000,2858,-0.11042152,0.35736108,5.0,B09WDCQ4TG
pca,10000,2859,-0.12850897,0.35992107,4.0,B0B99KN5PN
pca,10000,2860,-0.108357295,0.044255316,3.0,B08TRLHMGV
pca,10000,2861,-0.17009361,0.43636397,5.0,B07X6SKXQG
pca,10000,2862,0.034875996,0.013597509,5.0,B01BL7C5R6
pca,10000,2863,0.11597855,-0.28084475,5.0,B082M34LGX
pca,10000,2864,-0.062179312,-0.06521465,5.0,B01DZZM7KM
pca,10000,2865,-0.15648453,-0.15543637,5.0,B0792K2BK6
pca,10000,2866,-0.06290838,-0.1837969,5.0,B07GZFM1ZM
pca,10000,2867,0.5327408,0.05774656,5.0,B00CX5P8FC
pca,10000,2868,0.04521693,-0.29740003,5.0,B007JPCL88
pca,10000,2869,0.10037257,0.18154627,4.0,B009XE050O
pca,10000,2870,0.21443203,0.14313954,3.0,B073R6HLFL
pca,10000,2871,0.002918004,-0.15927804,5.0,B004TU5MCS
pca,10000,2872,0.13184321,-0.051945716,5.0,B07ZQHT7YJ
pca,10000,2873,0.4442919,-0.086566545,5.0,B08KRC18S8
pca,10000,2874,0.048051268,-0.14326333,5.0,B06XCBK7WB
pca,10000,2875,0.04417891,0.024384981,5.0,B01B6FBG0K
pca,10000,2876,-0.15552647,-0.053544663,1.0,B01M3ULMWP
pca,10000,2877,-0.19625154,0.43641064,5.0,B07YXTTD61
pca,10000,2878,0.37427926,0.08505596,5.0,B07W36WN5X
pca,10000,2879,0.32467917,0.040139653,5.0,B08GZ7N6M6
pca,10000,2880,0.07209736,-0.20106652,5.0,B07KQ2TLXF
pca,10000,2881,-0.03854653,0.19501698,1.0,B0B6D5X24N
pca,10000,2882,0.23033413,-0.3181791,1.0,B094G3PS2W
pca,10000,2883,-0.23295349,0.22428343,4.0,B0C65PM6LG
pca,10000,2884,-0.17349151,-0.023794483,4.0,B077C6VSS1
pca,10000,2885,-0.11585337,-0.010994457,5.0,B00XWIX5MW
pca,10000,2886,-0.20002906,0.1912212,4.0,B00G8MMQI8
pca,10000,2887,-0.15236536,0.23183858,2.0,B001E25JMM
pca,10000,2888,0.38759956,0.18253091,5.0,B06XF6BJ3L
pca,10000,2889,0.25685576,0.24465272,5.0,B07NP2DPP7
pca,10000,2890,0.19376726,0.11538213,5.0,B06XKF5CM9
pca,10000,2891,0.028891137,-0.056439094,3.0,B00YLM3WB2
pca,10000,2892,-0.0025958903,0.01140634,2.0,B00821B9B8
pca,10000,2893,0.15609848,-0.014668101,5.0,B01HZ7FJ0G
pca,10000,2894,-0.2766433,0.5201251,5.0,B09JSS2WYC
pca,10000,2895,-0.13921809,-0.09977123,5.0,B094YFRL85
pca,10000,2896,-0.08066204,-0.25594348,3.0,B084PCDJT5
pca,10000,2897,-0.30877855,-0.015869837,5.0,B01HB18J0I
pca,10000,2898,-0.25478068,-0.1793969,3.0,B01C423L5M
pca,10000,2899,0.06045846,-0.043264396,5.0,B0110RZ0A6
pca,10000,2900,0.047363393,0.18498336,3.0,B001F42MKG
pca,10000,2901,-0.11660656,0.18285331,3.0,B00A3EIHQC
pca,10000,2902,-0.10810934,0.27204895,5.0,B07KX1668K
pca,10000,2903,-0.026477482,0.038505413,3.0,B01HUMI33Q
pca,10000,2904,-0.2738572,0.46978056,3.0,B01GC6MOOA
pca,10000,2905,-0.111017495,0.11217973,3.0,B07KS9K73R
pca,10000,2906,-0.02365734,-0.1430022,2.0,B001TUYTWA
pca,10000,2907,-0.030853197,0.36320028,5.0,B01LXL7BUI
pca,10000,2908,-0.0725614,0.047211803,1.0,B0C9DBV55F
pca,10000,2909,-0.121672586,-0.28221834,1.0,B076JL8YH3
pca,10000,2910,-0.17767394,-0.13125171,4.0,B094Z5DQJ5
pca,10000,2911,-0.20466128,-0.14293566,4.0,B0BWYJDBYQ
pca,10000,2912,0.04235752,-0.2518851,3.0,B01CW4AR9K
pca,10000,2913,0.1026581,-0.04823704,5.0,B01LXG2LJQ
pca,10000,2914,0.4686701,0.07588428,5.0,B079SCW1X8
pca,10000,2915,0.098351635,-0.22217968,1.0,B0864SF4GC
pca,10000,2916,-0.05992374,-0.14400224,1.0,B0B39F2QC6
pca,10000,2917,0.08018933,-0.014346491,1.0,B07QC4WTNC
pca,10000,2918,0.13634267,-0.12617493,1.0,B07RQ3SWKY
pca,10000,2919,-0.15093729,-0.14666522,1.0,B0BTT1Z16D
pca,10000,2920,-0.20786932,-0.069325924,1.0,B08XPWDSWW
pca,10000,2921,0.34348702,0.057571836,5.0,B08ZXR6BB2
pca,10000,2922,0.056455124,-0.2315942,1.0,B07W14ZBWP
pca,10000,2923,0.02693202,-0.0733334,1.0,B07Y84NDYQ
pca,10000,2924,0.23855409,-0.17522654,1.0,B073HR91MX
pca,10000,2925,0.24673913,0.017375698,1.0,B01MZG8DHI
pca,10000,2926,0.24584407,0.05746176,1.0,B07RN77YL6
pca,10000,2927,0.25978696,-0.14144807,1.0,B07SKFQQ48
pca,10000,2928,0.0051106233,-0.11750329,5.0,B07S8NFZCX
pca,10000,2929,0.036518805,-0.34832713,1.0,B07GZFM1ZM
pca,10000,2930,0.05574873,-0.16097407,1.0,B07456BG8N
pca,10000,2931,-0.058695026,0.12437124,1.0,B01MTOSEFH
pca,10000,2932,0.14923589,-0.06890458,1.0,B010UR6JUM
pca,10000,2933,-0.034571428,-0.23959933,1.0,B01KSTSV76
pca,10000,2934,0.18850122,-0.1172078,1.0,B00KOHS6UK
pca,10000,2935,0.07115139,0.12737004,1.0,B00B0ZAPK4
pca,10000,2936,0.09368532,-0.03611907,1.0,B0105UYPJ6
pca,10000,2937,-0.008695383,0.48264706,2.0,B07GK3LQVC
pca,10000,2938,0.055887535,-0.25862265,1.0,B00MI7JU72
pca,10000,2939,0.09740541,-0.17600667,1.0,B01M05OZJT
pca,10000,2940,0.30475235,0.06557031,1.0,B015E3FRY6
pca,10000,2941,0.14307794,-0.2201563,1.0,B00ZVJAF9G
pca,10000,2942,0.28678092,-0.2050644,5.0,B00E362W9O
pca,10000,2943,0.011082644,-0.25627103,1.0,B0090BTY8Y
pca,10000,2944,0.06734038,-0.16781867,5.0,B092DD5L2V
pca,10000,2945,-0.004073508,-0.18916573,5.0,B075X8471B
pca,10000,2946,-0.16930719,-0.07152843,5.0,B08V47HYBW
pca,10000,2947,-0.09840849,0.0922902,5.0,B01K1IO3QW
pca,10000,2948,0.07712463,0.027047785,5.0,B00OQVZDJM
pca,10000,2949,-0.121825024,0.012733625,5.0,B005FUKLHM
pca,10000,2950,-0.046019748,-0.23263715,5.0,B000MXWSYQ
pca,10000,2951,0.019933289,-0.02853863,5.0,B0097BEEF0
pca,10000,2952,0.16796042,0.054346748,5.0,B097QW23XR
pca,10000,2953,0.1876989,-0.019236725,5.0,B0BRP2V3P1
pca,10000,2954,-0.3312937,0.08790273,5.0,B0BNL1V25R
pca,10000,2955,0.028039137,0.01777638,1.0,B0BJVBTZ4K
pca,10000,2956,-0.19275022,-0.059639476,5.0,B0B55P1FXW
pca,10000,2957,-0.27023974,-0.13493682,5.0,B01FJCSOGK
pca,10000,2958,-0.25351092,-0.1521506,5.0,B09L75PVXT
pca,10000,2959,-0.2002437,-0.20247363,5.0,B0B49LT7BT
pca,10000,2960,-0.31487033,-0.039405003,5.0,B0BGB66N4G
pca,10000,2961,-0.18500212,0.4711235,5.0,B094X7HC69
pca,10000,2962,-0.26816213,0.1046315,5.0,B088KDKNWM
pca,10000,2963,-0.04745885,-0.09177898,5.0,B0846MH1CJ
pca,10000,2964,-0.25345767,-0.050703928,5.0,B07X5NM5BP
pca,10000,2965,-0.25804508,0.07757463,5.0,B07ZWTMNDP
pca,10000,2966,-0.21204677,-0.32500774,1.0,B07X23N387
pca,10000,2967,-0.16721684,0.3119977,4.0,B07T64VJQT
pca,10000,2968,-0.16487367,-0.11873491,5.0,B07DQQPF1T
pca,10000,2969,-0.02358716,0.003919624,5.0,B07JD4C1LS
pca,10000,2970,-0.20463693,-0.030870296,5.0,B07GJPFR6L
pca,10000,2971,-0.011371316,0.181448,5.0,B07JVN1MSN
pca,10000,2972,-0.011867294,0.20899038,5.0,B0BC2STR39
pca,10000,2973,-0.026415028,-0.04108643,4.0,B07HQ9GCMY
pca,10000,2974,-0.13886707,-0.03798306,5.0,B071HN7FB4
pca,10000,2975,-0.1760155,-0.122395754,4.0,B0783QYFK2
pca,10000,2976,-0.21363312,-0.01561504,5.0,B06XFTNSCT
pca,10000,2977,-0.30559584,-0.22066683,4.0,B06XF9DTSJ
pca,10000,2978,-0.2854763,0.45972654,5.0,B071W8TY6H
pca,10000,2979,0.0086676255,-0.21455751,5.0,B0754KJQZ4
pca,10000,2980,-0.45777154,-0.08240423,5.0,B09TWYBW14
pca,10000,2981,-0.14912228,0.28774005,4.0,B083G9MW65
pca,10000,2982,-0.22086841,0.022507714,5.0,B06WD61CF5
pca,10000,2983,-0.0677866,0.064725265,5.0,B01JNKT0RG
pca,10000,2984,-0.1774304,0.08839331,4.0,B01GE9R0J4
pca,10000,2985,0.062049586,-0.15333883,5.0,B0B1S5LBRQ
pca,10000,2986,-0.15802073,0.0017431667,5.0,B01F3R9DP2
pca,10000,2987,-0.33040628,-0.24828903,3.0,B01H7HQ71E
pca,10000,2988,-0.4389735,-0.19124983,3.0,B011A49BYA
pca,10000,2989,-0.09128001,0.05082716,4.0,B01AZC3RCK
pca,10000,2990,-0.09329923,-0.1346237,3.0,B015XK1O6K
pca,10000,2991,-0.03735206,-0.10845915,4.0,B017AED6TA
pca,10000,2992,0.007663224,0.0338061,2.0,B013SKI49W
pca,10000,2993,-0.25034925,-0.07858645,3.0,B00FO0IHMY
pca,10000,2994,-0.012774216,-0.1717133,2.0,B00BK0YRZS
pca,10000,2995,-0.21289712,0.38706136,5.0,B00NWE9ZNE
pca,10000,2996,-0.20097327,0.054730862,4.0,B00CF7M7RA
pca,10000,2997,-0.27237615,0.48407447,4.0,B00JAZGUBE
pca,10000,2998,-0.23174758,0.4724633,5.0,B008HY8XTG
pca,10000,2999,-0.24299699,0.36232358,3.0,B002L6NG0W
pca,10000,3000,-0.2361112,0.43444875,5.0,B005X64OT4
pca,10000,3001,-0.24843028,-0.21273455,4.0,B0042X8XJ6
pca,10000,3002,-0.20941423,-0.26376054,4.0,B002RL8J8K
pca,10000,3003,0.16682652,-0.14394395,5.0,B089B6LTLV
pca,10000,3004,0.017342934,0.23416165,5.0,B08LD5BTLJ
pca,10000,3005,-0.011726206,0.27125493,4.0,B07R8C7LS1
pca,10000,3006,-0.07479504,-0.021411533,2.0,B0BVY4JVNG
pca,10000,3007,0.18297793,0.11120314,5.0,B07GWGGZLQ
pca,10000,3008,0.24350867,-0.058847144,5.0,B075ZQXB26
pca,10000,3009,-0.012415284,-0.05623851,5.0,B07GZFM1ZM
pca,10000,3010,-0.0010786373,0.019272873,5.0,B07P5GM4Z2
pca,10000,3011,0.24942307,0.04560432,5.0,B07PC1DGYY
pca,10000,3012,0.16689216,0.02888673,5.0,B00KCZSLHC
pca,10000,3013,-0.18403324,0.4457033,5.0,B01JOOM9GK
pca,10000,3014,-0.28134927,-0.17374645,5.0,B00009W3FR
pca,10000,3015,0.20824043,-0.027134452,3.0,B07DC4RZPY
pca,10000,3016,0.016852561,0.1018303,1.0,B09NVQQCS1
pca,10000,3017,-0.083299935,-0.07207269,5.0,B0BKR7WJK1
pca,10000,3018,0.19641131,-0.10185179,1.0,B07Q38RQG7
pca,10000,3019,-0.20295137,-0.23917145,4.0,B019Y5OGNS
pca,10000,3020,-0.29471806,0.016897624,4.0,B00KHA1ZTS
pca,10000,3021,-0.0480285,0.22716382,5.0,B002C03AIA
pca,10000,3022,-0.12098159,0.25458682,4.0,B004PBLR3O
pca,10000,3023,-0.048925422,0.015746538,5.0,B074D5Z4P2
pca,10000,3024,0.009890216,-0.106132,1.0,B0002Q7I2U
pca,10000,3025,0.16418366,0.36904654,5.0,B008GGH4FY
pca,10000,3026,-0.15326491,0.00362649,5.0,B006GWO5WK
pca,10000,3027,-0.10360858,0.012148326,5.0,B009D7BJR4
pca,10000,3028,-0.08701531,0.37771818,5.0,B0BZHJFFQ5
pca,10000,3029,-0.1329577,0.28215227,5.0,B08VHZDMYC
pca,10000,3030,-0.049866095,0.39650333,5.0,B06ZZY4VNW
pca,10000,3031,-0.2081049,0.014513671,5.0,1400501466
pca,10000,3032,-0.06959061,0.30013487,4.0,B0BGP6X9NF
pca,10000,3033,-0.17403124,0.2992594,5.0,B07DPDT6LC
pca,10000,3034,0.061193783,-0.1261599,5.0,B0B285L64J
pca,10000,3035,0.0044630626,-0.028357422,5.0,B00IQXZXSW
pca,10000,3036,0.027961107,0.15254796,3.0,B00S5BNIX2
pca,10000,3037,-0.04313275,-0.0940316,5.0,B00CO07C5U
pca,10000,3038,-0.11139457,0.05656302,5.0,B00AA9Q94C
pca,10000,3039,-0.18161342,-0.1463219,3.0,B006C13X4Q
pca,10000,3040,0.038259417,0.26892078,5.0,B09PN77YZV
pca,10000,3041,0.28729966,0.07882017,5.0,B000GABK8K
pca,10000,3042,-0.034248862,-0.14079428,5.0,B086ND88S1
pca,10000,3043,-0.18747544,-0.2035242,3.0,B079GPYJ3N
pca,10000,3044,0.12406781,0.073438,2.0,B07JPC1M9H
pca,10000,3045,0.27864882,0.12778778,5.0,B07C64MGWQ
pca,10000,3046,0.09834406,0.015005656,5.0,B07QQBVRVS
pca,10000,3047,0.14085627,-0.08974843,4.0,B07D4734HR
pca,10000,3048,-0.019176822,-0.13263637,5.0,B07CT1X8V8
pca,10000,3049,0.4099879,-0.0022015003,5.0,B07DNZZCPX
pca,10000,3050,0.1771675,0.0003657518,4.0,B07G5YXYFL
pca,10000,3051,0.4311715,-0.19735059,5.0,B001W26TIW
pca,10000,3052,0.0970676,-0.23481816,5.0,B07DQF8LHL
pca,10000,3053,0.14896004,0.066966966,2.0,B07FJGGWJL
pca,10000,3054,0.023103477,-0.20888005,4.0,B01HL8LXQ8
pca,10000,3055,0.54398817,-0.13984656,5.0,B07DNSZPXG
pca,10000,3056,0.21459393,-0.029339107,5.0,B07TM7WR7G
pca,10000,3057,0.105802365,-0.061670594,5.0,B07M93Z1NT
pca,10000,3058,0.22130221,0.10687678,5.0,B07MV5B9XC
pca,10000,3059,-0.048701108,-0.089306735,5.0,B07CHLYDJP
pca,10000,3060,0.19089788,0.15238106,2.0,B07KHZ3GMS
pca,10000,3061,0.2104701,0.0903524,2.0,B0C19LF9N1
pca,10000,3062,-0.08945748,-0.1181852,5.0,B01NAYSJZP
pca,10000,3063,0.10191668,-0.041637592,5.0,B079TSTB5V
pca,10000,3064,-0.047714055,0.20901094,1.0,B09NKWBQHD
pca,10000,3065,0.387409,0.041352183,5.0,B01DRV2AS8
pca,10000,3066,0.43108884,0.009817943,5.0,B00FZ1ABQM
pca,10000,3067,0.29303735,0.036105886,5.0,B00F5JV4NS
pca,10000,3068,0.13048056,0.11818906,5.0,B071K5BQPF
pca,10000,3069,0.11995067,-0.04818307,5.0,B0791TX5P5
pca,10000,3070,0.24278185,0.05583869,4.0,B07G4B7RKG
pca,10000,3071,0.1290702,0.24414217,3.0,B0B4274T5Q
pca,10000,3072,-0.06921061,-0.18540701,1.0,B08F6GPRH6
pca,10000,3073,-0.14427209,-0.072978005,2.0,B0C58WY192
pca,10000,3074,-0.118190125,-0.09914177,2.0,B0C2P8Y25Y
pca,10000,3075,0.13640904,0.03320515,3.0,B01K9HS4Q0
pca,10000,3076,0.051156025,-0.09494202,3.0,B01C8BZGKW
pca,10000,3077,0.090191096,0.05914814,4.0,B001T9NVJI
pca,10000,3078,0.09847077,-0.18728186,5.0,B00WUQ91YI
pca,10000,3079,0.067647345,0.010748075,5.0,B00WUR607I
pca,10000,3080,0.08442116,-0.25964534,4.0,B005NAQU1A
pca,10000,3081,0.006721221,-0.0042359596,1.0,B001PUSERA
pca,10000,3082,0.027667249,-0.28372285,5.0,B07S9THRC5
pca,10000,3083,-0.0150217675,0.06291378,5.0,B0BX8DMYWL
pca,10000,3084,-0.044338435,-0.088953294,5.0,B07H65KP63
pca,10000,3085,-0.14654331,0.07780874,5.0,B0BC86L9C1
pca,10000,3086,-0.15855998,-0.10674299,5.0,B0BVB9MRK1
pca,10000,3087,-0.061285317,-0.25357482,2.0,B071GQM5VF
pca,10000,3088,0.056767624,-0.01969131,5.0,B01K8B8YA8
pca,10000,3089,0.08937775,-0.040074028,5.0,B0B4SWZTZ1
pca,10000,3090,0.19835135,-0.08052393,5.0,B07CLBNM1C
pca,10000,3091,-0.15459095,-0.19648899,3.0,B09PFQ4H5T
pca,10000,3092,-0.122001275,-0.04541844,5.0,B092PWBV1D
pca,10000,3093,-0.039303094,0.12312739,5.0,B0C5XFWQ16
pca,10000,3094,0.042918272,0.13930261,5.0,B09TND753D
pca,10000,3095,-0.11437163,0.46942586,5.0,B07QG7FS3S
pca,10000,3096,-0.07356465,0.056950495,5.0,B07T3KCQ94
pca,10000,3097,0.08214077,-0.30869645,3.0,B08FC1KJ8Z
pca,10000,3098,-0.060500078,-0.052244604,5.0,B09G2SFXSZ
pca,10000,3099,-0.21989083,0.021582277,5.0,B08D8PC712
pca,10000,3100,0.25022832,-0.040485382,5.0,B07RR5WZCR
pca,10000,3101,0.08955887,-0.056440085,5.0,B0BC89JP1P
pca,10000,3102,-0.05443895,-0.1700657,5.0,B017LSIXDE
pca,10000,3103,-0.15951046,-0.3064782,5.0,B0B59QBY9G
pca,10000,3104,0.14877161,-0.1130117,5.0,B01A0MTS3W
pca,10000,3105,-0.07741952,-0.17098108,5.0,B08MRTZWJ5
pca,10000,3106,-0.10826428,0.050824054,5.0,B07GLXY253
pca,10000,3107,-0.16010289,0.055381514,5.0,B07H3W1FD8
pca,10000,3108,-0.11567658,-0.2257128,5.0,B075K7JXFQ
pca,10000,3109,0.22552954,-0.1814196,5.0,B0B46FYQVX
pca,10000,3110,-0.096647896,-0.18885325,5.0,B07799Z6F4
pca,10000,3111,0.07303865,-0.10211957,5.0,B006WG5628
pca,10000,3112,0.0067215376,-0.15171754,5.0,B074W4N5HZ
pca,10000,3113,-0.034938008,0.08821454,5.0,B08X2DCF2B
pca,10000,3114,-0.033683244,0.13282317,5.0,B01L3YMW8O
pca,10000,3115,-0.0998081,0.20702048,5.0,B00ZN07GBS
pca,10000,3116,0.12897283,0.15317944,5.0,B00UBNCLGC
pca,10000,3117,0.16767347,-0.19217141,5.0,B00MW5Y7F0
pca,10000,3118,0.2529475,0.14023824,5.0,B08MV8WRJZ
pca,10000,3119,0.29663068,0.012052612,5.0,B01K5W753C
pca,10000,3120,0.05066393,-0.10081011,1.0,B075QC3TZY
pca,10000,3121,-0.06673944,-0.28163257,2.0,B071JN93MK
pca,10000,3122,0.3035659,0.21557744,5.0,B08YMVB98D
pca,10000,3123,-0.05492825,0.44511253,5.0,B0765VCQF1
pca,10000,3124,0.16588843,0.16304839,5.0,B089F9YDFC
pca,10000,3125,0.31954896,-0.16122961,5.0,B08KZ1TZYB
pca,10000,3126,0.019657807,-0.016218495,2.0,B08N5DB78L
pca,10000,3127,0.112363204,0.14223102,5.0,B0BWQ2D1YL
pca,10000,3128,0.13577205,0.14686528,5.0,B0BWVDRR6L
pca,10000,3129,0.24443482,0.06614308,5.0,B07CLBNM1C
pca,10000,3130,-0.11756286,-0.21643062,5.0,B0BM8P66Y5
pca,10000,3131,0.31700385,0.06534272,5.0,B000WBN7KW
pca,10000,3132,0.31700385,0.06534272,5.0,B0B6D4W3R7
pca,10000,3133,0.2813458,0.082531005,5.0,B08HVMVP91
pca,10000,3134,-0.32258677,-0.20641461,1.0,B08VWZRB92
pca,10000,3135,0.22817941,0.2718581,5.0,B0722RV8BD
pca,10000,3136,-0.0909383,-0.11229779,4.0,B00HEGP40E
pca,10000,3137,-0.0910441,-0.03230068,5.0,B008422IL0
pca,10000,3138,-0.11323854,-0.06449591,4.0,B002YK5OX2
pca,10000,3139,-0.038170267,0.047936447,5.0,B000UXDHNY
pca,10000,3140,-0.030693188,-0.16828023,1.0,B0BRKGDT42
pca,10000,3141,0.017505746,0.10222977,5.0,B0933BVK6T
pca,10000,3142,0.036650524,-0.08328871,5.0,B0C3NMZ2C7
pca,10000,3143,-0.19466375,0.46069944,5.0,B08HGHSZ8N
pca,10000,3144,-0.031536516,-0.26630884,1.0,B092LS2DW9
pca,10000,3145,-0.037255146,-0.042261876,5.0,B0B751K1LV
pca,10000,3146,-0.04708612,0.33410314,5.0,B09W8XTYK3
pca,10000,3147,-0.030601002,0.24903527,5.0,B01N0QQ962
pca,10000,3148,-0.09986259,-0.1892396,2.0,B08YF1VBYD
pca,10000,3149,-0.041659016,-0.17629041,5.0,B07WNGQ8KR
pca,10000,3150,-0.013651717,0.15449534,5.0,B01ITOFEX6
pca,10000,3151,0.010551974,-0.15503138,4.0,B01BEWBQDM
pca,10000,3152,-0.07092024,0.0590899,4.0,B01BRWH8G8
pca,10000,3153,-0.15361445,0.3089878,5.0,B00FJ8JC3O
pca,10000,3154,0.26767623,-0.124213874,3.0,B00G8B4JXE
pca,10000,3155,0.17962101,0.17418686,3.0,B00DR0B31U
pca,10000,3156,0.06395723,-0.13121681,1.0,B00D7QH9PS
pca,10000,3157,0.14027989,-0.10226008,4.0,B00BD8SZLE
pca,10000,3158,0.09022441,-0.17094806,4.0,B00E0ITM6G
pca,10000,3159,0.17914289,-0.008918932,4.0,B07Y69FKM2
pca,10000,3160,0.3277273,0.25608903,5.0,B0C3HNDTW1
pca,10000,3161,-0.0042317063,0.4343534,5.0,B07K3QSBW3
pca,10000,3162,-0.08995866,-0.11350708,5.0,B076Z6MS5S
pca,10000,3163,-0.019783366,0.24075246,5.0,B07G33WLL1
pca,10000,3164,-0.0064811353,0.41033468,5.0,B082FBHMJV
pca,10000,3165,-0.34540778,-0.13348992,4.0,B097MBW35T
pca,10000,3166,-0.038131844,-0.027901784,5.0,B01LEXSQV6
pca,10000,3167,-0.027918302,-0.15080829,5.0,B07RKYQGG4
pca,10000,3168,0.046897568,-0.13926008,4.0,B071V7SV6P
pca,10000,3169,0.00884037,-0.19499554,1.0,B0C6JPB6N3
pca,10000,3170,-0.07007324,0.013021721,2.0,B07DRX79RY
pca,10000,3171,0.13044164,-0.047350176,5.0,B01B4J8OJ4
pca,10000,3172,0.28284326,-0.18761878,3.0,B004S55GWK
pca,10000,3173,0.023416298,-0.13217084,5.0,B0C16WKB95
pca,10000,3174,-0.1410929,-0.21473636,5.0,B082F13J55
pca,10000,3175,-0.029347658,-0.1908457,5.0,B07FKFMRGF
pca,10000,3176,-0.10359607,0.11792331,5.0,B07FZVBRDW
pca,10000,3177,0.057464436,0.10811466,5.0,B0B76XXRG6
pca,10000,3178,0.031055162,-0.14018586,5.0,B0BKZQ9MYV
pca,10000,3179,0.2798317,-0.08232548,5.0,B09ZTXZ1MQ
pca,10000,3180,0.041020088,0.13697714,4.0,B01LZDH3IR
pca,10000,3181,0.10898655,0.056688204,5.0,B0BPG4DHF7
pca,10000,3182,-0.38373196,-0.103886314,5.0,B0C177TK5Y
pca,10000,3183,-0.33819035,-0.12177373,5.0,B0C177TK5Y
pca,10000,3184,0.03056844,0.06377066,4.0,B095HVX3Y2
pca,10000,3185,-0.09304702,0.2936152,4.0,B09SZNN6Y3
pca,10000,3186,0.09996215,-0.30330685,5.0,B08D6XRT7L
pca,10000,3187,0.016821789,-0.03671545,5.0,B0B12M535K
pca,10000,3188,-0.17555487,0.11632375,5.0,B07BD4HTM8
pca,10000,3189,-0.11082484,-0.33572447,5.0,B078N74NXD
pca,10000,3190,-0.06592283,0.12697352,5.0,B076MJW31F
pca,10000,3191,-0.16598485,0.40775675,4.0,B06ZZGPD4D
pca,10000,3192,-0.35203043,0.06838727,4.0,B076FBTHMD
pca,10000,3193,-0.31716993,-0.16658592,5.0,B0778PCW73
pca,10000,3194,-0.33224228,-0.053793684,5.0,B079MSMRDF
pca,10000,3195,-0.040904067,-0.101274446,5.0,B09BDZ5297
pca,10000,3196,-0.15053411,0.2210274,5.0,B07RGNMCVM
pca,10000,3197,-0.07942771,-0.19572031,5.0,B072C77LPK
pca,10000,3198,-0.12035552,-0.12555695,5.0,B09PQQ4LZB
pca,10000,3199,-0.2663944,-0.11280993,5.0,B085SGR1TV
pca,10000,3200,-0.24956396,-0.13843349,5.0,B085S9XQ1X
pca,10000,3201,-0.33046544,-0.25767633,5.0,B089VT8KYF
pca,10000,3202,0.005797291,-0.22640878,2.0,B0BV3NWX67
pca,10000,3203,-0.40946636,0.16481338,5.0,B07XS5W3BZ
pca,10000,3204,-0.22740152,-0.09355698,5.0,B083R5QN26
pca,10000,3205,-0.22430438,0.3240119,3.0,B08B3NKF9J
pca,10000,3206,-0.1465936,-0.05276552,5.0,B083ZZ96PT
pca,10000,3207,-0.08221861,-0.1602042,1.0,B07FCTF698
pca,10000,3208,-0.2252602,-0.082663976,3.0,B07V4GJDLN
pca,10000,3209,-0.17615412,-0.17888851,5.0,B07CM5NZRC
pca,10000,3210,-0.07722705,0.010690214,5.0,B07NQ9Q3QT
pca,10000,3211,-0.15809228,0.3657248,5.0,B07ZZ595TG
pca,10000,3212,-0.09058766,-0.20887446,5.0,B0BRT3SCLX
pca,10000,3213,-0.23668706,-0.30406883,5.0,B07QKZX6JS
pca,10000,3214,-0.13321242,0.08054613,5.0,B07K72MW7K
pca,10000,3215,-0.21017468,0.022791518,5.0,B07VLPLP27
pca,10000,3216,-0.13386993,0.044848964,5.0,B07P5R2D42
pca,10000,3217,-0.13386993,0.044848964,5.0,B08Q4PLP1Q
pca,10000,3218,-0.15760346,-0.06431092,5.0,B09GFXT5LQ
pca,10000,3219,-0.1918975,0.0935947,3.0,B07WZZXW7D
pca,10000,3220,-0.18384287,-0.26281688,3.0,B07DQYFCXM
pca,10000,3221,-0.3528969,0.020753691,5.0,B07XS83Y6N
pca,10000,3222,-0.108183265,-0.106494956,5.0,B07QKPCWN5
pca,10000,3223,-0.25182384,0.3693161,3.0,B07HCCGXZ6
pca,10000,3224,-0.16381307,-0.2464594,5.0,B07MLY3JKV
pca,10000,3225,-0.07942909,-0.1276081,5.0,B07STTXY55
pca,10000,3226,-0.06401893,-0.035977382,5.0,B07N7HWP59
pca,10000,3227,-0.103880666,0.32894355,3.0,B07JHPZ7NY
pca,10000,3228,-0.17212471,0.45532236,2.0,B07RPV215N
pca,10000,3229,-0.10523867,-0.019186515,5.0,B07JGSN975
pca,10000,3230,-0.14964084,-0.33759397,5.0,B07KTYJ769
pca,10000,3231,-0.05589737,-0.25488758,3.0,B07FQDMKFT
pca,10000,3232,-0.24129593,-0.011954393,5.0,B07DWD3NNP
pca,10000,3233,-0.074684985,0.12153008,5.0,B07HP4QYKQ
pca,10000,3234,-0.29605833,-0.11115528,5.0,B07JMFQTC5
pca,10000,3235,-0.045646183,-0.09809048,5.0,B07G3N7M78
pca,10000,3236,-0.08423131,-0.036876626,4.0,B07B1B8W17
pca,10000,3237,-0.027904637,-0.13512911,1.0,B09PZ9MMQY
pca,10000,3238,0.018197201,-0.20979287,3.0,B0762QT7S6
pca,10000,3239,-0.0070623476,-0.1807836,5.0,B01DU67QZM
pca,10000,3240,-0.1893933,-0.11241939,4.0,B075QC3TZY
pca,10000,3241,-0.029676262,-0.054868557,5.0,B073VJVS79
pca,10000,3242,-0.08521183,-0.32693627,5.0,B06XJNDYX8
pca,10000,3243,-0.06050901,-0.03177373,5.0,B0BVH2C84P
pca,10000,3244,-0.095075466,-0.014408048,5.0,B098RJMJTW
pca,10000,3245,-0.0023684911,-0.30219054,5.0,B07D19HKXB
pca,10000,3246,0.0006840266,0.08139695,5.0,B078HH3Z92
pca,10000,3247,-0.42092565,-0.14534763,3.0,B076K6QXF5
pca,10000,3248,-0.053248137,0.041407943,5.0,B07BFTYT32
pca,10000,3249,-0.26268566,-0.10275808,5.0,B076PMVZMR
pca,10000,3250,-0.17761418,0.024942672,5.0,B07CY79CKZ
pca,10000,3251,-0.17576385,-0.16950019,5.0,B078JWNK19
pca,10000,3252,-0.2938912,-0.22839165,3.0,B076WTK9T8
pca,10000,3253,-0.1310519,0.03842821,5.0,B01MZC303G
pca,10000,3254,-0.12584373,-0.19396175,5.0,B077HD38VF
pca,10000,3255,-0.19872725,-0.18824217,5.0,B078N74NXD
pca,10000,3256,-0.43711972,0.07357202,5.0,B07BWMNQTY
pca,10000,3257,-0.20606166,-0.06142813,3.0,B0B7N8S4T5
pca,10000,3258,-0.1524203,-0.34166193,5.0,B07CJZ5YHS
pca,10000,3259,-0.047577024,-0.02952598,5.0,B01DZK3J40
pca,10000,3260,-0.24551985,0.41987526,5.0,B071QWWPJY
pca,10000,3261,-0.08303664,0.09144945,5.0,B084Y41WCL
pca,10000,3262,-0.16872586,-0.27541864,5.0,B0BSDQJCWP
pca,10000,3263,-0.11730251,0.24672854,5.0,B071FQFSR2
pca,10000,3264,-0.1386453,0.26718214,5.0,B07F9CQK4V
pca,10000,3265,-0.10266551,0.37421286,2.0,B00ZTRYG3Q
pca,10000,3266,-0.24819767,-0.07426962,5.0,B01NCUV35P
pca,10000,3267,0.062396623,-0.0525207,5.0,B06WP2Y7B4
pca,10000,3268,-0.13136804,0.04781113,5.0,B00JROCJY0
pca,10000,3269,-0.14461802,-0.20367745,5.0,B01EOQ61KI
pca,10000,3270,-0.22623621,-0.07893382,3.0,B0163JVYEW
pca,10000,3271,-0.27165687,-0.260955,4.0,B0BG9GCSM4
pca,10000,3272,-0.2249243,-0.0035907133,5.0,B01HDC21FE
pca,10000,3273,-0.28309396,-0.009864211,5.0,B017PDWTJY
pca,10000,3274,-0.1509026,-0.12481738,5.0,B07WNYRQPT
pca,10000,3275,-0.16934502,-0.17938651,5.0,B01B448PBG
pca,10000,3276,-0.19314837,-0.13049857,5.0,B015OV4Z0A
pca,10000,3277,-0.10504479,-0.19637565,5.0,B01KICHFQQ
pca,10000,3278,-0.097791016,-0.19544032,5.0,B01GPAOJJG
pca,10000,3279,-0.17250338,-0.09947382,4.0,B01DBOX9HW
pca,10000,3280,-0.07805688,-0.117269285,4.0,B01CEAYWZW
pca,10000,3281,-0.016604807,-0.00034298562,5.0,B07LBZNCPW
pca,10000,3282,-0.31651148,0.4961744,3.0,B0182XHSVA
pca,10000,3283,-0.014079668,-0.058975615,1.0,B012D4MMPG
pca,10000,3284,-0.18917899,-0.10835616,5.0,B082JQM2NZ
pca,10000,3285,-0.15933555,-0.11117595,5.0,B09J74RPGH
pca,10000,3286,-0.14687796,0.30646372,5.0,B012VOOCR4
pca,10000,3287,-0.27118695,-0.048188746,5.0,B00ZCFYT5K
pca,10000,3288,-0.123276666,-0.08013267,5.0,B00TKFEPHA
pca,10000,3289,-0.38541615,-0.19498332,5.0,B00ZBA3OSO
pca,10000,3290,0.0006921403,0.15902568,5.0,B00R5VS6G2
pca,10000,3291,-0.12841058,-0.2336792,5.0,B099RZY28N
pca,10000,3292,-0.2816378,-0.099737056,5.0,B00PAPMSLE
pca,10000,3293,-0.09779103,-0.18598399,5.0,B01EYGOOLQ
pca,10000,3294,-0.10098337,-0.11271542,5.0,B00ON7AX3U
pca,10000,3295,-0.06221407,0.27346903,5.0,B00IU7COAE
pca,10000,3296,-0.11689286,0.3865374,3.0,B00LNTM2HG
pca,10000,3297,-0.17363027,0.21415587,5.0,B00NGK92IM
pca,10000,3298,-0.22974737,-0.2131492,5.0,B01AS57B0I
pca,10000,3299,-0.14440294,-0.26311433,5.0,B00LSYHLR2
pca,10000,3300,-0.09352585,-0.093309775,5.0,B00MBFPT3A
pca,10000,3301,-0.3193407,-0.022633873,5.0,B00GV4UIVA
pca,10000,3302,-0.09597943,0.18701752,5.0,B00FZ9SMVU
pca,10000,3303,-0.13030843,0.1895253,4.0,B00EL8NIJC
pca,10000,3304,-0.2997057,0.37979648,4.0,B00DQZT494
pca,10000,3305,-0.17315488,0.22758274,5.0,B00DQZTS8Q
pca,10000,3306,-0.22837761,0.3587352,4.0,B00DQZT0AC
pca,10000,3307,-0.0967698,-0.2502895,5.0,B00EXK14S0
pca,10000,3308,-0.21752661,0.3366554,5.0,B071HQ3Z7C
pca,10000,3309,-0.18073566,-0.16191266,4.0,B00AQRUW4Q
pca,10000,3310,-0.24231973,0.35370916,5.0,B006422WSG
pca,10000,3311,-0.18944165,0.39588803,5.0,B009WZRAQQ
pca,10000,3312,-0.21791223,0.39693698,5.0,B008MF3OEY
pca,10000,3313,-0.11139287,0.2031977,5.0,B008LURQ76
pca,10000,3314,-0.21991666,0.40676716,5.0,B009X0167Y
pca,10000,3315,-0.23739773,0.42303413,5.0,B009X01C64
pca,10000,3316,-0.26578608,0.28866678,2.0,B07C3PQHC7
pca,10000,3317,-0.2980354,0.079641566,5.0,B006GWO5WK
pca,10000,3318,-0.22970219,0.2637176,3.0,B000CKVOOY
pca,10000,3319,-0.2831905,0.21844836,5.0,B00G5D6ER4
pca,10000,3320,-0.23949051,0.34895062,5.0,B006422BWS
pca,10000,3321,-0.29504308,0.12535106,4.0,B004YIZXEC
pca,10000,3322,-0.29636532,0.43054977,4.0,B007MD2DJY
pca,10000,3323,-0.19012135,0.32331398,2.0,B06XKCPK5W
pca,10000,3324,-0.21575014,0.22133222,5.0,B005NESDDY
pca,10000,3325,-0.07175858,0.13771348,5.0,B006N1TF7E
pca,10000,3326,-0.26225027,0.028103778,5.0,B004M8ST5O
pca,10000,3327,-0.4477498,-0.04716731,5.0,B0054QNL38
pca,10000,3328,-0.25290695,0.2282989,4.0,B07G98G3BV
pca,10000,3329,-0.20353688,-0.2745616,3.0,B07XG26541
pca,10000,3330,-0.09916162,-0.0931446,5.0,B07WGPTZHR
pca,10000,3331,0.07039878,0.089807436,5.0,B01HRVABD0
pca,10000,3332,0.0030422406,-0.16625284,5.0,B08WQ55H4Y
pca,10000,3333,0.012549449,0.108356364,5.0,B00CRQUKQ4
pca,10000,3334,-0.018125601,0.26696467,5.0,B00C5H9QDI
pca,10000,3335,-0.020517528,-0.19934987,5.0,B00XI9QUOK
pca,10000,3336,0.31276736,0.10433233,5.0,B009BKVYZK
pca,10000,3337,-0.11184363,-0.19119634,1.0,B08QTLS3R5
pca,10000,3338,-0.121157095,0.028769845,5.0,B08LG67VW3
pca,10000,3339,-0.0068510585,0.031453818,1.0,B07N8VFFNS
pca,10000,3340,-0.13539091,-0.19862431,1.0,B0BXL16HVK
pca,10000,3341,-0.1360897,-0.20354001,1.0,B0CB11DLHG
pca,10000,3342,-0.05177007,0.28073984,5.0,B09GJJK9ZY
pca,10000,3343,-0.20332713,0.40902114,4.0,B09YVMS3B1
pca,10000,3344,0.13172427,-0.038940236,3.0,B013FC2FKM
pca,10000,3345,0.16075644,0.014066856,5.0,B077QS9KHC
pca,10000,3346,-0.06686177,-0.17074631,1.0,B0BZ15FM42
pca,10000,3347,-0.040127095,-0.09360704,4.0,B08ZKMJWJH
pca,10000,3348,-0.0588973,0.0043659285,5.0,B075RD4SCC
pca,10000,3349,0.055978443,-0.019076636,1.0,B07Q3VM5PH
pca,10000,3350,-0.04971894,0.10461095,5.0,B07HMMRBGQ
pca,10000,3351,-0.02978405,-0.0283087,5.0,B006R0VWSG
pca,10000,3352,-0.23034592,0.3677585,5.0,B07DS5H8LY
pca,10000,3353,-0.068092585,0.3176536,4.0,B00ZZ3C6QS
pca,10000,3354,-0.064447805,0.29390433,5.0,B013JZCAZK
pca,10000,3355,-0.22169854,-0.019988053,5.0,B018DOWITK
pca,10000,3356,-0.12510745,0.023644188,5.0,B008FSAS06
pca,10000,3357,-0.18003154,0.36703467,3.0,B09CTXCL6D
pca,10000,3358,-0.13910748,0.10511186,5.0,B09L4X16B6
pca,10000,3359,-0.08442975,-0.14569399,3.0,B017WYDD1Y
pca,10000,3360,-0.17869028,0.08516914,5.0,B084KQMH6V
pca,10000,3361,-0.05422289,0.04933595,5.0,B088MCTLM5
pca,10000,3362,-0.080453485,0.13959138,5.0,B08J79T7CQ
pca,10000,3363,-0.04554177,0.019390067,4.0,B0BSXSYLRF
pca,10000,3364,-0.25283882,0.22438432,5.0,B010BWYDYA
pca,10000,3365,-0.15257365,0.47815782,5.0,B0031MQMU6
pca,10000,3366,0.016829723,0.09535584,5.0,B08LZKCGQ6
pca,10000,3367,-0.19779272,-0.16998802,5.0,B09YDHLYRL
pca,10000,3368,-0.22028114,-0.22338709,5.0,B0BBMSYX16
pca,10000,3369,-0.29797524,-0.0281225,5.0,B01CD7J968
pca,10000,3370,-0.21333966,-0.08099846,5.0,B0797CHKDJ
pca,10000,3371,-0.19996004,0.21406803,5.0,B00K4PAP06
pca,10000,3372,-0.21311054,0.42793715,4.0,B00DQZQ5T6
pca,10000,3373,-0.10386595,0.25820598,5.0,B009NPLXGS
pca,10000,3374,-0.28729737,0.33550835,4.0,B01C7HZ47M
pca,10000,3375,-0.24349013,0.2928351,2.0,B01522TOL6
pca,10000,3376,-0.19275753,-0.24579974,4.0,B00CF030S2
pca,10000,3377,-0.25719818,-0.044054925,5.0,B005VBNYDS
pca,10000,3378,-0.30215347,-0.25982237,4.0,B00BLCLUQO
pca,10000,3379,-0.19447275,0.2924367,3.0,B002VPE1WK
pca,10000,3380,-0.13515443,-0.26609007,4.0,B00187P1HQ
pca,10000,3381,-0.3080081,-0.21779743,5.0,B007XOQI4S
pca,10000,3382,-0.47176963,-0.17614077,4.0,B0065VKQ34
pca,10000,3383,-0.012461683,-0.28724906,1.0,B000CRFI8A
pca,10000,3384,0.1417773,-0.05475592,4.0,B0874YZVWK
pca,10000,3385,0.37503365,-0.15864591,5.0,B07Z9FFTG1
pca,10000,3386,0.09962961,0.023239745,5.0,B09CPMSXHC
pca,10000,3387,0.48932785,-0.1787742,3.0,B09ZGWQ67Z
pca,10000,3388,0.18712352,-0.03474056,5.0,B09FSZRG9Y
pca,10000,3389,0.06574833,0.02546841,5.0,B09DPZ1578
pca,10000,3390,-0.022423182,-0.09610001,5.0,B0BLTJMQ3W
pca,10000,3391,0.13890767,-0.08778251,5.0,B09Y5GR45N
pca,10000,3392,-0.0071132816,0.016586417,5.0,B01N6SEXI5
pca,10000,3393,-0.13236754,0.14463359,4.0,B07JKWH97B
pca,10000,3394,-0.04012641,-0.0028931964,5.0,B084V9CJB1
pca,10000,3395,-0.3653336,-0.104370095,5.0,B07ZNBZCW5
pca,10000,3396,-0.046579354,-0.14605153,5.0,B01NAVO5PF
pca,10000,3397,-0.19406901,0.42982084,5.0,B07YFW6SKQ
pca,10000,3398,0.24993879,-0.09882679,5.0,B00SFSU53G
pca,10000,3399,0.23353404,0.04817532,4.0,B00K4QX99O
pca,10000,3400,0.09375596,-0.27723777,4.0,B07324B77V
pca,10000,3401,-0.022189997,-0.054766163,5.0,B08MRTZWJ5
pca,10000,3402,0.20818333,-0.02831179,5.0,B01LH3DSB6
pca,10000,3403,0.36800689,0.01555779,4.0,B008CQSDN0
pca,10000,3404,0.36800689,0.01555779,3.0,B002AR5XIK
pca,10000,3405,0.33281165,0.09324465,5.0,B000V3UX62
pca,10000,3406,0.36800689,0.01555779,4.0,B00CE8DUYY
pca,10000,3407,0.36800689,0.01555779,3.0,B0096PLB9O
pca,10000,3408,0.36800689,0.01555779,4.0,B00BJH6A1Q
pca,10000,3409,0.16996996,0.029522,5.0,B00B0CQCCC
pca,10000,3410,0.36800689,0.01555779,3.0,B00DSX557O
pca,10000,3411,0.27174208,0.041943938,5.0,B00WY654TU
pca,10000,3412,-0.085443206,-0.006256727,5.0,B008J0Z9TA
pca,10000,3413,-0.11784758,-0.033874504,5.0,B0BXYXD1Q2
pca,10000,3414,-0.11669201,-0.106782585,5.0,B013EKI2DY
pca,10000,3415,-0.1458485,0.12246709,3.0,B01AAZWQL0
pca,10000,3416,0.18858005,-0.11980561,5.0,B08HRK6RT8
pca,10000,3417,0.018405043,0.2693541,5.0,B07LGVQ8TC
pca,10000,3418,-0.05309982,0.05911909,5.0,B07V2P6H3Y
pca,10000,3419,-0.25904313,-0.074712835,5.0,B07K8G9142
pca,10000,3420,0.015239945,0.1601698,5.0,B084DQY6TK
pca,10000,3421,-0.17204812,-0.14260201,4.0,B08RLW7918
pca,10000,3422,0.23952512,0.12524983,5.0,B0BC7QQXX5
pca,10000,3423,0.16181588,-0.020400316,5.0,B0791TX5P5
pca,10000,3424,-0.21509054,0.08078228,2.0,B0741WGQ36
pca,10000,3425,-0.17049453,0.1983305,5.0,B08J9NQ6CS
pca,10000,3426,-0.004206881,-0.08917548,5.0,B0083YCFIK
pca,10000,3427,-0.1487321,0.23228645,5.0,B09VSZJHNV
pca,10000,3428,0.0724128,-0.0013893582,5.0,B01EG5502W
pca,10000,3429,-0.09685653,0.112765245,3.0,B07JY97R2B
pca,10000,3430,-0.20096096,-0.036518976,5.0,B01N4DUGHQ
pca,10000,3431,0.0571716,-0.00043893792,5.0,B09MT8LK6Q
pca,10000,3432,0.097983755,0.22228411,5.0,B01G2AJ5W0
pca,10000,3433,-0.15819754,0.3006789,5.0,B00902SFC4
pca,10000,3434,-0.085276805,0.10406347,5.0,B0086829D4
pca,10000,3435,-0.2826585,0.416878,2.0,B07B65Q3RC
pca,10000,3436,0.10134732,-0.05943492,5.0,B0875M44Y5
pca,10000,3437,-0.016656946,0.056869425,5.0,B00MK24EUI
pca,10000,3438,-0.07656068,0.015544042,5.0,B0928VH1XV
pca,10000,3439,-0.27091256,0.38825363,3.0,B015QTOS0C
pca,10000,3440,-0.16592531,0.4092917,5.0,B00L661Z6U
pca,10000,3441,0.19181468,-0.16345318,1.0,B000Q37TBY
pca,10000,3442,-0.08651557,-0.2840655,5.0,B079BZQ987
pca,10000,3443,-0.14510955,-0.34983432,2.0,B075X8471B
pca,10000,3444,-0.029167343,-0.059095003,5.0,B0153CASRY
pca,10000,3445,-0.05569244,-0.05062473,5.0,B079Z981R2
pca,10000,3446,-0.09005374,-0.2320493,5.0,B007IPZDNO
pca,10000,3447,0.2485985,-0.019914437,5.0,B0001O04SS
pca,10000,3448,0.09710203,0.08573765,5.0,B000BJSEQW
pca,10000,3449,0.00014150888,-0.12475654,3.0,B0001ZZ838
pca,10000,3450,0.25279623,0.2595333,5.0,B000OUS3A0
pca,10000,3451,0.23188841,-0.25240344,5.0,B002L6HE6E
pca,10000,3452,0.19807309,0.08134677,5.0,B000P6MOG2
pca,10000,3453,0.078474924,-0.09772737,5.0,B000065BP9
pca,10000,3454,-0.040412176,-0.11550414,5.0,B0BZ5KPQZK
pca,10000,3455,0.31965053,0.34854764,5.0,B071L6FK53
pca,10000,3456,0.05637365,0.42204902,5.0,B00AX2DULQ
pca,10000,3457,0.31667143,0.16718893,5.0,B00AX2DUQQ
pca,10000,3458,-0.08995688,0.30904278,5.0,B010BWYDYA
pca,10000,3459,-0.08051359,0.45193663,3.0,B06XPVC1BD
pca,10000,3460,0.20474698,-0.32328063,1.0,B0BV3NWX67
pca,10000,3461,-0.20485446,0.35129258,3.0,B08YNPQPR8
pca,10000,3462,0.056927595,-0.05261182,5.0,B07VDPY2RL
pca,10000,3463,-0.06909982,-0.30921608,4.0,B07MLY3JKV
pca,10000,3464,0.20099454,-0.1263384,1.0,B0887X4XSD
pca,10000,3465,-0.119713664,-0.063578874,4.0,B08PQC7RKN
pca,10000,3466,-0.068783075,-0.28966352,5.0,B07KTYJ769
pca,10000,3467,0.059231896,-0.09994449,5.0,B0792K2BK6
pca,10000,3468,-0.058088437,0.42971736,5.0,B00WTPH5SO
pca,10000,3469,-0.16242261,-0.35860813,5.0,B098B43MXM
pca,10000,3470,0.04505471,-0.048317224,5.0,B07H65KP63
pca,10000,3471,0.008833872,0.031728126,5.0,B01M3ULMWP
pca,10000,3472,-0.10767451,0.39050734,5.0,B0721MMN1M
pca,10000,3473,-0.037772477,-0.1694728,5.0,B0C21131CZ
pca,10000,3474,-0.023821492,0.018181104,5.0,B0B5LCZY7N
pca,10000,3475,-0.19224004,-0.19761878,5.0,B0BLTVYRCF
pca,10000,3476,0.022579886,-0.07639921,5.0,B08QHPDHF9
pca,10000,3477,-0.116245,-0.2177691,5.0,B0C5WN1QFK
pca,10000,3478,-0.005063439,0.2633219,2.0,B082B4WPNS
pca,10000,3479,-0.1947279,-0.32542595,5.0,B07G7VT8KQ
pca,10000,3480,-0.23222336,-0.055755816,5.0,B08PFW1S1V
pca,10000,3481,-0.13404769,-0.37685972,5.0,B0C5SBGRNJ
pca,10000,3482,-0.11471282,-0.19898094,5.0,B0BXWV8898
pca,10000,3483,-0.062368207,-0.16314766,5.0,B001EZYMF4
pca,10000,3484,-0.09864555,-0.3355729,5.0,B089NDQJSJ
pca,10000,3485,0.05053506,-0.1675501,5.0,B0BS2TMK39
pca,10000,3486,0.06871077,-0.021092398,5.0,B00TZAO9DK
pca,10000,3487,-0.19158183,-0.1865997,5.0,B094YFRL85
pca,10000,3488,0.12531698,0.15296148,5.0,B00RNGOHO4
pca,10000,3489,-0.09390672,0.28963304,5.0,B01HCHVUOS
pca,10000,3490,-0.12161586,-0.27007842,4.0,B00ZVJAF9G
pca,10000,3491,-0.14943177,-0.2494399,5.0,B00B9B4IYI
pca,10000,3492,-0.239532,-0.3116474,5.0,B001MPWMDA
pca,10000,3493,-0.101095095,-0.13999683,5.0,B001LOP874
pca,10000,3494,-0.1205865,-0.07981087,5.0,B000EPHR0C
pca,10000,3495,0.053039722,0.14711472,4.0,B000FARNN2
pca,10000,3496,0.47357368,0.04000953,5.0,B07725JKKY
pca,10000,3497,0.54398817,-0.13984656,5.0,B0BMGZXST9
pca,10000,3498,0.38709378,0.17764111,5.0,B08HPFJ6J1
pca,10000,3499,0.2256468,0.29708835,5.0,B07PQJJMHD
pca,10000,3500,-0.3404263,-0.14342862,3.0,B09F5PYV9J
pca,10000,3501,-0.2010115,0.2674048,5.0,B081CDDL1P
pca,10000,3502,-0.2171978,-0.15106416,4.0,B0BTLN9QH9
pca,10000,3503,-0.07843654,-0.08308924,1.0,B00CRXZVGQ
pca,10000,3504,0.4686701,0.07588428,5.0,B07L3RSM2L
pca,10000,3505,0.13880688,0.07429621,5.0,B07K843CLB
pca,10000,3506,-0.15208915,0.095487334,1.0,B00Y5IQ7HS
pca,10000,3507,-0.09834092,-0.34674928,1.0,B0BS1615YC
pca,10000,3508,0.31118432,0.031029029,5.0,B01LYW41TH
pca,10000,3509,0.13208896,-0.083315976,1.0,B07KQL6J9Q
pca,10000,3510,-0.11222051,-0.3532271,1.0,B07WWNNC1J
pca,10000,3511,-0.015773997,-0.18813528,2.0,B07GZFM1ZM
pca,10000,3512,-0.16858456,0.18671197,4.0,B0B4X15PCR
pca,10000,3513,-0.3517041,-0.019220466,4.0,B0BNT7YX1C
pca,10000,3514,-0.101824395,-0.12987639,5.0,B0C493YD8M
pca,10000,3515,0.06288801,0.10806931,5.0,B0BR3HFB4L
pca,10000,3516,0.018110717,0.38426167,5.0,B0BMLRK2HT
pca,10000,3517,-0.21907704,-0.02909597,5.0,B0BWHHJQQ9
pca,10000,3518,-0.14768471,-0.05695711,5.0,B0C9F57ZG8
pca,10000,3519,-0.09940508,0.29800025,5.0,B0C461JPR5
pca,10000,3520,-0.104943156,0.22995201,5.0,B0C65RMTNV
pca,10000,3521,-0.16092914,0.32448518,5.0,B0BBZC1FTG
pca,10000,3522,-0.050436668,-0.06684483,5.0,B0BM3581GL
pca,10000,3523,-0.05412163,0.16519016,5.0,B0BT76ZMN9
pca,10000,3524,-0.109876364,-0.040062428,5.0,B0BVB5R4HJ
pca,10000,3525,-0.3444369,0.19695604,5.0,B0BGX92F3J
pca,10000,3526,0.09237366,-0.08826647,2.0,B0C1GNZZ1M
pca,10000,3527,-0.22005403,-0.08386514,5.0,B0BM8TJY8S
pca,10000,3528,-0.109907135,0.027433364,4.0,B0BN4X5WG1
pca,10000,3529,-0.24650264,0.004777642,4.0,B0C1NFW1HT
pca,10000,3530,-0.10089093,-0.026174398,4.0,B0BNWJN35V
pca,10000,3531,0.038558997,0.13132544,5.0,B0BTNH4TQ9
pca,10000,3532,-0.01639999,0.11991038,1.0,B0B6C7F94W
pca,10000,3533,-0.038296062,0.055385455,2.0,B0CB1HY9P1
pca,10000,3534,-0.13293478,0.2629802,4.0,B0C48XL8M7
pca,10000,3535,-0.240441,-0.09281482,4.0,B0BLVWK2BR
pca,10000,3536,-0.16404627,-0.064851694,5.0,B0BF55ZD6Z
pca,10000,3537,-0.073768854,0.07612978,2.0,B0BB6YT4ML
pca,10000,3538,-0.10082472,0.009749601,3.0,B0BCWDGVTM
pca,10000,3539,-0.18678121,-0.10309427,5.0,B0BND3RXWC
pca,10000,3540,-0.09470262,-0.038814686,5.0,B09M7RD84H
pca,10000,3541,-0.19828895,0.09560465,2.0,B0BV5NRPM5
pca,10000,3542,-0.14929704,-0.047726125,5.0,B0BBVMYMK9
pca,10000,3543,-0.12228723,0.08970882,2.0,B0B4RYZPFH
pca,10000,3544,-0.23534954,0.14518458,3.0,B0BLCBHTZC
pca,10000,3545,-0.04478699,-0.007923564,4.0,B0B5GTGSTB
pca,10000,3546,-0.20899476,-0.110235915,5.0,B0C2PVFRWV
pca,10000,3547,-0.31901553,-0.09604741,4.0,B01I0VD8JA
pca,10000,3548,-0.2717885,-0.06570804,5.0,B07RZRT1TF
pca,10000,3549,-0.18046094,-0.048374213,5.0,B0142FEWD4
pca,10000,3550,0.09979426,-0.1251723,1.0,B0872FMZ82
pca,10000,3551,0.27454245,-0.014471305,1.0,B0CD2GYCTB
pca,10000,3552,-0.1513183,-0.09601055,5.0,B00JX6R9T2
pca,10000,3553,0.08891566,0.018345434,5.0,B0090T8NL0
pca,10000,3554,0.2525745,0.07924886,4.0,B07XXWZKBT
pca,10000,3555,0.2525745,0.07924886,5.0,B0BRZFGB6R
pca,10000,3556,0.25257438,0.079248786,3.0,B09VBWBHBC
pca,10000,3557,0.25257438,0.079248786,5.0,B09GLQ2PFV
pca,10000,3558,0.25257438,0.079248786,3.0,B084HM5WG1
pca,10000,3559,0.2525745,0.07924886,4.0,B0B8CPMS4T
pca,10000,3560,0.25257438,0.079248786,5.0,B07PHQ93TV
pca,10000,3561,0.2525745,0.07924886,4.0,B08HPKB3H9
pca,10000,3562,0.2525745,0.07924886,5.0,B09DCCW5XZ
pca,10000,3563,0.2525745,0.07924886,4.0,B08KZKX21T
pca,10000,3564,0.2525745,0.07924886,5.0,B09FLC43DP
pca,10000,3565,0.2525745,0.07924886,4.0,B08F1P3BCC
pca,10000,3566,0.2525745,0.07924886,5.0,B0876WPHJ9
pca,10000,3567,0.2525745,0.07924886,5.0,B0BGPTTKVC
pca,10000,3568,0.25257438,0.079248786,5.0,B09JF83P1H
pca,10000,3569,0.25257438,0.079248786,5.0,B086V1Z43F
pca,10000,3570,0.25257438,0.079248786,5.0,B07R4X3RTG
pca,10000,3571,0.25257438,0.079248786,5.0,B0BXL7Y9ZB
pca,10000,3572,0.25257438,0.079248786,5.0,B07FP8VLXS
pca,10000,3573,0.25257438,0.079248786,4.0,B07JPCWW76
pca,10000,3574,0.25257438,0.079248786,5.0,B0C6RGTGMW
pca,10000,3575,0.2525745,0.07924886,5.0,B00BHM9Q0K
pca,10000,3576,0.2525745,0.07924886,3.0,B089R3W3D6
pca,10000,3577,0.09690225,-0.09979804,3.0,B074XLN4GS
pca,10000,3578,0.21138646,-0.042951968,5.0,B07KM2NR5K
pca,10000,3579,0.25257438,0.079248786,5.0,B06W568Y6C
pca,10000,3580,0.2087362,0.016586188,5.0,B07PS179D8
pca,10000,3581,0.25257438,0.079248786,4.0,B01H5RHG9S
pca,10000,3582,0.25257438,0.079248786,5.0,B099NY674N
pca,10000,3583,0.25257438,0.079248846,5.0,B06X6BTQ8N
pca,10000,3584,0.25257438,0.079248786,5.0,B0BN74ZJDK
pca,10000,3585,0.25257438,0.079248846,5.0,B01LWPGB6C
pca,10000,3586,0.25257438,0.079248786,4.0,B07PRC9KVY
pca,10000,3587,0.25257438,0.079248786,5.0,B07QPTS1JQ
pca,10000,3588,0.2525745,0.07924886,5.0,B0043T7FXE
pca,10000,3589,0.2525745,0.07924886,5.0,B07QLSGMXC
pca,10000,3590,0.25257438,0.079248786,5.0,B0C449B8FT
pca,10000,3591,-0.10501424,-0.036465295,5.0,B07HGJQCL9
pca,10000,3592,-0.08970931,0.2785747,2.0,B07GZGXB27
pca,10000,3593,-0.025331065,-0.0065685534,5.0,B004XD8KXE
pca,10000,3594,-0.089842476,-0.313882,1.0,B0C7THZNCB
pca,10000,3595,-0.21650429,0.46284094,5.0,B09L511K6J
pca,10000,3596,0.09235702,-0.14335996,5.0,B0BQ7F5QD3
pca,10000,3597,-0.053182825,-0.09680724,3.0,B08QV7TPDW
pca,10000,3598,-0.26936635,0.44041762,5.0,B08SQ2XXX8
pca,10000,3599,-0.27637094,0.342296,3.0,B08TLZQXB1
pca,10000,3600,-0.2325221,0.46095374,3.0,B08GFM3RG7
pca,10000,3601,-0.092668094,0.3733088,4.0,B089F9YDFC
pca,10000,3602,-0.17564814,0.02458669,2.0,B08NDVF9VG
pca,10000,3603,-0.21104255,0.42342913,2.0,B08NPX3B8M
pca,10000,3604,-0.18008693,0.44723195,5.0,B08FJBNFWK
pca,10000,3605,-0.12483029,0.3328796,4.0,B08B1W2LYL
pca,10000,3606,-0.2325699,-0.16488503,2.0,B07MLVKBQM
pca,10000,3607,-0.16027676,0.370267,3.0,B08CBPH3MW
pca,10000,3608,0.015046103,0.18931983,4.0,B07WC81LRS
pca,10000,3609,-0.05335284,0.082803085,4.0,B07G28NF3L
pca,10000,3610,-0.22142185,0.4286597,5.0,B06XRTFG29
pca,10000,3611,0.08132693,0.17726219,5.0,B09X5RHMRZ
pca,10000,3612,-0.024827696,0.098439395,4.0,B09BP1LB8L
pca,10000,3613,-0.027467735,-0.16543035,2.0,B07PCQ3W1C
pca,10000,3614,-0.24896237,-0.2812612,4.0,B0BGT3RRRR
pca,10000,3615,-0.098530084,0.027929774,4.0,B07JGSN975
pca,10000,3616,-0.19636074,-0.38324144,2.0,B07D81YXPH
pca,10000,3617,-0.22790942,0.36298963,3.0,B07J1GYCWC
pca,10000,3618,0.08443474,-0.20684865,5.0,B0792LX8P5
pca,10000,3619,-0.25439918,-0.087603055,5.0,B07DDLX3HC
pca,10000,3620,-0.27114362,-0.003218037,5.0,B07DTJ7RV5
pca,10000,3621,-0.18787737,0.31496495,5.0,B07Z3ZF5NG
pca,10000,3622,-0.09742346,-0.083043255,5.0,B08YMVB98D
pca,10000,3623,-0.18150674,0.15131849,4.0,B078WSWCWH
pca,10000,3624,-0.12217462,0.05681526,4.0,B0771R6PFQ
pca,10000,3625,-0.3425854,-0.051074974,5.0,B09YYX736L
pca,10000,3626,-0.08052862,-0.10403421,4.0,B0742RKNKP
pca,10000,3627,-0.060497448,0.19101903,4.0,B08XD4N3K4
pca,10000,3628,-0.27401814,0.19098327,4.0,B01D3NROZE
pca,10000,3629,-0.20578198,-0.29772377,3.0,B06X9FX834
pca,10000,3630,-0.21676236,-0.2841144,4.0,B01N17AQ7U
pca,10000,3631,-0.19912282,0.09352318,5.0,B07BLKHQK6
pca,10000,3632,-0.20428328,-0.26952186,4.0,B01I095OO4
pca,10000,3633,0.003446849,-0.0065597054,1.0,B01N6JCWPI
pca,10000,3634,-0.17439088,-0.08123526,2.0,B01A33NUH8
pca,10000,3635,-0.17605102,0.2538483,5.0,B00Y0M32TK
pca,10000,3636,-0.029896706,-0.02812825,2.0,B0167KVZTQ
pca,10000,3637,-0.022429135,-0.3820413,2.0,B00ZXI2MJG
pca,10000,3638,-0.18567045,-0.3089408,4.0,B007ZG03DG
pca,10000,3639,-0.18340899,-0.3047255,4.0,B011IH6MBO
pca,10000,3640,-0.2682298,-0.19645703,5.0,B013G6TMUS
pca,10000,3641,-0.39788505,-0.19173025,4.0,B00JJVG08W
pca,10000,3642,-0.10412425,-0.22351332,5.0,B099RZY28N
pca,10000,3643,-0.16265911,0.36090887,4.0,B00DVFLJKQ
pca,10000,3644,-0.19182923,0.070010744,4.0,B00O0M750W
pca,10000,3645,-0.16387005,0.257175,3.0,B00OD37KZS
pca,10000,3646,-0.48559356,0.0060075745,5.0,B00WUEKA2C
pca,10000,3647,-0.29126707,-0.27175218,2.0,B00MPMK3GW
pca,10000,3648,-0.07362528,0.055374213,5.0,B00IYOJD84
pca,10000,3649,-0.09556938,-0.06892512,5.0,B000BNY64C
pca,10000,3650,0.009120706,-0.4050851,3.0,B00DIFIM36
pca,10000,3651,-0.2227274,-0.24171698,5.0,B0BYSP9676
pca,10000,3652,-0.1761287,-0.07457905,5.0,B00A4A1TYM
pca,10000,3653,-0.11660214,0.036249503,5.0,B005DQG5SC
pca,10000,3654,-0.027573295,0.044316776,5.0,B00109Y2DQ
pca,10000,3655,-0.06401234,0.08431483,2.0,B0026H5DFM
pca,10000,3656,-0.11273351,0.014028098,1.0,B002P5KOXG
pca,10000,3657,-0.06655278,-0.18553656,5.0,B00009QOS3
pca,10000,3658,-0.023570247,-0.1192853,3.0,B002XDRWZS
pca,10000,3659,0.08278057,0.20639078,5.0,B09TQMFXR5
pca,10000,3660,0.005600524,0.09518576,5.0,B07P7KG4TJ
pca,10000,3661,-0.027391028,-0.028110532,5.0,B0BMQJYLQV
pca,10000,3662,0.03138057,-0.33009782,1.0,B07BYB11K5
pca,10000,3663,-0.058421455,-0.059661098,1.0,B091GDK56V
pca,10000,3664,-0.10769008,0.005932685,4.0,B07GRS3T39
pca,10000,3665,-0.067045204,-0.14438528,5.0,B08WZCCBQJ
pca,10000,3666,0.16010934,-0.2668133,5.0,B07H65KP63
pca,10000,3667,-0.07711525,0.42584336,5.0,B08F3842HL
pca,10000,3668,0.009205737,0.10259325,2.0,B0C2Q5KR4N
pca,10000,3669,-0.00044377148,0.23200294,5.0,B08VJBG4Q5
pca,10000,3670,0.3514136,0.119806774,5.0,B07RWCK6KX
pca,10000,3671,0.07029253,-0.0015387936,4.0,B0C6L1SNTV
pca,10000,3672,-0.07174154,-0.26962575,1.0,B0BGRL2618
pca,10000,3673,0.08482498,0.027783258,5.0,B0B1QG1V5P
pca,10000,3674,-0.065068714,-0.16810939,5.0,B0BJKGH183
pca,10000,3675,0.16775802,0.0384672,5.0,B0BBF4N2FT
pca,10000,3676,-0.19289738,-0.14347991,5.0,B09WCL9HRK
pca,10000,3677,0.16595484,-0.10060117,5.0,B08T6GN9GV
pca,10000,3678,0.1939708,0.05285936,5.0,B0895FSRBC
pca,10000,3679,-0.15155356,-0.037643626,2.0,B092HSPZJ3
pca,10000,3680,0.036933057,0.19808748,5.0,B0972FX87Z
pca,10000,3681,-0.15739588,-0.18492998,5.0,B09NDHMLY3
pca,10000,3682,0.1528709,0.17116341,5.0,B08MV6Q6BJ
pca,10000,3683,-0.17953576,0.00762525,1.0,B08D3CGWV6
pca,10000,3684,-0.21301796,0.08718734,4.0,B08ZJKHX28
pca,10000,3685,0.055963352,0.35541087,5.0,B07C3ZGG2P
pca,10000,3686,-0.06493524,0.13005939,3.0,B00EY2Q1AS
pca,10000,3687,0.09767875,-0.2208911,5.0,B0C5829XY7
pca,10000,3688,0.08179813,0.04461564,5.0,B09TQZSZ51
pca,10000,3689,0.1761073,0.1161763,5.0,B0836G48XD
pca,10000,3690,-0.07791415,-0.079434134,5.0,B0851Z83VV
pca,10000,3691,-0.28795546,0.2258188,5.0,B0C4Z5NQKJ
pca,10000,3692,0.060398538,-0.028547086,5.0,B00JVLLE7C
pca,10000,3693,0.24330722,-0.035760682,5.0,B07WHTQW4X
pca,10000,3694,0.08842531,-0.1682185,1.0,B008I640HW
pca,10000,3695,0.23865174,0.106521726,5.0,B075DHMSKQ
pca,10000,3696,0.07873897,0.28139797,5.0,B07FT87W4X
pca,10000,3697,0.11408541,0.12898335,5.0,B09NDHYLRH
pca,10000,3698,-0.23081395,0.036033735,5.0,B0B4PXG2H8
pca,10000,3699,0.13633814,-0.12180833,5.0,B01IEU7UZ0
pca,10000,3700,0.3447286,0.08610091,5.0,B019PZMVN4
pca,10000,3701,-0.1852011,0.16659008,1.0,B00OPSSWO4
pca,10000,3702,-0.2817017,0.04561408,5.0,B0BRNTHSLP
pca,10000,3703,0.09483717,0.18496367,5.0,B0891V9KDC
pca,10000,3704,-0.05325716,-0.10182405,5.0,B00NNY1SNI
pca,10000,3705,-0.082651205,-0.22849688,1.0,B0BD7FN8K9
pca,10000,3706,-0.07293681,-0.12913081,1.0,B09VDYNVKS
pca,10000,3707,-0.13216384,0.1755111,5.0,B00CYX26BC
pca,10000,3708,-0.021561705,-0.05045525,5.0,B08VWD7M67
pca,10000,3709,-0.07031747,0.24040592,3.0,B0BF7YTR5Q
pca,10000,3710,-0.06336603,0.06792151,5.0,B0BRR8T4FH
pca,10000,3711,-0.23817644,-0.25592428,3.0,B08RB1DBQY
pca,10000,3712,-0.26139337,-0.15735082,1.0,B08FX6FB1S
pca,10000,3713,-0.10295605,0.2674286,5.0,B07YJ1RD3B
pca,10000,3714,-0.12714258,0.20706102,5.0,B07N5ZPYFK
pca,10000,3715,-0.18035823,-0.13147607,4.0,B07S764D9V
pca,10000,3716,0.12956607,0.1862638,5.0,1891396722
pca,10000,3717,-0.22464652,-0.17847295,5.0,B07PGGFFW8
pca,10000,3718,-0.1601351,-0.0022171345,5.0,B0BL3B12HK
pca,10000,3719,0.1776157,0.15122963,5.0,B00DYQYLP2
pca,10000,3720,0.2010974,-0.03272777,5.0,B00CE8DUYY
pca,10000,3721,-0.25121367,-0.111128785,3.0,B07Q72SWTP
pca,10000,3722,0.35453847,-0.0740288,5.0,B07CZZM9J5
pca,10000,3723,-0.21160023,0.06450428,5.0,B08698CM5W
pca,10000,3724,0.05633673,-0.122895665,5.0,B0BBV96SD7
pca,10000,3725,0.052117106,-0.08937968,5.0,B07Z95LWK5
pca,10000,3726,-0.16638888,0.3492452,5.0,B07SFLKCFN
pca,10000,3727,-0.17645021,-0.14136358,5.0,B07RGJYJS5
pca,10000,3728,0.033356674,0.12665622,5.0,B00XIVH2LI
pca,10000,3729,-0.097412355,0.37481835,5.0,B004B8QOWU
pca,10000,3730,-0.13464572,0.19382408,5.0,B003DZ168E
pca,10000,3731,-0.09342407,0.35747474,5.0,B004JXVOFE
pca,10000,3732,-0.18999608,-0.3578355,5.0,B001PBWNOY
pca,10000,3733,0.5352542,0.029389052,5.0,B0C1CMV4T7
pca,10000,3734,0.33092102,0.0978636,5.0,B09ZH6PG3G
pca,10000,3735,0.45280433,0.096390024,4.0,B01GEGO6FS
pca,10000,3736,0.5352542,0.029389052,5.0,B083NC7SCB
pca,10000,3737,0.45280433,0.096390024,5.0,B0BJ4VTSLC
pca,10000,3738,0.17494364,-0.011693401,5.0,B08HSPKMKQ
pca,10000,3739,-0.10197873,-0.14067592,5.0,B0831FDDK7
pca,10000,3740,0.1820051,-0.03157256,4.0,B00E9MD700
pca,10000,3741,0.036549848,-0.077016145,5.0,B09VXT3PC5
pca,10000,3742,0.46676517,0.09084009,5.0,B08CLNX58K
pca,10000,3743,0.07018621,-0.2742326,1.0,B0BHMVBV9M
pca,10000,3744,0.11862682,-0.3160467,5.0,B09WHR6NRB
pca,10000,3745,0.24312076,0.046604075,5.0,B07L1N4W4Y
pca,10000,3746,0.4047304,-0.21802633,1.0,B085ZZ243N
pca,10000,3747,0.23699872,0.2212197,5.0,B0751HWFQY
pca,10000,3748,0.2628594,-0.015598799,5.0,B078T633Q9
pca,10000,3749,-0.11233419,-0.0752204,5.0,B07Z4PXXBS
pca,10000,3750,-0.09071986,0.3031349,5.0,B0BX65VLJ9
pca,10000,3751,-0.19146036,-0.20650366,1.0,B0BZ15FM42
pca,10000,3752,0.46490428,0.15637523,5.0,B08M5YL7GW
pca,10000,3753,0.06260729,-0.17983912,5.0,B07456BG8N
pca,10000,3754,0.1802867,-0.14772518,5.0,B01K8B8YA8
pca,10000,3755,0.029093247,-0.2670656,5.0,B00IF0JAIU
pca,10000,3756,0.05395757,-0.07020818,3.0,B09G9STJF6
pca,10000,3757,0.03898286,0.101297766,4.0,B010BWYDYA
pca,10000,3758,0.0787426,0.17446017,5.0,B003SWLRLS
pca,10000,3759,0.42695335,0.08781357,5.0,B07KTYJ769
pca,10000,3760,-0.15863109,-0.1956814,5.0,B09YGYC783
pca,10000,3761,-0.08344521,-0.20633462,5.0,B0BVBFPD2X
pca,10000,3762,0.0030376418,-0.023468196,5.0,B083FFPJC1
pca,10000,3763,0.064897195,-0.12385175,5.0,B08L3C66BK
pca,10000,3764,0.013737267,-0.20180374,4.0,B086VRY8GZ
pca,10000,3765,-0.2514181,0.0006993273,5.0,B07VPBFW43
pca,10000,3766,0.14257692,0.05110906,5.0,B07F4MYW5B
pca,10000,3767,-0.00025433488,-0.23778445,5.0,B07CHX3TNJ
pca,10000,3768,-0.041369464,0.16829905,5.0,B07P374FF3
pca,10000,3769,0.18060277,0.21009733,5.0,B01FLSXRT6
pca,10000,3770,0.2437897,0.1619351,5.0,B09WDS7KLW
pca,10000,3771,-0.0126674045,-0.103974625,5.0,B00EZMZULI
pca,10000,3772,0.02711534,0.439244,5.0,B07BRQPVFZ
pca,10000,3773,0.08508069,0.46452302,5.0,B007FG43R8
pca,10000,3774,-0.10429102,0.23541008,5.0,B09NR95LFW
pca,10000,3775,-0.082353435,-0.07684669,5.0,B0BR3GJ3J9
pca,10000,3776,-0.2603298,-0.008657585,4.0,B0BTY9GGP7
pca,10000,3777,-0.31577814,0.23132172,5.0,B0BP6V5PHH
pca,10000,3778,-0.32332903,-0.08932246,3.0,B0BSFZXBPN
pca,10000,3779,-0.32476023,-0.14650859,3.0,B09NCXYHMV
pca,10000,3780,-0.08733464,0.17198744,4.0,B09X5XJ9BT
pca,10000,3781,-0.37829047,-0.17169137,4.0,B0BB2GRZFG
pca,10000,3782,-0.30310965,0.106184304,4.0,B0B3XPTKJH
pca,10000,3783,-0.14504316,-0.13547015,4.0,B09YHBRHC4
pca,10000,3784,-0.30300757,-0.24606042,4.0,B0B3D7FSMY
pca,10000,3785,-0.19859822,-0.17382164,5.0,B09ZQSD516
pca,10000,3786,-0.10832617,0.10035421,4.0,B09TP1XDL2
pca,10000,3787,-0.064527385,-0.04698684,5.0,B0B6RJW8FS
pca,10000,3788,-0.021732096,-0.04084996,5.0,B0BKKWQ983
pca,10000,3789,-0.15700749,-0.10971965,4.0,B09VH12VJV
pca,10000,3790,-0.20860265,0.3251656,5.0,B09V5L1LRJ
pca,10000,3791,-0.14274971,-0.016619902,5.0,B09TXCQ1PM
pca,10000,3792,-0.2859025,-0.00063076057,5.0,B09JBD923G
pca,10000,3793,-0.100511394,-0.30004552,5.0,B09PVB4272
pca,10000,3794,-0.26585385,-0.112832315,5.0,B09J31ZBB1
pca,10000,3795,-0.2863341,-0.012446724,5.0,B074DWW665
pca,10000,3796,-0.31636617,-0.10956456,5.0,B09FJ84PGH
pca,10000,3797,-0.19880517,0.31250095,5.0,B09HXHQ1L1
pca,10000,3798,-0.057904974,-0.12067532,5.0,B09M8991B5
pca,10000,3799,-0.110379264,-0.018932518,5.0,B0BNQNLMVS
pca,10000,3800,-0.122298524,-0.17556879,4.0,B09GFX6T6G
pca,10000,3801,-0.2313378,0.31707886,5.0,B09DKNYKCN
pca,10000,3802,-0.29285574,0.13134322,5.0,B09F5TF4TQ
pca,10000,3803,-0.34743297,-0.013147748,4.0,B08NX53RV3
pca,10000,3804,-0.15043087,0.03524515,4.0,B08NV6PJW9
pca,10000,3805,-0.12493564,0.31451708,5.0,B08SC8Q1H5
pca,10000,3806,-0.2511728,0.4608288,4.0,B094CFZLPR
pca,10000,3807,-0.18914104,-0.07300599,5.0,B08SW2BZ1P
pca,10000,3808,-0.1519084,-0.32916877,5.0,B08LCZ6MS7
pca,10000,3809,-0.094638504,-0.06849568,5.0,B08B39FF2Z
pca,10000,3810,-0.15912147,0.3877775,5.0,B086RQQCQ9
pca,10000,3811,-0.14553334,-0.21987522,5.0,B0BR89N1H7
pca,10000,3812,-0.11717312,0.051821634,5.0,B08B3KD42F
pca,10000,3813,-0.17219837,0.055078402,5.0,B082T84YJQ
pca,10000,3814,-0.24006993,-0.0059051565,5.0,B07Q3CW9WM
pca,10000,3815,-0.19463755,-0.02700686,5.0,B0859TMPHT
pca,10000,3816,0.0997567,0.107202925,4.0,B084ZYD2SN
pca,10000,3817,-0.15441172,0.12367626,5.0,B07ZH2WYV4
pca,10000,3818,-0.20038924,0.03725276,3.0,B083ZBRKX9
pca,10000,3819,-0.21790473,-0.3142787,5.0,B0C5MCNJKR
pca,10000,3820,-0.27704746,-0.11848596,5.0,B09TS8ZL94
pca,10000,3821,-0.036190107,-0.052356414,5.0,B095L8F33R
pca,10000,3822,-0.3028534,0.35976842,5.0,B0C8Y7KTML
pca,10000,3823,-0.29075515,0.36199823,5.0,B07W7Y3KZK
pca,10000,3824,-0.27745694,0.3187097,4.0,B08ZSSG82Y
pca,10000,3825,0.11173784,-0.014999455,5.0,B07C7LN2W1
pca,10000,3826,-0.35474363,-0.18381067,5.0,B07WC183S5
pca,10000,3827,-0.1967707,0.20384742,4.0,B07DCPKRL1
pca,10000,3828,-0.030621178,-0.14886618,5.0,B07799YR1F
pca,10000,3829,-0.1407812,-0.20759515,3.0,B0BZRW4B7S
pca,10000,3830,-0.1970554,0.055809513,5.0,B09Z2B5KG2
pca,10000,3831,-0.19938523,0.07204679,5.0,B0B6TPXW2C
pca,10000,3832,-0.1559451,-0.15147598,5.0,B00R124LAK
pca,10000,3833,-0.24381688,0.38982433,4.0,B07YFW6SKQ
pca,10000,3834,-0.25822228,-0.17173804,5.0,B01HPADPCW
pca,10000,3835,-0.14758852,-0.022208184,5.0,B09797FV1F
pca,10000,3836,-0.027234402,-0.16056857,5.0,B07YX2KPG7
pca,10000,3837,-0.020318199,-0.07189502,5.0,B00419ZT4I
pca,10000,3838,-0.05677378,0.069135256,4.0,B07Q1DPGWM
pca,10000,3839,-0.1527212,-0.046026796,4.0,B07H65KP63
pca,10000,3840,-0.1983124,0.021871923,5.0,B01EJ5UV3C
pca,10000,3841,-0.20459445,-0.10097917,5.0,B07Y2C5M2X
pca,10000,3842,0.091268346,-0.05593232,1.0,B00GVN0E3S
pca,10000,3843,-0.029031325,0.038422294,3.0,B07M7NHRQG
pca,10000,3844,0.11258275,0.12256914,5.0,B002CQU14A
pca,10000,3845,-0.17850547,-0.00918509,5.0,B0BSFD74LD
pca,10000,3846,-0.17537472,0.10136416,5.0,B07S7TK88B
pca,10000,3847,-0.15665047,0.18284294,4.0,B082M94GY9
pca,10000,3848,-0.20489047,0.26136175,4.0,B00X5P8BJO
pca,10000,3849,-0.3780574,-0.16183515,5.0,B07YP9MNJV
pca,10000,3850,-0.13730837,0.054588944,4.0,B07538T649
pca,10000,3851,0.20550267,-0.016230626,5.0,B07LCSZFVZ
pca,10000,3852,0.2672087,-0.052545287,1.0,B01MTF2Z37
pca,10000,3853,0.39887968,-0.01076309,5.0,B002SEEC78
pca,10000,3854,0.12638421,-0.05365981,5.0,B07XJ2XC5V
pca,10000,3855,-0.27270097,-0.2614532,5.0,B07YWG7NSN
pca,10000,3856,-0.055766247,0.02089017,5.0,B07SZ3N73V
pca,10000,3857,0.30460036,-0.2123062,5.0,B01L8LLP2G
pca,10000,3858,0.009251758,0.10797124,1.0,B07176FCQ5
pca,10000,3859,0.15138215,0.11023353,5.0,B0C4KBLJHD
pca,10000,3860,0.12317225,-0.005868334,5.0,B0B67LVBL1
pca,10000,3861,-0.052761026,-0.08006697,5.0,B00E1CR7DQ
pca,10000,3862,-0.16740124,-0.21822889,5.0,B0001FTVEK
pca,10000,3863,0.0355284,-0.1324413,5.0,B002PAR1FK
pca,10000,3864,0.025316058,-0.21422832,5.0,B002ISZD2C
pca,10000,3865,0.171306,-0.12576003,5.0,B00EDP03DW
pca,10000,3866,0.059165798,0.058702424,1.0,B005CX9RKE
pca,10000,3867,-0.21473351,-0.21527947,5.0,B000KKXRJQ
pca,10000,3868,-0.088061854,-0.036519498,1.0,B0C3M8B3MY
pca,10000,3869,0.04580439,0.102661096,5.0,B06Y6HP2JN
pca,10000,3870,-0.23279923,0.42785153,5.0,B076Q5MP77
pca,10000,3871,0.14015323,0.32317862,5.0,B0BTZDHJXY
pca,10000,3872,0.19280739,-0.086974226,4.0,B07PXVTTP6
pca,10000,3873,0.2434422,-0.035535183,5.0,B01EBI4N7C
pca,10000,3874,0.20397282,0.0055862367,2.0,B01IN26Z5A
pca,10000,3875,-0.1201234,-0.42726994,1.0,B00U3FPN4U
pca,10000,3876,-0.24529043,0.41374138,3.0,B076Q8F3KB
pca,10000,3877,-0.09537107,0.29498118,3.0,B0725SDWHR
pca,10000,3878,0.043177675,-0.19215584,5.0,B07KTYJ769
pca,10000,3879,0.11394963,-0.024685608,5.0,B07HZLHPKP
pca,10000,3880,-0.07690706,-0.19691029,5.0,B07BFRHZLB
pca,10000,3881,0.16588116,0.0041464474,5.0,B07W36WN5X
pca,10000,3882,0.26913598,0.2844032,5.0,B073QNQT43
pca,10000,3883,-0.010565752,-0.032310255,5.0,B075X8471B
pca,10000,3884,0.18431081,0.23500434,5.0,B07PTZCDQG
pca,10000,3885,0.11667324,0.33692268,5.0,B07Q3B3CTC
pca,10000,3886,-0.036874708,-0.14885505,5.0,B010BWYDYA
pca,10000,3887,0.16747816,0.20790918,5.0,B016FQ0ODK
pca,10000,3888,0.25257438,0.079248846,5.0,B0B4NZ74H8
pca,10000,3889,-0.06300691,-0.21881293,1.0,B08LPN41F4
pca,10000,3890,0.24348223,0.17240699,5.0,B09GBPVD27
pca,10000,3891,-0.1721165,0.05783657,5.0,B01DLNMD7A
pca,10000,3892,-0.059503824,0.1816961,5.0,B07NQQ4FVK
pca,10000,3893,-0.1723149,-0.24585663,5.0,B0B6WNTT91
pca,10000,3894,0.033073828,-0.03465188,5.0,B0BJ7QMYBF
pca,10000,3895,-0.16028446,-0.066613495,5.0,B08F4Z9KWP
pca,10000,3896,-0.050608158,-0.17811562,5.0,B07FSXHVLN
pca,10000,3897,0.35844684,0.06978853,5.0,B07PRMHDGZ
pca,10000,3898,0.13949347,0.25462797,2.0,B077YDMN27
pca,10000,3899,0.4672721,0.015291579,5.0,B012CD5PIY
pca,10000,3900,-0.038164288,-0.028253913,2.0,B08HSGZT6H
pca,10000,3901,-0.04377216,-0.28627175,2.0,B0118SPFCK
pca,10000,3902,-0.08433136,-0.11304136,3.0,B09W563Y2W
pca,10000,3903,-0.1073024,-0.20118088,3.0,B01LW4G71Y
pca,10000,3904,0.039932065,-0.37081435,1.0,B075CF97SZ
pca,10000,3905,-0.2197416,-0.13541795,2.0,B08Q2D3XR1
pca,10000,3906,0.028315727,-0.18045403,3.0,B00IB8IVDQ
pca,10000,3907,0.0327541,-0.5080813,5.0,B003L76BJS
pca,10000,3908,-0.1954812,-0.2994462,3.0,B005VO7LG6
pca,10000,3909,-0.10510583,-0.19871399,2.0,B005J7Y9B0
pca,10000,3910,0.05757456,-0.023284111,5.0,B000RGD9PK
pca,10000,3911,-0.16645098,-0.19057448,5.0,B008BWA0EK
pca,10000,3912,0.107085235,-0.16630921,4.0,B008EQSZ8Q
pca,10000,3913,0.15478751,-0.02696225,4.0,B0BMQN7L6B
pca,10000,3914,0.008113545,0.23329376,5.0,B01D8OM0H0
pca,10000,3915,0.16762376,-0.0525809,5.0,B00KCZTAI6
pca,10000,3916,0.2145968,-0.07786645,1.0,B005VGOD4M
pca,10000,3917,0.06196618,-0.18355294,5.0,B00005N5X1
pca,10000,3918,0.019014856,-0.05178806,5.0,B01CZBOO2Q
pca,10000,3919,0.12921062,0.009161748,5.0,B074CPK9SB
pca,10000,3920,-0.024155557,0.34267086,5.0,B07RLZ1KDY
pca,10000,3921,-0.1998641,0.056147113,5.0,B0000BYDKO
pca,10000,3922,0.0495682,0.023417031,5.0,B086SBHXHV
pca,10000,3923,0.18957175,0.13149348,5.0,B00XJ7QAC8
pca,10000,3924,0.38895324,0.14808941,5.0,B06XKM77TP
pca,10000,3925,0.19906573,0.056100987,5.0,B00YBC936A
pca,10000,3926,0.2680598,-0.04491064,5.0,B00IKMJOZC
pca,10000,3927,0.06834094,-0.23006222,5.0,B0040IUI46
pca,10000,3928,-0.000938423,0.15664077,5.0,B01FU08V64
pca,10000,3929,0.20785473,0.0985767,5.0,B00XJ118WG
pca,10000,3930,-0.012663079,-0.08279454,5.0,B0063JAUR0
pca,10000,3931,-0.08432469,0.1995309,5.0,B0051VVOB2
pca,10000,3932,-0.09130156,0.13451682,5.0,B005KDYBXO
pca,10000,3933,-0.026192468,0.081116185,5.0,B008RB6RYC
pca,10000,3934,0.11974809,-0.104740344,5.0,B0013CED4I
pca,10000,3935,0.10977207,0.0026526628,5.0,B0064L8Q1E
pca,10000,3936,0.07369701,0.06774723,5.0,B075XLNFCL
pca,10000,3937,-0.051880516,-0.0037357463,5.0,B07LG4FYVR
pca,10000,3938,0.34138587,-0.10823531,5.0,B08C5FX1BB
pca,10000,3939,-0.018380117,-0.101205364,4.0,B07VNQVL37
pca,10000,3940,-0.061975777,-0.25243244,5.0,B017KUN1HG
pca,10000,3941,-0.004454432,0.3890641,4.0,B07J38VMPN
pca,10000,3942,0.007412795,-0.049440093,5.0,B08S55D31N
pca,10000,3943,0.45280433,0.096390024,5.0,B07MC5P85F
pca,10000,3944,0.07821822,-0.0025894986,5.0,B08XHFK5SZ
pca,10000,3945,0.20666501,0.12312516,5.0,B07YFD37SF
pca,10000,3946,0.14904135,0.022604318,5.0,B092DD5L2V
pca,10000,3947,-0.022807837,-0.10114362,5.0,B07GL6S731
pca,10000,3948,-0.026471421,-0.1650592,5.0,B00LZRRAY6
pca,10000,3949,0.09383162,-0.043301225,5.0,B018PZHB26
pca,10000,3950,0.28674564,-0.18210639,5.0,B08BF4CZSV
pca,10000,3951,0.10868542,0.045019962,5.0,B0C8SCDNGK
pca,10000,3952,0.13256705,-0.08196316,3.0,B002RD7452
pca,10000,3953,0.41835034,-0.14588825,5.0,B09F5BLMVR
pca,10000,3954,0.25580305,-0.25054142,5.0,B09JQLTLG3
pca,10000,3955,0.30756143,0.039627194,5.0,B07VKJKWP1
pca,10000,3956,0.26716706,0.15765996,5.0,B075V2W6B2
pca,10000,3957,-0.06477447,0.31807584,5.0,B071CRMDS4
pca,10000,3958,0.20634688,-0.06275457,5.0,B072QLXK2T
pca,10000,3959,-0.065316774,0.33850193,5.0,B0851B3K9T
pca,10000,3960,0.23044801,-0.15649767,5.0,B07L48NDCH
pca,10000,3961,-0.07781261,-0.18844569,1.0,B08KGSZKCT
pca,10000,3962,-0.06299144,0.07887029,5.0,B083ZJYDRV
pca,10000,3963,0.059966806,-0.014455222,4.0,B07J245KLY
pca,10000,3964,0.124216154,-0.22071159,1.0,B08WJSHSLC
pca,10000,3965,-0.24172878,-0.07742709,5.0,B09MKBDFZK
pca,10000,3966,-0.0012856629,-0.18501392,5.0,B0791TX5P5
pca,10000,3967,-0.042931665,-0.18050022,5.0,B01DFKC6CQ
pca,10000,3968,-0.20517433,0.16786335,3.0,B01HAQBIVG
pca,10000,3969,-0.040054783,-0.21491086,5.0,B075X8471B
pca,10000,3970,-0.036515526,0.038183942,5.0,B0BJW2XLMR
pca,10000,3971,0.093295634,-0.18857257,5.0,B09718NNFN
pca,10000,3972,0.11801222,-0.21630318,1.0,B092WHC7C1
pca,10000,3973,0.030373117,-0.07786483,5.0,B077RV2H31
pca,10000,3974,0.06857368,-0.13894667,5.0,B00WIF2T7C
pca,10000,3975,0.07451196,0.2949118,4.0,B0C2YLQJYK
pca,10000,3976,-0.01041973,-0.23167774,4.0,B09LTYP9P5
pca,10000,3977,0.10296089,-0.39075732,5.0,B0B148JDG2
pca,10000,3978,-0.07085722,0.10662118,5.0,B0C8J2WHVR
pca,10000,3979,-0.26327842,-0.18769011,5.0,B0B57RY228
pca,10000,3980,-0.06765734,-0.20511079,5.0,B0C3NMZ2C7
pca,10000,3981,-0.22948769,0.11769595,5.0,B09F81Q875
pca,10000,3982,-0.0700558,-0.1174114,5.0,B0BZT5JSTV
pca,10000,3983,-0.2072987,-0.08255719,5.0,B0B3ZKBJ8V
pca,10000,3984,-0.28675994,-0.0950874,5.0,B09XNQQC8J
pca,10000,3985,-0.19836502,-0.11680077,5.0,B0C1ZYD3YQ
pca,10000,3986,-0.28054455,-0.07394777,5.0,B09WD35WWZ
pca,10000,3987,0.09555777,-0.13608542,5.0,B09PWGV7GC
pca,10000,3988,-0.15287726,-0.20801623,5.0,B098XPKHY8
pca,10000,3989,0.025903752,-0.10682549,5.0,B08JTMXXL6
pca,10000,3990,-0.08455304,-0.007430912,4.0,B09NRKZVDC
pca,10000,3991,-0.25587565,0.13132027,5.0,B009SKN5DC
pca,10000,3992,-0.27973363,-0.018623002,5.0,B0BG7KP5L4
pca,10000,3993,-0.08422869,0.21962151,5.0,B099YQ926V
pca,10000,3994,-0.15703033,0.023293285,5.0,B08P6PL5R3
pca,10000,3995,-0.21809815,-0.008199142,5.0,B0BWBC2GLD
pca,10000,3996,-0.1799881,-0.089369565,4.0,B0BLHNNSGG
pca,10000,3997,-0.36862338,-0.16217716,5.0,B09D4LQTYD
pca,10000,3998,-0.21208641,0.049339786,5.0,B08L883DQ5
pca,10000,3999,-0.11215423,-0.1987695,5.0,B0922LNFT3
pca,10000,4000,9.201467e-06,-0.1548601,4.0,B08L6HPFCR
pca,10000,4001,-0.17903425,0.30378357,4.0,B082W1GHY6
pca,10000,4002,0.04259323,0.14929992,5.0,B07YLMJZXB
pca,10000,4003,-0.15365075,-0.08879141,4.0,B087LWC6BM
pca,10000,4004,-0.33961684,-0.1501909,5.0,B09V3W5XFY
pca,10000,4005,-0.13087487,0.23060735,4.0,B0BSTPV9HY
pca,10000,4006,-0.22660433,-0.056151472,4.0,B087M428L1
pca,10000,4007,-0.05175495,0.36798668,5.0,B081LBFY9D
pca,10000,4008,-0.21058838,0.24717844,3.0,B0813DY3FY
pca,10000,4009,0.049769394,0.12562612,5.0,B088GT45PY
pca,10000,4010,-0.0042374562,-0.13893308,3.0,B07HKFG85D
pca,10000,4011,-0.26729634,0.43022895,5.0,B0974WBDVS
pca,10000,4012,-0.19904663,0.39063355,4.0,B07ZB12C8G
pca,10000,4013,-0.22044908,-0.25775516,5.0,B07XYQS9TP
pca,10000,4014,-0.22198544,0.40156716,5.0,B07X54PV85
pca,10000,4015,0.2755985,-0.025954297,4.0,B0BMQ999F8
pca,10000,4016,-0.12508434,0.0067401677,3.0,B0BN4PNNBH
pca,10000,4017,-0.21432203,-0.2963407,1.0,B07CB24GSV
pca,10000,4018,-0.17038599,0.032248512,4.0,B07K51MHPF
pca,10000,4019,-0.1955502,-0.05609209,5.0,B07VJMBRVQ
pca,10000,4020,-0.20130467,-0.18122365,1.0,B07KZZZ3JL
pca,10000,4021,0.01348819,-0.056349352,5.0,B07D33RMRN
pca,10000,4022,-0.08079762,-0.012201981,5.0,B07C64VJNB
pca,10000,4023,-0.118315175,0.21930376,5.0,B07Z9ZYJ5Q
pca,10000,4024,-0.12722622,-0.11130345,5.0,B0BWSB1W9D
pca,10000,4025,-0.31938404,-0.12137986,4.0,B07G8N2V9V
pca,10000,4026,-0.13179556,0.05802867,4.0,B08JZ4YSNR
pca,10000,4027,-0.17679007,-0.12664898,5.0,B07CWT66DG
pca,10000,4028,-0.2826178,-0.03982769,5.0,B07DWD3NNP
pca,10000,4029,-0.20552146,-0.32980403,5.0,B07H7DRWJN
pca,10000,4030,-0.1837678,-0.06603017,4.0,B018LWTYGO
pca,10000,4031,-0.07040829,0.0049630236,4.0,B07BHGK4MC
pca,10000,4032,-0.2627514,-0.2587955,5.0,B07DBY9H6X
pca,10000,4033,-0.07843149,-0.20461191,3.0,B079S3NVV4
pca,10000,4034,0.032292236,-0.15268165,3.0,B071HN7FB4
pca,10000,4035,-0.24125865,0.4673557,5.0,B07CWJ8MM1
pca,10000,4036,-0.21025366,-0.022779249,5.0,B00X69BZPG
pca,10000,4037,-0.22152737,-0.11531899,5.0,B077378YSS
pca,10000,4038,-0.29796952,-0.25210816,5.0,B0C7KLM8L2
pca,10000,4039,-0.3778565,0.042135715,5.0,B074F3YW3R
pca,10000,4040,-0.28870213,-0.2649998,3.0,B0747QMY9B
pca,10000,4041,-0.04658767,0.1551641,5.0,B071QWMTST
pca,10000,4042,-0.09225896,-0.054253846,5.0,B07319K943
pca,10000,4043,-0.3741578,0.4485144,5.0,B071W8TY6H
pca,10000,4044,-0.06583481,-0.14465398,5.0,B09RXJHHX7
pca,10000,4045,-0.28331834,0.0204486,5.0,B0BHTS96ZL
pca,10000,4046,-0.33800223,0.02461672,5.0,B01MSZSL4I
pca,10000,4047,-0.14630634,-0.07846518,2.0,B018PQPALY
pca,10000,4048,-0.27834672,0.4261436,4.0,B01ER4AZ9A
pca,10000,4049,-0.24977484,0.12322057,5.0,B07JMFQTC5
pca,10000,4050,-0.18715942,0.35727325,5.0,B0167G90D8
pca,10000,4051,-0.21423687,0.32149825,5.0,B0C15Q5H7H
pca,10000,4052,-0.22895728,0.100623176,5.0,B01D3NROZE
pca,10000,4053,-0.17364089,0.37935692,5.0,B00S74HGMG
pca,10000,4054,-0.12855303,-0.1217145,4.0,B01DPGPOTC
pca,10000,4055,-0.13218363,0.44717315,4.0,B06WRRWQDB
pca,10000,4056,-0.09500849,-0.088560134,5.0,B0000CCQKV
pca,10000,4057,-0.1021247,0.04228232,5.0,B00RM11QHG
pca,10000,4058,-0.2421847,0.45253655,5.0,B071LP2ZRC
pca,10000,4059,0.14074197,0.12020055,5.0,B07L6JJDCG
pca,10000,4060,-0.07256685,-0.00526091,5.0,B00F4A7A1I
pca,10000,4061,-0.014631718,-0.41743258,5.0,B00BUCLVZU
pca,10000,4062,0.09616749,-0.09530802,5.0,B00GJKW4YA
pca,10000,4063,-0.2114725,0.04918532,5.0,B01L1FEJ6S
pca,10000,4064,-0.34771436,-0.16207978,5.0,B00PJOPF98
pca,10000,4065,-0.2619921,-0.27050233,5.0,B00LSYHLR2
pca,10000,4066,-0.39274377,-0.14250816,5.0,B00M58CMYC
pca,10000,4067,-0.25840655,-0.35337657,5.0,B004I408OW
pca,10000,4068,-0.21127301,0.3408292,5.0,B00LGN7Y3G
pca,10000,4069,-0.20295994,-0.017072588,4.0,B00IG54NXG
pca,10000,4070,-0.28160027,-0.24944268,5.0,B00J3O9YRY
pca,10000,4071,-0.35445225,-0.089147806,5.0,B00FRKOFIQ
pca,10000,4072,-0.1252383,-0.20362605,5.0,B00XI6A46I
pca,10000,4073,-0.11022556,-0.18656474,5.0,B00IAKLM54
pca,10000,4074,-0.05255329,0.054551497,5.0,B006DTXIHE
pca,10000,4075,-0.09290728,0.46611747,5.0,B00CB7T52O
pca,10000,4076,-0.015760332,0.03239032,3.0,B00CWLYLWS
pca,10000,4077,-0.27484816,-0.09521703,5.0,B00A0JUO1Q
pca,10000,4078,-0.43331465,-0.17017524,5.0,B00CD1FB26
pca,10000,4079,-0.0508655,-0.11429962,3.0,B004M3EL3S
pca,10000,4080,-0.23846665,-0.26316774,3.0,B004I8WH9M
pca,10000,4081,-0.11996934,0.29450354,3.0,B002COJEOU
pca,10000,4082,-0.14540623,0.21289782,4.0,B007R9CTE2
pca,10000,4083,-0.24541578,0.45211723,5.0,B009T0NLYO
pca,10000,4084,0.080216855,0.02656244,5.0,B00NTRMUYU
pca,10000,4085,-0.29045588,0.16584261,5.0,B007X3VEC0
pca,10000,4086,-0.17487441,0.5451499,3.0,B008MF48J4
pca,10000,4087,-0.24729869,0.08965649,5.0,B007OZNUCE
pca,10000,4088,-0.016433068,0.19262959,5.0,B0BTJBQC91
pca,10000,4089,-0.22699454,-0.031000944,5.0,B001F7AHOG
pca,10000,4090,-0.099618174,-0.19439402,5.0,B001769K3O
pca,10000,4091,-0.06591339,0.09648889,4.0,B0084Y96FE
pca,10000,4092,0.03132286,-0.08246066,5.0,B0B4QS4F25
pca,10000,4093,-0.12508248,0.025497379,4.0,B004NSUMTO
pca,10000,4094,-0.10524596,0.082154885,5.0,B00109Y2DQ
pca,10000,4095,-0.06445778,0.27301332,4.0,B003CFB1AS
pca,10000,4096,0.05179705,-0.23045422,5.0,B002ONSRA6
pca,10000,4097,-0.09770867,-0.08886137,3.0,B004MSGEOC
pca,10000,4098,-0.011630164,-0.36714154,5.0,B005TI1ILS
pca,10000,4099,-0.057300843,-0.22063844,5.0,B004NP1E9E
pca,10000,4100,-0.18124913,0.360955,5.0,B01M0MT6BT
pca,10000,4101,-0.21671231,0.24027246,5.0,B0057WTEWQ
pca,10000,4102,-0.17278789,-0.08828765,5.0,B004SBCF4Q
pca,10000,4103,-0.1193835,0.299676,5.0,B004JWA70I
pca,10000,4104,-0.2834505,0.2600801,5.0,B074D5QYPN
pca,10000,4105,-0.29608065,0.20153156,5.0,B004HFS6Z0
pca,10000,4106,-0.13699439,0.09609537,5.0,B003VD1CVY
pca,10000,4107,0.022232816,-0.01224141,5.0,B003WQAIJC
pca,10000,4108,-0.2699127,0.4440944,4.0,B07PR21291
pca,10000,4109,-0.17121431,0.39127985,5.0,B004JMZPJQ
pca,10000,4110,-0.28928816,0.3412642,5.0,B004BQTTE2
pca,10000,4111,-0.13053162,-0.37566283,5.0,B003JQLPYC
pca,10000,4112,-0.14719844,0.16316067,5.0,B003H4QV22
pca,10000,4113,-0.2843458,-0.043589585,5.0,B003UYU16G
pca,10000,4114,-0.13088515,-0.18123597,4.0,B002XN7C6W
pca,10000,4115,-0.116956145,0.029313462,5.0,B003SHMKHS
pca,10000,4116,-0.17436984,-0.009309899,5.0,B07YFD37SF
pca,10000,4117,0.057809334,-0.18036874,5.0,B0018O77Q2
pca,10000,4118,-0.29507434,0.32027537,5.0,B001TZQITM
pca,10000,4119,-0.30489767,0.012228709,3.0,B0002QLQ96
pca,10000,4120,-0.37272727,-0.035362557,5.0,B00E57BSMI
pca,10000,4121,-0.14043781,-0.2968881,2.0,B002IC0YLS
pca,10000,4122,0.043559633,0.031860247,3.0,B001Q3M9D6
pca,10000,4123,-0.11879729,-0.16759272,5.0,B001TOD7MO
pca,10000,4124,-0.088619426,-0.29996967,4.0,B002IC0YL8
pca,10000,4125,-0.11738162,0.067397505,3.0,B001OQC0JS
pca,10000,4126,-0.20486258,-0.12599374,5.0,B0007LI13U
pca,10000,4127,-0.06113761,-0.31372613,4.0,B001C1MGKI
pca,10000,4128,0.030695153,-0.3646392,5.0,B000ER5G6C
pca,10000,4129,0.08327274,-0.10555002,5.0,B0006Q3B2W
pca,10000,4130,-0.10444891,-0.28094187,5.0,B00093IIRA
pca,10000,4131,0.078443505,0.0679731,4.0,B0019MOKYA
pca,10000,4132,-0.27119038,0.012941908,4.0,B000H0QIRC
pca,10000,4133,0.14736779,0.07424136,5.0,B08J9NQ6CS
pca,10000,4134,0.45852846,0.020381765,4.0,B082T7HDGT
pca,10000,4135,0.3597683,-0.016564798,4.0,B07KJ6GDGN
pca,10000,4136,0.14426695,-0.16969064,5.0,B088CTT6KZ
pca,10000,4137,0.25710386,-0.00090294797,1.0,B07KXVLRHG
pca,10000,4138,-0.18265139,-0.028704595,5.0,B08RMVG7BY
pca,10000,4139,-0.20261636,0.08758467,5.0,B0BCPC68J6
pca,10000,4140,-0.08371787,0.16761881,4.0,B0757LCDD5
pca,10000,4141,-0.20868133,-0.1543815,5.0,B0B12PXQYM
pca,10000,4142,-0.026061151,0.23542753,5.0,B00FES2TU2
pca,10000,4143,-0.20733495,-0.22084492,5.0,B001S0PX1M
pca,10000,4144,-0.12863383,0.06832493,5.0,B005PCPI82
pca,10000,4145,-0.13462225,0.31309724,5.0,B005DION7U
pca,10000,4146,-0.08613915,-0.26783025,5.0,B076GVVB6R
pca,10000,4147,-0.22428188,-0.0074438327,4.0,B0753CSBW1
pca,10000,4148,-0.123524114,0.0026830826,5.0,B008F2YEN4
pca,10000,4149,0.11805558,-0.004895919,5.0,B0B24GTQ9G
pca,10000,4150,-0.081580095,-0.13642582,5.0,B00AZFMOS6
pca,10000,4151,-0.16133392,0.27909803,5.0,B00WH2TB1S
pca,10000,4152,-0.30210724,-0.057747066,5.0,B0046EDOWW
pca,10000,4153,0.14235634,-0.009148059,5.0,B077HGQ44Q
pca,10000,4154,0.061909515,-0.20944032,1.0,B00E9MD700
pca,10000,4155,-0.052368738,0.0019679787,1.0,B09FLGDRMZ
pca,10000,4156,-0.28366727,-0.20290165,3.0,B0B4DPLGHQ
pca,10000,4157,-0.15529896,-0.08516571,2.0,B08KR8CRQP
pca,10000,4158,0.13207689,0.040509067,5.0,B09DGFHKNC
pca,10000,4159,0.22810379,-0.16954733,2.0,B0BWLWDLPF
pca,10000,4160,-0.13353659,-0.170473,4.0,B08M9DXY4P
pca,10000,4161,-0.10561077,0.24269885,1.0,B06XSW5JRZ
pca,10000,4162,-0.103038035,-0.10612654,5.0,B0B21DKG75
pca,10000,4163,0.18602285,-0.014276118,3.0,B00D23LYW0
pca,10000,4164,0.20925273,0.1024989,5.0,B0194TXW4I
pca,10000,4165,0.16277757,-0.17020673,5.0,B08D3LP9W4
pca,10000,4166,0.24232641,-0.0054671327,5.0,B07QC4WZFZ
pca,10000,4167,0.1437709,-0.059493758,5.0,B0002F67N2
pca,10000,4168,0.11058435,0.14590262,5.0,B0BP9Z1LB5
pca,10000,4169,0.045031123,-0.34239182,5.0,B0791TX5P5
pca,10000,4170,0.0147599,0.09820721,5.0,B0BPMLRQHQ
pca,10000,4171,0.22421305,0.07126486,5.0,B07H65KP63
pca,10000,4172,0.17974995,0.020607537,5.0,B07KTYJ769
pca,10000,4173,0.027987655,0.3084922,5.0,B093K8HLJZ
pca,10000,4174,-0.2293149,0.28322014,5.0,B07J2FGZSM
pca,10000,4175,-0.1263198,0.1419654,4.0,B00OQVZDJM
pca,10000,4176,0.21936515,0.010515252,3.0,B00ZXB1US2
pca,10000,4177,0.25572115,0.044483036,3.0,B01N0H8WUZ
pca,10000,4178,0.14444783,0.11373816,5.0,B07SNQLZD4
pca,10000,4179,-0.32849845,-0.16553003,4.0,B07VQLT75P
pca,10000,4180,0.26902178,0.14197442,5.0,B09SGKSD4P
pca,10000,4181,0.01293626,-0.15329526,2.0,B00RCSU7OW
pca,10000,4182,-0.2624344,0.041686103,5.0,B000MUXVYK
pca,10000,4183,0.20040986,0.072756454,5.0,B07WZSTQD9
pca,10000,4184,0.043520182,-0.095285125,5.0,B00HPMCO4Q
pca,10000,4185,0.21345958,-0.040776692,5.0,B0012BL8LG
pca,10000,4186,0.41354677,0.003233675,5.0,B00L3KSP08
pca,10000,4187,0.17962782,-0.34133965,3.0,B095YT1C6M
pca,10000,4188,0.07283053,-0.13657503,5.0,B07XV3GGRX
pca,10000,4189,0.2471765,0.095557295,4.0,B071GGB84Y
pca,10000,4190,-0.005663825,-0.22568522,5.0,B075KP9XHS
pca,10000,4191,-0.067019604,-0.1859441,4.0,B07GVWH35S
pca,10000,4192,-0.029723868,-0.36462665,4.0,B00ND5UOFU
pca,10000,4193,-0.010977337,-0.09010335,4.0,B00LD3Q56G
pca,10000,4194,-0.20234616,-0.3583348,5.0,B000E1PXJS
pca,10000,4195,-0.17186841,-0.16366948,4.0,B007R9RUPU
pca,10000,4196,0.28561875,0.028110536,5.0,B01M0GB8CC
pca,10000,4197,0.04972237,-0.08350078,1.0,B0C211KFK4
pca,10000,4198,0.17174198,-0.27726433,5.0,B07GZFM1ZM
pca,10000,4199,0.28238508,-0.14431211,5.0,B07KJ6GDGN
pca,10000,4200,-0.029800098,0.0037475657,5.0,B01DKOFZVQ
pca,10000,4201,-0.046662018,0.11928206,3.0,B00GMCLLYE
pca,10000,4202,0.06586197,-0.10943641,5.0,B0BHWQ3H17
pca,10000,4203,-0.12318213,-0.058180034,5.0,B0819PCPBV
pca,10000,4204,0.07004593,-0.058065407,4.0,B00RELNQXG
pca,10000,4205,0.11686007,-0.10092289,5.0,B010JKMO7W
pca,10000,4206,-0.20422821,-0.08399483,5.0,B01M9AWXJO
pca,10000,4207,0.07542338,-0.19535245,4.0,B00BII1156
pca,10000,4208,0.09241362,-0.18511878,5.0,B0B58ZK8CZ
pca,10000,4209,-0.01655978,-0.11141555,3.0,B071WW5M69
pca,10000,4210,0.11269496,-0.060769103,2.0,B07DWXL8GD
pca,10000,4211,0.14077699,-0.13260338,1.0,B008RSH6NG
pca,10000,4212,0.0021715388,0.20895518,5.0,B07X3GQT7V
pca,10000,4213,-0.17305987,-0.16728798,1.0,B07PYLT6DN
pca,10000,4214,0.12766492,-0.2901477,1.0,B07XNXQCZ2
pca,10000,4215,0.102483965,0.21422882,5.0,B071K5BQPF
pca,10000,4216,-0.1452115,0.47287214,5.0,B07J3FMTJ4
pca,10000,4217,-0.017330658,0.07673566,1.0,B01MYT9D96
pca,10000,4218,0.053341363,0.017763618,5.0,B00WHT67YA
pca,10000,4219,-0.10986824,0.03761352,2.0,B084CZJK7H
pca,10000,4220,0.111855075,-0.101749994,5.0,B075X8471B
pca,10000,4221,-0.059345394,-0.03656721,5.0,B0153WUOXM
pca,10000,4222,0.0035000723,-0.3652703,2.0,B0C1N6CWVL
pca,10000,4223,-0.07822549,-0.23983169,1.0,B07S4MFN8Z
pca,10000,4224,-0.03249442,-0.29732496,5.0,B078T633Q9
pca,10000,4225,0.061370097,-0.23396805,5.0,B08WJSHSLC
pca,10000,4226,0.0723068,-0.06986018,5.0,B0791TX5P5
pca,10000,4227,-0.090912744,-0.29475933,5.0,B075X8471B
pca,10000,4228,-0.17747691,0.028701054,5.0,B01BRWH8G8
pca,10000,4229,-0.08902791,-0.16257153,5.0,B01K8B8YA8
pca,10000,4230,0.10712886,0.12250913,5.0,B00QFY4JRA
pca,10000,4231,-0.13577758,-0.084181294,3.0,B0774TF8WY
pca,10000,4232,0.18679278,0.07476145,5.0,B07GP2ZDQ8
pca,10000,4233,0.098845236,-0.029676031,5.0,B01MZ8ZU42
pca,10000,4234,0.22759177,0.10326198,5.0,B07CKQY7RN
pca,10000,4235,0.047364786,-0.19476281,5.0,B01D4HTIOY
pca,10000,4236,-0.053748317,-0.019937653,5.0,B08H1SR1B3
pca,10000,4237,0.42829612,0.053784788,5.0,B09ZTW2DJJ
pca,10000,4238,-0.22336492,0.023826314,5.0,B07YY1DCHG
pca,10000,4239,0.13145933,0.18072662,5.0,B08VRLPWQL
pca,10000,4240,-0.3409736,-0.12797603,4.0,B0858N128P
pca,10000,4241,-0.07801741,-0.06220489,5.0,B08DXJB77C
pca,10000,4242,0.16838893,0.054003708,5.0,B08RD8K7ZG
pca,10000,4243,0.2205642,-0.015780108,5.0,B087R7MNBQ
pca,10000,4244,-0.08651968,-0.28259438,1.0,B07TGTSKSH
pca,10000,4245,0.083890334,0.068296604,5.0,B0BJVP51YS
pca,10000,4246,0.05907509,-0.19581151,5.0,B07TH2CYNT
pca,10000,4247,-0.17950533,0.4829756,5.0,B099ZTR1GJ
pca,10000,4248,-0.023012139,0.053264856,2.0,B07S764D9V
pca,10000,4249,0.021857524,-0.2242634,1.0,B016UCB7G2
pca,10000,4250,0.097491324,-0.06330585,5.0,B01M7VOJFW
pca,10000,4251,-0.09701298,0.14397542,2.0,B000HVHYJW
pca,10000,4252,0.2365209,-0.026016416,1.0,B0C211KFK4
pca,10000,4253,0.025219511,-0.34026873,5.0,B09W4XDQ9Q
pca,10000,4254,0.07659689,0.13902202,5.0,B0C6ML153J
pca,10000,4255,-0.0022912566,-0.03617552,5.0,B01AOODE18
pca,10000,4256,0.058984898,0.16518073,3.0,B00006IAGZ
pca,10000,4257,0.16994752,-0.14498074,3.0,B00L0YLRUW
pca,10000,4258,0.17423289,-0.10815962,5.0,B00P8D9N52
pca,10000,4259,0.2953088,0.058242306,5.0,B07PHQ93TV
pca,10000,4260,0.06470298,-0.00929424,5.0,B003VAGXZC
pca,10000,4261,0.1048923,-0.012867662,5.0,B07GPGVYGX
pca,10000,4262,-0.10929297,-0.057827905,5.0,B09YVLCHCH
pca,10000,4263,0.2624532,0.16637367,5.0,B07KPCRBTL
pca,10000,4264,-0.22370957,-0.15525909,1.0,B009XHC70W
pca,10000,4265,0.1708206,-0.11360079,2.0,B08GWV46QP
pca,10000,4266,-0.15395732,0.26628348,5.0,B09RH3B1YG
pca,10000,4267,-0.08329728,0.39777127,5.0,B07CYG62HB
pca,10000,4268,-0.17865393,-0.15289116,1.0,B013ZR5KJU
pca,10000,4269,0.013307001,-0.050712965,3.0,B01LX3FJ8X
pca,10000,4270,0.09466752,-0.22706091,3.0,B086VR9J8Q
pca,10000,4271,-0.056650817,-0.14883757,5.0,B07GZFM1ZM
pca,10000,4272,0.10892605,0.040272094,2.0,B0BS2TMK39
pca,10000,4273,-0.02002538,0.11193943,5.0,B003VAGXZC
pca,10000,4274,0.11662185,-0.017021906,2.0,B0B5R4Z5WH
pca,10000,4275,0.04828731,0.43448478,4.0,B07NPGGFYJ
pca,10000,4276,0.10686721,-0.14555062,4.0,B07N8VFFNS
pca,10000,4277,-0.044640087,-0.1977723,5.0,B074TC662N
pca,10000,4278,0.45280433,0.096390024,5.0,B0791TX5P5
pca,10000,4279,-0.2735789,0.03929034,5.0,B073S582XZ
pca,10000,4280,-0.041878518,-0.26843405,1.0,B07H65KP63
pca,10000,4281,-0.06859015,0.33919808,5.0,B07HQH7M9T
pca,10000,4282,-0.14375089,0.10762327,5.0,B07F4P3JH7
pca,10000,4283,-0.04722534,0.27956885,5.0,B09NW99FDL
pca,10000,4284,-0.17204858,0.21917365,5.0,B09FXTQ32M
pca,10000,4285,-0.051995754,-0.087462604,3.0,B0C1Z6K266
pca,10000,4286,-0.28956777,-0.12611434,5.0,B0B2K1C5TG
pca,10000,4287,0.084003195,0.028344592,5.0,B08R5WKLD8
pca,10000,4288,-0.24914688,-0.005021535,4.0,B08ZC74KH9
pca,10000,4289,-0.16429034,0.14279677,5.0,B08FT8LKHC
pca,10000,4290,-0.21715708,-0.036574863,4.0,B08SQ8QNPW
pca,10000,4291,-0.22488022,-0.112334356,4.0,B087CGPX49
pca,10000,4292,-0.02420611,0.2536075,4.0,B0BHT61RNB
pca,10000,4293,-0.007764591,0.058987275,3.0,B07KR82DHG
pca,10000,4294,0.03876564,0.22621308,5.0,B000VL21KU
pca,10000,4295,0.08820652,-0.037476588,2.0,B07K2ZHN9C
pca,10000,4296,-0.11664371,-0.09125917,1.0,B07JGT5HCW
pca,10000,4297,-0.30904153,0.3423972,4.0,B07K9F16YG
pca,10000,4298,-0.068641745,0.08756529,2.0,B07DLTYC6S
pca,10000,4299,-0.1919351,0.062081873,5.0,B07K8XPS7J
pca,10000,4300,-0.2919119,-0.06512581,5.0,B083MMMKV5
pca,10000,4301,0.015870254,0.051465012,5.0,B088W1VYR5
pca,10000,4302,0.030787457,-0.11661161,4.0,B09HVB9XJ7
pca,10000,4303,-0.2243432,-0.068956405,4.0,B07B4915CX
pca,10000,4304,-0.259419,-0.107856065,5.0,B07PYHMYWV
pca,10000,4305,-0.1812985,-0.29368073,4.0,B07FLH7VLQ
pca,10000,4306,-0.30153227,-0.14556412,5.0,B07FC9BNQL
pca,10000,4307,-0.21459214,0.39140683,5.0,B07FP3LY47
pca,10000,4308,-0.212347,0.0790387,5.0,B07JYZRZ3F
pca,10000,4309,-0.07425548,0.11087162,2.0,B07B8QMNMV
pca,10000,4310,-0.024932437,0.0618819,3.0,B01NGTX7X8
pca,10000,4311,-0.16941327,0.40676564,5.0,B07CSPD27K
pca,10000,4312,-0.14304693,0.3559778,4.0,B01M6C9CC3
pca,10000,4313,-0.16694856,0.18727621,5.0,B071QWFRFG
pca,10000,4314,-0.28819758,0.4503995,5.0,B079L8JS1G
pca,10000,4315,-0.15829219,-0.20783268,5.0,B073RZSTGL
pca,10000,4316,-0.15180863,-0.04713355,5.0,B07C1QB53H
pca,10000,4317,-0.3726622,-0.041632652,5.0,B079P9QV3C
pca,10000,4318,0.13787512,0.14967251,3.0,B01N5C85GL
pca,10000,4319,-0.22478633,-0.23545223,5.0,B079V81NS8
pca,10000,4320,-0.035739552,0.021154987,5.0,B073WY596L
pca,10000,4321,-0.28845552,-0.13259774,5.0,B074PP3ZPF
pca,10000,4322,-0.37999925,-0.053180292,4.0,B0747LJMDJ
pca,10000,4323,-0.10538603,-0.026775941,5.0,B077RKPYCS
pca,10000,4324,-0.13536537,0.4340555,5.0,B011I91K7S
pca,10000,4325,-0.24129632,-0.045081332,5.0,B09RXJHHX7
pca,10000,4326,-0.1877338,0.29338264,5.0,B09299G7TR
pca,10000,4327,-0.10142852,-0.13205278,5.0,B01IWIBJ6K
pca,10000,4328,-0.18905939,-0.30729935,5.0,B01K8B8YA8
pca,10000,4329,-0.15319254,-0.15473387,5.0,B01LWVSFZ8
pca,10000,4330,-0.2902377,0.43392593,5.0,B01N5Y1V39
pca,10000,4331,-0.11005108,0.037696593,5.0,B01M4LZBOM
pca,10000,4332,0.0058048796,-0.033640083,5.0,B016W8XDY8
pca,10000,4333,0.027352158,-0.0075866007,5.0,B00QOQU95K
pca,10000,4334,-0.120749325,-0.03377937,2.0,B07HL5SDPQ
pca,10000,4335,-0.27164823,0.36934963,5.0,B00FQ1NO9W
pca,10000,4336,-0.32581225,0.05369117,5.0,B00DBRONZC
pca,10000,4337,-0.403917,0.45370212,4.0,B008E18PDG
pca,10000,4338,-0.119689524,-0.063469164,5.0,B009PK2MNY
pca,10000,4339,-0.29648334,0.38325232,3.0,B01KTKFMFS
pca,10000,4340,-0.15595472,-0.0380629,1.0,B08Y8K3JK5
pca,10000,4341,-0.25627926,0.023641447,5.0,B093BNHQFR
pca,10000,4342,0.13072693,0.022122843,5.0,B07H65KP63
pca,10000,4343,0.16343391,0.16878273,5.0,B086WVQ3KB
pca,10000,4344,0.13946903,0.059379905,5.0,B098FZ19GX
pca,10000,4345,0.11145604,0.060404517,1.0,B07C4ZPTYT
pca,10000,4346,-0.13751517,-0.23974486,2.0,B09WDS7KLW
pca,10000,4347,-0.006087074,0.06415106,5.0,B01B6AN7WK
pca,10000,4348,-0.19291484,-0.1565852,5.0,B008R79VMQ
pca,10000,4349,0.027169276,-0.07258183,3.0,B007LOSMS0
pca,10000,4350,0.14388087,-0.13986728,1.0,B008USBYMM
pca,10000,4351,0.22949442,-0.052567817,5.0,B07FXJD8W1
pca,10000,4352,-0.3201606,-0.18440676,5.0,B013HSW4SM
pca,10000,4353,0.1094413,0.08611944,4.0,B01J66NF46
pca,10000,4354,-0.047321312,-0.25367492,1.0,B08JSMB43D
pca,10000,4355,0.12195122,0.11580523,5.0,B0BT22X92B
pca,10000,4356,0.050668586,0.26041836,3.0,B0B9LDXJ3X
pca,10000,4357,-0.06011972,0.41767484,5.0,B08GLMFT79
pca,10000,4358,-0.018299136,0.063948624,5.0,B07SHFPD8S
pca,10000,4359,0.20345107,0.079836406,5.0,B0C876SJG6
pca,10000,4360,-0.078024514,-0.20133173,3.0,B075X8471B
pca,10000,4361,0.13535023,0.14436331,5.0,B071RXTD57
pca,10000,4362,0.38576216,-0.0964791,5.0,B08CLNX58K
pca,10000,4363,0.33563763,0.21420039,5.0,B00SC7GHSM
pca,10000,4364,0.2960459,-0.3112786,5.0,B00O15BQC6
pca,10000,4365,0.0037399316,-0.3368759,1.0,B000VN32O2
pca,10000,4366,0.0663303,-0.023741253,4.0,B08PBPZB5Z
pca,10000,4367,0.038111888,-0.12355289,1.0,B07PHQ93TV
pca,10000,4368,-0.007798506,-0.09022326,1.0,B07HZLHPKP
pca,10000,4369,-0.005998181,-0.15099677,1.0,B07S9THRC5
pca,10000,4370,0.10248153,0.088270955,1.0,B0C9LWR99P
pca,10000,4371,0.21412213,-0.04439252,5.0,B0BSH231H2
pca,10000,4372,0.34190914,-0.11693275,5.0,B01HAVSPOY
pca,10000,4373,0.25859547,-0.1918889,5.0,B000067RG5
pca,10000,4374,0.18155152,-0.06481669,2.0,B00711ST5O
pca,10000,4375,0.26547098,-0.03918848,1.0,B0133U4MHU
pca,10000,4376,0.058940794,0.02818848,1.0,B00KA3LS8K
pca,10000,4377,-0.03826289,-0.0022932198,5.0,B00NNBQKA2
pca,10000,4378,0.0932157,-0.053077705,1.0,B00LEFU2EY
pca,10000,4379,-0.07760547,-0.14046426,1.0,B01F4H1DM2
pca,10000,4380,0.2980896,0.09273309,5.0,B016NP71MA
pca,10000,4381,0.19165133,0.024651779,1.0,B00NWQZK3Q
pca,10000,4382,-0.047987208,-0.07706189,5.0,B07454F4JH
pca,10000,4383,0.013403695,-0.17137615,5.0,B07CZ2PZJM
pca,10000,4384,-0.0066561922,0.16957255,1.0,B0B7HTGNQK
pca,10000,4385,0.17120461,-0.27793172,1.0,B00906E03I
pca,10000,4386,0.43108884,0.009817943,5.0,B081R1QS8K
pca,10000,4387,0.26059264,0.06682471,5.0,B08X2LQYZR
pca,10000,4388,0.15201582,0.029921303,5.0,B076WQHK2G
pca,10000,4389,0.15201582,0.029921303,5.0,B07QVCZQ7N
pca,10000,4390,0.15201582,0.029921303,5.0,B087F362BX
pca,10000,4391,0.15201582,0.029921303,5.0,B07FMQ4YR7
pca,10000,4392,0.15201582,0.029921303,5.0,B08HS9ZWQL
pca,10000,4393,0.15201582,0.029921303,5.0,B08FPD1938
pca,10000,4394,0.15201582,0.029921303,5.0,B08B1WQY3D
pca,10000,4395,0.15201582,0.029921303,5.0,B08DLSLCF3
pca,10000,4396,0.15201582,0.029921303,5.0,B07GNK18VJ
pca,10000,4397,0.02088091,-0.1755957,5.0,B0B6DPD19Z
pca,10000,4398,0.4703193,0.06702464,5.0,B072J983PB
pca,10000,4399,-0.10421245,0.060419008,5.0,B07F4P3JH7
pca,10000,4400,0.14786695,0.16632783,5.0,B076BBWMDJ
pca,10000,4401,0.5327408,0.05774656,5.0,B0043C0HJA
pca,10000,4402,0.2562812,0.027847381,5.0,B07HWJ9TKL
pca,10000,4403,0.2891696,0.17277177,5.0,B0711ZKF75
pca,10000,4404,0.25918263,-0.09701898,5.0,B0C26NRH8Z
pca,10000,4405,-0.28918487,-0.12094139,3.0,B0BHNC2ZYV
pca,10000,4406,-0.24586955,0.4608135,5.0,B07S8WB3BR
pca,10000,4407,0.05705559,-0.13466705,1.0,B09BJJTKLK
pca,10000,4408,-0.17553669,0.013046717,5.0,B08TC81YQG
pca,10000,4409,-0.04812064,-0.13336033,1.0,B0BBGK39G4
pca,10000,4410,-0.10317639,0.03158626,1.0,B08T9T4C7J
pca,10000,4411,-0.32856417,0.16960107,4.0,B0B4F9H4DF
pca,10000,4412,-0.09358007,0.36747763,3.0,B0B47D3S6T
pca,10000,4413,0.2087508,-0.27835885,1.0,B09M8LN19F
pca,10000,4414,-0.07709274,0.13852403,5.0,B09NQ7151V
pca,10000,4415,-0.016608879,-0.1666219,3.0,B0933G71SZ
pca,10000,4416,-0.20547287,0.37676233,1.0,B09GDD648C
pca,10000,4417,-0.2345441,0.27938795,1.0,B0BVYB9NVD
pca,10000,4418,-0.18817264,-0.03015416,1.0,B0BVY4JVNG
pca,10000,4419,-0.04851035,-0.11299119,5.0,B0BVY5RHRR
pca,10000,4420,-0.41374916,-0.09503226,2.0,B0BLVYRWTX
pca,10000,4421,0.01406353,-0.071773805,4.0,B0BWYPV5NY
pca,10000,4422,-0.13590586,-0.16368659,2.0,B07LG4FYVR
pca,10000,4423,-0.2806721,-0.116483904,5.0,B07ZQC6B9D
pca,10000,4424,-0.24584025,-0.19302711,5.0,B078H4YD2L
pca,10000,4425,-0.21619555,0.081687935,5.0,B07P5JV6HT
pca,10000,4426,-0.20746332,-0.035157025,1.0,B08M8Y6473
pca,10000,4427,-0.037862763,-0.1869305,5.0,B01IEU7UZ0
pca,10000,4428,0.0019547064,-0.018880399,1.0,B0883DTP6L
pca,10000,4429,-0.1584051,0.29672536,1.0,B01MFBM684
pca,10000,4430,0.064798,-0.04806049,5.0,B0BHMN1T7B
pca,10000,4431,0.26314858,0.09878983,5.0,B073S3WQQH
pca,10000,4432,-0.0131213665,-0.40423906,1.0,B01DLCQZGG
pca,10000,4433,0.23976302,-0.16275024,4.0,B0BGMZZMZN
pca,10000,4434,-0.19644715,-0.10311618,5.0,B00WSLYQ7C
pca,10000,4435,-0.08516357,-0.14424431,5.0,B00IOG3URW
pca,10000,4436,-0.16391873,-0.2936994,5.0,B003KPBRRW
pca,10000,4437,0.08351391,0.15368533,5.0,B0063N7UGA
pca,10000,4438,-0.1022761,-0.11550945,5.0,B004MFBH8S
pca,10000,4439,-0.08961941,-0.07197794,1.0,B0009RKLMG
pca,10000,4440,0.058237478,-0.06390863,5.0,B001GGAIGI
pca,10000,4441,0.0740287,-0.23858497,5.0,B001DVZXC0
pca,10000,4442,-0.07042298,0.43547773,5.0,B08SHKWV8L
pca,10000,4443,-0.062046416,0.22395691,1.0,B078JCWJ9Z
pca,10000,4444,0.1897733,-0.08033227,3.0,B01CIEBS74
pca,10000,4445,-0.16004303,0.21915276,1.0,B01K6PBIRC
pca,10000,4446,-0.08563152,0.0462962,1.0,B01A08E70K
pca,10000,4447,-0.0129721295,0.06985051,5.0,B00A83I8G2
pca,10000,4448,-0.1683848,0.24536666,5.0,B00GA2PELW
pca,10000,4449,-0.057522886,0.09109095,5.0,B00B8KXLT8
pca,10000,4450,0.105818085,0.11499072,1.0,B0BYPFJKT7
pca,10000,4451,-0.113099694,0.039577164,5.0,B008J0Z9TA
pca,10000,4452,-0.14438584,0.21039067,5.0,B00AW4O0M8
pca,10000,4453,-0.22430664,0.26087612,5.0,B004V9F61O
pca,10000,4454,-0.15707178,0.059415072,5.0,B004Q3C98S
pca,10000,4455,-0.058102503,0.08740566,1.0,B00825C0PS
pca,10000,4456,-0.13964283,0.31779778,5.0,B0777SJZ55
pca,10000,4457,-0.14575842,0.012192488,5.0,B0043T7FXE
pca,10000,4458,0.14024286,0.005520528,1.0,B01J94SWWU
pca,10000,4459,0.056739785,-0.007792393,5.0,B08XKBPPM3
pca,10000,4460,-0.091963895,0.028479228,3.0,B005HGILN0
pca,10000,4461,0.076829165,-0.034783818,4.0,B0C36JWCCM
pca,10000,4462,0.05863446,-0.012830747,5.0,B09JQMJHXY
pca,10000,4463,0.19374466,0.0021863282,5.0,B0097BEFWC
pca,10000,4464,-0.0791911,-0.087185994,3.0,B09L44Z63L
pca,10000,4465,-0.020622622,-0.033498354,5.0,B0B7RL1835
pca,10000,4466,0.04612863,-0.16628836,5.0,B07H65KP63
pca,10000,4467,0.00023922138,0.033872455,5.0,B07JMQP6T6
pca,10000,4468,0.0059921425,0.27199665,5.0,B094QBNBC4
pca,10000,4469,0.13430572,-0.15382211,5.0,B07H65KP63
pca,10000,4470,0.057344038,-0.31892428,5.0,B0C26NRH8Z
pca,10000,4471,0.19187552,-0.25825405,5.0,B09TKC23YB
pca,10000,4472,-0.20269305,-0.14174134,5.0,B095H4PGJ5
pca,10000,4473,0.28456798,-0.20801768,5.0,B0778MP49B
pca,10000,4474,-0.1791243,-0.06552068,5.0,B0787KLT56
pca,10000,4475,0.11673228,-0.1485248,5.0,B00ZVJAF9G
pca,10000,4476,-0.11206192,0.23902556,5.0,B013DN53WU
pca,10000,4477,-0.12993445,0.14298044,5.0,B00PVIBIN4
pca,10000,4478,0.051113103,0.14103907,5.0,B01F69ARK2
pca,10000,4479,0.18721586,0.105423965,5.0,B00MWZTWJG
pca,10000,4480,0.07256213,0.063703686,5.0,B07RYN4ZVL
pca,10000,4481,-0.09438851,-0.17243336,5.0,B07FM4HKWN
pca,10000,4482,0.07455958,0.07581087,5.0,B0C61QZ71T
pca,10000,4483,0.09732094,-0.020131271,1.0,B0BX86Q6PB
pca,10000,4484,-0.17213854,-0.10200833,5.0,B00BCSYZSW
pca,10000,4485,-0.33483905,0.011206131,5.0,B00BONB8FS
pca,10000,4486,-0.030094929,-0.023501854,5.0,B003U46SWC
pca,10000,4487,-0.11486246,0.038014583,5.0,B0BC8KWS2Q
pca,10000,4488,-0.18692672,0.50686824,5.0,B0BY98CSFT
pca,10000,4489,-0.18556608,0.4080797,5.0,B0BRTPJ8FW
pca,10000,4490,-0.20467386,-0.25286248,5.0,B0BCF1BSXK
pca,10000,4491,-0.21519896,-0.30465302,5.0,B08G6KK3L6
pca,10000,4492,-0.086091965,-0.18443733,5.0,B07HZLHPKP
pca,10000,4493,0.17491084,0.25904813,1.0,B06XW7T3WD
pca,10000,4494,-0.048739143,-0.028506774,1.0,B0B8J17B9L
pca,10000,4495,0.27922836,-0.05001823,5.0,B0BN1LF4PS
pca,10000,4496,0.13153213,0.17445566,5.0,B0822D8551
pca,10000,4497,-0.10372939,0.103345625,5.0,B0B2K25S5S
pca,10000,4498,-0.09181302,-0.09712842,4.0,B08G1NNG1W
pca,10000,4499,-0.18342067,-0.19330369,5.0,B0C4P11F1C
pca,10000,4500,-0.12614107,-0.12809744,4.0,B0895N285F
pca,10000,4501,-0.05771666,-0.09197982,5.0,B0CDCF3MLP
pca,10000,4502,-0.20979087,0.05134646,4.0,B09Y1PSVTB
pca,10000,4503,-0.12114748,0.14698023,4.0,B087Q5XTK9
pca,10000,4504,0.036927268,0.0699819,5.0,B0C447ZT7H
pca,10000,4505,-0.069584765,0.19846858,4.0,B087LS8ZRV
pca,10000,4506,-0.2664859,-0.15684345,5.0,B08LPJL3KB
pca,10000,4507,-0.10292667,-0.18099755,5.0,B08CV271C7
pca,10000,4508,-0.17564236,0.09004222,4.0,B08K42MJFP
pca,10000,4509,-0.29163647,-0.20399459,5.0,B08Q2WMGKP
pca,10000,4510,-0.2828825,-0.04685135,5.0,B08HM2TBPN
pca,10000,4511,-0.2474652,-0.12735823,5.0,B08HS2ZCMB
pca,10000,4512,0.056284007,-0.10092366,5.0,B08QV1HG4S
pca,10000,4513,-0.09454334,-0.14788012,5.0,B08HCDV6TT
pca,10000,4514,-0.12623022,-0.15699133,5.0,B08FD2XKWH
pca,10000,4515,-0.25236055,0.08395351,5.0,B08GX2YF4D
pca,10000,4516,-0.102568924,-0.17233661,5.0,B08CDD6PCW
pca,10000,4517,-0.0015682597,0.045687273,4.0,B08315RYD4
pca,10000,4518,-0.20332532,-0.21584243,5.0,B09LQ4FCD6
pca,10000,4519,-0.17985688,-0.0054569505,5.0,B08BC9J8QQ
pca,10000,4520,-0.23922017,-0.17134139,5.0,B0B23LRBRP
pca,10000,4521,-0.036477756,-0.28937128,5.0,B09WKF4TZ4
pca,10000,4522,-0.079863034,0.0035177786,5.0,B08DCSS6LH
pca,10000,4523,-0.13426861,-0.09695516,5.0,B08BJ8TBZ4
pca,10000,4524,-0.1423643,0.0046532284,4.0,B08MFWGDH1
pca,10000,4525,-0.1621344,0.046503752,4.0,B09LH8BBBK
pca,10000,4526,-0.24724859,-0.1176386,4.0,B08C4NSZQK
pca,10000,4527,-0.1483054,-0.09760398,5.0,B087T7T8Z7
pca,10000,4528,-0.051378272,-0.14930886,5.0,B08N3ZWCN8
pca,10000,4529,-0.19466157,-0.10754937,5.0,B087TCTMKV
pca,10000,4530,-0.13970535,0.063813575,4.0,B088K166SR
pca,10000,4531,-0.16808805,0.05354801,4.0,B08C5GPVP2
pca,10000,4532,-0.10590322,-0.20342202,5.0,B08P1YXVNR
pca,10000,4533,-0.19878338,-0.2981204,4.0,B0931DYBX5
pca,10000,4534,-0.06467065,0.012300357,4.0,B08FG7X8TL
pca,10000,4535,0.04511311,-0.22744279,5.0,B0BKG4RT1F
pca,10000,4536,-0.08277019,0.038138486,4.0,B081VT2CPW
pca,10000,4537,-0.07213428,0.22526856,5.0,B07Z7ZWC6S
pca,10000,4538,-0.26337466,-0.0618093,5.0,B0859TMPHT
pca,10000,4539,-0.04802119,-0.284158,4.0,B07XQ325Y3
pca,10000,4540,-0.22338167,-0.034053586,5.0,B084Z66SFG
pca,10000,4541,-0.1834943,-0.06686261,4.0,B09Y2SCDB2
pca,10000,4542,0.0035778908,0.1571084,5.0,B07ZNQZC9W
pca,10000,4543,-0.036010344,-0.27569497,4.0,B0BVV61JV3
pca,10000,4544,0.057751454,0.11155754,5.0,B083XSR7Z6
pca,10000,4545,-0.18258807,0.027752003,5.0,B082WCKGD8
pca,10000,4546,-0.2584661,0.19327596,4.0,B083SG6P3J
pca,10000,4547,0.038502745,-0.24917781,5.0,B0C45YWP9R
pca,10000,4548,0.019632084,-0.352935,5.0,B07ZWYLVNY
pca,10000,4549,-0.19446513,-0.13199164,4.0,B07ZVG36ZR
pca,10000,4550,-0.13232693,0.07453533,5.0,B0823BYWGN
pca,10000,4551,-0.15762973,0.23544022,5.0,B083169BMW
pca,10000,4552,-0.25321952,0.52084357,5.0,B0814BN42P
pca,10000,4553,-0.07664425,-0.048742175,5.0,B0B28GXPRR
pca,10000,4554,-0.13883483,0.43701226,5.0,B07YJXWDJP
pca,10000,4555,-0.22254261,-0.2300079,4.0,B08LYFRFDK
pca,10000,4556,-0.09747381,0.081398964,5.0,B0814TG59P
pca,10000,4557,-0.2470032,-0.12868834,5.0,B0773LJBZ5
pca,10000,4558,-0.0046805535,-0.04431857,5.0,B07WL1RMZK
pca,10000,4559,-0.27178383,-0.03620091,4.0,B07Q8N8BN8
pca,10000,4560,-0.18358876,0.05078107,5.0,B07TX1M942
pca,10000,4561,-0.1396935,0.10070592,5.0,B07R3QL594
pca,10000,4562,-0.3563506,0.007506052,5.0,B07QXJZ6HR
pca,10000,4563,-0.15621276,-0.05870688,4.0,B07PVG3ZW3
pca,10000,4564,-0.10658405,-0.112210795,4.0,B0891X1KDY
pca,10000,4565,-0.14398246,0.16794452,4.0,B07S1FMVKG
pca,10000,4566,-0.15748116,0.03661023,3.0,B0BJ7QMYBF
pca,10000,4567,0.017090036,0.0863893,4.0,B07Q1DPGWM
pca,10000,4568,-0.1521851,0.008879878,5.0,B07LFWRL26
pca,10000,4569,-0.015521422,0.052044332,4.0,B07PVM4YSX
pca,10000,4570,-0.17307672,-0.038294718,4.0,B0BXPGHMN6
pca,10000,4571,-0.04631123,0.23279384,5.0,B09WHPJZD3
pca,10000,4572,0.023068294,-0.053206496,4.0,B08D8XN6C2
pca,10000,4573,-0.00093797967,0.063484415,4.0,B0B9HF8KDV
pca,10000,4574,-0.20463276,0.41550192,4.0,B06ZYB8VD7
pca,10000,4575,-0.038556352,0.058782853,5.0,B07HF1TZ1X
pca,10000,4576,-0.077184156,0.2104082,5.0,B07DND2W6W
pca,10000,4577,-0.20378222,0.09037479,4.0,B0BG27Y7DY
pca,10000,4578,-0.09218602,-0.06053821,4.0,B079YGJ9XL
pca,10000,4579,-0.104627535,0.1381088,5.0,B076B3Q8JR
pca,10000,4580,-0.28501984,-0.09110045,3.0,B077P4WWHV
pca,10000,4581,-0.36622858,-0.06851341,5.0,B0778PCW73
pca,10000,4582,-0.048508182,-0.023101646,4.0,B071XY12YY
pca,10000,4583,-0.23103888,-0.25019524,5.0,B0764DQM28
pca,10000,4584,-0.020324234,-0.09794642,5.0,B06XDH6XL3
pca,10000,4585,-0.16681932,0.31438234,5.0,B06WD61CF5
pca,10000,4586,-0.25207868,0.24059361,5.0,B01MS79LGW
pca,10000,4587,-0.19445297,-0.1338339,4.0,B01N526C57
pca,10000,4588,-0.061799936,-0.12171871,5.0,B07ZPPR4DH
pca,10000,4589,-0.19340175,-0.12609066,5.0,B01DM7AEKI
pca,10000,4590,-0.088259794,-0.019738285,5.0,B01BD79DSS
pca,10000,4591,-0.20506723,-0.22169782,5.0,B0156KV764
pca,10000,4592,-0.13404033,0.24087855,4.0,B00UAN79KQ
pca,10000,4593,-0.22426459,0.2921845,5.0,B00U5ROEIW
pca,10000,4594,-0.05278275,-0.19912565,4.0,B00SOXMCCO
pca,10000,4595,-0.29829153,0.38020828,5.0,B01BJLCN94
pca,10000,4596,-0.15498787,-0.08155304,3.0,B00O90HI3Y
pca,10000,4597,-0.09698781,-0.0020708041,4.0,B00GTRVO12
pca,10000,4598,-0.2338624,-0.015866254,5.0,B07MFZMQHP
pca,10000,4599,-0.18397348,-0.3632773,5.0,B00I59VBH4
pca,10000,4600,-0.18175827,0.18921891,5.0,B00ANG3T1S
pca,10000,4601,-0.25999713,0.35943922,4.0,B00EZBY6F0
pca,10000,4602,-0.22889802,0.2819549,5.0,B00EN9Q35A
pca,10000,4603,-0.21801262,-0.17487712,5.0,B00BF9I0JI
pca,10000,4604,-0.25325227,-0.10444591,5.0,B00CACUZF6
pca,10000,4605,-0.20361817,0.38379997,4.0,B009YQ8BTI
pca,10000,4606,-0.014257338,0.15924798,4.0,B008RW6QHY
pca,10000,4607,-0.43855828,-0.14569435,4.0,B0094S37GS
pca,10000,4608,-0.13708133,0.36178234,4.0,B002MCZ2L6
pca,10000,4609,-0.206942,0.42278036,4.0,B00AFSNGAI
pca,10000,4610,-0.115442276,-0.05955345,4.0,B006ZGB58Y
pca,10000,4611,-0.1484463,-0.023590766,4.0,B0013G04AQ
pca,10000,4612,-0.22969373,-0.16870733,5.0,B003LNNOCO
pca,10000,4613,-0.17044145,0.25237706,5.0,B004JMZPJQ
pca,10000,4614,-0.2776017,0.48736128,5.0,B0079T724W
pca,10000,4615,0.026622344,-0.18148226,3.0,B007CRWQ74
pca,10000,4616,-0.3470086,-0.23619571,5.0,B007K3SB6K
pca,10000,4617,-0.15053892,0.24706012,5.0,B003ES61EE
pca,10000,4618,-0.31664026,-0.20511724,4.0,B005FVDTAW
pca,10000,4619,-0.3531455,-0.24985093,3.0,B004JU0E08
pca,10000,4620,-0.31096676,-0.2287662,5.0,B002YOENAS
pca,10000,4621,-0.1031769,-0.08634353,4.0,B004K1EZDS
pca,10000,4622,-0.10756223,0.11115186,4.0,B004I1KJ8U
pca,10000,4623,-0.19124992,0.22712477,5.0,B00267SENK
pca,10000,4624,-0.29673204,0.42105433,4.0,B004AM625G
pca,10000,4625,-0.34058535,-0.2516366,4.0,B0041HXGIQ
pca,10000,4626,-0.13712814,-0.5121182,3.0,B001D559Y8
pca,10000,4627,0.047467597,0.12852167,5.0,B0033A7K7A
pca,10000,4628,-0.047731563,-0.12277524,5.0,B0013F6HK8
pca,10000,4629,-0.084755614,-0.24731728,4.0,B0C39XH7F7
pca,10000,4630,0.0057533532,-0.14344051,1.0,B07N86MCD2
pca,10000,4631,-0.12236926,-0.3104771,1.0,B00AFGP5MM
pca,10000,4632,-0.11297503,-0.13603514,5.0,B07Z9X3397
pca,10000,4633,-0.052076854,0.11062132,5.0,B07S83DXDK
pca,10000,4634,0.23447877,-0.17029649,5.0,B06W568Y6C
pca,10000,4635,0.5005138,-0.14129098,5.0,B07H65KP63
pca,10000,4636,0.09246394,0.049677186,4.0,B0C5S13X5W
pca,10000,4637,-0.091611035,-0.36872223,1.0,B083LC9WMB
pca,10000,4638,0.030988295,-0.18696858,5.0,B097MPYBR7
pca,10000,4639,0.25353277,0.21682768,3.0,B082TNQZYQ
pca,10000,4640,-0.13391876,0.093744226,5.0,B07MFZ9MHM
pca,10000,4641,0.15114504,0.011243917,5.0,B075X8471B
pca,10000,4642,0.22729196,-0.085861854,4.0,B076F4MWJ2
pca,10000,4643,-0.02245893,0.41900635,5.0,B078XRNNDG
pca,10000,4644,0.021958325,0.19677842,5.0,B01BFIBRIE
pca,10000,4645,0.07026695,0.0087077785,5.0,B01BRWH8G8
pca,10000,4646,0.1612383,0.27326813,3.0,B0BB2LBQJ9
pca,10000,4647,-0.17259905,0.3799999,5.0,B0995VY79Y
pca,10000,4648,-0.09361684,0.29241616,5.0,B08SQKZDKR
pca,10000,4649,0.20335597,0.35421485,5.0,B07D1MFR2V
pca,10000,4650,0.07321593,0.18964468,5.0,B091GFZJRT
pca,10000,4651,0.17093061,0.15679781,5.0,B07TLVMRNW
pca,10000,4652,-0.24223703,-0.06612348,5.0,B07TJLM1YM
pca,10000,4653,-0.030883137,0.103750736,5.0,B078W4T2SS
pca,10000,4654,0.14476551,0.3485863,5.0,B07L63NVK4
pca,10000,4655,0.18105909,0.15023276,3.0,B075QCZRXY
pca,10000,4656,-0.0016924627,0.117106356,5.0,B09ZQ4GHM8
pca,10000,4657,0.46676517,0.09084009,5.0,B0C4T2HF5W
pca,10000,4658,0.13526253,0.41274843,5.0,B01HCGZY50
pca,10000,4659,-0.023261715,0.43669617,5.0,B09G2SP42N
pca,10000,4660,0.22114977,0.14500377,1.0,B00G2UBWGI
pca,10000,4661,0.10687229,-0.13480864,5.0,B07LF54F6H
pca,10000,4662,-0.138854,0.06599311,5.0,B077XVH192
pca,10000,4663,0.10631311,0.16402863,1.0,B07BSJCMGS
pca,10000,4664,0.15381241,-0.20032728,5.0,B01ETRH0AM
pca,10000,4665,-0.23564222,0.10909156,5.0,B07V3RB9C1
pca,10000,4666,-0.05427794,0.024931127,5.0,B075WD3YHX
pca,10000,4667,-0.12851638,-0.28777772,4.0,B09F5PVRQD
pca,10000,4668,-0.17031264,-0.30101985,5.0,B0B787CN26
pca,10000,4669,-0.086772844,-0.14184497,5.0,B01I8VCDX4
pca,10000,4670,-0.002447525,-0.22934695,1.0,B0199HAOAU
pca,10000,4671,-0.12403925,-0.058104098,5.0,B0761T4DHF
pca,10000,4672,-0.07826081,-0.35983813,5.0,B013CV95J0
pca,10000,4673,-0.041827995,0.02401433,3.0,B07P374FF3
pca,10000,4674,0.042403102,-0.34696022,5.0,B00RFLXE0A
pca,10000,4675,-0.070855066,0.14745885,4.0,B018SZT3BK
pca,10000,4676,-0.024143737,-0.19010162,5.0,B00QGOQ2BA
pca,10000,4677,0.00030614622,-0.20202257,5.0,B01N0FGGBR
pca,10000,4678,-0.007764861,-0.1522696,5.0,B00TIYNGBY
pca,10000,4679,-0.100060716,-0.27736744,5.0,B08J91XPGV
pca,10000,4680,-0.09734373,-0.02228143,5.0,B00BH61UV4
pca,10000,4681,0.2615239,-0.25923085,1.0,B09J49WZXQ
pca,10000,4682,0.16099298,-0.045573592,4.0,B00O8NVPBI
pca,10000,4683,-0.013052836,-0.23556563,5.0,B001THL8SQ
pca,10000,4684,-0.11923975,0.21245371,5.0,B01CXIFOU2
pca,10000,4685,-0.06658957,-0.12990347,5.0,B00LMRP6UY
pca,10000,4686,-0.13708845,0.2847826,4.0,B098Q3L9NJ
pca,10000,4687,0.13707529,0.0074770637,1.0,B07H4SVXYP
pca,10000,4688,0.19459748,0.10787491,3.0,B09BQLWBR3
pca,10000,4689,0.12346293,-0.28060806,1.0,B00NR1EHP8
pca,10000,4690,-0.22241135,-0.065581925,5.0,B00FO0IHMY
pca,10000,4691,-0.09486681,0.09724455,4.0,B00QRPPCMI
pca,10000,4692,0.058473334,-0.11508844,4.0,B0B2V9KS41
pca,10000,4693,-0.02075011,-0.15765284,5.0,B081498PMW
pca,10000,4694,-0.14542188,0.35719737,2.0,B07PG6YW52
pca,10000,4695,-0.054693654,0.06404708,5.0,B0794ZR7T8
pca,10000,4696,-0.13039055,0.42900088,5.0,B07FMBYFD1
pca,10000,4697,-0.21332645,0.09448721,3.0,B07PSGC87H
pca,10000,4698,0.089727886,0.09331704,5.0,B08YFJYD5Z
pca,10000,4699,-0.2872883,-0.031815544,5.0,B008KRZDYI
pca,10000,4700,-0.23166332,-0.1483351,2.0,B08TZX2DW5
pca,10000,4701,0.54398817,-0.13984656,5.0,B0041OTZAM
pca,10000,4702,0.16938081,-0.44087657,1.0,B09L7HBXYC
pca,10000,4703,-0.035961382,0.0350542,1.0,B08XQCYPJ3
pca,10000,4704,-0.16542955,0.04652033,5.0,B0BNSWXKFB
pca,10000,4705,-0.06899433,-0.20572938,5.0,B0C5S4MXKF
pca,10000,4706,-0.24555907,0.43294078,4.0,B017EHRZX6
pca,10000,4707,-0.2798616,0.45234394,2.0,B088LWZRQ8
pca,10000,4708,-0.16742131,0.051025532,4.0,B00GYP8MA0
pca,10000,4709,-0.099183545,-0.0033934405,5.0,B07TKVB64D
pca,10000,4710,-0.00022973679,0.19916259,5.0,B014TUZ92U
pca,10000,4711,-0.15690203,-0.04084958,5.0,B011BRUOMO
pca,10000,4712,-0.027481023,0.25547278,5.0,B00S05R5QY
pca,10000,4713,0.30627993,-0.09009693,5.0,B07KTYJ769
pca,10000,4714,0.11282529,0.08231815,5.0,B07SGBZF17
pca,10000,4715,-0.2582899,-0.12567869,5.0,B078H4694S
pca,10000,4716,0.14881307,-0.117379904,5.0,B075JZNHTD
pca,10000,4717,0.25877666,0.06490609,5.0,B01L73OEOG
pca,10000,4718,-0.22927035,0.11076831,5.0,B01DOW5RTO
pca,10000,4719,-0.043915533,-0.10457377,5.0,B01LZV6TYQ
pca,10000,4720,-0.002521146,-0.099189185,5.0,B01FJPACGC
pca,10000,4721,0.22702913,-0.08380302,2.0,B017NHHZ4G
pca,10000,4722,-0.0061663017,0.07160451,5.0,B07P374FF3
pca,10000,4723,0.14523786,0.11369694,5.0,B00BT6NZLA
pca,10000,4724,-0.056174032,-0.16778888,4.0,B004I2KA4M
pca,10000,4725,0.07254573,0.11069799,5.0,B00CRQUKQ4
pca,10000,4726,0.27359393,0.0475735,5.0,B098ZZWTC5
pca,10000,4727,0.01287272,0.14769351,4.0,B0BLMPQL2D
pca,10000,4728,-0.19225395,0.46648932,5.0,B0079EZRGC
pca,10000,4729,0.06091305,0.087773845,5.0,B00BQM8S2S
pca,10000,4730,-0.08733815,0.14119112,5.0,B0051VVOB2
pca,10000,4731,-0.04654707,0.36404735,5.0,B009AOGJDE
pca,10000,4732,0.23200946,-0.13980186,5.0,B07NSWGL41
pca,10000,4733,-0.015240002,-0.24963191,5.0,B011CUSX3C
pca,10000,4734,0.13476145,-0.14798331,5.0,B08N9DPW69
pca,10000,4735,-0.014000405,-0.1713257,4.0,B0BM2YG2K7
pca,10000,4736,-0.007887563,0.3025061,5.0,B071FXZBMV
pca,10000,4737,-0.26477948,-0.027567651,4.0,B07BK59YYC
pca,10000,4738,-0.2628924,0.06646563,5.0,B0C1BVZHD1
pca,10000,4739,-0.2132169,0.14623639,3.0,B07W1Q3X7S
pca,10000,4740,-0.15907995,-0.27858868,4.0,B07CPNR79C
pca,10000,4741,-0.07173739,0.12447152,5.0,B082Z2KZP8
pca,10000,4742,0.2586792,-0.06991169,4.0,B07PQJGCVT
pca,10000,4743,-0.04450994,-0.111636914,5.0,B00KDOUH0G
pca,10000,4744,0.08292012,-0.00041269045,4.0,B001FA1O18
pca,10000,4745,0.015706036,-0.13087164,5.0,B005FM8UL4
pca,10000,4746,0.14397241,-0.120587334,5.0,B07KVP7TTW
pca,10000,4747,-0.063163504,-0.0528111,5.0,B091YNGYMT
pca,10000,4748,-0.20823446,0.3154005,5.0,B00FJK0LDW
pca,10000,4749,-0.03630168,-0.08071863,1.0,B002UUTCMU
pca,10000,4750,0.16303653,-0.0144599145,1.0,B00WUWVO88
pca,10000,4751,0.05315607,-0.23973005,2.0,B07HZLHPKP
pca,10000,4752,0.08581355,0.0050528236,4.0,B00N1XLAZC
pca,10000,4753,0.09665537,-0.31428212,5.0,B01CCMUN8C
pca,10000,4754,-0.14298725,0.19469446,4.0,B00BIFNTMC
pca,10000,4755,0.08218709,0.01782113,5.0,B08FD79VFW
pca,10000,4756,0.17763084,0.19072106,5.0,B07TXJQC3J
pca,10000,4757,-0.29379067,0.07605623,3.0,B07CRKFF9C
pca,10000,4758,0.0039602593,-0.23941076,1.0,B075X8471B
pca,10000,4759,0.3165893,0.12014105,5.0,B0736ZHMMK
pca,10000,4760,0.056180455,-0.14516856,5.0,B09FDMGNQR
pca,10000,4761,0.01865108,0.07555546,5.0,B07NZ5F523
pca,10000,4762,0.121016495,0.21891612,5.0,B0BQRNFHCV
pca,10000,4763,0.060486536,0.23921576,5.0,B00SF6VSVG
pca,10000,4764,0.014848333,0.40480605,5.0,B06XSGYL1Q
pca,10000,4765,-0.25294328,-0.2344695,5.0,B07Y4WVD8L
pca,10000,4766,-0.31942296,-0.05422332,5.0,B08HM51MMR
pca,10000,4767,-0.2451205,-0.12830749,5.0,B08H5LZRVS
pca,10000,4768,-0.09557455,-0.16214597,5.0,B08H5DV1YC
pca,10000,4769,-0.1930104,0.10333015,5.0,B08KTJC3P5
pca,10000,4770,-0.26006612,-0.031610213,5.0,B09Y1PSVTB
pca,10000,4771,-0.22358684,0.36607307,5.0,B087Q5XTK9
pca,10000,4772,-0.13442713,-0.031228473,5.0,B083P66G5H
pca,10000,4773,-0.12648407,0.036432818,5.0,B09BQQZQMM
pca,10000,4774,-0.06624738,0.33231762,4.0,B082W1SWKC
pca,10000,4775,0.037347298,0.053157404,4.0,B08CSHM6L3
pca,10000,4776,-0.15597458,-0.028108353,4.0,B07921HW1Z
pca,10000,4777,0.0069341017,0.23964849,5.0,B07X54PV85
pca,10000,4778,-0.29708025,-0.09901162,4.0,B07VSGQ62K
pca,10000,4779,-0.10593344,-0.2989539,5.0,B0BMQ999F8
pca,10000,4780,-0.11803752,-0.15487331,5.0,B07SCXM7BH
pca,10000,4781,-0.05501487,-0.3074947,4.0,B07M8RNRGT
pca,10000,4782,-0.16950239,-0.06548146,5.0,B0BGPJNJBH
pca,10000,4783,0.0040966934,-0.13846083,1.0,B07RXXTZ6R
pca,10000,4784,-0.23236638,-0.039938197,5.0,B07RF2123Z
pca,10000,4785,-0.23674822,-0.051085904,5.0,B07FQ94LV7
pca,10000,4786,-0.17172898,-0.22384118,4.0,B07S479R2L
pca,10000,4787,-0.117736295,-0.2813087,4.0,B08TRD3FRW
pca,10000,4788,-0.10258354,-0.0053168153,4.0,B07PVG3ZW3
pca,10000,4789,-0.07551117,-0.074658774,4.0,B07YJ9L5MY
pca,10000,4790,-0.096185945,-0.13001761,4.0,B07QKBV6TP
pca,10000,4791,-0.05087859,-0.016849326,5.0,B00JZFG6QS
pca,10000,4792,-0.082157776,0.42094016,4.0,B07PPP7QMP
pca,10000,4793,-0.117385715,-0.021376707,2.0,B07PCGV1FC
pca,10000,4794,-0.043821238,0.15071142,5.0,B07JGSN975
pca,10000,4795,0.023072883,0.038351156,2.0,B07M9K3122
pca,10000,4796,-0.188275,-0.0075598178,3.0,B07N5XKK95
pca,10000,4797,-0.16432607,0.1113287,4.0,B07G57SHSL
pca,10000,4798,-0.1295889,-0.058223568,4.0,B07JX736SB
pca,10000,4799,-0.08895397,-0.13084346,4.0,B07FZSR9JW
pca,10000,4800,-0.2658646,0.04684975,3.0,B07FDHN9V8
pca,10000,4801,-0.13118415,0.00873282,4.0,B07STM5GQG
pca,10000,4802,-0.19953287,-0.009980607,4.0,B07BMX18JN
pca,10000,4803,-0.1812298,0.086806476,5.0,B07N3B66YQ
pca,10000,4804,-0.10999292,-0.28379697,4.0,B07MC8C9LP
pca,10000,4805,-0.14581677,-0.08777503,4.0,B07DN7XBN3
pca,10000,4806,-0.06193,-0.12061764,1.0,B07MZRP64K
pca,10000,4807,-0.27398363,-0.16865991,3.0,B07MCSKB9P
pca,10000,4808,-0.09281833,-0.07358012,4.0,B0BXPGHMN6
pca,10000,4809,-0.17493933,-0.1509726,5.0,B00QGOQ2BA
pca,10000,4810,-0.094103895,-0.1960348,5.0,B0C1D3JB4R
pca,10000,4811,-0.041966837,-0.13802993,5.0,B07LCDQSVL
pca,10000,4812,-0.005888764,0.17329098,5.0,B08Y929JZN
pca,10000,4813,-0.101481326,0.20168643,4.0,B085QC3JXX
pca,10000,4814,-0.19321598,-0.11391371,4.0,B07JW1YSRH
pca,10000,4815,-0.14587297,0.3574728,4.0,B07KXWX1VY
pca,10000,4816,-0.17941293,0.08208949,3.0,B0CBW96P7H
pca,10000,4817,-0.3328077,-0.15216154,4.0,B07HT12PD5
pca,10000,4818,-0.20181948,-0.22795683,4.0,B07HR7H4ML
pca,10000,4819,-0.1254127,0.051627934,5.0,B0BC2STR39
pca,10000,4820,-0.1794643,0.044535123,5.0,B0B6D4W3R7
pca,10000,4821,-0.13642022,0.11537594,5.0,B0BG27Y7DY
pca,10000,4822,-0.17518246,-0.030860933,5.0,B06WVQ7SQL
pca,10000,4823,-0.1897007,0.12596405,4.0,B074HYNMWG
pca,10000,4824,-0.2284107,0.33765537,5.0,B0722Y445X
pca,10000,4825,-0.0003520772,0.13016652,2.0,B00CRGJDD0
pca,10000,4826,-0.09457303,-0.04620482,5.0,B06WP2Y7B4
pca,10000,4827,0.12933657,0.24400988,5.0,B01AC402TM
pca,10000,4828,-0.07787665,-0.19568272,5.0,B01IOHQYDM
pca,10000,4829,-0.13111104,0.37939185,5.0,B01CXP8AX8
pca,10000,4830,-0.15906392,-0.18580365,5.0,B00PEW7NP4
pca,10000,4831,-0.11087084,-0.19017377,5.0,B00TLEXZ8K
pca,10000,4832,-0.15906392,-0.18580365,5.0,B00V5EMQAM
pca,10000,4833,-0.05555536,0.06778678,5.0,B01BF11RJK
pca,10000,4834,-0.05555536,0.06778678,5.0,B00ZVNTU6Q
pca,10000,4835,-0.037954558,0.060594395,5.0,B01BF13LZ8
pca,10000,4836,-0.037954558,0.060594395,5.0,B015IX72CM
pca,10000,4837,-0.1486603,0.387143,5.0,B017KF7WH6
pca,10000,4838,-0.24724123,0.43697548,5.0,B00Y3DLTF0
pca,10000,4839,-0.15703388,0.029951645,4.0,B00SSUWGQK
pca,10000,4840,-0.10715906,-0.16470356,5.0,B00M30SQL0
pca,10000,4841,-0.07705581,-0.16847634,5.0,B00BK0YRZS
pca,10000,4842,-0.11087084,-0.19017377,5.0,B00MEIBYJM
pca,10000,4843,-0.11087084,-0.19017377,5.0,B00PT90SCW
pca,10000,4844,-0.11087084,-0.19017377,5.0,B00P9WGLCU
pca,10000,4845,-0.11087084,-0.19017377,5.0,B00NZV0LP0
pca,10000,4846,-0.11432426,-0.1915631,5.0,B00MOTL0Q8
pca,10000,4847,-0.08885314,-0.2815403,4.0,B00KVD6CJY
pca,10000,4848,-0.01679457,0.40422192,4.0,B00LIC2FHA
pca,10000,4849,-0.2856499,0.33567724,3.0,B00CNMYP0E
pca,10000,4850,-0.0036916342,-0.19451101,3.0,B000JTL6QO
pca,10000,4851,0.0033474863,0.04512795,4.0,B001FN14RE
pca,10000,4852,0.01026882,-0.0010532876,4.0,B0046TVZSW
pca,10000,4853,-0.006192051,0.10128985,5.0,B00IYOJD84
pca,10000,4854,-0.2660853,-0.03789331,5.0,B00DGM6ZE4
pca,10000,4855,-0.07743259,0.29914972,4.0,B00EUFP66Y
pca,10000,4856,-0.21043803,0.5542592,5.0,B00E60PZFK
pca,10000,4857,-0.22436525,0.08100622,5.0,B006UIFTTS
pca,10000,4858,-0.15189487,0.3672604,4.0,B00BW0QC8G
pca,10000,4859,-0.18258467,0.43955487,5.0,B00B29X7R6
pca,10000,4860,0.17934012,0.112481706,2.0,B00A3G8ZIK
pca,10000,4861,-0.22022381,-0.0038260045,5.0,B00GPL2ZJ2
pca,10000,4862,-0.09692547,-0.20189703,4.0,B000068EAM
pca,10000,4863,-0.096227795,-0.16543284,4.0,B0001M2FYQ
pca,10000,4864,-0.090589955,0.10211375,5.0,B0055D66V4
pca,10000,4865,-0.037320763,-0.29380202,5.0,B000XG8WV0
pca,10000,4866,-0.34439522,0.3958944,4.0,B005EJLFXI
pca,10000,4867,-0.22662276,0.41763246,4.0,B005EJLFXS
pca,10000,4868,-0.19746977,0.3716537,4.0,B005G0CUP2
pca,10000,4869,0.0729246,-0.02916043,5.0,B0026FCXCU
pca,10000,4870,-0.017725434,0.054263957,5.0,B002B55PR0
pca,10000,4871,-0.019502264,0.06641684,5.0,B000N386VE
pca,10000,4872,0.08181207,0.1306244,5.0,B0076LY2BY
pca,10000,4873,-0.006829556,-0.24862799,5.0,B007GNMNLS
pca,10000,4874,0.0064348634,-0.19789974,5.0,B007GNMMNM
pca,10000,4875,-0.26704523,-0.1161239,5.0,B004YIZWYI
pca,10000,4876,0.53653896,-0.16727298,5.0,B08KZ1TZYB
pca,10000,4877,-0.02835456,-0.2669063,5.0,B00LICJZYQ
pca,10000,4878,-0.15560494,-0.12616543,5.0,B07TRQ9JSH
pca,10000,4879,0.06744139,0.037593447,5.0,B016NFJFYC
pca,10000,4880,0.16662025,-0.2246348,1.0,B09XV3FW7H
pca,10000,4881,-0.09737778,-0.2925525,3.0,B0BRL1Z4WB
pca,10000,4882,0.061263926,-0.12501673,1.0,B01GVOVB1A
pca,10000,4883,0.13418669,-0.09422956,1.0,B08LYQT6C6
pca,10000,4884,-0.014685474,0.23117739,5.0,B08K2GBBY1
pca,10000,4885,0.05430047,-0.03811368,5.0,B07KM2BW2P
pca,10000,4886,0.0729219,0.015937401,5.0,B08F28DTVP
pca,10000,4887,0.155373,0.34722474,5.0,B06WD7HC3C
pca,10000,4888,0.20448586,0.07825199,5.0,B01MQFICHV
pca,10000,4889,-0.13800327,0.14259444,5.0,B0753GNMW2
pca,10000,4890,0.053331077,-0.14066036,1.0,B095JX15XF
pca,10000,4891,0.08910519,0.050771788,5.0,B0098USJJ2
pca,10000,4892,0.060201578,-0.23113759,3.0,B088BG6512
pca,10000,4893,0.23566279,0.08494186,5.0,B07SYZRRS2
pca,10000,4894,0.23113203,0.3796627,5.0,B07R78QTJ3
pca,10000,4895,0.33001167,0.13413328,5.0,B00RBG6OE2
pca,10000,4896,0.4553836,0.053906053,5.0,B076PHPKML
pca,10000,4897,0.4686701,0.07588428,5.0,B00OPTOKI0
pca,10000,4898,0.3890383,0.084556304,5.0,B01985CJUG
pca,10000,4899,0.27890006,0.09302942,5.0,B0779JLSB1
pca,10000,4900,0.27049553,-0.116356455,5.0,B00TFGX35Y
pca,10000,4901,0.20661949,-0.054199755,5.0,B0013GJIBC
pca,10000,4902,-0.19027631,0.18314639,1.0,B086Y77P1D
pca,10000,4903,0.23575388,-0.11047574,1.0,B0852JSP1W
pca,10000,4904,0.21557194,-0.13021389,1.0,B07JF2ZSC9
pca,10000,4905,0.0057753744,-0.3362352,5.0,B07H65KP63
pca,10000,4906,-0.17100812,-0.20515731,4.0,B0170RBJ9Q
pca,10000,4907,0.38628453,-0.16178936,5.0,B08G43DN5X
pca,10000,4908,0.3422871,0.09291404,5.0,B07P6WSXBW
pca,10000,4909,-0.21132901,-0.18065602,5.0,B07X6KGF9R
pca,10000,4910,-0.26867124,0.32148686,5.0,B079D84TFQ
pca,10000,4911,-0.05041822,-0.18511914,5.0,B00N2ZDXW2
pca,10000,4912,-0.06367383,-0.3768155,4.0,B09F3H9RRY
pca,10000,4913,0.116924755,-0.009998243,5.0,B09YNVBNRT
pca,10000,4914,-0.19820885,-0.17907086,5.0,B0C338S8M7
pca,10000,4915,-0.1540241,0.2916533,2.0,B01M71YIG3
pca,10000,4916,-0.026053246,-0.33064395,5.0,B07GZFM1ZM
pca,10000,4917,0.023006992,-0.10123876,4.0,B075X8471B
pca,10000,4918,0.48547158,-0.1586334,5.0,B076YTXPC8
pca,10000,4919,0.20346825,0.04470619,5.0,B0B17GGGGY
pca,10000,4920,-0.097857274,-0.16610602,5.0,B07C6FHTSH
pca,10000,4921,0.11914888,0.166884,5.0,B09N97CTTW
pca,10000,4922,-0.108396694,-0.39750323,1.0,B073VLYXRW
pca,10000,4923,0.42747423,0.14216134,5.0,B0BHYZQ5LM
pca,10000,4924,0.42747423,0.14216134,5.0,B09Y8VRNRV
pca,10000,4925,0.42747423,0.14216134,5.0,B0BPHSS2PW
pca,10000,4926,0.3353964,-0.030022452,5.0,B09YPZWP36
pca,10000,4927,-0.28480533,-0.16361178,5.0,B0B16HQ7NW
pca,10000,4928,-0.2662131,-0.1778422,5.0,B0C2CJ136N
pca,10000,4929,-0.16478561,-0.23472084,5.0,B097ZY395L
pca,10000,4930,0.015111126,-0.1841582,4.0,B08FWXW5TC
pca,10000,4931,-0.121647045,0.4097242,5.0,B07N6YPCMZ
pca,10000,4932,-0.04540535,-0.32031032,5.0,B08NXWM3GK
pca,10000,4933,-0.34490135,-0.011475508,5.0,B08BPG8YJ6
pca,10000,4934,-0.058698893,-0.17448777,3.0,B0BMJ4RFGT
pca,10000,4935,-0.11272572,-0.16367708,5.0,B08L588BBW
pca,10000,4936,-0.061250664,-0.14715758,5.0,B09XXVR2JT
pca,10000,4937,-0.03074506,-0.12867148,5.0,B09XXVR2JT
pca,10000,4938,-0.16691098,-0.104549184,5.0,B07ZSD7CBJ
pca,10000,4939,-0.024893194,0.007369928,5.0,B09TD6YRS4
pca,10000,4940,-0.0805412,-0.17094748,5.0,B08HPHRXDT
pca,10000,4941,-0.09174269,-0.15464881,5.0,B0B5P8C87Y
pca,10000,4942,-0.0621989,-0.10703507,5.0,B084JSDR5B
pca,10000,4943,-0.111513704,0.2144193,5.0,B095PVXLWJ
pca,10000,4944,-0.19133703,-0.11026137,5.0,B08WLY6BPG
pca,10000,4945,-0.1639498,0.108064465,5.0,B0B8W72ZG6
pca,10000,4946,-0.07074606,0.039018206,5.0,B0BFFXDM1V
pca,10000,4947,-0.033508703,-0.0731813,5.0,B08QSLJKGX
pca,10000,4948,-0.09006235,-0.24761939,5.0,B0BN5D2G8G
pca,10000,4949,-0.06100305,-0.018953335,5.0,B093CFF943
pca,10000,4950,-0.102258526,-0.09884537,4.0,B09K3ZLPB5
pca,10000,4951,0.08692091,0.116928734,5.0,B08H5S9QZ5
pca,10000,4952,-0.048052974,-0.15209253,5.0,B08RRS4W2D
pca,10000,4953,-0.12180835,-0.16478735,5.0,B08N3DHVS1
pca,10000,4954,-0.24446434,-0.09400599,4.0,B0BV25ZQW3
pca,10000,4955,-0.22196592,-0.19155881,5.0,B0BDSZ2KT3
pca,10000,4956,-0.24319074,-0.038290307,5.0,B08JWJG7WS
pca,10000,4957,-0.0617401,-0.1546847,5.0,B08R62YZ97
pca,10000,4958,-0.114251226,-0.123639636,5.0,B08T252MCJ
pca,10000,4959,-0.2185119,-0.03679883,5.0,B087ZMWQB6
pca,10000,4960,-0.23361957,-0.07509504,5.0,B08NDGD2V5
pca,10000,4961,0.0141750965,-0.19899659,5.0,B08PBQGJ2Q
pca,10000,4962,-0.2362366,-0.04771456,5.0,B08R6936N6
pca,10000,4963,-0.28368723,-0.1698173,5.0,B08SQ8QNPW
pca,10000,4964,-0.3291075,-0.13390954,5.0,B08N63BCW8
pca,10000,4965,-0.052072175,0.1463776,5.0,B08DR5MNNG
pca,10000,4966,-0.3525328,-0.23645085,5.0,B0C4TNHV6H
pca,10000,4967,-0.14994824,-0.10763485,5.0,B08PB9PFPY
pca,10000,4968,-0.037773892,0.013697624,5.0,B08T91YHPW
pca,10000,4969,-0.11023253,0.21496154,5.0,B09XHR8WDZ
pca,10000,4970,-0.1768407,0.15125765,5.0,B08NJCDFPD
pca,10000,4971,-0.17107369,-0.13834803,5.0,B08PCWHQ7W
pca,10000,4972,0.00032047182,-0.040930413,5.0,B08P3J2JP2
pca,10000,4973,-0.34004396,-0.13386486,5.0,B08Q81H52F
pca,10000,4974,-0.269105,0.10047681,5.0,B09X9BNL7K
pca,10000,4975,-0.35883737,0.3836508,5.0,B086GFYLYF
pca,10000,4976,-0.17919658,-0.037845206,5.0,B08T9T4C7J
pca,10000,4977,-0.1070987,-0.1955708,5.0,B0922SG3ZT
pca,10000,4978,-0.20912653,0.080329806,4.0,B0C68XNGG1
pca,10000,4979,-0.06781545,-0.2025662,5.0,B08V4FB3X3
pca,10000,4980,-0.1016454,-0.1928331,5.0,B0BS2SLDVY
pca,10000,4981,-0.22013105,-0.30408865,4.0,B08DHCNQQ2
pca,10000,4982,-0.25252008,-0.20121683,5.0,B089X3PYHP
pca,10000,4983,-0.021914206,-0.07706956,5.0,B0BM3V5NTN
pca,10000,4984,-0.07770339,-0.16253419,5.0,B07TXDLM8T
pca,10000,4985,-0.10903095,-0.2601989,5.0,B0BM3PMNM7
pca,10000,4986,-0.01814038,-0.100076474,5.0,B0B8F272SB
pca,10000,4987,-0.34593138,-0.26114145,5.0,B08HMHP2BP
pca,10000,4988,-0.26748306,0.052779734,5.0,B092HWCDVW
pca,10000,4989,-0.2756677,-0.05868057,5.0,B08P19WSDC
pca,10000,4990,-0.1443874,-0.17519888,4.0,B08R9J16VM
pca,10000,4991,-0.05377668,0.10478393,5.0,B08J3T813G
pca,10000,4992,-0.08806281,-0.12624449,4.0,B08H1H29F4
pca,10000,4993,-0.13422057,0.05479312,5.0,B07DBSKWQ5
pca,10000,4994,-0.23858759,-0.053236127,5.0,B08P5BMJ9D
pca,10000,4995,-0.2158011,-0.1578041,5.0,B09MHWMM15
pca,10000,4996,-0.29201084,-0.0886974,5.0,B08L5LKVY7
pca,10000,4997,-0.15628257,-0.13671422,5.0,B0874V465W
pca,10000,4998,-0.23090914,-0.15283124,5.0,B095RSQWSQ
pca,10000,4999,-0.3009127,-0.16344066,5.0,B081SLB69N
pca,10000,5000,-0.32988408,-0.1129353,5.0,B08KDZ2NZX
pca,10000,5001,-0.20787261,-0.22256295,5.0,B08KDX5H5Z
pca,10000,5002,-0.22224596,-0.13971832,5.0,B081S5XL28
pca,10000,5003,-0.062684245,-0.15741624,5.0,B08F42NXGC
pca,10000,5004,-0.11569083,-0.24665985,4.0,B0C9LC3TWC
pca,10000,5005,-0.13194087,-0.2001297,5.0,B08PXVLQPM
pca,10000,5006,-0.27111813,0.009868218,5.0,B08PY4KLLT
pca,10000,5007,-0.16016836,0.019016521,5.0,B08F2KD7XV
pca,10000,5008,-0.08863902,-0.014612454,5.0,B0953CV398
pca,10000,5009,-0.12482622,-0.024798267,5.0,B0BRXKZHGM
pca,10000,5010,-0.07678207,-0.08365839,5.0,B08DNP7BR8
pca,10000,5011,-0.12806615,-0.13164379,5.0,B08FCRFJ9V
pca,10000,5012,-0.07678207,-0.08365839,5.0,B09P3CXB5D
pca,10000,5013,-0.109636575,-0.15808834,5.0,B09G3MBH6V
pca,10000,5014,-0.050600827,-0.19253607,5.0,B08MVBT82R
pca,10000,5015,-0.00391376,-0.022079086,5.0,B09M8N7YML
pca,10000,5016,-0.0338826,-0.10413778,5.0,B088SV42R7
pca,10000,5017,-0.31498915,-0.17268652,5.0,B08JVG6ZYD
pca,10000,5018,-0.2097938,-0.088079825,5.0,B08J4HD9YM
pca,10000,5019,-0.02777746,-0.1935245,5.0,B09SN7TZ99
pca,10000,5020,-0.2946113,-0.154646,5.0,B09ZMJCQ51
pca,10000,5021,-0.25939986,-0.26359925,5.0,B08J835GBX
pca,10000,5022,-0.16455226,-0.15750001,5.0,B0BZHM9JD9
pca,10000,5023,-0.10619104,-0.20108227,5.0,B08KJWJZ6B
pca,10000,5024,-0.23883358,-0.32380006,5.0,B094F8DLWL
pca,10000,5025,-0.29583132,-0.18138115,5.0,B0845NH17T
pca,10000,5026,-0.21730208,-0.055538602,5.0,B0848H7FKT
pca,10000,5027,-0.08523422,-0.11278042,5.0,B09RYVXYLV
pca,10000,5028,-0.18317772,-0.09418008,5.0,B09LTXKQC9
pca,10000,5029,-0.25612566,0.018481212,5.0,B0BWLTM2TR
pca,10000,5030,-0.172352,0.3986888,5.0,B0C7RMY5RV
pca,10000,5031,-0.21756214,-0.29544768,5.0,B0C5PC4J6W
pca,10000,5032,-0.35641322,-0.060703635,5.0,B08DCNVB7Y
pca,10000,5033,-0.29525876,-0.0486428,5.0,B09M85WPFM
pca,10000,5034,-0.22062516,-0.17054632,4.0,B077ZNYSVY
pca,10000,5035,-0.17646162,-0.044201702,5.0,B08GQLY9Q7
pca,10000,5036,-0.19124253,0.37186366,5.0,B09KBKDN6P
pca,10000,5037,-0.11458351,-0.30035883,5.0,B08YFXR1KC
pca,10000,5038,0.050799157,0.09734327,5.0,B07WYLFQBK
pca,10000,5039,-0.32442576,-0.099677235,5.0,B0B76HTH5W
pca,10000,5040,0.09977785,0.15310775,5.0,B07WYLFQBK
pca,10000,5041,0.059077203,0.28528365,5.0,B07RH7R1ZV
pca,10000,5042,-0.07706656,0.09910623,5.0,B09XTYMF6N
pca,10000,5043,0.07780826,0.25277814,5.0,B083S3RB3W
pca,10000,5044,-0.34957156,-0.09928597,5.0,B07WF9SLQP
pca,10000,5045,-0.09861083,0.14121442,5.0,B083R4WXYG
pca,10000,5046,-0.1469643,-0.07577164,5.0,B083SGXJH5
pca,10000,5047,0.11780866,0.12985013,5.0,B08L6G1V2Y
pca,10000,5048,0.026721917,0.2570148,5.0,B083RSDVGK
pca,10000,5049,0.05798918,0.28049028,5.0,B07RZ7KMY3
pca,10000,5050,-0.017567743,0.2796754,5.0,B083QBBM8Z
pca,10000,5051,-0.19602542,0.42816058,4.0,B07YYWK432
pca,10000,5052,0.078154325,0.31466126,5.0,B07W2W4TMY
pca,10000,5053,0.012284912,0.18404442,5.0,B07VQT48HD
pca,10000,5054,0.008402057,0.23575607,5.0,B083Q7TT1S
pca,10000,5055,0.02738047,0.03651996,5.0,B09PHLPCVY
pca,10000,5056,0.0017482806,0.2770985,5.0,B08C2SWB9G
pca,10000,5057,-0.014336303,0.35410166,5.0,B08DFTYC47
pca,10000,5058,0.07309787,0.25312138,5.0,B082YBBZ8H
pca,10000,5059,-0.051040843,0.074030876,5.0,B0834ZYDCV
pca,10000,5060,-0.15913513,0.025871078,5.0,B07HDDRGNF
pca,10000,5061,-0.1064637,0.1607435,5.0,B0833VJ5FQ
pca,10000,5062,-0.33783787,-0.13218449,5.0,B08PFVF5L8
pca,10000,5063,0.07502204,0.25459856,5.0,B09MLWMGZK
pca,10000,5064,-0.29167616,-0.14655279,5.0,B07VX7V91Q
pca,10000,5065,-0.29017314,-0.11743728,5.0,B07XV3GGRX
pca,10000,5066,-0.33930156,-0.15883113,5.0,B08PFW1S1V
pca,10000,5067,-0.14216532,-0.069036014,5.0,B07HKFG85D
pca,10000,5068,-0.084473126,0.019452551,5.0,B09S4C4CHW
pca,10000,5069,-0.04328927,0.29659057,5.0,B0B9HF8KDV
pca,10000,5070,0.08008487,0.20247559,5.0,B077FZMDN3
pca,10000,5071,0.065565184,-0.13505943,5.0,B07D4FQB8S
pca,10000,5072,0.006017113,0.12814698,3.0,B0785QPDXM
pca,10000,5073,0.14166361,-0.16032173,2.0,B07SHD43P6
pca,10000,5074,0.008364475,0.14553066,3.0,B081HH5X61
pca,10000,5075,0.45280433,0.096390024,4.0,B089QHW4XN
pca,10000,5076,0.12522504,0.06393463,4.0,B08XJGMVK9
pca,10000,5077,0.45280433,0.096390024,4.0,B07LG5WBTS
pca,10000,5078,0.48447067,0.08420696,4.0,B08K7GNGC5
pca,10000,5079,0.39925343,0.109319985,4.0,B0BFWPD9J4
pca,10000,5080,0.39925343,0.109319985,4.0,B0882S92LT
pca,10000,5081,0.26287633,0.07160793,4.0,B0BWVDRR6L
pca,10000,5082,0.26287633,0.07160793,5.0,B00L4PY754
pca,10000,5083,0.26287633,0.07160793,4.0,B087TPK5NX
pca,10000,5084,0.2062519,0.022831714,3.0,B07TY892KH
pca,10000,5085,0.21794853,-0.08859695,1.0,B00FFHDQP4
pca,10000,5086,0.50319445,-0.19953595,4.0,B00FZYT278
pca,10000,5087,0.19912957,-0.0801673,5.0,B09PV3FX4S
pca,10000,5088,0.14148307,0.16057588,5.0,B08SFG899Z
pca,10000,5089,-0.20120297,-0.060212776,2.0,B09KKV39T6
pca,10000,5090,-0.03902447,-0.05213073,5.0,B09BNZ4Q11
pca,10000,5091,0.09407836,-0.18451288,5.0,B083ZF5BBP
pca,10000,5092,-0.2947878,-0.092741705,5.0,B0C4TXH4W7
pca,10000,5093,-0.05918096,0.12776235,5.0,B01HORSXZ0
pca,10000,5094,0.28797388,-0.054987185,5.0,B0B8SX56M3
pca,10000,5095,-0.05470106,0.30281088,5.0,B09CQ136KH
pca,10000,5096,-0.096162796,-0.11566172,4.0,B0B6DPD19Z
pca,10000,5097,0.029442336,0.05308841,5.0,B08FJ5GV6L
pca,10000,5098,0.053855814,-0.017711814,5.0,B0787348WK
pca,10000,5099,0.048089564,0.040781215,5.0,B08GRY1W93
pca,10000,5100,-0.20459333,-0.1371639,5.0,B01GKODU92
pca,10000,5101,0.03618639,0.12023028,5.0,B0784SY515
pca,10000,5102,-0.13950679,0.098917566,5.0,B076LJ7W11
pca,10000,5103,0.0063925637,-0.112778604,5.0,B09FQFFX15
pca,10000,5104,0.16358413,-0.13630214,5.0,B0949SYKMX
pca,10000,5105,-0.13056529,0.046980374,4.0,B0177NUYIU
pca,10000,5106,-0.09284746,-0.21713905,5.0,B008VK2XXS
pca,10000,5107,-0.20122777,-0.022859098,5.0,B003H83XP6
pca,10000,5108,0.02136619,-0.022106038,5.0,B06XH99NWW
pca,10000,5109,0.08622208,-0.29185933,5.0,B078T633Q9
pca,10000,5110,0.05620474,0.14344975,5.0,B088FK6V33
pca,10000,5111,-0.20540006,-0.21974877,5.0,B07YG5JF97
pca,10000,5112,-0.22812109,0.4164753,1.0,B07KFTV3PW
pca,10000,5113,0.14590156,0.2866899,5.0,B01A6NW5WQ
pca,10000,5114,-0.19440117,0.23151046,5.0,B01MQVXHUM
pca,10000,5115,-0.13726023,0.16316119,5.0,B01BRWH8G8
pca,10000,5116,-0.017217558,0.15873721,5.0,B09BP1LB8L
pca,10000,5117,0.021495866,-0.36189967,3.0,B01B71XJBM
pca,10000,5118,-0.027089115,-0.09749391,5.0,B011BRUOMO
pca,10000,5119,-0.06859902,0.11051883,1.0,B07W9FV391
pca,10000,5120,-0.015465513,-0.07237641,4.0,B074QLCKW6
pca,10000,5121,-0.151998,-0.09473935,5.0,B007UNOH0O
pca,10000,5122,0.34552118,-0.12289129,5.0,B07K2Q5JY7
pca,10000,5123,0.07530629,0.10520629,5.0,B092W3K376
pca,10000,5124,0.020418862,-0.16291665,5.0,B01HI9ODP8
pca,10000,5125,-0.0025028381,0.36359707,5.0,B01ITOEQT4
pca,10000,5126,-0.19540638,-0.044879377,4.0,B00K8GZHUY
pca,10000,5127,0.055119365,0.21663195,5.0,B007CGO45W
pca,10000,5128,0.010877486,0.1465334,5.0,B09SXP5VB5
pca,10000,5129,-0.16580352,-0.17070056,2.0,B0BNPL25Z9
pca,10000,5130,-0.2658548,-0.2265218,4.0,B0001FTVEA
pca,10000,5131,0.04299417,-0.2789971,5.0,B07MTCMHZX
pca,10000,5132,0.19992313,0.19498481,5.0,0062970704
pca,10000,5133,-0.08898123,-0.14177158,3.0,B09PRC3WC5
pca,10000,5134,-0.03576705,-0.0832694,3.0,B094V7S7D7
pca,10000,5135,0.3999681,-0.08066771,4.0,B00JUQJWA4
pca,10000,5136,0.07809035,0.12426267,4.0,B09LQ6T5WP
pca,10000,5137,-0.23684788,-0.1584944,5.0,B072FHJVT2
pca,10000,5138,0.2578919,0.26885787,5.0,B077TDVZK5
pca,10000,5139,0.219229,-0.09963328,4.0,B07P8QMBWN
pca,10000,5140,-0.054413617,0.37686178,4.0,B004JWA70I
pca,10000,5141,-0.059667848,0.2209791,5.0,B005KELQEU
pca,10000,5142,-0.14608414,-0.020831728,5.0,B0C7THZNCB
pca,10000,5143,0.32818532,0.1004242,5.0,B07GZFM1ZM
pca,10000,5144,0.2580931,-0.26842567,1.0,B07T3HVV45
pca,10000,5145,0.08673907,0.017392563,5.0,B092C37YFP
pca,10000,5146,-0.049182862,-0.28059673,3.0,B0BC86L9C1
pca,10000,5147,0.24238317,0.06762468,5.0,B07H65KP63
pca,10000,5148,-0.0313416,0.3939106,1.0,B0BTBT3ZBD
pca,10000,5149,-0.048679203,0.2921802,3.0,B0C3HNDTW1
pca,10000,5150,0.20641391,0.13244559,1.0,B09KT5177V
pca,10000,5151,-0.12304056,0.3021635,3.0,B077SG14PF
pca,10000,5152,0.2591756,0.21240517,5.0,B07VM4W41Q
pca,10000,5153,-0.046062276,-0.23295477,5.0,B0BZC26QJ6
pca,10000,5154,-0.12230258,-0.14459945,5.0,B00KH62W7Q
pca,10000,5155,-0.08167179,0.10764055,5.0,B08LKM83M8
pca,10000,5156,0.32036766,0.00060207956,5.0,B09ZPT8Z8J
pca,10000,5157,-0.18362364,0.4002691,5.0,B07MFSD8ZW
pca,10000,5158,0.38284713,0.06012956,5.0,B087Z5WDJ2
pca,10000,5159,-0.20553707,-0.1609448,5.0,B0B9S7TTCZ
pca,10000,5160,-0.07884546,0.30383515,5.0,B01CDWA930
pca,10000,5161,0.19941534,-0.26893762,5.0,B003NLPHZQ
pca,10000,5162,0.0950257,-0.29367465,5.0,B07GZFM1ZM
pca,10000,5163,0.0067637926,-0.012217546,5.0,B0B5S24VNN
pca,10000,5164,-0.069269754,-0.03113172,5.0,B00GHBBK82
pca,10000,5165,0.19676991,0.066441275,4.0,B00X0VL4FG
pca,10000,5166,-0.013192821,-0.26586092,4.0,B01N44JBS4
pca,10000,5167,0.10197487,0.4131561,5.0,B07DH8JGQ6
pca,10000,5168,-0.089308545,0.37298065,5.0,B07PFSKTNJ
pca,10000,5169,-0.089308545,0.37298065,5.0,B07GZK69JX
pca,10000,5170,-0.085958876,0.21711807,5.0,B0CFTZHBPS
pca,10000,5171,-0.027815834,0.2854955,5.0,B0BFFD94QK
pca,10000,5172,-0.029056221,-0.16776165,5.0,B00OV6KNDS
pca,10000,5173,0.02411097,0.043241054,5.0,B07CXQRMLQ
pca,10000,5174,-0.1399077,-0.16902627,5.0,B07RN46PWL
pca,10000,5175,0.025804479,-0.13548715,5.0,B07DFPWZ86
pca,10000,5176,-0.085613154,0.02259198,5.0,B08L93T3ZZ
pca,10000,5177,0.04006341,0.15608129,1.0,B093K72JN6
pca,10000,5178,0.24461068,0.09991367,5.0,B01J962Q3E
pca,10000,5179,-0.024286695,-0.09612992,2.0,B013ZJMR3K
pca,10000,5180,0.08189741,-0.03175141,5.0,B00IJHC0Q8
pca,10000,5181,-0.109879896,0.008336144,5.0,B00L10CO7U
pca,10000,5182,0.14524868,-0.056509443,5.0,B00IXX2Z1I
pca,10000,5183,-0.08751677,0.05531685,4.0,B071WTX9CZ
pca,10000,5184,-0.17065713,-0.21112116,4.0,B002VM4D76
pca,10000,5185,-0.09378931,-0.15178162,5.0,B013EKI2DY
pca,10000,5186,0.16776688,-0.3718551,5.0,B00XJKCT7K
pca,10000,5187,-0.29750997,-0.07376936,4.0,B00JYFT4PO
pca,10000,5188,-0.20001142,-0.28958306,5.0,B00ESM3KOY
pca,10000,5189,-0.14187258,-0.2973545,5.0,B013EKI2DY
pca,10000,5190,0.025081374,-0.03990625,1.0,B0957PJW3X
pca,10000,5191,-0.18024504,0.5290586,5.0,B07CHC71M2
pca,10000,5192,-0.044335052,-0.12825978,5.0,B004UETB20
pca,10000,5193,-0.22489998,0.45312664,5.0,B07R217P25
pca,10000,5194,0.39298233,-0.0996174,5.0,B0C1J4XGB1
pca,10000,5195,0.15020062,-0.06299116,5.0,B01N53QC9F
pca,10000,5196,0.10342967,0.20279555,5.0,B07GVS4RW2
pca,10000,5197,0.2609487,0.19577886,5.0,B01BH1LMPW
pca,10000,5198,-0.13710058,-0.19219881,5.0,B07H3NRQ5P
pca,10000,5199,-0.13602956,-0.038922668,5.0,B001TKTHFY
pca,10000,5200,-0.17925961,0.006603077,5.0,B0031SEMBQ
pca,10000,5201,-0.24157009,-0.20045854,5.0,B00FJILVDS
pca,10000,5202,-0.26705292,0.23880813,5.0,B01DKA81PW
pca,10000,5203,-0.26987892,0.37154374,5.0,B00GQTGQMK
pca,10000,5204,0.012491993,0.058715828,5.0,B0090T8NL0
pca,10000,5205,0.017917622,-0.28728923,4.0,B0971XBV8M
pca,10000,5206,0.28475562,-0.1842717,5.0,B00G5N0ZZQ
pca,10000,5207,-0.09953906,-0.14358234,5.0,B0BQ1WB3HB
pca,10000,5208,-0.08950758,0.009474851,4.0,B0C38D92G3
pca,10000,5209,-0.27462104,-0.019238457,5.0,B08FF3BDW5
pca,10000,5210,-0.101525865,0.07811375,4.0,B09Z2YS7NZ
pca,10000,5211,0.044008773,0.012616301,5.0,B0BCPPXHGL
pca,10000,5212,-0.14436133,0.13274121,4.0,B0B5F2T39H
pca,10000,5213,-0.09315778,0.059690148,4.0,B0BBTD4ZNF
pca,10000,5214,-0.33974913,-0.14773387,5.0,B0BHXQLLXB
pca,10000,5215,-0.057322167,0.08608656,5.0,B0BRCWP7G5
pca,10000,5216,-0.15875675,-0.06832158,4.0,B0BBVXJ517
pca,10000,5217,-0.10814439,0.0006974526,5.0,B0BKL3TYWK
pca,10000,5218,-0.32253596,-0.24968955,5.0,B09YR528HY
pca,10000,5219,-0.17163225,0.21764757,4.0,B09N7C6QRK
pca,10000,5220,0.054322068,0.004435757,5.0,B0BCPPHKQB
pca,10000,5221,-0.13687852,0.034446396,5.0,B095MFQHW7
pca,10000,5222,-0.3364816,-0.2170703,4.0,B0BJS6CXDN
pca,10000,5223,-0.31493574,-0.04541865,4.0,B09W7FMF69
pca,10000,5224,-0.042527746,-0.2450938,4.0,B09WTTPTKY
pca,10000,5225,-0.038179778,-0.07401743,5.0,B09YHBTBH5
pca,10000,5226,-0.03604543,0.14704189,5.0,B09PBQJPDR
pca,10000,5227,-0.35627377,-0.18017949,5.0,B0B33KCS1Q
pca,10000,5228,-0.04858511,0.21651581,4.0,B09T8FZ4P6
pca,10000,5229,-0.055263616,0.15176105,4.0,B09T2P9F8B
pca,10000,5230,-0.14476058,0.17557506,5.0,B09N3FLQGS
pca,10000,5231,-0.22530235,-0.065591745,5.0,B0BK4XYBVK
pca,10000,5232,-0.39354548,-0.18157174,4.0,B09LK7TRYV
pca,10000,5233,-0.09674898,-0.044754557,5.0,B09PYSNBDJ
pca,10000,5234,-0.15927638,-0.026188146,4.0,B0C8F5GQCV
pca,10000,5235,-0.2899033,-0.20178892,5.0,B07XLX24YH
pca,10000,5236,-0.30323783,-0.27082217,5.0,B09LG5R8TT
pca,10000,5237,-0.036194462,-0.119647,4.0,B0BWFQGY7C
pca,10000,5238,-0.06964016,0.08944871,5.0,B0BW2QJ4WQ
pca,10000,5239,-0.047449,0.096703306,5.0,B09QD16DGC
pca,10000,5240,-0.11315365,-0.009157109,5.0,B0C5SQTX9S
pca,10000,5241,-0.22961809,-0.046857998,5.0,B09F4R42N7
pca,10000,5242,-0.050616227,-0.080529466,5.0,B0BNVFS65F
pca,10000,5243,0.0041624485,0.059436426,3.0,B07QV6T1T7
pca,10000,5244,-0.17792939,-0.04918304,5.0,B08TJXX3MD
pca,10000,5245,-0.30034822,-0.016269635,5.0,B0B7Z96WFM
pca,10000,5246,-0.12746963,0.06304388,5.0,B0912JH82X
pca,10000,5247,-0.35763824,-0.17762543,5.0,B0BZ57TZWL
pca,10000,5248,-0.2535654,-0.033651754,4.0,B08R7WLBG7
pca,10000,5249,-0.11324796,-0.15257402,4.0,B09FDGFZP9
pca,10000,5250,-0.0021439474,-0.31685993,2.0,B0BYSP7CWB
pca,10000,5251,-0.4380419,-0.1960902,4.0,B08N1RHYTB
pca,10000,5252,-0.34743357,-0.115650184,5.0,B0C5B1LW2Y
pca,10000,5253,-0.21335436,-0.081666775,5.0,B08SHYNYFD
pca,10000,5254,-0.24598458,0.44969445,2.0,B08131JS8S
pca,10000,5255,-0.08408489,0.14395699,5.0,B08P6S2757
pca,10000,5256,-0.30235082,-0.2737584,5.0,B08DMP2ZVS
pca,10000,5257,-0.35766852,-0.06673845,5.0,B08Q2WMGKP
pca,10000,5258,-0.07918927,0.12068937,5.0,B08BNN9M7N
pca,10000,5259,-0.10642878,0.07445067,5.0,B00PJ4NIGA
pca,10000,5260,-0.07400627,-0.16649324,5.0,B08F4TY5PG
pca,10000,5261,-0.1261483,0.15790193,5.0,B09HRKD9F7
pca,10000,5262,-0.1273108,0.055209488,5.0,B07TMDSS3Q
pca,10000,5263,-0.1536198,0.21692471,4.0,B0BCWDGF17
pca,10000,5264,-0.1673385,0.16140924,5.0,B088TCN4ZM
pca,10000,5265,-0.39044514,-0.18031326,5.0,B09B41329R
pca,10000,5266,-0.110485256,-0.29518053,5.0,B0B9HJ69JY
pca,10000,5267,-0.05010798,-0.017915638,5.0,B07MMRD8MJ
pca,10000,5268,-0.095339745,0.073778786,5.0,B08FG7X8TL
pca,10000,5269,-0.031067181,0.07582885,5.0,B07CH2V7WM
pca,10000,5270,-0.060275152,0.020441318,4.0,B07JNSMYDR
pca,10000,5271,-0.40667635,-0.13951717,4.0,B07SHGN942
pca,10000,5272,-0.24696669,-0.06731521,2.0,B083R5QN26
pca,10000,5273,-0.080626756,-0.012461067,5.0,B07X1B734T
pca,10000,5274,-0.033238042,-0.11598559,5.0,B07QMSHWBH
pca,10000,5275,-0.09514604,-0.06972901,4.0,B09BDZ5297
pca,10000,5276,-0.19702542,0.21877271,4.0,B08541SH16
pca,10000,5277,-0.04832001,0.0016161166,4.0,B07Q1DKVYR
pca,10000,5278,-0.17080434,0.4077987,4.0,B07RPV215N
pca,10000,5279,-0.26687747,0.3600893,4.0,B07NPKR23M
pca,10000,5280,-0.13128904,0.13260011,4.0,B07QF6H27W
pca,10000,5281,-0.22969063,0.40013832,4.0,B07P567MTJ
pca,10000,5282,-0.15776458,-0.039460875,3.0,B07PVM4YSX
pca,10000,5283,-0.2930994,-0.13986094,5.0,B07MNDKM2W
pca,10000,5284,-0.22736685,0.038688973,4.0,B07N2JWLQ6
pca,10000,5285,-0.14824013,0.09702376,5.0,B085QC3JXX
pca,10000,5286,-0.23787382,-0.28519216,4.0,B071RBLY8S
pca,10000,5287,-0.24428117,-0.14009066,5.0,B07JYMFFVR
pca,10000,5288,-0.25698447,-0.3013792,4.0,B07HMQZ2RB
pca,10000,5289,-0.18871659,-0.17026576,4.0,B07GRM7FM9
pca,10000,5290,-0.1895521,-0.12398704,2.0,B07FNJB8TT
pca,10000,5291,-0.28028324,-0.017032709,4.0,B072QZ8B2P
pca,10000,5292,-0.2866273,-0.056295812,5.0,B07G2FHYZB
pca,10000,5293,-0.026935637,0.04725498,5.0,B07YYS5L1M
pca,10000,5294,-0.21371983,0.13185601,5.0,B07CDY63PP
pca,10000,5295,-0.17764257,0.0969617,3.0,B0787GLJNQ
pca,10000,5296,-0.37079796,-0.2526925,4.0,B079GYWPJN
pca,10000,5297,-0.22843525,0.055405825,4.0,B07514FL43
pca,10000,5298,-0.2657655,-0.19216153,5.0,B07B9RH8SJ
pca,10000,5299,-0.15533657,-0.23110645,5.0,B0753P1GTS
pca,10000,5300,-0.27450737,0.13516438,4.0,B0BHGPDLS2
pca,10000,5301,-0.39313218,-0.049918376,5.0,B0778PCW73
pca,10000,5302,-0.14569098,0.013173118,4.0,B08KG14KCT
pca,10000,5303,-0.36290857,-0.05517985,3.0,B083MQJ4R4
pca,10000,5304,-0.1865276,0.073907524,3.0,B075S4BX25
pca,10000,5305,-0.39621085,-0.19147758,3.0,B074WGFJLZ
pca,10000,5306,-0.32014662,-0.1368494,5.0,B01KQLAR6O
pca,10000,5307,-0.3833932,-0.2093897,4.0,B074W5BKPJ
pca,10000,5308,-0.36429793,-0.19826697,5.0,B0745JLDR1
pca,10000,5309,-0.18064317,0.037196882,5.0,B01IMQPBHU
pca,10000,5310,-0.18004006,0.20466097,5.0,B07HHS78P1
pca,10000,5311,-0.20356026,-0.069463044,3.0,B06XFDVB2N
pca,10000,5312,-0.2975262,-0.17611061,5.0,B074KBHW65
pca,10000,5313,-0.123005435,-0.37207887,5.0,B0BSDQJCWP
pca,10000,5314,-0.3820992,-0.07495597,3.0,B0747LWDC1
pca,10000,5315,-0.21489744,0.03446561,5.0,B074HYNMWG
pca,10000,5316,-0.32916415,-0.18369274,5.0,B072JWYJMC
pca,10000,5317,-0.23335776,-0.032664105,5.0,B09B4S7VNL
pca,10000,5318,-0.10616255,0.07457062,4.0,B017HTVXPW
pca,10000,5319,-0.25093308,0.22204414,4.0,B06Y5WDVV3
pca,10000,5320,-0.2706741,-0.23788935,4.0,B075FSD7LS
pca,10000,5321,-0.2126671,-0.27758425,5.0,B01JQL3EAG
pca,10000,5322,-0.031054948,0.090832286,4.0,B01MEH8J9Z
pca,10000,5323,-0.23779273,0.20733169,4.0,B01E5B04MI
pca,10000,5324,-0.4171919,-0.06253209,5.0,B01IQX40O4
pca,10000,5325,-0.13468878,0.13475439,5.0,B01IEVLGK4
pca,10000,5326,-0.30636176,0.06407915,5.0,B01HXRGRUY
pca,10000,5327,-0.20992103,0.3662581,5.0,B01GWQIXBI
pca,10000,5328,-0.1456528,0.23541717,5.0,B01DZPIKG2
pca,10000,5329,-0.28579718,-0.06315243,5.0,B00RWH740S
pca,10000,5330,0.03237254,0.022501519,4.0,B01DD16L3W
pca,10000,5331,-0.2736788,0.038632452,4.0,B018X7KXD0
pca,10000,5332,-0.18313567,-0.088992,5.0,B015O5UM6M
pca,10000,5333,-0.3766313,-0.074385144,4.0,B01D8F10P2
pca,10000,5334,-0.17996994,0.2499206,5.0,B01DIMDG34
pca,10000,5335,-0.17668921,-0.23362789,5.0,B09W9VDT2F
pca,10000,5336,0.042867526,0.098554835,5.0,B018TQUDSK
pca,10000,5337,-0.2254219,0.28356263,5.0,B018JVE7PU
pca,10000,5338,-0.2616155,-0.07138984,5.0,B016XHHOH0
pca,10000,5339,-0.271055,-0.07059049,5.0,B0186SDYZU
pca,10000,5340,-0.24312508,0.079766355,4.0,B012FRTBBE
pca,10000,5341,-0.060865223,0.027089177,5.0,B07MQJ3HYM
pca,10000,5342,-0.08401613,0.014033385,5.0,B00SMBWVS8
pca,10000,5343,0.0044872295,0.06316139,5.0,B00WG58QD0
pca,10000,5344,-0.13908862,-0.15520574,5.0,B00ZW0D5N2
pca,10000,5345,-0.093442,0.33798903,5.0,B01149G0YU
pca,10000,5346,-0.05816087,0.00070639513,5.0,B015E2780I
pca,10000,5347,-0.274604,0.3727486,5.0,B0142OHJJY
pca,10000,5348,-0.17326485,0.17007077,5.0,B0159WEDCO
pca,10000,5349,-0.09502221,-0.009061239,5.0,B00JL4HN8I
pca,10000,5350,-0.2392345,0.118803985,5.0,B00Y2CZCVE
pca,10000,5351,-0.20274325,0.40404552,5.0,B00Z9DG5OS
pca,10000,5352,-0.12609105,-0.027917517,5.0,B00ZXTZ1SY
pca,10000,5353,-0.2593389,-0.3141767,4.0,B013F7OEUG
pca,10000,5354,-0.28545028,-0.22971416,5.0,B013B8AZKC
pca,10000,5355,-0.15770714,0.25251558,5.0,B00VFX3AIU
pca,10000,5356,-0.038262807,-0.029732466,4.0,B00T7NX6SY
pca,10000,5357,-0.24262938,-0.12205338,5.0,B00PW4WZUW
pca,10000,5358,-0.37558255,-0.26640588,5.0,B00WUIA0U0
pca,10000,5359,-0.16344398,0.09284223,5.0,B00MHPWZI6
pca,10000,5360,-0.41164118,-0.08861836,5.0,B010L82Q8E
pca,10000,5361,-0.08039142,0.078498825,5.0,B00YOS9F8M
pca,10000,5362,-0.24279794,0.44660652,5.0,B00ZA13HMC
pca,10000,5363,-0.18658799,0.17167969,5.0,B0BNNY341B
pca,10000,5364,-0.011445727,0.29248595,5.0,B00X9NITTY
pca,10000,5365,-0.37537214,-0.03592103,5.0,B00QK5BCWE
pca,10000,5366,-0.16686681,-0.16792934,5.0,B00XVQ0PCS
pca,10000,5367,-0.1255859,-0.005637478,4.0,B00W4N3R2Y
pca,10000,5368,-0.1593741,0.11213876,5.0,B00NN6F2MO
pca,10000,5369,-0.2529608,-0.119909674,5.0,B00M3SALAG
pca,10000,5370,-0.07961976,0.15197656,4.0,B00JL4H7E8
pca,10000,5371,-0.0025873668,0.004457874,5.0,B07HQ6GDH5
pca,10000,5372,-0.38781056,-0.034947854,5.0,B00TF1YDH6
pca,10000,5373,-0.07257012,-0.008049625,4.0,B00N1S46SA
pca,10000,5374,-0.20570797,-0.35977298,5.0,B00QTK9EGG
pca,10000,5375,-0.34894618,-0.0754373,5.0,B00VR2K9RO
pca,10000,5376,-0.21714306,0.15080675,5.0,B00P9F5THA
pca,10000,5377,-0.22282563,0.2895581,5.0,B00RGLPNKI
pca,10000,5378,-0.36371356,0.014910614,5.0,B00QJQX1DM
pca,10000,5379,-0.14324431,0.21055157,5.0,B00UOR9SES
pca,10000,5380,-0.3034907,-0.06490571,5.0,B00TY7YXYY
pca,10000,5381,-0.2980454,-0.05186078,5.0,B00U18GOLK
pca,10000,5382,-0.013098203,-0.08620884,4.0,B00M48532Q
pca,10000,5383,0.017561855,-0.06974183,4.0,B00SAD7VE2
pca,10000,5384,-0.06284984,0.08196898,5.0,B00KXFL1JG
pca,10000,5385,-0.30121955,-0.32180205,5.0,B08TTT6F56
pca,10000,5386,-0.43513143,-0.18735363,5.0,B08TTT6F56
pca,10000,5387,-0.34452057,-0.2082157,5.0,B00NXOMA8A
pca,10000,5388,-0.2053138,0.13907506,5.0,B00SSNIKV2
pca,10000,5389,-0.27134088,-0.09048943,5.0,B00T1C353M
pca,10000,5390,-0.2484692,0.007624252,5.0,B00PTOAAO8
pca,10000,5391,-0.13966586,0.12754333,5.0,B00PTM8YT8
pca,10000,5392,-0.30772433,0.03600219,4.0,B07GXCFNKJ
pca,10000,5393,-0.12584451,-0.062217057,5.0,B00R7F7NNS
pca,10000,5394,-0.14545606,0.045835637,5.0,B00COZRKCK
pca,10000,5395,-0.09223602,-0.0075040828,4.0,B00JKV6ZX6
pca,10000,5396,-0.042584434,-0.20793708,5.0,B00MRVJY1G
pca,10000,5397,-0.27930766,-0.23937188,5.0,B00PJOPF98
pca,10000,5398,-0.41868302,-0.12775962,5.0,B00KQFO12W
pca,10000,5399,-0.25784472,-0.0307783,3.0,B07TKNPPQS
pca,10000,5400,-0.24783641,0.4799903,3.0,B081RJQCJK
pca,10000,5401,-0.08076044,-0.15146406,5.0,B00TX00IQY
pca,10000,5402,-0.100953795,-0.057996087,4.0,B00KG74H24
pca,10000,5403,-0.20354097,0.15845676,5.0,B00CIC0YKO
pca,10000,5404,-0.19393264,0.27523306,4.0,B00K4PAP06
pca,10000,5405,-0.13558702,0.091655046,5.0,B00JR6GCZA
pca,10000,5406,-0.3857254,-0.09127259,4.0,B00IUICOR6
pca,10000,5407,0.015044473,0.06903682,5.0,B001H4B0AC
pca,10000,5408,-0.16082203,0.09338804,5.0,B00ISVKHBK
pca,10000,5409,-0.27061313,0.13452251,5.0,B00M4AYP7S
pca,10000,5410,0.010348455,-0.034927286,1.0,B0000AKA8Y
pca,10000,5411,-0.38976452,-0.15870467,5.0,B008Y1KLME
pca,10000,5412,-0.25320953,0.16756871,4.0,B00EQW6LY2
pca,10000,5413,-0.3784824,-0.12006859,5.0,B00BWH7TIG
pca,10000,5414,-0.27825743,0.40181682,4.0,B00BW0QC8G
pca,10000,5415,-0.1291124,0.058426112,5.0,B00CZ84UB0
pca,10000,5416,-0.27063707,0.04033459,4.0,B00BM1PWY0
pca,10000,5417,-0.23911706,0.024776196,4.0,B00ACC0P0Q
pca,10000,5418,-0.0018634014,-0.08018154,4.0,B00AGV7T5W
pca,10000,5419,-0.2129187,-0.08956344,4.0,B0093IZOV0
pca,10000,5420,-0.08057247,-0.039163932,4.0,B008NN54WK
pca,10000,5421,-0.0507927,-0.25697348,5.0,B0044YU60M
pca,10000,5422,0.015585272,0.081382245,2.0,B005L1LKF2
pca,10000,5423,-0.25160483,-0.11891321,5.0,B002LH3ZKC
pca,10000,5424,-0.18310395,0.15635811,4.0,B009AU2JT6
pca,10000,5425,-0.063821666,0.10688258,5.0,B007BYLKC0
pca,10000,5426,-0.20799829,-0.24355829,3.0,B007P2NLKM
pca,10000,5427,-0.1689478,0.03506483,5.0,B008422JDM
pca,10000,5428,-0.22868642,0.1380948,4.0,B008AI3XDA
pca,10000,5429,-0.08288802,0.047447488,5.0,B007PXUMXK
pca,10000,5430,-0.37319097,-0.0781554,5.0,B00WUGT0B2
pca,10000,5431,-0.040074807,-0.048269294,5.0,B003ZX8B2S
pca,10000,5432,-0.07884779,-0.07602494,4.0,B005JXADTG
pca,10000,5433,-0.32379225,-0.13700272,5.0,B00WUNA0DC
pca,10000,5434,-0.41420972,-0.09238332,4.0,B0035MDZKM
pca,10000,5435,-0.19088057,-0.061371356,4.0,B0050Q00RC
pca,10000,5436,-0.1384724,0.25737876,5.0,B0052D5BY0
pca,10000,5437,-0.36726728,-0.09181805,4.0,B00WU0P6PW
pca,10000,5438,-0.13122115,-0.29110697,4.0,B004WOK2OY
pca,10000,5439,-0.36116946,-0.19915806,4.0,B00WUIT2D6
pca,10000,5440,-0.36152494,-0.1297022,5.0,B000R2PC2M
pca,10000,5441,-0.12650159,-0.012713647,2.0,B00SFBLJB0
pca,10000,5442,-0.19283746,0.0712803,4.0,B0043T7FXE
pca,10000,5443,-0.12282951,-0.19542149,4.0,B003X26LXW
pca,10000,5444,-0.33513233,-0.15471591,4.0,B000OQUMKI
pca,10000,5445,-0.02339454,-0.029170787,5.0,B002EALEIG
pca,10000,5446,-0.27713984,-0.20468387,5.0,B00WU36LNU
pca,10000,5447,-0.23165369,0.3903703,4.0,B003V8ALAC
pca,10000,5448,-0.001519952,-0.1610045,5.0,B002RYYZZS
pca,10000,5449,-0.118701994,-0.18292579,3.0,B002PK13CM
pca,10000,5450,-0.20440415,0.14106888,5.0,B00267SENK
pca,10000,5451,-0.25539342,0.26294705,4.0,B002OOWC4C
pca,10000,5452,-0.16446675,0.13841005,3.0,B0011FCV8W
pca,10000,5453,-0.022356082,-0.008432877,4.0,B000V4TMWC
pca,10000,5454,0.022803286,-0.056095332,4.0,B001FVLTNA
pca,10000,5455,-0.20088972,0.005101111,5.0,B001PKTR76
pca,10000,5456,-0.078689836,0.05440417,4.0,B0023B14TK
pca,10000,5457,0.007281244,-0.06522466,4.0,B00XIKXN9E
pca,10000,5458,-0.039155297,-0.10385766,4.0,B00XIJ22RO
pca,10000,5459,-0.167646,0.008169958,4.0,B0011NL8EW
pca,10000,5460,-0.18180922,-0.01882387,5.0,B09MRVGC22
pca,10000,5461,-0.16838215,-0.22543809,5.0,B092KHH1SF
pca,10000,5462,0.05638482,-0.12773952,1.0,B07N39YBK7
pca,10000,5463,-0.031854175,-0.02930815,5.0,B072TS7CY6
pca,10000,5464,0.022224033,0.041553758,5.0,B07F4P3JH7
pca,10000,5465,0.13637628,0.04761289,5.0,B08BRJ98H3
pca,10000,5466,0.11377828,-0.0028262222,5.0,B07PHQ93TV
pca,10000,5467,0.21444702,-0.08791233,5.0,B00IM3P8GS
pca,10000,5468,-0.2047789,0.4155363,2.0,B07QDPKFYY
pca,10000,5469,-0.016707823,-0.28439257,4.0,B0BW543RH8
pca,10000,5470,-0.14547193,0.3702313,5.0,B07Z5G86LM
pca,10000,5471,-0.28557366,0.015140565,5.0,B081K9C3Q1
pca,10000,5472,-0.22259517,0.41751328,5.0,B07Z9LY3G7
pca,10000,5473,-0.23140916,-0.01967828,4.0,B08J5X2JNC
pca,10000,5474,-0.21642017,0.04082089,5.0,B07XR9TYQ1
pca,10000,5475,-0.19031407,0.1314331,4.0,B0BR3MLGZZ
pca,10000,5476,-0.108187795,0.10617624,5.0,B07XR5B32Q
pca,10000,5477,-0.23405483,0.03968563,4.0,B07SPHMZF5
pca,10000,5478,-0.03446535,0.105330065,5.0,B08BJ5S3HK
pca,10000,5479,0.09515866,0.31363124,5.0,B01L2UB4ZG
pca,10000,5480,-0.06553686,0.12062953,5.0,B08W5CW6JR
pca,10000,5481,-0.022875514,0.44718477,5.0,B07B8JMV94
pca,10000,5482,0.065544814,0.42558873,5.0,B00OLO5NTY
pca,10000,5483,-0.02829805,0.44938025,4.0,B00DQJUH96
pca,10000,5484,-0.17777798,0.41418427,5.0,B00H5HF9R0
pca,10000,5485,-0.024110168,0.20351699,2.0,B018DHPTBG
pca,10000,5486,-0.27068827,0.44484764,5.0,B01IHN1GP4
pca,10000,5487,0.07940434,-0.08992644,5.0,B00N2ZDXW2
pca,10000,5488,-0.074772514,0.4953543,5.0,B013HHLBMS
pca,10000,5489,-0.018247493,0.012917582,5.0,B001P99T70
pca,10000,5490,0.015329378,-0.020197919,5.0,B004XXVOGE
pca,10000,5491,-0.2961134,0.071407236,5.0,B0B1PR3TMD
pca,10000,5492,-0.27551574,0.34030333,5.0,B0B45PDKL9
pca,10000,5493,-0.18090725,-0.026183229,4.0,B0B7WPGQ49
pca,10000,5494,-0.3334179,-0.024790894,5.0,B0BYYGZHG5
pca,10000,5495,-0.38246778,0.06382217,5.0,B09VDHXD8V
pca,10000,5496,-0.33098298,-0.15421918,5.0,B07KQLQJ4B
pca,10000,5497,-0.07660583,-0.15585771,5.0,B08P38JF9X
pca,10000,5498,-0.07182449,-0.19131252,5.0,B08VV4PHQG
pca,10000,5499,-0.0744937,0.13371287,3.0,B08HJ7SY1M
pca,10000,5500,-0.12179977,0.24833229,5.0,B0846QGZ53
pca,10000,5501,-0.23536265,-0.24518259,4.0,B0BXXHD8NZ
pca,10000,5502,-0.099351965,-0.080884345,4.0,B0BTPBBL52
pca,10000,5503,0.03008202,-0.09641528,5.0,B01C9C43ZO
pca,10000,5504,0.06653794,0.2708573,5.0,B078D6HSWK
pca,10000,5505,-0.07948966,0.022806851,5.0,B0BB6R89VF
pca,10000,5506,-0.18759535,0.116578676,4.0,B06VY4S9V2
pca,10000,5507,-0.18496609,-0.25277075,5.0,B01K8B8YA8
pca,10000,5508,-0.26863486,0.024752343,4.0,B01JRXRTC2
pca,10000,5509,-0.24481025,0.024434647,4.0,B0773C4WV6
pca,10000,5510,-0.1540927,0.26589102,5.0,B074PL7GZM
pca,10000,5511,0.0036551096,0.17072317,4.0,B09MTSLT2T
pca,10000,5512,-0.2014518,0.07833207,2.0,B084G4GY2N
pca,10000,5513,-0.21800679,-0.17871082,4.0,B07FP8VLXS
pca,10000,5514,-0.2274556,0.3266893,5.0,B01M30H97J
pca,10000,5515,0.082034506,0.21379551,5.0,B00MT0SKAQ
pca,10000,5516,-0.22285841,0.0992575,5.0,B0BMTWS2P3
pca,10000,5517,0.14238738,-0.11054447,1.0,B004C51HRY
pca,10000,5518,0.09669231,-0.10670168,2.0,B011G7J5TC
pca,10000,5519,-0.22277446,0.4908089,4.0,B016ZQ1YBG
pca,10000,5520,-0.3138689,0.41533712,5.0,B00LO5ANLQ
pca,10000,5521,-0.17823951,0.05447063,5.0,B00NLAUF9W
pca,10000,5522,0.06579903,0.2818398,3.0,B00FXK0RAA
pca,10000,5523,-0.25176448,0.15574588,5.0,B094JD6SHP
pca,10000,5524,-0.29841292,-0.13852227,5.0,B007OYAVLI
pca,10000,5525,-0.3244968,0.018617598,5.0,B072BW91HP
pca,10000,5526,-0.00402306,0.054865025,5.0,B00ZMV7RL2
pca,10000,5527,-0.1956843,-0.3318885,3.0,B00ODCAVD2
pca,10000,5528,-0.18128538,0.28354543,5.0,B072KFWXW2
pca,10000,5529,0.044090316,0.15855053,3.0,B076P649XP
pca,10000,5530,0.11116182,0.2581466,5.0,B0BMTWS2P3
pca,10000,5531,-0.04476545,-0.068675846,5.0,B0CB1PRH8C
pca,10000,5532,-0.085200295,0.082108125,5.0,B00DNZ18JG
pca,10000,5533,-0.051064037,-0.25898463,5.0,B013EKI2DY
pca,10000,5534,-0.13110867,-0.09016238,5.0,B0034E2TFS
pca,10000,5535,-0.2677871,0.048843436,5.0,B003I4FF28
pca,10000,5536,0.053860646,-0.012179815,1.0,B07YFPZ44L
pca,10000,5537,0.36581933,-0.0691602,1.0,B09MMKF44M
pca,10000,5538,0.1749288,-0.023140103,1.0,B00MV6INM8
pca,10000,5539,0.17109182,-0.2901904,2.0,B07Q8N8BN8
pca,10000,5540,0.17842987,-0.21455999,5.0,B07V3NVRMY
pca,10000,5541,0.39220345,0.14788406,5.0,B00ZYOGVO6
pca,10000,5542,0.33080757,0.10076708,5.0,B01K1KIUEQ
pca,10000,5543,0.15034318,0.059575446,5.0,B08723V9DD
pca,10000,5544,-0.090552896,0.0711483,1.0,B07RWN6M2Q
pca,10000,5545,0.024332564,-0.11648931,5.0,B07PXGQC1Q
pca,10000,5546,-0.22335365,-0.107147396,5.0,B088W5C693
pca,10000,5547,0.10199278,0.099919535,5.0,B0B3X4NMHG
pca,10000,5548,0.23975891,0.33833575,5.0,B07W42V3CY
pca,10000,5549,-0.1786645,0.008685136,5.0,B087F335JL
pca,10000,5550,0.29280877,0.08413454,5.0,B084BMTJ5C
pca,10000,5551,0.26546207,-0.0751225,1.0,B07NLBGSY5
pca,10000,5552,-0.09235901,-0.14650437,1.0,B001FA1O0O
pca,10000,5553,-0.1129109,-0.19603506,3.0,B07BVFTMCC
pca,10000,5554,0.23801069,-0.27036187,5.0,B0BW4PFM58
pca,10000,5555,0.3812996,-0.07221911,5.0,B005ONMDYE
pca,10000,5556,-0.12582338,0.4094685,5.0,B0090C7DRW
pca,10000,5557,-0.00026280247,0.197303,5.0,B00PFQPX5Q
pca,10000,5558,0.043048296,-0.08580915,3.0,B0BZPMSM8G
pca,10000,5559,0.21085201,-0.25750762,3.0,B08RHJGH25
pca,10000,5560,0.09435701,-0.038608156,5.0,B07QC4WTNC
pca,10000,5561,0.08763371,0.0029718773,5.0,B09JWMNF4J
pca,10000,5562,0.029771166,0.006880481,5.0,B07BHBLMTG
pca,10000,5563,0.065933235,0.061351486,2.0,B002RUBHOY
pca,10000,5564,-0.018211477,-0.08524891,5.0,B072YVPJC6
pca,10000,5565,-0.020896085,0.30333912,5.0,B07M87BB75
pca,10000,5566,-0.2074994,0.28751338,5.0,B07DQBC6NH
pca,10000,5567,0.1257535,0.28364646,2.0,B0BJCYP6H5
pca,10000,5568,0.05454916,0.10172466,5.0,B07JHTZZGP
pca,10000,5569,-0.134724,0.45598876,5.0,B07CKVHZ5S
pca,10000,5570,0.11317986,-0.06099567,3.0,B089SRK8VQ
pca,10000,5571,-0.08526846,0.032827586,3.0,B08GG9QKX6
pca,10000,5572,-0.09879244,0.050762013,1.0,B07XK74YD2
pca,10000,5573,0.13995375,-0.05552187,5.0,B00I8R4MNI
pca,10000,5574,0.31927416,0.045351118,5.0,B0874YZVWK
pca,10000,5575,0.3400778,-0.24719383,1.0,B016VBCCZW
pca,10000,5576,-0.24993688,-0.19149987,3.0,B0170RBJ9Q
pca,10000,5577,-0.14326653,0.15168068,5.0,B08DFS1M3V
pca,10000,5578,-0.09316856,0.22301164,1.0,B07DK4BP7G
pca,10000,5579,0.4311715,-0.19735059,4.0,B08T88P5XH
pca,10000,5580,0.036518104,0.08919596,1.0,B09YGXR745
pca,10000,5581,0.20099019,-0.13257657,5.0,B07GZFM1ZM
pca,10000,5582,0.34778243,-0.25715545,5.0,B07KTYJ769
pca,10000,5583,-0.05997207,0.027253898,4.0,B07N22BMM3
pca,10000,5584,-0.05723258,-0.29248804,4.0,B00176T9OY
pca,10000,5585,-0.059072495,-0.17764387,1.0,B0B6D4W3R7
pca,10000,5586,-0.18125546,-0.20209137,3.0,B01A7OA8EQ
pca,10000,5587,0.086169325,0.21531734,5.0,B00EOF0K8Y
pca,10000,5588,-0.12259093,0.38615075,5.0,B009S2CXLK
pca,10000,5589,-0.18696508,0.18039364,5.0,B00DOPNKLY
pca,10000,5590,-0.11845061,0.24445543,5.0,B007PR2INS
pca,10000,5591,-0.13609602,-0.1647838,5.0,B09GB669WY
pca,10000,5592,-0.13139254,-0.1886303,5.0,B08RHKR66Z
pca,10000,5593,0.06485621,-0.058066107,5.0,B07G12L4SC
pca,10000,5594,-0.067140274,0.036759444,5.0,B08XWG924R
pca,10000,5595,-0.14267431,0.15754245,5.0,B08YFJYD5Z
pca,10000,5596,-0.10327678,0.43662187,5.0,B08Z2JQC6N
pca,10000,5597,-0.17574999,0.10453407,4.0,B01BDX9Q6Q
pca,10000,5598,-0.19532965,0.38257515,3.0,B078C6N6CR
pca,10000,5599,-0.20427619,0.42213747,5.0,B01D0VM2L0
pca,10000,5600,-0.16772455,0.30566052,3.0,B077TPFXZV
pca,10000,5601,0.13303119,0.14802226,5.0,B07FDFSF4L
pca,10000,5602,-0.027598716,-0.26842454,4.0,B08D6FKS7T
pca,10000,5603,-0.028811868,0.21582602,5.0,B09K7J4NQ6
pca,10000,5604,-0.08903456,0.2518267,5.0,B07R39D397
pca,10000,5605,0.059541322,0.15030974,1.0,B01MUD2CEB
pca,10000,5606,-0.07146245,0.29710335,3.0,B00MA6MNDE
pca,10000,5607,-0.14163359,-0.11949377,1.0,B003VVMXH8
pca,10000,5608,0.19083063,0.046665475,5.0,B0B1SCRLRG
pca,10000,5609,0.45852846,0.020381765,5.0,B09LRLD1Z3
pca,10000,5610,0.47210744,0.090591684,5.0,B08WG19RPN
pca,10000,5611,0.1557313,0.20218301,5.0,B094Z97N4H
pca,10000,5612,-0.20272666,0.49715054,4.0,B08BL6ZN6Y
pca,10000,5613,-0.08677308,0.39626995,4.0,B082GFTY83
pca,10000,5614,0.30548835,0.044591993,5.0,B0BNTB3ZYV
pca,10000,5615,-0.05631362,0.05683388,5.0,B08HSN5K1Q
pca,10000,5616,-0.1984264,0.104308285,5.0,B07J2RHGBS
pca,10000,5617,-0.13373893,0.031934246,5.0,B0C2CR23T1
pca,10000,5618,-0.18169995,0.4892224,5.0,B082SM1GCJ
pca,10000,5619,-0.024487931,0.35543284,5.0,B002VPE1WK
pca,10000,5620,-0.14349633,0.091144145,5.0,B07X25JRTM
pca,10000,5621,-0.094301656,0.21759184,4.0,B09WZZ8S2B
pca,10000,5622,-0.2660287,-0.07592941,4.0,B08W44HG6J
pca,10000,5623,-0.2179728,0.16726992,5.0,B09TWQ2P1P
pca,10000,5624,-0.26421243,0.053466342,5.0,B09V2HP6V1
pca,10000,5625,-0.23359314,0.37401307,5.0,B0C4LQRN6N
pca,10000,5626,-0.2276724,0.07112642,5.0,B09WJVXYBZ
pca,10000,5627,-0.16465408,0.30084875,5.0,B09P39PM48
pca,10000,5628,-0.24698421,0.3834988,5.0,B09MVPNHFR
pca,10000,5629,-0.20821095,0.09755163,5.0,B092282VR7
pca,10000,5630,-0.13382499,-0.19562168,4.0,B0B38RQ6GG
pca,10000,5631,-0.09177171,0.07717958,5.0,B09GV21RZK
pca,10000,5632,-0.09848479,0.08195713,5.0,B09LRS1QDP
pca,10000,5633,-0.38250047,-0.29621845,3.0,B0957NZNC2
pca,10000,5634,-0.18053102,0.03409612,5.0,B09TP9LJWZ
pca,10000,5635,-0.24859273,0.14841409,4.0,B0BBQ6PHVR
pca,10000,5636,-0.19172068,0.107513554,4.0,B0CDLQJT42
pca,10000,5637,-0.28074467,-0.07240394,5.0,B08PFVF5L8
pca,10000,5638,-0.11469935,0.08273333,3.0,B07B7HYBQW
pca,10000,5639,-0.08233215,0.28223348,5.0,B07RLV97T3
pca,10000,5640,-0.26132098,-0.08882081,5.0,B07K8XPS7J
pca,10000,5641,-0.24886677,-0.071928784,5.0,B07BWMNQTY
pca,10000,5642,0.04454927,0.0261933,5.0,B072MKFNV6
pca,10000,5643,-0.1842741,0.23431483,4.0,B01MREKZDP
pca,10000,5644,-0.3493674,-0.07733485,5.0,B07119X97F
pca,10000,5645,-0.26619437,-0.02634837,5.0,B01N14PF8X
pca,10000,5646,-0.115936264,0.048071258,4.0,B083JFTZMN
pca,10000,5647,-0.17701705,0.01755333,5.0,B01GR95HTQ
pca,10000,5648,-0.30484518,-0.101893425,4.0,B01F2O1E9E
pca,10000,5649,-0.10634008,-0.017636383,5.0,B01NAU4FF4
pca,10000,5650,-0.1609416,0.05596157,5.0,B008GAT8EU
pca,10000,5651,-0.08926418,0.1800939,5.0,B09KKBLNVD
pca,10000,5652,-0.31413972,0.23776728,5.0,B00DQZQ5T6
pca,10000,5653,-0.19067883,0.15419856,5.0,B00IYOCFWU
pca,10000,5654,-0.07941328,-0.3125467,5.0,B00HQ883QW
pca,10000,5655,-0.017284144,0.05173503,1.0,B075B5T7L5
pca,10000,5656,-0.31318521,0.19384709,4.0,B00BPO9HOA
pca,10000,5657,-0.29137248,0.31015357,5.0,B00OXKDTZG
pca,10000,5658,-0.22328578,-0.030092014,3.0,B004U4KVBA
pca,10000,5659,-0.17649429,-0.29845664,4.0,B003H4QPJQ
pca,10000,5660,-0.12931255,-0.18374139,4.0,B00WMM48Q6
pca,10000,5661,-0.15404303,-0.29952595,5.0,B00RZWR23O
pca,10000,5662,-0.11378904,0.015457548,5.0,B00CN8BQV4
pca,10000,5663,-0.12852542,-0.28093132,4.0,B0078GCLU6
pca,10000,5664,-0.29434344,0.12508878,5.0,B004HZYA6E
pca,10000,5665,-0.21423702,-0.1464536,5.0,B000FHD7PI
pca,10000,5666,-0.1708593,0.22558753,4.0,B004JWA70I
pca,10000,5667,-0.11464064,-0.074124075,5.0,B001FR8POU
pca,10000,5668,-0.07796624,-0.034845017,1.0,B000M3GODW
pca,10000,5669,0.06880917,0.14218168,5.0,B001CEPYVS
pca,10000,5670,-0.0675444,0.14508368,3.0,B07YD48WNN
pca,10000,5671,-0.2450364,0.26353633,5.0,B002VPE1X4
pca,10000,5672,-0.043146625,0.2546442,5.0,B001FB6T62
pca,10000,5673,-0.17010699,0.121866025,5.0,B00004VUGJ
pca,10000,5674,-0.08175855,-0.01582241,4.0,B00022AH6I
pca,10000,5675,-0.04636968,-0.17763512,3.0,B00008SCFL
pca,10000,5676,-0.053502686,0.0496182,5.0,B0771V3LT8
pca,10000,5677,0.28883186,0.16554368,5.0,B07C2XDXXJ
pca,10000,5678,0.14432877,0.2526735,5.0,B07R472JCB
pca,10000,5679,0.04580796,-0.28277922,5.0,B0B887LGK2
pca,10000,5680,0.009215041,-0.12810636,5.0,B0BVYN6JNT
pca,10000,5681,0.018550377,-0.07853127,1.0,B0CBJWKDWR
pca,10000,5682,0.040741347,-0.21020257,5.0,B09XQ1P16Z
pca,10000,5683,-0.03267989,-0.124072865,5.0,B07SR6BCMR
pca,10000,5684,0.029670164,-0.14848758,5.0,B0973HJC7X
pca,10000,5685,-0.115346655,-0.27115875,1.0,B07NGRTX9C
pca,10000,5686,0.23728184,-0.3377519,1.0,B07XMNYHZB
pca,10000,5687,-0.01560954,0.44532877,5.0,B06XXRWN1P
pca,10000,5688,0.15807544,0.015277952,5.0,B07GZFM1ZM
pca,10000,5689,0.07358992,0.0464708,1.0,B07PMZVQRZ
pca,10000,5690,0.19676618,-0.20217445,3.0,B0863881T1
pca,10000,5691,-0.19384153,0.13045444,5.0,B0BVR81LYV
pca,10000,5692,0.03191156,-0.1089654,4.0,B071WGSZ81
pca,10000,5693,0.06417987,-0.15530744,4.0,B07G52NHBZ
pca,10000,5694,0.05830503,0.10359738,2.0,B01D1GBME2
pca,10000,5695,-0.11593939,-0.28103864,5.0,B0BNP555YN
pca,10000,5696,-0.07748029,-0.24597548,4.0,B0BSMRTWNJ
pca,10000,5697,-0.06454106,0.13212623,1.0,B09F5TVT11
pca,10000,5698,0.07194346,0.2554545,4.0,B009DSTZS8
pca,10000,5699,0.27619976,0.12659556,1.0,B00BW5U3HM
pca,10000,5700,-0.01326954,0.42246568,5.0,B08DL8GTDP
pca,10000,5701,-0.33131537,-0.037568927,3.0,B09J4GXN38
pca,10000,5702,0.17900369,0.25547937,5.0,B010BWYDYA
pca,10000,5703,0.0569524,-0.022791259,3.0,B0916VSRFG
pca,10000,5704,0.23291399,0.08666373,4.0,B07P5GWWQ4
pca,10000,5705,-0.014514081,0.023534568,5.0,B0C338S8M7
pca,10000,5706,0.0073571634,-0.08691456,5.0,B071ZPV6YR
pca,10000,5707,0.10383203,-0.34141847,5.0,B0791TX5P5
pca,10000,5708,0.24614401,0.12632295,4.0,B009XJX952
pca,10000,5709,0.07451301,0.062133588,4.0,B00HME2QRW
pca,10000,5710,0.26737815,-0.0010070931,5.0,B07QG747VM
pca,10000,5711,0.41007194,0.06239789,5.0,B01I46MYKK
pca,10000,5712,0.107935116,0.34553915,4.0,B07BNCLQN8
pca,10000,5713,0.25894088,0.17494231,5.0,B0C5GSXCLX
pca,10000,5714,-0.0057982467,0.195517,5.0,B09554QF7L
pca,10000,5715,0.13809673,0.07196479,5.0,B00S87OXMI
pca,10000,5716,-0.32949415,-0.051701948,4.0,B00DDPZ5MW
pca,10000,5717,0.31112775,0.0034109354,5.0,B003N3JFWU
pca,10000,5718,0.022573277,0.322802,5.0,B00374DFBM
pca,10000,5719,0.0037279204,0.17497359,4.0,B00K1SKXPI
pca,10000,5720,0.17418747,0.24313894,5.0,B07GB3SGSF
pca,10000,5721,0.0047328332,0.120505564,5.0,B07GN87JTJ
pca,10000,5722,0.16606425,-0.07229898,5.0,B00YBCKIL4
pca,10000,5723,-0.09029671,-0.30848485,5.0,B001VNLRPC
pca,10000,5724,-0.056726776,-0.23300546,5.0,B00UNDEKWI
pca,10000,5725,0.21235044,-0.07204647,5.0,B07P5Y4776
pca,10000,5726,-0.23900852,0.087304756,5.0,B08NSJ8KQM
pca,10000,5727,0.03926675,0.19338419,5.0,B01MQRGROQ
pca,10000,5728,0.039398238,-0.11424453,1.0,B07G5JV2B5
pca,10000,5729,-0.07983716,-0.13906509,1.0,B00294P0T6
pca,10000,5730,0.08399049,0.092932574,5.0,B09FLNSZ8G
pca,10000,5731,0.16351514,0.018422756,5.0,B08XPWDSWW
pca,10000,5732,0.029747982,-0.20172596,5.0,B08L758H87
pca,10000,5733,0.035439882,-0.29082546,5.0,B08L7LF1KF
pca,10000,5734,0.17858654,-0.013152154,2.0,B07VDVS6BZ
pca,10000,5735,0.12564112,0.11546666,5.0,B0BRLZFYTJ
pca,10000,5736,0.5327408,0.05774656,5.0,B07ZPS3VZS
pca,10000,5737,0.33505225,0.19418257,5.0,B07VC2SCKN
pca,10000,5738,0.08805571,0.07184923,5.0,B07Q59S539
pca,10000,5739,0.28904608,0.11836196,5.0,B084WR1XFK
pca,10000,5740,0.21201755,0.032905445,5.0,B07Q2SJNZ5
pca,10000,5741,0.23446235,-0.08322915,5.0,B01KSTSV76
pca,10000,5742,0.28733838,-0.09224995,5.0,B00LM0ZGIS
pca,10000,5743,0.14456347,-0.14691503,1.0,B07KFD7QPZ
pca,10000,5744,0.31999877,0.1034493,5.0,B01K8B8YA8
pca,10000,5745,0.44282186,0.14810425,5.0,B01K9KW56M
pca,10000,5746,0.082728185,0.15815029,5.0,B01L3VEC08
pca,10000,5747,0.15543115,-0.12382326,2.0,B07S764D9V
pca,10000,5748,0.13267204,-0.049733102,5.0,B017OVSXPG
pca,10000,5749,0.20880303,0.17678635,5.0,B086X8L8K2
pca,10000,5750,-0.05557859,-0.07028632,5.0,B09M85W9P8
pca,10000,5751,-0.035884492,-0.1118182,1.0,B0BSKXJFKN
pca,10000,5752,-0.14762846,0.09321122,4.0,B07NW72QY9
pca,10000,5753,-0.15476047,-0.19628541,5.0,B0C7S8NBJK
pca,10000,5754,-0.13772407,0.10537758,5.0,B08KG14KCT
pca,10000,5755,-0.079260215,-0.033876397,5.0,B098DSFTQM
pca,10000,5756,-0.06125568,-0.01356644,4.0,B09H83QHPC
pca,10000,5757,0.013617059,0.03255047,5.0,B07JZCP1NJ
pca,10000,5758,0.018169083,0.007676117,1.0,B0BSF17PM2
pca,10000,5759,-0.12458637,0.003245961,5.0,B08D7638C8
pca,10000,5760,-0.0905345,-0.013945731,3.0,B00LF10L02
pca,10000,5761,0.063443944,-0.13551752,5.0,B007HSKSMI
pca,10000,5762,0.031102197,0.2909611,5.0,B00BCXF6KS
pca,10000,5763,-0.06319697,0.12970299,5.0,B074TMJ44M
pca,10000,5764,0.008623481,0.04494361,1.0,B003C8RLAE
pca,10000,5765,0.017062284,-0.080417834,1.0,B002K3Z3E8
pca,10000,5766,0.029409073,0.06966502,3.0,B00WUI07XK
pca,10000,5767,-0.077025205,0.056433745,4.0,B00TG5FPHS
pca,10000,5768,-0.16151617,0.35856593,5.0,B092J8MM28
pca,10000,5769,-0.013164319,0.21222936,5.0,B09KNJ518H
pca,10000,5770,0.2772709,-0.026152488,5.0,B07JBCKX7M
pca,10000,5771,0.1976211,-0.16644125,5.0,B07DC3LH9C
pca,10000,5772,0.0081229955,-0.11801649,5.0,B08C9FL1L7
pca,10000,5773,-0.029065546,0.2225045,5.0,B0B976N8JZ
pca,10000,5774,0.062418118,-0.20500197,2.0,B07VXXBTX4
pca,10000,5775,-0.12804534,-0.10171405,5.0,B079HBKGSW
pca,10000,5776,0.065500006,-0.041524284,1.0,B07DK4BP7G
pca,10000,5777,-0.16884157,0.0407745,1.0,B01MTF2Z37
pca,10000,5778,-0.16091175,0.32712224,2.0,B06Y5WDVV3
pca,10000,5779,-0.15534678,0.10213361,2.0,B01M334NVP
pca,10000,5780,0.017025148,-0.032277387,1.0,B000BOLHH0
pca,10000,5781,-0.11771856,0.3343907,5.0,B01608AHA8
pca,10000,5782,-0.062311515,0.0046005696,2.0,B010BWYDYA
pca,10000,5783,-0.20051181,-0.11768967,1.0,B00JB31RYK
pca,10000,5784,-0.121840596,-0.13115959,3.0,B007F9XHCM
pca,10000,5785,-0.044480905,-0.07148955,5.0,B0CDVW2RNG
pca,10000,5786,-0.05776315,-0.108782314,5.0,B09CTHY2B3
pca,10000,5787,-0.11797714,0.27614662,1.0,B07ZRGNMRJ
pca,10000,5788,-0.175389,0.15104122,2.0,B07N8VFFNS
pca,10000,5789,-0.15356213,-0.10897505,3.0,B0B2JCSK1P
pca,10000,5790,0.16181588,-0.020400316,5.0,B08F9ZCTCL
pca,10000,5791,0.13819504,0.095667206,5.0,B01MFCFKG5
pca,10000,5792,-0.21872894,0.037019633,5.0,B075SS891V
pca,10000,5793,-0.19494289,0.012008755,5.0,B094V7S7D7
pca,10000,5794,-0.051215596,-0.24659921,5.0,B082Y3SQ2V
pca,10000,5795,-0.06884796,-0.14957395,2.0,B08CZL3CJS
pca,10000,5796,-0.022174254,0.0013356209,5.0,B0B1SCRLRG
pca,10000,5797,-0.15980856,0.34124765,2.0,B08F1T7F6F
pca,10000,5798,-0.16678357,0.44883105,5.0,B07MG4DMN9
pca,10000,5799,-0.008230371,-0.17786624,5.0,B09RS2KZK4
pca,10000,5800,-0.25093907,-0.3309448,5.0,B082QPHYZQ
pca,10000,5801,-0.2345444,-0.20873044,5.0,B0B1HJ23M3
pca,10000,5802,-0.25382364,0.068459906,3.0,B086JJNYGS
pca,10000,5803,-0.008366546,0.19297256,5.0,B09FYWWVB8
pca,10000,5804,0.03892325,-0.24842629,4.0,B07116B33Z
pca,10000,5805,-0.028453115,0.10829997,4.0,B07ZFFYQCR
pca,10000,5806,-0.14830421,0.387474,5.0,B01HEW1KTG
pca,10000,5807,-0.03175922,0.2247798,5.0,B01M7NFWQ5
pca,10000,5808,-0.16618867,-0.13794324,5.0,B079FQRPXM
pca,10000,5809,-0.14273818,-0.3029905,1.0,B077XJB1Z8
pca,10000,5810,-0.18118419,0.28057507,5.0,B0772D8VR1
pca,10000,5811,-0.00015716627,-0.08040571,2.0,B0BHF1HN6C
pca,10000,5812,0.12333266,0.096505485,5.0,B00LI6NW8W
pca,10000,5813,0.16646372,-0.24036591,1.0,B0BS2TMK39
pca,10000,5814,0.14691739,0.014905021,5.0,B01N44JBS4
pca,10000,5815,-0.17403203,-0.058372192,4.0,B0BQV27MZ7
pca,10000,5816,-0.17403203,-0.058372192,4.0,B0BQV27MZ7
pca,10000,5817,-0.29696688,0.18522327,5.0,B0CCK5YXRC
pca,10000,5818,-0.2106581,0.060950167,5.0,B0C6NZTYP5
pca,10000,5819,-0.050904587,-0.03829103,2.0,B09TPXD2VC
pca,10000,5820,-0.24366572,0.122792475,4.0,B0BWBC2GLD
pca,10000,5821,-0.15108219,-0.10914237,5.0,B07X3HL7CC
pca,10000,5822,-0.14669049,0.223627,5.0,B0C62815WM
pca,10000,5823,-0.18925573,0.1151926,3.0,B08M8Y6473
pca,10000,5824,-0.22142999,0.13424669,5.0,B08KZ3QN72
pca,10000,5825,-0.35489744,-0.06667505,5.0,B081SDPJ47
pca,10000,5826,-0.29492462,0.22131035,4.0,B07HGW7B1D
pca,10000,5827,-0.012984609,0.17349724,4.0,B06Y2XRYB2
pca,10000,5828,-0.06639566,0.22193803,3.0,B08BXDW68Z
pca,10000,5829,0.17734039,-0.02751743,5.0,B0935ZDCYD
pca,10000,5830,0.1823809,0.13369115,5.0,B07W5ZDHDH
pca,10000,5831,-0.099111415,0.18432586,5.0,B0C8SBPY3V
pca,10000,5832,0.3108464,-0.0049770107,5.0,B06XQN1GKK
pca,10000,5833,0.3108464,-0.0049770107,5.0,B07S78GKZ6
pca,10000,5834,0.028865991,0.20644328,5.0,B0C6PGZ3MB
pca,10000,5835,0.044344943,-0.25796947,3.0,B07DQF7LQY
pca,10000,5836,0.2551875,0.13627777,5.0,B07MDYT2SW
pca,10000,5837,-0.010795655,0.072064534,5.0,B08CLNX58K
pca,10000,5838,0.103205815,-0.15337484,5.0,B08DCYHFD4
pca,10000,5839,-0.16317661,-0.1146611,5.0,B07P16JC5W
pca,10000,5840,-0.05227325,-0.26561812,5.0,B00WUN9PE2
pca,10000,5841,-0.042954266,-0.226419,5.0,B008I65TRM
pca,10000,5842,-0.003551446,-0.34277532,5.0,B07ZZVX1F2
pca,10000,5843,0.095351,-0.015700683,1.0,B07PCZV64H
pca,10000,5844,-0.04701382,-0.18821765,1.0,B015CFY3WS
pca,10000,5845,-0.35755494,-0.056701586,5.0,B08548M6FF
pca,10000,5846,0.22751588,-0.20118546,5.0,B00B502HL4
pca,10000,5847,-0.19770092,0.004071841,3.0,B08HHSFT21
pca,10000,5848,-0.043641664,-0.0632241,2.0,B0B51DHRMN
pca,10000,5849,-0.06464498,-0.28649005,2.0,B01MDKJXCH
pca,10000,5850,-0.043133024,0.40342936,5.0,B096FJY39R
pca,10000,5851,-0.06052327,0.25234556,4.0,B09CQBFS81
pca,10000,5852,-0.035752203,0.03538017,5.0,B09GLVS2BD
pca,10000,5853,0.015766764,0.28501323,5.0,B07W92W39W
pca,10000,5854,0.11276625,-0.15568154,5.0,B0928QBF8K
pca,10000,5855,-0.109659106,-0.21997623,5.0,B00MO86ES8
pca,10000,5856,0.20137316,-0.12507175,1.0,B09MK92BX7
pca,10000,5857,-0.21464904,-0.09957719,5.0,B0BHQRTJYJ
pca,10000,5858,-0.21424355,0.14414704,5.0,B094NMVYKT
pca,10000,5859,-0.24612176,-0.21873109,5.0,B08F9TMWN7
pca,10000,5860,-0.13694178,-0.20713292,1.0,B09BDX2C9X
pca,10000,5861,-0.19319803,0.09228894,5.0,B0BFJ8KGTZ
pca,10000,5862,-0.07045255,-0.0037800288,5.0,B07H936BZT
pca,10000,5863,0.08979567,0.13445885,5.0,B07P5Y4776
pca,10000,5864,0.28312603,0.115041606,5.0,B01M0SFMIH
pca,10000,5865,0.4992551,-0.13942432,5.0,B07PFSXZ2W
pca,10000,5866,-0.023793448,-0.094615206,1.0,B0BWD4WGJB
pca,10000,5867,0.10175995,-0.03654138,5.0,B07S4KJV6W
pca,10000,5868,0.15714346,-0.030774955,5.0,B07QD3HZVJ
pca,10000,5869,0.18961757,0.115802474,1.0,B0C9CKKCD6
pca,10000,5870,0.050748833,-0.027150078,5.0,B08MRTZWJ5
pca,10000,5871,0.0025952281,-0.23557398,2.0,B08QSB7SR3
pca,10000,5872,-0.039847344,0.03697682,4.0,B09BN75L3P
pca,10000,5873,0.2686726,0.25848567,5.0,B0C4LW67ZG
pca,10000,5874,-0.047737874,0.1251356,5.0,B077ZS7D77
pca,10000,5875,0.25623953,0.09984914,5.0,B09571JZH1
pca,10000,5876,0.08351285,0.2706112,5.0,B091KKX4DS
pca,10000,5877,0.18408294,0.03325805,1.0,B09GD22V7K
pca,10000,5878,0.10747902,0.027469886,1.0,B0C337RV7Q
pca,10000,5879,0.17883314,0.022377962,3.0,B0BP27ZQKC
pca,10000,5880,0.01642986,0.055315144,5.0,B07PXTY9BQ
pca,10000,5881,0.06852224,-0.11853079,1.0,B07G5C4YLY
pca,10000,5882,0.07278855,-0.1054442,5.0,B0785WP8BF
pca,10000,5883,0.034000114,0.09320807,3.0,B00902SHEU
pca,10000,5884,0.019652953,-0.13226645,5.0,B01MU55O1B
pca,10000,5885,-0.09824767,-0.060467415,5.0,B00ASLSQHK
pca,10000,5886,0.07405442,0.14458705,5.0,B005RY2BTC
pca,10000,5887,-0.016495395,-0.10212991,5.0,B09M67L3J5
pca,10000,5888,0.08975297,0.15118669,5.0,B09VP5QB8X
pca,10000,5889,-0.20359702,0.4904288,5.0,B07VRP3KBM
pca,10000,5890,-0.06002041,0.3141771,1.0,B07RWH9GM3
pca,10000,5891,-0.20972613,-0.11225621,5.0,B08B7RYM4P
pca,10000,5892,0.28729656,0.21279176,5.0,B098391NB7
pca,10000,5893,-0.19263276,-0.067294754,5.0,B0BRJGVZP8
pca,10000,5894,-0.10133915,0.50423527,5.0,B08399M3P8
pca,10000,5895,0.02819851,-0.11612748,5.0,B075JB46XP
pca,10000,5896,0.0787977,0.2264879,5.0,B071Y2SG3R
pca,10000,5897,-0.12317011,-0.0061462005,3.0,B013O1V23K
pca,10000,5898,-0.020123709,0.11908551,5.0,B01LD8GI3K
pca,10000,5899,-0.15697272,-0.17928764,5.0,B008PXMWIW
pca,10000,5900,0.13096866,-0.115634546,5.0,B099P2JF9Y
pca,10000,5901,0.028089263,0.17242204,5.0,B0875M44Y5
pca,10000,5902,0.097147696,-0.00981913,1.0,B008I63HDA
pca,10000,5903,0.0737773,0.0022821864,5.0,B01ETQ62XY
pca,10000,5904,0.10395048,-0.0898318,5.0,B00Z0V2NQ8
pca,10000,5905,0.1250952,-0.029057257,5.0,B0083J7EM2
pca,10000,5906,0.09543226,0.064804904,1.0,B01LLANEAU
pca,10000,5907,-0.06852272,0.19440378,5.0,B09P398XM9
pca,10000,5908,0.11765662,-0.05263245,5.0,B099PM811H
pca,10000,5909,0.12783179,-0.031955555,5.0,B07JPGXV7C
pca,10000,5910,0.14270823,0.1299503,5.0,B0BVBDXFHM
pca,10000,5911,0.15999241,0.06657175,5.0,B07H65KP63
pca,10000,5912,-0.024369933,-0.04900433,5.0,B07PXGQC1Q
pca,10000,5913,0.14959466,0.11486677,5.0,B08XNCHTCY
pca,10000,5914,0.19559285,0.16465186,5.0,B07K1WWBJK
pca,10000,5915,0.2139499,0.23253821,5.0,B0863ZGP2R
pca,10000,5916,-0.027175281,0.29951072,5.0,B09ZKKXQWV
pca,10000,5917,0.21669662,0.13896874,5.0,B086MQ6F2N
pca,10000,5918,-0.075147524,0.24488169,5.0,B09SHL7BVZ
pca,10000,5919,0.09983174,0.058666877,5.0,B08D7JPKLZ
pca,10000,5920,-0.178111,0.3745683,3.0,B073F6ZDL5
pca,10000,5921,0.17167962,0.06514695,5.0,B00O29HJXQ
pca,10000,5922,0.058278207,0.36828107,5.0,B00WT477P6
pca,10000,5923,-0.40543732,-0.029030917,4.0,B06XKVSX25
pca,10000,5924,0.15179417,0.05163479,5.0,B08JPLNBZP
pca,10000,5925,-0.040241703,-0.34965748,5.0,B07GZFM1ZM
pca,10000,5926,0.17714535,0.037953556,4.0,B08YFJYD5Z
pca,10000,5927,-0.10176822,-0.06003671,5.0,B07WGPTZHR
pca,10000,5928,-0.10893929,0.20604604,5.0,B0CCF6KKF9
pca,10000,5929,0.13252369,-0.22922294,5.0,B07GZFM1ZM
pca,10000,5930,0.0805963,0.319789,5.0,B0124ES3VC
pca,10000,5931,-0.28147778,0.051976763,5.0,B078C7XJ7Q
pca,10000,5932,0.10120902,0.31783774,1.0,B07DQDG547
pca,10000,5933,-0.33513334,0.004893884,5.0,B0CD7L5PKM
pca,10000,5934,0.008088332,0.01617856,5.0,B08QCM7FL1
pca,10000,5935,-0.20055372,-0.22906826,3.0,B08H7SG2VN
pca,10000,5936,-0.21280085,-0.06929952,4.0,B08DLS9V5D
pca,10000,5937,-0.009862037,-0.13140461,5.0,B07ZM19Y9H
pca,10000,5938,-0.39777207,-0.11075802,4.0,B0BN6DVC5H
pca,10000,5939,-0.22942269,-0.16823944,3.0,B07XSL4F4C
pca,10000,5940,0.042099804,-0.16646865,5.0,B0BPK419HZ
pca,10000,5941,-0.079802416,0.0019662417,4.0,B09LM915XQ
pca,10000,5942,-0.35839385,-0.055274405,5.0,B0814YNH8V
pca,10000,5943,-0.1505167,0.06453137,4.0,B01D9TUL8Y
pca,10000,5944,-0.32290852,0.087225854,3.0,B09D41HQVZ
pca,10000,5945,-0.024814337,0.0773441,4.0,B0842X9PHR
pca,10000,5946,-0.23544022,0.06621082,5.0,B0838Y1F46
pca,10000,5947,-0.09985152,0.043024503,5.0,B0C1BVZHD1
pca,10000,5948,-0.18829241,-0.10762494,5.0,B085STB7FR
pca,10000,5949,0.01694569,0.012938628,1.0,B09V1FT19S
pca,10000,5950,-0.2514661,0.058871657,4.0,B0BSF17PM2
pca,10000,5951,-0.14446862,0.044414647,4.0,B081QWB92L
pca,10000,5952,-0.24334899,-0.2191732,4.0,B07H65KP63
pca,10000,5953,-0.18635403,0.19450837,5.0,B07NZLL5WB
pca,10000,5954,-0.21533702,0.20640117,5.0,B07FFVVDJ8
pca,10000,5955,-0.19159211,0.2061422,3.0,B074ZLVXCG
pca,10000,5956,-0.2633693,0.3441146,4.0,B08RYZGXLL
pca,10000,5957,0.15987633,-0.007576722,4.0,B07P5FQGR8
pca,10000,5958,-0.21155438,0.18987216,4.0,B09T78HB28
pca,10000,5959,0.051908966,-0.19518952,4.0,B0BZLBL1L9
pca,10000,5960,-0.0024106447,-0.41749212,5.0,B07Q9F2FMR
pca,10000,5961,0.22263098,-0.28118,5.0,B083JFTZMN
pca,10000,5962,0.086511776,-0.38080773,5.0,B003O973OA
pca,10000,5963,0.18714055,-0.22993441,5.0,B07PMFD12W
pca,10000,5964,0.28640905,-0.35999733,4.0,B00SZ304ZK
pca,10000,5965,-0.059944324,0.036314562,5.0,B07P83VM1G
pca,10000,5966,-0.1585106,0.4130801,5.0,B08MQ5ZPGG
pca,10000,5967,-0.08758742,0.052568264,5.0,B08N3MBM2P
pca,10000,5968,0.14721377,-0.10325917,5.0,B0BM2YG2K7
pca,10000,5969,-0.12892778,-0.30046058,5.0,B084RJZ5BP
pca,10000,5970,-0.05681587,-0.07248905,5.0,B00XHTAIGM
pca,10000,5971,-0.08591253,-0.12875323,5.0,B07VDLZ39V
pca,10000,5972,0.028653484,-0.15266718,5.0,B08DHJFJFY
pca,10000,5973,0.09753942,-0.03263271,3.0,B07H65KP63
pca,10000,5974,-0.10735732,-0.042723805,2.0,B083Z7W1FK
pca,10000,5975,-0.03849156,-0.07424478,5.0,B0C46VF5GR
pca,10000,5976,0.124264695,0.04037977,1.0,B095STM3C9
pca,10000,5977,0.036660656,-0.019278083,4.0,B018SOU7AM
pca,10000,5978,-0.18631598,-0.17853712,4.0,B0C61VKHQL
pca,10000,5979,-0.057867058,-0.10205468,3.0,B07Y23TMZ4
pca,10000,5980,-0.088975705,-0.3080706,4.0,B08VDBZPYL
pca,10000,5981,-0.042845238,0.02737985,3.0,B0B12G5Z92
pca,10000,5982,0.057325598,-0.0238707,4.0,B09YXCM8N3
pca,10000,5983,0.25611874,-0.16748807,5.0,B07L9BDY3T
pca,10000,5984,0.03187967,-0.015414697,5.0,B00KFCRATC
pca,10000,5985,-0.22245637,0.010510838,3.0,B0BRQ9ZZ3D
pca,10000,5986,0.01850343,0.039764598,4.0,B093L79VHX
pca,10000,5987,0.35585767,-0.20548555,4.0,B0BGRNBMKT
pca,10000,5988,0.36542317,-0.052886404,3.0,B09Q371RZC
pca,10000,5989,-0.054169625,0.20491956,4.0,B08DV5LB4C
pca,10000,5990,0.030320466,0.07544707,5.0,B0BM9LLXPD
pca,10000,5991,0.022314768,-0.18463458,3.0,B07N31CHLN
pca,10000,5992,-0.03011211,0.08387588,3.0,B09C2RQGGS
pca,10000,5993,-0.09248942,-0.25464123,1.0,B09DKQ58Y1
pca,10000,5994,-0.046995625,-0.0011036992,4.0,B09ZL3GXHN
pca,10000,5995,0.024262838,0.28955805,5.0,B0B2VC4P21
pca,10000,5996,0.004547919,-0.16893467,5.0,B01GF5ACUG
pca,10000,5997,0.05650823,-0.3145838,2.0,B01BVX5BX0
pca,10000,5998,-0.2115542,-0.3661984,1.0,B07P5Q8SC1
pca,10000,5999,0.037206504,-0.19841246,1.0,B07NTRPYBB
pca,10000,6000,0.082530305,0.29476136,5.0,B073QNZ1SP
pca,10000,6001,-0.032594044,-0.01146569,5.0,B01EL7618C
pca,10000,6002,0.16169688,0.04976394,5.0,B075X8471B
pca,10000,6003,0.24563229,0.24738893,5.0,B0B2K24RQT
pca,10000,6004,0.22722453,-0.021992484,1.0,B0B3D9WQD5
pca,10000,6005,0.1923707,0.1948012,5.0,B099KKGJQP
pca,10000,6006,0.13128756,0.1528604,5.0,B08F9ZCTCL
pca,10000,6007,0.3078362,0.03415116,5.0,B0753QWL5X
pca,10000,6008,-0.2276394,-0.23284851,5.0,B0BGP6R8XS
pca,10000,6009,-0.31573746,-0.11527848,5.0,B0B59QBY9G
pca,10000,6010,0.0065149134,-0.021563355,5.0,B071LPMSN1
pca,10000,6011,-0.110183254,0.28320408,3.0,B07QFPFR95
pca,10000,6012,0.26180387,0.103631385,5.0,B0BV9FDWT9
pca,10000,6013,0.37540433,0.057729416,5.0,B073QX1ZMS
pca,10000,6014,0.33714616,0.04920145,1.0,B07MBGQH15
pca,10000,6015,-0.10348944,-0.04502198,5.0,B079661FSM
pca,10000,6016,-0.096825205,0.03359413,5.0,B086VR9J8Q
pca,10000,6017,-0.20949626,0.12697065,5.0,B07PDN1LCZ
pca,10000,6018,-0.14118554,-0.08964641,4.0,B01MYG67JR
pca,10000,6019,-0.04366804,0.07886721,5.0,B01N18WZGK
pca,10000,6020,-0.047831453,0.069951236,5.0,B01K4IHBHC
pca,10000,6021,-0.15501101,0.12640844,3.0,B004P1IU5C
pca,10000,6022,-0.12818785,0.0064860806,5.0,B00ZWKHP6A
pca,10000,6023,-0.06986613,0.40719074,5.0,B00RT03DVW
pca,10000,6024,0.014274027,-0.11999178,5.0,B00I1781BY
pca,10000,6025,-0.2528023,-0.03743899,4.0,B004VY77Q6
pca,10000,6026,-0.08780265,-0.2184538,5.0,B07Q1JZ363
pca,10000,6027,0.107560016,-0.15687163,5.0,B0014A50GE
pca,10000,6028,-0.059224427,-0.15465301,4.0,B088KNRJ8L
pca,10000,6029,-0.04198472,-0.20445812,3.0,B001J1PUOK
pca,10000,6030,0.03692065,0.011036813,5.0,B008V4S1C6
pca,10000,6031,-0.051472075,0.107664935,5.0,B08R5NGMS1
pca,10000,6032,-0.21216018,-0.16003543,5.0,B07PXGQC1Q
pca,10000,6033,-0.020163018,-0.016750386,5.0,B00NKZ5R28
pca,10000,6034,0.15716635,-0.2955498,1.0,B07Q8Y7D4F
pca,10000,6035,0.03589637,-0.39069512,4.0,B081629SRT
pca,10000,6036,0.07752887,0.14341442,5.0,B00CST4LH4
pca,10000,6037,0.13676539,0.16246814,5.0,B07DLC2SFZ
pca,10000,6038,-0.2688054,0.48899472,5.0,B08VMR2974
pca,10000,6039,0.07624066,0.3378966,4.0,B08NB7R131
pca,10000,6040,0.1348773,-0.09326739,1.0,B00ZIS0LGC
pca,10000,6041,0.107277304,0.013978304,5.0,B0CC2FVRJW
pca,10000,6042,0.15034385,-0.23873986,3.0,B07WDDGFD6
pca,10000,6043,-0.12330732,-0.13707373,5.0,B0914FVW5Z
pca,10000,6044,-0.3026913,-0.12339905,5.0,B00DVH26EC
pca,10000,6045,0.037913624,-0.18822433,1.0,B00LVQ7KQO
pca,10000,6046,-0.16313633,0.2256691,5.0,B09SXP5VB5
pca,10000,6047,0.2468319,-0.30314362,5.0,B0B46FBZ8J
pca,10000,6048,0.12807456,-0.14806367,5.0,B00LWHU9D8
pca,10000,6049,0.14604144,-0.14809465,1.0,B07XJ9FF4M
pca,10000,6050,0.30650282,0.06814572,5.0,B0BMK6DC5W
pca,10000,6051,0.1709561,-0.03534885,5.0,B006MCDUZM
pca,10000,6052,0.4686701,0.07588428,5.0,B07KVHJZSC
pca,10000,6053,0.43733215,0.026180344,5.0,B077ZVBJH2
pca,10000,6054,0.48398262,0.11371871,5.0,B01EG5502W
pca,10000,6055,-0.046866953,0.36395684,4.0,B07V6CGGW2
pca,10000,6056,0.23332268,0.10166068,4.0,B088CW81Y6
pca,10000,6057,0.10251144,0.026628418,4.0,B07NYXPL4P
pca,10000,6058,0.29016355,-0.093260035,2.0,B015VW30US
pca,10000,6059,-0.21741109,-0.15473692,1.0,B07H78ZPD2
pca,10000,6060,-0.13661623,0.011773594,5.0,B0BV6SQPK2
pca,10000,6061,-0.10440003,-0.16172704,3.0,B0B6D4W3R7
pca,10000,6062,0.2062906,-0.24459726,2.0,B07PMS2169
pca,10000,6063,0.11334613,0.039128937,5.0,B0B42NYTZZ
pca,10000,6064,-0.23676968,0.36658886,5.0,B08L9M826M
pca,10000,6065,-0.0688433,0.38765007,5.0,B07GDH82R4
pca,10000,6066,-0.26618037,-0.04100941,5.0,B083HK32C3
pca,10000,6067,0.16802874,0.12947907,5.0,B083HK32C3
pca,10000,6068,-0.20714144,0.375592,5.0,B08N1DF9BX
pca,10000,6069,-0.041957617,-0.026577078,3.0,B09PV3S1GT
pca,10000,6070,-0.07483097,0.15590626,5.0,B09ZRK3RGC
pca,10000,6071,-0.14201225,0.12163489,4.0,B0B31QGH9J
pca,10000,6072,-0.04890383,0.13313666,3.0,B09NNGX5B5
pca,10000,6073,-0.2731575,0.23068036,5.0,B0B11NY3JQ
pca,10000,6074,-0.19823097,0.4250516,5.0,B0B9WHZBXJ
pca,10000,6075,-0.15002745,-0.14032517,4.0,B0B79XMMHV
pca,10000,6076,-0.23383793,0.34594202,3.0,B09XHWMDK2
pca,10000,6077,-0.1782311,-0.0017126529,4.0,B0BGRVVCX7
pca,10000,6078,0.107715376,-0.0011221701,3.0,B09TTH4JDN
pca,10000,6079,-0.25498742,0.072098374,4.0,B0B129DM9T
pca,10000,6080,-0.24467379,-0.22887087,5.0,B0B8W6RJ26
pca,10000,6081,-0.2045889,0.459458,4.0,B09XGTMY6X
pca,10000,6082,-0.2330898,-0.12835221,4.0,B09ZXDZVKR
pca,10000,6083,-0.25399917,0.044277593,5.0,B0B9GXVGJY
pca,10000,6084,-0.038132057,0.108847834,3.0,B0C6J653RZ
pca,10000,6085,-0.31138927,-0.21850635,3.0,B09NRLQYC1
pca,10000,6086,-0.17404018,0.34937006,5.0,B09N78QN2F
pca,10000,6087,-0.10232105,0.02337438,3.0,B0BTS267BB
pca,10000,6088,0.17637654,-0.08884601,4.0,B08M43RVH4
pca,10000,6089,-0.25218144,-0.043853283,5.0,B0B7Z96WFM
pca,10000,6090,-0.024825491,0.048810467,3.0,B095K1SQ3W
pca,10000,6091,-0.14056836,0.008973749,4.0,B08H7PD336
pca,10000,6092,-0.1862184,-0.0870809,4.0,B0BZT5GQGJ
pca,10000,6093,-0.13807234,-0.13826892,5.0,B082YB9888
pca,10000,6094,-0.19249369,-0.059128463,4.0,B08BRF7XRM
pca,10000,6095,-0.21629466,-0.19128963,4.0,B0BJXSGLFJ
pca,10000,6096,-0.008261643,-0.2345106,4.0,B0BT1BTW94
pca,10000,6097,-0.08258251,0.022460705,4.0,B0BFKK3NL9
pca,10000,6098,0.27552676,-0.14566727,5.0,B0749WP3M3
pca,10000,6099,-0.3132919,-0.22319803,4.0,B094MKQMZR
pca,10000,6100,-0.044448532,-0.08377933,5.0,B082T8JN5K
pca,10000,6101,0.08326713,0.030240899,4.0,B07H5F2SSX
pca,10000,6102,-0.14684209,0.029992467,3.0,B0BF8WV66H
pca,10000,6103,-0.03393801,0.16256148,4.0,B097M9MNLD
pca,10000,6104,-0.3904413,-0.16569874,4.0,B08BDM3ZJJ
pca,10000,6105,-0.32821658,-0.27691093,4.0,B0BKV47TKY
pca,10000,6106,-0.31148466,-0.1165472,5.0,B07SFXCF1N
pca,10000,6107,-0.24932587,0.3997339,4.0,B07WQ43G4G
pca,10000,6108,-0.06412151,-0.28711972,5.0,B08XXNDWPG
pca,10000,6109,-0.17141671,0.14497502,4.0,B07BMX18JN
pca,10000,6110,-0.07598204,-0.18415983,5.0,B07JWFWDTZ
pca,10000,6111,-0.09745993,0.41206676,4.0,B07DB645LG
pca,10000,6112,-0.12167011,-0.09678184,3.0,B0B5TMT9Y5
pca,10000,6113,-0.213931,-0.022257835,3.0,B07DDDLQZV
pca,10000,6114,-0.332641,0.2615376,5.0,B086TRKJMP
pca,10000,6115,-0.1637153,-0.06811215,3.0,B07B9S451G
pca,10000,6116,-0.10734649,0.14216545,5.0,B07JHTVHM8
pca,10000,6117,-0.13829619,-0.07275927,5.0,B0BXSXFLQ5
pca,10000,6118,-0.07782065,0.054020427,4.0,B0B79D1NQ6
pca,10000,6119,-0.29184908,-0.031967103,4.0,B0BH5LNYKV
pca,10000,6120,-0.08114,0.103422396,4.0,B09LQ6T5WP
pca,10000,6121,-0.1285147,0.31633174,4.0,B073CVH3SX
pca,10000,6122,-0.01652554,-0.047126368,5.0,B087XYQFJ6
pca,10000,6123,0.07976836,-0.17231187,5.0,B0106N5OOW
pca,10000,6124,-0.2899379,0.0539046,5.0,B07CWF332K
pca,10000,6125,-0.15377918,0.18730573,4.0,B08Y929JZN
pca,10000,6126,-0.11091763,0.025479207,3.0,B07F6ZFRBG
pca,10000,6127,-0.16441986,-0.07619708,3.0,B07T2451BH
pca,10000,6128,-0.023593001,-0.38413554,4.0,B07FVR4ZSG
pca,10000,6129,-0.052170873,0.02354307,5.0,B07DKMJ61N
pca,10000,6130,-0.4299705,-0.11908482,4.0,B07GZM4B3S
pca,10000,6131,-0.07741433,-0.23792304,4.0,B00ZVJ9L3C
pca,10000,6132,-0.029524237,0.018520903,3.0,B0727YR476
pca,10000,6133,-0.46928054,0.13602905,4.0,B07G7VT8KQ
pca,10000,6134,-0.12413943,-0.04720263,4.0,B07BL8BRPX
pca,10000,6135,-0.23917753,0.41331938,4.0,B079RMP2HC
pca,10000,6136,-0.34777072,-0.07726881,3.0,B079MSMRDF
pca,10000,6137,-0.24980357,0.2440925,4.0,B07QDNWC7X
pca,10000,6138,-0.23583755,-0.2411015,3.0,B0778PCW73
pca,10000,6139,-0.18267114,-0.16122912,5.0,B07S5LZ1SQ
pca,10000,6140,-0.114605814,-0.31543052,5.0,B01GCGKDN4
pca,10000,6141,-0.011627955,-0.09333851,4.0,B071XY12YY
pca,10000,6142,-0.18696731,0.07015683,5.0,B075S49D36
pca,10000,6143,-0.17448995,0.26355988,4.0,B075MCMSX5
pca,10000,6144,-0.31858766,-0.26582247,5.0,B076WTK9T8
pca,10000,6145,-0.13754931,0.06576242,3.0,B01MYWX7AM
pca,10000,6146,-0.20182718,0.1859517,4.0,B077F12V6M
pca,10000,6147,-0.19562812,0.11093121,3.0,B072MH9TC3
pca,10000,6148,-0.4475804,0.01147777,4.0,B07PXGDCZJ
pca,10000,6149,-0.31804547,-0.10969707,4.0,B06XSJV5B9
pca,10000,6150,-0.41158867,-0.097036704,4.0,B07CX3MDNY
pca,10000,6151,-0.27634394,-0.16604279,2.0,B01M59LIIZ
pca,10000,6152,-0.21406285,-0.15733182,5.0,B01DNYM78W
pca,10000,6153,-0.10076122,-0.2060446,4.0,B01KICHFQQ
pca,10000,6154,-0.16373931,0.05090934,5.0,B0813GD741
pca,10000,6155,-0.2291503,0.010887597,5.0,B073FRWK8J
pca,10000,6156,-0.32142085,-0.08277007,4.0,B01CEAYWZW
pca,10000,6157,-0.070372805,0.19023523,4.0,B01E6VT9L4
pca,10000,6158,-0.024210002,-0.049321786,4.0,B018791G9O
pca,10000,6159,-0.09585467,0.019409893,4.0,B019IBD440
pca,10000,6160,-0.069177814,0.00043164752,4.0,B00E91EGDS
pca,10000,6161,0.040467985,-0.21297364,5.0,B00PN377C8
pca,10000,6162,-0.3504593,-0.21784136,3.0,B00JV0NSU4
pca,10000,6163,-0.23009126,-0.072215274,5.0,B00IYOCBMO
pca,10000,6164,-0.24560168,0.31754574,4.0,B00EOLNYXQ
pca,10000,6165,-0.1662687,-0.032473058,5.0,B00COEBCXY
pca,10000,6166,-0.12735704,-0.2740544,5.0,B00E98O7GC
pca,10000,6167,-0.23866346,-0.22010493,4.0,B00CMYHMT4
pca,10000,6168,-0.2642129,-0.027289927,5.0,B00DJ375Y4
pca,10000,6169,-0.2728606,-0.36290416,4.0,B00BD7UXXS
pca,10000,6170,-0.13184819,0.15458742,5.0,B014HX74TA
pca,10000,6171,-0.07838802,0.033082202,3.0,B008DDPL4G
pca,10000,6172,-0.3275995,-0.07091357,5.0,B003ATZBWA
pca,10000,6173,-0.23878178,0.030572949,4.0,B004M8SSZU
pca,10000,6174,-0.37116122,-0.04415094,2.0,B005MR6CMG
pca,10000,6175,-0.24457863,-0.35025826,4.0,B0058D8D3K
pca,10000,6176,-0.20607585,-0.036727287,5.0,B005DKZP7A
pca,10000,6177,-0.14052348,0.20661123,4.0,B003N2POVW
pca,10000,6178,-0.317468,-0.26842418,4.0,B002VS4V0Y
pca,10000,6179,-0.11407213,0.15247536,5.0,B00387EW1K
pca,10000,6180,-0.16173899,-0.022743817,5.0,B002MMY4WY
pca,10000,6181,-0.14685842,0.035712756,5.0,B002B4P788
pca,10000,6182,0.1965312,0.04082931,5.0,B09HRD9X5P
pca,10000,6183,0.11450388,-0.24561965,5.0,B076D1NHDT
pca,10000,6184,0.091222025,0.35414153,5.0,B081948XYF
pca,10000,6185,0.10782682,-0.043285903,3.0,B00000J1QR
pca,10000,6186,0.18743113,-0.019959688,5.0,B01K8B8YA8
pca,10000,6187,0.0458168,-0.21367598,2.0,B09ZTC6LGP
pca,10000,6188,-0.033193223,0.25102127,5.0,B01DCXE2JQ
pca,10000,6189,-0.011006054,-0.16887759,1.0,B00AWKC0JM
pca,10000,6190,0.3520385,0.07882691,5.0,B0754PQT43
pca,10000,6191,-0.12633735,0.34583429,5.0,B0BQRGJJ4Y
pca,10000,6192,-0.037241235,0.051750034,5.0,B089F9YDFC
pca,10000,6193,0.19964784,-0.16491517,5.0,B008H0QXT2
pca,10000,6194,0.14200675,-0.23415437,4.0,B0CCRNKX6X
pca,10000,6195,0.022696452,0.24138212,5.0,B08YMVB98D
pca,10000,6196,-0.031232249,0.08478542,5.0,B07FZ6DBT7
pca,10000,6197,-0.024119489,0.32640463,5.0,B00WFJ1B48
pca,10000,6198,0.043695077,-0.26909143,3.0,B073Q3H3JP
pca,10000,6199,0.11932592,-0.18330885,3.0,B00CMVW2RO
pca,10000,6200,-0.07545848,0.0075007323,5.0,B016QU7PAK
pca,10000,6201,-0.014083065,0.042834982,5.0,B00K15LQZM
pca,10000,6202,-0.32567656,-0.16590239,3.0,B07V2DMFM6
pca,10000,6203,-0.07063498,0.16435276,5.0,B08FCCSQ7V
pca,10000,6204,0.006369138,-0.19802082,5.0,B06VVWRMNP
pca,10000,6205,-0.25779188,-0.042957686,5.0,B071W6B7M7
pca,10000,6206,0.25580305,-0.25054142,5.0,B00JLBIQ8W
pca,10000,6207,-0.13475317,-0.042624503,5.0,B0C5MCSLKZ
pca,10000,6208,-0.31934604,-0.15443619,5.0,B08C6KBWPV
pca,10000,6209,-0.27600193,0.0766844,5.0,B092C37YFP
pca,10000,6210,-0.10321264,-0.49134007,5.0,B08WJSHSLC
pca,10000,6211,-0.33111048,-0.0920332,5.0,B09RZDNN93
pca,10000,6212,-0.24618351,-0.13179664,5.0,B07NHVWP31
pca,10000,6213,-0.1278252,-0.33372423,5.0,B07GZFM1ZM
pca,10000,6214,-0.16655238,0.15881069,5.0,B0B6D4W3R7
pca,10000,6215,7.42767e-05,-0.03995979,5.0,B089PMMT1X
pca,10000,6216,-0.14072545,0.2522051,5.0,B01J1GJC5M
pca,10000,6217,0.12650995,-0.054810815,5.0,B00G8MMQI8
pca,10000,6218,-0.17827187,0.037521616,5.0,B00E9W1ULS
pca,10000,6219,-0.090152174,0.17083035,5.0,B00MWHQZX0
pca,10000,6220,-0.2780045,0.28853318,5.0,B019WHZE70
pca,10000,6221,-0.26659542,-0.08686695,5.0,B00ZVJAF9G
pca,10000,6222,0.48402098,-0.16800426,5.0,B0B75PV61F
pca,10000,6223,0.40365583,-0.14458935,5.0,B005JZMGM6
pca,10000,6224,-0.09614326,-0.13881806,5.0,B0BNV9818Q
pca,10000,6225,0.13219747,0.019792052,3.0,B0C338S8M7
pca,10000,6226,0.10017362,0.3360408,5.0,B09J56DGWJ
pca,10000,6227,0.08972739,-0.026143689,5.0,B0756HHHL2
pca,10000,6228,-0.06653799,0.0011178274,5.0,B0BW4PFM58
pca,10000,6229,-0.07246228,0.42067665,5.0,B00GA2P746
pca,10000,6230,0.45852882,0.020381792,4.0,B01LD9HKHC
pca,10000,6231,-0.1121915,-0.14151719,1.0,B07S764D9V
pca,10000,6232,0.09055713,0.47463346,4.0,B081J3BB63
pca,10000,6233,0.18936297,-0.07765606,1.0,B09KV12J8N
pca,10000,6234,-0.22092955,-0.10388172,5.0,B07XFBBLT3
pca,10000,6235,0.21140476,0.23096903,5.0,B01FHRL3WE
pca,10000,6236,0.1792282,0.2074985,5.0,B09ZP4G7C8
pca,10000,6237,-0.012843408,0.17241994,1.0,B096RLH6YY
pca,10000,6238,0.21344121,0.09675588,5.0,B0856WDDJB
pca,10000,6239,0.15421964,0.3511612,5.0,B07FY19B4Q
pca,10000,6240,-0.1229323,0.00993727,5.0,B084SPVTKZ
pca,10000,6241,-0.19036356,-0.2752926,5.0,B07R8PR5YZ
pca,10000,6242,0.10063469,0.050253615,5.0,B07VVJM82L
pca,10000,6243,0.07661371,-0.011026903,1.0,B07ZNPPXN6
pca,10000,6244,-0.14218211,0.050735496,5.0,B07SGSXF95
pca,10000,6245,-0.04826679,-0.060627088,5.0,B07PF9PWM3
pca,10000,6246,0.058130108,0.39046913,5.0,B07V5DDC7R
pca,10000,6247,0.026764136,0.014061715,5.0,B07P6DW1RB
pca,10000,6248,0.016498461,-0.27049989,1.0,B017LSIXDE
pca,10000,6249,-0.19398822,-0.15808326,5.0,B00WW8M9D4
pca,10000,6250,-0.21163726,-0.18069239,1.0,B07T99Q9PC
pca,10000,6251,0.21068084,-0.055290148,5.0,B072ML61NW
pca,10000,6252,0.20411228,0.24489722,5.0,B01N44JBS4
pca,10000,6253,0.12775174,0.08760138,5.0,B00C4P6AKS
pca,10000,6254,0.24686114,0.078000344,5.0,B09ZNNX5X5
pca,10000,6255,0.26339877,0.009645883,5.0,B0753G7SJ5
pca,10000,6256,0.06909347,0.31263912,5.0,B06XCNLLMQ
pca,10000,6257,-0.15888876,0.13429907,5.0,B071J21DWK
pca,10000,6258,0.35035366,0.05268438,5.0,B0BL98C1RC
pca,10000,6259,-0.054222137,-0.022721458,2.0,B09PHC5TTW
pca,10000,6260,-0.2593849,-0.20349729,1.0,B089LMWJJB
pca,10000,6261,0.07839298,0.31693125,5.0,B07Z3ZF5NG
pca,10000,6262,0.04093789,0.29912233,5.0,B07VKM5R3G
pca,10000,6263,0.06806671,0.16011967,5.0,B07R7NNPMR
pca,10000,6264,0.0141126355,-0.021078497,1.0,B01KPB7G1E
pca,10000,6265,-0.0644771,-0.17109121,4.0,B07S2ZB67N
pca,10000,6266,-0.1894273,0.3103336,5.0,B07BSVLHYD
pca,10000,6267,-0.069231,0.13596582,4.0,B00U87A5FU
pca,10000,6268,0.0065086912,-0.121485926,5.0,B06XD9T2T5
pca,10000,6269,0.065573856,-0.20582357,4.0,B0778TZKXR
pca,10000,6270,-0.016684078,-0.2567944,4.0,B00KVJ4OI4
pca,10000,6271,0.1437709,-0.059493758,5.0,B0C3HNDTW1
pca,10000,6272,0.11637684,0.24223763,5.0,B0C5PHZ4QS
pca,10000,6273,-0.068910524,-0.03933578,5.0,B07JZCJBNX
pca,10000,6274,-0.061062895,0.06599037,4.0,B075FLJ87G
pca,10000,6275,-0.09890219,0.2725864,2.0,B00E5NOWTS
pca,10000,6276,-0.19806726,0.040532634,3.0,B0052Q4Q5M
pca,10000,6277,-0.2560793,-0.23628472,3.0,B07BYR66X6
pca,10000,6278,-0.22821102,0.2980503,3.0,B00E5NOXM4
pca,10000,6279,-0.32028908,0.039370425,4.0,B0089W5Q1O
pca,10000,6280,-0.23372227,-0.20084676,1.0,B0BXYXD1Q2
pca,10000,6281,-0.034209047,-0.13094236,1.0,B00F2ENYPC
pca,10000,6282,-0.26341307,-0.06490015,1.0,B00483WRZ6
pca,10000,6283,-0.065240785,0.12797259,2.0,B00CYZYKXW
pca,10000,6284,-0.115240976,-0.087747455,3.0,B007JTKLEK
pca,10000,6285,-0.2467728,-0.29842845,2.0,B005PUZO92
pca,10000,6286,-0.07667043,-0.09566749,4.0,B00461DNTO
pca,10000,6287,0.23701769,-0.10925145,1.0,B084H2NHNN
pca,10000,6288,-0.23044366,0.31236544,5.0,B08HRLQNY3
pca,10000,6289,0.5144506,-0.14206803,5.0,B0742N5RFR
pca,10000,6290,-0.013277151,-0.07127479,5.0,B074RYRX52
pca,10000,6291,0.16555312,0.04401374,1.0,B01LXQXUCU
pca,10000,6292,-0.09171725,0.2755753,5.0,B09ND8GVKN
pca,10000,6293,0.1808314,0.051816568,5.0,B07V8KGH65
pca,10000,6294,-0.040864266,-0.05145909,5.0,B073QV3XFQ
pca,10000,6295,-0.06305241,0.16782857,5.0,B07J3MJ33Y
pca,10000,6296,0.09223886,-0.13704215,5.0,B008NCD1OY
pca,10000,6297,-0.0955662,0.02908357,5.0,B01MR3BFVP
pca,10000,6298,-0.11203617,0.304803,5.0,B00EYDTA3W
pca,10000,6299,-0.2657066,0.42228046,5.0,B004QIPH5U
pca,10000,6300,-0.030777019,-0.018728903,5.0,B005HQ5138
pca,10000,6301,0.022269795,-0.094062105,5.0,B00OCBSASM
pca,10000,6302,-0.060860276,0.0073225517,5.0,B0C2VGGZFR
pca,10000,6303,0.021889366,-0.28641886,5.0,B008GVOVK0
pca,10000,6304,-0.3413291,-0.2744303,5.0,B07S764D9V
pca,10000,6305,0.2678595,-0.14327486,1.0,B0BS6KLLT1
pca,10000,6306,-0.21837358,-0.33154806,5.0,B00FOHDK7O
pca,10000,6307,0.16934012,-0.09971438,5.0,B07DLP63DT
pca,10000,6308,-0.0859169,0.02089285,5.0,B008O5112Y
pca,10000,6309,0.18137884,-0.18065818,2.0,B00DK3D2EA
pca,10000,6310,0.001423886,-0.039587606,5.0,B004HFS6Z0
pca,10000,6311,-0.12731075,-0.17541604,5.0,B088XTSGWR
pca,10000,6312,-0.050420955,0.11843293,5.0,B0836H465T
pca,10000,6313,0.060274534,-0.008334499,5.0,B08SQ9XWC4
pca,10000,6314,-0.03044447,-0.3478515,1.0,B07GZFM1ZM
pca,10000,6315,-0.0018633194,0.27426952,5.0,B0777SJZ55
pca,10000,6316,0.3205109,0.15041627,5.0,B004L0JI94
pca,10000,6317,0.5005138,-0.14129098,5.0,B00DC1YO1K
pca,10000,6318,0.15335482,-0.29676148,5.0,B0C1ZSQL2V
pca,10000,6319,0.038725473,-0.20679742,5.0,B079BZQ987
pca,10000,6320,0.5114957,-0.0732761,5.0,B09F8SSSHK
pca,10000,6321,-0.113104925,0.012603058,1.0,B0C3ZV9NNY
pca,10000,6322,0.11183577,0.17723949,5.0,B004YE6XBS
pca,10000,6323,0.20168552,0.17804824,5.0,B075BMG6CT
pca,10000,6324,0.2107899,0.014254799,1.0,B007O5HI7M
pca,10000,6325,0.023090065,0.22798261,4.0,B07X3GQT7V
pca,10000,6326,0.00291273,-0.19017711,4.0,B0BZK3HGPS
pca,10000,6327,-0.12818404,-0.14893591,4.0,B07JZYL38K
pca,10000,6328,0.14072919,0.099091925,4.0,B07VM4W41Q
pca,10000,6329,-0.058827125,-0.18375824,3.0,B09G3CL3Y3
pca,10000,6330,0.14154208,-0.12273094,3.0,B001FWYGJS
pca,10000,6331,0.43764713,0.13669114,4.0,B0066HA1PU
pca,10000,6332,0.31115752,-0.045633696,5.0,B089GP6PHV
pca,10000,6333,0.006043465,0.1263293,5.0,B07DPC98DT
pca,10000,6334,0.088517524,-0.038207132,5.0,B06XW7D58S
pca,10000,6335,0.2900421,0.0021053422,5.0,B01KT301YC
pca,10000,6336,0.1221579,0.0027044825,3.0,B08CN3WR3F
pca,10000,6337,0.12599695,-0.04483507,3.0,B08SW1Y799
pca,10000,6338,0.29087225,-0.07893661,4.0,B0897P3D5B
pca,10000,6339,0.17253113,-0.057427317,1.0,B072HFCC2S
pca,10000,6340,0.29485273,0.05873143,5.0,B00008VIJ4
pca,10000,6341,0.06968026,0.15444672,5.0,B00FJDUPX0
pca,10000,6342,0.20245405,0.015075814,5.0,B00PB76GU0
pca,10000,6343,-0.11799316,-0.059427947,1.0,B09KQC7Z4S
pca,10000,6344,0.19116135,0.1542211,5.0,B09G2QNSLY
pca,10000,6345,-0.15404527,-0.017667387,5.0,B079BWHNQH
pca,10000,6346,0.06747095,0.013059381,5.0,B00N2ZDXW2
pca,10000,6347,0.20756538,0.1817518,4.0,B07GYQDDY3
pca,10000,6348,0.19906586,0.14522466,5.0,B075NCK9BH
pca,10000,6349,-0.13464902,-0.15173486,5.0,B0BNPL25Z9
pca,10000,6350,-0.007951494,0.3682878,5.0,B01J2PSK9G
pca,10000,6351,0.05099627,0.13295361,5.0,B00OQVZDJM
pca,10000,6352,-0.07562575,0.41821456,5.0,B00HZV88TW
pca,10000,6353,0.03394914,-0.26997483,5.0,B0791TX5P5
pca,10000,6354,-0.03437284,-0.39810476,4.0,B07RDFCJSX
pca,10000,6355,-0.13953847,0.38323405,5.0,B07PZ75YCR
pca,10000,6356,0.2978764,-0.050634086,5.0,B00UVSJU4S
pca,10000,6357,0.09112137,0.012026347,5.0,B09XFW1VGL
pca,10000,6358,0.0034897393,-0.2716462,5.0,B07F4P3JH7
pca,10000,6359,0.12197697,-0.34315175,5.0,B075X8471B
pca,10000,6360,0.22429451,0.0996334,5.0,B01A5JRJJK
pca,10000,6361,-0.18659529,0.37110877,5.0,B08GFYXJ5G
pca,10000,6362,-0.23995605,0.36402944,1.0,B094X7HC69
pca,10000,6363,-0.118441135,-0.050936587,5.0,B07WGPTZHR
pca,10000,6364,-0.12427996,-0.062146477,5.0,B0BGS23YKX
pca,10000,6365,0.042010654,-0.026618,5.0,B07LG5WBTS
pca,10000,6366,-0.0845818,0.23528168,5.0,B0B4SWZTZ1
pca,10000,6367,-0.08135847,-0.09902504,5.0,B077X1ZB7H
pca,10000,6368,0.046864748,0.31138727,5.0,B01FAR9OQI
pca,10000,6369,-0.15715332,0.15970121,5.0,B0BGDQG1NB
pca,10000,6370,0.13604805,-0.25943762,4.0,B07RPB2LC2
pca,10000,6371,0.2626595,-0.08469787,5.0,B012Q066SG
pca,10000,6372,-0.023342807,0.25269055,4.0,B01594Q35W
pca,10000,6373,0.108548336,0.19064517,2.0,B07DLGVJMQ
pca,10000,6374,0.23821998,0.1445846,5.0,B094XJT82N
pca,10000,6375,0.54398817,-0.13984656,5.0,B0B5HVBK4L
pca,10000,6376,0.24789114,-0.19432741,5.0,B0BV93KQZR
pca,10000,6377,0.54398817,-0.13984656,5.0,B01LPR3TPO
pca,10000,6378,0.15020196,-0.026092846,5.0,B082WNC4NK
pca,10000,6379,-0.024002362,-0.11842328,5.0,B0948F131R
pca,10000,6380,0.54398817,-0.13984656,5.0,B079BQSPDZ
pca,10000,6381,0.13438538,0.27584925,5.0,B08XQC6DFY
pca,10000,6382,-0.105976336,-0.15853177,5.0,B07G2D2YLR
pca,10000,6383,0.020378776,-0.034968115,5.0,B097K3MMWF
pca,10000,6384,0.040507287,0.005433347,5.0,B07X8CFT5C
pca,10000,6385,0.41714048,0.005888259,5.0,B07NZ2QFBC
pca,10000,6386,-0.0016114935,0.23150073,5.0,B0C4GLY4S2
pca,10000,6387,0.45278287,0.11610954,5.0,B092QG9RW5
pca,10000,6388,-0.016037043,0.22153513,5.0,B0C1GFZ8Z3
pca,10000,6389,-0.0035834964,0.18408571,5.0,B089FWTFNX
pca,10000,6390,0.07181676,0.21213509,5.0,B07S3259MB
pca,10000,6391,0.22301166,0.101842895,5.0,B08RXCLS3D
pca,10000,6392,0.35976842,-0.01656494,5.0,B0C6F2ZQ1X
pca,10000,6393,0.10167275,0.03139194,5.0,B0BXDDY8TX
pca,10000,6394,0.3095774,-0.069668196,5.0,B0BTVN2YTV
pca,10000,6395,-0.08876212,-0.24491687,5.0,B01DN7NZPI
pca,10000,6396,0.0324717,0.028978227,5.0,B0BL699P9K
pca,10000,6397,-0.10921107,-0.030742586,5.0,B071CLKMRT
pca,10000,6398,0.13771507,0.1218598,5.0,B007G5NNOW
pca,10000,6399,0.05000863,0.10396497,5.0,B0CFWKNNJK
pca,10000,6400,0.16247346,0.059894398,5.0,B08QVJNJBJ
pca,10000,6401,0.18886895,-0.1271827,5.0,B0BSMGWD3Z
pca,10000,6402,0.54398817,-0.13984656,5.0,B0C6LKF6T3
pca,10000,6403,0.3262239,-0.05893618,5.0,B0C2VZS9YP
pca,10000,6404,0.19679897,0.12423899,5.0,B0871ZF33N
pca,10000,6405,0.1668789,0.0061162915,5.0,B08DKD8RNG
pca,10000,6406,0.13435388,0.18328352,5.0,B0C99B47P2
pca,10000,6407,0.30770406,0.026574204,5.0,B09N42GVF7
pca,10000,6408,0.18750533,0.090046175,5.0,B078NNDXTG
pca,10000,6409,0.22023132,0.13017657,5.0,B0BMQJYLQV
pca,10000,6410,0.1085785,-0.016718272,5.0,B0CCBVT73Z
pca,10000,6411,-0.06360434,0.07196704,5.0,B07H8PKR21
pca,10000,6412,0.16946547,0.028578399,5.0,B089ZSGXX3
pca,10000,6413,0.030592598,-0.0063583944,2.0,B092K1Z84G
pca,10000,6414,-0.16197363,0.06396744,5.0,B06Y5HFTMY
pca,10000,6415,0.5327408,0.05774656,5.0,B01MTDB1GJ
pca,10000,6416,0.0675395,-0.075892136,5.0,B0C1NTC6M1
pca,10000,6417,0.24922417,-0.06277376,5.0,B0BQ5JTZ89
pca,10000,6418,0.19872779,0.084067434,5.0,B09M3BZYVP
pca,10000,6419,0.17648666,-0.1941549,5.0,B07V3FWFQG
pca,10000,6420,0.3964642,0.10620109,5.0,B07JHDJ11B
pca,10000,6421,0.029929169,0.061674304,5.0,B0B2D3YB5N
pca,10000,6422,0.047643878,0.11095211,5.0,B0BSMH71XL
pca,10000,6423,-0.17336266,-0.17060277,5.0,B07CZ6DCZ7
pca,10000,6424,0.1976532,0.10231991,5.0,B07BDR5PDW
pca,10000,6425,0.27482197,0.1197981,5.0,B071HVYGNJ
pca,10000,6426,0.37381586,-0.012179178,5.0,B01N22LFPL
pca,10000,6427,0.38482353,-0.14990176,5.0,B07N1RYQ5Y
pca,10000,6428,-0.001122091,-0.33496732,5.0,B01MG4DIDO
pca,10000,6429,-0.0068629533,-0.23302802,5.0,B0BHZ1GDVT
pca,10000,6430,-0.04333788,-0.14133412,5.0,B0BN74ZJDK
pca,10000,6431,0.25133926,0.12343419,5.0,B01N58WYS7
pca,10000,6432,0.54398817,-0.13984656,5.0,B0BGCDYQQY
pca,10000,6433,0.20204073,-0.14828396,5.0,B0B3SS4533
pca,10000,6434,0.4686701,0.07588428,5.0,B07GVWH35S
pca,10000,6435,0.2978342,0.050080746,5.0,B07BFTKJQN
pca,10000,6436,-0.009537073,0.21798687,5.0,B09ST61M6Y
pca,10000,6437,0.2010782,-0.116613,5.0,B0735BP1K4
pca,10000,6438,0.16523615,0.016526323,5.0,B07L9125V8
pca,10000,6439,-0.093422815,-0.25118077,5.0,B07S7D2HWZ
pca,10000,6440,-0.05561407,-0.060125038,5.0,B071R715MZ
pca,10000,6441,0.0022986587,0.13836332,5.0,B07V7WRCCR
pca,10000,6442,0.08916626,0.23008657,5.0,B0BBMN8HMM
pca,10000,6443,0.27482197,0.1197981,5.0,B076WXJPQ1
pca,10000,6444,-0.0056295265,0.033466972,5.0,B073W74WR8
pca,10000,6445,0.37646595,0.08835603,5.0,B07GKNV5DC
pca,10000,6446,0.12331045,-0.29489416,5.0,B01D5RGZBC
pca,10000,6447,0.2439905,0.23825473,5.0,B01G4T07IK
pca,10000,6448,0.3166454,0.103506394,5.0,B076VKZQ67
pca,10000,6449,0.23942293,0.2060007,5.0,B0BDWN4RHW
pca,10000,6450,-0.122959375,-0.23867178,5.0,B0B28D16NX
pca,10000,6451,0.065676734,0.030232461,5.0,B01EMQ00UM
pca,10000,6452,0.21005057,-0.18142866,5.0,B01FN9QT34
pca,10000,6453,0.30885276,-0.06461432,5.0,B07ZHY844C
pca,10000,6454,0.24735503,0.2504357,5.0,B07Z9J861F
pca,10000,6455,0.30885276,-0.06461432,5.0,B003TZM6AK
pca,10000,6456,0.30885276,-0.06461432,5.0,B0BGNG1294
pca,10000,6457,0.30885276,-0.06461432,5.0,B0BHWQ3H17
pca,10000,6458,0.36566302,0.08223964,5.0,B07WFQHWC6
pca,10000,6459,0.30885276,-0.06461432,5.0,B0BKLGCC9S
pca,10000,6460,0.54398817,-0.13984656,5.0,B0713RRZMB
pca,10000,6461,0.15205517,0.23395878,5.0,B076MYJ3JF
pca,10000,6462,0.30885276,-0.06461432,5.0,B07VFBX16H
pca,10000,6463,0.4686701,0.07588428,5.0,B0BMQJYLQV
pca,10000,6464,0.28809744,-0.017414339,5.0,B0997YZWNG
pca,10000,6465,0.23008047,0.08130307,5.0,B09N42GVF7
pca,10000,6466,0.09435204,0.15575528,5.0,B078MWHS6H
pca,10000,6467,0.11344228,-0.100178234,5.0,B0BNQ8W8W3
pca,10000,6468,0.29403242,-0.19052462,5.0,B01N1U2GL2
pca,10000,6469,0.30885276,-0.06461432,5.0,B0BSFNSN8H
pca,10000,6470,0.12282182,0.037212998,5.0,B098VHF5X1
pca,10000,6471,0.31638986,-0.007313001,5.0,B0754QFYN3
pca,10000,6472,0.15508583,-0.073062256,5.0,B07MC2ZSNY
pca,10000,6473,0.045032732,-0.0985023,5.0,B01EFPX9XA
pca,10000,6474,0.30089566,0.030753573,5.0,B001QLFNCC
pca,10000,6475,0.06630312,-0.05868981,5.0,B06XYS6ZX3
pca,10000,6476,0.54398817,-0.13984656,5.0,B06XHY5VXF
pca,10000,6477,0.19528694,0.2729994,5.0,B00T38OHQ8
pca,10000,6478,0.14457199,0.20200087,5.0,B0C6FJFRJG
pca,10000,6479,-0.023228128,0.020282088,5.0,B01J54NLOI
pca,10000,6480,-0.20886293,0.014593031,5.0,B01A5D5XF8
pca,10000,6481,0.11925359,-0.12812093,5.0,B071X8NZF8
pca,10000,6482,0.14212793,0.16358913,4.0,B01LWLK5CS
pca,10000,6483,0.4686701,0.07588428,5.0,B07CM82N2N
pca,10000,6484,0.19379577,0.030723115,5.0,B0BHFGL8H8
pca,10000,6485,0.28628474,0.099129535,5.0,B00L1UEZS6
pca,10000,6486,0.30770406,0.026574204,5.0,B07GF2ZR8G
pca,10000,6487,0.29356864,0.09872631,5.0,B01E3QM34W
pca,10000,6488,0.27544695,-0.18756059,5.0,B07DK988T5
pca,10000,6489,0.30364114,0.070007086,5.0,B091BD9T1Z
pca,10000,6490,-0.0016998556,0.20386598,5.0,B005972X3Q
pca,10000,6491,-0.017481,0.13164803,4.0,B004ZKXXAK
pca,10000,6492,-0.050770573,-0.1577622,5.0,B00CX5P8FC
pca,10000,6493,-0.13933793,0.43850958,4.0,B01HHURN3W
pca,10000,6494,0.018180776,-0.2721244,5.0,B0029U2XH2
pca,10000,6495,-0.15318304,0.46174362,5.0,B01D9LJ0YI
pca,10000,6496,0.02018893,0.094020024,3.0,B01DBT9XB8
pca,10000,6497,-0.10744125,0.4482477,5.0,B01D1NUDJK
pca,10000,6498,-0.105035834,0.19632095,5.0,B008AT6YGM
pca,10000,6499,-0.012734262,-0.06382819,5.0,B000WYVBR0
pca,10000,6500,-0.07318164,-0.047313966,5.0,B002R0JJYE
pca,10000,6501,-0.18827628,-0.1895894,5.0,B0002Z45DQ
pca,10000,6502,-0.12112956,-0.21258976,5.0,B001U3YK52
pca,10000,6503,-0.09761988,-0.045512065,1.0,B000XVM22U
pca,10000,6504,-0.24986607,-0.12644781,5.0,B000P6H7Y6
pca,10000,6505,-0.4208003,-0.22836056,2.0,B00UWV8JLY
pca,10000,6506,0.06935748,-0.1985902,5.0,B000RO7G6A
pca,10000,6507,-0.09440741,-0.24620928,5.0,B000PNPCH8
pca,10000,6508,-0.033360053,-0.3067946,4.0,B0BVBFPD2X
pca,10000,6509,0.261079,-0.23383906,3.0,B07DZTPQBX
pca,10000,6510,0.21816283,0.07405135,5.0,B09XMHMQ6B
pca,10000,6511,0.10085484,-0.09643899,5.0,B0B5153M52
pca,10000,6512,0.059576634,-0.30907136,5.0,B087JF29BN
pca,10000,6513,0.1871681,0.08430424,4.0,B0BW4PFM58
pca,10000,6514,0.19188657,-0.07977562,4.0,B01LYECH38
pca,10000,6515,-0.0026473068,-0.19739264,4.0,B075JZNHTD
pca,10000,6516,0.077992246,0.11387523,4.0,B000067REN
pca,10000,6517,0.037646607,-0.009806231,5.0,B09VDHXD8V
pca,10000,6518,0.04411573,-0.08837536,5.0,B09Y4HCRLM
pca,10000,6519,-0.2120048,-0.22500649,1.0,B005C841OG
pca,10000,6520,0.0119426465,0.14034317,4.0,B0166DXRJK
pca,10000,6521,-0.13426055,-0.057254367,4.0,B07GPGVYGX
pca,10000,6522,-0.1895825,-0.21336468,5.0,B09VC5JFQQ
pca,10000,6523,0.07448617,0.22697118,5.0,B0BV2RGLX1
pca,10000,6524,0.13168463,0.115690194,5.0,B0B1X7RC1B
pca,10000,6525,-0.08440741,0.11296523,2.0,B0742N15FW
pca,10000,6526,-0.036086377,-0.20430318,5.0,B09SGVQTCB
pca,10000,6527,0.07295628,0.32450017,5.0,B09S6D9JVV
pca,10000,6528,-0.04115457,-0.2945332,5.0,B09NL2ZWKQ
pca,10000,6529,-0.0009958148,0.07861394,5.0,B09LCFZZD3
pca,10000,6530,-0.07247557,-0.03292995,3.0,B07LG5WBTS
pca,10000,6531,-0.10398003,-0.097583964,5.0,B0054JE706
pca,10000,6532,-0.023302913,-0.13102712,5.0,B0B3GNJS9L
pca,10000,6533,-0.017808653,0.14390826,5.0,B0B9625KDT
pca,10000,6534,-0.20763682,0.21922922,4.0,B07F6SN2B6
pca,10000,6535,-0.110059544,-0.16112147,5.0,B0991ZHK6P
pca,10000,6536,0.1009977,-0.08437819,5.0,B091PRCJ5Y
pca,10000,6537,-0.15011784,0.32207522,5.0,B08LFYM64C
pca,10000,6538,-0.007556768,-0.11040093,5.0,B08QZTSJMM
pca,10000,6539,-0.19824837,-0.14567488,5.0,B0BQYQW5FM
pca,10000,6540,-0.18450567,-0.20896898,5.0,B0B2K31HVM
pca,10000,6541,0.05590774,-0.21609272,5.0,B0C3KKZHBC
pca,10000,6542,-0.11656584,-0.18342344,5.0,B07G8N3PP1
pca,10000,6543,-0.2425617,-0.18213002,5.0,B08KP8H1KW
pca,10000,6544,0.031020746,-0.24459825,5.0,B08NP226CF
pca,10000,6545,-0.04375508,-0.17913882,5.0,B0B7HM1NQF
pca,10000,6546,-0.10172382,-0.23775423,4.0,B08DMXDPW5
pca,10000,6547,-0.24243954,-0.24816558,5.0,B08JVBMDY4
pca,10000,6548,-0.15282932,0.14438838,5.0,B0B4DCFYF9
pca,10000,6549,-0.085720524,-0.09525918,5.0,B08593Y8S9
pca,10000,6550,-0.0733461,-0.01118239,4.0,B0C4CBWNMK
pca,10000,6551,-0.07366968,-0.083060384,5.0,B0C3ZV9NNY
pca,10000,6552,-0.04308668,0.16718434,5.0,B0875QK1PN
pca,10000,6553,0.09290209,-0.009905977,5.0,B096K4MF5V
pca,10000,6554,0.003328167,-0.08971943,5.0,B07Y81J93G
pca,10000,6555,-0.037908867,0.38572952,5.0,B0788GR6PT
pca,10000,6556,-0.040416703,-0.26297596,5.0,B0BYRZKDQ9
pca,10000,6557,-0.016238958,-0.023503339,5.0,B0C1B8VYNY
pca,10000,6558,0.0031164158,-0.036287535,4.0,B07WGNY5S1
pca,10000,6559,-0.2048712,-0.22342354,5.0,B0B6PKJD93
pca,10000,6560,-0.19510019,-0.085988835,5.0,B07W6THQQZ
pca,10000,6561,-0.13817216,-0.108586736,5.0,B087986YPY
pca,10000,6562,-0.08544456,-0.31856048,4.0,B07H65KP63
pca,10000,6563,-0.22546808,-0.07784851,5.0,B08Y961HLL
pca,10000,6564,-0.08654156,-0.2728191,5.0,B07WSB9QGD
pca,10000,6565,-0.1544925,-0.275227,5.0,B09F3RBZB6
pca,10000,6566,-0.14444251,-0.017721208,2.0,B07P1KFDVS
pca,10000,6567,0.06410287,-0.33770218,5.0,B09J2LT45L
pca,10000,6568,-0.01542579,0.09846396,5.0,B07WZCJLHF
pca,10000,6569,-0.00961387,0.12696373,5.0,B07QP1JGRF
pca,10000,6570,-0.21027055,-0.122938536,4.0,B00E1XGKLK
pca,10000,6571,0.12103454,0.16247703,5.0,B08XQJYK1L
pca,10000,6572,-0.09057211,0.31563216,5.0,B0742LGP6C
pca,10000,6573,-0.07209783,0.01519642,5.0,B07WV9FDD2
pca,10000,6574,-0.20512803,-0.12095626,5.0,B0BRKGSJKH
pca,10000,6575,-0.23710987,-0.21728753,5.0,B07VM6NPKV
pca,10000,6576,-0.1293961,-0.11638765,5.0,B0BB6TYK7V
pca,10000,6577,0.10185972,0.13566,3.0,B0792513F4
pca,10000,6578,-0.0372413,0.10059921,5.0,B07SNDF84W
pca,10000,6579,-0.016099326,-0.028646186,5.0,B07VY21RSF
pca,10000,6580,-0.06691288,0.19496611,5.0,B071R715MZ
pca,10000,6581,0.16984393,-0.0029022098,5.0,B07SL4Z4HD
pca,10000,6582,0.025860118,0.13524769,5.0,B07KL16YXB
pca,10000,6583,-0.3833771,-0.26548767,5.0,B07P5Y2R1R
pca,10000,6584,-0.24851379,-0.049481057,5.0,B07JLGNDWF
pca,10000,6585,-0.28362298,0.012925241,5.0,B07GB4ZD16
pca,10000,6586,-0.10809375,-0.20205379,5.0,B07F1F7T7V
pca,10000,6587,-0.07015868,-0.16039562,5.0,B09HCFHR8C
pca,10000,6588,-0.0067383293,-0.21648218,5.0,B07DGGJZN2
pca,10000,6589,-0.13435,-0.20250203,5.0,B07JKG8V4Q
pca,10000,6590,-0.15298507,-0.0019692658,4.0,B073JWXGNT
pca,10000,6591,-0.0012028273,0.02464735,3.0,B0B636J9N2
pca,10000,6592,-0.07149736,0.014933016,5.0,B09D7NN6YZ
pca,10000,6593,-0.17282459,-0.1124805,5.0,B084RT6GF7
pca,10000,6594,0.10499688,-0.12693417,4.0,B07SXS4SLR
pca,10000,6595,0.02202312,-0.2539161,1.0,B09K7JMBYK
pca,10000,6596,0.10786866,0.19176495,5.0,B01MQVXPSU
pca,10000,6597,-0.006621266,0.10699212,5.0,B08BLSF473
pca,10000,6598,-0.005118655,-0.17802721,1.0,B00FQEUD4I
pca,10000,6599,-0.10638314,0.33503053,3.0,B00K0QLI6Y
pca,10000,6600,-0.03330021,-0.24988455,3.0,B000W8UIZW
pca,10000,6601,0.08212965,-0.39750764,3.0,B0071O4ETQ
pca,10000,6602,-0.017078433,0.15648112,5.0,B07R2N71B8
pca,10000,6603,-0.11283597,-0.13201386,5.0,B00BVKH1L4
pca,10000,6604,-0.32332352,0.03826689,5.0,B004O0UGRO
pca,10000,6605,-0.041706055,-0.046495482,5.0,B001CQT0X4
pca,10000,6606,-0.19356197,-0.2288718,5.0,B002WBX9C6
pca,10000,6607,0.04676313,-0.34538284,1.0,B0038JECKY
pca,10000,6608,-0.19450946,0.4582944,5.0,B0040RT4S8
pca,10000,6609,0.12846097,-0.22960705,3.0,B07VTK654B
pca,10000,6610,0.036935523,0.15289776,5.0,B07456BG8N
pca,10000,6611,-0.1086759,0.4331344,5.0,B06XSGYL1Q
pca,10000,6612,0.35570726,-0.12995091,5.0,B01KBEOL5E
pca,10000,6613,-0.24776751,0.10223327,4.0,B00WET4CA4
pca,10000,6614,0.19051017,0.0073283967,3.0,B0C2V2XLWP
pca,10000,6615,0.30331483,0.020549005,1.0,B07Q38SCGL
pca,10000,6616,0.21215257,-0.011998723,5.0,B07KTYJ769
pca,10000,6617,0.11076971,-0.012674919,1.0,B093CK9JZ6
pca,10000,6618,0.040243328,-0.34064147,4.0,B06XWD7457
pca,10000,6619,-0.09362173,0.04363755,5.0,B08FX6FB1S
pca,10000,6620,-0.0441842,0.21799447,5.0,B07K9KQC1F
pca,10000,6621,0.1908177,-0.05552406,5.0,B00PUBDKR4
pca,10000,6622,0.5005138,-0.14129098,4.0,B00FG7N3F6
pca,10000,6623,-0.3770914,0.30798742,5.0,B07W65V76B
pca,10000,6624,-0.108913705,0.20407511,1.0,B075LX7S6B
pca,10000,6625,-0.14483114,0.034778446,3.0,B01MTF2Z37
pca,10000,6626,-0.20488454,-0.23262823,1.0,B01GAF5EIQ
pca,10000,6627,-0.16274132,-0.0365685,5.0,B07K4ZZJCV
pca,10000,6628,-0.17611817,0.1479123,5.0,B00825BZUY
pca,10000,6629,-0.13598123,0.14739,5.0,B008682C9U
pca,10000,6630,0.07011742,0.22983828,5.0,B09XFW1VGL
pca,10000,6631,-0.03794293,-0.08185681,5.0,B07DQCDY9M
pca,10000,6632,-0.009419806,-0.24234813,5.0,B09HJMC3T3
pca,10000,6633,-0.10705766,0.1251266,5.0,B07N8VFFNS
pca,10000,6634,0.076688655,0.19985168,5.0,B07P374FF3
pca,10000,6635,0.47275335,0.1005816,5.0,B07L5L1M23
pca,10000,6636,0.20178573,0.18588458,5.0,B01MTF2Z37
pca,10000,6637,0.0035053408,-0.17071001,5.0,B0186E64EC
pca,10000,6638,-0.0639633,-0.28713846,5.0,B01ASWH5KW
pca,10000,6639,0.07230438,-0.43861818,5.0,B017JEF126
pca,10000,6640,0.012684781,-0.37487635,4.0,B01K8B8YA8
pca,10000,6641,-0.071644455,0.22441277,5.0,B01BDX9Q6Q
pca,10000,6642,-0.17658973,-0.020008612,4.0,B010BWYDYA
pca,10000,6643,-0.09548779,-0.08870399,4.0,B005BSKKGU
pca,10000,6644,-0.201377,0.041560255,4.0,B01580BPU0
pca,10000,6645,-0.0072264634,-0.31172502,5.0,B09H62C3T4
pca,10000,6646,-0.08067085,-0.23857555,2.0,B0C4Y7WNT4
pca,10000,6647,0.07735743,-0.3124154,1.0,B0B8W72ZG6
pca,10000,6648,0.04770045,-0.3865267,1.0,B089M9S2PW
pca,10000,6649,0.05639476,0.21445224,1.0,B0BN7GFQR2
pca,10000,6650,-0.044011988,-0.0483621,2.0,B07FCHTPJ4
pca,10000,6651,0.105173804,-0.24007256,1.0,B07FRHLLSC
pca,10000,6652,0.18652298,-0.11601743,5.0,B01FH8V422
pca,10000,6653,0.123987354,-0.011818771,2.0,0544005031
pca,10000,6654,-0.26720414,-0.023973461,5.0,B08XPWDSWW
pca,10000,6655,-0.1870003,0.41371626,5.0,B01AFSD4ZY
pca,10000,6656,-0.001010796,-0.17279439,5.0,B07456BG8N
pca,10000,6657,0.05147179,-0.056687362,5.0,B072C4KCQH
pca,10000,6658,-0.030424599,0.032859437,5.0,B08XNCHTCY
pca,10000,6659,-0.001147002,-0.21171054,5.0,B08GYSSGG4
pca,10000,6660,0.09064754,-0.06251409,2.0,B000MXWSWI
pca,10000,6661,0.0952021,-0.3344105,5.0,B01CKE0HUG
pca,10000,6662,-0.1916417,0.4463987,5.0,B007T356BO
pca,10000,6663,-0.19625817,0.41694635,5.0,B08HPXBKGR
pca,10000,6664,-0.2402986,0.30181217,4.0,B073P5S7KG
pca,10000,6665,-0.13253826,-0.21494474,5.0,B0BL5YHZPC
pca,10000,6666,-0.0881276,-0.13310939,5.0,B0C2R4513L
pca,10000,6667,-0.18773346,-0.055534154,5.0,B08Y961HLL
pca,10000,6668,0.08186176,-0.1812246,4.0,B01K8B8YA8
pca,10000,6669,-0.001553284,-0.07075013,5.0,B000EVS4YE
pca,10000,6670,0.15184233,-0.04218541,5.0,B0BGNG1294
pca,10000,6671,-0.017931525,-0.18622193,5.0,B0B6D4W3R7
pca,10000,6672,0.17002007,0.05306551,5.0,B0C1FND41H
pca,10000,6673,0.016951533,-0.15662064,5.0,B06XN5KP8G
pca,10000,6674,-0.10987879,0.16763581,5.0,B0841FLXW3
pca,10000,6675,-0.10705158,-0.30851024,5.0,B0BG4NT7KZ
pca,10000,6676,0.13000207,-0.069092624,5.0,B00TOVTZ7K
pca,10000,6677,0.16539451,0.14502919,5.0,B01EZ0ATM4
pca,10000,6678,0.42747423,0.14216134,5.0,B0039BPG1K
pca,10000,6679,0.038479913,-0.2658697,1.0,B07G95FFN3
pca,10000,6680,0.048024602,-0.054255374,5.0,B0829CM79J
pca,10000,6681,-0.25587463,0.10090455,3.0,B003VANO7C
pca,10000,6682,0.056893367,-0.24736929,5.0,B004T0B8O4
pca,10000,6683,0.118158594,-0.0036627883,5.0,B01FV7Z1R8
pca,10000,6684,0.31860498,-0.23761037,5.0,B00N41UTCG
pca,10000,6685,0.01188875,0.239925,5.0,B06VSBV1JM
pca,10000,6686,0.04511798,0.06678922,5.0,B078GM723Q
pca,10000,6687,0.010553559,0.23391585,5.0,B01EWBJ5RQ
pca,10000,6688,-0.021050401,0.04214245,5.0,B004UBNIMC
pca,10000,6689,-0.077338174,0.033704057,5.0,B07N8VLGGV
pca,10000,6690,-0.09797297,-0.16707805,5.0,B075JY867R
pca,10000,6691,0.032154486,-0.23645209,5.0,B0C717RBB5
pca,10000,6692,0.16045357,-0.022753445,5.0,B019MDJURE
pca,10000,6693,-0.15208027,-0.23418976,5.0,B0BW4PFM58
pca,10000,6694,0.043721136,0.069759205,5.0,B0BPMNM5J3
pca,10000,6695,-0.10981822,-0.18235144,3.0,B005BT2KJE
pca,10000,6696,-0.021203198,-0.12816134,2.0,B003UI62AG
pca,10000,6697,0.39029896,0.12871267,5.0,B07ZCVQQ52
pca,10000,6698,0.42292756,0.09741041,4.0,B007SYTQKG
pca,10000,6699,-0.039901692,0.28395835,5.0,B077Y84XBW
pca,10000,6700,-0.16957632,0.046302065,5.0,B0B4W1TMNL
pca,10000,6701,-0.29064378,0.053208284,5.0,B07G3HYDJQ
pca,10000,6702,0.005110005,-0.03560457,5.0,B07GDXCJLM
pca,10000,6703,-0.10531718,-0.087987594,5.0,B01FRWONKI
pca,10000,6704,-0.041203685,0.15795094,5.0,B075ZQ37HX
pca,10000,6705,0.09328321,0.09802431,5.0,B072PZLZ25
pca,10000,6706,-0.04250456,-0.013973661,5.0,B08D72C25X
pca,10000,6707,0.060679182,0.036240436,5.0,B072BQGT4P
pca,10000,6708,-0.034644168,-0.11329323,5.0,B015PRO512
pca,10000,6709,0.057067174,0.07512705,5.0,B00KZP1BUI
pca,10000,6710,0.13801107,-0.13046429,5.0,B0BJGKZKV9
pca,10000,6711,0.0034367247,-0.099955335,5.0,B07WWK9GYJ
pca,10000,6712,0.011323536,-0.33504263,3.0,B06X42H9VZ
pca,10000,6713,-0.1271395,0.25084543,1.0,B00GPAFHIO
pca,10000,6714,-0.02986535,-0.10730318,4.0,B01MQMJFDK
pca,10000,6715,0.060112458,0.0264751,5.0,B08TY4HJ8L
pca,10000,6716,0.12892273,0.04813397,5.0,B07M87MHHD
pca,10000,6717,-0.26851752,-0.32948127,5.0,B001Z0OFBO
pca,10000,6718,-0.015024219,0.18288152,5.0,B0B8GXBY8T
pca,10000,6719,-0.25455022,-0.088149555,5.0,B0BJ6M972Z
pca,10000,6720,-0.21349962,-0.34885338,5.0,B08QHGXRHW
pca,10000,6721,-0.058197014,-0.16651367,5.0,B01A09KCJ4
pca,10000,6722,0.13167563,0.24118462,5.0,B07QC4WTNC
pca,10000,6723,-0.20700458,-0.08497792,5.0,B0BZVGQ1M3
pca,10000,6724,0.096514404,-0.31183785,4.0,B016NUTG5K
pca,10000,6725,0.2135367,0.046360888,4.0,B08XX49Y57
pca,10000,6726,0.3172454,0.009304974,5.0,B08CLNX58K
pca,10000,6727,-0.03525402,0.24913225,5.0,B07QL85PKS
pca,10000,6728,0.5327408,0.05774656,4.0,B017DQXE3I
pca,10000,6729,0.46169704,0.03177412,5.0,B016YVT9IW
pca,10000,6730,0.23636153,-0.13039246,5.0,B01LWPGB6C
pca,10000,6731,0.54398817,-0.13984656,5.0,B0002BESIM
pca,10000,6732,0.14277086,0.10680019,5.0,B07CLBNM1C
pca,10000,6733,0.0734608,-0.2066987,5.0,B01AYH531O
pca,10000,6734,0.45612568,-0.06691222,5.0,B0036WD5OC
pca,10000,6735,-0.20780864,-0.009179318,5.0,B07CPNR79C
pca,10000,6736,0.09945221,0.0144892465,3.0,B08ZF2Z7Y1
pca,10000,6737,0.21546598,-0.25407544,5.0,B097QRSH31
pca,10000,6738,0.07788783,-0.23012474,3.0,B0BW4PFM58
pca,10000,6739,0.007256183,-0.27141342,1.0,B07G2C1N16
pca,10000,6740,-0.023064598,-0.087936,1.0,B00HWML2I8
pca,10000,6741,0.1240852,0.010500269,4.0,B077JFK5YH
pca,10000,6742,0.22968864,0.1566778,5.0,B075X8471B
pca,10000,6743,0.3514136,0.119806774,5.0,B09P4KJSTQ
pca,10000,6744,0.4724785,-0.07716217,5.0,B09BZGJCGD
pca,10000,6745,0.22512764,-0.2012416,2.0,B0079TOG82
pca,10000,6746,-0.10849747,0.032892473,1.0,B07RN5T3W4
pca,10000,6747,0.058983035,0.02048842,5.0,B07NXTYXKK
pca,10000,6748,0.3926449,-0.08496943,5.0,B0000AI0N1
pca,10000,6749,0.12737122,-0.17051108,5.0,B07DN8G654
pca,10000,6750,0.07220427,0.28078195,5.0,B096M4G1H6
pca,10000,6751,0.2214143,-0.20111638,5.0,B07KTYJ769
pca,10000,6752,0.09528334,-0.062576674,5.0,B00Q20H3O8
pca,10000,6753,0.13434304,0.33894584,5.0,B07GK3LQVC
pca,10000,6754,-0.11838566,0.16984299,5.0,B00D38XF6M
pca,10000,6755,-0.08625398,0.37641272,5.0,B01HHUMAYO
pca,10000,6756,0.18144076,-0.24019909,1.0,B07G52NHBZ
pca,10000,6757,0.19986135,-0.06040995,5.0,B000WYVBR0
pca,10000,6758,0.07772866,-0.10377014,5.0,B01B6SJ8HU
pca,10000,6759,0.4019785,-0.04726524,1.0,B01LWRUX6B
pca,10000,6760,0.02336986,-0.0005029198,5.0,B00TAEUMSM
pca,10000,6761,0.13441598,-0.26499373,1.0,B01IRYARU8
pca,10000,6762,0.26750284,0.06923061,5.0,B00UOR9SES
pca,10000,6763,0.26311553,0.0015441729,1.0,B08925RBY3
pca,10000,6764,0.30248263,0.0603937,5.0,B01IU2X81C
pca,10000,6765,0.013006428,-0.15867049,5.0,B01IE4VQ7O
pca,10000,6766,0.45219234,-0.15933855,5.0,B000VADPHY
pca,10000,6767,0.07487437,0.08834392,1.0,B09Y273HR1
pca,10000,6768,0.14685729,0.34195274,5.0,B079PCYTVD
pca,10000,6769,0.2666378,0.016475098,5.0,B07QBPS1D9
pca,10000,6770,0.07597333,0.45670053,5.0,B07L153XF4
pca,10000,6771,-0.06371973,0.3079313,5.0,B0769WTJB5
pca,10000,6772,0.26367188,0.082704484,5.0,B00F19Q7YI
pca,10000,6773,0.121201515,0.15818828,5.0,B00GLJBTQ8
pca,10000,6774,0.2673617,0.22425137,5.0,B073J9QZLR
pca,10000,6775,-0.065352336,0.21392964,5.0,B01ISNY7EA
pca,10000,6776,0.011109955,-0.20706218,5.0,B075XN1NZC
pca,10000,6777,-0.13283183,0.05194226,5.0,B01AZ7LT20
pca,10000,6778,-0.09310453,0.27269852,5.0,B00VRLUTWA
pca,10000,6779,-0.006377628,-0.015178018,5.0,B08L4VBZ7Y
pca,10000,6780,-0.022343524,0.038709275,5.0,B074G884PQ
pca,10000,6781,0.27905983,-0.0151588265,5.0,B08R3D8R9W
pca,10000,6782,0.21322612,0.10581251,5.0,B0756QHRK9
pca,10000,6783,0.281775,-0.11806905,5.0,B075X8471B
pca,10000,6784,0.033396296,0.003929559,5.0,B07WMB4XS4
pca,10000,6785,0.19901253,-0.3430847,4.0,B00L0YLRUW
pca,10000,6786,-0.022442691,0.16637579,4.0,B00DVBMFSU
pca,10000,6787,-0.09978326,0.043050557,5.0,B08LJ6JVS2
pca,10000,6788,-0.19396836,0.31068546,5.0,B086G2FCCG
pca,10000,6789,-0.2536155,0.4468142,5.0,B08NZ26CXV
pca,10000,6790,-0.23478818,0.48191363,5.0,B083R8LPL7
pca,10000,6791,-0.061856747,0.28739688,5.0,B08DNNSCZR
pca,10000,6792,-0.043872308,-0.4091527,3.0,B07F71NMQS
pca,10000,6793,-0.104955204,-0.19522655,3.0,B00NXE4N4Y
pca,10000,6794,-0.14753246,-0.16464844,5.0,B0B12PXQYM
pca,10000,6795,0.086064994,-0.101730496,5.0,B01M36DER8
pca,10000,6796,-0.07434391,-0.032958455,5.0,B09MTSLT2T
pca,10000,6797,-0.1676281,0.0014186567,5.0,B000ALY22Q
pca,10000,6798,-0.18457578,-0.17671326,5.0,B01K47BBB0
pca,10000,6799,-0.18184185,-0.0018402226,5.0,B08SXQPZKF
pca,10000,6800,0.2666744,0.2430503,5.0,B00E0I4UBS
pca,10000,6801,-0.2389372,-0.03652092,5.0,B0BTYQQ62G
pca,10000,6802,-0.053207763,-0.1272749,5.0,B075X8471B
pca,10000,6803,-0.20940833,0.35727254,4.0,B000RPLMCI
pca,10000,6804,0.13330701,-0.009607732,5.0,B08XMGJ522
pca,10000,6805,-0.3586961,-0.23521495,2.0,B07XBX33N2
pca,10000,6806,-0.24010396,-0.2005536,1.0,B07H9NMYMY
pca,10000,6807,-0.059913762,0.020238793,5.0,B0169WO11G
pca,10000,6808,-0.18284544,0.4003408,1.0,B00R8FPTOC
pca,10000,6809,0.11738434,-0.03248717,4.0,B00VMH7PQM
pca,10000,6810,-0.043040436,0.5047179,5.0,B07QZVNG2T
pca,10000,6811,-0.21357933,0.108590126,5.0,B01NBOPJW2
pca,10000,6812,0.10729701,0.40558302,5.0,B018DR0OH0
pca,10000,6813,0.09699563,-0.08681863,4.0,B00SG3CWGS
pca,10000,6814,0.058891013,0.008005861,4.0,B00IKMLG3A
pca,10000,6815,0.46212593,-0.15594323,4.0,B075X8471B
pca,10000,6816,0.32181424,-0.13217908,4.0,B077XXNTCS
pca,10000,6817,0.10653065,0.013153544,4.0,B00ZVJAF9G
pca,10000,6818,-0.17717086,-0.1628824,4.0,B00V0923TG
pca,10000,6819,-0.021066938,0.31535408,5.0,B07S6QN4Q3
pca,10000,6820,0.10568035,-0.018979155,5.0,B078PFDHN4
pca,10000,6821,0.108164646,-0.15898725,4.0,B07FDTCR9R
pca,10000,6822,0.21826105,0.07672345,5.0,B015WCV70W
pca,10000,6823,-0.09191839,-0.17160982,2.0,B003VAHYNC
pca,10000,6824,0.12163267,0.025342068,4.0,B08NW4W6WT
pca,10000,6825,0.47210744,0.090591684,5.0,B0184IC7VE
pca,10000,6826,0.47210744,0.090591684,5.0,B017LSIXDE
pca,10000,6827,0.5327408,0.05774656,5.0,B00EL94Z4I
pca,10000,6828,0.36273545,0.26970887,5.0,B00EXCRPT0
pca,10000,6829,0.13069968,0.15684323,5.0,B01MTY7MSK
pca,10000,6830,0.078731805,-0.07451366,5.0,B06XRG9QDV
pca,10000,6831,0.22986823,0.037295595,5.0,B09JQLTLG3
pca,10000,6832,0.03559985,-0.08908372,5.0,B00FBJ04WO
pca,10000,6833,0.02557053,0.00590943,5.0,B008I64J9G
pca,10000,6834,0.21703908,0.065347575,5.0,B07BDQSYCD
pca,10000,6835,0.18367344,0.123990394,5.0,B09NCBBB7P
pca,10000,6836,-0.14875299,-0.071607865,5.0,B019C2WUIQ
pca,10000,6837,-0.037416276,-0.07008509,2.0,B00NNDAFW4
pca,10000,6838,0.15803547,0.25755563,4.0,B08934PYGP
pca,10000,6839,-0.07220047,0.18460336,3.0,B08G58HFTM
pca,10000,6840,-0.17721191,0.38518938,5.0,B086GNR77J
pca,10000,6841,0.07585019,-0.32976317,2.0,B00NZTL1Y2
pca,10000,6842,0.14116089,-0.08622893,2.0,B07CLBNM1C
pca,10000,6843,0.05385834,-0.19550079,5.0,B09MMWM2Y8
pca,10000,6844,-0.03457437,0.15216973,4.0,B07CXF452P
pca,10000,6845,0.44433352,-0.25291824,5.0,B01LWP3001
pca,10000,6846,-0.1412841,-0.18819992,3.0,B0BPLD4VK9
pca,10000,6847,0.39884126,-0.10518294,5.0,B07C1M321K
pca,10000,6848,0.13291952,-0.3538177,5.0,B088WK5XGD
pca,10000,6849,0.06528588,-0.17395894,5.0,B00O1RTQJE
pca,10000,6850,0.30634356,-0.22160129,5.0,B0BPN66WP7
pca,10000,6851,0.369017,-0.14370228,5.0,B07FFTDLSL
pca,10000,6852,-0.07924263,0.14603111,5.0,B07M66HC8K
pca,10000,6853,0.10486066,-0.096777946,4.0,B07SJ2DFYG
pca,10000,6854,0.15657486,-0.29071835,1.0,B07PYSGJ85
pca,10000,6855,0.0886559,-0.19393569,5.0,B07KTYJ769
pca,10000,6856,0.24960613,0.10242521,5.0,B07HZLHPKP
pca,10000,6857,0.23411664,-0.01772253,5.0,B00KQNVQ6S
pca,10000,6858,0.14414982,-0.41052482,5.0,B007IMPMW4
pca,10000,6859,0.30040994,0.12682712,5.0,B08SQ97LTP
pca,10000,6860,0.5327408,0.05774656,5.0,B013HZAZ90
pca,10000,6861,0.01406413,0.12911178,1.0,B00X53VN96
pca,10000,6862,0.034678325,-0.30131206,5.0,B00BP5N498
pca,10000,6863,0.44126815,0.005155053,5.0,B008RN04BM
pca,10000,6864,0.44126815,0.0051549915,5.0,B007D5LY6O
pca,10000,6865,0.23317593,0.3390023,5.0,B082QKGKVK
pca,10000,6866,0.17703971,0.0050515234,5.0,B082X666WZ
pca,10000,6867,0.46741068,-0.026288588,5.0,B09G2RY9DV
pca,10000,6868,0.1799102,-0.17428471,5.0,B082X666WZ
pca,10000,6869,0.46741068,-0.026288588,5.0,B019DQ5PTM
pca,10000,6870,0.13538715,0.3398401,5.0,B09HML29T7
pca,10000,6871,0.08006224,0.1426527,5.0,B07MLV7TRJ
pca,10000,6872,0.36167744,0.033659585,5.0,B00K8GZED4
pca,10000,6873,0.051095054,-0.013863096,4.0,B01KFQB4ZI
pca,10000,6874,-0.33459553,-0.2269571,5.0,B00P060GNK
pca,10000,6875,-0.059584208,-0.33688992,1.0,B00RBYN90G
pca,10000,6876,-0.20452115,-0.2289347,5.0,B00KWR8ME2
pca,10000,6877,0.08818389,0.2224443,5.0,B00TTCZHWG
pca,10000,6878,-0.119843274,-0.16874957,5.0,B00KWR8ME2
pca,10000,6879,-0.15522751,0.2976641,5.0,B01J9Y65DS
pca,10000,6880,0.061897207,0.14281331,5.0,B004YDL3C8
pca,10000,6881,0.061897207,0.14281331,5.0,B005FNJ1Q6
pca,10000,6882,0.061897207,0.14281331,5.0,B007J3MO4G
pca,10000,6883,0.061897207,0.14281331,5.0,B0054GEU7Y
pca,10000,6884,-0.027292065,0.1428887,5.0,B00M8YKFN8
pca,10000,6885,-0.20827727,0.20194405,5.0,B00F6E8QL0
pca,10000,6886,0.09304571,0.04228253,5.0,B00NFZH7K8
pca,10000,6887,-0.08854821,0.14127152,5.0,B00BYHTK5Y
pca,10000,6888,0.1681768,0.21249974,5.0,B00DQZRNH4
pca,10000,6889,-0.038722266,-0.049383976,5.0,B00DQGIIM2
pca,10000,6890,-0.16522464,0.11189831,5.0,B0085GULFA
pca,10000,6891,-0.16262247,-0.094161816,5.0,B007WTWDV6
pca,10000,6892,-0.2060312,-0.060597643,5.0,B0CCQHH8Z6
pca,10000,6893,-0.16970274,0.40451625,5.0,B00F5RZ8QO
pca,10000,6894,-0.107853174,-0.02296736,5.0,B00AFKCCSS
pca,10000,6895,0.021930013,0.060142897,5.0,B009EVGQVS
pca,10000,6896,-0.1857719,0.08256253,5.0,B00BWF5U0M
pca,10000,6897,-0.28316584,0.33460793,5.0,B00D39KXNO
pca,10000,6898,-0.1929275,0.252522,5.0,B002GYWHSQ
pca,10000,6899,-0.15629752,0.3805536,5.0,B00884RNKK
pca,10000,6900,-0.027945474,0.025583336,5.0,B002U0KE8Q
pca,10000,6901,-0.12686433,0.4749543,5.0,B008HK4J8O
pca,10000,6902,-0.17019224,0.069510646,5.0,B0086829D4
pca,10000,6903,-0.20452304,0.1455384,5.0,B009D7BJR4
pca,10000,6904,0.109630406,0.11645261,5.0,B0000A0AEM
pca,10000,6905,0.16102006,-0.025675721,5.0,B099DJDGWJ
pca,10000,6906,0.0005943384,0.065023415,5.0,B004GNSGVW
pca,10000,6907,-0.15101084,-0.046404548,5.0,B07D1XGQHJ
pca,10000,6908,-0.06440489,-0.09841229,5.0,B0B8Z16Y3N
pca,10000,6909,-0.020769782,-0.20970121,5.0,B006GWO5WK
pca,10000,6910,0.18103433,-0.06000092,5.0,B005DOK8NW
pca,10000,6911,-0.08554142,-0.16642185,5.0,B006BGZJJ4
pca,10000,6912,-0.14592928,-0.2822567,5.0,B006GWO5NE
pca,10000,6913,-0.03570994,-0.10446994,5.0,B0BVZZ36ZL
pca,10000,6914,-0.21465087,0.345454,5.0,B006ZT4VA0
pca,10000,6915,-0.2049811,-0.044546433,5.0,B008HK3W1Y
pca,10000,6916,-0.044998474,-0.18923011,4.0,B0BRK596NJ
pca,10000,6917,-0.15839902,-0.04540722,4.0,B0B74SVVGN
pca,10000,6918,-0.23538274,0.03457255,4.0,B0BHFX8L75
pca,10000,6919,-0.071418926,0.20156237,5.0,B00VTEIJK4
pca,10000,6920,-0.09233152,0.026997121,5.0,B0B3R5CQK9
pca,10000,6921,-0.1136819,-0.028509703,5.0,B09SHQSNKY
pca,10000,6922,-0.33250424,-0.10551539,5.0,B09W2D1PXG
pca,10000,6923,-0.112253934,0.1881341,4.0,B0B3X859SH
pca,10000,6924,-0.17909394,0.22458522,4.0,B07CH2V7WM
pca,10000,6925,-0.29202875,-0.056427248,4.0,B09J495LYS
pca,10000,6926,-0.21122114,-0.08662052,4.0,B0B41Y16FN
pca,10000,6927,-0.18951258,-0.003461929,3.0,B092CYKT29
pca,10000,6928,-0.17597161,0.10088072,4.0,B083PRXCLL
pca,10000,6929,-0.14935037,-0.15279777,4.0,B08FY1L46Q
pca,10000,6930,-0.22013709,0.43570095,4.0,B07WSZ7V16
pca,10000,6931,0.091652155,-0.12901008,5.0,B0BZD7P8ZQ
pca,10000,6932,-0.16905531,-0.1161905,4.0,B00VTEIJEA
pca,10000,6933,-0.040536053,-0.24095918,4.0,B096M2P5ZN
pca,10000,6934,-0.30221298,-0.06626972,4.0,B09RZRCWLC
pca,10000,6935,-0.11077158,0.08440403,4.0,B09Z7SVVSP
pca,10000,6936,-0.25724277,-0.2903629,4.0,B07BMD9HYW
pca,10000,6937,-0.06867533,-0.06515538,4.0,B09VC87SS8
pca,10000,6938,-0.16269554,0.29909956,4.0,B0B68XXR7S
pca,10000,6939,-0.23677972,-0.059056304,5.0,B08ZMLWQSK
pca,10000,6940,-0.07585225,-0.28528315,4.0,B08TRCQHWZ
pca,10000,6941,-0.19899805,-0.039619483,4.0,B074QP5LRW
pca,10000,6942,-0.055413313,0.099996015,5.0,B00005T406
pca,10000,6943,0.024450243,-0.34512684,4.0,B004XC6GJ0
pca,10000,6944,-0.1952667,0.43159568,5.0,B00OLSIY1Y
pca,10000,6945,-0.19020991,0.4402759,5.0,B00G24PK0S
pca,10000,6946,-0.21030794,0.30125606,5.0,B088RD3BBW
pca,10000,6947,-0.32181105,0.0007484881,5.0,B00NJ4AP1S
pca,10000,6948,-0.050513923,0.16628873,3.0,B0BBDQRTWY
pca,10000,6949,-0.32828534,-0.08829947,5.0,B00IU2D9VM
pca,10000,6950,-0.021296367,-0.39106572,4.0,B00DIFIP06
pca,10000,6951,0.047019757,-0.34268492,4.0,B00CX5P8FC
pca,10000,6952,-0.029219843,-0.023059607,1.0,B089F9YDFC
pca,10000,6953,0.057534326,-0.09366734,5.0,B00UXM6F22
pca,10000,6954,0.09004244,0.0010572979,5.0,B004HYG9Y6
pca,10000,6955,0.104266144,0.066634044,4.0,B000WL0I1I
pca,10000,6956,0.18231174,0.03249774,4.0,B003VQSPUC
pca,10000,6957,-0.12907825,0.08083767,5.0,B00B71ZZMY
pca,10000,6958,0.24286382,-0.20888756,5.0,B0001VWIR6
pca,10000,6959,0.08249872,-0.102273665,4.0,B003SN0IL2
pca,10000,6960,-0.11260301,-0.18173802,4.0,B0019EHU8G
pca,10000,6961,0.31530076,0.023699014,4.0,B00068DIB4
pca,10000,6962,0.004205538,-0.32460445,1.0,B00LIP10KK
pca,10000,6963,0.26985154,0.045298576,5.0,B000W8OZE2
pca,10000,6964,-0.26784128,0.01000282,5.0,B005DLDO4U
pca,10000,6965,0.14811115,-0.053777374,2.0,B002LZUY8A
pca,10000,6966,0.122016445,0.2638229,5.0,B083VRLJM8
pca,10000,6967,0.17314282,-0.057457432,1.0,B0741CNM7C
pca,10000,6968,0.16593263,0.108311206,5.0,B08PCLDM5D
pca,10000,6969,-0.0043628123,-0.39885363,5.0,B00PJY83K6
pca,10000,6970,-0.19275773,-0.365813,4.0,B005LKKNQA
pca,10000,6971,-0.042072304,-0.13515173,5.0,B00GM7V8I8
pca,10000,6972,0.12586382,-0.34066418,1.0,B007FGY2EW
pca,10000,6973,-0.29388183,0.37673792,4.0,B00HNFPZF0
pca,10000,6974,0.14375754,-0.003631751,1.0,B09YL2D2RQ
pca,10000,6975,0.42747423,0.14216134,5.0,B08D9HSXNF
pca,10000,6976,0.016362388,-0.20446339,3.0,B001P4ZJBA
pca,10000,6977,0.4553836,0.053906053,5.0,B07VXNH138
pca,10000,6978,0.4686701,0.07588428,5.0,B082SWMNRZ
pca,10000,6979,0.27952543,-0.018189903,3.0,B08XVF418R
pca,10000,6980,0.25913346,0.063467026,5.0,B09T2J5YVT
pca,10000,6981,0.22097102,-0.2367725,1.0,B0BWD4WGJB
pca,10000,6982,0.18586516,0.07427732,2.0,B08XVF418R
pca,10000,6983,0.48278263,-0.18226883,4.0,B08DKR85CX
pca,10000,6984,-0.0038202107,-0.09567582,1.0,B075WSFTTV
pca,10000,6985,0.31492415,0.098504,4.0,B07VCHVTCM
pca,10000,6986,0.38895324,0.14808941,5.0,B07D8HMNTC
pca,10000,6987,-0.038311824,-0.20567468,3.0,B07HZLHPKP
pca,10000,6988,0.13456178,0.0068040937,1.0,B07L4LJJ8T
pca,10000,6989,0.27952543,-0.018189903,3.0,B091CKJ8Y7
pca,10000,6990,0.42747423,0.14216134,5.0,B0CBBFWH59
pca,10000,6991,0.28959802,0.058796838,5.0,B08SKKB73K
pca,10000,6992,0.3781857,-0.25516394,4.0,B07KMD2VQ9
pca,10000,6993,0.18845826,-0.0629658,5.0,B09P4K2XVP
pca,10000,6994,0.11183049,0.029456502,1.0,B08FN3ZK5T
pca,10000,6995,0.3510336,0.100341894,5.0,B07KNF2T3Z
pca,10000,6996,0.3814992,-0.16080193,1.0,B003LL5ZHI
pca,10000,6997,0.02852425,0.24012092,1.0,B007OR1F9W
pca,10000,6998,0.3727429,0.10135235,5.0,B0119OYZX8
pca,10000,6999,0.54398817,-0.13984656,5.0,B01F2OOVAI
pca,10000,7000,0.54398817,-0.13984656,5.0,B075JZNHTD
pca,10000,7001,0.14490353,0.01968885,5.0,B0BY2V6XS5
pca,10000,7002,0.1524608,0.09988924,5.0,B0C344TVJL
pca,10000,7003,0.062421117,0.1572512,3.0,B08C8TVWYT
pca,10000,7004,0.35682878,-0.1823715,4.0,B09FC5PYHG
pca,10000,7005,0.0286429,0.039948836,4.0,B091JXQ3FJ
pca,10000,7006,0.24419284,-0.07080145,5.0,B0824232TY
pca,10000,7007,0.5144506,-0.14206803,5.0,B0BTW2Y8RK
pca,10000,7008,0.30101472,0.1856831,5.0,B08BY8HS9S
pca,10000,7009,0.063398845,0.023070494,5.0,B08HJ7K8KL
pca,10000,7010,-0.022096083,-0.23793584,4.0,B082XXF1X9
pca,10000,7011,0.069648445,-0.059306487,5.0,B08B3ZNPYZ
pca,10000,7012,0.30339724,0.19200929,4.0,B01DUL966O
pca,10000,7013,0.16411309,0.032179885,5.0,B09GL247NY
pca,10000,7014,0.3414326,-0.19043003,5.0,B0BHZ1GDVT
pca,10000,7015,0.13583082,-0.07681162,5.0,B07SZ1H2FF
pca,10000,7016,0.09146592,0.034919165,5.0,B07R298P4D
pca,10000,7017,0.30390897,-0.11714079,5.0,B08MWHSF8M
pca,10000,7018,0.48398262,0.11371871,5.0,B01ICK7HVE
pca,10000,7019,0.14061663,-0.048335873,5.0,B0756YCTY3
pca,10000,7020,0.42797005,0.14587253,5.0,B07K1KH51Y
pca,10000,7021,0.42005122,-0.2664028,5.0,B078RK9Q82
pca,10000,7022,0.52501994,-0.13395129,4.0,B07PZFC633
pca,10000,7023,0.52501994,-0.13395129,4.0,B081B1R665
pca,10000,7024,0.4992551,-0.13942432,4.0,B0BDJ2L28L
pca,10000,7025,0.15746899,-0.07547471,2.0,B00L1Y11D4
pca,10000,7026,0.4992551,-0.13942432,4.0,B06XXFDHM6
pca,10000,7027,0.06642449,0.044517487,3.0,B00DI12MQ8
pca,10000,7028,0.3592099,-0.14103009,4.0,B00T76ZGDO
pca,10000,7029,0.08574494,0.08147226,3.0,B0718T3FMF
pca,10000,7030,0.32808134,0.13890146,4.0,B01273JZMG
pca,10000,7031,0.28272524,-0.0082778,4.0,B0027VSSJU
pca,10000,7032,0.311757,-0.06736896,4.0,B08KZ1TZYB
pca,10000,7033,0.311757,-0.06736896,4.0,B00EZMZTBO
pca,10000,7034,0.311757,-0.06736896,4.0,B009ZIILLI
pca,10000,7035,0.311757,-0.06736896,4.0,B01DW72QKE
pca,10000,7036,0.311757,-0.06736896,4.0,B002ZIN9DU
pca,10000,7037,0.311757,-0.06736896,4.0,B01MZYDZUI
pca,10000,7038,0.311757,-0.06736896,4.0,B0BM11XSB1
pca,10000,7039,0.311757,-0.06736896,4.0,B089CF82GL
pca,10000,7040,0.311757,-0.06736896,4.0,B002T0G8TQ
pca,10000,7041,0.311757,-0.06736896,4.0,B01G3ZOPY2
pca,10000,7042,0.033111125,-0.13981646,3.0,B00JDVRCI0
pca,10000,7043,0.24999686,-0.020252082,4.0,B01CKBFBC8
pca,10000,7044,0.15244704,-0.21493979,5.0,B015GDMGXO
pca,10000,7045,0.17119542,0.12064657,5.0,B00GWC2S3M
pca,10000,7046,0.13300776,0.047473684,5.0,B01KBEOL5E
pca,10000,7047,0.28272524,-0.0082778,4.0,B00O0JGPK6
pca,10000,7048,0.099734515,-0.17528443,5.0,B008Z4I7WQ
pca,10000,7049,0.23501477,-0.23645687,4.0,B01AS8XUPK
pca,10000,7050,-0.05981335,-0.3374661,5.0,B07W7N929N
pca,10000,7051,0.058466557,-0.17842387,4.0,B00U3FPN4U
pca,10000,7052,0.01848477,-0.18799077,5.0,B07PDHSLM6
pca,10000,7053,-0.15592545,0.39830887,5.0,B07P6L7BFK
pca,10000,7054,0.0762506,0.24228054,5.0,B09C4KQRHP
pca,10000,7055,-0.111078456,0.4137883,5.0,B07T25WP4N
pca,10000,7056,-0.11949533,0.22082953,5.0,B07PFDHHYJ
pca,10000,7057,0.074162744,-0.16063696,4.0,B00CD4221G
pca,10000,7058,-0.078373246,-0.28019893,5.0,B0CCCFW4XZ
pca,10000,7059,-0.021194719,-0.12129748,5.0,B094JD6SHP
pca,10000,7060,-0.23453227,0.07466694,5.0,B085354NJJ
pca,10000,7061,-0.03333054,-0.04429602,5.0,B0827ZV8TL
pca,10000,7062,-0.16956699,-0.11725111,1.0,B07CB24GSV
pca,10000,7063,0.013201989,0.056507446,5.0,B01DBHFSY6
pca,10000,7064,0.19710863,0.033638008,5.0,B07CML419K
pca,10000,7065,0.057774574,-0.015294237,2.0,B074TMJ44M
pca,10000,7066,-0.31175485,-0.16977671,5.0,B07Q39HCK1
pca,10000,7067,-0.078410074,-0.2416189,1.0,B01N4IVLII
pca,10000,7068,0.003427581,0.05015386,5.0,B00WUI0WOY
pca,10000,7069,-0.007840248,0.08911759,5.0,B09KZY1XJ8
pca,10000,7070,0.001004355,-0.0032051709,5.0,B08632C4MS
pca,10000,7071,0.040473156,-0.00023899227,5.0,B0C4F815VH
pca,10000,7072,0.13763012,0.117105685,5.0,B07CDY63PP
pca,10000,7073,-0.020886235,-0.019198798,5.0,B0883SBTWF
pca,10000,7074,0.09841945,-0.05824352,4.0,B071YND9BG
pca,10000,7075,0.30756447,0.10233509,4.0,B00DQ4PDA4
pca,10000,7076,-0.03456634,0.14062034,5.0,B07VPG9DB9
pca,10000,7077,-0.16281155,0.30732277,5.0,B004Q5UQUO
pca,10000,7078,-0.07394499,-0.032220278,5.0,B07TJ7KPBS
pca,10000,7079,0.123669885,-0.35689852,5.0,B07GRYTHBQ
pca,10000,7080,-0.12160081,0.32301712,1.0,B07ZZKC52P
pca,10000,7081,-0.20415579,-0.11385926,5.0,B07YX379KP
pca,10000,7082,-0.019810915,-0.15710145,5.0,B0BB6XM417
pca,10000,7083,0.063007,0.108653165,5.0,B06XK6PWSM
pca,10000,7084,-0.26287368,-0.0069938665,5.0,B078H92HVZ
pca,10000,7085,-0.3239425,-0.05674717,5.0,B08DCYHFD4
pca,10000,7086,-0.17516874,0.007963138,5.0,B013EKI2DY
pca,10000,7087,-0.15217227,-0.05515349,5.0,B00XUXYSWU
pca,10000,7088,0.09432729,-0.32389447,5.0,B008MT9JJY
pca,10000,7089,0.058251906,-0.2585971,1.0,B00OJM63C4
pca,10000,7090,0.056256164,-0.30552375,5.0,B00MOF3EU2
pca,10000,7091,0.051025737,-0.2466663,5.0,B00XUXYT6K
pca,10000,7092,0.054487612,-0.3685352,4.0,B0007WTER6
pca,10000,7093,-0.20645232,-0.020949027,5.0,B00HYPC7CI
pca,10000,7094,0.14262669,-0.018524053,5.0,B01N66MD3P
pca,10000,7095,-0.13160071,0.2040443,5.0,B00KD752MQ
pca,10000,7096,0.5005138,-0.14129098,5.0,B07BHXYJXB
pca,10000,7097,0.05875225,-0.19121347,5.0,B00EO9JNWY
pca,10000,7098,-0.04658275,-0.1385254,5.0,B00LI9DUG8
pca,10000,7099,0.10398113,-0.12730332,5.0,B075KP9XHS
pca,10000,7100,0.096865624,0.029420024,5.0,B001DPY0VG
pca,10000,7101,-0.020192586,-0.29106784,5.0,B00XK0KKOS
pca,10000,7102,0.086372785,-0.053198136,1.0,B007CMB81O
pca,10000,7103,-0.048886694,-0.067797184,5.0,B076HVLHNK
pca,10000,7104,-0.16094011,-0.30393782,3.0,B00B43LL1E
pca,10000,7105,-0.058604375,-0.07301751,5.0,B008L6YEK2
pca,10000,7106,-0.21282065,0.39848468,4.0,B0BMLZ1JDG
pca,10000,7107,-0.14625116,0.053910263,3.0,B07N8VFFNS
pca,10000,7108,-0.17402965,0.20074148,2.0,B07J2FGZSM
pca,10000,7109,-0.12698047,-0.34681344,5.0,B08P57BVNP
pca,10000,7110,-0.10961114,-0.014268047,5.0,B01JNYQXZY
pca,10000,7111,-0.1871999,0.43816832,5.0,B07X8J7M6P
pca,10000,7112,-0.15283832,-0.20879968,4.0,B07RPF3C5S
pca,10000,7113,0.012608467,-0.044794418,5.0,B07S9PP56R
pca,10000,7114,0.03658633,0.15895306,1.0,B08KDKW2BM
pca,10000,7115,0.10900329,0.17909515,5.0,B091DZ4ZD8
pca,10000,7116,0.30043304,0.07951086,5.0,B010BWYDYA
pca,10000,7117,0.22390178,-0.21497053,4.0,B00BX0YKX4
pca,10000,7118,0.16626649,0.10722754,5.0,B007136E1S
pca,10000,7119,0.17411233,-0.003751995,5.0,B07W4MGFS6
pca,10000,7120,0.042781387,-0.10402854,5.0,B07S764D9V
pca,10000,7121,0.31755665,0.06258421,5.0,B00IIEICNC
pca,10000,7122,0.4686701,0.07588428,4.0,B00RYBW5ZQ
pca,10000,7123,-0.021587472,-0.22371629,1.0,B0C5SBGRNJ
pca,10000,7124,-0.31658232,-0.20440993,5.0,B0C338S8M7
pca,10000,7125,0.2042373,0.04567586,1.0,B07ZCV7SJZ
pca,10000,7126,0.024373885,0.18142115,1.0,B01H5G7H16
pca,10000,7127,0.21430857,0.02441466,5.0,B07TZFS5K4
pca,10000,7128,0.27330354,0.13707429,5.0,B084LL5CM8
pca,10000,7129,0.23197767,0.26130062,5.0,B07F8BNDMB
pca,10000,7130,-0.03776982,-0.21998118,5.0,B07RBV8H74
pca,10000,7131,0.18776569,0.05979847,5.0,B07VJQ5VBV
pca,10000,7132,-0.1269132,-0.23220353,5.0,B07456BG8N
pca,10000,7133,-0.107270464,-0.11846225,5.0,B01HRVABD0
pca,10000,7134,-0.15111847,-0.0408756,5.0,B07KCF1X4J
pca,10000,7135,0.25941104,0.13942176,5.0,B07JYY8YQX
pca,10000,7136,0.111254156,0.3027672,1.0,B097QSG8YH
pca,10000,7137,-0.1674487,0.39809808,5.0,B00QOSVSEE
pca,10000,7138,0.013905337,0.13996154,5.0,B01A0MTS3W
pca,10000,7139,0.16394292,0.061135493,1.0,B00HSGR7R8
pca,10000,7140,-0.03846799,0.346734,1.0,B008CQWAX4
pca,10000,7141,-0.15205914,-0.16074845,5.0,B094CD8RL2
pca,10000,7142,0.29043314,-0.06272792,5.0,B0096FT902
pca,10000,7143,-0.030623574,-0.1149991,5.0,B072M34RQC
pca,10000,7144,-0.04764618,0.049253486,5.0,B078MW9GC6
pca,10000,7145,0.014297035,-0.10992635,5.0,B0848M4BLB
pca,10000,7146,0.090573765,-0.22484113,5.0,B01K8B8YA8
pca,10000,7147,0.326684,0.15025407,5.0,B00LL8VEMS
pca,10000,7148,0.1184376,-0.26319337,5.0,B07GZFM1ZM
pca,10000,7149,-0.00046152808,0.07369796,5.0,B0B786PFYJ
pca,10000,7150,0.2544338,0.35333955,5.0,B075CHV8XD
pca,10000,7151,-0.026871335,-0.35516995,5.0,B091MT249X
pca,10000,7152,0.14349636,-0.049679182,5.0,B08M9LMS1G
pca,10000,7153,0.41588724,0.12376016,5.0,B0BHP1XGPS
pca,10000,7154,0.024761777,-0.23260403,5.0,B07H65KP63
pca,10000,7155,0.51012415,-0.07053342,5.0,B0C27YYCDP
pca,10000,7156,0.54398817,-0.13984656,5.0,B0B6D4W3R7
pca,10000,7157,0.42747423,0.14216134,5.0,B07VL7BNLZ
pca,10000,7158,0.21685737,0.36602977,5.0,B09M6R151G
pca,10000,7159,0.3104012,-0.18478847,5.0,B09Y55WW5P
pca,10000,7160,0.5327408,0.05774656,5.0,B07LCVR5BW
pca,10000,7161,0.02265637,-0.01460977,5.0,B0886847XY
pca,10000,7162,0.13869601,0.057371728,3.0,B01MDQJOPT
pca,10000,7163,0.27414456,-0.13709642,5.0,B081D9XHPK
pca,10000,7164,0.32465035,-0.114612065,5.0,B000WYVBR0
pca,10000,7165,0.27841243,-0.19695537,5.0,B096T31Z9T
pca,10000,7166,0.27841243,-0.19695537,5.0,B079PG7JPP
pca,10000,7167,0.2860739,0.039797716,5.0,B083TH1B45
pca,10000,7168,0.015319865,-0.058928378,5.0,B002ODG5GO
pca,10000,7169,-0.08582633,-0.11867497,5.0,B01JB7ZU5M
pca,10000,7170,-0.08276401,-0.16251905,5.0,B07SR19TKT
pca,10000,7171,0.031954765,-0.32613304,5.0,B00O1RTQJE
pca,10000,7172,0.076447114,-0.35523444,5.0,B092ZV6893
pca,10000,7173,0.06179151,-0.28254935,1.0,B074TC662N
pca,10000,7174,0.54398817,-0.13984656,5.0,B07WRYFDLJ
pca,10000,7175,0.13463807,-0.2011248,5.0,B07PFY6P38
pca,10000,7176,-0.052830808,0.12702404,5.0,B019O0XN5U
pca,10000,7177,0.19637074,0.014550865,5.0,B078GK6JD3
pca,10000,7178,0.036500268,-0.30799484,1.0,B00B5QEXB0
pca,10000,7179,-0.13366894,0.3367585,4.0,B0BHSJPW79
pca,10000,7180,-0.24667755,0.24517679,5.0,B09XHWMDK2
pca,10000,7181,-0.10256196,-0.10784526,4.0,B08T1DKCWJ
pca,10000,7182,-0.15564102,-0.22972022,4.0,B07FN9PR61
pca,10000,7183,-0.17449524,0.38390836,5.0,B0C5QSYMXD
pca,10000,7184,-0.15046449,0.12832694,4.0,B086WMQMNB
pca,10000,7185,-0.2652427,-0.15534088,5.0,B08F9S3SD5
pca,10000,7186,-0.04202895,-0.05387316,4.0,B01MSNQI84
pca,10000,7187,-0.26019463,0.10399207,4.0,B0B3JVPY1K
pca,10000,7188,-0.2599759,-0.2232424,3.0,B0935ZDCYD
pca,10000,7189,-0.26150995,-0.22988956,5.0,B01LZV6TYQ
pca,10000,7190,-0.33282116,-0.029498065,5.0,B00DGRUY3M
pca,10000,7191,-0.01797001,-0.03529322,4.0,B00NVKHLP8
pca,10000,7192,-0.12712134,0.003718799,5.0,B006MCDUZM
pca,10000,7193,-0.14257345,0.18804982,4.0,B00FZ9SMVU
pca,10000,7194,-0.2210027,0.3713578,4.0,B00EW38CJW
pca,10000,7195,-0.111586004,0.32138175,4.0,B00FF347V0
pca,10000,7196,-0.21408936,0.35283822,3.0,B07P5NH459
pca,10000,7197,0.13590653,-0.034763448,5.0,B0BSK363WC
pca,10000,7198,0.0001307968,0.24453959,5.0,B001E6BC6U
pca,10000,7199,-0.26296112,-0.14323181,4.0,B005M08NM0
pca,10000,7200,0.016820267,0.048787422,5.0,B004Q3C98S
pca,10000,7201,0.07320026,-0.0019571045,5.0,B00WUIL5QS
pca,10000,7202,-0.052475058,0.3462338,5.0,B077CYZ34R
pca,10000,7203,-0.143933,-0.15290926,5.0,B09JBS4PNR
pca,10000,7204,0.15756218,-0.15010281,5.0,B08NYJ97LF
pca,10000,7205,-0.06383137,0.21423313,5.0,B09KBDYWB2
pca,10000,7206,0.089259416,-0.16684379,1.0,B09W4DTMQX
pca,10000,7207,-0.04022828,0.2493684,5.0,B07YJ1G6ZF
pca,10000,7208,0.23470671,0.35593718,5.0,B07WH35RMM
pca,10000,7209,0.04519842,0.116966955,5.0,B009T8YY1U
pca,10000,7210,-0.29458946,0.0678945,5.0,B09WDL98XR
pca,10000,7211,-0.005113542,-0.22675154,1.0,B08N5HW9HB
pca,10000,7212,0.0118352175,-0.1565429,1.0,B08XVF418R
pca,10000,7213,0.027412873,-0.16256142,2.0,B08DPP3T9Z
pca,10000,7214,-0.035883926,-0.074964926,3.0,B0983VR4TD
pca,10000,7215,0.0020608865,-0.2506751,5.0,B0BWD4WGJB
pca,10000,7216,0.04537284,-0.2176785,5.0,B08Z2X5V3C
pca,10000,7217,0.06384445,-0.09972967,5.0,B08TRCTB5T
pca,10000,7218,-0.0024162699,-0.034685545,2.0,B08PTV9DSB
pca,10000,7219,0.013101578,-0.26682138,2.0,B08YGKCHNF
pca,10000,7220,-0.07101441,-0.012559021,2.0,B0BZNM5TLV
pca,10000,7221,-0.068510555,-0.14496121,5.0,B00VY2325S
pca,10000,7222,-0.1806613,-0.029572532,5.0,B01G6PPTH6
pca,10000,7223,-0.0305623,0.07800468,3.0,B07TMJ8S5Z
pca,10000,7224,0.011512678,0.32281366,5.0,B088T9VH7P
pca,10000,7225,0.03073822,-0.092574246,3.0,B07VXXBTX4
pca,10000,7226,-0.08137347,-0.011013905,5.0,B07DG5KLNK
pca,10000,7227,-0.10184333,-0.024972264,2.0,B0773C4WV6
pca,10000,7228,-0.15580225,0.121727966,5.0,B081DGFQDL
pca,10000,7229,0.07365754,-0.42799428,5.0,B07MLY3JKV
pca,10000,7230,-0.10133201,-0.25639302,5.0,B07KTYJ769
pca,10000,7231,0.08311408,-0.18355694,5.0,B079C273LQ
pca,10000,7232,-0.050075553,-0.16769044,5.0,B07F6D4Y54
pca,10000,7233,-0.08238746,-0.31924862,4.0,B07HZLHPKP
pca,10000,7234,-0.11738452,-0.06937799,5.0,B004YTWKPG
pca,10000,7235,-0.072263226,-0.14812943,5.0,B00VKH8PEK
pca,10000,7236,-0.07190847,-0.07234034,5.0,B00P99AA3E
pca,10000,7237,0.11490816,-0.12079903,5.0,B083TH1B45
pca,10000,7238,-0.0085759405,-0.14095397,5.0,B00JUINWSA
pca,10000,7239,0.06192751,-0.17997949,5.0,B071KV2SMV
pca,10000,7240,-0.048063546,-0.13533865,3.0,B0BWYY5H5M
pca,10000,7241,-0.0857434,-0.042503193,5.0,B07G7J8FT4
pca,10000,7242,0.18098342,0.18868245,5.0,B0752WJMT7
pca,10000,7243,-0.18291332,-0.08733928,3.0,B00NESU1XG
pca,10000,7244,0.1457506,-0.2416508,5.0,B000CJ24VM
pca,10000,7245,0.12217447,0.12707108,5.0,B00GFZMI3G
pca,10000,7246,0.071750894,0.39898184,4.0,B07PQTRRMJ
pca,10000,7247,0.10690304,-0.08327543,1.0,B09LNX8MHV
pca,10000,7248,0.23490329,0.2856072,5.0,B00QSG2HE2
pca,10000,7249,0.03679049,-0.37472042,5.0,B07W5WFNY3
pca,10000,7250,-0.17317319,-0.13629723,5.0,B0BFF6PFHC
pca,10000,7251,0.04200888,-0.13129853,4.0,B001PKUURW
pca,10000,7252,0.21850806,0.1348231,5.0,B07V5M4PBZ
pca,10000,7253,0.10444707,0.22244844,1.0,B094VVM37N
pca,10000,7254,-0.0676437,0.2677193,3.0,B07T2ZRCQV
pca,10000,7255,0.3022601,-0.03875783,5.0,B00XZC47BS
pca,10000,7256,-0.0077753216,-0.19582514,4.0,B099DBFNKR
pca,10000,7257,0.043488957,-0.3422791,3.0,B0BLVNSWZB
pca,10000,7258,-0.16945316,-0.12453107,4.0,B09FD6Z1D1
pca,10000,7259,0.54398817,-0.13984656,5.0,B09NNGN2WG
pca,10000,7260,-0.2746321,0.26044613,5.0,B07QHSGVTW
pca,10000,7261,-0.23713237,-0.35763565,5.0,B07MLY3JKV
pca,10000,7262,0.54398817,-0.13984656,5.0,B019G7DWYI
pca,10000,7263,0.54398817,-0.13984656,5.0,B0BN74ZJDK
pca,10000,7264,0.33979997,-0.1552604,5.0,B01K8B8YA8
pca,10000,7265,0.54398817,-0.13984656,5.0,B08KZ1TZYB
pca,10000,7266,0.54398817,-0.13984656,5.0,B010BWYDYA
pca,10000,7267,0.54398817,-0.13984656,5.0,B01E9AHU8Q
pca,10000,7268,0.05332776,-0.3487326,5.0,B08P4VX48V
pca,10000,7269,0.257884,0.053949744,5.0,B07SQXY8DP
pca,10000,7270,0.5005138,-0.14129098,4.0,B01K8B8YA8
pca,10000,7271,0.31982896,-0.0878841,5.0,B00KWR8ME2
pca,10000,7272,0.22390483,0.35333157,5.0,B00E44C8PS
pca,10000,7273,0.016552389,-0.089507066,5.0,B00KFNLKRY
pca,10000,7274,-0.08631332,-0.13875733,5.0,B09PNLGJ4S
pca,10000,7275,-0.06004007,-0.21534847,3.0,B077VS8B4M
pca,10000,7276,0.13433385,-0.19571556,5.0,B07QD3HCG3
pca,10000,7277,0.04513502,-0.109402746,5.0,B0BVVJM2X8
pca,10000,7278,0.16308518,-0.15033218,1.0,B083GNMP2F
pca,10000,7279,0.23542039,-0.15654805,5.0,B0C1CR7FN5
pca,10000,7280,-0.15475313,-0.17761596,3.0,B01K8B8YA8
pca,10000,7281,0.09881543,0.053186655,1.0,B07568SNYZ
pca,10000,7282,0.2289042,-0.16894464,5.0,B08F6GPRH6
pca,10000,7283,0.16176653,-0.22273049,5.0,B0BM2YG2K7
pca,10000,7284,0.22699937,-0.1417097,5.0,B0BWD4WGJB
pca,10000,7285,0.11780587,0.20416757,5.0,B09W2JVHDP
pca,10000,7286,-0.022977617,0.28824526,5.0,B08J4FYNBD
pca,10000,7287,-0.1054253,0.30997083,5.0,B0732QMQTC
pca,10000,7288,-0.10395894,0.14295152,5.0,B07PHY8JLL
pca,10000,7289,0.3096099,0.26765954,5.0,B009ZRN3JE
pca,10000,7290,-0.12030701,0.2242154,5.0,B0BYSKLWHY
pca,10000,7291,0.46429086,-0.086854,5.0,B08YGV62S4
pca,10000,7292,0.052384526,0.4104909,5.0,B095WZ38KC
pca,10000,7293,0.04128506,-0.04865825,5.0,B08YGKCHNF
pca,10000,7294,-0.038935885,0.04694607,5.0,B000NG67E4
pca,10000,7295,0.043698438,-0.14231995,5.0,B07MLY3JKV
pca,10000,7296,0.067762986,0.17457189,5.0,B089W47DTX
pca,10000,7297,-0.06212364,0.35802162,5.0,B0B6H961H2
pca,10000,7298,0.28107437,0.3008751,5.0,B07L175T1W
pca,10000,7299,0.16325621,0.20559543,5.0,B07DBYS7DG
pca,10000,7300,0.17415918,-0.094018996,5.0,B075JZNHTD
pca,10000,7301,0.34159678,-0.1175799,5.0,B013JMBAMC
pca,10000,7302,-0.17772555,0.36740232,3.0,B01KJI4ZC6
pca,10000,7303,-0.07966617,0.3841952,3.0,B01M4JIZ24
pca,10000,7304,-0.18470839,0.46447858,3.0,B01ABDJFPG
pca,10000,7305,-0.1805656,0.3949417,4.0,B07WNJQFP9
pca,10000,7306,0.041008536,0.22876512,5.0,B016PTIG0U
pca,10000,7307,-0.030694041,0.3760373,5.0,B01HFZNM9I
pca,10000,7308,0.09117191,0.4423381,5.0,B00FF31LF0
pca,10000,7309,0.09365111,-0.086225964,5.0,B0BJ1SRSGL
pca,10000,7310,-0.26014623,0.08459182,5.0,B00XHT9HBY
pca,10000,7311,0.22327882,-0.09947367,5.0,B086VR2KY8
pca,10000,7312,-0.31652844,0.012280062,5.0,B0721MP41Q
pca,10000,7313,0.29526886,0.039053455,5.0,B0C4LF3H7D
pca,10000,7314,-0.114504725,0.16235702,5.0,B00IA2D1GK
pca,10000,7315,0.30368105,-0.18568373,5.0,B06XN5L3BS
pca,10000,7316,0.19662464,0.060881935,5.0,B089W47DTX
pca,10000,7317,0.115378864,0.038358055,5.0,B077XGL4PG
pca,10000,7318,-0.12074059,-0.21381876,2.0,B00M9DBBK4
pca,10000,7319,-0.036321163,0.23414594,5.0,B08RDSZ3MQ
pca,10000,7320,0.054562982,-0.3503523,5.0,B07WX7ZF31
pca,10000,7321,0.05342383,-0.16227037,5.0,B00BPYUC4E
pca,10000,7322,0.21730752,-0.2552075,5.0,B079B4ZWJ4
pca,10000,7323,-0.09089136,0.26469478,5.0,B098954DRG
pca,10000,7324,0.20516922,0.026365077,1.0,B07S512NHP
pca,10000,7325,-0.01340837,0.007794779,5.0,B07KT13216
pca,10000,7326,0.43434152,-0.18516785,5.0,B08R1P33XC
pca,10000,7327,0.4672721,0.015291579,5.0,B07VP3TVLH
pca,10000,7328,0.20981619,0.14145884,5.0,B0896ZWXW5
pca,10000,7329,0.315726,-0.22747141,1.0,B001NDIZA0
pca,10000,7330,-0.09560676,0.1865574,5.0,B01N5G5PG2
pca,10000,7331,-0.2029579,0.0916338,1.0,B01MS1UZAZ
pca,10000,7332,0.12379204,-0.19649936,5.0,B00FL3N6O8
pca,10000,7333,-0.08613413,-0.10147447,5.0,B09S1GVFJQ
pca,10000,7334,0.17126252,-0.13376886,5.0,B07L9TMP4P
pca,10000,7335,-0.0719278,-0.18227729,3.0,B0011Z9PM2
pca,10000,7336,0.00772856,0.16315922,1.0,B07BKRHYRH
pca,10000,7337,0.055440206,0.37635118,5.0,B07C3VFJ7P
pca,10000,7338,-0.06924175,-0.11745613,2.0,B07K53QZTC
pca,10000,7339,0.13575771,-0.1100102,1.0,B07G5ZG3Q4
pca,10000,7340,0.025019314,0.044950277,5.0,B07D7TQ5VR
pca,10000,7341,-0.14368342,0.036070243,5.0,B0B797SJXQ
pca,10000,7342,-0.14982152,0.072232544,4.0,B0B1DLFXPD
pca,10000,7343,-0.08278419,-0.024181847,5.0,B0C58MBSHD
pca,10000,7344,-0.12579766,0.21004578,5.0,B09RRY31RK
pca,10000,7345,-0.16353856,-0.02142511,5.0,B08XZ8B4HD
pca,10000,7346,-0.19120303,-0.074634716,5.0,B0BS2ZMHCL
pca,10000,7347,-0.052249752,-0.036294535,5.0,B087D8YFCD
pca,10000,7348,0.00012541935,-0.019818824,5.0,B07ZJHTX3G
pca,10000,7349,-0.06366308,0.061815374,3.0,B098VHF5X1
pca,10000,7350,-0.12212016,-0.05651453,5.0,B09HTM917T
pca,10000,7351,-0.21072271,-0.07547522,5.0,B06XJ7RGWC
pca,10000,7352,-0.12528168,0.13362804,5.0,B08V4PZMW6
pca,10000,7353,-0.14867839,0.1231071,5.0,B0925TWV1C
pca,10000,7354,0.07692321,-0.23984261,3.0,B09M3BZYVP
pca,10000,7355,-0.08226371,-0.023211922,5.0,B082L6KJ2J
pca,10000,7356,-0.11058186,0.095405124,5.0,B074K9ZFG2
pca,10000,7357,-0.14142376,0.17404148,5.0,B006J70YRM
pca,10000,7358,-0.054485045,-0.12064145,5.0,B08PFQ1L9F
pca,10000,7359,-0.2927628,-0.06630635,5.0,B07RW343WG
pca,10000,7360,0.12959257,0.078698695,5.0,B07DPKZTTV
pca,10000,7361,-0.16485822,-0.070436515,5.0,B0C7H1XD7V
pca,10000,7362,-0.30971912,-0.03365553,5.0,B0C88VJZJS
pca,10000,7363,-0.16802804,-0.010488601,5.0,B0BJ239KS1
pca,10000,7364,-0.118343726,0.01823065,5.0,B08SRGK4HK
pca,10000,7365,-0.21252237,-0.06581566,5.0,B076DD5JNS
pca,10000,7366,-0.033692297,-0.25585395,5.0,B07C7BTSYN
pca,10000,7367,-0.070275076,0.077603124,5.0,B00O8RYVRO
pca,10000,7368,-0.037142687,-0.011056712,5.0,B01GUIEFJC
pca,10000,7369,-0.027445301,0.11555586,4.0,B019PYKUM4
pca,10000,7370,-0.07372556,-0.36203715,5.0,B01N75TWSA
pca,10000,7371,0.07161111,-0.15623671,4.0,B0BSBG645B
pca,10000,7372,-0.1149489,0.12623198,5.0,B0BMD4XHQB
pca,10000,7373,0.003755779,0.22464123,5.0,B00EN9Q35A
pca,10000,7374,-0.122818366,0.19136351,4.0,B085LQ2WWG
pca,10000,7375,-0.17365621,-0.15055287,5.0,B07H6LYZSD
pca,10000,7376,-0.10691337,0.1656727,5.0,B077TWB9GP
pca,10000,7377,-0.03778425,0.14825028,3.0,B00GMCLLYE
pca,10000,7378,-0.061364226,0.023780668,5.0,B071X9DRSB
pca,10000,7379,0.03898696,0.18628852,5.0,B088NGT57C
pca,10000,7380,-0.05196765,0.021462286,3.0,B076751BN8
pca,10000,7381,-0.03592614,0.057169996,4.0,B07JJFR251
pca,10000,7382,-0.14475644,-0.21173298,5.0,B07BC2PNVL
pca,10000,7383,-0.029076722,-0.07137897,1.0,B015W7XLF6
pca,10000,7384,0.000759447,-0.05560538,5.0,B071CQ134W
pca,10000,7385,-0.12873736,-0.021492342,5.0,B0B1YBHS7T
pca,10000,7386,-0.09548768,-0.3342333,5.0,B00J7KM5X4
pca,10000,7387,-0.028327696,0.051098913,5.0,B071D7G6VC
pca,10000,7388,-0.0699015,0.2221144,5.0,B071PFK1L9
pca,10000,7389,-0.11304824,-0.16365634,4.0,B099MTCTVV
pca,10000,7390,0.07169475,0.12331506,5.0,B01HJ3JYMU
pca,10000,7391,-0.064726815,-0.0144286025,5.0,B071R715MZ
pca,10000,7392,-0.32501838,-0.055786848,5.0,B06XSJHGDM
pca,10000,7393,-0.17763889,-0.26290524,5.0,B01N58WYS7
pca,10000,7394,-0.21192694,0.21665415,5.0,B01CL4D2FM
pca,10000,7395,-0.01997533,-0.037010297,5.0,B089PMMT1X
pca,10000,7396,0.05045247,0.049419582,5.0,B00L7AWOEC
pca,10000,7397,0.0517438,0.048921645,5.0,B09LJ92JQM
pca,10000,7398,-0.0767631,0.25406283,5.0,B00UOIK3FU
pca,10000,7399,-0.2084964,-0.404241,3.0,B00GINCLI2
pca,10000,7400,0.04558876,0.13824789,4.0,B00RVGXZBM
pca,10000,7401,-0.1971319,-0.21716166,5.0,B00F3KBE8O
pca,10000,7402,-0.0847397,-0.19393213,5.0,B07BL3J6KL
pca,10000,7403,0.12667331,-0.10920399,2.0,B016M81ZLG
pca,10000,7404,-0.13638905,0.098965235,5.0,B00P8WKF8M
pca,10000,7405,-0.16678603,0.38675988,5.0,B00LEF25QW
pca,10000,7406,-0.021059655,0.038477577,5.0,B003Q5GI2U
pca,10000,7407,-0.012580607,-0.10459635,5.0,B01CL4CUI2
pca,10000,7408,0.028213687,0.09341283,5.0,B01C5JZ3QY
pca,10000,7409,-0.20496039,-0.33335948,5.0,B00I59XQKO
pca,10000,7410,0.201981,0.13522361,1.0,B00R5QB2OK
pca,10000,7411,-0.09362342,0.32856092,5.0,B008NMCPTQ
pca,10000,7412,0.014734745,0.14165474,5.0,B01MPXZG3U
pca,10000,7413,0.045027226,0.07118902,5.0,B009SGLIHQ
pca,10000,7414,0.15121159,0.091725156,5.0,B07TQS63V7
pca,10000,7415,-0.08838031,-0.3718344,5.0,B001R57OOM
pca,10000,7416,-0.26130876,-0.052221917,5.0,B07YR475PS
pca,10000,7417,0.0171845,-0.32443863,5.0,B07KGVB6D6
pca,10000,7418,0.26888546,0.0678989,5.0,B07KF6WSL8
pca,10000,7419,-0.044235077,0.2768107,5.0,B08JLSP8K2
pca,10000,7420,-0.15015662,-0.051987797,5.0,B08WHB73DK
pca,10000,7421,-0.09211216,0.50869656,5.0,B08HGHSZ8N
pca,10000,7422,-0.15779085,0.192718,5.0,B008FPTID2
pca,10000,7423,0.13967916,0.017649587,5.0,B07HZLHPKP
pca,10000,7424,0.17652273,0.075523004,5.0,B01N25JC8H
pca,10000,7425,0.36737752,0.2003682,5.0,B07R7PRDDT
pca,10000,7426,-0.27446064,0.1900629,5.0,B09FS1WBKL
pca,10000,7427,0.050515845,-0.11501434,5.0,B099P2JF9Y
pca,10000,7428,0.13436462,-0.3833831,2.0,B082CCCQHH
pca,10000,7429,0.08049308,-0.15557279,5.0,B08594S5LY
pca,10000,7430,0.10045567,0.22753869,5.0,B01F6KUKNU
pca,10000,7431,0.15351288,-0.020942245,5.0,B0083J9330
pca,10000,7432,0.11810863,-0.042132832,4.0,B01JA8KS2W
pca,10000,7433,-0.1655775,0.21556823,2.0,B004EBG4J2
pca,10000,7434,0.039430503,-0.013500822,5.0,B009KMV96S
pca,10000,7435,0.17524709,-0.11182862,2.0,B002V3QE40
pca,10000,7436,0.1896717,-0.03327956,5.0,B00IVPU786
pca,10000,7437,0.04338915,0.37500662,5.0,B00FB50SBU
pca,10000,7438,-0.024003427,0.017674936,5.0,B00CE8DUYY
pca,10000,7439,0.117697075,-0.20887467,1.0,B00D695IF4
pca,10000,7440,0.12008236,-0.13385831,5.0,B008I639UQ
pca,10000,7441,-0.0607517,-0.16545174,5.0,B01CA6DXKK
pca,10000,7442,0.19103928,0.1007637,5.0,B00DGJSDQ0
pca,10000,7443,-0.19385014,0.4196055,5.0,B0CDLVKXF7
pca,10000,7444,0.124150276,0.05631081,5.0,B004YD3OUC
pca,10000,7445,0.039317824,0.079475716,5.0,B0BPWG9DBX
pca,10000,7446,0.068101026,-0.3074364,5.0,B00499DUAK
pca,10000,7447,-0.011829127,-0.019532949,5.0,B0014D6FBU
pca,10000,7448,0.1540564,-0.07940233,5.0,B002782LTG
pca,10000,7449,-0.098037615,0.2576265,5.0,B07W42V3CY
pca,10000,7450,-0.049635775,-0.22929531,5.0,B0CBPK3RRC
pca,10000,7451,0.14102244,-0.050964713,5.0,B0BWD4WGJB
pca,10000,7452,0.2011485,0.18641414,5.0,B07X4FM76R
pca,10000,7453,-0.091901466,-0.19484547,4.0,B078C6FSN4
pca,10000,7454,0.2984902,0.11487567,5.0,B08XPWDSWW
pca,10000,7455,0.45852882,0.020381792,5.0,B0B8JH3CF9
pca,10000,7456,0.25585574,-0.17064148,5.0,B00QQH66AO
pca,10000,7457,0.0849391,0.29083738,3.0,B06XXLVKGF
pca,10000,7458,-0.060385853,-0.034825757,5.0,B003ZWN7DW
pca,10000,7459,0.34296092,0.05174564,5.0,B0791TX5P5
pca,10000,7460,0.01998335,-0.084913746,5.0,B07V3JYVQH
pca,10000,7461,-0.14066102,0.20576674,5.0,B010MGIWR4
pca,10000,7462,-0.10161191,0.052693553,5.0,B001F42MKG
pca,10000,7463,0.012119088,0.43456462,5.0,B00LF1YNHO
pca,10000,7464,0.23699525,0.07303949,1.0,B004BHDZIW
pca,10000,7465,-0.19840614,-0.19697331,3.0,B00UWV8JLY
pca,10000,7466,0.17952557,0.20198062,4.0,B0BX65VLJ9
pca,10000,7467,0.07087189,0.06345901,5.0,B071114DHH
pca,10000,7468,0.24426901,0.14399114,5.0,B07W42V3CY
pca,10000,7469,0.20656317,0.012709953,4.0,B0C23DXZJ1
pca,10000,7470,0.059789237,0.3842887,5.0,B01M5GZ9HH
pca,10000,7471,0.28804109,0.088537395,5.0,B00FC2KPEC
pca,10000,7472,0.089401096,-0.25204134,5.0,B0031TRZX2
pca,10000,7473,-0.04380008,-0.21524362,5.0,B0CCSMFH13
pca,10000,7474,-0.006833883,-0.019916508,1.0,B002OJVANQ
pca,10000,7475,0.08852491,0.1310678,5.0,B0095PZHPE
pca,10000,7476,0.54398817,-0.13984656,5.0,B01CIJGV4E
pca,10000,7477,0.54398817,-0.13984656,5.0,B0187AEJTM
pca,10000,7478,0.42941916,0.0454757,5.0,B0185ROQ2C
pca,10000,7479,0.54398817,-0.13984656,5.0,B017EADYHE
pca,10000,7480,-0.061464712,-0.1877132,5.0,B004OF9XGO
pca,10000,7481,-0.029704686,-0.15040146,5.0,B074T33YV1
pca,10000,7482,-0.0038995612,0.020561973,4.0,B079K962M6
pca,10000,7483,0.33511323,0.15932792,5.0,B074GZPTRF
pca,10000,7484,0.1280093,-0.26102793,5.0,B01NAFVWBJ
pca,10000,7485,-0.19917428,0.30600595,3.0,B00D5YTO5K
pca,10000,7486,-0.14868543,-0.08294288,5.0,B076P3K79R
pca,10000,7487,0.029115524,-0.14822544,1.0,B0778NFJD5
pca,10000,7488,-0.08117216,0.050791964,3.0,B0168YIWSI
pca,10000,7489,0.038567357,0.27122033,5.0,B001BLI3HE
pca,10000,7490,-0.098822355,-0.06001316,4.0,B07BJ2F1Y8
pca,10000,7491,-0.24850339,-0.33282784,1.0,B01LXJFMGF
pca,10000,7492,0.057639264,-0.1321488,3.0,B00DCC300U
pca,10000,7493,0.15030308,-0.059977718,1.0,B0BRLZFYTJ
pca,10000,7494,-0.065989025,-0.09761101,2.0,B07DQF8LHL
pca,10000,7495,-0.052378885,-0.10428124,4.0,B075KZTN4J
pca,10000,7496,-0.086169094,-0.31569922,1.0,B07456BG8N
pca,10000,7497,0.23805194,-0.23457354,2.0,B09GYHBBZB
pca,10000,7498,0.22113746,0.10954105,5.0,B092VLXWQ7
pca,10000,7499,0.00093234517,-0.12839524,4.0,B0BQTKWPTV
pca,10000,7500,0.30944017,0.06282713,5.0,B08V8FFS3S
pca,10000,7501,-0.047977477,0.24848723,5.0,B07F1TKR5W
pca,10000,7502,0.17238922,-0.18636498,5.0,B07F2PMFBB
pca,10000,7503,-0.08280974,-0.15721618,3.0,B09MH42ZP1
pca,10000,7504,0.008253116,-0.07769967,1.0,B09TF5TPL5
pca,10000,7505,0.048319355,0.0021192208,5.0,B008I636D6
pca,10000,7506,-0.08451681,0.0015472602,3.0,B01B1QBK78
pca,10000,7507,-0.16003212,0.013152115,4.0,B08KZ1TZYB
pca,10000,7508,0.09895251,-0.01081832,5.0,B0083J7OUO
pca,10000,7509,-0.20445967,0.46203628,5.0,B00FVU5VJE
pca,10000,7510,0.0037190076,-0.25018334,5.0,B007ZG5GT2
pca,10000,7511,-0.1904759,-0.021577058,5.0,B00KT3OM3O
pca,10000,7512,-0.122278765,0.18309774,5.0,B00GDPP0TC
pca,10000,7513,0.042288877,0.16160269,5.0,B08C5GK7NK
pca,10000,7514,0.24258795,0.20646782,5.0,B01D3BDXQA
pca,10000,7515,-0.049847916,0.16844533,5.0,B007HCCNJU
pca,10000,7516,0.066554725,-0.03191472,3.0,B005GLFSYQ
pca,10000,7517,0.54398817,-0.13984656,5.0,B07GZFM1ZM
pca,10000,7518,-0.01823597,-0.23687099,5.0,B07H65KP63
pca,10000,7519,0.24443299,-0.0926066,5.0,B07MDB9WZM
pca,10000,7520,-0.044735275,-0.033140756,5.0,B00IXL3P1O
pca,10000,7521,0.021478293,0.04676204,5.0,B075JZNHTD
pca,10000,7522,-0.034630418,-0.18975489,5.0,B01M3ULMWP
pca,10000,7523,0.5191235,-0.062466703,5.0,B073VMG4FN
pca,10000,7524,0.20309561,0.017657688,5.0,B075JB46XP
pca,10000,7525,-0.05640708,-0.12853709,5.0,B004F9LF7E
pca,10000,7526,-0.08091502,0.15635614,1.0,B0895N1RS2
pca,10000,7527,-0.06259085,-0.024525546,5.0,B077VCJ8DZ
pca,10000,7528,-0.03751246,-0.07182825,5.0,B07MPXBZSQ
pca,10000,7529,0.15135129,-0.03640033,4.0,B00U0OJMYG
pca,10000,7530,0.21003245,0.12513006,5.0,B002T8KWJA
pca,10000,7531,0.10273822,-0.23410678,5.0,B00TQD235C
pca,10000,7532,-0.022666141,0.38047144,5.0,B00RQWBBEY
pca,10000,7533,0.0888425,-0.21135968,5.0,B00U84SJRO
pca,10000,7534,-0.19728024,0.17066984,5.0,B0C7QWBN8V
pca,10000,7535,0.034033693,-0.21332425,5.0,B0BW543RH8
pca,10000,7536,0.23156476,0.024689974,5.0,B07VV3C19F
pca,10000,7537,0.31168607,-0.14640382,5.0,B09TXLMZSM
pca,10000,7538,0.029192552,-0.011606517,5.0,B0BX2NBL7M
pca,10000,7539,0.08979834,-0.0071088425,5.0,B09XDKT989
pca,10000,7540,-0.05134774,-0.17606892,5.0,B083LLM6QJ
pca,10000,7541,-0.04646086,0.47520688,5.0,B01GDM45H2
pca,10000,7542,0.11388716,0.05558466,5.0,B0BK7SPR22
pca,10000,7543,-0.050636046,0.027688125,3.0,B0BJZNZQY7
pca,10000,7544,-0.28634846,0.37261644,5.0,B07XCGYYVF
pca,10000,7545,-0.43056616,-0.092796735,5.0,B074F3YW3R
pca,10000,7546,0.14214534,-0.23410052,3.0,B00P82C5F8
pca,10000,7547,0.14166267,-0.25105384,5.0,B004T8ZIV0
pca,10000,7548,-0.33774418,-0.14092113,5.0,B005RUP5UI
pca,10000,7549,0.1327999,-0.091327116,3.0,B00A157JK8
pca,10000,7550,-0.14105655,0.18528284,5.0,B07BLKHQK6
pca,10000,7551,0.17249674,0.06343665,5.0,B09554QF7L
pca,10000,7552,-0.0494838,0.04693594,1.0,B01K6MPHV8
pca,10000,7553,-0.1517465,-0.4120075,1.0,B01K8B8YA8
pca,10000,7554,0.16194713,0.3679035,5.0,B016UM2IFG
pca,10000,7555,-0.011698708,-0.09296058,5.0,B00CX5P8FC
pca,10000,7556,0.020076707,-0.15307601,5.0,B00KGMYWAQ
pca,10000,7557,0.17584357,-0.019471379,5.0,B00E0J0EL2
pca,10000,7558,0.18743391,-0.03845408,1.0,B002C03AIA
pca,10000,7559,-0.10919534,-0.14082617,5.0,B0BB6TYK7V
pca,10000,7560,0.48398262,0.11371871,5.0,B0C72D4J46
pca,10000,7561,-0.12930752,0.10143953,5.0,B09W42HJKL
pca,10000,7562,-0.13089643,0.37427112,5.0,B091F4312G
pca,10000,7563,-0.048787966,0.25644198,5.0,B08YFJYD5Z
pca,10000,7564,-0.116476625,0.16244064,4.0,B07J2FGZSM
pca,10000,7565,-0.06800553,-0.16205357,5.0,B006GWO5WK
pca,10000,7566,-0.20490983,0.1791236,5.0,B0051VVOB2
pca,10000,7567,0.09127794,0.3093119,5.0,B003DZ168E
pca,10000,7568,0.1329628,0.132215,5.0,B00GQKOI88
pca,10000,7569,0.17047386,0.06413676,5.0,B00O4OR4GQ
pca,10000,7570,0.15860187,0.13190173,5.0,B00R1ZEBUW
pca,10000,7571,-0.22020486,-0.103090346,5.0,B01FD6D59I
pca,10000,7572,-0.105499014,0.18272954,5.0,B01FD6D0I4
pca,10000,7573,0.2033668,0.28326407,5.0,B01DU9UMM8
pca,10000,7574,0.0778027,0.24272609,5.0,B014TUZ92U
pca,10000,7575,0.10937178,0.18867825,5.0,B01BH1QCES
pca,10000,7576,0.37514403,0.13435315,5.0,B07FW2G81C
pca,10000,7577,0.21942806,-0.15400207,5.0,B00U84SJRO
pca,10000,7578,0.17855276,-0.0049160966,5.0,B00IF70SDO
pca,10000,7579,0.17855276,-0.0049160966,5.0,B0819PCPBV
pca,10000,7580,0.2384585,0.18863682,5.0,B07D21M6ZF
pca,10000,7581,0.05991028,0.02664979,1.0,B071J9GQP8
pca,10000,7582,0.04523828,0.10276503,5.0,B00LWHU9D8
pca,10000,7583,0.20483363,-0.10768204,5.0,B0BG9VDGBT
pca,10000,7584,0.16518919,0.080057375,1.0,B01LVUUSK0
pca,10000,7585,0.034845747,-0.39908445,1.0,B0BWL9DSW2
pca,10000,7586,0.041315958,0.04620961,5.0,B07PGL2N7J
pca,10000,7587,0.21330726,-0.14922285,1.0,B07C9Y72T1
pca,10000,7588,0.11903786,0.037264816,3.0,B00KX6EJ9Y
pca,10000,7589,0.13412496,-0.029559098,5.0,B00F19Q7YI
pca,10000,7590,-0.07597285,-0.005842607,2.0,B0BN74ZJDK
pca,10000,7591,0.27782628,-0.12898633,5.0,B077VVNYLY
pca,10000,7592,0.0075116195,-0.054174505,5.0,B00006IS4X
pca,10000,7593,0.30756143,0.039627194,4.0,B01ISM267G
pca,10000,7594,-0.0032853615,0.17165945,5.0,B00LTMUYHM
pca,10000,7595,0.0026476523,-0.2804691,1.0,B017EVJG48
pca,10000,7596,0.11327311,0.09338952,5.0,B01I2MXME8
pca,10000,7597,0.10134734,0.17647485,5.0,B01580BPU0
pca,10000,7598,-0.030428734,-0.12513617,5.0,B00KVCBU1K
pca,10000,7599,0.12290467,0.07213345,5.0,B01LZ4D2T5
pca,10000,7600,0.032175176,-0.023821466,1.0,B00MN284T2
pca,10000,7601,0.014556385,-0.34504706,5.0,B07CBSSNXG
pca,10000,7602,-0.12849364,-0.113161415,3.0,B00JZSB7NW
pca,10000,7603,-0.2382671,-0.14127617,5.0,B00HX0RTKO
pca,10000,7604,-0.0941526,-0.04487277,5.0,B00FA4Y66U
pca,10000,7605,-0.03197662,-0.1280153,3.0,B016V8XF74
pca,10000,7606,-0.065248415,-0.04533352,3.0,B0056B58AU
pca,10000,7607,-0.09090519,0.1899097,5.0,B00DS4G2AW
pca,10000,7608,0.4703193,0.06702464,5.0,B07RCBWTGR
pca,10000,7609,0.1065904,0.018026112,5.0,B00ET0H9R4
pca,10000,7610,0.073175505,-0.10890033,5.0,B091BD9T1Z
pca,10000,7611,0.042097297,0.16177514,4.0,B0B4JQY8JY
pca,10000,7612,0.0012430623,-0.34654763,5.0,B0971XBV8M
pca,10000,7613,-0.094356,-0.029903322,5.0,B08GLRVD95
pca,10000,7614,0.21948855,0.11769677,5.0,B071WNBH6S
pca,10000,7615,0.13318712,0.15163769,5.0,B08SJ7541V
pca,10000,7616,0.19367161,0.11341771,5.0,B08Y8BGWSX
pca,10000,7617,-0.12623519,-0.029270127,5.0,B09RZFJT88
pca,10000,7618,-0.22727174,-0.17949243,5.0,B073PT96NN
pca,10000,7619,0.0023095775,0.08687801,5.0,B083S6N88S
pca,10000,7620,-0.07926889,0.23545198,5.0,B07SMVHYHJ
pca,10000,7621,0.123018555,0.12031155,5.0,B073LZYQCR
pca,10000,7622,0.14046396,-0.173694,2.0,B087D9VRGC
pca,10000,7623,0.083087415,-0.23468357,5.0,B00RFLXE0A
pca,10000,7624,-0.086093664,-0.37415013,4.0,B072V3478X
pca,10000,7625,0.09685362,-0.027919149,5.0,B00INKHXY0
pca,10000,7626,-0.06630727,0.19315825,4.0,B00INO6JX2
pca,10000,7627,0.26773173,0.13709997,5.0,B07VXCFZN1
pca,10000,7628,-0.09408583,0.19984059,5.0,B0054WF6JY
pca,10000,7629,0.00017593615,-0.06608898,5.0,B07FLH7VLQ
pca,10000,7630,0.07961074,-0.31609234,1.0,B07324B77V
pca,10000,7631,0.35390574,-0.16349694,5.0,B01B3QMITU
pca,10000,7632,-0.0851883,0.051352732,5.0,B083Y4S579
pca,10000,7633,0.16520181,-0.004622316,5.0,B09R4C84NX
pca,10000,7634,0.31920993,0.08450658,5.0,B000RUJFOU
pca,10000,7635,0.00014244393,-0.26699907,1.0,B0087NZ31S
pca,10000,7636,0.012635702,-0.07363905,5.0,B001413DWQ
pca,10000,7637,0.36800689,0.01555779,4.0,B0052SCU8U
pca,10000,7638,0.36800689,0.01555779,4.0,B083TH1B45
pca,10000,7639,0.5327408,0.05774656,5.0,B0089NF5VE
pca,10000,7640,0.5327408,0.05774656,5.0,B00007M1TZ
pca,10000,7641,0.36800689,0.01555779,4.0,B0015ADLOQ
pca,10000,7642,0.36800689,0.01555779,4.0,B0001Y6J14
pca,10000,7643,0.5327408,0.05774656,5.0,B00IF0JAYE
pca,10000,7644,0.08913918,-0.122699276,5.0,B0027C8M8G
pca,10000,7645,0.3650347,0.055747814,5.0,B0053KRQRM
pca,10000,7646,0.40458965,0.11676998,5.0,B0CDLVKXF7
pca,10000,7647,0.37742853,0.04796891,5.0,B003LZ6F8M
pca,10000,7648,0.15755855,0.041532576,5.0,B07FPP6TB5
pca,10000,7649,0.26043934,0.08950492,5.0,B0C6D2TBZ7
pca,10000,7650,-0.0426932,0.48718032,5.0,B06XS8W36K
pca,10000,7651,-0.20135185,0.14236204,5.0,B08LXZPC1M
pca,10000,7652,0.008746264,-0.26224843,5.0,B07LD9TTZY
pca,10000,7653,0.034817748,-0.12671848,5.0,B075JZNHTD
pca,10000,7654,0.22786953,0.032663494,5.0,B00IJH1W4O
pca,10000,7655,-0.13056387,0.11175776,5.0,B07FTKQ97Q
pca,10000,7656,-0.2286793,-0.22841421,5.0,B0876XG5ZM
pca,10000,7657,-0.1301979,-0.09849866,1.0,B00XHU3354
pca,10000,7658,-0.08728543,-0.26805514,5.0,B07VLBTSZP
pca,10000,7659,0.14838222,-0.25502723,5.0,B07R5QJ6YS
pca,10000,7660,-0.06972665,0.113535054,1.0,B07X53M18Z
pca,10000,7661,-0.2047084,0.38802427,5.0,B0BWNFGCYH
pca,10000,7662,-0.11496885,-0.2094181,1.0,B00Z0V2NQ8
pca,10000,7663,0.07989934,-0.001626893,4.0,B006P88VSE
pca,10000,7664,0.070447035,-0.016686868,5.0,B000EVNWVO
pca,10000,7665,-0.15670383,-0.072445646,4.0,B000CSQRYS
pca,10000,7666,-0.24389243,-0.0757838,5.0,B09RZDNN93
pca,10000,7667,-0.077234305,-0.26081827,2.0,B09YTSXGQF
pca,10000,7668,0.011134049,-0.117640875,5.0,B097H72K1T
pca,10000,7669,0.013704456,-0.15010683,5.0,B07CG57KJM
pca,10000,7670,-0.012005076,0.07795362,5.0,B07DZXVFTK
pca,10000,7671,0.30835673,-0.07501568,5.0,B08MC6ZD53
pca,10000,7672,0.37491453,0.05782926,5.0,B07VRB6X4Y
pca,10000,7673,0.07486667,0.09484372,5.0,B002DPUUL4
pca,10000,7674,0.29723606,0.05749663,5.0,B07RYNFR2B
pca,10000,7675,0.07131293,0.09723217,5.0,B07PNT3VKK
pca,10000,7676,0.10711828,0.09005587,5.0,B07S4KJV6W
pca,10000,7677,0.060192,-0.06338319,5.0,B073W6ZC7B
pca,10000,7678,-0.26194355,0.35813236,5.0,B004GINYGY
pca,10000,7679,0.3255232,-0.10609161,5.0,B004I1E1LG
pca,10000,7680,0.004966357,-0.027316254,1.0,B08K2S5B88
pca,10000,7681,-0.17288058,-0.23594925,5.0,B07XJ1DHSS
pca,10000,7682,-0.05594997,0.03164625,5.0,B08Y8FSTMT
pca,10000,7683,-0.010432666,-0.05998332,5.0,B0B3NCYQPT
pca,10000,7684,0.22502778,0.14142863,5.0,B09Q3NR84W
pca,10000,7685,0.09588198,0.19202955,5.0,B07HL5J1NF
pca,10000,7686,0.047799557,0.22940399,5.0,B07WBX3VFM
pca,10000,7687,-0.33522707,0.054878972,5.0,B09LLRD6N6
pca,10000,7688,-0.14438322,0.0120580215,5.0,B079MRJHSD
pca,10000,7689,-0.04316471,0.02308738,5.0,B01EKMLDNQ
pca,10000,7690,0.038085528,0.084059544,5.0,B075R5G8DS
pca,10000,7691,0.027774733,-0.15029974,5.0,B01DFKBI6G
pca,10000,7692,-0.16202481,-0.088401526,5.0,B01D5NR70E
pca,10000,7693,0.06239792,0.38052446,4.0,B019I9X4YC
pca,10000,7694,0.00090335123,-0.21788329,5.0,B08V2MLHLN
pca,10000,7695,-0.1667578,0.3396192,4.0,B01HBSGTQ2
pca,10000,7696,-0.15689883,0.14853618,5.0,B07LBRZ5TH
pca,10000,7697,0.161881,-0.16346315,5.0,B00BWF5U0M
pca,10000,7698,-0.26446527,-0.15211481,5.0,B0BCDMS3PH
pca,10000,7699,-0.036342464,-0.24137315,5.0,B00DQJTYGS
pca,10000,7700,0.36340308,0.04007808,5.0,B009X21N1G
pca,10000,7701,-0.03228893,-0.18812291,5.0,B00E0J0EL2
pca,10000,7702,-0.20964387,0.0067395326,5.0,B008J0Z9TA
pca,10000,7703,-0.21617399,-0.01341023,5.0,B07YFD37SF
pca,10000,7704,-0.16199349,0.053261288,5.0,B0046EDOWW
pca,10000,7705,-0.122977614,-0.1748658,5.0,B005KQ0S8S
pca,10000,7706,-0.2107267,-0.00599665,5.0,B007L87V60
pca,10000,7707,-0.1942018,0.17606866,5.0,B0051VVOB2
pca,10000,7708,-0.36683092,-0.13255699,5.0,B005130BFA
pca,10000,7709,-0.10040499,0.0465058,5.0,B0033VKKB2
pca,10000,7710,0.002589414,-0.013231716,5.0,B06Y3CYKQ2
pca,10000,7711,0.16830648,0.021813957,5.0,B0B6TW92BS
pca,10000,7712,0.079569936,0.14514245,5.0,B01K8B8YA8
pca,10000,7713,0.17073219,0.03576278,5.0,B09WDS7KLW
pca,10000,7714,0.07572886,-0.08511263,4.0,B07G61MFF6
pca,10000,7715,-0.118608594,-0.3741042,5.0,B0C6DWCB3D
pca,10000,7716,-0.19802424,-0.14382005,5.0,B01KIPDDU0
pca,10000,7717,0.28895482,-0.010945901,5.0,B0742KMWL8
pca,10000,7718,-0.26218426,0.3543922,5.0,B00WHZVQFE
pca,10000,7719,0.21304394,0.17018533,5.0,B08XB923TK
pca,10000,7720,0.093390144,0.004915241,4.0,B0BN82YZQR
pca,10000,7721,0.07505585,-0.15270737,5.0,B0BF4WCZ8Q
pca,10000,7722,-0.14095867,0.35402298,3.0,B07H4HXW14
pca,10000,7723,-0.15373403,0.05511841,5.0,B0BD9HDHPJ
pca,10000,7724,0.004385316,-0.08266881,5.0,B0BTCLFDHM
pca,10000,7725,0.14496821,-0.053062797,1.0,B09HRD9X5P
pca,10000,7726,0.5144506,-0.14206803,5.0,B0BMZS8QRZ
pca,10000,7727,0.19206515,-0.0848063,5.0,B011BRUOMO
pca,10000,7728,0.15946461,0.057840265,5.0,B08F9ZCTCL
pca,10000,7729,0.54398817,-0.13984656,5.0,B083XHP2GN
pca,10000,7730,0.097284995,-0.081258334,5.0,B07P87SZMJ
pca,10000,7731,0.22790045,-0.1548642,5.0,B07R8WFTG5
pca,10000,7732,0.33696666,0.053424917,5.0,B07BKZVWDM
pca,10000,7733,-0.015035398,0.10843529,5.0,B002NIGDX0
pca,10000,7734,0.19381084,-0.07302705,3.0,B005Z2TG9Y
pca,10000,7735,0.05761382,-0.07527073,4.0,B00U21WD4S
pca,10000,7736,0.06026277,0.00061797816,5.0,B086KSZWTW
pca,10000,7737,0.21678434,-0.10887118,5.0,B0015ADR1I
pca,10000,7738,0.17431799,0.041045412,5.0,B08ZN9HT9W
pca,10000,7739,0.28959802,0.058796838,5.0,B08ZN9HT9W
pca,10000,7740,0.17177074,0.061341286,5.0,B08ZN9HT9W
pca,10000,7741,0.13833141,0.24063084,5.0,B0773YFM2N
pca,10000,7742,0.08367743,-0.13183577,5.0,B016AQXG80
pca,10000,7743,-0.06328306,0.20822126,5.0,B01MTF2Z37
pca,10000,7744,0.2561742,0.13673882,5.0,B00S67CZLG
pca,10000,7745,0.15002479,0.34885293,5.0,B00DQZTJKI
pca,10000,7746,0.019280152,0.14776522,4.0,B00KQNVQ6S
pca,10000,7747,0.09638738,-0.035024695,5.0,B00GLJBZKI
pca,10000,7748,-0.14627817,0.3666353,5.0,B0BKQZGST4
pca,10000,7749,0.1552096,-0.044204026,5.0,B019GSZ6FK
pca,10000,7750,-0.11002685,0.025939936,5.0,B0B9WN2WDC
pca,10000,7751,-0.22297633,0.2727035,4.0,B09V3D2NM2
pca,10000,7752,-0.23658663,-0.106107004,3.0,B0BHL9HXML
pca,10000,7753,-0.19923586,-0.041622516,4.0,B07D1J88CF
pca,10000,7754,-0.060938187,-0.0049819094,4.0,B096K4MF5V
pca,10000,7755,-0.1309162,-0.2164036,5.0,B00007KDX6
pca,10000,7756,0.019808691,0.15969905,5.0,B0C5D6ZX72
pca,10000,7757,-0.10242846,0.034027323,5.0,B08FCGDR1W
pca,10000,7758,-0.1438211,0.51416177,4.0,B08JV8NB1Z
pca,10000,7759,-0.027636547,-0.2710829,2.0,B075X8471B
pca,10000,7760,0.12304601,-0.018042177,4.0,B079TT1C7Z
pca,10000,7761,-0.15167987,0.46654162,5.0,B018FLUTT2
pca,10000,7762,0.34087905,-0.02796021,5.0,B085MY79KW
pca,10000,7763,0.42747423,0.14216134,5.0,B07F4P3JH7
pca,10000,7764,0.32757172,-0.08746242,5.0,B0BPMNM5J3
pca,10000,7765,-0.04912252,0.32022434,5.0,B075RV7KR1
pca,10000,7766,0.42747423,0.14216134,5.0,B0773YFM2N
pca,10000,7767,0.2523989,0.04337234,4.0,B078DMYPB1
pca,10000,7768,-0.031821538,-0.3758182,1.0,B07V2DMFM6
pca,10000,7769,0.013375934,-0.31081045,1.0,B07D19LHXS
pca,10000,7770,-0.1950738,0.16791873,5.0,B011CV9G3C
pca,10000,7771,-0.09031854,-0.30047715,5.0,B08KGXGDX5
pca,10000,7772,0.05175818,-0.22607902,5.0,B0C7BDST52
pca,10000,7773,0.059152275,-0.35339123,2.0,B08D7JPKLZ
pca,10000,7774,0.15472874,-0.008850432,5.0,B018JR70U8
pca,10000,7775,0.15472874,-0.008850432,5.0,B008H66BH0
pca,10000,7776,0.15472874,-0.008850432,5.0,B00XK7Q72U
pca,10000,7777,0.12486347,-0.14781769,1.0,B09MYKYJ7W
pca,10000,7778,-0.079339735,-0.15355259,5.0,B07QPPTBBC
pca,10000,7779,0.13196391,-0.3777233,3.0,B0B76BV9JN
pca,10000,7780,0.06964409,0.074421614,5.0,B09ZV2LJ67
pca,10000,7781,0.062022787,-0.19350854,1.0,B08ZCQ3GVR
pca,10000,7782,0.28661242,-0.20013802,5.0,B07P8BW3P2
pca,10000,7783,0.28915873,-0.05700718,5.0,B0C4F2NHWH
pca,10000,7784,0.31289798,-0.17618406,1.0,B087WJV8DY
pca,10000,7785,-0.13611983,-0.26411098,3.0,B01NCUP9F3
pca,10000,7786,-0.3339926,0.23518975,3.0,B06Y5WDVV3
pca,10000,7787,-0.16203235,0.019928752,5.0,B00IVFUJBG
pca,10000,7788,-0.12944067,-0.040780753,4.0,B078QK9856
pca,10000,7789,-0.11964482,0.0901217,5.0,B01HXBUBUW
pca,10000,7790,0.034243748,-0.29000196,1.0,B08VWZRB92
pca,10000,7791,0.08138388,0.13283291,5.0,B012WF7ORW
pca,10000,7792,-0.027023442,-0.3067055,1.0,B0B3RVRQKG
pca,10000,7793,-0.057055958,0.10728836,3.0,B08HM14L1P
pca,10000,7794,0.016869625,-0.13637179,4.0,B08FWNNWTB
pca,10000,7795,-0.23282006,-0.14388846,5.0,B09F95J33F
pca,10000,7796,0.045462124,-0.2822921,4.0,B07GTGHQHB
pca,10000,7797,0.15726759,0.086780906,3.0,B07JPM5867
pca,10000,7798,-0.023274627,0.1755278,4.0,B0BWYPV5NY
pca,10000,7799,0.018329348,0.10501346,3.0,B072ML61NW
pca,10000,7800,-0.11686543,0.12296151,4.0,B06Y41XM9Z
pca,10000,7801,0.22643228,0.09505476,4.0,B0152Z8644
pca,10000,7802,0.020352053,-0.2239798,5.0,B00F0DD0I6
pca,10000,7803,0.14370885,-0.014347592,5.0,B006GFDOMO
pca,10000,7804,-0.16709316,-0.10066466,5.0,B00WJE31QK
pca,10000,7805,-0.011106018,-0.08627853,2.0,B005LKB0IU
pca,10000,7806,-0.019365422,-0.20186312,4.0,B00N438N3G
pca,10000,7807,0.20854697,0.061765753,4.0,B00KG6YRPC
pca,10000,7808,0.015277451,-0.0032830564,3.0,B002DQTDTI
pca,10000,7809,-0.010020275,-0.16457622,5.0,B01GW1GO7S
pca,10000,7810,-0.048300736,-0.2501519,5.0,B007UXTSTE
pca,10000,7811,-0.2352274,-0.31107768,5.0,B007GFX0PY
pca,10000,7812,-0.019935258,-0.30237016,4.0,B007Q45EF4
pca,10000,7813,0.041940793,0.13123277,5.0,B00GPL2ZJ2
pca,10000,7814,-0.0050373077,0.14414941,5.0,B0058BG0UK
pca,10000,7815,0.10218977,0.07202893,5.0,B00023763Y
pca,10000,7816,0.011399517,-0.12654431,5.0,B07Q1JVCTS
pca,10000,7817,-0.06853342,0.029164733,4.0,B003A5TX82
pca,10000,7818,-0.00021643378,-0.14716926,5.0,B002B480PA
pca,10000,7819,0.1549038,0.025655182,4.0,B00006BAJP
pca,10000,7820,0.06513949,-0.39105332,5.0,B017T9KF1S
pca,10000,7821,0.039215587,0.101588115,5.0,B010O0CBHU
pca,10000,7822,0.17066382,0.038345665,5.0,B0B277V5RW
pca,10000,7823,0.13088015,-0.030427491,5.0,B011KFQASE
pca,10000,7824,0.09643877,-0.06329065,5.0,B004B7KO9U
pca,10000,7825,0.12730071,-0.086279884,5.0,B00JMNUGSM
pca,10000,7826,0.22608963,-0.034697533,5.0,B001BMKNZI
pca,10000,7827,-0.08208146,-0.031893723,1.0,B00ASLSQHK
pca,10000,7828,-0.03732148,-0.37734026,5.0,B0002344GG
pca,10000,7829,-0.058782004,-0.24858983,5.0,B0B97T3CQS
pca,10000,7830,0.05331397,-0.2896328,5.0,B009L0409C
pca,10000,7831,0.023535313,-0.18971899,3.0,B009IHHQUS
pca,10000,7832,0.15496361,0.13799283,5.0,B002IRU936
pca,10000,7833,-0.1675866,-0.29953805,5.0,B00INCA0VG
pca,10000,7834,-0.080057286,-0.2679294,5.0,B007KA5GFW
pca,10000,7835,-0.14253527,-0.29896018,5.0,B00XAJD7NA
pca,10000,7836,-0.059983127,-0.1830511,5.0,B008J54SKQ
pca,10000,7837,0.038849153,-0.14883466,5.0,B00176NKPS
pca,10000,7838,0.15740532,-0.051379822,5.0,B005LTIJZI
pca,10000,7839,-0.04555428,0.27161935,5.0,B08HYTVDQ6
pca,10000,7840,0.08093794,0.06680403,4.0,B004HYGDCY
pca,10000,7841,0.041628852,-0.18708135,1.0,B0B7X9YLJX
pca,10000,7842,-0.15108486,0.11563059,5.0,B00CYX54C0
pca,10000,7843,-0.14955463,0.1977874,5.0,B07GFDT3YZ
pca,10000,7844,-0.013741445,0.04877405,4.0,B00U82O92U
pca,10000,7845,-0.06391397,0.1273109,5.0,B00KHQWPZA
pca,10000,7846,-0.11721045,0.48329982,4.0,B01ITUHLK4
pca,10000,7847,0.044247717,0.22437853,4.0,B00OVV2XX6
pca,10000,7848,0.3741587,-0.027304333,5.0,B07SYW3XL1
pca,10000,7849,0.16818593,0.08171284,5.0,B0B6QVY9VB
pca,10000,7850,0.13169521,0.001864491,4.0,B00ST1Y2QU
pca,10000,7851,0.19980547,0.10864611,4.0,B079GT4XJC
pca,10000,7852,-0.012840766,-0.27723044,3.0,B01K8B8YA8
pca,10000,7853,0.16896224,0.01099243,5.0,B0036ZZ72W
pca,10000,7854,-0.22339919,0.06444435,4.0,B0C49M9KPL
pca,10000,7855,0.27974978,0.043736532,5.0,B09BL28YV5
pca,10000,7856,-0.046362326,-0.1443049,4.0,B0B496582G
pca,10000,7857,0.14324301,-0.038038354,5.0,B09XYMSZLL
pca,10000,7858,0.07610186,0.0071917903,4.0,B07YP657FB
pca,10000,7859,0.3171847,-0.09537077,2.0,B08QR8G55V
pca,10000,7860,0.13584763,0.10465649,5.0,B0C6D2VKPG
pca,10000,7861,-0.058055125,-0.025986763,5.0,B01HRVABD0
pca,10000,7862,0.052358937,0.06063976,4.0,B07YD45KWW
pca,10000,7863,0.11909118,0.049699523,5.0,B0BM9GV17J
pca,10000,7864,0.23354882,0.15759176,5.0,B07NDM32KQ
pca,10000,7865,-0.043522283,0.05799935,5.0,B0C39DB47Z
pca,10000,7866,0.16511893,-0.08560503,5.0,B07XBNWBC1
pca,10000,7867,-0.0011107996,0.31447697,5.0,B074FTRZ8H
pca,10000,7868,0.21425903,0.019112932,5.0,B075JZNHTD
pca,10000,7869,0.11723756,0.19076581,5.0,B01N57FYOD
pca,10000,7870,-0.13917081,-0.043698724,5.0,B07H7Z43ZY
pca,10000,7871,-0.23720688,0.13209422,5.0,B0BVZZ36ZL
pca,10000,7872,-0.075277515,-0.18063156,5.0,B08HD11Q4X
pca,10000,7873,-0.22963911,-0.054100186,5.0,B088GVRWKH
pca,10000,7874,0.043446716,0.04354749,5.0,B07X7TKDV2
pca,10000,7875,-0.041791253,0.016988143,5.0,B07X84NZWF
pca,10000,7876,0.13952607,-0.05453846,5.0,B0C2PVFRWV
pca,10000,7877,0.036718406,0.030360417,5.0,B094TY4485
pca,10000,7878,-0.1672498,-0.09823567,5.0,B0C2PVFRWV
pca,10000,7879,-0.20095694,0.21587606,5.0,B077GN5H7D
pca,10000,7880,0.14975284,0.09770676,5.0,B06XFVP9X7
pca,10000,7881,0.2350978,-0.20014448,3.0,B074M6WRJC
pca,10000,7882,0.26704222,-0.017547097,5.0,B01D1NSWFW
pca,10000,7883,-0.13216753,-0.046213202,5.0,B01ISLH4V0
pca,10000,7884,-0.21783221,-0.140691,5.0,B074W2JMS6
pca,10000,7885,0.34008935,-0.13838424,5.0,B000V6T5BI
pca,10000,7886,0.088089004,0.32259127,5.0,B07CKNG3KL
pca,10000,7887,-0.19243783,0.25801075,4.0,B00W110K4C
pca,10000,7888,0.06320855,-0.03676955,5.0,B00404SUZ4
pca,10000,7889,0.05213372,-0.06903635,3.0,B07P374FF3
pca,10000,7890,0.1512862,-0.22909845,4.0,B08SW5Y36C
pca,10000,7891,-0.07360852,-0.10898523,3.0,B08YFJYD5Z
pca,10000,7892,0.267565,0.12707198,4.0,B08XJWRCKF
pca,10000,7893,0.0228666,0.368245,5.0,B08T15H2QL
pca,10000,7894,-0.07806762,0.112694465,5.0,B08ZKVYCK2
pca,10000,7895,0.5352542,0.029389052,5.0,B073JWXGNT
pca,10000,7896,0.48990828,0.024317855,5.0,B01GSHGBGU
pca,10000,7897,0.26482335,0.07245241,5.0,B01FJUM2GU
pca,10000,7898,0.23058045,0.009551723,5.0,B092HSPZJ3
pca,10000,7899,0.26482335,0.07245241,5.0,B08DL8GTDP
pca,10000,7900,-0.05969312,-0.18142422,5.0,B01GF5ACUG
pca,10000,7901,0.41109568,-0.10965296,5.0,B07D443HDX
pca,10000,7902,0.15787417,-0.07474487,1.0,B07JFSKMGQ
pca,10000,7903,0.54398817,-0.13984656,5.0,B00CRQUKQ4
pca,10000,7904,0.05913914,-0.37742543,4.0,B08WJSHSLC
pca,10000,7905,0.0803195,-0.27029344,1.0,B09M8N7YML
pca,10000,7906,0.15379141,0.07087374,4.0,B0C6KQTXMZ
pca,10000,7907,0.0077629965,-0.35765284,5.0,B00TS3NA6Q
pca,10000,7908,0.37971494,-0.08898095,5.0,B0BGCDYQQY
pca,10000,7909,-0.024760786,0.027619718,5.0,B01A75AIBI
pca,10000,7910,0.2645628,0.16668512,2.0,B0050JJU3E
pca,10000,7911,0.11649024,0.048370615,4.0,B00KMRGF28
pca,10000,7912,0.2006286,-0.18791024,5.0,B00J8BOH92
pca,10000,7913,-0.08252614,-0.37401572,2.0,B0791T9CV7
pca,10000,7914,-0.0013973154,0.12848094,5.0,B077Z7NVBK
pca,10000,7915,0.19247985,0.1251513,5.0,B00NKZ5R28
pca,10000,7916,0.19247985,0.1251513,5.0,B08NTV82R3
pca,10000,7917,0.53653896,-0.16727298,5.0,B003F6M3AG
pca,10000,7918,0.077199794,0.0147206765,3.0,B01E565PIQ
pca,10000,7919,0.088218674,-0.008543143,3.0,B017KOEARW
pca,10000,7920,-0.31011507,-0.21166794,4.0,B00FO0IHMY
pca,10000,7921,-0.092813484,-0.18364625,4.0,B01CW4BG4K
pca,10000,7922,-0.047225043,0.034405492,5.0,B0166SVYT0
pca,10000,7923,-0.08064139,0.026684111,3.0,B00M48154Q
pca,10000,7924,0.023096135,-0.08413394,3.0,B017T99JPG
pca,10000,7925,0.31999877,0.1034493,5.0,B07H65KP63
pca,10000,7926,0.07190859,0.15298764,5.0,B09529D86J
pca,10000,7927,-0.062326685,0.07264546,4.0,B01M3ULMWP
pca,10000,7928,-0.21074848,-0.2044945,4.0,B01AHWA2C6
pca,10000,7929,0.1749057,0.031110132,4.0,B000CPZZAI
pca,10000,7930,0.11791279,0.08620458,5.0,B0B1SWPFZS
pca,10000,7931,-0.008560881,-0.019182207,5.0,B0000AI0N1
pca,10000,7932,-0.17213777,-0.26930675,5.0,B091JB6HQ7
pca,10000,7933,0.011163441,-0.1118575,5.0,B004KSQANO
pca,10000,7934,0.011163441,-0.1118575,5.0,B095JX15XF
pca,10000,7935,-0.08771673,-0.07810963,5.0,B0039UN6SQ
pca,10000,7936,-0.047313184,-0.28090084,5.0,B003NF5IVU
pca,10000,7937,0.05080479,0.22821158,5.0,B003ZHV70C
pca,10000,7938,-0.086401425,0.14364503,5.0,B00XKG49XA
pca,10000,7939,-0.017710242,-0.16570398,5.0,B002LITI70
pca,10000,7940,0.01965903,0.08821817,5.0,B002IKKFJ6
pca,10000,7941,-0.21301928,-0.28436387,1.0,B09TFJS6GS
pca,10000,7942,-0.1074359,-0.23717935,4.0,B01K8B8YA8
pca,10000,7943,0.124773875,-0.31740862,4.0,B07Y9D4JRD
pca,10000,7944,0.18326147,0.032156922,5.0,B07FXH4XVB
pca,10000,7945,0.2540181,-0.1755297,5.0,B07C51583P
pca,10000,7946,0.12273862,0.067936555,3.0,B01DZDXSPM
pca,10000,7947,0.082847655,-0.21507658,4.0,B0001FTVEK
pca,10000,7948,0.26310205,0.17877749,4.0,B01A6LSAZY
pca,10000,7949,0.024044055,0.16417626,5.0,B0814WC1Y2
pca,10000,7950,0.0007373113,-0.0821012,5.0,B07GPGVYGX
pca,10000,7951,0.32482514,0.07863206,5.0,B00H471GRS
pca,10000,7952,0.05445921,0.060445152,5.0,B06ZYJ9JQ5
pca,10000,7953,-0.23794863,0.3466648,5.0,B00BDC86NC
pca,10000,7954,-0.22534582,0.36429942,2.0,B00O1766VK
pca,10000,7955,-0.0876187,-0.13561241,5.0,B006P88VSE
pca,10000,7956,-0.071062736,0.40640002,5.0,B00FAVIBCI
pca,10000,7957,0.30771697,0.0020141276,5.0,B0BCPC68J6
pca,10000,7958,-0.31039545,-0.19894882,5.0,B07DG251LH
pca,10000,7959,-0.16855553,-0.06282077,5.0,B06XKMZJJG
pca,10000,7960,-0.20875077,0.4428204,5.0,B00DJE33CG
pca,10000,7961,0.12242313,-0.1045827,5.0,B07GZFM1ZM
pca,10000,7962,0.10271836,0.45649043,5.0,B07QVQ7WHQ
pca,10000,7963,0.3253089,-0.01873887,5.0,B07YYY1DDZ
pca,10000,7964,0.07362875,-0.04514128,5.0,B01K8B8YA8
pca,10000,7965,0.0061914073,-0.27644375,5.0,B00QOOZ4DE
pca,10000,7966,0.12669748,-0.42122132,5.0,B071G57XQ2
pca,10000,7967,0.22453935,-0.0631945,5.0,B07QH6JJ5T
pca,10000,7968,-0.22249156,-0.07255498,5.0,B00PKTU83U
pca,10000,7969,-0.055196866,0.23068509,4.0,B01K6PAWVK
pca,10000,7970,-0.019262947,0.15678263,5.0,B0187WS270
pca,10000,7971,-0.10576482,-0.029586762,5.0,B0C6PGZ3MB
pca,10000,7972,-0.02858929,0.017264396,5.0,B0C71PTXVC
pca,10000,7973,-0.25209305,-0.06132959,5.0,B0BJ6YQDWC
pca,10000,7974,-0.07680795,0.14336681,5.0,B00RSM91J4
pca,10000,7975,0.34680855,0.15927464,5.0,B01K8B8YA8
pca,10000,7976,0.11045827,-0.018454991,3.0,B008VXF5CQ
pca,10000,7977,-0.0119668115,-0.06915676,5.0,B011SZ0COE
pca,10000,7978,0.42179596,-0.07762207,5.0,B07W4MGFS6
pca,10000,7979,0.024385717,0.16198272,5.0,B010BWYDYA
pca,10000,7980,0.24225238,0.21604842,4.0,B07QMWR9GZ
pca,10000,7981,0.029653527,0.3083797,5.0,B07KG7BLFD
pca,10000,7982,-0.0572488,0.31455478,3.0,B07CMBQFQL
pca,10000,7983,-0.06116262,0.44034988,5.0,B00JEY4TUK
pca,10000,7984,0.00037731603,-0.2832791,1.0,B0B6ZPFCPL
pca,10000,7985,-0.022171158,-0.24120282,2.0,B08ZCP3Q1V
pca,10000,7986,0.48573557,-0.1315607,5.0,B08RP4ZYVY
pca,10000,7987,-0.17697188,-0.2979874,1.0,B07TKKDCGT
pca,10000,7988,0.46511602,-0.079962686,4.0,B01054S5FM
pca,10000,7989,0.09727294,0.11018765,4.0,B00VBO0BNU
pca,10000,7990,0.2631088,0.08450887,5.0,B07V5WR9RM
pca,10000,7991,0.36800689,0.01555779,5.0,B00FBJ0CJY
pca,10000,7992,0.0676492,0.08523428,5.0,B01MPXJE8B
pca,10000,7993,0.48398262,0.11371871,5.0,B00BFRKYVM
pca,10000,7994,0.28129762,-0.11372548,1.0,B01LWRVB94
pca,10000,7995,0.48398262,0.11371871,5.0,B07ZFK6CZR
pca,10000,7996,0.48398262,0.11371871,5.0,B00HPMCO14
pca,10000,7997,0.48398262,0.11371871,5.0,B077KGY9L2
pca,10000,7998,0.30885613,0.22064868,5.0,B08F2YHQ67
pca,10000,7999,0.16812558,0.23469095,5.0,B075RXVW38
pca,10000,8000,-0.040846147,0.4034394,5.0,B0B68XPYWJ
pca,10000,8001,-0.10678081,-0.2018159,5.0,B01K8B8YA8
pca,10000,8002,-0.017581291,0.54610205,5.0,B073RHYXD1
pca,10000,8003,0.34273404,0.008300476,5.0,B0074FGR74
pca,10000,8004,-0.1573409,-0.1768119,5.0,B07P1FN7KQ
pca,10000,8005,-0.001227675,-0.008270616,5.0,B004SUILFO
pca,10000,8006,-0.15246825,-0.15220502,1.0,B0BZ49NHW2
pca,10000,8007,-0.04871513,-0.04455684,5.0,B09GJWYXSP
pca,10000,8008,-0.07449648,-0.1696189,4.0,B08F6GPRH6
pca,10000,8009,-0.21034966,0.13891245,4.0,B09GMBHL8Z
pca,10000,8010,-0.12545387,-0.27393875,4.0,B07H65KP63
pca,10000,8011,-0.104594484,0.07054909,4.0,B00QOOZ4DE
pca,10000,8012,-0.011157908,0.46434593,5.0,B00NSF6AYO
pca,10000,8013,0.12729043,-0.103406675,5.0,B0CDPYGLTJ
pca,10000,8014,-0.14019181,0.24322367,5.0,B07DQK6LQ9
pca,10000,8015,0.26403767,0.21783659,5.0,B07QN33986
pca,10000,8016,0.0033123605,0.24487212,5.0,B094F88W46
pca,10000,8017,-0.01573116,0.2196923,5.0,B0B6977T74
pca,10000,8018,-0.093162194,0.05852297,3.0,B08LGLSZP5
pca,10000,8019,0.3875329,0.120864026,5.0,B07TF3YGJV
pca,10000,8020,-0.13848072,-0.04478638,5.0,B07J9LTMHJ
pca,10000,8021,0.05571532,0.24387369,5.0,B071NVWQ82
pca,10000,8022,-0.013125312,0.08236731,5.0,B07FCHTPJ4
pca,10000,8023,-0.20577669,0.092401944,5.0,B00OQVZDJM
pca,10000,8024,0.09837734,0.41849598,5.0,B00FVU5VJE
pca,10000,8025,-0.009323606,-0.25076902,5.0,B001GGAIIQ
pca,10000,8026,-0.036028374,0.14114009,4.0,B08MWHSF8M
pca,10000,8027,-0.13760965,-0.1856834,4.0,B017OY19TU
pca,10000,8028,-0.12528118,-0.08593651,4.0,B09Y8XXHYX
pca,10000,8029,0.27153087,0.010693073,4.0,B075M6275Q
pca,10000,8030,0.27153087,0.010693073,4.0,B0BBB6452B
pca,10000,8031,0.011374828,-0.029403074,1.0,B0BPWG9DBX
pca,10000,8032,0.5005405,0.08282159,4.0,B00D875R5K
pca,10000,8033,0.426742,0.11509567,4.0,B00NH12LCY
pca,10000,8034,0.22323133,-0.35325506,2.0,B00EO8L5TE
pca,10000,8035,0.016015362,-0.19992499,2.0,B002HEQD8K
pca,10000,8036,-0.040013246,-0.20045637,5.0,B013UT8P5Y
pca,10000,8037,0.3968439,0.1683575,4.0,B013XHWAS6
pca,10000,8038,0.295085,0.053158864,5.0,B003XRES32
pca,10000,8039,-0.32084715,0.33910248,5.0,B09HY98RGZ
pca,10000,8040,0.03348742,0.19152518,4.0,B06XQDWCJ2
pca,10000,8041,-0.13225414,0.43482447,2.0,B01AHLQ53M
pca,10000,8042,-0.1891795,0.47569412,2.0,B01GDPL4IW
pca,10000,8043,-0.15046258,0.34246296,1.0,B01D9K3NVK
pca,10000,8044,0.12322551,0.41262576,4.0,B06XT8SFRH
pca,10000,8045,0.00089289807,0.0068032593,5.0,B005TGKX9S
pca,10000,8046,0.22456329,-0.0043625683,1.0,B07GW9TJ3G
pca,10000,8047,0.14987107,0.23220022,1.0,B07CPKBY82
pca,10000,8048,0.012958555,-0.03666973,1.0,B00004TBLW
pca,10000,8049,-0.10864499,0.010235252,5.0,B01MTF2Z37
pca,10000,8050,0.1717094,-0.019304967,5.0,B00NH12BXS
pca,10000,8051,-0.13216403,0.08559307,3.0,B01BRWH8G8
pca,10000,8052,-0.2382501,0.008691287,5.0,B017G8ILMC
pca,10000,8053,-0.12239204,0.34502503,5.0,B00APR4H2K
pca,10000,8054,0.1036962,-0.12670341,5.0,B002GU5XKE
pca,10000,8055,-0.04207112,-0.28584826,5.0,B00JJ5ILJ4
pca,10000,8056,0.033877376,0.021644855,5.0,B000WYVBR0
pca,10000,8057,0.008220373,-0.04492315,4.0,B08FR6DJQ3
pca,10000,8058,0.034348026,-0.26663995,5.0,B07KTYJ769
pca,10000,8059,-0.08978918,-0.2659848,5.0,B075X8471B
pca,10000,8060,0.07196102,0.23844668,5.0,B0971384WR
pca,10000,8061,0.068583675,-0.28608295,1.0,B07H5S7X4X
pca,10000,8062,0.29577985,0.017140612,1.0,B0087IMWUS
pca,10000,8063,0.071723916,-0.06442481,5.0,B09NZX16XD
pca,10000,8064,-0.0786064,0.18751144,5.0,B08YFJ1D9V
pca,10000,8065,0.4047304,-0.21802633,1.0,B01M3Y66CY
pca,10000,8066,0.11148902,-0.04970877,5.0,B08WJSHSLC
pca,10000,8067,-0.17640725,0.16302949,5.0,B08J9NQ6CS
pca,10000,8068,0.07278751,-0.002911836,5.0,B07JHLG7G1
pca,10000,8069,0.14377692,0.109165646,1.0,B075M7TH3Z
pca,10000,8070,-0.042052034,0.43253875,5.0,B00HHEAMXC
pca,10000,8071,0.025618203,0.098356314,5.0,B00AY8VHNW
pca,10000,8072,-0.0618229,0.47762665,5.0,B002NNIJXM
pca,10000,8073,0.20374852,0.21166538,5.0,B07PZS2WX9
pca,10000,8074,0.34604064,0.13760714,5.0,B07KTYJ769
pca,10000,8075,0.30114174,0.19081809,5.0,B07N8VFFNS
pca,10000,8076,-0.12090129,-0.23731442,3.0,B0986XZDBZ
pca,10000,8077,0.16266027,0.2882903,4.0,B08BJM6LCG
pca,10000,8078,0.21709014,0.162965,5.0,B07BRQPVFZ
pca,10000,8079,0.100153886,-0.2738056,3.0,B09V28P31X
pca,10000,8080,0.13843195,0.10420138,4.0,B07N1FF2GT
pca,10000,8081,0.21306187,0.063740835,5.0,B01ITOESHY
pca,10000,8082,0.36800689,0.01555779,4.0,B001B7H6B2
pca,10000,8083,0.08260125,-0.17412992,4.0,B00YBCG1LU
pca,10000,8084,0.03264916,-0.29003823,5.0,B0077BB3VA
pca,10000,8085,0.26873845,0.021760074,5.0,B00XIL0U9O
pca,10000,8086,0.20553581,-0.068313636,5.0,B083JFTZMN
pca,10000,8087,0.30218595,-0.0587714,4.0,B08DKR85CX
pca,10000,8088,0.11507981,0.047084257,3.0,B07JG1VFBX
pca,10000,8089,-0.24378386,-0.20480219,2.0,B07LH21GR2
pca,10000,8090,0.15980577,-0.23569103,5.0,B0BNCFB59F
pca,10000,8091,-0.06663015,-0.14382517,5.0,B072QLXK2T
pca,10000,8092,-0.13504267,-0.21957333,5.0,B06XDSMDKV
pca,10000,8093,-0.036049567,0.029450288,5.0,B07HQM66CY
pca,10000,8094,0.15953003,0.39170164,5.0,B01N6HUME3
pca,10000,8095,-0.056667455,0.35235238,5.0,B011XNE9XQ
pca,10000,8096,0.21348025,0.11731408,5.0,B01MTY7MSK
pca,10000,8097,0.36584833,0.07446873,5.0,B07F4P3JH7
pca,10000,8098,0.049261518,-0.06799909,5.0,B01N24N9TH
pca,10000,8099,0.24001795,0.15364842,1.0,B09GKFLD57
pca,10000,8100,0.22915167,-0.007284924,5.0,B0B4SWZTZ1
pca,10000,8101,-0.014555529,-0.18015999,5.0,B0BFHLQJPM
pca,10000,8102,-0.022058375,0.4043513,5.0,B074KQJ297
pca,10000,8103,-0.057226665,0.3747768,5.0,B071W8ZRGP
pca,10000,8104,0.09769256,0.04761976,5.0,B008I647MA
pca,10000,8105,-0.1955597,-0.23934817,5.0,B00X088DZI
pca,10000,8106,-0.2046083,-0.29139236,5.0,B0179DDIQI
pca,10000,8107,-0.27964795,-0.18308912,5.0,B00SMVLPIK
pca,10000,8108,0.04184839,-0.18165694,5.0,B07454F4JH
pca,10000,8109,-0.25096005,-0.12278675,2.0,B007VKII6A
pca,10000,8110,-0.045698263,-0.15045032,5.0,B07RS68PJ7
pca,10000,8111,-0.14401507,-0.043729708,5.0,B00G2UTVH0
pca,10000,8112,-0.10281104,-0.16049214,5.0,B09VS4V18K
pca,10000,8113,-0.2015419,-0.3067725,5.0,B00WA4PSEM
pca,10000,8114,-0.15130429,-0.01025659,5.0,B075B5T7L5
pca,10000,8115,-0.1297957,-0.09613572,5.0,B0BZKKY978
pca,10000,8116,-0.065457955,0.32615393,5.0,B018Y226XO
pca,10000,8117,-0.13295497,-0.1787621,5.0,B079DTP64M
pca,10000,8118,-0.02274971,0.2897986,5.0,B07H9HGTC6
pca,10000,8119,0.11921355,-0.0044870125,5.0,B077DGQJJZ
pca,10000,8120,-0.10791165,-0.16440953,3.0,B0012BL8LG
pca,10000,8121,-0.18106969,-0.30287436,5.0,B00O072KD4
pca,10000,8122,-0.23918054,-0.27994943,5.0,B00WECQQMS
pca,10000,8123,-0.16203247,-0.21924679,4.0,B01C6ESQM6
pca,10000,8124,-0.0031156633,-0.1747127,5.0,B00YYDHA9S
pca,10000,8125,-0.033471923,-0.11054179,5.0,B095JX15XF
pca,10000,8126,0.033982724,-0.01813766,5.0,B01N0H8WUZ
pca,10000,8127,-0.11041956,0.03773514,5.0,B06ZYJ9JQ5
pca,10000,8128,0.05054618,-0.15179093,5.0,B004M8SSZK
pca,10000,8129,-0.025262065,-0.29115108,5.0,B00WTZGRRE
pca,10000,8130,-0.020653207,-0.06991006,4.0,B00TAEKUL6
pca,10000,8131,0.13734618,-0.05299087,4.0,B00D7CWSCG
pca,10000,8132,-0.05242186,0.023167366,5.0,B004G8QO8E
pca,10000,8133,0.027767505,-0.30362904,4.0,B006B1C3UW
pca,10000,8134,-0.08163284,-0.25115132,5.0,B00009QOW4
pca,10000,8135,-0.16862038,-0.26055816,5.0,B004CLYOH8
pca,10000,8136,0.065065086,0.20598501,5.0,B0BMGP2ZZZ
pca,10000,8137,-0.17213994,0.26652044,5.0,B0B17SVFFL
pca,10000,8138,-0.1100142,-0.18805826,3.0,B08HMMB7J5
pca,10000,8139,-0.08097847,-0.29262936,5.0,B07H65KP63
pca,10000,8140,0.12200334,-0.13170184,5.0,B0BF5WX7GV
pca,10000,8141,-0.14497449,0.48880965,5.0,B07211G2X7
pca,10000,8142,0.07298141,0.094304584,5.0,B088R271ZP
pca,10000,8143,0.1529629,-0.030749178,5.0,B089367QQD
pca,10000,8144,0.065817244,0.022282014,5.0,B07K8XPS7J
pca,10000,8145,0.038037077,0.1372583,5.0,B06ZZJ5NL7
pca,10000,8146,-0.2364429,0.25341618,4.0,B00AY6OPUQ
pca,10000,8147,0.09265678,0.07412248,5.0,B07YZ8Q3QM
pca,10000,8148,0.05918541,-0.21188638,5.0,B071WBWGBT
pca,10000,8149,0.23118456,-0.15884914,5.0,B01M1LBMEI
pca,10000,8150,0.1157736,-0.24870469,5.0,B075X8471B
pca,10000,8151,0.21095993,0.12502946,4.0,B0C6LBCGJ5
pca,10000,8152,0.21095993,0.12502946,4.0,B010LHRFM2
pca,10000,8153,0.21095993,0.12502946,4.0,B074DXQ5VL
pca,10000,8154,0.21095993,0.12502946,4.0,B00TQQN2GI
pca,10000,8155,0.21095993,0.12502946,4.0,B00X7WZ9U4
pca,10000,8156,0.21095993,0.12502946,5.0,B00465UNYI
pca,10000,8157,0.21095993,0.12502946,5.0,B01LY54Q7R
pca,10000,8158,-0.013067957,-0.02881695,5.0,B00N2ZDXW2
pca,10000,8159,0.09950698,-0.074999474,5.0,B08G14NBCS
pca,10000,8160,0.24157609,0.03971923,5.0,B07TMNZPXK
pca,10000,8161,-0.09633826,-0.36106944,5.0,B0CBWV3Q8B
pca,10000,8162,0.017574335,-0.2761129,5.0,B07HCXQCV6
pca,10000,8163,-0.014247686,-0.11171473,5.0,B077ZWC2BR
pca,10000,8164,0.14363514,-0.028290704,5.0,B07G59MHGQ
pca,10000,8165,0.18782656,-0.3313655,5.0,B0C7FQSVNL
pca,10000,8166,0.076126605,-0.11915017,5.0,B00LD3Q56G
pca,10000,8167,0.114343405,0.010705121,5.0,B01LWRUX6B
pca,10000,8168,-0.009820772,-0.019893508,5.0,B073J7KY1P
pca,10000,8169,0.19707008,-0.03275416,5.0,B00YCWKD5E
pca,10000,8170,0.1283506,0.06541483,5.0,B075X8471B
pca,10000,8171,-0.013440199,0.10611305,5.0,B00E7IPN0I
pca,10000,8172,-0.013440199,0.10611305,5.0,B08YMVB98D
pca,10000,8173,0.23605432,0.006597312,5.0,B008I636D6
pca,10000,8174,-0.11616796,0.44528124,5.0,B07KS6KDDB
pca,10000,8175,-0.022862677,0.026448077,5.0,B073JYC4XM
pca,10000,8176,-0.0495689,-0.30243465,5.0,B01JCHOKW0
pca,10000,8177,0.1380294,-0.25241682,5.0,B07NSJS814
pca,10000,8178,0.19570644,0.039183885,5.0,B00VGI2YUY
pca,10000,8179,0.17975995,0.072651275,5.0,B06VVZ42SY
pca,10000,8180,0.122028515,-0.21094419,5.0,B002RSQ732
pca,10000,8181,0.09125294,-0.27911255,5.0,B019MBUX40
pca,10000,8182,0.54398817,-0.13984656,5.0,B00EHFJGW2
pca,10000,8183,0.042167112,0.026094554,5.0,B0064I7CIU
pca,10000,8184,-0.043531407,-0.057233065,5.0,B003GZ828I
pca,10000,8185,0.13787988,0.05628524,5.0,B0083J7XCS
pca,10000,8186,0.052638378,-0.023946049,5.0,B00C74T1UC
pca,10000,8187,0.17624287,0.10547832,5.0,B007T13LD6
pca,10000,8188,-0.04273015,-0.23116384,5.0,B00FL2WX2K
pca,10000,8189,-0.026041608,-0.056463063,1.0,B0012N0ZAY
pca,10000,8190,0.25219136,0.06875528,5.0,B016XQU30Q
pca,10000,8191,-0.0111047365,0.12933916,4.0,B01MTF2Z37
pca,10000,8192,-0.07092247,0.31863376,5.0,B017A33Q78
pca,10000,8193,-0.16079192,-0.18446624,5.0,B0BR525W2N
pca,10000,8194,-0.22325999,-0.28320795,5.0,B08L4TPHMJ
pca,10000,8195,-0.20754997,-0.01591029,5.0,B075M6275Q
pca,10000,8196,0.03318936,0.41748568,4.0,B012TEXKM4
pca,10000,8197,0.043911204,-0.09063434,3.0,B00KNJJPSG
pca,10000,8198,0.22833918,0.05688061,5.0,B07P241647
pca,10000,8199,0.13530749,0.0132980365,5.0,B09BYCKXY4
pca,10000,8200,0.040704004,0.044086777,5.0,B00XK13TQS
pca,10000,8201,0.37514403,0.13435315,5.0,B07KNV32TZ
pca,10000,8202,0.052710675,0.048160814,5.0,B08LZJ8GMH
pca,10000,8203,0.20243901,0.06278573,5.0,B07Q585X37
pca,10000,8204,0.17547639,0.12177821,5.0,B071FNW1NT
pca,10000,8205,0.12107888,0.08761655,5.0,B073SB1T9C
pca,10000,8206,-0.1695848,0.008879229,4.0,B01CTQ5TKI
pca,10000,8207,-0.072595626,0.21285193,4.0,B01798WTD6
pca,10000,8208,0.037495755,0.35416403,5.0,B01HURMBNY
pca,10000,8209,0.26147947,0.08624428,5.0,B00JR6Q76Y
pca,10000,8210,0.21708268,0.18164758,5.0,B01K8B8YA8
pca,10000,8211,0.26765037,0.07045193,5.0,B01F48MVTU
pca,10000,8212,0.26504576,0.13010289,5.0,B09YXH5HGM
pca,10000,8213,0.1906331,-0.3013603,1.0,B09KYF64YM
pca,10000,8214,0.26851866,0.13252297,4.0,B007QV9K34
pca,10000,8215,0.17875768,-0.2608036,2.0,B00IF70T4M
pca,10000,8216,0.18885034,0.0009002453,2.0,B003CKC8W8
pca,10000,8217,-0.28878525,-0.08976937,5.0,B06X19MMDG
pca,10000,8218,-0.17132372,0.28025588,3.0,B079683PSX
pca,10000,8219,-0.06819349,0.15738149,3.0,B07C1DJDSV
pca,10000,8220,-0.21232562,-0.026393007,5.0,B01ASXFWEC
pca,10000,8221,0.024230456,-0.010815318,3.0,B00RKNND2W
pca,10000,8222,-0.12767906,-0.11877373,1.0,B0757B1ZSX
pca,10000,8223,-0.120955095,0.37137532,5.0,B07PJQYTFB
pca,10000,8224,-0.10771896,0.012088522,1.0,B071XB24FM
pca,10000,8225,0.076054245,-0.1423594,4.0,B0C3DJMBTC
pca,10000,8226,-0.21331961,0.35565895,5.0,B0C3WKJF3P
pca,10000,8227,-0.24157336,0.20463379,5.0,B00WRDS0AU
pca,10000,8228,-0.13084662,0.41488263,5.0,B08P3VMW76
pca,10000,8229,-0.25487515,-0.2301211,4.0,B01K3ZR0RC
pca,10000,8230,-0.14379486,0.091703035,4.0,B09MTSLT2T
pca,10000,8231,-0.10214674,-0.014897762,5.0,B07W4GJGCM
pca,10000,8232,-0.1744994,0.3581848,5.0,B0132I723Y
pca,10000,8233,-0.051062293,0.06713732,3.0,B0117U82EM
pca,10000,8234,0.22387552,0.060210705,5.0,B015JX3H48
pca,10000,8235,-0.072317,-0.032767005,5.0,B00000J1QR
pca,10000,8236,0.041665457,-0.24799773,3.0,B00AWKC0EC
pca,10000,8237,-0.14304124,-0.085589856,5.0,B0000CCQKV
pca,10000,8238,-0.059472628,-0.44047555,1.0,B00XIPZEPU
pca,10000,8239,-0.22496186,0.48191416,5.0,B004A7ZEI2
pca,10000,8240,-0.10057351,-0.36064577,5.0,B00W4TKYCO
pca,10000,8241,-0.16467951,-0.09985546,5.0,B01LVVG5XS
pca,10000,8242,0.124630265,-0.019960873,4.0,B0B1SWPFZS
pca,10000,8243,0.07676144,0.17658561,5.0,B001KOTDYO
pca,10000,8244,0.096373804,-0.015996747,1.0,B00UTDSI5M
pca,10000,8245,-0.10120531,0.04496868,5.0,B002NKCHRY
pca,10000,8246,0.007939644,0.099265605,5.0,B0CC5Y53YT
pca,10000,8247,-0.07170584,-0.3621817,5.0,B0C3NMZ2C7
pca,10000,8248,0.005966426,0.0976488,1.0,B07P374FF3
pca,10000,8249,-0.121920615,-0.2627573,4.0,B01K8B8YA8
pca,10000,8250,0.44210312,0.106361285,5.0,B0B68Y9D3S
pca,10000,8251,0.024717038,0.020415543,5.0,B01M0GB8CC
pca,10000,8252,0.125325,-0.20651922,5.0,B01JIBWCX4
pca,10000,8253,-0.15796319,0.19135004,5.0,B087GCGWXS
pca,10000,8254,-0.08326504,-0.20840813,5.0,B07VGHBZGT
pca,10000,8255,0.26933113,0.08043812,5.0,B015D8EBLW
pca,10000,8256,0.28025243,0.012529235,5.0,B00KGPSDDA
pca,10000,8257,-0.1318709,-0.39686486,5.0,B08F38BHK1
pca,10000,8258,0.09819565,0.05134628,5.0,B07BFCVJZC
pca,10000,8259,0.08997133,-0.38320383,5.0,B0CBPXRPNC
pca,10000,8260,0.17683223,0.026588058,5.0,B08ZLVK881
pca,10000,8261,0.30406854,0.05642292,5.0,B08KXL6KQM
pca,10000,8262,0.2679804,0.17830753,5.0,B08BCHD12K
pca,10000,8263,0.11795676,-0.002247448,5.0,B08CT9CYK4
pca,10000,8264,-0.00022823364,-0.1697987,5.0,B072JW9LT8
pca,10000,8265,0.25563455,-0.08192814,5.0,B08RYZ219J
pca,10000,8266,0.16197951,0.012300553,3.0,B0BYFHJWHC
pca,10000,8267,0.070130266,0.102643654,3.0,B0B6JK8HHJ
pca,10000,8268,0.23895992,0.05265913,5.0,B097XG3LYF
pca,10000,8269,0.19374591,-0.14658007,4.0,B095GFVX6T
pca,10000,8270,0.041063987,-0.16816695,5.0,B09L7VKD2K
pca,10000,8271,-0.07032755,0.043969117,5.0,B088B3SX7T
pca,10000,8272,0.06339517,0.044845887,5.0,B081RBXJ11
pca,10000,8273,-0.09345142,-0.030793192,3.0,B077XB4QMQ
pca,10000,8274,0.08721569,0.14943013,5.0,B07QYZZD8K
pca,10000,8275,0.34644893,0.2844859,5.0,B0815BWYXC
pca,10000,8276,0.13002661,-0.15725602,5.0,B07YCS8J8F
pca,10000,8277,-0.11667767,-0.12720662,1.0,B01LZ1UH3M
pca,10000,8278,-0.03986189,-0.1364143,5.0,B01AT23UGE
pca,10000,8279,0.23685698,-0.018319651,4.0,B083TH1B45
pca,10000,8280,-0.12493776,-0.012736543,3.0,B0894MY5JK
pca,10000,8281,-0.07939916,0.22395071,5.0,B0725X7NSJ
pca,10000,8282,0.062800065,-0.16884874,5.0,B01C6HBJOA
pca,10000,8283,-0.009170322,-0.018762672,5.0,B086VR9J8Q
pca,10000,8284,0.0018463694,0.07260235,4.0,B07XLMRNC4
pca,10000,8285,-0.13841163,0.0848237,5.0,B01JPDTZXK
pca,10000,8286,-0.12850301,-0.224838,4.0,B0742J4GTD
pca,10000,8287,0.026433863,-0.28483477,4.0,B07H1KQ3SH
pca,10000,8288,0.095303476,-0.1020266,5.0,B075X8471B
pca,10000,8289,0.4686701,0.07588428,5.0,B0B7W6K288
pca,10000,8290,-0.06440689,0.048953675,5.0,B0C15Q5H7H
pca,10000,8291,0.15098393,-0.09539292,3.0,B09F688VDG
pca,10000,8292,-0.031191073,-0.022721885,5.0,B094TY4485
pca,10000,8293,0.5327408,0.05774656,5.0,B096FJY39R
pca,10000,8294,0.18987124,0.16621843,5.0,B06XW7T3WD
pca,10000,8295,0.33001167,0.13413328,4.0,B0837CF4LW
pca,10000,8296,0.37225172,0.12331944,5.0,B08P72Y8MN
pca,10000,8297,0.37225172,0.12331944,5.0,B07ZPS3VZS
pca,10000,8298,0.5327408,0.05774656,5.0,B00404SUZ4
pca,10000,8299,0.33563763,0.21420039,5.0,B07CHBD8TH
pca,10000,8300,0.5327408,0.05774656,5.0,B073XJMWPX
pca,10000,8301,0.28959802,0.058796838,5.0,B07V7C2K3Y
pca,10000,8302,0.5327408,0.05774656,5.0,B07Q585X37
pca,10000,8303,0.5327408,0.05774656,5.0,B07QF64V3H
pca,10000,8304,0.36800689,0.01555779,1.0,B07MG9J4T1
pca,10000,8305,0.3065694,0.13920644,5.0,B09K3KX9V9
pca,10000,8306,0.06525286,-0.11896688,5.0,B0BW4PFM58
pca,10000,8307,0.08312996,0.085359596,5.0,B07NTRR9JB
pca,10000,8308,0.2244394,-0.019467099,5.0,B07N8VFFNS
pca,10000,8309,0.21355459,0.014734136,5.0,B00O4OR4GQ
pca,10000,8310,0.21711534,0.1395635,5.0,B01BHBL6US
pca,10000,8311,0.25314802,0.085593894,5.0,B01MEH8J9Z
pca,10000,8312,0.25583795,0.05015891,5.0,B0BBRM88BJ
pca,10000,8313,0.19531938,-0.092219554,5.0,B0B45T7YNX
pca,10000,8314,-0.08926061,0.34050983,5.0,B09BQBLQW9
pca,10000,8315,-0.06590525,0.21609537,5.0,B074N81CZN
pca,10000,8316,0.03911803,0.061693184,5.0,B07BHQ8YVJ
pca,10000,8317,-0.043576285,0.10391323,4.0,B00LU9HKEY
pca,10000,8318,-0.25528464,-0.018458756,5.0,B016OTLSWO
pca,10000,8319,0.011328837,0.24599567,5.0,B01LYC1X4I
pca,10000,8320,0.021718597,-0.06186217,5.0,B07TKJYRR7
pca,10000,8321,0.14801893,0.19848812,5.0,B0BJZFH3VZ
pca,10000,8322,-0.055344164,-0.1578598,5.0,B00WY654TU
pca,10000,8323,-0.0847128,-0.061436623,4.0,B00T7L96VW
pca,10000,8324,0.0032780562,0.24006489,4.0,B000HRYV38
pca,10000,8325,0.04819715,0.024611248,5.0,B00BFQHGUU
pca,10000,8326,-0.19016148,-0.17915271,5.0,B01MYMMZS1
pca,10000,8327,-0.10813381,0.47281095,5.0,B009WYE7PE
pca,10000,8328,-0.2893266,-0.20798555,5.0,B077Y93YRR
pca,10000,8329,0.15197052,0.19551583,5.0,B087C28QM5
pca,10000,8330,0.10541785,-0.10699823,5.0,B01K8B8YA8
pca,10000,8331,0.3059024,0.06043034,5.0,B012CDLF3S
pca,10000,8332,0.08492305,0.158739,5.0,B00F4QUIZC
pca,10000,8333,0.23761539,0.21279465,5.0,B01BFIBRIE
pca,10000,8334,0.41072014,0.054574743,5.0,B006GWO5WK
pca,10000,8335,0.33316457,0.14235298,5.0,B00AFKCASA
pca,10000,8336,0.04435294,0.42130902,5.0,B003P7VU40
pca,10000,8337,0.18246993,-0.34368378,1.0,B08R9PTZ5G
pca,10000,8338,0.26516366,0.09135035,5.0,B0B4DCFYF9
pca,10000,8339,0.071470894,-0.3296312,5.0,B07GT37484
pca,10000,8340,0.07065386,0.31819054,5.0,B08B87QPVX
pca,10000,8341,0.06369638,-0.13031098,5.0,B077Z7NVBK
pca,10000,8342,-0.036617715,0.44465876,5.0,B079GK18R8
pca,10000,8343,0.24710803,-0.2805894,5.0,B00VJUH8WI
pca,10000,8344,0.12951678,0.2922526,5.0,B002LC2DQ4
pca,10000,8345,-0.01729688,-0.2467423,5.0,B0866SG5XM
pca,10000,8346,0.17776623,0.23868656,5.0,B0864SF4GC
pca,10000,8347,-0.13606127,-0.13570876,5.0,B0002JY712
pca,10000,8348,0.12424549,0.36524191,5.0,B09F8RQZ44
pca,10000,8349,0.03703098,-0.16051319,5.0,B078NNDXTG
pca,10000,8350,-0.05716128,0.061151475,5.0,B09F8RQZ44
pca,10000,8351,0.09824288,0.008575544,4.0,B08BFZQKGY
pca,10000,8352,-0.13885331,0.08440373,5.0,B081GHTVQ6
pca,10000,8353,-0.2284345,0.06744444,5.0,B00WFRI8G4
pca,10000,8354,-0.04423805,-0.14141376,5.0,B0BZPC1SM5
pca,10000,8355,-0.13626619,0.1631816,5.0,B01GCBXD2W
pca,10000,8356,-0.17532724,-0.21606381,5.0,B078NNDXTG
pca,10000,8357,-0.025895242,-0.17228891,4.0,B075X8471B
pca,10000,8358,0.1677151,0.1656916,3.0,B01LYO6PVK
pca,10000,8359,0.057910953,0.09109179,5.0,B085XS36F5
pca,10000,8360,-0.073906586,-0.08493036,5.0,B082YTP6NR
pca,10000,8361,0.09219872,-0.09381558,5.0,B00BJ2MC0E
pca,10000,8362,0.26704222,-0.017547097,5.0,B00C16UL96
pca,10000,8363,0.060149655,-0.02608664,5.0,B08TBW4VDB
pca,10000,8364,-0.06987471,-0.03074162,5.0,B00N02W4RC
pca,10000,8365,-0.038749885,-0.34774843,5.0,B01K8B8YA8
pca,10000,8366,0.1964875,0.012898384,5.0,B08DLSLCF3
pca,10000,8367,0.27454862,0.23022418,5.0,B09L3KQK6V
pca,10000,8368,-0.1567753,0.12369073,5.0,B0B5D96R42
pca,10000,8369,0.05445851,0.15311703,5.0,B0843HV4D5
pca,10000,8370,0.28203988,-0.23029044,3.0,B0BS6KLLT1
pca,10000,8371,0.15049918,0.0721315,5.0,B0060BBD40
pca,10000,8372,0.45852846,0.020381765,5.0,B09MDX8FTY
pca,10000,8373,0.36422727,-0.154404,1.0,B009CRH0QE
pca,10000,8374,0.47275335,0.1005816,5.0,B00AU0ALZE
pca,10000,8375,0.44126815,0.005155053,5.0,B008GWPC1Q
pca,10000,8376,0.17570083,0.022264464,5.0,B0007LXQBW
pca,10000,8377,0.40822825,-0.039313346,5.0,B07FCHTPJ4
pca,10000,8378,0.39677563,-0.113972716,5.0,B008GMGNBE
pca,10000,8379,0.1765552,0.13097996,5.0,B073SJ7436
pca,10000,8380,0.18817484,0.013510805,5.0,B00CB4UCW4
pca,10000,8381,-0.18765399,-0.12497586,2.0,B08TCCVSMZ
pca,10000,8382,0.08835218,-0.26381844,5.0,B08B45R9CF
pca,10000,8383,0.10576816,-0.2840842,5.0,B086YLVSK4
pca,10000,8384,0.21225908,0.14912301,5.0,B0843TLRPS
pca,10000,8385,0.24915804,0.05847612,5.0,B01N7OJNEX
pca,10000,8386,0.43983084,0.14607286,5.0,B015IYIFTU
pca,10000,8387,0.18075652,0.106718495,5.0,B077XMWV75
pca,10000,8388,-0.0999402,-0.017118229,5.0,B07454F4JH
pca,10000,8389,-0.24498695,-0.05422754,5.0,B07Q5CPHX2
pca,10000,8390,-0.069556564,-0.044623345,5.0,B08KRC18S8
pca,10000,8391,0.16181588,-0.020400316,5.0,B07GZFM1ZM
pca,10000,8392,0.20939998,-0.059913203,5.0,B01N1X28F1
pca,10000,8393,0.1867321,-0.13391067,2.0,B01K1UKI46
pca,10000,8394,0.13100196,0.23394643,5.0,B006T9B6R2
pca,10000,8395,0.055456515,0.33507687,4.0,B01636P5Q8
pca,10000,8396,0.20310934,0.09760936,5.0,B000WYVBR0
pca,10000,8397,0.1446967,-0.08022911,5.0,B074M6SXC4
pca,10000,8398,0.42747423,0.14216134,5.0,B075X8471B
pca,10000,8399,0.006451224,0.05987361,3.0,B0111XJXIE
pca,10000,8400,0.29629293,0.1570091,5.0,B09GLZ94XX
pca,10000,8401,0.053805504,-0.28441146,2.0,B0C5ZCFXB6
pca,10000,8402,0.30838904,0.071487874,5.0,B08KZ1TZYB
pca,10000,8403,0.36898506,0.082757525,5.0,B01J90ONQ8
pca,10000,8404,0.108794555,0.096840605,5.0,B01LX3GTZ0
pca,10000,8405,0.34604904,0.23255382,5.0,B071HXTMWV
pca,10000,8406,0.19866695,0.1639611,3.0,B0007KPRU6
pca,10000,8407,-0.11037865,-0.40283445,5.0,B000ABTP8C
pca,10000,8408,0.051383924,-0.078384034,5.0,B077M3B33F
pca,10000,8409,-0.16640522,-0.010437347,5.0,B07H3W1FD8
pca,10000,8410,0.019303825,-0.20628765,5.0,B07JBHB63N
pca,10000,8411,0.24256267,-0.0008165175,5.0,B005IW3HM8
pca,10000,8412,0.03273542,0.2281725,5.0,B073YM36ZD
pca,10000,8413,-0.10742836,0.35208744,5.0,B09C4KQRHP
pca,10000,8414,0.23862672,0.2963925,5.0,B01DQM3DQ6
pca,10000,8415,0.13002545,0.2403931,5.0,B00466YF9G
pca,10000,8416,0.22889969,0.032017767,4.0,B089BWXRGJ
pca,10000,8417,0.18438306,-0.010546867,4.0,B089PCBJ45
pca,10000,8418,0.16809134,-0.07123613,3.0,B07Q1CVZ9P
pca,10000,8419,0.45280433,0.096390024,5.0,B00NKZ5R28
pca,10000,8420,0.46271268,-0.044789203,5.0,B00QOQU95K
pca,10000,8421,-0.022484187,-0.14675856,1.0,B0006N3EVS
pca,10000,8422,0.2590304,0.029758936,5.0,B002V5AYAS
pca,10000,8423,-0.103643455,0.28109014,5.0,B008RBHP98
pca,10000,8424,-0.06356896,0.3214251,5.0,B0CFCW881C
pca,10000,8425,-0.0026962906,-0.1803056,5.0,B09S6QPQFS
pca,10000,8426,0.09802539,0.42464247,5.0,B07ZSBXMVB
pca,10000,8427,-0.022739831,-0.15661062,5.0,B08PFN3CMM
pca,10000,8428,0.13180876,0.03156721,5.0,B0796VRYV3
pca,10000,8429,-0.08917866,-0.0837714,5.0,B08P57SRLD
pca,10000,8430,0.34694767,0.17669211,5.0,B09Z6S8C7W
pca,10000,8431,-0.006936971,-0.03834325,5.0,B00E5TQ3OY
pca,10000,8432,0.0058587473,-0.17400587,5.0,B07SMNZK8H
pca,10000,8433,0.09445154,-0.168017,4.0,B014YN7LVE
pca,10000,8434,0.18824254,-0.080651894,5.0,B07RCMTLHD
pca,10000,8435,0.24994017,0.14769126,5.0,B0B2DD1SC2
pca,10000,8436,0.11903148,-0.086758226,5.0,B07NPFJJ7K
pca,10000,8437,0.04336118,-0.22693807,3.0,B014FEM0X6
pca,10000,8438,0.23105362,0.07109442,5.0,B073JWXGNT
pca,10000,8439,0.34453082,-0.08142174,5.0,B01H3KTZUK
pca,10000,8440,-0.22358082,-0.28810626,1.0,B07Q2SJNZ5
pca,10000,8441,-0.09242608,-0.15263705,5.0,B074ZN2FD1
pca,10000,8442,0.044246677,-0.3907013,1.0,B00IF70T4M
pca,10000,8443,-0.2321206,-0.11330959,4.0,B00FJILVDS
pca,10000,8444,-0.09039727,-0.20656195,1.0,B016I3T3CI
pca,10000,8445,0.51053977,-0.13885882,4.0,B010BWYDYA
pca,10000,8446,-0.076869875,-0.10882887,2.0,B083TH1B45
pca,10000,8447,0.23876347,-0.28562433,1.0,B07DHDFW5V
pca,10000,8448,0.018409723,0.11041717,5.0,B07D99QDVD
pca,10000,8449,0.38796785,-0.08845752,5.0,B01N2PIJFU
pca,10000,8450,0.31999877,0.1034493,5.0,B08D7JPKLZ
pca,10000,8451,0.31999877,0.1034493,5.0,B07WGPTZHR
pca,10000,8452,0.31999892,0.103449404,5.0,B07GZFM1ZM
pca,10000,8453,0.09881153,0.08383387,5.0,B077PW3F3R
pca,10000,8454,0.112099186,-0.08969215,1.0,B07C4LHBGY
pca,10000,8455,-0.051163822,0.35971668,5.0,B07Z4CL2TV
pca,10000,8456,0.19158877,-0.18625261,5.0,B08GGWYRH5
pca,10000,8457,-0.050566092,0.21726662,1.0,B07B499PWG
pca,10000,8458,-0.0823459,-0.3341978,5.0,B01KSTSV76
pca,10000,8459,0.12795672,0.024973514,5.0,B01FWTFTSQ
pca,10000,8460,-0.2787315,0.41599613,5.0,B00FB50SBU
pca,10000,8461,-0.039029114,0.18494931,5.0,B00CLZ047Q
pca,10000,8462,-0.038859937,0.33860844,5.0,B0081SK5BW
pca,10000,8463,-0.3184655,-0.06923097,5.0,B01EL0GY1S
pca,10000,8464,0.04705964,-0.044760108,5.0,B008J0Z9TA
pca,10000,8465,0.0039667403,-0.09306678,5.0,B003VAHYQY
pca,10000,8466,-0.28963077,-0.21136342,5.0,B0BBMLD8QT
pca,10000,8467,-0.06621032,-0.12379309,5.0,B002TSY0VQ
pca,10000,8468,0.51053977,-0.13885882,5.0,B09P75RTYY
pca,10000,8469,0.22253968,0.033501036,4.0,B0BY4NTVXJ
pca,10000,8470,0.51053977,-0.13885882,5.0,B075SX8S68
pca,10000,8471,0.31305537,-0.032404326,5.0,B08F6GPRH6
pca,10000,8472,0.399489,0.043410763,5.0,B081RNDJY7
pca,10000,8473,-0.032959882,0.23128867,2.0,B07Q25VN2S
pca,10000,8474,0.22880048,-0.012119053,5.0,B07PHQ93TV
pca,10000,8475,0.51053977,-0.13885882,4.0,B0B6QVY9VB
pca,10000,8476,0.17693442,-0.12650527,3.0,B01EB6CS6M
pca,10000,8477,0.36800689,0.01555779,4.0,B079PG7JPP
pca,10000,8478,0.03948804,-0.23775636,1.0,B0CB5LX6MT
pca,10000,8479,-0.1346037,0.15923105,1.0,B09QL59Q12
pca,10000,8480,-0.016235534,-0.18228492,1.0,B072HRPC28
pca,10000,8481,-0.14420009,-0.2317265,1.0,B01BKUB6BA
pca,10000,8482,0.05899935,-0.015105951,1.0,B00AY8VHNW
pca,10000,8483,0.07447456,-0.113457136,2.0,B010BWYDYA
pca,10000,8484,0.07506083,0.4110351,4.0,B08KZQGVY7
pca,10000,8485,-0.16150679,0.43313453,3.0,B07STZNWSB
pca,10000,8486,-0.18837221,0.051193498,3.0,B002MMY4WY
pca,10000,8487,-0.15710786,0.028678713,5.0,B09XYMSZLL
pca,10000,8488,0.085951075,0.3387768,3.0,B07R8TYD3V
pca,10000,8489,-0.27701715,0.40201658,5.0,B0846Y39KQ
pca,10000,8490,0.059246253,0.24378917,1.0,B01K6PBILI
pca,10000,8491,-0.123895854,0.3243057,3.0,B016B12PUE
pca,10000,8492,0.009747325,0.057168074,5.0,B00KGVMBDW
pca,10000,8493,0.1308454,0.10287528,4.0,B0145NTTAY
pca,10000,8494,0.113617964,0.27370435,3.0,B087QP4G7B
pca,10000,8495,0.26240388,0.20571579,5.0,B07PPQDW97
pca,10000,8496,0.07177876,0.08493,5.0,B076H996XM
pca,10000,8497,0.5305361,-0.12294251,5.0,B08P72Y8MN
pca,10000,8498,0.51053977,-0.13885882,5.0,B0949SYKMX
pca,10000,8499,0.32714394,0.058274716,5.0,B0C6G2BD65
pca,10000,8500,0.4672721,0.015291579,5.0,B000068P8W
pca,10000,8501,0.25956532,-0.0033572176,5.0,B01DUF3UVC
pca,10000,8502,0.26245078,0.12569554,5.0,B018UYHBJA
pca,10000,8503,0.32118112,0.0935344,5.0,B01MEH8J9Z
pca,10000,8504,0.0442025,-0.12295151,5.0,B073SJD2MK
pca,10000,8505,0.4099879,-0.0022015003,5.0,B00J6TVWX0
pca,10000,8506,0.42695335,0.08781357,5.0,B01FCAALW4
pca,10000,8507,-0.049121924,0.34387806,5.0,B00KV698CE
pca,10000,8508,-0.02068415,-0.013970295,5.0,B088NMVW4Y
pca,10000,8509,0.14546789,-0.14172429,5.0,B07FP4DVVF
pca,10000,8510,0.013878761,-0.21530524,5.0,B0C2Q3DYFY
pca,10000,8511,0.00077848695,0.01749121,5.0,B0BGS23YKX
pca,10000,8512,0.08726531,0.21596316,5.0,B019EN7TV6
pca,10000,8513,0.16807514,-0.16713569,5.0,B00N2ZDXW2
pca,10000,8514,-0.06157493,0.04300586,5.0,B00Z9QVRS4
pca,10000,8515,0.09695937,-0.14981234,2.0,B00U3FPN4U
pca,10000,8516,0.18458532,0.054914013,5.0,B08CS13Y1K
pca,10000,8517,0.20765258,0.16833843,5.0,B07KQ2P38Y
pca,10000,8518,-0.063242175,-0.12212069,5.0,B0C9HG28Z5
pca,10000,8519,0.11079985,-0.022489566,5.0,B07LGS3RTV
pca,10000,8520,0.123524204,0.005265614,5.0,B01N91OF9H
pca,10000,8521,0.17178506,-0.022860209,5.0,B07SRDPZ9Z
pca,10000,8522,0.07069261,-0.04137075,5.0,B01CKPDUHW
pca,10000,8523,-0.023191504,-0.024065565,5.0,B074BCTX1Q
pca,10000,8524,0.19103354,-0.18698417,5.0,B001U2DPUE
pca,10000,8525,0.23099372,0.018235346,5.0,B007RBSWAK
pca,10000,8526,0.3090664,-0.12705064,5.0,B0002F67N2
pca,10000,8527,0.0066671707,0.22556132,5.0,B009LNTBM0
pca,10000,8528,0.16625056,-0.057958573,5.0,B00M8SR4UQ
pca,10000,8529,-0.17734815,0.38820285,3.0,B07JWCD55K
pca,10000,8530,0.45848617,-0.14350967,5.0,B01M5K1ZHG
pca,10000,8531,0.25059676,0.1713016,5.0,B071XTGHFT
pca,10000,8532,0.1436947,-0.31185976,5.0,B097NJJPLY
pca,10000,8533,0.22702816,0.054238535,5.0,B0BHJRY8J4
pca,10000,8534,0.09423025,0.09979223,5.0,B014FED7V0
pca,10000,8535,-0.15586391,0.27005008,5.0,B07BWFNBZK
pca,10000,8536,-0.09598025,0.24730933,4.0,B09CQ1117G
pca,10000,8537,-0.17502241,0.046886668,4.0,B0BC264P98
pca,10000,8538,-0.16225773,0.042112336,5.0,B0C7GM1QVC
pca,10000,8539,-0.37533855,-0.07128655,4.0,B07G2DVQD5
pca,10000,8540,0.024957469,0.06935259,5.0,B073ZF73VD
pca,10000,8541,0.016933152,-0.13805562,5.0,B08B9XVSHC
pca,10000,8542,0.17384206,-0.3123165,2.0,B0C2JCVNGC
pca,10000,8543,0.15777664,0.089753196,3.0,B0B219JSZR
pca,10000,8544,0.31999877,0.1034493,5.0,B07SR9JHQF
pca,10000,8545,0.033041567,0.016889546,5.0,B0914FVW5Z
pca,10000,8546,0.2964893,-0.07205641,4.0,B06XHWWJRW
pca,10000,8547,0.020305226,0.11415047,4.0,B001U5617K
pca,10000,8548,0.0036179796,0.014677625,4.0,B00IRMTYA0
pca,10000,8549,0.20563751,0.018555103,3.0,B004IWPX76
pca,10000,8550,0.1005025,-0.062844396,4.0,B0000BYDKO
pca,10000,8551,0.15399246,0.023319481,4.0,B000ETQLRS
pca,10000,8552,-0.14374417,-0.17606533,2.0,B0BT9KCJC4
pca,10000,8553,0.23145428,-0.24054812,1.0,B00BWF5U0M
pca,10000,8554,0.2735395,-0.037301622,5.0,B00PFQPX5Q
pca,10000,8555,0.2735395,-0.037301622,5.0,B00MBFPT44
pca,10000,8556,0.2735395,-0.037301622,4.0,B00K57LP4I
pca,10000,8557,0.2735395,-0.037301622,5.0,B07D5CGJCM
pca,10000,8558,0.2735395,-0.037301622,5.0,B07DYWW1P2
pca,10000,8559,-0.000142809,-0.008834444,1.0,B004AM5RAM
pca,10000,8560,-0.13178796,-0.3966836,1.0,B000PCCLPU
pca,10000,8561,-0.22962077,-0.097202815,1.0,B00428N9OK
pca,10000,8562,-0.068061665,-0.08759413,2.0,B004BLK24S
pca,10000,8563,-0.040061254,-0.18695946,1.0,B004K1EOCA
pca,10000,8564,0.054558963,-0.19281453,1.0,B0015VW3NK
pca,10000,8565,-0.2106565,0.34633932,5.0,B07Q2ZKBQS
pca,10000,8566,-0.1527809,0.13030098,5.0,B085LCT6HY
pca,10000,8567,0.44126815,0.005155053,5.0,B07QPQYC74
pca,10000,8568,0.36898506,0.082757525,5.0,B074TDR8GL
pca,10000,8569,0.36898506,0.082757525,5.0,B01BDX9Q6Q
pca,10000,8570,0.37612328,0.12615213,5.0,B00FZKC38M
pca,10000,8571,0.44126815,0.005155053,5.0,B08HXZ6Y2X
pca,10000,8572,0.38163972,0.037816882,5.0,B076VQPBGH
pca,10000,8573,0.5327408,0.05774656,5.0,B07HN6M7C3
pca,10000,8574,-0.22050916,-0.12919013,5.0,B08DTJZCG6
pca,10000,8575,0.09748704,-0.053659827,1.0,B0C94WMF72
pca,10000,8576,-0.093681365,-0.22390877,5.0,B08LZKCGQ6
pca,10000,8577,-0.27327833,-0.05331736,3.0,B00Q784UUA
pca,10000,8578,0.29860875,0.051526554,5.0,B006MCDUZM
pca,10000,8579,-0.066277385,-0.07794402,4.0,B08741MW5Z
pca,10000,8580,0.19628266,-0.23831211,5.0,B0BDFF4WD7
pca,10000,8581,0.058152236,0.012197614,5.0,B0BSF17PM2
pca,10000,8582,0.025583541,-0.3907673,5.0,B088M291LL
pca,10000,8583,0.010672456,0.04079116,5.0,B0BJW2XLMR
pca,10000,8584,-0.20508388,-0.24524981,4.0,B07MLY3JKV
pca,10000,8585,0.22989385,-0.038955014,5.0,B075XN1NZC
pca,10000,8586,0.21423694,-0.21695541,5.0,B00UAA4J6G
pca,10000,8587,0.17286196,-0.18792005,5.0,B076HNWDMX
pca,10000,8588,0.17523335,-0.2455163,5.0,B07KTYJ769
pca,10000,8589,0.09395781,0.04228525,5.0,B09V6Q26GD
pca,10000,8590,0.0798576,-0.053715736,5.0,B0C7S8NBJK
pca,10000,8591,0.0133621935,-0.28917715,5.0,B074CGF6ZN
pca,10000,8592,-0.050413057,-0.24213336,5.0,B00O0O0E8U
pca,10000,8593,0.088067666,0.09007122,4.0,B0762NBZMW
pca,10000,8594,0.16905157,-0.06432962,3.0,B078WQS575
pca,10000,8595,0.23381107,0.028111307,4.0,B07456BG8N
pca,10000,8596,0.17895605,-0.14329013,5.0,B014QQE0Y0
pca,10000,8597,0.12255825,0.00084557943,5.0,B01I4TE612
pca,10000,8598,0.27768373,0.06414042,5.0,B00976DCQC
pca,10000,8599,0.1448397,-0.393008,4.0,B00006JPE1
pca,10000,8600,0.022727463,-0.2104753,5.0,B000SA7I0M
pca,10000,8601,0.21337311,-0.103478074,5.0,B0037JB75S
pca,10000,8602,0.120369166,-0.44932982,5.0,B00C9UJLOU
pca,10000,8603,0.35000288,-0.10699342,5.0,B07783VF16
pca,10000,8604,0.33215114,-0.056419306,5.0,B000AAN76Y
pca,10000,8605,0.22416331,0.12739721,5.0,B09M3TZ3Q6
pca,10000,8606,0.3103658,0.09296468,4.0,B00GLQAF7A
pca,10000,8607,0.16780809,-0.27723354,5.0,B0BJ1SLJH1
pca,10000,8608,-0.086790174,-0.06640263,4.0,B09QY1BNWW
pca,10000,8609,0.14690748,-0.012039028,5.0,B01BW1RN50
pca,10000,8610,0.29051927,0.14746313,5.0,B00K95MYDC
pca,10000,8611,0.051205434,-0.37113476,4.0,B00VTD1UQA
pca,10000,8612,0.1017207,0.035348885,5.0,B004Z9XG0I
pca,10000,8613,0.100979134,0.07791367,4.0,B00M5WLZDW
pca,10000,8614,0.1544994,-0.01047457,5.0,B009OVGKTQ
pca,10000,8615,0.05573082,-0.026075535,4.0,B005QC69FW
pca,10000,8616,0.05703971,-0.08122868,5.0,B004RXKWI6
pca,10000,8617,0.060738165,0.026879711,5.0,B0BFM2GP2B
pca,10000,8618,0.23211128,-0.124787375,5.0,B00KTEN3TM
pca,10000,8619,0.14296532,0.0032002293,5.0,B013XILRWA
pca,10000,8620,0.1119594,0.2419923,5.0,B0B6QHB66K
pca,10000,8621,0.23759328,0.01745626,5.0,B00D6AICR4
pca,10000,8622,0.28236333,0.06608814,5.0,B00AFX35OU
pca,10000,8623,0.015730554,-0.1606447,4.0,B00BN3N0FU
pca,10000,8624,0.18883236,0.13179332,5.0,B00UP20VV6
pca,10000,8625,-0.015580576,0.21712315,4.0,B00HQ6ZU6K
pca,10000,8626,0.019417876,-0.36691725,5.0,B08K4FTDW6
pca,10000,8627,0.14178027,0.053733923,5.0,B00BCGRZ04
pca,10000,8628,-0.033392303,0.2707969,5.0,B0046EDOWW
pca,10000,8629,-0.10668302,-0.2575416,5.0,B0027VT6V4
pca,10000,8630,-0.04159156,-0.050346434,3.0,B0043T7FXE
pca,10000,8631,0.19231209,-0.04976546,5.0,B003ES5ZSW
pca,10000,8632,-0.06870966,-0.17421643,4.0,B00E0J0EL2
pca,10000,8633,-0.24949715,0.27379927,5.0,B006GWO5WK
pca,10000,8634,-0.15853983,0.27535963,4.0,B00902SFC4
pca,10000,8635,-0.17319342,-0.03504443,5.0,B009A4B6YG
pca,10000,8636,-0.09943352,0.054326735,4.0,B01FU08V64
pca,10000,8637,-0.25133598,-0.14841999,4.0,B005FVNGRS
pca,10000,8638,-0.20123522,0.3113922,4.0,B0039BPG1A
pca,10000,8639,0.21306898,0.33950552,5.0,B00E8HSNO6
pca,10000,8640,0.20140171,-0.32139793,1.0,B01EW098XS
pca,10000,8641,-0.15996088,-0.25331497,3.0,B0B5LDDVFN
pca,10000,8642,0.109449826,-0.25919667,3.0,B01K8B8YA8
pca,10000,8643,-0.010257117,-0.10047704,5.0,B00J4E8KI2
pca,10000,8644,-0.009419028,0.12780416,5.0,B00501T8XY
pca,10000,8645,-0.024993379,0.0617024,5.0,B07BV831R5
pca,10000,8646,-0.2466087,-0.00011109561,1.0,B00BWF5U0M
pca,10000,8647,0.080239,0.36680213,5.0,B07X4G3DXL
pca,10000,8648,-0.14524259,0.4894228,5.0,B09ZDNLXGV
pca,10000,8649,-0.36088872,0.065732405,5.0,B0C6PGZ3MB
pca,10000,8650,-0.21905494,0.1106722,5.0,B00X5P8BJO
pca,10000,8651,0.05837063,-0.029040778,5.0,B01MTF2Z37
pca,10000,8652,0.17836258,-0.018981025,5.0,B00C4P6AKS
pca,10000,8653,0.35952076,0.071988784,5.0,B00LOV6XA0
pca,10000,8654,0.05095183,-0.06705437,5.0,B00E0J0EL2
pca,10000,8655,0.04149133,-0.03734552,5.0,B01N5QBQJC
pca,10000,8656,-0.18189625,0.3687973,3.0,B08CGT1RDZ
pca,10000,8657,-0.013714958,-0.19292988,5.0,B01C4UY0JK
pca,10000,8658,-0.22937287,-0.010618837,5.0,B00518DEN6
pca,10000,8659,0.54398817,-0.13984656,5.0,B00DK9A404
pca,10000,8660,0.2812896,0.041675344,5.0,B00UWV8JLY
pca,10000,8661,0.36317968,-0.16335273,5.0,B005DPFSA4
pca,10000,8662,0.35858187,-0.026926495,5.0,B00C3GIQU0
pca,10000,8663,0.023897089,0.105746865,3.0,B00DQUAEHA
pca,10000,8664,0.014480501,-0.04249429,1.0,B00DN7DMWK
pca,10000,8665,0.48398262,0.11371871,5.0,B08CVGBDC3
pca,10000,8666,0.12288006,0.007435154,4.0,B0B7RWGW3H
pca,10000,8667,-0.0050548743,-0.16191451,5.0,B09HH5SP61
pca,10000,8668,0.28729513,0.063259624,5.0,B07B4HF18C
pca,10000,8669,0.2052175,0.008921351,5.0,B09NLQ8C4X
pca,10000,8670,0.38895324,0.14808941,5.0,B0958S8T74
pca,10000,8671,0.3369781,-0.029705059,5.0,B08LPHXW3C
pca,10000,8672,0.39824748,0.015349459,5.0,B0C5QB1B1X
pca,10000,8673,0.16701706,0.040573575,5.0,B0C58WY192
pca,10000,8674,0.0010579117,-0.0429733,5.0,B0BMQJYLQV
pca,10000,8675,0.10448705,0.024353312,5.0,B076RVWJ42
pca,10000,8676,0.052502118,0.048751585,5.0,B0928NJJTZ
pca,10000,8677,-0.14236812,0.035566777,5.0,B098K6N6TX
pca,10000,8678,0.10089891,0.081485145,5.0,B089B6LTLV
pca,10000,8679,0.13945174,-0.04215626,5.0,B07VFRBFZZ
pca,10000,8680,0.4199556,0.10875264,5.0,B07GWQT4YD
pca,10000,8681,0.23076546,0.21417716,5.0,B0C5RJNG9C
pca,10000,8682,-0.12066896,0.1341582,5.0,B01MEG2HXP
pca,10000,8683,0.19621171,0.17551996,5.0,B07YZQBWZC
pca,10000,8684,0.19519538,-0.13859338,4.0,B00IM3P8GS
pca,10000,8685,-0.19676408,-0.22630368,5.0,B00519WNBO
pca,10000,8686,0.01696434,-0.3818767,5.0,B007Q45EF4
pca,10000,8687,-0.1940599,-0.1160554,4.0,B01LZV6TYQ
pca,10000,8688,0.198028,0.047726013,5.0,B09SQ1LJ8Y
pca,10000,8689,-0.14296462,0.48920053,5.0,B017D09KHI
pca,10000,8690,0.024663258,0.41010264,5.0,B00O9RRPXA
pca,10000,8691,0.29202113,0.027481044,5.0,B071GCMLM5
pca,10000,8692,-0.20104845,0.3601184,4.0,B071ZD714M
pca,10000,8693,-0.030967921,0.09019534,1.0,B00M8K7AXU
pca,10000,8694,-0.20394662,0.46312726,5.0,B005KDY8AU
pca,10000,8695,-0.15487766,0.32529524,5.0,B008BR4LFE
pca,10000,8696,0.19283393,0.20469002,5.0,B0173QNVT0
pca,10000,8697,0.2314951,0.13625494,5.0,B010BWYDYA
pca,10000,8698,0.08414073,-0.18719979,5.0,B002ISZD2C
pca,10000,8699,0.14073825,-0.2065834,5.0,B077V2BF3C
pca,10000,8700,-0.022490036,-0.027165856,4.0,B004AA2Y9Q
pca,10000,8701,0.39220345,0.14788406,5.0,B07H65KP63
pca,10000,8702,0.43507808,0.08297387,5.0,B08GJFX4XK
pca,10000,8703,-0.017193124,0.16053836,5.0,B09Z3L87SV
pca,10000,8704,0.45634213,-0.09602064,5.0,B06Y2VP3C7
pca,10000,8705,-0.09874978,-0.09762097,5.0,B01D0V1CAM
pca,10000,8706,0.29077494,-0.008594533,5.0,B0BL6788GP
pca,10000,8707,-0.2544013,-0.20181717,5.0,B08XPWDSWW
pca,10000,8708,-0.11385806,-0.17654678,4.0,B07S4MFN8Z
pca,10000,8709,0.27197263,0.047884807,5.0,B07PHQ93TV
pca,10000,8710,0.117139466,0.06982257,5.0,B00V49LV86
pca,10000,8711,0.016493479,0.21484502,5.0,B00DGM721O
pca,10000,8712,-0.3330793,-0.101624966,5.0,B07QKTLJ96
pca,10000,8713,0.0015624445,-0.069166616,5.0,B008RCERWA
pca,10000,8714,-0.07442373,-0.16393419,5.0,B0C2VGGZFR
pca,10000,8715,-0.15752026,0.3047893,2.0,B00FAY38QY
pca,10000,8716,0.0676138,0.11449682,5.0,B00ARBTMGA
pca,10000,8717,-0.040112358,-0.322186,5.0,B01ND0UV73
pca,10000,8718,0.27451786,0.047283664,5.0,B07GJJC8L8
pca,10000,8719,0.08379848,-0.00041947886,5.0,B0092649HI
pca,10000,8720,-0.06758738,0.2573181,5.0,B07DTPD57D
pca,10000,8721,-0.06391848,-0.14426805,5.0,B08Q4LVDFK
pca,10000,8722,-0.1910343,0.2886646,5.0,B00ETHLPZY
pca,10000,8723,-0.024058074,-0.031931344,5.0,B000LBTXW4
pca,10000,8724,-0.053488187,0.09976908,5.0,B003VANO7C
pca,10000,8725,-0.2651414,-0.1595235,5.0,B0B59QBY9G
pca,10000,8726,0.024729963,0.014433173,5.0,B07HZLHPKP
pca,10000,8727,0.17298688,-0.037452552,5.0,B0BW9VV8QD
pca,10000,8728,0.07938343,0.047312096,5.0,B08NCM4W1W
pca,10000,8729,0.07662982,-0.30891022,5.0,B0BT1TM3S2
pca,10000,8730,0.054604944,0.028964525,5.0,B001T9NVJS
pca,10000,8731,0.17065723,-0.025106471,2.0,B0BG5HRTGL
pca,10000,8732,0.36677882,-0.11020249,3.0,B0C6KQTXMZ
pca,10000,8733,0.30510697,0.014992705,5.0,B007ZHXFJY
pca,10000,8734,-0.11415474,-0.24255574,2.0,B06XGWGVQG
pca,10000,8735,-0.16066517,0.26241767,5.0,B071XJ1GT6
pca,10000,8736,0.48306045,0.13547848,4.0,B07BFTKJQN
pca,10000,8737,0.44564006,0.09811362,5.0,B004KNO59K
pca,10000,8738,0.32453385,-0.070197955,5.0,B00U84SJRO
pca,10000,8739,-0.006968327,0.2058996,1.0,B0109Z633I
pca,10000,8740,0.34657916,-0.034263626,5.0,B084VFH8MT
pca,10000,8741,0.0352936,-0.29213583,2.0,B09F3QS8FM
pca,10000,8742,0.12420283,-0.04468205,1.0,B07H8WS1FT
pca,10000,8743,-0.16856433,0.3777612,5.0,B089229X4R
pca,10000,8744,0.19580534,0.35023034,5.0,B088X4982Z
pca,10000,8745,0.08106329,-0.26763496,3.0,B07RHVNFQ6
pca,10000,8746,0.28533182,0.2023448,5.0,B07ZYGQ1FC
pca,10000,8747,0.20469464,0.053373672,5.0,B0BJW5LJ4J
pca,10000,8748,0.062876076,-0.1368617,5.0,B08XPWDSWW
pca,10000,8749,-0.056434207,-0.109006196,5.0,B08XNCHTCY
pca,10000,8750,0.21727018,0.15234683,4.0,B07MTCMHZX
pca,10000,8751,0.20828629,0.30687535,5.0,B07BVPL7PB
pca,10000,8752,0.04330968,0.30479527,5.0,B07LGNLFP5
pca,10000,8753,0.007441993,-0.15012673,5.0,B07F9R1F1L
pca,10000,8754,0.12405297,0.037792206,5.0,B075L7DDMJ
pca,10000,8755,0.11650529,0.021244666,2.0,B07D13N5PX
pca,10000,8756,0.12947965,0.029029185,5.0,B08M5KCX78
pca,10000,8757,0.16325603,-0.04018668,5.0,B00WG0JZOE
pca,10000,8758,0.42747423,0.14216134,5.0,B09L52XKBD
pca,10000,8759,0.19687809,-0.21762425,1.0,B01NBTFNVA
pca,10000,8760,-0.13370222,0.38531205,5.0,B010B2BCHG
pca,10000,8761,-0.26580033,0.21533078,4.0,B004MBGFRA
pca,10000,8762,-0.15313266,-0.19303448,5.0,B0B462WKM7
pca,10000,8763,0.052727528,-0.34069082,5.0,B07MN6J8JW
pca,10000,8764,0.15470624,0.005776264,1.0,B07FPRZ69X
pca,10000,8765,0.15749234,-0.174431,2.0,B075X8471B
pca,10000,8766,-0.09381616,-0.19078755,5.0,B07FQDMKFT
pca,10000,8767,0.13853285,-0.047340743,5.0,B0C7Q3X76Q
pca,10000,8768,0.10274219,-0.21479611,5.0,B07VXXBTX4
pca,10000,8769,0.00430841,-0.19151449,4.0,B01K8B8YA8
pca,10000,8770,0.046440788,-0.14877848,5.0,B00LD3Q56G
pca,10000,8771,0.17568828,-0.15346298,5.0,B01CW4BG4K
pca,10000,8772,0.2934343,0.29407373,5.0,B07RCMTLHD
pca,10000,8773,-0.10797271,0.23468147,5.0,B06XRTFG29
pca,10000,8774,-0.011720663,0.10340696,5.0,B0095PZHPE
pca,10000,8775,-0.09538963,0.062022485,4.0,B07RZXNBVZ
pca,10000,8776,-0.22694983,-0.27301645,1.0,B083V1J96K
pca,10000,8777,0.12952241,0.16995117,5.0,B00LZKIHRC
pca,10000,8778,0.15591145,-0.010273704,5.0,B075L7G2N7
pca,10000,8779,0.16430107,-0.13781418,5.0,B07WDN2ST4
pca,10000,8780,-0.09922939,0.11311611,5.0,B07WHTQW4X
pca,10000,8781,-0.06463581,-0.08574572,5.0,B0BJXSGLFJ
pca,10000,8782,0.20887053,-0.011408355,5.0,B09JQLTLG3
pca,10000,8783,0.25631022,0.04950452,5.0,B09MMWM2Y8
pca,10000,8784,-0.24958304,-0.22261696,4.0,B07VD3M6M3
pca,10000,8785,0.07733746,-0.20487833,5.0,B075X8471B
pca,10000,8786,-0.050435133,0.43251514,4.0,B0742CM7T8
pca,10000,8787,0.12091192,-0.0459048,5.0,B06XPSGS4W
pca,10000,8788,0.095706135,0.07004282,5.0,B01M104VJD
pca,10000,8789,0.22735982,-0.11848807,5.0,B07RX8B9TW
pca,10000,8790,0.09062158,-0.2265953,5.0,B07V4WSHD2
pca,10000,8791,-0.007148441,0.14433725,5.0,B0BQRVK3BG
pca,10000,8792,-0.18955848,0.055675864,5.0,B00KDROTZM
pca,10000,8793,0.096768945,-0.017298631,5.0,B07S6X2D8C
pca,10000,8794,-0.001054002,-0.026711246,5.0,B07J4XWXTR
pca,10000,8795,0.06371839,0.073437974,5.0,B07PQHH5PB
pca,10000,8796,-0.06869141,0.12473918,5.0,B01M3PZ2JQ
pca,10000,8797,-0.33874908,-0.232255,5.0,B08XNCHTCY
pca,10000,8798,-0.013847258,-0.011737386,5.0,B08K8W68BX
pca,10000,8799,0.0074829627,-0.28778598,5.0,B08TMGTH7N
pca,10000,8800,-0.00045119226,-0.11855817,5.0,B07H65KP63
pca,10000,8801,-0.016505614,-0.13565376,5.0,B07YT5FVNM
pca,10000,8802,0.07630235,-0.11269841,5.0,B0791TX5P5
pca,10000,8803,0.1427906,-0.3206637,5.0,B01MSTB5KW
pca,10000,8804,0.039053954,-0.22036296,5.0,B01MY7VEFC
pca,10000,8805,-0.12258066,0.24082577,5.0,B01HH8H2WQ
pca,10000,8806,0.5093079,-0.09495514,5.0,B00O1RTQJE
pca,10000,8807,-0.06618569,-0.33223552,5.0,B08ZT2BTZ1
pca,10000,8808,0.005419844,-0.07526326,5.0,B010CBASS0
pca,10000,8809,-0.06658319,-0.39106482,5.0,B01N75TWSA
pca,10000,8810,-0.10846187,-0.10128712,5.0,B009RUZ7TS
pca,10000,8811,0.0029680002,-0.31870294,3.0,B005LEXA2K
pca,10000,8812,-0.029515259,-0.16894363,5.0,B08JPHJX5S
pca,10000,8813,0.21669447,-0.42955974,5.0,B075X8471B
pca,10000,8814,-0.06544717,0.26570886,5.0,B00N1X40WW
pca,10000,8815,0.013494384,0.07922699,4.0,B0075VFJKS
pca,10000,8816,0.047096856,-0.052926295,5.0,B000C12GH2
pca,10000,8817,0.026565233,-0.002142392,5.0,B0077L8YOO
pca,10000,8818,0.00041121617,0.26763266,5.0,B0BTYP1CWP
pca,10000,8819,0.035975985,0.043005444,5.0,B00F0IQTE8
pca,10000,8820,-0.14245175,0.29724285,5.0,B072QXJPG9
pca,10000,8821,-0.28207725,-0.23445283,5.0,B007136E1S
pca,10000,8822,0.12924467,0.022681518,5.0,B086Q94W37
pca,10000,8823,0.19632159,0.07355127,4.0,B081K9C3Q1
pca,10000,8824,0.3493141,0.092806414,5.0,B01MQWUXZS
pca,10000,8825,0.21163839,-0.01709625,4.0,B07MPSFJSZ
pca,10000,8826,0.23575993,0.06904549,5.0,B07P61KDSK
pca,10000,8827,-0.0044882577,-0.12247042,5.0,B07146G1RF
pca,10000,8828,0.015605575,-0.015241487,5.0,B0841M2SCJ
pca,10000,8829,0.013064087,-0.14200763,5.0,B0BZGV4PDL
pca,10000,8830,-0.079246,-0.30274868,5.0,B09QCC1SP1
pca,10000,8831,0.0052298876,-0.10466998,5.0,B09Y89FYTD
pca,10000,8832,-0.05535662,0.17804064,5.0,B0C2P7CNWG
pca,10000,8833,-0.009329468,0.21584447,3.0,B09MTSLT2T
pca,10000,8834,0.0816045,-0.22060871,1.0,B09K3VN4S1
pca,10000,8835,-0.21285117,-0.12902589,5.0,B08ZKC3M12
pca,10000,8836,-0.19628882,-0.38363332,1.0,B08R41TDR2
pca,10000,8837,0.13109307,0.11207269,5.0,B08MWXCN68
pca,10000,8838,0.24595456,0.1455182,5.0,B07CHN8Q6C
pca,10000,8839,0.11787098,0.15036845,5.0,B07CLBNM1C
pca,10000,8840,0.17669323,0.25822973,5.0,B0772NK2JP
pca,10000,8841,0.0639355,-0.02328593,5.0,B0BHFGL8H8
pca,10000,8842,-0.18560465,0.3236463,5.0,B07WJJ7TWY
pca,10000,8843,-0.115893066,0.2466597,5.0,B07WJJ7TWY
pca,10000,8844,0.038181704,0.004464356,5.0,B07Q37N4TD
pca,10000,8845,0.29066846,0.039921775,5.0,B085FS21T4
pca,10000,8846,-0.064609624,-0.18069628,5.0,B07RL3MMDF
pca,10000,8847,-0.08994354,-0.005972704,5.0,B073ZNX5JR
pca,10000,8848,-0.16939361,-0.18034108,5.0,B08BG7J2MN
pca,10000,8849,0.13691372,-0.26508793,1.0,B07HLGT6HH
pca,10000,8850,0.22097282,0.28509906,5.0,B01HNRWGWW
pca,10000,8851,0.089642055,-0.16682182,1.0,B08G45Z8QB
pca,10000,8852,0.1060302,0.06335189,5.0,B09XQZY2CH
pca,10000,8853,-0.0065838415,-0.027384676,5.0,B08XYC4R9F
pca,10000,8854,0.046547107,-0.04921916,5.0,B00NKYYMAW
pca,10000,8855,-0.097900294,0.23800632,5.0,B07PV7RXMY
pca,10000,8856,0.003574091,-0.27983594,5.0,B0C72D4J46
pca,10000,8857,-0.21030521,-0.112118885,5.0,B0C2Q17PND
pca,10000,8858,-0.22006588,-0.14232492,5.0,B01N754J9X
pca,10000,8859,0.08007738,-0.19264741,2.0,B075VN5726
pca,10000,8860,-0.12871988,-0.2637725,4.0,B07K6K87MB
pca,10000,8861,-0.023305569,-0.17339884,2.0,B0B9M9H977
pca,10000,8862,-0.20136666,0.22389407,1.0,B0C5SZ464W
pca,10000,8863,-0.32153755,0.36500347,4.0,B087DPB298
pca,10000,8864,0.15246233,-0.06335879,4.0,B0BNT7CQCH
pca,10000,8865,0.10685745,0.009184012,5.0,B07BGW4D2Q
pca,10000,8866,-0.2146691,0.25132743,5.0,B076BPM5HW
pca,10000,8867,-0.1955643,0.36083215,5.0,B012HGRTLC
pca,10000,8868,0.01813922,0.0630207,5.0,B01FWT4V12
pca,10000,8869,-0.13030396,0.14764047,5.0,B00FGI3CBU
pca,10000,8870,-0.25642285,0.09724568,3.0,B00D38XF6M
pca,10000,8871,-0.059608698,0.107669614,5.0,B00DR0B6XK
pca,10000,8872,-0.4272846,-0.2045664,3.0,B0BHWYQ47Y
pca,10000,8873,0.16073054,-0.11087057,2.0,B089S37WLH
pca,10000,8874,0.058358118,-0.19190374,5.0,B0BMQ15Q65
pca,10000,8875,0.07055738,-0.1312445,5.0,B07NTRSXGS
pca,10000,8876,0.14343652,-0.011007514,5.0,B0BM2YG2K7
pca,10000,8877,0.27249154,-0.11234973,5.0,B0BP9Z1LB5
pca,10000,8878,0.25455302,-0.09074133,5.0,B07PC129ZC
pca,10000,8879,0.03595823,-0.1121797,5.0,B0B5DFFJ6S
pca,10000,8880,0.34593114,-0.05032935,3.0,B01EB6CS6M
pca,10000,8881,-0.1835172,-0.30314258,2.0,B091GHBXWG
pca,10000,8882,0.14303479,0.016649416,4.0,B088HJXY2N
pca,10000,8883,-0.01585355,0.20521826,5.0,B08X6KB2YX
pca,10000,8884,0.19708951,0.0769299,5.0,B0BGCDYQQY
pca,10000,8885,0.20217443,0.100023046,5.0,B07G8NP3LL
pca,10000,8886,-0.09956459,-0.13139445,5.0,B0C211KFK4
pca,10000,8887,-0.038742002,-0.26558536,5.0,B00O1RTQJE
pca,10000,8888,0.16482766,-0.04050982,5.0,B07GS2X6DD
pca,10000,8889,-0.014025595,-0.42973253,2.0,B014YN7LVE
pca,10000,8890,-0.02580848,-0.32903442,5.0,B084ZJLLSX
pca,10000,8891,0.025780369,-0.053667128,5.0,B08F46G9KV
pca,10000,8892,-0.00029446743,-0.26441905,5.0,B09VYMTDF9
pca,10000,8893,-0.16286722,-0.3006249,5.0,B08YDSSD7P
pca,10000,8894,0.16026531,-0.28560963,3.0,B07TY1CLDN
pca,10000,8895,0.2521798,0.047244266,5.0,B07KBW29P8
pca,10000,8896,0.021524612,-0.18393229,5.0,B07GZFM1ZM
pca,10000,8897,0.0053463355,-0.385037,5.0,B06WP29NHV
pca,10000,8898,-0.27406195,0.4295091,5.0,B005H8IFB6
pca,10000,8899,-0.06485068,-0.063972175,1.0,B00Q64O4KQ
pca,10000,8900,0.33944258,0.11662585,5.0,B011HNJENW
pca,10000,8901,-0.044144705,-0.17600647,5.0,B00LRTMG7S
pca,10000,8902,-0.022213366,-0.22674477,5.0,B0C2VCQT3R
pca,10000,8903,0.025447298,-0.021365926,5.0,B07MJTPGGW
pca,10000,8904,0.11211979,0.0009825574,5.0,B01MS39GX8
pca,10000,8905,-0.09078453,-0.04319594,5.0,B076H7HV8B
pca,10000,8906,0.12809363,0.1072651,5.0,B07GPGVYGX
pca,10000,8907,0.06800231,-0.18489243,5.0,B00N40XALY
pca,10000,8908,0.23358053,-0.33240786,5.0,B07CQ8Q22G
pca,10000,8909,0.05915769,0.074695736,5.0,B0085JBI6S
pca,10000,8910,0.040479135,-0.009347884,4.0,B00NH131LY
pca,10000,8911,0.055688158,-0.3169496,5.0,B01278555M
pca,10000,8912,-0.02258721,0.12665227,5.0,B01KF2V9P2
pca,10000,8913,-0.0014799703,-0.02259811,5.0,B09YJXSPPW
pca,10000,8914,-0.056710288,0.108691856,5.0,B0053T5QPW
pca,10000,8915,-0.0053361785,0.09888315,4.0,B00HHLBRTI
pca,10000,8916,0.041276984,-0.20144312,5.0,B07XPQF1FJ
pca,10000,8917,0.030674065,-0.39596447,5.0,B00K3EPYP4
pca,10000,8918,-0.08317493,0.1401395,5.0,B013CCTM2E
pca,10000,8919,0.021475201,-0.014320441,4.0,B01GE19HMK
pca,10000,8920,-0.124410495,0.4950928,5.0,B01LY1TAFR
pca,10000,8921,-0.10061854,0.30294055,5.0,B07BHGMNM5
pca,10000,8922,-0.16477059,-0.19126563,4.0,B0016BQECA
pca,10000,8923,-0.04195807,0.24919152,2.0,B01MTF2Z37
pca,10000,8924,0.07783668,-0.18464705,4.0,B09JLSN7LH
pca,10000,8925,0.37514403,0.13435315,5.0,B07BGFJGGP
pca,10000,8926,0.37514403,0.13435315,5.0,B07F4P3JH7
pca,10000,8927,0.4686701,0.07588428,5.0,B01GI29AG8
pca,10000,8928,0.09297144,0.16268598,5.0,B07SC1GP3C
pca,10000,8929,-0.23323035,-0.1277555,1.0,B004CAJU8W
pca,10000,8930,0.09855655,0.31686273,4.0,B00CPVDWHA
pca,10000,8931,-0.03183262,0.16749457,5.0,B00S5J7UWY
pca,10000,8932,-0.016846556,0.17391056,2.0,B00RRFMVEE
pca,10000,8933,0.041361045,0.022757402,2.0,B0B4SWZTZ1
pca,10000,8934,0.015739933,-0.10289631,5.0,B075XN1NZC
pca,10000,8935,-0.055715032,0.061587125,5.0,B07KXN4KH8
pca,10000,8936,0.024004826,0.05018252,5.0,0345803507
pca,10000,8937,0.5152563,0.0471322,5.0,B0BLPBRLZ9
pca,10000,8938,0.0077488814,-0.11996406,5.0,B0B25GGTLY
pca,10000,8939,0.12171074,0.21918184,5.0,B0BGSFH998
pca,10000,8940,0.33931017,0.28759548,5.0,B07PNFZHLH
pca,10000,8941,0.46184477,0.10646914,5.0,B0BC4KR4MG
pca,10000,8942,0.1819131,-0.16212583,5.0,B078PR4486
pca,10000,8943,0.2995555,-0.047044657,5.0,B08HJHKCNM
pca,10000,8944,0.26147282,-0.0076525956,5.0,B0C14L1HPS
pca,10000,8945,0.081146196,0.044633508,5.0,B01N4NS31O
pca,10000,8946,0.5327408,0.05774656,5.0,B07LG5WBTS
pca,10000,8947,0.050423373,0.18333788,4.0,B0BF59V2F7
pca,10000,8948,0.54398817,-0.13984656,5.0,B08228ZBSL
pca,10000,8949,0.24532233,0.3017092,5.0,B07PFHBVSL
pca,10000,8950,0.26024985,-0.00013086852,1.0,B08KRC18S8
pca,10000,8951,0.31506723,-0.08597382,5.0,B09T52XXVR
pca,10000,8952,-0.10115028,0.12325633,2.0,B0BPWG9DBX
pca,10000,8953,-0.14995521,-0.21131785,1.0,B0006GDC1M
pca,10000,8954,-0.25028014,0.17398064,4.0,B07N8VFFNS
pca,10000,8955,0.26963314,0.17176615,5.0,B010BWYDYA
pca,10000,8956,0.4545049,0.06405793,5.0,B00I0G8GNY
pca,10000,8957,0.4619301,0.033415988,5.0,B00A1ACI36
pca,10000,8958,0.40144345,0.0012672134,5.0,B00LQL91I4
pca,10000,8959,0.25653303,0.2400139,5.0,B00EUUZMGI
pca,10000,8960,0.14755177,-0.11649177,5.0,B07NX9VY1C
pca,10000,8961,-0.030886978,0.23825833,5.0,B01F9RGOI0
pca,10000,8962,0.0967307,-0.193732,5.0,B08GF1H7RZ
pca,10000,8963,0.29742816,-0.11267828,3.0,B008KVUAGU
pca,10000,8964,0.0027932804,-0.1331705,5.0,B00CWWF9KK
pca,10000,8965,0.065171,0.21436256,5.0,B0013BM7TW
pca,10000,8966,-0.07566151,0.36156926,5.0,B00091S0WA
pca,10000,8967,0.087348536,0.057807356,5.0,B006K555EU
pca,10000,8968,-0.27487698,-0.21453737,5.0,B00P2E000O
pca,10000,8969,-0.09019331,0.29177764,5.0,B00C1EGPR0
pca,10000,8970,-0.062449686,-0.28007913,5.0,B009DNL19O
pca,10000,8971,-0.2941884,-0.039400473,4.0,B007OYAVLI
pca,10000,8972,-0.12409401,-0.28317514,5.0,B09SMNKMFH
pca,10000,8973,-0.075621106,0.13201901,4.0,B0033ZSDL2
pca,10000,8974,-0.14198469,-0.075624846,3.0,B0B18M2Q3R
pca,10000,8975,0.2439558,-0.025512177,5.0,B01F854ZPC
pca,10000,8976,-0.17439318,0.31878492,5.0,B00D3F9H62
pca,10000,8977,0.54398817,-0.13984656,5.0,B00SE8UKHI
pca,10000,8978,0.44269672,-0.009866344,5.0,B0785NMZFJ
pca,10000,8979,0.44269672,-0.009866344,5.0,B00CUJIA42
pca,10000,8980,0.44269672,-0.009866344,5.0,B01BKUB6BA
pca,10000,8981,0.18370223,-0.20951636,1.0,B00KQI1MK8
pca,10000,8982,0.4686701,0.07588428,5.0,B00Y1BWM3W
pca,10000,8983,0.54398817,-0.13984656,5.0,B00FA4Y82W
pca,10000,8984,-0.23022997,0.3662652,5.0,B003LNKAT4
pca,10000,8985,-0.1256844,-0.006139427,5.0,B0BB6RBYJ6
pca,10000,8986,-0.18084468,0.033062316,5.0,B002PAR0K6
pca,10000,8987,-0.3222104,0.36552623,5.0,B0777SJZ55
pca,10000,8988,-0.21457742,0.12535699,4.0,B07YFD37SF
pca,10000,8989,-0.0058809333,-0.06873079,4.0,B00KR4XB64
pca,10000,8990,0.13344422,0.099995315,5.0,B0771VF9TJ
pca,10000,8991,0.43043348,0.015326658,5.0,B0859VXQF9
pca,10000,8992,-0.26114795,-0.11670716,5.0,B0BQHKBGK3
pca,10000,8993,-0.22297361,-0.19255535,5.0,B0B62PR5FN
pca,10000,8994,-0.07700224,-0.18200998,3.0,B0B278F7HQ
pca,10000,8995,-0.22212607,-0.078273915,5.0,B09WMNMJ4R
pca,10000,8996,-0.3284932,-0.17834245,5.0,B0B28RMNM2
pca,10000,8997,-0.18452628,-0.1558559,5.0,B09L19PN2V
pca,10000,8998,0.009507039,0.05416868,5.0,B08LD44HHW
pca,10000,8999,-0.009605467,-0.27428502,5.0,B0B6VK2363
pca,10000,9000,-0.2295367,-0.004226799,5.0,B08HHSFT21
pca,10000,9001,-0.15288204,-0.008219603,5.0,B0C5XLT6NV
pca,10000,9002,-0.29836148,-0.09363727,5.0,B0871ZHCKK
pca,10000,9003,-0.23349845,0.2133538,5.0,B0894QWB7N
pca,10000,9004,0.03993438,0.40491676,5.0,B00IJU0K2Q
pca,10000,9005,0.102446266,-0.20370951,5.0,B000BS255Y
pca,10000,9006,-0.0544416,0.04243443,5.0,B00H4BBWGY
pca,10000,9007,0.15291123,0.023650737,5.0,B00YBBU0KE
pca,10000,9008,-0.23775408,0.027980058,5.0,B00BZC31WQ
pca,10000,9009,-0.009253986,0.14958966,5.0,B00CV9M7AO
pca,10000,9010,-0.17281544,0.060249962,5.0,B006MUMLK4
pca,10000,9011,-0.00026042387,0.06561097,5.0,B0051XDOZO
pca,10000,9012,-0.13361827,0.14227726,5.0,B01BZYZU18
pca,10000,9013,-0.19415377,0.29770935,5.0,B00CVED3UC
pca,10000,9014,-0.16655408,0.17576204,5.0,B088BVT672
pca,10000,9015,0.06223278,0.120713495,5.0,B006F34ZIY
pca,10000,9016,-0.13991302,0.24476868,5.0,B004VEJYEO
pca,10000,9017,0.02295399,0.099378504,5.0,B008525P1O
pca,10000,9018,-0.056708857,0.13601002,3.0,B0047FHEMG
pca,10000,9019,-0.084390655,-0.06347937,5.0,B00GE4MNQA
pca,10000,9020,-0.2277476,0.37677398,5.0,B002VPE1WK
pca,10000,9021,-0.09933484,-0.040958695,5.0,B0C8633DBV
pca,10000,9022,-0.08227681,0.13173372,5.0,B000NPZ4D0
pca,10000,9023,0.0110977525,0.12274318,5.0,B0046141OA
pca,10000,9024,0.041441694,0.11849437,1.0,B00GUOPY4C
pca,10000,9025,-0.09519355,-0.26644003,2.0,B001FZQ93Q
pca,10000,9026,-0.271616,0.37441924,4.0,B0063KGRBW
pca,10000,9027,-0.34122345,-0.12696491,4.0,B002FU63SQ
pca,10000,9028,0.066489786,-0.4058447,2.0,B0BZJ3N9KZ
pca,10000,9029,-0.04193717,-0.40035605,4.0,B0BV6W16MV
pca,10000,9030,-0.04047654,-0.18702044,5.0,B08F1P3BCC
pca,10000,9031,0.039126173,-0.05091176,5.0,B07KPT46ZS
pca,10000,9032,-0.27064914,0.23066278,1.0,B00856VHH6
pca,10000,9033,-0.3156235,-0.09853813,2.0,B082THWZF1
pca,10000,9034,0.08680729,-0.12731531,5.0,B0BG8L1PP1
pca,10000,9035,0.23096368,-0.051768653,5.0,B00HQWLHJI
pca,10000,9036,-0.023725957,0.38079846,5.0,B07D1MK7W1
pca,10000,9037,0.54398817,-0.13984656,5.0,B00BWF5U0M
pca,10000,9038,0.1349993,-0.09589847,2.0,B0015ACUKC
pca,10000,9039,0.12439024,0.054601833,5.0,B09SB493F8
pca,10000,9040,-0.043734446,-0.057896845,1.0,B08JGJP91B
pca,10000,9041,-0.066808105,-0.26797614,1.0,B00IVC5XRY
pca,10000,9042,0.28323343,0.005358042,4.0,B0777YWCN9
pca,10000,9043,0.2024141,-0.09445221,5.0,B07L92L2WW
pca,10000,9044,0.36800689,0.01555779,5.0,B00IKMHS28
pca,10000,9045,0.36800689,0.01555779,5.0,B00IVPU786
pca,10000,9046,0.36800689,0.01555779,5.0,B00HWMPSJC
pca,10000,9047,0.23318113,0.109309904,5.0,B00UBNCLGC
pca,10000,9048,0.36800689,0.01555779,5.0,B08KZ1TZYB
pca,10000,9049,0.5327408,0.05774656,5.0,B01N75TWSA
pca,10000,9050,0.5327408,0.05774656,5.0,B00NQ9OQU2
pca,10000,9051,0.5327408,0.05774656,5.0,B00U3FPN4U
pca,10000,9052,0.5352542,0.029389052,5.0,B00L0YLRUW
pca,10000,9053,0.5327408,0.05774656,5.0,B00R124LAK
pca,10000,9054,0.5352542,0.029389052,5.0,B01CRA11IU
pca,10000,9055,0.5327408,0.05774656,5.0,B016N0RIXC
pca,10000,9056,0.35965762,0.3640187,5.0,B09V9H9MVQ
pca,10000,9057,0.19205533,0.12269879,5.0,B01N24N9TH
pca,10000,9058,0.5352542,0.029389052,5.0,B07BV97DCH
pca,10000,9059,0.034340106,-0.27341634,3.0,B00GR4PSAK
pca,10000,9060,-0.09156988,0.24531251,5.0,B00BR485DC
pca,10000,9061,0.36706492,0.11099264,5.0,B00TC6FKOY
pca,10000,9062,0.082292885,0.23312975,5.0,B018CWI6M6
pca,10000,9063,0.038375784,0.024872107,5.0,B083BR5DJB
pca,10000,9064,0.07105118,0.021477023,5.0,B07S5JVP78
pca,10000,9065,0.18221009,0.19504367,5.0,B09Y5NJ3DZ
pca,10000,9066,-0.20166884,-0.20337327,5.0,B07T8FG649
pca,10000,9067,0.013404915,-0.080853306,4.0,B00SRHXBIQ
pca,10000,9068,0.38615993,0.15776049,5.0,B06XFXX5JH
pca,10000,9069,0.08127532,-0.062100425,4.0,B0784G52RL
pca,10000,9070,0.1969641,-0.16205062,5.0,B09KV19HQ5
pca,10000,9071,0.074983194,0.15458614,5.0,B00S0BWR2K
pca,10000,9072,0.2776775,0.14110461,5.0,B073Z97TVC
pca,10000,9073,0.27141038,0.23631552,5.0,B00XJKC4SE
pca,10000,9074,-0.02516698,-0.16917092,1.0,B0094R4POC
pca,10000,9075,0.38714474,0.12722264,5.0,B01EKKQ02C
pca,10000,9076,0.15951152,0.25830105,5.0,B018SZT3BK
pca,10000,9077,0.3130926,0.026208473,5.0,B015NBTFFQ
pca,10000,9078,0.2417739,0.04360091,5.0,B00I8TU9KQ
pca,10000,9079,-0.09328586,0.04379554,5.0,B07TJLM1YM
pca,10000,9080,-0.27288234,-0.034141887,5.0,B0BZ15FM42
pca,10000,9081,-0.010430919,-0.13526085,5.0,B01EN1PI8K
pca,10000,9082,-0.062139064,-0.21701169,5.0,B004H1M6MI
pca,10000,9083,0.370515,0.11691951,5.0,B00JKQKAL4
pca,10000,9084,-0.20894568,-0.20821463,5.0,B071GYD3WV
pca,10000,9085,0.22305347,0.070290096,1.0,B009IZ82DA
pca,10000,9086,0.29967996,0.06887253,5.0,B00C4VSJD8
pca,10000,9087,0.13320543,0.079451695,5.0,B00F8PP3OK
pca,10000,9088,0.02700253,-0.15652882,5.0,B0071KSMSY
pca,10000,9089,-0.24095047,0.20979454,5.0,B007HCCNJU
pca,10000,9090,-0.14048828,-0.1473407,5.0,B004UW0EMS
pca,10000,9091,-0.10098897,0.27935976,5.0,B004SD22PQ
pca,10000,9092,0.1411607,0.026661927,5.0,B0000AHO91
pca,10000,9093,-0.13124683,-0.23063861,5.0,B073HF74TG
pca,10000,9094,0.16207826,-0.17400323,5.0,B000P0QD6U
pca,10000,9095,-0.26267445,0.068355516,5.0,B005DOK8NW
pca,10000,9096,-0.19718407,-0.13265572,5.0,B007VDMI0O
pca,10000,9097,-0.37411776,-0.090175234,5.0,B005M08NM0
pca,10000,9098,-0.045346275,0.019600203,5.0,B007TMXJK0
pca,10000,9099,-0.15981181,-0.22638272,5.0,B0084VBF8I
pca,10000,9100,0.02619283,0.15667868,5.0,B007XTIPH6
pca,10000,9101,-0.022127263,0.03857678,5.0,B09TWVB2TH
pca,10000,9102,-0.024754036,-0.090667315,4.0,B002MZZSGC
pca,10000,9103,0.05191656,0.26374567,5.0,B000P0S7UK
pca,10000,9104,0.02052677,0.20935054,5.0,B005755TZY
pca,10000,9105,-0.067618124,0.115263574,4.0,B0007T26YW
pca,10000,9106,0.0062265648,-0.1308993,5.0,B00011R47U
pca,10000,9107,0.13529658,0.15250242,5.0,B09S35XDHK
pca,10000,9108,-0.05489839,0.34686017,5.0,B09794SBLT
pca,10000,9109,-0.28098437,0.15022212,5.0,B0BRZFGB6R
pca,10000,9110,-0.07487811,0.30017287,5.0,B07XY2ZKYB
pca,10000,9111,-0.009833923,-0.27641195,3.0,B07GZFM1ZM
pca,10000,9112,-0.12799688,-0.34193444,5.0,B00023NDLS
pca,10000,9113,-0.119412854,-0.1515425,5.0,B09RD36X6L
pca,10000,9114,-0.14668004,0.073741674,5.0,B0095PZHPE
pca,10000,9115,0.016353581,-0.21340503,3.0,B09YLKXNSN
pca,10000,9116,0.17801538,0.042595312,5.0,B0BMXMNG7G
pca,10000,9117,0.027287573,0.10096011,1.0,B09Y4HCRLM
pca,10000,9118,0.067341216,-0.10410861,1.0,B01D0H1ILY
pca,10000,9119,0.028055083,-0.023184102,5.0,B077TY2YN2
pca,10000,9120,-0.26533216,-0.31096986,5.0,B07DWR6TYJ
pca,10000,9121,-0.12971084,-0.13009965,5.0,B07ZP187WJ
pca,10000,9122,0.002952599,-0.042426214,4.0,B07LH37N6B
pca,10000,9123,-0.019130487,0.031744473,4.0,B07FN2N9ZF
pca,10000,9124,0.2990019,-0.30587843,5.0,B005NYD7US
pca,10000,9125,0.32790712,-0.20630912,1.0,B00ZGRGE70
pca,10000,9126,-0.09865042,0.030264871,2.0,B01DDREF2A
pca,10000,9127,0.13453591,-0.00072607957,4.0,B0088TKH3A
pca,10000,9128,0.13474265,0.15616347,4.0,B000086EYG
pca,10000,9129,0.13698111,0.07540912,5.0,B0BR6ZF28J
pca,10000,9130,0.25890487,0.040166788,1.0,B09C82NT4X
pca,10000,9131,0.018368129,-0.046590522,4.0,B09JJYSYJD
pca,10000,9132,0.025072169,-0.08662317,5.0,B092LNDYSG
pca,10000,9133,-0.06175951,-0.15031822,5.0,B07L1PB117
pca,10000,9134,-0.06518131,-0.08283485,5.0,B08HGFB47M
pca,10000,9135,-0.07780658,-0.092260756,5.0,B0BRZG5TK4
pca,10000,9136,-0.03267358,0.042161085,4.0,B0B6D4W3R7
pca,10000,9137,-0.21777153,-0.13168283,5.0,B099YNPQJ5
pca,10000,9138,0.017299367,-0.3463985,3.0,B0BVV55XQ1
pca,10000,9139,0.37514403,0.13435315,5.0,B08FXL1HBL
pca,10000,9140,0.16727073,-0.02949275,1.0,B09YH2K3FL
pca,10000,9141,0.2381331,-0.33195794,1.0,B01H3XYJS0
pca,10000,9142,0.349351,0.11296169,5.0,B07K37HKT8
pca,10000,9143,-0.21304736,-0.26784578,5.0,B08TX9GNB3
pca,10000,9144,-0.05540061,-0.186949,1.0,B000056KYO
pca,10000,9145,0.16982728,-0.2535698,5.0,B01N7KKDOT
pca,10000,9146,0.29738468,-0.25449866,1.0,B00IF70SDO
pca,10000,9147,0.09031689,-0.069654614,5.0,B0016OYZBY
pca,10000,9148,0.100441985,-0.24396053,1.0,B005QCD0GS
pca,10000,9149,-0.08024264,0.32301944,3.0,B005IXSXPI
pca,10000,9150,-0.019340008,-0.29061705,2.0,B000IIBHGK
pca,10000,9151,0.051339876,-0.201892,3.0,B000001OMZ
pca,10000,9152,0.06750247,0.08376269,5.0,B07TMJ8S5Z
pca,10000,9153,0.08276614,0.026411219,2.0,B09DGFHKNC
pca,10000,9154,0.07328424,-0.11740121,1.0,B09Q4NHCWY
pca,10000,9155,-0.025775634,-0.12687378,5.0,B07S6X6RLG
pca,10000,9156,0.14013395,0.2665476,5.0,B0BTPBBL52
pca,10000,9157,0.04951742,-0.12172588,5.0,B09Z93GXLK
pca,10000,9158,-0.18171772,-0.3224486,5.0,B088CSDZQM
pca,10000,9159,-0.33536842,-0.18563704,5.0,B08J83TR22
pca,10000,9160,0.13077557,-0.27546442,5.0,B0BV3NWX67
pca,10000,9161,0.22814485,0.06687889,5.0,B07R1KHSR4
pca,10000,9162,0.019080624,0.0059046503,5.0,B0C6PGZ3MB
pca,10000,9163,0.08241773,-0.10540458,4.0,B0B6D4W3R7
pca,10000,9164,0.16633287,-0.23794684,2.0,B0C5M4WVY2
pca,10000,9165,0.18667838,0.055358633,5.0,B0BRLZFYTJ
pca,10000,9166,0.12903821,0.17652729,5.0,B06XD17W7W
pca,10000,9167,-0.08290818,0.008401431,5.0,B01LYCMLY5
pca,10000,9168,0.02410177,-0.056641325,5.0,B08739SDH3
pca,10000,9169,0.07345882,-0.25258055,3.0,B079YDZ3QJ
pca,10000,9170,0.048177607,-0.012603876,2.0,B0817VT1Q2
pca,10000,9171,-0.24352437,0.08675568,3.0,B07KBZ52PN
pca,10000,9172,-0.061834574,0.022861032,5.0,B07QY74JVJ
pca,10000,9173,0.068818785,-0.0432562,5.0,B07ZV5P9RQ
pca,10000,9174,-0.34434,-0.10325316,5.0,B093Q4CMGB
pca,10000,9175,-0.08108474,-0.057455286,5.0,B0BJW2XLMR
pca,10000,9176,-0.23796615,0.017587835,5.0,B07S764D9V
pca,10000,9177,0.26534134,0.21814878,5.0,B08KG14KCT
pca,10000,9178,0.24464405,-0.066401094,1.0,B00FBJ48JE
pca,10000,9179,0.28798077,-0.29140508,3.0,B0CCD3VDQN
pca,10000,9180,0.2079047,0.047979034,5.0,B00OUUTYIU
pca,10000,9181,0.06231862,-0.023171589,5.0,B07BB4QSLL
pca,10000,9182,-0.083440416,-0.30407473,5.0,B08739SDH3
pca,10000,9183,0.28185892,-0.07675614,5.0,B01LY2QRH0
pca,10000,9184,0.28185892,-0.07675614,5.0,B00FBJ460K
pca,10000,9185,0.27273777,0.12874794,5.0,B0C7TS233Q
pca,10000,9186,0.13571566,0.013443299,5.0,B087MDK9DK
pca,10000,9187,0.25394532,0.0044679027,5.0,B092WHC7C1
pca,10000,9188,0.02975847,0.048220642,5.0,B012ZHJNV2
pca,10000,9189,0.17604695,0.00027224235,5.0,B01L3VEC94
pca,10000,9190,0.12391385,0.17917496,5.0,B011NT1ODS
pca,10000,9191,-0.059136346,0.012461901,5.0,B01H14SFRM
pca,10000,9192,0.17163384,-0.016074406,5.0,B00P6N9KE8
pca,10000,9193,0.4244632,0.1116149,5.0,B09966K2LT
pca,10000,9194,0.33080757,0.10076708,5.0,B000YQSKPM
pca,10000,9195,-0.0002786517,0.053795844,5.0,B00JW6O9EQ
pca,10000,9196,0.08652621,0.36411425,5.0,B00B3507Q8
pca,10000,9197,0.24926208,0.10560377,5.0,B00FRQ0TBC
pca,10000,9198,0.25514635,0.054252222,5.0,B00EUY59Z8
pca,10000,9199,0.11113165,0.10797365,5.0,B004VF4D9E
pca,10000,9200,-0.11468512,-0.26665506,5.0,B009UNGTH6
pca,10000,9201,0.0059773596,0.21748471,5.0,B002NUDGOC
pca,10000,9202,-0.17460655,-0.011435996,5.0,B002RZ3CBU
pca,10000,9203,0.28197917,-0.13253784,5.0,B00632MUHA
pca,10000,9204,0.06420225,-0.3854758,3.0,B093HBZVT6
pca,10000,9205,0.033716355,-0.19074331,5.0,B07VGTG17P
pca,10000,9206,-0.1326091,-0.07840947,5.0,B0753G7SJ5
pca,10000,9207,0.16256331,-0.06399008,1.0,B09Y2SCJPD
pca,10000,9208,0.1389924,-0.23439331,1.0,B09J2LT45L
pca,10000,9209,-0.107310146,0.56796247,5.0,B08CXBT1VP
pca,10000,9210,-0.044321075,0.057175845,5.0,B08B65KK8V
pca,10000,9211,0.11683722,-0.20360684,5.0,B00BTKGHDE
pca,10000,9212,-0.084245555,-0.29525965,1.0,B0967JBZN9
pca,10000,9213,-0.013154544,-0.044769958,5.0,B0796LV9SY
pca,10000,9214,0.07317865,0.079339266,5.0,B0914VHYJZ
pca,10000,9215,0.2972978,0.09246691,5.0,B0BDPY3QVG
pca,10000,9216,-0.09519933,0.39219305,5.0,B091YR9YWJ
pca,10000,9217,0.047805294,0.007054923,5.0,B0B5N1GTBN
pca,10000,9218,0.30057102,0.0071247406,5.0,B08RSCQBHR
pca,10000,9219,0.39485174,-0.15981804,5.0,B093C6DW8H
pca,10000,9220,0.40144345,0.0012672134,5.0,B078LVK34L
pca,10000,9221,0.30701038,0.07730896,5.0,B082T78RKN
pca,10000,9222,0.016806481,-0.16365205,5.0,B0791TX5P5
pca,10000,9223,0.057989895,-0.09103971,5.0,B07HKTKJ5C
pca,10000,9224,0.26361907,0.14881667,5.0,B07CLBNM1C
pca,10000,9225,0.30523193,0.085844256,5.0,B07CKKX42P
pca,10000,9226,0.54398817,-0.13984656,5.0,B08P1TWXC9
pca,10000,9227,0.30099055,0.26427978,5.0,B07N5LJCWN
pca,10000,9228,0.18896063,-0.1436629,4.0,B01D84LZ1W
pca,10000,9229,0.47457004,-0.19125816,5.0,B00HJ0VXJQ
pca,10000,9230,0.45611337,-0.009401184,4.0,B0BGNG1294
pca,10000,9231,0.45611337,-0.009401184,2.0,B01N75TWSA
pca,10000,9232,0.23588018,-0.26785597,5.0,B01NAWBY12
pca,10000,9233,-0.029434673,0.266859,4.0,B06XXLVKGF
pca,10000,9234,0.20944642,0.037999064,2.0,B00FR6SQFS
pca,10000,9235,0.024855912,-0.29666808,1.0,B00SMBFZNG
pca,10000,9236,0.06384991,-0.21494015,5.0,B007PZYBTY
pca,10000,9237,0.07086831,-0.18028459,3.0,B01E6OSCBY
pca,10000,9238,0.040174924,-0.3721698,5.0,B07HNVKJSL
pca,10000,9239,-0.0063695684,0.18165429,5.0,B0CFB5XD2Z
pca,10000,9240,-0.10034957,-0.10194887,5.0,B09W4W9SYF
pca,10000,9241,0.006331155,-0.07797139,5.0,B0756HHHL2
pca,10000,9242,-0.091772996,-0.13847283,2.0,B0BS1615YC
pca,10000,9243,-0.23558447,-0.11146023,4.0,B08Q2D3XR1
pca,10000,9244,0.06514819,0.05205047,4.0,B00LD3Q56G
pca,10000,9245,-0.22230043,-0.0663198,5.0,B07S764D9V
pca,10000,9246,-0.2540912,0.13643004,5.0,B00IWA1MNE
pca,10000,9247,-0.24741736,-0.20815636,5.0,B00HPTTZDC
pca,10000,9248,-0.25666574,0.021314243,3.0,B00J3VUKVQ
pca,10000,9249,0.062130265,0.2990093,5.0,B00DBR67WO
pca,10000,9250,0.15276022,-0.07443181,5.0,B00E59WGTU
pca,10000,9251,-0.27568686,0.029294765,5.0,B00KJLMMA6
pca,10000,9252,-0.23027161,0.31199762,4.0,B00M7E3OZA
pca,10000,9253,0.29465893,0.10471707,5.0,B08MBTW7HC
pca,10000,9254,0.1048861,0.0404879,5.0,B071WW8P83
pca,10000,9255,-0.05098886,0.045041025,5.0,B06XW37LBG
pca,10000,9256,0.119878136,0.032953538,5.0,B01CW4BN5M
pca,10000,9257,-0.1489408,-0.05481475,5.0,B016F3M7OM
pca,10000,9258,-0.22401358,0.45136902,4.0,B09FJLY7BH
pca,10000,9259,-0.11720465,0.14358939,5.0,B0BZVF3W2L
pca,10000,9260,-0.0075177755,0.23383693,2.0,B09175ND1N
pca,10000,9261,-0.14062148,0.29783863,3.0,B09D7KRFWV
pca,10000,9262,0.011179745,0.2894094,1.0,B08R3MG1DL
pca,10000,9263,-0.12131517,0.461451,5.0,B07BWFNBZK
pca,10000,9264,0.008267332,0.060168445,5.0,B0C2QJ4FF7
pca,10000,9265,-0.22604357,0.20093387,3.0,B07KVKGQ4K
pca,10000,9266,-0.030820232,-0.30296335,5.0,B01GTH5Z3E
pca,10000,9267,-0.19067653,0.064031415,3.0,B0BPMM75N8
pca,10000,9268,-0.017877053,-0.071675666,2.0,B0184NF68A
pca,10000,9269,-0.10460616,-0.064071976,5.0,B01F9RGSFE
pca,10000,9270,-0.11930668,0.14679283,5.0,B01B7X4HVQ
pca,10000,9271,-0.20295623,-0.11206081,5.0,B00M5JG8ZK
pca,10000,9272,-0.22979487,-0.2847088,5.0,B06XKM77TP
pca,10000,9273,0.03849878,0.2757789,5.0,B00DQDWUFQ
pca,10000,9274,-0.20117003,0.36664072,5.0,B008D6SX8Y
pca,10000,9275,-0.1405228,-0.15450981,4.0,B00UY5Y868
pca,10000,9276,0.54398817,-0.13984656,5.0,B072JJNVJ5
pca,10000,9277,0.48278263,-0.18226883,3.0,B073VMG4FN
pca,10000,9278,0.2842695,-0.20375964,4.0,B0144AAIWQ
pca,10000,9279,0.5327408,0.05774656,4.0,B01B6197JG
pca,10000,9280,0.54398817,-0.13984656,4.0,B00HC0691U
pca,10000,9281,0.13762692,0.11275003,4.0,B00STPOLIA
pca,10000,9282,0.54398817,-0.13984656,4.0,B000FIY08U
pca,10000,9283,-0.22791976,0.47123426,5.0,B09MVNFD2W
pca,10000,9284,-0.10750304,0.33603457,5.0,B016836DDK
pca,10000,9285,-0.15193619,0.30004874,5.0,B00VKIY9RG
pca,10000,9286,-0.15388821,-0.19578418,5.0,B08CRRL7CR
pca,10000,9287,-0.23881996,-0.09611182,5.0,B06X16Z7DZ
pca,10000,9288,0.048104346,-0.31049526,1.0,B07BKBJS45
pca,10000,9289,0.08155559,-0.20234641,1.0,B00X5C22SS
pca,10000,9290,-0.22717522,0.16019268,4.0,B008GFRE5A
pca,10000,9291,-0.25196454,0.065464266,5.0,B006GWO5WK
pca,10000,9292,-0.1356772,0.2173696,5.0,B0BQHNB35H
pca,10000,9293,-0.026938293,0.077055804,1.0,B09FPY6YK2
pca,10000,9294,0.020034919,-0.21446304,5.0,B08LPTDW6T
pca,10000,9295,0.100366555,0.0018774746,5.0,B00E0E2DIE
pca,10000,9296,0.094122745,-0.32486135,5.0,B07Q478Y95
pca,10000,9297,-0.009370362,0.073429205,5.0,B081VSP25F
pca,10000,9298,0.025263738,-0.32006326,4.0,B07FQ24C67
pca,10000,9299,0.14361957,0.10916104,5.0,B07Y1QGRWC
pca,10000,9300,-0.053600244,-0.29377094,5.0,B07KTYJ769
pca,10000,9301,0.11047893,-0.21493965,5.0,B07N86MCD2
pca,10000,9302,0.22725989,-0.09441522,1.0,B0BS2TMK39
pca,10000,9303,-0.36557746,-0.23978384,5.0,B07P65VSYR
pca,10000,9304,0.063044794,-0.10625147,5.0,B07G62CTBW
pca,10000,9305,0.04706547,-0.3079557,5.0,B07BG98GNZ
pca,10000,9306,-0.03984949,-0.21185571,5.0,B07GTGHQHB
pca,10000,9307,-0.19736786,0.34195417,5.0,B01862K1YS
pca,10000,9308,-0.11702132,0.23358366,5.0,B017Y6B8CQ
pca,10000,9309,-0.04152696,-0.006229903,5.0,B06Y26RTKR
pca,10000,9310,-0.1014893,-0.24758789,3.0,B01K8B8YA8
pca,10000,9311,-0.08919549,-0.1957616,5.0,B00CR0JAT8
pca,10000,9312,-0.09291375,-0.14906444,5.0,B00CO07C5A
pca,10000,9313,0.16734225,0.10573814,5.0,B004UETB20
pca,10000,9314,0.062354438,-0.2847062,2.0,B084T3RMQ6
pca,10000,9315,-0.05806475,-0.18191406,3.0,B0BP52CQCW
pca,10000,9316,0.0012244303,-0.24299946,4.0,B07H2F373Y
pca,10000,9317,-0.068949,0.15470058,3.0,B095ZV29YF
pca,10000,9318,-0.009049386,-0.16740206,1.0,B00RXEWOAA
pca,10000,9319,0.052036986,-0.0131162265,5.0,B00KF7Q4WG
pca,10000,9320,-0.07663435,-0.11856713,3.0,B077T4G4PX
pca,10000,9321,-0.041048445,-0.17017677,2.0,B0063NU3AA
pca,10000,9322,0.0456082,-0.15766221,5.0,B005F4N6G6
pca,10000,9323,0.06275061,-0.10006295,1.0,B00XI4OL82
pca,10000,9324,0.033382993,-0.15566394,4.0,B01EOHXF0G
pca,10000,9325,-0.0406217,-0.069735676,2.0,B010278JVM
pca,10000,9326,-0.2156688,-0.22052057,3.0,B0BW4PFM58
pca,10000,9327,-0.16976464,0.08679013,3.0,B06XHWWJRW
pca,10000,9328,-0.006155396,-0.3146315,2.0,B0BDDXWX5T
pca,10000,9329,-0.039383825,0.06697026,5.0,B00AYJFXIQ
pca,10000,9330,0.07387389,-0.043791644,1.0,B000068P8W
pca,10000,9331,-0.048017606,-0.27934888,1.0,B001TK3D4K
pca,10000,9332,-0.11266136,-0.21915872,5.0,B083NFNN99
pca,10000,9333,-0.07924166,0.0083204545,5.0,B07SD4SNSB
pca,10000,9334,-0.20122632,0.28156146,4.0,B078YQS231
pca,10000,9335,-0.32807988,0.026198106,4.0,B083TWD5HP
pca,10000,9336,-0.3032953,0.034068145,4.0,B01KSCZHQG
pca,10000,9337,-0.1820647,-0.23452696,4.0,B07MLY3JKV
pca,10000,9338,0.008523879,0.005180599,5.0,B00ZDGITGI
pca,10000,9339,-0.025786322,0.06972001,3.0,B07F8ZHBLS
pca,10000,9340,0.05929241,-0.109472126,5.0,B0BZLBL1L9
pca,10000,9341,-0.05411023,-0.08185181,3.0,B0CBVWHXTS
pca,10000,9342,-0.2429041,-0.06589965,1.0,B07QRZBZ9D
pca,10000,9343,-0.29224893,-0.1050971,3.0,B07K25P3N1
pca,10000,9344,-0.34373385,-0.22055742,4.0,B08YKHW429
pca,10000,9345,-0.11961225,-0.14260691,4.0,B07324B77V
pca,10000,9346,-0.1740316,0.32059246,3.0,B01COWDBYS
pca,10000,9347,-0.16137074,0.18927492,5.0,B00Q5CZ0RA
pca,10000,9348,-0.1247202,0.3088518,4.0,B00WMK3D0K
pca,10000,9349,0.031728208,-0.20723866,3.0,B00SIM78R0
pca,10000,9350,0.051316373,0.0018995637,5.0,B07QW3MNXQ
pca,10000,9351,-0.11869159,0.0016044993,5.0,B0058BG0UK
pca,10000,9352,0.046598524,0.048575386,4.0,B004O4HTDE
pca,10000,9353,0.0843521,0.02986112,5.0,B0067HY7HW
pca,10000,9354,0.33843285,-0.116706654,5.0,B00E1CRC86
pca,10000,9355,0.10965234,0.0018740837,5.0,B00007LA0T
pca,10000,9356,0.017956717,-0.1069754,4.0,B00906D9YE
pca,10000,9357,0.27017307,0.066488005,5.0,B0088N90AW
pca,10000,9358,-0.10275613,0.071425706,5.0,B0058I7CVE
pca,10000,9359,-0.456253,-0.13517797,4.0,B00WURKW1S
pca,10000,9360,0.021463482,-0.27193603,5.0,B07DGZ8ZC7
pca,10000,9361,-0.16995734,-0.17210065,5.0,B00XHU3354
pca,10000,9362,-0.19720879,-0.051038757,5.0,B01EQWU9EO
pca,10000,9363,-0.013307128,-0.044108383,5.0,B00SG3CWGS
pca,10000,9364,-0.1647314,0.07102073,5.0,B091LDVYZK
pca,10000,9365,-0.31402263,0.3629652,1.0,B0129D1QYE
pca,10000,9366,-0.27363762,0.46524584,5.0,B00CQUVHC2
pca,10000,9367,-0.20252588,0.3789811,5.0,B07C9H4JY8
pca,10000,9368,-0.1689222,0.25577214,5.0,B00O4SBLBQ
pca,10000,9369,-0.24063861,0.25410235,5.0,B012SXFW72
pca,10000,9370,-0.1285193,0.18615969,5.0,B010BWYDYA
pca,10000,9371,0.0968629,0.012893463,5.0,B01I4TE612
pca,10000,9372,-0.17461297,-0.079159275,4.0,B0C1ZHJRGB
pca,10000,9373,0.22024964,-0.011912236,5.0,B0822MT2NH
pca,10000,9374,0.37983233,-0.04062652,5.0,B07CWQGX93
pca,10000,9375,0.11296222,-0.048221216,5.0,B00HEEOQBO
pca,10000,9376,0.20548221,-0.14652453,5.0,B079V4L9BD
pca,10000,9377,0.1871062,-0.0037375977,1.0,B0BJVDXRQX
pca,10000,9378,-0.022764329,-0.44541022,5.0,B0BL6788GP
pca,10000,9379,0.004353781,-0.051336512,5.0,B0BYYJPGQB
pca,10000,9380,0.024176441,-0.10851296,2.0,B005M08M2Q
pca,10000,9381,0.021205295,0.1711202,5.0,B09BN68NPQ
pca,10000,9382,-0.08038699,0.009370314,5.0,B09659G5MR
pca,10000,9383,0.2524402,0.07832635,5.0,B07S764D9V
pca,10000,9384,0.11988931,0.14002459,5.0,B072FHJVT2
pca,10000,9385,0.029889695,0.30096683,5.0,B007RHU7F2
pca,10000,9386,0.15637685,-0.22695377,5.0,B08W461XSH
pca,10000,9387,0.0031213574,-0.13032399,5.0,B08F6GPRH6
pca,10000,9388,-0.048413664,0.32729924,5.0,B07Q2ZKBQS
pca,10000,9389,0.3009308,-0.028356787,5.0,B01BERGPX8
pca,10000,9390,-0.15896384,0.022516398,1.0,B00DF37H3W
pca,10000,9391,0.22081435,-0.24986574,5.0,B000001OKZ
pca,10000,9392,0.18586583,0.25086233,5.0,B01M0EKE4T
pca,10000,9393,0.122489765,-0.17725927,5.0,B0087NZ31S
pca,10000,9394,0.048282903,0.2066601,5.0,B0189XYW08
pca,10000,9395,-0.07897233,-0.03793078,5.0,B0C3H2SV75
pca,10000,9396,0.017645841,0.052100502,5.0,B07TJ38TNL
pca,10000,9397,-0.036131617,0.22294015,5.0,B0095FQH1M
pca,10000,9398,-0.01108606,0.23966205,5.0,B007Y91RAC
pca,10000,9399,0.08029696,-0.039556712,5.0,B00CU2K7VI
pca,10000,9400,0.055919778,-0.085615195,5.0,B00512Q4M0
pca,10000,9401,-0.28764257,0.008669617,5.0,B00B3OA7R8
pca,10000,9402,-0.17151631,-0.022022732,1.0,B003DV4234
pca,10000,9403,-0.027214546,-0.22443175,5.0,B0C3NMZ2C7
pca,10000,9404,-0.11531629,-0.04292076,5.0,B0BLD1HN66
pca,10000,9405,-0.038175736,-0.06596941,5.0,B07W5QVC72
pca,10000,9406,-0.050389826,0.14001659,5.0,B08PB9FFM8
pca,10000,9407,0.07647066,0.013618341,5.0,B0BG75H724
pca,10000,9408,-0.12487739,0.036711037,5.0,B01M3ULMWP
pca,10000,9409,0.010470428,0.44347075,5.0,B0719KZW4L
pca,10000,9410,0.15675665,-0.0012688525,5.0,B01940JPLQ
pca,10000,9411,0.19278522,-0.2695263,4.0,B071YPQQFF
pca,10000,9412,0.23973927,-0.032402646,5.0,B08L3SWXY1
pca,10000,9413,0.11552251,0.33259353,4.0,B07BF5VW8K
pca,10000,9414,0.34526014,0.1923758,4.0,B072N2RZJG
pca,10000,9415,-0.050289884,-0.118057184,4.0,B07SSYXHRR
pca,10000,9416,-0.010899233,0.023317343,4.0,B00ITHFHL8
pca,10000,9417,0.32756767,0.13309063,5.0,B003ILIFEG
pca,10000,9418,0.30381823,0.09157227,4.0,B00841AGCO
pca,10000,9419,-0.03703704,0.1783001,5.0,B00OQVZDJM
pca,10000,9420,0.17824323,0.20341188,4.0,B001I3X3HU
pca,10000,9421,-0.15676554,-0.021668792,5.0,B08FX6FB1S
pca,10000,9422,0.11953561,0.02911594,1.0,B0000BYDKO
pca,10000,9423,-0.030232344,0.010151438,1.0,B0C81DBWRQ
pca,10000,9424,0.48398262,0.11371871,5.0,B09ZKN1KVG
pca,10000,9425,0.2931284,0.11374926,5.0,B0719897GN
pca,10000,9426,0.38549623,-0.07542655,5.0,B0756NMHLD
pca,10000,9427,0.33580205,0.08213954,5.0,B00LHERVM8
pca,10000,9428,0.21246384,0.33368412,5.0,B00P0ZAKG4
pca,10000,9429,-0.061910406,-0.27915308,5.0,B09FHGH3Q4
pca,10000,9430,0.25845405,0.08954332,5.0,B07XKPDG2Q
pca,10000,9431,0.36800689,0.01555779,3.0,B084LS3RQJ
pca,10000,9432,0.1224855,0.038509324,3.0,B07PBD8C26
pca,10000,9433,0.27190068,0.09934762,4.0,B08MBX4FNC
pca,10000,9434,0.24106643,0.08402191,4.0,B0BRZFGB6R
pca,10000,9435,0.19250882,0.3569274,4.0,B07NL2S9QW
pca,10000,9436,0.5114957,-0.0732761,4.0,B01LWWRZD1
pca,10000,9437,-0.25034425,0.13130671,4.0,B09H64B2QN
pca,10000,9438,-0.00016379356,0.28993082,3.0,B0BZ5KPQZK
pca,10000,9439,-0.22615439,-0.20345938,5.0,B01J0S4AAS
pca,10000,9440,0.3597683,-0.016564798,4.0,B0B3HP29S4
pca,10000,9441,0.034307007,0.13196805,5.0,B07TLKYNHG
pca,10000,9442,0.39605635,0.089390695,5.0,B0C556BW5M
pca,10000,9443,0.22558457,0.036194958,5.0,B01MS0KRA4
pca,10000,9444,0.12125158,-0.11152699,5.0,B00GN76HAG
pca,10000,9445,0.46121982,-0.029493337,5.0,B0BCWK45KD
pca,10000,9446,0.14352278,-0.04248568,5.0,B07211W6X2
pca,10000,9447,0.37199858,-0.091373034,5.0,B07C9C7N4G
pca,10000,9448,0.118326776,0.26255938,5.0,B011K4XZQ0
pca,10000,9449,0.22893064,0.13231249,4.0,B01C7HZ47M
pca,10000,9450,0.07107802,0.18236768,4.0,B0BHSV5MQ2
pca,10000,9451,0.36800689,0.01555779,5.0,B0B1M6Q6XC
pca,10000,9452,0.26571012,0.10523744,5.0,B07QG6F5C8
pca,10000,9453,0.20903368,0.0850116,5.0,B07DK3RTX9
pca,10000,9454,-0.073965795,-0.26498935,5.0,B0BW4PFM58
pca,10000,9455,0.087409005,-0.16251442,5.0,B07NBQ1WJ7
pca,10000,9456,-0.16781436,-0.25734112,5.0,B0B5SXC463
pca,10000,9457,-0.057012275,-0.43923485,5.0,B08X7H3GMK
pca,10000,9458,0.03324402,-0.19828239,1.0,B09SGB2WV4
pca,10000,9459,-0.014944069,-0.30385455,5.0,B00176T9OY
pca,10000,9460,0.08770033,-0.12509376,5.0,B07R4SP65H
pca,10000,9461,-0.026947763,-0.19298737,5.0,B08CHHKM9M
pca,10000,9462,0.10724619,-0.12612897,5.0,B07GSCCJ9Y
pca,10000,9463,0.04591747,-0.41830784,1.0,B07VTK654B
pca,10000,9464,0.0076381965,-0.08019109,5.0,B01D8BK8YA
pca,10000,9465,0.0125562195,0.15649907,5.0,B07WLLZYNQ
pca,10000,9466,0.04811008,-0.31761512,5.0,B071V7SV6P
pca,10000,9467,0.02613616,-0.18610999,2.0,B078KNZBHM
pca,10000,9468,-0.13837744,0.036553018,5.0,B07Y4XH11L
pca,10000,9469,-0.005431926,0.061917864,3.0,B071ZT43CQ
pca,10000,9470,-0.055307403,-0.021057209,5.0,B01LNDARMS
pca,10000,9471,0.05018516,0.19403867,5.0,B00K8UO288
pca,10000,9472,-0.016842235,-0.1389239,5.0,B018QEETLM
pca,10000,9473,0.280696,-0.035278894,5.0,B008I780R2
pca,10000,9474,0.24236625,-0.052655324,1.0,B07G61JRYR
pca,10000,9475,0.014382487,-0.25803867,5.0,B00P9WK1BW
pca,10000,9476,-0.022899225,0.07835896,5.0,B07R74DWW1
pca,10000,9477,0.0423216,-0.063851856,5.0,B00B1V2FA0
pca,10000,9478,0.10675878,0.21573718,5.0,B004RG19VM
pca,10000,9479,0.13304333,-0.15429711,4.0,B003K1L7QW
pca,10000,9480,0.19072083,-0.13009578,4.0,B002UKSZUU
pca,10000,9481,-0.1632319,-0.19708222,1.0,B08SRC7S69
pca,10000,9482,-0.3022745,-0.119150646,1.0,B005XI09RS
pca,10000,9483,-0.041567802,-0.25253084,5.0,B0001OHH0Q
pca,10000,9484,0.15221223,0.07456936,5.0,B01K8B8YA8
pca,10000,9485,0.34593114,-0.05032935,2.0,B0B62NG1V7
pca,10000,9486,-0.026104338,0.13108966,3.0,B00F42VLNY
pca,10000,9487,-0.3403845,-0.1719067,5.0,B0BXT9S5NK
pca,10000,9488,-0.26912388,0.1676832,5.0,B00ROT77QA
pca,10000,9489,0.20097235,-0.04637336,5.0,B01LYECMO6
pca,10000,9490,-0.14463331,0.14781833,5.0,B0B3GVH1ZP
pca,10000,9491,-0.074074745,0.15820125,5.0,B084GZHTGM
pca,10000,9492,0.047289297,-0.22620887,2.0,B0C929SCCK
pca,10000,9493,0.11549271,-0.0008076066,5.0,B088R271ZP
pca,10000,9494,-0.038354456,-0.15593022,5.0,B0B42NYTZZ
pca,10000,9495,-0.03155308,-0.081851654,2.0,B017OJEAL4
pca,10000,9496,-0.16859324,0.2188886,5.0,B004GF1WUC
pca,10000,9497,0.16165264,-0.22869696,5.0,B07K9DVZ3H
pca,10000,9498,0.18134436,0.101572,5.0,B00MIBN71I
pca,10000,9499,0.15427235,-0.21737131,1.0,B006GOFW3E
pca,10000,9500,0.0790637,-0.46193764,5.0,B0C383TJY5
pca,10000,9501,0.14689828,0.14109547,5.0,B07FCHTPJ4
pca,10000,9502,-0.034906026,-0.17917794,3.0,B0C1NBH2CH
pca,10000,9503,-0.21410656,0.18202671,5.0,B0CB3NLJM1
pca,10000,9504,-0.07251613,-0.16233365,5.0,B087MBGQNL
pca,10000,9505,0.29264936,-0.16124976,1.0,B08BS55JS5
pca,10000,9506,-0.032252483,-0.06930328,5.0,B081Y3WTPD
pca,10000,9507,0.19836664,-0.047363333,4.0,B07RR5WZCR
pca,10000,9508,0.004442564,0.060317986,5.0,B07Q2MXPH6
pca,10000,9509,0.06862558,-0.21975984,5.0,B07XBQ2ZSD
pca,10000,9510,0.054404955,-0.1272929,5.0,B0788M3W6K
pca,10000,9511,-0.050133795,-0.313827,5.0,B01KCY5MBU
pca,10000,9512,-0.2680983,0.39481533,5.0,B071KRNH9X
pca,10000,9513,0.022754744,-0.12690611,1.0,B0755H37CV
pca,10000,9514,0.03638626,-0.34444287,5.0,B0BHMVBV9M
pca,10000,9515,-0.2801185,0.19247141,5.0,B01CO4XWDQ
pca,10000,9516,0.06481098,0.071809314,5.0,B00US2SX4K
pca,10000,9517,-0.053503282,0.18904269,4.0,B01B16MXLU
pca,10000,9518,0.12180045,-0.23748931,5.0,B00C2H0YUA
pca,10000,9519,-0.06468622,-0.20732695,5.0,B0194JXWXO
pca,10000,9520,0.07157761,-0.30568576,4.0,B00AJHDZSI
pca,10000,9521,-0.08679972,-0.20031899,5.0,B00PBIJHQY
pca,10000,9522,-0.07580418,-0.071928374,5.0,B0BWJWBD24
pca,10000,9523,-0.03489016,-0.3741106,4.0,B07VTK654B
pca,10000,9524,0.3613831,-0.11393633,5.0,B086WTZ5VZ
pca,10000,9525,0.28100628,-0.16185692,5.0,B092KCHPLP
pca,10000,9526,0.4393758,-0.033029072,5.0,B07Q3DLCJ4
pca,10000,9527,0.15254611,0.08491461,5.0,B073JL2NJR
pca,10000,9528,0.20710364,0.29217955,5.0,B01MTF2Z37
pca,10000,9529,0.0989862,-0.08071415,5.0,B01KIOU4EO
pca,10000,9530,0.13886021,0.21915175,5.0,B075RV7KR1
pca,10000,9531,0.39925343,0.109319985,4.0,B07CRWJMKH
pca,10000,9532,0.086394526,0.17076527,2.0,B01IVQY6GS
pca,10000,9533,0.0974478,-0.13848968,2.0,B076XFGK32
pca,10000,9534,0.32071114,-0.05317156,4.0,B076XFGK32
pca,10000,9535,0.51053977,-0.13885882,4.0,B07TZP1SD3
pca,10000,9536,0.13268773,0.0667741,4.0,B09BQT9ZHB
pca,10000,9537,0.050441373,-0.23610386,4.0,B01MQ1YEYH
pca,10000,9538,0.4957096,0.077089444,4.0,B08DJVJN1V
pca,10000,9539,0.5144506,-0.14206803,5.0,B01HIS30IA
pca,10000,9540,0.10137608,0.122464575,5.0,B0BJW2XLMR
pca,10000,9541,0.27660826,0.060049854,5.0,B08BCY3KJW
pca,10000,9542,-0.0125186015,-0.044058315,3.0,B01LW9B75D
pca,10000,9543,0.016751891,-0.17838609,4.0,B0752F4561
pca,10000,9544,0.51053977,-0.13885882,4.0,B01N4P5SQ3
pca,10000,9545,-0.013978954,0.072772615,4.0,B09GL247NY
pca,10000,9546,0.1648039,-0.15454353,5.0,B00CGYCNG2
pca,10000,9547,0.04413478,0.13162383,5.0,B07V3FWFQG
pca,10000,9548,0.54398817,-0.13984656,5.0,B01DLWQPJI
pca,10000,9549,-0.04850264,-0.04471965,5.0,B003L1AFUU
pca,10000,9550,0.4121024,0.014011022,5.0,B002CQU14A
pca,10000,9551,0.3021123,0.048365355,4.0,B01BNKD0IO
pca,10000,9552,0.5094135,0.03920055,5.0,B0042UINC6
pca,10000,9553,0.043411702,0.0042119175,4.0,B09SWWCN6Q
pca,10000,9554,0.21683095,0.13596094,5.0,B0049U407Q
pca,10000,9555,0.24377276,0.06736095,5.0,B00D38XF6M
pca,10000,9556,0.50326824,0.032854423,5.0,B00JKQK9JW
pca,10000,9557,0.1019779,0.09491007,5.0,B00OAXPYXG
pca,10000,9558,0.031772263,-0.18367547,5.0,B07YFCBZ6W
pca,10000,9559,0.16868144,-0.30248946,5.0,B01AX8XHRQ
pca,10000,9560,-0.06556275,-0.041383702,5.0,B01323CST2
pca,10000,9561,-0.05938325,-0.44249803,5.0,B002VJKAWG
pca,10000,9562,-0.058708124,-0.026026081,5.0,B07Y98X47F
pca,10000,9563,-0.046088427,-0.044603422,5.0,B09PKGGQV1
pca,10000,9564,0.10931132,-0.33472446,5.0,B00NTWK8VW
pca,10000,9565,-0.05206012,0.015572688,5.0,B08YDWRL77
pca,10000,9566,-0.1373213,-0.41875198,4.0,B015A6ZOA4
pca,10000,9567,0.07666583,0.034897283,5.0,B009RUZ7TS
pca,10000,9568,-0.11168809,0.06256889,5.0,B00L4NMI1G
pca,10000,9569,0.088508375,-0.16946256,5.0,B07WRSHHW5
pca,10000,9570,0.12567255,-0.100443974,5.0,B0C7H46FRH
pca,10000,9571,-0.052101173,-0.25285757,5.0,B01N5DLW2U
pca,10000,9572,0.20491418,-0.10657024,5.0,B0BV2M58F6
pca,10000,9573,-0.099437565,0.05769275,4.0,B07D6RDCG3
pca,10000,9574,0.051779386,0.050313212,2.0,B00F4BYXMG
pca,10000,9575,-0.05487705,-0.2194379,4.0,B07S8F43Y6
pca,10000,9576,-0.02910684,-0.2703304,4.0,B07S8F43Y6
pca,10000,9577,0.03431141,-0.10291689,4.0,B01I1XC5LE
pca,10000,9578,0.08019784,-0.3329879,5.0,B089PMMT1X
pca,10000,9579,-0.020041026,-0.055305757,4.0,B07Z5CWTD6
pca,10000,9580,0.1530833,-0.060154617,5.0,B077XYYXJ1
pca,10000,9581,0.022263704,-0.10810765,3.0,B075WSDM9N
pca,10000,9582,-0.10887779,-0.29723778,5.0,B079PG7JPP
pca,10000,9583,0.1600386,-0.07595354,5.0,B00BIKI2BK
pca,10000,9584,0.08293256,-0.22857425,5.0,B07GBNN79K
pca,10000,9585,-0.0019461717,-0.3065009,5.0,B003ZX8N44
pca,10000,9586,0.032214493,-0.1339982,5.0,B004T0WFVE
pca,10000,9587,0.2704166,-0.20848744,5.0,B008DVMRXG
pca,10000,9588,-0.060535043,-0.28082615,5.0,B01N75TWSA
pca,10000,9589,0.09097149,0.22997525,5.0,B01AUR77FI
pca,10000,9590,0.11832873,-0.017862674,5.0,B00KW34P0Q
pca,10000,9591,-0.09619435,-0.3144537,5.0,B07DX98TJK
pca,10000,9592,-0.052030213,-0.39363304,5.0,B0041OTZAM
pca,10000,9593,-0.006297324,-0.19095644,5.0,B075KP9XHS
pca,10000,9594,0.04266396,0.07690294,1.0,B07XJFZPGR
pca,10000,9595,0.31438312,0.054583043,5.0,B09Z9TJ5ND
pca,10000,9596,-0.027652405,0.3872961,5.0,B08P3VMW76
pca,10000,9597,0.23612158,-0.22808953,1.0,B015QBMZ8W
pca,10000,9598,-0.017748851,-0.04674405,5.0,B0C5BZLNW6
pca,10000,9599,-0.0017504431,0.5250976,4.0,B08F4VHM1N
pca,10000,9600,0.04614399,0.009711081,5.0,B01GF0KV6G
pca,10000,9601,-0.23183927,-0.082614556,5.0,B08S55D31N
pca,10000,9602,-0.28748086,0.41330686,5.0,B07RLQV8CP
pca,10000,9603,-0.18916453,0.5155068,5.0,B07KWZCLWH
pca,10000,9604,-0.1468846,0.11854268,5.0,B0BDM6RFTY
pca,10000,9605,-0.0378331,0.13113329,1.0,B077MXCXDQ
pca,10000,9606,0.259512,-0.15420343,1.0,B00EJSNL7I
pca,10000,9607,0.33630636,0.17201814,5.0,B0BTPBBL52
pca,10000,9608,-0.11185841,-0.2824236,4.0,B0BMWKN3HB
pca,10000,9609,-0.18290111,-0.32860485,4.0,B097DP7D93
pca,10000,9610,-0.07378756,-0.17158465,5.0,B01DUF3UVC
pca,10000,9611,-0.05887872,-0.18698844,4.0,B08F14WY7L
pca,10000,9612,0.24457705,0.14082026,5.0,B06XSGYL1Q
pca,10000,9613,0.09667659,-0.085567564,5.0,B078MCNFR1
pca,10000,9614,0.11674308,0.20644587,5.0,B00R81X5A6
pca,10000,9615,0.15027109,0.21928422,4.0,B083NYMDDH
pca,10000,9616,0.28171802,0.16441414,4.0,B07T58DGSZ
pca,10000,9617,-0.0070408043,-0.38038373,4.0,B07FK3G173
pca,10000,9618,-0.034506172,-0.29347348,3.0,B0BPS1NNNJ
pca,10000,9619,0.06075056,-0.24996954,1.0,B07H6X3YQN
pca,10000,9620,-0.006430162,-0.33876047,4.0,B00DHHOZBI
pca,10000,9621,-0.03182477,-0.2904268,3.0,B0B5XL2KF3
pca,10000,9622,-0.22569868,0.18077213,5.0,B013JZCAZK
pca,10000,9623,-0.0032822322,-0.4339779,5.0,B01M8HMK79
pca,10000,9624,0.06572462,-0.08315828,4.0,B073GVZTSQ
pca,10000,9625,0.2131537,0.21534906,5.0,B097QFQ8X3
pca,10000,9626,0.07866205,0.017044134,5.0,B01BLXLR38
pca,10000,9627,0.18865122,0.08771884,4.0,B01N217763
pca,10000,9628,0.11880087,-0.05209268,4.0,B0B75PV61F
pca,10000,9629,0.3397485,0.019918082,5.0,B08PYYS9M3
pca,10000,9630,0.41774094,-0.013787765,5.0,B00EL94Z4I
pca,10000,9631,-0.21170528,0.29818934,1.0,B00N99FXIS
pca,10000,9632,0.26221612,-0.012909862,4.0,B00J2M8Z4A
pca,10000,9633,0.1743167,-0.15684941,5.0,B00U3FPN4U
pca,10000,9634,0.17322081,-0.07353725,5.0,B00SWJEB3S
pca,10000,9635,0.062679246,-0.13333088,5.0,B00SMBGP76
pca,10000,9636,0.1493053,0.10572252,5.0,B00I5VVJNI
pca,10000,9637,0.3261739,0.17190444,5.0,B00OFLNE1C
pca,10000,9638,-0.11738269,0.005425442,5.0,B0095PZHPE
pca,10000,9639,0.19998683,-0.124228746,1.0,B079GB8ZX9
pca,10000,9640,0.062889054,-0.07187977,5.0,B077TY2YN2
pca,10000,9641,0.13052076,0.05011616,4.0,B07Q465CFL
pca,10000,9642,0.4207284,0.1341741,5.0,B08P72Y8MN
pca,10000,9643,0.33693084,0.25598824,5.0,B0BD7G6ZCS
pca,10000,9644,0.20018607,0.42284563,5.0,B07XXDC7XN
pca,10000,9645,0.111204736,0.018470654,5.0,B0BDFX1HPD
pca,10000,9646,0.07447307,-0.03790933,5.0,B06XW1SCWZ
pca,10000,9647,0.106434576,-0.51516116,5.0,B09N7SXX1X
pca,10000,9648,0.07835317,-0.05182697,2.0,B07Q9LSQYS
pca,10000,9649,-0.16599175,-0.1303138,5.0,B08X18FFSL
pca,10000,9650,0.34523007,-0.016353756,3.0,B07JPG6C8V
pca,10000,9651,0.34296107,0.06631242,5.0,B00JABGJSM
pca,10000,9652,0.19821481,-0.13042903,4.0,B00AEF7RLG
pca,10000,9653,-0.26593632,-0.25587505,5.0,B00UV94J2A
pca,10000,9654,-0.16436425,-0.11247246,5.0,B082Z5L2LD
pca,10000,9655,0.027872223,0.00022146944,5.0,B081HG6HT1
pca,10000,9656,-0.012723934,0.20252825,5.0,B074N81CZN
pca,10000,9657,-0.24271992,0.41737404,5.0,B01HEW2C9I
pca,10000,9658,0.05796146,-0.12920472,5.0,B01KIOU4EO
pca,10000,9659,0.03861332,-0.053356677,3.0,B003LMOVQS
pca,10000,9660,0.011502809,0.07400467,5.0,B004XASKIM
pca,10000,9661,-0.16896778,0.025316542,5.0,B000XSBVMU
pca,10000,9662,0.027965024,-0.12089348,5.0,B01BLVF344
pca,10000,9663,0.058918495,-0.36954895,5.0,B09WDKTDDV
pca,10000,9664,-0.23756695,0.32309505,5.0,B0BGKK3M4Y
pca,10000,9665,0.13196541,-0.257368,1.0,B0834TH2FK
pca,10000,9666,0.3800155,-0.18748489,5.0,B09B2131LR
pca,10000,9667,-0.23252803,-0.10038261,5.0,B09CM1FZKL
pca,10000,9668,-0.066621944,-0.4202673,4.0,B07BM9CLKG
pca,10000,9669,-0.20929855,-0.027644347,5.0,B09Y54MQWT
pca,10000,9670,-0.05191186,-0.21817698,4.0,B07FKQ1KC8
pca,10000,9671,-0.05958125,-0.2276963,5.0,B01JAT1F5K
pca,10000,9672,-0.008741407,0.273223,5.0,B098HS1NDV
pca,10000,9673,0.10585724,-0.0065353788,4.0,B00DODLLEO
pca,10000,9674,-0.12406534,0.34262875,5.0,B00DYTM9K8
pca,10000,9675,0.04379403,-0.18657541,4.0,B001PRKKB6
pca,10000,9676,-0.19907679,-0.17234829,3.0,B00WUHUYHA
pca,10000,9677,0.19316354,0.23814857,5.0,B08LB4WFZR
pca,10000,9678,-0.0055812392,0.16860509,4.0,B0923M3V4W
pca,10000,9679,0.21230389,-0.018220395,5.0,B002N3MM6W
pca,10000,9680,-0.14024898,0.01920631,5.0,B0922N4R9Z
pca,10000,9681,0.0028799279,-0.110718444,5.0,B09Q5BNT76
pca,10000,9682,0.14869866,-0.0059088967,5.0,B01LYXG93H
pca,10000,9683,-0.13688745,0.14387245,5.0,B09W4DTMQX
pca,10000,9684,-0.018659495,0.121508636,5.0,B09ZTC6LGP
pca,10000,9685,-0.21993881,0.3482081,5.0,B01N5ALH90
pca,10000,9686,0.04219132,-0.39099145,3.0,B006GVWJNI
pca,10000,9687,-0.20104428,-0.30603322,5.0,B003VANOFY
pca,10000,9688,0.07586807,0.042362057,2.0,B0BMXDFY8Y
pca,10000,9689,-0.27030438,0.15158607,3.0,B07Q2SJNZ5
pca,10000,9690,-0.17301093,0.12726946,5.0,B0C6KX8YPM
pca,10000,9691,0.0010203607,-0.3716482,1.0,B0B8TZ9YDH
pca,10000,9692,0.15175924,-0.034409214,5.0,B0BK3DV12L
pca,10000,9693,-0.19342883,0.20830679,5.0,B0BPHX4WNB
pca,10000,9694,0.045055076,-0.1125697,5.0,B092YLD576
pca,10000,9695,-0.24736845,-0.09533604,5.0,B0B5347K29
pca,10000,9696,-0.007960858,-0.014300857,5.0,B0BKRFS2WT
pca,10000,9697,-0.096997894,-0.30279884,5.0,B0C2BT4F7F
pca,10000,9698,0.07515477,-0.13803826,5.0,B0C69TG6ZW
pca,10000,9699,-0.29829964,-0.053941406,5.0,B0BLZ768Q7
pca,10000,9700,-0.10712096,0.14923269,5.0,B0C8MXJBZG
pca,10000,9701,-0.27313295,0.4577491,5.0,B0C245SLN9
pca,10000,9702,0.12735713,0.09466479,1.0,B0C5HYL59M
pca,10000,9703,0.12597623,-0.14628154,1.0,B0CC54P9YK
pca,10000,9704,0.23580103,0.040567078,1.0,B0C27W4YKT
pca,10000,9705,0.11978289,-0.087967195,1.0,B093GXP1JF
pca,10000,9706,-0.1668602,0.13493884,5.0,B0BGHSTHH1
pca,10000,9707,0.0001871232,0.033358954,5.0,B0BTYMPPJC
pca,10000,9708,-0.10509596,0.14174294,5.0,B0BHYM36X2
pca,10000,9709,0.06720561,0.037055336,5.0,B0B8RBCCT8
pca,10000,9710,-0.16388674,0.15817182,5.0,B0BGGG4Q5N
pca,10000,9711,-0.124407694,0.040220775,5.0,B0B45QNQFM
pca,10000,9712,0.0017023627,-0.051231638,5.0,B0B8BTDT7M
pca,10000,9713,0.09171996,0.052610613,5.0,B0B2DGY1J8
pca,10000,9714,-0.23048715,-0.24787888,5.0,B09WJSWGGZ
pca,10000,9715,-0.21736507,0.17516932,5.0,B0BCK4LVC9
pca,10000,9716,-0.039623335,0.14438146,5.0,B0BNJ5CGMJ
pca,10000,9717,-0.2360579,0.09842922,5.0,B0C1N9W872
pca,10000,9718,-0.12134443,0.234433,5.0,B0B6W3BGKB
pca,10000,9719,0.10197263,-0.012290909,5.0,B0BGPK95HK
pca,10000,9720,-0.0033154488,0.12379158,5.0,B0C53DQ4P5
pca,10000,9721,-0.11950746,0.18754621,5.0,B0B58TWYTD
pca,10000,9722,-0.07807959,-0.23997842,5.0,B0B294T7XS
pca,10000,9723,-0.33632064,-0.06348258,5.0,B0B7DLH38Q
pca,10000,9724,-0.04280284,-0.11203218,5.0,B0BGPK95HK
pca,10000,9725,0.026221368,0.120873414,5.0,B0B9LWVRG1
pca,10000,9726,0.07301736,-0.09526921,3.0,B09ZZXSZTY
pca,10000,9727,-0.20638691,0.15900841,5.0,B0BTYQXHLS
pca,10000,9728,-0.056894362,0.04370883,5.0,B0B28NS372
pca,10000,9729,0.036812194,0.08066628,5.0,B091GFJJ4W
pca,10000,9730,0.094501056,-0.2526768,5.0,B0BXL9C5K8
pca,10000,9731,-0.21403481,0.06091571,5.0,B09PY7R912
pca,10000,9732,-0.048860088,-0.12033835,2.0,B09S6SXFRC
pca,10000,9733,-0.17633076,0.33810368,5.0,B09VH1STX5
pca,10000,9734,-0.08195134,0.008516315,3.0,B09LLN4NQV
pca,10000,9735,-0.37955865,-0.10874327,5.0,B09LY2JFYN
pca,10000,9736,-0.41296875,0.05743873,5.0,B09KRD53TD
pca,10000,9737,0.021106562,0.14335552,5.0,B09HCG3QBG
pca,10000,9738,-0.018024568,0.42155474,1.0,B07RLTCZFH
pca,10000,9739,-0.19774377,0.38991082,2.0,B07KXN1HRL
pca,10000,9740,-0.20906323,-0.025494734,5.0,B095NZHHFK
pca,10000,9741,0.1347764,0.008253498,5.0,B0C4XQ34T3
pca,10000,9742,-0.18200274,-0.020765375,5.0,B0921Z5SS6
pca,10000,9743,-0.33239004,-0.17353843,2.0,B07ZPC9QD4
pca,10000,9744,-0.12900718,-0.07706406,5.0,B092D916BL
pca,10000,9745,-0.15005106,-0.09691707,1.0,B0967JBZN9
pca,10000,9746,0.125144,-0.10261275,1.0,B08SBVX4R5
pca,10000,9747,-0.12788601,0.06227169,5.0,B09DXXSS9Z
pca,10000,9748,-0.19261214,-0.04656881,3.0,B09CYHT3VK
pca,10000,9749,-0.17150131,-0.2863099,2.0,B07KTYJ769
pca,10000,9750,-0.2025491,0.39150187,5.0,B08K3MLG2H
pca,10000,9751,-0.11815451,-0.023667267,5.0,B08HH6RB61
pca,10000,9752,-0.10316362,0.46087512,1.0,B08H8DCYWC
pca,10000,9753,-0.14677112,-0.20463255,4.0,B08D6K3FP6
pca,10000,9754,-0.06927064,0.061889544,5.0,B07725JKKY
pca,10000,9755,-0.017914306,-0.18045218,1.0,B082TVTLLQ
pca,10000,9756,0.06370577,-0.22454277,2.0,B07N1L5HX1
pca,10000,9757,0.043974582,-0.04301574,4.0,B088KRWG5K
pca,10000,9758,-0.2675848,-0.0017709257,5.0,B07SB3MN9N
pca,10000,9759,-0.07556161,-0.28010327,5.0,B09YQZL8T6
pca,10000,9760,-0.34105498,-0.099913366,5.0,B09F3RBZB6
pca,10000,9761,0.029835273,-0.11658543,5.0,B087GDZ6C5
pca,10000,9762,-0.21818854,0.508505,5.0,B08LH7WC6B
pca,10000,9763,-0.05234568,-0.08735055,5.0,B083BJDFRQ
pca,10000,9764,0.056397963,0.06528384,2.0,B07MHZHVDK
pca,10000,9765,-0.12459171,-0.16054395,3.0,B07T4NW4JQ
pca,10000,9766,0.002511682,0.06441422,5.0,B07X1PTK35
pca,10000,9767,-0.09658225,0.085479856,5.0,B07YCS388T
pca,10000,9768,-0.15236223,-0.013776037,5.0,B07H7BN13K
pca,10000,9769,-0.17292695,0.001862485,5.0,B07CHJ1SLT
pca,10000,9770,-0.18660729,0.005243188,5.0,B07FKS68JT
pca,10000,9771,-0.0991049,-0.16444214,5.0,B07V46WGH5
pca,10000,9772,0.07839601,-0.10566776,4.0,B07JW2DM4C
pca,10000,9773,-0.16778421,-0.05117415,5.0,B07TX1M942
pca,10000,9774,-0.18540247,-0.18654494,5.0,B07VQSR121
pca,10000,9775,-0.052922323,0.0663635,5.0,B07TM2WXCC
pca,10000,9776,-0.11566682,-0.30834866,4.0,B073WRJ44V
pca,10000,9777,-0.029117662,0.43880013,5.0,B081CC65ZS
pca,10000,9778,-0.032677364,-0.16046607,1.0,B07PKM9YZC
pca,10000,9779,-0.15694107,0.23506679,5.0,B07SBMKC8S
pca,10000,9780,0.021601398,0.18755287,5.0,B07Q4F3SQH
pca,10000,9781,-0.046384588,-0.041161124,5.0,B07P7GG2GC
pca,10000,9782,-0.22135657,-0.18245405,5.0,B07QL578VM
pca,10000,9783,-0.16061257,-0.1651874,4.0,B06XRNP6NL
pca,10000,9784,-0.08953257,-0.092328146,4.0,B06ZYY2876
pca,10000,9785,0.26096103,0.08692913,5.0,B01F9RH0R4
pca,10000,9786,0.36898506,0.082757525,5.0,B00D1V2FKS
pca,10000,9787,0.44126815,0.0051549915,5.0,B016XYGFOG
pca,10000,9788,0.30066308,-0.062542,5.0,B00NUS8QQY
pca,10000,9789,0.3875329,0.120864026,5.0,B009W4QYG4
pca,10000,9790,0.21907939,0.044053204,4.0,B009M3VL36
pca,10000,9791,-0.064439386,-0.2724587,2.0,B01BRWH8G8
pca,10000,9792,0.32185715,0.10340551,5.0,B09B74YKSB
pca,10000,9793,0.44126815,0.005155053,1.0,B07N8VFFNS
pca,10000,9794,0.35075188,0.11325861,5.0,B08KZ1TZYB
pca,10000,9795,0.24607594,0.010267481,5.0,B09L5PM4MK
pca,10000,9796,0.0780092,0.03731621,5.0,B08F2X7GNJ
pca,10000,9797,-0.17864682,0.07309534,5.0,B08P7WCRDM
pca,10000,9798,0.28106797,-0.0563832,5.0,B01N75TWSA
pca,10000,9799,0.19391252,-0.08512249,5.0,B099V8GPR4
pca,10000,9800,0.047350682,-0.25644243,5.0,B074WGHWS7
pca,10000,9801,0.32643646,0.11263884,5.0,B076J59CLH
pca,10000,9802,0.43542027,0.021849731,5.0,B079LNWB52
pca,10000,9803,0.4174443,-0.07678128,5.0,B0B84XMBTM
pca,10000,9804,0.21149106,0.017820956,5.0,B000WYVBR0
pca,10000,9805,0.114439115,-0.002338565,5.0,B07D4F2P26
pca,10000,9806,0.49596342,-0.055132255,5.0,B01HCUUOPG
pca,10000,9807,0.3478372,0.04941438,5.0,B075X8471B
pca,10000,9808,0.29744422,-0.17363864,5.0,B01AWOAUJY
pca,10000,9809,0.25396806,-0.13037674,5.0,B07WMB4XS4
pca,10000,9810,0.2774566,-0.11124959,5.0,B01H4XBYIW
pca,10000,9811,0.107944354,-0.107020184,1.0,B00RD7MZMO
pca,10000,9812,0.21326086,0.046657793,5.0,B00PSKE25G
pca,10000,9813,0.3748923,-0.13971503,5.0,B07647T8NX
pca,10000,9814,0.29288125,0.04262968,5.0,B0C2HWSXNL
pca,10000,9815,0.2774566,-0.11124959,5.0,B00EUUZMGI
pca,10000,9816,0.31569546,-0.2236735,5.0,B09DFW1W8B
pca,10000,9817,0.36898506,0.082757525,5.0,B01GOAVEZY
pca,10000,9818,0.54398817,-0.13984656,5.0,B00RYLI0LE
pca,10000,9819,0.5327408,0.05774656,5.0,B0045EOWS8
pca,10000,9820,0.5327408,0.05774656,5.0,B096T31Z9T
pca,10000,9821,0.11625961,0.13738815,3.0,B0C1ZHJRGB
pca,10000,9822,-0.08451866,0.34551322,1.0,B07MVY15LS
pca,10000,9823,-0.08989224,0.26834676,1.0,B083R7LDYQ
pca,10000,9824,-0.03254935,0.23572482,1.0,B07P7VFSSY
pca,10000,9825,-0.19806032,-0.115579404,2.0,B07JV9N352
pca,10000,9826,0.2363069,0.19881536,3.0,B07D6Q2MNG
pca,10000,9827,-0.15268868,0.41393608,2.0,B08ZZH5KM4
pca,10000,9828,-0.028979141,-0.16724198,5.0,B00007KDX6
pca,10000,9829,0.16956392,0.025261002,2.0,B0002G44P4
pca,10000,9830,-0.18477097,-0.28677818,3.0,B0B75PV61F
pca,10000,9831,-0.046674162,0.16016893,4.0,B01CYNT772
pca,10000,9832,-0.0678255,0.112539984,5.0,B08WLQGKM2
pca,10000,9833,0.12772554,0.15835372,5.0,B09HTV2T4T
pca,10000,9834,0.06844217,-0.2944986,5.0,B00BSYCZZ0
pca,10000,9835,-0.121296376,-0.26605356,3.0,B00140DBRY
pca,10000,9836,0.31077254,0.04500582,2.0,B00VKM5YG2
pca,10000,9837,-0.21911158,-0.036523,3.0,B01D3NROZE
pca,10000,9838,-0.058891535,0.16080123,5.0,B014VA1ZD0
pca,10000,9839,-0.037689097,0.14065057,5.0,B00159LRXY
pca,10000,9840,-0.13625005,0.13856837,2.0,B01BH5TLK6
pca,10000,9841,0.29475406,-0.17957972,2.0,B07RL3LRZ8
pca,10000,9842,0.066504,0.017378379,4.0,B0016OEV7C
pca,10000,9843,-0.013818406,-0.25129998,3.0,B006SUWZH2
pca,10000,9844,0.05470483,-0.17981485,5.0,B00BCA40S0
pca,10000,9845,-0.36438778,-0.0005771853,5.0,B00K8GZED4
pca,10000,9846,0.17675844,0.07490235,5.0,B00006JQ06
pca,10000,9847,-0.18243718,-0.05495818,2.0,B001TH7GUU
pca,10000,9848,-0.1285958,0.040534765,3.0,B00IEYGALM
pca,10000,9849,-0.13894196,0.46743867,5.0,B002VPE1Q6
pca,10000,9850,-0.08438314,0.05244507,5.0,B00MHI0QGQ
pca,10000,9851,0.1019746,-0.08256995,1.0,B01MCWS5YA
pca,10000,9852,-0.2832803,-0.11043469,5.0,B07CLBNM1C
pca,10000,9853,-0.114723355,0.17021751,3.0,B010CCZJSS
pca,10000,9854,0.06686358,-0.11069893,5.0,B000F4C1H6
pca,10000,9855,0.080934316,-0.17395438,5.0,B004OVE61U
pca,10000,9856,0.002691649,-0.28438875,1.0,B0BL3B9ZVW
pca,10000,9857,-0.062437683,-0.043733098,1.0,B0BM96BQYV
pca,10000,9858,-0.1280019,-0.17463587,5.0,B08KHV7H1S
pca,10000,9859,0.054015663,-0.21513152,5.0,B0C46HBG9F
pca,10000,9860,0.35570726,-0.12995091,5.0,B09G3MBH6V
pca,10000,9861,0.16857736,-0.37609437,1.0,B0B592HWSM
pca,10000,9862,0.1099218,-0.46718365,1.0,B09ZKYHD2P
pca,10000,9863,0.017155088,0.018592212,5.0,B0BM5Y3LPK
pca,10000,9864,0.122953445,-0.14723833,1.0,B0829KDY9X
pca,10000,9865,-0.085455015,0.018149592,1.0,B08QQTQNDC
pca,10000,9866,-0.13772066,-0.05256009,5.0,B0B3JVPY1K
pca,10000,9867,0.13329469,0.13347329,5.0,B07GZFM1ZM
pca,10000,9868,0.15295294,-0.2027915,1.0,B00N2ZDXW2
pca,10000,9869,0.46162742,0.09473906,5.0,B084VFH8MT
pca,10000,9870,0.16446152,0.08155353,5.0,B07MVGHLL4
pca,10000,9871,0.33372983,0.061500266,5.0,B01K8B8YA8
pca,10000,9872,0.5352542,0.029389052,5.0,B07N8VFFNS
pca,10000,9873,0.39220345,0.14788406,5.0,B0792K2BK6
pca,10000,9874,0.48601353,0.007091606,5.0,B0791TX5P5
pca,10000,9875,0.061601844,-0.10756956,5.0,B07KTYJ769
pca,10000,9876,0.3412814,-0.054002203,1.0,B08RYZGXLL
pca,10000,9877,0.062569074,0.459853,5.0,B076H96CZF
pca,10000,9878,0.15448537,0.108492345,5.0,B07PNKJ7N3
pca,10000,9879,0.369017,-0.14370228,5.0,B07S4N7K19
pca,10000,9880,0.5352542,0.029389052,5.0,B00BGSPW9Y
pca,10000,9881,0.15845151,0.13682139,4.0,B078SCKP5Q
pca,10000,9882,0.32457286,-0.10328373,4.0,B0BL6788GP
pca,10000,9883,0.33436388,0.060608394,5.0,B07ZCZHCZX
pca,10000,9884,0.2875828,0.13562678,5.0,B083BY7WNN
pca,10000,9885,-0.104113445,-0.25676402,5.0,B01LVVG5XS
pca,10000,9886,0.1722976,0.2712942,5.0,B08S6LTM2Y
pca,10000,9887,0.055416025,0.208592,5.0,B07F2GQGTY
pca,10000,9888,-0.06687956,0.2040242,4.0,B07KS5MZYP
pca,10000,9889,0.07216774,-0.10609869,5.0,B09Q7JDCGN
pca,10000,9890,-0.18736902,-0.2848165,2.0,B0C3GSXJDJ
pca,10000,9891,-0.17145878,-0.11673809,5.0,B00AVY6DUG
pca,10000,9892,-0.00826562,-0.34171367,5.0,B00CJHXY0U
pca,10000,9893,-0.086356655,-0.057751015,5.0,B095RL4KBZ
pca,10000,9894,0.05866304,0.21521233,5.0,B0B3BTZ7KR
pca,10000,9895,-0.14346202,0.04505381,5.0,B075SJWX43
pca,10000,9896,0.25436744,0.047619738,5.0,B01KIOU4EO
pca,10000,9897,-0.04827418,-0.2260988,4.0,B00KJLMBQQ
pca,10000,9898,-0.18065421,0.104579926,5.0,B07TS9412P
pca,10000,9899,0.13323338,-0.100108,5.0,B06WWBS9BY
pca,10000,9900,0.04700403,0.13566597,5.0,B00BXERYMY
pca,10000,9901,0.053981435,-0.098089635,5.0,B07PGL2N7J
pca,10000,9902,-0.10608798,0.21928935,5.0,B07F4P3JH7
pca,10000,9903,0.054709975,0.24921152,5.0,B077MVFQWZ
pca,10000,9904,0.5327408,0.05774656,5.0,B00BR5FZ7U
pca,10000,9905,0.45852882,0.020381792,5.0,B01LYQ4QCE
pca,10000,9906,0.45852882,0.020381792,5.0,B00935K7OC
pca,10000,9907,0.45852882,0.020381792,5.0,B07JL18G1D
pca,10000,9908,0.45852882,0.020381792,5.0,B008I64TOQ
pca,10000,9909,0.5327408,0.05774656,5.0,B07N5MT53H
pca,10000,9910,0.38263917,0.019573608,5.0,B073HQ46VD
pca,10000,9911,0.42747423,0.14216134,5.0,B002J9GHIO
pca,10000,9912,0.5327408,0.05774656,5.0,B00KCZTAI6
pca,10000,9913,0.38501886,0.108561225,5.0,B001P05MDE
pca,10000,9914,0.38501886,0.108561225,5.0,B01LWRVB4P
pca,10000,9915,0.38501886,0.108561225,5.0,B00DQGIHNW
pca,10000,9916,-0.11237514,-0.058803968,5.0,B0BBQRCQS2
pca,10000,9917,0.102453895,-0.07578586,5.0,B00ZSB1UE6
pca,10000,9918,-0.12791967,0.28826657,4.0,B003PET5XG
pca,10000,9919,0.324067,0.096016265,5.0,B07H65KP63
pca,10000,9920,0.03107693,0.27431822,5.0,B09WMH6MR6
pca,10000,9921,-0.23496628,-0.05650971,4.0,B09F3RBZB6
pca,10000,9922,0.06987956,-0.4704891,3.0,B07GKT53H5
pca,10000,9923,-0.09066512,-0.088921085,5.0,B07H2BKBR5
pca,10000,9924,-0.16182551,0.2400496,5.0,B0953BVTHX
pca,10000,9925,0.05771387,0.009166826,5.0,B017WGIH36
pca,10000,9926,-0.050097063,0.43839902,5.0,B07SCH4PCM
pca,10000,9927,0.1282439,0.056207724,5.0,B07XBQLL71
pca,10000,9928,0.057248905,-0.085804455,5.0,B0CBQJ36ZN
pca,10000,9929,-0.064238794,-0.14536873,5.0,B0BJ517NSM
pca,10000,9930,0.2999126,0.11659228,5.0,B07GVS4RW2
pca,10000,9931,0.2010771,-0.095644385,5.0,B075JZNHTD
pca,10000,9932,-0.03674064,0.4375077,5.0,B01ITOFEX6
pca,10000,9933,-0.11439815,0.09699081,5.0,B016MXPQMA
pca,10000,9934,0.15534115,0.24691087,5.0,B01FV2HIYC
pca,10000,9935,0.095720924,-0.08114565,4.0,B01C0W3SSG
pca,10000,9936,0.09780986,-0.20662649,5.0,B004K4TE5O
pca,10000,9937,-0.07126915,0.28086373,5.0,B00MP0J0YK
pca,10000,9938,0.122912094,0.018839678,4.0,B007L2OQLO
pca,10000,9939,0.54398817,-0.13984656,5.0,B0159CNMY4
pca,10000,9940,-0.088482924,-0.04441542,5.0,B081CCP77B
pca,10000,9941,0.059504345,0.047735766,5.0,B01GR9FDVI
pca,10000,9942,0.03474672,0.08784705,5.0,B082SR59W9
pca,10000,9943,0.033087168,0.29770434,5.0,B00GVRHON2
pca,10000,9944,0.26988196,-0.13093853,5.0,B0079MA92Q
pca,10000,9945,-0.20432559,0.31325877,5.0,B08672V1D2
pca,10000,9946,0.049534414,-0.18599634,5.0,B07CGC1ZSM
pca,10000,9947,0.2871307,0.009798227,3.0,B01BXEIVV6
pca,10000,9948,0.05444519,-0.15021592,1.0,B00LCKPNAO
pca,10000,9949,0.008204339,0.06925058,3.0,B010BWYDYA
pca,10000,9950,0.07551677,-0.0846745,5.0,B000P0O12I
pca,10000,9951,0.087425984,0.0012090504,5.0,B0BY8N7HHG
pca,10000,9952,0.23569156,0.12429652,5.0,B0077L5XSY
pca,10000,9953,0.51862144,-0.059370287,5.0,B01ABWGHHG
pca,10000,9954,-0.3133136,-0.21159779,5.0,B0777KLKJ1
pca,10000,9955,0.18691728,-0.079209305,1.0,B01AX44544
pca,10000,9956,-0.2287632,-0.12068862,4.0,B07KQL6J9Q
pca,10000,9957,0.06860273,0.095666274,5.0,B01C4HCBNA
pca,10000,9958,0.06942278,0.07687446,4.0,B09SBN4V44
pca,10000,9959,0.058262475,-0.09726365,5.0,B0C7THZNCB
pca,10000,9960,-0.020845111,0.4091218,3.0,B01IOGPY0C
pca,10000,9961,0.13399704,0.17279568,5.0,B07JJHQ6PF
pca,10000,9962,0.22386865,0.19351383,5.0,B07FPQ343D
pca,10000,9963,0.1596013,0.13221903,5.0,B00B3P1IGG
pca,10000,9964,-0.1364599,-0.138389,5.0,B00FA4Y82W
pca,10000,9965,-0.2962787,0.35250592,5.0,B00C0ZAY8G
pca,10000,9966,-0.12458965,0.31448418,5.0,B007WAWHD4
pca,10000,9967,-0.16443282,-0.39980555,4.0,B004SBBD1C
pca,10000,9968,0.027181294,-0.14380568,4.0,B0015ACUKC
pca,10000,9969,-0.073901296,-0.08802828,2.0,B00395WIXA
pca,10000,9970,0.15566044,0.27006757,5.0,B09F366D8L
pca,10000,9971,0.5327408,0.05774656,5.0,B016N0SX18
pca,10000,9972,0.23442063,0.057440393,5.0,B00KCZTAI6
pca,10000,9973,-0.015581328,-0.15789361,5.0,B01IUDUJE0
pca,10000,9974,0.1570587,0.13882211,5.0,B01M012CWI
pca,10000,9975,-0.0322821,0.20586127,5.0,B00FO1QRXO
pca,10000,9976,-0.12697393,-0.17019355,5.0,B00BLX9510
pca,10000,9977,-0.09164691,0.02748167,5.0,B00BCGRTFK
pca,10000,9978,-0.05908882,-0.09961098,2.0,B01B24A3W2
pca,10000,9979,0.24649318,0.11434949,4.0,B07QRYFYVW
pca,10000,9980,0.30895138,0.024149628,5.0,B08J79T7CQ
pca,10000,9981,-0.09258633,-0.04937271,5.0,B086X2282Y
pca,10000,9982,-0.052049413,0.0038861763,5.0,B00FB2XNCE
pca,10000,9983,0.4035211,0.07034479,5.0,B08RD8K7ZG
pca,10000,9984,0.13775158,0.10804739,5.0,B07C9YV85F
pca,10000,9985,0.2016943,0.122483246,5.0,B002VPE1Q6
pca,10000,9986,0.39085585,-0.060206324,5.0,B08WPB22H1
pca,10000,9987,0.15864877,-0.192487,5.0,B077ZS7D77
pca,10000,9988,-0.117133856,0.20984071,5.0,B07F41HCGD
pca,10000,9989,0.0535992,0.37951472,5.0,B07KJB17KT
pca,10000,9990,0.30323577,0.02000344,5.0,B009UNGYHG
pca,10000,9991,0.27157158,0.103179865,5.0,B07BTS2KWK
pca,10000,9992,0.27157158,0.103179865,5.0,B0BJPSZ739
pca,10000,9993,0.34065896,-0.13826397,5.0,B07JPYJ5H1
pca,10000,9994,0.16714399,0.26266828,5.0,B07Z8R8X9Y
pca,10000,9995,-0.03160824,-0.28624725,5.0,B08DMXDPW5
pca,10000,9996,-0.074636504,0.136815,5.0,B085WKPBW7
pca,10000,9997,0.25913274,0.13268596,5.0,B01C3SK0FG
pca,10000,9998,-0.00075715594,-0.25494963,4.0,B09YRQP4YS
pca,10000,9999,0.0044093095,0.22000109,5.0,B09BP1LB8L
