method,n_samples,point_id,x,y,rating,parent_asin
fitsne,5000,0,16.12606833187894,12.89729128009904,3.0,B083NRGZMM
fitsne,5000,1,-17.849116604385365,8.426945378770688,1.0,B07N69T6TM
fitsne,5000,2,-46.298235597559504,-38.20836696165097,5.0,B01G8JO5F2
fitsne,5000,3,58.9745158037472,6.17486184974997,5.0,B001OC5JKY
fitsne,5000,4,-36.91290795639147,-32.42189664359821,5.0,B07CJYMRWM
fitsne,5000,5,6.123434986093363,9.878575742442843,5.0,B07CML419K
fitsne,5000,6,-41.6803613779656,-43.5405262345768,5.0,B07BHHB5RH
fitsne,5000,7,-43.51949127143086,-27.552809179146347,5.0,B09S6Y5BRG
fitsne,5000,8,8.99787188342849,-35.0169285068922,5.0,B01LW71IBJ
fitsne,5000,9,-9.738195116803812,-10.983163547939235,5.0,B017T99JPG
fitsne,5000,10,-33.516350772854466,47.497991772233576,1.0,B00L0YLRUW
fitsne,5000,11,-0.22172742491831524,-21.90142341891997,3.0,B01HHURN3W
fitsne,5000,12,-42.89431014846325,-37.075332396474934,5.0,B004S2JX7W
fitsne,5000,13,-29.75935706157585,-24.46415846524271,3.0,B0047T79VS
fitsne,5000,14,-18.001490486339836,8.493903476510374,5.0,B00IXNUDG2
fitsne,5000,15,-32.98248259725448,45.1356418467865,5.0,B00PVCXB4Y
fitsne,5000,16,-5.29783210236526,19.639429052402804,5.0,B00X5C22SS
fitsne,5000,17,45.851021259961485,1.014395047456808,5.0,B0BKQZGST4
fitsne,5000,18,28.50488517567571,-13.868179807537244,5.0,B01LQF8B7G
fitsne,5000,19,-3.2799407240932035,-35.52664439325366,4.0,B075X8471B
fitsne,5000,20,-1.3506742561954443,-0.4672534059062681,5.0,B0B2DLVCF3
fitsne,5000,21,-38.29361673110844,31.426500180855452,5.0,B0199HAOAU
fitsne,5000,22,-18.14059141132659,-5.1055458855814155,5.0,B0093162RM
fitsne,5000,23,-39.135185264375664,-1.5624454406345727,5.0,B07FCZY1ZB
fitsne,5000,24,-15.594737257397416,-13.922723202445237,5.0,B00RH29CJO
fitsne,5000,25,57.319079753507495,13.190057490160154,5.0,B08P3VMW76
fitsne,5000,26,48.64343229415871,14.558594704312974,5.0,B013KPXNSW
fitsne,5000,27,-10.18309713021214,26.805541440426733,4.0,B0862W5BQ8
fitsne,5000,28,-38.59644712529201,46.79591511377089,5.0,B004XC6GJ0
fitsne,5000,29,-7.1316813241693175,42.721674619933054,5.0,B0BNX9QVXZ
fitsne,5000,30,-32.46037216556409,-30.335834218031284,5.0,B0BN534JBB
fitsne,5000,31,-51.437153353441275,-8.882835185041293,5.0,B08X4R1T16
fitsne,5000,32,-34.94390310758905,-24.43407147756038,5.0,B08932J7NC
fitsne,5000,33,-13.23387904421025,-27.0477816324706,5.0,B078LLS33F
fitsne,5000,34,-16.649700175232812,26.175536044027012,5.0,B00V3KLZSW
fitsne,5000,35,-19.85482093721344,-35.08336624442016,5.0,B012ASFKOU
fitsne,5000,36,-35.22044347209431,43.640905073909266,4.0,B001FWYGJS
fitsne,5000,37,20.0727703372357,3.620207639128085,5.0,B08YP2F6VG
fitsne,5000,38,-15.980716840274985,47.62245073715852,5.0,B0C8HDXFXN
fitsne,5000,39,-12.220871432961601,36.46050581401637,5.0,B00RBGYGPG
fitsne,5000,40,16.31989527292185,1.8297578682315163,5.0,B007EVDJV0
fitsne,5000,41,10.582249910370676,54.36197521778154,5.0,B00KLZLBCK
fitsne,5000,42,31.523007105361433,-21.573134149859015,5.0,B09NHSGWPD
fitsne,5000,43,15.868676295308742,-38.635776702101076,1.0,B095KHWNLK
fitsne,5000,44,-11.494349513214983,16.458688215201853,5.0,B08BRJ98H3
fitsne,5000,45,39.661439539963006,-19.59726282705745,5.0,B08912RRG5
fitsne,5000,46,-26.28729325967319,21.15563627643929,5.0,B07GVWH35S
fitsne,5000,47,49.4253066501249,12.897584389490458,5.0,B06VTQK7CB
fitsne,5000,48,31.076026317368548,-16.802282615397967,1.0,B0776DSP7Y
fitsne,5000,49,12.694003698354065,-6.260291495183099,2.0,B00NWXM5U0
fitsne,5000,50,-1.0005265874717264,-7.784087654381449,5.0,B01DDIAX1Q
fitsne,5000,51,17.510304813954598,46.78653158951302,2.0,B00L49X8E6
fitsne,5000,52,-32.979709630500004,-30.120868026379327,5.0,B09HDZ8FQY
fitsne,5000,53,42.84333434708661,9.812705548916846,5.0,B00PQBDQPO
fitsne,5000,54,-27.157447520402425,-23.17047737627568,5.0,B00CRF9V2O
fitsne,5000,55,-26.921322051757116,-23.35253879411256,5.0,B00BHC7ZTE
fitsne,5000,56,0.41076993292343733,7.769441757273439,4.0,B00852JEPW
fitsne,5000,57,5.790348912436795,26.537327140618114,2.0,B09ZTXZ1MQ
fitsne,5000,58,-38.75496826235937,-21.520497546403373,5.0,B09MYGF318
fitsne,5000,59,28.996475846403644,-1.9776806579924653,1.0,B07VV6TT69
fitsne,5000,60,25.36101903466925,-9.109597482603673,5.0,B07BRHB8C1
fitsne,5000,61,-0.13388265593796478,-23.01221937331139,5.0,B07Z6BPJXQ
fitsne,5000,62,20.087733484591894,-22.52885960319049,4.0,B083YHS7SV
fitsne,5000,63,3.9575818859958694,-37.40337606113012,5.0,B0046EDOWW
fitsne,5000,64,22.07135643012934,-52.57699103074775,5.0,B0045DT3A6
fitsne,5000,65,43.28949337531428,0.35458180723251204,5.0,B09DSSQ52Q
fitsne,5000,66,34.885321017469465,27.079952655245403,3.0,B07H3PN7K3
fitsne,5000,67,23.3117036179871,-32.39584408565518,5.0,B0733GXPYZ
fitsne,5000,68,45.94182098291077,-18.67640357973112,2.0,B07TPLH5YK
fitsne,5000,69,-35.48964669045176,9.956967868699232,2.0,B07FPQ343D
fitsne,5000,70,27.61900042978109,5.8210220031629465,5.0,B00VKIY9RG
fitsne,5000,71,49.64003292874281,15.46810145725324,5.0,B07BJ8KD6X
fitsne,5000,72,-23.306924666647916,-23.470701245623633,1.0,B0061F6QUG
fitsne,5000,73,-45.923241462418254,18.481565189033866,5.0,B09DRXBKVG
fitsne,5000,74,-26.52514657236471,-17.402966896806657,5.0,B09TB71VLY
fitsne,5000,75,-2.17835232133392,-7.169959274454672,5.0,B002N3MM6W
fitsne,5000,76,14.103811788796701,-41.44354518966884,5.0,B07KTYJ769
fitsne,5000,77,27.30166368725472,-43.957445505105056,5.0,B07PGL2N7J
fitsne,5000,78,-16.974262181430618,-22.2252906198595,5.0,B07J2GSF3S
fitsne,5000,79,-16.95315668967576,-22.242325548961702,3.0,B07Z9QXZMW
fitsne,5000,80,11.658062512434068,-39.85980944826417,4.0,B07Q585X37
fitsne,5000,81,5.352032185212301,-24.03121658079895,4.0,B07P97SHQP
fitsne,5000,82,-17.065588016244305,-22.206203257535805,5.0,B07B3TX6MF
fitsne,5000,83,-5.086671166772989,-12.682381959993782,4.0,B07WPY2W4Y
fitsne,5000,84,-1.5734321031345653,-5.682465313980535,4.0,B083Z3QCY6
fitsne,5000,85,-3.038030490845554,2.4365775496230486,4.0,B07F71KFMQ
fitsne,5000,86,25.082035814301687,34.86019234775518,4.0,B07547WSQQ
fitsne,5000,87,-5.557368041753221,-33.28477009179411,4.0,B07P7KG4TJ
fitsne,5000,88,15.288766510541905,51.72342689019604,4.0,B01LYC6A8M
fitsne,5000,89,14.988421694128109,53.36253286494197,5.0,B0B2Y5WYRG
fitsne,5000,90,18.213283641614403,49.60130927347988,5.0,B08KG14KCT
fitsne,5000,91,2.948129152352413,51.545311598036776,5.0,B09FF1RNDT
fitsne,5000,92,22.988771340607794,-29.3925022402177,3.0,B00FGI4C14
fitsne,5000,93,20.090829175740012,-26.638750942321842,3.0,B07B4BF3KT
fitsne,5000,94,-1.6563973526856515,-22.574506554715864,5.0,B08XBLP2V8
fitsne,5000,95,-5.0233290425691735,-37.36852548915381,5.0,B018S7DPU8
fitsne,5000,96,5.007520269245958,-15.305593036841003,5.0,B00MYU0E0K
fitsne,5000,97,11.892707707203078,50.81868712166805,5.0,B000Q85WOK
fitsne,5000,98,0.5879080365392303,-17.527090074815472,5.0,B01KWY71BO
fitsne,5000,99,9.969942165300013,-38.273855237789,4.0,B008I64LC6
fitsne,5000,100,-7.284281381162186,-36.99294534535432,5.0,B079Y46M3N
fitsne,5000,101,14.642556042107334,26.19222591070413,3.0,B01MZ45YUU
fitsne,5000,102,11.282191112988052,23.782672682773942,5.0,B074V4CWFD
fitsne,5000,103,3.7485033804332395,-23.66617712257823,3.0,B0083J8DFY
fitsne,5000,104,-2.6642436169846606,-8.19666771677516,5.0,B09N7SXX1X
fitsne,5000,105,33.763166690067486,1.3520800194061167,5.0,B00X4XEBTQ
fitsne,5000,106,-4.868823888899666,-42.3635891492785,4.0,B001CJOLBW
fitsne,5000,107,-23.080373262343908,-22.243419593852366,5.0,B0032FOKME
fitsne,5000,108,-31.625222086861445,50.21161343702531,5.0,B002WBX7TQ
fitsne,5000,109,-37.595279033460216,33.36112490514717,4.0,B07CB22VVJ
fitsne,5000,110,-38.09990958049954,33.57280270290073,4.0,B0002MQGK4
fitsne,5000,111,-3.3146854559296832,34.31149171955037,4.0,B0092TGP4A
fitsne,5000,112,-32.42720950569196,34.844194734320375,5.0,B00552PA7G
fitsne,5000,113,-33.75599457008507,28.391998270373705,5.0,B07CDCX945
fitsne,5000,114,-37.589677956330824,33.37150442946416,4.0,B07BYZBG2X
fitsne,5000,115,7.922554911982288,-23.064634786733034,5.0,B07CBLV151
fitsne,5000,116,-33.57416177548125,28.736297342094396,3.0,B000SJ2TJ8
fitsne,5000,117,19.3311373911416,35.029788298806544,5.0,B003UT2C4U
fitsne,5000,118,25.684980243886606,-24.011772580419567,5.0,B084JBVY4S
fitsne,5000,119,23.611946375774625,-28.04580827687696,5.0,B0075VFKI4
fitsne,5000,120,8.195099092902131,-28.850482600545565,5.0,B009RUZ7TS
fitsne,5000,121,8.058823633917378,23.09398176018777,5.0,B071CMGRLL
fitsne,5000,122,-11.245370160176233,12.621019094925499,3.0,B006ZZXVCI
fitsne,5000,123,27.928955802379107,-29.365489556749456,5.0,B01DFKC6CQ
fitsne,5000,124,27.89936051624215,-29.371071162700936,5.0,B07P9W1SMH
fitsne,5000,125,24.07909588107381,-32.433426138540085,5.0,B01M3ULMWP
fitsne,5000,126,26.596231069807956,-17.606085679584588,1.0,B071HXSW4Y
fitsne,5000,127,2.5745599032170556,-43.858467053261634,5.0,B0CCDMQZM7
fitsne,5000,128,32.292915914434175,4.664552951314921,1.0,B005HSG31K
fitsne,5000,129,43.79858098494634,4.80500730236774,3.0,B00D2J8558
fitsne,5000,130,38.4235270991673,-22.648792080868912,1.0,B0BFHVDPTG
fitsne,5000,131,-2.7239112588596512,-40.616659974340344,5.0,B08N4M55K5
fitsne,5000,132,-35.800140952727205,7.371480172844389,5.0,B0945WPX5W
fitsne,5000,133,-42.75262710580367,-36.25504941164826,5.0,B09K7K5J3N
fitsne,5000,134,-15.621558056328306,-13.65514747617845,4.0,B084ZJFNKN
fitsne,5000,135,-33.6059054516139,-17.01060909674924,5.0,B0B3T4JWN9
fitsne,5000,136,-40.48809237147978,-32.945393282857815,4.0,B07S5JVP78
fitsne,5000,137,-32.94559809324234,-16.313427802907235,5.0,B0935ZDCYD
fitsne,5000,138,23.093412214888875,16.97009722184697,5.0,B075LX7S6B
fitsne,5000,139,1.5765696746918385,-39.00115848362475,5.0,B001L5SN5M
fitsne,5000,140,42.38754474435944,-1.9136566039780523,5.0,B000WOIFO2
fitsne,5000,141,-40.51556241287225,-33.74137009607677,5.0,B00365EB3I
fitsne,5000,142,23.18253879172988,-13.325706453223106,4.0,B07XZ1YDKP
fitsne,5000,143,-18.16484083130641,19.67211250256451,1.0,B09CD8GVY5
fitsne,5000,144,4.75657609798002,30.36497011987911,1.0,B09V28P31X
fitsne,5000,145,7.990860694523841,-15.601314479546218,5.0,B01D0PVYH4
fitsne,5000,146,-28.030303952331547,-26.579334790292652,5.0,B017SJKHIK
fitsne,5000,147,-11.398955247885283,-28.817934125496752,5.0,B0BWNQZT64
fitsne,5000,148,-4.156981630051696,-25.726817489659414,5.0,B08F9ZCTCL
fitsne,5000,149,29.702927126060526,5.46295602967784,5.0,B08F9NJMW7
fitsne,5000,150,-49.38179990469594,-38.98919480936,5.0,B01L2VGEQE
fitsne,5000,151,-32.227900844029264,-16.446131290919393,5.0,B0BW4PFM58
fitsne,5000,152,22.635136369820373,-56.136982932925406,1.0,B00MNB1OD6
fitsne,5000,153,43.328829288185695,-23.155698254612886,5.0,B00TIRFCXQ
fitsne,5000,154,-37.19074863995392,38.420023968296675,4.0,B08N51H3LB
fitsne,5000,155,42.64510621918104,-16.029095025121727,5.0,B09KRX2QJC
fitsne,5000,156,34.5413181204523,17.230722694365223,5.0,B09V28Y3HH
fitsne,5000,157,-30.97566387556318,22.020649906939802,5.0,B0C5XK6534
fitsne,5000,158,-8.937921059754606,-25.545849741430146,4.0,B0BTHV3YSV
fitsne,5000,159,4.3765241935395025,16.135679897686046,5.0,B0BRKGSJKH
fitsne,5000,160,28.446748019199227,-13.291691852685343,5.0,B00JQZJ4OS
fitsne,5000,161,-2.269198251669292,-39.45482204338452,5.0,B08BJWB991
fitsne,5000,162,-23.468662679337626,16.002765495873952,5.0,B09JNRLN4W
fitsne,5000,163,33.06262739860385,3.2953948758441247,5.0,B07HHY1MWS
fitsne,5000,164,17.97949063473594,28.39121212772963,4.0,B00IYM0Y2A
fitsne,5000,165,32.91617983471296,3.565640923149858,5.0,B01HNL545Y
fitsne,5000,166,17.882420206867526,-12.724744440524793,5.0,B08RJJ97VW
fitsne,5000,167,22.202126431531358,-48.650091194178344,5.0,B01KXHYDXO
fitsne,5000,168,27.541527575247034,-12.43262000141222,2.0,B071KJ97ZL
fitsne,5000,169,27.578763199414826,-12.346157399101115,1.0,B07QWP1RYY
fitsne,5000,170,2.364537216312494,-26.509438754855957,5.0,B0772SXNSC
fitsne,5000,171,25.858810905160972,-19.054910227766296,3.0,B08W69YRFB
fitsne,5000,172,18.358000167626116,-43.684905533415034,5.0,B073J9QWKY
fitsne,5000,173,18.314426956100352,-43.76193578452857,5.0,B073M1NGHJ
fitsne,5000,174,23.77960162119753,-14.522233421125694,5.0,B0B8N1CQD1
fitsne,5000,175,-32.83239484387001,39.82987990601987,5.0,B085XZGVN5
fitsne,5000,176,-48.395658238524014,15.733234864029896,4.0,B09GV31691
fitsne,5000,177,-46.35172885571852,4.529298288575808,4.0,B09KPLV3WD
fitsne,5000,178,12.44121692389879,17.198952017680103,5.0,B093YD69JB
fitsne,5000,179,12.637097827924737,52.50843667853367,5.0,B09KM3BZSS
fitsne,5000,180,-14.925197044504294,-13.642196013912685,2.0,B0992TJFM3
fitsne,5000,181,-48.17821479212061,-11.65858626012863,3.0,B07ZWCTNJH
fitsne,5000,182,-47.20916143392601,-13.696286080431005,5.0,B07VKFSLKN
fitsne,5000,183,-46.972562848892125,-13.722445168496566,5.0,B00MJ1YR8Y
fitsne,5000,184,-1.0987505162557627,10.340733012029052,4.0,B08ZZYS2P3
fitsne,5000,185,-45.702553559206265,-17.426985379764943,5.0,B007JYZ3BG
fitsne,5000,186,-2.0108236175691316,30.005449664360388,1.0,B08L1N8TG9
fitsne,5000,187,-1.9159968784656976,46.73275175967966,5.0,B07G95FFN3
fitsne,5000,188,28.24741715256173,-43.6419471726462,5.0,B083WD2J3F
fitsne,5000,189,21.374856227541954,-9.1681395892162,3.0,B08TTVLTWT
fitsne,5000,190,38.53883213738805,-13.78622826310055,5.0,B095KG3VZG
fitsne,5000,191,21.47864377476,42.733929836301684,4.0,B088DJQ2PQ
fitsne,5000,192,-1.561555755515184,-29.007558339150737,1.0,B00UVSJU4S
fitsne,5000,193,-6.198247346088716,-47.126760465597364,5.0,B0BJ13Q5JG
fitsne,5000,194,14.110413068886094,4.42242189298484,5.0,B07QQPH27F
fitsne,5000,195,-18.093373311182262,-4.9755699293204865,5.0,B00PYG7LH0
fitsne,5000,196,-27.03446502098067,-27.174347727209398,5.0,B07S764D9V
fitsne,5000,197,-35.590756534236384,17.27805758021583,5.0,B071WRSYML
fitsne,5000,198,41.64484770525613,-3.834111229413677,5.0,B00BKX75YA
fitsne,5000,199,42.284558082753385,-6.442977730419137,4.0,B09FN58JBR
fitsne,5000,200,7.655857135974415,51.088543863735566,5.0,B0032GU1LW
fitsne,5000,201,-47.74071054175125,-35.976707587182545,3.0,B0B9HR3T4B
fitsne,5000,202,-29.990013642476455,-12.292110583468245,5.0,B07LC6VRD6
fitsne,5000,203,-16.41179814735748,-27.91222781365004,4.0,B01KUEGE1E
fitsne,5000,204,1.121853099199366,-36.122239146488106,5.0,B08KGQHF67
fitsne,5000,205,-12.110057316485094,34.73716907255677,5.0,B0C9DP86HZ
fitsne,5000,206,9.958645037674135,-14.596763758073282,5.0,B089W47DTX
fitsne,5000,207,39.77589921056794,37.342114846385336,5.0,B00EQ94566
fitsne,5000,208,45.83288976233627,13.098142456260023,5.0,B07SPFR8VB
fitsne,5000,209,8.665998037736603,50.942199136874684,5.0,B00KQQK87S
fitsne,5000,210,-27.585616372953414,0.887760080082282,5.0,B07KTYJ769
fitsne,5000,211,-5.999900884257603,-8.652989046657478,3.0,B06X95BTH4
fitsne,5000,212,11.813040366929888,-13.756821782620818,5.0,B005L38VRU
fitsne,5000,213,-40.98808888872282,-15.269245885000084,5.0,B00V3CSE4I
fitsne,5000,214,-10.652823295760074,39.642984590698525,3.0,B003MVYTBU
fitsne,5000,215,-2.0997244590250825,-42.535642233808986,5.0,B006R9O2PC
fitsne,5000,216,-4.790294055104205,-42.61174192127674,5.0,B00D8XNU6C
fitsne,5000,217,5.080291324083489,-4.911239794245984,5.0,B00E0ISVLI
fitsne,5000,218,23.667739325052185,-37.26109517734913,5.0,B08HC6J3H1
fitsne,5000,219,23.689585498319087,7.355310708820873,3.0,B07RJZPTLX
fitsne,5000,220,61.39763238665171,0.651218335192368,5.0,B09DTP4L96
fitsne,5000,221,37.08598530632739,5.300389578141203,5.0,B004M5MVNS
fitsne,5000,222,37.24595530081565,5.24245252280567,5.0,B008I636D6
fitsne,5000,223,-3.3729480087175783,-23.556681651632868,1.0,B072LX4LTV
fitsne,5000,224,41.63512848297712,29.227184444724692,5.0,B0068LWHPQ
fitsne,5000,225,-17.677795281592168,20.06187576048618,5.0,B08JYY4FDG
fitsne,5000,226,-29.38923509148389,-22.477035720456414,1.0,B09Q5BNT76
fitsne,5000,227,8.341721416105724,-32.69198942703848,5.0,B08FRLCF2W
fitsne,5000,228,-30.1338716152105,-21.031752303620397,3.0,B09Q5BNT76
fitsne,5000,229,28.23158989009765,-55.921702421423106,1.0,B07FP8VLXS
fitsne,5000,230,37.39169812791069,-1.9917727599309016,1.0,B09GLQ2PFV
fitsne,5000,231,-5.72436185694763,-19.302461395284265,1.0,B09KTMJVJW
fitsne,5000,232,-33.53089926933424,-26.08256462381825,4.0,B08PNW6WGX
fitsne,5000,233,-28.370902229148008,6.680072139202295,5.0,B0791TX5P5
fitsne,5000,234,21.210267171941606,-41.682521295705186,5.0,B07VYM342S
fitsne,5000,235,-35.74082203885219,-33.45224999997369,2.0,B00IYA2SMQ
fitsne,5000,236,-37.99835552997333,-38.18117611919302,5.0,B07S764D9V
fitsne,5000,237,-20.101757864662677,-5.129742941224343,4.0,B00B20M8CU
fitsne,5000,238,-6.388500565700261,28.52848949735389,5.0,B0C2PTV9ZW
fitsne,5000,239,-7.756663268162482,-14.832069162173974,5.0,B07X4854MR
fitsne,5000,240,-6.946971842263358,-43.16843798177502,5.0,B0BBMN8HMM
fitsne,5000,241,-3.6026943436829657,50.801345877719484,1.0,B09CFY36RN
fitsne,5000,242,2.072128740140563,-43.87941365193514,5.0,B08FZPS1N1
fitsne,5000,243,11.920728690682411,-47.39900791426074,5.0,B00L1KFWSI
fitsne,5000,244,-23.424251050817674,15.868833003628529,1.0,B00007AP2O
fitsne,5000,245,-10.65308709662997,-13.734879198919826,5.0,B00KMFN8E8
fitsne,5000,246,16.268620213804166,-34.22205859759368,5.0,B004WX0XP8
fitsne,5000,247,-14.442380077091574,-47.37888640538522,1.0,B0BVY4JVNG
fitsne,5000,248,29.361883796433514,-42.5881739047689,5.0,B075X8471B
fitsne,5000,249,27.50398605821494,-43.94621097196742,5.0,B01D2WRSF2
fitsne,5000,250,-46.753573584297314,-31.873375816758603,5.0,B0C2BVCBRV
fitsne,5000,251,39.91217029626039,37.64693273272609,5.0,B0BBFFXWVH
fitsne,5000,252,49.13661641071464,-10.528689903324587,4.0,B0997HW4JP
fitsne,5000,253,32.602480090825296,3.387926776062905,5.0,B0B19M78LS
fitsne,5000,254,-51.56484657308309,18.00213306595503,5.0,B092D3LR5M
fitsne,5000,255,-27.487385039226577,-10.632155276826465,5.0,B08SW8DMM5
fitsne,5000,256,-27.673504942552505,-10.972166603343384,5.0,B08K3FS8VJ
fitsne,5000,257,37.4142187469945,41.270816793853754,5.0,B08LYQ7MBZ
fitsne,5000,258,-10.83808300890168,30.64823695347193,5.0,B08G56K774
fitsne,5000,259,39.98216594335359,38.47919437117028,5.0,B089DZNCZJ
fitsne,5000,260,40.449913993469536,33.95397770334268,5.0,B09Y37DKJV
fitsne,5000,261,-2.478642323283674,35.05698149480641,5.0,B08CKSDF3M
fitsne,5000,262,-13.22710593864302,31.35989266825045,5.0,B09CYHT3VK
fitsne,5000,263,13.005335786895944,-4.145344256270692,4.0,B08735Q7LS
fitsne,5000,264,-13.846502914226912,31.10703290171286,5.0,B08NPZ574Z
fitsne,5000,265,-33.45525282722128,-23.203584210484774,5.0,B085M686ST
fitsne,5000,266,-41.12387646237292,-32.54825239264942,4.0,B082CJ19WL
fitsne,5000,267,-38.67404239729786,-14.32843283037966,5.0,B081STV3XJ
fitsne,5000,268,-15.708956169817798,34.23815577888567,5.0,B095LLDH4H
fitsne,5000,269,17.362715984928233,25.98149995462832,5.0,B07JGKCKKR
fitsne,5000,270,-29.08419262989653,31.301820283646432,5.0,B07DTRYMQQ
fitsne,5000,271,39.5854887301398,38.34654456920597,4.0,B0787GLJNQ
fitsne,5000,272,-41.15988378884052,-31.886820990360363,5.0,B074QQP2T2
fitsne,5000,273,-24.732553663305968,1.2797021245610893,4.0,B075QC3TZY
fitsne,5000,274,43.826475406730246,7.699025920488177,5.0,B0719QH4JP
fitsne,5000,275,58.07628596142862,7.529007024773798,5.0,B01MREKZDP
fitsne,5000,276,-25.647549311896096,0.8825120950828615,3.0,B01HCVG51M
fitsne,5000,277,12.351543569248454,-4.322680508890806,4.0,B012D4IEUI
fitsne,5000,278,-35.08944343523148,8.256420353083376,1.0,B00YEX1Y1S
fitsne,5000,279,-46.365955308038885,-9.661891070913157,5.0,B01MQGLIKL
fitsne,5000,280,11.899647345855241,25.35637646175102,4.0,B000LY1UMC
fitsne,5000,281,11.62273886677813,25.775579209650584,5.0,B004WMSV76
fitsne,5000,282,39.778174198274144,39.026008479187816,5.0,B005J7Y98I
fitsne,5000,283,4.2260078528197225,20.120201761074107,5.0,B00KTCN43E
fitsne,5000,284,27.593218660688798,-23.942283525583655,4.0,B019CB11IM
fitsne,5000,285,-1.060502827552569,11.079147330319401,5.0,B00BTVSUNI
fitsne,5000,286,11.734131749992581,49.072079043766074,4.0,B00WHEUS22
fitsne,5000,287,-10.41228314340745,29.90283086369865,5.0,B003XNSBXY
fitsne,5000,288,-29.029234381544676,-12.320269068724835,4.0,B00ENY0ZLS
fitsne,5000,289,43.08897197371652,5.320284342354558,4.0,B00IHVNMYK
fitsne,5000,290,40.551430110235245,39.59473329317349,3.0,B00GXXJF72
fitsne,5000,291,0.0783773227023104,10.301924535557943,5.0,B00DLKE8C2
fitsne,5000,292,-43.313997670381646,-13.69938834975636,5.0,B00C27S0M4
fitsne,5000,293,10.443182311692462,27.578170630360358,3.0,B00ARDJ5BU
fitsne,5000,294,32.94301400485785,3.678694984179042,4.0,B008HK3U6Q
fitsne,5000,295,50.079703954642625,-4.913255995819679,4.0,B007Q8GOGI
fitsne,5000,296,33.66288633649353,8.235038809343717,4.0,B009WZRCO6
fitsne,5000,297,-39.66307769279604,-32.16231065825803,4.0,B0046W5EQI
fitsne,5000,298,28.299854508869664,6.547696594411302,3.0,B008ULPDIK
fitsne,5000,299,24.51421757097089,10.62895969193453,5.0,B008GFRBBW
fitsne,5000,300,12.067303831200677,26.525293341555926,4.0,B00QU5CR6E
fitsne,5000,301,-38.21185016085622,-5.180846483432104,2.0,B00XIUKJDW
fitsne,5000,302,-43.25295799266501,-14.13329533852428,5.0,B008DF53W4
fitsne,5000,303,11.919709762344548,26.480483987569624,4.0,B00A4QXIRM
fitsne,5000,304,-22.558149288419624,-15.936203739592962,5.0,B007GFX798
fitsne,5000,305,41.72779613708452,31.311619319198492,5.0,B003VAGXZC
fitsne,5000,306,-43.20663335077242,-13.15079503474571,4.0,B005OB1TU0
fitsne,5000,307,-39.6260050341435,-9.842734304327198,3.0,B004TPJKEY
fitsne,5000,308,-30.754097114544397,11.312871107993073,4.0,B005K69PLE
fitsne,5000,309,33.67608174915683,15.15480188687039,4.0,B005NHR6MU
fitsne,5000,310,-37.21954729936739,-8.757110033763919,2.0,B004DNWCZ6
fitsne,5000,311,40.55283926745308,6.618373653461421,5.0,B0058GAOO8
fitsne,5000,312,11.8637802877872,27.25527122999065,5.0,B0020HRE1Y
fitsne,5000,313,8.063291815924124,40.224962372984265,5.0,B00305GHAE
fitsne,5000,314,6.063072703814898,-3.9131113753581217,5.0,B00XI3MMMA
fitsne,5000,315,-30.588625768363052,-8.050819449224688,4.0,B0035JJJPK
fitsne,5000,316,59.650512816944016,12.286005136325103,4.0,B00BWH2SWI
fitsne,5000,317,-23.966957426408822,53.01068347847673,4.0,B0032AN4N0
fitsne,5000,318,12.258863929425964,28.53252094757683,5.0,B001Q9F0BS
fitsne,5000,319,2.211191879508064,23.63554131028258,5.0,B002GP7ZT6
fitsne,5000,320,39.326066179301066,34.62156790243327,5.0,B002CWZ29S
fitsne,5000,321,39.210403465145156,34.965059243907525,5.0,B001VFUN82
fitsne,5000,322,9.505755562529204,30.451097676984254,5.0,B0023B14TK
fitsne,5000,323,12.450722022095366,28.601709558025238,4.0,B001DQRBSY
fitsne,5000,324,-22.56427085154762,53.62383226328742,5.0,B000V2MK00
fitsne,5000,325,42.73712378781168,-1.8377645845117725,4.0,B000WOGA6C
fitsne,5000,326,-34.459985715928454,7.442974045000078,5.0,B00KSBB7EY
fitsne,5000,327,21.38543132271299,-27.59869362392495,5.0,B00INZSFUG
fitsne,5000,328,-33.02364847962094,-14.15464971953025,5.0,B078G91T8X
fitsne,5000,329,59.78616791078519,5.601585509469952,5.0,B01M2BIW94
fitsne,5000,330,0.8111915540497913,-60.69652754969324,5.0,B0B7XZB7V1
fitsne,5000,331,0.8006765360395766,-60.70968698693434,5.0,B08M5KCX78
fitsne,5000,332,-25.29794263322409,-23.272274245033532,5.0,B0C4DTCKS5
fitsne,5000,333,-7.683255862373375,12.769162427446421,4.0,B078PFDHN4
fitsne,5000,334,-23.214532116502465,1.0626465995359202,1.0,B07MKN9Q5B
fitsne,5000,335,1.8376888115812433,29.172550468112032,1.0,B07G5ZG3Q4
fitsne,5000,336,2.1463548888020973,29.73165805581535,1.0,B07G5YXYFL
fitsne,5000,337,59.596012443352095,3.7964940472822715,2.0,B07X92YR8W
fitsne,5000,338,-26.661955632830963,-5.159750868226268,5.0,B07456BG8N
fitsne,5000,339,-19.925446669802604,27.08842929158144,4.0,B012BN15LQ
fitsne,5000,340,-38.56196682894898,-31.845275181990548,4.0,B0756T7R5T
fitsne,5000,341,48.01637641691532,10.501096564748158,5.0,B0833NKK5K
fitsne,5000,342,23.759689428245792,34.40649711925633,5.0,B00KL2TENQ
fitsne,5000,343,-44.31518220691034,-6.384539415648863,4.0,B008DWJ4KY
fitsne,5000,344,-45.80944732665663,-13.822932249302923,5.0,B01MQJ2XE6
fitsne,5000,345,-45.230580918866785,-14.353702588988163,5.0,B00009WBYL
fitsne,5000,346,-45.273081314632044,-16.437718004889472,4.0,B0009X3JBU
fitsne,5000,347,-45.11010893471701,-16.50032117376874,4.0,B07CG8G732
fitsne,5000,348,-49.10414672191481,17.32377757376488,4.0,B07R8L532P
fitsne,5000,349,-33.76133260334125,14.23480630587458,5.0,B0076GEMGO
fitsne,5000,350,-33.792187968846555,13.24535005057057,5.0,B0078YGN34
fitsne,5000,351,-44.992647771756204,-13.058396728936147,5.0,B009HB2USI
fitsne,5000,352,-33.618924678815844,14.815157854164891,4.0,B004GJ0EEI
fitsne,5000,353,-33.774655278196875,14.496969876393997,4.0,B003L1ZYYW
fitsne,5000,354,-27.232017537030195,-20.06705592559416,5.0,B099V8GPR4
fitsne,5000,355,51.09443068424126,-4.347649329325842,5.0,B0BPMM75N8
fitsne,5000,356,51.04782701216946,-4.299119989194625,5.0,B07GZMMYHT
fitsne,5000,357,-26.29492448127214,-3.995213103090709,5.0,B01K1O7UH0
fitsne,5000,358,38.736341056093494,13.262022196747932,2.0,B00OTXNUBU
fitsne,5000,359,26.212684523594625,-29.586020085737122,5.0,B00MICP8PA
fitsne,5000,360,27.34260523040688,6.028732301073936,5.0,B0051VVOB2
fitsne,5000,361,-25.423361486517482,-3.2396471961446958,5.0,B07H65KP63
fitsne,5000,362,18.909355662602167,-29.573604935190353,5.0,B06XD94B2F
fitsne,5000,363,34.85276694472589,21.19801748212964,1.0,B07VWT32HX
fitsne,5000,364,48.78405255393959,3.8048206967130445,3.0,B09P664R9L
fitsne,5000,365,50.55031298198497,-12.014820672864559,5.0,B01054S5FM
fitsne,5000,366,30.382899801814006,16.26288303198211,3.0,B08PFZK4YZ
fitsne,5000,367,32.56355213766019,-0.7218447264483169,5.0,B08PNWVR4C
fitsne,5000,368,11.766548389224416,40.11166739605233,5.0,B0887P21Z2
fitsne,5000,369,17.770425450590544,-23.014936106820944,5.0,B0BPN2DXC1
fitsne,5000,370,24.9759931019874,-16.67126312603648,1.0,B07V4LLTSQ
fitsne,5000,371,-37.534068521852525,-22.47263167134616,3.0,B071DGXVWB
fitsne,5000,372,-35.801184339729744,-14.262894429660694,1.0,B0CBWV3Q8B
fitsne,5000,373,5.081001877761167,-32.43470713714001,5.0,B07PLFCP3W
fitsne,5000,374,-32.61386118328245,-9.748454608467496,1.0,B07Y8H8STR
fitsne,5000,375,17.42225691266027,-17.13451654004918,1.0,B07H9FG9SD
fitsne,5000,376,-27.511015631169066,-2.431665960113014,5.0,B07PGL2N7J
fitsne,5000,377,-31.095323063099315,21.134890920117353,5.0,B0896VGNF7
fitsne,5000,378,50.59176610340473,-11.99198598209207,5.0,B01LZJGEI2
fitsne,5000,379,50.50806672490603,-11.811532013144618,5.0,B074512LY1
fitsne,5000,380,-4.737676807138235,-20.72232880590611,1.0,B09JKYBVJD
fitsne,5000,381,-44.73608084835565,-14.654394290368318,3.0,B06XDSMDKV
fitsne,5000,382,-37.95950783867402,15.375979130377845,5.0,B008GVOVK0
fitsne,5000,383,-40.51678136126536,14.099394332374343,5.0,B075X8471B
fitsne,5000,384,6.721374694018152,-17.47781781246769,5.0,B00TOVTZ7K
fitsne,5000,385,-26.404322324031675,-22.13721732059801,5.0,B07P1FN7KQ
fitsne,5000,386,-6.348751314805124,-34.20083971760595,5.0,B075M3G8SV
fitsne,5000,387,-24.856230400526105,-1.8095411888258917,5.0,B01K8B8YA8
fitsne,5000,388,-28.079145265705918,-20.70940687066098,5.0,B073VC4KGT
fitsne,5000,389,50.152124160842725,-11.304343135703402,4.0,B01M60S5H2
fitsne,5000,390,28.47585626859119,-15.210283139728098,5.0,B0122TWDH4
fitsne,5000,391,-0.424821611934317,-14.508458857071245,1.0,B0B9GFKYSZ
fitsne,5000,392,39.670635908122065,41.85209319812834,1.0,B008I646WG
fitsne,5000,393,8.388337990018886,52.077856147716645,5.0,B07454F4JH
fitsne,5000,394,42.474362187654755,37.258321025408115,5.0,B0C617749R
fitsne,5000,395,47.95449246976216,-10.950528731673804,3.0,B00DOPW5L0
fitsne,5000,396,-5.228704109378772,-2.276266018551536,5.0,B00DS4BLLW
fitsne,5000,397,31.248566997035468,13.035753113528314,5.0,B005TUQV0E
fitsne,5000,398,31.61482550303929,-17.347881703225646,1.0,B0B2CJ3YSP
fitsne,5000,399,45.84785328105272,-15.60844142287033,1.0,B093DR9RWD
fitsne,5000,400,4.4558076715881745,25.35443330640011,5.0,B08F6GPRH6
fitsne,5000,401,32.46183324331478,-24.61644114469923,5.0,B08JQCJZQM
fitsne,5000,402,-26.22648212125341,1.6644995705797063,5.0,B07KTYJ769
fitsne,5000,403,24.613941654519113,-4.277937485865545,5.0,B0BFVWWFZP
fitsne,5000,404,-36.27398700263235,10.844472211721216,5.0,B09QLBKCZ3
fitsne,5000,405,-26.585388749931127,-4.256900358226529,5.0,B08F1P3BCC
fitsne,5000,406,-15.366542820504616,27.933613371002576,1.0,B08L3PV71G
fitsne,5000,407,28.76658380015722,-17.73164215774192,5.0,B09V19FR6M
fitsne,5000,408,15.607636250994755,-14.969371129812501,5.0,B0B74ZCLQ7
fitsne,5000,409,-39.9999938377979,-39.00413902034946,5.0,B0BMT6TQSK
fitsne,5000,410,-25.71703788672064,-24.784269782152148,5.0,B0BJQ8TH85
fitsne,5000,411,-11.847972188750141,33.144164013645096,5.0,B09QLBKCZ3
fitsne,5000,412,6.987890514141961,26.086976806309195,5.0,B096K4MF5V
fitsne,5000,413,-41.9125372950584,6.258660497262399,5.0,B01DU67QZM
fitsne,5000,414,16.83931648747985,4.674609182735422,5.0,B00MVRBOIC
fitsne,5000,415,11.577156198250306,40.128481247482284,5.0,B00IVPU7AO
fitsne,5000,416,-33.7094950660516,-25.927923098656798,3.0,B000BBE9C8
fitsne,5000,417,42.8780902012741,-5.001891506861195,5.0,B07XXZ1XGW
fitsne,5000,418,11.225720062247825,-31.147658196645985,4.0,B0170RBJ9Q
fitsne,5000,419,-24.910242839500775,0.41439449415818186,5.0,B08XVF418R
fitsne,5000,420,42.95875724730634,-3.873640592144207,5.0,B0879L79L7
fitsne,5000,421,-35.693043891517014,11.664776246306861,5.0,B01LXFFO8O
fitsne,5000,422,-5.289101441836606,-44.922973047448316,5.0,B06XDN9MBD
fitsne,5000,423,3.058630329468131,-22.476629819026414,5.0,B07QC4WTNC
fitsne,5000,424,-38.46168168787485,11.668955935938843,1.0,B0791T9CV7
fitsne,5000,425,40.538246581764376,8.163315180568983,3.0,B08XLXS9P4
fitsne,5000,426,40.77463798414281,7.882732005216456,4.0,B07YRPBMC8
fitsne,5000,427,-26.00968345499799,-1.3468200502841179,5.0,B07H65KP63
fitsne,5000,428,-19.12191919720006,-6.133012092953643,2.0,B07VHQW6F3
fitsne,5000,429,9.313461908769881,-19.99360001054777,5.0,B082TR27NZ
fitsne,5000,430,-25.801089076833538,-0.7675378402542108,5.0,B07KGVB6D6
fitsne,5000,431,-0.5989316822397364,-7.016288453640848,5.0,B00FHBH5SC
fitsne,5000,432,-0.25170772392563845,-5.87401653309191,4.0,B005I9IM4E
fitsne,5000,433,-4.834308288756478,21.467141052972647,4.0,B000F2KUK8
fitsne,5000,434,-41.55849067771667,-8.065259189925026,5.0,B09GGBWFP1
fitsne,5000,435,-21.64038579299821,23.92919284481142,5.0,B09RZDNN93
fitsne,5000,436,-26.677345803869148,-1.115332640260304,4.0,B01K8B8YA8
fitsne,5000,437,6.151175111479291,-17.536201836408846,5.0,B08PBPZB5Z
fitsne,5000,438,23.222375651121638,-18.363121669976934,5.0,B07DCGFWNQ
fitsne,5000,439,9.846347036990172,-41.5290470262982,5.0,B07P5GWG56
fitsne,5000,440,-25.971412807502205,-15.407348415712102,5.0,B079G2DFNC
fitsne,5000,441,-49.63433795386999,-39.2600269213902,4.0,B08KDZ2NZX
fitsne,5000,442,-27.640908816694594,-8.8648631734625,5.0,B09SVJGMN1
fitsne,5000,443,25.343270813939142,-28.136396877278376,5.0,B07JL18G1D
fitsne,5000,444,27.39331062570811,-31.854572877634414,5.0,B0B5MZSSXG
fitsne,5000,445,-15.657655160879672,21.07479377809365,4.0,B0BS6KLLT1
fitsne,5000,446,-38.539523222761744,-17.25704386412324,2.0,B00065XSP8
fitsne,5000,447,9.608307006092248,-33.7022324642929,5.0,B015W2SJFS
fitsne,5000,448,-14.522905380405284,53.004823798832284,1.0,B0BS22ZZY8
fitsne,5000,449,-1.3390605916934504,-13.574875080306525,5.0,B08F9ZCTCL
fitsne,5000,450,18.686743172389093,-31.1360514426592,5.0,B09ZPV8WBV
fitsne,5000,451,-38.75616830101451,2.576074820898925,5.0,B08PBLGCNB
fitsne,5000,452,-12.364215504748207,-3.7935430170827265,5.0,B09V3TSYFX
fitsne,5000,453,-22.986027365212088,22.57731160815837,5.0,B00T38OHQ8
fitsne,5000,454,29.208406238223915,-12.94357548096486,5.0,B09LQV1C2D
fitsne,5000,455,-46.84411999910954,14.435609457667299,1.0,B0BQD6LHL7
fitsne,5000,456,6.54501804862307,-38.10080949447906,1.0,B07PHB491R
fitsne,5000,457,-29.7268831448559,-20.554878253127026,1.0,B08XQPY9BC
fitsne,5000,458,-7.265764432414358,7.0630490833422135,5.0,B07SCLKCRY
fitsne,5000,459,-21.783459935741114,23.994291259573103,5.0,B092MV7LB5
fitsne,5000,460,-22.844362334693344,12.130616010215297,5.0,B0925Z7N6N
fitsne,5000,461,1.1055063131676077,-38.15224646787635,3.0,B075KH6W4S
fitsne,5000,462,-7.5823274733553525,4.690766512249049,5.0,B09K8CBWBG
fitsne,5000,463,-36.87119381377117,8.137067313846408,5.0,B0BTPBBL52
fitsne,5000,464,-17.113026162292652,39.644275007713034,5.0,B076QBXVML
fitsne,5000,465,-43.594999491331066,4.656950802291425,5.0,B0093UA2GA
fitsne,5000,466,-42.85424209257957,4.888744571043589,2.0,B07MQQV5VR
fitsne,5000,467,-17.15151802684156,39.577898280281964,5.0,B07589ZKM6
fitsne,5000,468,-42.719932723588784,4.80306092753579,5.0,B00KC0HVTQ
fitsne,5000,469,-37.19137815966631,8.403565094737989,5.0,B077DZYBLS
fitsne,5000,470,16.61171776131217,-21.711259193552074,5.0,B078N1F14R
fitsne,5000,471,-33.77719375382246,27.61159948634464,5.0,B01BT9SEDA
fitsne,5000,472,16.64963006762727,-38.83096825099185,5.0,B0BXYXD1Q2
fitsne,5000,473,-32.728691877592844,9.66933526981339,4.0,B00M0RH36U
fitsne,5000,474,24.27566926159822,-21.99661118055105,5.0,B00BCGRX9M
fitsne,5000,475,20.202061481462177,-26.698209360164505,3.0,B000EVM5DK
fitsne,5000,476,-31.133791945694178,48.66473297217419,4.0,B09LYWCHJX
fitsne,5000,477,23.7675108208753,-31.327599485615117,4.0,B00EUY59Z8
fitsne,5000,478,-33.69729523672853,8.733059179314942,5.0,B0036WT3ZM
fitsne,5000,479,-21.482070145488834,19.84057199018233,2.0,B08YF1VBYD
fitsne,5000,480,-21.849358091644056,17.832744738783394,1.0,B07X23N387
fitsne,5000,481,-20.069231241181544,-28.358440894114942,5.0,B074CKFLR3
fitsne,5000,482,38.91982700775558,32.177789504168274,1.0,B003B4BBFK
fitsne,5000,483,-45.8906821343401,-36.09944300252706,5.0,B08XNCHTCY
fitsne,5000,484,24.841834077867826,-18.19629642246281,5.0,B096V83KF4
fitsne,5000,485,7.144370832037481,19.027924924154057,5.0,B06X9ZNT4P
fitsne,5000,486,-13.355941015483404,2.973874175956933,5.0,B08KSG2JMV
fitsne,5000,487,-13.528129014785073,1.587308404422155,5.0,B07H65KP63
fitsne,5000,488,-13.490611202230856,1.1812670297916361,4.0,B08TBDBQ1C
fitsne,5000,489,-13.404060505496194,2.859696025313418,5.0,B0BC87S9SY
fitsne,5000,490,-13.45895591019562,2.8162466402120074,5.0,B09B36FJVT
fitsne,5000,491,-13.509489032334672,3.2274050971831993,5.0,B095KD3MNN
fitsne,5000,492,-13.527522948879895,3.2811945572239543,5.0,B00VUIITTU
fitsne,5000,493,17.62971818075687,-9.783805986161784,5.0,B091SDZ3S1
fitsne,5000,494,17.71132252722917,-9.618413461548256,5.0,B091SDZ3S1
fitsne,5000,495,9.727046590179798,37.63158229349985,5.0,B07Z18JVPH
fitsne,5000,496,10.29536766868643,34.42956699624442,4.0,B0BNXXNBB4
fitsne,5000,497,-24.140750691135697,32.50715779066065,5.0,B09Y95BMKX
fitsne,5000,498,-17.57740271182791,-32.29043101216404,5.0,B09DG877JS
fitsne,5000,499,44.672243443207975,39.67790490675169,5.0,B07W1Q3X7S
fitsne,5000,500,41.79376033134862,37.17680847395966,5.0,B0BG7KP5L4
fitsne,5000,501,-17.498232493893113,-32.2790745562712,5.0,B0B5BYZPNB
fitsne,5000,502,-19.534715279802814,33.30542488257903,5.0,B0BJKGH183
fitsne,5000,503,-42.733184702866765,-40.531370722783606,5.0,B0C33824RM
fitsne,5000,504,11.671471936407405,42.06798102220669,4.0,B07F2BDJ5S
fitsne,5000,505,-7.518250535149074,6.654312253700008,5.0,B0BZDWGL19
fitsne,5000,506,-45.8041763472763,-42.06638777580047,3.0,B08S395JJ4
fitsne,5000,507,-45.809416882357624,-41.81362470146861,5.0,B07B1L21NK
fitsne,5000,508,25.591937434111898,7.399176927486848,5.0,B08YFJYD5Z
fitsne,5000,509,-25.169131249068652,23.28728621005706,5.0,B08TZSVYB4
fitsne,5000,510,-35.24198964715192,23.810005421820307,5.0,B0B12PXQYM
fitsne,5000,511,32.83828637903219,-10.251378021306149,5.0,B096F75FBW
fitsne,5000,512,32.36201680429482,4.835328660019979,4.0,B092LY2GGV
fitsne,5000,513,-42.95896794777278,-32.69801784367928,5.0,B093TFXGWR
fitsne,5000,514,31.23125708729803,5.6366574488938905,3.0,B09JMKS73X
fitsne,5000,515,32.228852172522615,5.017536127827834,1.0,B08Z2JQC6N
fitsne,5000,516,-45.883259124693396,-41.57395381730522,5.0,B09B48ZGJV
fitsne,5000,517,-15.536125417487288,-14.954855483271707,5.0,B0819ZF1YR
fitsne,5000,518,-15.421076592949767,19.128183968412337,5.0,B07JW7GT7H
fitsne,5000,519,-24.691475314421723,23.132303112537272,4.0,B0C3M8B3MY
fitsne,5000,520,-28.194405716197316,-32.23986340382235,5.0,B09Y4HCRLM
fitsne,5000,521,-8.405337429161271,31.52723006613562,5.0,B09N75D6M4
fitsne,5000,522,-44.70004549376835,-31.702738030705262,4.0,B0BPBJ6SKW
fitsne,5000,523,-45.94752803360951,-41.55511986660914,3.0,B09S2XYNWL
fitsne,5000,524,-39.57320646721297,-33.697451418933426,4.0,B088KTR418
fitsne,5000,525,-50.75535734590232,-7.477289077710878,5.0,B09H5FHRTF
fitsne,5000,526,59.00524078493488,3.8828173098206014,5.0,B0863MN3T3
fitsne,5000,527,36.55976938598089,-7.0192093703637255,5.0,B07C3PQHC7
fitsne,5000,528,-11.527896078686304,-3.9750165163553306,5.0,B07YJJSCLX
fitsne,5000,529,-32.18708485067688,35.56753678602447,5.0,B08R5TCSH8
fitsne,5000,530,-13.888906859794707,-32.08415432872269,5.0,B01H4ZGTWQ
fitsne,5000,531,-44.98414926825036,-5.3110414249501625,5.0,B08GFCX4Y6
fitsne,5000,532,-14.153722545452004,17.315738875072746,5.0,B005DLKFME
fitsne,5000,533,44.95705264141627,27.15092295620432,5.0,B07HP726Q8
fitsne,5000,534,46.63132252973449,13.254072266824258,5.0,B08C4QSVNG
fitsne,5000,535,-19.775057056820476,-15.209323821954388,5.0,B09MH11HB7
fitsne,5000,536,-13.032997054527321,-4.670346345849091,4.0,B0822W4JF3
fitsne,5000,537,62.879680459818495,5.811171260143922,5.0,B07HCWW319
fitsne,5000,538,-12.573488859146911,34.48760825983755,5.0,B082FJXVW6
fitsne,5000,539,-26.21083895595285,23.506983461286303,5.0,B08B3F8FZ8
fitsne,5000,540,-37.205005766694455,43.736238466205165,5.0,B07ZZVX1F2
fitsne,5000,541,7.814107533235226,50.98118409618083,5.0,B07GB3SGSF
fitsne,5000,542,7.278259528322875,49.58360679702647,5.0,B0BWVDRR6L
fitsne,5000,543,-12.627465979303285,33.94637932811513,5.0,B0BCPC68J6
fitsne,5000,544,55.870790175487166,6.605079521274673,5.0,B07GWKZLLT
fitsne,5000,545,55.5564289141164,9.335611298095523,5.0,B075Y6Y9H5
fitsne,5000,546,-47.331829071187286,-37.95959325002483,5.0,B009UNGYHG
fitsne,5000,547,-15.749643111602635,19.03358623301838,5.0,B012JXHX28
fitsne,5000,548,-15.0418001149036,18.890657731931736,5.0,B0BGS23YKX
fitsne,5000,549,-46.57042256805636,-23.34131091066559,5.0,B09MCTFR69
fitsne,5000,550,53.5288869170105,2.564057290408294,5.0,B07TXNTGVS
fitsne,5000,551,-21.60194086180687,10.99738798335505,5.0,B08NBBFNMY
fitsne,5000,552,-16.493389651789837,-13.281468316607118,5.0,B083G8QM5V
fitsne,5000,553,32.51372454335758,15.405208617527897,4.0,B07N5ZPYFK
fitsne,5000,554,17.215839654562156,-7.689639032547202,5.0,B08BTG7G5X
fitsne,5000,555,-14.602903130328622,29.460518102693776,5.0,B087R7MNBQ
fitsne,5000,556,-1.1941490259747671,11.111329902952882,1.0,B08BW4JTCG
fitsne,5000,557,33.45127695883633,-20.446146367129117,5.0,B00068YUN4
fitsne,5000,558,-0.6961298039087466,-23.36592243450505,5.0,B0BPD6Q7KC
fitsne,5000,559,-10.683779567774385,-28.318860419038845,5.0,B07L95W89W
fitsne,5000,560,2.975015621148784,26.123861897376567,5.0,B08F6GPRH6
fitsne,5000,561,-44.32211574761619,-29.167715294496183,5.0,B079RC9338
fitsne,5000,562,17.15027191738871,-7.943252192585976,5.0,B087G45PDT
fitsne,5000,563,37.689990796447844,-33.22209979717603,5.0,B07YYNBSPG
fitsne,5000,564,18.322093757650595,-8.579997819139752,5.0,B087J8VVVF
fitsne,5000,565,13.00894676220734,13.676239007140076,4.0,B07PPRX94L
fitsne,5000,566,38.35948264646682,4.906003057437321,5.0,B07XNGYMGS
fitsne,5000,567,-33.70687121438385,-43.04978392528705,3.0,B000MUXVYK
fitsne,5000,568,-15.826661027064425,-31.108684198610188,5.0,B089T4YVYD
fitsne,5000,569,-43.644330084832006,-2.9081219746506153,5.0,B00NH12EHQ
fitsne,5000,570,-29.349557434139815,7.632722632979834,5.0,B07GZFM1ZM
fitsne,5000,571,-13.258363950236559,-32.56309309568519,5.0,B07545HGR5
fitsne,5000,572,-23.575703483515067,22.64218555320524,5.0,B07WFW5LQ3
fitsne,5000,573,7.877627465836812,-5.1220379275203936,1.0,B0B8YVVFNT
fitsne,5000,574,34.51900986679733,11.362916401191493,2.0,B07X3VBJNR
fitsne,5000,575,-18.333971431040382,2.330271709400843,1.0,B00JWX20GI
fitsne,5000,576,6.252972559384306,36.352452223607266,5.0,B0C71PTXVC
fitsne,5000,577,14.872921774195595,30.751123487498322,5.0,B0827ZXTMS
fitsne,5000,578,6.941860653034012,23.448117268247977,5.0,B07N86MCD2
fitsne,5000,579,9.352351079705057,19.265029785268556,5.0,B07S9ZBL9K
fitsne,5000,580,-15.854854846742965,-2.9926429174074025,4.0,B07KTYJ769
fitsne,5000,581,17.84218271335127,-7.873573711707189,3.0,B07RTR39H6
fitsne,5000,582,11.731724243408141,44.77151842213988,1.0,B09T5PV313
fitsne,5000,583,41.87076180381459,4.430711289861383,5.0,B076Q643SF
fitsne,5000,584,-16.74252655902861,25.333182181083487,5.0,B07FTCRKB7
fitsne,5000,585,63.753771977664734,2.2879666129218332,2.0,B07CPSZXLK
fitsne,5000,586,-16.692439081539543,25.5119634043664,5.0,B07S8F43Y6
fitsne,5000,587,9.275864364030094,19.53761700147327,5.0,B07N1H8CGW
fitsne,5000,588,-26.305513530767282,-4.6260476067427465,5.0,B07456BG8N
fitsne,5000,589,-22.75260879251887,-15.839575725788308,5.0,B00XIIB3XY
fitsne,5000,590,17.583481328832477,-8.846434851227256,5.0,B07KCYGQ8S
fitsne,5000,591,17.398015150453084,-6.590744886849132,4.0,B09G35YJGN
fitsne,5000,592,-22.11622911991059,26.956734803797378,5.0,B07RL3F6TR
fitsne,5000,593,10.68054721772565,43.165244099568696,5.0,B08KZ1TZYB
fitsne,5000,594,17.88875472451464,-6.781170083480674,4.0,B09ZHVV9R1
fitsne,5000,595,19.7257824594587,-7.831405653660056,4.0,B07KQYR8XY
fitsne,5000,596,19.099756457720147,-7.256695457776922,4.0,B08MLFZ58K
fitsne,5000,597,-22.136717546544727,34.176699103478796,5.0,B07375RHX1
fitsne,5000,598,-21.623833502439695,35.40470950935512,5.0,B07DMHHBJ7
fitsne,5000,599,18.208618930752092,-7.606174191184,4.0,B07KCYGQ8S
fitsne,5000,600,36.1048549952691,1.1059349147841981,5.0,B07SH58QD9
fitsne,5000,601,-45.21313640692199,-40.867788677818154,5.0,B002QKZLZ6
fitsne,5000,602,-21.585960567997866,-14.84126207434733,5.0,B071Y3DJR7
fitsne,5000,603,-45.28012375565167,-40.98354236385869,5.0,B071WJLSNF
fitsne,5000,604,3.1761806298792807,26.14810344925746,5.0,B07324B77V
fitsne,5000,605,42.38399015160352,17.06997818729391,5.0,B088RD3BBW
fitsne,5000,606,9.352314958168666,19.27800201631896,5.0,B07DNY6Z6G
fitsne,5000,607,55.42233228254398,-5.594041819641394,2.0,B01HYE9A2I
fitsne,5000,608,-18.590609833810497,27.336370900556226,5.0,B07NLMZFXF
fitsne,5000,609,-50.90998464529762,-7.225611841034439,5.0,B010V3KWF8
fitsne,5000,610,-27.16518336381952,24.55386329857904,5.0,B01DJ96XDQ
fitsne,5000,611,-26.340955727472565,23.523220036396587,5.0,B0C2VQGL6R
fitsne,5000,612,-14.027159950749187,29.031976992666902,5.0,B0BB6Y5N3M
fitsne,5000,613,10.844410696750248,43.029032245888956,5.0,B073JYC4XM
fitsne,5000,614,18.85412433741479,-7.322516081464621,5.0,B01M4NYI4H
fitsne,5000,615,19.018462350608253,-7.524264166703062,5.0,B075F3Z3D9
fitsne,5000,616,-33.22480396184195,-30.092812851310764,5.0,B008X0TBKO
fitsne,5000,617,-12.318584280723567,28.311604963962385,5.0,B00LK4ZT7O
fitsne,5000,618,-29.053065892357683,48.44719642004031,1.0,B018YPWORE
fitsne,5000,619,-48.502407725215505,-28.27575740681435,5.0,B0105VDCZ8
fitsne,5000,620,-29.30192403622897,-15.006669149158409,5.0,B01NAWBY12
fitsne,5000,621,-13.43687409507549,0.8640077816520243,5.0,B07586BG8S
fitsne,5000,622,-28.06372800266823,-3.5459458645835515,5.0,B01K8B8YA8
fitsne,5000,623,-29.02387462701365,20.36561890425714,5.0,B00XM9QACS
fitsne,5000,624,29.853289624494543,18.398413436559434,5.0,B005IXSXPI
fitsne,5000,625,-26.56276308388902,22.80860079896881,5.0,B0746LYM4T
fitsne,5000,626,28.125748426021246,-9.409589395291498,5.0,B01EA8CGWW
fitsne,5000,627,-20.464747768831405,17.202020072140048,1.0,B06XGCK56D
fitsne,5000,628,53.76125866144408,8.347170411600423,3.0,B002RSQ732
fitsne,5000,629,18.69822223123414,35.67074796676536,5.0,B01CX27190
fitsne,5000,630,34.55837886858667,-0.5275943640256215,4.0,B015JRGC8M
fitsne,5000,631,57.6994651736151,4.429184797661214,5.0,B083YHS7SV
fitsne,5000,632,-44.49452209965796,-26.158703156320666,5.0,B007VL90QG
fitsne,5000,633,17.201997344705305,-20.595925226053406,5.0,B01HBY8V80
fitsne,5000,634,-11.860024731987595,-4.018764617221192,5.0,B007P2NKNU
fitsne,5000,635,38.42749816046207,26.812867779941957,1.0,B00VM984YC
fitsne,5000,636,52.63992775319432,6.390564398805996,5.0,B09CD66HJM
fitsne,5000,637,6.406244461853285,17.26740420486145,1.0,B00MFJ6G20
fitsne,5000,638,-9.720534446420643,30.27923482909501,5.0,B07SYW3XL1
fitsne,5000,639,-22.019779297368498,11.328632801878824,5.0,B00I0F192U
fitsne,5000,640,63.082753498383916,7.98512956014063,5.0,B01AB2ZGGE
fitsne,5000,641,-21.963742965364695,11.305321597005069,5.0,B00ZPRNQSQ
fitsne,5000,642,-10.706649840781234,30.087402816422976,5.0,B0191GGFY8
fitsne,5000,643,-13.690441198683608,25.883992494511055,4.0,B01H355BGM
fitsne,5000,644,-25.872051284811832,22.865365887396912,5.0,B01ITR015O
fitsne,5000,645,-25.874830696116188,22.92307488264825,5.0,B097CCR1FB
fitsne,5000,646,-35.5493736894599,4.565640851867364,4.0,B01FNAFLZA
fitsne,5000,647,-12.862486018031449,-4.596482034774482,5.0,B016AR5A7O
fitsne,5000,648,-10.618481202642228,30.88107044613073,5.0,B0CCQHH8Z6
fitsne,5000,649,42.532678363531126,40.23594786605281,5.0,B0B2VDVB92
fitsne,5000,650,-24.28642005390125,52.856470194766864,3.0,B01F4H1DM2
fitsne,5000,651,20.93192013945142,-35.73027010813414,5.0,B0018Z8CN8
fitsne,5000,652,54.64725436048638,5.047914890497209,5.0,B01MZGZYSB
fitsne,5000,653,24.88824748691705,9.413030334709756,5.0,B0117U82EM
fitsne,5000,654,5.4115507757101025,41.903102457589064,4.0,B00CBL543E
fitsne,5000,655,-13.071840426294461,-4.508551075662666,4.0,B004RO3QPQ
fitsne,5000,656,-44.68342835077897,-31.987946347786412,5.0,B008D76Q64
fitsne,5000,657,-38.58370956355173,15.667866960091658,4.0,B01MQGMSVQ
fitsne,5000,658,-44.84039972502093,5.689651114390733,4.0,B009AB5L5E
fitsne,5000,659,-35.17636119841474,24.738575041972272,4.0,B08YB2CN2M
fitsne,5000,660,37.39930961597953,39.77574113991072,5.0,B005HQ5138
fitsne,5000,661,-36.75353093228783,-38.42265173142856,4.0,B00FG3UOI4
fitsne,5000,662,-42.08572938144588,-30.58282445813394,5.0,B00JB31RYK
fitsne,5000,663,-36.56880122038035,-38.57275457658358,4.0,B00M3GMYZS
fitsne,5000,664,3.84051167065973,10.030351643918411,5.0,B0002YP96Y
fitsne,5000,665,17.079269079112773,47.16045137550312,4.0,B00K4PAV14
fitsne,5000,666,-14.116258651738791,-31.49635412339589,4.0,B003J37580
fitsne,5000,667,-13.540659957832425,-30.524162851356564,4.0,B004O292WC
fitsne,5000,668,55.167027896978006,9.347930269660706,4.0,B00KY47K6Y
fitsne,5000,669,26.49562291497274,-30.444500745017493,4.0,B005ZUNQUQ
fitsne,5000,670,20.014260725386038,25.867799429344615,4.0,B0857KC57L
fitsne,5000,671,20.065474887819278,25.846212850915293,4.0,B00281XW0O
fitsne,5000,672,20.04711695215245,25.851242259216484,4.0,B07VZYRKJQ
fitsne,5000,673,20.03688746652676,25.85971769453026,4.0,B07JVR8KBV
fitsne,5000,674,24.665082401939106,10.2759253412858,5.0,B007T36S34
fitsne,5000,675,32.78476988905624,8.838618676580642,3.0,B00DR0BOSC
fitsne,5000,676,26.84309767885756,39.873756856326104,5.0,B008ABO71E
fitsne,5000,677,-15.664479059278769,-31.185453814041413,5.0,B0001HKIK4
fitsne,5000,678,34.611568884614684,8.07449767879975,3.0,B00DR0CDEQ
fitsne,5000,679,26.89908249806633,39.527528064244116,5.0,B009PHTHRG
fitsne,5000,680,7.735707112299865,9.633362861281244,5.0,B00WUIBCOS
fitsne,5000,681,-42.34383869308489,-26.019980976270116,5.0,B000Y31J26
fitsne,5000,682,-44.23893985767638,-40.00717116412163,4.0,B000Y190AG
fitsne,5000,683,-4.8201366343419565,19.787613807689166,5.0,B001CTILS6
fitsne,5000,684,22.71086696080659,13.955229066040843,4.0,B0051VVOB2
fitsne,5000,685,-31.413141484106017,29.504322285638107,5.0,B0199HAOAU
fitsne,5000,686,-37.93252846067834,-19.1598143324943,5.0,B085HZPNRJ
fitsne,5000,687,-34.027670160452764,-7.0965086808988245,1.0,B08N4CW66B
fitsne,5000,688,-27.763972905347376,-21.87987168016681,5.0,B091LXKW6C
fitsne,5000,689,-47.668252474161584,16.267256687314813,5.0,B0748KYTZN
fitsne,5000,690,-13.509833505508942,-34.50023691143955,5.0,B092F8GG57
fitsne,5000,691,-22.676510716050647,-16.478574211465897,4.0,B06XD9T2T5
fitsne,5000,692,15.583141293139542,25.784341290363663,4.0,B0098QHS7U
fitsne,5000,693,37.64250419397517,-22.597552458271068,1.0,B0BLCBK97H
fitsne,5000,694,13.418045415331331,-30.46812487973398,3.0,B0B2JJV92T
fitsne,5000,695,11.168574883109779,-31.620101650800976,4.0,B07VTKFLBW
fitsne,5000,696,37.654157567056345,-22.008049757961714,5.0,B08HFNNPPJ
fitsne,5000,697,16.54492387127656,-21.480993895580006,5.0,B081M5HPCD
fitsne,5000,698,15.449926571928657,-15.130543230454535,2.0,B09P5HMNDF
fitsne,5000,699,-2.1236344863264067,-1.0001555649401082,4.0,B0C6D5GYQ4
fitsne,5000,700,37.6573519980663,-33.27929085083793,4.0,B07H2CKXRH
fitsne,5000,701,40.21636135390389,36.65221754054843,5.0,B0B1D1Q35D
fitsne,5000,702,41.69401615781057,0.7721393512142051,5.0,B07V42PDX8
fitsne,5000,703,-37.601809368072345,-26.147237656713816,5.0,B0C33C3XFV
fitsne,5000,704,26.64200192199207,7.061708667765538,5.0,B07Q4T7G99
fitsne,5000,705,-5.728724244650612,-45.61505160810238,5.0,B00TZAO9D0
fitsne,5000,706,26.608871330964288,7.239664787139809,5.0,B07NPK4PY4
fitsne,5000,707,-6.090940356646873,-45.31367731085331,5.0,B072FS9VVZ
fitsne,5000,708,-35.78874140970733,-42.48064730329117,5.0,B0BS1QXF6M
fitsne,5000,709,26.09549852046448,13.665652827467577,5.0,B07H8ZCSL9
fitsne,5000,710,26.94328767415811,13.679424388258857,5.0,B07P374FF3
fitsne,5000,711,25.55069578501565,-28.016691667224624,5.0,B072QY9HVM
fitsne,5000,712,31.142220208919845,-38.293187612370616,3.0,B013R9SHC8
fitsne,5000,713,25.396130602904186,-27.86576183438967,4.0,B09KMWTYVR
fitsne,5000,714,30.186583329764115,-30.06377438112452,5.0,B01M65QWE9
fitsne,5000,715,-26.886502744499545,15.529864567759562,2.0,B00R43UG5A
fitsne,5000,716,22.506930921671575,8.801140657984933,1.0,B00URC7P2M
fitsne,5000,717,-4.194867323858254,-38.43258564338674,2.0,059449771X
fitsne,5000,718,-7.3164270658464625,-43.29231231392109,4.0,B00IWANYH6
fitsne,5000,719,-27.448236627718998,29.52354757466602,5.0,B07Q3BBNS8
fitsne,5000,720,25.72970230842326,13.580659255068111,5.0,B09WYFWH2Y
fitsne,5000,721,-32.52993568181582,28.333053315563102,1.0,B0BK9KB853
fitsne,5000,722,-38.076271756426465,-17.038518733126786,3.0,B09HCFHR8C
fitsne,5000,723,-4.336202045192195,-25.87899029171876,1.0,B0BW4PFM58
fitsne,5000,724,32.30546196344115,5.782094107528438,5.0,B07N7D9RSV
fitsne,5000,725,33.203713065260985,5.445490240805476,5.0,B07K4BQKJ7
fitsne,5000,726,31.284086817918965,7.109795675705567,3.0,B07LCGR2YZ
fitsne,5000,727,-31.613263333796123,-25.36046917720997,5.0,B0C72D4J46
fitsne,5000,728,-32.27844179570642,49.52015892761878,5.0,B093GRDN8K
fitsne,5000,729,-48.981864329963585,-29.926754832385765,1.0,B07BRM55KC
fitsne,5000,730,0.7987894985264713,32.05159556368133,2.0,B01CW4BLG8
fitsne,5000,731,19.97173678951811,-5.764307593229903,1.0,B07YYD5TNH
fitsne,5000,732,19.89777109405959,-5.816345436770283,4.0,B07HRD5K99
fitsne,5000,733,-34.88577090986684,-32.172059239584144,4.0,B08XNCHTCY
fitsne,5000,734,-21.36593374993336,5.1954012213945235,2.0,B07MCMTCP3
fitsne,5000,735,-8.722491020903382,29.435680888326797,5.0,B017LSIXDE
fitsne,5000,736,-19.364371845149012,-16.637830035842644,4.0,B000EFMIB0
fitsne,5000,737,26.918854237743695,-43.423884826569584,5.0,B01K8B8YA8
fitsne,5000,738,27.754342476598726,-31.55654679861798,5.0,B00WBD91L8
fitsne,5000,739,3.407146656251542,-48.8622239412545,5.0,B0B3X4NMHG
fitsne,5000,740,61.27415120239891,3.945195213168436,5.0,B0C5PHZ4QS
fitsne,5000,741,-5.403850462893083,4.688210270445589,5.0,B09K8CBWBG
fitsne,5000,742,11.955281851472455,-5.743990979161638,5.0,B074KBWL9J
fitsne,5000,743,-14.770426251889901,19.663436203511374,5.0,B0B7J9L5HQ
fitsne,5000,744,39.96884126490237,22.850454571262187,5.0,B086C51NNG
fitsne,5000,745,27.933193255934743,-14.397924498573387,5.0,B078J27VG4
fitsne,5000,746,3.4078270289200367,-48.8658642904853,5.0,B00009OY9U
fitsne,5000,747,16.916528712778128,-22.852805690955684,5.0,B07WGZLBZS
fitsne,5000,748,-11.813040143388541,23.708013264078797,5.0,B0841FLXW3
fitsne,5000,749,36.51323091693896,0.5942206644287243,5.0,B07CHC71M2
fitsne,5000,750,47.4109388892688,-11.0167860840316,1.0,B004RDWVUS
fitsne,5000,751,50.59435380467622,-6.068630043294073,3.0,B003YMC5RC
fitsne,5000,752,-44.136745893865935,7.032882975836916,5.0,B09W5QTSM1
fitsne,5000,753,-11.728984630880776,10.373911616914103,5.0,B0BS6KLLT1
fitsne,5000,754,-27.57278895453085,-1.5907707531909867,5.0,B07456BG8N
fitsne,5000,755,11.608349934610677,-43.92256573690612,5.0,B01M74RA05
fitsne,5000,756,27.014231879846754,9.082479503812444,5.0,B083NY7M4L
fitsne,5000,757,-50.89096341470564,-34.93464654380005,1.0,B07CKCNVGC
fitsne,5000,758,9.028997110638787,-35.52012625544862,5.0,B0C5MCSLKZ
fitsne,5000,759,6.077898486641786,-16.758731262667684,5.0,B07BGQZK8S
fitsne,5000,760,6.556691458297397,24.32190104902414,5.0,B08RYY7YB6
fitsne,5000,761,24.08461979003465,-51.11391378366186,5.0,B07ZS8JCZ9
fitsne,5000,762,-11.143951365586254,-10.74281330596328,5.0,B07Z4G6LN2
fitsne,5000,763,-8.505161727562413,-10.779839472928662,5.0,B089KKRXG6
fitsne,5000,764,-5.336280053178745,-24.61475087489498,3.0,B085L34V8J
fitsne,5000,765,-2.92029105499951,-31.134908591373165,1.0,B08NDSTXZ3
fitsne,5000,766,-39.35132448461565,3.5492268870278,5.0,B07KGVB6D6
fitsne,5000,767,-31.843595995723053,43.79817621526831,5.0,B07PR9SN8W
fitsne,5000,768,-12.79555065299502,9.010920340941103,5.0,B00TOVTZ7K
fitsne,5000,769,50.3442584112342,-11.343474762304266,5.0,B005YV5HQC
fitsne,5000,770,-33.27587617075652,12.173163561845636,5.0,B00U9U9GII
fitsne,5000,771,35.01823825922057,7.525141111988992,5.0,B00FF322AS
fitsne,5000,772,14.137254721755925,49.54424755748646,5.0,B00E3W15P0
fitsne,5000,773,25.710244801200073,37.56424072387008,5.0,B00BKRMMUS
fitsne,5000,774,10.153327518412787,35.66533674857334,3.0,B008MDOTUE
fitsne,5000,775,10.257687834437778,34.88035413143101,5.0,B00DYQQSSK
fitsne,5000,776,8.646624436048963,13.2685241630991,5.0,B002BWQ4H8
fitsne,5000,777,-43.726247572950186,-13.302228293403987,1.0,B008I64KGS
fitsne,5000,778,48.81210550448676,-0.024576006359322642,5.0,B07TWDMX8D
fitsne,5000,779,-33.269040781964996,-31.378211281646372,5.0,B08MVJP62X
fitsne,5000,780,-16.42718402723371,-18.690468459918417,5.0,B00GM15NGM
fitsne,5000,781,-48.048492881608325,-24.901444812928688,1.0,B07FTTPVGG
fitsne,5000,782,-12.373335803603895,-34.724412302356676,1.0,B07PGKLS1J
fitsne,5000,783,-10.141212069252335,-6.867568753916451,5.0,B01AQ6GSQM
fitsne,5000,784,-10.077519340672486,-6.904910337491936,5.0,B08C7HDL8C
fitsne,5000,785,18.456916655032806,-51.54408247549599,5.0,B07HZLHPKP
fitsne,5000,786,-1.6802619583667733,-21.909848796670225,1.0,B00B3Y6E84
fitsne,5000,787,16.318572908735405,-34.3508806859661,5.0,B01N9P7AL5
fitsne,5000,788,24.715305424087692,-33.1286439582606,5.0,B01K8B8YA8
fitsne,5000,789,16.744255032547013,-35.09425703338268,5.0,B01N6KWHSC
fitsne,5000,790,-39.47989832198548,-1.2235554917631206,1.0,B07CBSSNXG
fitsne,5000,791,-20.774791319752975,-10.569301840995267,1.0,B004JO1ZO8
fitsne,5000,792,2.4289956062384834,-28.358472510715355,5.0,B00E6GRHBO
fitsne,5000,793,10.282429560433851,-31.18173354918278,5.0,B0B993N8M1
fitsne,5000,794,-13.414989262689485,-34.08829670809745,5.0,B08Y1XYLVP
fitsne,5000,795,-21.23252703612064,-12.684076945869949,4.0,B07XXDNSCM
fitsne,5000,796,-16.643153743314254,-18.4356217766922,2.0,B08GRYND4H
fitsne,5000,797,26.9188883698059,-43.423933148828816,5.0,B01BRWH8G8
fitsne,5000,798,14.136246236924729,-3.811972265211298,5.0,B09RL7NM59
fitsne,5000,799,-25.538660638883794,-0.15073456034431426,2.0,B0C3NMZ2C7
fitsne,5000,800,-38.6366257782486,-2.014884926076648,5.0,B01M0GB8CC
fitsne,5000,801,23.29690326822025,-29.36785295738708,4.0,B09CPQ412S
fitsne,5000,802,59.52382432605788,0.38460171051118164,5.0,B07K21PVMQ
fitsne,5000,803,27.961227037418187,32.55827446816523,5.0,B07P83ZWZT
fitsne,5000,804,-39.984514289644345,13.494627064079367,3.0,B086VR2KY8
fitsne,5000,805,-20.638354105709237,-22.04471776828794,5.0,B09Z228SQJ
fitsne,5000,806,14.712577570429119,-45.0874551060279,5.0,B01IXCP8DK
fitsne,5000,807,13.254556706912611,-3.4425069860911046,5.0,B08S55D31N
fitsne,5000,808,-24.19382961871794,-40.36197067177576,5.0,B07P6YXJBY
fitsne,5000,809,-3.546506953459362,-20.986022914033192,1.0,B0872FYTWS
fitsne,5000,810,-8.6616330811193,-34.7624046343309,5.0,B01N63ZGUM
fitsne,5000,811,26.042069202416794,32.19085763769513,5.0,B07Q478Y95
fitsne,5000,812,19.191624429375263,-0.2927746762130964,5.0,B07QD3J1D1
fitsne,5000,813,19.167005011897754,-0.29614973155655,5.0,B07P97SJHD
fitsne,5000,814,16.58048268219322,-31.134560893517822,5.0,B07NXJN1QW
fitsne,5000,815,19.32174426678015,-29.8040650424684,5.0,B07R217P25
fitsne,5000,816,26.02493315135406,32.67719951255115,5.0,B01M0OE05T
fitsne,5000,817,19.354571054575846,15.638574113632846,5.0,B076CRF7DN
fitsne,5000,818,-32.95409343252938,10.451515112148847,5.0,B00LD3Q56G
fitsne,5000,819,-49.298600494842454,-32.679605570272955,5.0,B072QW59MF
fitsne,5000,820,-2.6950864832775157,-21.866846572139856,2.0,B00O23IQI4
fitsne,5000,821,-27.206298910943598,-12.591935083222994,3.0,B0081IKTN6
fitsne,5000,822,-17.92759605792937,3.9029701779585837,2.0,B00KWR8ME2
fitsne,5000,823,39.09359403839023,33.58148194143516,3.0,B00QRPPCMI
fitsne,5000,824,22.614168087108123,13.32080647850264,4.0,B00VKIY9RG
fitsne,5000,825,39.3979895405745,31.185090439818705,5.0,B0C6DDHVNP
fitsne,5000,826,10.4895087763758,-24.815420028146228,4.0,B007S642BW
fitsne,5000,827,-0.8631359829660581,-17.112877308386437,5.0,B0089W5Q1O
fitsne,5000,828,-20.542060763249818,5.724388741761298,3.0,B007Q45EF4
fitsne,5000,829,-27.454754974782457,-13.762006095479894,5.0,B00006JQ06
fitsne,5000,830,10.249220862864442,-45.877342370177224,5.0,B009R10KBC
fitsne,5000,831,40.004185560460094,33.13710794349976,5.0,B003VAHYNC
fitsne,5000,832,9.7930574900117,25.846755278806672,5.0,B00ARDIRFA
fitsne,5000,833,8.789264289253781,25.329355060653732,5.0,B003ZHV70C
fitsne,5000,834,25.262313038333577,37.127103807221054,5.0,B002PY7LL0
fitsne,5000,835,-32.96634388169049,-39.54552074281942,5.0,B09Y54MQWT
fitsne,5000,836,24.352182345617567,-42.228648385241414,5.0,B00IA8M3K4
fitsne,5000,837,-3.470805610666464,-40.616051137043044,5.0,B097D8D6L1
fitsne,5000,838,38.45917018238844,39.09049045535332,5.0,B089N5L1YQ
fitsne,5000,839,52.109032784406764,-13.978640907126945,5.0,B00LI6NW8W
fitsne,5000,840,2.860657787727337,-21.38677421738296,5.0,B08HSCF9X7
fitsne,5000,841,16.385515640910977,-12.235562725720245,5.0,B07HMRN7Y6
fitsne,5000,842,41.11027184967993,-4.740349032568571,5.0,B01D06IWB4
fitsne,5000,843,-10.125700957714098,-0.5345523981890757,3.0,B00P7EVST6
fitsne,5000,844,27.502984308214756,-23.81787747232719,5.0,B07VHQW6F3
fitsne,5000,845,-8.467353284179163,5.699405005146851,5.0,B01IARZGAS
fitsne,5000,846,41.259703934397244,15.179466901685586,5.0,B01E7C8TWW
fitsne,5000,847,14.656641293468581,-24.43752689097702,5.0,B00HHEAMXC
fitsne,5000,848,41.818180888022596,4.805661907760586,5.0,B07PR21291
fitsne,5000,849,22.795273903770433,-27.41995742034114,5.0,B018PU87TM
fitsne,5000,850,-35.78085184356249,-34.793660571411166,5.0,B09WD1B2P1
fitsne,5000,851,29.472059256290354,35.3686932593227,5.0,B07BNX8N72
fitsne,5000,852,-25.244710802638945,-1.3114140341572411,5.0,B07PDHSLM6
fitsne,5000,853,-31.33605765137502,-31.13634166890778,4.0,B00WMLVJ1E
fitsne,5000,854,-45.453648178567875,5.56009703596456,5.0,B07GKT53H5
fitsne,5000,855,38.93278353855422,-22.12938842413932,2.0,B072JJPZXQ
fitsne,5000,856,-8.04734097833366,4.328716773907532,5.0,B089F9YDFC
fitsne,5000,857,-29.645676129487015,48.02924642507256,1.0,B01MS1PMML
fitsne,5000,858,-20.603653392742263,27.658645305172673,5.0,B0C5MF2LCQ
fitsne,5000,859,10.25806953695894,-12.726482348851004,3.0,B00OQVZDJM
fitsne,5000,860,-26.61705862891605,41.748435522895484,3.0,B00ZVJAF9G
fitsne,5000,861,36.30317826040009,-22.007800005141085,5.0,B071K5BQPF
fitsne,5000,862,-36.79097005399524,-22.91415663173959,1.0,B08YF1VBYD
fitsne,5000,863,11.627671986113903,-34.832240965420475,5.0,B017LSIXDE
fitsne,5000,864,-32.165511671437855,35.527615017046195,5.0,B01LXR37IE
fitsne,5000,865,2.6435662693156723,2.8911451259203345,1.0,B01KV93B9G
fitsne,5000,866,0.04177088185087651,1.7169810417006643,5.0,B004ZX2NU8
fitsne,5000,867,-3.4565168067821106,-15.567147535666425,5.0,B008X0TBKO
fitsne,5000,868,-26.678798180912402,-14.026711402288894,5.0,B00ET7PG5E
fitsne,5000,869,24.239517054528722,-22.199605504429027,5.0,B0874YZVWK
fitsne,5000,870,36.394869576005036,-8.895975815007832,5.0,B007T356BO
fitsne,5000,871,13.114338770101618,-31.47500754643014,4.0,B083J66JC2
fitsne,5000,872,13.1141908639784,-31.47431700590053,4.0,B0916X99SD
fitsne,5000,873,12.417638777899763,-30.79359122337666,3.0,B08Z3HGG2J
fitsne,5000,874,28.368699216189537,-27.681238072769975,4.0,B09P39CW4T
fitsne,5000,875,12.003311532232072,-27.925776240391592,4.0,B0BXJX78RL
fitsne,5000,876,-14.913691213805002,-37.295215212975855,4.0,B07PXGQC1Q
fitsne,5000,877,25.832840463638135,-53.442721514239686,5.0,B07QD3HBFS
fitsne,5000,878,-22.644745963545454,-25.551722119632014,5.0,B0BQQ234HZ
fitsne,5000,879,-39.95025517456334,12.491750072989106,2.0,B07SPS13MC
fitsne,5000,880,23.892818046373574,-54.17542938890253,5.0,B07JG1VFBX
fitsne,5000,881,5.052535145370519,-17.18385233717998,5.0,B072DZH41G
fitsne,5000,882,-30.489904656725706,-37.74611295413042,5.0,B07FFVVDJ8
fitsne,5000,883,30.43660990565074,20.831667342575116,5.0,B0753R71ZH
fitsne,5000,884,0.4763117203494585,-7.862379931903196,4.0,B07TG9S4DG
fitsne,5000,885,5.83781902152244,-16.85634424404615,5.0,B07XX31MHV
fitsne,5000,886,8.348382364695519,-37.5080631819077,5.0,B07QF6NRH2
fitsne,5000,887,-27.3581663666669,27.96354518517852,5.0,B07BWC32CX
fitsne,5000,888,-40.41738555500165,-37.01044130062514,1.0,B095WJGGZJ
fitsne,5000,889,9.998744769984064,-28.28747694636488,3.0,B076HFYGLR
fitsne,5000,890,42.0261195522274,2.332354966492695,5.0,B08BLB8FRT
fitsne,5000,891,-48.955017955087555,17.177444218939918,3.0,B07JMC8B3Y
fitsne,5000,892,-10.30523583907698,21.031030893140883,4.0,B08F1P3BCC
fitsne,5000,893,21.637307305183125,40.063129840423784,5.0,B09ZGMKVVK
fitsne,5000,894,-8.781186567250634,47.13369241952407,5.0,B0855GZ7PT
fitsne,5000,895,-50.544665833318234,-34.968824971716025,4.0,B07J3CRZGG
fitsne,5000,896,9.119639287055655,47.30004753006566,5.0,B07RLZ1KDY
fitsne,5000,897,42.94996374596029,27.12106179744485,5.0,B083TNW1JM
fitsne,5000,898,62.520490258369605,12.823522831787555,1.0,B005HEVKXU
fitsne,5000,899,2.256323638093309,-27.720487178895045,5.0,B072ZQB512
fitsne,5000,900,-44.57946793370481,6.707058885932608,5.0,B01AQ6OWAG
fitsne,5000,901,-43.88316962773763,7.129698207535006,3.0,B07GF959QQ
fitsne,5000,902,32.06092267213828,-8.075868356554702,5.0,B072BMZCHN
fitsne,5000,903,-41.99752444471166,-8.468540419858629,5.0,B07SM5MQN8
fitsne,5000,904,-48.78635861627972,17.055515160387987,5.0,B0BF9KC3NZ
fitsne,5000,905,-44.198133748660936,13.388112780381011,1.0,B07GY54JPV
fitsne,5000,906,12.823180890380117,-45.45088803571706,3.0,B0BJPSZ739
fitsne,5000,907,-31.71262373608285,-23.550441042746876,5.0,B078RYSGTR
fitsne,5000,908,58.395752546008154,-1.6531305896893567,5.0,B010P5714W
fitsne,5000,909,8.089257307851325,-35.70987088778869,5.0,B01NCOM06N
fitsne,5000,910,0.6586330694461142,-26.45328971482214,5.0,B01MRS3MIS
fitsne,5000,911,36.28170887371181,31.16733672829537,1.0,B014KF85IO
fitsne,5000,912,-3.6010937894647816,-10.263673773422987,5.0,B09LNX8MHV
fitsne,5000,913,-46.395254998361516,6.438923162567488,4.0,B01F8DPALM
fitsne,5000,914,-6.593850879937896,-17.775897970361978,1.0,B00DU15MU4
fitsne,5000,915,32.863909286067695,29.553900369140493,4.0,B00WU37B2K
fitsne,5000,916,-23.065246261053147,31.653796350364193,1.0,B08N5821RN
fitsne,5000,917,-4.679560372330373,-2.333722184576515,5.0,B00WSW1YXA
fitsne,5000,918,10.530468070440019,-50.713170034796825,5.0,B07GFQN1MM
fitsne,5000,919,16.74962326982282,-21.845764556114663,4.0,B07Q12TXD8
fitsne,5000,920,-3.1065326544533907,-31.04953108002703,1.0,B07S764D9V
fitsne,5000,921,35.78525862295553,-28.143663594463373,5.0,B07FFCGJ5L
fitsne,5000,922,0.5034032792358022,-25.898754653632256,5.0,B07L814B45
fitsne,5000,923,-4.705150862684221,-26.557763901263026,1.0,B0177NSA9A
fitsne,5000,924,-2.2241718611073837,-10.306720792073277,5.0,B0087NZ31S
fitsne,5000,925,41.536098012068194,-3.9368674755962947,5.0,B0819QKM8T
fitsne,5000,926,38.92624324369508,12.894608674708506,2.0,B07PTVBKHM
fitsne,5000,927,-11.547608993037782,-28.632428636447298,3.0,B0B9S7TTCZ
fitsne,5000,928,-35.564383181073374,-13.43411821613612,5.0,B0935ZDCYD
fitsne,5000,929,38.89410455490516,3.250341116914352,1.0,B01H8SKNQM
fitsne,5000,930,-23.096296689348083,1.0832795392682006,2.0,B07N8VFFNS
fitsne,5000,931,24.16833753421582,-31.156160386688548,4.0,B075R8JR8L
fitsne,5000,932,24.108609207003077,7.533936761731006,1.0,B00OQVZDJM
fitsne,5000,933,-27.58659234848385,47.5614611695887,1.0,B08KVSN48H
fitsne,5000,934,1.8644128536527398,47.215509700244304,2.0,B00U3FPN4U
fitsne,5000,935,-38.88507589779686,-33.36345806880531,5.0,B08L3R87HW
fitsne,5000,936,30.95228405460403,-2.48129970326388,5.0,B0BV6WXP1T
fitsne,5000,937,2.5052499534342534,-32.24322957114837,5.0,B0915QKXBV
fitsne,5000,938,28.058120185806896,-51.09330040310641,5.0,B0BLRCRNP1
fitsne,5000,939,19.62055653592438,-19.47413670155337,4.0,B008YCZBCI
fitsne,5000,940,28.70480456711082,34.87799857738296,5.0,B003U9RHM2
fitsne,5000,941,47.829856786224,-4.493223208928122,5.0,B004V68IQ2
fitsne,5000,942,-21.896370277259816,9.945851538944666,5.0,B07KWR33LS
fitsne,5000,943,-32.97323247833451,45.57317973692875,5.0,B00R92CL5E
fitsne,5000,944,-34.33492457054992,-6.702794683926571,5.0,B0BWMYK1XZ
fitsne,5000,945,-49.37916016870534,-33.800531343164735,3.0,B007L5NKZO
fitsne,5000,946,33.59466966928808,3.8785326147787957,5.0,B00FJ8JC3O
fitsne,5000,947,34.12080265181257,-9.144775897470506,3.0,B08BWN7F7Q
fitsne,5000,948,-46.2627084214627,7.815737286600818,5.0,B075NFX24M
fitsne,5000,949,-5.183961646558657,-40.39590643429445,5.0,B07Q2WQWT7
fitsne,5000,950,33.264981814827294,-12.4000519450249,5.0,B09T3VLCWD
fitsne,5000,951,-0.14215089948915058,-22.463083722893582,5.0,B07TMJ8S5Z
fitsne,5000,952,5.041059203279523,49.86418480517333,5.0,B01NANB0IW
fitsne,5000,953,36.51646314118854,-25.798875772605587,5.0,B07Y8SH1MC
fitsne,5000,954,13.59474244830808,-25.3865438647272,5.0,B07ZSZQNWP
fitsne,5000,955,12.017613872640066,12.412314088690144,5.0,B09KZJ9W7R
fitsne,5000,956,-51.11914520281813,17.139769764448186,4.0,B07Q74L1TR
fitsne,5000,957,-0.4536759839797946,-13.95520567759513,5.0,B09XGQQ98K
fitsne,5000,958,31.87403992313882,-1.8751571833043406,5.0,B0BGS23YKX
fitsne,5000,959,-43.28872641204969,7.089669419432427,5.0,B08HR9JFC2
fitsne,5000,960,4.974613654891743,-40.52493931209514,2.0,B08JTWH2SQ
fitsne,5000,961,-32.95844266951688,44.112248329469445,5.0,B087D7C96F
fitsne,5000,962,-25.903699249579862,-23.24450038690979,5.0,B07S5XSTCW
fitsne,5000,963,5.033039740116346,-16.69833166899076,5.0,B09T6T159F
fitsne,5000,964,-45.12368983834305,6.872900139150421,5.0,B009XUM3Q2
fitsne,5000,965,-2.941389523705628,2.4409068226204553,5.0,B00XJ30884
fitsne,5000,966,-48.23945773381391,19.776389086434104,5.0,B07797JBDW
fitsne,5000,967,21.998269952834608,-54.44893586314828,5.0,B06XBBRVD5
fitsne,5000,968,20.27671957143169,-29.64122847681544,5.0,B06ZZY4VNW
fitsne,5000,969,-7.943986470357166,-42.74145258950782,5.0,B01HMB1US0
fitsne,5000,970,24.01838154520737,-52.8484917410871,5.0,B011BRUOMO
fitsne,5000,971,-45.169733304749684,-14.757643287032256,5.0,B0B6T5ZWCM
fitsne,5000,972,21.998625835733744,-54.448163331768754,5.0,B00AYB3OMG
fitsne,5000,973,-44.92390517643124,7.237083242526515,5.0,B001905C62
fitsne,5000,974,17.918238455277546,28.349124550894352,1.0,B004SPMRUO
fitsne,5000,975,-2.735074103808368,-23.571585782688278,1.0,B07NSM8TF8
fitsne,5000,976,-4.486317843515031,-29.772094592344885,1.0,B0963TH5MF
fitsne,5000,977,-42.555390404690726,-15.644319289168845,1.0,B0B62FJF1J
fitsne,5000,978,-13.755656663278156,41.11781101920228,1.0,B0BRXJ655D
fitsne,5000,979,-18.667832755654356,-4.860891567201895,5.0,B0C1CST5HF
fitsne,5000,980,27.889408853570202,4.857608448492196,5.0,B019Q6G21Y
fitsne,5000,981,12.751862965055349,-5.067320655333003,5.0,B0095PZHPE
fitsne,5000,982,-32.12414272747093,-14.930534201494334,5.0,B003VAK1I2
fitsne,5000,983,-4.518738682822779,-27.696264794462387,5.0,B0BLNQ6B3L
fitsne,5000,984,-7.692894163254836,-14.822512458455238,5.0,B085N11H5T
fitsne,5000,985,22.00585665865682,-27.277047158133428,5.0,B0043T7FXE
fitsne,5000,986,7.876848285819256,-16.332382106078953,5.0,B00KC0HVTQ
fitsne,5000,987,29.646587954925213,-30.183631461972883,5.0,B01HRVABD0
fitsne,5000,988,10.462287984204485,11.418435036566041,5.0,B0CBVWHXTS
fitsne,5000,989,30.96358056046705,-33.568456460200046,5.0,B07Z8RLTN7
fitsne,5000,990,12.231457598635872,21.085708332599626,5.0,B08C2LDLG5
fitsne,5000,991,-29.664622264393564,-26.4428653701661,5.0,B08J83TR22
fitsne,5000,992,-1.2737498460859833,-37.561903913065414,5.0,B00TOT6I7W
fitsne,5000,993,46.06044817254369,12.531391161209369,5.0,B00GMFVET8
fitsne,5000,994,-8.40272735943924,-28.198341700800544,5.0,B08L5M9BTJ
fitsne,5000,995,-41.991089751441955,8.978841640710181,5.0,B07Z3KTCPX
fitsne,5000,996,-12.449766839525028,-34.20469965775756,5.0,B0BWD4WGJB
fitsne,5000,997,7.05693862986851,26.69260277472955,4.0,B07G61MFF6
fitsne,5000,998,-35.40702452131613,9.828918104962712,2.0,B00VA5MLM4
fitsne,5000,999,-10.337653508414308,14.367068062291768,5.0,B085D9SLF4
fitsne,5000,1000,-6.519055501454328,-42.771990876656105,5.0,B0BTKKJLTP
fitsne,5000,1001,39.63917461316855,29.917787760255607,5.0,B00M4L721S
fitsne,5000,1002,-1.066742775409429,5.532134560382763,5.0,B00JM6EP1I
fitsne,5000,1003,-7.872571639937154,-4.571062897810062,5.0,B0007M610O
fitsne,5000,1004,37.88368803470822,0.91864343126471,5.0,B086YCPY39
fitsne,5000,1005,-26.61873840416413,34.14190362105893,4.0,B01M71T4E7
fitsne,5000,1006,-8.971027497515216,-19.209219911609154,1.0,B06ZXR6KS6
fitsne,5000,1007,26.227984581046137,14.787571410369592,4.0,B00J3FOZPO
fitsne,5000,1008,32.15393334358397,-24.163571884829658,5.0,B08QJBQ1VM
fitsne,5000,1009,1.2005347944218372,-17.89562510662668,5.0,B07F4P3JH7
fitsne,5000,1010,-33.216406896839366,-33.66200788470923,5.0,B01FLKRNTE
fitsne,5000,1011,28.042983375819368,-39.432601757793904,5.0,B08YGKCHNF
fitsne,5000,1012,39.171394712978994,-9.118170940761575,5.0,B07V44WYM6
fitsne,5000,1013,-43.44975223054582,-38.920881231849,5.0,B0BDSZ2KT3
fitsne,5000,1014,-36.42772583364,-28.83698139265777,5.0,B09KQC7Z4S
fitsne,5000,1015,-15.688030174475863,-35.51596108182834,5.0,B0BHWYQ47Y
fitsne,5000,1016,-38.0864401012824,-30.71147451486325,5.0,B0BDSZ2KT3
fitsne,5000,1017,42.36942840769587,-5.116959579236547,5.0,B0BW7DFJL2
fitsne,5000,1018,-37.72764919397078,-31.44257262689325,3.0,B08B3G74MY
fitsne,5000,1019,-36.83161502730237,-41.34158167915842,4.0,B0BQC7892K
fitsne,5000,1020,-32.961781947088205,-41.47945764142642,2.0,B0B5D4K48M
fitsne,5000,1021,12.25086743516393,-16.723409501732554,5.0,B07H8WS1FT
fitsne,5000,1022,31.879094314107295,12.393129330327339,1.0,B01MXKRKWY
fitsne,5000,1023,-28.38519785458558,-22.852555917822297,5.0,B08VD2NX25
fitsne,5000,1024,13.999115661907458,-42.47725247633135,5.0,B0C1ZDMQ5Y
fitsne,5000,1025,5.354497124977753,-19.902152218833976,4.0,B0BQ5XQ17G
fitsne,5000,1026,-7.163354578162308,-31.153430900287585,3.0,B07QF4Z874
fitsne,5000,1027,7.543369431466879,24.158012320755493,5.0,B007Z549YQ
fitsne,5000,1028,39.325419481412666,-10.149814492089256,5.0,B08434BWYM
fitsne,5000,1029,54.40773521783817,15.369889039768768,5.0,B09LCZ16HN
fitsne,5000,1030,-11.529166264207,-37.38862163384305,5.0,B0CB11DLHG
fitsne,5000,1031,29.2980679570892,33.895612406139094,2.0,B07THRBHPG
fitsne,5000,1032,11.744828465635695,-29.08169271802841,1.0,B086C1FGF9
fitsne,5000,1033,13.118007618057925,4.381543035139631,5.0,B01M1AQ316
fitsne,5000,1034,39.552393254230275,41.016687509728904,5.0,B0B4SWZTZ1
fitsne,5000,1035,-25.968933969816852,27.961447801357508,5.0,B0739N6PLY
fitsne,5000,1036,18.425242474499647,-51.499637456390175,4.0,B092LYGF9J
fitsne,5000,1037,-4.021871215951396,-45.294839297893155,5.0,B004A9PBJW
fitsne,5000,1038,0.4157714407275376,-21.18556030194468,2.0,B0000BYDKO
fitsne,5000,1039,2.574315941244154,-43.94043516483828,5.0,B001KPILLE
fitsne,5000,1040,39.10175722857855,40.45814170487657,5.0,B00NMTXYN6
fitsne,5000,1041,26.511054144819177,-42.87717043146843,5.0,B07RN4XTV5
fitsne,5000,1042,-11.50880746645955,-37.19068725101376,5.0,B071HSGBZC
fitsne,5000,1043,48.90728249946564,11.343647122426805,5.0,B089XF38N2
fitsne,5000,1044,-33.522823811169374,8.896686937683711,4.0,B07SHFPD8S
fitsne,5000,1045,-32.69866536667447,-29.685087719737957,5.0,B07V3RB9C1
fitsne,5000,1046,29.40722812168536,-40.89067457724117,5.0,B076FR2J17
fitsne,5000,1047,54.05550339712769,9.666795078431912,5.0,B07CP7PGKB
fitsne,5000,1048,7.0493771487768395,-16.470966174592984,5.0,B09XKS77DP
fitsne,5000,1049,-14.638326925946808,-30.181715839472716,5.0,B005INJ4ZG
fitsne,5000,1050,-1.3843240357354558,-48.23206790101449,5.0,B0015V1H28
fitsne,5000,1051,-6.0908918483541985,-45.309319603844926,5.0,B000NU4OTA
fitsne,5000,1052,1.5709701827063323,29.210064169843008,1.0,B07G5ZG3Q4
fitsne,5000,1053,31.618835624159072,-29.391042553558265,5.0,B07P6TNT8H
fitsne,5000,1054,11.160189642013428,-35.09788474892629,5.0,B07CK1CZ9J
fitsne,5000,1055,-6.1232252869414685,-43.57836173043821,5.0,B0B3J6BWH2
fitsne,5000,1056,22.35916303730701,-53.11991018329991,4.0,B00JDN86EW
fitsne,5000,1057,28.160796445967193,34.59633993034106,5.0,B081N87HH9
fitsne,5000,1058,10.78282879935214,23.456083075658675,5.0,B082X8CY8X
fitsne,5000,1059,-34.165994972880185,-6.862048106921649,5.0,B082YWZ77X
fitsne,5000,1060,22.360882866723816,37.08573906444374,5.0,B0CBZF7ZY5
fitsne,5000,1061,10.26051413227966,48.69178640063478,5.0,B0C1SJVWTY
fitsne,5000,1062,-13.298608223366154,30.901199675911702,5.0,B0BN11KNM4
fitsne,5000,1063,-13.633683194724513,30.66205018387803,5.0,B09YVBF9Z9
fitsne,5000,1064,10.015120389489995,47.9564633270299,4.0,B0C1ZC8CFP
fitsne,5000,1065,-27.034445363654932,-10.040926673308155,4.0,B09V1KS388
fitsne,5000,1066,0.5155309614878921,52.74999386225099,4.0,B09QFZF8QC
fitsne,5000,1067,-11.27036937643905,17.301389369209428,4.0,B09N8NQG9J
fitsne,5000,1068,11.700821184738874,-4.1420065285212475,3.0,B0C28HGT5N
fitsne,5000,1069,-14.40725303768524,47.60696230188571,5.0,B0BV9PZ629
fitsne,5000,1070,-31.84594597562597,23.969852914464987,5.0,B0019R6SO0
fitsne,5000,1071,-23.706154045570855,-14.172129229658951,5.0,B0C1V5SRCW
fitsne,5000,1072,41.10802850013366,33.71833266008883,4.0,B09N7532L7
fitsne,5000,1073,4.647595404795596,28.61330392992293,5.0,B09FPGG9GZ
fitsne,5000,1074,29.897316354552625,18.332594254262744,5.0,B07SSDKNSL
fitsne,5000,1075,-26.444156900299042,-9.455222803916403,3.0,B086XH336K
fitsne,5000,1076,-26.365380934012574,-9.554135460005863,4.0,B09Y4LSD91
fitsne,5000,1077,-33.74269823797279,31.805206777936508,4.0,B09WZZ9RDX
fitsne,5000,1078,-7.905575750112177,6.796511686399896,4.0,B07RW9LZ15
fitsne,5000,1079,6.305920815841361,-2.984459823539298,4.0,B098BN33KP
fitsne,5000,1080,-12.083093478508767,11.830908739079396,5.0,B0BGPJNJBH
fitsne,5000,1081,39.392695322426974,29.30640975043197,5.0,B00002JXFH
fitsne,5000,1082,8.007503055518448,56.845826883955596,5.0,B07N7HWP59
fitsne,5000,1083,-33.30212370782161,51.19966168244542,2.0,B07P374Y47
fitsne,5000,1084,4.663012848536261,30.699933977337952,4.0,B01DLWBPCA
fitsne,5000,1085,-23.29261574650418,22.65737486689289,5.0,B09CT914BT
fitsne,5000,1086,-25.54681515064366,45.133608856509674,4.0,B0932GQP4B
fitsne,5000,1087,9.12272216649044,49.998724776613656,5.0,B07KJTXRKM
fitsne,5000,1088,-40.70324644821248,8.361262439100566,3.0,B07CM5NZRC
fitsne,5000,1089,-12.815224752225532,-9.659193288917596,3.0,B0B696YT88
fitsne,5000,1090,-35.86925327383114,29.74940229219816,5.0,B07JJCKSDH
fitsne,5000,1091,5.186638934982155,27.933664770181863,4.0,B07Z7MRNDZ
fitsne,5000,1092,8.162192899271853,56.26368501866418,5.0,B071WNBMQ2
fitsne,5000,1093,-47.971620280902876,17.982015258897896,5.0,B07DK1M5JF
fitsne,5000,1094,-25.668683213574717,45.16091312603331,4.0,B07HXW73SH
fitsne,5000,1095,-26.039324579463443,-11.61471568747219,5.0,B07CPMG2LK
fitsne,5000,1096,-34.24515333869769,39.35089749173698,5.0,B07H5F2SSX
fitsne,5000,1097,-14.221455343261567,47.60165733494337,5.0,B076YN6CSG
fitsne,5000,1098,-31.873706242277173,24.15925346296864,5.0,B077HNPLHZ
fitsne,5000,1099,-36.359722203220464,46.43645632890821,5.0,B0BJGKZKV9
fitsne,5000,1100,19.402164349128665,33.76197979525351,5.0,B07659Z1QM
fitsne,5000,1101,4.822408107865522,30.244091391206858,3.0,B00X5X1XPU
fitsne,5000,1102,-33.894032710822685,46.73641661062182,4.0,B084BXS6NL
fitsne,5000,1103,7.045972449052916,-30.864581289690648,5.0,B0002KR5Q0
fitsne,5000,1104,-24.89450513848125,32.769664038393735,5.0,B01N14PF8X
fitsne,5000,1105,4.192294685317965,31.310209471172673,3.0,B01EY9L448
fitsne,5000,1106,-3.4310740754003777,44.77417155279601,5.0,B07SVBV9TM
fitsne,5000,1107,-3.7077877955932466,45.4947247273017,2.0,B07S9H9QVN
fitsne,5000,1108,-32.990833658901884,47.954543200995246,4.0,B01K7IH638
fitsne,5000,1109,8.038407930763153,52.63294787212617,3.0,B01IEKG3TY
fitsne,5000,1110,-3.2898280048735553,45.671765222126396,4.0,B076ZTM2X5
fitsne,5000,1111,22.923623692872837,36.87562082225545,5.0,B01DSSLEHI
fitsne,5000,1112,9.382433397214616,50.10489530356941,5.0,B01BCWKBZI
fitsne,5000,1113,-48.20236362165834,-13.291951418820966,3.0,B00L8O8WK2
fitsne,5000,1114,7.960166761308915,57.040848454436656,5.0,B009NXOKOM
fitsne,5000,1115,-30.60680190695132,46.84250256381645,1.0,B00HCNHH2W
fitsne,5000,1116,7.551262240595188,22.987465728242405,4.0,B004V3Q2YA
fitsne,5000,1117,-23.405150301118233,53.28616368588368,1.0,B0076O2A4C
fitsne,5000,1118,9.851018316891155,47.999228839612435,5.0,B00BXK7LBC
fitsne,5000,1119,3.3651987502862135,49.34897832460734,4.0,B002OB4DC4
fitsne,5000,1120,-12.852257031748055,-9.434984533735376,1.0,B0014FWBBQ
fitsne,5000,1121,8.000619950482884,56.92591151758745,5.0,B0007PN5MS
fitsne,5000,1122,10.426922400345221,29.258968664965717,3.0,B0006G332A
fitsne,5000,1123,40.13949660987831,-29.473056847609776,5.0,B01NBTC7KN
fitsne,5000,1124,21.998489125624097,-54.447637458380335,5.0,B09HRNNQRT
fitsne,5000,1125,-35.88269838365367,-2.8561704563753296,2.0,B08YXY5XMD
fitsne,5000,1126,-17.745439569411957,-18.53931182757601,4.0,B093S4ZDKM
fitsne,5000,1127,40.769742655256,23.591616014331063,5.0,B01DKA81PW
fitsne,5000,1128,42.787444841367105,29.07420810182426,5.0,B08SM7QW5K
fitsne,5000,1129,-2.1000502361237503,-26.34184791350212,1.0,B00198445E
fitsne,5000,1130,-53.48192318105237,-5.838106673376362,5.0,B09R6RKBWY
fitsne,5000,1131,-20.002925465503054,22.09048909817785,5.0,B07QMBY7JF
fitsne,5000,1132,49.740070364114786,15.67708289662077,5.0,B0C9DMZ9DS
fitsne,5000,1133,5.230794652941439,-14.534201827045692,5.0,B078SL6YB7
fitsne,5000,1134,-32.58974749830111,-17.988664793420714,4.0,B07LGM767X
fitsne,5000,1135,-32.20027455744231,-26.10805536180042,4.0,B08J83TR22
fitsne,5000,1136,-12.92203885688554,25.970449852421176,5.0,B07WNYLXM1
fitsne,5000,1137,38.4935167762828,29.690922389440054,5.0,B00ZYLMQH0
fitsne,5000,1138,32.320699682089625,23.942450055776654,5.0,B09Q3NR84W
fitsne,5000,1139,20.396225476938447,-23.01866633321398,5.0,B084H2NHNN
fitsne,5000,1140,32.97387929138738,-1.9361990514383205,5.0,B01B208CLA
fitsne,5000,1141,-16.969747847812574,11.533934829542039,5.0,B07CLBNM1C
fitsne,5000,1142,-50.9511772942492,-17.793276208292383,4.0,B00UAZ5KDM
fitsne,5000,1143,38.94050089724848,39.81992323085123,5.0,B09BQVHBMD
fitsne,5000,1144,54.48873035929772,9.483700543617282,5.0,B01F4SKT08
fitsne,5000,1145,14.2723112090539,-4.149328036202932,5.0,B08J5ZRFRG
fitsne,5000,1146,23.329244771338203,-15.370948979531336,5.0,B07ZHMHH9Q
fitsne,5000,1147,31.75199803399325,-13.398992936781978,5.0,B07LDB7MDJ
fitsne,5000,1148,13.758049772983018,-31.54131793892236,5.0,B09QL59Q12
fitsne,5000,1149,40.31506912002534,-0.5234209974893025,5.0,B09HKP7N83
fitsne,5000,1150,26.15838028114972,-4.452663645323697,5.0,B0BVY5RHRR
fitsne,5000,1151,35.19164852370171,-2.53021006447273,5.0,B07KW59B6C
fitsne,5000,1152,3.6744009231851744,-20.58942107170485,5.0,B09H5NT2C1
fitsne,5000,1153,-25.468022813828327,21.23125122123556,5.0,B09331MCDS
fitsne,5000,1154,-31.405361785191904,-22.933298471437713,5.0,B0C9GQLBF4
fitsne,5000,1155,41.09926600542441,-3.3667666777185263,5.0,B06XSGYL1Q
fitsne,5000,1156,-26.06342625980243,20.139262252957657,5.0,B0B6NS4VH2
fitsne,5000,1157,1.7871720163334557,4.852375949198181,5.0,B011BRUOMO
fitsne,5000,1158,16.85832493414465,-37.438962989470994,5.0,B00MPB9IT6
fitsne,5000,1159,38.032633845900975,29.13928816292104,1.0,B013S0N2OY
fitsne,5000,1160,23.13255750749446,-27.027442477882538,5.0,B0B4BMHPJ2
fitsne,5000,1161,33.729030487018306,-10.077012043860591,4.0,B0BKKW5PF4
fitsne,5000,1162,9.6924849159709,11.291275745595538,5.0,B09PHJ83GH
fitsne,5000,1163,27.310683086569107,10.336775711844947,5.0,B09ZQS1HW3
fitsne,5000,1164,35.842520164976314,-27.118760584528992,5.0,B09XXPCNFY
fitsne,5000,1165,26.99637063467923,20.597792067894865,5.0,B09SLNKQTZ
fitsne,5000,1166,-44.80874291446302,6.7160762933334075,5.0,B07PK6PDL6
fitsne,5000,1167,31.781562160958327,3.6839150864304453,1.0,B09B4XST7Y
fitsne,5000,1168,-12.915859194891128,11.565307818907712,3.0,B09GKYFS67
fitsne,5000,1169,-12.915859194891132,11.565307818907716,4.0,B09GKV31QZ
fitsne,5000,1170,25.405185043353598,23.85323898062218,4.0,B0BSCCQLCY
fitsne,5000,1171,-26.845593574947586,-0.1303791969732937,5.0,B09TNV7Q69
fitsne,5000,1172,-6.90406101099585,4.680529466928424,5.0,B0BPP72J81
fitsne,5000,1173,36.151319653817055,-27.61214244534626,5.0,B097SVMKSZ
fitsne,5000,1174,-20.289040400926016,25.408821477388525,5.0,B099WZQ323
fitsne,5000,1175,-20.288885192182523,25.408721918919493,5.0,B097BFSJ7N
fitsne,5000,1176,9.726922834130809,-41.35258686983634,3.0,B09J96N8YW
fitsne,5000,1177,29.61637558144334,-4.745794583781078,5.0,B08QJKMBFN
fitsne,5000,1178,-20.86391378131879,15.199758372185684,5.0,B08XP6XW63
fitsne,5000,1179,16.179992925192433,13.123827421550802,4.0,B07F6Y9N43
fitsne,5000,1180,-4.199924637496166,2.1834304409049996,5.0,B07H82M1B4
fitsne,5000,1181,7.329945922105127,3.0195602274075246,3.0,B07VF5G3B3
fitsne,5000,1182,-37.83172843027818,-10.31266159751484,3.0,B07YDJGPCN
fitsne,5000,1183,27.207377658577247,18.8306800520553,4.0,B07ZYGVWMH
fitsne,5000,1184,-22.750900868503297,53.61171704818612,5.0,B09TGH81T9
fitsne,5000,1185,31.99864170723232,17.602919327403217,5.0,B07X7MY4ZP
fitsne,5000,1186,54.82844495798864,7.209322354222568,5.0,B07QLQGQ13
fitsne,5000,1187,-13.71515834498932,32.155160278153666,5.0,B07VDHPHZT
fitsne,5000,1188,51.93053422682315,-7.186362517711422,4.0,B0784BCRVZ
fitsne,5000,1189,8.785751243728585,-10.23482945620327,5.0,B0BYYQNJ3H
fitsne,5000,1190,-35.58891514155739,0.7113573105851309,5.0,B008S08HJ0
fitsne,5000,1191,-19.93115031029936,28.255101713704608,5.0,B0C5PHZ4QS
fitsne,5000,1192,-13.166333388102382,21.59965692040109,5.0,B01NBF0ZZ9
fitsne,5000,1193,23.387827586480963,-7.524055676840351,5.0,B00JO6RO8C
fitsne,5000,1194,-43.16950982606342,7.801635863284065,5.0,B00BJ2MC0E
fitsne,5000,1195,24.857972781713467,9.370992738422236,5.0,B018SZT3BK
fitsne,5000,1196,39.85136190436182,0.7457799667704489,5.0,B01LY0G6UP
fitsne,5000,1197,23.125782902994352,-7.399323487401377,5.0,B00XQAKHMW
fitsne,5000,1198,6.772847577032405,43.84716528814179,4.0,B07BMHSL19
fitsne,5000,1199,59.701204892337465,11.252960183990734,5.0,B01G7QDWB4
fitsne,5000,1200,-38.81739831278132,-11.899065956481659,5.0,B00IPSC6F6
fitsne,5000,1201,39.97922942673039,23.587842990608,5.0,B00M1C82VY
fitsne,5000,1202,-38.97106971916522,-12.278591437259328,4.0,B00OPVJ0JW
fitsne,5000,1203,-46.906335889195205,-14.214810783054572,4.0,B000O8WE66
fitsne,5000,1204,25.060790942975135,7.48703568586084,5.0,B00154JDAI
fitsne,5000,1205,10.44316556557362,28.908711914812574,5.0,B0002OD3JY
fitsne,5000,1206,-19.803668191019685,-42.52737278307356,5.0,B00005JLS3
fitsne,5000,1207,-29.914410934829164,-21.459486059195548,2.0,B07GC8NMB8
fitsne,5000,1208,31.781075749757427,6.583111836421271,2.0,B019F6P5AY
fitsne,5000,1209,20.229718457425864,-11.244441737380686,4.0,B00OUXHL8C
fitsne,5000,1210,6.69456482072979,-43.21713683657026,1.0,B08K2S5B88
fitsne,5000,1211,6.682070704360299,-43.20613703051873,1.0,B07C5J2WWD
fitsne,5000,1212,-11.660526540023346,-36.648676715496336,4.0,B00OUXHMCW
fitsne,5000,1213,-9.56426499506134,-44.599190948803475,3.0,B0C6J534BX
fitsne,5000,1214,-11.497718882204005,16.43219722100933,4.0,B0BS6KLLT1
fitsne,5000,1215,-41.75097576222449,-1.082175465801569,3.0,B07VXP6FKN
fitsne,5000,1216,-1.0215855035015318,-6.853896794428048,5.0,B082DT8YZW
fitsne,5000,1217,11.066626042806256,-46.6580224858381,5.0,B00OUXHOGG
fitsne,5000,1218,11.223849120811812,-7.921315247863231,3.0,B07PC39CTK
fitsne,5000,1219,-6.198114086077014,-33.92850588820777,5.0,B07SJ8L4M3
fitsne,5000,1220,45.89402447758033,-18.506091774435003,3.0,B07F7TDK2S
fitsne,5000,1221,-33.11842798305595,5.986267357958887,5.0,B00KXTZ3BE
fitsne,5000,1222,-5.28624516509725,-44.924708858283516,4.0,B019WJROSK
fitsne,5000,1223,-1.213635761307396,-6.52436010488257,5.0,B0756SFQR1
fitsne,5000,1224,19.9217370345333,34.95518557085204,5.0,B07KKKBXG4
fitsne,5000,1225,-45.034825660169076,-18.538567311138156,1.0,B084D7CMKC
fitsne,5000,1226,-8.59268129929563,-21.991466872705132,1.0,B0C163NSMW
fitsne,5000,1227,31.256504520885937,-38.197344651505865,3.0,B0BTSVTK32
fitsne,5000,1228,-19.255536140686523,18.040743596914204,1.0,B01N9P860N
fitsne,5000,1229,-19.992718203406465,19.40236662066659,3.0,B08XQ41Z1H
fitsne,5000,1230,-20.26736564085294,-23.61742073002926,5.0,B0C1J4XGB1
fitsne,5000,1231,11.354906263767623,-32.14911123064059,5.0,B0C6M7FY32
fitsne,5000,1232,-41.755568225866185,-44.28495198545999,3.0,B00KY59Q3I
fitsne,5000,1233,-41.761283101043574,-44.35758551574233,4.0,B016YBEBG2
fitsne,5000,1234,-31.09462409096199,30.401995278021744,5.0,B08KRKTXH9
fitsne,5000,1235,-29.77421861187933,30.452839622745046,5.0,B013JMOTXO
fitsne,5000,1236,-37.15024790800109,-4.520127258956943,4.0,B01MUXYVOA
fitsne,5000,1237,-49.85027934769342,17.475022980313074,5.0,B0CF1VPN1J
fitsne,5000,1238,-48.83035479504778,17.123522274562433,5.0,B0BMKD7JF8
fitsne,5000,1239,29.302239190214852,0.8407929797358743,5.0,B07ZDJF4XB
fitsne,5000,1240,19.074714136070114,28.910697824513765,3.0,B07GTJC9XM
fitsne,5000,1241,11.851336516699915,-36.719444441645344,5.0,B00N23J4LI
fitsne,5000,1242,35.086184324292375,-4.826926433618627,4.0,B07VN6JCNZ
fitsne,5000,1243,27.045656413534008,-33.18333453531872,5.0,B01GL6WZA4
fitsne,5000,1244,-25.648842293916793,21.026994326869488,5.0,B0BPM2XF22
fitsne,5000,1245,-13.726201830915274,-35.44765189895663,1.0,B071HNJX6Q
fitsne,5000,1246,-30.899455193932965,-37.388433840830814,2.0,B000I4RMOU
fitsne,5000,1247,-42.50581061417485,-40.208367199380255,1.0,B00DW1X5JC
fitsne,5000,1248,10.104028984896205,51.19783774644473,2.0,B081Q8JHJQ
fitsne,5000,1249,-6.395463121523377,5.873389991891346,4.0,B00M5D2P4Y
fitsne,5000,1250,-6.466246422788009,5.9774834495799505,4.0,B07QCRCP2R
fitsne,5000,1251,23.63091720646418,-37.28334445733998,5.0,B09MTSLT2T
fitsne,5000,1252,-3.0634354979658123,-40.81267744744726,5.0,B008TUQ7SC
fitsne,5000,1253,16.71554591039631,13.895170770018177,3.0,B0BGK3Y8VY
fitsne,5000,1254,31.34345118342006,11.079050853543864,5.0,B07Q14H7BZ
fitsne,5000,1255,-9.242867779023424,16.372212495084526,1.0,B084HM5WG1
fitsne,5000,1256,60.484746047714225,-0.5466541910406154,5.0,B0C49KQRX4
fitsne,5000,1257,-33.70267973347953,-19.45774962941509,4.0,B0BW4PFM58
fitsne,5000,1258,12.698717914053235,1.0788321681455881,5.0,B087CHS5Z9
fitsne,5000,1259,30.480505964997608,-30.640693297237,5.0,B07ZN4JZYH
fitsne,5000,1260,11.94473214148384,-12.143213345475212,5.0,B015FY0SSO
fitsne,5000,1261,2.8775644508457896,-48.43640377461419,5.0,B08421KFJX
fitsne,5000,1262,-6.090891848354937,-45.30931960393856,5.0,B01K8B8YA8
fitsne,5000,1263,60.998795281746006,2.837492826518324,5.0,B0C5PHZ4QS
fitsne,5000,1264,15.336649251119116,-48.867546290531635,5.0,B01LXZZVKP
fitsne,5000,1265,-32.778983571256695,29.122161926093494,1.0,B0BSS1WJ4D
fitsne,5000,1266,-25.002984554742856,-1.086635865841126,5.0,B07VXXBTX4
fitsne,5000,1267,12.29265089279906,-16.933023082386594,5.0,B07H8WS1FT
fitsne,5000,1268,31.38216964510097,26.40042929309077,5.0,B08HN4345K
fitsne,5000,1269,45.80204422077227,-18.218276772426066,4.0,B09WHPJZD3
fitsne,5000,1270,-15.604423135939276,-13.987331004713367,4.0,B0B3VDGR74
fitsne,5000,1271,26.588667072343476,36.62134721275952,1.0,B0B4F9H4DF
fitsne,5000,1272,7.91208962781306,47.77804918045913,3.0,B00INKHXY0
fitsne,5000,1273,-17.72370935832053,30.63210087702768,5.0,B09XQ1P16Z
fitsne,5000,1274,7.671656836512832,-15.74455351477909,4.0,B07FD3YXKR
fitsne,5000,1275,4.748877010336045,27.988341699610142,4.0,B07BGTKP34
fitsne,5000,1276,-40.021403308387704,22.89167491840739,5.0,B09WTY19L9
fitsne,5000,1277,5.198818521838723,-10.706670346922383,4.0,B07G6XRZJ7
fitsne,5000,1278,2.787123480900494,-20.15375543961589,4.0,B07DGV6LY8
fitsne,5000,1279,-2.906310766877004,-13.505614952765512,4.0,B07JKPCPF8
fitsne,5000,1280,-50.23865244843545,-29.68418646628604,5.0,B07J4RVYHX
fitsne,5000,1281,-34.12439506299003,-36.21848415679974,4.0,B07FC9BNQL
fitsne,5000,1282,-15.831285596993897,-29.058165852084567,5.0,B08P6S2757
fitsne,5000,1283,-40.04650866861989,22.93802133535019,5.0,B08J42GSW6
fitsne,5000,1284,7.858501570777468,48.26285061164063,3.0,B0B1TXQSBV
fitsne,5000,1285,26.301592059578308,20.292185340731542,4.0,B07H1B8LQV
fitsne,5000,1286,-22.259061325489096,28.08629882704355,4.0,B07H3V77T7
fitsne,5000,1287,4.42414965864569,25.00725410509447,4.0,B07CWJCBJ7
fitsne,5000,1288,57.726924110191156,10.145741364888979,5.0,B0B2QVW1ZV
fitsne,5000,1289,46.96398462959684,13.02967802774126,5.0,B07TX777BZ
fitsne,5000,1290,41.533058459652516,23.77735727634013,4.0,B085ZTR62L
fitsne,5000,1291,-22.481153895354637,28.472123350342972,5.0,B08BC9J8QQ
fitsne,5000,1292,41.98306049400855,15.661627403125621,5.0,B082W1SWKC
fitsne,5000,1293,-16.370215246942614,24.20444863805437,4.0,B077HNPLHZ
fitsne,5000,1294,17.088711726768913,5.4852702145808845,1.0,B083JG42ZG
fitsne,5000,1295,12.551936499175373,12.670947247297638,4.0,B07YKGXRKH
fitsne,5000,1296,-8.741864342945767,24.63984469550995,4.0,B086QKZHDY
fitsne,5000,1297,38.96062933550822,-1.8467182778684377,4.0,B07ZYH9R2C
fitsne,5000,1298,-19.663888936161854,3.644901928223163,4.0,B07DGFBLCX
fitsne,5000,1299,-8.550847202912749,45.40128997525507,5.0,B0764GBNX2
fitsne,5000,1300,42.34318156055204,40.160164290929714,5.0,B07NR78GS6
fitsne,5000,1301,-21.545760578683435,23.454322282788215,3.0,B085N11H5T
fitsne,5000,1302,-10.814857856990361,27.01991155180441,4.0,B07PTYNGCV
fitsne,5000,1303,46.471075175522174,11.640073026001234,4.0,B07SZ8Z734
fitsne,5000,1304,-22.511329614542433,11.221483030205832,5.0,B07PMK7WVC
fitsne,5000,1305,51.5811951990238,4.019497898786428,5.0,B07M8JKBY5
fitsne,5000,1306,11.58746015286849,9.088119998864697,5.0,B0B614JJWR
fitsne,5000,1307,-45.592697205883766,-35.73171995884962,5.0,B075QLZYD6
fitsne,5000,1308,-11.797015672142422,19.16573316239758,5.0,B07H59Q7LG
fitsne,5000,1309,-24.840037227618428,-33.99483127564186,4.0,B073RZSTGL
fitsne,5000,1310,30.13659101903837,-22.648982209989057,5.0,B01LZFDA8E
fitsne,5000,1311,17.713754451221618,34.260828394070465,4.0,B07659Z1QM
fitsne,5000,1312,-9.093524175960686,24.669391813460297,4.0,B07YLQBC4B
fitsne,5000,1313,-26.912871779928057,-28.710120658677244,3.0,B074QQQ51L
fitsne,5000,1314,7.3080461497854525,4.32410022987604,5.0,B07JPYR7XJ
fitsne,5000,1315,-40.284840773087346,-35.823227713587734,4.0,B082SW81WD
fitsne,5000,1316,-37.68882375698126,-39.16732412814944,5.0,B07JW2S287
fitsne,5000,1317,-38.977859695917346,-18.473896277771654,2.0,B0BXLCC4V6
fitsne,5000,1318,31.46101624160529,22.752414603259982,3.0,B0C25CVMJS
fitsne,5000,1319,-34.808763887734905,-27.123035182062292,3.0,B078LHSFHC
fitsne,5000,1320,-33.41220782262782,49.40887423326429,3.0,B074F3M2W8
fitsne,5000,1321,-5.884293882268736,21.760992990027777,1.0,B019XE45I6
fitsne,5000,1322,-37.42405571021257,-38.05919019715136,2.0,B071XNVKBM
fitsne,5000,1323,-41.73604463608021,-36.251533017147594,4.0,B00H36UL5I
fitsne,5000,1324,17.60069327413881,24.08664719732975,5.0,B0755PDKCN
fitsne,5000,1325,-33.71152377989591,-18.163959904959754,5.0,B06Y2M9FNC
fitsne,5000,1326,30.78805093239389,2.566963736156645,4.0,B09YYX736L
fitsne,5000,1327,56.414204935871595,4.682762315595604,5.0,B07VP6W2RF
fitsne,5000,1328,26.725800575385048,20.194876202057607,5.0,B01LQX0P8Q
fitsne,5000,1329,-43.99812707473086,-32.859799599773886,5.0,B01N6YGQLJ
fitsne,5000,1330,11.388178922816486,30.916811085754865,4.0,B01N8UG7HA
fitsne,5000,1331,21.987644454499332,41.22908955839851,4.0,B01K1INXJK
fitsne,5000,1332,-45.32113520348094,6.302200744818827,2.0,B01DA0YCNC
fitsne,5000,1333,-31.381871298555936,47.092905718494215,5.0,B09LYWCHJX
fitsne,5000,1334,-3.857144099901394,45.79119877887575,1.0,B01I4PKSZE
fitsne,5000,1335,21.988410253923163,41.17514592838224,4.0,B01HNBLHAA
fitsne,5000,1336,8.342918953054335,38.889386614978946,5.0,B01LXHZLY7
fitsne,5000,1337,-38.71919711399617,5.8002146359685645,4.0,B00YY3XSSA
fitsne,5000,1338,-43.637145948502834,-6.394465724431099,2.0,B00U0WUGXO
fitsne,5000,1339,22.80677006517776,13.788432948440876,2.0,B00NGK93AE
fitsne,5000,1340,-32.25895243319564,49.23027321368452,4.0,B00KATWRIY
fitsne,5000,1341,58.11752418440599,10.777091071463492,4.0,B01CHQ8F1K
fitsne,5000,1342,-32.34640429395615,-13.268190291643577,4.0,B00K4WAB30
fitsne,5000,1343,-13.231628272060323,11.673020220908846,4.0,B00IM3P8GS
fitsne,5000,1344,32.55076010067203,6.432744490842441,4.0,B00ECERJTA
fitsne,5000,1345,34.82014978247663,6.656299753899341,4.0,B00EUFP6WI
fitsne,5000,1346,25.898236331690015,8.046445800445266,4.0,B007OZNUCE
fitsne,5000,1347,30.219004280556135,-12.388818358477677,5.0,B00BGIQRDE
fitsne,5000,1348,-32.734138157880246,-7.667600354334647,1.0,B007GR44PM
fitsne,5000,1349,32.04438401546626,17.38166186123579,1.0,B00B5YER7M
fitsne,5000,1350,0.5355045266152598,32.0993856099152,2.0,B00AITG3NQ
fitsne,5000,1351,32.51886005591437,9.131272456482636,3.0,B008ULPBJG
fitsne,5000,1352,8.10607054849872,9.959224949697468,5.0,B005DEP2AG
fitsne,5000,1353,17.61488399856651,5.023082425241805,4.0,B006W3ZV6W
fitsne,5000,1354,7.384525664949544,26.082130719795092,3.0,B004HO58KC
fitsne,5000,1355,7.952584840530558,57.17018193957929,5.0,B0015ACUKC
fitsne,5000,1356,-48.37839363268126,-26.685671636276457,4.0,B005JXAEGS
fitsne,5000,1357,-38.63896235367556,-6.527024665162095,3.0,B003YKG86S
fitsne,5000,1358,-23.06977440187016,-12.078331733786852,2.0,B001IAX9AE
fitsne,5000,1359,-25.75597216961045,-1.864381277583597,5.0,B07PDHSLM6
fitsne,5000,1360,-2.716767599527896,46.939662282057114,5.0,B01MXXQKGM
fitsne,5000,1361,19.549968190726318,35.87628156478979,5.0,B0BVR7B323
fitsne,5000,1362,-42.184433667730424,-33.10265842656298,5.0,B09F9FKWCC
fitsne,5000,1363,13.447015208820888,23.115845845698612,5.0,B09YM4K17L
fitsne,5000,1364,39.536433067078846,-7.67725127875764,5.0,B081GM5BCH
fitsne,5000,1365,-0.9622985275590628,-20.783706170269934,5.0,B0B2JWCMCY
fitsne,5000,1366,-39.915659732274044,-40.80157115882454,5.0,B07HLTDQ7B
fitsne,5000,1367,11.574435740296904,-43.94773936759263,5.0,B01F26T1JW
fitsne,5000,1368,31.20543588282907,12.968745017280815,5.0,B006ZT4VA0
fitsne,5000,1369,-6.9509843769122615,-43.96117833640391,5.0,B00XJN2T2W
fitsne,5000,1370,0.4791412953195162,-36.60022326505136,5.0,B00404SUZ4
fitsne,5000,1371,5.712655798276118,-19.3897725554122,5.0,B0CF6479D8
fitsne,5000,1372,-5.622739803888521,-12.326713397776016,5.0,B07RWJNZMZ
fitsne,5000,1373,-5.777070594636114,-33.60346111112317,5.0,B07KNLXQ2S
fitsne,5000,1374,-33.659829002181176,-21.785163494089897,5.0,B01M4R72FX
fitsne,5000,1375,11.710750733559781,-30.95122970358514,4.0,B07FTSFGXH
fitsne,5000,1376,2.250211119532219,-32.5337768351104,5.0,B01MTF91W6
fitsne,5000,1377,1.9616347383457988,-33.011841196743326,5.0,B074N2QSZT
fitsne,5000,1378,2.9766192767820114,-21.11859075138118,5.0,B00YOP4DSW
fitsne,5000,1379,26.894628188115565,-45.00238823956341,5.0,B01KIOU214
fitsne,5000,1380,16.726547512623064,-21.80684297271036,5.0,B0B11P89KH
fitsne,5000,1381,23.47342972671698,-44.438956803417,4.0,B004HBK4T0
fitsne,5000,1382,8.773614612179893,-51.43925629718232,4.0,B0089W5NKI
fitsne,5000,1383,23.300462462334295,-44.44596756812916,4.0,B07Q1JVCTS
fitsne,5000,1384,27.88571192129239,-45.397088453676744,4.0,B004X8AKDM
fitsne,5000,1385,26.946103336896677,-45.27340569840807,4.0,B0054L7FVW
fitsne,5000,1386,3.900570196361063,-46.20390711116857,3.0,B001RJXTNI
fitsne,5000,1387,6.519857302504429,-38.032745055063046,1.0,B007UZCIBW
fitsne,5000,1388,-4.282480091792766,-29.965392889827594,2.0,B003VANOFY
fitsne,5000,1389,25.561756057875446,-44.191755178277006,5.0,B0108LX660
fitsne,5000,1390,-6.382942487847367,-17.732424835941718,4.0,B08SHVBZ8M
fitsne,5000,1391,14.319265422619962,5.29151255051097,1.0,B0C7K8RKCG
fitsne,5000,1392,-40.00062377307994,-29.36515714577279,3.0,B07BW245J3
fitsne,5000,1393,15.838984304491472,4.158142258448337,5.0,B0BTTB89J3
fitsne,5000,1394,-16.335619259048265,-28.070996300426085,5.0,B09T3921MQ
fitsne,5000,1395,-16.619174050447196,-12.209910237266358,4.0,B092VHZ5LX
fitsne,5000,1396,-49.33342995567707,-32.05404527160247,3.0,B08KDX5H5Z
fitsne,5000,1397,-34.51033357667694,4.650402178685284,3.0,B08BH87FPJ
fitsne,5000,1398,-47.34138180486934,-33.63870773940391,5.0,B07W6N4HNP
fitsne,5000,1399,22.852223958635776,-16.25867283056864,1.0,B082D1RRVF
fitsne,5000,1400,14.516852299764029,5.110697224249546,1.0,B0881XYVRY
fitsne,5000,1401,-25.331871308183626,18.064949591069734,5.0,B0184S7U7A
fitsne,5000,1402,-13.45650434584988,-36.547138913177896,5.0,B01MXWN6UF
fitsne,5000,1403,4.767946040149137,14.650981573014995,1.0,B072R4ST2Z
fitsne,5000,1404,9.28871679055351,-4.521529191654778,1.0,B07VKQ58ZF
fitsne,5000,1405,1.2234771646402316,28.698320459044307,1.0,B07NGK5564
fitsne,5000,1406,36.728674117154185,31.05543791282474,1.0,B00MULE6KW
fitsne,5000,1407,9.741557689202624,-23.987292197040116,1.0,B08SGSYLZD
fitsne,5000,1408,25.32683829179524,28.79068173389694,5.0,B0122ZKEYC
fitsne,5000,1409,16.043826169011968,4.3680789495825385,1.0,B07DNGZQDZ
fitsne,5000,1410,15.794393253123104,4.337350952768614,4.0,B00KB8CHU2
fitsne,5000,1411,40.43492097040122,38.89892372539369,4.0,B00DPC015E
fitsne,5000,1412,-12.865604979675348,-17.66318157014959,5.0,B00ZGF40QO
fitsne,5000,1413,-41.74478033437975,-38.68193741546022,1.0,B00AVLOHJ8
fitsne,5000,1414,3.506021806859668,-44.562321714035846,5.0,B09ZV66F82
fitsne,5000,1415,-29.340503926845923,6.265418017115486,5.0,B08WJSHSLC
fitsne,5000,1416,38.85127023606997,39.985669415780286,5.0,B0BV2YBX3Q
fitsne,5000,1417,11.921501045111693,51.396380431191226,1.0,B0BM3JL7K4
fitsne,5000,1418,-29.115368537691992,-30.90094385084785,4.0,B002MRMCKU
fitsne,5000,1419,40.9763522211065,-5.913844331354655,4.0,B0BK5PPJX7
fitsne,5000,1420,-27.046609705473838,-0.13395730135765022,5.0,B07KTYJ769
fitsne,5000,1421,-1.6536584143393607,27.011974074483053,3.0,B0971YMVC8
fitsne,5000,1422,28.037782538576,-12.781433901024842,5.0,B09D2WWSLG
fitsne,5000,1423,3.9462751555218065,-26.236611924882716,3.0,B08YNPQPR8
fitsne,5000,1424,-23.139242253299802,-8.339519964748241,5.0,B08YFJYD5Z
fitsne,5000,1425,-0.5134920138470275,-32.280331248414996,3.0,B086KVFX57
fitsne,5000,1426,0.693311493264237,-38.9710389137761,5.0,B07RXXNDXD
fitsne,5000,1427,1.1920247375147364,-42.05731897292356,5.0,B01N44JBS4
fitsne,5000,1428,-0.7779418531300851,-42.96820793869587,5.0,B00JKQK9JW
fitsne,5000,1429,16.05501396262187,-21.454410958049017,5.0,B00H89DJ1S
fitsne,5000,1430,30.13055848858879,-6.241971073005734,4.0,B01B9OO1CS
fitsne,5000,1431,10.338308423574285,-22.148265922708017,5.0,B003ZDLATE
fitsne,5000,1432,3.133821699868386,-42.68336960442216,5.0,B01JZ8Z7C8
fitsne,5000,1433,30.296475551261906,-29.84157953700976,5.0,B09Y54MQWT
fitsne,5000,1434,16.720299954581435,-37.229399750067316,5.0,B003UVZG0U
fitsne,5000,1435,23.115037780720574,-51.66605779172778,5.0,B000067RPU
fitsne,5000,1436,-26.080690251894573,-35.22899604700889,1.0,B0BRKBTGRS
fitsne,5000,1437,-6.995639324783113,-17.680191009016326,4.0,B08T1D4K9Z
fitsne,5000,1438,44.71131364015931,8.692464183310783,2.0,B07NL2S9QW
fitsne,5000,1439,-35.445390261344016,-30.02309698658179,4.0,B01LNJPR72
fitsne,5000,1440,61.437399913906546,1.9718007063622163,5.0,B07FL447HM
fitsne,5000,1441,-42.184538524079066,-37.12303886752313,5.0,B07S764D9V
fitsne,5000,1442,49.47988258067644,-14.013079572372341,5.0,B07PXB3VR5
fitsne,5000,1443,23.894990290019766,13.354766075575553,3.0,B07PHQ93TV
fitsne,5000,1444,-10.963652501944877,9.550945508929301,5.0,B07DGRR6G2
fitsne,5000,1445,-2.259432510165572,-41.40726920335975,5.0,B07JR4MVGH
fitsne,5000,1446,12.342097372390146,-2.7685605126650703,5.0,B09Y5N3H8S
fitsne,5000,1447,-23.18081803381811,-14.043101081223108,4.0,B09KXR45WK
fitsne,5000,1448,40.764830464624595,40.376922603415736,5.0,B07RQL8GJ6
fitsne,5000,1449,20.00205836758915,-18.397591828382765,5.0,B07BFCVJZC
fitsne,5000,1450,59.29144791677273,4.370215752631589,5.0,B08HRLQNY3
fitsne,5000,1451,-31.53069859397518,-35.87707606609002,5.0,B0BTDWQMNL
fitsne,5000,1452,17.011645608490443,-6.686843925948732,4.0,B0BPC2MJ2X
fitsne,5000,1453,-21.913824165765682,-17.047914767889345,5.0,B0BVFV4CWS
fitsne,5000,1454,59.90006809584084,5.742107679612016,5.0,B0BG3G3S9H
fitsne,5000,1455,57.606130383254815,6.492369359794787,4.0,B0C54G93XF
fitsne,5000,1456,-17.20017598012345,-13.93800318733871,4.0,B09W8WWNBB
fitsne,5000,1457,-33.64991936305673,11.278239606478245,5.0,B0BG465CZK
fitsne,5000,1458,-13.107142923431365,21.09903232030987,5.0,B0B4R636FH
fitsne,5000,1459,-22.41803909471777,34.20871917100463,5.0,B0B9NR6CHX
fitsne,5000,1460,-28.04208250878238,30.595471840100586,5.0,B0BRPBX6N8
fitsne,5000,1461,-27.25283782880064,29.170828737296006,5.0,B0BRPBX6N8
fitsne,5000,1462,-42.19618671360003,-31.72749713278505,5.0,B09SFTSMXM
fitsne,5000,1463,18.080748309037848,-6.503688832454549,4.0,B0B38N74WZ
fitsne,5000,1464,18.115962945595232,-4.9519998147932025,5.0,B0B5PNM6WN
fitsne,5000,1465,18.539519756546188,35.92158043091969,5.0,B08623SZH9
fitsne,5000,1466,-15.67792320637821,30.872722177018566,4.0,B09YVBF9Z9
fitsne,5000,1467,15.275361639205558,19.658876413697925,4.0,B09WTG9JBT
fitsne,5000,1468,-22.885116305876178,33.46585054215149,4.0,B0BWDNJVJY
fitsne,5000,1469,12.667380104627535,33.31955553087787,4.0,B09WWZ4193
fitsne,5000,1470,-33.19097088234136,-5.251890191076949,4.0,B0C74JJ9Z3
fitsne,5000,1471,25.194090222210246,15.059158507869283,5.0,B09MKXV23H
fitsne,5000,1472,-20.86082757597221,-17.4159941259345,4.0,B09SPJGPVQ
fitsne,5000,1473,39.232540780672096,39.501660717403745,4.0,B0BBBVW58J
fitsne,5000,1474,48.89606712414613,11.170084441074941,5.0,B0BDVTCDDC
fitsne,5000,1475,36.58964154530987,-26.78234981774052,4.0,B09VKPQBD1
fitsne,5000,1476,36.850029532697285,-26.465219816393063,3.0,B09SF1ZTF6
fitsne,5000,1477,26.08096017578148,10.045490864134385,5.0,B09TN3N4F2
fitsne,5000,1478,36.018476777356945,-26.51211412503893,4.0,B09T9CCD6N
fitsne,5000,1479,6.04312912668421,29.128901218515466,5.0,B0BC8MC7PY
fitsne,5000,1480,60.54066424143074,3.720941500250736,5.0,B0BXYBTYFV
fitsne,5000,1481,15.86594202437222,19.472818591251638,5.0,B0B73NLLC1
fitsne,5000,1482,18.81895614436347,35.7843225523012,5.0,B09JSJNMNT
fitsne,5000,1483,23.044983532324377,37.02219469865918,5.0,B09PBPXVTP
fitsne,5000,1484,16.236538807513398,19.45844365929411,5.0,B09NKT74SB
fitsne,5000,1485,-44.66554470019304,-27.221989974969556,4.0,B09YXK3QDQ
fitsne,5000,1486,-23.455735315130372,30.240976331707053,5.0,B09KTTN3M7
fitsne,5000,1487,37.223692681114684,-26.7789217633409,4.0,B09LLMFTKZ
fitsne,5000,1488,40.44560949831123,32.50543476483002,4.0,B0BK4XYBVK
fitsne,5000,1489,-47.178060796730776,-39.69865522346614,4.0,B0BGZ2SFMH
fitsne,5000,1490,-41.9518829891781,-32.97816148150813,4.0,B09PC48LDS
fitsne,5000,1491,-13.307833141682023,31.240676226294863,5.0,B09NRFZF1G
fitsne,5000,1492,-22.982911416711044,27.455279472281628,5.0,B0BYYGZHG5
fitsne,5000,1493,41.653381692363105,29.68988492694535,5.0,B09KC4MVRF
fitsne,5000,1494,34.43843948488824,38.50055387743227,5.0,B09NVBBPRF
fitsne,5000,1495,40.32446027012962,27.381671915295037,5.0,B0B15CWFS2
fitsne,5000,1496,-13.28845535322412,21.226777354434034,5.0,B09JLYPDRY
fitsne,5000,1497,36.88056098359994,-26.836898801569017,5.0,B09K5XSJ32
fitsne,5000,1498,4.815040261414251,23.10894643557987,4.0,B0B7B9ZS19
fitsne,5000,1499,4.75817865981671,23.1743650445543,5.0,B0BTYLH7Y2
fitsne,5000,1500,-3.945065144403538,24.739216299276357,5.0,B09JRV9PP4
fitsne,5000,1501,17.614065842951067,-6.15929812580781,3.0,B0B19SL9TF
fitsne,5000,1502,-38.08583327326495,-35.32356619864437,4.0,B095PNFDKR
fitsne,5000,1503,-46.59169558879609,-32.27796296499576,5.0,B09HJD942X
fitsne,5000,1504,-4.300156705669899,1.9984861851437061,5.0,B08SJC9KG5
fitsne,5000,1505,-42.94893304615255,-19.344697985304766,4.0,B0931QN643
fitsne,5000,1506,40.375928522697215,38.892911345812855,5.0,B094J6VY97
fitsne,5000,1507,8.960478401410647,48.974751675130136,5.0,B09HLCMJZQ
fitsne,5000,1508,-31.730437620000128,-31.129858689643136,5.0,B0BYF74D2Z
fitsne,5000,1509,-42.52483135152693,-19.261517769761042,4.0,B091PYQHZD
fitsne,5000,1510,54.66184125112607,-1.55445110002545,4.0,B09647HCRZ
fitsne,5000,1511,-15.128979463480796,33.233482526901625,5.0,B093GQ4CB7
fitsne,5000,1512,-13.116678194705873,21.20432269415073,5.0,B092DCJMXF
fitsne,5000,1513,54.68181879223806,-1.513295214364953,4.0,B094Q98CNJ
fitsne,5000,1514,-14.821445679113358,33.19245717456447,5.0,B07DNG9XSZ
fitsne,5000,1515,-13.128342278173788,21.25832738891812,5.0,B091F2TVMT
fitsne,5000,1516,56.13430305514223,8.438086886570648,5.0,B0B85V929L
fitsne,5000,1517,18.045516612682746,-5.377071325942372,4.0,B09BFKS9WQ
fitsne,5000,1518,18.083010453690946,-5.510616869628706,4.0,B091YJ34CX
fitsne,5000,1519,7.9836613837432475,4.743443393157513,3.0,B08ZCKJ299
fitsne,5000,1520,35.92661323824778,-26.567591071397167,4.0,B08ZSM5Q7W
fitsne,5000,1521,-28.332015059365265,29.435170117139624,5.0,B08QHSM2NH
fitsne,5000,1522,18.449277791519947,-6.758682746055054,5.0,B08PK9VS8F
fitsne,5000,1523,19.21172249716198,-4.89199782041344,4.0,B08RS42VC7
fitsne,5000,1524,19.49710889329242,-6.856543142565128,5.0,B08PKBTC76
fitsne,5000,1525,18.74741673643777,-6.7483176480103415,4.0,B08RDX61MZ
fitsne,5000,1526,7.514059740387703,3.8316906442005214,5.0,B08B3XRQPN
fitsne,5000,1527,37.3778300855619,-26.743206560043806,4.0,B08MYTBRY2
fitsne,5000,1528,18.10306713645416,-6.000400786963912,4.0,B08NXC2F9R
fitsne,5000,1529,18.05572732672698,-5.878861032317106,4.0,B08ML79GYD
fitsne,5000,1530,36.92549990382481,-27.514041473600642,5.0,B08NX1KL65
fitsne,5000,1531,18.23222156186774,-4.950980697777612,4.0,B08JCF4VWG
fitsne,5000,1532,-12.892042227562266,31.34487169005788,4.0,B08L36JTQT
fitsne,5000,1533,39.395215036786254,-26.61413473232233,5.0,B08J3CPG5G
fitsne,5000,1534,15.03460665517734,17.0785878535445,5.0,B0899WBQ3S
fitsne,5000,1535,37.63773750038045,-27.273156869830284,5.0,B08L5HLN61
fitsne,5000,1536,36.920495521842305,-27.564279382610152,5.0,B08H5P93R4
fitsne,5000,1537,8.794087394979089,49.26817676402496,5.0,B09HRKD9F7
fitsne,5000,1538,-41.081839300214135,-32.961359844216226,3.0,B08DCRJPHP
fitsne,5000,1539,23.789043325322833,40.331893597637325,5.0,B08G5F3X8F
fitsne,5000,1540,6.079890270108555,20.670394445665544,5.0,B07XRV8428
fitsne,5000,1541,37.9575971262013,-27.3274945872338,4.0,B08GFY98KX
fitsne,5000,1542,6.023334790651672,20.659541246905945,4.0,B0C5YP4GDQ
fitsne,5000,1543,-11.733257247590483,17.290560075501872,4.0,B089SM95C2
fitsne,5000,1544,-26.824350762774074,28.670346318625384,4.0,B08BK48TW5
fitsne,5000,1545,19.1938662881074,35.743522690637214,5.0,B087N4LQPN
fitsne,5000,1546,14.288649013639962,23.733651952444603,4.0,B0856481P2
fitsne,5000,1547,-0.28784365892645414,8.074360229306574,4.0,B087CY4XQH
fitsne,5000,1548,-35.7714416511831,7.311160456616662,4.0,B089DF8FWN
fitsne,5000,1549,42.503378428730535,17.35541176702996,4.0,B082W1CBDC
fitsne,5000,1550,-43.39471978273347,-31.73224372055635,4.0,B09JZZMQNN
fitsne,5000,1551,-39.069888485436245,28.61038619514373,4.0,B07TGD2F8B
fitsne,5000,1552,37.24885289000049,-26.523988765706864,4.0,B082SX4MG5
fitsne,5000,1553,8.748175051483274,47.12103640460883,4.0,B0C3M91B2C
fitsne,5000,1554,-13.316144598278294,30.5936594359775,4.0,B07YXVWHFG
fitsne,5000,1555,9.347017433084838,47.1311633409964,5.0,B0C8SS7HML
fitsne,5000,1556,-5.694138612168534,21.621844720131033,4.0,B082TQXKHN
fitsne,5000,1557,37.495939111336554,-27.839024882684893,5.0,B0831N3T39
fitsne,5000,1558,36.525004457584366,-28.39525107105548,4.0,B082KQBRKJ
fitsne,5000,1559,36.68377297781814,-28.003520565436855,4.0,B082KPTZKX
fitsne,5000,1560,-14.187460628455803,29.50733697026598,4.0,B082PFDSRT
fitsne,5000,1561,36.57504401091457,-28.638568159915007,4.0,B0838FF88L
fitsne,5000,1562,36.48623728859967,-26.960761323300265,4.0,B09CGWWR1H
fitsne,5000,1563,37.15110813996781,-27.336588214368803,4.0,B082PP61YH
fitsne,5000,1564,-27.038021113813905,28.446324740520357,4.0,B081VZ5ZTZ
fitsne,5000,1565,-16.027199756571655,31.758576941111908,5.0,B0B751K1LV
fitsne,5000,1566,37.61009628314961,-26.24641645313737,4.0,B0823DQ3YW
fitsne,5000,1567,33.037947222483666,-12.686157336291204,4.0,B078Y5VWBT
fitsne,5000,1568,-45.72624882459464,3.6985247871316793,4.0,B07XLBF5MP
fitsne,5000,1569,19.563170370514356,40.25091909078658,5.0,B09JLG3YT7
fitsne,5000,1570,-13.358812156048414,32.21643218372087,4.0,B07YC18BL7
fitsne,5000,1571,-22.121627381185323,10.823131524497597,5.0,B095L8F33R
fitsne,5000,1572,-35.920009070274624,-32.18281738489698,4.0,B0BNC1QBH6
fitsne,5000,1573,-32.946894801575205,-40.594509187187505,3.0,B07PSKXM33
fitsne,5000,1574,-15.995159650280065,31.58609522951543,5.0,B07TXGPNN2
fitsne,5000,1575,-1.4505610885787534,35.32114372270747,4.0,B07TWN55VV
fitsne,5000,1576,-40.429509823230916,-31.231633174303152,5.0,B07TBHNP4C
fitsne,5000,1577,40.729462584488665,17.162853382967356,5.0,B07WC81LRS
fitsne,5000,1578,-11.131409985042016,34.38803667384711,5.0,B07QKPCWN5
fitsne,5000,1579,-44.47938608273964,-26.93295806946053,2.0,B07QH5MDTS
fitsne,5000,1580,-11.450301353294392,13.114638694806464,5.0,B0BGPJNJBH
fitsne,5000,1581,-35.077283735256,-6.129525317613457,4.0,B0B23LRBRP
fitsne,5000,1582,-19.38816206626241,34.86471547902125,5.0,B07RXXTZ6R
fitsne,5000,1583,-45.508561130138155,-25.222461731089854,4.0,B0C5PC4J6W
fitsne,5000,1584,4.931969845027212,35.4108644197882,4.0,B08SM7PP2M
fitsne,5000,1585,59.35665479732467,6.626202269046884,4.0,B07NTVBTSM
fitsne,5000,1586,-22.07173272195641,-15.791112598763277,4.0,B0BJ7QMYBF
fitsne,5000,1587,63.78682562536393,3.4916572337814245,4.0,B08J7RH9JH
fitsne,5000,1588,12.948047081488484,-4.56746328892206,4.0,B08J79T7CQ
fitsne,5000,1589,-37.46703760458194,-29.018629371079278,4.0,B082R17ZJG
fitsne,5000,1590,23.668091080852204,38.8387922270858,5.0,B088GJHYVN
fitsne,5000,1591,7.744868348108744,21.73890857464808,4.0,B07H9YR3XW
fitsne,5000,1592,20.55676629111372,39.09706117272061,5.0,B07MMYYNHB
fitsne,5000,1593,10.368313742870113,34.05826488498896,4.0,B07LBQYCHT
fitsne,5000,1594,-26.008785100575064,29.217410231364994,4.0,B08PFVF5L8
fitsne,5000,1595,-41.8677117192501,-19.26629666233199,4.0,B097C49PBW
fitsne,5000,1596,15.226531163151842,49.47800062236562,5.0,B07JHTVHM8
fitsne,5000,1597,19.52002926755553,4.066110995871942,5.0,B07J9NT4H9
fitsne,5000,1598,4.353533092837554,20.665358063270357,4.0,B07HFWGBST
fitsne,5000,1599,-24.163229145076677,28.560948520630856,4.0,B07HLQ32HK
fitsne,5000,1600,-36.592612903465024,-34.37528905683,4.0,B07K8XPS7J
fitsne,5000,1601,-24.64848557122366,27.103577739286873,5.0,B07FGKRX43
fitsne,5000,1602,-25.002912505547567,28.41010109111012,5.0,B07QDNWC7X
fitsne,5000,1603,60.117169611760126,4.470284226623037,5.0,B07D9JW39N
fitsne,5000,1604,-25.34931698601744,33.90619890212073,5.0,B09YYX736L
fitsne,5000,1605,-15.827374672816529,34.18066541377927,4.0,B095LLDH4H
fitsne,5000,1606,17.605280715324227,-6.566428026312295,3.0,B07F2DDC28
fitsne,5000,1607,23.47542877256501,38.9027698552686,4.0,B07CZCFHC6
fitsne,5000,1608,-45.3598901840746,-27.33713446930523,5.0,B07G2G18YH
fitsne,5000,1609,23.058043834986893,43.66997782814358,5.0,B098DSFTQM
fitsne,5000,1610,-37.76681659547792,-16.56396840454397,4.0,B01MFESB51
fitsne,5000,1611,-25.144688173004845,28.49552634453499,4.0,B07DC8673V
fitsne,5000,1612,3.97364515565832,26.45632940506882,4.0,B0759MFSWC
fitsne,5000,1613,57.25716928746401,7.4692581083450165,4.0,B077CMJVRZ
fitsne,5000,1614,-39.29390633684249,-36.34388049100992,4.0,B0751W3JZ9
fitsne,5000,1615,31.039813501374315,22.614316199981246,4.0,B076MJW31F
fitsne,5000,1616,-38.88598677996304,-36.64473604797518,4.0,B00VV6X1UI
fitsne,5000,1617,15.072056404201458,48.64846334276201,5.0,B08KG14KCT
fitsne,5000,1618,40.867895305470284,32.98726896364079,4.0,B076PMVZMR
fitsne,5000,1619,29.984399987553623,22.767861038896335,4.0,B01M716C56
fitsne,5000,1620,0.578753820028837,16.621844076824786,5.0,B08N6HGY8P
fitsne,5000,1621,-42.50124298147292,-7.342642003131966,5.0,B09K7JMBYK
fitsne,5000,1622,-37.61443343438323,-12.963882522466548,4.0,B06XFTNSCT
fitsne,5000,1623,18.31655894559928,-7.2936358282109195,5.0,B016XFCHBA
fitsne,5000,1624,-25.144628464152934,33.82129089089377,5.0,B01I33N124
fitsne,5000,1625,13.702796394338879,24.576814429034883,5.0,B014TUZ92U
fitsne,5000,1626,-25.556079826424483,29.815587455729812,4.0,B01E6L4WW0
fitsne,5000,1627,-26.43820751190274,28.85325972806125,2.0,B00Y85YSGK
fitsne,5000,1628,-37.18468580857553,-11.507222338239906,5.0,B06WRMP8KT
fitsne,5000,1629,46.69426885189097,-14.601222192478408,4.0,B017O1BWMW
fitsne,5000,1630,16.17215208005235,-5.742334571040745,4.0,B01N3JWG1N
fitsne,5000,1631,11.960526426714443,32.80721736220717,4.0,B06XJF5NMP
fitsne,5000,1632,4.331221862224956,26.48184965497602,5.0,B08739SDH3
fitsne,5000,1633,-46.477033070951144,17.000735157179196,4.0,B00IYETYX8
fitsne,5000,1634,-24.52193094166054,52.71502611497422,4.0,B09HJ4LVWP
fitsne,5000,1635,-32.08798969492104,46.72814412593902,5.0,B09LYWCHJX
fitsne,5000,1636,-37.941432680653016,-35.55267181112286,5.0,B01IOECNKS
fitsne,5000,1637,6.437312919738363,16.994370757124578,5.0,B00IVPU786
fitsne,5000,1638,-33.434808407558485,47.99704418863183,5.0,B00PVCV682
fitsne,5000,1639,52.181552598555925,-13.128477874322089,5.0,B07BV831R5
fitsne,5000,1640,19.421462234801574,44.948810150146755,5.0,B09Z3BM734
fitsne,5000,1641,-14.627845304793803,48.662332830232025,5.0,B01HAUTGKM
fitsne,5000,1642,9.170629268657047,46.446764348901674,5.0,B01DJ7LUJK
fitsne,5000,1643,43.83688297314624,-7.995084435694999,5.0,B01HIPOC30
fitsne,5000,1644,-50.80716476125497,20.411243054855483,5.0,B00EDIC062
fitsne,5000,1645,4.897446894737845,26.64445581129329,5.0,B01EJ2CQ7O
fitsne,5000,1646,-48.17858821083912,17.873450068517986,5.0,B01F75X68U
fitsne,5000,1647,41.61723587948497,15.407726306209645,4.0,B01E7C8TWW
fitsne,5000,1648,15.883673664659401,-6.30049025091199,5.0,B00SWL1F2G
fitsne,5000,1649,16.310749620433587,19.125901636859005,5.0,B01C2ADMNW
fitsne,5000,1650,-34.797971045400594,43.05476117845816,5.0,B09N5LVWH7
fitsne,5000,1651,-46.12992786213835,-38.47144117612415,5.0,B017ILTARW
fitsne,5000,1652,28.174621417129313,35.37707615859391,4.0,B011KFQASE
fitsne,5000,1653,8.401970238322901,14.487660098630787,5.0,B015CAP52U
fitsne,5000,1654,-34.07215831789088,-38.00457624701206,4.0,B00006JPRN
fitsne,5000,1655,28.07576399466079,-8.832033887671063,5.0,B0183F4MR0
fitsne,5000,1656,-43.94364997640343,-31.080080798970556,5.0,B0171F4ULQ
fitsne,5000,1657,52.48646581940448,6.3170800147353,5.0,B0170O61J2
fitsne,5000,1658,-41.10825223101401,-35.346753343676255,5.0,B0178I3JOK
fitsne,5000,1659,17.639537693454677,24.042964232244827,4.0,B00Y4FUVI8
fitsne,5000,1660,-34.91482385738292,-9.172870695232666,4.0,B010AX4WG4
fitsne,5000,1661,7.72089272737485,55.59805909824091,4.0,B014H8SON0
fitsne,5000,1662,8.04958870423595,40.44438610642711,5.0,B01N0H8WUZ
fitsne,5000,1663,-42.16515499640724,-34.69560844390958,4.0,B08JH3PJ2Q
fitsne,5000,1664,34.836052627609384,21.21711448732102,5.0,B07GST8F8L
fitsne,5000,1665,46.43425052837182,3.383336177468428,5.0,B00XHRW9TI
fitsne,5000,1666,-41.53523596305924,-37.9633767063262,5.0,B08N6HJ3FB
fitsne,5000,1667,8.312658906473935,21.646541611046413,5.0,B006MPRFJQ
fitsne,5000,1668,7.704020809619066,21.94708196483156,5.0,B00KH3SZTS
fitsne,5000,1669,-22.357466096842757,30.410365489703224,5.0,B00IG9LSGM
fitsne,5000,1670,56.353146436660545,13.479474750526967,5.0,B00KFCESEC
fitsne,5000,1671,45.95940543837555,-15.690541456784132,5.0,B00L7SV16G
fitsne,5000,1672,-41.57682307838974,-38.294839252383994,5.0,B00CWXJXTC
fitsne,5000,1673,52.1529948600786,-13.1169037081891,5.0,B00JFHYY42
fitsne,5000,1674,12.843469950249519,33.40653513475826,5.0,B005P99KT8
fitsne,5000,1675,6.782068563694398,33.745893127389515,5.0,B08LZJ8GMH
fitsne,5000,1676,31.789225856212454,-16.83653996812903,1.0,B0BYZMDN97
fitsne,5000,1677,-6.189172827345941,16.599531319232312,5.0,B08FT8J1RR
fitsne,5000,1678,-0.9954479325669688,-10.935724931277807,5.0,B0C2YWQP1J
fitsne,5000,1679,-36.54271309229099,-15.162521246567593,5.0,B09Z228SQJ
fitsne,5000,1680,-17.551544761149444,4.2936196319276965,1.0,B085F4RL5S
fitsne,5000,1681,-35.85458674087319,-35.460673322978124,5.0,B00KJLMBQQ
fitsne,5000,1682,36.599050696074976,-25.956385401833913,5.0,B07Y1SNHQW
fitsne,5000,1683,-7.028109165701486,-11.913385739640166,3.0,B0B5GZBXCV
fitsne,5000,1684,8.347110712013775,-37.44235055554917,5.0,B07QF4Q875
fitsne,5000,1685,28.386903299007102,-29.89005949561139,5.0,B08YXY5XMD
fitsne,5000,1686,-2.7935021874328116,-13.343020664505781,5.0,B075NCMLYL
fitsne,5000,1687,12.20619045120149,23.52720161165681,5.0,B0BXM4RTZ4
fitsne,5000,1688,1.7987432253489972,-7.796576399494849,5.0,B073ZNM75V
fitsne,5000,1689,14.532898624500351,-3.362951467842349,1.0,B098PZNSL7
fitsne,5000,1690,0.6347815503169651,-24.624128331108896,5.0,B0BR3MLGZZ
fitsne,5000,1691,-5.411900646752825,4.701182564444044,5.0,B09KH1J658
fitsne,5000,1692,-42.200282632343374,-42.88549929691475,1.0,B08Q2D3XR1
fitsne,5000,1693,-35.137736925795465,-33.77324993755438,5.0,B082LMXMNZ
fitsne,5000,1694,-28.249431454425363,53.42194442419718,5.0,B093QLDGNJ
fitsne,5000,1695,-24.74059595558208,31.18807919756118,3.0,B09KMSH26Q
fitsne,5000,1696,-31.01932952661265,7.461573171302372,5.0,B075JZNHTD
fitsne,5000,1697,22.41215176045878,-2.774614616113671,5.0,B01N34WW1E
fitsne,5000,1698,-17.241477957988366,4.551325825616262,5.0,B09CG9LZSR
fitsne,5000,1699,9.089576028981321,11.625495758372805,1.0,B094BMCMPS
fitsne,5000,1700,32.655587501936,4.600496978011808,3.0,B01H3CN9ZA
fitsne,5000,1701,32.228259092085665,4.230640995826939,5.0,B08148XDKN
fitsne,5000,1702,26.314627381091444,6.443081392264788,5.0,B07P92XS72
fitsne,5000,1703,-44.4296822340143,6.675897879532252,5.0,B07YXG4F7R
fitsne,5000,1704,16.80964259775868,-37.364260110860975,5.0,B003LY0QH4
fitsne,5000,1705,4.721377736689284,47.105813441755316,5.0,B005OTPVMY
fitsne,5000,1706,5.529940386647723,48.57614593372762,5.0,B07V4JD954
fitsne,5000,1707,-36.32442776143089,-35.096372541668124,5.0,B01N7CV2TS
fitsne,5000,1708,27.084689558798033,4.156055527186409,5.0,B07FSBRRTP
fitsne,5000,1709,26.573931106784453,4.208050280484537,5.0,B07LG3CMWX
fitsne,5000,1710,-26.763332808460124,-13.262753576697856,3.0,B075FTYGQK
fitsne,5000,1711,-6.093212132742735,-44.81805432781803,5.0,B082SR59W9
fitsne,5000,1712,-17.258705660507953,-34.22065405662287,5.0,B07DD69HKJ
fitsne,5000,1713,-32.08809094922277,35.871051513724034,5.0,B09GFP5DMH
fitsne,5000,1714,-36.48606666562774,-18.46397161280369,4.0,B0919NL52L
fitsne,5000,1715,-35.53502228695543,26.486854908344775,5.0,B077V8RVN7
fitsne,5000,1716,56.192395394218586,3.5548016793878543,5.0,B08QS8NWL3
fitsne,5000,1717,25.29670813893822,13.586130160039607,5.0,B09HTM917T
fitsne,5000,1718,6.9076818272820875,-39.21136634210623,5.0,B08CXRWGW2
fitsne,5000,1719,37.56290697366698,0.5396675138214112,5.0,B0BM3XNNWF
fitsne,5000,1720,20.109558094227914,-13.429826891251237,5.0,B088WD4DRZ
fitsne,5000,1721,24.939565245535704,13.947444145646358,5.0,B07F4P3JH7
fitsne,5000,1722,-50.77540689405422,17.315434873128186,4.0,B081TZ8TBM
fitsne,5000,1723,-23.921648057686014,-20.638073343360958,5.0,B07R11T5MC
fitsne,5000,1724,-14.251220475551758,33.90193209392519,5.0,B07T58DGSZ
fitsne,5000,1725,-22.777810604236628,12.37948942813915,5.0,B07S7QYRSP
fitsne,5000,1726,-2.103426054334017,9.527907012738206,3.0,B07DBXWFVQ
fitsne,5000,1727,-49.65082106613546,17.32142515052651,5.0,B07WC6TDT8
fitsne,5000,1728,-50.20499220479593,20.474775153955118,1.0,B07PN74YD7
fitsne,5000,1729,6.893865047092795,-16.11279413981633,5.0,B07H5RNMP5
fitsne,5000,1730,-34.4112791662355,-36.393199288384885,5.0,B00G3KZ8YE
fitsne,5000,1731,-26.374971922721112,-1.5795863275250157,5.0,B07456BG8N
fitsne,5000,1732,28.168797717963933,31.38188619733961,1.0,B06X6M5HGP
fitsne,5000,1733,43.31068038824705,38.1116691209658,3.0,B0043T7FXE
fitsne,5000,1734,-35.7190241127252,5.19128101359014,5.0,B00C28WXI0
fitsne,5000,1735,28.57132789508073,31.487117951037625,2.0,B00CLZWK64
fitsne,5000,1736,-42.57574477787542,22.69167681937795,5.0,B00XIL20DI
fitsne,5000,1737,38.48141441382693,-22.50167254426855,2.0,B0070Z8CEY
fitsne,5000,1738,-34.854807246506375,7.555281561516431,5.0,B00752RAA4
fitsne,5000,1739,-38.436151482871495,48.47267579160351,5.0,B005ESVW96
fitsne,5000,1740,23.783385708566716,-32.18553180865995,5.0,B081S43284
fitsne,5000,1741,30.78034921817769,25.931819810312277,5.0,B09Q3NR84W
fitsne,5000,1742,4.0353026384032695,-32.61586523329779,5.0,B07PGL2N7J
fitsne,5000,1743,-8.82480199745514,-34.70886611360223,5.0,B07MGTL6L9
fitsne,5000,1744,27.009659506995444,-28.092669336399908,5.0,B00QE9UCZO
fitsne,5000,1745,3.4075830407004486,-48.86385666140667,5.0,B0BP28CLNX
fitsne,5000,1746,42.812422372006914,15.602292443264892,3.0,B07H3PZ5LS
fitsne,5000,1747,47.98315615509325,13.400724488867096,5.0,B09LTTFKYC
fitsne,5000,1748,-46.11190350894039,-35.96376019370276,1.0,B081PGLYND
fitsne,5000,1749,-35.05811951216458,6.270592081867979,5.0,B0B65BNKW1
fitsne,5000,1750,-0.9108789097311787,39.66697147785001,5.0,B0BQ5JWN9Z
fitsne,5000,1751,-32.11721009508656,10.34629733031304,1.0,B0BSDJW7F3
fitsne,5000,1752,-31.4279122624638,7.64327817899845,5.0,B08MQ2HHFN
fitsne,5000,1753,-36.52677918909546,27.769692889900902,2.0,B0C6QKB234
fitsne,5000,1754,-34.745764422543466,42.85600348974463,5.0,B0BT98MVYD
fitsne,5000,1755,-34.43566467425079,45.00676933718312,5.0,B0BZJZKYST
fitsne,5000,1756,6.765810947393332,-3.590653177973107,1.0,B084LN55B3
fitsne,5000,1757,-1.0248763155037641,-17.13730446665747,1.0,B0BS2TMK39
fitsne,5000,1758,0.9300727862673386,-12.597373368868947,1.0,B07XZ6D1YH
fitsne,5000,1759,-36.47752597867735,7.311544845378335,5.0,B08HTPQZRB
fitsne,5000,1760,2.3194887903440624,-40.41750768121538,1.0,B0B2KHS3ZZ
fitsne,5000,1761,-36.04535296938471,-20.965477220646655,2.0,B099V8GPR4
fitsne,5000,1762,22.97293428022523,9.050141867958768,5.0,B00N9ZVN90
fitsne,5000,1763,54.48353322780947,2.8530667049277216,1.0,B01MQHBZS1
fitsne,5000,1764,27.511488489397014,-22.704304076289183,5.0,B000KUS9EE
fitsne,5000,1765,9.464035575359471,-45.407628263063515,1.0,B0BBCW8P9M
fitsne,5000,1766,-21.370880350291703,20.184927515625564,2.0,B0B7MR7WS7
fitsne,5000,1767,9.35239468598392,-20.072144788674656,2.0,B07H65KP63
fitsne,5000,1768,-0.3272266034962443,-32.465228834717266,5.0,B01AY37QWC
fitsne,5000,1769,-37.08988139231254,33.23055677878092,5.0,B0BZ3LHSDW
fitsne,5000,1770,-21.208870527250365,-11.339985377449443,2.0,B07ZG6W84H
fitsne,5000,1771,10.288696642349514,11.453955957002824,5.0,B09X2J3LGX
fitsne,5000,1772,-43.5458500552398,6.151839259787848,5.0,B07L2T2W6L
fitsne,5000,1773,42.78160122905923,29.37737088690526,5.0,B08HJ6D2Y3
fitsne,5000,1774,32.268914952814114,5.608378967810089,5.0,B09XLGGLTQ
fitsne,5000,1775,32.258892426576296,5.583818377773784,4.0,B07GSP157Z
fitsne,5000,1776,23.691655143245406,37.85094296261126,4.0,B07CY79CKZ
fitsne,5000,1777,-7.165046874980221,13.41999677219652,5.0,B0742FQ3Q3
fitsne,5000,1778,41.44834869952906,27.930625721851527,2.0,B07L5L22ZL
fitsne,5000,1779,-1.9293830314538387,-0.7636653791358542,5.0,B07GGVNF14
fitsne,5000,1780,26.092973502546478,8.143534332882298,5.0,B01BFIBRIE
fitsne,5000,1781,26.568084517092416,8.060853944359666,5.0,B007OZNUCE
fitsne,5000,1782,36.53824894544836,-9.362969975130287,5.0,B007T356BO
fitsne,5000,1783,16.602047930550917,-38.52160862787856,5.0,B0C1J4XGB1
fitsne,5000,1784,-0.548099085025687,6.906308272617007,5.0,B08F4RGHLY
fitsne,5000,1785,47.20895908038072,-1.7134500057227038,5.0,B094JBZGF4
fitsne,5000,1786,1.4672305722147982,-23.66106098795754,5.0,B000GDGWWG
fitsne,5000,1787,25.489239485207396,-0.7540355557152651,5.0,B0796VRYV3
fitsne,5000,1788,11.295280466574905,-20.647020972446185,3.0,B0BLVJWGCC
fitsne,5000,1789,24.940904415033643,-16.931978880145454,5.0,B001DAT0XE
fitsne,5000,1790,6.051408399627982,-1.272557172706921,1.0,B084LS3RQJ
fitsne,5000,1791,10.68987966402545,-12.784285991814022,5.0,B0742J69SQ
fitsne,5000,1792,1.012042383428567,-38.689328265980414,5.0,B0B2JWCMCY
fitsne,5000,1793,19.196403355388927,-37.24840243642985,5.0,B07T451KJM
fitsne,5000,1794,10.814916317431315,-31.82586809134137,5.0,B00R124LAK
fitsne,5000,1795,45.74217447969329,8.236036392768394,1.0,B016B12PUE
fitsne,5000,1796,40.228305413461015,8.556032022460245,3.0,B07864XM91
fitsne,5000,1797,-15.722026908627866,6.769643233733708,5.0,B07C4ZNM7Q
fitsne,5000,1798,27.514670639648973,-13.985783510390421,5.0,B06XNZJTGD
fitsne,5000,1799,42.06000779638967,25.38344918774627,5.0,B081NM793Z
fitsne,5000,1800,13.45142646633831,-31.616900573783553,5.0,B09V6JXVX1
fitsne,5000,1801,37.271243764223016,-11.822168950048946,5.0,B07V5DDC7R
fitsne,5000,1802,40.403397662833605,-6.952314114820897,4.0,B092JBV61J
fitsne,5000,1803,-20.210816317498157,-14.057913048152676,5.0,B01772N80C
fitsne,5000,1804,60.1659510547495,2.5532562854093475,5.0,B094QJBPB1
fitsne,5000,1805,18.637728891007704,-16.254680178635045,1.0,B010B2BGX6
fitsne,5000,1806,41.753909597375966,0.5295869651082687,4.0,B07D8JK4HM
fitsne,5000,1807,40.43394121215888,3.276737751692991,5.0,B07WNJQFP9
fitsne,5000,1808,10.330992745993415,-28.684619889072305,5.0,B013EKI2DY
fitsne,5000,1809,-33.59700146450101,-17.10780917513474,4.0,B00IIEICNC
fitsne,5000,1810,35.74986187501537,-20.543208073994307,1.0,B0099WSJHQ
fitsne,5000,1811,5.365481338620941,51.59701419477725,1.0,B007PFZNHS
fitsne,5000,1812,45.10960258983543,-0.9524079595596139,3.0,B009Z3SXTS
fitsne,5000,1813,49.20799799373079,-5.749235332760689,5.0,B00G3J8EZ0
fitsne,5000,1814,47.29975281838011,16.456003879004083,5.0,B004SBBD8U
fitsne,5000,1815,32.66424506166176,3.7788201408877713,5.0,B007T356BO
fitsne,5000,1816,-9.379757091409148,-43.795969463653435,1.0,B0878WQ4WM
fitsne,5000,1817,59.08959638549259,2.551092016489555,5.0,B08L1WHFWJ
fitsne,5000,1818,-8.610730684924107,45.52602725452605,5.0,B0C8HDXFXN
fitsne,5000,1819,-1.6355718867317746,-45.68570270108641,5.0,B0C98XDNLY
fitsne,5000,1820,-26.266849235751536,47.93545199050572,5.0,B0CCDMQZM7
fitsne,5000,1821,27.820013397229108,31.29483552843933,5.0,B07P841621
fitsne,5000,1822,17.003563476985626,4.6162179073225404,5.0,B09DCPPYNR
fitsne,5000,1823,23.384354691141592,-17.207705319395465,5.0,B07PTVBKHM
fitsne,5000,1824,-12.863765488590733,-22.198010637395193,4.0,B07D36JJZT
fitsne,5000,1825,-4.024010249829749,-45.2946103192,5.0,B07P5LBBMN
fitsne,5000,1826,-10.422467096626407,-20.286670272708463,4.0,B08TX9GNB3
fitsne,5000,1827,-1.0520900712806203,-47.54476767360674,5.0,B01GDIUA8Y
fitsne,5000,1828,-2.5214666925143536,-4.636469062262548,5.0,B00SGBJOWA
fitsne,5000,1829,-1.191115905232229,-47.85417066543844,5.0,B01D0J787A
fitsne,5000,1830,27.18633913062103,-32.510602063577515,5.0,B09JLMDSLC
fitsne,5000,1831,-14.366063927077345,13.41702778894629,5.0,B089F9YDFC
fitsne,5000,1832,-11.435742603946599,15.928942278064861,5.0,B0C3KV52B7
fitsne,5000,1833,2.0145904426451904,-14.205184129698612,3.0,B09P2C15L1
fitsne,5000,1834,-39.28313221064843,45.07003382256302,3.0,B0B55KLJBY
fitsne,5000,1835,42.86175932843733,29.87152310334336,5.0,B081TK1W3Z
fitsne,5000,1836,-4.362839652996235,47.010676142459424,5.0,B0B8W72ZG6
fitsne,5000,1837,13.289853478786297,-4.244371343255944,5.0,B07M87KRKR
fitsne,5000,1838,7.143051001803666,-7.125128653614412,5.0,B015PZLB6G
fitsne,5000,1839,25.436977762651612,-47.859457380434314,5.0,B072118L7D
fitsne,5000,1840,3.511125043443457,-19.878693635389315,5.0,B07TCSG6CH
fitsne,5000,1841,2.176810224001452,-7.845893849879869,5.0,B07LBQWTRY
fitsne,5000,1842,7.385622468628225,-26.0127640525906,5.0,B07RW8W2WW
fitsne,5000,1843,12.810888798540594,-3.95412669136845,2.0,B00NWXM5U0
fitsne,5000,1844,3.2602744422012693,-45.523890374835794,5.0,B0CJ2FDZD9
fitsne,5000,1845,40.434696730099645,-4.3190232016960435,5.0,B07Q2TVNP3
fitsne,5000,1846,32.628332691343275,24.510595560453794,5.0,B0B7RW47VZ
fitsne,5000,1847,39.3826676935712,40.23320229752684,5.0,B07WH4GTY9
fitsne,5000,1848,-26.157167890836448,-14.949691567142876,5.0,B0BGDLLL4W
fitsne,5000,1849,37.45491881385696,38.98453039854133,5.0,B0B8J17B9L
fitsne,5000,1850,0.8087807873287666,-17.2074478689545,5.0,B00PGE653G
fitsne,5000,1851,25.390438014664515,-47.99887176985165,4.0,B00X0G30MQ
fitsne,5000,1852,-1.336075656449566,-48.320181869368334,5.0,B0029U2YSA
fitsne,5000,1853,-0.5416849387589868,-11.609015653273968,5.0,B01CF3L4YA
fitsne,5000,1854,-14.453119950040838,-47.38642151965605,5.0,B0961LFNFG
fitsne,5000,1855,-34.2245223569428,-20.607307682117362,4.0,B07467F8QW
fitsne,5000,1856,35.90117038128512,-17.62320098324932,5.0,B07KCT9LB5
fitsne,5000,1857,14.08079700821588,-28.28299305461093,2.0,B0B9GHF8QM
fitsne,5000,1858,1.737356741836237,-30.303818963450013,5.0,B07TWNFDS8
fitsne,5000,1859,38.57950087056739,17.98244246020101,5.0,B007UJ4U6O
fitsne,5000,1860,-37.7018214972856,-28.845488309819686,3.0,B0B37TT7JB
fitsne,5000,1861,-40.35072617850924,12.155284781872357,5.0,B075XN1NZC
fitsne,5000,1862,-30.867223920628618,29.839867395300683,5.0,B01C43ZHVC
fitsne,5000,1863,-42.35073476444782,-36.748079343251625,5.0,B08XNCHTCY
fitsne,5000,1864,29.9725095223645,-30.955261335514443,5.0,B08SKV4XKR
fitsne,5000,1865,19.221068552951127,-37.33566054505859,5.0,B00A8OWC1S
fitsne,5000,1866,55.08020568365393,5.240434410535539,5.0,B08BL1YDSZ
fitsne,5000,1867,15.041878843840587,-8.931725633188385,5.0,B0912GH93X
fitsne,5000,1868,-34.52255545769407,32.23772182846103,5.0,B0B4WG6N98
fitsne,5000,1869,7.781376414390566,-18.76270865303104,5.0,B01GW7YJTC
fitsne,5000,1870,-1.5323402357202247,8.945592321383335,5.0,B008UZQWQ8
fitsne,5000,1871,-17.827959466621618,17.23098289701114,1.0,B00U879XZ8
fitsne,5000,1872,-30.706658817859385,-15.897418292399504,5.0,B06XTX41HM
fitsne,5000,1873,-23.395748597619992,11.86721733867668,2.0,B07W42PJBG
fitsne,5000,1874,-1.8769919658773635,-40.58236630924118,5.0,B07TQLFRRJ
fitsne,5000,1875,-6.687942825095671,-41.11545783457872,5.0,B0BHZ1GDVT
fitsne,5000,1876,-2.934817407632289,17.974270480661005,5.0,B0BFF9G61F
fitsne,5000,1877,16.41160120546168,-26.484471167929705,3.0,B0BR8MK1DY
fitsne,5000,1878,9.653025783002077,-33.95028557996162,5.0,B09BYYK39G
fitsne,5000,1879,-2.576684564307003,-30.83281330368891,1.0,B0BJV9Z6T1
fitsne,5000,1880,22.09135168686817,-52.57402092918659,5.0,B0BY8KX5CW
fitsne,5000,1881,22.091349191874333,-52.57402061810436,5.0,B087JNFL1C
fitsne,5000,1882,-0.9572531446098788,-36.295267465649694,5.0,B08DPP3T9Z
fitsne,5000,1883,13.40275266471002,-30.03728983607814,4.0,B07H9YX94V
fitsne,5000,1884,12.52449645073323,-31.11594458638327,5.0,B09T3FX6CL
fitsne,5000,1885,10.9287058613798,-31.641726229759882,5.0,B09MLGP9SP
fitsne,5000,1886,16.338420373635934,-27.220408832649223,5.0,B07FTSXDK4
fitsne,5000,1887,8.1890172232198,23.081666283432725,5.0,B0BS3V1QBY
fitsne,5000,1888,24.29927029399356,-52.41645425071577,5.0,B09DXXSS9Z
fitsne,5000,1889,-42.17344418822207,-42.66521393761616,1.0,B0BN248QTJ
fitsne,5000,1890,-28.68623845950881,-37.12056422676949,5.0,B096982VDG
fitsne,5000,1891,5.881329130571069,-28.30859077711482,5.0,B0BL78N7W9
fitsne,5000,1892,22.09148578021662,-52.57447863167196,5.0,B0974XHKV5
fitsne,5000,1893,62.32455597378199,0.15872133142480135,5.0,B074D9L6SJ
fitsne,5000,1894,-0.04851602991828325,-10.41360762239557,5.0,B0BV3NWX67
fitsne,5000,1895,0.41001652853476445,52.809661777650206,3.0,B0823Z9MZ3
fitsne,5000,1896,14.649592628658898,-48.69670218868355,5.0,B005IR2J2M
fitsne,5000,1897,18.05232651782038,-50.29883691063991,5.0,B09869JTSG
fitsne,5000,1898,8.924358262156138,-35.175632115251815,5.0,B0B5GRZ3FW
fitsne,5000,1899,-6.523788675671565,-43.86221707056166,5.0,B0BNPL25Z9
fitsne,5000,1900,-6.198726905812835,-47.127369101880575,5.0,B09LTX3SQX
fitsne,5000,1901,-34.00767972674922,-43.68525226885127,1.0,B07G7GY4PZ
fitsne,5000,1902,-33.00285247762328,-21.478062018646334,5.0,B07P9QZPGR
fitsne,5000,1903,24.013719674450016,-16.455226794073663,1.0,B09PBSXZ3T
fitsne,5000,1904,15.414350844449949,35.761077727892456,5.0,B01JGBIFGO
fitsne,5000,1905,38.641530479068855,39.21697555524898,5.0,B07CLBNM1C
fitsne,5000,1906,-36.31960831015596,-15.417888908800391,3.0,B00CO07FIO
fitsne,5000,1907,14.367963530387327,-5.4796536866176595,5.0,B0B1VWCFXZ
fitsne,5000,1908,-14.42851906974048,16.213545456726866,5.0,B0BVY4JVNG
fitsne,5000,1909,27.505694152783832,-43.94434980930736,5.0,B0B27MJXLK
fitsne,5000,1910,-19.60796375140452,-21.84122742460095,5.0,B00H1SVSAU
fitsne,5000,1911,-1.0571920527371124,-12.85786972792716,5.0,B0C7HW72LR
fitsne,5000,1912,19.400085406285772,-26.111755515992776,1.0,B07RGD3JNQ
fitsne,5000,1913,-31.77990193996126,28.10981846848966,1.0,B07HMRT5RB
fitsne,5000,1914,-1.9959601688441753,-12.262230085093053,5.0,B08XB712XZ
fitsne,5000,1915,14.842308123343843,30.60018265299785,5.0,B08LCWGSZM
fitsne,5000,1916,48.97507136249452,14.21164302086332,1.0,B0CF6479D8
fitsne,5000,1917,8.558612180210542,52.10456794059326,5.0,B09NR7BPJZ
fitsne,5000,1918,61.55147090540088,12.801560852176133,5.0,B08TBPJSKS
fitsne,5000,1919,-43.11871554620161,5.389533411495424,1.0,B08M85C13W
fitsne,5000,1920,28.965962097703386,-12.358484042923282,5.0,B00TKU6762
fitsne,5000,1921,26.03889532984274,-29.729750088798443,5.0,1426320965
fitsne,5000,1922,-6.049257185145647,6.33214080432045,5.0,B07NVG9L16
fitsne,5000,1923,3.6075732526762003,-27.231769623281902,5.0,B07J6GKJYB
fitsne,5000,1924,56.185493571080954,13.650467108524824,5.0,B08TW9RNRJ
fitsne,5000,1925,-6.162406804796784,8.322661094627804,5.0,B071KKMXP8
fitsne,5000,1926,-6.116362354923702,8.39748122957378,5.0,B01HBARDWO
fitsne,5000,1927,29.643185384676727,-5.70691334662541,5.0,B07HMLRWXH
fitsne,5000,1928,56.87875850087859,15.999224916603538,5.0,B075JDJM5W
fitsne,5000,1929,-4.00418836170174,-14.875994719838447,5.0,B07SJ8L4M3
fitsne,5000,1930,-6.682571341696809,26.382367738773652,2.0,B07D22Z8GQ
fitsne,5000,1931,-13.190414605449917,15.553151630813836,5.0,B078Z9LP9Z
fitsne,5000,1932,22.97635313112342,-47.78233439150981,5.0,B00GHUHMUS
fitsne,5000,1933,45.01717982492638,26.523214281476186,5.0,B004ZKXXAK
fitsne,5000,1934,43.95212883664257,-1.0866489439693245,2.0,B00N28AUK2
fitsne,5000,1935,48.14000072052971,-11.223836912615345,5.0,B0BMWBNRQQ
fitsne,5000,1936,-10.558831981970902,32.77593305791205,5.0,B092DD5L2V
fitsne,5000,1937,-35.36756184406476,-17.69233283284544,5.0,B00GUTY132
fitsne,5000,1938,-27.74604403184707,-25.828985900582985,5.0,B0067Y5B7A
fitsne,5000,1939,40.646682903850134,28.509597892936597,5.0,B00EYWU8HK
fitsne,5000,1940,13.282335853692539,29.18299154763758,5.0,B00A81SXHI
fitsne,5000,1941,17.348154051848443,-21.19087229896042,5.0,B07SHFPD8S
fitsne,5000,1942,59.847674817706576,13.258334812341634,5.0,B07RW4VG9Q
fitsne,5000,1943,-20.578239197801285,22.2503461299936,5.0,B093FMQJ73
fitsne,5000,1944,-12.762340979154422,27.487497073085027,5.0,B0BB6TYK7V
fitsne,5000,1945,-20.621948490555145,22.189181432286762,2.0,B07QMBY7JF
fitsne,5000,1946,-26.860950618749715,-10.759025022245066,5.0,B072KLXG5M
fitsne,5000,1947,-23.371574194250506,20.872242921972326,2.0,B07GVB87YG
fitsne,5000,1948,47.8045043982698,-5.042903158495107,5.0,B076CKXBB1
fitsne,5000,1949,25.24677711754213,14.353603142043314,5.0,B07BSFXVCH
fitsne,5000,1950,27.47540658264225,14.914840004564379,5.0,B076BL6Z79
fitsne,5000,1951,-27.552348426943347,-21.503342309068582,5.0,B0BW4PFM58
fitsne,5000,1952,-48.101654361468,-43.11863269568944,5.0,B005IKCLPO
fitsne,5000,1953,29.003436001107865,-23.019502412855207,4.0,B071K5BQPF
fitsne,5000,1954,40.578867535024976,-5.352717485780742,5.0,B07BT6TH6X
fitsne,5000,1955,-0.8180209413655473,-43.04542209633148,5.0,B07SJ8X19K
fitsne,5000,1956,-5.413648010020761,-32.967028767548896,5.0,B0C8RP1481
fitsne,5000,1957,9.54835032818725,24.19466773335423,5.0,B08KZSGZCH
fitsne,5000,1958,38.369628433849044,-13.635203904877129,5.0,B0BNWPM92Y
fitsne,5000,1959,10.505973758520147,-24.350450343649072,5.0,B08FJBFG7V
fitsne,5000,1960,12.750880355094019,18.53598742542277,5.0,B07837W5NX
fitsne,5000,1961,2.479485664231341,47.53392403974813,5.0,B07NLWT9Z7
fitsne,5000,1962,5.684051978655253,-19.677214102117617,5.0,B0BSRMK724
fitsne,5000,1963,-24.34640071474766,20.457355960990796,5.0,B017LSIXDE
fitsne,5000,1964,2.817745161281116,-12.617751232531953,5.0,B07DRGR6LX
fitsne,5000,1965,-21.797809216900173,11.117588208002516,5.0,B0797RKSF7
fitsne,5000,1966,-10.279832190032522,18.035004299586245,5.0,B07BFWHD7G
fitsne,5000,1967,8.266918546735353,-15.26215636660196,4.0,B0824RG1SN
fitsne,5000,1968,-30.50432581882611,29.131840341497647,1.0,B0BGS23YKX
fitsne,5000,1969,-22.572211869034593,29.005562858007504,1.0,B08C4Y26FP
fitsne,5000,1970,-13.755178462468253,-31.153047028554745,4.0,B00DGRUY3M
fitsne,5000,1971,51.84143165519563,-17.45925201064523,2.0,B000KMZKTO
fitsne,5000,1972,-35.88603185546498,-29.443303892773162,4.0,B07S764D9V
fitsne,5000,1973,51.849329993842154,-17.54918068331766,5.0,B002UKSZUU
fitsne,5000,1974,12.591908378363435,53.19739454929496,5.0,B01M7VOJFW
fitsne,5000,1975,38.757956457437544,-25.40587776514903,5.0,B01MTY7MSK
fitsne,5000,1976,24.796324569952425,5.712191780356254,1.0,B00BHJS3C0
fitsne,5000,1977,-21.878437682135694,-17.63187103162209,5.0,B000AJR482
fitsne,5000,1978,-37.1505564704316,-41.171598503061944,1.0,B00FWGU1CY
fitsne,5000,1979,-50.88506829181859,-17.795154508022982,5.0,B075S2Y5C3
fitsne,5000,1980,0.9621838091814255,-30.30021833081976,1.0,B07GTJSHZ3
fitsne,5000,1981,38.59758340718213,-5.201753107034374,5.0,B078C6N6CR
fitsne,5000,1982,-3.661385576034662,-20.305700804749712,5.0,B07GKT53H5
fitsne,5000,1983,15.076875055623468,-47.51543623659934,5.0,B0BVCMW9DS
fitsne,5000,1984,-52.29891243206669,-34.168525558295386,5.0,B06XG2ZY5M
fitsne,5000,1985,-46.63351176433959,17.991203116486748,4.0,B00HSMK59E
fitsne,5000,1986,36.51556911374687,2.906465035104394,5.0,B0816152WW
fitsne,5000,1987,-40.34470006702559,12.091935205115881,5.0,B075JZNHTD
fitsne,5000,1988,-3.368357289645153,-22.002745867324496,3.0,B01MZI5VRW
fitsne,5000,1989,25.6579814174421,-44.189516072354614,5.0,B018SZT3BK
fitsne,5000,1990,-7.502321830051846,-14.821073909868485,5.0,B01G61RGNA
fitsne,5000,1991,-31.830026279070818,-35.90381997284148,5.0,B006T9ZKAQ
fitsne,5000,1992,8.162794013816344,-21.848511395452036,4.0,B0048FU2GU
fitsne,5000,1993,-12.455982708110124,-32.950246478992526,5.0,B008BBNOJE
fitsne,5000,1994,3.481915190365317,-11.942342380606744,4.0,B007TPS9PC
fitsne,5000,1995,-15.717178421141494,-2.1314442113493213,5.0,B008PQ1QOA
fitsne,5000,1996,36.369164427625506,-12.601285034709976,5.0,B007OZNZG0
fitsne,5000,1997,3.8975271385834596,-30.236731883869755,3.0,B005DOK8NW
fitsne,5000,1998,-35.30145530118145,12.556611863028726,1.0,B07Y9XK7MW
fitsne,5000,1999,-5.4545932322088175,-26.652574444559622,3.0,B091Y9L722
fitsne,5000,2000,10.844306826246857,-29.973116363941745,5.0,B0BLBPR39X
fitsne,5000,2001,34.0542906584976,-1.331699359762084,5.0,B0C5N822K2
fitsne,5000,2002,43.37654271794272,7.845255649504258,5.0,B00BN1Q5JA
fitsne,5000,2003,0.48979877440841435,52.74222541202567,1.0,B00099YIP0
fitsne,5000,2004,39.49283597771099,-10.027548885659266,5.0,B07JGWQ34C
fitsne,5000,2005,0.2829546811920361,23.135494333987566,5.0,B0BV3FZ8KY
fitsne,5000,2006,5.9866718372777115,-16.39776526854327,5.0,B003D8GAA0
fitsne,5000,2007,10.782187626830185,-31.402944067924675,5.0,B005FNKMGE
fitsne,5000,2008,-6.390201591958764,-22.56518948497398,1.0,B08Y57JG1K
fitsne,5000,2009,-24.293037491395292,-10.072107373587688,5.0,B09FDMGNQR
fitsne,5000,2010,-10.512051284127503,-44.87099168439839,3.0,B08723V9DD
fitsne,5000,2011,10.901916081606911,-18.675074551004315,1.0,B0053UJXQ4
fitsne,5000,2012,-7.369208529555083,-36.9825042693672,5.0,B08ZRVYSGX
fitsne,5000,2013,13.929674431945251,4.195543412025181,5.0,B07WHTQW4X
fitsne,5000,2014,26.215499941060834,-45.969525420967784,5.0,B09TF5TPL5
fitsne,5000,2015,-6.948131139479732,-11.899540950740832,1.0,B0BWFBFTGG
fitsne,5000,2016,13.530728013130389,-28.895165372587947,2.0,B09S6Y5BRG
fitsne,5000,2017,-31.47564183703918,-36.4403614547397,5.0,B07VHBC8VP
fitsne,5000,2018,8.974978911772352,-22.004983687381728,5.0,B08N5TC2Z3
fitsne,5000,2019,41.57903193017952,29.312112260077274,5.0,B09KNJ518H
fitsne,5000,2020,-43.10837942244665,-39.32638281157064,5.0,B08J83TR22
fitsne,5000,2021,-17.794367635215533,19.939656610340812,1.0,B01F9RGWF0
fitsne,5000,2022,-35.722706274177625,12.111286656895595,5.0,B01054S5FM
fitsne,5000,2023,8.127836044207418,-21.836343235116026,5.0,B00HRUC1OO
fitsne,5000,2024,8.865714178690606,11.972946782109618,4.0,B07VCJFPCK
fitsne,5000,2025,-27.90934555046438,-1.0199690957240202,5.0,B07H65KP63
fitsne,5000,2026,-33.14364429136626,45.641344241210824,5.0,B00416Q5KI
fitsne,5000,2027,61.108232811258944,8.293119663105543,4.0,B079BBK5B7
fitsne,5000,2028,-6.161837289204928,36.008252812973495,5.0,B00DX6B278
fitsne,5000,2029,28.916334524498353,-23.03631100527305,2.0,B07V31SK5X
fitsne,5000,2030,7.053334229920247,-8.00903454326467,5.0,B07VTK654B
fitsne,5000,2031,-1.3271285368483685,-5.774502983731611,5.0,B094VH58NQ
fitsne,5000,2032,-49.978429875190834,17.19311038285893,5.0,B09P7TJCZW
fitsne,5000,2033,-52.272540521228464,13.836940503685032,3.0,B07V4D6F5F
fitsne,5000,2034,-35.60147864069267,-17.20756624601731,5.0,B00XIWVO4I
fitsne,5000,2035,-12.573681247664698,-10.531724028172846,5.0,B0B696YT88
fitsne,5000,2036,-10.704194957755842,32.764573107113456,5.0,B09QLBKCZ3
fitsne,5000,2037,-14.487075367151618,9.63615129548762,5.0,B0B4ZV9WF9
fitsne,5000,2038,59.73721250439137,5.265529019218755,5.0,B09FKQLP6J
fitsne,5000,2039,-21.625596100939966,27.039833107803187,4.0,B0BNQ8ZL47
fitsne,5000,2040,-13.796031294311573,34.12793622374176,5.0,B0C3TLTQGR
fitsne,5000,2041,-20.449152791561247,27.73212555509916,5.0,B0BTN6S6Q1
fitsne,5000,2042,-13.491868099416111,50.053942331016884,5.0,B0C1B9TW7G
fitsne,5000,2043,-13.540802843057989,49.93820273684772,4.0,B0B9NR6CHX
fitsne,5000,2044,55.62715959602968,5.728431669012476,5.0,B0BRQK5LVF
fitsne,5000,2045,-15.162828245057046,13.668460939908913,5.0,B0BBQRB6SQ
fitsne,5000,2046,-16.063584584064802,21.225847211310622,5.0,B0BN41CPQN
fitsne,5000,2047,-17.374716559671356,20.225216688003393,5.0,B0BN41CPQN
fitsne,5000,2048,-8.361954289249189,-36.640406933822156,5.0,B0BFDZXDS6
fitsne,5000,2049,-2.9557013294097847,0.04722787529690504,5.0,B095MTK53S
fitsne,5000,2050,-13.789530385514079,35.805333054559554,5.0,B0B9XVXB6P
fitsne,5000,2051,54.621548344711094,10.496512624948744,5.0,B09P4KT1KG
fitsne,5000,2052,-20.045951511624676,23.61960631732145,5.0,B0B79XLJT3
fitsne,5000,2053,-28.937468048228826,25.058108703602546,5.0,B0BHXQLLXB
fitsne,5000,2054,-35.369237853722126,26.43807586536184,5.0,B0BHXQLLXB
fitsne,5000,2055,3.289608468025475,-26.17524150100636,5.0,B0B2VP252D
fitsne,5000,2056,-10.310125175741865,29.438918106189842,5.0,B0B5TH2Q4X
fitsne,5000,2057,-32.370085267902695,-11.974619919891133,5.0,B0C1NRVQ4S
fitsne,5000,2058,-8.182434897343564,24.316873014441764,5.0,B0BHZ1GDVT
fitsne,5000,2059,-16.117517774074802,21.27016435265009,5.0,B0BHXQLLXB
fitsne,5000,2060,13.857658400904732,28.12300320866806,5.0,B09MF9F8VX
fitsne,5000,2061,-8.497842238417476,24.828939286655377,5.0,B0CFQT6GW6
fitsne,5000,2062,49.095887478733715,-9.987777043349915,5.0,B0B7HXB21R
fitsne,5000,2063,-11.309264881372568,30.111210795356644,4.0,B0BV6RLX21
fitsne,5000,2064,-27.096881421668964,-24.407615538237927,4.0,B00BYVYBPE
fitsne,5000,2065,-42.38569921240817,-42.2211702959816,2.0,B00T8H16UE
fitsne,5000,2066,-27.075543846792453,-27.29511935435121,2.0,B004DU9T3C
fitsne,5000,2067,2.2914325089700647,-9.527346537582755,5.0,B096N8LQPY
fitsne,5000,2068,47.66505341733679,-10.023919641563966,1.0,B095Z3KQ13
fitsne,5000,2069,7.648913890340854,4.178228780596332,5.0,B071Z2WHPR
fitsne,5000,2070,-14.203878783936025,30.240289323579002,5.0,B0B751K1LV
fitsne,5000,2071,-37.05381925511958,26.12384419296755,5.0,B08K4C9MX2
fitsne,5000,2072,-46.61003271179135,-19.335909170263626,5.0,B09KY26HWG
fitsne,5000,2073,-46.462096455590505,-19.255436544627667,4.0,B09F3D2SP1
fitsne,5000,2074,-46.36497313521064,-19.278788649251737,5.0,B093F4J7ZM
fitsne,5000,2075,49.468544626543974,-12.680805009896956,5.0,B09X9V54SK
fitsne,5000,2076,51.849704347205886,-17.559376351738358,5.0,B000M9H03E
fitsne,5000,2077,-7.456192064234463,-43.55059295157157,5.0,B079NW5W5Q
fitsne,5000,2078,-34.40811084188634,24.98277347884565,5.0,B0BVH1QB5C
fitsne,5000,2079,-48.08306591541569,-9.757230505570613,5.0,B07Q6Q44J2
fitsne,5000,2080,-40.94858341416543,24.23526991753261,5.0,B0C2HWSXNL
fitsne,5000,2081,-9.649185229657686,-44.237676413709224,2.0,B0BS6RY81M
fitsne,5000,2082,-5.870876248723651,-47.420439940832175,5.0,B0BKLWZ4LD
fitsne,5000,2083,-11.665977674858231,-31.731365069285808,5.0,B01L8G5Q5S
fitsne,5000,2084,-35.15962558846749,24.756134473053642,5.0,B01HAVTUPM
fitsne,5000,2085,-8.384910758325335,-28.175672362114877,5.0,B07S6X6RLG
fitsne,5000,2086,-38.84473463165321,26.916458745621167,5.0,B01N249DAV
fitsne,5000,2087,-48.71238913811308,-5.2489088194600875,5.0,B00M10X9J6
fitsne,5000,2088,-38.20477761551915,26.217628855499072,5.0,B01611VL68
fitsne,5000,2089,-18.819509331751878,-14.920799294036547,2.0,B007BTULVG
fitsne,5000,2090,-15.528797997168319,-35.504257601706335,1.0,B087Q2FP2X
fitsne,5000,2091,-38.06159122731653,26.16610858035907,5.0,B00OUUXC7O
fitsne,5000,2092,-42.023231787185566,-17.823067393092845,5.0,B0042F3K9W
fitsne,5000,2093,-41.33840113763803,26.786184762560126,1.0,B016HPOSXQ
fitsne,5000,2094,-39.17172447128143,21.828962275761107,5.0,B082KPKM3L
fitsne,5000,2095,-50.598026229956055,14.078531788089082,5.0,B077HQ5W4T
fitsne,5000,2096,-26.694544181990597,1.2185658736800251,4.0,B07KTYJ769
fitsne,5000,2097,52.20388963165458,-13.786527394996117,5.0,B0B3BGW87S
fitsne,5000,2098,-51.51963671670963,18.646925035738107,5.0,B0BML2MF98
fitsne,5000,2099,52.99581720047683,-13.884433835400955,4.0,B07TXHPB39
fitsne,5000,2100,-52.2239275096715,13.742644988287115,5.0,B01GC6LR84
fitsne,5000,2101,-35.734696775757044,18.71727579572878,4.0,B0B3D5VN6V
fitsne,5000,2102,-52.1946556681602,15.144005489644094,1.0,B0BFM4362X
fitsne,5000,2103,-52.600087449968576,15.004482064244566,5.0,B00PTJ43FU
fitsne,5000,2104,5.0685500923303675,6.708806134032939,2.0,B00MG1VGMW
fitsne,5000,2105,14.821565536538055,13.882846845480769,3.0,B01J9F19I8
fitsne,5000,2106,-25.99596162793617,-2.0454845368226064,5.0,B01K8B8YA8
fitsne,5000,2107,5.274454485526726,6.152497558512077,1.0,B0000XMVI6
fitsne,5000,2108,-26.2289411536849,-9.982459942135495,3.0,B008H0QXT2
fitsne,5000,2109,8.792733844208241,6.0584074594342345,2.0,B01KDYC2TO
fitsne,5000,2110,-1.0837616281195328,19.044670586327644,1.0,B004RIL1JK
fitsne,5000,2111,-37.955440018045195,15.034258330319462,3.0,B01BRWH8G8
fitsne,5000,2112,-28.748428430898418,7.296793552181147,4.0,B075X8471B
fitsne,5000,2113,-25.971435470445105,27.967186859400716,5.0,B09MK5D6JH
fitsne,5000,2114,11.66263238111691,40.60393775328859,2.0,B00IVPU786
fitsne,5000,2115,-40.76411755641735,-13.634176850527966,4.0,B0935ZDCYD
fitsne,5000,2116,41.40171206379783,41.14458413324967,2.0,B00ABZPX06
fitsne,5000,2117,40.76289785809119,32.74150966912295,3.0,B0BXYXD1Q2
fitsne,5000,2118,42.8914454321532,31.748686520544002,1.0,B011KPIZ9G
fitsne,5000,2119,40.85117642880993,32.61153899764383,5.0,B00VRC6D3S
fitsne,5000,2120,5.339286203818763,4.509850770380504,4.0,B006FD5RQ8
fitsne,5000,2121,1.7868103318318156,15.394970234278318,5.0,B00ADJ4YQE
fitsne,5000,2122,11.76205663206443,40.371030591670106,1.0,B004JISIE4
fitsne,5000,2123,-48.4526554996426,14.863529734967772,1.0,B0002MQGR2
fitsne,5000,2124,-32.88953712940635,50.074048699219816,5.0,B000LIFB7S
fitsne,5000,2125,-13.112002635380806,26.71749405517377,5.0,B082FJXVW6
fitsne,5000,2126,-23.981000665734634,23.834534882703842,5.0,B07KJZPPLR
fitsne,5000,2127,4.595659255799846,1.1253714348733082,5.0,B08Q3QPZ5X
fitsne,5000,2128,-37.194672400766194,-30.183773586665698,4.0,B09MGJD7Y8
fitsne,5000,2129,14.572221129351577,-24.524206829472952,5.0,B09XYMSZLL
fitsne,5000,2130,-37.02850980613081,-29.98635862666622,5.0,B07N1KNGJ8
fitsne,5000,2131,42.50938257451034,5.008074296629282,5.0,B07Y85CY2J
fitsne,5000,2132,-27.728631803537667,-12.393746804853539,5.0,B09SVJGMN1
fitsne,5000,2133,-26.543690477447623,-11.171655486905088,5.0,B0088YPRUI
fitsne,5000,2134,45.43683428562801,-1.948543903832301,5.0,B0145VHFA2
fitsne,5000,2135,-27.63955961529423,18.383805881896464,1.0,B015TN5FVQ
fitsne,5000,2136,-35.21358202584792,-30.250717396129232,5.0,B017OKABWK
fitsne,5000,2137,-0.6608390927561898,-10.954671519517442,5.0,B08DLSLCF3
fitsne,5000,2138,-33.85267762449776,-6.164379706228552,5.0,B0057YDNQ2
fitsne,5000,2139,7.745199614825504,4.278158337394762,5.0,B0BQ3VKQG9
fitsne,5000,2140,-36.351777303435995,-36.75177992038513,5.0,B00CXP4AS8
fitsne,5000,2141,-24.967216616811452,-10.546893235277835,5.0,B000066R6M
fitsne,5000,2142,43.82135169861606,-7.986559639139851,5.0,B00H1ZHD0W
fitsne,5000,2143,41.11680395102016,7.1283752396696025,4.0,B005LIDN00
fitsne,5000,2144,39.5733909901371,2.0951026744876167,5.0,B01ITOFEX6
fitsne,5000,2145,-27.094184972745005,32.95396443184244,3.0,B01HRVABD0
fitsne,5000,2146,37.41611501563613,-2.148013265575275,5.0,B08NJ8VWQ3
fitsne,5000,2147,39.91160411190405,-3.5274793391660344,5.0,B08RYNJRCY
fitsne,5000,2148,7.240326688137802,-28.037974448322103,5.0,B01CU0YQPW
fitsne,5000,2149,41.27372722715852,-3.5508855963914248,5.0,B086X647CC
fitsne,5000,2150,13.86018792929418,-20.916292153712387,2.0,B09XT8WXMN
fitsne,5000,2151,-5.843657899402338,-4.852457304141748,3.0,B07DKDL58Y
fitsne,5000,2152,32.0904047092075,-37.76946888375993,3.0,B092D8D5BZ
fitsne,5000,2153,0.6117371082825571,19.613416669603325,5.0,B075DD9DW4
fitsne,5000,2154,42.51487113863476,2.752941423175963,5.0,B01E6MTP0S
fitsne,5000,2155,-29.98501091494322,9.373648084947915,5.0,B075X8471B
fitsne,5000,2156,-7.0971919296694495,39.41932576421084,1.0,B07TB47MN4
fitsne,5000,2157,-31.542687572134575,-40.83409736738649,5.0,B0C2Z2HX4L
fitsne,5000,2158,49.14066994997487,-4.457723229875195,5.0,B0BZ46CGSP
fitsne,5000,2159,-38.70339565546741,-14.16003488249619,5.0,B0C4Y7T5Z3
fitsne,5000,2160,-41.24660788289106,-3.44336231311843,1.0,B0BG6YCGG7
fitsne,5000,2161,3.815918666774684,46.287293203261086,4.0,B0BDRRTMR7
fitsne,5000,2162,-24.677775233967548,29.46689459374803,4.0,B0BV2PMLTR
fitsne,5000,2163,-24.529144235614453,26.60748512032158,5.0,B0C1SG4FHJ
fitsne,5000,2164,-46.77072971714748,-12.756810898267466,3.0,B0BCFDDGPB
fitsne,5000,2165,0.8444808827903557,9.462595172753696,5.0,B09N922QG2
fitsne,5000,2166,-10.819158894958308,27.17410756091295,5.0,B0B1S914V5
fitsne,5000,2167,-22.931158076716525,12.48449149350074,5.0,B0B741XVYD
fitsne,5000,2168,-33.94887620836238,38.070784555254,5.0,B09TR4ZR8S
fitsne,5000,2169,-21.650176007335535,13.514245062440066,4.0,B0C5YHPG2J
fitsne,5000,2170,0.7794983680965274,9.466728322424762,5.0,B09LQWML9P
fitsne,5000,2171,-40.04720713891643,-32.40253004754381,5.0,B09VTMLL5Q
fitsne,5000,2172,24.29728834997692,38.3700353819821,5.0,B0BKTBD37R
fitsne,5000,2173,8.933981263974463,51.09964705332012,5.0,B09SLPPNBC
fitsne,5000,2174,-2.1242227391095847,30.038050333549176,5.0,B0C4P6C6NM
fitsne,5000,2175,-1.4877751484084651,35.33779700640595,5.0,B09VS779K4
fitsne,5000,2176,49.263335694653286,-5.084623597335257,5.0,B09Q8MWHT9
fitsne,5000,2177,54.728212796118946,-0.853551400136967,5.0,B0B9L1N68J
fitsne,5000,2178,4.62092561343287,46.795520169658076,5.0,B0998X1F7G
fitsne,5000,2179,15.792768371016912,6.040183485336095,4.0,B09W5J7GVX
fitsne,5000,2180,4.445684866690128,46.638784219585254,5.0,B09NN648FM
fitsne,5000,2181,-44.27710084225381,-4.706795664739733,5.0,B09N232D3J
fitsne,5000,2182,-26.998306395554224,31.235168312493574,5.0,B0BPHC35QG
fitsne,5000,2183,-8.004896587809432,4.367523640594845,5.0,B0BPP72J81
fitsne,5000,2184,13.859190057381705,51.401736027576796,5.0,B09JCD2CN6
fitsne,5000,2185,-12.719585653176548,49.36514658650975,5.0,B0BPSXJ8M3
fitsne,5000,2186,-38.04611298311678,-29.91063606425993,5.0,B0BYJSHNQ6
fitsne,5000,2187,20.18932307391323,29.16490979683733,5.0,B09DCMLWTT
fitsne,5000,2188,-34.35877362336445,47.64496971272679,5.0,B09SN7TZ99
fitsne,5000,2189,10.440252926743392,48.5892675415213,5.0,B09FJMWMBM
fitsne,5000,2190,-35.328692286802635,-19.746407273221987,3.0,B091XN41PN
fitsne,5000,2191,28.256980142853934,22.024411586018346,5.0,B099D2QTGY
fitsne,5000,2192,-34.059496568635545,31.458537775775874,5.0,B0C5N45FB3
fitsne,5000,2193,-30.64785882175996,40.69118895511717,5.0,B0B4YTVNFL
fitsne,5000,2194,-30.704229865522496,40.73021750947953,5.0,B0989J83Z9
fitsne,5000,2195,-34.61107190134796,31.252663826674226,5.0,B093D6F1ZZ
fitsne,5000,2196,17.352957843234343,8.831371832200663,4.0,B09W99JC95
fitsne,5000,2197,12.952013879617176,48.02943132392186,4.0,B098QLDYC6
fitsne,5000,2198,-24.19571921497985,26.315961758968626,5.0,B0C2YRYZJ7
fitsne,5000,2199,-7.96335877056823,44.98911351082909,5.0,B0963LKFYF
fitsne,5000,2200,5.4792580221412885,37.702721461448846,5.0,B0C5MCSLKZ
fitsne,5000,2201,24.166305796392543,28.58701439638276,5.0,B0C6QYPNYR
fitsne,5000,2202,16.743347331208916,4.592602951355648,5.0,B09MVP6Y94
fitsne,5000,2203,-21.86981209639851,26.298823529671672,4.0,B096P33NMR
fitsne,5000,2204,60.413666052352795,3.3959396900958794,5.0,B0BXHPS3XG
fitsne,5000,2205,51.08451608475506,-6.747090370934364,4.0,B082S4VMHG
fitsne,5000,2206,13.213792621904094,48.15834381831726,5.0,B08Z85SDM3
fitsne,5000,2207,13.190951406624544,48.17007677735911,5.0,B08ZMYM34Q
fitsne,5000,2208,-0.26522836013175133,15.296090385539449,5.0,B09PHCV2PN
fitsne,5000,2209,0.4139626327053991,9.670236668012317,5.0,B08JV9C6NR
fitsne,5000,2210,23.64674718670822,40.8631483727503,5.0,B08XDX7CW8
fitsne,5000,2211,59.376435278741944,3.6219787305715956,5.0,B08W43825W
fitsne,5000,2212,-44.47253327196297,-37.51874337688239,5.0,B0BZQ8FW4F
fitsne,5000,2213,-0.809777648165279,14.499000909727735,5.0,B08MPYBG5C
fitsne,5000,2214,-12.45536189273039,29.409514150602075,4.0,B08SCQTJKB
fitsne,5000,2215,-26.542896091953114,27.85149419979925,5.0,B08SH3HLNL
fitsne,5000,2216,-49.67489462221586,-28.48663291184447,5.0,B08XXRWLLS
fitsne,5000,2217,48.04588969680956,-0.8670257538596007,5.0,B08HK1QRLB
fitsne,5000,2218,-42.43341180234768,34.86153429342484,5.0,B08P5KZD1C
fitsne,5000,2219,11.795798355897157,47.824239419962666,4.0,B08XMR6T51
fitsne,5000,2220,-4.024240449164566,42.29683598029087,5.0,B0898CS5TM
fitsne,5000,2221,-3.908586790344431,42.39436940660484,5.0,B08FBZ6SS3
fitsne,5000,2222,-33.1272011148696,40.01803142964597,5.0,B08CV3B9SS
fitsne,5000,2223,-35.59096359879392,32.51550667746646,5.0,B07FN9PR61
fitsne,5000,2224,-3.813042735086535,42.611786861173925,5.0,B0BZT5GQGJ
fitsne,5000,2225,-21.896560235473935,9.9865069521913,5.0,B09Y273HR1
fitsne,5000,2226,-35.50628679381825,32.90563793448681,5.0,B0BZT5GQGJ
fitsne,5000,2227,-3.7905707258655625,42.78185234804526,5.0,B08HK2F8QK
fitsne,5000,2228,-21.631680159015033,12.8722500039493,5.0,B08FRMQNHR
fitsne,5000,2229,11.850427544572629,47.69209093948318,4.0,B0933YVHDN
fitsne,5000,2230,43.981515977598235,-22.624880378270966,5.0,B08HCJB6C5
fitsne,5000,2231,42.188431796574115,-24.185311481401808,5.0,B088FKGCH1
fitsne,5000,2232,-12.738175536815481,31.581324595877316,5.0,B0B8YY8QXG
fitsne,5000,2233,5.845712516743553,37.811820489138896,5.0,B09H1PLZ7S
fitsne,5000,2234,-20.495628855568146,38.91133088598622,5.0,B08M4256ZR
fitsne,5000,2235,-20.460600339086305,39.169860596137596,5.0,B0827X1Z1D
fitsne,5000,2236,-30.050442644248342,26.910869902153355,5.0,B08NC5TMNL
fitsne,5000,2237,-29.15952921911628,36.290769783952726,5.0,B088CRTM52
fitsne,5000,2238,-8.946509433927178,43.72402375151456,5.0,B09N7WWZRT
fitsne,5000,2239,-35.63524397839055,32.66972390990162,5.0,B07FN9PR61
fitsne,5000,2240,-33.11643086248784,40.672201778712264,5.0,B08QYZ75XJ
fitsne,5000,2241,-9.750823814355144,43.23894331553667,5.0,B08PFZQPFJ
fitsne,5000,2242,19.858814378332006,37.01508303322646,5.0,B08D6SKVVN
fitsne,5000,2243,-9.573574498065238,43.60749908091075,4.0,B081DZMGFG
fitsne,5000,2244,-33.69152391324609,47.07150012358475,5.0,B09MKVBBWX
fitsne,5000,2245,-34.403134804361926,39.01977415096422,5.0,B08GKCN3BX
fitsne,5000,2246,-30.241063660416856,24.990082297511094,5.0,B08J42GSW6
fitsne,5000,2247,-33.02363520954302,31.52244217745834,5.0,B08D6G3T5T
fitsne,5000,2248,-33.60911085847548,39.113120411861146,5.0,B09WTY19L9
fitsne,5000,2249,36.29145984768652,-4.204280596132412,3.0,B09LH3NSVJ
fitsne,5000,2250,13.240513658954404,46.16953116207222,5.0,B08GKK5NX8
fitsne,5000,2251,56.62307353915928,1.5726300087033986,5.0,B09LCRR2BG
fitsne,5000,2252,41.582622087045124,5.677400562079992,5.0,B087QSHTM8
fitsne,5000,2253,-42.42005718398601,34.860222219547815,5.0,B08BJ83YHJ
fitsne,5000,2254,-23.708530551398045,26.28398901276817,5.0,B085SGW4KK
fitsne,5000,2255,13.077606401538565,46.411592699345285,5.0,B013Q6ZRQQ
fitsne,5000,2256,53.53026631355623,12.410994946300935,5.0,B07XKZ2PDG
fitsne,5000,2257,-40.52213296200436,-33.172968354131974,4.0,B08BYF5V86
fitsne,5000,2258,27.311317506556662,19.770885949917385,5.0,B08CK95N8C
fitsne,5000,2259,50.791520063544716,11.81561220579181,5.0,B088WH1Y25
fitsne,5000,2260,21.078718751687376,29.385409789043706,5.0,B0834PQKXK
fitsne,5000,2261,40.40780519122989,36.77813078602107,5.0,B09Y1PSVTB
fitsne,5000,2262,-46.14795708539006,-3.32001381537318,5.0,B08GFZXG55
fitsne,5000,2263,-46.1710164026141,-3.379262955013848,5.0,B07W87RMTG
fitsne,5000,2264,-8.56424520369868,43.00284344027066,5.0,B089YF6T86
fitsne,5000,2265,-9.347347654546585,43.98104029281079,5.0,B086VFXX78
fitsne,5000,2266,-19.50361610847298,40.41411086287634,5.0,B094NRML1L
fitsne,5000,2267,36.71395926559902,32.50710932083765,5.0,B089F191ZP
fitsne,5000,2268,9.348638846721846,11.820611324778039,4.0,B089VYXB9K
fitsne,5000,2269,7.614351153334229,46.560548941407006,5.0,B0C1Z4MNJT
fitsne,5000,2270,-20.844480529080393,14.972558830304374,5.0,B08CVCS7Y7
fitsne,5000,2271,50.03501110075921,-13.960702934967328,5.0,B087B2DLCR
fitsne,5000,2272,5.405034840625842,-10.432353331138666,5.0,B08BFT7VNS
fitsne,5000,2273,5.78951307720654,37.64564505946738,5.0,B08B5DC4HM
fitsne,5000,2274,-19.980958682507374,32.354246300371,5.0,B081CRF2YH
fitsne,5000,2275,-11.147724626826665,29.067551412960103,5.0,B09WV2XQYH
fitsne,5000,2276,-27.512999623483243,31.63223037603406,5.0,B082T7HDGT
fitsne,5000,2277,-42.428776025043156,34.85411269892171,5.0,B09FYFT34G
fitsne,5000,2278,-22.156873916484038,10.790693282968238,5.0,B085DZMDKH
fitsne,5000,2279,-23.116180894492192,22.880897779483654,5.0,B082YB9888
fitsne,5000,2280,5.903187982926366,36.150389440023886,5.0,B083KYZMG5
fitsne,5000,2281,-46.90551799415071,-12.490766752249785,5.0,B0BSDJQV5D
fitsne,5000,2282,-1.2492322183323132,39.69306134729617,5.0,B0899QP2L3
fitsne,5000,2283,-21.455716563400973,32.03545314721315,5.0,B09NSRDB1W
fitsne,5000,2284,-26.995281405185334,50.403960361124184,5.0,B083NQPY1R
fitsne,5000,2285,40.51901746864806,2.6132248500927884,5.0,B08T6D9Z69
fitsne,5000,2286,-15.155303817423528,-12.251215158156098,5.0,B097D5GXZH
fitsne,5000,2287,-9.618494984010926,39.96325461806157,5.0,B082CDDZC7
fitsne,5000,2288,-45.80526246025714,-3.9489352759626954,5.0,B082HHZ11Q
fitsne,5000,2289,14.400009956155847,50.74800438866916,5.0,B085DPJYYV
fitsne,5000,2290,1.146512428999322,26.82527571615972,5.0,B0BYSB9KW8
fitsne,5000,2291,5.3467764533636375,6.635809786726797,3.0,B084GFVQLL
fitsne,5000,2292,12.21402202465272,47.30695549438886,4.0,B0828Y7BMQ
fitsne,5000,2293,-39.6019490109364,-28.362333651504294,5.0,B09Q5PQM38
fitsne,5000,2294,-14.91817497993645,-12.012165166167026,5.0,B07T95WVZZ
fitsne,5000,2295,-30.08926253599008,-41.50521833824044,5.0,B07VX7V91Q
fitsne,5000,2296,10.93927512367176,47.92022235245864,5.0,B0815V2KJS
fitsne,5000,2297,-50.03884337731504,-17.896689142046164,5.0,B07RMBKSY3
fitsne,5000,2298,-34.923760071711335,-9.913560660787956,5.0,B07VKRYQLK
fitsne,5000,2299,11.31290685312922,48.01385574863965,5.0,B07X8ZRNX7
fitsne,5000,2300,-37.830892375854795,-26.31291443916435,5.0,B086ZKY8C4
fitsne,5000,2301,-32.5881666118817,-1.1671869642045747,4.0,B0BPLD4VK9
fitsne,5000,2302,31.24182213393074,-21.76240719854683,5.0,B084F798YV
fitsne,5000,2303,-29.782327424861368,-41.73986087327022,5.0,B07MG94T5M
fitsne,5000,2304,7.902597088101447,29.268916422547168,5.0,B07DK1VQCH
fitsne,5000,2305,-49.59757591417893,-28.780612157845255,5.0,B07PQBQ6GC
fitsne,5000,2306,-21.92613422458139,-15.341522676540324,5.0,B0BJ7QMYBF
fitsne,5000,2307,0.25768247205145445,17.11627865900762,4.0,B084HC99VY
fitsne,5000,2308,-39.92109037013674,-28.557793748375556,5.0,B082SW81WD
fitsne,5000,2309,15.386487321110142,43.95150906786284,5.0,B07RZPB86Z
fitsne,5000,2310,-32.89799246980704,-1.3163809520236749,5.0,B07FLH7VLQ
fitsne,5000,2311,-33.37372010561482,48.949294198618816,5.0,B0BL6788GP
fitsne,5000,2312,-31.625019036122286,-40.92885403572785,5.0,B07PHWGWFS
fitsne,5000,2313,6.748787928682302,46.00407355121041,5.0,B07KJTXRKM
fitsne,5000,2314,-42.687702437090806,-19.238670327170215,5.0,B07PYHVH31
fitsne,5000,2315,-39.07983365172058,-32.780483479975025,3.0,B07MCSKB9P
fitsne,5000,2316,-31.48000049878243,-32.24652574347312,5.0,B07FDCDQMM
fitsne,5000,2317,-31.49908725763166,-32.2151281732445,5.0,B07K8XPS7J
fitsne,5000,2318,-38.59656939879442,-29.48329083243505,5.0,B07DF7NZCN
fitsne,5000,2319,-33.781521417144894,-25.04703578906431,4.0,B07G1LGS62
fitsne,5000,2320,-32.42598829485544,13.020970121940872,5.0,B07GG424BQ
fitsne,5000,2321,-33.890989847960846,47.473881942539975,5.0,B09MTNF6MX
fitsne,5000,2322,6.40699319786714,46.057517615169324,4.0,B01FRP1ZHE
fitsne,5000,2323,-24.355253852985815,25.50769128494773,5.0,B07DDK15FN
fitsne,5000,2324,-44.1216277070307,-6.239126514442874,5.0,B07VHBC8VP
fitsne,5000,2325,0.3722612783475542,16.423250545778526,5.0,B0C2V1QS15
fitsne,5000,2326,-39.48734687016455,-29.938581882835322,4.0,B07QFC584D
fitsne,5000,2327,59.359350795364676,0.20958067982033562,5.0,B07FMYHX1F
fitsne,5000,2328,6.227653835578881,38.11512236980576,5.0,B09ZMQWGCG
fitsne,5000,2329,7.316982964394221,27.750448985519675,4.0,B07B535G94
fitsne,5000,2330,-39.23185608349225,-25.232086343426804,5.0,B08V47HYBW
fitsne,5000,2331,-40.97329917030275,-32.553885873349934,5.0,B076F79LTS
fitsne,5000,2332,-31.39503451354574,-32.761859762401606,4.0,B0778PCW73
fitsne,5000,2333,17.701826914798747,18.067234666874942,5.0,B079Y4MW5F
fitsne,5000,2334,0.1558283495064856,16.753430252477813,4.0,B0C2V1WQ8F
fitsne,5000,2335,7.306138210523097,27.47747352104479,5.0,B077W1KN7V
fitsne,5000,2336,-24.636552229746023,-33.55811163430003,4.0,B06XJKWXC6
fitsne,5000,2337,-39.17453308166837,-29.043647445737253,4.0,B074JG8SPQ
fitsne,5000,2338,-15.718264547304226,-11.842617375261993,4.0,B0B11CLXY5
fitsne,5000,2339,-14.520430221942554,47.60497281660318,4.0,B071YZ2WN7
fitsne,5000,2340,-40.98970360356072,-30.715419636450743,5.0,B072J2HGJR
fitsne,5000,2341,19.21266820806874,20.651778411806298,5.0,B071X8QSZH
fitsne,5000,2342,0.06137196652847432,15.847653179687049,5.0,B07FKJCFWB
fitsne,5000,2343,-35.097846972079935,-34.05645543995504,5.0,B01MQKG0L8
fitsne,5000,2344,42.767781465621006,-6.179925102651053,4.0,B01LZWQ0KV
fitsne,5000,2345,-39.99018539591068,-33.19171301658536,5.0,B01M2UVSHF
fitsne,5000,2346,-20.15467075847422,29.671485364061436,5.0,B07JMFQTC5
fitsne,5000,2347,-39.335091579107974,-37.71891452915077,5.0,B01HETFQMQ
fitsne,5000,2348,-35.164191759780856,-24.285454004890298,3.0,B01DT4ODOM
fitsne,5000,2349,42.298561769212334,-4.86562514732166,4.0,B00VRLUTWA
fitsne,5000,2350,-37.580333522820844,46.37733707001032,4.0,B01EO5A3RQ
fitsne,5000,2351,13.064198532078674,47.93525205967804,5.0,B01BCWKBZI
fitsne,5000,2352,-39.242918437975185,-13.8202352982537,5.0,B01BWMX5BK
fitsne,5000,2353,-42.646494206322494,-6.2218699154018084,4.0,B00K6L5EX6
fitsne,5000,2354,-28.248735949097075,53.42272473788611,4.0,B00PVIBIN4
fitsne,5000,2355,-43.01078057063476,-26.88824544281383,5.0,B0B37YMFK2
fitsne,5000,2356,-25.277199847280105,29.30996255554054,5.0,B079ZQT987
fitsne,5000,2357,0.25106705253048084,17.20640179997287,4.0,B014D7XH64
fitsne,5000,2358,11.680193704285934,50.108858666090235,5.0,B00UK0P9VU
fitsne,5000,2359,44.15690760942278,-1.4243523036133825,3.0,B00OGKQAJU
fitsne,5000,2360,38.50502502827851,37.84386141374755,3.0,B00S0CTU2Y
fitsne,5000,2361,-39.26228840204698,-25.135962248572902,4.0,B01A86LI6K
fitsne,5000,2362,50.9900530189245,-6.603154834168996,5.0,B00MJKZEXC
fitsne,5000,2363,23.428022316614783,41.05138785884998,5.0,B00NJNFW1C
fitsne,5000,2364,42.48610278858095,-3.14156048726123,5.0,B00FQ1NO9W
fitsne,5000,2365,-42.29808905303932,-29.011491422428545,5.0,B00KONCDVM
fitsne,5000,2366,-34.44506528469606,-9.369456332937608,5.0,B00I59VBH4
fitsne,5000,2367,-33.5333336369457,48.845168728003536,4.0,B00BXKY9CQ
fitsne,5000,2368,-36.286708029881325,-28.46870414579083,4.0,B00EXPNGCM
fitsne,5000,2369,-34.81577324091233,-15.663894075837549,5.0,B00DVU9FNY
fitsne,5000,2370,26.746072253322634,38.97167853285999,4.0,B00CPIF4G0
fitsne,5000,2371,0.5744036246708801,-3.9262998753087706,5.0,B007KZQM9Q
fitsne,5000,2372,-37.476724891413824,-29.066379404694317,4.0,B001UAB4TU
fitsne,5000,2373,-40.99853403634537,-17.1003252584991,5.0,B07FCKYFRC
fitsne,5000,2374,17.354684380308356,8.843063443902379,5.0,B07GZL22ZQ
fitsne,5000,2375,30.0772072306617,-8.871858743452838,4.0,B00S7IBOYS
fitsne,5000,2376,7.952700764697385,4.736365499669214,4.0,B07F2YKPB3
fitsne,5000,2377,-46.879421240477534,-35.091294968209375,1.0,B0C338S8M7
fitsne,5000,2378,-34.84291641765279,-26.49083897354887,4.0,B00KWR8ME2
fitsne,5000,2379,-50.02733878212521,20.50012264791891,4.0,B00PLL0L2U
fitsne,5000,2380,42.379712405734345,-0.4072000979676287,5.0,B07PSCZRB5
fitsne,5000,2381,12.764276039137501,-3.389278303495262,4.0,B0BHT8XX49
fitsne,5000,2382,19.908298123752225,-6.0919933422559875,4.0,B085XS36F5
fitsne,5000,2383,-0.5139971371180306,8.211576967854656,4.0,B07S1BDQ4P
fitsne,5000,2384,32.28833452475748,-1.7833993868056746,4.0,B00N1X2UC4
fitsne,5000,2385,-35.650356990517324,5.736123361613277,4.0,B007ILEHSA
fitsne,5000,2386,13.804781728902737,-28.616077207443578,1.0,B018H3B280
fitsne,5000,2387,22.59402684338064,-48.88035675932166,5.0,B00763W3M2
fitsne,5000,2388,13.804006078638412,-28.616951791228733,1.0,B00OB0S8KE
fitsne,5000,2389,10.567049234494997,46.40744912076293,5.0,B00FHL3F0E
fitsne,5000,2390,-21.873483738774244,20.608716681476366,5.0,B07PHB491R
fitsne,5000,2391,0.6323594844374271,13.793061248418496,5.0,B08GL4JSLK
fitsne,5000,2392,32.576930295518075,24.404122320272535,5.0,B07T5SY43L
fitsne,5000,2393,7.395911485570575,-6.840311351863052,5.0,B074KBWL9J
fitsne,5000,2394,-49.0117745433646,-22.353477864766145,1.0,B09674F2X6
fitsne,5000,2395,-48.999144512602804,-22.331893291993143,1.0,B09S9PX2GH
fitsne,5000,2396,-9.957054217594207,-26.85061013523515,1.0,B07KTYJ769
fitsne,5000,2397,7.234405107579644,25.82021870335384,5.0,B084T3RMQ6
fitsne,5000,2398,-46.157956609666165,18.425499350063074,5.0,B00RFLGH5E
fitsne,5000,2399,5.871776553360991,24.313741848240355,4.0,B00P7EVST6
fitsne,5000,2400,-38.04295425924148,46.58159360378108,5.0,B09BZGJCGD
fitsne,5000,2401,-47.163644493309135,16.03782167331404,1.0,B0022NHQ00
fitsne,5000,2402,50.014736710783176,-10.581790622533735,4.0,B002SBB0SU
fitsne,5000,2403,24.960922377657845,37.79209627096177,5.0,B09MRC553G
fitsne,5000,2404,25.120348921632843,37.97029182089466,5.0,B0B5B88GQW
fitsne,5000,2405,25.065744963311435,38.27702952910226,4.0,B09X21S46V
fitsne,5000,2406,-38.718118041355105,-34.79031877208273,4.0,B07S764D9V
fitsne,5000,2407,-37.48298657925315,10.383935633854668,5.0,B0BTPBBL52
fitsne,5000,2408,-29.419918661831435,-10.419638486977124,4.0,B091BD9T1Z
fitsne,5000,2409,-35.14120127564075,24.519420390506003,2.0,B07MYSFW2G
fitsne,5000,2410,-21.673619551970763,29.851793137898575,4.0,B01DXKPK3A
fitsne,5000,2411,22.435818844630813,14.607549770852883,4.0,B0189XYY0Q
fitsne,5000,2412,49.84224557884482,15.90172491451358,5.0,B00Q6A1RLY
fitsne,5000,2413,29.86172859466778,37.31221013110471,4.0,B00MHX6TIA
fitsne,5000,2414,22.273297635525935,16.335668706238916,4.0,B00DVFLJKQ
fitsne,5000,2415,-39.28400948549528,45.02991039026844,5.0,B002M3SHXA
fitsne,5000,2416,-32.76216486577908,12.205694453308713,4.0,B0039NIRIW
fitsne,5000,2417,-38.7576766066678,33.67156086657129,5.0,B000HDJY7K
fitsne,5000,2418,-46.11968665882678,-5.5341590999508785,5.0,B00005T3GH
fitsne,5000,2419,-32.6031344510764,12.431871159125015,4.0,B0036WT3PW
fitsne,5000,2420,9.597140556885341,30.228039958760398,2.0,B000V2H136
fitsne,5000,2421,-31.43060392078349,50.36888810314684,1.0,B00008SCFL
fitsne,5000,2422,11.555379049738775,26.855822878930304,5.0,B000OSLLPG
fitsne,5000,2423,-30.29323758903707,-8.064847474924852,2.0,B00XJ5U76A
fitsne,5000,2424,-14.85268705291499,15.670693789817122,4.0,B07V29CYF3
fitsne,5000,2425,36.75174460797614,34.173867327164295,1.0,B0B3J5JC2S
fitsne,5000,2426,26.03492193403047,-16.26289494278525,5.0,B07X349T36
fitsne,5000,2427,28.995942125595104,34.86320837806064,5.0,B074D9L6SJ
fitsne,5000,2428,26.121984433028906,-29.917046795481586,5.0,B07Y75XPQZ
fitsne,5000,2429,5.101685747317027,-23.96854031712416,5.0,B07QC4XL1V
fitsne,5000,2430,-35.008389571280475,-26.89194238932839,5.0,B07ZPC9QD4
fitsne,5000,2431,-34.74068559050759,45.40164645529145,5.0,B093V1K56G
fitsne,5000,2432,-7.060684976925174,13.41992375961454,1.0,B01N7KFVOB
fitsne,5000,2433,37.1401108507162,28.682503933096147,5.0,B07C9C7N4G
fitsne,5000,2434,-15.066017843560553,-37.68336615747607,5.0,B0745BZ29C
fitsne,5000,2435,-35.91605936672532,-16.28358013163535,2.0,B07CZ2PZJM
fitsne,5000,2436,-6.471694939081617,-48.015045784972614,5.0,B08XPWDSWW
fitsne,5000,2437,-18.05738842843844,16.257203219756363,1.0,B09FKBCYM3
fitsne,5000,2438,3.5832643941467635,-15.906304094903206,5.0,B07G5C4YLY
fitsne,5000,2439,-23.147309543220665,28.899283384234433,3.0,B08FYNN55Z
fitsne,5000,2440,-10.72079202359705,-29.0754217740602,1.0,B08MY4R4PK
fitsne,5000,2441,-3.4184750046751637,-21.84518016197126,1.0,B00WUWV1N6
fitsne,5000,2442,-0.470725529516528,9.50863977621741,4.0,B071FVHM19
fitsne,5000,2443,-1.5544792270563779,9.277752265820482,5.0,B085SX3ZKZ
fitsne,5000,2444,0.27498333025105764,-22.948767512125272,5.0,B07X8MSSRQ
fitsne,5000,2445,13.375696484509254,-31.70173272583935,5.0,B01ENBNAWG
fitsne,5000,2446,-0.4589094151720909,-19.826265567201403,5.0,B00E6GRHBO
fitsne,5000,2447,-30.477675932456165,-19.256969811085337,2.0,B0C6D2TBZ7
fitsne,5000,2448,9.30927551162989,1.9375263908505722,5.0,B07KB1FNK3
fitsne,5000,2449,-12.448084147731,-33.51061504423483,5.0,B0C6PGZ3MB
fitsne,5000,2450,23.966818528157102,40.02445690210013,2.0,B0C8TKRRJB
fitsne,5000,2451,29.37717284720787,5.019073921403433,5.0,B07BSJCMGS
fitsne,5000,2452,-32.61588764387154,-30.3104644810197,5.0,B08TX43PBC
fitsne,5000,2453,-29.362819309935595,6.393154266055446,5.0,B08WJSHSLC
fitsne,5000,2454,34.23024333165956,-7.890014606203057,5.0,B0987B3T53
fitsne,5000,2455,35.56303072755607,-4.619054195068538,5.0,B01MQPTTS6
fitsne,5000,2456,16.364535396548337,-38.48050477762951,3.0,B07TS32GFV
fitsne,5000,2457,-25.55851448237707,30.38158245901645,5.0,B07SMNZK8H
fitsne,5000,2458,-46.462456226198825,-6.407237233985091,5.0,B081B15L2D
fitsne,5000,2459,-12.890355192535331,-29.470184848040077,4.0,B076WXJPQ1
fitsne,5000,2460,9.35062733545046,40.38820471609936,5.0,B08KZ1TZYB
fitsne,5000,2461,4.5805973103164455,-32.42215946159244,5.0,B07961C64Q
fitsne,5000,2462,-11.542714390295773,-28.626997069022195,5.0,B0BNPL25Z9
fitsne,5000,2463,-47.04828955229423,-8.409768588063972,5.0,B00P28VN38
fitsne,5000,2464,-46.95878366811751,-8.538727209682929,5.0,B00GN76HAG
fitsne,5000,2465,-4.677164337522781,-22.05976025565401,3.0,B076JDXPRG
fitsne,5000,2466,14.356549017213844,-20.543984112618435,5.0,B06XGC4WKK
fitsne,5000,2467,1.7706391485836026,-5.863802928199792,5.0,B07GZFM1ZM
fitsne,5000,2468,-47.03791180156074,-7.475195979794608,5.0,B07K59CQ3R
fitsne,5000,2469,-47.00392155544859,-7.406891769002779,5.0,B074S1P2MG
fitsne,5000,2470,-40.196799460163284,-5.836373942935787,5.0,B072KQC4XY
fitsne,5000,2471,-14.668750988111547,-34.00486215292185,5.0,B00KAMJ1JO
fitsne,5000,2472,-28.927538145354408,25.02875374007782,5.0,B0C6PGZ3MB
fitsne,5000,2473,18.090567360121312,-38.61504343744656,5.0,B075753TQ8
fitsne,5000,2474,12.206708093467808,-47.30207912070855,5.0,B075X8471B
fitsne,5000,2475,45.67800504197366,3.986546390636004,5.0,B07F4P3JH7
fitsne,5000,2476,-26.562690002257487,20.02729934723018,5.0,B0C1FRBK4K
fitsne,5000,2477,-8.669712400764418,10.723148012232896,5.0,B00HJN524K
fitsne,5000,2478,-40.77021236761742,-25.694961008101416,4.0,B071WGSZ81
fitsne,5000,2479,16.53672672260023,28.154305081031726,5.0,B000063Y71
fitsne,5000,2480,16.46502492002039,13.721207067610308,5.0,B07837W5NX
fitsne,5000,2481,39.5032711900014,38.27183403717351,3.0,B003NR57BY
fitsne,5000,2482,-21.90497018462817,-12.361202361267312,5.0,B07H6X3YQN
fitsne,5000,2483,-11.397376124722493,10.66449879243975,5.0,B00N9DWGPC
fitsne,5000,2484,16.297535581727228,28.10091131070351,4.0,B000063Y6S
fitsne,5000,2485,-6.04354819808905,10.626560325997502,4.0,B00G97AJMW
fitsne,5000,2486,-20.874349647518407,-10.68170306602802,2.0,B00XJ5CD58
fitsne,5000,2487,22.493862880432214,-15.167620141700063,3.0,B00D68R31M
fitsne,5000,2488,19.15419778999427,-37.815492297775826,5.0,B00GNHSXE4
fitsne,5000,2489,12.96436599187597,28.710272190557358,5.0,B00004UDQ1
fitsne,5000,2490,-6.5950599717881015,11.651722396523038,1.0,B00PFQPX5Q
fitsne,5000,2491,-9.88635331287373,12.825797083705709,5.0,B000165C10
fitsne,5000,2492,8.365194680698487,-38.75779829913071,5.0,B07QC4WTNC
fitsne,5000,2493,-32.124557125335535,-19.855195240476426,5.0,B09NBBT6T8
fitsne,5000,2494,40.93408718219314,29.867374623600544,5.0,B07TPLJ4HX
fitsne,5000,2495,-31.069759092973356,52.20411409650005,1.0,B09VYMTDF9
fitsne,5000,2496,-6.059232531208164,40.993658880130376,5.0,B07K1DYGHM
fitsne,5000,2497,15.382724167194437,35.70876971526868,5.0,B08RLW7918
fitsne,5000,2498,-31.297508571826278,29.36353809390433,5.0,B0BMQJYLQV
fitsne,5000,2499,-35.97580539425355,2.8966219689779424,4.0,B0001FTVEK
fitsne,5000,2500,-14.556533380838886,-33.88689677674345,1.0,B005PPMF3U
fitsne,5000,2501,11.160194527226382,-35.098194721249726,5.0,B07VVXLXJM
fitsne,5000,2502,0.6101620457702734,-11.286090677236931,5.0,B07P374FF3
fitsne,5000,2503,13.617113732789294,23.484254432696353,5.0,B07P6YM5KH
fitsne,5000,2504,-13.968297511456973,23.586370002813773,5.0,B002Y470G2
fitsne,5000,2505,-43.16783165101598,-36.119734223831905,5.0,B09PRC3WC5
fitsne,5000,2506,20.723312272994864,10.94666278821492,5.0,B08Y8XW37R
fitsne,5000,2507,-32.21754288784915,-11.866737626884873,5.0,B0BXM18YDP
fitsne,5000,2508,-26.71803726467673,9.714961354817778,1.0,B09M8N7YML
fitsne,5000,2509,-29.05568625227303,-34.88955334509759,5.0,B07H4SS6DG
fitsne,5000,2510,-5.118006376614098,-37.278406385563905,2.0,B019RC1EI8
fitsne,5000,2511,-5.680199043669423,-4.883157817208291,1.0,B07VM4W41Q
fitsne,5000,2512,-7.556499601756421,12.91932086152884,3.0,B00WETRG4I
fitsne,5000,2513,-9.694015442701076,-44.360233940683486,1.0,B001MQ321U
fitsne,5000,2514,5.417666694926502,-50.07602972698875,5.0,B0051V7XK8
fitsne,5000,2515,23.456826114620117,-29.5628877801156,5.0,B0C6D2TBZ7
fitsne,5000,2516,-19.95127345897757,5.844525392909566,2.0,B07MG5Y5W9
fitsne,5000,2517,-26.155208796560405,-21.479141623931817,4.0,B094MKQMZR
fitsne,5000,2518,-12.001163364429031,-26.283447704843095,1.0,B0B58CRF1N
fitsne,5000,2519,-28.467138031730222,22.31583222904202,2.0,B07Q2SJNZ5
fitsne,5000,2520,-3.6595849371151212,-44.04167367223673,2.0,B075X8471B
fitsne,5000,2521,24.755185471499566,11.219565136056726,2.0,B01J94SWWU
fitsne,5000,2522,6.337006661771445,-30.49441275495281,5.0,B008I6ITME
fitsne,5000,2523,-18.167127961610767,3.7965185272129287,5.0,B015SKPC8Q
fitsne,5000,2524,-42.34222852411434,-5.610109725457557,1.0,B01I1D2Q7W
fitsne,5000,2525,14.76726092448697,26.458515128572117,1.0,B00RBW707G
fitsne,5000,2526,29.635999936549137,-5.465484522816191,5.0,B06XNQ6BXC
fitsne,5000,2527,14.824539790044224,-18.471451876428585,5.0,B07ZRGNMRJ
fitsne,5000,2528,14.347170815950435,-15.620523956855346,4.0,B06VWK3L8N
fitsne,5000,2529,13.351626097629449,-47.036766491321714,5.0,B01I6GE05A
fitsne,5000,2530,-21.872552369524968,22.545659604721315,1.0,B01CGGW4NG
fitsne,5000,2531,-24.429552871745543,-0.8714574543702809,3.0,B01K8B8YA8
fitsne,5000,2532,37.10123668445078,-16.622875409931808,1.0,B01E9X4L9O
fitsne,5000,2533,-26.375120717900952,-11.226725147376285,5.0,B00140DBRY
fitsne,5000,2534,-39.67743377255821,12.759401388937842,2.0,B01DA0YCNC
fitsne,5000,2535,51.186169202244294,13.19753897941284,1.0,B073QFMPK1
fitsne,5000,2536,-44.195688056817154,-38.04929292019783,1.0,B00WUCSWDI
fitsne,5000,2537,-21.779039373038554,18.378844258755464,1.0,B00488M4TU
fitsne,5000,2538,-31.35013599231729,-26.991103573490953,2.0,B0032ALZIQ
fitsne,5000,2539,25.125258208019147,42.688790304434626,1.0,B0034NGZWM
fitsne,5000,2540,24.276980555498,-51.58617451976841,5.0,B09B52572Z
fitsne,5000,2541,15.823956119095712,-12.428876700038051,5.0,B08KZZCGGG
fitsne,5000,2542,12.658935392363455,17.854923871377927,5.0,B08JD7FN44
fitsne,5000,2543,12.249699209495194,-52.70923220467995,5.0,B098744XH6
fitsne,5000,2544,13.005618814083595,-52.87306293167484,5.0,B09BPWCXMS
fitsne,5000,2545,15.199760964112341,-12.130848537160658,5.0,B09NWZY4XF
fitsne,5000,2546,12.685446795093059,-52.38985667978221,5.0,B07Y887RM3
fitsne,5000,2547,11.58946485255399,-51.84260942196936,5.0,B086VR9J8Q
fitsne,5000,2548,11.094721379916527,-51.879973443206445,5.0,B09JKSVK9L
fitsne,5000,2549,12.225443602473248,-52.048758328067855,5.0,B09CM12QBL
fitsne,5000,2550,10.865996688330505,-52.28506421044543,5.0,B09H7DTXKT
fitsne,5000,2551,12.002347816464583,-52.525116480080584,5.0,B09G2W5GGF
fitsne,5000,2552,11.81107375370958,-53.247165884624444,5.0,B07K7BBRTQ
fitsne,5000,2553,10.67627077317588,-52.84903330289852,5.0,B07D77BLWK
fitsne,5000,2554,11.308364969156722,-52.835007039804125,5.0,B07C78TJMZ
fitsne,5000,2555,10.503379569597778,-52.15173701749407,5.0,B07S764D9V
fitsne,5000,2556,11.683425586231447,-52.16675113619865,5.0,B07PBZ1P2N
fitsne,5000,2557,13.037551403681421,-53.57608598418196,5.0,B07CH42JNS
fitsne,5000,2558,13.06810883983686,-53.865100328495046,5.0,B01LXJFMGF
fitsne,5000,2559,12.975969549872806,-53.26493789896477,5.0,B071R715MZ
fitsne,5000,2560,11.227366215543482,-52.56667503030951,5.0,B01D5H8N8K
fitsne,5000,2561,10.616031166732457,-53.34499663584549,5.0,B07JGHZ45W
fitsne,5000,2562,10.21059819300321,-52.373317855794724,5.0,B017MVKO82
fitsne,5000,2563,11.289087556453463,-53.763354224733746,5.0,B09T918243
fitsne,5000,2564,9.871734807823351,-52.592014960075375,5.0,B09HLGPB3D
fitsne,5000,2565,12.436875022103708,-55.000257527025646,5.0,B01MDNQXMV
fitsne,5000,2566,12.53756130723531,-54.144528093217154,5.0,B07F9WZSP9
fitsne,5000,2567,11.616301677478685,-55.066237073409866,5.0,B07QF6RKYH
fitsne,5000,2568,9.527145070798916,-53.02220016387477,5.0,B09S6QPQFS
fitsne,5000,2569,11.719037883103281,-54.180656548641835,5.0,B00NVKHLP8
fitsne,5000,2570,11.318761495679492,-53.332691456924636,5.0,B07FPLCZSL
fitsne,5000,2571,11.074684342772539,-54.28519928369904,5.0,B08TY4HJ8L
fitsne,5000,2572,12.29671767203114,-53.9438743529174,5.0,B0713VGCJX
fitsne,5000,2573,12.235248472923914,-53.18121212742723,5.0,B09QZPKYCW
fitsne,5000,2574,10.863609224037862,-53.06137301778738,5.0,B07W1JV6YM
fitsne,5000,2575,11.713464910135281,-53.21039860935148,5.0,B08M8Y6473
fitsne,5000,2576,10.10993147035062,-52.9933797698044,5.0,B07DVF9LKG
fitsne,5000,2577,12.87191950578099,-54.56083687217173,5.0,B00JX8Y2HM
fitsne,5000,2578,12.001082147340387,-54.5780173416937,5.0,B00M0T1WTM
fitsne,5000,2579,11.44975285591495,-55.46388747793312,5.0,B07BVZJP4J
fitsne,5000,2580,11.248547651022932,-53.691343677566095,5.0,B073W74WR8
fitsne,5000,2581,12.113672004755845,-55.31355360783442,5.0,B0BZJGGX2T
fitsne,5000,2582,11.448563344618968,-54.832821796126055,5.0,B09Y1PSVTB
fitsne,5000,2583,10.123399983814867,-53.448527687767076,5.0,B00XZ6AMA4
fitsne,5000,2584,10.689644644708627,-54.14500993726882,5.0,B01G8JO5F2
fitsne,5000,2585,0.8040447756679249,1.7841751093118126,5.0,B075NCMLYL
fitsne,5000,2586,12.278704154284345,-53.30366203913556,5.0,B08XPWDSWW
fitsne,5000,2587,9.890578379687561,-53.80594283679379,5.0,B01985CJUG
fitsne,5000,2588,11.989082897899138,-53.95472171100888,5.0,B01N1H6MS0
fitsne,5000,2589,12.694235047736083,-54.64912089858486,5.0,B00TQYC9PA
fitsne,5000,2590,9.492159924321138,-54.1317816124708,5.0,B00XJPY07M
fitsne,5000,2591,11.460233547653024,-54.283191561743664,5.0,B000Q8UAWY
fitsne,5000,2592,10.967330433265074,-54.48785364410865,5.0,B07YFD37SF
fitsne,5000,2593,10.632178087434573,-54.94643733304539,5.0,B004XUNW26
fitsne,5000,2594,10.605465759420666,-53.73580994715968,5.0,B005MTXM3Q
fitsne,5000,2595,9.42566138369018,-53.56028096258677,5.0,B000WKPHHO
fitsne,5000,2596,10.322426424391303,-48.092158577729634,5.0,B00XHWBDYU
fitsne,5000,2597,9.699788703781117,-54.56785757587861,5.0,B0B3XNLPYC
fitsne,5000,2598,-13.12774077343661,-11.399729841089155,5.0,B07QLN5ZWR
fitsne,5000,2599,19.671841623874197,36.85530568600195,5.0,B0812DKDD9
fitsne,5000,2600,10.267758319007756,-54.07012453137557,5.0,B0BGNG1294
fitsne,5000,2601,29.370568729251715,0.6055000445757891,1.0,B0873727DF
fitsne,5000,2602,26.441208503579105,-52.65149852430182,5.0,B07P61P5NZ
fitsne,5000,2603,26.39776862454197,-52.56199123924321,5.0,B07P6YRR6J
fitsne,5000,2604,26.513947166934006,-52.940808179245565,5.0,B07Q38S8HD
fitsne,5000,2605,26.806892633120512,-52.85534673560223,5.0,B07PBD7RDM
fitsne,5000,2606,-5.7531748574976165,40.243486634948724,5.0,B0B1HR8JSR
fitsne,5000,2607,29.249196603172262,21.87714996537113,4.0,B0C6FJFRJG
fitsne,5000,2608,47.14281648254689,12.554644939051663,5.0,B07KG7BLFD
fitsne,5000,2609,26.53998953154375,-52.89086298982707,5.0,B0B2K24RQT
fitsne,5000,2610,26.533182820645404,-52.915056698167895,5.0,B0C33Y9Q9L
fitsne,5000,2611,14.624910408809114,-48.69075020888698,5.0,B07ZCVRSCG
fitsne,5000,2612,14.508988881638825,-48.677398740295395,5.0,B07JL18G1D
fitsne,5000,2613,14.65108541858544,-48.70472647758565,5.0,B0BVBDXFHM
fitsne,5000,2614,14.508988645092181,-48.677398723641105,5.0,B09LRLD1Z3
fitsne,5000,2615,14.651087074536548,-48.70472892579292,5.0,B0BB6RBYJ6
fitsne,5000,2616,14.371948880720435,-48.7198770460991,5.0,B08MXVP2CL
fitsne,5000,2617,14.688801420722049,-48.75186877406913,5.0,B00FOSEUIQ
fitsne,5000,2618,14.675463675836363,-48.73651831267588,5.0,B07G8BR51Z
fitsne,5000,2619,-39.695755714702194,-40.63645726124043,5.0,B07PXGQC1Q
fitsne,5000,2620,26.1932154608869,-53.04985740034455,5.0,B0BZDWGL19
fitsne,5000,2621,31.32287805782617,-38.164358340030724,5.0,B0B4SWZTZ1
fitsne,5000,2622,26.519227896559247,-52.983397763622676,5.0,B07T6GWDGR
fitsne,5000,2623,26.193344840956534,-53.05180142333422,5.0,B07VZVL6GK
fitsne,5000,2624,-39.807519417269575,-40.11945639020208,4.0,B0C3GDKZQT
fitsne,5000,2625,26.53068099224725,-52.956960948994684,5.0,B096NQ56RD
fitsne,5000,2626,26.555171727702266,-52.93444893272641,5.0,B0839511NG
fitsne,5000,2627,-2.8156193939696723,-42.39272006682581,5.0,B07SHFPD8S
fitsne,5000,2628,41.40017171958792,29.67865931931884,5.0,B01GKQ2RHQ
fitsne,5000,2629,-12.795113253880947,-9.678136299468038,5.0,B00U1PPWDO
fitsne,5000,2630,-9.355848015249801,11.591988959580792,4.0,B00JHPLUMQ
fitsne,5000,2631,-8.4419895372286,10.955775794014864,5.0,B00GG835JI
fitsne,5000,2632,-13.164873391907916,15.017029988079031,5.0,B0BS6KLLT1
fitsne,5000,2633,-37.82601582513901,31.116987604224498,5.0,B00T7W84FA
fitsne,5000,2634,-11.394423578263051,-3.954787547345571,5.0,B07JVSC152
fitsne,5000,2635,-24.684478998897042,37.619484495596524,5.0,B001TH7GUK
fitsne,5000,2636,-44.644296377695795,-34.44063816040051,5.0,B000066R6M
fitsne,5000,2637,11.547142873294659,27.37156522361132,4.0,B004YZZPZW
fitsne,5000,2638,32.98927816838195,6.192667831431068,4.0,B005KDY8AU
fitsne,5000,2639,24.66923269911381,7.455725722960324,5.0,B005890G8Y
fitsne,5000,2640,-5.523696505029673,-44.01344956626272,5.0,B016PMVM7Q
fitsne,5000,2641,-12.318050116106853,-18.35063865846223,5.0,B07KML89F3
fitsne,5000,2642,51.71294683429829,10.62878450731676,5.0,B00AHU2QH8
fitsne,5000,2643,24.791912192906,5.631902282928023,1.0,B00BYHTK5Y
fitsne,5000,2644,24.6260890033722,3.223661195703223,2.0,B00902SFC4
fitsne,5000,2645,-26.104130837666165,-35.119463665664306,5.0,B007B5ZKGG
fitsne,5000,2646,3.165614982213149,28.539571633130908,1.0,B004NIG13U
fitsne,5000,2647,-12.311907317842412,-18.72139719395871,5.0,B09L1PGZPQ
fitsne,5000,2648,-34.16354791969507,-6.519681646974725,5.0,B0719SNR5N
fitsne,5000,2649,30.949680125888737,-33.674230056773546,5.0,B07TQT6H2P
fitsne,5000,2650,-13.62914905021229,-23.53938176143385,4.0,B08ZF2Z7Y1
fitsne,5000,2651,25.376154203390605,-47.98194199103914,5.0,B01M5HQMMJ
fitsne,5000,2652,23.555470380914382,-52.21272547935884,5.0,B094V7S7D7
fitsne,5000,2653,-36.17246621975368,-18.033431582836172,5.0,B09Q5BNT76
fitsne,5000,2654,-35.53369358607414,-17.471029785440074,4.0,B076DWW62Z
fitsne,5000,2655,-25.81992736531491,-20.97686400354525,5.0,B08GMC5NM5
fitsne,5000,2656,21.499434683324342,-19.983999358959196,5.0,B07HRFLB6Y
fitsne,5000,2657,11.541323440978823,-6.144856302299205,5.0,B07Q44XSYX
fitsne,5000,2658,23.2861301056943,-26.031997574724564,5.0,B07D18BQ9S
fitsne,5000,2659,22.069666653015847,-54.35322165567363,5.0,B073S39FM8
fitsne,5000,2660,13.49922358156877,-32.80804164744791,5.0,B01H7EK9WK
fitsne,5000,2661,-43.83350809703783,22.72612852019788,5.0,B00UVN20YA
fitsne,5000,2662,6.346187937096287,-35.731816192587615,5.0,B0195A5THO
fitsne,5000,2663,-42.13681019888896,9.853158926642283,5.0,B01AQB0Y1C
fitsne,5000,2664,29.964611433294124,-39.20081136463399,5.0,B017IM9K26
fitsne,5000,2665,-23.541652984133826,-20.37054400054569,5.0,B07VXXBTX4
fitsne,5000,2666,41.743575040711455,4.954288123138295,5.0,B08HGHSZ8N
fitsne,5000,2667,-25.43184636243426,-4.20359669834336,5.0,B07NJQTTXK
fitsne,5000,2668,-32.441260327308,-31.172795119941775,5.0,B07SNBHTKD
fitsne,5000,2669,-0.8817465144090803,-44.342695626079184,5.0,B0BDF98BNH
fitsne,5000,2670,-26.308228445120537,31.820079426581113,5.0,B01JPDTZXK
fitsne,5000,2671,45.6460906152245,4.13138905419123,4.0,B01HVHIZFG
fitsne,5000,2672,13.975887566909506,-42.96396318068739,5.0,B07B3JZ2M6
fitsne,5000,2673,39.793018433203045,4.625619721649961,3.0,B00JUNH8H6
fitsne,5000,2674,43.04529513034859,5.992330712158705,1.0,B00DULMXTW
fitsne,5000,2675,-27.667886023329864,47.88557708543899,1.0,B09G3MBH6V
fitsne,5000,2676,-22.65750668332013,6.888438756185122,4.0,B07N8VFFNS
fitsne,5000,2677,5.13996890250046,-34.335704596992954,5.0,B07KXX9168
fitsne,5000,2678,-33.29659203481521,29.8968325110756,5.0,B09QL59Q12
fitsne,5000,2679,23.03760969871162,-27.395569955621205,5.0,B00MVJYK6S
fitsne,5000,2680,24.66677554949791,5.816228646690436,4.0,B00FPG7WX2
fitsne,5000,2681,11.280027276662455,-11.254993042959208,5.0,B00D38XF6M
fitsne,5000,2682,-37.198604387330874,-22.29994025183459,4.0,B08F1P3BCC
fitsne,5000,2683,1.3464023762947868,-12.574239362262297,5.0,B000YC8NYY
fitsne,5000,2684,-26.040777748767177,-19.674037354502683,5.0,B086LL8V2G
fitsne,5000,2685,-13.19047426887567,15.390930793485971,4.0,B07M5WCCLH
fitsne,5000,2686,-27.559558326458923,-21.04566326066884,5.0,B01KBQ6GQ4
fitsne,5000,2687,-21.922845007611098,19.59572182781825,1.0,B0CC4HBS85
fitsne,5000,2688,34.375547756197044,-25.73102646764716,5.0,B08C2P9RTY
fitsne,5000,2689,-16.561428173454072,-32.454307509212086,2.0,B0BXRJKJDZ
fitsne,5000,2690,-32.5939507659653,-29.100368662940717,5.0,B0071369KE
fitsne,5000,2691,-38.326169388623335,-31.525281711726638,5.0,B0B37TV4WJ
fitsne,5000,2692,6.071742095664664,-20.959652905992556,5.0,B07HZLHPKP
fitsne,5000,2693,11.870931667138981,-48.10880203072931,5.0,B071L978GM
fitsne,5000,2694,27.939827658007857,-47.32122154297396,5.0,B001B077PO
fitsne,5000,2695,27.940167491158743,-47.3216887920609,5.0,B077Q9DVXJ
fitsne,5000,2696,5.724495474840199,-19.465547035469907,5.0,B001MXQRN8
fitsne,5000,2697,27.9401581955581,-47.32164842950437,5.0,B01AUR77FI
fitsne,5000,2698,11.409898382876122,-35.945288115887095,5.0,B000001OM5
fitsne,5000,2699,-16.207986791795996,15.328842739350913,5.0,B07MHTZQ2V
fitsne,5000,2700,-29.100583872864274,-23.48203506903727,5.0,B07SKFQQ48
fitsne,5000,2701,4.476853865506759,-22.200739162502156,2.0,B0C3GLMP8K
fitsne,5000,2702,43.45900065422629,3.344112172015453,5.0,B07Y89KHBJ
fitsne,5000,2703,13.907535698221908,-34.13697168879106,5.0,B07Z3BKFQW
fitsne,5000,2704,-25.221449633704108,19.487082195225067,4.0,B0CCRNKX6X
fitsne,5000,2705,26.261982032600947,-29.153302869726108,5.0,B09KWWZ67B
fitsne,5000,2706,48.63619928025337,14.160423845676174,5.0,B08PZ94XG9
fitsne,5000,2707,18.248011811322485,-21.308619539244724,5.0,B09HJZPSFC
fitsne,5000,2708,35.381846341945696,-26.634716282751985,2.0,B0B9N65HF4
fitsne,5000,2709,12.20729251746941,-47.214127974364956,5.0,B07QPTYSPP
fitsne,5000,2710,-0.3771114368265411,-7.572614204690444,5.0,B0791TX5P5
fitsne,5000,2711,-36.73538509864149,3.884902206039458,4.0,B085DXH843
fitsne,5000,2712,-1.3175511144534757,-23.741999479310714,5.0,B07P5GCV4R
fitsne,5000,2713,-27.509291825724144,31.15147542502905,5.0,B0BGS23YKX
fitsne,5000,2714,-37.99368398755401,15.245381869181262,4.0,B094XQ4HKT
fitsne,5000,2715,-1.649594771580374,-26.968459200465286,5.0,B0018MEZK0
fitsne,5000,2716,-1.913506986134917,-26.715854700517987,2.0,B001TOD7MO
fitsne,5000,2717,-1.7956813964078886,-26.95941704848285,5.0,B00KALCGUG
fitsne,5000,2718,8.189663325137369,-30.70983084674873,5.0,B000F6MOQM
fitsne,5000,2719,11.647642855360184,-25.96501056765614,5.0,B00KFNMHQ2
fitsne,5000,2720,11.6708035864415,-26.09832253822835,4.0,B00CHCGRH4
fitsne,5000,2721,3.316416573415104,-22.048570129134685,4.0,B008I640QS
fitsne,5000,2722,-30.580270589782987,-24.229329434932307,2.0,B004MCJBJI
fitsne,5000,2723,-22.937254124405566,7.069868257179091,5.0,B001BXS4LW
fitsne,5000,2724,7.496812878465488,-31.51538021192662,5.0,B000QKKAOU
fitsne,5000,2725,7.488923394254597,-32.86527030275641,5.0,B094QJN15X
fitsne,5000,2726,26.492170253086606,35.83567466464471,5.0,B09R9133PG
fitsne,5000,2727,37.46031874498337,28.933957743429865,1.0,B09QLYHV6F
fitsne,5000,2728,54.153996959349286,1.2944643994786473,4.0,B086Q4XT9Q
fitsne,5000,2729,11.322203496213772,45.167398984909156,2.0,B003WGJYCY
fitsne,5000,2730,52.11774855054763,-13.642919195456704,5.0,B07JBTD7NG
fitsne,5000,2731,48.87250056516579,11.375132951290906,5.0,B088ZD69V9
fitsne,5000,2732,-11.3268687625566,-34.41046790934271,5.0,B0002J1WTC
fitsne,5000,2733,7.0005811051061,4.3778761286590075,5.0,B01MQVXHUM
fitsne,5000,2734,55.06885447015869,5.991885294804173,4.0,B07CKP2CKV
fitsne,5000,2735,11.749236098008453,50.719812669562096,5.0,B0046RDQGS
fitsne,5000,2736,46.46243752001299,13.136624894301942,3.0,B006OU6IBA
fitsne,5000,2737,16.77453964198506,14.147861755159033,5.0,B083P6GZXR
fitsne,5000,2738,-27.055008501137905,6.041890947465385,5.0,B07GZFM1ZM
fitsne,5000,2739,-2.7648427497447825,-64.56914762424147,5.0,B0791TX5P5
fitsne,5000,2740,28.405544524369112,-44.42184356947877,5.0,B07VRPLTL3
fitsne,5000,2741,54.2762440353646,4.654324328674588,5.0,B00FB50SBU
fitsne,5000,2742,-6.09089184835489,-45.30931960393229,4.0,B0BDH3VXRQ
fitsne,5000,2743,-3.3674325637907203,-34.80912756244652,5.0,B07FKYHTWP
fitsne,5000,2744,24.212021886434776,-16.171891945032385,5.0,B07N8VFFNS
fitsne,5000,2745,-3.419061045026837,-42.66082474901379,5.0,B00N5828GS
fitsne,5000,2746,5.004865103805544,-17.836777040530396,4.0,B01J94SWWU
fitsne,5000,2747,-0.8780512522902231,-36.58436660456298,5.0,B007T356BO
fitsne,5000,2748,-13.569576663248284,16.18973337477148,5.0,B01J2G4VBG
fitsne,5000,2749,27.285618793386444,-42.79541059010259,5.0,B00OQVZDJM
fitsne,5000,2750,-31.76223869794314,-36.49317546952362,4.0,B0BZVGQ1M3
fitsne,5000,2751,25.172907930707943,15.227985325944987,3.0,B00Z7Y7WRI
fitsne,5000,2752,7.722510799597242,26.2872706024911,3.0,B001P05OFU
fitsne,5000,2753,32.013591621424055,-16.716005833894208,3.0,B07ZPPZYTS
fitsne,5000,2754,-29.975729230563278,-33.72755978799678,5.0,B08XPWDSWW
fitsne,5000,2755,32.389163744835116,-1.5707666216631924,5.0,B071R4R5B8
fitsne,5000,2756,-6.226253024852925,-26.97478310453067,1.0,B0BZJZKYST
fitsne,5000,2757,41.82722299053189,5.870151948152859,2.0,B0919SHYMH
fitsne,5000,2758,33.302135241359245,-10.460118627513278,3.0,B07QYL62CZ
fitsne,5000,2759,21.94768373177523,16.477979220647708,5.0,B0051VVOB2
fitsne,5000,2760,-3.6554505464133302,-26.951632012214997,1.0,B09XYMSZLL
fitsne,5000,2761,1.6193861634605884,1.012261252741034,1.0,B00NH13YHK
fitsne,5000,2762,-42.29024399266791,-20.725742947713858,5.0,B002RB3DUE
fitsne,5000,2763,-16.54163816005731,35.14381611307678,5.0,B000GKD5PQ
fitsne,5000,2764,40.86564238660473,37.639299872782004,5.0,B087Z5WDJ2
fitsne,5000,2765,-14.481898606864972,52.906019803493116,5.0,B08H1VGMCT
fitsne,5000,2766,10.397831980211116,46.25188013791506,2.0,B0BCFFR6TD
fitsne,5000,2767,21.625590879585804,43.5948787430372,5.0,B09277SKTV
fitsne,5000,2768,41.099830716789164,37.42777243642454,5.0,B003NR57BY
fitsne,5000,2769,57.15673119982655,16.198227811792346,5.0,B00009R8WQ
fitsne,5000,2770,12.936560767428288,51.13973973856132,2.0,B09VS4V18K
fitsne,5000,2771,-34.12034171758877,-1.5711340521257,5.0,B07V48GCZ7
fitsne,5000,2772,-14.491836384994823,52.924009322026755,5.0,B07GSQR6D4
fitsne,5000,2773,0.22690888225846864,15.72884233074276,5.0,B004WEP94C
fitsne,5000,2774,-44.77006009220089,-12.303104607955394,5.0,B074F246M9
fitsne,5000,2775,15.0021437707203,53.450630455981816,5.0,B00LZSA736
fitsne,5000,2776,-47.206494757870544,-7.715782456857344,1.0,B08ZDF3WT3
fitsne,5000,2777,-42.000672448436255,-19.458238864018817,5.0,B01C6ESQM6
fitsne,5000,2778,14.37421830090553,3.4006762437904516,2.0,B0C5LYQL9L
fitsne,5000,2779,23.060680987512598,43.839044035912586,5.0,B015YEI8JG
fitsne,5000,2780,15.67436413870191,48.327985235342325,5.0,B01NC0XJQW
fitsne,5000,2781,6.064802263723088,41.84048101322533,5.0,B00G6E6YVI
fitsne,5000,2782,42.15559935456552,-5.868507129976124,5.0,B00J63LFTW
fitsne,5000,2783,1.7772464353478308,41.6166124864093,5.0,B003O3E588
fitsne,5000,2784,-45.099290929941226,-12.828742650916215,5.0,B06XYGK2NZ
fitsne,5000,2785,-42.52137620582318,-4.143892496189495,2.0,B014W3EJA2
fitsne,5000,2786,11.57651729635289,41.544606333173675,5.0,B00E5TQ3OY
fitsne,5000,2787,7.612651825459605,50.679230907289835,5.0,B00KT7DOSE
fitsne,5000,2788,14.7346747383839,49.566181460114464,5.0,B018AX3OHO
fitsne,5000,2789,25.032201573357725,-1.1774199704388084,4.0,B0792GSLTF
fitsne,5000,2790,16.076960815067377,5.435721364799419,4.0,B0083UXMFO
fitsne,5000,2791,-41.63041652888909,25.80011438987732,3.0,B005JBWX46
fitsne,5000,2792,-38.11042071053915,17.780884491925786,5.0,B00108UNEY
fitsne,5000,2793,40.3983086263422,38.168079127277636,5.0,B003NR57BY
fitsne,5000,2794,25.270089091594752,38.6259308170649,4.0,B00BCHHZGW
fitsne,5000,2795,-31.695849371732773,28.02825032869817,4.0,B07BN3MLNR
fitsne,5000,2796,8.952761948294393,-4.4845871838059885,2.0,B005DIBHCE
fitsne,5000,2797,-36.05199349465142,-31.107427671728036,5.0,B07CQMZVZ6
fitsne,5000,2798,-32.23954001408664,32.5821224799874,5.0,B07D1XGQHJ
fitsne,5000,2799,-36.39515226588984,26.339830679562933,5.0,B0019EHU8G
fitsne,5000,2800,21.552009087639192,42.75880476778378,5.0,B0051E3BYM
fitsne,5000,2801,13.637114710407264,49.862445356524574,4.0,B00DI12GSM
fitsne,5000,2802,28.108482682154335,39.01964712867302,5.0,B004I1J80K
fitsne,5000,2803,-34.084843553373126,8.403653149987603,5.0,B000N815XU
fitsne,5000,2804,15.424443985087231,6.244019759174713,5.0,B0B2KFXVGS
fitsne,5000,2805,-32.32091397027447,30.823439602223026,5.0,B01F9RGWF0
fitsne,5000,2806,-8.58254218119214,44.67265502984166,5.0,B07CHJ1SLT
fitsne,5000,2807,44.2807224951717,-11.555155723262043,2.0,B01MTYGQ11
fitsne,5000,2808,11.799470325867137,-1.2281447110216699,5.0,B08BDRBYHC
fitsne,5000,2809,1.2831197550136775,-12.678184642764865,5.0,B0C5YKWC5N
fitsne,5000,2810,28.430818679301346,-15.149275657626642,5.0,B08D8KG472
fitsne,5000,2811,15.052702674487863,-47.0419488854949,5.0,B07Q39HCK1
fitsne,5000,2812,-34.43452824328462,-11.875917002408146,5.0,B09WWG19YS
fitsne,5000,2813,19.454484854032504,44.9492698681406,5.0,B009AEYBYI
fitsne,5000,2814,61.86203377458389,7.326473161226637,5.0,B01E3TOP5Y
fitsne,5000,2815,8.899081039277428,19.90002182618265,5.0,B07K7GQTSB
fitsne,5000,2816,29.143565837497484,-2.081687678776546,5.0,B08XYKH44H
fitsne,5000,2817,12.453572242154014,-17.176189048917742,5.0,B01M4NU4OM
fitsne,5000,2818,0.8403041166075081,14.658519962240433,5.0,B00EO96W2I
fitsne,5000,2819,-7.686661108336196,-45.79270521809786,5.0,B00SO25G0K
fitsne,5000,2820,5.3294719378786946,-24.06251895713679,5.0,B07GRWNQ4M
fitsne,5000,2821,40.249020227063816,-28.605120560092264,3.0,B08Y85SYG4
fitsne,5000,2822,-10.020663878137153,-27.015232248881052,5.0,B00QUG4XL0
fitsne,5000,2823,15.93737963971777,-41.511081820777164,5.0,B07P374FF3
fitsne,5000,2824,39.76583779657816,0.8288482376273395,5.0,B07YZ7SQKL
fitsne,5000,2825,-40.066348837693596,4.465394344265839,5.0,B08F9ZCTCL
fitsne,5000,2826,-36.327424648727565,-36.82076474530399,3.0,B0BL78QGLK
fitsne,5000,2827,-50.209225475127056,-29.71052862177879,5.0,B07NXDPLJ9
fitsne,5000,2828,61.72305352330956,7.406699558001509,5.0,B07TVWZM5B
fitsne,5000,2829,6.670550456596391,21.35808726875973,3.0,B07Q5R22DV
fitsne,5000,2830,-46.899280478916616,-39.72673621906604,5.0,B089B4CFSC
fitsne,5000,2831,-49.08266429753134,-31.164835048504845,4.0,B09JQMJHXY
fitsne,5000,2832,10.119878899683703,-32.38003018813414,5.0,B09KXJBNGN
fitsne,5000,2833,-33.549169733738786,-0.7811439332768654,5.0,B0BJQ8TH85
fitsne,5000,2834,7.6565864380233375,46.92770965006312,5.0,B01N5XPZ49
fitsne,5000,2835,-46.5869353031129,-31.866059781012225,2.0,B07X3WB7D8
fitsne,5000,2836,8.73574407273926,-45.587796455066446,5.0,B07ZZVX1F2
fitsne,5000,2837,-34.98090196123001,-36.26930049450345,5.0,B08K2S5B88
fitsne,5000,2838,-6.52517359802716,-41.796624909645345,4.0,B005EVDRZA
fitsne,5000,2839,22.595490735365956,-48.88086458204673,4.0,B08ZSBSJHY
fitsne,5000,2840,-6.934369498178013,14.001470350652356,3.0,B005GYK6MW
fitsne,5000,2841,-13.017074589643213,8.79570292657243,5.0,B07YZPVQXT
fitsne,5000,2842,-36.29085493306065,-33.862459254739655,5.0,B09BYXSPTP
fitsne,5000,2843,2.636832255351105,-20.30353377385299,5.0,B0BJPV4RXY
fitsne,5000,2844,23.85509274058504,13.075388418020134,1.0,B07CTX3KWG
fitsne,5000,2845,-39.57446109716084,-30.91788526080837,5.0,B09F3RBZB6
fitsne,5000,2846,-32.56336497392786,10.397529895937904,5.0,B09Q7YPZPJ
fitsne,5000,2847,5.012790820896966,22.861255157380945,5.0,B08RLW7918
fitsne,5000,2848,12.756586807047647,5.986330811137777,4.0,B0BL3B12HK
fitsne,5000,2849,27.47091624731676,-12.3956860715615,1.0,B00DR0BOSC
fitsne,5000,2850,3.1332075233953494,-26.378119444174352,5.0,B09TZKM847
fitsne,5000,2851,42.402231524114306,7.974400605248906,3.0,B071XCBTY9
fitsne,5000,2852,-37.57709866049238,-6.3344784359495785,3.0,B00FGUSHSQ
fitsne,5000,2853,14.655996590925966,26.71985408260001,1.0,B07324B77V
fitsne,5000,2854,27.8286506237941,20.360502947014485,5.0,B08GKLM5T1
fitsne,5000,2855,-20.129536171235888,-5.200678470148165,3.0,B083Y4S579
fitsne,5000,2856,-17.302035323898146,21.845313625881776,5.0,B0BPHRQH8B
fitsne,5000,2857,14.704387767012653,-10.747125034742654,5.0,B09SKP8XQN
fitsne,5000,2858,44.23042548302648,1.1154586058816531,5.0,B09WDCQ4TG
fitsne,5000,2859,61.25249163394908,5.324329989123563,4.0,B0B99KN5PN
fitsne,5000,2860,-12.950537891682501,18.165239734944176,3.0,B08TRLHMGV
fitsne,5000,2861,42.85543500217535,6.663711029865649,5.0,B07X6SKXQG
fitsne,5000,2862,16.16561890660404,-34.300985233949916,5.0,B01BL7C5R6
fitsne,5000,2863,-23.79728321766136,16.018844476667873,5.0,B082M34LGX
fitsne,5000,2864,-10.906778478508059,10.019889621955704,5.0,B01DZZM7KM
fitsne,5000,2865,-28.470855138862984,-3.9284614692830617,5.0,B0792K2BK6
fitsne,5000,2866,-29.657341426390445,6.597852565879211,5.0,B07GZFM1ZM
fitsne,5000,2867,24.278048033994615,-51.58613537411356,5.0,B00CX5P8FC
fitsne,5000,2868,-44.18083383534204,14.22158911595334,5.0,B007JPCL88
fitsne,5000,2869,35.86497668888264,-14.052078839654918,4.0,B009XE050O
fitsne,5000,2870,23.74156697700893,-17.455655982961638,3.0,B073R6HLFL
fitsne,5000,2871,-23.911455213562324,-23.528186938761085,5.0,B004TU5MCS
fitsne,5000,2872,9.778257547564653,-16.431631627703084,5.0,B07ZQHT7YJ
fitsne,5000,2873,-6.483733682826319,-46.96866686366141,5.0,B08KRC18S8
fitsne,5000,2874,6.483019996452863,-3.8881435171533947,5.0,B06XCBK7WB
fitsne,5000,2875,6.882726103868316,4.226029480558535,5.0,B01B6FBG0K
fitsne,5000,2876,-34.15939441809576,-8.908543340527748,1.0,B01M3ULMWP
fitsne,5000,2877,50.617525730917045,11.934636568966663,5.0,B07YXTTD61
fitsne,5000,2878,29.337066694395034,-42.5488998754741,5.0,B07W36WN5X
fitsne,5000,2879,3.8539101608164383,-16.719323392375014,5.0,B08GZ7N6M6
fitsne,5000,2880,-1.9839605626195476,-10.58466177416419,5.0,B07KQ2TLXF
fitsne,5000,2881,37.599306952457205,-2.4724301911859228,1.0,B0B6D5X24N
fitsne,5000,2882,-3.7489901744118757,-22.07653027677206,1.0,B094G3PS2W
fitsne,5000,2883,43.35534143095687,28.23090697077352,4.0,B0C65PM6LG
fitsne,5000,2884,-6.246761199545045,8.605227569018961,4.0,B077C6VSS1
fitsne,5000,2885,-32.335800226920234,26.03755158566795,5.0,B00XWIX5MW
fitsne,5000,2886,29.556173227460967,18.032654783488823,4.0,B00G8MMQI8
fitsne,5000,2887,42.51180698509284,28.663023266398152,2.0,B001E25JMM
fitsne,5000,2888,16.152722196366692,-33.080845343212246,5.0,B06XF6BJ3L
fitsne,5000,2889,37.24769708148652,-25.56443169719608,5.0,B07NP2DPP7
fitsne,5000,2890,37.33572358124932,-22.877529289362602,5.0,B06XKF5CM9
fitsne,5000,2891,12.140904787830422,39.465114481265445,3.0,B00YLM3WB2
fitsne,5000,2892,-28.428793846873187,17.86283809589669,2.0,B00821B9B8
fitsne,5000,2893,25.08240107289006,-35.27763719708832,5.0,B01HZ7FJ0G
fitsne,5000,2894,38.882796737417245,7.905396234728484,5.0,B09JSS2WYC
fitsne,5000,2895,-33.624293680886616,-18.76379391363314,5.0,B094YFRL85
fitsne,5000,2896,-33.87862707741261,42.80521872991671,3.0,B084PCDJT5
fitsne,5000,2897,-34.673812342871734,-14.324580719404588,5.0,B01HB18J0I
fitsne,5000,2898,-39.32021376536886,-35.51840058559589,3.0,B01C423L5M
fitsne,5000,2899,-26.842614329106947,-24.21929392434181,5.0,B0110RZ0A6
fitsne,5000,2900,15.514461271930024,7.3689714656935585,3.0,B001F42MKG
fitsne,5000,2901,18.387638415959035,4.99158321375305,3.0,B00A3EIHQC
fitsne,5000,2902,60.19457347510602,8.858110750822878,5.0,B07KX1668K
fitsne,5000,2903,49.42990802851357,-15.430587284258564,3.0,B01HUMI33Q
fitsne,5000,2904,51.21943803614162,11.182648028136597,3.0,B01GC6MOOA
fitsne,5000,2905,25.530769928995095,14.640261344071758,3.0,B07KS9K73R
fitsne,5000,2906,-5.918544539927277,19.943842183644048,2.0,B001TUYTWA
fitsne,5000,2907,32.08148829357965,-8.086900316773265,5.0,B01LXL7BUI
fitsne,5000,2908,-22.265924690861677,25.086167932191913,1.0,B0C9DBV55F
fitsne,5000,2909,-30.817818022490822,28.878815933878027,1.0,B076JL8YH3
fitsne,5000,2910,-41.13582650298931,-39.31439987868546,4.0,B094Z5DQJ5
fitsne,5000,2911,-40.964809064351385,-36.00777416356725,4.0,B0BWYJDBYQ
fitsne,5000,2912,-19.389333752511888,3.589911606835024,3.0,B01CW4AR9K
fitsne,5000,2913,52.891577061111875,-11.665917012581357,5.0,B01LXG2LJQ
fitsne,5000,2914,22.594044309172723,-48.880370605262215,5.0,B079SCW1X8
fitsne,5000,2915,-13.440380271235798,-1.7651671159308508,1.0,B0864SF4GC
fitsne,5000,2916,-10.486095202480156,-9.747852890707875,1.0,B0B39F2QC6
fitsne,5000,2917,-1.3169107700856577,-30.060012969305504,1.0,B07QC4WTNC
fitsne,5000,2918,-6.840850168764556,-22.023729085549945,1.0,B07RQ3SWKY
fitsne,5000,2919,-24.9208948291924,31.148234327613018,1.0,B0BTT1Z16D
fitsne,5000,2920,-42.422514804712236,-40.10555162841616,1.0,B08XPWDSWW
fitsne,5000,2921,14.516870173732121,-43.09274363043743,5.0,B08ZXR6BB2
fitsne,5000,2922,-9.088888555116268,-22.262776826092917,1.0,B07W14ZBWP
fitsne,5000,2923,-46.20829955785325,8.005256491466174,1.0,B07Y84NDYQ
fitsne,5000,2924,-3.999883196617783,-22.403233392232327,1.0,B073HR91MX
fitsne,5000,2925,21.19977586785935,-41.661839128647244,1.0,B01MZG8DHI
fitsne,5000,2926,13.04665216359192,-19.423988580600977,1.0,B07RN77YL6
fitsne,5000,2927,-3.7709396041361796,-22.25118754263249,1.0,B07SKFQQ48
fitsne,5000,2928,-15.293662886597295,18.899402660081726,5.0,B07S8NFZCX
fitsne,5000,2929,-25.00846040265424,0.4920546699235035,1.0,B07GZFM1ZM
fitsne,5000,2930,-29.571543366767525,-20.33171954702178,1.0,B07456BG8N
fitsne,5000,2931,18.885162215646286,-16.06479814845034,1.0,B01MTOSEFH
fitsne,5000,2932,-9.039976164194657,-22.211497586987942,1.0,B010UR6JUM
fitsne,5000,2933,-21.773094197977304,19.21946504726723,1.0,B01KSTSV76
fitsne,5000,2934,-4.9693002162083655,-23.977336073751875,1.0,B00KOHS6UK
fitsne,5000,2935,17.16623742081571,-17.194408438432983,1.0,B00B0ZAPK4
fitsne,5000,2936,-45.20711799577466,8.264483005480182,1.0,B0105UYPJ6
fitsne,5000,2937,41.32403914024094,-4.828621242760352,2.0,B07GK3LQVC
fitsne,5000,2938,-39.37032544993068,45.04889887369153,1.0,B00MI7JU72
fitsne,5000,2939,7.032500529269726,33.4612532775507,1.0,B01M05OZJT
fitsne,5000,2940,-4.654152701395724,-23.688751504928604,1.0,B015E3FRY6
fitsne,5000,2941,-22.555566077211534,6.828727024746082,1.0,B00ZVJAF9G
fitsne,5000,2942,-1.6211015551033792,-21.855795609110743,5.0,B00E362W9O
fitsne,5000,2943,-28.98202132669821,14.516913361283729,1.0,B0090BTY8Y
fitsne,5000,2944,-9.419840113807707,30.939226131618128,5.0,B092DD5L2V
fitsne,5000,2945,-40.70478165448805,14.175790168269682,5.0,B075X8471B
fitsne,5000,2946,-31.32018377540932,-35.69622450422789,5.0,B08V47HYBW
fitsne,5000,2947,25.078197513913626,36.66949925867054,5.0,B01K1IO3QW
fitsne,5000,2948,12.79743363953227,11.038016456897592,5.0,B00OQVZDJM
fitsne,5000,2949,-6.03961003633701,41.09925762311579,5.0,B005FUKLHM
fitsne,5000,2950,-17.863786056540622,-5.453302899653813,5.0,B000MXWSYQ
fitsne,5000,2951,-25.094882141041424,-17.950281014881874,5.0,B0097BEEF0
fitsne,5000,2952,23.164749536597107,-30.999604851203962,5.0,B097QW23XR
fitsne,5000,2953,2.477791868286769,-5.553386228803588,5.0,B0BRP2V3P1
fitsne,5000,2954,-22.412641948546135,24.488826306785818,5.0,B0BNL1V25R
fitsne,5000,2955,-21.51710729929349,1.8605263125486275,1.0,B0BJVBTZ4K
fitsne,5000,2956,-26.944451589181742,27.5050531877053,5.0,B0B55P1FXW
fitsne,5000,2957,-25.203287087386126,25.16674823460247,5.0,B01FJCSOGK
fitsne,5000,2958,-23.71347485944072,30.380616117996045,5.0,B09L75PVXT
fitsne,5000,2959,-18.179981652709543,22.854531086225048,5.0,B0B49LT7BT
fitsne,5000,2960,-22.863816648103562,26.756938265417535,5.0,B0BGB66N4G
fitsne,5000,2961,39.95039152454306,7.2074702452586985,5.0,B094X7HC69
fitsne,5000,2962,-10.896899220784684,5.530576496390834,5.0,B088KDKNWM
fitsne,5000,2963,-35.14661666277384,7.8512798868790155,5.0,B0846MH1CJ
fitsne,5000,2964,-32.37449149094404,-40.5475419947531,5.0,B07X5NM5BP
fitsne,5000,2965,28.387137135555832,18.111131616359234,5.0,B07ZWTMNDP
fitsne,5000,2966,-36.08159020049331,-14.686128507728673,1.0,B07X23N387
fitsne,5000,2967,32.81711017643758,16.2513141007466,4.0,B07T64VJQT
fitsne,5000,2968,-19.276485625748887,-7.100611851456987,5.0,B07DQQPF1T
fitsne,5000,2969,7.106335750507367,0.7392218180968848,5.0,B07JD4C1LS
fitsne,5000,2970,-14.390036392371604,50.396482700808484,5.0,B07GJPFR6L
fitsne,5000,2971,19.127747411864014,20.91334817859525,5.0,B07JVN1MSN
fitsne,5000,2972,39.93809077050138,40.257014216847786,5.0,B0BC2STR39
fitsne,5000,2973,18.76649439475533,21.447403164232007,4.0,B07HQ9GCMY
fitsne,5000,2974,-20.156839764383243,-28.239095090316457,5.0,B071HN7FB4
fitsne,5000,2975,-50.14635633480812,-17.91866461865575,4.0,B0783QYFK2
fitsne,5000,2976,-33.5263157820373,-15.640156177180385,5.0,B06XFTNSCT
fitsne,5000,2977,-36.6728429669814,-13.372631048034487,4.0,B06XF9DTSJ
fitsne,5000,2978,56.67453789364002,8.02881963184571,5.0,B071W8TY6H
fitsne,5000,2979,-15.671853562864113,-5.352816916076402,5.0,B0754KJQZ4
fitsne,5000,2980,-41.342925228266424,-29.726480967994235,5.0,B09TWYBW14
fitsne,5000,2981,57.8560754876079,3.5914372606361242,4.0,B083G9MW65
fitsne,5000,2982,26.14143420244492,37.35547181554028,5.0,B06WD61CF5
fitsne,5000,2983,7.317385351302129,3.5486342975051377,5.0,B01JNKT0RG
fitsne,5000,2984,22.798756596450907,14.507652037527878,4.0,B01GE9R0J4
fitsne,5000,2985,8.915593115583048,15.577572840096607,5.0,B0B1S5LBRQ
fitsne,5000,2986,21.175483893501028,37.872699106255176,5.0,B01F3R9DP2
fitsne,5000,2987,-44.87638193058139,-30.764509615874136,3.0,B01H7HQ71E
fitsne,5000,2988,-41.66599573917857,-29.53667996097752,3.0,B011A49BYA
fitsne,5000,2989,42.461910497272726,40.38035362205144,4.0,B01AZC3RCK
fitsne,5000,2990,22.000611189879994,38.90536523509356,3.0,B015XK1O6K
fitsne,5000,2991,0.017786986065957237,17.22353304088709,4.0,B017AED6TA
fitsne,5000,2992,-23.06103218856208,53.44249390208154,2.0,B013SKI49W
fitsne,5000,2993,-35.515495428973445,-35.490941994423075,3.0,B00FO0IHMY
fitsne,5000,2994,-30.895188256782667,48.867653165721116,2.0,B00BK0YRZS
fitsne,5000,2995,42.24881259942933,7.516006374153824,5.0,B00NWE9ZNE
fitsne,5000,2996,2.7709636422926036,20.961390302050273,4.0,B00CF7M7RA
fitsne,5000,2997,41.346260471870714,6.939312438560854,4.0,B00JAZGUBE
fitsne,5000,2998,39.09047315445453,6.695879125610533,5.0,B008HY8XTG
fitsne,5000,2999,41.66551434196615,6.82432751267997,3.0,B002L6NG0W
fitsne,5000,3000,57.44035680980335,12.980895515833842,5.0,B005X64OT4
fitsne,5000,3001,-43.896773924618536,-24.45406324476074,4.0,B0042X8XJ6
fitsne,5000,3002,-27.724905842217574,-11.894084040630611,4.0,B002RL8J8K
fitsne,5000,3003,-32.72357831089814,8.125559385264772,5.0,B089B6LTLV
fitsne,5000,3004,34.270262883070174,-7.780401224521762,5.0,B08LD5BTLJ
fitsne,5000,3005,59.252820675994705,2.4341850341398503,4.0,B07R8C7LS1
fitsne,5000,3006,-16.358441820525364,15.320598435358322,2.0,B0BVY4JVNG
fitsne,5000,3007,-27.119762219679476,6.239623568631219,5.0,B07GWGGZLQ
fitsne,5000,3008,11.900512617824575,-41.5249614981086,5.0,B075ZQXB26
fitsne,5000,3009,-28.492916448130693,6.763660446862546,5.0,B07GZFM1ZM
fitsne,5000,3010,15.373928138640384,35.7771554371894,5.0,B07P5GM4Z2
fitsne,5000,3011,11.625956387359322,-41.39786897902761,5.0,B07PC1DGYY
fitsne,5000,3012,16.27303804611061,-25.598870298226984,5.0,B00KCZSLHC
fitsne,5000,3013,59.238319361924916,0.41710901328704836,5.0,B01JOOM9GK
fitsne,5000,3014,-51.93772699394525,-22.96042889334559,5.0,B00009W3FR
fitsne,5000,3015,-6.373865266537895,-28.72268498826608,3.0,B07DC4RZPY
fitsne,5000,3016,31.440061839896796,-1.8345463301111644,1.0,B09NVQQCS1
fitsne,5000,3017,-18.071182942713385,22.588858403844448,5.0,B0BKR7WJK1
fitsne,5000,3018,11.357618241216883,-7.688567655938783,1.0,B07Q38RQG7
fitsne,5000,3019,-37.85685645264465,-1.998956365721673,4.0,B019Y5OGNS
fitsne,5000,3020,-37.42130514450489,-37.927578145628715,4.0,B00KHA1ZTS
fitsne,5000,3021,41.735657390655554,27.1092258821884,5.0,B002C03AIA
fitsne,5000,3022,36.75572090475421,11.21638026783569,4.0,B004PBLR3O
fitsne,5000,3023,8.95949487595393,12.308417505742153,5.0,B074D5Z4P2
fitsne,5000,3024,-17.068602662738286,-4.989594476499816,1.0,B0002Q7I2U
fitsne,5000,3025,32.971367965460445,-10.3678194972848,5.0,B008GGH4FY
fitsne,5000,3026,24.883056979114627,8.153996404177953,5.0,B006GWO5WK
fitsne,5000,3027,25.06292949928936,35.71667602499378,5.0,B009D7BJR4
fitsne,5000,3028,59.11852960287633,9.375921567607872,5.0,B0BZHJFFQ5
fitsne,5000,3029,37.4607639418443,-11.663891779058948,5.0,B08VHZDMYC
fitsne,5000,3030,19.30520242653449,-15.714503904677976,5.0,B06ZZY4VNW
fitsne,5000,3031,23.80673536758993,11.744100307048038,5.0,1400501466
fitsne,5000,3032,38.77484449786648,-8.924167231011628,4.0,B0BGP6X9NF
fitsne,5000,3033,26.476864134709807,0.21911821759262803,5.0,B07DPDT6LC
fitsne,5000,3034,-46.06492980510929,4.5523477141350615,5.0,B0B285L64J
fitsne,5000,3035,-27.441334128630576,18.343607800291338,5.0,B00IQXZXSW
fitsne,5000,3036,14.85748965439187,-20.143196784424394,3.0,B00S5BNIX2
fitsne,5000,3037,-33.5652308670943,-0.8630447716475927,5.0,B00CO07C5U
fitsne,5000,3038,8.113474474999457,50.77593873910401,5.0,B00AA9Q94C
fitsne,5000,3039,-44.563697193736495,-5.072164688352952,3.0,B006C13X4Q
fitsne,5000,3040,8.463085816424346,-13.735365870504046,5.0,B09PN77YZV
fitsne,5000,3041,-14.62656154913609,9.725194683015934,5.0,B000GABK8K
fitsne,5000,3042,-24.862954602475785,-28.66458501089124,5.0,B086ND88S1
fitsne,5000,3043,-38.123661321349616,-16.879176329542986,3.0,B079GPYJ3N
fitsne,5000,3044,29.37540992174447,-36.95955354723647,2.0,B07JPC1M9H
fitsne,5000,3045,23.139591240889686,-27.37077654023094,5.0,B07C64MGWQ
fitsne,5000,3046,6.581800737446633,-35.625251912617095,5.0,B07QQBVRVS
fitsne,5000,3047,-24.196074840384647,-28.59155084904731,4.0,B07D4734HR
fitsne,5000,3048,-26.284179484474755,-22.00967858133926,5.0,B07CT1X8V8
fitsne,5000,3049,-1.325179010768386,-48.1116314710601,5.0,B07DNZZCPX
fitsne,5000,3050,-7.532288915027835,-6.761766928469463,4.0,B07G5YXYFL
fitsne,5000,3051,-4.023737565412789,-45.294245682896715,5.0,B001W26TIW
fitsne,5000,3052,-0.8222468437395676,-10.472912283061927,5.0,B07DQF8LHL
fitsne,5000,3053,18.615085151643438,-43.34548067720834,2.0,B07FJGGWJL
fitsne,5000,3054,-34.74591373788743,-17.121175195136956,4.0,B01HL8LXQ8
fitsne,5000,3055,-6.090843799234738,-45.31200656838827,5.0,B07DNSZPXG
fitsne,5000,3056,7.792634744372625,-23.42380585292732,5.0,B07TM7WR7G
fitsne,5000,3057,-7.529398034782695,-6.757105159577794,5.0,B07M93Z1NT
fitsne,5000,3058,23.487228314654672,-24.683777017007,5.0,B07MV5B9XC
fitsne,5000,3059,-34.47396710547332,28.35626956227641,5.0,B07CHLYDJP
fitsne,5000,3060,18.42531502199599,-16.428959002372235,2.0,B07KHZ3GMS
fitsne,5000,3061,23.529369883448293,-16.968740160813212,2.0,B0C19LF9N1
fitsne,5000,3062,-24.818331760502616,-28.6650757738782,5.0,B01NAYSJZP
fitsne,5000,3063,-33.5287094888872,8.629332406321796,5.0,B079TSTB5V
fitsne,5000,3064,45.28982909526389,8.399753346238752,1.0,B09NKWBQHD
fitsne,5000,3065,0.294016957821648,-36.58312185780678,5.0,B01DRV2AS8
fitsne,5000,3066,21.925791030838386,-52.0052021478777,5.0,B00FZ1ABQM
fitsne,5000,3067,15.17524353914576,-46.79884932541952,5.0,B00F5JV4NS
fitsne,5000,3068,11.274659062997204,-34.34342894471245,5.0,B071K5BQPF
fitsne,5000,3069,-1.4786273636515024,-10.655405865033787,5.0,B0791TX5P5
fitsne,5000,3070,3.4441585725415806,-48.69971040959975,4.0,B07G4B7RKG
fitsne,5000,3071,14.552520676175646,-15.544526686414969,3.0,B0B4274T5Q
fitsne,5000,3072,2.45085666895402,30.456463666050443,1.0,B08F6GPRH6
fitsne,5000,3073,2.913727997848982,33.07004664563037,2.0,B0C58WY192
fitsne,5000,3074,2.9159911850258093,33.069959120170935,2.0,B0C2P8Y25Y
fitsne,5000,3075,14.204652994179511,47.72386622217973,3.0,B01K9HS4Q0
fitsne,5000,3076,-1.5530247236405246,27.04222624870774,3.0,B01C8BZGKW
fitsne,5000,3077,13.714954986373407,26.08039014528748,4.0,B001T9NVJI
fitsne,5000,3078,-26.657796694842737,-24.537873851594263,5.0,B00WUQ91YI
fitsne,5000,3079,16.30969489168542,-16.969272486526748,5.0,B00WUR607I
fitsne,5000,3080,-10.868405861276553,-29.37658658684246,4.0,B005NAQU1A
fitsne,5000,3081,-6.056604447686019,36.13821474291486,1.0,B001PUSERA
fitsne,5000,3082,-25.855445856596802,-5.007573774697189,5.0,B07S9THRC5
fitsne,5000,3083,-8.909710593301991,29.442973460415033,5.0,B0BX8DMYWL
fitsne,5000,3084,-25.175924549050205,-2.3794396883603866,5.0,B07H65KP63
fitsne,5000,3085,-25.754196363785635,25.37494546653969,5.0,B0BC86L9C1
fitsne,5000,3086,-16.353294806997894,-11.608265297294064,5.0,B0BVB9MRK1
fitsne,5000,3087,-21.57232650750794,-15.907135138386803,2.0,B071GQM5VF
fitsne,5000,3088,-10.806018581018636,-13.280582634307901,5.0,B01K8B8YA8
fitsne,5000,3089,5.2626725186880465,-15.726053665341961,5.0,B0B4SWZTZ1
fitsne,5000,3090,-12.541886477067631,-18.422839688181178,5.0,B07CLBNM1C
fitsne,5000,3091,-29.009560044435595,33.31779600768429,3.0,B09PFQ4H5T
fitsne,5000,3092,-2.888782620320492,46.890951648672385,5.0,B092PWBV1D
fitsne,5000,3093,31.86764903373289,16.14543208940718,5.0,B0C5XFWQ16
fitsne,5000,3094,32.21879210074088,22.7036864602508,5.0,B09TND753D
fitsne,5000,3095,47.90103293141536,6.5716679892425764,5.0,B07QG7FS3S
fitsne,5000,3096,29.489074904213474,23.56732760819173,5.0,B07T3KCQ94
fitsne,5000,3097,-19.62000839981067,3.4170398602446665,3.0,B08FC1KJ8Z
fitsne,5000,3098,-15.666972593858935,17.07046588702846,5.0,B09G2SFXSZ
fitsne,5000,3099,-46.43565150428224,-41.18496989754835,5.0,B08D8PC712
fitsne,5000,3100,-14.412466739882433,-47.37900076011829,5.0,B07RR5WZCR
fitsne,5000,3101,24.886340519616397,43.251587182041234,5.0,B0BC89JP1P
fitsne,5000,3102,-25.083035249900956,18.472527396959244,5.0,B017LSIXDE
fitsne,5000,3103,-28.194915099984318,-27.585974447127473,5.0,B0B59QBY9G
fitsne,5000,3104,-14.483578789762955,-42.08833096294436,5.0,B01A0MTS3W
fitsne,5000,3105,-9.418018909649902,7.980067242461685,5.0,B08MRTZWJ5
fitsne,5000,3106,-54.6287152919158,-26.51121325278303,5.0,B07GLXY253
fitsne,5000,3107,-54.62108220888158,-26.51053975680222,5.0,B07H3W1FD8
fitsne,5000,3108,-38.25170475649881,-18.98475669306315,5.0,B075K7JXFQ
fitsne,5000,3109,-3.374643955747576,-34.78817367849472,5.0,B0B46FYQVX
fitsne,5000,3110,-35.0651592057975,24.745485076151024,5.0,B07799Z6F4
fitsne,5000,3111,2.7779157599093374,27.504081222150727,5.0,B006WG5628
fitsne,5000,3112,-33.961173841893206,29.886129583071817,5.0,B074W4N5HZ
fitsne,5000,3113,21.69038893562662,7.244349754131361,5.0,B08X2DCF2B
fitsne,5000,3114,-24.438846619129087,-25.677753518650636,5.0,B01L3YMW8O
fitsne,5000,3115,19.30731362497382,-9.01765904498281,5.0,B00ZN07GBS
fitsne,5000,3116,20.850966973467504,-23.863555584693145,5.0,B00UBNCLGC
fitsne,5000,3117,-13.360710504334577,-18.71574281000192,5.0,B00MW5Y7F0
fitsne,5000,3118,9.58292262814369,-30.35249596195473,5.0,B08MV8WRJZ
fitsne,5000,3119,6.883729817950046,-47.362323383466126,5.0,B01K5W753C
fitsne,5000,3120,9.674442441590825,-2.6136594303788563,1.0,B075QC3TZY
fitsne,5000,3121,-22.29805941649699,18.567349635885872,2.0,B071JN93MK
fitsne,5000,3122,29.408360691592932,-39.42057332768682,5.0,B08YMVB98D
fitsne,5000,3123,37.46409527424332,0.30643466795947844,5.0,B0765VCQF1
fitsne,5000,3124,21.90858768370051,-27.430448140009705,5.0,B089F9YDFC
fitsne,5000,3125,-6.062667622500037,-38.72428691966333,5.0,B08KZ1TZYB
fitsne,5000,3126,0.13305766020765944,20.54018803052619,2.0,B08N5DB78L
fitsne,5000,3127,18.058155621272114,-37.57532292653528,5.0,B0BWQ2D1YL
fitsne,5000,3128,18.06553956621071,-37.59501919046897,5.0,B0BWVDRR6L
fitsne,5000,3129,17.6726055978665,-37.607544460171574,5.0,B07CLBNM1C
fitsne,5000,3130,-42.60110181427488,-26.962711835118167,5.0,B0BM8P66Y5
fitsne,5000,3131,7.454399605207985,-30.854607089721988,5.0,B000WBN7KW
fitsne,5000,3132,7.454189614594057,-30.854868846711636,5.0,B0B6D4W3R7
fitsne,5000,3133,15.954702160100968,-35.67400978952635,5.0,B08HVMVP91
fitsne,5000,3134,-21.532590067555997,27.416591718193526,1.0,B08VWZRB92
fitsne,5000,3135,25.762598664724273,-16.873768081713582,5.0,B0722RV8BD
fitsne,5000,3136,-48.75435445301863,-35.97476642045781,4.0,B00HEGP40E
fitsne,5000,3137,11.432150010214967,50.7813963811485,5.0,B008422IL0
fitsne,5000,3138,-6.084018811799689,16.666746691737522,4.0,B002YK5OX2
fitsne,5000,3139,-6.895419814345712,11.375359735473502,5.0,B000UXDHNY
fitsne,5000,3140,-35.71492565145927,-21.51528377535883,1.0,B0BRKGDT42
fitsne,5000,3141,24.67719907772352,-4.2761207410720266,5.0,B0933BVK6T
fitsne,5000,3142,-29.167306412958162,6.0250682055307765,5.0,B0C3NMZ2C7
fitsne,5000,3143,42.30570497870194,9.041916611632335,5.0,B08HGHSZ8N
fitsne,5000,3144,-24.08699909864894,-10.241237042805663,1.0,B092LS2DW9
fitsne,5000,3145,12.637702300130453,12.684814838806455,5.0,B0B751K1LV
fitsne,5000,3146,33.565766939754134,0.5698599286103689,5.0,B09W8XTYK3
fitsne,5000,3147,17.01130368699705,-7.539354430636812,5.0,B01N0QQ962
fitsne,5000,3148,-32.950256957787225,-9.229432588071617,2.0,B08YF1VBYD
fitsne,5000,3149,-17.375433403741813,-14.365433003371605,5.0,B07WNGQ8KR
fitsne,5000,3150,17.660902844077867,-20.3324147191704,5.0,B01ITOFEX6
fitsne,5000,3151,-21.868848585033003,1.7675258236630385,4.0,B01BEWBQDM
fitsne,5000,3152,24.147699369625986,8.294794965413116,4.0,B01BRWH8G8
fitsne,5000,3153,39.836503585747785,21.72261100897831,5.0,B00FJ8JC3O
fitsne,5000,3154,1.381924837565204,-14.41889688255266,3.0,B00G8B4JXE
fitsne,5000,3155,7.969427429510415,-21.39771947956089,3.0,B00DR0B31U
fitsne,5000,3156,-3.273366709228706,-20.939493671274125,1.0,B00D7QH9PS
fitsne,5000,3157,-38.876138816772375,9.416215859529448,4.0,B00BD8SZLE
fitsne,5000,3158,-40.701891282392566,6.425064196293977,4.0,B00E0ITM6G
fitsne,5000,3159,-11.204726417417094,-34.53041968390781,4.0,B07Y69FKM2
fitsne,5000,3160,42.59608703410516,-16.044190977839534,5.0,B0C3HNDTW1
fitsne,5000,3161,60.701861505975536,2.969239111621494,5.0,B07K3QSBW3
fitsne,5000,3162,-28.361913653200737,-26.78890007605094,5.0,B076Z6MS5S
fitsne,5000,3163,38.46186009956967,-0.5551449000288255,5.0,B07G33WLL1
fitsne,5000,3164,13.911934837290776,22.24234842924876,5.0,B082FBHMJV
fitsne,5000,3165,-36.103198430002784,-11.185242136945108,4.0,B097MBW35T
fitsne,5000,3166,-7.847379993394928,-1.656856273637134,5.0,B01LEXSQV6
fitsne,5000,3167,-32.25419980105265,46.26774261021564,5.0,B07RKYQGG4
fitsne,5000,3168,-1.3759934423778197,-0.5510343380731375,4.0,B071V7SV6P
fitsne,5000,3169,5.356351598283479,26.784538043445565,1.0,B0C6JPB6N3
fitsne,5000,3170,8.970984302555355,39.94913683801392,2.0,B07DRX79RY
fitsne,5000,3171,4.1609766219911455,24.369926383571606,5.0,B01B4J8OJ4
fitsne,5000,3172,-2.203671260217877,-20.101461856777323,3.0,B004S55GWK
fitsne,5000,3173,6.007046047392657,26.45322626461785,5.0,B0C16WKB95
fitsne,5000,3174,3.6993104564600077,18.302353462516148,5.0,B082F13J55
fitsne,5000,3175,-29.26127336924778,-24.854418325430643,5.0,B07FKFMRGF
fitsne,5000,3176,0.9431472610457121,19.960266142262554,5.0,B07FZVBRDW
fitsne,5000,3177,14.010572143066112,-3.313497569220583,5.0,B0B76XXRG6
fitsne,5000,3178,-28.379848254162674,-19.540522275298528,5.0,B0BKZQ9MYV
fitsne,5000,3179,6.999066181717549,-31.078126113728683,5.0,B09ZTXZ1MQ
fitsne,5000,3180,-4.638901349780737,5.061990565130447,4.0,B01LZDH3IR
fitsne,5000,3181,33.62873175773577,-26.870839286299265,5.0,B0BPG4DHF7
fitsne,5000,3182,-24.41716347188639,26.119525922905357,5.0,B0C177TK5Y
fitsne,5000,3183,-24.585105586136347,26.160576058253667,5.0,B0C177TK5Y
fitsne,5000,3184,32.58613355435437,-30.099669786140964,4.0,B095HVX3Y2
fitsne,5000,3185,26.34345329723507,-4.961173716191118,4.0,B09SZNN6Y3
fitsne,5000,3186,-31.167957837755694,49.080587310351355,5.0,B08D6XRT7L
fitsne,5000,3187,-13.804438203433486,-30.888151686975064,5.0,B0B12M535K
fitsne,5000,3188,23.56343948300761,36.93375933494036,5.0,B07BD4HTM8
fitsne,5000,3189,-22.817330963927766,19.940966573945065,5.0,B078N74NXD
fitsne,5000,3190,29.906571712258817,21.433652532577643,5.0,B076MJW31F
fitsne,5000,3191,44.03910656735527,7.395165288358194,4.0,B06ZZGPD4D
fitsne,5000,3192,-35.9782467432749,-34.63065839390014,4.0,B076FBTHMD
fitsne,5000,3193,-37.974287525039244,-33.38001514990552,5.0,B0778PCW73
fitsne,5000,3194,-30.715317995280415,-35.60257221617223,5.0,B079MSMRDF
fitsne,5000,3195,5.828367330208152,-2.9047188089448004,5.0,B09BDZ5297
fitsne,5000,3196,28.543159163405118,3.831458601291615,5.0,B07RGNMCVM
fitsne,5000,3197,-20.78977944085529,-21.35614254520921,5.0,B072C77LPK
fitsne,5000,3198,-16.39187020899222,24.380396164868134,5.0,B09PQQ4LZB
fitsne,5000,3199,-23.720744085800394,37.21817774718197,5.0,B085SGR1TV
fitsne,5000,3200,-23.71856537648004,37.22494911571367,5.0,B085S9XQ1X
fitsne,5000,3201,-45.359300274088994,-5.23384749366273,5.0,B089VT8KYF
fitsne,5000,3202,-41.93525681510646,6.135585670787398,2.0,B0BV3NWX67
fitsne,5000,3203,-20.564173339114443,32.69547210831899,5.0,B07XS5W3BZ
fitsne,5000,3204,41.416416704090764,34.96942412258571,5.0,B083R5QN26
fitsne,5000,3205,42.674713803989405,17.72814385078042,3.0,B08B3NKF9J
fitsne,5000,3206,-24.119699991771988,52.9683901034857,5.0,B083ZZ96PT
fitsne,5000,3207,9.093969918706273,-2.1107022911681956,1.0,B07FCTF698
fitsne,5000,3208,-14.69787363762755,46.074640502060895,3.0,B07V4GJDLN
fitsne,5000,3209,-40.875070440129605,8.211347294576942,5.0,B07CM5NZRC
fitsne,5000,3210,15.353979293342672,49.54812483999989,5.0,B07NQ9Q3QT
fitsne,5000,3211,51.52057605680919,6.78597121033825,5.0,B07ZZ595TG
fitsne,5000,3212,-26.736432109821397,45.52761857260063,5.0,B0BRT3SCLX
fitsne,5000,3213,-37.959255010852885,28.698952351586254,5.0,B07QKZX6JS
fitsne,5000,3214,40.691237868258796,31.22750937083787,5.0,B07K72MW7K
fitsne,5000,3215,8.313893751645214,51.33176591784652,5.0,B07VLPLP27
fitsne,5000,3216,21.098015828586703,52.14533826423062,5.0,B07P5R2D42
fitsne,5000,3217,21.098075049332497,52.1453669504154,5.0,B08Q4PLP1Q
fitsne,5000,3218,7.623999632451713,42.104601980003864,5.0,B09GFXT5LQ
fitsne,5000,3219,39.947876095353344,23.862825285484945,3.0,B07WZZXW7D
fitsne,5000,3220,-19.994549728071405,-7.187117069721055,3.0,B07DQYFCXM
fitsne,5000,3221,-20.805968898086814,32.514100601218566,5.0,B07XS83Y6N
fitsne,5000,3222,-9.397894449981695,30.4600517178078,5.0,B07QKPCWN5
fitsne,5000,3223,52.56455600266714,6.740947739858764,3.0,B07HCCGXZ6
fitsne,5000,3224,-26.541076097920488,-1.9741329249273805,5.0,B07MLY3JKV
fitsne,5000,3225,-35.47969361195676,30.443498976907012,5.0,B07STTXY55
fitsne,5000,3226,8.16078232663685,56.20446294703043,5.0,B07N7HWP59
fitsne,5000,3227,32.27893769920795,19.66410439142769,3.0,B07JHPZ7NY
fitsne,5000,3228,55.95498432189873,7.052351995827939,2.0,B07RPV215N
fitsne,5000,3229,10.090571615174252,13.063905423189459,5.0,B07JGSN975
fitsne,5000,3230,-25.84015415691455,1.4452856182695815,5.0,B07KTYJ769
fitsne,5000,3231,-23.250848418927806,-2.522716217395777,3.0,B07FQDMKFT
fitsne,5000,3232,-29.371828283567314,27.89500366545533,5.0,B07DWD3NNP
fitsne,5000,3233,5.609724798523715,6.767544914732265,5.0,B07HP4QYKQ
fitsne,5000,3234,-28.678946222765767,27.227410255129254,5.0,B07JMFQTC5
fitsne,5000,3235,8.92057816271812,15.523425751400453,5.0,B07G3N7M78
fitsne,5000,3236,3.6417795194214415,27.273227315304833,4.0,B07B1B8W17
fitsne,5000,3237,3.8909174026855764,27.370398513005362,1.0,B09PZ9MMQY
fitsne,5000,3238,-33.75094284017553,50.26122865938459,3.0,B0762QT7S6
fitsne,5000,3239,-42.68818744792179,6.779942519008742,5.0,B01DU67QZM
fitsne,5000,3240,9.144088902797302,-1.9607885646929946,4.0,B075QC3TZY
fitsne,5000,3241,6.421094696117345,31.88821533958361,5.0,B073VJVS79
fitsne,5000,3242,-33.813150862278874,48.23274916417102,5.0,B06XJNDYX8
fitsne,5000,3243,10.152955412565946,53.79425631348448,5.0,B0BVH2C84P
fitsne,5000,3244,10.105385504909245,53.7268818405432,5.0,B098RJMJTW
fitsne,5000,3245,-48.18694382994605,17.125012966447272,5.0,B07D19HKXB
fitsne,5000,3246,61.11973259889561,16.12808822026774,5.0,B078HH3Z92
fitsne,5000,3247,-43.060804626977685,-30.249387920671058,3.0,B076K6QXF5
fitsne,5000,3248,-33.73639339100834,11.632786987277765,5.0,B07BFTYT32
fitsne,5000,3249,41.391948825487475,34.950629528632035,5.0,B076PMVZMR
fitsne,5000,3250,23.248741461881664,37.31287571684644,5.0,B07CY79CKZ
fitsne,5000,3251,-13.71119029333982,46.01534027307397,5.0,B078JWNK19
fitsne,5000,3252,-46.83201261684564,-27.398771662902966,3.0,B076WTK9T8
fitsne,5000,3253,9.417804700342284,54.42010846810117,5.0,B01MZC303G
fitsne,5000,3254,-28.664186305434985,50.094841156115564,5.0,B077HD38VF
fitsne,5000,3255,-35.50680431280773,27.21963586782196,5.0,B078N74NXD
fitsne,5000,3256,-23.052173376086486,37.21645329957179,5.0,B07BWMNQTY
fitsne,5000,3257,2.86366149853473,21.386331486739895,3.0,B0B7N8S4T5
fitsne,5000,3258,-27.66447845844549,-3.193683505465221,5.0,B07CJZ5YHS
fitsne,5000,3259,7.769526552581099,42.82176031740301,5.0,B01DZK3J40
fitsne,5000,3260,40.46709890524927,7.251570221375217,5.0,B071QWWPJY
fitsne,5000,3261,32.46321648557414,34.08460822412443,5.0,B084Y41WCL
fitsne,5000,3262,-26.156234630937863,-10.54090722014135,5.0,B0BSDQJCWP
fitsne,5000,3263,49.4487391722619,-6.527578487878573,5.0,B071FQFSR2
fitsne,5000,3264,30.489047095095035,22.22089420056477,5.0,B07F9CQK4V
fitsne,5000,3265,35.71145100045187,7.473859019920923,2.0,B00ZTRYG3Q
fitsne,5000,3266,-19.101040484579716,31.41099971386111,5.0,B01NCUV35P
fitsne,5000,3267,-5.676648344922298,31.992551581610446,5.0,B06WP2Y7B4
fitsne,5000,3268,13.813030402862646,-8.067404400611274,5.0,B00JROCJY0
fitsne,5000,3269,-28.551380084275706,50.26240032684651,5.0,B01EOQ61KI
fitsne,5000,3270,11.95191510491994,-4.482884997826641,3.0,B0163JVYEW
fitsne,5000,3271,-35.265528633457265,-8.88870492180586,4.0,B0BG9GCSM4
fitsne,5000,3272,-6.138858227100278,31.898282041714044,5.0,B01HDC21FE
fitsne,5000,3273,-13.991343255167294,47.36911341565566,5.0,B017PDWTJY
fitsne,5000,3274,-12.313915867711284,41.57907228182202,5.0,B07WNYRQPT
fitsne,5000,3275,-12.200953063511555,41.79243902927893,5.0,B01B448PBG
fitsne,5000,3276,-12.198450396750454,41.78467280481547,5.0,B015OV4Z0A
fitsne,5000,3277,-42.188964969795286,3.6506064387141524,5.0,B01KICHFQQ
fitsne,5000,3278,-33.95176071001405,50.57533920420365,5.0,B01GPAOJJG
fitsne,5000,3279,-14.026212568980945,46.761804833670475,4.0,B01DBOX9HW
fitsne,5000,3280,-10.834493953127833,-9.247673801388869,4.0,B01CEAYWZW
fitsne,5000,3281,18.14537362692376,36.81231150866351,5.0,B07LBZNCPW
fitsne,5000,3282,34.7866295578545,7.452762417747442,3.0,B0182XHSVA
fitsne,5000,3283,11.752324149818529,-4.903465755478374,1.0,B012D4MMPG
fitsne,5000,3284,-11.438096195653435,41.29676798791715,5.0,B082JQM2NZ
fitsne,5000,3285,-11.3704441420472,41.242752929136934,5.0,B09J74RPGH
fitsne,5000,3286,41.3112362127617,9.313500811603145,5.0,B012VOOCR4
fitsne,5000,3287,2.6843807025781574,48.03547045861977,5.0,B00ZCFYT5K
fitsne,5000,3288,7.783553607189994,37.41052668125849,5.0,B00TKFEPHA
fitsne,5000,3289,-48.35856309581281,-28.934841333063865,5.0,B00ZBA3OSO
fitsne,5000,3290,39.22138472312982,-10.646208837061103,5.0,B00R5VS6G2
fitsne,5000,3291,-35.46860959316412,51.47567905294227,5.0,B099RZY28N
fitsne,5000,3292,-9.506145245783959,47.78106766165723,5.0,B00PAPMSLE
fitsne,5000,3293,-28.633993992560402,51.14242012131788,5.0,B01EYGOOLQ
fitsne,5000,3294,-33.99155191643394,49.12318274889536,5.0,B00ON7AX3U
fitsne,5000,3295,50.02854546570264,-7.032045487330621,5.0,B00IU7COAE
fitsne,5000,3296,34.10677426857997,9.286402857425053,3.0,B00LNTM2HG
fitsne,5000,3297,27.654823443754463,38.0601379826777,5.0,B00NGK92IM
fitsne,5000,3298,-39.55855354959285,-11.392951851027725,5.0,B01AS57B0I
fitsne,5000,3299,-44.99252489572897,-23.359250671158478,5.0,B00LSYHLR2
fitsne,5000,3300,7.745183836480354,37.29564053186384,5.0,B00MBFPT3A
fitsne,5000,3301,-17.688537406907216,31.314913564459406,5.0,B00GV4UIVA
fitsne,5000,3302,50.055633696087014,-6.802913414945879,5.0,B00FZ9SMVU
fitsne,5000,3303,42.3067253238922,11.682243112860391,4.0,B00EL8NIJC
fitsne,5000,3304,34.15587792923145,8.756599335608833,4.0,B00DQZT494
fitsne,5000,3305,49.26401429071999,-6.679787798076835,5.0,B00DQZTS8Q
fitsne,5000,3306,33.803363654759075,8.838895375125771,4.0,B00DQZT0AC
fitsne,5000,3307,-34.584479972897974,49.712714972323475,5.0,B00EXK14S0
fitsne,5000,3308,49.829183423089574,-10.713349147089989,5.0,B071HQ3Z7C
fitsne,5000,3309,2.743662257408633,48.231831382087236,4.0,B00AQRUW4Q
fitsne,5000,3310,34.19123517305592,16.677606809559187,5.0,B006422WSG
fitsne,5000,3311,34.0947945175972,8.833256810304267,5.0,B009WZRAQQ
fitsne,5000,3312,34.54331103004204,7.493234691379005,5.0,B008MF3OEY
fitsne,5000,3313,49.76724812239179,-6.361331096022657,5.0,B008LURQ76
fitsne,5000,3314,33.848486655178874,8.925721066455575,5.0,B009X0167Y
fitsne,5000,3315,33.79658133189913,8.925730309679619,5.0,B009X01C64
fitsne,5000,3316,33.87783429092941,10.32883217352878,2.0,B07C3PQHC7
fitsne,5000,3317,30.15257059118945,10.740786322693477,5.0,B006GWO5WK
fitsne,5000,3318,33.55001680192308,17.78208300996916,3.0,B000CKVOOY
fitsne,5000,3319,39.9205112743315,23.532987645758705,5.0,B00G5D6ER4
fitsne,5000,3320,34.20324891710121,16.67982807004735,5.0,B006422BWS
fitsne,5000,3321,39.89477828641997,23.618650129611737,4.0,B004YIZXEC
fitsne,5000,3322,40.363553524899864,23.5013144131382,4.0,B007MD2DJY
fitsne,5000,3323,49.76932107129609,-10.821666260191991,2.0,B06XKCPK5W
fitsne,5000,3324,-6.752040295617491,4.627286308060793,5.0,B005NESDDY
fitsne,5000,3325,49.36654551579497,-6.715811873206788,5.0,B006N1TF7E
fitsne,5000,3326,-22.410641058195427,-14.817814525744977,5.0,B004M8ST5O
fitsne,5000,3327,-37.55367172812633,-12.788080928028377,5.0,B0054QNL38
fitsne,5000,3328,37.09733491171303,10.957613632433057,4.0,B07G98G3BV
fitsne,5000,3329,-37.476476572572636,28.372636975811552,3.0,B07XG26541
fitsne,5000,3330,-29.794442672621056,30.489208900312057,5.0,B07WGPTZHR
fitsne,5000,3331,-13.644319624735953,8.142549026986474,5.0,B01HRVABD0
fitsne,5000,3332,-9.644326682201505,34.51660979580686,5.0,B08WQ55H4Y
fitsne,5000,3333,25.0011563756519,-1.0663541435730584,5.0,B00CRQUKQ4
fitsne,5000,3334,28.61107522098163,2.616870751773285,5.0,B00C5H9QDI
fitsne,5000,3335,-32.85221450081423,-17.289336677544537,5.0,B00XI9QUOK
fitsne,5000,3336,42.613945177372194,-16.03928262168198,5.0,B009BKVYZK
fitsne,5000,3337,-19.047484049584703,17.357650269001006,1.0,B08QTLS3R5
fitsne,5000,3338,-37.297090650680154,-43.26604681711838,5.0,B08LG67VW3
fitsne,5000,3339,32.81976521161979,29.53717159304661,1.0,B07N8VFFNS
fitsne,5000,3340,-22.407326908913404,18.496860070784106,1.0,B0BXL16HVK
fitsne,5000,3341,-23.06954096869479,18.377788487249788,1.0,B0CB11DLHG
fitsne,5000,3342,19.712620855779488,-22.201170090629244,5.0,B09GJJK9ZY
fitsne,5000,3343,34.199472436994746,15.119504771369067,4.0,B09YVMS3B1
fitsne,5000,3344,16.533960553395115,-25.443641555355132,3.0,B013FC2FKM
fitsne,5000,3345,6.141175070898307,-21.283906608407246,5.0,B077QS9KHC
fitsne,5000,3346,-29.728751895439753,27.29229809443409,1.0,B0BZ15FM42
fitsne,5000,3347,-42.03968113855797,8.485390215121136,4.0,B08ZKMJWJH
fitsne,5000,3348,52.00350999073372,-12.750864619822945,5.0,B075RD4SCC
fitsne,5000,3349,10.575056872810698,46.6129537847465,1.0,B07Q3VM5PH
fitsne,5000,3350,64.43966870812275,3.430710791093002,5.0,B07HMMRBGQ
fitsne,5000,3351,51.253443455711974,-13.319964365840152,5.0,B006R0VWSG
fitsne,5000,3352,38.3814522610318,8.173896858426566,5.0,B07DS5H8LY
fitsne,5000,3353,37.7758460323947,3.163972679941429,4.0,B00ZZ3C6QS
fitsne,5000,3354,47.14414985461714,-1.944266265620179,5.0,B013JZCAZK
fitsne,5000,3355,-42.073008511138575,-39.21253373843556,5.0,B018DOWITK
fitsne,5000,3356,-13.025725052941672,20.68905187751119,5.0,B008FSAS06
fitsne,5000,3357,60.210191125779396,6.0767056219056785,3.0,B09CTXCL6D
fitsne,5000,3358,24.411803746774474,28.677633930577844,5.0,B09L4X16B6
fitsne,5000,3359,2.1751747179318244,35.90051736367033,3.0,B017WYDD1Y
fitsne,5000,3360,2.3418020265873514,36.002947407201745,5.0,B084KQMH6V
fitsne,5000,3361,9.777112894286489,24.242910052190854,5.0,B088MCTLM5
fitsne,5000,3362,12.876910151084683,-3.518686033382788,5.0,B08J79T7CQ
fitsne,5000,3363,6.744389612214256,-12.996923570724311,4.0,B0BSXSYLRF
fitsne,5000,3364,26.378772855357436,10.34690012051614,5.0,B010BWYDYA
fitsne,5000,3365,48.196412418961245,13.583476173190556,5.0,B0031MQMU6
fitsne,5000,3366,19.6237975979208,-19.431133544372724,5.0,B08LZKCGQ6
fitsne,5000,3367,-33.661839047979925,-18.346285719807895,5.0,B09YDHLYRL
fitsne,5000,3368,-34.29318698159916,-14.942948806822653,5.0,B0BBMSYX16
fitsne,5000,3369,-52.351617944337384,-34.13424423152583,5.0,B01CD7J968
fitsne,5000,3370,-46.56228006934393,-33.80842143644304,5.0,B0797CHKDJ
fitsne,5000,3371,27.183016394206586,38.327364241498174,5.0,B00K4PAP06
fitsne,5000,3372,33.45372765544193,7.070835975585995,4.0,B00DQZQ5T6
fitsne,5000,3373,38.73118289777711,-6.621594300400545,5.0,B009NPLXGS
fitsne,5000,3374,56.727426280521655,6.3602423395497985,4.0,B01C7HZ47M
fitsne,5000,3375,59.93881532435934,12.176200116239745,2.0,B01522TOL6
fitsne,5000,3376,-33.66854047488118,48.22454670676041,4.0,B00CF030S2
fitsne,5000,3377,-37.077844846788715,-4.434115151923888,5.0,B005VBNYDS
fitsne,5000,3378,-37.465231777469654,-11.331277258163919,4.0,B00BLCLUQO
fitsne,5000,3379,59.67919850104751,12.323644141604866,3.0,B002VPE1WK
fitsne,5000,3380,-36.48641886171927,16.80696863967707,4.0,B00187P1HQ
fitsne,5000,3381,-37.90068531151901,-11.85240779957248,5.0,B007XOQI4S
fitsne,5000,3382,-34.09210636184925,-37.98543036081231,4.0,B0065VKQ34
fitsne,5000,3383,-29.563209811654374,51.33168121509158,1.0,B000CRFI8A
fitsne,5000,3384,-33.60830445409262,8.973493413161778,4.0,B0874YZVWK
fitsne,5000,3385,-3.0258666475066014,-42.5297995176165,5.0,B07Z9FFTG1
fitsne,5000,3386,-14.372253582777375,9.494563887070395,5.0,B09CPMSXHC
fitsne,5000,3387,-5.30800299298778,-45.837940943675974,3.0,B09ZGWQ67Z
fitsne,5000,3388,52.43447398143866,-7.438525086213664,5.0,B09FSZRG9Y
fitsne,5000,3389,-14.854030896695802,-34.86591927283936,5.0,B09DPZ1578
fitsne,5000,3390,17.405998783854926,36.30451180069563,5.0,B0BLTJMQ3W
fitsne,5000,3391,-13.296414993460145,-34.17827444861178,5.0,B09Y5GR45N
fitsne,5000,3392,23.159722291817378,43.817486461743215,5.0,B01N6SEXI5
fitsne,5000,3393,28.61182296413764,24.053774699965434,4.0,B07JKWH97B
fitsne,5000,3394,17.439943732670233,36.40909810273401,5.0,B084V9CJB1
fitsne,5000,3395,-38.826144302515004,-30.432923039767736,5.0,B07ZNBZCW5
fitsne,5000,3396,-3.047082787566633,46.9182548955397,5.0,B01NAVO5PF
fitsne,5000,3397,58.9700271986814,5.408042276442462,5.0,B07YFW6SKQ
fitsne,5000,3398,-1.5728561522910824,-7.9156804167395896,5.0,B00SFSU53G
fitsne,5000,3399,11.481626638902945,-35.03009265918338,4.0,B00K4QX99O
fitsne,5000,3400,-32.01457552144634,51.27319343403944,4.0,B07324B77V
fitsne,5000,3401,-9.36359105559628,7.885971961393553,5.0,B08MRTZWJ5
fitsne,5000,3402,7.915398334570609,-46.212714253980025,5.0,B01LH3DSB6
fitsne,5000,3403,27.19863557118614,-55.67757135212835,4.0,B008CQSDN0
fitsne,5000,3404,26.918099969456208,-55.97456398394254,3.0,B002AR5XIK
fitsne,5000,3405,28.389370607845027,-49.67387833752594,5.0,B000V3UX62
fitsne,5000,3406,26.91804858019873,-55.97541025573535,4.0,B00CE8DUYY
fitsne,5000,3407,26.916901424456814,-55.97545563682233,3.0,B0096PLB9O
fitsne,5000,3408,26.918023313046668,-55.97573577589924,4.0,B00BJH6A1Q
fitsne,5000,3409,7.953868714539659,-46.073735826953474,5.0,B00B0CQCCC
fitsne,5000,3410,26.918048549704228,-55.97541042074539,3.0,B00DSX557O
fitsne,5000,3411,28.761025631654597,-55.901665657565786,5.0,B00WY654TU
fitsne,5000,3412,9.074287184512887,40.167662281720155,5.0,B008J0Z9TA
fitsne,5000,3413,39.42606679522981,31.262878950768528,5.0,B0BXYXD1Q2
fitsne,5000,3414,-34.10561881075184,30.39014687418152,5.0,B013EKI2DY
fitsne,5000,3415,52.14534622918783,7.909294619113518,3.0,B01AAZWQL0
fitsne,5000,3416,-12.978152782203715,8.236977582673225,5.0,B08HRK6RT8
fitsne,5000,3417,51.361558420607444,0.8518299813483617,5.0,B07LGVQ8TC
fitsne,5000,3418,10.601294945767364,33.410618710136816,5.0,B07V2P6H3Y
fitsne,5000,3419,-20.026353367673863,25.59710221551256,5.0,B07K8G9142
fitsne,5000,3420,11.693993266713195,-34.01631831567756,5.0,B084DQY6TK
fitsne,5000,3421,4.238258699139274,26.706626446549862,4.0,B08RLW7918
fitsne,5000,3422,1.3376484809588547,-30.399577912803284,5.0,B0BC7QQXX5
fitsne,5000,3423,5.064634470303641,-16.533666825131338,5.0,B0791TX5P5
fitsne,5000,3424,31.108728961722132,11.101687931252833,2.0,B0741WGQ36
fitsne,5000,3425,26.1177793192708,5.965420039102897,5.0,B08J9NQ6CS
fitsne,5000,3426,-8.45812317871427,11.692107972321686,5.0,B0083YCFIK
fitsne,5000,3427,29.774497673227746,0.13727754867502096,5.0,B09VSZJHNV
fitsne,5000,3428,51.85636395058008,-17.618289333458222,5.0,B01EG5502W
fitsne,5000,3429,-18.56050924131228,-38.28457456502568,3.0,B07JY97R2B
fitsne,5000,3430,-30.589481214969773,-40.09701762312386,5.0,B01N4DUGHQ
fitsne,5000,3431,10.908126634937842,-24.263168905465815,5.0,B09MT8LK6Q
fitsne,5000,3432,22.865169220608042,-12.11518642084058,5.0,B01G2AJ5W0
fitsne,5000,3433,37.34980756541107,10.679525478736446,5.0,B00902SFC4
fitsne,5000,3434,25.827660735812394,5.745355170510051,5.0,B0086829D4
fitsne,5000,3435,51.3374578822167,13.005086694819052,2.0,B07B65Q3RC
fitsne,5000,3436,-1.6603306202083694,25.22608934718215,5.0,B0875M44Y5
fitsne,5000,3437,39.51647650836986,41.08085766385341,5.0,B00MK24EUI
fitsne,5000,3438,4.825075564377912,47.50529503921749,5.0,B0928VH1XV
fitsne,5000,3439,44.52713325248306,-5.38902217089806,3.0,B015QTOS0C
fitsne,5000,3440,36.20806461673626,0.2844059803786593,5.0,B00L661Z6U
fitsne,5000,3441,-6.655168551655824,-22.17375337590652,1.0,B000Q37TBY
fitsne,5000,3442,-12.740071597148319,-10.062739603658876,5.0,B079BZQ987
fitsne,5000,3443,-32.88505943083136,3.1052008366260417,2.0,B075X8471B
fitsne,5000,3444,-20.12209216618989,11.837611112616859,5.0,B0153CASRY
fitsne,5000,3445,-6.121470340941977,31.909666983366854,5.0,B079Z981R2
fitsne,5000,3446,-26.47834322928555,-11.14701181021787,5.0,B007IPZDNO
fitsne,5000,3447,2.0460347987248753,-48.20818333646279,5.0,B0001O04SS
fitsne,5000,3448,16.90031043233945,-0.5106286158200657,5.0,B000BJSEQW
fitsne,5000,3449,-10.698422362268884,2.847123313306879,3.0,B0001ZZ838
fitsne,5000,3450,27.594903121181563,-12.80474382853327,5.0,B000OUS3A0
fitsne,5000,3451,-2.2891051428968616,-21.363711588347133,5.0,B002L6HE6E
fitsne,5000,3452,18.46533474141641,34.79115625392069,5.0,B000P6MOG2
fitsne,5000,3453,-25.762415545906094,-22.155989557680734,5.0,B000065BP9
fitsne,5000,3454,-5.856719983373746,31.95853466953212,5.0,B0BZ5KPQZK
fitsne,5000,3455,34.09277219168164,-9.389278632808184,5.0,B071L6FK53
fitsne,5000,3456,40.62533485901322,-2.341471678765348,5.0,B00AX2DULQ
fitsne,5000,3457,16.275928142825496,-33.10468626790686,5.0,B00AX2DUQQ
fitsne,5000,3458,27.421125143671553,6.000413697518028,5.0,B010BWYDYA
fitsne,5000,3459,40.52330010920539,-3.7560488094625004,3.0,B06XPVC1BD
fitsne,5000,3460,-46.250443663812526,6.4412150173467335,1.0,B0BV3NWX67
fitsne,5000,3461,40.75270181674263,10.235047595499731,3.0,B08YNPQPR8
fitsne,5000,3462,11.287778659156462,12.359964714942146,5.0,B07VDPY2RL
fitsne,5000,3463,-27.19606415962085,-1.5278364213101876,4.0,B07MLY3JKV
fitsne,5000,3464,-1.920229285730297,-28.073506519199224,1.0,B0887X4XSD
fitsne,5000,3465,-8.483884363789779,10.936631635033692,4.0,B08PQC7RKN
fitsne,5000,3466,-25.908373602693903,1.1918381146805808,5.0,B07KTYJ769
fitsne,5000,3467,-26.170734351573806,-23.472073423760015,5.0,B0792K2BK6
fitsne,5000,3468,40.156473086445864,2.184218799160376,5.0,B00WTPH5SO
fitsne,5000,3469,-21.168298063006777,-20.195367276528334,5.0,B098B43MXM
fitsne,5000,3470,-24.70123594275117,-3.4360697461994074,5.0,B07H65KP63
fitsne,5000,3471,21.8915185317361,7.227670779419882,5.0,B01M3ULMWP
fitsne,5000,3472,31.156138003454064,-10.983443673453046,5.0,B0721MMN1M
fitsne,5000,3473,6.802641903442287,31.503547670391136,5.0,B0C21131CZ
fitsne,5000,3474,9.531124529193272,22.88718898999204,5.0,B0B5LCZY7N
fitsne,5000,3475,-33.44379561520418,-23.708239939660483,5.0,B0BLTVYRCF
fitsne,5000,3476,-39.58906196695997,23.816075707731017,5.0,B08QHPDHF9
fitsne,5000,3477,-31.498666683974054,-22.814389634474168,5.0,B0C5WN1QFK
fitsne,5000,3478,33.97952209122769,-2.970165568467511,2.0,B082B4WPNS
fitsne,5000,3479,-46.770084648079155,-28.917567946749994,5.0,B07G7VT8KQ
fitsne,5000,3480,-50.90387453122585,-25.272564565384933,5.0,B08PFW1S1V
fitsne,5000,3481,-2.6302055369957364,-10.159787989809697,5.0,B0C5SBGRNJ
fitsne,5000,3482,-47.16401611471435,-14.34901345336374,5.0,B0BXWV8898
fitsne,5000,3483,-14.036236387967623,-29.098529350164302,5.0,B001EZYMF4
fitsne,5000,3484,-47.00123103961151,-14.17213559926778,5.0,B089NDQJSJ
fitsne,5000,3485,-29.69230809016706,49.84712268229475,5.0,B0BS2TMK39
fitsne,5000,3486,1.8330397106064797,-13.864895218204133,5.0,B00TZAO9DK
fitsne,5000,3487,-33.75766860341543,-12.953869959455357,5.0,B094YFRL85
fitsne,5000,3488,22.534582537186818,-2.746367486667346,5.0,B00RNGOHO4
fitsne,5000,3489,40.34587734402192,-0.6756582966995558,5.0,B01HCHVUOS
fitsne,5000,3490,-30.51822806985413,-24.049393592580056,4.0,B00ZVJAF9G
fitsne,5000,3491,-44.64695061955649,-11.99235882890363,5.0,B00B9B4IYI
fitsne,5000,3492,-50.146749196045214,-8.719362454099095,5.0,B001MPWMDA
fitsne,5000,3493,-8.518467100859514,49.06678088917192,5.0,B001LOP874
fitsne,5000,3494,-31.16953424181112,-7.096032226908403,5.0,B000EPHR0C
fitsne,5000,3495,44.40737979904966,-11.311064219323747,4.0,B000FARNN2
fitsne,5000,3496,12.83074740161377,-46.51431098591726,5.0,B07725JKKY
fitsne,5000,3497,-6.089184155800143,-45.312194047473504,5.0,B0BMGZXST9
fitsne,5000,3498,27.009176598862783,-43.635030555732335,5.0,B08HPFJ6J1
fitsne,5000,3499,31.443916348335325,-21.921722200769008,5.0,B07PQJJMHD
fitsne,5000,3500,-49.66942175129142,-34.88537060084086,3.0,B09F5PYV9J
fitsne,5000,3501,35.99541033773095,2.745725256054223,5.0,B081CDDL1P
fitsne,5000,3502,-28.17003354409252,-32.21120006963478,4.0,B0BTLN9QH9
fitsne,5000,3503,27.598077647124555,30.574871821445527,1.0,B00CRXZVGQ
fitsne,5000,3504,22.594165449703354,-48.88265117516624,5.0,B07L3RSM2L
fitsne,5000,3505,-0.25337935653860466,-7.14954328747688,5.0,B07K843CLB
fitsne,5000,3506,31.83437018471782,12.48445509064589,1.0,B00Y5IQ7HS
fitsne,5000,3507,-41.73655028127594,-1.3803355575951635,1.0,B0BS1615YC
fitsne,5000,3508,23.25947112412045,-37.500293422248774,5.0,B01LYW41TH
fitsne,5000,3509,-13.386918025087153,-38.20793495709347,1.0,B07KQL6J9Q
fitsne,5000,3510,-48.4175462964487,-35.84485175575492,1.0,B07WWNNC1J
fitsne,5000,3511,2.1935952310203994,18.98507843761537,2.0,B07GZFM1ZM
fitsne,5000,3512,42.69307290903943,30.366133960989018,4.0,B0B4X15PCR
fitsne,5000,3513,-10.515657829119672,32.18502764584195,4.0,B0BNT7YX1C
fitsne,5000,3514,-28.971202548052908,22.785120068867393,5.0,B0C493YD8M
fitsne,5000,3515,12.60499380544419,6.209402508859814,5.0,B0BR3HFB4L
fitsne,5000,3516,61.085798686099864,16.029219729146252,5.0,B0BMLRK2HT
fitsne,5000,3517,-15.837342540071297,34.26415011945381,5.0,B0BWHHJQQ9
fitsne,5000,3518,21.958070936608088,37.69000377750088,5.0,B0C9F57ZG8
fitsne,5000,3519,44.2366705219668,15.795814975378084,5.0,B0C461JPR5
fitsne,5000,3520,43.68676733413831,15.431370395148504,5.0,B0C65RMTNV
fitsne,5000,3521,20.369983645624743,20.467696721847673,5.0,B0BBZC1FTG
fitsne,5000,3522,6.550962472284547,31.675056440107138,5.0,B0BM3581GL
fitsne,5000,3523,8.55060892324498,11.71217698904533,5.0,B0BT76ZMN9
fitsne,5000,3524,0.4010433318000345,16.918313340243223,5.0,B0BVB5R4HJ
fitsne,5000,3525,43.65517659648829,0.30643228257287175,5.0,B0BGX92F3J
fitsne,5000,3526,19.97962284251863,43.83133925394426,2.0,B0C1GNZZ1M
fitsne,5000,3527,-13.93524585404448,47.66572715135109,5.0,B0BM8TJY8S
fitsne,5000,3528,44.02125267914212,29.55595826995454,4.0,B0BN4X5WG1
fitsne,5000,3529,-8.70072158189651,48.42752203532052,4.0,B0C1NFW1HT
fitsne,5000,3530,13.148929626852647,12.871409391512392,4.0,B0BNWJN35V
fitsne,5000,3531,45.214256002424605,27.788198127241863,5.0,B0BTNH4TQ9
fitsne,5000,3532,43.90935696575357,15.443799335279175,1.0,B0B6C7F94W
fitsne,5000,3533,13.28430875989423,29.741078412179778,2.0,B0CB1HY9P1
fitsne,5000,3534,45.091431584355995,27.632627003200778,4.0,B0C48XL8M7
fitsne,5000,3535,-16.043732347362486,-12.126445332517433,4.0,B0BLVWK2BR
fitsne,5000,3536,10.873995370441316,13.966052965178424,5.0,B0BF55ZD6Z
fitsne,5000,3537,14.412789197894934,13.763573117793678,2.0,B0BB6YT4ML
fitsne,5000,3538,-15.475289689639542,48.233653101803014,3.0,B0BCWDGVTM
fitsne,5000,3539,-14.989223386521294,48.01544109390847,5.0,B0BND3RXWC
fitsne,5000,3540,29.34956120639684,23.160035887582858,5.0,B09M7RD84H
fitsne,5000,3541,-8.874532575802156,47.306202641000866,2.0,B0BV5NRPM5
fitsne,5000,3542,16.17402367785751,18.345271110660114,5.0,B0BBVMYMK9
fitsne,5000,3543,-8.790818554830363,47.20262508811253,2.0,B0B4RYZPFH
fitsne,5000,3544,10.836893770215795,13.719054520980622,3.0,B0BLCBHTZC
fitsne,5000,3545,13.078616466525228,13.22538864815715,4.0,B0B5GTGSTB
fitsne,5000,3546,-31.624923071199742,32.4375846063056,5.0,B0C2PVFRWV
fitsne,5000,3547,-28.8531366386732,27.04706323846152,4.0,B01I0VD8JA
fitsne,5000,3548,-46.09730953046599,-41.13776966648112,5.0,B07RZRT1TF
fitsne,5000,3549,-40.83469443409418,-29.912537476695512,5.0,B0142FEWD4
fitsne,5000,3550,-0.8525249131888392,-28.92511311779101,1.0,B0872FMZ82
fitsne,5000,3551,2.582053548513193,-5.500968642983327,1.0,B0CD2GYCTB
fitsne,5000,3552,-50.96551970738195,-17.77336060067362,5.0,B00JX6R9T2
fitsne,5000,3553,14.278375938367688,-23.972906679090144,5.0,B0090T8NL0
fitsne,5000,3554,-6.309600398192666,-69.65784227409407,4.0,B07XXWZKBT
fitsne,5000,3555,-5.379910893965013,-70.45452975948831,5.0,B0BRZFGB6R
fitsne,5000,3556,-3.3433813413432296,-69.87996869552548,3.0,B09VBWBHBC
fitsne,5000,3557,-4.385367743521468,-68.62537988779613,5.0,B09GLQ2PFV
fitsne,5000,3558,-4.711104265984954,-68.42344357539079,3.0,B084HM5WG1
fitsne,5000,3559,-5.362207764265907,-70.61587744920102,4.0,B0B8CPMS4T
fitsne,5000,3560,-4.465681745295246,-68.28859268390892,5.0,B07PHQ93TV
fitsne,5000,3561,-4.7540868925388535,-70.6285601953084,4.0,B08HPKB3H9
fitsne,5000,3562,-4.747750095326036,-70.4991326913822,5.0,B09DCCW5XZ
fitsne,5000,3563,-5.315506801384613,-70.17961773738644,4.0,B08KZKX21T
fitsne,5000,3564,-5.373553510050923,-70.49649709405709,5.0,B09FLC43DP
fitsne,5000,3565,-4.751153868797566,-70.37932037143841,4.0,B08F1P3BCC
fitsne,5000,3566,-5.330687840879352,-70.1863085267665,5.0,B0876WPHJ9
fitsne,5000,3567,-5.334867029656068,-70.20394338634593,5.0,B0BGPTTKVC
fitsne,5000,3568,-3.8473968331926858,-68.51027879571205,5.0,B09JF83P1H
fitsne,5000,3569,-4.6261976875109,-68.82896827269226,5.0,B086V1Z43F
fitsne,5000,3570,-4.254508800926528,-68.98310393866076,5.0,B07R4X3RTG
fitsne,5000,3571,-3.8666129524120048,-68.95734499599145,5.0,B0BXL7Y9ZB
fitsne,5000,3572,-4.518548897931293,-68.23705565174245,5.0,B07FP8VLXS
fitsne,5000,3573,-3.8922220671352425,-68.99553705704236,4.0,B07JPCWW76
fitsne,5000,3574,-4.038467118344091,-69.02757285798036,5.0,B0C6RGTGMW
fitsne,5000,3575,-4.90847651780648,-70.779838487722,5.0,B00BHM9Q0K
fitsne,5000,3576,-4.75471673629418,-70.35368773712942,3.0,B089R3W3D6
fitsne,5000,3577,0.8008607105264126,-60.69352213463633,3.0,B074XLN4GS
fitsne,5000,3578,1.3142785337942287,-60.651546791082964,5.0,B07KM2NR5K
fitsne,5000,3579,-3.8734284862278567,-68.44325897638194,5.0,B06W568Y6C
fitsne,5000,3580,1.7431285558384244,-60.57904407852363,5.0,B07PS179D8
fitsne,5000,3581,-4.536262793024798,-68.18549757021353,4.0,B01H5RHG9S
fitsne,5000,3582,-4.739929400883082,-68.63867013459091,5.0,B099NY674N
fitsne,5000,3583,-5.541792144120834,-69.14118675972513,5.0,B06X6BTQ8N
fitsne,5000,3584,-3.9190493253585097,-68.35636437847157,5.0,B0BN74ZJDK
fitsne,5000,3585,-5.5257303744185275,-69.1479218191656,5.0,B01LWPGB6C
fitsne,5000,3586,-4.159882080678338,-68.14538665798237,4.0,B07PRC9KVY
fitsne,5000,3587,-4.235807345111544,-68.98882197134746,5.0,B07QPTS1JQ
fitsne,5000,3588,-5.334513187082955,-70.20322915217167,5.0,B0043T7FXE
fitsne,5000,3589,-4.758532145353624,-70.3187790781752,5.0,B07QLSGMXC
fitsne,5000,3590,-3.7882842212406236,-68.81661539572882,5.0,B0C449B8FT
fitsne,5000,3591,-31.891409886423602,-26.666254924978645,5.0,B07HGJQCL9
fitsne,5000,3592,41.77617205691259,28.4862467867683,2.0,B07GZGXB27
fitsne,5000,3593,-6.981128576263089,42.586292142863094,5.0,B004XD8KXE
fitsne,5000,3594,-22.54112510691926,19.81309784465616,1.0,B0C7THZNCB
fitsne,5000,3595,40.74829508833885,5.40476109629634,5.0,B09L511K6J
fitsne,5000,3596,7.103761374084718,12.676409723639594,5.0,B0BQ7F5QD3
fitsne,5000,3597,5.828177356969249,32.68168466485797,3.0,B08QV7TPDW
fitsne,5000,3598,55.726117091308005,8.196810213062545,5.0,B08SQ2XXX8
fitsne,5000,3599,32.5392355357769,19.969489804748765,3.0,B08TLZQXB1
fitsne,5000,3600,50.62989617998811,9.74286872337622,3.0,B08GFM3RG7
fitsne,5000,3601,-6.58323257573407,4.371997065006227,4.0,B089F9YDFC
fitsne,5000,3602,41.59293770057441,34.51358528798082,2.0,B08NDVF9VG
fitsne,5000,3603,55.515262339612484,8.10785317864958,2.0,B08NPX3B8M
fitsne,5000,3604,55.547980300171105,8.124788615315014,5.0,B08FJBNFWK
fitsne,5000,3605,32.58453154453003,19.054058504498954,4.0,B08B1W2LYL
fitsne,5000,3606,-24.89349149523521,30.203328477797424,2.0,B07MLVKBQM
fitsne,5000,3607,42.255887402574444,8.490000189301572,3.0,B08CBPH3MW
fitsne,5000,3608,41.94316641841991,16.55405255568263,4.0,B07WC81LRS
fitsne,5000,3609,42.63962416573343,37.718369112338785,4.0,B07G28NF3L
fitsne,5000,3610,42.26500641601228,8.163930599040803,5.0,B06XRTFG29
fitsne,5000,3611,30.604226065666854,-21.612876872527586,5.0,B09X5RHMRZ
fitsne,5000,3612,-7.338030994560376,4.580634997337328,4.0,B09BP1LB8L
fitsne,5000,3613,9.049275199769665,28.406660771708182,2.0,B07PCQ3W1C
fitsne,5000,3614,-44.73070932411327,-23.18968148003477,4.0,B0BGT3RRRR
fitsne,5000,3615,10.16717465851644,12.998069287449017,4.0,B07JGSN975
fitsne,5000,3616,-40.47856613309412,-20.022644654096478,2.0,B07D81YXPH
fitsne,5000,3617,32.96663093635944,17.754236581667687,3.0,B07J1GYCWC
fitsne,5000,3618,-49.00628797362762,18.215007320646315,5.0,B0792LX8P5
fitsne,5000,3619,-26.90102570081972,28.367481561583126,5.0,B07DDLX3HC
fitsne,5000,3620,-26.87187229005003,28.252468130425093,5.0,B07DTJ7RV5
fitsne,5000,3621,32.9500344067461,17.851056429830592,5.0,B07Z3ZF5NG
fitsne,5000,3622,41.22710806352521,35.02770594433521,5.0,B08YMVB98D
fitsne,5000,3623,32.44578830910746,34.080447430316994,4.0,B078WSWCWH
fitsne,5000,3624,6.3501887198735405,45.24386150842062,4.0,B0771R6PFQ
fitsne,5000,3625,-26.33343574780595,34.130501506128965,5.0,B09YYX736L
fitsne,5000,3626,-29.286348683202228,-14.956241340600059,4.0,B0742RKNKP
fitsne,5000,3627,29.648625718104842,22.34747072059535,4.0,B08XD4N3K4
fitsne,5000,3628,22.489265098237045,16.5297256905768,4.0,B01D3NROZE
fitsne,5000,3629,-40.61456038669564,-12.628681624038201,3.0,B06X9FX834
fitsne,5000,3630,-40.54333157571938,-12.63089476454672,4.0,B01N17AQ7U
fitsne,5000,3631,36.843602839602255,11.372893312573309,5.0,B07BLKHQK6
fitsne,5000,3632,-48.03621450428586,-24.871302975822278,4.0,B01I095OO4
fitsne,5000,3633,17.18941443786967,3.18227529296211,1.0,B01N6JCWPI
fitsne,5000,3634,38.39992715719396,26.61125943154447,2.0,B01A33NUH8
fitsne,5000,3635,32.617442496226346,20.697703788741904,5.0,B00Y0M32TK
fitsne,5000,3636,5.980217795614848,28.295435260686215,2.0,B0167KVZTQ
fitsne,5000,3637,-50.7580915058372,13.64840331980738,2.0,B00ZXI2MJG
fitsne,5000,3638,-39.65069972537786,-11.256108382702992,4.0,B007ZG03DG
fitsne,5000,3639,-39.14702135011052,-10.035324311751873,4.0,B011IH6MBO
fitsne,5000,3640,-40.80238778186902,-12.146538027013369,5.0,B013G6TMUS
fitsne,5000,3641,-41.288779948072495,-28.752019450714275,4.0,B00JJVG08W
fitsne,5000,3642,-35.598158067731426,51.178157950268215,5.0,B099RZY28N
fitsne,5000,3643,37.033128931240405,9.603160423511065,4.0,B00DVFLJKQ
fitsne,5000,3644,24.80605878436358,37.12964536414869,4.0,B00O0M750W
fitsne,5000,3645,33.81990184711101,16.898864901887674,3.0,B00OD37KZS
fitsne,5000,3646,-40.518445884243256,-30.8711133528546,5.0,B00WUEKA2C
fitsne,5000,3647,-41.115614036828816,-11.754030605183909,2.0,B00MPMK3GW
fitsne,5000,3648,7.706383193733672,44.034924836022185,5.0,B00IYOJD84
fitsne,5000,3649,-6.656867775566325,10.898861812640853,5.0,B000BNY64C
fitsne,5000,3650,-48.690255298612655,16.498115818119214,3.0,B00DIFIM36
fitsne,5000,3651,-42.99047561534075,-19.63944134380655,5.0,B0BYSP9676
fitsne,5000,3652,7.519714156016407,42.98120165359726,5.0,B00A4A1TYM
fitsne,5000,3653,7.052356313746832,4.129002407461994,5.0,B005DQG5SC
fitsne,5000,3654,6.63892869326262,41.59212612789885,5.0,B00109Y2DQ
fitsne,5000,3655,6.9157173299954025,41.454419998222825,2.0,B0026H5DFM
fitsne,5000,3656,6.363705838253959,41.60666097082032,1.0,B002P5KOXG
fitsne,5000,3657,-20.391221877605616,-9.086720158484527,5.0,B00009QOS3
fitsne,5000,3658,5.711044978325864,-2.3264200290618353,3.0,B002XDRWZS
fitsne,5000,3659,9.690553611199984,-32.4166281037228,5.0,B09TQMFXR5
fitsne,5000,3660,-26.672789511922485,19.7550240913345,5.0,B07P7KG4TJ
fitsne,5000,3661,-33.26024600790237,31.012210478553442,5.0,B0BMQJYLQV
fitsne,5000,3662,-39.03193763597006,33.73308085652691,1.0,B07BYB11K5
fitsne,5000,3663,-17.103575501584405,18.261337226441025,1.0,B091GDK56V
fitsne,5000,3664,-11.795469259841703,14.118169684150413,4.0,B07GRS3T39
fitsne,5000,3665,-10.632203325599122,32.911068131245074,5.0,B08WZCCBQJ
fitsne,5000,3666,-10.749938057530466,35.356756795550375,5.0,B07H65KP63
fitsne,5000,3667,44.11915081819941,2.1698440548213873,5.0,B08F3842HL
fitsne,5000,3668,23.632639283895273,1.2129201249280264,2.0,B0C2Q5KR4N
fitsne,5000,3669,38.19677957130408,-4.958300665917631,5.0,B08VJBG4Q5
fitsne,5000,3670,27.076554166628412,-42.93274836118139,5.0,B07RWCK6KX
fitsne,5000,3671,-11.260371163786857,-32.52289740945339,4.0,B0C6L1SNTV
fitsne,5000,3672,-41.070908026123014,-3.363518520801115,1.0,B0BGRL2618
fitsne,5000,3673,-10.67029952434283,-33.41395175355573,5.0,B0B1QG1V5P
fitsne,5000,3674,-18.31881622263534,23.90659721694897,5.0,B0BJKGH183
fitsne,5000,3675,14.034387236349113,3.720410202152013,5.0,B0BBF4N2FT
fitsne,5000,3676,-11.027741158120921,34.58020428463774,5.0,B09WCL9HRK
fitsne,5000,3677,-0.926247777882427,-10.894629070550247,5.0,B08T6GN9GV
fitsne,5000,3678,25.392318785546202,23.88137267130548,5.0,B0895FSRBC
fitsne,5000,3679,-10.827133825546024,20.58987695476147,2.0,B092HSPZJ3
fitsne,5000,3680,46.029236554693945,-19.21152570529539,5.0,B0972FX87Z
fitsne,5000,3681,-22.044402461569124,-12.705416439806463,5.0,B09NDHMLY3
fitsne,5000,3682,26.283325731395518,-5.342677369959403,5.0,B08MV6Q6BJ
fitsne,5000,3683,28.279039750448582,-1.224754236672126,1.0,B08D3CGWV6
fitsne,5000,3684,27.184004821547365,19.21459544185115,4.0,B08ZJKHX28
fitsne,5000,3685,35.7452646932121,-17.203979371667383,5.0,B07C3ZGG2P
fitsne,5000,3686,28.510566128694702,-1.4292608914941032,3.0,B00EY2Q1AS
fitsne,5000,3687,-16.662754435468027,-18.430217120295815,5.0,B0C5829XY7
fitsne,5000,3688,30.890196142903793,-30.499141895666526,5.0,B09TQZSZ51
fitsne,5000,3689,22.759562868245812,-12.349336508007996,5.0,B0836G48XD
fitsne,5000,3690,-42.12177034108912,-37.09655309209875,5.0,B0851Z83VV
fitsne,5000,3691,22.2240193501108,3.0313896364137802,5.0,B0C4Z5NQKJ
fitsne,5000,3692,-2.3531783990324633,30.09191394718122,5.0,B00JVLLE7C
fitsne,5000,3693,13.069104241705235,4.365404600571827,5.0,B07WHTQW4X
fitsne,5000,3694,-3.045215597049798,-23.26050997073173,1.0,B008I640HW
fitsne,5000,3695,7.754708111282256,-28.65889553580294,5.0,B075DHMSKQ
fitsne,5000,3696,31.376595298285352,-21.71864300058602,5.0,B07FT87W4X
fitsne,5000,3697,11.228585092513281,24.18677133507587,5.0,B09NDHYLRH
fitsne,5000,3698,-37.358622647944024,-43.312551032020764,5.0,B0B4PXG2H8
fitsne,5000,3699,1.8690831829100665,-9.63912041817176,5.0,B01IEU7UZ0
fitsne,5000,3700,9.933472976496146,-28.128844538914755,5.0,B019PZMVN4
fitsne,5000,3701,31.875443355062373,3.729046160975151,1.0,B00OPSSWO4
fitsne,5000,3702,-35.99929170831004,-37.61169834908349,5.0,B0BRNTHSLP
fitsne,5000,3703,40.32454541118237,-28.97646212680232,5.0,B0891V9KDC
fitsne,5000,3704,-17.71024161220886,-5.2997388099197495,5.0,B00NNY1SNI
fitsne,5000,3705,-29.96336712167601,-24.982421380619435,1.0,B0BD7FN8K9
fitsne,5000,3706,-32.9282147853972,-8.80974187812342,1.0,B09VDYNVKS
fitsne,5000,3707,42.95895794953469,30.55678257083177,5.0,B00CYX26BC
fitsne,5000,3708,-36.98784111766485,8.48347524294311,5.0,B08VWD7M67
fitsne,5000,3709,43.47166153121972,31.135153500496,3.0,B0BF7YTR5Q
fitsne,5000,3710,19.296128140659214,36.76095112423389,5.0,B0BRR8T4FH
fitsne,5000,3711,-45.71334091219273,-24.945836569850517,3.0,B08RB1DBQY
fitsne,5000,3712,-44.344639905524474,-32.91568305010425,1.0,B08FX6FB1S
fitsne,5000,3713,31.471627930935103,4.322386692168935,5.0,B07YJ1RD3B
fitsne,5000,3714,32.877787411524025,15.38732335241673,5.0,B07N5ZPYFK
fitsne,5000,3715,-40.99738343865738,-35.204160889631154,4.0,B07S764D9V
fitsne,5000,3716,28.138274163498124,-32.917843222138835,5.0,1891396722
fitsne,5000,3717,-31.113310413822784,-20.502320907609715,5.0,B07PGGFFW8
fitsne,5000,3718,16.027302753641194,6.257016283376983,5.0,B0BL3B12HK
fitsne,5000,3719,7.943713347762412,-30.48085393686374,5.0,B00DYQYLP2
fitsne,5000,3720,6.471606820473009,-31.255456593971754,5.0,B00CE8DUYY
fitsne,5000,3721,19.394366734008265,-4.6361202390089105,3.0,B07Q72SWTP
fitsne,5000,3722,1.622984585873949,-42.90319084126827,5.0,B07CZZM9J5
fitsne,5000,3723,-15.075032594573878,32.544345498451506,5.0,B08698CM5W
fitsne,5000,3724,-10.206207077491161,-31.122310308810697,5.0,B0BBV96SD7
fitsne,5000,3725,11.211803314479635,-10.897098717133902,5.0,B07Z95LWK5
fitsne,5000,3726,29.673114144547814,5.291408372673414,5.0,B07SFLKCFN
fitsne,5000,3727,-24.40807859818951,21.507537503257556,5.0,B07RGJYJS5
fitsne,5000,3728,6.665133021109132,-3.9354974694004174,5.0,B00XIVH2LI
fitsne,5000,3729,35.00904348324974,4.998255184251679,5.0,B004B8QOWU
fitsne,5000,3730,28.48320232101465,8.091321691420918,5.0,B003DZ168E
fitsne,5000,3731,31.783857187243026,6.577351945684488,5.0,B004JXVOFE
fitsne,5000,3732,-44.67007024222721,-25.968122013613904,5.0,B001PBWNOY
fitsne,5000,3733,24.301122367473805,-52.416701461212746,5.0,B0C1CMV4T7
fitsne,5000,3734,20.817546331429696,-46.601618467991756,5.0,B09ZH6PG3G
fitsne,5000,3735,10.226973163332204,-54.51771074681829,4.0,B01GEGO6FS
fitsne,5000,3736,24.300924293676026,-52.41665929036026,5.0,B083NC7SCB
fitsne,5000,3737,10.064391536956771,-55.04943394514479,5.0,B0BJ4VTSLC
fitsne,5000,3738,4.97981250454293,-40.512701184595485,5.0,B08HSPKMKQ
fitsne,5000,3739,3.2481103137273655,25.4206568592455,5.0,B0831FDDK7
fitsne,5000,3740,5.032777046454569,-16.698358529049887,4.0,B00E9MD700
fitsne,5000,3741,-23.21179379722702,12.805477248510353,5.0,B09VXT3PC5
fitsne,5000,3742,14.310793929938937,-50.628480379088195,5.0,B08CLNX58K
fitsne,5000,3743,-29.40526105814837,45.579154047027956,1.0,B0BHMVBV9M
fitsne,5000,3744,-10.290840370975621,-0.28097979815065943,5.0,B09WHR6NRB
fitsne,5000,3745,3.9655879219730683,-44.442545685631245,5.0,B07L1N4W4Y
fitsne,5000,3746,-9.655838922864111,-44.32818561698329,1.0,B085ZZ243N
fitsne,5000,3747,27.323716598696503,-13.821430207484065,5.0,B0751HWFQY
fitsne,5000,3748,-0.6085124414842131,-35.25552790994773,5.0,B078T633Q9
fitsne,5000,3749,-32.37371519945113,24.013645073086106,5.0,B07Z4PXXBS
fitsne,5000,3750,43.53204127099928,-2.623680340081006,5.0,B0BX65VLJ9
fitsne,5000,3751,-23.332190803934065,28.55242846367615,1.0,B0BZ15FM42
fitsne,5000,3752,14.729941080598927,-32.092476234098214,5.0,B08M5YL7GW
fitsne,5000,3753,-25.681927488194834,-4.565041361269084,5.0,B07456BG8N
fitsne,5000,3754,8.201777583301272,-45.51196590607287,5.0,B01K8B8YA8
fitsne,5000,3755,-37.498929822827705,47.41980634432812,5.0,B00IF0JAIU
fitsne,5000,3756,-16.813666723770808,-18.3507165710008,3.0,B09G9STJF6
fitsne,5000,3757,1.5789795305753829,-11.082184190857339,4.0,B010BWYDYA
fitsne,5000,3758,8.915747161554828,-17.395073756898785,5.0,B003SWLRLS
fitsne,5000,3759,15.078228169293327,-47.5201910152005,5.0,B07KTYJ769
fitsne,5000,3760,-25.32491584179,-12.56595093778046,5.0,B09YGYC783
fitsne,5000,3761,-33.1791535635775,-0.37670177848264974,5.0,B0BVBFPD2X
fitsne,5000,3762,-1.7509986975793415,-0.7496537603725453,5.0,B083FFPJC1
fitsne,5000,3763,-31.457034695747392,14.070064404310578,5.0,B08L3C66BK
fitsne,5000,3764,-37.862200075917784,10.528622403417383,4.0,B086VRY8GZ
fitsne,5000,3765,-27.97368701756837,29.65202785735492,5.0,B07VPBFW43
fitsne,5000,3766,25.912383800148802,-26.964728727224887,5.0,B07F4MYW5B
fitsne,5000,3767,-33.25343023832401,5.861071156658744,5.0,B07CHX3TNJ
fitsne,5000,3768,6.705978594831708,-13.151744404391275,5.0,B07P374FF3
fitsne,5000,3769,26.923540458088066,-29.994213575954284,5.0,B01FLSXRT6
fitsne,5000,3770,26.579166002801507,-29.7555939324089,5.0,B09WDS7KLW
fitsne,5000,3771,-18.08778180194153,22.54833759912862,5.0,B00EZMZULI
fitsne,5000,3772,38.65562548764841,-4.9393065425008595,5.0,B07BRQPVFZ
fitsne,5000,3773,40.911438746222316,-4.855691487367225,5.0,B007FG43R8
fitsne,5000,3774,61.960330962516636,8.333852610700786,5.0,B09NR95LFW
fitsne,5000,3775,-2.631586715330139,17.406574053839396,5.0,B0BR3GJ3J9
fitsne,5000,3776,-45.853384513154225,-33.90103548707619,4.0,B0BTY9GGP7
fitsne,5000,3777,52.194907825440815,5.6216772409342095,5.0,B0BP6V5PHH
fitsne,5000,3778,-23.498037759040237,24.40317907578175,3.0,B0BSFZXBPN
fitsne,5000,3779,-23.248793068925988,24.352369541115642,3.0,B09NCXYHMV
fitsne,5000,3780,51.15233095227963,-11.23052443456819,4.0,B09X5XJ9BT
fitsne,5000,3781,-44.50577160805843,-31.424564373582907,4.0,B0BB2GRZFG
fitsne,5000,3782,-17.382714944263945,33.300754684724005,4.0,B0B3XPTKJH
fitsne,5000,3783,-18.560138295559778,-6.236300397615315,4.0,B09YHBRHC4
fitsne,5000,3784,-53.377372103918674,-5.781982077006808,4.0,B0B3D7FSMY
fitsne,5000,3785,-37.300556791567814,-20.859847097286227,5.0,B09ZQSD516
fitsne,5000,3786,62.422226871827526,10.99056062261941,4.0,B09TP1XDL2
fitsne,5000,3787,-0.582627892861183,16.077300205523123,5.0,B0B6RJW8FS
fitsne,5000,3788,-0.9554914707705745,16.06881617844358,5.0,B0BKKWQ983
fitsne,5000,3789,-17.898063331160603,-6.042167718769144,4.0,B09VH12VJV
fitsne,5000,3790,59.81590823059873,11.189705767299246,5.0,B09V5L1LRJ
fitsne,5000,3791,14.42388901534845,7.306713538352156,5.0,B09TXCQ1PM
fitsne,5000,3792,-15.426980369566312,33.250282480419536,5.0,B09JBD923G
fitsne,5000,3793,-15.436867978594732,-7.037450394575501,5.0,B09PVB4272
fitsne,5000,3794,-40.576812949260166,-27.93139073741025,5.0,B09J31ZBB1
fitsne,5000,3795,-17.23596651138032,33.3569810931753,5.0,B074DWW665
fitsne,5000,3796,-23.41499116609177,24.560350232696848,5.0,B09FJ84PGH
fitsne,5000,3797,52.138758191642395,5.353224407241883,5.0,B09HXHQ1L1
fitsne,5000,3798,-12.316612763227564,34.89499838403519,5.0,B09M8991B5
fitsne,5000,3799,-0.6218306934617304,17.198631741679186,5.0,B0BNQNLMVS
fitsne,5000,3800,-0.23659177192336892,16.840779332746536,4.0,B09GFX6T6G
fitsne,5000,3801,55.67638337866579,5.48344881836069,5.0,B09DKNYKCN
fitsne,5000,3802,-10.5575945386899,46.031086792465175,5.0,B09F5TF4TQ
fitsne,5000,3803,-10.250606327176822,46.089865965399596,4.0,B08NX53RV3
fitsne,5000,3804,-24.883760008115136,13.345997650941088,4.0,B08NV6PJW9
fitsne,5000,3805,56.89160144826578,5.868805337348427,5.0,B08SC8Q1H5
fitsne,5000,3806,56.29153948055333,6.215284909896029,4.0,B094CFZLPR
fitsne,5000,3807,-38.040404773477434,-16.013913532480256,5.0,B08SW2BZ1P
fitsne,5000,3808,-33.92233517518894,0.6686228181375505,5.0,B08LCZ6MS7
fitsne,5000,3809,-24.863100703879308,13.361977848489202,5.0,B08B39FF2Z
fitsne,5000,3810,52.138391921218414,5.721699245160041,5.0,B086RQQCQ9
fitsne,5000,3811,-46.244906964405416,-14.418273264096024,5.0,B0BR89N1H7
fitsne,5000,3812,43.500240160517194,17.64985545076221,5.0,B08B3KD42F
fitsne,5000,3813,-27.03564817564926,20.28818173340878,5.0,B082T84YJQ
fitsne,5000,3814,-12.697719595518274,44.68637362598434,5.0,B07Q3CW9WM
fitsne,5000,3815,-12.307715388771399,45.185768170832915,5.0,B0859TMPHT
fitsne,5000,3816,34.81630424467523,-29.078202155494324,4.0,B084ZYD2SN
fitsne,5000,3817,43.28690445314513,17.612170836419093,5.0,B07ZH2WYV4
fitsne,5000,3818,-20.744114029342168,31.048159634416056,3.0,B083ZBRKX9
fitsne,5000,3819,-42.41123406398937,-23.30941256026099,5.0,B0C5MCNJKR
fitsne,5000,3820,-42.32936558151676,-31.20370924799826,5.0,B09TS8ZL94
fitsne,5000,3821,-24.5781373710008,13.35460480544598,5.0,B095L8F33R
fitsne,5000,3822,59.15465815132625,6.974235891332165,5.0,B0C8Y7KTML
fitsne,5000,3823,59.11735435268684,7.012874044077137,5.0,B07W7Y3KZK
fitsne,5000,3824,44.32151993587274,0.9412217269247906,4.0,B08ZSSG82Y
fitsne,5000,3825,6.008500803318728,-25.936623058074797,5.0,B07C7LN2W1
fitsne,5000,3826,-41.42083993841284,-24.206330442219073,5.0,B07WC183S5
fitsne,5000,3827,51.66612710463373,4.3888066664196455,4.0,B07DCPKRL1
fitsne,5000,3828,-14.012500884994184,-6.68853168701852,5.0,B07799YR1F
fitsne,5000,3829,-29.743653491603364,-10.45467897932871,3.0,B0BZRW4B7S
fitsne,5000,3830,-17.75768580585733,30.776680037503848,5.0,B09Z2B5KG2
fitsne,5000,3831,-29.020243549194632,30.34076673146394,5.0,B0B6TPXW2C
fitsne,5000,3832,-39.11958080802449,29.153514356007012,5.0,B00R124LAK
fitsne,5000,3833,59.59100155192352,4.646208185029508,4.0,B07YFW6SKQ
fitsne,5000,3834,-13.928041750691705,27.100702427907823,5.0,B01HPADPCW
fitsne,5000,3835,-31.000163266626593,30.288185449278338,5.0,B09797FV1F
fitsne,5000,3836,-21.284163965326147,53.76309214641759,5.0,B07YX2KPG7
fitsne,5000,3837,12.631043295471695,53.30473499910226,5.0,B00419ZT4I
fitsne,5000,3838,14.471663695135659,5.147101654653914,4.0,B07Q1DPGWM
fitsne,5000,3839,-26.894192529405977,-1.6409384974167054,4.0,B07H65KP63
fitsne,5000,3840,-12.012606951044708,-26.694159136122337,5.0,B01EJ5UV3C
fitsne,5000,3841,-49.37136868588961,-39.04040659952025,5.0,B07Y2C5M2X
fitsne,5000,3842,12.553241759930614,53.84867291533771,1.0,B00GVN0E3S
fitsne,5000,3843,29.151218674949767,-6.011195636092189,3.0,B07M7NHRQG
fitsne,5000,3844,18.043849197164434,2.6142085950231895,5.0,B002CQU14A
fitsne,5000,3845,8.460114615740885,43.692948158706095,5.0,B0BSFD74LD
fitsne,5000,3846,18.046147775815555,5.759183240496417,5.0,B07S7TK88B
fitsne,5000,3847,41.19683336199336,39.53405431077467,4.0,B082M94GY9
fitsne,5000,3848,43.09831863860263,28.159514117849408,4.0,B00X5P8BJO
fitsne,5000,3849,-39.79873794738498,-34.781137629042725,5.0,B07YP9MNJV
fitsne,5000,3850,41.072317560035906,38.78496500922915,4.0,B07538T649
fitsne,5000,3851,1.9615437219267609,-32.85477763522839,5.0,B07LCSZFVZ
fitsne,5000,3852,22.6166367136712,-56.09560088888802,1.0,B01MTF2Z37
fitsne,5000,3853,-0.6798052305244957,-36.78345155879915,5.0,B002SEEC78
fitsne,5000,3854,-20.52527387732144,-22.13355828056505,5.0,B07XJ2XC5V
fitsne,5000,3855,-45.89508285974533,-32.57735603480834,5.0,B07YWG7NSN
fitsne,5000,3856,1.899061472648867,41.64427023913588,5.0,B07SZ3N73V
fitsne,5000,3857,-6.422021822225864,-42.01654106772457,5.0,B01L8LLP2G
fitsne,5000,3858,8.918062106281925,-10.293231054335877,1.0,B07176FCQ5
fitsne,5000,3859,14.423834914567127,19.68740843130152,5.0,B0C4KBLJHD
fitsne,5000,3860,4.77883651943479,-17.058532021086677,5.0,B0B67LVBL1
fitsne,5000,3861,-11.15080692587811,0.5258126283701042,5.0,B00E1CR7DQ
fitsne,5000,3862,-11.08914033178752,13.006982880846522,5.0,B0001FTVEK
fitsne,5000,3863,0.6409159896758099,-27.609681896419243,5.0,B002PAR1FK
fitsne,5000,3864,-10.80614054366436,-29.167466417182432,5.0,B002ISZD2C
fitsne,5000,3865,-4.28606583769238,-27.568563730716217,5.0,B00EDP03DW
fitsne,5000,3866,15.898781600202195,18.51562920492687,1.0,B005CX9RKE
fitsne,5000,3867,-15.436808713886562,-6.85530749679928,5.0,B000KKXRJQ
fitsne,5000,3868,-20.815135865310207,21.656671661884232,1.0,B0C3M8B3MY
fitsne,5000,3869,11.04959003553696,24.246859562948213,5.0,B06Y6HP2JN
fitsne,5000,3870,59.25002556903148,5.336275461302599,5.0,B076Q5MP77
fitsne,5000,3871,37.13475567098627,-16.555800376362622,5.0,B0BTZDHJXY
fitsne,5000,3872,1.3156600976160824,-21.128408379339263,4.0,B07PXVTTP6
fitsne,5000,3873,10.672705336198058,-35.07768278431407,5.0,B01EBI4N7C
fitsne,5000,3874,26.190176848597755,-57.09088453485788,2.0,B01IN26Z5A
fitsne,5000,3875,-33.23903284554278,3.35433621667925,1.0,B00U3FPN4U
fitsne,5000,3876,39.70485754783042,0.5921520191026549,3.0,B076Q8F3KB
fitsne,5000,3877,29.81717669581653,5.051576398262367,3.0,B0725SDWHR
fitsne,5000,3878,-24.531851815270297,-0.4201522296874198,5.0,B07KTYJ769
fitsne,5000,3879,-24.12178494272996,-20.707062787433717,5.0,B07HZLHPKP
fitsne,5000,3880,-33.79571322338626,-1.4321840966696955,5.0,B07BFRHZLB
fitsne,5000,3881,0.738613117988222,-17.561765137171488,5.0,B07W36WN5X
fitsne,5000,3882,19.335861644235997,-29.68138072737394,5.0,B073QNQT43
fitsne,5000,3883,4.153928838206271,-14.35427103488778,5.0,B075X8471B
fitsne,5000,3884,36.01845342696671,-13.901379985259295,5.0,B07PTZCDQG
fitsne,5000,3885,36.03493241482793,-13.873951509625563,5.0,B07Q3B3CTC
fitsne,5000,3886,-20.931177982221936,-24.51861921942778,5.0,B010BWYDYA
fitsne,5000,3887,33.22180754754325,-5.3802144607202065,5.0,B016FQ0ODK
fitsne,5000,3888,-5.541922100702606,-69.1422011283576,5.0,B0B4NZ74H8
fitsne,5000,3889,-38.64619619738898,-21.524204877400464,1.0,B08LPN41F4
fitsne,5000,3890,24.789567152566388,-17.468819208096697,5.0,B09GBPVD27
fitsne,5000,3891,-16.547855997030435,31.701529820210226,5.0,B01DLNMD7A
fitsne,5000,3892,26.681609647107397,28.915253165180967,5.0,B07NQQ4FVK
fitsne,5000,3893,-30.997903271881036,-20.554093878733735,5.0,B0B6WNTT91
fitsne,5000,3894,-23.66751335628125,-17.995645161579986,5.0,B0BJ7QMYBF
fitsne,5000,3895,-20.98419091692283,31.050741281144152,5.0,B08F4Z9KWP
fitsne,5000,3896,-37.26171963700838,-22.47077222809817,5.0,B07FSXHVLN
fitsne,5000,3897,9.8047582126261,-41.502450783731746,5.0,B07PRMHDGZ
fitsne,5000,3898,26.95983083047619,-18.92761437065649,2.0,B077YDMN27
fitsne,5000,3899,22.090875669857855,-52.57408038346375,5.0,B012CD5PIY
fitsne,5000,3900,38.05181124759214,29.16330381971974,2.0,B08HSGZT6H
fitsne,5000,3901,-30.814262724807485,50.843249740772606,2.0,B0118SPFCK
fitsne,5000,3902,-26.664127063607975,35.68813042123053,3.0,B09W563Y2W
fitsne,5000,3903,-32.42728779260402,12.94492914121433,3.0,B01LW4G71Y
fitsne,5000,3904,-28.17697280839857,12.18331865817823,1.0,B075CF97SZ
fitsne,5000,3905,-46.959558283280614,-3.5652555673843804,2.0,B08Q2D3XR1
fitsne,5000,3906,-32.40909262451238,51.20543726874151,3.0,B00IB8IVDQ
fitsne,5000,3907,-43.82616991787856,22.840194861305715,5.0,B003L76BJS
fitsne,5000,3908,-32.13133623923014,-19.990248272553735,3.0,B005VO7LG6
fitsne,5000,3909,-42.12323162743078,-17.379021035215164,2.0,B005J7Y9B0
fitsne,5000,3910,50.712079178607915,-13.514196573197575,5.0,B000RGD9PK
fitsne,5000,3911,-43.16771934640102,-17.466509864543937,5.0,B008BWA0EK
fitsne,5000,3912,-27.49013732762617,-15.148303763075496,4.0,B008EQSZ8Q
fitsne,5000,3913,-25.402066978151908,-24.819945634960938,4.0,B0BMQN7L6B
fitsne,5000,3914,47.41127157804543,-2.6988166966680898,5.0,B01D8OM0H0
fitsne,5000,3915,9.698082764396915,-39.18278509026033,5.0,B00KCZTAI6
fitsne,5000,3916,-1.5744896079708608,-29.59216809266674,1.0,B005VGOD4M
fitsne,5000,3917,-50.4117964368829,16.79718508666757,5.0,B00005N5X1
fitsne,5000,3918,4.821983718191487,-6.5996444670176935,5.0,B01CZBOO2Q
fitsne,5000,3919,10.497608707839202,46.92552779722897,5.0,B074CPK9SB
fitsne,5000,3920,44.18738392784242,-5.341227544456597,5.0,B07RLZ1KDY
fitsne,5000,3921,-25.006497439848534,21.677146598458535,5.0,B0000BYDKO
fitsne,5000,3922,-7.793681587978555,29.1260671513913,5.0,B086SBHXHV
fitsne,5000,3923,17.88912238933506,-38.10787501734373,5.0,B00XJ7QAC8
fitsne,5000,3924,11.409284572752641,-35.93888152664784,5.0,B06XKM77TP
fitsne,5000,3925,9.669472243178273,-38.90612336733533,5.0,B00YBC936A
fitsne,5000,3926,17.323729327661535,-38.039890068461354,5.0,B00IKMJOZC
fitsne,5000,3927,-37.26266115379147,44.650030106214174,5.0,B0040IUI46
fitsne,5000,3928,26.208250708458458,5.661001485334997,5.0,B01FU08V64
fitsne,5000,3929,4.872781321043633,-6.656429634085615,5.0,B00XJ118WG
fitsne,5000,3930,-9.869964553222408,9.876225398231266,5.0,B0063JAUR0
fitsne,5000,3931,27.91365625914822,7.503282876920909,5.0,B0051VVOB2
fitsne,5000,3932,27.74936353139645,7.4979121834127005,5.0,B005KDYBXO
fitsne,5000,3933,27.372736874100223,11.776873512786258,5.0,B008RB6RYC
fitsne,5000,3934,-7.773313051173433,-1.794692088469773,5.0,B0013CED4I
fitsne,5000,3935,-26.44369784526665,5.7664606014134,5.0,B0064L8Q1E
fitsne,5000,3936,-7.7393100694169545,-1.864116913799867,5.0,B075XLNFCL
fitsne,5000,3937,-42.436761055043604,34.87011808052048,5.0,B07LG4FYVR
fitsne,5000,3938,-0.6555595351467776,-40.94327934552207,5.0,B08C5FX1BB
fitsne,5000,3939,6.827210149285127,24.86104662026289,4.0,B07VNQVL37
fitsne,5000,3940,-18.719793119090056,-12.823129832485828,5.0,B017KUN1HG
fitsne,5000,3941,37.38549852404928,-10.200529790993613,4.0,B07J38VMPN
fitsne,5000,3942,-10.93105243900787,-12.73554386783415,5.0,B08S55D31N
fitsne,5000,3943,10.529208898228147,-55.27017902652882,5.0,B07MC5P85F
fitsne,5000,3944,-31.50172522395741,-17.66757021737324,5.0,B08XHFK5SZ
fitsne,5000,3945,7.38100730887016,-25.999174848703227,5.0,B07YFD37SF
fitsne,5000,3946,3.474641060874658,-35.07208462508996,5.0,B092DD5L2V
fitsne,5000,3947,-11.770602709934057,34.706949170698756,5.0,B07GL6S731
fitsne,5000,3948,-22.36790998241,-13.140439108661047,5.0,B00LZRRAY6
fitsne,5000,3949,15.380948584266445,-55.88645186126326,5.0,B018PZHB26
fitsne,5000,3950,-0.6910820025786688,-12.101618042395033,5.0,B08BF4CZSV
fitsne,5000,3951,0.08356054976578423,-7.047564544668942,5.0,B0C8SCDNGK
fitsne,5000,3952,11.4944212808614,9.147597903238044,3.0,B002RD7452
fitsne,5000,3953,-4.746129803847302,-44.91674613843793,5.0,B09F5BLMVR
fitsne,5000,3954,-1.161464405732483,-44.51856124297262,5.0,B09JQLTLG3
fitsne,5000,3955,5.417660748868712,-50.07655950595513,5.0,B07VKJKWP1
fitsne,5000,3956,25.400327357619062,-30.480918942769595,5.0,B075V2W6B2
fitsne,5000,3957,61.70376602152114,4.34179075176129,5.0,B071CRMDS4
fitsne,5000,3958,-15.673102385394936,-2.0712888209807927,5.0,B072QLXK2T
fitsne,5000,3959,45.38403020830315,19.192657531556556,5.0,B0851B3K9T
fitsne,5000,3960,-1.0395790729016436,-8.206651844659888,5.0,B07L48NDCH
fitsne,5000,3961,2.1280479153771004,38.966695697356535,1.0,B08KGSZKCT
fitsne,5000,3962,-3.062264164848435,17.92982306952663,5.0,B083ZJYDRV
fitsne,5000,3963,23.31147708164586,41.59739717646808,4.0,B07J245KLY
fitsne,5000,3964,-10.043497941046144,-30.827058644692528,1.0,B08WJSHSLC
fitsne,5000,3965,-26.65251731367712,29.847101438587814,5.0,B09MKBDFZK
fitsne,5000,3966,-28.79175484530045,6.7330343481096975,5.0,B0791TX5P5
fitsne,5000,3967,-28.63742548181018,-4.055173616109975,5.0,B01DFKC6CQ
fitsne,5000,3968,29.73199036881124,37.15720582258291,3.0,B01HAQBIVG
fitsne,5000,3969,-37.45388133471372,9.122279551143398,5.0,B075X8471B
fitsne,5000,3970,5.987672319106991,50.25575027610517,5.0,B0BJW2XLMR
fitsne,5000,3971,-26.806169686688268,-13.484751387758857,5.0,B09718NNFN
fitsne,5000,3972,-20.487667155327447,5.5939113406519985,1.0,B092WHC7C1
fitsne,5000,3973,-27.783446579984787,-14.99468517307925,5.0,B077RV2H31
fitsne,5000,3974,-13.55157586201062,7.652779608426939,5.0,B00WIF2T7C
fitsne,5000,3975,54.714160493147034,-1.3145417254875014,4.0,B0C2YLQJYK
fitsne,5000,3976,-43.629879963495,15.105113343302992,4.0,B09LTYP9P5
fitsne,5000,3977,-44.14689769811609,13.934022286057639,5.0,B0B148JDG2
fitsne,5000,3978,-9.289062351440032,28.64720965390176,5.0,B0C8J2WHVR
fitsne,5000,3979,-47.35188623323139,-6.835885294066832,5.0,B0B57RY228
fitsne,5000,3980,-29.81597960101387,43.79486579668074,5.0,B0C3NMZ2C7
fitsne,5000,3981,25.731203356560666,7.92254909328259,5.0,B09F81Q875
fitsne,5000,3982,-33.52206908619986,26.87200682489791,5.0,B0BZT5JSTV
fitsne,5000,3983,-33.80502288599944,-10.782723280178935,5.0,B0B3ZKBJ8V
fitsne,5000,3984,-34.151725384363274,-11.370888160727215,5.0,B09XNQQC8J
fitsne,5000,3985,-29.838632100843,33.444478886000496,5.0,B0C1ZYD3YQ
fitsne,5000,3986,-36.04302252339453,-24.833245048269955,5.0,B09WD35WWZ
fitsne,5000,3987,-22.635344813877147,13.828952606204647,5.0,B09PWGV7GC
fitsne,5000,3988,-8.96048191891388,24.25400415012694,5.0,B098XPKHY8
fitsne,5000,3989,-31.083346336912605,21.198203145311027,5.0,B08JTMXXL6
fitsne,5000,3990,-10.664955403589357,19.290563965921876,4.0,B09NRKZVDC
fitsne,5000,3991,21.365671081184427,1.239777143979732,5.0,B009SKN5DC
fitsne,5000,3992,-30.669428800755323,-28.361151867889145,5.0,B0BG7KP5L4
fitsne,5000,3993,20.957403701597187,21.862059568742993,5.0,B099YQ926V
fitsne,5000,3994,39.3420137225275,37.65750800997994,5.0,B08P6PL5R3
fitsne,5000,3995,36.84966748797831,36.57658361862196,5.0,B0BWBC2GLD
fitsne,5000,3996,0.670068703182284,2.60027503755137,4.0,B0BLHNNSGG
fitsne,5000,3997,-43.40204407939249,-29.767871811131897,5.0,B09D4LQTYD
fitsne,5000,3998,-27.432998109902247,26.20049936858903,5.0,B08L883DQ5
fitsne,5000,3999,-19.379915673372857,37.991929406379064,5.0,B0922LNFT3
fitsne,5000,4000,-11.372558142633894,13.548281130419605,4.0,B08L6HPFCR
fitsne,5000,4001,41.989130960599326,4.103933778191387,4.0,B082W1GHY6
fitsne,5000,4002,8.810870877345945,-25.30728012253718,5.0,B07YLMJZXB
fitsne,5000,4003,-14.828084050175327,31.639905957946098,4.0,B087LWC6BM
fitsne,5000,4004,-43.75295796716318,-28.723431249642733,5.0,B09V3W5XFY
fitsne,5000,4005,9.278612394608162,9.660871875299588,4.0,B0BSTPV9HY
fitsne,5000,4006,-11.77903843315603,30.136838013714925,4.0,B087M428L1
fitsne,5000,4007,60.44646339376112,0.2059291586990195,5.0,B081LBFY9D
fitsne,5000,4008,28.60636234782892,18.376918273599916,3.0,B0813DY3FY
fitsne,5000,4009,41.35823320351847,16.715844246026965,5.0,B088GT45PY
fitsne,5000,4010,-11.456232587019565,28.892717310367274,3.0,B07HKFG85D
fitsne,5000,4011,58.42613898515545,8.405347323583342,5.0,B0974WBDVS
fitsne,5000,4012,57.378562114610624,5.1797361848056696,4.0,B07ZB12C8G
fitsne,5000,4013,-28.717200579860105,-2.053238715362087,5.0,B07XYQS9TP
fitsne,5000,4014,39.50294811643637,9.255427498834582,5.0,B07X54PV85
fitsne,5000,4015,15.431584784819984,-23.377562616490238,4.0,B0BMQ999F8
fitsne,5000,4016,-6.221262519172783,44.708090319523926,3.0,B0BN4PNNBH
fitsne,5000,4017,-42.04428618459469,-27.707143050516265,1.0,B07CB24GSV
fitsne,5000,4018,10.1677153346751,51.971861015771516,4.0,B07K51MHPF
fitsne,5000,4019,-20.542017513119564,38.85605335489898,5.0,B07VJMBRVQ
fitsne,5000,4020,-35.23333883973937,-35.22971978887621,1.0,B07KZZZ3JL
fitsne,5000,4021,0.9724261441627106,-1.8525485475101522,5.0,B07D33RMRN
fitsne,5000,4022,11.98149138171667,-4.710319674578458,5.0,B07C64VJNB
fitsne,5000,4023,47.30093809595613,16.479307467128848,5.0,B07Z9ZYJ5Q
fitsne,5000,4024,-10.007666278397577,41.18833283228696,5.0,B0BWSB1W9D
fitsne,5000,4025,-48.61736511254328,-29.074796437577515,4.0,B07G8N2V9V
fitsne,5000,4026,10.256892248943975,51.95548199307561,4.0,B08JZ4YSNR
fitsne,5000,4027,-12.940341493136446,47.30247130269306,5.0,B07CWT66DG
fitsne,5000,4028,-29.27560076244533,28.07892872600063,5.0,B07DWD3NNP
fitsne,5000,4029,-28.078970844396974,-1.794491150745312,5.0,B07H7DRWJN
fitsne,5000,4030,-12.64077955152666,46.29163015243978,4.0,B018LWTYGO
fitsne,5000,4031,-1.0217012196926591,8.593461149977083,4.0,B07BHGK4MC
fitsne,5000,4032,-48.57748778998877,-28.997076129857188,5.0,B07DBY9H6X
fitsne,5000,4033,-33.092648315958726,46.888615851745854,3.0,B079S3NVV4
fitsne,5000,4034,5.026769790544729,28.91897276049236,3.0,B071HN7FB4
fitsne,5000,4035,53.76710289115091,6.846555842904632,5.0,B07CWJ8MM1
fitsne,5000,4036,-34.5182658134621,-13.71146846263835,5.0,B00X69BZPG
fitsne,5000,4037,-35.681589875539025,-22.34342408468727,5.0,B077378YSS
fitsne,5000,4038,-38.552864736951264,-8.313243551653533,5.0,B0C7KLM8L2
fitsne,5000,4039,-41.2866138070326,-30.60657166417942,5.0,B074F3YW3R
fitsne,5000,4040,-43.584670991035296,-29.655525134911965,3.0,B0747QMY9B
fitsne,5000,4041,21.616700167174116,-0.6532985037786931,5.0,B071QWMTST
fitsne,5000,4042,-1.017993999666658,5.630094986233617,5.0,B07319K943
fitsne,5000,4043,58.2658526008053,8.742327215549086,5.0,B071W8TY6H
fitsne,5000,4044,-10.927548224930822,46.01004418411159,5.0,B09RXJHHX7
fitsne,5000,4045,-18.26861284572893,29.089525286156846,5.0,B0BHTS96ZL
fitsne,5000,4046,-39.94396650597535,-27.380480390826737,5.0,B01MSZSL4I
fitsne,5000,4047,-20.82761307884043,-14.850591135475165,2.0,B018PQPALY
fitsne,5000,4048,59.051517309962826,7.70780115848139,4.0,B01ER4AZ9A
fitsne,5000,4049,-27.166081290191322,25.984907269147612,5.0,B07JMFQTC5
fitsne,5000,4050,44.69435110228754,6.38632273265721,5.0,B0167G90D8
fitsne,5000,4051,45.96161336968508,7.969271387552692,5.0,B0C15Q5H7H
fitsne,5000,4052,26.283193738442257,10.227114554484025,5.0,B01D3NROZE
fitsne,5000,4053,34.857146099552445,17.017579087828167,5.0,B00S74HGMG
fitsne,5000,4054,9.091473133916422,-1.977577797056641,4.0,B01DPGPOTC
fitsne,5000,4055,54.454075141481546,2.8911240097975677,4.0,B06WRRWQDB
fitsne,5000,4056,-2.6740942239006302,13.210481132763464,5.0,B0000CCQKV
fitsne,5000,4057,-31.673522391249275,25.430617726649558,5.0,B00RM11QHG
fitsne,5000,4058,56.2264423369279,7.6678686255638855,5.0,B071LP2ZRC
fitsne,5000,4059,16.072916405777807,-25.511358567289115,5.0,B07L6JJDCG
fitsne,5000,4060,22.952223493145834,22.123912772779498,5.0,B00F4A7A1I
fitsne,5000,4061,-44.24910985656814,14.166323438972652,5.0,B00BUCLVZU
fitsne,5000,4062,-15.465724348528338,18.486696063557076,5.0,B00GJKW4YA
fitsne,5000,4063,-36.103786208091755,-38.117432927396145,5.0,B01L1FEJ6S
fitsne,5000,4064,-39.83436655523124,-16.347090579740826,5.0,B00PJOPF98
fitsne,5000,4065,-44.36248863482373,-24.41278665618708,5.0,B00LSYHLR2
fitsne,5000,4066,-42.423030058197575,-28.835404220916722,5.0,B00M58CMYC
fitsne,5000,4067,-37.634150625541864,-8.850143778860987,5.0,B004I408OW
fitsne,5000,4068,57.087223534422606,9.049778181442603,5.0,B00LGN7Y3G
fitsne,5000,4069,-39.89044885321758,-15.789112835680124,4.0,B00IG54NXG
fitsne,5000,4070,-34.33978345299752,-10.917486759788531,5.0,B00J3O9YRY
fitsne,5000,4071,-35.24951138510108,-13.164478742017469,5.0,B00FRKOFIQ
fitsne,5000,4072,-33.093337782741436,-11.824234953600275,5.0,B00XI6A46I
fitsne,5000,4073,-42.088946665002744,3.7689313696318885,5.0,B00IAKLM54
fitsne,5000,4074,-9.947124519336313,13.331530773669325,5.0,B006DTXIHE
fitsne,5000,4075,34.323768044945965,1.3711994010533757,5.0,B00CB7T52O
fitsne,5000,4076,14.256834712049894,49.928124317933175,3.0,B00CWLYLWS
fitsne,5000,4077,-35.416741468443924,-21.588392750477045,5.0,B00A0JUO1Q
fitsne,5000,4078,-42.343099092525165,-28.8126009470653,5.0,B00CD1FB26
fitsne,5000,4079,-19.158920441420058,-16.801217570603253,3.0,B004M3EL3S
fitsne,5000,4080,-32.04642356755194,-14.770086351626421,3.0,B004I8WH9M
fitsne,5000,4081,-29.993060867143,-17.22851507591241,3.0,B002COJEOU
fitsne,5000,4082,-17.307443948907586,28.915740110599383,4.0,B007R9CTE2
fitsne,5000,4083,41.03774147137889,5.003553958559447,5.0,B009T0NLYO
fitsne,5000,4084,-2.707582155504496,2.5264227785306677,5.0,B00NTRMUYU
fitsne,5000,4085,40.9290623011976,28.358916061915295,5.0,B007X3VEC0
fitsne,5000,4086,39.127281543427095,9.46196195818395,3.0,B008MF48J4
fitsne,5000,4087,24.754710469597313,8.135931097463812,5.0,B007OZNUCE
fitsne,5000,4088,23.688527197498065,-14.436398071391586,5.0,B0BTJBQC91
fitsne,5000,4089,-30.96418737493356,-7.5317594333625575,5.0,B001F7AHOG
fitsne,5000,4090,-32.240543313015294,45.33016303329799,5.0,B001769K3O
fitsne,5000,4091,10.044967959795565,27.488548012795505,4.0,B0084Y96FE
fitsne,5000,4092,-5.763099082994862,32.00914887195823,5.0,B0B4QS4F25
fitsne,5000,4093,-11.222409309089159,13.69956499641717,4.0,B004NSUMTO
fitsne,5000,4094,5.50168811700868,40.75999747845844,5.0,B00109Y2DQ
fitsne,5000,4095,48.75948518904935,-4.671013549459833,4.0,B003CFB1AS
fitsne,5000,4096,-4.966098039222809,21.451234291376995,5.0,B002ONSRA6
fitsne,5000,4097,-5.434194178159001,19.748554310766142,3.0,B004MSGEOC
fitsne,5000,4098,-44.284992200429706,14.414339799963692,5.0,B005TI1ILS
fitsne,5000,4099,-34.47912180836025,10.362078334995354,5.0,B004NP1E9E
fitsne,5000,4100,29.694300629679297,7.9098962966818345,5.0,B01M0MT6BT
fitsne,5000,4101,29.42083303647383,8.003011554109744,5.0,B0057WTEWQ
fitsne,5000,4102,-0.7615375941823199,18.63400186834969,5.0,B004SBCF4Q
fitsne,5000,4103,50.31747881688824,-6.333221195419543,5.0,B004JWA70I
fitsne,5000,4104,27.0232510916317,8.307390786909357,5.0,B074D5QYPN
fitsne,5000,4105,25.94832833416948,8.575514441342367,5.0,B004HFS6Z0
fitsne,5000,4106,6.174865215814039,-3.268315470333965,5.0,B003VD1CVY
fitsne,5000,4107,10.08145598423238,27.38204644473158,5.0,B003WQAIJC
fitsne,5000,4108,41.190383876622526,7.526421816692073,4.0,B07PR21291
fitsne,5000,4109,59.252433730864794,11.810497363300698,5.0,B004JMZPJQ
fitsne,5000,4110,56.22617406475132,11.298912091739243,5.0,B004BQTTE2
fitsne,5000,4111,-43.43556732468376,-13.424655733241877,5.0,B003JQLPYC
fitsne,5000,4112,17.13077805684263,4.881070884984673,5.0,B003H4QV22
fitsne,5000,4113,-36.72723962912555,-27.38571289062517,5.0,B003UYU16G
fitsne,5000,4114,1.9252199213638215,23.580587050541613,4.0,B002XN7C6W
fitsne,5000,4115,9.33675242638875,47.223531992681735,5.0,B003SHMKHS
fitsne,5000,4116,-9.762281450557033,32.04866726803219,5.0,B07YFD37SF
fitsne,5000,4117,-44.040818004095144,14.346404902648327,5.0,B0018O77Q2
fitsne,5000,4118,58.01688144256559,12.394138064735518,5.0,B001TZQITM
fitsne,5000,4119,-29.476327482066495,-30.169973362942855,3.0,B0002QLQ96
fitsne,5000,4120,-35.12835463220846,-12.864220355083017,5.0,B00E57BSMI
fitsne,5000,4121,-42.18361321297856,3.8474548008909024,2.0,B002IC0YLS
fitsne,5000,4122,9.974315819210151,27.562311299246065,3.0,B001Q3M9D6
fitsne,5000,4123,1.8293358796345778,35.824272204676085,5.0,B001TOD7MO
fitsne,5000,4124,-42.58993024165993,5.631760300172566,4.0,B002IC0YL8
fitsne,5000,4125,9.969637421827459,29.49955131836667,3.0,B001OQC0JS
fitsne,5000,4126,-34.64833937046273,-11.029492205759485,5.0,B0007LI13U
fitsne,5000,4127,-39.504619732101034,48.557667324382884,4.0,B001C1MGKI
fitsne,5000,4128,-43.99613186253287,14.345099338587719,5.0,B000ER5G6C
fitsne,5000,4129,-9.255279382187517,34.74685571080151,5.0,B0006Q3B2W
fitsne,5000,4130,-42.13715402525435,3.6651243118653656,5.0,B00093IIRA
fitsne,5000,4131,10.947972046724207,25.773722334074403,4.0,B0019MOKYA
fitsne,5000,4132,-30.426859842005126,-8.175509969729278,4.0,B000H0QIRC
fitsne,5000,4133,25.95321085029304,13.504595605174174,5.0,B08J9NQ6CS
fitsne,5000,4134,26.18688966876608,-53.00772162490953,4.0,B082T7HDGT
fitsne,5000,4135,25.750319130477244,-54.97571172359218,4.0,B07KJ6GDGN
fitsne,5000,4136,-26.104352352590507,-24.976277199434666,5.0,B088CTT6KZ
fitsne,5000,4137,-6.328012239856892,-68.14214489622468,1.0,B07KXVLRHG
fitsne,5000,4138,-13.416243356823848,32.08797228891424,5.0,B08RMVG7BY
fitsne,5000,4139,-11.372823182567043,31.161242157034774,5.0,B0BCPC68J6
fitsne,5000,4140,18.991795128059046,-6.755161813282405,4.0,B0757LCDD5
fitsne,5000,4141,-21.471372227393893,35.42168651540689,5.0,B0B12PXQYM
fitsne,5000,4142,25.1099488250523,-1.0428318983220446,5.0,B00FES2TU2
fitsne,5000,4143,-43.6017904781773,-34.69188078243021,5.0,B001S0PX1M
fitsne,5000,4144,-8.105372190981432,9.82277519046815,5.0,B005PCPI82
fitsne,5000,4145,38.6449564228015,39.44120192372108,5.0,B005DION7U
fitsne,5000,4146,-35.89626275792795,25.732447171768943,5.0,B076GVVB6R
fitsne,5000,4147,-38.36564441150751,-38.026424551032044,4.0,B0753CSBW1
fitsne,5000,4148,-43.98212605701501,-19.03829610773018,5.0,B008F2YEN4
fitsne,5000,4149,6.916365355637501,-7.6496321277324695,5.0,B0B24GTQ9G
fitsne,5000,4150,-32.64671822518275,-27.97448043019289,5.0,B00AZFMOS6
fitsne,5000,4151,38.51626158569606,-0.5745360041936125,5.0,B00WH2TB1S
fitsne,5000,4152,-44.138317097114786,-30.27578639218102,5.0,B0046EDOWW
fitsne,5000,4153,4.73652730909174,44.60711060555603,5.0,B077HGQ44Q
fitsne,5000,4154,-22.044071412628323,16.402151058188906,1.0,B00E9MD700
fitsne,5000,4155,41.152531801045434,28.970073267889553,1.0,B09FLGDRMZ
fitsne,5000,4156,-40.022106874518755,-34.747801998566025,3.0,B0B4DPLGHQ
fitsne,5000,4157,-39.44366833376787,-37.72678947592084,2.0,B08KR8CRQP
fitsne,5000,4158,8.381516079985076,-35.401429749698295,5.0,B09DGFHKNC
fitsne,5000,4159,-3.7143684107112462,-39.54338171852486,2.0,B0BWLWDLPF
fitsne,5000,4160,-33.72416234259453,-17.76676653218775,4.0,B08M9DXY4P
fitsne,5000,4161,49.673943504911925,13.737118879615322,1.0,B06XSW5JRZ
fitsne,5000,4162,-10.078896918682416,12.306605773120712,5.0,B0B21DKG75
fitsne,5000,4163,8.733857317832044,-41.40676960010488,3.0,B00D23LYW0
fitsne,5000,4164,7.648712966360874,-28.253929130878262,5.0,B0194TXW4I
fitsne,5000,4165,-0.12775352763732709,-11.579850285129886,5.0,B08D3LP9W4
fitsne,5000,4166,6.623775855100882,-43.01572039961608,5.0,B07QC4WZFZ
fitsne,5000,4167,-0.8636441940826421,-6.800014808807022,5.0,B0002F67N2
fitsne,5000,4168,12.514307398485698,17.55874679777943,5.0,B0BP9Z1LB5
fitsne,5000,4169,-15.693545170963489,-14.315153715559179,5.0,B0791TX5P5
fitsne,5000,4170,14.630909000345923,25.472229483736772,5.0,B0BPMLRQHQ
fitsne,5000,4171,23.311976850160157,-32.395924563720534,5.0,B07H65KP63
fitsne,5000,4172,22.645728203933242,-33.53170189861881,5.0,B07KTYJ769
fitsne,5000,4173,41.12518215987136,-10.516020859795281,5.0,B093K8HLJZ
fitsne,5000,4174,26.49952155382707,7.162499322186829,5.0,B07J2FGZSM
fitsne,5000,4175,12.872892042072104,11.246992655867258,4.0,B00OQVZDJM
fitsne,5000,4176,22.917556576022914,-31.9378497309428,3.0,B00ZXB1US2
fitsne,5000,4177,4.772405835583556,-22.505340018541457,3.0,B01N0H8WUZ
fitsne,5000,4178,10.66923638794952,-24.47196334088678,5.0,B07SNQLZD4
fitsne,5000,4179,-38.07545321564372,-33.454017697157234,4.0,B07VQLT75P
fitsne,5000,4180,23.958011452006428,-41.588277066715214,5.0,B09SGKSD4P
fitsne,5000,4181,-16.88606474555869,-5.207301824592848,2.0,B00RCSU7OW
fitsne,5000,4182,-32.84810351268213,-38.54920962539975,5.0,B000MUXVYK
fitsne,5000,4183,11.702095184637047,-39.84070940129109,5.0,B07WZSTQD9
fitsne,5000,4184,12.490555775644095,49.62531571882145,5.0,B00HPMCO4Q
fitsne,5000,4185,12.348797373360318,3.8200631276113346,5.0,B0012BL8LG
fitsne,5000,4186,21.706665422128687,-52.74848374822684,5.0,B00L3KSP08
fitsne,5000,4187,-45.6034998776879,5.459746033529579,3.0,B095YT1C6M
fitsne,5000,4188,-26.800107064330366,-26.096782287126466,5.0,B07XV3GGRX
fitsne,5000,4189,11.36743397275613,22.11400000084289,4.0,B071GGB84Y
fitsne,5000,4190,-34.04206115155829,30.501997000701294,5.0,B075KP9XHS
fitsne,5000,4191,-34.34376711934828,30.132504422322633,4.0,B07GVWH35S
fitsne,5000,4192,-46.843200006072955,16.331476006946176,4.0,B00ND5UOFU
fitsne,5000,4193,-32.76926073225193,10.296624929500355,4.0,B00LD3Q56G
fitsne,5000,4194,-37.48349574173541,26.32384467372584,5.0,B000E1PXJS
fitsne,5000,4195,-37.33365599534574,-1.359649082535362,4.0,B007R9RUPU
fitsne,5000,4196,-3.2979286515389665,-35.37746705073242,5.0,B01M0GB8CC
fitsne,5000,4197,10.958876117359736,-33.88302930263046,1.0,B0C211KFK4
fitsne,5000,4198,-1.3655506054719975,-6.207641743369346,5.0,B07GZFM1ZM
fitsne,5000,4199,-2.9141610223810375,-41.8462648396195,5.0,B07KJ6GDGN
fitsne,5000,4200,14.895812717555689,30.379945792971792,5.0,B01DKOFZVQ
fitsne,5000,4201,15.222556276995302,30.367570062865582,3.0,B00GMCLLYE
fitsne,5000,4202,-40.03309374249788,23.868223577751078,5.0,B0BHWQ3H17
fitsne,5000,4203,-40.16878359400567,23.929104929099612,5.0,B0819PCPBV
fitsne,5000,4204,-13.48662392393201,7.2565261598880175,4.0,B00RELNQXG
fitsne,5000,4205,-14.338079273884086,16.837273988680565,5.0,B010JKMO7W
fitsne,5000,4206,-38.48649635403158,-40.02205105376011,5.0,B01M9AWXJO
fitsne,5000,4207,-43.69346794687662,7.831242971227144,4.0,B00BII1156
fitsne,5000,4208,-42.28192062596748,6.822189847484641,5.0,B0B58ZK8CZ
fitsne,5000,4209,-14.159297120614147,28.711890382439893,3.0,B071WW5M69
fitsne,5000,4210,-13.898299532345044,-35.12419235206572,2.0,B07DWXL8GD
fitsne,5000,4211,-3.4124304150367766,-18.363546485169557,1.0,B008RSH6NG
fitsne,5000,4212,42.60862146930113,2.8443025341373906,5.0,B07X3GQT7V
fitsne,5000,4213,-47.844957720048654,-39.8067279910264,1.0,B07PYLT6DN
fitsne,5000,4214,-36.116448830651244,13.068749488281407,1.0,B07XNXQCZ2
fitsne,5000,4215,19.78195894367193,-21.95069763974515,5.0,B071K5BQPF
fitsne,5000,4216,55.598850592199405,6.429225747497484,5.0,B07J3FMTJ4
fitsne,5000,4217,-18.36650218209014,25.13310222064591,1.0,B01MYT9D96
fitsne,5000,4218,-26.61524561934051,6.492667311566101,5.0,B00WHT67YA
fitsne,5000,4219,-9.810820654864077,31.635402983844198,2.0,B084CZJK7H
fitsne,5000,4220,-32.816377848055104,6.055683576664894,5.0,B075X8471B
fitsne,5000,4221,-28.39823101750614,-18.849349425729272,5.0,B0153WUOXM
fitsne,5000,4222,-20.636143620928234,-5.2116554796318235,2.0,B0C1N6CWVL
fitsne,5000,4223,-35.98215966688544,-15.64851219600939,1.0,B07S4MFN8Z
fitsne,5000,4224,-42.72180050196902,6.25585691820805,5.0,B078T633Q9
fitsne,5000,4225,-31.909531162857295,7.707272901609125,5.0,B08WJSHSLC
fitsne,5000,4226,-35.64044722640488,11.198416390054167,5.0,B0791TX5P5
fitsne,5000,4227,-33.24589406860006,3.510239740560412,5.0,B075X8471B
fitsne,5000,4228,24.15183421992288,35.6201601497921,5.0,B01BRWH8G8
fitsne,5000,4229,-34.79134511693261,-15.495228187946076,5.0,B01K8B8YA8
fitsne,5000,4230,11.985570885465116,23.486828401918434,5.0,B00QFY4JRA
fitsne,5000,4231,-24.989799510936344,19.490560687599658,3.0,B0774TF8WY
fitsne,5000,4232,18.522682817509665,-29.542524857905136,5.0,B07GP2ZDQ8
fitsne,5000,4233,5.861904120226043,-15.798686329377372,5.0,B01MZ8ZU42
fitsne,5000,4234,7.506823936789041,-17.265669861898715,5.0,B07CKQY7RN
fitsne,5000,4235,-26.44823483798975,-23.105053315868453,5.0,B01D4HTIOY
fitsne,5000,4236,42.361552152804784,18.851589217189492,5.0,B08H1SR1B3
fitsne,5000,4237,12.317534408427553,-47.199037488621556,5.0,B09ZTW2DJJ
fitsne,5000,4238,-33.71427235300937,-33.46379858915841,5.0,B07YY1DCHG
fitsne,5000,4239,17.338178111589407,-20.625520099146925,5.0,B08VRLPWQL
fitsne,5000,4240,-41.99277180475417,-34.34781166036965,4.0,B0858N128P
fitsne,5000,4241,-23.58272274855185,21.109166354194457,5.0,B08DXJB77C
fitsne,5000,4242,19.100097203988106,-35.02667169758724,5.0,B08RD8K7ZG
fitsne,5000,4243,3.4873176196714435,-35.04666206948487,5.0,B087R7MNBQ
fitsne,5000,4244,-42.344201691711255,-42.002072075482886,1.0,B07TGTSKSH
fitsne,5000,4245,29.578842997387785,-29.903541573011417,5.0,B0BJVP51YS
fitsne,5000,4246,-44.325548176269805,6.8244335676442685,5.0,B07TH2CYNT
fitsne,5000,4247,39.386178508561486,4.815502480690272,5.0,B099ZTR1GJ
fitsne,5000,4248,-16.39301991289207,-37.94482263166728,2.0,B07S764D9V
fitsne,5000,4249,-3.3694786103034686,-18.548264349556607,1.0,B016UCB7G2
fitsne,5000,4250,0.38190894176826884,-26.585485794959784,5.0,B01M7VOJFW
fitsne,5000,4251,16.479992334232485,2.5373771046948463,2.0,B000HVHYJW
fitsne,5000,4252,0.5008611468519377,-21.101961932311777,1.0,B0C211KFK4
fitsne,5000,4253,-14.06507903343246,-14.751564955304708,5.0,B09W4XDQ9Q
fitsne,5000,4254,7.4202310608785975,-16.096238973741087,5.0,B0C6ML153J
fitsne,5000,4255,38.589149982348694,29.758668973037505,5.0,B01AOODE18
fitsne,5000,4256,38.405346646426096,-28.372672390032342,3.0,B00006IAGZ
fitsne,5000,4257,4.743261501240477,-40.48661118787822,3.0,B00L0YLRUW
fitsne,5000,4258,4.2826896747871475,12.379748798540234,5.0,B00P8D9N52
fitsne,5000,4259,2.9271703920670844,-44.84488495229532,5.0,B07PHQ93TV
fitsne,5000,4260,13.104012299776032,10.543235832650156,5.0,B003VAGXZC
fitsne,5000,4261,5.824969255504893,-30.008743258387454,5.0,B07GPGVYGX
fitsne,5000,4262,-2.178811123013559,-6.8340294606014655,5.0,B09YVLCHCH
fitsne,5000,4263,17.011010952743025,-31.067594369936312,5.0,B07KPCRBTL
fitsne,5000,4264,30.45026499654676,10.946509282778914,1.0,B009XHC70W
fitsne,5000,4265,-1.3731671506389935,-5.12192826892619,2.0,B08GWV46QP
fitsne,5000,4266,41.351862499997715,23.677238614899903,5.0,B09RH3B1YG
fitsne,5000,4267,38.05732786473257,2.4305812063873504,5.0,B07CYG62HB
fitsne,5000,4268,-40.522202813834575,-42.976466172475824,1.0,B013ZR5KJU
fitsne,5000,4269,-17.24999062864651,-34.226652946333466,3.0,B01LX3FJ8X
fitsne,5000,4270,-28.246655513314597,12.016014748301178,3.0,B086VR9J8Q
fitsne,5000,4271,-29.348864400211,6.521347992852714,5.0,B07GZFM1ZM
fitsne,5000,4272,16.34442239701377,-29.084727300594132,2.0,B0BS2TMK39
fitsne,5000,4273,38.4558977261319,33.680132553131536,5.0,B003VAGXZC
fitsne,5000,4274,-4.480267592551619,-29.856477601964716,2.0,B0B5R4Z5WH
fitsne,5000,4275,39.92996065892438,4.103574295339825,4.0,B07NPGGFYJ
fitsne,5000,4276,-2.667212466906375,-4.48393325596644,4.0,B07N8VFFNS
fitsne,5000,4277,-33.004051495119214,44.092355609680304,5.0,B074TC662N
fitsne,5000,4278,11.080040844028822,-55.495197841484064,5.0,B0791TX5P5
fitsne,5000,4279,-31.867851267555558,-36.150018129275004,5.0,B073S582XZ
fitsne,5000,4280,-26.02136166765547,-2.7956816902533737,1.0,B07H65KP63
fitsne,5000,4281,32.43418191514641,2.553749374377645,5.0,B07HQH7M9T
fitsne,5000,4282,23.942000874513898,14.38001392929054,5.0,B07F4P3JH7
fitsne,5000,4283,63.47585305372328,3.9480987367597016,5.0,B09NW99FDL
fitsne,5000,4284,35.732241523565996,-5.128173588121269,5.0,B09FXTQ32M
fitsne,5000,4285,17.67044259930102,17.960136518780228,3.0,B0C1Z6K266
fitsne,5000,4286,-41.333848397729085,-34.34376837979409,5.0,B0B2K1C5TG
fitsne,5000,4287,11.006745925429831,10.268118314243308,5.0,B08R5WKLD8
fitsne,5000,4288,42.78734071770586,34.73019883976835,4.0,B08ZC74KH9
fitsne,5000,4289,23.901320599288688,26.82040950650651,5.0,B08FT8LKHC
fitsne,5000,4290,-32.769684837454626,-35.13855010897631,4.0,B08SQ8QNPW
fitsne,5000,4291,-15.585742069099137,-12.571757012597141,4.0,B087CGPX49
fitsne,5000,4292,15.152411604957624,23.36557335024729,4.0,B0BHT61RNB
fitsne,5000,4293,12.515786284658661,24.170977491360393,3.0,B07KR82DHG
fitsne,5000,4294,21.677729521285737,-21.804722995665138,5.0,B000VL21KU
fitsne,5000,4295,8.62145325104086,14.244574220573382,2.0,B07K2ZHN9C
fitsne,5000,4296,-46.28061631956946,-1.3016104169171288,1.0,B07JGT5HCW
fitsne,5000,4297,57.62232008191722,11.884130462701975,4.0,B07K9F16YG
fitsne,5000,4298,12.082378146563766,24.760427523491277,2.0,B07DLTYC6S
fitsne,5000,4299,-32.88485537678811,-41.09117109935011,5.0,B07K8XPS7J
fitsne,5000,4300,-49.91735978232625,-29.587641700480006,5.0,B083MMMKV5
fitsne,5000,4301,13.746273003267016,24.81107195610978,5.0,B088W1VYR5
fitsne,5000,4302,-1.14020373633961,12.010911460167627,4.0,B09HVB9XJ7
fitsne,5000,4303,13.643299467521516,-5.051639013761574,4.0,B07B4915CX
fitsne,5000,4304,-38.7725308505878,29.430119143670613,5.0,B07PYHMYWV
fitsne,5000,4305,-32.75408572028251,-0.9880187130413984,4.0,B07FLH7VLQ
fitsne,5000,4306,-32.923462896312316,-39.93191410633433,5.0,B07FC9BNQL
fitsne,5000,4307,59.88717195422264,6.940860957343858,5.0,B07FP3LY47
fitsne,5000,4308,7.5072557896218575,4.346703125587276,5.0,B07JYZRZ3F
fitsne,5000,4309,33.73177422253822,38.404847373304854,2.0,B07B8QMNMV
fitsne,5000,4310,18.798509076332234,21.35139814643454,3.0,B01NGTX7X8
fitsne,5000,4311,54.687369566479475,7.566913800902174,5.0,B07CSPD27K
fitsne,5000,4312,60.31576301185846,0.26338273409295304,4.0,B01M6C9CC3
fitsne,5000,4313,45.4243122791609,8.443270843749286,5.0,B071QWFRFG
fitsne,5000,4314,58.10913729880722,5.505408661112446,5.0,B079L8JS1G
fitsne,5000,4315,-24.467769623482198,-33.60973146269547,5.0,B073RZSTGL
fitsne,5000,4316,-37.11403813919935,-16.337315207620176,5.0,B07C1QB53H
fitsne,5000,4317,-39.707925594048575,-35.88080083680059,5.0,B079P9QV3C
fitsne,5000,4318,37.877512924039316,-25.566416536887424,3.0,B01N5C85GL
fitsne,5000,4319,-33.98970364200467,-14.833756306124684,5.0,B079V81NS8
fitsne,5000,4320,11.441896608933927,-4.070609710654267,5.0,B073WY596L
fitsne,5000,4321,-34.886884267038326,-39.84911681722625,5.0,B074PP3ZPF
fitsne,5000,4322,-34.79778513927667,-39.86545763160738,4.0,B0747LJMDJ
fitsne,5000,4323,-0.24111641799634578,9.352501306595183,5.0,B077RKPYCS
fitsne,5000,4324,48.19532313293295,6.535314292726037,5.0,B011I91K7S
fitsne,5000,4325,-11.778170958366514,45.25367192692782,5.0,B09RXJHHX7
fitsne,5000,4326,19.129515700689637,20.926704445900842,5.0,B09299G7TR
fitsne,5000,4327,-22.09587369958583,-15.672332082579768,5.0,B01IWIBJ6K
fitsne,5000,4328,-26.77381645011374,-2.746003117209222,5.0,B01K8B8YA8
fitsne,5000,4329,-40.073016736222336,13.438319190309008,5.0,B01LWVSFZ8
fitsne,5000,4330,56.64683078486134,8.705885083830083,5.0,B01N5Y1V39
fitsne,5000,4331,13.286354095903725,31.104976754172096,5.0,B01M4LZBOM
fitsne,5000,4332,-34.97772020435519,9.115260504144906,5.0,B016W8XDY8
fitsne,5000,4333,0.1876880704829138,9.619471707007266,5.0,B00QOQU95K
fitsne,5000,4334,14.777043049204686,30.730903111076536,2.0,B07HL5SDPQ
fitsne,5000,4335,33.9448629455963,6.636579254827621,5.0,B00FQ1NO9W
fitsne,5000,4336,-32.23868704514518,-41.375851165346006,5.0,B00DBRONZC
fitsne,5000,4337,56.7292279595233,8.951269839027868,4.0,B008E18PDG
fitsne,5000,4338,1.2317778588543113,17.22412224029416,5.0,B009PK2MNY
fitsne,5000,4339,58.803584680957435,11.251657653600311,3.0,B01KTKFMFS
fitsne,5000,4340,-22.64999785189971,37.92619203360724,1.0,B08Y8K3JK5
fitsne,5000,4341,-21.232316113629206,23.919417544497946,5.0,B093BNHQFR
fitsne,5000,4342,-24.239672693131006,-1.4691606457347888,5.0,B07H65KP63
fitsne,5000,4343,31.266879269420873,-19.93652909991072,5.0,B086WVQ3KB
fitsne,5000,4344,39.67257115647434,-13.806042571005486,5.0,B098FZ19GX
fitsne,5000,4345,43.05888734232353,-23.402602957276603,1.0,B07C4ZPTYT
fitsne,5000,4346,-19.227915305296282,-6.204395866993072,2.0,B09WDS7KLW
fitsne,5000,4347,40.384291639016006,-24.72691084348664,5.0,B01B6AN7WK
fitsne,5000,4348,-8.499765175621157,10.689738440229704,5.0,B008R79VMQ
fitsne,5000,4349,7.35326866335744,12.466161107820705,3.0,B007LOSMS0
fitsne,5000,4350,4.3510889310497145,12.37328363502854,1.0,B008USBYMM
fitsne,5000,4351,11.896459767639977,-43.18029767935652,5.0,B07FXJD8W1
fitsne,5000,4352,-47.046281214945225,-33.4381287030404,5.0,B013HSW4SM
fitsne,5000,4353,18.385232553916268,11.50242548826792,4.0,B01J66NF46
fitsne,5000,4354,-42.28214194308685,-42.362884746633156,1.0,B08JSMB43D
fitsne,5000,4355,9.357048079894621,1.8276597860925505,5.0,B0BT22X92B
fitsne,5000,4356,38.75582722024872,-19.695763673657193,3.0,B0B9LDXJ3X
fitsne,5000,4357,43.20516664592223,8.251161069041883,5.0,B08GLMFT79
fitsne,5000,4358,-0.5678763758337969,10.515627184978273,5.0,B07SHFPD8S
fitsne,5000,4359,28.38321756934639,-27.685802048404447,5.0,B0C876SJG6
fitsne,5000,4360,-39.643164909976434,12.776663920139917,3.0,B075X8471B
fitsne,5000,4361,20.55782687751472,-46.32326450820306,5.0,B071RXTD57
fitsne,5000,4362,-4.052056163156061,-45.932228993663166,5.0,B08CLNX58K
fitsne,5000,4363,27.325244861483593,-14.023270401405805,5.0,B00SC7GHSM
fitsne,5000,4364,-24.410353285483556,-24.758833368822383,5.0,B00O15BQC6
fitsne,5000,4365,-23.314635289398527,-8.636346294049467,1.0,B000VN32O2
fitsne,5000,4366,-21.091723310558475,-11.392561899877913,4.0,B08PBPZB5Z
fitsne,5000,4367,-4.2979363807220805,26.10761392187051,1.0,B07PHQ93TV
fitsne,5000,4368,-10.812651218982715,-16.35288079845377,1.0,B07HZLHPKP
fitsne,5000,4369,-10.812209551494815,-16.342227875821646,1.0,B07S9THRC5
fitsne,5000,4370,52.279040610106854,-7.390023315138784,1.0,B0C9LWR99P
fitsne,5000,4371,-8.66478214005016,-40.29069503266073,5.0,B0BSH231H2
fitsne,5000,4372,-3.339921704232752,-42.64695758542871,5.0,B01HAVSPOY
fitsne,5000,4373,-1.9406642915419596,-20.985561332751406,5.0,B000067RG5
fitsne,5000,4374,-6.376217425188004,-28.42072258699369,2.0,B00711ST5O
fitsne,5000,4375,-7.067003006702498,-28.377662302175985,1.0,B0133U4MHU
fitsne,5000,4376,52.280446473990914,-14.61960739480582,1.0,B00KA3LS8K
fitsne,5000,4377,-8.865583598492758,-25.430766979419122,5.0,B00NNBQKA2
fitsne,5000,4378,-4.770948361893591,-30.04677104168613,1.0,B00LEFU2EY
fitsne,5000,4379,-21.456275008701503,53.745007632918714,1.0,B01F4H1DM2
fitsne,5000,4380,20.865622847659072,-46.57818683741457,5.0,B016NP71MA
fitsne,5000,4381,-3.268922894871556,-24.003607836572968,1.0,B00NWQZK3Q
fitsne,5000,4382,5.599072401796081,49.06032212404923,5.0,B07454F4JH
fitsne,5000,4383,-28.853757871941756,-25.680358240079393,5.0,B07CZ2PZJM
fitsne,5000,4384,41.664642934879986,28.376448625721927,1.0,B0B7HTGNQK
fitsne,5000,4385,-4.354583363991088,-26.665116542814573,1.0,B00906E03I
fitsne,5000,4386,21.930336522418955,-52.00401940784217,5.0,B081R1QS8K
fitsne,5000,4387,7.655337886620613,-32.869405735325856,5.0,B08X2LQYZR
fitsne,5000,4388,18.033829965252927,-34.31813699842409,5.0,B076WQHK2G
fitsne,5000,4389,18.093558177341396,-35.00772821222219,5.0,B07QVCZQ7N
fitsne,5000,4390,18.092145738257877,-35.008369699473214,5.0,B087F362BX
fitsne,5000,4391,18.094949500884237,-35.008593643532194,5.0,B07FMQ4YR7
fitsne,5000,4392,18.094596526314593,-35.008597033189005,5.0,B08HS9ZWQL
fitsne,5000,4393,18.094949500890507,-35.008593643741904,5.0,B08FPD1938
fitsne,5000,4394,18.094490148227347,-35.0090150443212,5.0,B08B1WQY3D
fitsne,5000,4395,18.094490148222977,-35.00901504538375,5.0,B08DLSLCF3
fitsne,5000,4396,18.09449014822063,-35.00901504537405,5.0,B07GNK18VJ
fitsne,5000,4397,18.57248404983338,-34.14629614173378,5.0,B0B6DPD19Z
fitsne,5000,4398,22.70571525297395,-48.392870385972415,5.0,B072J983PB
fitsne,5000,4399,24.89816996083269,14.063817066840366,5.0,B07F4P3JH7
fitsne,5000,4400,11.238071575227025,-12.758627407430923,5.0,B076BBWMDJ
fitsne,5000,4401,24.278033733974237,-51.58611046237257,5.0,B0043C0HJA
fitsne,5000,4402,3.076613230490986,-44.93485062910387,5.0,B07HWJ9TKL
fitsne,5000,4403,26.32740995164943,-41.456629086717825,5.0,B0711ZKF75
fitsne,5000,4404,-0.2440548853914307,-11.729232039982838,5.0,B0C26NRH8Z
fitsne,5000,4405,-38.53391719162826,-26.75025816673903,3.0,B0BHNC2ZYV
fitsne,5000,4406,44.57369583758081,6.310640507830562,5.0,B07S8WB3BR
fitsne,5000,4407,-15.019585018561099,-32.80707697607304,1.0,B09BJJTKLK
fitsne,5000,4408,39.505903613917106,28.961015690080455,5.0,B08TC81YQG
fitsne,5000,4409,-18.561136504229786,17.134738070344262,1.0,B0BBGK39G4
fitsne,5000,4410,-3.602897505733391,50.894319645872585,1.0,B08T9T4C7J
fitsne,5000,4411,26.745411610199916,35.769176721243575,4.0,B0B4F9H4DF
fitsne,5000,4412,45.411104756401194,13.198645343337983,3.0,B0B47D3S6T
fitsne,5000,4413,-10.205962294930153,-43.77007329609609,1.0,B09M8LN19F
fitsne,5000,4414,29.666468549430032,41.3816198199068,5.0,B09NQ7151V
fitsne,5000,4415,-21.7061364845843,42.42416735227664,3.0,B0933G71SZ
fitsne,5000,4416,41.851347520169796,-1.6097272026057692,1.0,B09GDD648C
fitsne,5000,4417,43.156954283858994,-0.9257375507389256,1.0,B0BVYB9NVD
fitsne,5000,4418,-31.016624264168417,18.34491574692963,1.0,B0BVY4JVNG
fitsne,5000,4419,1.9728040448086615,0.4329601337550633,5.0,B0BVY5RHRR
fitsne,5000,4420,-38.42282916301646,-27.763140703479927,2.0,B0BLVYRWTX
fitsne,5000,4421,-6.867851284588768,46.54949859283214,4.0,B0BWYPV5NY
fitsne,5000,4422,-25.9451951443172,30.61846808070395,2.0,B07LG4FYVR
fitsne,5000,4423,-36.262410666043415,28.090991844925043,5.0,B07ZQC6B9D
fitsne,5000,4424,-39.439226875798504,-13.934023537526922,5.0,B078H4YD2L
fitsne,5000,4425,13.937858351557523,-4.561973771988436,5.0,B07P5JV6HT
fitsne,5000,4426,13.767504295953863,-4.9640707615443365,1.0,B08M8Y6473
fitsne,5000,4427,0.5278838878118256,54.69958397647323,5.0,B01IEU7UZ0
fitsne,5000,4428,1.8118832574611845,0.7700619343860451,1.0,B0883DTP6L
fitsne,5000,4429,43.65139528446114,8.86587322110175,1.0,B01MFBM684
fitsne,5000,4430,15.207556042556188,48.244593183321506,5.0,B0BHMN1T7B
fitsne,5000,4431,11.015400176295183,-31.257368951928886,5.0,B073S3WQQH
fitsne,5000,4432,-39.07446582064067,2.9515879639059315,1.0,B01DLCQZGG
fitsne,5000,4433,-8.943600322128493,-19.212890432198055,4.0,B0BGMZZMZN
fitsne,5000,4434,-35.92215765196832,-31.096789468146305,5.0,B00WSLYQ7C
fitsne,5000,4435,-35.51834643416946,-20.980882842593036,5.0,B00IOG3URW
fitsne,5000,4436,-26.741144122833212,51.02331548421619,5.0,B003KPBRRW
fitsne,5000,4437,16.6550126613808,-17.07445929593451,5.0,B0063N7UGA
fitsne,5000,4438,-35.82923383262539,6.6498287371215685,5.0,B004MFBH8S
fitsne,5000,4439,38.20012144996226,27.644739621728018,1.0,B0009RKLMG
fitsne,5000,4440,-50.531739147841144,17.189531436895365,5.0,B001GGAIGI
fitsne,5000,4441,-50.09438193157372,18.726916606476752,5.0,B001DVZXC0
fitsne,5000,4442,37.617403583788494,2.7475385671895265,5.0,B08SHKWV8L
fitsne,5000,4443,36.828911699283765,3.226675580326319,1.0,B078JCWJ9Z
fitsne,5000,4444,4.9996718121503365,-10.888223232430892,3.0,B01CIEBS74
fitsne,5000,4445,47.222099734732005,-5.033854740003439,1.0,B01K6PBIRC
fitsne,5000,4446,12.863772975869857,11.137122018192946,1.0,B01A08E70K
fitsne,5000,4447,1.321784737316053,1.2758423595295556,5.0,B00A83I8G2
fitsne,5000,4448,45.60663735587569,1.7089357104575078,5.0,B00GA2PELW
fitsne,5000,4449,10.964596294085613,24.812406743427992,5.0,B00B8KXLT8
fitsne,5000,4450,39.592604768546465,-21.98259429017146,1.0,B0BYPFJKT7
fitsne,5000,4451,8.389348560527518,41.46807577366127,5.0,B008J0Z9TA
fitsne,5000,4452,26.568648434489482,39.106733955595,5.0,B00AW4O0M8
fitsne,5000,4453,45.835052416569006,1.2210433831286251,5.0,B004V9F61O
fitsne,5000,4454,8.373048474695361,41.4901773618517,5.0,B004Q3C98S
fitsne,5000,4455,24.83135151111472,5.473224978475138,1.0,B00825C0PS
fitsne,5000,4456,42.6694795275648,-2.017781687773371,5.0,B0777SJZ55
fitsne,5000,4457,42.017854718018484,37.584947715083636,5.0,B0043T7FXE
fitsne,5000,4458,16.4253211055046,-29.107165236950046,1.0,B01J94SWWU
fitsne,5000,4459,-13.510319278963141,26.730457889944738,5.0,B08XKBPPM3
fitsne,5000,4460,8.878901705283313,24.990574165983674,3.0,B005HGILN0
fitsne,5000,4461,-13.077839457382952,-32.98185308650724,4.0,B0C36JWCCM
fitsne,5000,4462,-39.688205358775534,-40.47882275716989,5.0,B09JQMJHXY
fitsne,5000,4463,2.173808734396895,-48.261338737891506,5.0,B0097BEFWC
fitsne,5000,4464,-16.65520454113484,1.762671739180237,3.0,B09L44Z63L
fitsne,5000,4465,-8.639069011240132,-24.46941626605566,5.0,B0B7RL1835
fitsne,5000,4466,-35.23684484508955,-4.833355817885249,5.0,B07H65KP63
fitsne,5000,4467,30.283864428214656,13.47124079513637,5.0,B07JMQP6T6
fitsne,5000,4468,35.5554015478273,-14.806944416832915,5.0,B094QBNBC4
fitsne,5000,4469,-5.918358300612877,-8.599517166447097,5.0,B07H65KP63
fitsne,5000,4470,-32.92568732577335,44.43883282776955,5.0,B0C26NRH8Z
fitsne,5000,4471,-44.26296286828686,6.035682932033512,5.0,B09TKC23YB
fitsne,5000,4472,-24.15394185891034,21.668798299114304,5.0,B095H4PGJ5
fitsne,5000,4473,-1.3678683124028963,-12.49016208738532,5.0,B0778MP49B
fitsne,5000,4474,-33.040352125456174,-39.048144933373365,5.0,B0787KLT56
fitsne,5000,4475,-27.83276106666924,3.9414937359488893,5.0,B00ZVJAF9G
fitsne,5000,4476,-14.568555521871977,22.006178084802936,5.0,B013DN53WU
fitsne,5000,4477,24.269100740578224,36.45809833698783,5.0,B00PVIBIN4
fitsne,5000,4478,18.6503574601436,34.99834560919505,5.0,B01F69ARK2
fitsne,5000,4479,29.844596827023384,-30.206388416456054,5.0,B00MWZTWJG
fitsne,5000,4480,38.28628992611431,-20.067213442561712,5.0,B07RYN4ZVL
fitsne,5000,4481,-35.296303236141576,-42.72616939234407,5.0,B07FM4HKWN
fitsne,5000,4482,12.339573843670433,23.673922957041135,5.0,B0C61QZ71T
fitsne,5000,4483,-6.179062366614606,-14.849619666089916,1.0,B0BX86Q6PB
fitsne,5000,4484,-33.63539630630871,-9.355509497146077,5.0,B00BCSYZSW
fitsne,5000,4485,-37.26395214803531,-34.094142589396846,5.0,B00BONB8FS
fitsne,5000,4486,-0.15059364622371582,9.718166701758552,5.0,B003U46SWC
fitsne,5000,4487,25.695859177723918,35.399211685245945,5.0,B0BC8KWS2Q
fitsne,5000,4488,60.60960799468333,6.0225655286142405,5.0,B0BY98CSFT
fitsne,5000,4489,58.045986023083415,8.742447972678995,5.0,B0BRTPJ8FW
fitsne,5000,4490,-41.83526578400706,-19.731302085727094,5.0,B0BCF1BSXK
fitsne,5000,4491,-42.10889756127012,-15.230046497443569,5.0,B08G6KK3L6
fitsne,5000,4492,-25.24415273356041,-0.7825562433173087,5.0,B07HZLHPKP
fitsne,5000,4493,31.708804201203996,-17.03560861984847,1.0,B06XW7T3WD
fitsne,5000,4494,-16.994424401506183,17.062122987631657,1.0,B0B8J17B9L
fitsne,5000,4495,15.799616332356372,-37.060982997466,5.0,B0BN1LF4PS
fitsne,5000,4496,25.953407075208666,-31.13528209689254,5.0,B0822D8551
fitsne,5000,4497,30.71026133012215,23.663032618942935,5.0,B0B2K25S5S
fitsne,5000,4498,-31.249501455960758,44.83013161451859,4.0,B08G1NNG1W
fitsne,5000,4499,-31.03861093470675,45.8802492784596,5.0,B0C4P11F1C
fitsne,5000,4500,-31.92199123029381,45.31501583139523,4.0,B0895N285F
fitsne,5000,4501,0.5558564575509513,16.939951626253443,5.0,B0CDCF3MLP
fitsne,5000,4502,41.42228066952987,38.414653849617096,4.0,B09Y1PSVTB
fitsne,5000,4503,39.99320375584344,38.84229542089903,4.0,B087Q5XTK9
fitsne,5000,4504,12.127362389977469,50.229201974991824,5.0,B0C447ZT7H
fitsne,5000,4505,28.45343976848348,22.731676130256357,4.0,B087LS8ZRV
fitsne,5000,4506,-25.177731181344488,32.85977223762796,5.0,B08LPJL3KB
fitsne,5000,4507,-33.00522458792447,40.90935902069478,5.0,B08CV271C7
fitsne,5000,4508,-31.141403270158833,24.35852682686234,4.0,B08K42MJFP
fitsne,5000,4509,-38.031321967520014,28.871330063149,5.0,B08Q2WMGKP
fitsne,5000,4510,-24.578354332012363,34.659062239178155,5.0,B08HM2TBPN
fitsne,5000,4511,-8.547250193824503,41.3984299132174,5.0,B08HS2ZCMB
fitsne,5000,4512,9.789335405357827,54.25692354877769,5.0,B08QV1HG4S
fitsne,5000,4513,-34.82845307663519,31.309703210670538,5.0,B08HCDV6TT
fitsne,5000,4514,-35.76003321088622,30.497324066588703,5.0,B08FD2XKWH
fitsne,5000,4515,-12.684600855941564,48.39002202912585,5.0,B08GX2YF4D
fitsne,5000,4516,-36.58528189408682,30.46027895075556,5.0,B08CDD6PCW
fitsne,5000,4517,38.01417233109646,-20.084241719977264,4.0,B08315RYD4
fitsne,5000,4518,-37.164001109907495,30.28775454144902,5.0,B09LQ4FCD6
fitsne,5000,4519,-29.4613936321891,26.251632394135257,5.0,B08BC9J8QQ
fitsne,5000,4520,-35.796448729821755,28.161614264405994,5.0,B0B23LRBRP
fitsne,5000,4521,-33.38459627949477,38.712898528627335,5.0,B09WKF4TZ4
fitsne,5000,4522,-33.31638063605505,30.43219064377086,5.0,B08DCSS6LH
fitsne,5000,4523,-23.883627563076747,35.06006007862281,5.0,B08BJ8TBZ4
fitsne,5000,4524,6.739989419625345,34.489951032060425,4.0,B08MFWGDH1
fitsne,5000,4525,-12.328486666928157,48.24903811605164,4.0,B09LH8BBBK
fitsne,5000,4526,-11.9447368696309,42.10407986120667,4.0,B08C4NSZQK
fitsne,5000,4527,-33.61084061716826,22.40308763623211,5.0,B087T7T8Z7
fitsne,5000,4528,-32.948685670118344,26.308101941008676,5.0,B08N3ZWCN8
fitsne,5000,4529,-33.60195739939816,22.39609883954673,5.0,B087TCTMKV
fitsne,5000,4530,-16.68608152818189,26.32144814181216,4.0,B088K166SR
fitsne,5000,4531,-20.354734957550257,-32.38903241939865,4.0,B08C5GPVP2
fitsne,5000,4532,-36.08953490589076,13.368400444290787,5.0,B08P1YXVNR
fitsne,5000,4533,-35.96351512145922,4.682802031742039,4.0,B0931DYBX5
fitsne,5000,4534,17.28880692056166,8.756511879742654,4.0,B08FG7X8TL
fitsne,5000,4535,6.0710819479724325,27.79418942294782,5.0,B0BKG4RT1F
fitsne,5000,4536,20.519306413035807,39.352776125098835,4.0,B081VT2CPW
fitsne,5000,4537,29.880973855364893,22.519710788679358,5.0,B07Z7ZWC6S
fitsne,5000,4538,-12.632033561632554,46.900368306099764,5.0,B0859TMPHT
fitsne,5000,4539,-25.271650981369937,-10.32684362640286,4.0,B07XQ325Y3
fitsne,5000,4540,-24.095352081185762,34.974053841778975,5.0,B084Z66SFG
fitsne,5000,4541,40.913868534491954,38.14742118115458,4.0,B09Y2SCDB2
fitsne,5000,4542,29.039042746004192,22.708180457796754,5.0,B07ZNQZC9W
fitsne,5000,4543,-2.6028033476321575,35.03962927058861,4.0,B0BVV61JV3
fitsne,5000,4544,35.46562395954814,-25.465427872176672,5.0,B083XSR7Z6
fitsne,5000,4545,-8.695353491701646,41.49913284945902,5.0,B082WCKGD8
fitsne,5000,4546,-17.260658414971605,29.017659603200265,4.0,B083SG6P3J
fitsne,5000,4547,-35.32479737882755,16.806268988244582,5.0,B0C45YWP9R
fitsne,5000,4548,-13.62964633172604,-4.418142839525993,5.0,B07ZWYLVNY
fitsne,5000,4549,-18.222941533125642,-14.231699845478074,4.0,B07ZVG36ZR
fitsne,5000,4550,-32.965084055676215,33.394611461553026,5.0,B0823BYWGN
fitsne,5000,4551,43.7037146752831,17.269538738692532,5.0,B083169BMW
fitsne,5000,4552,42.461223480105915,6.882587143205721,5.0,B0814BN42P
fitsne,5000,4553,-8.208844606202724,42.87590534448158,5.0,B0B28GXPRR
fitsne,5000,4554,42.25759310978017,5.114914212351489,5.0,B07YJXWDJP
fitsne,5000,4555,-35.441820867233396,-7.295488623268254,4.0,B08LYFRFDK
fitsne,5000,4556,-33.37315843952465,31.181363024063764,5.0,B0814TG59P
fitsne,5000,4557,-12.668394051528484,46.626078847685044,5.0,B0773LJBZ5
fitsne,5000,4558,8.128144754285763,14.42697991321059,5.0,B07WL1RMZK
fitsne,5000,4559,-12.172462144270643,48.39647426295534,4.0,B07Q8N8BN8
fitsne,5000,4560,-15.482883718736646,48.40586398143011,5.0,B07TX1M942
fitsne,5000,4561,21.559232477197614,19.91424947264385,5.0,B07R3QL594
fitsne,5000,4562,-46.777122042760304,-38.03233610121835,5.0,B07QXJZ6HR
fitsne,5000,4563,-8.577710900303083,48.840330492415234,4.0,B07PVG3ZW3
fitsne,5000,4564,-36.691262030605074,31.062325109124522,4.0,B0891X1KDY
fitsne,5000,4565,6.495610366015977,41.76053001862362,4.0,B07S1FMVKG
fitsne,5000,4566,-21.725493543719022,-17.029769977624486,3.0,B0BJ7QMYBF
fitsne,5000,4567,15.16349009668449,5.043606983516883,4.0,B07Q1DPGWM
fitsne,5000,4568,-8.73303826725445,41.302063006013526,5.0,B07LFWRL26
fitsne,5000,4569,16.727101490298576,18.771885150672855,4.0,B07PVM4YSX
fitsne,5000,4570,-16.459275522797963,36.45908898211806,4.0,B0BXPGHMN6
fitsne,5000,4571,45.97865221364074,-19.034170221894996,5.0,B09WHPJZD3
fitsne,5000,4572,6.385059103547533,27.89541799817919,4.0,B08D8XN6C2
fitsne,5000,4573,6.89663115384163,5.6718914867005275,4.0,B0B9HF8KDV
fitsne,5000,4574,40.53094274358965,2.590350242319351,4.0,B06ZYB8VD7
fitsne,5000,4575,-33.42159640598539,32.64739115331669,5.0,B07HF1TZ1X
fitsne,5000,4576,29.100078228776223,22.74128434329576,5.0,B07DND2W6W
fitsne,5000,4577,40.174288898561166,39.20860603499424,4.0,B0BG27Y7DY
fitsne,5000,4578,9.965287506913116,29.419909857887887,4.0,B079YGJ9XL
fitsne,5000,4579,29.696798012825223,22.875857563996874,5.0,B076B3Q8JR
fitsne,5000,4580,-36.20191122121454,-32.68587470593287,3.0,B077P4WWHV
fitsne,5000,4581,-37.40519455911246,-35.925165998744525,5.0,B0778PCW73
fitsne,5000,4582,-0.4282165394771023,9.751095599299406,4.0,B071XY12YY
fitsne,5000,4583,-50.85156641376842,-8.75313516041757,5.0,B0764DQM28
fitsne,5000,4584,-30.448415900036704,-13.967686918558496,5.0,B06XDH6XL3
fitsne,5000,4585,27.410242456937503,38.14561173493556,5.0,B06WD61CF5
fitsne,5000,4586,25.438647957547744,37.71269911136577,5.0,B01MS79LGW
fitsne,5000,4587,-28.836724496276894,31.435059748025047,4.0,B01N526C57
fitsne,5000,4588,-8.194171272456638,40.66335381927444,5.0,B07ZPPR4DH
fitsne,5000,4589,-24.859988216977797,-33.45994334354465,5.0,B01DM7AEKI
fitsne,5000,4590,-22.654036405249503,12.055830823209586,5.0,B01BD79DSS
fitsne,5000,4591,-39.861456998852674,-12.81939054148151,5.0,B0156KV764
fitsne,5000,4592,20.189811066855306,21.58513607108679,4.0,B00UAN79KQ
fitsne,5000,4593,57.814249949787516,12.537227733187697,5.0,B00U5ROEIW
fitsne,5000,4594,0.25024346694489846,18.117332427438487,4.0,B00SOXMCCO
fitsne,5000,4595,44.60394684356109,-0.6525497152232035,5.0,B01BJLCN94
fitsne,5000,4596,-53.02559840159335,-5.662252533756006,3.0,B00O90HI3Y
fitsne,5000,4597,-4.108864645312222,-10.25854568952453,4.0,B00GTRVO12
fitsne,5000,4598,-13.170326617808577,32.96451196711284,5.0,B07MFZMQHP
fitsne,5000,4599,-35.67013422966563,-7.40472271144136,5.0,B00I59VBH4
fitsne,5000,4600,25.228466628913743,38.867358646083915,5.0,B00ANG3T1S
fitsne,5000,4601,41.487943102638084,8.627340152189689,4.0,B00EZBY6F0
fitsne,5000,4602,59.956068320329365,12.474609177811125,5.0,B00EN9Q35A
fitsne,5000,4603,-37.52713214285318,-14.682311453415084,5.0,B00BF9I0JI
fitsne,5000,4604,-38.08360677070339,-6.476190917028668,5.0,B00CACUZF6
fitsne,5000,4605,40.82141330727918,3.9963802569275133,4.0,B009YQ8BTI
fitsne,5000,4606,18.859032383918528,19.983503303940257,4.0,B008RW6QHY
fitsne,5000,4607,-38.10777186244577,-35.332845699658876,4.0,B0094S37GS
fitsne,5000,4608,46.30453005039754,-0.8115227959637474,4.0,B002MCZ2L6
fitsne,5000,4609,44.907815513230375,-1.0151147681528612,4.0,B00AFSNGAI
fitsne,5000,4610,6.6662982001869056,-2.813715120374152,4.0,B006ZGB58Y
fitsne,5000,4611,6.364336885390474,47.846858961846564,4.0,B0013G04AQ
fitsne,5000,4612,-38.10060053216028,-6.712498353181945,5.0,B003LNNOCO
fitsne,5000,4613,60.01093571630385,10.87795154619383,5.0,B004JMZPJQ
fitsne,5000,4614,41.05453911771225,7.498345309810582,5.0,B0079T724W
fitsne,5000,4615,4.654127384646299,-3.1714611192021533,3.0,B007CRWQ74
fitsne,5000,4616,-46.014283146100546,-29.130236804688757,5.0,B007K3SB6K
fitsne,5000,4617,60.61645567127921,14.850558801143194,5.0,B003ES61EE
fitsne,5000,4618,-46.13896221363525,-29.239601991376063,4.0,B005FVDTAW
fitsne,5000,4619,-46.066952573075056,-29.203088482103297,3.0,B004JU0E08
fitsne,5000,4620,-45.91416882601903,-29.288398076754696,5.0,B002YOENAS
fitsne,5000,4621,-31.97611781970843,47.193234258463804,4.0,B004K1EZDS
fitsne,5000,4622,10.905765806156543,28.850243088291453,4.0,B004I1KJ8U
fitsne,5000,4623,26.48102625812728,15.731981331627376,5.0,B00267SENK
fitsne,5000,4624,40.81566948285436,6.480900783786081,4.0,B004AM625G
fitsne,5000,4625,-38.351689855257156,-10.48195014270184,4.0,B0041HXGIQ
fitsne,5000,4626,-42.20731481196765,-12.9050033755712,3.0,B001D559Y8
fitsne,5000,4627,26.83937901770431,-7.298177102301836,5.0,B0033A7K7A
fitsne,5000,4628,-32.214320212139256,47.482034360256186,5.0,B0013F6HK8
fitsne,5000,4629,-50.5438593851991,-29.660760352963937,4.0,B0C39XH7F7
fitsne,5000,4630,9.289696380620681,18.484756100501897,1.0,B07N86MCD2
fitsne,5000,4631,-46.14851034200131,-25.336781784569375,1.0,B00AFGP5MM
fitsne,5000,4632,-14.669156347711318,-18.069789229051892,5.0,B07Z9X3397
fitsne,5000,4633,39.05957377493141,12.806945998585107,5.0,B07S83DXDK
fitsne,5000,4634,-3.0103429713375816,-44.60602663749031,5.0,B06W568Y6C
fitsne,5000,4635,-6.4842848820419805,-45.699098668145105,5.0,B07H65KP63
fitsne,5000,4636,28.162533774250218,20.37379143051232,4.0,B0C5S13X5W
fitsne,5000,4637,-27.39338528614428,12.975623426729955,1.0,B083LC9WMB
fitsne,5000,4638,-27.216987630301148,-26.603637736500634,5.0,B097MPYBR7
fitsne,5000,4639,35.18115821318781,-16.928685243025924,3.0,B082TNQZYQ
fitsne,5000,4640,14.429380279828537,-5.467153510960783,5.0,B07MFZ9MHM
fitsne,5000,4641,-28.93127937055566,5.95281526366049,5.0,B075X8471B
fitsne,5000,4642,-12.876710322133688,-22.23581529962582,4.0,B076F4MWJ2
fitsne,5000,4643,33.62452769804828,-0.9519656592385467,5.0,B078XRNNDG
fitsne,5000,4644,27.14944545203903,12.039710005436136,5.0,B01BFIBRIE
fitsne,5000,4645,-4.474973615037153,-2.2946972454296652,5.0,B01BRWH8G8
fitsne,5000,4646,26.72842942459251,-17.726016754746002,3.0,B0BB2LBQJ9
fitsne,5000,4647,40.28961109362161,-2.56034781729924,5.0,B0995VY79Y
fitsne,5000,4648,27.146629726494375,20.21833442637839,5.0,B08SQKZDKR
fitsne,5000,4649,27.349274503652794,-14.971678908678317,5.0,B07D1MFR2V
fitsne,5000,4650,37.19468787905654,-19.4267876401622,5.0,B091GFZJRT
fitsne,5000,4651,25.279216946692163,-55.331342149338255,5.0,B07TLVMRNW
fitsne,5000,4652,-32.90185642145858,-16.11608203231857,5.0,B07TJLM1YM
fitsne,5000,4653,-35.93466213228775,-17.053706955794055,5.0,B078W4T2SS
fitsne,5000,4654,40.532048167708616,-4.803079388432927,5.0,B07L63NVK4
fitsne,5000,4655,-6.210274606482144,-17.585236532914823,3.0,B075QCZRXY
fitsne,5000,4656,6.83983758800933,50.73422999661449,5.0,B09ZQ4GHM8
fitsne,5000,4657,14.311654114017355,-50.622998018703065,5.0,B0C4T2HF5W
fitsne,5000,4658,33.41221316974491,-5.174267341821148,5.0,B01HCGZY50
fitsne,5000,4659,39.37858174851538,-8.31317409189268,5.0,B09G2SP42N
fitsne,5000,4660,26.918959910566528,-13.494895905384563,1.0,B00G2UBWGI
fitsne,5000,4661,-8.326939857063927,24.92349095169953,5.0,B07LF54F6H
fitsne,5000,4662,-12.921669667214001,21.004263995851133,5.0,B077XVH192
fitsne,5000,4663,33.27189802704532,-5.214393965155263,1.0,B07BSJCMGS
fitsne,5000,4664,-40.3354454292771,6.475546592095362,5.0,B01ETRH0AM
fitsne,5000,4665,-33.903878295407864,-41.276808608604526,5.0,B07V3RB9C1
fitsne,5000,4666,-13.490443573263617,20.339410584501955,5.0,B075WD3YHX
fitsne,5000,4667,-41.48414668501718,24.858390142212997,4.0,B09F5PVRQD
fitsne,5000,4668,-41.62489827636405,25.19544429896869,5.0,B0B787CN26
fitsne,5000,4669,-18.187734348402433,-0.30191669048601816,5.0,B01I8VCDX4
fitsne,5000,4670,-13.341493791968604,41.23234861370052,1.0,B0199HAOAU
fitsne,5000,4671,-10.565910952082898,45.23013367689155,5.0,B0761T4DHF
fitsne,5000,4672,-37.812438782573764,46.54869757409038,5.0,B013CV95J0
fitsne,5000,4673,24.279061472176597,6.119839458411918,3.0,B07P374FF3
fitsne,5000,4674,-47.68209841669328,16.90846608107345,5.0,B00RFLXE0A
fitsne,5000,4675,-16.329198206678846,22.348497188234738,4.0,B018SZT3BK
fitsne,5000,4676,-36.08514033958467,49.49639476546762,5.0,B00QGOQ2BA
fitsne,5000,4677,-36.23822947304007,49.4673823384446,5.0,B01N0FGGBR
fitsne,5000,4678,6.418554119004426,-3.5075668914664586,5.0,B00TIYNGBY
fitsne,5000,4679,-37.77099982960369,16.951886564165946,5.0,B08J91XPGV
fitsne,5000,4680,18.980596557637718,35.34896580796179,5.0,B00BH61UV4
fitsne,5000,4681,-6.1842491797688215,-26.948178906814082,1.0,B09J49WZXQ
fitsne,5000,4682,12.67853705133272,-22.746815625036806,4.0,B00O8NVPBI
fitsne,5000,4683,-28.57325688134078,-22.90700603766536,5.0,B001THL8SQ
fitsne,5000,4684,39.9119613573405,-19.441090551613048,5.0,B01CXIFOU2
fitsne,5000,4685,-50.92337736964093,-9.428886455438755,5.0,B00LMRP6UY
fitsne,5000,4686,39.39600199097912,-2.16206121092603,4.0,B098Q3L9NJ
fitsne,5000,4687,38.2189680679284,-22.69774841029855,1.0,B07H4SVXYP
fitsne,5000,4688,30.6398088991019,28.85827074441224,3.0,B09BQLWBR3
fitsne,5000,4689,-37.99048344579421,46.40007627592174,1.0,B00NR1EHP8
fitsne,5000,4690,-32.09898491130503,-26.072662274037487,5.0,B00FO0IHMY
fitsne,5000,4691,37.32738861347964,31.75930824042688,4.0,B00QRPPCMI
fitsne,5000,4692,4.515600692630937,25.944597994783088,4.0,B0B2V9KS41
fitsne,5000,4693,5.50977921720937,25.457869701697998,5.0,B081498PMW
fitsne,5000,4694,30.88796833686397,18.498923257830697,2.0,B07PG6YW52
fitsne,5000,4695,24.536421757717143,14.79246475876124,5.0,B0794ZR7T8
fitsne,5000,4696,45.60185103888397,-1.4795291187166295,5.0,B07FMBYFD1
fitsne,5000,4697,28.393801127774328,36.67252120472512,3.0,B07PSGC87H
fitsne,5000,4698,21.669238347256552,-27.421707514590288,5.0,B08YFJYD5Z
fitsne,5000,4699,-20.769077550793146,25.326674250515225,5.0,B008KRZDYI
fitsne,5000,4700,-21.896227169873935,28.225769362854916,2.0,B08TZX2DW5
fitsne,5000,4701,-6.09119009583248,-45.31223190961821,5.0,B0041OTZAM
fitsne,5000,4702,-20.911709563468005,5.417247326806564,1.0,B09L7HBXYC
fitsne,5000,4703,11.031665453922791,10.179236123255789,1.0,B08XQCYPJ3
fitsne,5000,4704,11.065805494680458,13.735914790719004,5.0,B0BNSWXKFB
fitsne,5000,4705,-6.046094939378247,28.49465244731319,5.0,B0C5S4MXKF
fitsne,5000,4706,57.072404101125905,7.377557618967347,4.0,B017EHRZX6
fitsne,5000,4707,57.17600917704886,7.253253452517699,2.0,B088LWZRQ8
fitsne,5000,4708,-20.0500549127597,29.781422755140326,4.0,B00GYP8MA0
fitsne,5000,4709,-14.226917272080003,23.055125724447038,5.0,B07TKVB64D
fitsne,5000,4710,13.3262095555182,23.146911279893914,5.0,B014TUZ92U
fitsne,5000,4711,8.357450977921097,38.88102724369914,5.0,B011BRUOMO
fitsne,5000,4712,29.22848066390272,-8.8817247509099,5.0,B00S05R5QY
fitsne,5000,4713,-1.045168724221901,-8.174053781642993,5.0,B07KTYJ769
fitsne,5000,4714,-11.863803231201981,-33.28912614779308,5.0,B07SGBZF17
fitsne,5000,4715,-24.263363902468853,19.959884325460294,5.0,B078H4694S
fitsne,5000,4716,-31.02268535413955,7.276140697241477,5.0,B075JZNHTD
fitsne,5000,4717,18.285946782028336,34.72183070351028,5.0,B01L73OEOG
fitsne,5000,4718,-31.772529364514252,-34.714646576428336,5.0,B01DOW5RTO
fitsne,5000,4719,-33.20004404925215,-17.790205868306778,5.0,B01LZV6TYQ
fitsne,5000,4720,-16.93140334371729,11.52083375533956,5.0,B01FJPACGC
fitsne,5000,4721,4.532555213121832,6.573897854608002,2.0,B017NHHZ4G
fitsne,5000,4722,25.650374805946736,13.507036712114628,5.0,B07P374FF3
fitsne,5000,4723,27.020030488163286,-28.132867586659515,5.0,B00BT6NZLA
fitsne,5000,4724,-11.21153529340709,34.63841230351795,4.0,B004I2KA4M
fitsne,5000,4725,38.1775975000373,-23.806004956329804,5.0,B00CRQUKQ4
fitsne,5000,4726,10.087277190117936,-37.61187184637568,5.0,B098ZZWTC5
fitsne,5000,4727,16.06984655517857,-20.008566185715008,4.0,B0BLMPQL2D
fitsne,5000,4728,42.75181553971061,9.594054501385772,5.0,B0079EZRGC
fitsne,5000,4729,5.2985923076922745,-1.9106407880819425,5.0,B00BQM8S2S
fitsne,5000,4730,27.703936179754063,7.874310970873538,5.0,B0051VVOB2
fitsne,5000,4731,58.34956501314031,-1.701745404138862,5.0,B009AOGJDE
fitsne,5000,4732,1.0993582030792475,-22.363585656429798,5.0,B07NSWGL41
fitsne,5000,4733,-1.5110214502934862,-11.065320964310995,5.0,B011CUSX3C
fitsne,5000,4734,-35.72575226545775,9.18501283566315,5.0,B08N9DPW69
fitsne,5000,4735,5.377484350028775,27.95018334223314,4.0,B0BM2YG2K7
fitsne,5000,4736,28.38971130490278,-9.160244898317421,5.0,B071FXZBMV
fitsne,5000,4737,-21.03791988696642,36.07771027983526,4.0,B07BK59YYC
fitsne,5000,4738,10.276741502586287,43.729447613645554,5.0,B0C1BVZHD1
fitsne,5000,4739,19.220277989733155,15.577874945258943,3.0,B07W1Q3X7S
fitsne,5000,4740,-17.88840055752527,-14.272135359824894,4.0,B07CPNR79C
fitsne,5000,4741,36.99944044210389,-28.880728318673086,5.0,B082Z2KZP8
fitsne,5000,4742,2.169299985168752,-25.788090685617664,4.0,B07PQJGCVT
fitsne,5000,4743,-25.391140937162685,21.215729880193976,5.0,B00KDOUH0G
fitsne,5000,4744,-18.86732791324252,-18.996770226011453,4.0,B001FA1O18
fitsne,5000,4745,7.211194723184615,22.70891245044944,5.0,B005FM8UL4
fitsne,5000,4746,6.043970959835352,28.06840938568935,5.0,B07KVP7TTW
fitsne,5000,4747,7.799481016799955,-6.685022807481222,5.0,B091YNGYMT
fitsne,5000,4748,33.072439839050986,7.8713893989707255,5.0,B00FJK0LDW
fitsne,5000,4749,-45.240548638483006,8.682096261201242,1.0,B002UUTCMU
fitsne,5000,4750,-7.274067624886415,-31.24773538365535,1.0,B00WUWVO88
fitsne,5000,4751,-23.0482348830924,-2.538652936269917,2.0,B07HZLHPKP
fitsne,5000,4752,12.638626828248768,18.86709970438516,4.0,B00N1XLAZC
fitsne,5000,4753,-48.06045062492859,20.326848417191037,5.0,B01CCMUN8C
fitsne,5000,4754,41.68304437545204,39.93418386751533,4.0,B00BIFNTMC
fitsne,5000,4755,32.19045745823329,23.199123351159688,5.0,B08FD79VFW
fitsne,5000,4756,27.105664654820373,-19.31561817495764,5.0,B07TXJQC3J
fitsne,5000,4757,-30.164450823299557,-17.23630644300542,3.0,B07CRKFF9C
fitsne,5000,4758,-26.888146402697693,9.773225677086206,1.0,B075X8471B
fitsne,5000,4759,23.924088514246417,-31.904980555006883,5.0,B0736ZHMMK
fitsne,5000,4760,-26.909683960469486,-13.343078903098947,5.0,B09FDMGNQR
fitsne,5000,4761,-11.783682158640453,-33.041425601988706,5.0,B07NZ5F523
fitsne,5000,4762,22.88964906200026,-12.48129045715578,5.0,B0BQRNFHCV
fitsne,5000,4763,12.059514445345838,-13.87739404501417,5.0,B00SF6VSVG
fitsne,5000,4764,41.82679997464664,1.8902249930785342,5.0,B06XSGYL1Q
fitsne,5000,4765,-22.29879357649976,-12.481412044203129,5.0,B07Y4WVD8L
fitsne,5000,4766,-22.921254627942268,37.31505324832532,5.0,B08HM51MMR
fitsne,5000,4767,-27.117687762201736,24.609162582473445,5.0,B08H5LZRVS
fitsne,5000,4768,-23.99710440969229,-14.16596051186584,5.0,B08H5DV1YC
fitsne,5000,4769,-20.206837393264426,24.108070889691643,5.0,B08KTJC3P5
fitsne,5000,4770,37.39476216597069,41.299620735452564,5.0,B09Y1PSVTB
fitsne,5000,4771,34.63515409843348,38.49732238836135,5.0,B087Q5XTK9
fitsne,5000,4772,9.834130704427624,42.9393564561565,5.0,B083P66G5H
fitsne,5000,4773,6.6908439726030835,53.42263047599276,5.0,B09BQQZQMM
fitsne,5000,4774,58.31791594251361,14.35719067554423,4.0,B082W1SWKC
fitsne,5000,4775,26.655281946930685,31.58659390093663,4.0,B08CSHM6L3
fitsne,5000,4776,-12.664936528748314,22.196661848348775,4.0,B07921HW1Z
fitsne,5000,4777,42.40794088787886,18.662441852543417,5.0,B07X54PV85
fitsne,5000,4778,-10.817743498499528,20.400259306781017,4.0,B07VSGQ62K
fitsne,5000,4779,-36.27524933833851,29.68442888043798,5.0,B0BMQ999F8
fitsne,5000,4780,-33.76283190613319,30.92216005372753,5.0,B07SCXM7BH
fitsne,5000,4781,-35.69133609964558,17.66301992991895,4.0,B07M8RNRGT
fitsne,5000,4782,-12.105676338353847,13.173375689676302,5.0,B0BGPJNJBH
fitsne,5000,4783,-20.155390761880014,35.337611276340716,1.0,B07RXXTZ6R
fitsne,5000,4784,23.382783813477598,38.39592254434937,5.0,B07RF2123Z
fitsne,5000,4785,-14.175455704761843,47.101964975009,5.0,B07FQ94LV7
fitsne,5000,4786,-24.43352514039702,-33.63718147762854,4.0,B07S479R2L
fitsne,5000,4787,-35.96551143462822,-10.790998572141284,4.0,B08TRD3FRW
fitsne,5000,4788,-9.360480428965031,44.32204384889561,4.0,B07PVG3ZW3
fitsne,5000,4789,-15.192537254135551,34.78038283374223,4.0,B07YJ9L5MY
fitsne,5000,4790,-9.39630683782694,39.94164418862044,4.0,B07QKBV6TP
fitsne,5000,4791,21.67128607883555,46.27936656868075,5.0,B00JZFG6QS
fitsne,5000,4792,55.98916559425958,10.435158149322268,4.0,B07PPP7QMP
fitsne,5000,4793,-26.10075240318369,-8.615823274175083,2.0,B07PCGV1FC
fitsne,5000,4794,8.301846113117499,10.229701887247394,5.0,B07JGSN975
fitsne,5000,4795,6.1324030930630755,32.704424598889545,2.0,B07M9K3122
fitsne,5000,4796,-33.64782537380382,-33.474064635869894,3.0,B07N5XKK95
fitsne,5000,4797,10.046312878637043,28.827253293231553,4.0,B07G57SHSL
fitsne,5000,4798,-13.921632552921643,47.994019556943265,4.0,B07JX736SB
fitsne,5000,4799,-23.49958641771938,35.250698796950196,4.0,B07FZSR9JW
fitsne,5000,4800,-21.958165259786398,37.558445330065936,3.0,B07FDHN9V8
fitsne,5000,4801,7.8167151510815795,10.297651742688268,4.0,B07STM5GQG
fitsne,5000,4802,38.773475864223315,36.83552752111516,4.0,B07BMX18JN
fitsne,5000,4803,-9.619368948317698,42.70646686590794,5.0,B07N3B66YQ
fitsne,5000,4804,-26.40828949842146,0.32294914744192077,4.0,B07MC8C9LP
fitsne,5000,4805,-10.049106908163598,18.10839951841517,4.0,B07DN7XBN3
fitsne,5000,4806,9.444393814745402,29.005848512932527,1.0,B07MZRP64K
fitsne,5000,4807,-44.052332717517146,-32.196815105225646,3.0,B07MCSKB9P
fitsne,5000,4808,-16.637545127692526,35.22719331240543,4.0,B0BXPGHMN6
fitsne,5000,4809,-35.00616225939743,48.79675544804835,5.0,B00QGOQ2BA
fitsne,5000,4810,-35.06576993959801,48.83164379018818,5.0,B0C1D3JB4R
fitsne,5000,4811,-1.5124317729556465,20.729100486469054,5.0,B07LCDQSVL
fitsne,5000,4812,24.437798800406277,-21.228492156265617,5.0,B08Y929JZN
fitsne,5000,4813,45.56362517752061,19.53419950611503,4.0,B085QC3JXX
fitsne,5000,4814,-24.302011759773578,-40.338691732274526,4.0,B07JW1YSRH
fitsne,5000,4815,45.227622207209315,18.93777132295422,4.0,B07KXWX1VY
fitsne,5000,4816,41.2985489771433,33.073592741738466,3.0,B0CBW96P7H
fitsne,5000,4817,-36.51472599454527,-11.651027290344087,4.0,B07HT12PD5
fitsne,5000,4818,-37.63613895696444,-2.0920151407565095,4.0,B07HR7H4ML
fitsne,5000,4819,36.2540010614988,36.518977719288664,5.0,B0BC2STR39
fitsne,5000,4820,8.150837622295471,51.697932571432816,5.0,B0B6D4W3R7
fitsne,5000,4821,36.80537439576573,36.737580899476995,5.0,B0BG27Y7DY
fitsne,5000,4822,24.664766595499373,39.871861121816195,5.0,B06WVQ7SQL
fitsne,5000,4823,37.405080574138225,37.65781978472118,4.0,B074HYNMWG
fitsne,5000,4824,59.80165427835681,7.54246598244009,5.0,B0722Y445X
fitsne,5000,4825,26.634692512481784,41.86321681062924,2.0,B00CRGJDD0
fitsne,5000,4826,-6.54556561644448,31.686547318500377,5.0,B06WP2Y7B4
fitsne,5000,4827,61.768237918657285,0.7599288132275014,5.0,B01AC402TM
fitsne,5000,4828,8.921222829040246,15.800223957895831,5.0,B01IOHQYDM
fitsne,5000,4829,59.867804132670244,7.724998389399701,5.0,B01CXP8AX8
fitsne,5000,4830,-27.796804531703454,50.669792092711326,5.0,B00PEW7NP4
fitsne,5000,4831,-27.556260352786932,51.24724754288235,5.0,B00TLEXZ8K
fitsne,5000,4832,-27.787928202564075,50.68827635100757,5.0,B00V5EMQAM
fitsne,5000,4833,23.627741915323206,32.15676072764332,5.0,B01BF11RJK
fitsne,5000,4834,23.62794002204873,32.15694017924607,5.0,B00ZVNTU6Q
fitsne,5000,4835,23.5859124253819,32.12487375572304,5.0,B01BF13LZ8
fitsne,5000,4836,23.58600589582372,32.12487192381612,5.0,B015IX72CM
fitsne,5000,4837,56.150467507217435,4.742330915462914,5.0,B017KF7WH6
fitsne,5000,4838,31.15732545039888,17.797524527792707,5.0,B00Y3DLTF0
fitsne,5000,4839,6.83489654782499,45.26020497495028,4.0,B00SSUWGQK
fitsne,5000,4840,-16.23147889420155,-5.5188551199271965,5.0,B00M30SQL0
fitsne,5000,4841,-32.30643475895239,47.63212174969622,5.0,B00BK0YRZS
fitsne,5000,4842,-27.824099990513545,51.31013749647678,5.0,B00MEIBYJM
fitsne,5000,4843,-27.824057538582704,51.31025118662716,5.0,B00PT90SCW
fitsne,5000,4844,-27.824891858354984,51.30089473610242,5.0,B00P9WGLCU
fitsne,5000,4845,-27.82305926646022,51.30667130294746,5.0,B00NZV0LP0
fitsne,5000,4846,-27.696515573669792,51.27856913480005,5.0,B00MOTL0Q8
fitsne,5000,4847,-34.94557668293546,49.766724187968265,4.0,B00KVD6CJY
fitsne,5000,4848,43.52231105201639,-3.963259186987533,4.0,B00LIC2FHA
fitsne,5000,4849,50.38486900914445,16.29476735495115,3.0,B00CNMYP0E
fitsne,5000,4850,-1.6312770608731755,20.77743522354428,3.0,B000JTL6QO
fitsne,5000,4851,10.179541891730537,35.69423718438119,4.0,B001FN14RE
fitsne,5000,4852,10.161438760026163,35.577647218330476,4.0,B0046TVZSW
fitsne,5000,4853,8.596020961609968,44.793730156195885,5.0,B00IYOJD84
fitsne,5000,4854,22.114547979968506,15.35940571059321,5.0,B00DGM6ZE4
fitsne,5000,4855,31.166045168031175,7.366513624497572,4.0,B00EUFP66Y
fitsne,5000,4856,38.80573840994466,6.469616859120127,5.0,B00E60PZFK
fitsne,5000,4857,38.24617253915678,37.507479337427,5.0,B006UIFTTS
fitsne,5000,4858,55.79570329835718,4.641665612901412,4.0,B00BW0QC8G
fitsne,5000,4859,33.91069731048772,6.364579871765328,5.0,B00B29X7R6
fitsne,5000,4860,29.384288006218462,-21.31454239887384,2.0,B00A3G8ZIK
fitsne,5000,4861,10.36739867359545,49.22151345058803,5.0,B00GPL2ZJ2
fitsne,5000,4862,-20.288070902470547,-8.71658915595173,4.0,B000068EAM
fitsne,5000,4863,-20.27859210277833,-8.68395605700518,4.0,B0001M2FYQ
fitsne,5000,4864,22.395563846469532,12.68077253728304,5.0,B0055D66V4
fitsne,5000,4865,-2.101196564537818,21.316903878009295,5.0,B000XG8WV0
fitsne,5000,4866,38.44994255559721,6.52394364255986,4.0,B005EJLFXI
fitsne,5000,4867,33.751948889695896,17.998935249186708,4.0,B005EJLFXS
fitsne,5000,4868,33.955694000683124,18.19654333045542,4.0,B005G0CUP2
fitsne,5000,4869,9.646642690898986,26.299603268237306,5.0,B0026FCXCU
fitsne,5000,4870,10.049172118643108,26.515604456035508,5.0,B002B55PR0
fitsne,5000,4871,10.009221150404526,26.48169342091361,5.0,B000N386VE
fitsne,5000,4872,22.037192988357557,34.69080925692994,5.0,B0076LY2BY
fitsne,5000,4873,-34.434767904701665,10.465282127421078,5.0,B007GNMNLS
fitsne,5000,4874,-1.0401357478962596,20.205419585527395,5.0,B007GNMMNM
fitsne,5000,4875,-38.13054924004038,-7.548852022518095,5.0,B004YIZWYI
fitsne,5000,4876,-6.950984520868574,-43.96117832395384,5.0,B08KZ1TZYB
fitsne,5000,4877,-27.551184638380764,-14.796903221485335,5.0,B00LICJZYQ
fitsne,5000,4878,-35.718506371728544,-20.75005518540664,5.0,B07TRQ9JSH
fitsne,5000,4879,-14.279840925804123,8.447533374611323,5.0,B016NFJFYC
fitsne,5000,4880,-32.93502002842925,52.4404195760016,1.0,B09XV3FW7H
fitsne,5000,4881,-41.794770234891395,-0.9668819654677083,3.0,B0BRL1Z4WB
fitsne,5000,4882,-1.821108637137265,-29.762491640113556,1.0,B01GVOVB1A
fitsne,5000,4883,0.8725045531701641,-32.67705370947537,1.0,B08LYQT6C6
fitsne,5000,4884,63.361170022818904,8.035131041124606,5.0,B08K2GBBY1
fitsne,5000,4885,5.71599096680806,-16.21604579676836,5.0,B07KM2BW2P
fitsne,5000,4886,-0.17278307516713726,14.589526304964838,5.0,B08F28DTVP
fitsne,5000,4887,61.335809527392634,0.639736347843405,5.0,B06WD7HC3C
fitsne,5000,4888,3.9131515892198254,-37.242681734658255,5.0,B01MQFICHV
fitsne,5000,4889,41.957358337220775,29.761719355527905,5.0,B0753GNMW2
fitsne,5000,4890,-11.846266021425604,-18.007476015510836,1.0,B095JX15XF
fitsne,5000,4891,3.732417052327483,6.387082003193729,5.0,B0098USJJ2
fitsne,5000,4892,-29.580366789258854,-22.090200304333603,3.0,B088BG6512
fitsne,5000,4893,3.9746061720155055,-37.39909847678444,5.0,B07SYZRRS2
fitsne,5000,4894,40.2737699442302,-4.870533972043261,5.0,B07R78QTJ3
fitsne,5000,4895,28.39538079172664,-49.60838630791707,5.0,B00RBG6OE2
fitsne,5000,4896,16.108812935941714,-42.07673374031009,5.0,B076PHPKML
fitsne,5000,4897,22.594381683067763,-48.88040895909498,5.0,B00OPTOKI0
fitsne,5000,4898,16.04421302567531,-41.96713967946588,5.0,B01985CJUG
fitsne,5000,4899,14.555961746317653,-43.10581924413336,5.0,B0779JLSB1
fitsne,5000,4900,-25.821278862928605,-25.01410448873835,5.0,B00TFGX35Y
fitsne,5000,4901,9.743742591347113,-27.475052837205876,5.0,B0013GJIBC
fitsne,5000,4902,28.25068356070125,15.052303107600437,1.0,B086Y77P1D
fitsne,5000,4903,-15.313661559952978,-4.9029663076792405,1.0,B0852JSP1W
fitsne,5000,4904,-3.116470844003095,-31.459453366700973,1.0,B07JF2ZSC9
fitsne,5000,4905,-39.50652335049195,12.326527470010829,5.0,B07H65KP63
fitsne,5000,4906,-36.11393083139899,-20.940007648588136,4.0,B0170RBJ9Q
fitsne,5000,4907,-1.761345300397717,-44.48134109282143,5.0,B08G43DN5X
fitsne,5000,4908,15.794880816122603,-22.755081096217367,5.0,B07P6WSXBW
fitsne,5000,4909,-37.12279065773125,-32.57163856658438,5.0,B07X6KGF9R
fitsne,5000,4910,37.41293490683409,21.362057610334027,5.0,B079D84TFQ
fitsne,5000,4911,2.4319927505306365,28.37584939252181,5.0,B00N2ZDXW2
fitsne,5000,4912,-30.62132353572271,-20.609115471902726,4.0,B09F3H9RRY
fitsne,5000,4913,0.6721399037420048,-60.69149651562878,5.0,B09YNVBNRT
fitsne,5000,4914,-36.367404645842264,-25.50078287952233,5.0,B0C338S8M7
fitsne,5000,4915,59.449101226578804,12.884403864422524,2.0,B01M71YIG3
fitsne,5000,4916,-38.5805011850381,15.385640051593215,5.0,B07GZFM1ZM
fitsne,5000,4917,-38.781674488112124,9.460764877900186,4.0,B075X8471B
fitsne,5000,4918,-6.914890406023835,-43.097453403352084,5.0,B076YTXPC8
fitsne,5000,4919,28.954529973057824,-28.426435256085764,5.0,B0B17GGGGY
fitsne,5000,4920,-35.91301522819661,-42.479413481471695,5.0,B07C6FHTSH
fitsne,5000,4921,0.9068344284888439,-26.069865262780567,5.0,B09N97CTTW
fitsne,5000,4922,-48.760805136935105,-5.178321755158453,1.0,B073VLYXRW
fitsne,5000,4923,27.503986051587418,-43.94621091318158,5.0,B0BHYZQ5LM
fitsne,5000,4924,27.50435556023846,-43.94616973927208,5.0,B09Y8VRNRV
fitsne,5000,4925,27.50435384944841,-43.94626354977485,5.0,B0BPHSS2PW
fitsne,5000,4926,26.758971455925906,-55.128779554827375,5.0,B09YPZWP36
fitsne,5000,4927,-40.75597942954245,-15.232508654765306,5.0,B0B16HQ7NW
fitsne,5000,4928,-39.869458626861814,-15.10023505534129,5.0,B0C2CJ136N
fitsne,5000,4929,-33.785990173974696,-0.3711620892591672,5.0,B097ZY395L
fitsne,5000,4930,-40.870204366875456,5.140572639740442,4.0,B08FWXW5TC
fitsne,5000,4931,57.613863238469825,6.1803048130248985,5.0,B07N6YPCMZ
fitsne,5000,4932,-37.79160458130071,46.50186887109252,5.0,B08NXWM3GK
fitsne,5000,4933,-13.847742693380129,35.95465528256125,5.0,B08BPG8YJ6
fitsne,5000,4934,-26.814789541129098,45.514651928864296,3.0,B0BMJ4RFGT
fitsne,5000,4935,7.572053500553819,29.492410357707463,5.0,B08L588BBW
fitsne,5000,4936,2.9702275522458113,22.491443686328374,5.0,B09XXVR2JT
fitsne,5000,4937,2.9696988560934856,22.52925733750867,5.0,B09XXVR2JT
fitsne,5000,4938,6.281085863193784,47.497774933404045,5.0,B07ZSD7CBJ
fitsne,5000,4939,6.077846614428482,25.311293993229395,5.0,B09TD6YRS4
fitsne,5000,4940,-36.973066025724506,47.79748380375689,5.0,B08HPHRXDT
fitsne,5000,4941,-35.26274007868154,47.27908179787405,5.0,B0B5P8C87Y
fitsne,5000,4942,-7.99374347827716,33.543373824078564,5.0,B084JSDR5B
fitsne,5000,4943,13.975993855711081,28.296084837985756,5.0,B095PVXLWJ
fitsne,5000,4944,-17.771736053353045,-14.216875317090151,5.0,B08WLY6BPG
fitsne,5000,4945,-9.409652569876275,50.23639645245598,5.0,B0B8W72ZG6
fitsne,5000,4946,12.439669874002927,-5.191170686936752,5.0,B0BFFXDM1V
fitsne,5000,4947,0.22715347009699358,17.482700424419626,5.0,B08QSLJKGX
fitsne,5000,4948,-38.49695645694541,48.497785539200315,5.0,B0BN5D2G8G
fitsne,5000,4949,9.90299850914671,20.763792171462395,5.0,B093CFF943
fitsne,5000,4950,-10.417680364103072,-0.052681618038537055,4.0,B09K3ZLPB5
fitsne,5000,4951,9.551343272972794,1.233948744159831,5.0,B08H5S9QZ5
fitsne,5000,4952,7.358080918003738,29.529216460578926,5.0,B08RRS4W2D
fitsne,5000,4953,-34.74850279940503,47.17947712432252,5.0,B08N3DHVS1
fitsne,5000,4954,-11.156162632984838,50.6667723672576,4.0,B0BV25ZQW3
fitsne,5000,4955,-42.88746294011159,-35.328955548628755,5.0,B0BDSZ2KT3
fitsne,5000,4956,-35.44487320506047,-31.708788820200304,5.0,B08JWJG7WS
fitsne,5000,4957,1.6504195092902203,26.806602354500946,5.0,B08R62YZ97
fitsne,5000,4958,-4.8202237916537705,19.622811736953114,5.0,B08T252MCJ
fitsne,5000,4959,-11.225310156237382,50.62424899986183,5.0,B087ZMWQB6
fitsne,5000,4960,-14.444465738763478,48.85691896808651,5.0,B08NDGD2V5
fitsne,5000,4961,1.8688224340820578,25.973218549949618,5.0,B08PBQGJ2Q
fitsne,5000,4962,-9.276916590233139,50.26505991932828,5.0,B08R6936N6
fitsne,5000,4963,-43.08392763569435,-34.54077777549884,5.0,B08SQ8QNPW
fitsne,5000,4964,-44.10212692869441,-36.14322529372133,5.0,B08N63BCW8
fitsne,5000,4965,6.446024215893421,25.274132788382538,5.0,B08DR5MNNG
fitsne,5000,4966,-44.50301855565843,-28.09915468385826,5.0,B0C4TNHV6H
fitsne,5000,4967,1.9425657013796538,26.538863317834707,5.0,B08PB9PFPY
fitsne,5000,4968,22.31267310695627,40.55503339279741,5.0,B08T91YHPW
fitsne,5000,4969,43.26496456741498,28.91732697055542,5.0,B09XHR8WDZ
fitsne,5000,4970,18.9927385461785,21.050677666527083,5.0,B08NJCDFPD
fitsne,5000,4971,-7.745702563196038,49.94949145034808,5.0,B08PCWHQ7W
fitsne,5000,4972,6.981290448214358,24.81699771976205,5.0,B08P3J2JP2
fitsne,5000,4973,-43.25342324600387,-34.82992497947172,5.0,B08Q81H52F
fitsne,5000,4974,43.18862959786216,29.057602241493623,5.0,B09X9BNL7K
fitsne,5000,4975,58.29590347283267,7.200254642656567,5.0,B086GFYLYF
fitsne,5000,4976,-10.705196637873803,45.4832767014309,5.0,B08T9T4C7J
fitsne,5000,4977,-34.539363528624946,47.1477951665344,5.0,B0922SG3ZT
fitsne,5000,4978,22.162210201657462,19.759319401453215,4.0,B0C68XNGG1
fitsne,5000,4979,-36.966017364936,47.91589826513537,5.0,B08V4FB3X3
fitsne,5000,4980,5.023380007620511,35.51283050047912,5.0,B0BS2SLDVY
fitsne,5000,4981,-8.87042274503835,50.451325370778825,4.0,B08DHCNQQ2
fitsne,5000,4982,-11.996660627144932,26.42275054510565,5.0,B089X3PYHP
fitsne,5000,4983,-2.0100114026674993,40.08254881542702,5.0,B0BM3V5NTN
fitsne,5000,4984,-37.18796234990677,43.61757285506875,5.0,B07TXDLM8T
fitsne,5000,4985,-35.778898305385546,47.38242507954712,5.0,B0BM3PMNM7
fitsne,5000,4986,-8.989712197542167,1.0818906020914092,5.0,B0B8F272SB
fitsne,5000,4987,-34.21392379740081,-36.27741835840258,5.0,B08HMHP2BP
fitsne,5000,4988,-43.70479041977026,-35.18953871724049,5.0,B092HWCDVW
fitsne,5000,4989,-33.87785813603506,-16.131006589639693,5.0,B08P19WSDC
fitsne,5000,4990,5.035059461731217,35.41793821583488,4.0,B08R9J16VM
fitsne,5000,4991,51.85475605747458,-10.964500757346572,5.0,B08J3T813G
fitsne,5000,4992,-4.257332113298857,44.86154533837861,4.0,B08H1H29F4
fitsne,5000,4993,41.40485630228048,39.14275889875788,5.0,B07DBSKWQ5
fitsne,5000,4994,-9.10331713472542,50.283220864427875,5.0,B08P5BMJ9D
fitsne,5000,4995,-21.921561787916808,34.08558710352863,5.0,B09MHWMM15
fitsne,5000,4996,-44.17167382405827,-36.39114004939382,5.0,B08L5LKVY7
fitsne,5000,4997,-33.1810194931538,33.42919794494416,5.0,B0874V465W
fitsne,5000,4998,-22.09902186323324,34.147721156351565,5.0,B095RSQWSQ
fitsne,5000,4999,-49.593978147221094,-29.182751598467572,5.0,B081SLB69N
