method,n_samples,point_id,x,y,rating,parent_asin
umap,10000,0,-2.219382,2.5310082,3.0,B083NRGZMM
umap,10000,1,3.5914617,0.49506906,1.0,B07N69T6TM
umap,10000,2,0.14560618,-5.396262,5.0,B01G8JO5F2
umap,10000,3,-1.2488602,5.003223,5.0,B001OC5JKY
umap,10000,4,0.22018068,-4.957608,5.0,B07CJYMRWM
umap,10000,5,-0.3920376,-3.6888013,5.0,B07CML419K
umap,10000,6,0.41328755,-5.076004,5.0,B07BHHB5RH
umap,10000,7,-0.059277326,-4.9113007,5.0,B09S6Y5BRG
umap,10000,8,4.513792,1.6334265,5.0,B01LW71IBJ
umap,10000,9,-0.6070576,-3.3108716,5.0,B017T99JPG
umap,10000,10,-3.3747404,-1.6544169,1.0,B00L0YLRUW
umap,10000,11,2.9503112,1.2643529,3.0,B01HHURN3W
umap,10000,12,0.29348958,-5.442613,5.0,B004S2JX7W
umap,10000,13,-0.14080352,-3.6521964,3.0,B0047T79VS
umap,10000,14,3.6542153,0.46561596,5.0,B00IXNUDG2
umap,10000,15,-3.2057161,-1.7288749,5.0,B00PVCXB4Y
umap,10000,16,-1.4794234,-1.7657804,5.0,B00X5C22SS
umap,10000,17,0.10075997,4.265531,5.0,B0BKQZGST4
umap,10000,18,2.4808624,3.8580263,5.0,B01LQF8B7G
umap,10000,19,2.3153284,0.9068558,4.0,B075X8471B
umap,10000,20,0.9590953,1.2826165,5.0,B0B2DLVCF3
umap,10000,21,0.66031307,-2.1112895,5.0,B0199HAOAU
umap,10000,22,-2.787204,0.07602986,5.0,B0093162RM
umap,10000,23,0.5796191,-1.5088843,5.0,B07FCZY1ZB
umap,10000,24,-0.17869604,-3.7195637,5.0,B00RH29CJO
umap,10000,25,-0.99808955,4.1124907,5.0,B08P3VMW76
umap,10000,26,-0.25604007,4.6726537,5.0,B013KPXNSW
umap,10000,27,-1.4312228,-1.8780936,4.0,B0862W5BQ8
umap,10000,28,-3.3556185,-1.2032177,5.0,B004XC6GJ0
umap,10000,29,-0.39863786,-0.79165953,5.0,B0BNX9QVXZ
umap,10000,30,0.16693886,-4.516556,5.0,B0BN534JBB
umap,10000,31,0.5360247,-5.0447392,5.0,B08X4R1T16
umap,10000,32,-0.61867774,-4.0762606,5.0,B08932J7NC
umap,10000,33,-0.40374434,-4.6139135,5.0,B078LLS33F
umap,10000,34,2.6903918,-1.2600521,5.0,B00V3KLZSW
umap,10000,35,4.0898676,-1.3429251,5.0,B012ASFKOU
umap,10000,36,-3.1062093,-1.5167034,4.0,B001FWYGJS
umap,10000,37,4.246793,-1.5005041,5.0,B08YP2F6VG
umap,10000,38,0.43053854,-1.2755586,5.0,B0C8HDXFXN
umap,10000,39,1.6408277,-2.3413658,5.0,B00RBGYGPG
umap,10000,40,-1.3196622,3.1900089,5.0,B007EVDJV0
umap,10000,41,-0.5499946,0.4549079,5.0,B00KLZLBCK
umap,10000,42,3.0982132,3.811973,5.0,B09NHSGWPD
umap,10000,43,4.5067725,0.85101587,1.0,B095KHWNLK
umap,10000,44,1.8859156,-0.9988142,5.0,B08BRJ98H3
umap,10000,45,3.6946676,0.02359775,5.0,B08912RRG5
umap,10000,46,2.316836,-1.9820821,5.0,B07GVWH35S
umap,10000,47,-0.34593228,4.6850677,5.0,B06VTQK7CB
umap,10000,48,2.769143,1.15555,1.0,B0776DSP7Y
umap,10000,49,2.9588275,-4.8421726,2.0,B00NWXM5U0
umap,10000,50,1.5483177,1.0364332,5.0,B01DDIAX1Q
umap,10000,51,0.301655,0.68492496,2.0,B00L49X8E6
umap,10000,52,0.17895618,-4.634151,5.0,B09HDZ8FQY
umap,10000,53,0.5333382,4.3575907,5.0,B00PQBDQPO
umap,10000,54,-1.2549471,-3.9032793,5.0,B00CRF9V2O
umap,10000,55,-0.66725785,-3.983404,5.0,B00BHC7ZTE
umap,10000,56,0.31991082,1.4003912,4.0,B00852JEPW
umap,10000,57,-2.815311,1.2858678,2.0,B09ZTXZ1MQ
umap,10000,58,-0.90768015,-4.2960377,5.0,B09MYGF318
umap,10000,59,0.370217,2.884496,1.0,B07VV6TT69
umap,10000,60,2.1573882,0.061961588,5.0,B07BRHB8C1
umap,10000,61,3.2272,1.5450184,5.0,B07Z6BPJXQ
umap,10000,62,2.8407707,2.5088003,4.0,B083YHS7SV
umap,10000,63,6.646561,3.7737365,5.0,B0046EDOWW
umap,10000,64,7.9228206,3.2534938,5.0,B0045DT3A6
umap,10000,65,0.4404312,3.9139318,5.0,B09DSSQ52Q
umap,10000,66,0.13970634,2.0010784,3.0,B07H3PN7K3
umap,10000,67,4.0328774,2.9008102,5.0,B0733GXPYZ
umap,10000,68,-1.4262614,0.07137418,2.0,B07TPLH5YK
umap,10000,69,-1.4352294,-1.4156623,2.0,B07FPQ343D
umap,10000,70,1.3939179,3.3460553,5.0,B00VKIY9RG
umap,10000,71,-0.29162234,4.565441,5.0,B07BJ8KD6X
umap,10000,72,-0.18581624,-3.8764613,1.0,B0061F6QUG
umap,10000,73,-1.9953166,-2.0884397,5.0,B09DRXBKVG
umap,10000,74,-0.78562367,-3.759807,5.0,B09TB71VLY
umap,10000,75,1.6442682,0.88987404,5.0,B002N3MM6W
umap,10000,76,4.62556,1.9802489,5.0,B07KTYJ769
umap,10000,77,7.5763884,4.364618,5.0,B07PGL2N7J
umap,10000,78,-1.6514899,-3.040329,5.0,B07J2GSF3S
umap,10000,79,-1.5711136,-3.0310574,3.0,B07Z9QXZMW
umap,10000,80,2.1320064,2.850478,4.0,B07Q585X37
umap,10000,81,2.059868,3.027148,4.0,B07P97SHQP
umap,10000,82,-1.7323495,-3.1015742,5.0,B07B3TX6MF
umap,10000,83,1.9065918,0.96180487,4.0,B07WPY2W4Y
umap,10000,84,1.4420758,1.0477823,4.0,B083Z3QCY6
umap,10000,85,0.480588,1.622035,4.0,B07F71KFMQ
umap,10000,86,3.5255914,2.6215165,4.0,B07547WSQQ
umap,10000,87,3.4545264,0.92746013,4.0,B07P7KG4TJ
umap,10000,88,-0.39373383,0.1507084,4.0,B01LYC6A8M
umap,10000,89,-0.48969376,0.42984623,5.0,B0B2Y5WYRG
umap,10000,90,1.0350986,0.948898,5.0,B08KG14KCT
umap,10000,91,1.1504184,0.9451771,5.0,B09FF1RNDT
umap,10000,92,3.5698352,2.453753,3.0,B00FGI4C14
umap,10000,93,3.5673068,2.1041896,3.0,B07B4BF3KT
umap,10000,94,2.871607,1.3136564,5.0,B08XBLP2V8
umap,10000,95,3.1478698,1.4841415,5.0,B018S7DPU8
umap,10000,96,2.0541453,1.486476,5.0,B00MYU0E0K
umap,10000,97,-0.28865412,0.4502446,5.0,B000Q85WOK
umap,10000,98,2.939936,2.02294,5.0,B01KWY71BO
umap,10000,99,1.869832,2.2238247,4.0,B008I64LC6
umap,10000,100,3.3443434,1.6296089,5.0,B079Y46M3N
umap,10000,101,-2.3164814,1.5307363,3.0,B01MZ45YUU
umap,10000,102,-2.2890468,1.7452325,5.0,B074V4CWFD
umap,10000,103,2.7766435,1.655244,3.0,B0083J8DFY
umap,10000,104,0.546746,-2.191057,5.0,B09N7SXX1X
umap,10000,105,1.0920733,4.0915966,5.0,B00X4XEBTQ
umap,10000,106,3.2792923,1.589786,4.0,B001CJOLBW
umap,10000,107,3.7160234,1.4117628,5.0,B0032FOKME
umap,10000,108,-3.3419604,-1.5200145,5.0,B002WBX7TQ
umap,10000,109,-0.4078095,-1.8808093,4.0,B07CB22VVJ
umap,10000,110,-0.4616915,-1.7010627,4.0,B0002MQGK4
umap,10000,111,-0.6222583,-1.5809944,4.0,B0092TGP4A
umap,10000,112,0.51484805,-0.71761394,5.0,B00552PA7G
umap,10000,113,0.7472037,-2.3144908,5.0,B07CDCX945
umap,10000,114,-0.24674541,-1.7925665,4.0,B07BYZBG2X
umap,10000,115,3.161677,1.9287121,5.0,B07CBLV151
umap,10000,116,0.75407004,-2.25764,3.0,B000SJ2TJ8
umap,10000,117,-0.6729149,-0.5619992,5.0,B003UT2C4U
umap,10000,118,3.212701,1.9144696,5.0,B084JBVY4S
umap,10000,119,3.699835,2.931973,5.0,B0075VFKI4
umap,10000,120,3.9248643,1.9589367,5.0,B009RUZ7TS
umap,10000,121,-2.5484645,1.4721065,5.0,B071CMGRLL
umap,10000,122,1.6356939,-0.46926096,3.0,B006ZZXVCI
umap,10000,123,3.642397,2.884323,5.0,B01DFKC6CQ
umap,10000,124,3.689971,2.8956351,5.0,B07P9W1SMH
umap,10000,125,3.9914622,2.8940516,5.0,B01M3ULMWP
umap,10000,126,2.6408496,3.0263047,1.0,B071HXSW4Y
umap,10000,127,4.221838,3.7716203,5.0,B0CCDMQZM7
umap,10000,128,1.1788056,4.1162705,1.0,B005HSG31K
umap,10000,129,0.16224222,4.1453223,3.0,B00D2J8558
umap,10000,130,3.896974,-0.04556913,1.0,B0BFHVDPTG
umap,10000,131,5.1228137,3.783862,5.0,B08N4M55K5
umap,10000,132,-1.463286,-1.2198528,5.0,B0945WPX5W
umap,10000,133,0.34306625,-5.4460096,5.0,B09K7K5J3N
umap,10000,134,-0.12887515,-3.5740411,4.0,B084ZJFNKN
umap,10000,135,-1.2050517,-4.1530695,5.0,B0B3T4JWN9
umap,10000,136,0.13430916,-5.3014474,4.0,B07S5JVP78
umap,10000,137,-1.1316175,-4.112338,5.0,B0935ZDCYD
umap,10000,138,0.6594349,2.782332,5.0,B075LX7S6B
umap,10000,139,4.066783,2.0139906,5.0,B001L5SN5M
umap,10000,140,0.24256851,4.5049,5.0,B000WOIFO2
umap,10000,141,0.16132322,-5.364059,5.0,B00365EB3I
umap,10000,142,1.5292572,1.9536316,4.0,B07XZ1YDKP
umap,10000,143,2.0080278,-1.1070867,1.0,B09CD8GVY5
umap,10000,144,-2.5510347,1.2009829,1.0,B09V28P31X
umap,10000,145,-1.996981,1.7163856,5.0,B01D0PVYH4
umap,10000,146,-0.43603417,-4.3663197,5.0,B017SJKHIK
umap,10000,147,3.4661167,0.49778587,5.0,B0BWNQZT64
umap,10000,148,2.8381515,0.86195457,5.0,B08F9ZCTCL
umap,10000,149,0.9732905,3.4761264,5.0,B08F9NJMW7
umap,10000,150,0.22891079,-5.258769,5.0,B01L2VGEQE
umap,10000,151,-1.1104175,-4.052103,5.0,B0BW4PFM58
umap,10000,152,7.7171226,2.5930855,1.0,B00MNB1OD6
umap,10000,153,3.189172,3.8755903,5.0,B00TIRFCXQ
umap,10000,154,-0.5500928,-1.7562087,4.0,B08N51H3LB
umap,10000,155,1.9126506,1.7372518,5.0,B09KRX2QJC
umap,10000,156,0.28039724,3.1119714,5.0,B09V28Y3HH
umap,10000,157,1.4136771,-2.4967868,5.0,B0C5XK6534
umap,10000,158,3.3671374,0.6402248,4.0,B0BTHV3YSV
umap,10000,159,2.451709,-1.1588151,5.0,B0BRKGSJKH
umap,10000,160,2.378012,4.0639653,5.0,B00JQZJ4OS
umap,10000,161,4.8152747,3.5392382,5.0,B08BJWB991
umap,10000,162,2.1429465,-1.2761079,5.0,B09JNRLN4W
umap,10000,163,1.1347581,4.147709,5.0,B07HHY1MWS
umap,10000,164,-2.0383096,1.586256,4.0,B00IYM0Y2A
umap,10000,165,1.1534832,4.1058106,5.0,B01HNL545Y
umap,10000,166,2.6047692,3.735884,5.0,B08RJJ97VW
umap,10000,167,8.702773,5.6872425,5.0,B01KXHYDXO
umap,10000,168,2.409136,4.027496,2.0,B071KJ97ZL
umap,10000,169,2.3561332,4.032327,1.0,B07QWP1RYY
umap,10000,170,3.2431273,1.4388809,5.0,B0772SXNSC
umap,10000,171,2.8002594,2.2513475,3.0,B08W69YRFB
umap,10000,172,5.396074,3.2363675,5.0,B073J9QWKY
umap,10000,173,5.407571,3.2267382,5.0,B073M1NGHJ
umap,10000,174,1.5001987,2.2078745,5.0,B0B8N1CQD1
umap,10000,175,-2.7395315,-1.5979406,5.0,B085XZGVN5
umap,10000,176,-2.0374463,-2.403346,4.0,B09GV31691
umap,10000,177,0.99501806,3.1149173,4.0,B09KPLV3WD
umap,10000,178,-3.631017,1.4151818,5.0,B093YD69JB
umap,10000,179,-0.35132968,0.44466686,5.0,B09KM3BZSS
umap,10000,180,-0.11602355,-3.8065152,2.0,B0992TJFM3
umap,10000,181,-1.5186099,-4.0732207,3.0,B07ZWCTNJH
umap,10000,182,-1.7385333,-3.9918692,5.0,B07VKFSLKN
umap,10000,183,-1.737945,-3.995476,5.0,B00MJ1YR8Y
umap,10000,184,-0.017530493,1.5430111,4.0,B08ZZYS2P3
umap,10000,185,-1.0724529,-4.75088,5.0,B007JYZ3BG
umap,10000,186,-2.2391443,1.4271809,1.0,B08L1N8TG9
umap,10000,187,-2.5367177,0.24908726,5.0,B07G95FFN3
umap,10000,188,7.4798427,4.303038,5.0,B083WD2J3F
umap,10000,189,3.0980918,-4.9483247,3.0,B08TTVLTWT
umap,10000,190,2.6548548,3.5143626,5.0,B095KG3VZG
umap,10000,191,-0.11604236,0.7028305,4.0,B088DJQ2PQ
umap,10000,192,3.0989738,0.84370065,1.0,B00UVSJU4S
umap,10000,193,5.057265,4.426271,5.0,B0BJ13Q5JG
umap,10000,194,4.349929,-1.6274267,5.0,B07QQPH27F
umap,10000,195,-2.8147602,0.12758057,5.0,B00PYG7LH0
umap,10000,196,-0.5339848,-4.538128,5.0,B07S764D9V
umap,10000,197,-1.0119568,-1.5358819,5.0,B071WRSYML
umap,10000,198,0.37382373,4.931825,5.0,B00BKX75YA
umap,10000,199,0.37050575,4.834882,4.0,B09FN58JBR
umap,10000,200,-0.4741612,0.2521422,5.0,B0032GU1LW
umap,10000,201,0.41435462,-5.379827,3.0,B0B9HR3T4B
umap,10000,202,-1.0690544,-3.7975893,5.0,B07LC6VRD6
umap,10000,203,1.0284632,1.03707,4.0,B01KUEGE1E
umap,10000,204,5.419025,1.5277077,5.0,B08KGQHF67
umap,10000,205,2.7723687,-1.5267986,5.0,B0C9DP86HZ
umap,10000,206,1.3889905,1.8179741,5.0,B089W47DTX
umap,10000,207,6.1555204,-1.7391282,5.0,B00EQ94566
umap,10000,208,-0.2696485,4.152665,5.0,B07SPFR8VB
umap,10000,209,-0.55051714,0.3349324,5.0,B00KQQK87S
umap,10000,210,-3.516735,-3.567532,5.0,B07KTYJ769
umap,10000,211,-1.8700068,-1.5257558,3.0,B06X95BTH4
umap,10000,212,3.2367802,2.0100095,5.0,B005L38VRU
umap,10000,213,-1.3770239,-4.3986354,5.0,B00V3CSE4I
umap,10000,214,-1.6583961,-1.717614,3.0,B003MVYTBU
umap,10000,215,4.7686505,3.5458064,5.0,B006R9O2PC
umap,10000,216,5.2188687,3.7113836,5.0,B00D8XNU6C
umap,10000,217,-2.1509843,-2.9116569,5.0,B00E0ISVLI
umap,10000,218,2.082303,0.5529147,5.0,B08HC6J3H1
umap,10000,219,1.2342114,2.9091501,3.0,B07RJZPTLX
umap,10000,220,-1.3220987,5.321234,5.0,B09DTP4L96
umap,10000,221,1.5328183,2.760161,5.0,B004M5MVNS
umap,10000,222,0.24743098,4.092115,5.0,B008I636D6
umap,10000,223,2.9641342,1.1748028,1.0,B072LX4LTV
umap,10000,224,-0.53433734,2.5896668,5.0,B0068LWHPQ
umap,10000,225,1.8396561,-1.2037636,5.0,B08JYY4FDG
umap,10000,226,-0.4711052,-3.8059938,1.0,B09Q5BNT76
umap,10000,227,4.8661633,1.5972891,5.0,B08FRLCF2W
umap,10000,228,-0.68812346,-3.9686635,3.0,B09Q5BNT76
umap,10000,229,10.123068,5.8204556,1.0,B07FP8VLXS
umap,10000,230,-0.0590977,4.094967,1.0,B09GLQ2PFV
umap,10000,231,2.8032925,1.1689644,1.0,B09KTMJVJW
umap,10000,232,-0.5986042,-4.5297008,4.0,B08PNW6WGX
umap,10000,233,-2.592075,-2.032837,5.0,B0791TX5P5
umap,10000,234,6.4874153,3.484694,5.0,B07VYM342S
umap,10000,235,0.27694294,-4.786867,2.0,B00IYA2SMQ
umap,10000,236,0.67218184,-5.3435364,5.0,B07S764D9V
umap,10000,237,-2.7613454,-0.05765146,4.0,B00B20M8CU
umap,10000,238,2.4621735,-1.8007709,5.0,B0C2PTV9ZW
umap,10000,239,3.4549747,0.17026046,5.0,B07X4854MR
umap,10000,240,5.2394395,4.1966896,5.0,B0BBMN8HMM
umap,10000,241,0.6613877,-0.6265405,1.0,B09CFY36RN
umap,10000,242,4.2897797,3.8446987,5.0,B08FZPS1N1
umap,10000,243,5.8106246,1.359165,5.0,B00L1KFWSI
umap,10000,244,1.8154409,0.23268405,1.0,B00007AP2O
umap,10000,245,2.5814407,1.7105483,5.0,B00KMFN8E8
umap,10000,246,4.962689,1.0964638,5.0,B004WX0XP8
umap,10000,247,-0.8580506,-0.633907,1.0,B0BVY4JVNG
umap,10000,248,7.3362074,4.1066737,5.0,B075X8471B
umap,10000,249,7.57869,4.37534,5.0,B01D2WRSF2
umap,10000,250,-0.20373163,-4.9170637,5.0,B0C2BVCBRV
umap,10000,251,6.151847,-1.7429152,5.0,B0BBFFXWVH
umap,10000,252,-1.2372195,3.515068,4.0,B0997HW4JP
umap,10000,253,1.1072196,4.129463,5.0,B0B19M78LS
umap,10000,254,-1.9224021,-3.083724,5.0,B092D3LR5M
umap,10000,255,-2.0476253,-3.0938158,5.0,B08SW8DMM5
umap,10000,256,-1.954479,-3.1147516,5.0,B08K3FS8VJ
umap,10000,257,6.008345,-1.7923316,5.0,B08LYQ7MBZ
umap,10000,258,2.8551137,-1.3175457,5.0,B08G56K774
umap,10000,259,6.160031,-1.7788914,5.0,B089DZNCZJ
umap,10000,260,-0.4082521,2.3599598,5.0,B09Y37DKJV
umap,10000,261,-0.74965686,-1.6795557,5.0,B08CKSDF3M
umap,10000,262,2.7225294,-1.5078006,5.0,B09CYHT3VK
umap,10000,263,-5.055501,0.36150897,4.0,B08735Q7LS
umap,10000,264,2.6815302,-1.559078,5.0,B08NPZ574Z
umap,10000,265,-0.39872253,-3.8621993,5.0,B085M686ST
umap,10000,266,0.043907993,-5.2655363,4.0,B082CJ19WL
umap,10000,267,-1.3904622,-4.159721,5.0,B081STV3XJ
umap,10000,268,2.2876248,-1.1053059,5.0,B095LLDH4H
umap,10000,269,-2.3225985,2.0962706,5.0,B07JGKCKKR
umap,10000,270,1.1046749,-1.9095898,5.0,B07DTRYMQQ
umap,10000,271,6.1966166,-1.6798407,4.0,B0787GLJNQ
umap,10000,272,0.005661147,-5.309918,5.0,B074QQP2T2
umap,10000,273,-3.6959383,-3.2386858,4.0,B075QC3TZY
umap,10000,274,0.1738586,4.2807927,5.0,B0719QH4JP
umap,10000,275,-1.3889623,4.7713265,5.0,B01MREKZDP
umap,10000,276,-3.6669471,-3.317966,3.0,B01HCVG51M
umap,10000,277,-4.8956914,0.4809342,4.0,B012D4IEUI
umap,10000,278,-1.4094652,-1.0944246,1.0,B00YEX1Y1S
umap,10000,279,-1.2672955,-4.2619214,5.0,B01MQGLIKL
umap,10000,280,-2.347454,1.8042345,4.0,B000LY1UMC
umap,10000,281,-2.4106913,1.8259412,5.0,B004WMSV76
umap,10000,282,6.1186585,-1.7646749,5.0,B005J7Y98I
umap,10000,283,-0.6579959,-2.8646421,5.0,B00KTCN43E
umap,10000,284,3.4352174,2.6181133,4.0,B019CB11IM
umap,10000,285,-1.076797,-0.80662185,5.0,B00BTVSUNI
umap,10000,286,-0.6515359,0.5337081,4.0,B00WHEUS22
umap,10000,287,2.8786826,-1.374094,5.0,B003XNSBXY
umap,10000,288,-1.8296424,-3.0887892,4.0,B00ENY0ZLS
umap,10000,289,0.017925441,3.7881296,4.0,B00IHVNMYK
umap,10000,290,6.137805,-1.7783097,3.0,B00GXXJF72
umap,10000,291,-0.038209468,1.5129375,5.0,B00DLKE8C2
umap,10000,292,-1.5844504,-4.1012425,5.0,B00C27S0M4
umap,10000,293,-2.5650997,1.9788537,3.0,B00ARDJ5BU
umap,10000,294,1.0561714,4.1777573,4.0,B008HK3U6Q
umap,10000,295,-0.59968716,3.7182267,4.0,B007Q8GOGI
umap,10000,296,1.1214892,3.9977462,4.0,B009WZRCO6
umap,10000,297,0.11236153,-5.285209,4.0,B0046W5EQI
umap,10000,298,1.2263025,3.7447767,3.0,B008ULPDIK
umap,10000,299,1.0964875,2.9713728,5.0,B008GFRBBW
umap,10000,300,-2.4401252,2.0845451,4.0,B00QU5CR6E
umap,10000,301,1.4238178,-2.0711029,2.0,B00XIUKJDW
umap,10000,302,-1.6302487,-4.1469884,5.0,B008DF53W4
umap,10000,303,-2.4697282,2.0212624,4.0,B00A4QXIRM
umap,10000,304,-1.0986837,-3.3448017,5.0,B007GFX798
umap,10000,305,-0.68021715,2.408977,5.0,B003VAGXZC
umap,10000,306,-1.6580073,-3.9593565,4.0,B005OB1TU0
umap,10000,307,-1.5260555,-3.8685584,3.0,B004TPJKEY
umap,10000,308,-1.2181672,-1.5596448,4.0,B005K69PLE
umap,10000,309,0.40771428,3.2791247,4.0,B005NHR6MU
umap,10000,310,-0.7066068,-3.8073685,2.0,B004DNWCZ6
umap,10000,311,0.05585774,3.7799423,5.0,B0058GAOO8
umap,10000,312,-2.5100677,2.0073857,5.0,B0020HRE1Y
umap,10000,313,-1.3277977,0.8956085,5.0,B00305GHAE
umap,10000,314,-4.0884066,0.8937624,5.0,B00XI3MMMA
umap,10000,315,-0.81456256,-3.324393,4.0,B0035JJJPK
umap,10000,316,-1.7273624,4.4531326,4.0,B00BWH2SWI
umap,10000,317,0.3960329,-0.38855657,4.0,B0032AN4N0
umap,10000,318,-2.6352503,1.9302983,5.0,B001Q9F0BS
umap,10000,319,-2.5212762,1.0240346,5.0,B002GP7ZT6
umap,10000,320,-0.41815367,2.419152,5.0,B002CWZ29S
umap,10000,321,6.038648,-1.7961648,5.0,B001VFUN82
umap,10000,322,-2.6461804,1.7589916,5.0,B0023B14TK
umap,10000,323,-2.6736073,2.0668116,4.0,B001DQRBSY
umap,10000,324,0.4910041,-0.36420912,5.0,B000V2MK00
umap,10000,325,0.21182512,4.4889636,4.0,B000WOGA6C
umap,10000,326,-1.6120951,-1.1840643,5.0,B00KSBB7EY
umap,10000,327,3.4276886,2.1730785,5.0,B00INZSFUG
umap,10000,328,-1.1447842,-4.0130453,5.0,B078G91T8X
umap,10000,329,-1.2880372,5.019047,5.0,B01M2BIW94
umap,10000,330,8.329522,5.910704,5.0,B0B7XZB7V1
umap,10000,331,8.341582,5.90533,5.0,B08M5KCX78
umap,10000,332,-0.5642843,-3.844162,5.0,B0C4DTCKS5
umap,10000,333,1.5078471,-0.33650503,4.0,B078PFDHN4
umap,10000,334,-3.6595848,-3.2605937,1.0,B07MKN9Q5B
umap,10000,335,-2.9504058,0.86313826,1.0,B07G5ZG3Q4
umap,10000,336,-2.8421843,1.1552889,1.0,B07G5YXYFL
umap,10000,337,-1.2230983,4.967384,2.0,B07X92YR8W
umap,10000,338,-3.4868171,-3.5957413,5.0,B07456BG8N
umap,10000,339,1.5760975,-1.5257763,4.0,B012BN15LQ
umap,10000,340,-0.029855082,-5.3053684,4.0,B0756T7R5T
umap,10000,341,0.42890394,4.2902493,5.0,B0833NKK5K
umap,10000,342,0.17425269,0.8178299,5.0,B00KL2TENQ
umap,10000,343,0.11602345,-4.07345,4.0,B008DWJ4KY
umap,10000,344,-1.6678685,-4.0448365,5.0,B01MQJ2XE6
umap,10000,345,-1.6622658,-3.9840436,5.0,B00009WBYL
umap,10000,346,-1.2221602,-4.679194,4.0,B0009X3JBU
umap,10000,347,-1.1611295,-4.649169,4.0,B07CG8G732
umap,10000,348,-2.1303248,-2.4576542,4.0,B07R8L532P
umap,10000,349,-1.2594309,-1.549866,5.0,B0076GEMGO
umap,10000,350,-1.2858373,-1.2332628,5.0,B0078YGN34
umap,10000,351,-1.6736039,-3.9037833,5.0,B009HB2USI
umap,10000,352,-2.9444797,2.9792163,4.0,B004GJ0EEI
umap,10000,353,-0.5572034,-1.7638565,4.0,B003L1ZYYW
umap,10000,354,-0.6785251,-3.9911597,5.0,B099V8GPR4
umap,10000,355,-0.62854576,3.6649177,5.0,B0BPMM75N8
umap,10000,356,-0.550378,3.6936436,5.0,B07GZMMYHT
umap,10000,357,-3.5936708,-3.5024345,5.0,B01K1O7UH0
umap,10000,358,0.15763813,3.4561806,2.0,B00OTXNUBU
umap,10000,359,3.5831447,2.8002484,5.0,B00MICP8PA
umap,10000,360,1.4059124,3.2835083,5.0,B0051VVOB2
umap,10000,361,-3.552994,-3.5962484,5.0,B07H65KP63
umap,10000,362,3.026655,2.565029,5.0,B06XD94B2F
umap,10000,363,-0.59093535,4.5712905,1.0,B07VWT32HX
umap,10000,364,-0.035146106,4.5491695,3.0,B09P664R9L
umap,10000,365,-1.4091054,3.420782,5.0,B01054S5FM
umap,10000,366,0.58868873,3.0469885,3.0,B08PFZK4YZ
umap,10000,367,0.88304317,4.376392,5.0,B08PNWVR4C
umap,10000,368,-1.2507977,0.98857117,5.0,B0887P21Z2
umap,10000,369,2.3800035,2.606241,5.0,B0BPN2DXC1
umap,10000,370,2.4257948,2.8474138,1.0,B07V4LLTSQ
umap,10000,371,-1.4916881,-4.628979,3.0,B071DGXVWB
umap,10000,372,-1.0629063,-3.9394548,1.0,B0CBWV3Q8B
umap,10000,373,3.7152827,1.1767055,5.0,B07PLFCP3W
umap,10000,374,-0.6442874,-3.5190518,1.0,B07Y8H8STR
umap,10000,375,2.2185593,2.2111418,1.0,B07H9FG9SD
umap,10000,376,-3.5756483,-3.442076,5.0,B07PGL2N7J
umap,10000,377,3.4246035,0.15694636,5.0,B0896VGNF7
umap,10000,378,-1.4425199,3.4170952,5.0,B01LZJGEI2
umap,10000,379,-1.4544028,3.4149282,5.0,B074512LY1
umap,10000,380,2.661038,0.99982345,1.0,B09JKYBVJD
umap,10000,381,-1.5310094,-4.015042,3.0,B06XDSMDKV
umap,10000,382,-2.1057796,-1.7745336,5.0,B008GVOVK0
umap,10000,383,-2.0708416,-1.7560358,5.0,B075X8471B
umap,10000,384,2.2073166,1.6253457,5.0,B00TOVTZ7K
umap,10000,385,-0.628273,-4.0800543,5.0,B07P1FN7KQ
umap,10000,386,-2.0396755,2.91212,5.0,B075M3G8SV
umap,10000,387,-3.7003973,-3.3418164,5.0,B01K8B8YA8
umap,10000,388,-0.7831499,-3.838853,5.0,B073VC4KGT
umap,10000,389,-1.412682,3.421322,4.0,B01M60S5H2
umap,10000,390,2.5476043,3.7347314,5.0,B0122TWDH4
umap,10000,391,2.741395,1.4535712,1.0,B0B9GFKYSZ
umap,10000,392,6.0712395,-1.6185421,1.0,B008I646WG
umap,10000,393,-0.53588235,0.29971012,5.0,B07454F4JH
umap,10000,394,5.982081,-1.9873239,5.0,B0C617749R
umap,10000,395,-1.1328758,3.5686858,3.0,B00DOPW5L0
umap,10000,396,2.2860603,-0.8028767,5.0,B00DS4BLLW
umap,10000,397,0.6078024,3.270005,5.0,B005TUQV0E
umap,10000,398,3.41398,1.9178859,1.0,B0B2CJ3YSP
umap,10000,399,-1.1531941,3.3960881,1.0,B093DR9RWD
umap,10000,400,-2.85369,1.3024161,5.0,B08F6GPRH6
umap,10000,401,3.3797624,3.2194204,5.0,B08JQCJZQM
umap,10000,402,-3.704376,-3.2814536,5.0,B07KTYJ769
umap,10000,403,-0.57778054,4.2640553,5.0,B0BFVWWFZP
umap,10000,404,-1.2789526,-1.4865435,5.0,B09QLBKCZ3
umap,10000,405,-3.5609376,-3.5272975,5.0,B08F1P3BCC
umap,10000,406,2.453429,-1.8792714,1.0,B08L3PV71G
umap,10000,407,2.8527086,2.9247503,5.0,B09V19FR6M
umap,10000,408,3.5068681,0.24793959,5.0,B0B74ZCLQ7
umap,10000,409,0.50645536,-5.54941,5.0,B0BMT6TQSK
umap,10000,410,-0.6590059,-4.0338445,5.0,B0BJQ8TH85
umap,10000,411,2.5055735,-1.2134055,5.0,B09QLBKCZ3
umap,10000,412,-2.8930624,1.4822742,5.0,B096K4MF5V
umap,10000,413,-2.1173787,-1.0741658,5.0,B01DU67QZM
umap,10000,414,4.224556,-1.5561018,5.0,B00MVRBOIC
umap,10000,415,-1.2235451,0.94157547,5.0,B00IVPU7AO
umap,10000,416,-0.7349151,-4.540364,3.0,B000BBE9C8
umap,10000,417,0.29633844,4.8118043,5.0,B07XXZ1XGW
umap,10000,418,4.2237134,1.5329903,4.0,B0170RBJ9Q
umap,10000,419,-3.6543136,-3.3372009,5.0,B08XVF418R
umap,10000,420,0.37906027,4.844342,5.0,B0879L79L7
umap,10000,421,-1.4901202,-1.274703,5.0,B01LXFFO8O
umap,10000,422,5.566166,4.641012,5.0,B06XDN9MBD
umap,10000,423,3.108958,1.7131215,5.0,B07QC4WTNC
umap,10000,424,-2.4278815,-1.7768173,1.0,B0791T9CV7
umap,10000,425,0.22239631,3.9561014,3.0,B08XLXS9P4
umap,10000,426,0.17869262,4.0364175,4.0,B07YRPBMC8
umap,10000,427,-3.7290447,-3.3363612,5.0,B07H65KP63
umap,10000,428,-2.731879,-0.03108787,2.0,B07VHQW6F3
umap,10000,429,2.7168198,1.6685861,5.0,B082TR27NZ
umap,10000,430,-3.618052,-3.3038518,5.0,B07KGVB6D6
umap,10000,431,1.474705,1.1183549,5.0,B00FHBH5SC
umap,10000,432,1.441252,0.99881166,4.0,B005I9IM4E
umap,10000,433,-1.3310993,-1.6598237,4.0,B000F2KUK8
umap,10000,434,-0.35545558,-3.4700704,5.0,B09GGBWFP1
umap,10000,435,1.8450493,-2.0207794,5.0,B09RZDNN93
umap,10000,436,-3.676406,-3.3354409,4.0,B01K8B8YA8
umap,10000,437,2.1479824,1.5452425,5.0,B08PBPZB5Z
umap,10000,438,2.6910803,2.4625378,5.0,B07DCGFWNQ
umap,10000,439,2.120407,3.130556,5.0,B07P5GWG56
umap,10000,440,-0.84831935,-3.8163936,5.0,B079G2DFNC
umap,10000,441,0.17043735,-4.9987173,4.0,B08KDZ2NZX
umap,10000,442,-1.8316828,-2.975063,5.0,B09SVJGMN1
umap,10000,443,3.5838552,2.786274,5.0,B07JL18G1D
umap,10000,444,3.5398605,2.821724,5.0,B0B5MZSSXG
umap,10000,445,1.6295897,-1.1225287,4.0,B0BS6KLLT1
umap,10000,446,-1.1334838,-4.3389707,2.0,B00065XSP8
umap,10000,447,5.006765,1.6273137,5.0,B015W2SJFS
umap,10000,448,0.55407596,-0.87000614,1.0,B0BS22ZZY8
umap,10000,449,3.133105,2.3399568,5.0,B08F9ZCTCL
umap,10000,450,3.2621694,2.2907984,5.0,B09ZPV8WBV
umap,10000,451,-1.7414037,-2.0004854,5.0,B08PBLGCNB
umap,10000,452,-3.2605724,0.7923462,5.0,B09V3TSYFX
umap,10000,453,1.8642348,-1.845087,5.0,B00T38OHQ8
umap,10000,454,2.3353815,4.0785327,5.0,B09LQV1C2D
umap,10000,455,-2.0766234,-2.0661795,1.0,B0BQD6LHL7
umap,10000,456,4.3102465,1.4898367,1.0,B07PHB491R
umap,10000,457,-0.67648023,-4.0314574,1.0,B08XQPY9BC
umap,10000,458,0.68236566,-5.4402065,5.0,B07SCLKCRY
umap,10000,459,1.9403929,-2.0730853,5.0,B092MV7LB5
umap,10000,460,3.375888,-0.9764718,5.0,B0925Z7N6N
umap,10000,461,4.6428795,3.0950997,3.0,B075KH6W4S
umap,10000,462,1.9005032,-0.031022942,5.0,B09K8CBWBG
umap,10000,463,-1.6530061,-1.4055879,5.0,B0BTPBBL52
umap,10000,464,1.2501256,-1.4617978,5.0,B076QBXVML
umap,10000,465,-1.9909796,-0.97977144,5.0,B0093UA2GA
umap,10000,466,-1.9960967,-1.080368,2.0,B07MQQV5VR
umap,10000,467,1.5151651,-1.7731336,5.0,B07589ZKM6
umap,10000,468,-1.9063283,-1.1673136,5.0,B00KC0HVTQ
umap,10000,469,-1.8400613,-1.4840107,5.0,B077DZYBLS
umap,10000,470,2.33182,2.5496857,5.0,B078N1F14R
umap,10000,471,0.7608562,-2.2956526,5.0,B01BT9SEDA
umap,10000,472,4.8639135,0.9347197,5.0,B0BXYXD1Q2
umap,10000,473,-1.3839152,-0.98766327,4.0,B00M0RH36U
umap,10000,474,2.583791,2.2909608,5.0,B00BCGRX9M
umap,10000,475,3.4264593,2.135829,3.0,B000EVM5DK
umap,10000,476,-3.3216512,-1.4857737,4.0,B09LYWCHJX
umap,10000,477,3.9642086,2.846775,4.0,B00EUY59Z8
umap,10000,478,-1.4348537,-1.2494482,5.0,B0036WT3ZM
umap,10000,479,2.2645411,-1.6581199,2.0,B08YF1VBYD
umap,10000,480,2.2731154,-1.3738245,1.0,B07X23N387
umap,10000,481,-2.4700222,0.6679981,5.0,B074CKFLR3
umap,10000,482,-0.38247553,2.2922628,1.0,B003B4BBFK
umap,10000,483,0.33122125,-5.5317926,5.0,B08XNCHTCY
umap,10000,484,5.1903896,3.1948237,5.0,B096V83KF4
umap,10000,485,-1.1149428,-0.13704722,5.0,B06X9ZNT4P
umap,10000,486,-1.1183708,-0.13250054,5.0,B08KSG2JMV
umap,10000,487,-1.1374834,-0.25877884,5.0,B07H65KP63
umap,10000,488,2.9807084,2.867497,4.0,B08TBDBQ1C
umap,10000,489,-1.0662873,-0.1923406,5.0,B0BC87S9SY
umap,10000,490,-1.1456617,-0.26727,5.0,B09B36FJVT
umap,10000,491,-1.0598983,-0.21253487,5.0,B095KD3MNN
umap,10000,492,-1.0180433,-0.23417304,5.0,B00VUIITTU
umap,10000,493,3.0936694,-4.9333577,5.0,B091SDZ3S1
umap,10000,494,3.065682,-4.909394,5.0,B091SDZ3S1
umap,10000,495,-1.2335391,0.8790626,5.0,B07Z18JVPH
umap,10000,496,-1.7810212,1.068519,4.0,B0BNXXNBB4
umap,10000,497,1.5147307,-1.8325915,5.0,B09Y95BMKX
umap,10000,498,3.217122,0.33202976,5.0,B09DG877JS
umap,10000,499,-3.022682,-1.9024323,5.0,B07W1Q3X7S
umap,10000,500,5.995157,-1.9038048,5.0,B0BG7KP5L4
umap,10000,501,3.2774372,0.2920635,5.0,B0B5BYZPNB
umap,10000,502,1.8493589,-1.6718714,5.0,B0BJKGH183
umap,10000,503,0.624318,-5.554892,5.0,B0C33824RM
umap,10000,504,-0.6668752,0.97376925,4.0,B07F2BDJ5S
umap,10000,505,1.8347889,-0.11172949,5.0,B0BZDWGL19
umap,10000,506,0.4270336,-5.754467,3.0,B08S395JJ4
umap,10000,507,0.54066247,-5.82724,5.0,B07B1L21NK
umap,10000,508,1.3235824,3.1632752,5.0,B08YFJYD5Z
umap,10000,509,2.0755594,-2.124078,5.0,B08TZSVYB4
umap,10000,510,1.2385476,-2.259687,5.0,B0B12PXQYM
umap,10000,511,1.3235768,4.229184,5.0,B096F75FBW
umap,10000,512,1.1503173,4.119674,4.0,B092LY2GGV
umap,10000,513,0.051597938,-5.220099,5.0,B093TFXGWR
umap,10000,514,1.2593001,4.0714335,3.0,B09JMKS73X
umap,10000,515,1.1712295,4.124243,1.0,B08Z2JQC6N
umap,10000,516,0.49699637,-5.8106685,5.0,B09B48ZGJV
umap,10000,517,-0.29449767,-3.6390266,5.0,B0819ZF1YR
umap,10000,518,1.5043311,-1.3690008,5.0,B07JW7GT7H
umap,10000,519,2.059513,-2.0836759,4.0,B0C3M8B3MY
umap,10000,520,0.89065975,-5.059872,5.0,B09Y4HCRLM
umap,10000,521,-3.1319416,0.40770888,5.0,B09N75D6M4
umap,10000,522,0.08634991,-5.536863,4.0,B0BPBJ6SKW
umap,10000,523,0.5583936,-5.833054,3.0,B09S2XYNWL
umap,10000,524,0.26189652,-5.209508,4.0,B088KTR418
umap,10000,525,0.38319376,-3.1912396,5.0,B09H5FHRTF
umap,10000,526,-1.1833793,5.0505815,5.0,B0863MN3T3
umap,10000,527,3.1737854,2.8304245,5.0,B07C3PQHC7
umap,10000,528,-3.6886313,1.2819139,5.0,B07YJJSCLX
umap,10000,529,0.5136565,-0.5465822,5.0,B08R5TCSH8
umap,10000,530,3.7213612,0.65530425,5.0,B01H4ZGTWQ
umap,10000,531,0.17185538,-3.2951946,5.0,B08GFCX4Y6
umap,10000,532,1.7212373,-0.6833032,5.0,B005DLKFME
umap,10000,533,-0.6471124,2.809667,5.0,B07HP726Q8
umap,10000,534,-0.37636968,4.214158,5.0,B08C4QSVNG
umap,10000,535,-0.99700016,-3.121659,5.0,B09MH11HB7
umap,10000,536,-3.0403302,0.58772004,4.0,B0822W4JF3
umap,10000,537,-1.1774133,4.876776,5.0,B07HCWW319
umap,10000,538,2.8801508,-1.4823543,5.0,B082FJXVW6
umap,10000,539,1.8853266,-2.151401,5.0,B08B3F8FZ8
umap,10000,540,-3.2496789,-1.3864108,5.0,B07ZZVX1F2
umap,10000,541,-0.5050817,0.29668525,5.0,B07GB3SGSF
umap,10000,542,-0.7353582,0.4357544,5.0,B0BWVDRR6L
umap,10000,543,2.7906342,-1.5245255,5.0,B0BCPC68J6
umap,10000,544,-1.1345786,5.0141883,5.0,B07GWKZLLT
umap,10000,545,-1.2332406,4.913787,5.0,B075Y6Y9H5
umap,10000,546,0.21928628,-5.4259343,5.0,B009UNGYHG
umap,10000,547,1.5229757,-1.3240936,5.0,B012JXHX28
umap,10000,548,1.4886,-1.0458403,5.0,B0BGS23YKX
umap,10000,549,0.21922408,-4.29383,5.0,B09MCTFR69
umap,10000,550,0.14954649,4.9052978,5.0,B07TXNTGVS
umap,10000,551,3.4729235,-0.8909551,5.0,B08NBBFNMY
umap,10000,552,0.011052745,-3.9455462,5.0,B083G8QM5V
umap,10000,553,0.15723358,2.9606385,4.0,B07N5ZPYFK
umap,10000,554,3.098578,-4.9334517,5.0,B08BTG7G5X
umap,10000,555,2.5928671,-1.7921629,5.0,B087R7MNBQ
umap,10000,556,-1.1002508,-0.84646523,1.0,B08BW4JTCG
umap,10000,557,-2.3677864,2.6405156,5.0,B00068YUN4
umap,10000,558,2.9609551,1.4090111,5.0,B0BPD6Q7KC
umap,10000,559,3.4092515,0.55242795,5.0,B07L95W89W
umap,10000,560,-2.91189,1.1745601,5.0,B08F6GPRH6
umap,10000,561,-0.08190882,-5.0468946,5.0,B079RC9338
umap,10000,562,3.089111,-4.9142947,5.0,B087G45PDT
umap,10000,563,2.4612029,2.552033,5.0,B07YYNBSPG
umap,10000,564,3.0910175,-4.923539,5.0,B087J8VVVF
umap,10000,565,-1.1406531,2.129021,4.0,B07PPRX94L
umap,10000,566,0.28209478,3.8810093,5.0,B07XNGYMGS
umap,10000,567,0.264852,-4.843512,3.0,B000MUXVYK
umap,10000,568,3.7728558,0.654622,5.0,B089T4YVYD
umap,10000,569,1.362428,-1.3285749,5.0,B00NH12EHQ
umap,10000,570,-2.41574,-1.8978205,5.0,B07GZFM1ZM
umap,10000,571,3.7110596,0.4616435,5.0,B07545HGR5
umap,10000,572,1.9637444,-2.181608,5.0,B07WFW5LQ3
umap,10000,573,-4.041255,0.85604435,1.0,B0B8YVVFNT
umap,10000,574,0.76813054,3.815722,2.0,B07X3VBJNR
umap,10000,575,2.3546488,0.81324905,1.0,B00JWX20GI
umap,10000,576,-1.5380441,0.9074755,5.0,B0C71PTXVC
umap,10000,577,-3.3226466,2.197026,5.0,B0827ZXTMS
umap,10000,578,-2.7585156,1.2950221,5.0,B07N86MCD2
umap,10000,579,-3.009304,1.6515354,5.0,B07S9ZBL9K
umap,10000,580,-2.6234972,0.26544166,4.0,B07KTYJ769
umap,10000,581,3.0894156,-4.9258423,3.0,B07RTR39H6
umap,10000,582,-0.5582012,0.90936637,1.0,B09T5PV313
umap,10000,583,0.5085825,3.9504526,5.0,B076Q643SF
umap,10000,584,2.339159,-1.9149537,5.0,B07FTCRKB7
umap,10000,585,-1.456389,5.247423,2.0,B07CPSZXLK
umap,10000,586,2.4230487,-1.8239644,5.0,B07S8F43Y6
umap,10000,587,-2.9452226,1.5458028,5.0,B07N1H8CGW
umap,10000,588,-3.5112846,-3.576236,5.0,B07456BG8N
umap,10000,589,-1.0916883,-3.2921646,5.0,B00XIIB3XY
umap,10000,590,3.021528,-4.8657913,5.0,B07KCYGQ8S
umap,10000,591,3.1060116,-4.9518604,4.0,B09G35YJGN
umap,10000,592,1.819906,-1.8242049,5.0,B07RL3F6TR
umap,10000,593,-0.8278876,0.80664515,5.0,B08KZ1TZYB
umap,10000,594,3.1237006,-4.968291,4.0,B09ZHVV9R1
umap,10000,595,3.1180055,-4.958343,4.0,B07KQYR8XY
umap,10000,596,3.1125655,-4.9590025,4.0,B08MLFZ58K
umap,10000,597,1.5576335,-1.543742,5.0,B07375RHX1
umap,10000,598,1.4229313,-1.6666759,5.0,B07DMHHBJ7
umap,10000,599,3.1149468,-4.951663,4.0,B07KCYGQ8S
umap,10000,600,0.66232896,3.8579752,5.0,B07SH58QD9
umap,10000,601,0.5641575,-5.76135,5.0,B002QKZLZ6
umap,10000,602,-0.98833543,-3.126496,5.0,B071Y3DJR7
umap,10000,603,0.58921045,-5.810701,5.0,B071WJLSNF
umap,10000,604,-2.9682357,1.2035905,5.0,B07324B77V
umap,10000,605,-0.98956233,3.7753298,5.0,B088RD3BBW
umap,10000,606,-3.039953,1.6433775,5.0,B07DNY6Z6G
umap,10000,607,-0.91400623,4.974739,2.0,B01HYE9A2I
umap,10000,608,1.8120085,-1.6648223,5.0,B07NLMZFXF
umap,10000,609,1.1155753,-1.6776866,5.0,B010V3KWF8
umap,10000,610,1.9266678,-2.2990258,5.0,B01DJ96XDQ
umap,10000,611,1.9574962,-2.1872463,5.0,B0C2VQGL6R
umap,10000,612,2.6571777,-1.7212379,5.0,B0BB6Y5N3M
umap,10000,613,1.2278774,3.0588255,5.0,B073JYC4XM
umap,10000,614,3.1351526,-4.9796925,5.0,B01M4NYI4H
umap,10000,615,3.1058874,-4.944808,5.0,B075F3Z3D9
umap,10000,616,0.24472547,-4.3595233,5.0,B008X0TBKO
umap,10000,617,2.7615497,-1.5637476,5.0,B00LK4ZT7O
umap,10000,618,-2.1552286,-1.634195,1.0,B018YPWORE
umap,10000,619,-0.23051336,-5.6142983,5.0,B0105VDCZ8
umap,10000,620,-1.2443881,-3.4438462,5.0,B01NAWBY12
umap,10000,621,-2.900372,1.8975534,5.0,B07586BG8S
umap,10000,622,-3.5321524,-3.527281,5.0,B01K8B8YA8
umap,10000,623,2.0279517,-2.169701,5.0,B00XM9QACS
umap,10000,624,0.24557662,2.713317,5.0,B005IXSXPI
umap,10000,625,2.281496,-2.171932,5.0,B0746LYM4T
umap,10000,626,1.9595838,1.9940397,5.0,B01EA8CGWW
umap,10000,627,2.0860324,-0.93340415,1.0,B06XGCK56D
umap,10000,628,-1.4015342,4.555264,3.0,B002RSQ732
umap,10000,629,-0.62947077,-0.5582756,5.0,B01CX27190
umap,10000,630,0.6823074,4.1187778,4.0,B015JRGC8M
umap,10000,631,-1.1767166,4.927537,5.0,B083YHS7SV
umap,10000,632,0.091060884,-4.642919,5.0,B007VL90QG
umap,10000,633,2.278382,2.5077221,5.0,B01HBY8V80
umap,10000,634,-3.2395496,0.8098764,5.0,B007P2NKNU
umap,10000,635,-0.386006,2.5776684,1.0,B00VM984YC
umap,10000,636,-1.2363251,4.4718466,5.0,B09CD66HJM
umap,10000,637,-1.6834751,1.0853336,1.0,B00MFJ6G20
umap,10000,638,2.8403904,-1.4076409,5.0,B07SYW3XL1
umap,10000,639,3.467211,-0.89220953,5.0,B00I0F192U
umap,10000,640,-1.4580327,4.847712,5.0,B01AB2ZGGE
umap,10000,641,3.469209,-0.8824138,5.0,B00ZPRNQSQ
umap,10000,642,2.8559725,-1.377579,5.0,B0191GGFY8
umap,10000,643,2.6113298,-1.7173567,4.0,B01H355BGM
umap,10000,644,2.2846143,-2.071739,5.0,B01ITR015O
umap,10000,645,2.2504492,-2.1020713,5.0,B097CCR1FB
umap,10000,646,-1.4542146,-3.6338267,4.0,B01FNAFLZA
umap,10000,647,-3.090655,0.7206899,5.0,B016AR5A7O
umap,10000,648,2.597777,-1.2421944,5.0,B0CCQHH8Z6
umap,10000,649,6.141077,-1.7649734,5.0,B0B2VDVB92
umap,10000,650,0.41215265,-0.39393023,3.0,B01F4H1DM2
umap,10000,651,4.8938136,1.0365866,5.0,B0018Z8CN8
umap,10000,652,-0.90170544,4.8908334,5.0,B01MZGZYSB
umap,10000,653,1.2865121,3.1377392,5.0,B0117U82EM
umap,10000,654,-1.1289967,0.85265887,4.0,B00CBL543E
umap,10000,655,-3.0708094,0.627488,4.0,B004RO3QPQ
umap,10000,656,0.3332864,-5.6498537,5.0,B008D76Q64
umap,10000,657,-2.1251593,-1.8218728,4.0,B01MQGMSVQ
umap,10000,658,-2.1533096,-0.87088096,4.0,B009AB5L5E
umap,10000,659,0.94996655,-2.3886218,4.0,B08YB2CN2M
umap,10000,660,6.1620193,-1.6851912,5.0,B005HQ5138
umap,10000,661,0.755204,-5.114345,4.0,B00FG3UOI4
umap,10000,662,-0.084685594,-5.121775,5.0,B00JB31RYK
umap,10000,663,0.6730884,-4.954903,4.0,B00M3GMYZS
umap,10000,664,-0.4704619,2.807831,5.0,B0002YP96Y
umap,10000,665,0.04822986,0.6436291,4.0,B00K4PAV14
umap,10000,666,3.7075415,0.55767417,4.0,B003J37580
umap,10000,667,3.5365474,0.19595695,4.0,B004O292WC
umap,10000,668,-1.044654,4.889253,4.0,B00KY47K6Y
umap,10000,669,3.534772,2.6534688,4.0,B005ZUNQUQ
umap,10000,670,-1.8666611,1.3052813,4.0,B0857KC57L
umap,10000,671,-1.8099002,1.200643,4.0,B00281XW0O
umap,10000,672,-1.8879743,1.2775955,4.0,B07VZYRKJQ
umap,10000,673,-1.9123924,1.2975843,4.0,B07JVR8KBV
umap,10000,674,1.216397,3.1009958,5.0,B007T36S34
umap,10000,675,1.0984675,3.8889291,3.0,B00DR0BOSC
umap,10000,676,0.24008605,0.79711694,5.0,B008ABO71E
umap,10000,677,3.779368,0.5963727,5.0,B0001HKIK4
umap,10000,678,1.00175,3.9866536,3.0,B00DR0CDEQ
umap,10000,679,0.2329193,0.92332715,5.0,B009PHTHRG
umap,10000,680,-0.755364,2.0128238,5.0,B00WUIBCOS
umap,10000,681,0.037760716,-4.7096457,5.0,B000Y31J26
umap,10000,682,0.47805715,-5.635609,4.0,B000Y190AG
umap,10000,683,-1.3185613,-1.773494,5.0,B001CTILS6
umap,10000,684,0.8253512,2.4143004,4.0,B0051VVOB2
umap,10000,685,0.9299879,-2.164567,5.0,B0199HAOAU
umap,10000,686,-0.9235894,-4.316534,5.0,B085HZPNRJ
umap,10000,687,-0.9084754,-3.1522193,1.0,B08N4CW66B
umap,10000,688,-0.60120654,-3.736038,5.0,B091LXKW6C
umap,10000,689,-2.0786116,-2.2980337,5.0,B0748KYTZN
umap,10000,690,3.9199083,0.7213196,5.0,B092F8GG57
umap,10000,691,-0.9479533,-3.3065705,4.0,B06XD9T2T5
umap,10000,692,-2.2043173,1.5646614,4.0,B0098QHS7U
umap,10000,693,3.8968945,0.006440118,1.0,B0BLCBK97H
umap,10000,694,4.3424377,1.6172523,3.0,B0B2JJV92T
umap,10000,695,4.271815,1.627296,4.0,B07VTKFLBW
umap,10000,696,3.860642,-0.09792943,5.0,B08HFNNPPJ
umap,10000,697,2.2466924,2.4519594,5.0,B081M5HPCD
umap,10000,698,2.487346,2.0239978,2.0,B09P5HMNDF
umap,10000,699,1.1326149,1.2976285,4.0,B0C6D5GYQ4
umap,10000,700,2.404744,2.5801682,4.0,B07H2CKXRH
umap,10000,701,6.189348,-1.7374884,5.0,B0B1D1Q35D
umap,10000,702,0.548274,3.322006,5.0,B07V42PDX8
umap,10000,703,-0.055870384,-4.9857955,5.0,B0C33C3XFV
umap,10000,704,1.3312353,3.2469416,5.0,B07Q4T7G99
umap,10000,705,5.838484,6.4611883,5.0,B00TZAO9D0
umap,10000,706,1.3357686,3.2069197,5.0,B07NPK4PY4
umap,10000,707,5.838941,6.459124,5.0,B072FS9VVZ
umap,10000,708,0.2562539,-4.8638287,5.0,B0BS1QXF6M
umap,10000,709,0.9381199,2.6201136,5.0,B07H8ZCSL9
umap,10000,710,1.017384,2.7264926,5.0,B07P374FF3
umap,10000,711,3.6391394,2.8546622,5.0,B072QY9HVM
umap,10000,712,2.6408563,3.341729,3.0,B013R9SHC8
umap,10000,713,3.7415702,3.0274568,4.0,B09KMWTYVR
umap,10000,714,4.009903,2.4752629,5.0,B01M65QWE9
umap,10000,715,3.2413237,0.79819685,2.0,B00R43UG5A
umap,10000,716,1.0831909,2.9908633,1.0,B00URC7P2M
umap,10000,717,2.8358617,1.3677688,2.0,059449771X
umap,10000,718,5.2656064,4.199935,4.0,B00IWANYH6
umap,10000,719,1.5411915,-1.9961643,5.0,B07Q3BBNS8
umap,10000,720,0.96047354,2.6031275,5.0,B09WYFWH2Y
umap,10000,721,1.0235543,-2.385699,1.0,B0BK9KB853
umap,10000,722,-1.2588985,-4.294831,3.0,B09HCFHR8C
umap,10000,723,2.9050326,0.82327247,1.0,B0BW4PFM58
umap,10000,724,1.2387185,4.214499,5.0,B07N7D9RSV
umap,10000,725,1.1972083,4.1141157,5.0,B07K4BQKJ7
umap,10000,726,1.1710643,3.9583502,3.0,B07LCGR2YZ
umap,10000,727,-0.4671758,-3.945974,5.0,B0C72D4J46
umap,10000,728,-3.300256,-1.5409372,5.0,B093GRDN8K
umap,10000,729,-0.23023373,-5.654725,1.0,B07BRM55KC
umap,10000,730,-2.431904,1.1417359,2.0,B01CW4BLG8
umap,10000,731,3.1518998,-5.0020685,1.0,B07YYD5TNH
umap,10000,732,3.1391547,-4.9947925,4.0,B07HRD5K99
umap,10000,733,0.26646915,-5.026012,4.0,B08XNCHTCY
umap,10000,734,-2.19733,-1.0354029,2.0,B07MCMTCP3
umap,10000,735,2.9217923,-1.2892177,5.0,B017LSIXDE
umap,10000,736,-0.8624336,-3.329131,4.0,B000EFMIB0
umap,10000,737,7.087139,3.8243763,5.0,B01K8B8YA8
umap,10000,738,4.378161,0.3102481,5.0,B00WBD91L8
umap,10000,739,5.3521795,3.1451101,5.0,B0B3X4NMHG
umap,10000,740,-1.3698196,5.1027184,5.0,B0C5PHZ4QS
umap,10000,741,1.8446561,0.014627677,5.0,B09K8CBWBG
umap,10000,742,-4.880937,0.4876808,5.0,B074KBWL9J
umap,10000,743,1.4667087,-1.2091777,5.0,B0B7J9L5HQ
umap,10000,744,-0.21514232,3.2375069,5.0,B086C51NNG
umap,10000,745,2.532032,3.9447055,5.0,B078J27VG4
umap,10000,746,5.3540263,3.136581,5.0,B00009OY9U
umap,10000,747,2.361548,2.5672905,5.0,B07WGZLBZS
umap,10000,748,2.0643744,-1.0100696,5.0,B0841FLXW3
umap,10000,749,0.33982706,3.9304492,5.0,B07CHC71M2
umap,10000,750,-0.9812107,3.5801303,1.0,B004RDWVUS
umap,10000,751,-0.70489395,3.663663,3.0,B003YMC5RC
umap,10000,752,-2.213177,-0.97177273,5.0,B09W5QTSM1
umap,10000,753,1.6576596,-0.866639,5.0,B0BS6KLLT1
umap,10000,754,-3.528545,-3.3972158,5.0,B07456BG8N
umap,10000,755,3.7930248,1.5298916,5.0,B01M74RA05
umap,10000,756,1.2552485,3.3654804,5.0,B083NY7M4L
umap,10000,757,0.9142049,-5.3257213,1.0,B07CKCNVGC
umap,10000,758,4.4158278,1.690336,5.0,B0C5MCSLKZ
umap,10000,759,2.1844018,1.5717161,5.0,B07BGQZK8S
umap,10000,760,-2.7347946,1.6321273,5.0,B08RYY7YB6
umap,10000,761,7.395166,3.0434055,5.0,B07ZS8JCZ9
umap,10000,762,-3.253809,-0.016788706,5.0,B07Z4G6LN2
umap,10000,763,-0.46281907,-3.5690095,5.0,B089KKRXG6
umap,10000,764,2.7370064,0.7387027,3.0,B085L34V8J
umap,10000,765,3.3590896,0.99917275,1.0,B08NDSTXZ3
umap,10000,766,-1.6654164,-1.4976871,5.0,B07KGVB6D6
umap,10000,767,-2.8448992,-1.9804701,5.0,B07PR9SN8W
umap,10000,768,1.7426097,-0.74004316,5.0,B00TOVTZ7K
umap,10000,769,-1.4067934,3.4335165,5.0,B005YV5HQC
umap,10000,770,-1.2980092,-1.2256615,5.0,B00U9U9GII
umap,10000,771,0.9794278,3.9821324,5.0,B00FF322AS
umap,10000,772,-0.31264806,0.5620753,5.0,B00E3W15P0
umap,10000,773,0.30414167,1.0637206,5.0,B00BKRMMUS
umap,10000,774,-1.7182474,1.0537059,3.0,B008MDOTUE
umap,10000,775,-1.857755,1.1460619,5.0,B00DYQQSSK
umap,10000,776,-1.213408,1.8836817,5.0,B002BWQ4H8
umap,10000,777,-1.5799946,-4.0071173,1.0,B008I64KGS
umap,10000,778,-0.22476435,4.1061625,5.0,B07TWDMX8D
umap,10000,779,0.4201121,-5.0343122,5.0,B08MVJP62X
umap,10000,780,-0.9294493,-2.8623846,5.0,B00GM15NGM
umap,10000,781,0.16382621,-4.753657,1.0,B07FTTPVGG
umap,10000,782,3.8461404,0.68835205,1.0,B07PGKLS1J
umap,10000,783,-2.156502,-0.8127087,5.0,B01AQ6GSQM
umap,10000,784,-2.0730865,-0.7879577,5.0,B08C7HDL8C
umap,10000,785,7.37846,2.766909,5.0,B07HZLHPKP
umap,10000,786,2.9231977,1.2148099,1.0,B00B3Y6E84
umap,10000,787,5.016776,0.99364495,5.0,B01N9P7AL5
umap,10000,788,3.767914,2.4223783,5.0,B01K8B8YA8
umap,10000,789,5.2607317,0.8651284,5.0,B01N6KWHSC
umap,10000,790,0.61652195,-1.4210069,1.0,B07CBSSNXG
umap,10000,791,-0.9889685,-2.3068185,1.0,B004JO1ZO8
umap,10000,792,2.85277,1.36583,5.0,B00E6GRHBO
umap,10000,793,3.906314,1.5055101,5.0,B0B993N8M1
umap,10000,794,3.8957858,0.7623693,5.0,B08Y1XYLVP
umap,10000,795,-0.95528555,-2.851621,4.0,B07XXDNSCM
umap,10000,796,-0.9391735,-2.8449965,2.0,B08GRYND4H
umap,10000,797,7.079341,3.835126,5.0,B01BRWH8G8
umap,10000,798,-5.0676413,0.35500434,5.0,B09RL7NM59
umap,10000,799,-3.6167045,-3.2651932,2.0,B0C3NMZ2C7
umap,10000,800,0.45663968,-1.520506,5.0,B01M0GB8CC
umap,10000,801,3.5610144,2.5049257,4.0,B09CPQ412S
umap,10000,802,-1.1976503,5.3075423,5.0,B07K21PVMQ
umap,10000,803,0.3225824,0.95082295,5.0,B07P83ZWZT
umap,10000,804,-2.2960377,-1.7500949,3.0,B086VR2KY8
umap,10000,805,-1.3381933,-4.1862707,5.0,B09Z228SQJ
umap,10000,806,5.283895,1.1900765,5.0,B01IXCP8DK
umap,10000,807,-5.0450544,0.37186074,5.0,B08S55D31N
umap,10000,808,1.7887424,2.3180494,5.0,B07P6YXJBY
umap,10000,809,2.5193365,0.81837624,1.0,B0872FYTWS
umap,10000,810,3.8500032,1.0795746,5.0,B01N63ZGUM
umap,10000,811,0.53246486,0.87694633,5.0,B07Q478Y95
umap,10000,812,1.737228,2.2617528,5.0,B07QD3J1D1
umap,10000,813,1.7815477,2.126703,5.0,B07P97SJHD
umap,10000,814,3.9567986,2.2920046,5.0,B07NXJN1QW
umap,10000,815,3.1271608,2.5587676,5.0,B07R217P25
umap,10000,816,0.5438436,1.1170981,5.0,B01M0OE05T
umap,10000,817,0.66887575,1.1922483,5.0,B076CRF7DN
umap,10000,818,-1.4561276,-0.988553,5.0,B00LD3Q56G
umap,10000,819,0.18904749,-5.39927,5.0,B072QW59MF
umap,10000,820,2.8818412,1.180386,2.0,B00O23IQI4
umap,10000,821,-1.7993101,-3.181882,3.0,B0081IKTN6
umap,10000,822,0.5444358,-1.5448327,2.0,B00KWR8ME2
umap,10000,823,6.0003214,-1.7226458,3.0,B00QRPPCMI
umap,10000,824,0.96937984,2.3644326,4.0,B00VKIY9RG
umap,10000,825,-0.4401983,2.3846936,5.0,B0C6DDHVNP
umap,10000,826,3.7433803,1.3399808,4.0,B007S642BW
umap,10000,827,2.4284484,1.2473761,5.0,B0089W5Q1O
umap,10000,828,-2.6436481,-1.3124512,3.0,B007Q45EF4
umap,10000,829,-1.6628613,-3.2107148,5.0,B00006JQ06
umap,10000,830,3.7771137,1.5210339,5.0,B009R10KBC
umap,10000,831,-0.4191955,2.333872,5.0,B003VAHYNC
umap,10000,832,-2.5085278,1.5621321,5.0,B00ARDIRFA
umap,10000,833,-2.5493984,1.7666951,5.0,B003ZHV70C
umap,10000,834,0.23943993,0.9013244,5.0,B002PY7LL0
umap,10000,835,0.45280668,-4.7622814,5.0,B09Y54MQWT
umap,10000,836,7.0083385,3.6060927,5.0,B00IA8M3K4
umap,10000,837,4.978706,3.5731552,5.0,B097D8D6L1
umap,10000,838,6.2012916,-1.6822301,5.0,B089N5L1YQ
umap,10000,839,-1.6653246,3.35918,5.0,B00LI6NW8W
umap,10000,840,2.948149,1.4898126,5.0,B08HSCF9X7
umap,10000,841,2.4488952,1.9600635,5.0,B07HMRN7Y6
umap,10000,842,0.40103725,4.8381796,5.0,B01D06IWB4
umap,10000,843,1.6178814,1.150564,3.0,B00P7EVST6
umap,10000,844,3.2629714,2.413104,5.0,B07VHQW6F3
umap,10000,845,1.8767738,-0.28231004,5.0,B01IARZGAS
umap,10000,846,-2.3965337,1.5924357,5.0,B01E7C8TWW
umap,10000,847,2.868937,2.0877113,5.0,B00HHEAMXC
umap,10000,848,0.60807997,4.0695105,5.0,B07PR21291
umap,10000,849,3.6851919,2.9311538,5.0,B018PU87TM
umap,10000,850,0.35775214,-5.1967344,5.0,B09WD1B2P1
umap,10000,851,0.50657266,1.030813,5.0,B07BNX8N72
umap,10000,852,-3.6931193,-3.3249273,5.0,B07PDHSLM6
umap,10000,853,0.16154383,-4.66538,4.0,B00WMLVJ1E
umap,10000,854,-2.1713839,-0.85109353,5.0,B07GKT53H5
umap,10000,855,3.7456777,0.08964635,2.0,B072JJPZXQ
umap,10000,856,1.8823144,-0.00913772,5.0,B089F9YDFC
umap,10000,857,-3.2583437,-1.5934067,1.0,B01MS1PMML
umap,10000,858,1.7581828,-1.4832231,5.0,B0C5MF2LCQ
umap,10000,859,1.6086632,2.5155625,3.0,B00OQVZDJM
umap,10000,860,-1.5435808,-1.7259085,3.0,B00ZVJAF9G
umap,10000,861,3.9097424,0.009462447,5.0,B071K5BQPF
umap,10000,862,-1.4099346,-4.5074596,1.0,B08YF1VBYD
umap,10000,863,4.586595,1.9571983,5.0,B017LSIXDE
umap,10000,864,0.58337516,-0.6222401,5.0,B01LXR37IE
umap,10000,865,0.9591178,2.092194,1.0,B01KV93B9G
umap,10000,866,0.68169296,2.5695403,5.0,B004ZX2NU8
umap,10000,867,-2.1005373,-2.3284044,5.0,B008X0TBKO
umap,10000,868,-1.7300348,-3.169075,5.0,B00ET7PG5E
umap,10000,869,2.7203517,2.3378313,5.0,B0874YZVWK
umap,10000,870,1.4521031,4.1257234,5.0,B007T356BO
umap,10000,871,4.4382358,1.818766,4.0,B083J66JC2
umap,10000,872,4.411944,1.7744577,4.0,B0916X99SD
umap,10000,873,4.2196965,1.6879421,3.0,B08Z3HGG2J
umap,10000,874,3.7113643,2.7811954,4.0,B09P39CW4T
umap,10000,875,3.7338989,1.8660418,4.0,B0BXJX78RL
umap,10000,876,3.976708,0.6498745,4.0,B07PXGQC1Q
umap,10000,877,8.819908,3.614391,5.0,B07QD3HBFS
umap,10000,878,2.681528,3.0096517,5.0,B0BQQ234HZ
umap,10000,879,-2.3970582,-1.6143129,2.0,B07SPS13MC
umap,10000,880,7.5874004,2.9906647,5.0,B07JG1VFBX
umap,10000,881,2.132404,1.6285408,5.0,B072DZH41G
umap,10000,882,0.9498821,-5.0306215,5.0,B07FFVVDJ8
umap,10000,883,0.13521639,2.3545432,5.0,B0753R71ZH
umap,10000,884,1.479128,1.1430542,4.0,B07TG9S4DG
umap,10000,885,2.0730631,1.6973063,5.0,B07XX31MHV
umap,10000,886,2.6169477,1.8446132,5.0,B07QF6NRH2
umap,10000,887,1.5386827,-2.2999763,5.0,B07BWC32CX
umap,10000,888,0.26509726,-5.2882304,1.0,B095WJGGZJ
umap,10000,889,3.9079041,1.7398517,3.0,B076HFYGLR
umap,10000,890,0.4772647,3.64949,5.0,B08BLB8FRT
umap,10000,891,-2.1186147,-2.42755,3.0,B07JMC8B3Y
umap,10000,892,1.9596308,-1.1681604,4.0,B08F1P3BCC
umap,10000,893,0.28324115,0.553125,5.0,B09ZGMKVVK
umap,10000,894,-0.13679273,-1.0212215,5.0,B0855GZ7PT
umap,10000,895,0.80573726,-5.41607,4.0,B07J3CRZGG
umap,10000,896,-0.8705128,0.692153,5.0,B07RLZ1KDY
umap,10000,897,-0.4981038,2.9616547,5.0,B083TNW1JM
umap,10000,898,-1.4725715,4.869058,1.0,B005HEVKXU
umap,10000,899,3.2621188,1.4100875,5.0,B072ZQB512
umap,10000,900,-2.1759775,-0.8756963,5.0,B01AQ6OWAG
umap,10000,901,-2.1473172,-0.9575323,3.0,B07GF959QQ
umap,10000,902,1.3063834,4.196646,5.0,B072BMZCHN
umap,10000,903,-0.40326396,-4.359703,5.0,B07SM5MQN8
umap,10000,904,-2.099529,-2.4433541,5.0,B0BF9KC3NZ
umap,10000,905,-2.0240083,-1.0933084,1.0,B07GY54JPV
umap,10000,906,4.0914016,0.9208093,3.0,B0BJPSZ739
umap,10000,907,-0.63219243,-3.8530242,5.0,B078RYSGTR
umap,10000,908,-0.7607869,5.12722,5.0,B010P5714W
umap,10000,909,4.687415,1.6263895,5.0,B01NCOM06N
umap,10000,910,3.1852121,1.3111813,5.0,B01MRS3MIS
umap,10000,911,-0.066952065,1.6993161,1.0,B014KF85IO
umap,10000,912,1.1975089,0.83811665,5.0,B09LNX8MHV
umap,10000,913,-2.176125,-0.9006195,4.0,B01F8DPALM
umap,10000,914,2.8074508,1.3598527,1.0,B00DU15MU4
umap,10000,915,1.365764,0.13382809,4.0,B00WU37B2K
umap,10000,916,1.4832888,-2.1075873,1.0,B08N5821RN
umap,10000,917,1.8917117,-0.5775661,5.0,B00WSW1YXA
umap,10000,918,10.535519,-16.550072,5.0,B07GFQN1MM
umap,10000,919,2.3386521,2.5434015,4.0,B07Q12TXD8
umap,10000,920,3.1868672,0.82534754,1.0,B07S764D9V
umap,10000,921,4.4768367,0.00883305,5.0,B07FFCGJ5L
umap,10000,922,3.1663234,1.4497136,5.0,B07L814B45
umap,10000,923,2.954698,0.7363709,1.0,B0177NSA9A
umap,10000,924,1.2024425,0.7947314,5.0,B0087NZ31S
umap,10000,925,0.36290878,4.8556037,5.0,B0819QKM8T
umap,10000,926,-0.0010573379,3.4924293,2.0,B07PTVBKHM
umap,10000,927,3.4577944,0.37626353,3.0,B0B9S7TTCZ
umap,10000,928,-1.0489408,-4.017475,5.0,B0935ZDCYD
umap,10000,929,0.53349674,3.779732,1.0,B01H8SKNQM
umap,10000,930,-3.6534834,-3.2700474,2.0,B07N8VFFNS
umap,10000,931,3.8023489,2.8434787,4.0,B075R8JR8L
umap,10000,932,1.3490037,3.1201086,1.0,B00OQVZDJM
umap,10000,933,-3.275588,-1.5711434,1.0,B08KVSN48H
umap,10000,934,-1.2753592,0.61547035,2.0,B00U3FPN4U
umap,10000,935,0.11787131,-5.1924396,5.0,B08L3R87HW
umap,10000,936,1.3854673,2.3524103,5.0,B0BV6WXP1T
umap,10000,937,3.3520093,1.2768337,5.0,B0915QKXBV
umap,10000,938,7.3765397,3.4140513,5.0,B0BLRCRNP1
umap,10000,939,2.733585,1.9466408,4.0,B008YCZBCI
umap,10000,940,0.4450712,1.1297469,5.0,B003U9RHM2
umap,10000,941,-0.30339846,3.747022,5.0,B004V68IQ2
umap,10000,942,3.4756892,-0.7429284,5.0,B07KWR33LS
umap,10000,943,-3.232225,-1.6246611,5.0,B00R92CL5E
umap,10000,944,-0.6954329,-3.1472247,5.0,B0BWMYK1XZ
umap,10000,945,0.4489128,-5.488076,3.0,B007L5NKZO
umap,10000,946,0.8784247,4.2149334,5.0,B00FJ8JC3O
umap,10000,947,1.3286371,4.4252033,3.0,B08BWN7F7Q
umap,10000,948,-2.059845,-0.9590469,5.0,B075NFX24M
umap,10000,949,5.3147817,4.356567,5.0,B07Q2WQWT7
umap,10000,950,0.4536859,2.548653,5.0,B09T3VLCWD
umap,10000,951,3.067271,1.6005937,5.0,B07TMJ8S5Z
umap,10000,952,-0.103007205,0.29981485,5.0,B01NANB0IW
umap,10000,953,4.4869733,-0.011929465,5.0,B07Y8SH1MC
umap,10000,954,3.4524896,1.8601311,5.0,B07ZSZQNWP
umap,10000,955,-1.1590939,1.9935765,5.0,B09KZJ9W7R
umap,10000,956,-2.0528736,-2.6517606,4.0,B07Q74L1TR
umap,10000,957,3.2065701,0.91231847,5.0,B09XGQQ98K
umap,10000,958,0.8762145,4.142462,5.0,B0BGS23YKX
umap,10000,959,-2.1350152,-1.0007025,5.0,B08HR9JFC2
umap,10000,960,2.5445826,0.2599955,2.0,B08JTWH2SQ
umap,10000,961,-3.1088297,-1.7737713,5.0,B087D7C96F
umap,10000,962,-0.51173365,-3.9081416,5.0,B07S5XSTCW
umap,10000,963,2.0615175,1.655838,5.0,B09T6T159F
umap,10000,964,-2.2223203,-0.84674674,5.0,B009XUM3Q2
umap,10000,965,0.44428337,1.6725068,5.0,B00XJ30884
umap,10000,966,-1.9960594,-2.6372702,5.0,B07797JBDW
umap,10000,967,7.731043,2.5178561,5.0,B06XBBRVD5
umap,10000,968,3.3328319,2.924142,5.0,B06ZZY4VNW
umap,10000,969,3.365682,1.5539275,5.0,B01HMB1US0
umap,10000,970,7.6084137,2.9578936,5.0,B011BRUOMO
umap,10000,971,-1.6227527,-4.2130675,5.0,B0B6T5ZWCM
umap,10000,972,7.733593,2.5109842,5.0,B00AYB3OMG
umap,10000,973,-2.247421,-0.8098667,5.0,B001905C62
umap,10000,974,-2.0300868,1.6794506,1.0,B004SPMRUO
umap,10000,975,3.0302675,1.216144,1.0,B07NSM8TF8
umap,10000,976,2.976945,0.6639139,1.0,B0963TH5MF
umap,10000,977,-1.0560831,-4.546399,1.0,B0B62FJF1J
umap,10000,978,-0.5279365,-1.3289512,1.0,B0BRXJ655D
umap,10000,979,-1.1806324,1.8247374,5.0,B0C1CST5HF
umap,10000,980,1.2942541,3.5053911,5.0,B019Q6G21Y
umap,10000,981,-4.9055266,0.4813327,5.0,B0095PZHPE
umap,10000,982,-1.3260521,-4.0308833,5.0,B003VAK1I2
umap,10000,983,3.0698142,1.0115403,5.0,B0BLNQ6B3L
umap,10000,984,3.4782102,0.1425636,5.0,B085N11H5T
umap,10000,985,3.2319448,2.2663217,5.0,B0043T7FXE
umap,10000,986,2.1687615,1.6538708,5.0,B00KC0HVTQ
umap,10000,987,3.9696813,2.3667657,5.0,B01HRVABD0
umap,10000,988,-1.0267835,2.062957,5.0,B0CBVWHXTS
umap,10000,989,3.2993953,2.8594859,5.0,B07Z8RLTN7
umap,10000,990,-2.1387918,1.5566148,5.0,B08C2LDLG5
umap,10000,991,-0.2832139,-4.5344863,5.0,B08J83TR22
umap,10000,992,3.8298428,1.8696058,5.0,B00TOT6I7W
umap,10000,993,-0.245576,4.098468,5.0,B00GMFVET8
umap,10000,994,3.2611954,0.7300324,5.0,B08L5M9BTJ
umap,10000,995,-2.0027916,-1.3477967,5.0,B07Z3KTCPX
umap,10000,996,3.9709575,0.77145046,5.0,B0BWD4WGJB
umap,10000,997,-2.6561615,1.5155138,4.0,B07G61MFF6
umap,10000,998,-1.4838719,-1.4128727,2.0,B00VA5MLM4
umap,10000,999,1.687512,-0.4583137,5.0,B085D9SLF4
umap,10000,1000,5.252966,4.2797017,5.0,B0BTKKJLTP
umap,10000,1001,-0.45763624,2.4907484,5.0,B00M4L721S
umap,10000,1002,1.3403317,0.54271746,5.0,B00JM6EP1I
umap,10000,1003,0.7458604,0.14274953,5.0,B0007M610O
umap,10000,1004,0.18233389,3.6752708,5.0,B086YCPY39
umap,10000,1005,1.3642707,-2.2159905,4.0,B01M71T4E7
umap,10000,1006,1.1969281,0.30409178,1.0,B06ZXR6KS6
umap,10000,1007,0.87176555,2.7458088,4.0,B00J3FOZPO
umap,10000,1008,3.1708252,3.5028634,5.0,B08QJBQ1VM
umap,10000,1009,2.917182,2.0586803,5.0,B07F4P3JH7
umap,10000,1010,0.43754116,-5.255872,5.0,B01FLKRNTE
umap,10000,1011,2.8984418,2.0902505,5.0,B08YGKCHNF
umap,10000,1012,2.457606,3.4460068,5.0,B07V44WYM6
umap,10000,1013,0.4911014,-5.5139103,5.0,B0BDSZ2KT3
umap,10000,1014,-0.17635755,-5.4949393,5.0,B09KQC7Z4S
umap,10000,1015,3.685604,0.65090775,5.0,B0BHWYQ47Y
umap,10000,1016,0.08683544,-5.5283613,5.0,B0BDSZ2KT3
umap,10000,1017,0.3687578,4.804775,5.0,B0BW7DFJL2
umap,10000,1018,0.17997476,-5.2220325,3.0,B08B3G74MY
umap,10000,1019,0.48554683,-4.9980416,4.0,B0BQC7892K
umap,10000,1020,0.41202873,-4.898647,2.0,B0B5D4K48M
umap,10000,1021,0.954493,2.7010176,5.0,B07H8WS1FT
umap,10000,1022,0.7968385,3.659866,1.0,B01MXKRKWY
umap,10000,1023,-0.42311376,-3.9072142,5.0,B08VD2NX25
umap,10000,1024,4.6526866,1.8641473,5.0,B0C1ZDMQ5Y
umap,10000,1025,2.4111688,1.8191519,4.0,B0BQ5XQ17G
umap,10000,1026,3.4149907,1.2759932,3.0,B07QF4Z874
umap,10000,1027,-2.619946,1.6816349,5.0,B007Z549YQ
umap,10000,1028,1.8474804,3.6992333,5.0,B08434BWYM
umap,10000,1029,-1.2134054,4.371988,5.0,B09LCZ16HN
umap,10000,1030,5.0721974,1.8859544,5.0,B0CB11DLHG
umap,10000,1031,1.2724918,1.6679933,2.0,B07THRBHPG
umap,10000,1032,4.2763906,1.6458346,1.0,B086C1FGF9
umap,10000,1033,4.2686396,-1.5696733,5.0,B01M1AQ316
umap,10000,1034,6.110883,-1.6445465,5.0,B0B4SWZTZ1
umap,10000,1035,1.6004233,-2.1290345,5.0,B0739N6PLY
umap,10000,1036,7.4230356,2.720539,4.0,B092LYGF9J
umap,10000,1037,5.0778723,3.9260077,5.0,B004A9PBJW
umap,10000,1038,3.06459,1.3264797,2.0,B0000BYDKO
umap,10000,1039,4.2039213,3.809518,5.0,B001KPILLE
umap,10000,1040,6.2236605,-1.6300948,5.0,B00NMTXYN6
umap,10000,1041,7.1136417,3.709086,5.0,B07RN4XTV5
umap,10000,1042,5.0228777,1.8147031,5.0,B071HSGBZC
umap,10000,1043,-0.14967366,4.686136,5.0,B089XF38N2
umap,10000,1044,-1.2126366,-1.1064329,4.0,B07SHFPD8S
umap,10000,1045,0.105736576,-4.4848113,5.0,B07V3RB9C1
umap,10000,1046,3.0997539,3.2371395,5.0,B076FR2J17
umap,10000,1047,-0.96463746,4.980136,5.0,B07CP7PGKB
umap,10000,1048,2.0595565,1.6609964,5.0,B09XKS77DP
umap,10000,1049,3.5658722,0.22236656,5.0,B005INJ4ZG
umap,10000,1050,4.7750387,3.2112372,5.0,B0015V1H28
umap,10000,1051,6.840138,9.1868105,5.0,B000NU4OTA
umap,10000,1052,-2.9448378,0.7051181,1.0,B07G5ZG3Q4
umap,10000,1053,4.0345364,2.2377117,5.0,B07P6TNT8H
umap,10000,1054,4.6364455,1.9754924,5.0,B07CK1CZ9J
umap,10000,1055,5.3257594,4.1908355,5.0,B0B3J6BWH2
umap,10000,1056,7.92097,3.2577045,4.0,B00JDN86EW
umap,10000,1057,0.4284758,1.1699252,5.0,B081N87HH9
umap,10000,1058,-2.2672527,1.592706,5.0,B082X8CY8X
umap,10000,1059,-0.7486997,-3.125503,5.0,B082YWZ77X
umap,10000,1060,0.13445435,0.54945546,5.0,B0CBZF7ZY5
umap,10000,1061,-0.7252795,0.39975753,5.0,B0C1SJVWTY
umap,10000,1062,2.755127,-1.4706796,5.0,B0BN11KNM4
umap,10000,1063,2.7026343,-1.498418,5.0,B09YVBF9Z9
umap,10000,1064,-0.83770776,0.55355793,4.0,B0C1ZC8CFP
umap,10000,1065,-2.0547302,-3.1032271,4.0,B09V1KS388
umap,10000,1066,-0.10627551,0.04508402,4.0,B09QFZF8QC
umap,10000,1067,1.8217304,-1.0645086,4.0,B09N8NQG9J
umap,10000,1068,-5.031024,0.38880587,3.0,B0C28HGT5N
umap,10000,1069,0.3923217,-1.0328882,5.0,B0BV9PZ629
umap,10000,1070,1.3210262,-2.3872333,5.0,B0019R6SO0
umap,10000,1071,-1.026662,-3.117971,5.0,B0C1V5SRCW
umap,10000,1072,-0.4720023,2.3561447,4.0,B09N7532L7
umap,10000,1073,-2.8313248,1.1711887,5.0,B09FPGG9GZ
umap,10000,1074,0.17134792,2.6557326,5.0,B07SSDKNSL
umap,10000,1075,-2.030433,-3.1103964,3.0,B086XH336K
umap,10000,1076,-2.036393,-3.097808,4.0,B09Y4LSD91
umap,10000,1077,0.6945067,-2.2547936,4.0,B09WZZ9RDX
umap,10000,1078,-4.4300475,3.7573786,4.0,B07RW9LZ15
umap,10000,1079,-4.0091105,0.8296638,4.0,B098BN33KP
umap,10000,1080,1.7841462,-0.5708902,5.0,B0BGPJNJBH
umap,10000,1081,-0.4241978,2.5080183,5.0,B00002JXFH
umap,10000,1082,-0.99087083,-1.933678,5.0,B07N7HWP59
umap,10000,1083,-3.3033645,-1.5710756,2.0,B07P374Y47
umap,10000,1084,-2.409337,1.1176438,4.0,B01DLWBPCA
umap,10000,1085,2.009938,-2.0548797,5.0,B09CT914BT
umap,10000,1086,-0.34560314,-0.25690904,4.0,B0932GQP4B
umap,10000,1087,-0.6412812,0.35012925,5.0,B07KJTXRKM
umap,10000,1088,-2.0011702,-1.3881431,3.0,B07CM5NZRC
umap,10000,1089,-3.3483894,-0.11013477,3.0,B0B696YT88
umap,10000,1090,1.0111649,-2.533402,5.0,B07JJCKSDH
umap,10000,1091,-2.879208,1.1869836,4.0,B07Z7MRNDZ
umap,10000,1092,-0.9574296,-1.8200183,5.0,B071WNBMQ2
umap,10000,1093,-2.093965,-2.4279819,5.0,B07DK1M5JF
umap,10000,1094,-0.33373684,-0.30813557,4.0,B07HXW73SH
umap,10000,1095,-1.8411293,-3.2210248,5.0,B07CPMG2LK
umap,10000,1096,-3.026045,-1.633934,5.0,B07H5F2SSX
umap,10000,1097,0.37970254,-1.0267626,5.0,B076YN6CSG
umap,10000,1098,1.2598141,-2.5251417,5.0,B077HNPLHZ
umap,10000,1099,-3.4762688,-1.4196901,5.0,B0BJGKZKV9
umap,10000,1100,-0.69923526,-0.60958266,5.0,B07659Z1QM
umap,10000,1101,-2.559783,1.2151356,3.0,B00X5X1XPU
umap,10000,1102,-3.4905012,-1.5011225,4.0,B084BXS6NL
umap,10000,1103,4.1906257,1.3736999,5.0,B0002KR5Q0
umap,10000,1104,1.4338458,-1.917171,5.0,B01N14PF8X
umap,10000,1105,-1.9299355,0.79140496,3.0,B01EY9L448
umap,10000,1106,-0.45848098,-0.7666075,5.0,B07SVBV9TM
umap,10000,1107,-0.38878763,-0.69138384,2.0,B07S9H9QVN
umap,10000,1108,-3.366045,-1.5945158,4.0,B01K7IH638
umap,10000,1109,-0.5323499,0.3300105,3.0,B01IEKG3TY
umap,10000,1110,-0.33130297,-0.7499334,4.0,B076ZTM2X5
umap,10000,1111,0.13795027,0.7719063,5.0,B01DSSLEHI
umap,10000,1112,-0.60376006,0.26906493,5.0,B01BCWKBZI
umap,10000,1113,-1.6644555,-3.8989732,3.0,B00L8O8WK2
umap,10000,1114,-1.0964988,-1.9296768,5.0,B009NXOKOM
umap,10000,1115,-3.3991823,-1.5969994,1.0,B00HCNHH2W
umap,10000,1116,-2.5636225,1.4669312,4.0,B004V3Q2YA
umap,10000,1117,0.4334339,-0.34747502,1.0,B0076O2A4C
umap,10000,1118,-0.8143356,0.5365532,5.0,B00BXK7LBC
umap,10000,1119,-0.7418189,0.34903488,4.0,B002OB4DC4
umap,10000,1120,-3.3924212,-0.0889702,1.0,B0014FWBBQ
umap,10000,1121,-1.0065131,-1.9423174,5.0,B0007PN5MS
umap,10000,1122,-2.6517725,1.7593715,3.0,B0006G332A
umap,10000,1123,2.6553779,3.2817426,5.0,B01NBTC7KN
umap,10000,1124,7.748399,2.5325766,5.0,B09HRNNQRT
umap,10000,1125,-0.31764182,-4.273697,2.0,B08YXY5XMD
umap,10000,1126,-0.8979217,-2.9023736,4.0,B093S4ZDKM
umap,10000,1127,-0.11417586,3.4302573,5.0,B01DKA81PW
umap,10000,1128,-0.63894343,2.5819676,5.0,B08SM7QW5K
umap,10000,1129,3.1701062,1.1614226,1.0,B00198445E
umap,10000,1130,0.19024128,-4.509238,5.0,B09R6RKBWY
umap,10000,1131,2.2395906,0.8711877,5.0,B07QMBY7JF
umap,10000,1132,-0.44823766,4.4694314,5.0,B0C9DMZ9DS
umap,10000,1133,1.9353613,1.4688349,5.0,B078SL6YB7
umap,10000,1134,-1.2336463,-4.0587626,4.0,B07LGM767X
umap,10000,1135,-0.42523468,-4.1612163,4.0,B08J83TR22
umap,10000,1136,2.583213,-1.521948,5.0,B07WNYLXM1
umap,10000,1137,-0.35603395,2.3222134,5.0,B00ZYLMQH0
umap,10000,1138,0.43894386,2.1678696,5.0,B09Q3NR84W
umap,10000,1139,2.8459187,2.294885,5.0,B084H2NHNN
umap,10000,1140,0.72108114,4.5312076,5.0,B01B208CLA
umap,10000,1141,1.691438,0.40383664,5.0,B07CLBNM1C
umap,10000,1142,-1.3684456,-4.3071017,4.0,B00UAZ5KDM
umap,10000,1143,6.188046,-1.6990876,5.0,B09BQVHBMD
umap,10000,1144,-1.0310186,4.940339,5.0,B01F4SKT08
umap,10000,1145,-5.084592,0.3416966,5.0,B08J5ZRFRG
umap,10000,1146,2.265202,2.8154655,5.0,B07ZHMHH9Q
umap,10000,1147,0.46153817,1.9805217,5.0,B07LDB7MDJ
umap,10000,1148,4.489623,1.8903002,5.0,B09QL59Q12
umap,10000,1149,0.6289846,3.6765888,5.0,B09HKP7N83
umap,10000,1150,-0.62397295,3.0369408,5.0,B0BVY5RHRR
umap,10000,1151,0.010988436,3.8470948,5.0,B07KW59B6C
umap,10000,1152,2.7085497,1.4903382,5.0,B09H5NT2C1
umap,10000,1153,2.337676,-1.9865621,5.0,B09331MCDS
umap,10000,1154,-0.6162567,-3.7824376,5.0,B0C9GQLBF4
umap,10000,1155,0.33954307,4.770311,5.0,B06XSGYL1Q
umap,10000,1156,2.3349109,-2.032434,5.0,B0B6NS4VH2
umap,10000,1157,-0.035897866,0.7886477,5.0,B011BRUOMO
umap,10000,1158,4.946375,0.9450779,5.0,B00MPB9IT6
umap,10000,1159,-0.6376875,2.3406754,1.0,B013S0N2OY
umap,10000,1160,3.739781,3.0636482,5.0,B0B4BMHPJ2
umap,10000,1161,1.3772432,4.2607007,4.0,B0BKKW5PF4
umap,10000,1162,-1.1271254,2.085215,5.0,B09PHJ83GH
umap,10000,1163,0.9522603,3.0256336,5.0,B09ZQS1HW3
umap,10000,1164,4.483237,-0.011483077,5.0,B09XXPCNFY
umap,10000,1165,0.20210242,2.5313833,5.0,B09SLNKQTZ
umap,10000,1166,-2.1906765,-0.84304583,5.0,B07PK6PDL6
umap,10000,1167,1.1537442,4.078435,1.0,B09B4XST7Y
umap,10000,1168,1.7796738,-0.50853187,3.0,B09GKYFS67
umap,10000,1169,1.7662147,-0.48042837,4.0,B09GKV31QZ
umap,10000,1170,0.66575694,2.0533001,4.0,B0BSCCQLCY
umap,10000,1171,-3.7027729,-3.3542893,5.0,B09TNV7Q69
umap,10000,1172,1.8374866,-0.09115667,5.0,B0BPP72J81
umap,10000,1173,4.473015,-0.026289659,5.0,B097SVMKSZ
umap,10000,1174,1.9144231,-2.0101492,5.0,B099WZQ323
umap,10000,1175,1.9720248,-2.0227125,5.0,B097BFSJ7N
umap,10000,1176,2.2006423,1.7777219,3.0,B09J96N8YW
umap,10000,1177,1.6696079,4.165228,5.0,B08QJKMBFN
umap,10000,1178,2.6336021,-1.6336986,5.0,B08XP6XW63
umap,10000,1179,-2.0311594,2.5564384,4.0,B07F6Y9N43
umap,10000,1180,0.9040605,1.5283178,5.0,B07H82M1B4
umap,10000,1181,-2.9119747,3.013652,3.0,B07VF5G3B3
umap,10000,1182,-1.214914,-3.9953115,3.0,B07YDJGPCN
umap,10000,1183,0.21713181,2.782774,4.0,B07ZYGVWMH
umap,10000,1184,0.50554407,-0.34378457,5.0,B09TGH81T9
umap,10000,1185,0.27360016,2.9843283,5.0,B07X7MY4ZP
umap,10000,1186,-1.02681,4.9876323,5.0,B07QLQGQ13
umap,10000,1187,2.644553,-1.4586937,5.0,B07VDHPHZT
umap,10000,1188,-0.7137133,3.6295648,4.0,B0784BCRVZ
umap,10000,1189,1.7386417,-1.2358416,5.0,B0BYYQNJ3H
umap,10000,1190,-1.2298397,-1.8768823,5.0,B008S08HJ0
umap,10000,1191,1.5596747,-1.9986105,5.0,B0C5PHZ4QS
umap,10000,1192,1.2350615,-0.97790736,5.0,B01NBF0ZZ9
umap,10000,1193,0.5823092,2.943506,5.0,B00JO6RO8C
umap,10000,1194,-2.1762595,-0.8900441,5.0,B00BJ2MC0E
umap,10000,1195,1.2651807,3.0881968,5.0,B018SZT3BK
umap,10000,1196,0.29806826,4.127041,5.0,B01LY0G6UP
umap,10000,1197,-1.1492399,4.9623413,5.0,B00XQAKHMW
umap,10000,1198,-1.096199,0.72197014,4.0,B07BMHSL19
umap,10000,1199,-1.6905148,4.493807,5.0,B01G7QDWB4
umap,10000,1200,-1.312703,-4.0747957,5.0,B00IPSC6F6
umap,10000,1201,-0.18431613,3.284681,5.0,B00M1C82VY
umap,10000,1202,-1.3128518,-4.0756793,4.0,B00OPVJ0JW
umap,10000,1203,-1.7232891,-4.087878,4.0,B000O8WE66
umap,10000,1204,1.2809316,3.1962938,5.0,B00154JDAI
umap,10000,1205,-2.6203804,1.9585645,5.0,B0002OD3JY
umap,10000,1206,3.954867,2.6462038,5.0,B00005JLS3
umap,10000,1207,-0.6199481,-3.8435276,2.0,B07GC8NMB8
umap,10000,1208,1.2041142,4.01423,2.0,B019F6P5AY
umap,10000,1209,-1.9832002,3.949885,4.0,B00OUXHL8C
umap,10000,1210,3.1874542,0.94094396,1.0,B08K2S5B88
umap,10000,1211,3.172723,0.86655724,1.0,B07C5J2WWD
umap,10000,1212,3.9692657,0.710503,4.0,B00OUXHMCW
umap,10000,1213,5.1769123,3.6168964,3.0,B0C6J534BX
umap,10000,1214,1.8946333,-0.8508631,4.0,B0BS6KLLT1
umap,10000,1215,-0.5524227,-3.6294758,3.0,B07VXP6FKN
umap,10000,1216,1.3763335,1.0134773,5.0,B082DT8YZW
umap,10000,1217,3.6277947,1.4108781,5.0,B00OUXHOGG
umap,10000,1218,2.9730418,1.2130587,3.0,B07PC39CTK
umap,10000,1219,3.627074,1.093644,5.0,B07SJ8L4M3
umap,10000,1220,-1.4048837,0.18887608,3.0,B07F7TDK2S
umap,10000,1221,-1.6094993,-1.3573052,5.0,B00KXTZ3BE
umap,10000,1222,5.558285,4.6367397,4.0,B019WJROSK
umap,10000,1223,1.4061022,0.9164868,5.0,B0756SFQR1
umap,10000,1224,-0.5660599,-0.45102638,5.0,B07KKKBXG4
umap,10000,1225,-1.0146613,-4.792896,1.0,B084D7CMKC
umap,10000,1226,2.6619978,0.8888417,1.0,B0C163NSMW
umap,10000,1227,2.5548925,3.4529922,3.0,B0BTSVTK32
umap,10000,1228,2.0053003,-1.1339,1.0,B01N9P860N
umap,10000,1229,2.1717646,-1.399194,3.0,B08XQ41Z1H
umap,10000,1230,-1.2948534,-4.0528455,5.0,B0C1J4XGB1
umap,10000,1231,2.6799219,3.6817598,5.0,B0C6M7FY32
umap,10000,1232,0.35330442,-4.6845837,3.0,B00KY59Q3I
umap,10000,1233,0.3603912,-4.644296,4.0,B016YBEBG2
umap,10000,1234,1.0256189,-2.1762114,5.0,B08KRKTXH9
umap,10000,1235,1.3339239,-2.0222852,5.0,B013JMOTXO
umap,10000,1236,1.5347096,-1.5486177,4.0,B01MUXYVOA
umap,10000,1237,-2.131031,-2.5087783,5.0,B0CF1VPN1J
umap,10000,1238,-2.0770037,-2.488579,5.0,B0BMKD7JF8
umap,10000,1239,0.60289127,3.2661407,5.0,B07ZDJF4XB
umap,10000,1240,-2.0238895,1.6122625,3.0,B07GTJC9XM
umap,10000,1241,4.7341623,2.0843298,5.0,B00N23J4LI
umap,10000,1242,0.56690425,3.3989558,4.0,B07VN6JCNZ
umap,10000,1243,3.757271,2.7595463,5.0,B01GL6WZA4
umap,10000,1244,2.2753785,-1.9658172,5.0,B0BPM2XF22
umap,10000,1245,3.9007425,0.86584556,1.0,B071HNJX6Q
umap,10000,1246,0.92876714,-5.0050545,2.0,B000I4RMOU
umap,10000,1247,0.64022315,-5.522667,1.0,B00DW1X5JC
umap,10000,1248,-0.6107875,0.26345736,2.0,B081Q8JHJQ
umap,10000,1249,1.8803025,0.032776814,4.0,B00M5D2P4Y
umap,10000,1250,1.8610312,-0.0417618,4.0,B07QCRCP2R
umap,10000,1251,2.1832001,0.47122443,5.0,B09MTSLT2T
umap,10000,1252,4.9678526,3.66287,5.0,B008TUQ7SC
umap,10000,1253,-1.8254342,2.5074117,3.0,B0BGK3Y8VY
umap,10000,1254,1.1567465,3.7874117,5.0,B07Q14H7BZ
umap,10000,1255,1.9254844,-1.0253558,1.0,B084HM5WG1
umap,10000,1256,-0.8083766,5.0732903,5.0,B0C49KQRX4
umap,10000,1257,-0.7294359,-4.0860796,4.0,B0BW4PFM58
umap,10000,1258,-0.87996393,1.9628986,5.0,B087CHS5Z9
umap,10000,1259,3.985582,2.418035,5.0,B07ZN4JZYH
umap,10000,1260,2.3143926,0.91662866,5.0,B015FY0SSO
umap,10000,1261,5.3351984,3.1427343,5.0,B08421KFJX
umap,10000,1262,6.840147,9.187037,5.0,B01K8B8YA8
umap,10000,1263,-1.3118001,5.213567,5.0,B0C5PHZ4QS
umap,10000,1264,6.663235,1.214643,5.0,B01LXZZVKP
umap,10000,1265,1.1259314,-2.4350574,1.0,B0BSS1WJ4D
umap,10000,1266,-3.7092755,-3.3153396,5.0,B07VXXBTX4
umap,10000,1267,1.6565835,2.5158663,5.0,B07H8WS1FT
umap,10000,1268,0.38647798,1.8623476,5.0,B08HN4345K
umap,10000,1269,3.1449833,3.7829006,4.0,B09WHPJZD3
umap,10000,1270,-0.16075498,-3.7279048,4.0,B0B3VDGR74
umap,10000,1271,0.36544302,0.90928626,1.0,B0B4F9H4DF
umap,10000,1272,-0.7401035,0.5533455,3.0,B00INKHXY0
umap,10000,1273,1.9534754,-1.3196448,5.0,B09XQ1P16Z
umap,10000,1274,1.8199447,1.5485299,4.0,B07FD3YXKR
umap,10000,1275,-2.8443317,1.2174063,4.0,B07BGTKP34
umap,10000,1276,1.2353944,-2.5673072,5.0,B09WTY19L9
umap,10000,1277,-0.44497845,0.6397876,4.0,B07G6XRZJ7
umap,10000,1278,2.4192028,1.5269014,4.0,B07DGV6LY8
umap,10000,1279,1.5177947,0.74097276,4.0,B07JKPCPF8
umap,10000,1280,-0.22840728,-5.698604,5.0,B07J4RVYHX
umap,10000,1281,0.54565,-5.077886,4.0,B07FC9BNQL
umap,10000,1282,3.5197067,-0.11705969,5.0,B08P6S2757
umap,10000,1283,1.1095831,-2.728003,5.0,B08J42GSW6
umap,10000,1284,-0.6146452,0.38099527,3.0,B0B1TXQSBV
umap,10000,1285,0.018198673,2.566564,4.0,B07H1B8LQV
umap,10000,1286,1.69394,-1.5944605,4.0,B07H3V77T7
umap,10000,1287,-2.6022382,1.4840289,4.0,B07CWJCBJ7
umap,10000,1288,-1.2934054,4.789065,5.0,B0B2QVW1ZV
umap,10000,1289,-0.366801,4.2484994,5.0,B07TX777BZ
umap,10000,1290,-0.14298202,3.4814982,4.0,B085ZTR62L
umap,10000,1291,1.6312599,-1.7029152,5.0,B08BC9J8QQ
umap,10000,1292,-0.9203276,3.7910259,5.0,B082W1SWKC
umap,10000,1293,2.265445,-1.5742514,4.0,B077HNPLHZ
umap,10000,1294,4.188923,-1.5479475,1.0,B083JG42ZG
umap,10000,1295,-1.4740102,2.0992382,4.0,B07YKGXRKH
umap,10000,1296,0.5379109,-1.437393,4.0,B086QKZHDY
umap,10000,1297,0.019295104,4.1470666,4.0,B07ZYH9R2C
umap,10000,1298,-2.6838572,-1.3099743,4.0,B07DGFBLCX
umap,10000,1299,0.06882073,-0.93181,5.0,B0764GBNX2
umap,10000,1300,6.1435227,-1.7995793,5.0,B07NR78GS6
umap,10000,1301,1.8171351,-1.9225379,3.0,B085N11H5T
umap,10000,1302,0.83799034,-2.0708098,4.0,B07PTYNGCV
umap,10000,1303,-0.18961349,4.2484975,4.0,B07SZ8Z734
umap,10000,1304,3.457039,-0.9370275,5.0,B07PMK7WVC
umap,10000,1305,-0.925819,4.4698977,5.0,B07M8JKBY5
umap,10000,1306,-1.1376885,1.9894989,5.0,B0B614JJWR
umap,10000,1307,0.2912399,-5.451535,5.0,B075QLZYD6
umap,10000,1308,1.70069,-1.2761917,5.0,B07H59Q7LG
umap,10000,1309,-0.52960813,-5.1675553,4.0,B073RZSTGL
umap,10000,1310,-1.7234516,1.3868707,5.0,B01LZFDA8E
umap,10000,1311,-0.6607712,-0.5641159,4.0,B07659Z1QM
umap,10000,1312,0.7272122,-1.6891443,4.0,B07YLQBC4B
umap,10000,1313,-0.3088651,-4.7654495,3.0,B074QQQ51L
umap,10000,1314,-2.8954976,3.0136247,5.0,B07JPYR7XJ
umap,10000,1315,0.42912075,-5.4716578,4.0,B082SW81WD
umap,10000,1316,0.5182197,-5.388898,5.0,B07JW2S287
umap,10000,1317,-0.90932006,-3.9221785,2.0,B0BXLCC4V6
umap,10000,1318,0.3304569,2.151027,3.0,B0C25CVMJS
umap,10000,1319,-0.2492626,-4.872584,3.0,B078LHSFHC
umap,10000,1320,-3.4592168,-1.5899109,3.0,B074F3M2W8
umap,10000,1321,-1.1104776,-1.7669215,1.0,B019XE45I6
umap,10000,1322,0.6883002,-5.2771797,2.0,B071XNVKBM
umap,10000,1323,0.43844742,-5.552902,4.0,B00H36UL5I
umap,10000,1324,-2.0534673,3.5696013,5.0,B0755PDKCN
umap,10000,1325,-1.0998428,-4.10809,5.0,B06Y2M9FNC
umap,10000,1326,1.9089987,-2.0526807,4.0,B09YYX736L
umap,10000,1327,-0.9068707,4.8071384,5.0,B07VP6W2RF
umap,10000,1328,0.16049509,2.5140197,5.0,B01LQX0P8Q
umap,10000,1329,0.111147754,-5.338633,5.0,B01N6YGQLJ
umap,10000,1330,-0.7919804,0.0048526675,4.0,B01N8UG7HA
umap,10000,1331,0.21349469,0.69829506,4.0,B01K1INXJK
umap,10000,1332,-2.1744003,-0.84707254,2.0,B01DA0YCNC
umap,10000,1333,-3.455889,-1.4832428,5.0,B09LYWCHJX
umap,10000,1334,-0.39731517,-0.6954607,1.0,B01I4PKSZE
umap,10000,1335,0.24257077,0.65437317,4.0,B01HNBLHAA
umap,10000,1336,-1.4852762,0.9572794,5.0,B01LXHZLY7
umap,10000,1337,1.0538386,-1.2846729,4.0,B00YY3XSSA
umap,10000,1338,0.13024934,-4.307882,2.0,B00U0WUGXO
umap,10000,1339,0.85491806,2.3817759,2.0,B00NGK93AE
umap,10000,1340,-3.298184,-1.597811,4.0,B00KATWRIY
umap,10000,1341,-1.5813209,4.5582323,4.0,B01CHQ8F1K
umap,10000,1342,-0.5344229,-3.6056166,4.0,B00K4WAB30
umap,10000,1343,1.8012121,-0.6207167,4.0,B00IM3P8GS
umap,10000,1344,1.1944653,4.0850506,4.0,B00ECERJTA
umap,10000,1345,1.0990065,4.0349813,4.0,B00EUFP6WI
umap,10000,1346,1.3384844,3.1676414,4.0,B007OZNUCE
umap,10000,1347,1.4732562,4.29123,5.0,B00BGIQRDE
umap,10000,1348,-0.64132,-2.960535,1.0,B007GR44PM
umap,10000,1349,0.24042664,3.0687506,1.0,B00B5YER7M
umap,10000,1350,-1.0281862,-3.0413713,2.0,B00AITG3NQ
umap,10000,1351,1.1730834,3.905727,3.0,B008ULPBJG
umap,10000,1352,-0.84907866,2.0264926,5.0,B005DEP2AG
umap,10000,1353,4.1656666,-1.5306772,4.0,B006W3ZV6W
umap,10000,1354,-2.7830524,1.6380141,3.0,B004HO58KC
umap,10000,1355,-0.9829117,-1.9593986,5.0,B0015ACUKC
umap,10000,1356,-0.009572833,-4.903018,4.0,B005JXAEGS
umap,10000,1357,-0.41538936,-3.0672486,3.0,B003YKG86S
umap,10000,1358,-0.9405317,-2.9660294,2.0,B001IAX9AE
umap,10000,1359,-3.6709986,-3.389405,5.0,B07PDHSLM6
umap,10000,1360,-0.2381399,1.6324972,5.0,B01MXXQKGM
umap,10000,1361,-0.64121336,-0.542647,5.0,B0BVR7B323
umap,10000,1362,0.19091934,-5.3789988,5.0,B09F9FKWCC
umap,10000,1363,-2.0997593,1.8732538,5.0,B09YM4K17L
umap,10000,1364,0.34314185,4.8420157,5.0,B081GM5BCH
umap,10000,1365,3.0266821,1.5791577,5.0,B0B2JWCMCY
umap,10000,1366,0.70948535,-5.41378,5.0,B07HLTDQ7B
umap,10000,1367,3.8536189,1.3586351,5.0,B01F26T1JW
umap,10000,1368,0.68413067,3.267701,5.0,B006ZT4VA0
umap,10000,1369,5.190343,4.1495132,5.0,B00XJN2T2W
umap,10000,1370,3.7407436,1.6811376,5.0,B00404SUZ4
umap,10000,1371,2.2946808,1.7417758,5.0,B0CF6479D8
umap,10000,1372,1.7865473,0.9136918,5.0,B07RWJNZMZ
umap,10000,1373,3.7800229,1.1920903,5.0,B07KNLXQ2S
umap,10000,1374,-0.77790534,-4.3748093,5.0,B01M4R72FX
umap,10000,1375,3.979138,1.1797829,4.0,B07FTSFGXH
umap,10000,1376,3.3699965,1.1902595,5.0,B01MTF91W6
umap,10000,1377,3.3933368,1.3601552,5.0,B074N2QSZT
umap,10000,1378,2.7392204,1.6307003,5.0,B00YOP4DSW
umap,10000,1379,7.269822,4.025481,5.0,B01KIOU214
umap,10000,1380,2.33996,2.541833,5.0,B0B11P89KH
umap,10000,1381,4.9427786,1.9404708,4.0,B004HBK4T0
umap,10000,1382,10.242908,-16.560623,4.0,B0089W5NKI
umap,10000,1383,4.8133583,1.8682463,4.0,B07Q1JVCTS
umap,10000,1384,7.52882,4.1437535,4.0,B004X8AKDM
umap,10000,1385,7.3594313,4.1027102,4.0,B0054L7FVW
umap,10000,1386,4.754863,2.1817737,3.0,B001RJXTNI
umap,10000,1387,4.208286,1.4532726,1.0,B007UZCIBW
umap,10000,1388,3.0516477,0.70086235,2.0,B003VANOFY
umap,10000,1389,7.2162004,3.9802425,5.0,B0108LX660
umap,10000,1390,2.8124979,1.420442,4.0,B08SHVBZ8M
umap,10000,1391,4.3454375,-1.6397877,1.0,B0C7K8RKCG
umap,10000,1392,0.16793783,-4.738753,3.0,B07BW245J3
umap,10000,1393,4.272864,-1.5815587,5.0,B0BTTB89J3
umap,10000,1394,1.7160321,1.4647545,5.0,B09T3921MQ
umap,10000,1395,-0.15486296,-3.5378232,4.0,B092VHZ5LX
umap,10000,1396,-0.13791475,-5.4715767,3.0,B08KDX5H5Z
umap,10000,1397,0.42941836,1.7581899,3.0,B08BH87FPJ
umap,10000,1398,0.049042396,-5.4688115,5.0,B07W6N4HNP
umap,10000,1399,2.0980513,2.2707887,1.0,B082D1RRVF
umap,10000,1400,4.3561983,-1.6561565,1.0,B0881XYVRY
umap,10000,1401,2.4564378,-1.8864015,5.0,B0184S7U7A
umap,10000,1402,4.0239315,0.7980145,5.0,B01MXWN6UF
umap,10000,1403,-2.663365,1.4463491,1.0,B072R4ST2Z
umap,10000,1404,-4.134597,0.80351776,1.0,B07VKQ58ZF
umap,10000,1405,-2.9245596,1.0975028,1.0,B07NGK5564
umap,10000,1406,-0.51543045,2.4711308,1.0,B00MULE6KW
umap,10000,1407,3.084517,1.912496,1.0,B08SGSYLZD
umap,10000,1408,0.21051538,1.4399632,5.0,B0122ZKEYC
umap,10000,1409,4.2481837,-1.5621953,1.0,B07DNGZQDZ
umap,10000,1410,4.2597127,-1.5382296,4.0,B00KB8CHU2
umap,10000,1411,6.1602683,-1.7539147,4.0,B00DPC015E
umap,10000,1412,0.6919185,0.4689129,5.0,B00ZGF40QO
umap,10000,1413,0.5135589,-5.347244,1.0,B00AVLOHJ8
umap,10000,1414,4.332477,3.2793992,5.0,B09ZV66F82
umap,10000,1415,-2.5032277,-1.9681617,5.0,B08WJSHSLC
umap,10000,1416,6.155776,-1.7316458,5.0,B0BV2YBX3Q
umap,10000,1417,-0.32173663,0.38809374,1.0,B0BM3JL7K4
umap,10000,1418,0.28893203,-4.250028,4.0,B002MRMCKU
umap,10000,1419,0.36051932,4.922211,4.0,B0BK5PPJX7
umap,10000,1420,-3.657847,-3.3342447,5.0,B07KTYJ769
umap,10000,1421,1.0315495,0.8720205,3.0,B0971YMVC8
umap,10000,1422,2.345669,4.091767,5.0,B09D2WWSLG
umap,10000,1423,2.7976325,2.069804,3.0,B08YNPQPR8
umap,10000,1424,1.9443225,1.0423669,5.0,B08YFJYD5Z
umap,10000,1425,3.255825,0.6541486,3.0,B086KVFX57
umap,10000,1426,3.9907532,1.946029,5.0,B07RXXNDXD
umap,10000,1427,4.292757,3.7634332,5.0,B01N44JBS4
umap,10000,1428,4.7774553,3.593197,5.0,B00JKQK9JW
umap,10000,1429,2.1710885,2.4810586,5.0,B00H89DJ1S
umap,10000,1430,-0.34488443,4.160449,4.0,B01B9OO1CS
umap,10000,1431,3.2553344,1.6267754,5.0,B003ZDLATE
umap,10000,1432,2.3740602,1.9006013,5.0,B01JZ8Z7C8
umap,10000,1433,3.994954,2.3867366,5.0,B09Y54MQWT
umap,10000,1434,4.9672604,0.969928,5.0,B003UVZG0U
umap,10000,1435,7.47956,3.2127469,5.0,B000067RPU
umap,10000,1436,0.044943765,-4.752533,1.0,B0BRKBTGRS
umap,10000,1437,1.5283973,-1.0369817,4.0,B08T1D4K9Z
umap,10000,1438,0.37757832,4.048896,2.0,B07NL2S9QW
umap,10000,1439,-0.3617792,-4.8140736,4.0,B01LNJPR72
umap,10000,1440,-1.2515229,5.310398,5.0,B07FL447HM
umap,10000,1441,0.4759898,-5.508299,5.0,B07S764D9V
umap,10000,1442,2.4597735,2.2837496,5.0,B07PXB3VR5
umap,10000,1443,0.9590035,2.4889364,3.0,B07PHQ93TV
umap,10000,1444,1.7002817,-0.42424855,5.0,B07DGRR6G2
umap,10000,1445,-1.9995648,-0.75388217,5.0,B07JR4MVGH
umap,10000,1446,-5.020901,0.39432517,5.0,B09Y5N3H8S
umap,10000,1447,-0.9638752,-3.206837,4.0,B09KXR45WK
umap,10000,1448,6.062176,-1.8667179,5.0,B07RQL8GJ6
umap,10000,1449,2.9783971,1.5846869,5.0,B07BFCVJZC
umap,10000,1450,-1.1693858,5.034087,5.0,B08HRLQNY3
umap,10000,1451,0.4621328,-4.899764,5.0,B0BTDWQMNL
umap,10000,1452,3.1145597,-4.960198,4.0,B0BPC2MJ2X
umap,10000,1453,-0.9847704,-3.1512666,5.0,B0BVFV4CWS
umap,10000,1454,-1.2644264,4.990862,5.0,B0BG3G3S9H
umap,10000,1455,-1.2499255,4.8701997,4.0,B0C54G93XF
umap,10000,1456,-0.16712774,-3.6151865,4.0,B09W8WWNBB
umap,10000,1457,-1.3361788,-1.0872809,5.0,B0BG465CZK
umap,10000,1458,1.2601578,-1.0179757,5.0,B0B4R636FH
umap,10000,1459,1.4217546,-1.6496791,5.0,B0B9NR6CHX
umap,10000,1460,1.4269141,-2.0605586,5.0,B0BRPBX6N8
umap,10000,1461,1.5451481,-1.9763,5.0,B0BRPBX6N8
umap,10000,1462,0.011498896,-4.9504933,5.0,B09SFTSMXM
umap,10000,1463,3.1462624,-4.9855514,4.0,B0B38N74WZ
umap,10000,1464,3.1839132,-5.0305057,5.0,B0B5PNM6WN
umap,10000,1465,-0.6655989,-0.5521617,5.0,B08623SZH9
umap,10000,1466,2.547489,-1.4394332,4.0,B09YVBF9Z9
umap,10000,1467,-1.5693737,2.1186981,4.0,B09WTG9JBT
umap,10000,1468,1.5944724,-1.6678642,4.0,B0BWDNJVJY
umap,10000,1469,-2.026891,1.1909645,4.0,B09WWZ4193
umap,10000,1470,-1.1483921,-3.0527806,4.0,B0C74JJ9Z3
umap,10000,1471,0.7962777,2.542278,5.0,B09MKXV23H
umap,10000,1472,-0.8918725,-2.8371863,4.0,B09SPJGPVQ
umap,10000,1473,6.165091,-1.6690944,4.0,B0BBBVW58J
umap,10000,1474,-0.1363604,4.6883006,5.0,B0BDVTCDDC
umap,10000,1475,4.4500313,-0.047685366,4.0,B09VKPQBD1
umap,10000,1476,4.442717,-0.05182999,3.0,B09SF1ZTF6
umap,10000,1477,1.1841675,3.0522683,5.0,B09TN3N4F2
umap,10000,1478,4.453378,-0.07106276,4.0,B09T9CCD6N
umap,10000,1479,-2.7708614,1.4202218,5.0,B0BC8MC7PY
umap,10000,1480,-1.3128791,5.1155047,5.0,B0BXYBTYFV
umap,10000,1481,-1.7331909,2.1733208,5.0,B0B73NLLC1
umap,10000,1482,-0.65257835,-0.5691655,5.0,B09JSJNMNT
umap,10000,1483,0.1776929,0.7182815,5.0,B09PBPXVTP
umap,10000,1484,-1.6965244,2.2393937,5.0,B09NKT74SB
umap,10000,1485,-0.1072304,-4.833145,4.0,B09YXK3QDQ
umap,10000,1486,1.3708891,-1.5516278,5.0,B09KTTN3M7
umap,10000,1487,4.4392767,-0.052966133,4.0,B09LLMFTKZ
umap,10000,1488,-0.43925422,2.394533,4.0,B0BK4XYBVK
umap,10000,1489,-0.028186904,-5.308717,4.0,B0BGZ2SFMH
umap,10000,1490,0.059408277,-5.257508,4.0,B09PC48LDS
umap,10000,1491,2.6885319,-1.5018965,5.0,B09NRFZF1G
umap,10000,1492,1.6939629,-1.8346914,5.0,B0BYYGZHG5
umap,10000,1493,-0.57395804,2.5719736,5.0,B09KC4MVRF
umap,10000,1494,5.997059,-1.5676358,5.0,B09NVBBPRF
umap,10000,1495,-0.44096076,2.6390722,5.0,B0B15CWFS2
umap,10000,1496,1.2749201,-1.0851291,5.0,B09JLYPDRY
umap,10000,1497,4.4723554,-0.02596024,5.0,B09K5XSJ32
umap,10000,1498,-2.8548546,1.2705228,4.0,B0B7B9ZS19
umap,10000,1499,-2.8802428,1.225125,5.0,B0BTYLH7Y2
umap,10000,1500,-1.0518796,-0.5090973,5.0,B09JRV9PP4
umap,10000,1501,3.1367044,-4.983483,3.0,B0B19SL9TF
umap,10000,1502,1.8085243,-2.6493042,4.0,B095PNFDKR
umap,10000,1503,-0.11236263,-5.2482867,5.0,B09HJD942X
umap,10000,1504,0.71078295,1.7457349,5.0,B08SJC9KG5
umap,10000,1505,-1.0935456,-4.813165,4.0,B0931QN643
umap,10000,1506,6.157648,-1.7656903,5.0,B094J6VY97
umap,10000,1507,-0.6624167,0.46041444,5.0,B09HLCMJZQ
umap,10000,1508,0.17893307,-4.636964,5.0,B0BYF74D2Z
umap,10000,1509,-1.1160156,-4.7559867,4.0,B091PYQHZD
umap,10000,1510,-0.603945,4.3567395,4.0,B09647HCRZ
umap,10000,1511,2.37579,-1.2230757,5.0,B093GQ4CB7
umap,10000,1512,1.2493856,-1.0059081,5.0,B092DCJMXF
umap,10000,1513,-0.6055275,4.479832,4.0,B094Q98CNJ
umap,10000,1514,2.4639814,-1.3022904,5.0,B07DNG9XSZ
umap,10000,1515,1.193249,-1.0427123,5.0,B091F2TVMT
umap,10000,1516,-1.1524055,4.945035,5.0,B0B85V929L
umap,10000,1517,3.199604,-5.0534945,4.0,B09BFKS9WQ
umap,10000,1518,3.1758504,-5.020549,4.0,B091YJ34CX
umap,10000,1519,-2.8988962,2.9603932,3.0,B08ZCKJ299
umap,10000,1520,4.4702945,-0.059250753,4.0,B08ZSM5Q7W
umap,10000,1521,1.4595873,-2.21073,5.0,B08QHSM2NH
umap,10000,1522,3.1028717,-4.946091,5.0,B08PK9VS8F
umap,10000,1523,3.1561747,-5.0078583,4.0,B08RS42VC7
umap,10000,1524,3.1043453,-4.95129,5.0,B08PKBTC76
umap,10000,1525,3.1178257,-4.9641995,4.0,B08RDX61MZ
umap,10000,1526,-2.8894615,3.0032175,5.0,B08B3XRQPN
umap,10000,1527,4.3978353,-0.011435596,4.0,B08MYTBRY2
umap,10000,1528,3.1565769,-5.001055,4.0,B08NXC2F9R
umap,10000,1529,3.17645,-5.0216722,4.0,B08ML79GYD
umap,10000,1530,4.4944215,-0.046237342,5.0,B08NX1KL65
umap,10000,1531,3.1862829,-5.033398,4.0,B08JCF4VWG
umap,10000,1532,2.7722924,-1.4867195,4.0,B08L36JTQT
umap,10000,1533,4.4578958,-0.03277987,5.0,B08J3CPG5G
umap,10000,1534,-1.6956612,2.1190035,5.0,B0899WBQ3S
umap,10000,1535,4.480626,-0.03585706,5.0,B08L5HLN61
umap,10000,1536,4.469868,-0.025291385,5.0,B08H5P93R4
umap,10000,1537,-0.72420543,0.3757379,5.0,B09HRKD9F7
umap,10000,1538,0.02568776,-5.368975,3.0,B08DCRJPHP
umap,10000,1539,0.2252868,0.7690919,5.0,B08G5F3X8F
umap,10000,1540,-2.7460525,1.187981,5.0,B07XRV8428
umap,10000,1541,4.398288,-0.037762545,4.0,B08GFY98KX
umap,10000,1542,-2.711933,1.1300226,4.0,B0C5YP4GDQ
umap,10000,1543,1.8238301,-1.0669376,4.0,B089SM95C2
umap,10000,1544,1.6090127,-2.1920562,4.0,B08BK48TW5
umap,10000,1545,-0.6666934,-0.55139196,5.0,B087N4LQPN
umap,10000,1546,-2.0764322,1.8658494,4.0,B0856481P2
umap,10000,1547,0.57284856,1.4875134,4.0,B087CY4XQH
umap,10000,1548,-1.5697352,-1.3604296,4.0,B089DF8FWN
umap,10000,1549,-0.97712094,3.7786558,4.0,B082W1CBDC
umap,10000,1550,-0.12151623,-5.2446685,4.0,B09JZZMQNN
umap,10000,1551,0.450377,-2.7972183,4.0,B07TGD2F8B
umap,10000,1552,4.456353,-0.010212381,4.0,B082SX4MG5
umap,10000,1553,-0.9119026,0.66968215,4.0,B0C3M91B2C
umap,10000,1554,2.7354956,-1.4727536,4.0,B07YXVWHFG
umap,10000,1555,-0.8986606,0.67533016,5.0,B0C8SS7HML
umap,10000,1556,-1.1466674,-1.7190136,4.0,B082TQXKHN
umap,10000,1557,4.4939194,-0.031869434,5.0,B0831N3T39
umap,10000,1558,4.492624,-0.012277166,4.0,B082KQBRKJ
umap,10000,1559,4.477935,-0.018940775,4.0,B082KPTZKX
umap,10000,1560,2.6118815,-1.7077508,4.0,B082PFDSRT
umap,10000,1561,4.4844437,-0.010272598,4.0,B0838FF88L
umap,10000,1562,4.504522,0.0052645267,4.0,B09CGWWR1H
umap,10000,1563,4.4860835,-0.028107112,4.0,B082PP61YH
umap,10000,1564,1.6208558,-2.147192,4.0,B081VZ5ZTZ
umap,10000,1565,2.322864,-1.3844053,5.0,B0B751K1LV
umap,10000,1566,4.448797,-0.0609505,4.0,B0823DQ3YW
umap,10000,1567,0.5962053,2.625982,4.0,B078Y5VWBT
umap,10000,1568,-2.2048385,-0.86080736,4.0,B07XLBF5MP
umap,10000,1569,-0.17683104,0.47258222,5.0,B09JLG3YT7
umap,10000,1570,2.7069533,-1.4329171,4.0,B07YC18BL7
umap,10000,1571,3.4873066,-0.86879164,5.0,B095L8F33R
umap,10000,1572,0.109737255,-4.992577,4.0,B0BNC1QBH6
umap,10000,1573,0.5058332,-4.780648,3.0,B07PSKXM33
umap,10000,1574,2.1170783,-1.3149107,5.0,B07TXGPNN2
umap,10000,1575,-1.2394565,-1.9714856,4.0,B07TWN55VV
umap,10000,1576,0.03352034,-5.1150484,5.0,B07TBHNP4C
umap,10000,1577,-1.5160965,3.6087468,5.0,B07WC81LRS
umap,10000,1578,2.6761105,-1.3530656,5.0,B07QKPCWN5
umap,10000,1579,0.023886325,-4.6295924,2.0,B07QH5MDTS
umap,10000,1580,1.6952276,-0.64720863,5.0,B0BGPJNJBH
umap,10000,1581,-0.4157071,-3.0539327,4.0,B0B23LRBRP
umap,10000,1582,1.5877308,-1.5591166,5.0,B07RXXTZ6R
umap,10000,1583,-0.05473827,-4.6643753,4.0,B0C5PC4J6W
umap,10000,1584,-2.1382883,1.0496793,4.0,B08SM7PP2M
umap,10000,1585,-1.2632546,5.014148,4.0,B07NTVBTSM
umap,10000,1586,-1.0210274,-3.1864629,4.0,B0BJ7QMYBF
umap,10000,1587,-1.4330359,5.188922,4.0,B08J7RH9JH
umap,10000,1588,-5.000629,0.40189928,4.0,B08J79T7CQ
umap,10000,1589,-0.020959835,-4.9387045,4.0,B082R17ZJG
umap,10000,1590,0.24373047,0.75457066,5.0,B088GJHYVN
umap,10000,1591,-2.6216605,1.262485,4.0,B07H9YR3XW
umap,10000,1592,0.28633544,0.5868122,5.0,B07MMYYNHB
umap,10000,1593,-1.8288871,1.0555423,4.0,B07LBQYCHT
umap,10000,1594,1.5845839,-2.0047398,4.0,B08PFVF5L8
umap,10000,1595,-1.0969758,-4.779652,4.0,B097C49PBW
umap,10000,1596,-0.15671645,0.5618514,5.0,B07JHTVHM8
umap,10000,1597,4.177659,-1.5019431,5.0,B07J9NT4H9
umap,10000,1598,-2.677988,1.0100352,4.0,B07HFWGBST
umap,10000,1599,1.5856657,-2.0548165,4.0,B07HLQ32HK
umap,10000,1600,0.22253796,-5.1117887,4.0,B07K8XPS7J
umap,10000,1601,1.635952,-2.1387959,5.0,B07FGKRX43
umap,10000,1602,1.5095147,-2.109754,5.0,B07QDNWC7X
umap,10000,1603,-1.4101679,5.09323,5.0,B07D9JW39N
umap,10000,1604,1.4003447,-2.1478825,5.0,B09YYX736L
umap,10000,1605,2.3130698,-1.1089032,4.0,B095LLDH4H
umap,10000,1606,3.123789,-4.9703445,3.0,B07F2DDC28
umap,10000,1607,0.27711695,0.7727617,4.0,B07CZCFHC6
umap,10000,1608,-0.18417297,-5.4914875,5.0,B07G2G18YH
umap,10000,1609,0.42157456,0.29318944,5.0,B098DSFTQM
umap,10000,1610,-1.3273336,-4.2824664,4.0,B01MFESB51
umap,10000,1611,1.5348955,-2.13192,4.0,B07DC8673V
umap,10000,1612,-2.936132,1.1807777,4.0,B0759MFSWC
umap,10000,1613,-1.2130011,4.965301,4.0,B077CMJVRZ
umap,10000,1614,0.28220755,-5.531625,4.0,B0751W3JZ9
umap,10000,1615,0.28994745,2.1817534,4.0,B076MJW31F
umap,10000,1616,0.44811562,-5.494783,4.0,B00VV6X1UI
umap,10000,1617,-0.26133826,0.59036016,5.0,B08KG14KCT
umap,10000,1618,-0.44794694,2.395487,4.0,B076PMVZMR
umap,10000,1619,0.20981944,2.137302,4.0,B01M716C56
umap,10000,1620,-1.6261624,-0.26073873,5.0,B08N6HGY8P
umap,10000,1621,-0.14387175,-3.7825193,5.0,B09K7JMBYK
umap,10000,1622,-1.3378456,-4.1479816,4.0,B06XFTNSCT
umap,10000,1623,3.0929418,-4.933172,5.0,B016XFCHBA
umap,10000,1624,1.3335915,-1.9708488,5.0,B01I33N124
umap,10000,1625,-2.2292218,1.8717971,5.0,B014TUZ92U
umap,10000,1626,1.4825213,-2.034308,4.0,B01E6L4WW0
umap,10000,1627,1.637615,-2.0735025,2.0,B00Y85YSGK
umap,10000,1628,-1.2297256,-3.9846828,5.0,B06WRMP8KT
umap,10000,1629,-1.1923792,3.3254795,4.0,B017O1BWMW
umap,10000,1630,-5.0662313,0.318504,4.0,B01N3JWG1N
umap,10000,1631,-1.9336118,1.3793423,4.0,B06XJF5NMP
umap,10000,1632,-2.9699285,1.0844646,5.0,B08739SDH3
umap,10000,1633,-1.87678,-2.0483572,4.0,B00IYETYX8
umap,10000,1634,0.32693478,-0.41511717,4.0,B09HJ4LVWP
umap,10000,1635,-3.3185751,-1.5696045,5.0,B09LYWCHJX
umap,10000,1636,0.20806642,-5.3465004,5.0,B01IOECNKS
umap,10000,1637,-1.1134506,1.3187999,5.0,B00IVPU786
umap,10000,1638,-3.3820179,-1.6725901,5.0,B00PVCV682
umap,10000,1639,-1.6397821,3.3649297,5.0,B07BV831R5
umap,10000,1640,0.020876283,0.7128213,5.0,B09Z3BM734
umap,10000,1641,0.41517612,-1.0114946,5.0,B01HAUTGKM
umap,10000,1642,-1.0928184,4.4417872,5.0,B01DJ7LUJK
umap,10000,1643,0.32597739,4.681256,5.0,B01HIPOC30
umap,10000,1644,-1.9764065,-2.999975,5.0,B00EDIC062
umap,10000,1645,-2.9236753,1.1984342,5.0,B01EJ2CQ7O
umap,10000,1646,-2.1147437,-2.396358,5.0,B01F75X68U
umap,10000,1647,-0.81219304,3.928,4.0,B01E7C8TWW
umap,10000,1648,-4.447204,0.43380222,5.0,B00SWL1F2G
umap,10000,1649,-1.7357132,2.2877018,5.0,B01C2ADMNW
umap,10000,1650,-2.6103811,-1.7029393,5.0,B09N5LVWH7
umap,10000,1651,0.31303325,-5.568303,5.0,B017ILTARW
umap,10000,1652,0.3158874,0.9939427,4.0,B011KFQASE
umap,10000,1653,-1.351738,1.8171086,5.0,B015CAP52U
umap,10000,1654,0.25719625,-4.8779316,4.0,B00006JPRN
umap,10000,1655,-1.1614377,4.398646,5.0,B0183F4MR0
umap,10000,1656,-0.07003427,-5.238205,5.0,B0171F4ULQ
umap,10000,1657,-1.2123181,4.5020604,5.0,B0170O61J2
umap,10000,1658,0.2811579,-5.4709325,5.0,B0178I3JOK
umap,10000,1659,-2.0027084,3.8838327,4.0,B00Y4FUVI8
umap,10000,1660,-0.36272076,-3.117872,4.0,B010AX4WG4
umap,10000,1661,-0.32755652,0.0607687,4.0,B014H8SON0
umap,10000,1662,-1.2576975,0.8691712,5.0,B01N0H8WUZ
umap,10000,1663,0.23319806,-5.3204093,4.0,B08JH3PJ2Q
umap,10000,1664,-0.8254082,4.710525,5.0,B07GST8F8L
umap,10000,1665,-0.6048528,4.074083,5.0,B00XHRW9TI
umap,10000,1666,0.31494564,-5.318106,5.0,B08N6HJ3FB
umap,10000,1667,-2.296644,1.4485933,5.0,B006MPRFJQ
umap,10000,1668,-2.5216398,1.3934729,5.0,B00KH3SZTS
umap,10000,1669,1.677836,-1.7443672,5.0,B00IG9LSGM
umap,10000,1670,-3.2945454,2.3154454,5.0,B00KFCESEC
umap,10000,1671,3.5574477,1.5435262,5.0,B00L7SV16G
umap,10000,1672,0.2963792,-5.2400103,5.0,B00CWXJXTC
umap,10000,1673,-1.6230642,3.383388,5.0,B00JFHYY42
umap,10000,1674,-1.9338002,1.1233414,5.0,B005P99KT8
umap,10000,1675,-2.5976439,1.3231927,5.0,B08LZJ8GMH
umap,10000,1676,-1.021601,5.2761188,1.0,B0BYZMDN97
umap,10000,1677,2.4764082,1.0863879,5.0,B08FT8J1RR
umap,10000,1678,1.2788528,1.0513842,5.0,B0C2YWQP1J
umap,10000,1679,-0.9577537,-3.9553857,5.0,B09Z228SQJ
umap,10000,1680,0.5924627,-1.5503339,1.0,B085F4RL5S
umap,10000,1681,0.49107546,-5.1456165,5.0,B00KJLMBQQ
umap,10000,1682,4.472411,-0.010674275,5.0,B07Y1SNHQW
umap,10000,1683,4.355621,3.0620153,3.0,B0B5GZBXCV
umap,10000,1684,4.0111785,1.528134,5.0,B07QF4Q875
umap,10000,1685,3.425415,2.9280343,5.0,B08YXY5XMD
umap,10000,1686,1.6843561,0.7598025,5.0,B075NCMLYL
umap,10000,1687,-2.1483018,1.7176968,5.0,B0BXM4RTZ4
umap,10000,1688,1.7380143,1.7238526,5.0,B073ZNM75V
umap,10000,1689,-5.0630836,0.36206216,1.0,B098PZNSL7
umap,10000,1690,3.0375822,1.5678027,5.0,B0BR3MLGZZ
umap,10000,1691,1.8638235,0.044096958,5.0,B09KH1J658
umap,10000,1692,0.512914,-5.1379304,1.0,B08Q2D3XR1
umap,10000,1693,0.32368279,-5.0460873,5.0,B082LMXMNZ
umap,10000,1694,-3.6422899,-1.662193,5.0,B093QLDGNJ
umap,10000,1695,1.6529577,-1.7404063,3.0,B09KMSH26Q
umap,10000,1696,-2.158393,-1.7411555,5.0,B075JZNHTD
umap,10000,1697,4.7917314,0.8189655,5.0,B01N34WW1E
umap,10000,1698,0.8745683,-1.5915397,5.0,B09CG9LZSR
umap,10000,1699,-1.0673412,1.9712079,1.0,B094BMCMPS
umap,10000,1700,1.1470094,4.169796,3.0,B01H3CN9ZA
umap,10000,1701,1.1856,4.1255455,5.0,B08148XDKN
umap,10000,1702,1.4170015,3.270702,5.0,B07P92XS72
umap,10000,1703,-2.1905208,-0.90471363,5.0,B07YXG4F7R
umap,10000,1704,4.914721,0.9339203,5.0,B003LY0QH4
umap,10000,1705,-0.87829626,0.52265614,5.0,B005OTPVMY
umap,10000,1706,-0.5993347,0.620329,5.0,B07V4JD954
umap,10000,1707,0.41981107,-5.0873113,5.0,B01N7CV2TS
umap,10000,1708,1.0882213,3.541112,5.0,B07FSBRRTP
umap,10000,1709,1.348098,3.316304,5.0,B07LG3CMWX
umap,10000,1710,-1.5436262,-3.1829903,3.0,B075FTYGQK
umap,10000,1711,5.466424,4.5178075,5.0,B082SR59W9
umap,10000,1712,4.0576105,0.9057055,5.0,B07DD69HKJ
umap,10000,1713,0.4992703,-0.45688054,5.0,B09GFP5DMH
umap,10000,1714,-1.0992132,-4.6658115,4.0,B0919NL52L
umap,10000,1715,0.8030607,-2.3280842,5.0,B077V8RVN7
umap,10000,1716,-1.0292308,4.811219,5.0,B08QS8NWL3
umap,10000,1717,0.960116,2.5923727,5.0,B09HTM917T
umap,10000,1718,4.380602,1.5078131,5.0,B08CXRWGW2
umap,10000,1719,0.35318264,4.0668707,5.0,B0BM3XNNWF
umap,10000,1720,3.8042922,0.62155735,5.0,B088WD4DRZ
umap,10000,1721,0.9229171,2.6034153,5.0,B07F4P3JH7
umap,10000,1722,-2.0826614,-2.6343563,4.0,B081TZ8TBM
umap,10000,1723,-0.50178343,-3.5390582,5.0,B07R11T5MC
umap,10000,1724,2.454451,-1.1413544,5.0,B07T58DGSZ
umap,10000,1725,3.4064994,-0.947249,5.0,B07S7QYRSP
umap,10000,1726,-0.05067329,1.4448222,3.0,B07DBXWFVQ
umap,10000,1727,-2.1253076,-2.4746668,5.0,B07WC6TDT8
umap,10000,1728,-2.1065035,-2.6009705,1.0,B07PN74YD7
umap,10000,1729,2.0351138,1.590763,5.0,B07H5RNMP5
umap,10000,1730,0.29586422,-5.061038,5.0,B00G3KZ8YE
umap,10000,1731,-3.6435924,-3.4346862,5.0,B07456BG8N
umap,10000,1732,0.37136513,0.9757707,1.0,B06X6M5HGP
umap,10000,1733,6.046869,-1.8416349,3.0,B0043T7FXE
umap,10000,1734,-1.3275393,-3.603367,5.0,B00C28WXI0
umap,10000,1735,0.30632368,1.1642499,2.0,B00CLZWK64
umap,10000,1736,1.0249566,-2.154458,5.0,B00XIL20DI
umap,10000,1737,3.8502467,-0.06859754,2.0,B0070Z8CEY
umap,10000,1738,-1.5416006,-1.1970787,5.0,B00752RAA4
umap,10000,1739,-3.2693856,-1.2109729,5.0,B005ESVW96
umap,10000,1740,4.056149,2.9093306,5.0,B081S43284
umap,10000,1741,0.3480322,2.0674055,5.0,B09Q3NR84W
umap,10000,1742,3.765325,1.3864294,5.0,B07PGL2N7J
umap,10000,1743,3.7434692,0.7439294,5.0,B07MGTL6L9
umap,10000,1744,3.5994816,2.814735,5.0,B00QE9UCZO
umap,10000,1745,5.3590975,3.1297812,5.0,B0BP28CLNX
umap,10000,1746,-0.9305932,3.820096,3.0,B07H3PZ5LS
umap,10000,1747,-0.27271098,4.4524035,5.0,B09LTTFKYC
umap,10000,1748,0.39548022,-5.4655676,1.0,B081PGLYND
umap,10000,1749,-1.3043526,-1.1517718,5.0,B0B65BNKW1
umap,10000,1750,-0.6474344,-1.2379483,5.0,B0BQ5JWN9Z
umap,10000,1751,-1.6335216,-1.312852,1.0,B0BSDJW7F3
umap,10000,1752,-1.8166684,-1.403642,5.0,B08MQ2HHFN
umap,10000,1753,0.8452133,-2.5263255,2.0,B0C6QKB234
umap,10000,1754,-2.351171,-1.760885,5.0,B0BT98MVYD
umap,10000,1755,-3.2630599,-1.6138085,5.0,B0BZJZKYST
umap,10000,1756,-4.071191,0.9580063,1.0,B084LN55B3
umap,10000,1757,2.5445116,1.4217452,1.0,B0BS2TMK39
umap,10000,1758,1.501008,1.0859383,1.0,B07XZ6D1YH
umap,10000,1759,-1.5538352,-1.1993302,5.0,B08HTPQZRB
umap,10000,1760,4.6979985,2.988586,1.0,B0B2KHS3ZZ
umap,10000,1761,-1.2040974,-4.354779,2.0,B099V8GPR4
umap,10000,1762,1.3267536,3.0957978,5.0,B00N9ZVN90
umap,10000,1763,-1.031514,4.888028,1.0,B01MQHBZS1
umap,10000,1764,3.6152415,-0.17518714,5.0,B000KUS9EE
umap,10000,1765,5.1679025,2.0124056,1.0,B0BBCW8P9M
umap,10000,1766,2.2485616,-1.5350775,2.0,B0B7MR7WS7
umap,10000,1767,2.8977017,1.879696,2.0,B07H65KP63
umap,10000,1768,4.2471075,-1.459356,5.0,B01AY37QWC
umap,10000,1769,-0.35732412,-1.997371,5.0,B0BZ3LHSDW
umap,10000,1770,-1.0125734,-2.7201917,2.0,B07ZG6W84H
umap,10000,1771,-1.0736022,2.0325882,5.0,B09X2J3LGX
umap,10000,1772,-1.9975665,-0.9942941,5.0,B07L2T2W6L
umap,10000,1773,-0.6083828,2.571031,5.0,B08HJ6D2Y3
umap,10000,1774,1.1682494,4.1005015,5.0,B09XLGGLTQ
umap,10000,1775,1.1633466,4.135609,4.0,B07GSP157Z
umap,10000,1776,0.21763751,0.78221834,4.0,B07CY79CKZ
umap,10000,1777,1.4311374,-0.1445432,5.0,B0742FQ3Q3
umap,10000,1778,-0.44062167,2.5944784,2.0,B07L5L22ZL
umap,10000,1779,1.0808387,1.321967,5.0,B07GGVNF14
umap,10000,1780,1.3513172,3.1908128,5.0,B01BFIBRIE
umap,10000,1781,1.3002362,3.1939814,5.0,B007OZNUCE
umap,10000,1782,1.3373421,4.1641746,5.0,B007T356BO
umap,10000,1783,4.887967,0.9615815,5.0,B0C1J4XGB1
umap,10000,1784,1.1950197,1.1332792,5.0,B08F4RGHLY
umap,10000,1785,-0.28475192,4.033865,5.0,B094JBZGF4
umap,10000,1786,0.6128652,-0.5249737,5.0,B000GDGWWG
umap,10000,1787,-3.8180547,1.3722844,5.0,B0796VRYV3
umap,10000,1788,2.9388554,2.27029,3.0,B0BLVJWGCC
umap,10000,1789,2.5246956,2.9079065,5.0,B001DAT0XE
umap,10000,1790,-4.0681996,0.901616,1.0,B084LS3RQJ
umap,10000,1791,2.0830529,2.3717217,5.0,B0742J69SQ
umap,10000,1792,4.01729,1.8511237,5.0,B0B2JWCMCY
umap,10000,1793,4.968351,0.8789997,5.0,B07T451KJM
umap,10000,1794,4.242675,1.5607836,5.0,B00R124LAK
umap,10000,1795,0.13757746,4.3650665,1.0,B016B12PUE
umap,10000,1796,0.27017483,3.8086202,3.0,B07864XM91
umap,10000,1797,1.7897958,-1.1398071,5.0,B07C4ZNM7Q
umap,10000,1798,2.5365603,3.9844947,5.0,B06XNZJTGD
umap,10000,1799,-0.34720936,3.2408402,5.0,B081NM793Z
umap,10000,1800,4.4475226,1.9231135,5.0,B09V6JXVX1
umap,10000,1801,1.9177486,3.6017814,5.0,B07V5DDC7R
umap,10000,1802,0.36047602,4.834893,4.0,B092JBV61J
umap,10000,1803,1.4788647,1.3952954,5.0,B01772N80C
umap,10000,1804,-1.2100357,5.213216,5.0,B094QJBPB1
umap,10000,1805,2.1316137,2.2111864,1.0,B010B2BGX6
umap,10000,1806,0.3559636,4.0326204,4.0,B07D8JK4HM
umap,10000,1807,0.3606779,3.8819375,5.0,B07WNJQFP9
umap,10000,1808,3.9809372,1.6177834,5.0,B013EKI2DY
umap,10000,1809,-1.2139473,-4.1959486,4.0,B00IIEICNC
umap,10000,1810,3.6996558,1.1654621,1.0,B0099WSJHQ
umap,10000,1811,0.61275655,-0.7138596,1.0,B007PFZNHS
umap,10000,1812,0.09598824,4.2527485,3.0,B009Z3SXTS
umap,10000,1813,-0.6030057,3.7375872,5.0,B00G3J8EZ0
umap,10000,1814,1.1308326,-0.67296106,5.0,B004SBBD8U
umap,10000,1815,1.1614585,4.0491133,5.0,B007T356BO
umap,10000,1816,5.1405883,3.5696986,1.0,B0878WQ4WM
umap,10000,1817,-1.1000565,5.037057,5.0,B08L1WHFWJ
umap,10000,1818,0.15288967,-0.85805297,5.0,B0C8HDXFXN
umap,10000,1819,2.825065,1.5891187,5.0,B0C98XDNLY
umap,10000,1820,-3.126047,-1.3091747,5.0,B0CCDMQZM7
umap,10000,1821,0.5186343,0.8531719,5.0,B07P841621
umap,10000,1822,4.2079525,-1.5497761,5.0,B09DCPPYNR
umap,10000,1823,2.366453,2.7853878,5.0,B07PTVBKHM
umap,10000,1824,-0.882581,-3.1355052,4.0,B07D36JJZT
umap,10000,1825,5.08098,3.92155,5.0,B07P5LBBMN
umap,10000,1826,2.7351272,1.1417398,4.0,B08TX9GNB3
umap,10000,1827,4.7439833,3.263737,5.0,B01GDIUA8Y
umap,10000,1828,1.439816,1.0793829,5.0,B00SGBJOWA
umap,10000,1829,4.702558,3.2828412,5.0,B01D0J787A
umap,10000,1830,3.4421623,2.7732956,5.0,B09JLMDSLC
umap,10000,1831,1.752942,-0.6337689,5.0,B089F9YDFC
umap,10000,1832,1.8108602,-0.6954373,5.0,B0C3KV52B7
umap,10000,1833,1.9908496,1.4953619,3.0,B09P2C15L1
umap,10000,1834,-3.3481894,-1.2881548,3.0,B0B55KLJBY
umap,10000,1835,-0.5522655,2.5975592,5.0,B081TK1W3Z
umap,10000,1836,-0.14047219,-0.6478719,5.0,B0B8W72ZG6
umap,10000,1837,-5.0250063,0.38303444,5.0,B07M87KRKR
umap,10000,1838,-3.9485655,0.94760096,5.0,B015PZLB6G
umap,10000,1839,6.8890953,3.1616356,5.0,B072118L7D
umap,10000,1840,2.3920693,1.6076678,5.0,B07TCSG6CH
umap,10000,1841,1.7918177,1.6826922,5.0,B07LBQWTRY
umap,10000,1842,2.768157,2.3245766,5.0,B07RW8W2WW
umap,10000,1843,-5.032923,0.37623206,2.0,B00NWXM5U0
umap,10000,1844,4.4045987,3.135853,5.0,B0CJ2FDZD9
umap,10000,1845,0.4070509,4.964248,5.0,B07Q2TVNP3
umap,10000,1846,0.7426088,1.8997853,5.0,B0B7RW47VZ
umap,10000,1847,6.2169547,-1.6541213,5.0,B07WH4GTY9
umap,10000,1848,-1.61697,-3.304773,5.0,B0BGDLLL4W
umap,10000,1849,6.135897,-1.6376538,5.0,B0B8J17B9L
umap,10000,1850,2.8933134,2.013945,5.0,B00PGE653G
umap,10000,1851,6.9153385,3.1680458,4.0,B00X0G30MQ
umap,10000,1852,4.7293463,3.2837474,5.0,B0029U2YSA
umap,10000,1853,1.3956805,0.98980844,5.0,B01CF3L4YA
umap,10000,1854,-0.83663887,-0.6478068,5.0,B0961LFNFG
umap,10000,1855,-0.873291,-4.2998304,4.0,B07467F8QW
umap,10000,1856,2.202814,2.1822672,5.0,B07KCT9LB5
umap,10000,1857,3.8833055,1.3688949,2.0,B0B9GHF8QM
umap,10000,1858,3.4606385,1.1496624,5.0,B07TWNFDS8
umap,10000,1859,-0.8569471,4.8284483,5.0,B007UJ4U6O
umap,10000,1860,-0.24653067,-4.8861923,3.0,B0B37TT7JB
umap,10000,1861,-2.3667724,-1.5922688,5.0,B075XN1NZC
umap,10000,1862,1.1315697,-2.2066963,5.0,B01C43ZHVC
umap,10000,1863,0.4657882,-5.5228324,5.0,B08XNCHTCY
umap,10000,1864,3.969671,2.4812317,5.0,B08SKV4XKR
umap,10000,1865,4.938313,0.86302996,5.0,B00A8OWC1S
umap,10000,1866,-0.851992,4.759831,5.0,B08BL1YDSZ
umap,10000,1867,2.8515987,-4.9526353,5.0,B0912GH93X
umap,10000,1868,0.47275677,-2.0166044,5.0,B0B4WG6N98
umap,10000,1869,-1.9033655,1.5359405,5.0,B01GW7YJTC
umap,10000,1870,0.06007357,1.5692765,5.0,B008UZQWQ8
umap,10000,1871,2.1397808,-0.54748464,1.0,B00U879XZ8
umap,10000,1872,-0.94984937,-4.580777,5.0,B06XTX41HM
umap,10000,1873,3.4188018,-0.9536902,2.0,B07W42PJBG
umap,10000,1874,4.7291417,3.55739,5.0,B07TQLFRRJ
umap,10000,1875,4.3820972,3.5986454,5.0,B0BHZ1GDVT
umap,10000,1876,-1.3017629,-0.14156036,5.0,B0BFF9G61F
umap,10000,1877,0.8004044,2.1443882,3.0,B0BR8MK1DY
umap,10000,1878,5.0316777,1.6548373,5.0,B09BYYK39G
umap,10000,1879,3.209667,0.9497519,1.0,B0BJV9Z6T1
umap,10000,1880,7.91795,3.2502186,5.0,B0BY8KX5CW
umap,10000,1881,7.919143,3.255412,5.0,B087JNFL1C
umap,10000,1882,3.7536983,1.8085104,5.0,B08DPP3T9Z
umap,10000,1883,4.0640817,1.4083389,4.0,B07H9YX94V
umap,10000,1884,4.240653,1.725783,5.0,B09T3FX6CL
umap,10000,1885,4.238786,1.5738779,5.0,B09MLGP9SP
umap,10000,1886,4.405559,1.8841265,5.0,B07FTSXDK4
umap,10000,1887,-2.3555193,1.5606905,5.0,B0BS3V1QBY
umap,10000,1888,7.6188335,2.9621775,5.0,B09DXXSS9Z
umap,10000,1889,0.5170846,-5.1426554,1.0,B0BN248QTJ
umap,10000,1890,2.29827,2.5577362,5.0,B096982VDG
umap,10000,1891,3.7619076,1.6494033,5.0,B0BL78N7W9
umap,10000,1892,7.911694,3.2536998,5.0,B0974XHKV5
umap,10000,1893,-1.3457816,5.3461437,5.0,B074D9L6SJ
umap,10000,1894,1.40479,0.94454664,5.0,B0BV3NWX67
umap,10000,1895,-0.13737771,-0.08650786,3.0,B0823Z9MZ3
umap,10000,1896,6.6682234,1.2138616,5.0,B005IR2J2M
umap,10000,1897,7.1102114,2.635378,5.0,B09869JTSG
umap,10000,1898,4.62702,1.6545883,5.0,B0B5GRZ3FW
umap,10000,1899,5.276723,4.218929,5.0,B0BNPL25Z9
umap,10000,1900,5.05178,4.417993,5.0,B09LTX3SQX
umap,10000,1901,0.27237663,-4.8662224,1.0,B07G7GY4PZ
umap,10000,1902,-0.84880894,-4.177148,5.0,B07P9QZPGR
umap,10000,1903,2.4182622,2.7913969,1.0,B09PBSXZ3T
umap,10000,1904,-0.6359013,-0.6178258,5.0,B01JGBIFGO
umap,10000,1905,6.177462,-1.6740793,5.0,B07CLBNM1C
umap,10000,1906,-0.91499066,-3.8789499,3.0,B00CO07FIO
umap,10000,1907,-4.929957,0.44270447,5.0,B0B1VWCFXZ
umap,10000,1908,1.8542233,-0.8222634,5.0,B0BVY4JVNG
umap,10000,1909,7.572455,4.3643036,5.0,B0B27MJXLK
umap,10000,1910,-1.5837606,-3.4102755,5.0,B00H1SVSAU
umap,10000,1911,1.7129432,1.0200852,5.0,B0C7HW72LR
umap,10000,1912,3.6647248,1.9483972,1.0,B07RGD3JNQ
umap,10000,1913,1.0078905,-2.2401123,1.0,B07HMRT5RB
umap,10000,1914,1.5073944,0.9329738,5.0,B08XB712XZ
umap,10000,1915,-3.3418648,2.1984134,5.0,B08LCWGSZM
umap,10000,1916,-0.29862496,4.736343,1.0,B0CF6479D8
umap,10000,1917,-0.5852485,0.3579191,5.0,B09NR7BPJZ
umap,10000,1918,-1.6287009,4.660522,5.0,B08TBPJSKS
umap,10000,1919,-2.1035545,-0.9921142,1.0,B08M85C13W
umap,10000,1920,2.3717537,4.0819316,5.0,B00TKU6762
umap,10000,1921,3.505095,2.8068352,5.0,1426320965
umap,10000,1922,1.8011303,-0.05651359,5.0,B07NVG9L16
umap,10000,1923,3.4555314,1.1955339,5.0,B07J6GKJYB
umap,10000,1924,-3.3237069,2.2350838,5.0,B08TW9RNRJ
umap,10000,1925,-3.3291252,2.2306437,5.0,B071KKMXP8
umap,10000,1926,-3.3365998,2.2172976,5.0,B01HBARDWO
umap,10000,1927,1.8444467,4.094554,5.0,B07HMLRWXH
umap,10000,1928,-0.11993494,4.554631,5.0,B075JDJM5W
umap,10000,1929,-1.6348709,-2.6681223,5.0,B07SJ8L4M3
umap,10000,1930,2.400693,-1.5178612,2.0,B07D22Z8GQ
umap,10000,1931,1.7803261,-0.7047888,5.0,B078Z9LP9Z
umap,10000,1932,8.669817,5.645114,5.0,B00GHUHMUS
umap,10000,1933,-0.45798263,4.162038,5.0,B004ZKXXAK
umap,10000,1934,0.16987628,4.3590827,2.0,B00N28AUK2
umap,10000,1935,-1.1920729,3.4913423,5.0,B0BMWBNRQQ
umap,10000,1936,2.5636482,-1.2388499,5.0,B092DD5L2V
umap,10000,1937,-1.1209404,-4.4622474,5.0,B00GUTY132
umap,10000,1938,-0.64301085,-4.065254,5.0,B0067Y5B7A
umap,10000,1939,-0.50765526,2.5273633,5.0,B00EYWU8HK
umap,10000,1940,-3.1314135,2.1774032,5.0,B00A81SXHI
umap,10000,1941,2.3316517,2.573986,5.0,B07SHFPD8S
umap,10000,1942,-1.8172135,4.235135,5.0,B07RW4VG9Q
umap,10000,1943,2.0412917,-1.9481902,5.0,B093FMQJ73
umap,10000,1944,2.7380712,-1.4279094,5.0,B0BB6TYK7V
umap,10000,1945,2.0169518,-2.0231318,2.0,B07QMBY7JF
umap,10000,1946,-1.9888936,-3.1081772,5.0,B072KLXG5M
umap,10000,1947,2.3220737,-2.0091434,2.0,B07GVB87YG
umap,10000,1948,-0.493979,3.7045548,5.0,B076CKXBB1
umap,10000,1949,0.9047649,2.638856,5.0,B07BSFXVCH
umap,10000,1950,0.77377146,2.8523448,5.0,B076BL6Z79
umap,10000,1951,-0.6627527,-3.9125128,5.0,B0BW4PFM58
umap,10000,1952,0.5251384,-5.751563,5.0,B005IKCLPO
umap,10000,1953,3.0930984,3.4635587,4.0,B071K5BQPF
umap,10000,1954,0.3357553,4.8244395,5.0,B07BT6TH6X
umap,10000,1955,4.798706,3.5835412,5.0,B07SJ8X19K
umap,10000,1956,3.1458373,0.83465743,5.0,B0C8RP1481
umap,10000,1957,-2.4379575,1.4977951,5.0,B08KZSGZCH
umap,10000,1958,2.4144933,3.3529186,5.0,B0BNWPM92Y
umap,10000,1959,3.5275528,0.91764784,5.0,B08FJBFG7V
umap,10000,1960,-1.3942475,1.7263064,5.0,B07837W5NX
umap,10000,1961,-1.202389,0.63468146,5.0,B07NLWT9Z7
umap,10000,1962,2.3287785,1.7887411,5.0,B0BSRMK724
umap,10000,1963,2.411112,-2.0050733,5.0,B017LSIXDE
umap,10000,1964,1.6948944,1.3761543,5.0,B07DRGR6LX
umap,10000,1965,3.4519956,-0.87933683,5.0,B0797RKSF7
umap,10000,1966,1.8254815,-1.0246985,5.0,B07BFWHD7G
umap,10000,1967,-2.0250382,1.6246642,4.0,B0824RG1SN
umap,10000,1968,1.3056521,-2.0750127,1.0,B0BGS23YKX
umap,10000,1969,1.581716,-1.6404442,1.0,B08C4Y26FP
umap,10000,1970,3.6840734,0.57949704,4.0,B00DGRUY3M
umap,10000,1971,-0.8523084,-2.4725976,2.0,B000KMZKTO
umap,10000,1972,-0.27593574,-4.9631457,4.0,B07S764D9V
umap,10000,1973,-0.8328771,-2.5059652,5.0,B002UKSZUU
umap,10000,1974,-0.2818614,0.40158778,5.0,B01M7VOJFW
umap,10000,1975,4.4255667,-0.045981802,5.0,B01MTY7MSK
umap,10000,1976,1.4223151,3.2065368,1.0,B00BHJS3C0
umap,10000,1977,-0.86030734,-3.1267054,5.0,B000AJR482
umap,10000,1978,0.4665268,-5.0525894,1.0,B00FWGU1CY
umap,10000,1979,-1.3864547,-4.3191566,5.0,B075S2Y5C3
umap,10000,1980,2.62743,0.48961976,1.0,B07GTJSHZ3
umap,10000,1981,0.39970356,4.5027742,5.0,B078C6N6CR
umap,10000,1982,2.5952568,0.9489868,5.0,B07GKT53H5
umap,10000,1983,6.6251483,1.2271771,5.0,B0BVCMW9DS
umap,10000,1984,0.77615774,-5.390965,5.0,B06XG2ZY5M
umap,10000,1985,-2.0121622,-2.2898698,4.0,B00HSMK59E
umap,10000,1986,0.5813368,4.270906,5.0,B0816152WW
umap,10000,1987,-2.3666074,-1.5835336,5.0,B075JZNHTD
umap,10000,1988,2.799413,1.0950546,3.0,B01MZI5VRW
umap,10000,1989,7.546499,4.334603,5.0,B018SZT3BK
umap,10000,1990,3.3742995,0.20453236,5.0,B01G61RGNA
umap,10000,1991,0.78305864,-4.9376836,5.0,B006T9ZKAQ
umap,10000,1992,2.9663653,1.8774432,4.0,B0048FU2GU
umap,10000,1993,3.8253846,0.6734565,5.0,B008BBNOJE
umap,10000,1994,1.6143104,1.5012991,4.0,B007TPS9PC
umap,10000,1995,-2.9540606,0.8555811,5.0,B008PQ1QOA
umap,10000,1996,2.5171256,2.6007226,5.0,B007OZNZG0
umap,10000,1997,3.508896,1.2048119,3.0,B005DOK8NW
umap,10000,1998,-1.5826949,-1.7926842,1.0,B07Y9XK7MW
umap,10000,1999,3.0450008,0.85614556,3.0,B091Y9L722
umap,10000,2000,0.05199636,0.7055576,5.0,B0BLBPR39X
umap,10000,2001,1.0955261,4.3984685,5.0,B0C5N822K2
umap,10000,2002,0.663065,3.5900714,5.0,B00BN1Q5JA
umap,10000,2003,-0.015368944,-0.04533907,1.0,B00099YIP0
umap,10000,2004,1.5764418,3.85229,5.0,B07JGWQ34C
umap,10000,2005,-2.4366035,1.2448285,5.0,B0BV3FZ8KY
umap,10000,2006,2.0987725,1.5683995,5.0,B003D8GAA0
umap,10000,2007,4.224616,1.6744764,5.0,B005FNKMGE
umap,10000,2008,2.4097228,0.7716137,1.0,B08Y57JG1K
umap,10000,2009,-1.8620962,-3.1159472,5.0,B09FDMGNQR
umap,10000,2010,5.116197,3.5761948,3.0,B08723V9DD
umap,10000,2011,3.745483,1.7964823,1.0,B0053UJXQ4
umap,10000,2012,3.3125868,1.763903,5.0,B08ZRVYSGX
umap,10000,2013,4.351445,-1.5566134,5.0,B07WHTQW4X
umap,10000,2014,7.3088956,4.0639343,5.0,B09TF5TPL5
umap,10000,2015,1.7672546,0.671095,1.0,B0BWFBFTGG
umap,10000,2016,3.9168942,1.356163,2.0,B09S6Y5BRG
umap,10000,2017,0.8797222,-4.9374743,5.0,B07VHBC8VP
umap,10000,2018,2.9774005,1.9000587,5.0,B08N5TC2Z3
umap,10000,2019,-0.55186725,2.5850956,5.0,B09KNJ518H
umap,10000,2020,0.59045273,-5.5523567,5.0,B08J83TR22
umap,10000,2021,1.8419462,-1.1744998,1.0,B01F9RGWF0
umap,10000,2022,-1.5704597,-1.4212104,5.0,B01054S5FM
umap,10000,2023,2.9560442,1.9644412,5.0,B00HRUC1OO
umap,10000,2024,-1.1129644,1.9506893,4.0,B07VCJFPCK
umap,10000,2025,-3.6608083,-3.3230777,5.0,B07H65KP63
umap,10000,2026,-3.3021078,-1.5714172,5.0,B00416Q5KI
umap,10000,2027,-1.3073795,4.9668202,4.0,B079BBK5B7
umap,10000,2028,1.1199374,-0.9891593,5.0,B00DX6B278
umap,10000,2029,3.0639408,3.2025945,2.0,B07V31SK5X
umap,10000,2030,-0.8649289,2.0320837,5.0,B07VTK654B
umap,10000,2031,1.4196035,0.94197315,5.0,B094VH58NQ
umap,10000,2032,-2.1315367,-2.4627445,5.0,B09P7TJCZW
umap,10000,2033,-1.6686543,-2.8089283,3.0,B07V4D6F5F
umap,10000,2034,-1.127859,-4.2782893,5.0,B00XIWVO4I
umap,10000,2035,-3.3477662,-0.092709295,5.0,B0B696YT88
umap,10000,2036,2.3749595,-1.0634913,5.0,B09QLBKCZ3
umap,10000,2037,1.9186777,-0.9108621,5.0,B0B4ZV9WF9
umap,10000,2038,-1.2566417,5.0661807,5.0,B09FKQLP6J
umap,10000,2039,1.9130263,-1.5934223,4.0,B0BNQ8ZL47
umap,10000,2040,2.406769,-1.2257084,5.0,B0C3TLTQGR
umap,10000,2041,1.8301234,-1.7259774,5.0,B0BTN6S6Q1
umap,10000,2042,0.40172502,-0.67827916,5.0,B0C1B9TW7G
umap,10000,2043,0.39303076,-0.81886435,4.0,B0B9NR6CHX
umap,10000,2044,-1.0422474,4.834436,5.0,B0BRQK5LVF
umap,10000,2045,1.6711011,-1.0852586,5.0,B0BBQRB6SQ
umap,10000,2046,1.7205575,-1.1706547,5.0,B0BN41CPQN
umap,10000,2047,1.8123434,-1.172283,5.0,B0BN41CPQN
umap,10000,2048,3.7398603,1.026083,5.0,B0BFDZXDS6
umap,10000,2049,1.1184005,1.5386465,5.0,B095MTK53S
umap,10000,2050,2.5514996,-1.2074499,5.0,B0B9XVXB6P
umap,10000,2051,6.2573223,-1.5146947,5.0,B09P4KT1KG
umap,10000,2052,2.0096056,-1.647512,5.0,B0B79XLJT3
umap,10000,2053,1.5093106,-2.0883162,5.0,B0BHXQLLXB
umap,10000,2054,1.086698,-2.3233976,5.0,B0BHXQLLXB
umap,10000,2055,3.2948453,1.6246159,5.0,B0B2VP252D
umap,10000,2056,2.9146996,-1.3654883,5.0,B0B5TH2Q4X
umap,10000,2057,-0.99369854,-3.689652,5.0,B0C1NRVQ4S
umap,10000,2058,0.5495707,-0.7420739,5.0,B0BHZ1GDVT
umap,10000,2059,1.6879026,-1.2928889,5.0,B0BHXQLLXB
umap,10000,2060,-2.6625211,2.0030208,5.0,B09MF9F8VX
umap,10000,2061,0.42571965,-1.4714155,5.0,B0CFQT6GW6
umap,10000,2062,1.1390944,4.0915666,5.0,B0B7HXB21R
umap,10000,2063,2.8063138,-1.4616972,4.0,B0BV6RLX21
umap,10000,2064,-0.6725147,-4.090796,4.0,B00BYVYBPE
umap,10000,2065,0.6096246,-5.236003,2.0,B00T8H16UE
umap,10000,2066,-0.48689747,-4.567575,2.0,B004DU9T3C
umap,10000,2067,0.89429694,0.83859456,5.0,B096N8LQPY
umap,10000,2068,-0.9236298,3.6552687,1.0,B095Z3KQ13
umap,10000,2069,-2.856612,3.020461,5.0,B071Z2WHPR
umap,10000,2070,2.5482569,-1.7066131,5.0,B0B751K1LV
umap,10000,2071,0.73471105,-2.6231956,5.0,B08K4C9MX2
umap,10000,2072,-0.79079735,-4.9274387,5.0,B09KY26HWG
umap,10000,2073,-0.91133994,-4.8933425,4.0,B09F3D2SP1
umap,10000,2074,-0.9461055,-4.875592,5.0,B093F4J7ZM
umap,10000,2075,-1.4319586,3.3454425,5.0,B09X9V54SK
umap,10000,2076,-0.8529861,-2.5280352,5.0,B000M9H03E
umap,10000,2077,5.2732406,4.1763396,5.0,B079NW5W5Q
umap,10000,2078,1.0300322,-2.292749,5.0,B0BVH1QB5C
umap,10000,2079,0.32859543,-3.0466049,5.0,B07Q6Q44J2
umap,10000,2080,1.0585325,-2.8452628,5.0,B0C2HWSXNL
umap,10000,2081,5.1496215,3.5579548,2.0,B0BS6RY81M
umap,10000,2082,5.1087513,4.4398274,5.0,B0BKLWZ4LD
umap,10000,2083,3.738109,0.5880948,5.0,B01L8G5Q5S
umap,10000,2084,0.9030233,-2.3833778,5.0,B01HAVTUPM
umap,10000,2085,3.2183084,0.75943536,5.0,B07S6X6RLG
umap,10000,2086,0.3840707,-2.3314579,5.0,B01N249DAV
umap,10000,2087,0.02192475,-3.1922803,5.0,B00M10X9J6
umap,10000,2088,0.71890205,-2.5587006,5.0,B01611VL68
umap,10000,2089,-0.5042468,-3.2763088,2.0,B007BTULVG
umap,10000,2090,4.040881,0.9045853,1.0,B087Q2FP2X
umap,10000,2091,0.6538266,-2.6527889,5.0,B00OUUXC7O
umap,10000,2092,-1.3520374,-4.531499,5.0,B0042F3K9W
umap,10000,2093,-1.9857833,-2.3401842,1.0,B016HPOSXQ
umap,10000,2094,0.86966056,-1.9892912,5.0,B082KPKM3L
umap,10000,2095,-1.9856617,-2.47189,5.0,B077HQ5W4T
umap,10000,2096,-3.627849,-3.2779124,4.0,B07KTYJ769
umap,10000,2097,-1.6786925,3.3149908,5.0,B0B3BGW87S
umap,10000,2098,-1.9346796,-3.0220642,5.0,B0BML2MF98
umap,10000,2099,-1.9115726,3.1521983,4.0,B07TXHPB39
umap,10000,2100,-1.5065084,-2.9128773,5.0,B01GC6LR84
umap,10000,2101,0.34322,-2.045185,4.0,B0B3D5VN6V
umap,10000,2102,-1.9842062,-2.773204,1.0,B0BFM4362X
umap,10000,2103,-1.945423,-3.0147052,5.0,B00PTJ43FU
umap,10000,2104,-2.7371955,2.790638,2.0,B00MG1VGMW
umap,10000,2105,-1.3858876,2.2268443,3.0,B01J9F19I8
umap,10000,2106,-3.5739057,-3.4036725,5.0,B01K8B8YA8
umap,10000,2107,-2.752372,2.779391,1.0,B0000XMVI6
umap,10000,2108,-1.9088869,-3.1713414,3.0,B008H0QXT2
umap,10000,2109,-2.4173315,2.1536698,2.0,B01KDYC2TO
umap,10000,2110,-1.3125964,-0.9891499,1.0,B004RIL1JK
umap,10000,2111,-2.0478885,-1.7244676,3.0,B01BRWH8G8
umap,10000,2112,-2.6422708,-2.070914,4.0,B075X8471B
umap,10000,2113,1.5603427,-2.1599357,5.0,B09MK5D6JH
umap,10000,2114,-1.2139273,0.9316078,2.0,B00IVPU786
umap,10000,2115,-1.3799706,-4.2280445,4.0,B0935ZDCYD
umap,10000,2116,6.1338267,-1.730588,2.0,B00ABZPX06
umap,10000,2117,-0.4540891,2.4580479,3.0,B0BXYXD1Q2
umap,10000,2118,-0.5461464,2.5635436,1.0,B011KPIZ9G
umap,10000,2119,-0.48520952,2.4065132,5.0,B00VRC6D3S
umap,10000,2120,-2.7678359,2.8178754,4.0,B006FD5RQ8
umap,10000,2121,-1.6113124,-0.29366493,5.0,B00ADJ4YQE
umap,10000,2122,-1.1038672,1.0399123,1.0,B004JISIE4
umap,10000,2123,-1.8108711,-2.4039562,1.0,B0002MQGR2
umap,10000,2124,-3.4393222,-1.5242639,5.0,B000LIFB7S
umap,10000,2125,2.5622256,-1.4577032,5.0,B082FJXVW6
umap,10000,2126,1.9156778,-2.0726457,5.0,B07KJZPPLR
umap,10000,2127,1.6577138,4.1567,5.0,B08Q3QPZ5X
umap,10000,2128,-0.14915204,-5.11567,4.0,B09MGJD7Y8
umap,10000,2129,3.1355398,1.9957426,5.0,B09XYMSZLL
umap,10000,2130,-0.29884338,-5.0740056,5.0,B07N1KNGJ8
umap,10000,2131,0.057909444,3.7255917,5.0,B07Y85CY2J
umap,10000,2132,-1.7322524,-3.204202,5.0,B09SVJGMN1
umap,10000,2133,-1.9121612,-3.1650743,5.0,B0088YPRUI
umap,10000,2134,-0.043050945,4.2121887,5.0,B0145VHFA2
umap,10000,2135,2.3597527,-1.9466838,1.0,B015TN5FVQ
umap,10000,2136,-0.32368028,-4.8864145,5.0,B017OKABWK
umap,10000,2137,1.3296438,0.9034054,5.0,B08DLSLCF3
umap,10000,2138,-0.8413947,-3.094547,5.0,B0057YDNQ2
umap,10000,2139,-2.8937557,3.0013907,5.0,B0BQ3VKQG9
umap,10000,2140,0.7177372,-5.1158776,5.0,B00CXP4AS8
umap,10000,2141,-1.6908032,-3.1807935,5.0,B000066R6M
umap,10000,2142,0.3793943,4.806352,5.0,B00H1ZHD0W
umap,10000,2143,0.22267221,3.9984512,4.0,B005LIDN00
umap,10000,2144,0.51055294,4.1827016,5.0,B01ITOFEX6
umap,10000,2145,1.4287955,-2.116756,3.0,B01HRVABD0
umap,10000,2146,0.12467301,4.1772556,5.0,B08NJ8VWQ3
umap,10000,2147,0.39477316,4.847347,5.0,B08RYNJRCY
umap,10000,2148,3.6372542,2.1305583,5.0,B01CU0YQPW
umap,10000,2149,0.36425954,4.887254,5.0,B086X647CC
umap,10000,2150,2.3059158,1.8365355,2.0,B09XT8WXMN
umap,10000,2151,0.9619355,0.6202027,3.0,B07DKDL58Y
umap,10000,2152,2.6022248,3.4567122,3.0,B092D8D5BZ
umap,10000,2153,-1.2877487,-0.26508424,5.0,B075DD9DW4
umap,10000,2154,0.34036416,3.6746907,5.0,B01E6MTP0S
umap,10000,2155,-2.104253,-1.6477958,5.0,B075X8471B
umap,10000,2156,0.41344094,-0.75130904,1.0,B07TB47MN4
umap,10000,2157,0.5746981,-4.7857895,5.0,B0C2Z2HX4L
umap,10000,2158,-0.13698278,3.856222,5.0,B0BZ46CGSP
umap,10000,2159,-1.3751502,-4.1340985,5.0,B0C4Y7T5Z3
umap,10000,2160,-0.5156318,-2.9578001,1.0,B0BG6YCGG7
umap,10000,2161,-1.0056006,0.4259302,4.0,B0BDRRTMR7
umap,10000,2162,1.5360533,-1.8242303,4.0,B0BV2PMLTR
umap,10000,2163,1.6577964,-2.195394,5.0,B0C1SG4FHJ
umap,10000,2164,-1.6886119,-3.8817601,3.0,B0BCFDDGPB
umap,10000,2165,-0.0048325686,1.5007578,5.0,B09N922QG2
umap,10000,2166,0.85381925,-1.8818234,5.0,B0B1S914V5
umap,10000,2167,3.3958893,-0.97673076,5.0,B0B741XVYD
umap,10000,2168,0.40132993,-2.0482404,5.0,B09TR4ZR8S
umap,10000,2169,3.3693032,-0.7155345,4.0,B0C5YHPG2J
umap,10000,2170,-0.020723615,1.5021863,5.0,B09LQWML9P
umap,10000,2171,-0.031664576,-5.230593,5.0,B09VTMLL5Q
umap,10000,2172,0.30248073,1.0303679,5.0,B0BKTBD37R
umap,10000,2173,-0.6286736,0.3070706,5.0,B09SLPPNBC
umap,10000,2174,-0.7102501,-1.416088,5.0,B0C4P6C6NM
umap,10000,2175,-1.2068114,-1.9905444,5.0,B09VS779K4
umap,10000,2176,-0.5538094,3.6874588,5.0,B09Q8MWHT9
umap,10000,2177,-0.77227014,4.4728136,5.0,B0B9L1N68J
umap,10000,2178,-0.9097582,0.49049538,5.0,B0998X1F7G
umap,10000,2179,4.3367467,-1.6573906,4.0,B09W5J7GVX
umap,10000,2180,-0.9286802,0.50076956,5.0,B09NN648FM
umap,10000,2181,0.0035183432,-2.9462645,5.0,B09N232D3J
umap,10000,2182,1.5154947,-2.106028,5.0,B0BPHC35QG
umap,10000,2183,1.8810918,-0.05330858,5.0,B0BPP72J81
umap,10000,2184,-0.3600878,0.37953067,5.0,B09JCD2CN6
umap,10000,2185,0.18360025,-0.71142876,5.0,B0BPSXJ8M3
umap,10000,2186,-0.24841368,-5.0115094,5.0,B0BYJSHNQ6
umap,10000,2187,0.46558136,3.9766657,5.0,B09DCMLWTT
umap,10000,2188,-3.235819,-1.6750957,5.0,B09SN7TZ99
umap,10000,2189,-0.7599799,0.47982955,5.0,B09FJMWMBM
umap,10000,2190,-1.2209817,-4.176839,3.0,B091XN41PN
umap,10000,2191,0.16962214,2.1389487,5.0,B099D2QTGY
umap,10000,2192,0.62858146,-2.2141266,5.0,B0C5N45FB3
umap,10000,2193,-2.9515343,-1.1567756,5.0,B0B4YTVNFL
umap,10000,2194,-2.98342,-1.234496,5.0,B0989J83Z9
umap,10000,2195,0.7171027,-2.2296412,5.0,B093D6F1ZZ
umap,10000,2196,-1.4564517,3.125685,4.0,B09W99JC95
umap,10000,2197,-0.7995049,0.56681883,4.0,B098QLDYC6
umap,10000,2198,1.8302525,-2.1298037,5.0,B0C2YRYZJ7
umap,10000,2199,-0.54458994,0.25144544,5.0,B0963LKFYF
umap,10000,2200,-1.6484756,0.9436378,5.0,B0C5MCSLKZ
umap,10000,2201,0.19110815,1.4584131,5.0,B0C6QYPNYR
umap,10000,2202,4.271091,-1.599187,5.0,B09MVP6Y94
umap,10000,2203,1.9735377,-1.6933898,4.0,B096P33NMR
umap,10000,2204,-1.2678633,5.1690707,5.0,B0BXHPS3XG
umap,10000,2205,-0.7258731,3.6592872,4.0,B082S4VMHG
umap,10000,2206,-0.7292576,0.52414745,5.0,B08Z85SDM3
umap,10000,2207,-0.70391315,0.5140485,5.0,B08ZMYM34Q
umap,10000,2208,-1.6041671,-0.16180031,5.0,B09PHCV2PN
umap,10000,2209,-0.015315384,1.5010107,5.0,B08JV9C6NR
umap,10000,2210,0.15997754,0.857762,5.0,B08XDX7CW8
umap,10000,2211,-1.1184926,5.100643,5.0,B08W43825W
umap,10000,2212,0.11921057,-5.397457,5.0,B0BZQ8FW4F
umap,10000,2213,0.12734684,-1.8702976,5.0,B08MPYBG5C
umap,10000,2214,2.6988332,-1.6129508,4.0,B08SCQTJKB
umap,10000,2215,1.6372333,-2.1951423,5.0,B08SH3HLNL
umap,10000,2216,-0.2252656,-5.5769134,5.0,B08XXRWLLS
umap,10000,2217,1.3636001,3.7743683,5.0,B08HK1QRLB
umap,10000,2218,1.3687114,-1.8419653,5.0,B08P5KZD1C
umap,10000,2219,-0.8085787,0.6019081,4.0,B08XMR6T51
umap,10000,2220,-0.2941711,-1.2438583,5.0,B0898CS5TM
umap,10000,2221,-0.37255308,-1.2296568,5.0,B08FBZ6SS3
umap,10000,2222,-2.8926241,-1.7243043,5.0,B08CV3B9SS
umap,10000,2223,-0.11168368,-1.7890086,5.0,B07FN9PR61
umap,10000,2224,-0.37361297,-1.2455729,5.0,B0BZT5GQGJ
umap,10000,2225,3.5046082,-0.69925207,5.0,B09Y273HR1
umap,10000,2226,-0.17481054,-1.5907173,5.0,B0BZT5GQGJ
umap,10000,2227,-0.39400262,-0.9783568,5.0,B08HK2F8QK
umap,10000,2228,3.4229496,-0.7728674,5.0,B08FRMQNHR
umap,10000,2229,-0.79729766,0.611564,4.0,B0933YVHDN
umap,10000,2230,3.4882498,-0.604389,5.0,B08HCJB6C5
umap,10000,2231,4.101172,0.026443085,5.0,B088FKGCH1
umap,10000,2232,2.7624078,-1.4811755,5.0,B0B8YY8QXG
umap,10000,2233,-1.5739112,0.9125288,5.0,B09H1PLZ7S
umap,10000,2234,1.1105139,-1.4942693,5.0,B08M4256ZR
umap,10000,2235,0.6720648,-1.186418,5.0,B0827X1Z1D
umap,10000,2236,1.3529673,-2.3797543,5.0,B08NC5TMNL
umap,10000,2237,1.3818145,-1.977969,5.0,B088CRTM52
umap,10000,2238,0.0346856,-1.0339456,5.0,B09N7WWZRT
umap,10000,2239,-0.3496465,-1.4951181,5.0,B07FN9PR61
umap,10000,2240,-2.9679325,-1.7370965,5.0,B08QYZ75XJ
umap,10000,2241,0.117484726,-1.3023492,5.0,B08PFZQPFJ
umap,10000,2242,-0.510085,-0.5471932,5.0,B08D6SKVVN
umap,10000,2243,0.034785695,-1.1094819,4.0,B081DZMGFG
umap,10000,2244,-3.42774,-1.5856396,5.0,B09MKVBBWX
umap,10000,2245,-2.924566,-1.6449558,5.0,B08GKCN3BX
umap,10000,2246,1.421921,-2.50287,5.0,B08J42GSW6
umap,10000,2247,0.75889134,-2.2911074,5.0,B08D6G3T5T
umap,10000,2248,-2.9179482,-1.5882672,5.0,B09WTY19L9
umap,10000,2249,0.18587968,3.7532988,3.0,B09LH3NSVJ
umap,10000,2250,1.3463947,2.2141905,5.0,B08GKK5NX8
umap,10000,2251,-0.88926256,5.0205836,5.0,B09LCRR2BG
umap,10000,2252,0.40700555,4.1077642,5.0,B087QSHTM8
umap,10000,2253,1.3730336,-1.9817926,5.0,B08BJ83YHJ
umap,10000,2254,1.7766472,-1.9861895,5.0,B085SGW4KK
umap,10000,2255,-0.7712978,0.61386824,5.0,B013Q6ZRQQ
umap,10000,2256,-1.3272458,4.815484,5.0,B07XKZ2PDG
umap,10000,2257,0.041117176,-5.294605,4.0,B08BYF5V86
umap,10000,2258,0.20488247,2.6232126,5.0,B08CK95N8C
umap,10000,2259,-0.37068644,4.7122407,5.0,B088WH1Y25
umap,10000,2260,0.008850628,-0.83232045,5.0,B0834PQKXK
umap,10000,2261,6.1375275,-1.7062436,5.0,B09Y1PSVTB
umap,10000,2262,0.30185565,-2.9451933,5.0,B08GFZXG55
umap,10000,2263,0.30823234,-3.1600325,5.0,B07W87RMTG
umap,10000,2264,-0.09174396,-1.20207,5.0,B089YF6T86
umap,10000,2265,0.14787687,-1.0584563,5.0,B086VFXX78
umap,10000,2266,1.058127,-1.8224806,5.0,B094NRML1L
umap,10000,2267,-0.47153682,2.2304397,5.0,B089F191ZP
umap,10000,2268,-1.114397,1.991321,4.0,B089VYXB9K
umap,10000,2269,-0.8685198,0.61356556,5.0,B0C1Z4MNJT
umap,10000,2270,3.1083004,-1.033325,5.0,B08CVCS7Y7
umap,10000,2271,-1.5027071,3.2279632,5.0,B087B2DLCR
umap,10000,2272,-0.42740917,0.6800096,5.0,B08BFT7VNS
umap,10000,2273,-1.6948571,1.0002078,5.0,B08B5DC4HM
umap,10000,2274,1.8693148,-1.9307845,5.0,B081CRF2YH
umap,10000,2275,2.902595,-1.433689,5.0,B09WV2XQYH
umap,10000,2276,1.4679027,-2.19382,5.0,B082T7HDGT
umap,10000,2277,1.06214,-1.8579801,5.0,B09FYFT34G
umap,10000,2278,3.4611096,-0.9045888,5.0,B085DZMDKH
umap,10000,2279,1.8116367,-2.0283525,5.0,B082YB9888
umap,10000,2280,-1.879872,1.0720317,5.0,B083KYZMG5
umap,10000,2281,-1.6921556,-3.933837,5.0,B0BSDJQV5D
umap,10000,2282,-0.58142024,-1.2979422,5.0,B0899QP2L3
umap,10000,2283,1.484114,-1.886574,5.0,B09NSRDB1W
umap,10000,2284,-3.748565,-1.6546261,5.0,B083NQPY1R
umap,10000,2285,0.02055273,3.9275234,5.0,B08T6D9Z69
umap,10000,2286,-0.014575275,-3.770624,5.0,B097D5GXZH
umap,10000,2287,-0.2450461,-1.3962649,5.0,B082CDDZC7
umap,10000,2288,0.17413568,-3.2872224,5.0,B082HHZ11Q
umap,10000,2289,-0.48187453,0.4539278,5.0,B085DPJYYV
umap,10000,2290,-2.9439795,0.98736244,5.0,B0BYSB9KW8
umap,10000,2291,-2.741626,2.7541573,3.0,B084GFVQLL
umap,10000,2292,-0.7855403,0.59258527,4.0,B0828Y7BMQ
umap,10000,2293,-0.2473607,-4.9749413,5.0,B09Q5PQM38
umap,10000,2294,0.01000698,-3.7603292,5.0,B07T95WVZZ
umap,10000,2295,0.2781461,-4.515095,5.0,B07VX7V91Q
umap,10000,2296,-0.9279206,0.6223327,5.0,B0815V2KJS
umap,10000,2297,-1.3550245,-4.3119454,5.0,B07RMBKSY3
umap,10000,2298,-0.68438464,-3.3049133,5.0,B07VKRYQLK
umap,10000,2299,-0.7729638,0.5305079,5.0,B07X8ZRNX7
umap,10000,2300,-0.04768955,-4.9889336,5.0,B086ZKY8C4
umap,10000,2301,-1.7440467,-3.5734196,4.0,B0BPLD4VK9
umap,10000,2302,3.1555772,3.864044,5.0,B084F798YV
umap,10000,2303,0.5669056,-4.5866513,5.0,B07MG94T5M
umap,10000,2304,-2.663886,1.3939044,5.0,B07DK1VQCH
umap,10000,2305,-0.2723717,-5.571606,5.0,B07PQBQ6GC
umap,10000,2306,-0.95048845,-3.264353,5.0,B0BJ7QMYBF
umap,10000,2307,-1.6296653,-0.23224396,4.0,B084HC99VY
umap,10000,2308,-0.13272741,-5.031836,5.0,B082SW81WD
umap,10000,2309,-0.88271475,0.68558353,5.0,B07RZPB86Z
umap,10000,2310,-1.6588929,-3.5892472,5.0,B07FLH7VLQ
umap,10000,2311,-3.2908528,-1.6712482,5.0,B0BL6788GP
umap,10000,2312,0.55042154,-4.791927,5.0,B07PHWGWFS
umap,10000,2313,-0.9967985,0.59972626,5.0,B07KJTXRKM
umap,10000,2314,-1.0979121,-4.782209,5.0,B07PYHVH31
umap,10000,2315,0.16347356,-5.1239924,3.0,B07MCSKB9P
umap,10000,2316,0.24830899,-4.7314286,5.0,B07FDCDQMM
umap,10000,2317,0.21837443,-4.6983366,5.0,B07K8XPS7J
umap,10000,2318,-0.1404421,-5.0539107,5.0,B07DF7NZCN
umap,10000,2319,-1.1849908,-3.5762553,4.0,B07G1LGS62
umap,10000,2320,-1.275117,-1.0000057,5.0,B07GG424BQ
umap,10000,2321,-3.4493644,-1.6082202,5.0,B09MTNF6MX
umap,10000,2322,-0.9910785,0.54708374,4.0,B01FRP1ZHE
umap,10000,2323,2.094803,-2.0240927,5.0,B07DDK15FN
umap,10000,2324,0.2277193,-3.798409,5.0,B07VHBC8VP
umap,10000,2325,-1.6885638,-0.20808403,5.0,B0C2V1QS15
umap,10000,2326,0.17819153,-4.960083,4.0,B07QFC584D
umap,10000,2327,-1.0501708,5.1852536,5.0,B07FMYHX1F
umap,10000,2328,-1.4671301,0.8783405,5.0,B09ZMQWGCG
umap,10000,2329,-2.7020988,1.4023539,4.0,B07B535G94
umap,10000,2330,-0.37520972,-4.903956,5.0,B08V47HYBW
umap,10000,2331,0.04604597,-5.3022227,5.0,B076F79LTS
umap,10000,2332,0.2575316,-4.831233,4.0,B0778PCW73
umap,10000,2333,-0.60652685,2.1770632,5.0,B079Y4MW5F
umap,10000,2334,-1.6291589,-0.2652556,4.0,B0C2V1WQ8F
umap,10000,2335,-2.7351198,1.3210241,5.0,B077W1KN7V
umap,10000,2336,-0.5700519,-5.1657147,4.0,B06XJKWXC6
umap,10000,2337,-0.120771825,-5.0512505,4.0,B074JG8SPQ
umap,10000,2338,0.009593684,-3.7444773,4.0,B0B11CLXY5
umap,10000,2339,0.3757093,-1.0366033,4.0,B071YZ2WN7
umap,10000,2340,-0.047297567,-5.3282943,5.0,B072J2HGJR
umap,10000,2341,-2.482099,2.7134054,5.0,B071X8QSZH
umap,10000,2342,-1.649367,-0.14261223,5.0,B07FKJCFWB
umap,10000,2343,0.5204549,-4.9451756,5.0,B01MQKG0L8
umap,10000,2344,4.27126,-1.5086976,4.0,B01LZWQ0KV
umap,10000,2345,0.23287506,-5.439745,5.0,B01M2UVSHF
umap,10000,2346,1.6108112,-1.5444695,5.0,B07JMFQTC5
umap,10000,2347,0.4108126,-5.3560176,5.0,B01HETFQMQ
umap,10000,2348,-0.615503,-4.2379627,3.0,B01DT4ODOM
umap,10000,2349,0.3702186,4.810431,4.0,B00VRLUTWA
umap,10000,2350,-3.4056716,-1.1347517,4.0,B01EO5A3RQ
umap,10000,2351,-0.7377536,0.4843992,5.0,B01BCWKBZI
umap,10000,2352,-1.3700147,-4.1907067,5.0,B01BWMX5BK
umap,10000,2353,0.032230098,-3.1710296,4.0,B00K6L5EX6
umap,10000,2354,-3.676269,-1.6039411,4.0,B00PVIBIN4
umap,10000,2355,0.0024770966,-4.7270904,5.0,B0B37YMFK2
umap,10000,2356,1.5479217,-2.1139698,5.0,B079ZQT987
umap,10000,2357,-1.6196654,-0.2656637,4.0,B014D7XH64
umap,10000,2358,-0.48226583,0.46264789,5.0,B00UK0P9VU
umap,10000,2359,0.1857892,4.0505624,3.0,B00OGKQAJU
umap,10000,2360,6.1262646,-1.8222574,3.0,B00S0CTU2Y
umap,10000,2361,-0.61628777,-4.77917,4.0,B01A86LI6K
umap,10000,2362,-0.71179897,3.652031,5.0,B00MJKZEXC
umap,10000,2363,0.101733185,0.7266109,5.0,B00NJNFW1C
umap,10000,2364,0.43190685,4.9976826,5.0,B00FQ1NO9W
umap,10000,2365,-0.26884738,-5.220476,5.0,B00KONCDVM
umap,10000,2366,-0.80064625,-3.3789074,5.0,B00I59VBH4
umap,10000,2367,-3.4001431,-1.6788071,4.0,B00BXKY9CQ
umap,10000,2368,0.00670889,-4.736866,4.0,B00EXPNGCM
umap,10000,2369,-1.1242437,-3.999137,5.0,B00DVU9FNY
umap,10000,2370,0.30075333,1.0960842,4.0,B00CPIF4G0
umap,10000,2371,-3.0625117,-1.4683486,5.0,B007KZQM9Q
umap,10000,2372,-0.160998,-4.9587526,4.0,B001UAB4TU
umap,10000,2373,-1.2547569,-4.544145,5.0,B07FCKYFRC
umap,10000,2374,-1.4591839,3.143272,5.0,B07GZL22ZQ
umap,10000,2375,3.4677858,-0.4497031,4.0,B00S7IBOYS
umap,10000,2376,-2.8893847,2.9801626,4.0,B07F2YKPB3
umap,10000,2377,0.12583788,-5.4305615,1.0,B0C338S8M7
umap,10000,2378,-0.30137336,-4.825137,4.0,B00KWR8ME2
umap,10000,2379,-2.0777297,-2.6556478,4.0,B00PLL0L2U
umap,10000,2380,0.17803673,3.7212746,5.0,B07PSCZRB5
umap,10000,2381,-5.064674,0.35371312,4.0,B0BHT8XX49
umap,10000,2382,3.1402323,-4.9901695,4.0,B085XS36F5
umap,10000,2383,0.41483456,1.5837835,4.0,B07S1BDQ4P
umap,10000,2384,0.82269394,4.361841,4.0,B00N1X2UC4
umap,10000,2385,-1.4012691,-1.529298,4.0,B007ILEHSA
umap,10000,2386,3.9110882,1.3724848,1.0,B018H3B280
umap,10000,2387,8.700555,5.6904807,5.0,B00763W3M2
umap,10000,2388,3.951617,1.370266,1.0,B00OB0S8KE
umap,10000,2389,-0.81268585,0.58575904,5.0,B00FHL3F0E
umap,10000,2390,1.926638,-1.7479934,5.0,B07PHB491R
umap,10000,2391,-1.579906,0.056718875,5.0,B08GL4JSLK
umap,10000,2392,0.6169299,1.9716156,5.0,B07T5SY43L
umap,10000,2393,-4.070149,0.9317136,5.0,B074KBWL9J
umap,10000,2394,0.05266708,-4.2049155,1.0,B09674F2X6
umap,10000,2395,-0.029895,-4.080134,1.0,B09S9PX2GH
umap,10000,2396,2.9403906,0.36467543,1.0,B07KTYJ769
umap,10000,2397,-2.8694232,1.5103346,5.0,B084T3RMQ6
umap,10000,2398,-2.0205574,-2.2884226,5.0,B00RFLGH5E
umap,10000,2399,-2.8140504,1.563278,4.0,B00P7EVST6
umap,10000,2400,-3.3755543,-1.1873287,5.0,B09BZGJCGD
umap,10000,2401,-1.8913016,-2.0618994,1.0,B0022NHQ00
umap,10000,2402,-1.2952194,3.441113,4.0,B002SBB0SU
umap,10000,2403,0.20050721,0.89866877,5.0,B09MRC553G
umap,10000,2404,0.21602368,0.94471914,5.0,B0B5B88GQW
umap,10000,2405,0.17796747,0.85904694,4.0,B09X21S46V
umap,10000,2406,0.28526112,-5.2232194,4.0,B07S764D9V
umap,10000,2407,-1.8760855,-1.5128654,5.0,B0BTPBBL52
umap,10000,2408,-2.463282,-0.18654384,4.0,B091BD9T1Z
umap,10000,2409,1.0405713,-2.3338256,2.0,B07MYSFW2G
umap,10000,2410,1.8064725,-1.6362311,4.0,B01DXKPK3A
umap,10000,2411,0.7037368,2.2425985,4.0,B0189XYY0Q
umap,10000,2412,-0.48064002,4.4529343,5.0,B00Q6A1RLY
umap,10000,2413,0.37152267,1.4031593,4.0,B00MHX6TIA
umap,10000,2414,0.589442,2.4167082,4.0,B00DVFLJKQ
umap,10000,2415,-3.3488526,-1.2391423,5.0,B002M3SHXA
umap,10000,2416,-1.6121787,-1.3641559,4.0,B0039NIRIW
umap,10000,2417,-0.6226586,-1.6322,5.0,B000HDJY7K
umap,10000,2418,0.18275829,-3.3252559,5.0,B00005T3GH
umap,10000,2419,-1.3246201,-1.2231143,4.0,B0036WT3PW
umap,10000,2420,-2.606017,1.722916,2.0,B000V2H136
umap,10000,2421,-3.5006573,-1.49894,1.0,B00008SCFL
umap,10000,2422,-2.5390582,1.9816535,5.0,B000OSLLPG
umap,10000,2423,-0.84800375,-3.2544432,2.0,B00XJ5U76A
umap,10000,2424,1.8632755,-0.76097745,4.0,B07V29CYF3
umap,10000,2425,6.024434,-1.6107565,1.0,B0B3J5JC2S
umap,10000,2426,2.658745,3.1277683,5.0,B07X349T36
umap,10000,2427,0.83041626,1.7526313,5.0,B074D9L6SJ
umap,10000,2428,3.492055,2.7550898,5.0,B07Y75XPQZ
umap,10000,2429,2.1376166,2.7994552,5.0,B07QC4XL1V
umap,10000,2430,-0.35049245,-4.9500823,5.0,B07ZPC9QD4
umap,10000,2431,-3.324792,-1.5681924,5.0,B093V1K56G
umap,10000,2432,1.4878606,-0.1273584,1.0,B01N7KFVOB
umap,10000,2433,-0.32020485,2.2170174,5.0,B07C9C7N4G
umap,10000,2434,3.1054862,-4.7614145,5.0,B0745BZ29C
umap,10000,2435,-0.8006518,-3.7943158,2.0,B07CZ2PZJM
umap,10000,2436,4.9945645,4.359285,5.0,B08XPWDSWW
umap,10000,2437,2.0525677,-0.4698242,1.0,B09FKBCYM3
umap,10000,2438,1.8091537,0.6641174,5.0,B07G5C4YLY
umap,10000,2439,1.5878006,-1.8631783,3.0,B08FYNN55Z
umap,10000,2440,3.4399052,0.5564463,1.0,B08MY4R4PK
umap,10000,2441,2.699062,0.98038447,1.0,B00WUWV1N6
umap,10000,2442,0.010041144,1.464656,4.0,B071FVHM19
umap,10000,2443,0.022454154,1.5254143,5.0,B085SX3ZKZ
umap,10000,2444,3.27313,1.6952028,5.0,B07X8MSSRQ
umap,10000,2445,4.4640427,1.9452937,5.0,B01ENBNAWG
umap,10000,2446,3.3268385,1.7583671,5.0,B00E6GRHBO
umap,10000,2447,-1.0362674,-2.8427858,2.0,B0C6D2TBZ7
umap,10000,2448,-2.8192275,2.6439826,5.0,B07KB1FNK3
umap,10000,2449,3.8160043,0.64650893,5.0,B0C6PGZ3MB
umap,10000,2450,0.24863605,0.7375647,2.0,B0C8TKRRJB
umap,10000,2451,1.1988175,3.5492861,5.0,B07BSJCMGS
umap,10000,2452,0.2136733,-4.521948,5.0,B08TX43PBC
umap,10000,2453,-2.5431535,-1.9952004,5.0,B08WJSHSLC
umap,10000,2454,1.2683434,4.3768015,5.0,B0987B3T53
umap,10000,2455,0.5559393,3.6138716,5.0,B01MQPTTS6
umap,10000,2456,4.898515,0.9130968,3.0,B07TS32GFV
umap,10000,2457,1.3678637,-1.8945533,5.0,B07SMNZK8H
umap,10000,2458,0.22662082,-3.1457286,5.0,B081B15L2D
umap,10000,2459,3.4332476,0.27092105,4.0,B076WXJPQ1
umap,10000,2460,-0.9693195,0.7576472,5.0,B08KZ1TZYB
umap,10000,2461,3.920035,1.2181418,5.0,B07961C64Q
umap,10000,2462,3.4349303,0.34550455,5.0,B0BNPL25Z9
umap,10000,2463,0.25167987,-3.19426,5.0,B00P28VN38
umap,10000,2464,0.15783684,-3.2560482,5.0,B00GN76HAG
umap,10000,2465,2.7421026,1.1248434,3.0,B076JDXPRG
umap,10000,2466,2.2701366,1.8686235,5.0,B06XGC4WKK
umap,10000,2467,-0.066317916,0.3750181,5.0,B07GZFM1ZM
umap,10000,2468,0.24179536,-3.2524745,5.0,B07K59CQ3R
umap,10000,2469,0.25257054,-3.2470047,5.0,B074S1P2MG
umap,10000,2470,0.45949048,-5.0030684,5.0,B072KQC4XY
umap,10000,2471,4.016747,0.8398888,5.0,B00KAMJ1JO
umap,10000,2472,1.5950562,-2.0806205,5.0,B0C6PGZ3MB
umap,10000,2473,4.837933,0.8296988,5.0,B075753TQ8
umap,10000,2474,5.875248,1.3269289,5.0,B075X8471B
umap,10000,2475,1.0684825,4.349724,5.0,B07F4P3JH7
umap,10000,2476,2.2707095,-2.031744,5.0,B0C1FRBK4K
umap,10000,2477,1.5324951,-0.6185742,5.0,B00HJN524K
umap,10000,2478,-0.23214552,-4.8975224,4.0,B071WGSZ81
umap,10000,2479,-2.2587664,1.8680849,5.0,B000063Y71
umap,10000,2480,-1.9922491,2.4946227,5.0,B07837W5NX
umap,10000,2481,6.1617455,-1.7446283,3.0,B003NR57BY
umap,10000,2482,-1.0202556,-2.8996034,5.0,B07H6X3YQN
umap,10000,2483,1.7720482,-0.6481991,5.0,B00N9DWGPC
umap,10000,2484,-2.519816,1.9224298,4.0,B000063Y6S
umap,10000,2485,-2.0970345,3.0558372,4.0,B00G97AJMW
umap,10000,2486,-1.062271,-2.2570927,2.0,B00XJ5CD58
umap,10000,2487,1.9527779,2.4705746,3.0,B00D68R31M
umap,10000,2488,4.894563,0.84889424,5.0,B00GNHSXE4
umap,10000,2489,-2.7101429,2.05858,5.0,B00004UDQ1
umap,10000,2490,1.5827999,-0.21280578,1.0,B00PFQPX5Q
umap,10000,2491,1.523683,-0.46571887,5.0,B000165C10
umap,10000,2492,3.6164038,1.5020827,5.0,B07QC4WTNC
umap,10000,2493,-0.9667856,-4.294104,5.0,B09NBBT6T8
umap,10000,2494,-0.7382981,2.3859448,5.0,B07TPLJ4HX
umap,10000,2495,-3.147115,-1.4637922,1.0,B09VYMTDF9
umap,10000,2496,0.410937,-0.5179451,5.0,B07K1DYGHM
umap,10000,2497,-0.6085264,-0.5961824,5.0,B08RLW7918
umap,10000,2498,1.056631,-2.1785474,5.0,B0BMQJYLQV
umap,10000,2499,0.14755547,-5.0458975,4.0,B0001FTVEK
umap,10000,2500,3.8748655,0.78461844,1.0,B005PPMF3U
umap,10000,2501,4.644806,1.9769796,5.0,B07VVXLXJM
umap,10000,2502,1.6458365,1.2089174,5.0,B07P374FF3
umap,10000,2503,-2.108961,1.843823,5.0,B07P6YM5KH
umap,10000,2504,1.3995858,-1.1464329,5.0,B002Y470G2
umap,10000,2505,0.19935563,-5.437633,5.0,B09PRC3WC5
umap,10000,2506,0.51464,3.0143747,5.0,B08Y8XW37R
umap,10000,2507,-0.9131676,-3.819397,5.0,B0BXM18YDP
umap,10000,2508,-0.42287692,-2.9731405,1.0,B09M8N7YML
umap,10000,2509,-0.4676749,-4.772437,5.0,B07H4SS6DG
umap,10000,2510,3.1800494,1.4494739,2.0,B019RC1EI8
umap,10000,2511,0.9918539,0.75938416,1.0,B07VM4W41Q
umap,10000,2512,1.4829414,-0.2664622,3.0,B00WETRG4I
umap,10000,2513,5.1342187,3.5968719,1.0,B001MQ321U
umap,10000,2514,4.1313252,2.0989826,5.0,B0051V7XK8
umap,10000,2515,3.5749245,2.5823379,5.0,B0C6D2TBZ7
umap,10000,2516,0.6058356,0.09214648,2.0,B07MG5Y5W9
umap,10000,2517,-0.7709936,-3.8810923,4.0,B094MKQMZR
umap,10000,2518,3.0914888,0.43812147,1.0,B0B58CRF1N
umap,10000,2519,1.9392006,-2.3017619,2.0,B07Q2SJNZ5
umap,10000,2520,5.0984635,3.7969978,2.0,B075X8471B
umap,10000,2521,1.0041848,2.8642752,2.0,B01J94SWWU
umap,10000,2522,4.115751,1.3446192,5.0,B008I6ITME
umap,10000,2523,0.5132411,-1.4088943,5.0,B015SKPC8Q
umap,10000,2524,1.4978793,-2.0444624,1.0,B01I1D2Q7W
umap,10000,2525,-2.479721,1.5303946,1.0,B00RBW707G
umap,10000,2526,1.7901736,4.0505195,5.0,B06XNQ6BXC
umap,10000,2527,2.5017407,2.311644,5.0,B07ZRGNMRJ
umap,10000,2528,2.2612407,1.8944077,4.0,B06VWK3L8N
umap,10000,2529,5.9049144,1.3210825,5.0,B01I6GE05A
umap,10000,2530,1.768153,-1.8604963,1.0,B01CGGW4NG
umap,10000,2531,-3.6866786,-3.2982054,3.0,B01K8B8YA8
umap,10000,2532,2.1312418,2.23696,1.0,B01E9X4L9O
umap,10000,2533,-1.818203,-3.19815,5.0,B00140DBRY
umap,10000,2534,-2.3776677,-1.6430681,2.0,B01DA0YCNC
umap,10000,2535,-0.5654408,4.852027,1.0,B073QFMPK1
umap,10000,2536,0.13958982,-5.5821776,1.0,B00WUCSWDI
umap,10000,2537,2.2480254,-1.2394016,1.0,B00488M4TU
umap,10000,2538,4.2019076,-1.5623375,2.0,B0032ALZIQ
umap,10000,2539,0.41773623,0.8402327,1.0,B0034NGZWM
umap,10000,2540,12.5328665,-11.282608,5.0,B09B52572Z
umap,10000,2541,2.3266175,1.7073302,5.0,B08KZZCGGG
umap,10000,2542,-1.2493013,1.6458497,5.0,B08JD7FN44
umap,10000,2543,9.973571,-16.76594,5.0,B098744XH6
umap,10000,2544,9.958463,-16.776396,5.0,B09BPWCXMS
umap,10000,2545,3.7467792,1.6008304,5.0,B09NWZY4XF
umap,10000,2546,10.536749,-16.549273,5.0,B07Y887RM3
umap,10000,2547,9.962454,-16.774624,5.0,B086VR9J8Q
umap,10000,2548,9.958841,-16.775793,5.0,B09JKSVK9L
umap,10000,2549,10.534564,-16.55043,5.0,B09CM12QBL
umap,10000,2550,10.535708,-16.550987,5.0,B09H7DTXKT
umap,10000,2551,10.533952,-16.55137,5.0,B09G2W5GGF
umap,10000,2552,10.528437,-16.552456,5.0,B07K7BBRTQ
umap,10000,2553,10.525531,-16.55365,5.0,B07D77BLWK
umap,10000,2554,10.534551,-16.550928,5.0,B07C78TJMZ
umap,10000,2555,10.537521,-16.549608,5.0,B07S764D9V
umap,10000,2556,10.534798,-16.542145,5.0,B07PBZ1P2N
umap,10000,2557,9.954784,-16.777822,5.0,B07CH42JNS
umap,10000,2558,9.949064,-16.779669,5.0,B01LXJFMGF
umap,10000,2559,10.530825,-16.55356,5.0,B071R715MZ
umap,10000,2560,9.95029,-16.774794,5.0,B01D5H8N8K
umap,10000,2561,9.94303,-16.790037,5.0,B07JGHZ45W
umap,10000,2562,9.96375,-16.77151,5.0,B017MVKO82
umap,10000,2563,9.951298,-16.7838,5.0,B09T918243
umap,10000,2564,10.522866,-16.554165,5.0,B09HLGPB3D
umap,10000,2565,9.949027,-16.78628,5.0,B01MDNQXMV
umap,10000,2566,9.96261,-16.772804,5.0,B07F9WZSP9
umap,10000,2567,10.531278,-16.540144,5.0,B07QF6RKYH
umap,10000,2568,10.521622,-16.553532,5.0,B09S6QPQFS
umap,10000,2569,10.54897,-16.544209,5.0,B00NVKHLP8
umap,10000,2570,9.958792,-16.776075,5.0,B07FPLCZSL
umap,10000,2571,10.525217,-16.547808,5.0,B08TY4HJ8L
umap,10000,2572,9.950747,-16.782331,5.0,B0713VGCJX
umap,10000,2573,10.538152,-16.552912,5.0,B09QZPKYCW
umap,10000,2574,9.949006,-16.780863,5.0,B07W1JV6YM
umap,10000,2575,10.535121,-16.550049,5.0,B08M8Y6473
umap,10000,2576,10.54234,-16.55703,5.0,B07DVF9LKG
umap,10000,2577,10.578378,-16.511671,5.0,B00JX8Y2HM
umap,10000,2578,9.964825,-16.766449,5.0,B00M0T1WTM
umap,10000,2579,9.963724,-16.769627,5.0,B07BVZJP4J
umap,10000,2580,10.527159,-16.559319,5.0,B073W74WR8
umap,10000,2581,9.957891,-16.775473,5.0,B0BZJGGX2T
umap,10000,2582,10.541515,-16.545815,5.0,B09Y1PSVTB
umap,10000,2583,9.949375,-16.780895,5.0,B00XZ6AMA4
umap,10000,2584,10.548447,-16.547302,5.0,B01G8JO5F2
umap,10000,2585,-1.6953179,-0.8756845,5.0,B075NCMLYL
umap,10000,2586,9.952473,-16.779696,5.0,B08XPWDSWW
umap,10000,2587,9.943919,-16.77099,5.0,B01985CJUG
umap,10000,2588,10.538573,-16.552237,5.0,B01N1H6MS0
umap,10000,2589,9.959533,-16.771996,5.0,B00TQYC9PA
umap,10000,2590,10.533852,-16.54777,5.0,B00XJPY07M
umap,10000,2591,10.544055,-16.546736,5.0,B000Q8UAWY
umap,10000,2592,9.933811,-16.794506,5.0,B07YFD37SF
umap,10000,2593,9.952476,-16.779709,5.0,B004XUNW26
umap,10000,2594,9.970321,-16.769514,5.0,B005MTXM3Q
umap,10000,2595,9.930681,-16.797504,5.0,B000WKPHHO
umap,10000,2596,3.569448,1.6901786,5.0,B00XHWBDYU
umap,10000,2597,9.951833,-16.780186,5.0,B0B3XNLPYC
umap,10000,2598,-0.28816584,-4.1853476,5.0,B07QLN5ZWR
umap,10000,2599,-0.5173486,-0.49532688,5.0,B0812DKDD9
umap,10000,2600,10.557989,-16.534147,5.0,B0BGNG1294
umap,10000,2601,0.5855723,3.3870573,1.0,B0873727DF
umap,10000,2602,8.822233,3.6144667,5.0,B07P61P5NZ
umap,10000,2603,8.827143,3.621471,5.0,B07P6YRR6J
umap,10000,2604,8.8181,3.6137102,5.0,B07Q38S8HD
umap,10000,2605,8.807564,3.6154468,5.0,B07PBD7RDM
umap,10000,2606,0.429955,-0.4447252,5.0,B0B1HR8JSR
umap,10000,2607,0.20023994,2.1672966,4.0,B0C6FJFRJG
umap,10000,2608,-0.3512708,4.370944,5.0,B07KG7BLFD
umap,10000,2609,8.818248,3.6137292,5.0,B0B2K24RQT
umap,10000,2610,8.822578,3.614348,5.0,B0C33Y9Q9L
umap,10000,2611,6.661759,1.2160324,5.0,B07ZCVRSCG
umap,10000,2612,6.6641607,1.2158513,5.0,B07JL18G1D
umap,10000,2613,6.6647034,1.2139947,5.0,B0BVBDXFHM
umap,10000,2614,6.667389,1.2144982,5.0,B09LRLD1Z3
umap,10000,2615,6.661654,1.2153957,5.0,B0BB6RBYJ6
umap,10000,2616,6.668708,1.2146155,5.0,B08MXVP2CL
umap,10000,2617,6.6820545,1.2066491,5.0,B00FOSEUIQ
umap,10000,2618,6.6687126,1.2139866,5.0,B07G8BR51Z
umap,10000,2619,0.7258518,-5.308469,5.0,B07PXGQC1Q
umap,10000,2620,8.814345,3.6171668,5.0,B0BZDWGL19
umap,10000,2621,2.5872853,3.4525888,5.0,B0B4SWZTZ1
umap,10000,2622,8.817988,3.6133711,5.0,B07T6GWDGR
umap,10000,2623,8.799586,3.6084726,5.0,B07VZVL6GK
umap,10000,2624,0.57590747,-5.461063,4.0,B0C3GDKZQT
umap,10000,2625,8.830053,3.6231468,5.0,B096NQ56RD
umap,10000,2626,8.81687,3.6160166,5.0,B0839511NG
umap,10000,2627,5.1155634,3.59029,5.0,B07SHFPD8S
umap,10000,2628,-0.6140525,2.5480554,5.0,B01GKQ2RHQ
umap,10000,2629,-3.3432088,-0.105550215,5.0,B00U1PPWDO
umap,10000,2630,1.5572239,-0.65120995,4.0,B00JHPLUMQ
umap,10000,2631,1.5060451,-0.59641534,5.0,B00GG835JI
umap,10000,2632,1.6707456,-0.9329799,5.0,B0BS6KLLT1
umap,10000,2633,0.38196123,-2.0038514,5.0,B00T7W84FA
umap,10000,2634,-3.798535,1.2771788,5.0,B07JVSC152
umap,10000,2635,0.9547478,-2.103081,5.0,B001TH7GUK
umap,10000,2636,-0.04407831,-5.658127,5.0,B000066R6M
umap,10000,2637,-2.5098279,1.96355,4.0,B004YZZPZW
umap,10000,2638,1.173462,4.0531936,4.0,B005KDY8AU
umap,10000,2639,1.2697414,3.097467,5.0,B005890G8Y
umap,10000,2640,5.3967347,4.349393,5.0,B016PMVM7Q
umap,10000,2641,0.84292334,0.5151966,5.0,B07KML89F3
umap,10000,2642,-0.597636,4.8181415,5.0,B00AHU2QH8
umap,10000,2643,1.4188457,3.1577158,1.0,B00BYHTK5Y
umap,10000,2644,1.2332286,3.2037604,2.0,B00902SFC4
umap,10000,2645,0.12902285,-5.0657616,5.0,B007B5ZKGG
umap,10000,2646,-2.8785672,1.2191738,1.0,B004NIG13U
umap,10000,2647,0.9540621,0.52546746,5.0,B09L1PGZPQ
umap,10000,2648,-0.6640599,-3.151654,5.0,B0719SNR5N
umap,10000,2649,3.0921698,2.923786,5.0,B07TQT6H2P
umap,10000,2650,3.937429,1.9997164,4.0,B08ZF2Z7Y1
umap,10000,2651,6.9036274,3.1955223,5.0,B01M5HQMMJ
umap,10000,2652,7.4900713,3.0985627,5.0,B094V7S7D7
umap,10000,2653,-1.04018,-4.6687164,5.0,B09Q5BNT76
umap,10000,2654,-1.0782388,-4.3175583,4.0,B076DWW62Z
umap,10000,2655,-1.0029984,-3.939861,5.0,B08GMC5NM5
umap,10000,2656,2.8441486,1.6583338,5.0,B07HRFLB6Y
umap,10000,2657,-4.722985,0.4770622,5.0,B07Q44XSYX
umap,10000,2658,3.804654,3.0496953,5.0,B07D18BQ9S
umap,10000,2659,7.7533402,2.5001988,5.0,B073S39FM8
umap,10000,2660,-1.9359983,-0.87848103,5.0,B01H7EK9WK
umap,10000,2661,-2.1462624,-2.2315574,5.0,B00UVN20YA
umap,10000,2662,1.7677101,1.613182,5.0,B0195A5THO
umap,10000,2663,-1.7028683,-1.4312623,5.0,B01AQB0Y1C
umap,10000,2664,2.7602935,3.32571,5.0,B017IM9K26
umap,10000,2665,-3.3660493,-3.4452746,5.0,B07VXXBTX4
umap,10000,2666,0.6365621,4.09786,5.0,B08HGHSZ8N
umap,10000,2667,-3.5924377,-3.588927,5.0,B07NJQTTXK
umap,10000,2668,0.23225226,-4.617964,5.0,B07SNBHTKD
umap,10000,2669,4.63733,3.59487,5.0,B0BDF98BNH
umap,10000,2670,1.4793792,-2.0151908,5.0,B01JPDTZXK
umap,10000,2671,1.2595394,4.312299,4.0,B01HVHIZFG
umap,10000,2672,4.960245,2.014526,5.0,B07B3JZ2M6
umap,10000,2673,0.5718391,4.055602,3.0,B00JUNH8H6
umap,10000,2674,0.457947,4.0504293,1.0,B00DULMXTW
umap,10000,2675,-3.2129486,-1.3566992,1.0,B09G3MBH6V
umap,10000,2676,0.82860094,0.50562114,4.0,B07N8VFFNS
umap,10000,2677,3.5628157,2.87488,5.0,B07KXX9168
umap,10000,2678,0.95072424,-2.371508,5.0,B09QL59Q12
umap,10000,2679,3.685013,2.9623497,5.0,B00MVJYK6S
umap,10000,2680,1.3950827,3.1064968,4.0,B00FPG7WX2
umap,10000,2681,-1.6336718,1.7533773,5.0,B00D38XF6M
umap,10000,2682,-1.5654345,-4.5975647,4.0,B08F1P3BCC
umap,10000,2683,1.7197143,1.296574,5.0,B000YC8NYY
umap,10000,2684,-0.5254623,-3.799815,5.0,B086LL8V2G
umap,10000,2685,1.586846,-0.6559488,4.0,B07M5WCCLH
umap,10000,2686,-0.62505925,-3.7919633,5.0,B01KBQ6GQ4
umap,10000,2687,2.199401,-1.7903864,1.0,B0CC4HBS85
umap,10000,2688,4.471246,-0.014743248,5.0,B08C2P9RTY
umap,10000,2689,2.320789,-0.07852637,2.0,B0BXRJKJDZ
umap,10000,2690,0.2297211,-4.6320176,5.0,B0071369KE
umap,10000,2691,-0.20882145,-5.2822623,5.0,B0B37TV4WJ
umap,10000,2692,3.896123,1.5760398,5.0,B07HZLHPKP
umap,10000,2693,5.8875484,1.4628636,5.0,B071L978GM
umap,10000,2694,7.3217325,4.053733,5.0,B001B077PO
umap,10000,2695,7.313397,4.04229,5.0,B077Q9DVXJ
umap,10000,2696,2.3797383,1.7356007,5.0,B001MXQRN8
umap,10000,2697,7.3368835,4.070301,5.0,B01AUR77FI
umap,10000,2698,4.6403637,2.0291607,5.0,B000001OM5
umap,10000,2699,1.8963363,-0.5364591,5.0,B07MHTZQ2V
umap,10000,2700,-0.5240688,-3.6343307,5.0,B07SKFQQ48
umap,10000,2701,2.7886133,1.7501063,2.0,B0C3GLMP8K
umap,10000,2702,0.47659138,3.7905488,5.0,B07Y89KHBJ
umap,10000,2703,4.514973,1.940247,5.0,B07Z3BKFQW
umap,10000,2704,2.3031275,-2.0261312,4.0,B0CCRNKX6X
umap,10000,2705,3.584335,2.7339854,5.0,B09KWWZ67B
umap,10000,2706,-0.36612898,4.6478877,5.0,B08PZ94XG9
umap,10000,2707,2.6487427,2.1749825,5.0,B09HJZPSFC
umap,10000,2708,4.4638906,-0.06209577,2.0,B0B9N65HF4
umap,10000,2709,5.849205,1.3474728,5.0,B07QPTYSPP
umap,10000,2710,1.5453317,1.1421466,5.0,B0791TX5P5
umap,10000,2711,-1.116794,-3.6181488,4.0,B085DXH843
umap,10000,2712,3.0161173,1.3136352,5.0,B07P5GCV4R
umap,10000,2713,1.4774808,-2.1480618,5.0,B0BGS23YKX
umap,10000,2714,-2.1950045,-1.8522706,4.0,B094XQ4HKT
umap,10000,2715,3.402882,1.1374542,5.0,B0018MEZK0
umap,10000,2716,3.2627857,1.1728683,2.0,B001TOD7MO
umap,10000,2717,3.2554808,1.0329595,5.0,B00KALCGUG
umap,10000,2718,3.834101,1.5107642,5.0,B000F6MOQM
umap,10000,2719,-0.87454534,-2.1144443,5.0,B00KFNMHQ2
umap,10000,2720,-0.72839546,-2.0319157,4.0,B00CHCGRH4
umap,10000,2721,2.9024124,1.7846762,4.0,B008I640QS
umap,10000,2722,-0.16455859,-4.0751805,2.0,B004MCJBJI
umap,10000,2723,0.7637011,0.39386383,5.0,B001BXS4LW
umap,10000,2724,4.0413613,1.670228,5.0,B000QKKAOU
umap,10000,2725,4.4196815,1.4321247,5.0,B094QJN15X
umap,10000,2726,0.40468994,1.0060405,5.0,B09R9133PG
umap,10000,2727,-0.30554545,2.132316,1.0,B09QLYHV6F
umap,10000,2728,-1.2111866,4.814278,4.0,B086Q4XT9Q
umap,10000,2729,-0.8081276,0.72419584,2.0,B003WGJYCY
umap,10000,2730,-1.6505245,3.382085,5.0,B07JBTD7NG
umap,10000,2731,-0.21076162,4.643666,5.0,B088ZD69V9
umap,10000,2732,3.7129526,0.72183925,5.0,B0002J1WTC
umap,10000,2733,-2.8817978,3.020498,5.0,B01MQVXHUM
umap,10000,2734,-0.89263606,4.8502603,4.0,B07CKP2CKV
umap,10000,2735,-0.4062991,0.44486275,5.0,B0046RDQGS
umap,10000,2736,-0.34265995,4.187531,3.0,B006OU6IBA
umap,10000,2737,-1.5174576,2.0725784,5.0,B083P6GZXR
umap,10000,2738,-2.6218164,-2.0432317,5.0,B07GZFM1ZM
umap,10000,2739,3.65384,3.0614548,5.0,B0791TX5P5
umap,10000,2740,6.3130116,3.9585896,5.0,B07VRPLTL3
umap,10000,2741,1.9379667,2.6491878,5.0,B00FB50SBU
umap,10000,2742,6.840129,9.186875,4.0,B0BDH3VXRQ
umap,10000,2743,2.2908342,0.76413405,5.0,B07FKYHTWP
umap,10000,2744,2.2346413,2.7482557,5.0,B07N8VFFNS
umap,10000,2745,5.2613025,3.5637295,5.0,B00N5828GS
umap,10000,2746,2.2799945,1.6760206,4.0,B01J94SWWU
umap,10000,2747,3.5969613,1.9067,5.0,B007T356BO
umap,10000,2748,1.8757799,-0.9324727,5.0,B01J2G4VBG
umap,10000,2749,7.41572,4.193294,5.0,B00OQVZDJM
umap,10000,2750,0.7630014,-4.9076314,4.0,B0BZVGQ1M3
umap,10000,2751,0.7275048,2.407643,3.0,B00Z7Y7WRI
umap,10000,2752,-2.7298827,1.6843222,3.0,B001P05OFU
umap,10000,2753,-1.0505009,5.170875,3.0,B07ZPPZYTS
umap,10000,2754,-0.2919761,-4.872362,5.0,B08XPWDSWW
umap,10000,2755,0.8976543,4.3758283,5.0,B071R4R5B8
umap,10000,2756,3.0065846,0.7330421,1.0,B0BZJZKYST
umap,10000,2757,0.3043807,3.99079,2.0,B0919SHYMH
umap,10000,2758,1.3979177,4.2167306,3.0,B07QYL62CZ
umap,10000,2759,0.7415282,2.4475002,5.0,B0051VVOB2
umap,10000,2760,2.9891791,0.6713022,1.0,B09XYMSZLL
umap,10000,2761,1.0499337,-0.45053914,1.0,B00NH13YHK
umap,10000,2762,-0.97575015,-4.744709,5.0,B002RB3DUE
umap,10000,2763,2.086893,-1.2128844,5.0,B000GKD5PQ
umap,10000,2764,6.1080785,-1.7767243,5.0,B087Z5WDJ2
umap,10000,2765,0.5319484,-1.0684958,5.0,B08H1VGMCT
umap,10000,2766,-0.61538464,0.42103684,2.0,B0BCFFR6TD
umap,10000,2767,0.23108979,0.69048494,5.0,B09277SKTV
umap,10000,2768,6.0794215,-1.8384578,5.0,B003NR57BY
umap,10000,2769,-2.1145651,3.4236052,5.0,B00009R8WQ
umap,10000,2770,-0.4478192,0.35816798,2.0,B09VS4V18K
umap,10000,2771,-1.4337643,-3.4315732,5.0,B07V48GCZ7
umap,10000,2772,0.45627326,-0.9657614,5.0,B07GSQR6D4
umap,10000,2773,-1.681061,-0.053764958,5.0,B004WEP94C
umap,10000,2774,-1.6312709,-3.9508045,5.0,B074F246M9
umap,10000,2775,-0.97719765,0.6737722,5.0,B00LZSA736
umap,10000,2776,0.3308131,-3.1823132,1.0,B08ZDF3WT3
umap,10000,2777,-1.0947417,-4.783328,5.0,B01C6ESQM6
umap,10000,2778,4.3366323,-1.5904591,2.0,B0C5LYQL9L
umap,10000,2779,0.4476247,0.4467185,5.0,B015YEI8JG
umap,10000,2780,-0.036995072,0.6162699,5.0,B01NC0XJQW
umap,10000,2781,-1.1263176,0.81223845,5.0,B00G6E6YVI
umap,10000,2782,0.2821652,4.8577843,5.0,B00J63LFTW
umap,10000,2783,0.98060787,0.8072045,5.0,B003O3E588
umap,10000,2784,-1.703939,-3.887783,5.0,B06XYGK2NZ
umap,10000,2785,0.222601,-4.3959885,2.0,B014W3EJA2
umap,10000,2786,-1.0607679,0.87250215,5.0,B00E5TQ3OY
umap,10000,2787,-0.5098932,0.30902734,5.0,B00KT7DOSE
umap,10000,2788,-0.2682775,0.3490286,5.0,B018AX3OHO
umap,10000,2789,-3.841012,1.3184342,4.0,B0792GSLTF
umap,10000,2790,4.3018513,-1.6128643,4.0,B0083UXMFO
umap,10000,2791,0.88990307,-2.8327954,3.0,B005JBWX46
umap,10000,2792,-1.9989196,-2.053216,5.0,B00108UNEY
umap,10000,2793,6.15023,-1.7803843,5.0,B003NR57BY
umap,10000,2794,0.24465258,0.87825143,4.0,B00BCHHZGW
umap,10000,2795,0.62180215,-2.2854323,4.0,B07BN3MLNR
umap,10000,2796,-3.9499447,0.7836447,2.0,B005DIBHCE
umap,10000,2797,0.076183215,-5.091344,5.0,B07CQMZVZ6
umap,10000,2798,0.6349687,-2.0153608,5.0,B07D1XGQHJ
umap,10000,2799,0.4660997,-2.2519128,5.0,B0019EHU8G
umap,10000,2800,0.042422507,0.6547932,5.0,B0051E3BYM
umap,10000,2801,-0.41389874,0.47502658,4.0,B00DI12GSM
umap,10000,2802,5.983544,-1.4389163,5.0,B004I1J80K
umap,10000,2803,-1.4534924,-1.227741,5.0,B000N815XU
umap,10000,2804,4.3634186,-1.6657723,5.0,B0B2KFXVGS
umap,10000,2805,0.7899594,-2.330403,5.0,B01F9RGWF0
umap,10000,2806,0.1933857,-0.9702048,5.0,B07CHJ1SLT
umap,10000,2807,0.3637155,3.694749,2.0,B01MTYGQ11
umap,10000,2808,-3.0079024,0.6901586,5.0,B08BDRBYHC
umap,10000,2809,1.707379,1.3456445,5.0,B0C5YKWC5N
umap,10000,2810,2.542327,3.8824835,5.0,B08D8KG472
umap,10000,2811,6.490318,1.2553155,5.0,B07Q39HCK1
umap,10000,2812,-1.3441126,-4.1808867,5.0,B09WWG19YS
umap,10000,2813,0.04402831,0.8250344,5.0,B009AEYBYI
umap,10000,2814,-1.5118873,4.887956,5.0,B01E3TOP5Y
umap,10000,2815,-2.8919022,1.4893328,5.0,B07K7GQTSB
umap,10000,2816,0.7002861,2.802567,5.0,B08XYKH44H
umap,10000,2817,2.7443707,2.6532047,5.0,B01M4NU4OM
umap,10000,2818,-1.6604912,-0.0639443,5.0,B00EO96W2I
umap,10000,2819,3.1019287,1.4091631,5.0,B00SO25G0K
umap,10000,2820,2.1673148,2.9946473,5.0,B07GRWNQ4M
umap,10000,2821,1.7230912,1.45123,3.0,B08Y85SYG4
umap,10000,2822,3.0109746,0.19194978,5.0,B00QUG4XL0
umap,10000,2823,4.9210253,2.4373064,5.0,B07P374FF3
umap,10000,2824,0.2864594,4.0238094,5.0,B07YZ7SQKL
umap,10000,2825,-2.1925685,-1.7158294,5.0,B08F9ZCTCL
umap,10000,2826,0.6717379,-5.1731586,3.0,B0BL78QGLK
umap,10000,2827,-0.16242604,-5.7011886,5.0,B07NXDPLJ9
umap,10000,2828,-1.4107368,4.9715457,5.0,B07TVWZM5B
umap,10000,2829,-2.6650877,1.3402942,3.0,B07Q5R22DV
umap,10000,2830,0.2882319,-5.660965,5.0,B089B4CFSC
umap,10000,2831,-0.2506068,-5.4542456,4.0,B09JQMJHXY
umap,10000,2832,4.1260724,1.3749603,5.0,B09KXJBNGN
umap,10000,2833,-1.6621505,-3.5850925,5.0,B0BJQ8TH85
umap,10000,2834,-0.8882031,0.6861269,5.0,B01N5XPZ49
umap,10000,2835,-0.031986468,-5.1351666,2.0,B07X3WB7D8
umap,10000,2836,5.18636,2.0725477,5.0,B07ZZVX1F2
umap,10000,2837,0.33505958,-5.1557207,5.0,B08K2S5B88
umap,10000,2838,4.452766,3.6187305,4.0,B005EVDRZA
umap,10000,2839,8.704115,5.6876125,4.0,B08ZSBSJHY
umap,10000,2840,1.5096282,-0.21626358,3.0,B005GYK6MW
umap,10000,2841,1.9917971,-0.8771125,5.0,B07YZPVQXT
umap,10000,2842,0.37757102,-5.0421824,5.0,B09BYXSPTP
umap,10000,2843,2.7440226,1.4594924,5.0,B0BJPV4RXY
umap,10000,2844,1.0393709,2.2297697,1.0,B07CTX3KWG
umap,10000,2845,-0.12541178,-4.9081025,5.0,B09F3RBZB6
umap,10000,2846,-1.4847571,-0.9607844,5.0,B09Q7YPZPJ
umap,10000,2847,-2.808112,1.3250362,5.0,B08RLW7918
umap,10000,2848,4.250494,-1.563728,4.0,B0BL3B12HK
umap,10000,2849,2.4365308,4.0537424,1.0,B00DR0BOSC
umap,10000,2850,3.2969003,1.6378001,5.0,B09TZKM847
umap,10000,2851,0.2574205,4.1037803,3.0,B071XCBTY9
umap,10000,2852,-0.60247004,-3.2664344,3.0,B00FGUSHSQ
umap,10000,2853,-2.5112271,1.5006187,1.0,B07324B77V
umap,10000,2854,0.3101283,2.492317,5.0,B08GKLM5T1
umap,10000,2855,-2.7479033,-0.054724447,3.0,B083Y4S579
umap,10000,2856,1.8046212,-1.5966249,5.0,B0BPHRQH8B
umap,10000,2857,-4.8928347,0.4794558,5.0,B09SKP8XQN
umap,10000,2858,0.24189486,4.720301,5.0,B09WDCQ4TG
umap,10000,2859,-1.1429847,5.0045724,4.0,B0B99KN5PN
umap,10000,2860,1.8905231,-1.0747113,3.0,B08TRLHMGV
umap,10000,2861,0.24542075,4.131452,5.0,B07X6SKXQG
umap,10000,2862,5.2226295,0.90664697,5.0,B01BL7C5R6
umap,10000,2863,0.7522381,-2.193926,5.0,B082M34LGX
umap,10000,2864,1.7007734,-0.5195057,5.0,B01DZZM7KM
umap,10000,2865,-3.3952765,-3.6187463,5.0,B0792K2BK6
umap,10000,2866,-2.3829467,-1.8732581,5.0,B07GZFM1ZM
umap,10000,2867,12.539831,-11.276324,5.0,B00CX5P8FC
umap,10000,2868,-1.9204016,-1.2990646,5.0,B007JPCL88
umap,10000,2869,2.511711,3.2615678,4.0,B009XE050O
umap,10000,2870,2.560458,2.8848584,3.0,B073R6HLFL
umap,10000,2871,-0.31908253,-3.9060595,5.0,B004TU5MCS
umap,10000,2872,1.6709784,1.4682246,5.0,B07ZQHT7YJ
umap,10000,2873,5.086156,4.398523,5.0,B08KRC18S8
umap,10000,2874,-4.09835,0.97564894,5.0,B06XCBK7WB
umap,10000,2875,-2.886086,3.0451717,5.0,B01B6FBG0K
umap,10000,2876,-0.501513,-3.033339,1.0,B01M3ULMWP
umap,10000,2877,-0.2982936,4.6346326,5.0,B07YXTTD61
umap,10000,2878,7.1966677,3.9817994,5.0,B07W36WN5X
umap,10000,2879,1.9441749,1.6428542,5.0,B08GZ7N6M6
umap,10000,2880,1.1895033,0.84237534,5.0,B07KQ2TLXF
umap,10000,2881,0.31923106,4.6679835,1.0,B0B6D5X24N
umap,10000,2882,2.7512665,1.0398409,1.0,B094G3PS2W
umap,10000,2883,-0.40690178,3.847805,4.0,B0C65PM6LG
umap,10000,2884,-3.2611046,2.152217,4.0,B077C6VSS1
umap,10000,2885,3.125654,-1.1701411,5.0,B00XWIX5MW
umap,10000,2886,0.09448967,2.8482847,4.0,B00G8MMQI8
umap,10000,2887,-0.55211276,2.6470556,2.0,B001E25JMM
umap,10000,2888,4.7357936,1.2234018,5.0,B06XF6BJ3L
umap,10000,2889,4.416223,0.039010983,5.0,B07NP2DPP7
umap,10000,2890,3.9496753,0.020929182,5.0,B06XKF5CM9
umap,10000,2891,-2.0293689,1.2655113,3.0,B00YLM3WB2
umap,10000,2892,2.3235722,-1.8473943,2.0,B00821B9B8
umap,10000,2893,2.9640005,1.877802,5.0,B01HZ7FJ0G
umap,10000,2894,0.3100258,4.044482,5.0,B09JSS2WYC
umap,10000,2895,-1.088254,-4.22992,5.0,B094YFRL85
umap,10000,2896,-2.8971808,-1.6765404,3.0,B084PCDJT5
umap,10000,2897,-1.1884989,-4.1305237,5.0,B01HB18J0I
umap,10000,2898,0.20122702,-5.2694454,3.0,B01C423L5M
umap,10000,2899,-0.5485013,-4.0559187,5.0,B0110RZ0A6
umap,10000,2900,0.6435899,1.9989346,3.0,B001F42MKG
umap,10000,2901,4.181365,-1.5374715,3.0,B00A3EIHQC
umap,10000,2902,-1.4208031,4.833137,5.0,B07KX1668K
umap,10000,2903,3.8744926,-0.09586022,3.0,B01HUMI33Q
umap,10000,2904,-0.5135334,4.7895193,3.0,B01GC6MOOA
umap,10000,2905,0.904395,2.644257,3.0,B07KS9K73R
umap,10000,2906,-1.3150216,-1.8283663,2.0,B001TUYTWA
umap,10000,2907,1.3138129,4.240357,5.0,B01LXL7BUI
umap,10000,2908,1.6787802,-1.9580014,1.0,B0C9DBV55F
umap,10000,2909,0.9332518,-2.1600244,1.0,B076JL8YH3
umap,10000,2910,0.59357756,-5.4210644,4.0,B094Z5DQJ5
umap,10000,2911,0.34792385,-5.463138,4.0,B0BWYJDBYQ
umap,10000,2912,-2.438611,-1.417387,3.0,B01CW4AR9K
umap,10000,2913,-1.4159154,3.401077,5.0,B01LXG2LJQ
umap,10000,2914,8.702375,5.6889224,5.0,B079SCW1X8
umap,10000,2915,-2.934627,0.66449845,1.0,B0864SF4GC
umap,10000,2916,-3.529864,0.037938073,1.0,B0B39F2QC6
umap,10000,2917,2.9560165,0.90666085,1.0,B07QC4WTNC
umap,10000,2918,2.6270566,0.54566103,1.0,B07RQ3SWKY
umap,10000,2919,1.4461595,-1.945636,1.0,B0BTT1Z16D
umap,10000,2920,0.5559886,-5.3965545,1.0,B08XPWDSWW
umap,10000,2921,5.0761437,1.7965399,5.0,B08ZXR6BB2
umap,10000,2922,2.4803529,0.4475046,1.0,B07W14ZBWP
umap,10000,2923,-2.0708282,-0.8928565,1.0,B07Y84NDYQ
umap,10000,2924,2.7562306,1.1818846,1.0,B073HR91MX
umap,10000,2925,6.4069138,3.4226534,1.0,B01MZG8DHI
umap,10000,2926,1.9011562,2.0827248,1.0,B07RN77YL6
umap,10000,2927,2.773529,1.0782449,1.0,B07SKFQQ48
umap,10000,2928,1.6176996,-1.105277,5.0,B07S8NFZCX
umap,10000,2929,-3.6644313,-3.3153613,1.0,B07GZFM1ZM
umap,10000,2930,-0.69065773,-3.9908535,1.0,B07456BG8N
umap,10000,2931,2.0322478,2.3463564,1.0,B01MTOSEFH
umap,10000,2932,2.782358,0.5245014,1.0,B010UR6JUM
umap,10000,2933,2.2386787,-1.5379876,1.0,B01KSTSV76
umap,10000,2934,2.727418,0.9449888,1.0,B00KOHS6UK
umap,10000,2935,2.1665032,2.1614323,1.0,B00B0ZAPK4
umap,10000,2936,-2.162793,-0.75906426,1.0,B0105UYPJ6
umap,10000,2937,0.39549848,4.833705,2.0,B07GK3LQVC
umap,10000,2938,-3.3492112,-1.27436,1.0,B00MI7JU72
umap,10000,2939,-2.5645082,1.3863969,1.0,B01M05OZJT
umap,10000,2940,2.8647037,1.0919006,1.0,B015E3FRY6
umap,10000,2941,1.2240857,0.40174657,1.0,B00ZVJAF9G
umap,10000,2942,3.0054333,1.2763014,5.0,B00E362W9O
umap,10000,2943,-1.3764083,-1.8204194,1.0,B0090BTY8Y
umap,10000,2944,2.845272,-1.3101319,5.0,B092DD5L2V
umap,10000,2945,-2.050386,-1.6684647,5.0,B075X8471B
umap,10000,2946,0.5133216,-4.972463,5.0,B08V47HYBW
umap,10000,2947,0.35707834,1.0025306,5.0,B01K1IO3QW
umap,10000,2948,-0.98500896,1.9984169,5.0,B00OQVZDJM
umap,10000,2949,0.54283667,-0.5051909,5.0,B005FUKLHM
umap,10000,2950,-2.7737546,0.027595477,5.0,B000MXWSYQ
umap,10000,2951,-0.20576222,-4.4383454,5.0,B0097BEEF0
umap,10000,2952,3.6349378,2.469374,5.0,B097QW23XR
umap,10000,2953,-2.6380396,1.2009149,5.0,B0BRP2V3P1
umap,10000,2954,1.9194338,-2.066864,5.0,B0BNL1V25R
umap,10000,2955,-1.1635325,2.0833514,1.0,B0BJVBTZ4K
umap,10000,2956,1.7434993,-2.221418,5.0,B0B55P1FXW
umap,10000,2957,2.015493,-2.127657,5.0,B01FJCSOGK
umap,10000,2958,1.7011867,-1.8276998,5.0,B09L75PVXT
umap,10000,2959,1.7389034,-1.6886005,5.0,B0B49LT7BT
umap,10000,2960,1.9409525,-1.989178,5.0,B0BGB66N4G
umap,10000,2961,0.302807,3.868299,5.0,B094X7HC69
umap,10000,2962,1.1332603,2.275591,5.0,B088KDKNWM
umap,10000,2963,-1.4377306,-1.1810418,5.0,B0846MH1CJ
umap,10000,2964,0.5467937,-4.8012433,5.0,B07X5NM5BP
umap,10000,2965,0.119978935,2.8099926,5.0,B07ZWTMNDP
umap,10000,2966,-1.0534731,-4.0151134,1.0,B07X23N387
umap,10000,2967,0.27239314,3.061896,4.0,B07T64VJQT
umap,10000,2968,-2.6937459,-0.074958116,5.0,B07DQQPF1T
umap,10000,2969,-2.812103,1.3287327,5.0,B07JD4C1LS
umap,10000,2970,0.32351047,-0.8625618,5.0,B07GJPFR6L
umap,10000,2971,-2.4395459,2.6424334,5.0,B07JVN1MSN
umap,10000,2972,6.1917696,-1.6714532,5.0,B0BC2STR39
umap,10000,2973,-2.4505086,2.668235,4.0,B07HQ9GCMY
umap,10000,2974,-2.528674,0.6256008,5.0,B071HN7FB4
umap,10000,2975,-1.4293511,-4.3675756,4.0,B0783QYFK2
umap,10000,2976,-1.2794644,-4.135505,5.0,B06XFTNSCT
umap,10000,2977,-0.9997383,-4.1094275,4.0,B06XF9DTSJ
umap,10000,2978,-1.232148,4.9285164,5.0,B071W8TY6H
umap,10000,2979,-3.0735703,0.54847604,5.0,B0754KJQZ4
umap,10000,2980,-0.043814693,-5.0901165,5.0,B09TWYBW14
umap,10000,2981,-1.1725521,4.964069,4.0,B083G9MW65
umap,10000,2982,0.22688046,0.9523468,5.0,B06WD61CF5
umap,10000,2983,-2.9081826,3.03271,5.0,B01JNKT0RG
umap,10000,2984,0.8387862,2.4894545,4.0,B01GE9R0J4
umap,10000,2985,-1.2752526,1.9252588,5.0,B0B1S5LBRQ
umap,10000,2986,-0.3531922,-0.3096698,5.0,B01F3R9DP2
umap,10000,2987,-0.17141043,-5.22615,3.0,B01H7HQ71E
umap,10000,2988,-0.11823645,-5.2548323,3.0,B011A49BYA
umap,10000,2989,6.144093,-1.8092308,4.0,B01AZC3RCK
umap,10000,2990,0.4776191,0.46411055,3.0,B015XK1O6K
umap,10000,2991,-1.6266657,-0.23007362,4.0,B017AED6TA
umap,10000,2992,0.45111084,-0.36025572,2.0,B013SKI49W
umap,10000,2993,0.35039166,-5.130613,3.0,B00FO0IHMY
umap,10000,2994,-3.2424364,-1.5837564,2.0,B00BK0YRZS
umap,10000,2995,0.15274377,4.0313354,5.0,B00NWE9ZNE
umap,10000,2996,-1.7286233,0.0118513135,4.0,B00CF7M7RA
umap,10000,2997,0.17736968,3.9599197,4.0,B00JAZGUBE
umap,10000,2998,0.4341201,4.0113435,5.0,B008HY8XTG
umap,10000,2999,0.35983455,4.062643,3.0,B002L6NG0W
umap,10000,3000,-1.4383515,4.2217536,5.0,B005X64OT4
umap,10000,3001,-0.3086729,-4.412555,4.0,B0042X8XJ6
umap,10000,3002,-1.9084272,-3.096411,4.0,B002RL8J8K
umap,10000,3003,-1.6252807,-1.48227,5.0,B089B6LTLV
umap,10000,3004,1.3109006,4.347322,5.0,B08LD5BTLJ
umap,10000,3005,-1.1217794,5.111256,4.0,B07R8C7LS1
umap,10000,3006,1.6487193,-0.7954141,2.0,B0BVY4JVNG
umap,10000,3007,-2.6331232,-2.0425599,5.0,B07GWGGZLQ
umap,10000,3008,3.5416782,2.1053894,5.0,B075ZQXB26
umap,10000,3009,-2.5849113,-2.0197568,5.0,B07GZFM1ZM
umap,10000,3010,-0.50928515,-0.69647974,5.0,B07P5GM4Z2
umap,10000,3011,2.7216208,2.8873694,5.0,B07PC1DGYY
umap,10000,3012,2.159639,1.8855948,5.0,B00KCZSLHC
umap,10000,3013,-1.0914366,5.1685925,5.0,B01JOOM9GK
umap,10000,3014,1.904715,-2.5493307,5.0,B00009W3FR
umap,10000,3015,4.6688952,2.2470043,3.0,B07DC4RZPY
umap,10000,3016,0.80727106,3.629703,1.0,B09NVQQCS1
umap,10000,3017,1.7459888,-1.6694885,5.0,B0BKR7WJK1
umap,10000,3018,3.2161357,1.2345126,1.0,B07Q38RQG7
umap,10000,3019,0.38241938,-1.6400856,4.0,B019Y5OGNS
umap,10000,3020,0.7341064,-5.211168,4.0,B00KHA1ZTS
umap,10000,3021,-0.5484585,2.7402904,5.0,B002C03AIA
umap,10000,3022,0.47324833,3.4813118,4.0,B004PBLR3O
umap,10000,3023,-1.1382705,1.9308527,5.0,B074D5Z4P2
umap,10000,3024,-2.8162239,0.12326806,1.0,B0002Q7I2U
umap,10000,3025,1.3369559,4.2997828,5.0,B008GGH4FY
umap,10000,3026,1.361574,3.1957643,5.0,B006GWO5WK
umap,10000,3027,0.82704234,1.3387308,5.0,B009D7BJR4
umap,10000,3028,-1.2900736,5.139256,5.0,B0BZHJFFQ5
umap,10000,3029,1.9268562,3.6783326,5.0,B08VHZDMYC
umap,10000,3030,-0.5425225,4.7677493,5.0,B06ZZY4VNW
umap,10000,3031,0.8137338,2.5335333,5.0,1400501466
umap,10000,3032,-2.0059752,1.857287,4.0,B0BGP6X9NF
umap,10000,3033,1.8845174,0.050958294,5.0,B07DPDT6LC
umap,10000,3034,-2.148154,-0.7561109,5.0,B0B285L64J
umap,10000,3035,2.5168371,-1.9231064,5.0,B00IQXZXSW
umap,10000,3036,2.128872,2.29352,3.0,B00S5BNIX2
umap,10000,3037,-1.6663092,-3.593328,5.0,B00CO07C5U
umap,10000,3038,-0.51293784,0.33740318,5.0,B00AA9Q94C
umap,10000,3039,0.08422433,-3.180727,3.0,B006C13X4Q
umap,10000,3040,1.7309791,1.9302671,5.0,B09PN77YZV
umap,10000,3041,1.6452248,-0.39335504,5.0,B000GABK8K
umap,10000,3042,-0.6160115,-4.631522,5.0,B086ND88S1
umap,10000,3043,-1.182718,-4.6046066,3.0,B079GPYJ3N
umap,10000,3044,7.29509,3.929101,2.0,B07JPC1M9H
umap,10000,3045,3.6963,2.9604998,5.0,B07C64MGWQ
umap,10000,3046,4.4111695,1.7120048,5.0,B07QQBVRVS
umap,10000,3047,-1.6621392,-3.7393663,4.0,B07D4734HR
umap,10000,3048,-0.693663,-4.045433,5.0,B07CT1X8V8
umap,10000,3049,4.7218313,3.2969003,5.0,B07DNZZCPX
umap,10000,3050,5.7607946,1.3465168,4.0,B07G5YXYFL
umap,10000,3051,5.060759,3.9120307,5.0,B001W26TIW
umap,10000,3052,1.3089219,0.8659865,5.0,B07DQF8LHL
umap,10000,3053,5.3459973,3.2275667,2.0,B07FJGGWJL
umap,10000,3054,-1.1408721,-4.1422706,4.0,B01HL8LXQ8
umap,10000,3055,5.836938,6.4527836,5.0,B07DNSZPXG
umap,10000,3056,3.0052133,1.9319884,5.0,B07TM7WR7G
umap,10000,3057,2.220812,1.0912766,5.0,B07M93Z1NT
umap,10000,3058,2.6756217,2.2670314,5.0,B07MV5B9XC
umap,10000,3059,1.0019262,-2.3162584,5.0,B07CHLYDJP
umap,10000,3060,2.2574546,2.0533857,2.0,B07KHZ3GMS
umap,10000,3061,2.4350595,2.7183037,2.0,B0C19LF9N1
umap,10000,3062,-0.8247938,-4.654628,5.0,B01NAYSJZP
umap,10000,3063,-1.4884334,-1.2871325,5.0,B079TSTB5V
umap,10000,3064,0.21291633,4.3863196,1.0,B09NKWBQHD
umap,10000,3065,3.7465162,1.7021923,5.0,B01DRV2AS8
umap,10000,3066,7.5535207,3.3444045,5.0,B00FZ1ABQM
umap,10000,3067,5.767579,1.4675483,5.0,B00F5JV4NS
umap,10000,3068,4.472894,1.7472348,5.0,B071K5BQPF
umap,10000,3069,1.2483884,0.9172436,5.0,B0791TX5P5
umap,10000,3070,5.3496404,3.1175518,4.0,B07G4B7RKG
umap,10000,3071,2.6454558,2.0932379,3.0,B0B4274T5Q
umap,10000,3072,-2.8115017,1.172929,1.0,B08F6GPRH6
umap,10000,3073,-2.5953228,1.2995877,2.0,B0C58WY192
umap,10000,3074,-2.6220965,1.3164264,2.0,B0C2P8Y25Y
umap,10000,3075,-0.20155047,0.6090141,3.0,B01K9HS4Q0
umap,10000,3076,-1.772297,1.122693,3.0,B01C8BZGKW
umap,10000,3077,-2.2988122,1.6526692,4.0,B001T9NVJI
umap,10000,3078,-0.57904553,-4.1033983,5.0,B00WUQ91YI
umap,10000,3079,2.9836657,0.6675269,5.0,B00WUR607I
umap,10000,3080,3.5490096,0.6794226,4.0,B005NAQU1A
umap,10000,3081,1.108864,-0.8930923,1.0,B001PUSERA
umap,10000,3082,-3.5015147,-3.5214536,5.0,B07S9THRC5
umap,10000,3083,2.8833034,-1.4023525,5.0,B0BX8DMYWL
umap,10000,3084,-3.6225345,-3.43682,5.0,B07H65KP63
umap,10000,3085,1.8745273,-1.7695138,5.0,B0BC86L9C1
umap,10000,3086,-1.427876,3.044039,5.0,B0BVB9MRK1
umap,10000,3087,-1.0331718,-3.1425138,2.0,B071GQM5VF
umap,10000,3088,0.9385625,1.4174161,5.0,B01K8B8YA8
umap,10000,3089,1.9906197,1.5730987,5.0,B0B4SWZTZ1
umap,10000,3090,0.85013044,0.4698075,5.0,B07CLBNM1C
umap,10000,3091,1.165221,-2.2074957,3.0,B09PFQ4H5T
umap,10000,3092,-0.29229265,-0.4998691,5.0,B092PWBV1D
umap,10000,3093,0.21671914,2.9663384,5.0,B0C5XFWQ16
umap,10000,3094,0.5163624,1.9981555,5.0,B09TND753D
umap,10000,3095,-1.0263858,3.9232311,5.0,B07QG7FS3S
umap,10000,3096,0.18820621,1.9724336,5.0,B07T3KCQ94
umap,10000,3097,-2.7293975,-1.3217057,3.0,B08FC1KJ8Z
umap,10000,3098,1.7935978,-0.9412266,5.0,B09G2SFXSZ
umap,10000,3099,0.55344903,-5.8497057,5.0,B08D8PC712
umap,10000,3100,4.6846986,3.6102295,5.0,B07RR5WZCR
umap,10000,3101,0.41423815,0.72185934,5.0,B0BC89JP1P
umap,10000,3102,2.4856822,-1.902226,5.0,B017LSIXDE
umap,10000,3103,-0.8147377,-4.700205,5.0,B0B59QBY9G
umap,10000,3104,-3.5729153,-3.2033813,5.0,B01A0MTS3W
umap,10000,3105,-2.911181,0.68087184,5.0,B08MRTZWJ5
umap,10000,3106,-0.50904125,-4.4061317,5.0,B07GLXY253
umap,10000,3107,-0.5258901,-4.430993,5.0,B07H3W1FD8
umap,10000,3108,-1.0427735,-4.224059,5.0,B075K7JXFQ
umap,10000,3109,2.2962706,0.73941725,5.0,B0B46FYQVX
umap,10000,3110,1.0513744,-2.4134989,5.0,B07799Z6F4
umap,10000,3111,-2.8272717,1.1591386,5.0,B006WG5628
umap,10000,3112,0.8011753,-2.3362684,5.0,B074W4N5HZ
umap,10000,3113,1.3955678,3.1167037,5.0,B08X2DCF2B
umap,10000,3114,-1.9911073,3.8335328,5.0,B01L3YMW8O
umap,10000,3115,-4.991495,0.34156582,5.0,B00ZN07GBS
umap,10000,3116,2.9613972,2.524719,5.0,B00UBNCLGC
umap,10000,3117,0.9889136,0.3128274,5.0,B00MW5Y7F0
umap,10000,3118,4.0537677,1.7143657,5.0,B08MV8WRJZ
umap,10000,3119,4.6775236,3.0880582,5.0,B01K5W753C
umap,10000,3120,-4.2258477,0.40952724,1.0,B075QC3TZY
umap,10000,3121,2.1874788,-1.4049348,2.0,B071JN93MK
umap,10000,3122,3.0012448,2.7696826,5.0,B08YMVB98D
umap,10000,3123,0.3548467,4.323463,5.0,B0765VCQF1
umap,10000,3124,3.3857932,2.233125,5.0,B089F9YDFC
umap,10000,3125,4.8701344,0.95670104,5.0,B08KZ1TZYB
umap,10000,3126,-0.7028747,-0.36521113,2.0,B08N5DB78L
umap,10000,3127,4.8586226,0.8063077,5.0,B0BWQ2D1YL
umap,10000,3128,4.88469,0.8408239,5.0,B0BWVDRR6L
umap,10000,3129,4.8585896,0.8780499,5.0,B07CLBNM1C
umap,10000,3130,-0.0051906174,-4.568438,5.0,B0BM8P66Y5
umap,10000,3131,4.1955156,1.3709812,5.0,B000WBN7KW
umap,10000,3132,4.183835,1.3523629,5.0,B0B6D4W3R7
umap,10000,3133,4.995765,1.0771077,5.0,B08HVMVP91
umap,10000,3134,1.7184483,-1.5897427,1.0,B08VWZRB92
umap,10000,3135,2.8567195,2.5481145,5.0,B0722RV8BD
umap,10000,3136,-0.4844662,-4.1696076,4.0,B00HEGP40E
umap,10000,3137,-0.30419192,0.4219045,5.0,B008422IL0
umap,10000,3138,-0.15237536,0.2698934,4.0,B002YK5OX2
umap,10000,3139,1.5004661,-0.42974913,5.0,B000UXDHNY
umap,10000,3140,-1.3678216,-4.489776,1.0,B0BRKGDT42
umap,10000,3141,-3.9596648,0.4953056,5.0,B0933BVK6T
umap,10000,3142,-2.4989176,-2.0007105,5.0,B0C3NMZ2C7
umap,10000,3143,0.41390625,4.205223,5.0,B08HGHSZ8N
umap,10000,3144,-1.5463462,-3.2211375,1.0,B092LS2DW9
umap,10000,3145,-1.2915832,2.026135,5.0,B0B751K1LV
umap,10000,3146,0.95536023,4.11666,5.0,B09W8XTYK3
umap,10000,3147,3.0971878,-4.932715,5.0,B01N0QQ962
umap,10000,3148,-0.6170663,-3.3736544,2.0,B08YF1VBYD
umap,10000,3149,-0.3210755,-3.3764374,5.0,B07WNGQ8KR
umap,10000,3150,2.1684647,2.4969454,5.0,B01ITOFEX6
umap,10000,3151,-1.6733196,1.2511784,4.0,B01BEWBQDM
umap,10000,3152,1.3294836,3.1445758,4.0,B01BRWH8G8
umap,10000,3153,-0.03725137,3.0783908,5.0,B00FJ8JC3O
umap,10000,3154,4.639032,3.6232512,3.0,B00G8B4JXE
umap,10000,3155,3.0365438,1.9436446,3.0,B00DR0B31U
umap,10000,3156,1.4909546,2.9350777,1.0,B00D7QH9PS
umap,10000,3157,-1.9949167,-1.4718152,4.0,B00BD8SZLE
umap,10000,3158,-1.9034419,-1.0918602,4.0,B00E0ITM6G
umap,10000,3159,3.8364372,0.7477619,4.0,B07Y69FKM2
umap,10000,3160,1.8974242,1.7561929,5.0,B0C3HNDTW1
umap,10000,3161,-1.2776277,5.191967,5.0,B07K3QSBW3
umap,10000,3162,-0.3861947,-4.431855,5.0,B076Z6MS5S
umap,10000,3163,0.24968658,3.7470665,5.0,B07G33WLL1
umap,10000,3164,-2.00596,1.9215276,5.0,B082FBHMJV
umap,10000,3165,-1.0316337,-3.7731118,4.0,B097MBW35T
umap,10000,3166,2.8067923,-1.334702,5.0,B01LEXSQV6
umap,10000,3167,-3.3904753,-1.5018967,5.0,B07RKYQGG4
umap,10000,3168,0.98945487,1.2502584,4.0,B071V7SV6P
umap,10000,3169,-2.8428752,1.2361476,1.0,B0C6JPB6N3
umap,10000,3170,-1.403298,0.89582676,2.0,B07DRX79RY
umap,10000,3171,-2.3279488,1.4886383,5.0,B01B4J8OJ4
umap,10000,3172,2.8505778,1.1612127,3.0,B004S55GWK
umap,10000,3173,-2.934168,1.2279925,5.0,B0C16WKB95
umap,10000,3174,-1.8282235,-1.5404661,5.0,B082F13J55
umap,10000,3175,0.15454437,-3.4810188,5.0,B07FKFMRGF
umap,10000,3176,-1.1162518,-0.19200946,5.0,B07FZVBRDW
umap,10000,3177,-5.0629964,0.36076745,5.0,B0B76XXRG6
umap,10000,3178,-0.8420901,-3.9464717,5.0,B0BKZQ9MYV
umap,10000,3179,4.0115385,1.3674024,5.0,B09ZTXZ1MQ
umap,10000,3180,1.5268768,-0.06669232,4.0,B01LZDH3IR
umap,10000,3181,2.3856418,1.9549934,5.0,B0BPG4DHF7
umap,10000,3182,1.8784322,-2.062926,5.0,B0C177TK5Y
umap,10000,3183,1.8277763,-2.057604,5.0,B0C177TK5Y
umap,10000,3184,4.327025,0.5364393,4.0,B095HVX3Y2
umap,10000,3185,-0.7053813,2.8480227,4.0,B09SZNN6Y3
umap,10000,3186,-3.3303752,-1.5031588,5.0,B08D6XRT7L
umap,10000,3187,3.5491076,0.27264,5.0,B0B12M535K
umap,10000,3188,0.25464258,0.87889576,5.0,B07BD4HTM8
umap,10000,3189,2.1995397,-1.9037026,5.0,B078N74NXD
umap,10000,3190,0.23876077,2.2226074,5.0,B076MJW31F
umap,10000,3191,0.35801223,4.3372207,4.0,B06ZZGPD4D
umap,10000,3192,0.51717067,-5.0652704,4.0,B076FBTHMD
umap,10000,3193,-0.005554942,-4.981262,5.0,B0778PCW73
umap,10000,3194,-0.6871801,-4.2168493,5.0,B079MSMRDF
umap,10000,3195,-4.1225953,0.9161858,5.0,B09BDZ5297
umap,10000,3196,0.9153842,3.7157383,5.0,B07RGNMCVM
umap,10000,3197,-1.0184234,-3.9009519,5.0,B072C77LPK
umap,10000,3198,2.419417,-1.7097303,5.0,B09PQQ4LZB
umap,10000,3199,1.2623696,-1.7461112,5.0,B085SGR1TV
umap,10000,3200,1.2678965,-1.7816892,5.0,B085S9XQ1X
umap,10000,3201,0.16231148,-3.3289702,5.0,B089VT8KYF
umap,10000,3202,-2.0420918,-1.0530823,2.0,B0BV3NWX67
umap,10000,3203,1.6566565,-1.8463662,5.0,B07XS5W3BZ
umap,10000,3204,5.878271,-1.8564056,5.0,B083R5QN26
umap,10000,3205,-1.032345,3.7164044,3.0,B08B3NKF9J
umap,10000,3206,0.43213716,-0.39271078,5.0,B083ZZ96PT
umap,10000,3207,-4.010585,0.41434628,1.0,B07FCTF698
umap,10000,3208,0.5012932,-1.1426489,3.0,B07V4GJDLN
umap,10000,3209,-2.0168545,-1.1482137,5.0,B07CM5NZRC
umap,10000,3210,-0.25533813,0.53724575,5.0,B07NQ9Q3QT
umap,10000,3211,-1.2001452,4.5833364,5.0,B07ZZ595TG
umap,10000,3212,-3.3543882,-1.3127307,5.0,B0BRT3SCLX
umap,10000,3213,0.7823303,-2.6243114,5.0,B07QKZX6JS
umap,10000,3214,-0.51625156,2.496616,5.0,B07K72MW7K
umap,10000,3215,-0.58607537,0.31264853,5.0,B07VLPLP27
umap,10000,3216,-1.5848888,0.976783,5.0,B07P5R2D42
umap,10000,3217,-1.6014631,0.9772998,5.0,B08Q4PLP1Q
umap,10000,3218,-1.2728488,0.8064994,5.0,B09GFXT5LQ
umap,10000,3219,-0.22197257,3.2112834,3.0,B07WZZXW7D
umap,10000,3220,-2.7045953,-0.17847188,3.0,B07DQYFCXM
umap,10000,3221,1.5117828,-1.8107971,5.0,B07XS83Y6N
umap,10000,3222,2.8857062,-1.2682765,5.0,B07QKPCWN5
umap,10000,3223,-1.1844547,4.5445147,3.0,B07HCCGXZ6
umap,10000,3224,-3.6006806,-3.4889276,5.0,B07MLY3JKV
umap,10000,3225,0.76336104,-2.4539917,5.0,B07STTXY55
umap,10000,3226,-0.93469113,-1.8285303,5.0,B07N7HWP59
umap,10000,3227,0.22173654,2.572021,3.0,B07JHPZ7NY
umap,10000,3228,-1.0698335,5.0423536,2.0,B07RPV215N
umap,10000,3229,-1.1661327,1.9261581,5.0,B07JGSN975
umap,10000,3230,-3.6857488,-3.285523,5.0,B07KTYJ769
umap,10000,3231,-3.543499,-3.5414872,3.0,B07FQDMKFT
umap,10000,3232,1.4700909,-2.185972,5.0,B07DWD3NNP
umap,10000,3233,-2.6875262,2.6679032,5.0,B07HP4QYKQ
umap,10000,3234,1.441905,-2.1894479,5.0,B07JMFQTC5
umap,10000,3235,-1.3078825,1.9124409,5.0,B07G3N7M78
umap,10000,3236,-2.864048,1.2337252,4.0,B07B1B8W17
umap,10000,3237,-2.891815,1.1728245,1.0,B09PZ9MMQY
umap,10000,3238,-3.416492,-1.6625386,3.0,B0762QT7S6
umap,10000,3239,-2.1283977,-0.9822201,5.0,B01DU67QZM
umap,10000,3240,-4.0548167,0.39917946,4.0,B075QC3TZY
umap,10000,3241,-2.627341,1.2687626,5.0,B073VJVS79
umap,10000,3242,-3.3613422,-1.6795905,5.0,B06XJNDYX8
umap,10000,3243,-0.4915108,0.30512702,5.0,B0BVH2C84P
umap,10000,3244,-0.5645826,0.2916717,5.0,B098RJMJTW
umap,10000,3245,-2.1182399,-2.4050457,5.0,B07D19HKXB
umap,10000,3246,-1.7411072,2.3220813,5.0,B078HH3Z92
umap,10000,3247,-0.099069096,-5.220927,3.0,B076K6QXF5
umap,10000,3248,-1.3135968,-1.1013021,5.0,B07BFTYT32
umap,10000,3249,5.870715,-1.8426477,5.0,B076PMVZMR
umap,10000,3250,0.2181395,0.78457844,5.0,B07CY79CKZ
umap,10000,3251,0.23405305,-1.011836,5.0,B078JWNK19
umap,10000,3252,-0.44158977,-4.9759254,3.0,B076WTK9T8
umap,10000,3253,-0.4345573,0.01306787,5.0,B01MZC303G
umap,10000,3254,-3.7811143,-1.6358627,5.0,B077HD38VF
umap,10000,3255,0.95952284,-2.3317904,5.0,B078N74NXD
umap,10000,3256,1.4683868,-1.8399758,5.0,B07BWMNQTY
umap,10000,3257,-2.4719605,1.0078323,3.0,B0B7N8S4T5
umap,10000,3258,-3.529145,-3.5442305,5.0,B07CJZ5YHS
umap,10000,3259,-1.1724647,0.7769161,5.0,B01DZK3J40
umap,10000,3260,0.38219008,3.9807193,5.0,B071QWWPJY
umap,10000,3261,0.2782215,1.1035148,5.0,B084Y41WCL
umap,10000,3262,-1.9184948,-3.1223028,5.0,B0BSDQJCWP
umap,10000,3263,-0.63861036,3.748651,5.0,B071FQFSR2
umap,10000,3264,0.2160681,2.1811757,5.0,B07F9CQK4V
umap,10000,3265,1.0992779,4.055399,2.0,B00ZTRYG3Q
umap,10000,3266,1.6790006,-1.5401809,5.0,B01NCUV35P
umap,10000,3267,2.7073107,-0.9994231,5.0,B06WP2Y7B4
umap,10000,3268,-4.9118524,0.47173032,5.0,B00JROCJY0
umap,10000,3269,-3.8950853,-1.6615936,5.0,B01EOQ61KI
umap,10000,3270,-4.9361277,0.40717798,3.0,B0163JVYEW
umap,10000,3271,-0.22474208,-3.0350218,4.0,B0BG9GCSM4
umap,10000,3272,2.724827,-1.0434203,5.0,B01HDC21FE
umap,10000,3273,0.39004987,-0.9977623,5.0,B017PDWTJY
umap,10000,3274,-0.067270346,-1.2525578,5.0,B07WNYRQPT
umap,10000,3275,-0.061853413,-1.3812643,5.0,B01B448PBG
umap,10000,3276,-0.038140707,-1.3835933,5.0,B015OV4Z0A
umap,10000,3277,-1.9480358,-1.150611,5.0,B01KICHFQQ
umap,10000,3278,-3.463866,-1.5331622,5.0,B01GPAOJJG
umap,10000,3279,0.3850265,-1.0183752,4.0,B01DBOX9HW
umap,10000,3280,-3.6007981,0.07128429,4.0,B01CEAYWZW
umap,10000,3281,-0.5608428,-0.7643944,5.0,B07LBZNCPW
umap,10000,3282,1.066923,3.9906647,3.0,B0182XHSVA
umap,10000,3283,-4.951437,0.4536531,1.0,B012D4MMPG
umap,10000,3284,-0.14455381,-1.1986917,5.0,B082JQM2NZ
umap,10000,3285,-0.15368484,-1.144756,5.0,B09J74RPGH
umap,10000,3286,0.10098868,3.9782438,5.0,B012VOOCR4
umap,10000,3287,-1.1494108,0.6465302,5.0,B00ZCFYT5K
umap,10000,3288,-1.4948539,0.90783674,5.0,B00TKFEPHA
umap,10000,3289,-0.20810106,-5.742369,5.0,B00ZBA3OSO
umap,10000,3290,2.066469,3.3817937,5.0,B00R5VS6G2
umap,10000,3291,-3.365413,-1.565319,5.0,B099RZY28N
umap,10000,3292,-0.087596856,-1.1208088,5.0,B00PAPMSLE
umap,10000,3293,-3.9036531,-1.6542968,5.0,B01EYGOOLQ
umap,10000,3294,-3.4201639,-1.6255945,5.0,B00ON7AX3U
umap,10000,3295,-0.65309477,3.724778,5.0,B00IU7COAE
umap,10000,3296,1.1167021,3.9287302,3.0,B00LNTM2HG
umap,10000,3297,0.31408125,1.2628337,5.0,B00NGK92IM
umap,10000,3298,-1.2284881,-3.9563143,5.0,B01AS57B0I
umap,10000,3299,-0.38582936,-4.505144,5.0,B00LSYHLR2
umap,10000,3300,-1.4494644,0.8908161,5.0,B00MBFPT3A
umap,10000,3301,1.819388,-1.4511396,5.0,B00GV4UIVA
umap,10000,3302,-0.6870667,3.703516,5.0,B00FZ9SMVU
umap,10000,3303,-0.28016788,3.938949,4.0,B00EL8NIJC
umap,10000,3304,1.1005678,3.939743,4.0,B00DQZT494
umap,10000,3305,-0.6001736,3.7694259,5.0,B00DQZTS8Q
umap,10000,3306,1.0612597,3.9477668,4.0,B00DQZT0AC
umap,10000,3307,-3.5476248,-1.6094968,5.0,B00EXK14S0
umap,10000,3308,-1.3555149,3.4664795,5.0,B071HQ3Z7C
umap,10000,3309,-0.99705744,0.51973295,4.0,B00AQRUW4Q
umap,10000,3310,0.25622815,3.1798115,5.0,B006422WSG
umap,10000,3311,0.97371894,3.9128833,5.0,B009WZRAQQ
umap,10000,3312,1.0569335,3.9768808,5.0,B008MF3OEY
umap,10000,3313,-0.6153991,3.7177835,5.0,B008LURQ76
umap,10000,3314,1.0273112,3.9429927,5.0,B009X0167Y
umap,10000,3315,1.0108318,3.9266117,5.0,B009X01C64
umap,10000,3316,0.6367856,3.5351245,2.0,B07C3PQHC7
umap,10000,3317,1.2905635,3.2888587,5.0,B006GWO5WK
umap,10000,3318,0.2523352,3.0210783,3.0,B000CKVOOY
umap,10000,3319,-0.18292786,3.2592182,5.0,B00G5D6ER4
umap,10000,3320,0.27819505,3.1649575,5.0,B006422BWS
umap,10000,3321,-0.22299992,3.1449163,4.0,B004YIZXEC
umap,10000,3322,-0.11694472,3.371888,4.0,B007MD2DJY
umap,10000,3323,-1.358402,3.4427795,2.0,B06XKCPK5W
umap,10000,3324,1.8449435,-0.09429163,5.0,B005NESDDY
umap,10000,3325,-0.6908546,3.7265713,5.0,B006N1TF7E
umap,10000,3326,-1.0595553,-3.2723265,5.0,B004M8ST5O
umap,10000,3327,-1.24765,-4.1138873,5.0,B0054QNL38
umap,10000,3328,0.4609028,3.5163574,4.0,B07G98G3BV
umap,10000,3329,0.6288336,-2.4503982,3.0,B07XG26541
umap,10000,3330,1.2289811,-1.9498428,5.0,B07WGPTZHR
umap,10000,3331,4.782157,0.77279556,5.0,B01HRVABD0
umap,10000,3332,2.6614034,-1.203604,5.0,B08WQ55H4Y
umap,10000,3333,-3.9527302,1.1540436,5.0,B00CRQUKQ4
umap,10000,3334,0.5948672,3.585678,5.0,B00C5H9QDI
umap,10000,3335,-1.1998254,-4.163296,5.0,B00XI9QUOK
umap,10000,3336,1.9137903,1.7155281,5.0,B009BKVYZK
umap,10000,3337,1.9316658,-0.76924425,1.0,B08QTLS3R5
umap,10000,3338,0.59453547,-4.9459686,5.0,B08LG67VW3
umap,10000,3339,1.3902994,0.11756694,1.0,B07N8VFFNS
umap,10000,3340,2.1354046,-1.4784367,1.0,B0BXL16HVK
umap,10000,3341,1.6949619,-1.4257556,1.0,B0CB11DLHG
umap,10000,3342,2.4084833,2.5668783,5.0,B09GJJK9ZY
umap,10000,3343,0.33380786,3.3181589,4.0,B09YVMS3B1
umap,10000,3344,2.678423,1.2454097,3.0,B013FC2FKM
umap,10000,3345,2.8286068,3.0226722,5.0,B077QS9KHC
umap,10000,3346,1.4450078,-2.2862234,1.0,B0BZ15FM42
umap,10000,3347,-2.0961792,-1.1536425,4.0,B08ZKMJWJH
umap,10000,3348,-1.5953816,3.3814075,5.0,B075RD4SCC
umap,10000,3349,-0.8170783,0.6121164,1.0,B07Q3VM5PH
umap,10000,3350,2.2969117,2.5489361,5.0,B07HMMRBGQ
umap,10000,3351,-1.5750071,3.354006,5.0,B006R0VWSG
umap,10000,3352,0.48729637,3.9349077,5.0,B07DS5H8LY
umap,10000,3353,0.5821506,3.8463058,4.0,B00ZZ3C6QS
umap,10000,3354,-0.37025157,3.7704308,5.0,B013JZCAZK
umap,10000,3355,0.54621124,-5.3212404,5.0,B018DOWITK
umap,10000,3356,1.2929173,-1.0699366,5.0,B008FSAS06
umap,10000,3357,-1.3560588,4.983579,3.0,B09CTXCL6D
umap,10000,3358,0.24974753,1.4498245,5.0,B09L4X16B6
umap,10000,3359,-0.86870754,-2.456944,3.0,B017WYDD1Y
umap,10000,3360,-0.64128464,-2.9051359,5.0,B084KQMH6V
umap,10000,3361,-2.3131435,1.6460967,5.0,B088MCTLM5
umap,10000,3362,-5.081519,0.3359865,5.0,B08J79T7CQ
umap,10000,3363,1.792955,1.8966669,4.0,B0BSXSYLRF
umap,10000,3364,0.96147716,2.9135125,5.0,B010BWYDYA
umap,10000,3365,-0.34251946,4.5013676,5.0,B0031MQMU6
umap,10000,3366,1.2534384,2.3342557,5.0,B08LZKCGQ6
umap,10000,3367,-1.0955248,-4.2269917,5.0,B09YDHLYRL
umap,10000,3368,-1.2062701,-4.0905695,5.0,B0BBMSYX16
umap,10000,3369,0.7551255,-5.3487225,5.0,B01CD7J968
umap,10000,3370,0.24568403,-5.695748,5.0,B0797CHKDJ
umap,10000,3371,0.28067845,1.1289186,5.0,B00K4PAP06
umap,10000,3372,1.143909,4.032972,4.0,B00DQZQ5T6
umap,10000,3373,0.4628505,4.56564,5.0,B009NPLXGS
umap,10000,3374,-1.1566405,4.977072,4.0,B01C7HZ47M
umap,10000,3375,-1.7222983,4.4435725,2.0,B01522TOL6
umap,10000,3376,-3.3387475,-1.7490095,4.0,B00CF030S2
umap,10000,3377,1.6744585,-1.3641564,5.0,B005VBNYDS
umap,10000,3378,-1.0084622,-4.0403776,4.0,B00BLCLUQO
umap,10000,3379,-1.7226039,4.456302,3.0,B002VPE1WK
umap,10000,3380,-1.1020864,-1.5778039,4.0,B00187P1HQ
umap,10000,3381,-1.1621691,-4.0313835,5.0,B007XOQI4S
umap,10000,3382,0.13650519,-4.761155,4.0,B0065VKQ34
umap,10000,3383,-3.4078717,-1.6187856,1.0,B000CRFI8A
umap,10000,3384,-1.444998,-1.282316,4.0,B0874YZVWK
umap,10000,3385,5.200797,3.567822,5.0,B07Z9FFTG1
umap,10000,3386,1.9211433,-0.98746926,5.0,B09CPMSXHC
umap,10000,3387,5.200295,4.14585,3.0,B09ZGWQ67Z
umap,10000,3388,-0.6594026,3.592877,5.0,B09FSZRG9Y
umap,10000,3389,3.717961,0.73194903,5.0,B09DPZ1578
umap,10000,3390,-0.4455529,-0.7986839,5.0,B0BLTJMQ3W
umap,10000,3391,3.8632097,0.7004736,5.0,B09Y5GR45N
umap,10000,3392,0.49919456,0.52236897,5.0,B01N6SEXI5
umap,10000,3393,0.18017085,1.9926702,4.0,B07JKWH97B
umap,10000,3394,-0.5495011,-0.75581527,5.0,B084V9CJB1
umap,10000,3395,-0.08447728,-5.205711,5.0,B07ZNBZCW5
umap,10000,3396,-0.2720811,-0.34759843,5.0,B01NAVO5PF
umap,10000,3397,-1.1918982,5.0276046,5.0,B07YFW6SKQ
umap,10000,3398,1.5996127,1.1791205,5.0,B00SFSU53G
umap,10000,3399,4.5768566,1.9421784,4.0,B00K4QX99O
umap,10000,3400,-3.290553,-1.3888382,4.0,B07324B77V
umap,10000,3401,1.5924712,-0.33409974,5.0,B08MRTZWJ5
umap,10000,3402,5.1981897,2.1453245,5.0,B01LH3DSB6
umap,10000,3403,10.133239,5.8294535,4.0,B008CQSDN0
umap,10000,3404,10.137935,5.8341937,3.0,B002AR5XIK
umap,10000,3405,7.5442924,3.9469268,5.0,B000V3UX62
umap,10000,3406,10.128059,5.8238425,4.0,B00CE8DUYY
umap,10000,3407,10.126324,5.8227277,3.0,B0096PLB9O
umap,10000,3408,10.132291,5.8284206,4.0,B00BJH6A1Q
umap,10000,3409,5.1681414,2.1150804,5.0,B00B0CQCCC
umap,10000,3410,10.138427,5.8341784,3.0,B00DSX557O
umap,10000,3411,9.972122,5.6832433,5.0,B00WY654TU
umap,10000,3412,-1.3230957,0.84216285,5.0,B008J0Z9TA
umap,10000,3413,-0.49079183,2.398746,5.0,B0BXYXD1Q2
umap,10000,3414,0.75612277,-2.3548708,5.0,B013EKI2DY
umap,10000,3415,-1.1431451,4.4764233,3.0,B01AAZWQL0
umap,10000,3416,2.1398077,-0.59146154,5.0,B08HRK6RT8
umap,10000,3417,-0.74432206,4.270407,5.0,B07LGVQ8TC
umap,10000,3418,-1.8959879,1.5953448,5.0,B07V2P6H3Y
umap,10000,3419,1.9218428,-2.0995243,5.0,B07K8G9142
umap,10000,3420,4.2791963,1.69563,5.0,B084DQY6TK
umap,10000,3421,-2.8534548,1.2480749,4.0,B08RLW7918
umap,10000,3422,3.4056985,1.0279431,5.0,B0BC7QQXX5
umap,10000,3423,2.0085993,1.6154274,5.0,B0791TX5P5
umap,10000,3424,1.3228697,3.6284044,2.0,B0741WGQ36
umap,10000,3425,1.3783349,3.2689328,5.0,B08J9NQ6CS
umap,10000,3426,1.5646255,-0.6309372,5.0,B0083YCFIK
umap,10000,3427,0.5884492,3.5628874,5.0,B09VSZJHNV
umap,10000,3428,-0.8472763,-2.5446677,5.0,B01EG5502W
umap,10000,3429,3.831435,0.6162175,3.0,B07JY97R2B
umap,10000,3430,0.7006883,-4.970482,5.0,B01N4DUGHQ
umap,10000,3431,3.4179933,-0.029910244,5.0,B09MT8LK6Q
umap,10000,3432,-1.1026295,-0.14716062,5.0,B01G2AJ5W0
umap,10000,3433,1.0505297,3.637487,5.0,B00902SFC4
umap,10000,3434,1.4547327,3.1374083,5.0,B0086829D4
umap,10000,3435,-0.5902017,4.866914,2.0,B07B65Q3RC
umap,10000,3436,-2.0935197,0.7847441,5.0,B0875M44Y5
umap,10000,3437,6.149421,-1.6481767,5.0,B00MK24EUI
umap,10000,3438,-0.8422627,0.51320106,5.0,B0928VH1XV
umap,10000,3439,-1.0352333,4.533013,3.0,B015QTOS0C
umap,10000,3440,0.4084294,3.6994243,5.0,B00L661Z6U
umap,10000,3441,2.9784908,0.72597134,1.0,B000Q37TBY
umap,10000,3442,-3.3376427,-0.11680422,5.0,B079BZQ987
umap,10000,3443,-3.3004239,-2.9890635,2.0,B075X8471B
umap,10000,3444,3.2155693,-0.9761576,5.0,B0153CASRY
umap,10000,3445,2.6991558,-0.9878448,5.0,B079Z981R2
umap,10000,3446,-1.9224038,-3.1140134,5.0,B007IPZDNO
umap,10000,3447,5.221254,3.3057961,5.0,B0001O04SS
umap,10000,3448,1.8003463,3.0622025,5.0,B000BJSEQW
umap,10000,3449,0.7543743,2.9323933,3.0,B0001ZZ838
umap,10000,3450,2.4728258,4.0673714,5.0,B000OUS3A0
umap,10000,3451,2.748599,1.1537273,5.0,B002L6HE6E
umap,10000,3452,-0.7553466,-0.56291735,5.0,B000P6MOG2
umap,10000,3453,-0.5547908,-3.9453669,5.0,B000065BP9
umap,10000,3454,2.6782308,-0.9558983,5.0,B0BZ5KPQZK
umap,10000,3455,1.3839334,4.3656483,5.0,B071L6FK53
umap,10000,3456,0.36861506,4.6652956,5.0,B00AX2DULQ
umap,10000,3457,4.8612657,1.1112902,5.0,B00AX2DUQQ
umap,10000,3458,1.4064754,3.3367648,5.0,B010BWYDYA
umap,10000,3459,0.46117488,4.792769,3.0,B06XPVC1BD
umap,10000,3460,-2.1972609,-0.9066854,1.0,B0BV3NWX67
umap,10000,3461,0.16532753,4.10644,3.0,B08YNPQPR8
umap,10000,3462,-1.1691316,1.9351032,5.0,B07VDPY2RL
umap,10000,3463,-3.6414182,-3.3762357,4.0,B07MLY3JKV
umap,10000,3464,3.055247,0.8017963,1.0,B0887X4XSD
umap,10000,3465,1.5115204,-0.6020542,4.0,B08PQC7RKN
umap,10000,3466,-3.7080152,-3.2481172,5.0,B07KTYJ769
umap,10000,3467,-0.48530668,-3.902643,5.0,B0792K2BK6
umap,10000,3468,0.49319226,4.0819054,5.0,B00WTPH5SO
umap,10000,3469,-0.36406568,-4.2731943,5.0,B098B43MXM
umap,10000,3470,-3.5752983,-3.5476003,5.0,B07H65KP63
umap,10000,3471,1.3426819,3.1817634,5.0,B01M3ULMWP
umap,10000,3472,0.27115083,4.271162,5.0,B0721MMN1M
umap,10000,3473,-2.617874,1.154007,5.0,B0C21131CZ
umap,10000,3474,-2.508771,1.3754824,5.0,B0B5LCZY7N
umap,10000,3475,-0.5365581,-3.9539254,5.0,B0BLTVYRCF
umap,10000,3476,1.1821213,-2.7542555,5.0,B08QHPDHF9
umap,10000,3477,-0.81282747,-3.7542412,5.0,B0C5WN1QFK
umap,10000,3478,0.57305855,4.656858,2.0,B082B4WPNS
umap,10000,3479,-0.15403332,-5.7377944,5.0,B07G7VT8KQ
umap,10000,3480,-0.3004517,-5.5189705,5.0,B08PFW1S1V
umap,10000,3481,1.1580359,0.68463075,5.0,B0C5SBGRNJ
umap,10000,3482,-1.7841098,-4.05497,5.0,B0BXWV8898
umap,10000,3483,2.2142336,-1.5662229,5.0,B001EZYMF4
umap,10000,3484,-1.7296264,-4.0867405,5.0,B089NDQJSJ
umap,10000,3485,-3.32112,-1.6353711,5.0,B0BS2TMK39
umap,10000,3486,4.686565,3.495849,5.0,B00TZAO9DK
umap,10000,3487,-1.1421831,-3.8592129,5.0,B094YFRL85
umap,10000,3488,-0.39202806,3.7190588,5.0,B00RNGOHO4
umap,10000,3489,0.7764464,3.6335497,5.0,B01HCHVUOS
umap,10000,3490,-0.5492387,-3.506539,4.0,B00ZVJAF9G
umap,10000,3491,-1.4598799,-4.048214,5.0,B00B9B4IYI
umap,10000,3492,0.083873354,-3.619251,5.0,B001MPWMDA
umap,10000,3493,-0.16438921,-1.362855,5.0,B001LOP874
umap,10000,3494,-0.7723294,-3.2755833,5.0,B000EPHR0C
umap,10000,3495,0.37503758,3.7945821,4.0,B000FARNN2
umap,10000,3496,5.809553,1.2918586,5.0,B07725JKKY
umap,10000,3497,6.840087,9.187094,5.0,B0BMGZXST9
umap,10000,3498,7.0712075,3.8351595,5.0,B08HPFJ6J1
umap,10000,3499,3.1599607,3.8550432,5.0,B07PQJJMHD
umap,10000,3500,0.5567557,-5.37018,3.0,B09F5PYV9J
umap,10000,3501,0.69634587,4.4117165,5.0,B081CDDL1P
umap,10000,3502,0.16227362,-4.695815,4.0,B0BTLN9QH9
umap,10000,3503,0.688008,0.8408642,1.0,B00CRXZVGQ
umap,10000,3504,8.713043,5.6792254,5.0,B07L3RSM2L
umap,10000,3505,1.5164354,1.2114785,5.0,B07K843CLB
umap,10000,3506,0.7513704,3.5019338,1.0,B00Y5IQ7HS
umap,10000,3507,0.014323665,-3.642923,1.0,B0BS1615YC
umap,10000,3508,5.287339,1.5036318,5.0,B01LYW41TH
umap,10000,3509,3.7505538,0.8150812,1.0,B07KQL6J9Q
umap,10000,3510,-0.3474825,-4.720455,1.0,B07WWNNC1J
umap,10000,3511,-2.7361372,1.4880892,2.0,B07GZFM1ZM
umap,10000,3512,-0.5487068,2.5858371,4.0,B0B4X15PCR
umap,10000,3513,2.508218,-1.2135456,4.0,B0BNT7YX1C
umap,10000,3514,1.3189561,-2.5090997,5.0,B0C493YD8M
umap,10000,3515,-1.4332083,1.9613459,5.0,B0BR3HFB4L
umap,10000,3516,-1.701916,2.5384011,5.0,B0BMLRK2HT
umap,10000,3517,2.1997492,-1.1836749,5.0,B0BWHHJQQ9
umap,10000,3518,-0.0006710858,0.3541,5.0,B0C9F57ZG8
umap,10000,3519,-0.84315085,3.9710114,5.0,B0C461JPR5
umap,10000,3520,-0.90904015,3.8711302,5.0,B0C65RMTNV
umap,10000,3521,-2.3763812,2.884223,5.0,B0BBZC1FTG
umap,10000,3522,-2.6707675,1.2554027,5.0,B0BM3581GL
umap,10000,3523,-1.1624286,1.9910904,5.0,B0BT76ZMN9
umap,10000,3524,-1.6445034,-0.23641947,5.0,B0BVB5R4HJ
umap,10000,3525,0.3062528,4.28254,5.0,B0BGX92F3J
umap,10000,3526,-0.10054726,0.7253621,2.0,B0C1GNZZ1M
umap,10000,3527,0.35501382,-1.0085772,5.0,B0BM8TJY8S
umap,10000,3528,-0.6024511,2.6099524,4.0,B0BN4X5WG1
umap,10000,3529,-0.10577896,-1.1507219,4.0,B0C1NFW1HT
umap,10000,3530,-1.4190692,2.016606,4.0,B0BNWJN35V
umap,10000,3531,-0.61203855,2.7448764,5.0,B0BTNH4TQ9
umap,10000,3532,-0.87000644,3.8450909,1.0,B0B6C7F94W
umap,10000,3533,-3.2453523,2.1729617,2.0,B0CB1HY9P1
umap,10000,3534,-0.65235597,2.7742758,4.0,B0C48XL8M7
umap,10000,3535,-0.010979105,-3.7698996,4.0,B0BLVWK2BR
umap,10000,3536,-1.3120962,1.9576844,5.0,B0BF55ZD6Z
umap,10000,3537,-1.3451201,2.2021782,2.0,B0BB6YT4ML
umap,10000,3538,0.37628257,-1.027836,3.0,B0BCWDGVTM
umap,10000,3539,0.3763872,-1.0025935,5.0,B0BND3RXWC
umap,10000,3540,0.21187499,2.0838106,5.0,B09M7RD84H
umap,10000,3541,-0.106340215,-1.1169188,2.0,B0BV5NRPM5
umap,10000,3542,-1.6962209,2.2205884,5.0,B0BBVMYMK9
umap,10000,3543,-0.13141242,-1.0434735,2.0,B0B4RYZPFH
umap,10000,3544,-1.2268721,1.9196774,3.0,B0BLCBHTZC
umap,10000,3545,-1.4304224,2.0826628,4.0,B0B5GTGSTB
umap,10000,3546,1.0737946,-2.1717763,5.0,B0C2PVFRWV
umap,10000,3547,1.4688805,-2.2995672,4.0,B01I0VD8JA
umap,10000,3548,0.51794463,-5.814599,5.0,B07RZRT1TF
umap,10000,3549,0.11461458,-5.269995,5.0,B0142FEWD4
umap,10000,3550,3.0633347,0.9676597,1.0,B0872FMZ82
umap,10000,3551,-2.5362854,1.4639419,1.0,B0CD2GYCTB
umap,10000,3552,-1.4001186,-4.320281,5.0,B00JX6R9T2
umap,10000,3553,2.7095497,2.240735,5.0,B0090T8NL0
umap,10000,3554,0.7587215,17.90859,4.0,B07XXWZKBT
umap,10000,3555,0.75881994,17.90826,5.0,B0BRZFGB6R
umap,10000,3556,16.725552,4.9566555,3.0,B09VBWBHBC
umap,10000,3557,16.725557,4.9566565,5.0,B09GLQ2PFV
umap,10000,3558,16.725548,4.9566545,3.0,B084HM5WG1
umap,10000,3559,0.7507077,17.919056,4.0,B0B8CPMS4T
umap,10000,3560,16.725529,4.9566526,5.0,B07PHQ93TV
umap,10000,3561,0.759685,17.906973,4.0,B08HPKB3H9
umap,10000,3562,0.7580294,17.909306,5.0,B09DCCW5XZ
umap,10000,3563,0.7584891,17.908928,4.0,B08KZKX21T
umap,10000,3564,0.7584731,17.908957,5.0,B09FLC43DP
umap,10000,3565,0.7584514,17.908754,4.0,B08F1P3BCC
umap,10000,3566,0.7583733,17.909111,5.0,B0876WPHJ9
umap,10000,3567,0.758814,17.908108,5.0,B0BGPTTKVC
umap,10000,3568,16.725527,4.9566526,5.0,B09JF83P1H
umap,10000,3569,16.725792,4.9567075,5.0,B086V1Z43F
umap,10000,3570,16.725521,4.9566493,5.0,B07R4X3RTG
umap,10000,3571,16.725805,4.9567113,5.0,B0BXL7Y9ZB
umap,10000,3572,16.725515,4.956651,5.0,B07FP8VLXS
umap,10000,3573,16.725506,4.956651,4.0,B07JPCWW76
umap,10000,3574,16.725487,4.956647,5.0,B0C6RGTGMW
umap,10000,3575,0.75828743,17.909239,5.0,B00BHM9Q0K
umap,10000,3576,0.7583169,17.909218,3.0,B089R3W3D6
umap,10000,3577,8.342335,5.905477,3.0,B074XLN4GS
umap,10000,3578,8.381897,5.87551,5.0,B07KM2NR5K
umap,10000,3579,16.725477,4.9566407,5.0,B06W568Y6C
umap,10000,3580,8.634715,5.7336926,5.0,B07PS179D8
umap,10000,3581,16.725485,4.9566383,4.0,B01H5RHG9S
umap,10000,3582,16.725456,4.956637,5.0,B099NY674N
umap,10000,3583,0.758276,17.9093,5.0,B06X6BTQ8N
umap,10000,3584,16.725807,4.956712,5.0,B0BN74ZJDK
umap,10000,3585,0.7520948,17.919344,5.0,B01LWPGB6C
umap,10000,3586,16.7258,4.956703,4.0,B07PRC9KVY
umap,10000,3587,16.725777,4.956709,5.0,B07QPTS1JQ
umap,10000,3588,0.7582071,17.90907,5.0,B0043T7FXE
umap,10000,3589,0.75819933,17.90903,5.0,B07QLSGMXC
umap,10000,3590,16.72581,4.956709,5.0,B0C449B8FT
umap,10000,3591,-0.37678966,-4.278874,5.0,B07HGJQCL9
umap,10000,3592,-0.5220637,2.6417649,2.0,B07GZGXB27
umap,10000,3593,-0.41787952,-0.70927626,5.0,B004XD8KXE
umap,10000,3594,2.1893814,-1.6106944,1.0,B0C7THZNCB
umap,10000,3595,0.231262,4.1748114,5.0,B09L511K6J
umap,10000,3596,-1.0654505,1.795694,5.0,B0BQ7F5QD3
umap,10000,3597,-1.9740751,1.0813372,3.0,B08QV7TPDW
umap,10000,3598,-1.1768514,4.928962,5.0,B08SQ2XXX8
umap,10000,3599,0.18872905,2.541758,3.0,B08TLZQXB1
umap,10000,3600,-0.036214706,4.417507,3.0,B08GFM3RG7
umap,10000,3601,1.8371115,0.050428934,4.0,B089F9YDFC
umap,10000,3602,5.8499017,-1.7624804,2.0,B08NDVF9VG
umap,10000,3603,-1.0985284,4.956447,2.0,B08NPX3B8M
umap,10000,3604,-1.0900043,4.987481,5.0,B08FJBNFWK
umap,10000,3605,0.21238281,2.7759314,4.0,B08B1W2LYL
umap,10000,3606,1.5395182,-2.0890083,2.0,B07MLVKBQM
umap,10000,3607,0.0970585,4.014261,3.0,B08CBPH3MW
umap,10000,3608,-1.0780361,3.733171,4.0,B07WC81LRS
umap,10000,3609,5.9948373,-2.0187883,4.0,B07G28NF3L
umap,10000,3610,0.20860533,4.133933,5.0,B06XRTFG29
umap,10000,3611,3.1273038,3.8027606,5.0,B09X5RHMRZ
umap,10000,3612,1.903074,-0.0026852745,4.0,B09BP1LB8L
umap,10000,3613,-2.645243,1.2856774,2.0,B07PCQ3W1C
umap,10000,3614,-0.67098475,-4.260739,4.0,B0BGT3RRRR
umap,10000,3615,-1.1566019,1.9542747,4.0,B07JGSN975
umap,10000,3616,-1.3172299,-4.111094,2.0,B07D81YXPH
umap,10000,3617,0.26051223,3.1053073,3.0,B07J1GYCWC
umap,10000,3618,-2.119249,-2.4344416,5.0,B0792LX8P5
umap,10000,3619,1.6539197,-2.1755078,5.0,B07DDLX3HC
umap,10000,3620,1.6299088,-2.2175202,5.0,B07DTJ7RV5
umap,10000,3621,0.25288436,2.9761827,5.0,B07Z3ZF5NG
umap,10000,3622,5.8966227,-1.818199,5.0,B08YMVB98D
umap,10000,3623,0.2913057,1.3121539,4.0,B078WSWCWH
umap,10000,3624,-1.053716,0.6143479,4.0,B0771R6PFQ
umap,10000,3625,1.325957,-2.113544,5.0,B09YYX736L
umap,10000,3626,-1.4612346,-3.3902085,4.0,B0742RKNKP
umap,10000,3627,0.1760337,2.142428,4.0,B08XD4N3K4
umap,10000,3628,0.7136883,2.5116606,4.0,B01D3NROZE
umap,10000,3629,-1.4897295,-4.1828055,3.0,B06X9FX834
umap,10000,3630,-1.5162246,-4.090485,4.0,B01N17AQ7U
umap,10000,3631,0.3045896,3.4819152,5.0,B07BLKHQK6
umap,10000,3632,0.11388547,-4.4940004,4.0,B01I095OO4
umap,10000,3633,4.211661,-1.5490136,1.0,B01N6JCWPI
umap,10000,3634,-0.39531037,2.6028337,2.0,B01A33NUH8
umap,10000,3635,0.21764414,2.3859465,5.0,B00Y0M32TK
umap,10000,3636,-2.7478511,1.4214998,2.0,B0167KVZTQ
umap,10000,3637,-1.899162,-2.9514632,2.0,B00ZXI2MJG
umap,10000,3638,-1.1419252,-3.859237,4.0,B007ZG03DG
umap,10000,3639,-1.5737118,-3.836582,4.0,B011IH6MBO
umap,10000,3640,-1.3283863,-4.0524917,5.0,B013G6TMUS
umap,10000,3641,-0.04264547,-5.175175,4.0,B00JJVG08W
umap,10000,3642,-3.4781573,-1.6253734,5.0,B099RZY28N
umap,10000,3643,0.5748352,3.8935108,4.0,B00DVFLJKQ
umap,10000,3644,0.19948909,0.88380456,4.0,B00O0M750W
umap,10000,3645,0.27971116,3.2619228,3.0,B00OD37KZS
umap,10000,3646,0.052392855,-5.1814585,5.0,B00WUEKA2C
umap,10000,3647,-1.2002296,-4.067773,2.0,B00MPMK3GW
umap,10000,3648,-0.92970526,0.6450616,5.0,B00IYOJD84
umap,10000,3649,1.4291751,-0.42515695,5.0,B000BNY64C
umap,10000,3650,-2.1006553,-2.4410512,3.0,B00DIFIM36
umap,10000,3651,-1.0785853,-4.8381686,5.0,B0BYSP9676
umap,10000,3652,-1.2004497,0.7378905,5.0,B00A4A1TYM
umap,10000,3653,-2.8625531,3.064497,5.0,B005DQG5SC
umap,10000,3654,-1.2632246,0.79146105,5.0,B00109Y2DQ
umap,10000,3655,-1.2698345,0.80815506,2.0,B0026H5DFM
umap,10000,3656,-1.1803181,0.7125656,1.0,B002P5KOXG
umap,10000,3657,-1.0236199,-2.5377862,5.0,B00009QOS3
umap,10000,3658,-4.1083417,0.93348765,3.0,B002XDRWZS
umap,10000,3659,4.085977,1.5710901,5.0,B09TQMFXR5
umap,10000,3660,2.3141825,-2.0300016,5.0,B07P7KG4TJ
umap,10000,3661,0.95230013,-2.2953637,5.0,B0BMQJYLQV
umap,10000,3662,-1.5821447,-1.4559535,1.0,B07BYB11K5
umap,10000,3663,1.6856246,-1.1180912,1.0,B091GDK56V
umap,10000,3664,1.6988648,-0.79747057,4.0,B07GRS3T39
umap,10000,3665,2.2981305,-0.93585294,5.0,B08WZCCBQJ
umap,10000,3666,2.660544,-1.358998,5.0,B07H65KP63
umap,10000,3667,0.40430367,4.381177,5.0,B08F3842HL
umap,10000,3668,2.5823498,2.1351655,2.0,B0C2Q5KR4N
umap,10000,3669,2.6544235,2.429835,5.0,B08VJBG4Q5
umap,10000,3670,6.8928046,3.7675364,5.0,B07RWCK6KX
umap,10000,3671,3.8759024,0.24393371,4.0,B0C6L1SNTV
umap,10000,3672,-0.47513568,-2.8528514,1.0,B0BGRL2618
umap,10000,3673,3.9543726,2.3166652,5.0,B0B1QG1V5P
umap,10000,3674,2.237307,-1.9310215,5.0,B0BJKGH183
umap,10000,3675,4.3687954,-1.6179374,5.0,B0BBF4N2FT
umap,10000,3676,2.6524584,-1.686927,5.0,B09WCL9HRK
umap,10000,3677,1.3324295,0.93580186,5.0,B08T6GN9GV
umap,10000,3678,0.7001659,1.971661,5.0,B0895FSRBC
umap,10000,3679,1.529579,-1.3072917,2.0,B092HSPZJ3
umap,10000,3680,-1.4066551,0.10850592,5.0,B0972FX87Z
umap,10000,3681,-1.010282,-3.0622826,5.0,B09NDHMLY3
umap,10000,3682,-0.66792953,2.8803144,5.0,B08MV6Q6BJ
umap,10000,3683,0.24012911,3.0178509,1.0,B08D3CGWV6
umap,10000,3684,0.16875912,2.6944916,4.0,B08ZJKHX28
umap,10000,3685,2.3616955,2.369597,5.0,B07C3ZGG2P
umap,10000,3686,0.23405607,2.9906583,3.0,B00EY2Q1AS
umap,10000,3687,-0.9494452,-2.8500361,5.0,B0C5829XY7
umap,10000,3688,4.0281615,2.3813941,5.0,B09TQZSZ51
umap,10000,3689,1.5601339,1.5955112,5.0,B0836G48XD
umap,10000,3690,0.46418518,-5.539272,5.0,B0851Z83VV
umap,10000,3691,-1.392505,4.898665,5.0,B0C4Z5NQKJ
umap,10000,3692,0.92985046,-0.0037734662,5.0,B00JVLLE7C
umap,10000,3693,4.3076353,-1.5810612,5.0,B07WHTQW4X
umap,10000,3694,2.9389343,1.1998274,1.0,B008I640HW
umap,10000,3695,3.6473188,1.8566757,5.0,B075DHMSKQ
umap,10000,3696,3.1200035,3.8513618,5.0,B07FT87W4X
umap,10000,3697,-2.264163,1.6338251,5.0,B09NDHYLRH
umap,10000,3698,0.44452935,-5.1154633,5.0,B0B4PXG2H8
umap,10000,3699,1.3108194,0.8922377,5.0,B01IEU7UZ0
umap,10000,3700,3.843669,1.6396205,5.0,B019PZMVN4
umap,10000,3701,1.1521229,4.061125,1.0,B00OPSSWO4
umap,10000,3702,0.87568116,-5.0571713,5.0,B0BRNTHSLP
umap,10000,3703,1.6103797,1.494396,5.0,B0891V9KDC
umap,10000,3704,-2.782055,0.057269994,5.0,B00NNY1SNI
umap,10000,3705,-0.9147455,-4.6347504,1.0,B0BD7FN8K9
umap,10000,3706,-0.6494247,-3.410981,1.0,B09VDYNVKS
umap,10000,3707,-0.54878753,2.6229837,5.0,B00CYX26BC
umap,10000,3708,-1.5657538,-1.30024,5.0,B08VWD7M67
umap,10000,3709,-0.5116877,2.5736544,3.0,B0BF7YTR5Q
umap,10000,3710,-0.5622646,-0.4774367,5.0,B0BRR8T4FH
umap,10000,3711,-0.16040981,-4.605461,3.0,B08RB1DBQY
umap,10000,3712,0.06639953,-5.3860893,1.0,B08FX6FB1S
umap,10000,3713,1.2407436,4.1300855,5.0,B07YJ1RD3B
umap,10000,3714,0.31052887,3.1641552,5.0,B07N5ZPYFK
umap,10000,3715,0.16521676,-5.386727,4.0,B07S764D9V
umap,10000,3716,3.3090444,2.9006765,5.0,1891396722
umap,10000,3717,-0.78605086,-4.1584225,5.0,B07PGGFFW8
umap,10000,3718,4.286763,-1.629661,5.0,B0BL3B12HK
umap,10000,3719,3.5081356,1.638223,5.0,B00DYQYLP2
umap,10000,3720,3.8953187,1.2433225,5.0,B00CE8DUYY
umap,10000,3721,3.126509,-4.9781504,3.0,B07Q72SWTP
umap,10000,3722,4.3120294,3.418208,5.0,B07CZZM9J5
umap,10000,3723,2.3337805,-1.1540935,5.0,B08698CM5W
umap,10000,3724,3.624983,0.46817073,5.0,B0BBV96SD7
umap,10000,3725,-3.7390656,0.8364586,5.0,B07Z95LWK5
umap,10000,3726,1.1956594,3.6526918,5.0,B07SFLKCFN
umap,10000,3727,2.241238,-2.0689476,5.0,B07RGJYJS5
umap,10000,3728,-4.018698,1.0163242,5.0,B00XIVH2LI
umap,10000,3729,1.1877568,3.9569688,5.0,B004B8QOWU
umap,10000,3730,1.2653599,3.4262807,5.0,B003DZ168E
umap,10000,3731,1.1679269,3.8811958,5.0,B004JXVOFE
umap,10000,3732,-0.05068304,-4.565522,5.0,B001PBWNOY
umap,10000,3733,7.6221733,2.9769142,5.0,B0C1CMV4T7
umap,10000,3734,4.1426997,2.9712303,5.0,B09ZH6PG3G
umap,10000,3735,10.549691,-16.543436,4.0,B01GEGO6FS
umap,10000,3736,7.6188107,2.9604828,5.0,B083NC7SCB
umap,10000,3737,10.52107,-16.535229,5.0,B0BJ4VTSLC
umap,10000,3738,2.5367212,0.23232196,5.0,B08HSPKMKQ
umap,10000,3739,-2.8083637,1.2673496,5.0,B0831FDDK7
umap,10000,3740,2.0303771,1.652319,4.0,B00E9MD700
umap,10000,3741,3.3464582,-1.0131277,5.0,B09VXT3PC5
umap,10000,3742,6.6707625,1.2147229,5.0,B08CLNX58K
umap,10000,3743,-3.2185705,-1.4918029,1.0,B0BHMVBV9M
umap,10000,3744,1.9408313,1.0646886,5.0,B09WHR6NRB
umap,10000,3745,4.327373,3.1297452,5.0,B07L1N4W4Y
umap,10000,3746,5.138937,3.57665,1.0,B085ZZ243N
umap,10000,3747,2.4461524,4.054128,5.0,B0751HWFQY
umap,10000,3748,3.7798905,1.6893449,5.0,B078T633Q9
umap,10000,3749,1.2813585,-2.4545207,5.0,B07Z4PXXBS
umap,10000,3750,0.33581755,4.8553696,5.0,B0BX65VLJ9
umap,10000,3751,1.6510901,-1.9703727,1.0,B0BZ15FM42
umap,10000,3752,4.449894,1.9566809,5.0,B08M5YL7GW
umap,10000,3753,-3.5118678,-3.5685954,5.0,B07456BG8N
umap,10000,3754,5.191874,2.1123369,5.0,B01K8B8YA8
umap,10000,3755,-3.3913698,-1.2313178,5.0,B00IF0JAIU
umap,10000,3756,-0.89719933,-2.9219606,3.0,B09G9STJF6
umap,10000,3757,1.4239283,1.8198347,4.0,B010BWYDYA
umap,10000,3758,2.2621963,2.1185331,5.0,B003SWLRLS
umap,10000,3759,6.6213107,1.2282932,5.0,B07KTYJ769
umap,10000,3760,-1.4128512,-3.486006,5.0,B09YGYC783
umap,10000,3761,-1.6347222,-3.569605,5.0,B0BVBFPD2X
umap,10000,3762,1.0592998,1.2581391,5.0,B083FFPJC1
umap,10000,3763,-1.2561392,-1.2544544,5.0,B08L3C66BK
umap,10000,3764,-2.0511572,-1.5089556,4.0,B086VRY8GZ
umap,10000,3765,1.5326179,-2.0429604,5.0,B07VPBFW43
umap,10000,3766,3.7232358,3.1462064,5.0,B07F4MYW5B
umap,10000,3767,-1.5353056,-1.4099654,5.0,B07CHX3TNJ
umap,10000,3768,1.960302,1.779544,5.0,B07P374FF3
umap,10000,3769,3.5071447,2.834305,5.0,B01FLSXRT6
umap,10000,3770,3.5857656,2.81988,5.0,B09WDS7KLW
umap,10000,3771,1.8885541,-1.6652604,5.0,B00EZMZULI
umap,10000,3772,0.419867,4.6759,5.0,B07BRQPVFZ
umap,10000,3773,0.4040407,4.925293,5.0,B007FG43R8
umap,10000,3774,-1.4780276,4.979892,5.0,B09NR95LFW
umap,10000,3775,-1.3554792,-0.4178718,5.0,B0BR3GJ3J9
umap,10000,3776,0.17836538,-5.5328016,4.0,B0BTY9GGP7
umap,10000,3777,-1.1685977,4.4937897,5.0,B0BP6V5PHH
umap,10000,3778,1.9107653,-2.1137304,3.0,B0BSFZXBPN
umap,10000,3779,1.9372052,-2.040657,3.0,B09NCXYHMV
umap,10000,3780,-1.4433055,3.410578,4.0,B09X5XJ9BT
umap,10000,3781,-0.1004136,-5.3871255,4.0,B0BB2GRZFG
umap,10000,3782,1.9727069,-1.4858284,4.0,B0B3XPTKJH
umap,10000,3783,-2.744423,0.017061045,4.0,B09YHBRHC4
umap,10000,3784,1.1283957,-2.0196483,4.0,B0B3D7FSMY
umap,10000,3785,-3.360047,-3.5920093,5.0,B09ZQSD516
umap,10000,3786,-1.6117523,4.2700877,4.0,B09TP1XDL2
umap,10000,3787,-1.6703174,-0.13895375,5.0,B0B6RJW8FS
umap,10000,3788,-1.6563972,-0.14331402,5.0,B0BKKWQ983
umap,10000,3789,-2.7511406,0.17656739,4.0,B09VH12VJV
umap,10000,3790,-1.7071111,4.458059,5.0,B09V5L1LRJ
umap,10000,3791,4.3027754,-1.6230794,5.0,B09TXCQ1PM
umap,10000,3792,2.3742478,-1.2328254,5.0,B09JBD923G
umap,10000,3793,-0.59668314,-5.128181,5.0,B09PVB4272
umap,10000,3794,0.020397242,-5.245915,5.0,B09J31ZBB1
umap,10000,3795,2.1065571,-1.3881187,5.0,B074DWW665
umap,10000,3796,1.9529172,-2.0231602,5.0,B09FJ84PGH
umap,10000,3797,-1.1614302,4.5728908,5.0,B09HXHQ1L1
umap,10000,3798,2.7833776,-1.4764788,5.0,B09M8991B5
umap,10000,3799,-1.6028233,-0.1975894,5.0,B0BNQNLMVS
umap,10000,3800,-1.6196846,-0.24836223,4.0,B09GFX6T6G
umap,10000,3801,-1.0783329,4.8271065,5.0,B09DKNYKCN
umap,10000,3802,0.18544453,-0.99625266,5.0,B09F5TF4TQ
umap,10000,3803,0.07472081,-1.0464772,4.0,B08NX53RV3
umap,10000,3804,3.2899578,-1.050201,4.0,B08NV6PJW9
umap,10000,3805,-1.2492434,4.890476,5.0,B08SC8Q1H5
umap,10000,3806,-1.1383914,4.919448,4.0,B094CFZLPR
umap,10000,3807,-1.3445648,-4.345015,5.0,B08SW2BZ1P
umap,10000,3808,-1.6330398,-3.5569026,5.0,B08LCZ6MS7
umap,10000,3809,3.3040462,-1.0326098,5.0,B08B39FF2Z
umap,10000,3810,-1.1167698,4.575038,5.0,B086RQQCQ9
umap,10000,3811,-1.6487987,-4.0191913,5.0,B0BR89N1H7
umap,10000,3812,-1.2111182,3.592167,5.0,B08B3KD42F
umap,10000,3813,2.1024175,-2.1070354,5.0,B082T84YJQ
umap,10000,3814,1.3624024,-1.3766662,5.0,B07Q3CW9WM
umap,10000,3815,0.39572296,-1.0735036,5.0,B0859TMPHT
umap,10000,3816,4.41749,0.13789709,4.0,B084ZYD2SN
umap,10000,3817,-1.1379465,3.7103677,5.0,B07ZH2WYV4
umap,10000,3818,1.4532917,-1.3812009,3.0,B083ZBRKX9
umap,10000,3819,-0.16190161,-5.195547,5.0,B0C5MCNJKR
umap,10000,3820,0.010815233,-5.430414,5.0,B09TS8ZL94
umap,10000,3821,3.2683575,-1.0550752,5.0,B095L8F33R
umap,10000,3822,-1.2975656,4.9902873,5.0,B0C8Y7KTML
umap,10000,3823,-1.3245869,4.9718337,5.0,B07W7Y3KZK
umap,10000,3824,-0.0166884,4.441307,4.0,B08ZSSG82Y
umap,10000,3825,2.8294635,2.2990055,5.0,B07C7LN2W1
umap,10000,3826,-0.21519598,-4.8092604,5.0,B07WC183S5
umap,10000,3827,-0.90252966,4.636189,4.0,B07DCPKRL1
umap,10000,3828,-2.9511023,0.42437506,5.0,B07799YR1F
umap,10000,3829,-0.5457147,-4.508698,3.0,B0BZRW4B7S
umap,10000,3830,1.861734,-1.4265922,5.0,B09Z2B5KG2
umap,10000,3831,1.3141651,-1.8183264,5.0,B0B6TPXW2C
umap,10000,3832,0.7727754,-2.5905476,5.0,B00R124LAK
umap,10000,3833,-1.2361058,5.0685625,4.0,B07YFW6SKQ
umap,10000,3834,2.37004,-1.7930387,5.0,B01HPADPCW
umap,10000,3835,1.063106,-2.2127638,5.0,B09797FV1F
umap,10000,3836,0.51280516,-0.3790671,5.0,B07YX2KPG7
umap,10000,3837,-0.24465106,0.38438785,5.0,B00419ZT4I
umap,10000,3838,4.3766646,-1.6737247,4.0,B07Q1DPGWM
umap,10000,3839,-3.6734238,-3.3776968,4.0,B07H65KP63
umap,10000,3840,3.2232752,0.2953053,5.0,B01EJ5UV3C
umap,10000,3841,0.12622216,-5.1474504,5.0,B07Y2C5M2X
umap,10000,3842,-0.17182733,0.3807742,1.0,B00GVN0E3S
umap,10000,3843,1.7126948,4.136986,3.0,B07M7NHRQG
umap,10000,3844,4.0678706,-1.5350465,5.0,B002CQU14A
umap,10000,3845,-1.2013155,0.7605107,5.0,B0BSFD74LD
umap,10000,3846,3.9253478,-1.4682202,5.0,B07S7TK88B
umap,10000,3847,6.1480417,-1.834481,4.0,B082M94GY9
umap,10000,3848,-0.5541513,2.8453639,4.0,B00X5P8BJO
umap,10000,3849,0.23789254,-5.4493546,5.0,B07YP9MNJV
umap,10000,3850,6.155103,-1.7784225,4.0,B07538T649
umap,10000,3851,3.4144197,1.2788335,5.0,B07LCSZFVZ
umap,10000,3852,7.719433,2.6046004,1.0,B01MTF2Z37
umap,10000,3853,3.3774927,1.9983027,5.0,B002SEEC78
umap,10000,3854,-1.356341,-4.120559,5.0,B07XJ2XC5V
umap,10000,3855,-0.12303372,-5.024891,5.0,B07YWG7NSN
umap,10000,3856,-0.6236691,0.81227475,5.0,B07SZ3N73V
umap,10000,3857,5.111996,4.205628,5.0,B01L8LLP2G
umap,10000,3858,-1.1624433,2.185087,1.0,B07176FCQ5
umap,10000,3859,-1.735723,1.7355427,5.0,B0C4KBLJHD
umap,10000,3860,2.065261,1.6091558,5.0,B0B67LVBL1
umap,10000,3861,2.6425085,1.4895359,5.0,B00E1CR7DQ
umap,10000,3862,1.681042,-0.6135417,5.0,B0001FTVEK
umap,10000,3863,3.153966,1.1847773,5.0,B002PAR1FK
umap,10000,3864,3.429072,0.5637043,5.0,B002ISZD2C
umap,10000,3865,3.028868,1.147243,5.0,B00EDP03DW
umap,10000,3866,-1.721585,2.3550513,1.0,B005CX9RKE
umap,10000,3867,-3.0527384,0.3479981,5.0,B000KKXRJQ
umap,10000,3868,2.2507064,-1.8629212,1.0,B0C3M8B3MY
umap,10000,3869,-2.2443244,1.6133608,5.0,B06Y6HP2JN
umap,10000,3870,-1.1441878,5.0487285,5.0,B076Q5MP77
umap,10000,3871,1.941885,2.1041644,5.0,B0BTZDHJXY
umap,10000,3872,2.9723165,1.3439957,4.0,B07PXVTTP6
umap,10000,3873,4.149152,1.8343072,5.0,B01EBI4N7C
umap,10000,3874,10.132519,5.828149,2.0,B01IN26Z5A
umap,10000,3875,-2.0888963,-1.5944909,1.0,B00U3FPN4U
umap,10000,3876,0.49164373,4.1163034,3.0,B076Q8F3KB
umap,10000,3877,1.1660452,3.7216814,3.0,B0725SDWHR
umap,10000,3878,-3.6412842,-3.268201,5.0,B07KTYJ769
umap,10000,3879,-0.5541147,-3.641015,5.0,B07HZLHPKP
umap,10000,3880,-1.5812356,-3.5034568,5.0,B07BFRHZLB
umap,10000,3881,2.8884974,2.0732305,5.0,B07W36WN5X
umap,10000,3882,3.114781,2.8080955,5.0,B073QNQT43
umap,10000,3883,1.4311901,1.5272442,5.0,B075X8471B
umap,10000,3884,2.6579664,3.248573,5.0,B07PTZCDQG
umap,10000,3885,2.6143808,3.3111172,5.0,B07Q3B3CTC
umap,10000,3886,-0.8279059,-4.054413,5.0,B010BWYDYA
umap,10000,3887,3.962857,0.45530412,5.0,B016FQ0ODK
umap,10000,3888,0.75846964,17.909025,5.0,B0B4NZ74H8
umap,10000,3889,-0.8783104,-4.3571887,1.0,B08LPN41F4
umap,10000,3890,2.57145,2.9302034,5.0,B09GBPVD27
umap,10000,3891,2.0021927,-1.2432066,5.0,B01DLNMD7A
umap,10000,3892,0.48798203,0.92985463,5.0,B07NQQ4FVK
umap,10000,3893,-0.74845624,-4.1346583,5.0,B0B6WNTT91
umap,10000,3894,-0.98265445,-3.4660425,5.0,B0BJ7QMYBF
umap,10000,3895,1.5144132,-1.5094446,5.0,B08F4Z9KWP
umap,10000,3896,-1.4986116,-4.5142293,5.0,B07FSXHVLN
umap,10000,3897,8.779245,3.6071973,5.0,B07PRMHDGZ
umap,10000,3898,2.8428948,2.738881,2.0,B077YDMN27
umap,10000,3899,7.9251347,3.2506015,5.0,B012CD5PIY
umap,10000,3900,-0.5445187,2.3630548,2.0,B08HSGZT6H
umap,10000,3901,-3.3872693,-1.5029973,2.0,B0118SPFCK
umap,10000,3902,1.3945159,-2.1998239,3.0,B09W563Y2W
umap,10000,3903,-1.2658147,-1.2269704,3.0,B01LW4G71Y
umap,10000,3904,-1.6072779,-1.413588,1.0,B075CF97SZ
umap,10000,3905,0.45326748,-4.2812347,2.0,B08Q2D3XR1
umap,10000,3906,-3.4749758,-1.5489608,3.0,B00IB8IVDQ
umap,10000,3907,-1.7782546,-2.5257697,5.0,B003L76BJS
umap,10000,3908,-0.9102765,-4.33969,3.0,B005VO7LG6
umap,10000,3909,-1.4325949,-4.420405,2.0,B005J7Y9B0
umap,10000,3910,-1.4761425,3.2666345,5.0,B000RGD9PK
umap,10000,3911,-1.0575553,-4.701701,5.0,B008BWA0EK
umap,10000,3912,2.7411377,0.60952514,4.0,B008EQSZ8Q
umap,10000,3913,-0.6207544,-4.0320826,4.0,B0BMQN7L6B
umap,10000,3914,-0.92541337,3.5035434,5.0,B01D8OM0H0
umap,10000,3915,2.1907535,2.5420306,5.0,B00KCZTAI6
umap,10000,3916,3.1301684,1.040148,1.0,B005VGOD4M
umap,10000,3917,-2.1434743,-2.4940968,5.0,B00005N5X1
umap,10000,3918,-3.3184805,0.8701126,5.0,B01CZBOO2Q
umap,10000,3919,-0.8248154,0.68482363,5.0,B074CPK9SB
umap,10000,3920,0.2670626,4.943293,5.0,B07RLZ1KDY
umap,10000,3921,2.4455113,-1.3869281,5.0,B0000BYDKO
umap,10000,3922,2.0358605,3.028686,5.0,B086SBHXHV
umap,10000,3923,4.847989,0.876406,5.0,B00XJ7QAC8
umap,10000,3924,4.6302876,2.0029745,5.0,B06XKM77TP
umap,10000,3925,2.1962476,2.2795181,5.0,B00YBC936A
umap,10000,3926,4.9313393,0.8914411,5.0,B00IKMJOZC
umap,10000,3927,-3.3230305,-1.40091,5.0,B0040IUI46
umap,10000,3928,1.2808803,3.3038142,5.0,B01FU08V64
umap,10000,3929,-3.233892,1.0766271,5.0,B00XJ118WG
umap,10000,3930,1.6245188,-0.59653795,5.0,B0063JAUR0
umap,10000,3931,1.3109152,3.3146832,5.0,B0051VVOB2
umap,10000,3932,1.2805924,3.250736,5.0,B005KDYBXO
umap,10000,3933,0.9882189,3.1418867,5.0,B008RB6RYC
umap,10000,3934,3.2868905,-0.18962003,5.0,B0013CED4I
umap,10000,3935,-2.6643994,-2.096408,5.0,B0064L8Q1E
umap,10000,3936,3.263289,-0.07209194,5.0,B075XLNFCL
umap,10000,3937,1.4476644,-1.9343033,5.0,B07LG4FYVR
umap,10000,3938,3.666913,2.1017501,5.0,B08C5FX1BB
umap,10000,3939,-2.7968671,1.6176562,4.0,B07VNQVL37
umap,10000,3940,-0.13912305,-3.4640582,5.0,B017KUN1HG
umap,10000,3941,1.9413434,3.7772489,4.0,B07J38VMPN
umap,10000,3942,-3.309448,-0.053181585,5.0,B08S55D31N
umap,10000,3943,10.542342,-16.546825,5.0,B07MC5P85F
umap,10000,3944,-1.2265683,-4.0203547,5.0,B08XHFK5SZ
umap,10000,3945,2.8131917,2.410524,5.0,B07YFD37SF
umap,10000,3946,4.015455,1.1643891,5.0,B092DD5L2V
umap,10000,3947,2.8069499,-1.4949571,5.0,B07GL6S731
umap,10000,3948,-1.0074364,-3.002461,5.0,B00LZRRAY6
umap,10000,3949,-3.3268104,2.2408247,5.0,B018PZHB26
umap,10000,3950,1.4093534,0.9271513,5.0,B08BF4CZSV
umap,10000,3951,1.5782317,1.3823171,5.0,B0C8SCDNGK
umap,10000,3952,-1.1442162,2.0320015,3.0,B002RD7452
umap,10000,3953,5.5454645,4.614682,5.0,B09F5BLMVR
umap,10000,3954,4.400089,3.580454,5.0,B09JQLTLG3
umap,10000,3955,4.133958,2.1125138,5.0,B07VKJKWP1
umap,10000,3956,3.6577213,2.757635,5.0,B075V2W6B2
umap,10000,3957,-1.3538857,5.04391,5.0,B071CRMDS4
umap,10000,3958,-2.9869056,0.78976303,5.0,B072QLXK2T
umap,10000,3959,-0.91192496,3.3148928,5.0,B0851B3K9T
umap,10000,3960,1.5782794,1.1037711,5.0,B07L48NDCH
umap,10000,3961,-1.2065885,-0.8036958,1.0,B08KGSZKCT
umap,10000,3962,-1.2965838,0.029632812,5.0,B083ZJYDRV
umap,10000,3963,0.08887293,0.5846769,4.0,B07J245KLY
umap,10000,3964,3.5163848,0.6044753,1.0,B08WJSHSLC
umap,10000,3965,1.4389908,-1.8819579,5.0,B09MKBDFZK
umap,10000,3966,-2.494157,-1.9886373,5.0,B0791TX5P5
umap,10000,3967,-3.4430356,-3.5709364,5.0,B01DFKC6CQ
umap,10000,3968,0.38493288,1.2112797,3.0,B01HAQBIVG
umap,10000,3969,-1.9415494,-1.5866438,5.0,B075X8471B
umap,10000,3970,-0.18142761,0.4323536,5.0,B0BJW2XLMR
umap,10000,3971,-1.7483196,-3.1888857,5.0,B09718NNFN
umap,10000,3972,-2.8274722,-1.3097394,1.0,B092WHC7C1
umap,10000,3973,-1.214588,-3.5989382,5.0,B077RV2H31
umap,10000,3974,4.791145,0.76559204,5.0,B00WIF2T7C
umap,10000,3975,-0.6596308,4.380073,4.0,B0C2YLQJYK
umap,10000,3976,-1.8913172,-1.2903992,4.0,B09LTYP9P5
umap,10000,3977,-2.0052767,-1.2314969,5.0,B0B148JDG2
umap,10000,3978,2.7563133,-1.3947252,5.0,B0C8J2WHVR
umap,10000,3979,0.22918443,-3.2744079,5.0,B0B57RY228
umap,10000,3980,-3.0818367,-1.5336598,5.0,B0C3NMZ2C7
umap,10000,3981,1.3255435,3.1503239,5.0,B09F81Q875
umap,10000,3982,1.0920894,-2.3754914,5.0,B0BZT5JSTV
umap,10000,3983,-0.66018105,-3.4126163,5.0,B0B3ZKBJ8V
umap,10000,3984,-0.8419231,-3.7043748,5.0,B09XNQQC8J
umap,10000,3985,0.20649189,-1.9204184,5.0,B0C1ZYD3YQ
umap,10000,3986,-0.43135214,-4.197055,5.0,B09WD35WWZ
umap,10000,3987,3.3080475,-1.0532341,5.0,B09PWGV7GC
umap,10000,3988,0.4564758,-1.5514263,5.0,B098XPKHY8
umap,10000,3989,1.9867227,-2.2316222,5.0,B08JTMXXL6
umap,10000,3990,1.6664112,-1.1733477,4.0,B09NRKZVDC
umap,10000,3991,0.2427836,2.366631,5.0,B009SKN5DC
umap,10000,3992,0.20830284,-4.517578,5.0,B0BG7KP5L4
umap,10000,3993,-2.451266,2.6671638,5.0,B099YQ926V
umap,10000,3994,6.1791024,-1.7322268,5.0,B08P6PL5R3
umap,10000,3995,6.0102415,-1.8303065,5.0,B0BWBC2GLD
umap,10000,3996,-1.6395911,-0.80355334,4.0,B0BLHNNSGG
umap,10000,3997,-0.20092392,-5.1652913,5.0,B09D4LQTYD
umap,10000,3998,1.646528,-2.364168,5.0,B08L883DQ5
umap,10000,3999,2.1877887,-1.1992558,5.0,B0922LNFT3
umap,10000,4000,1.7277198,-0.622511,4.0,B08L6HPFCR
umap,10000,4001,0.521024,3.8488977,4.0,B082W1GHY6
umap,10000,4002,3.2548947,1.4491498,5.0,B07YLMJZXB
umap,10000,4003,2.599942,-1.3899844,4.0,B087LWC6BM
umap,10000,4004,-0.26009655,-4.849075,5.0,B09V3W5XFY
umap,10000,4005,-0.8336394,2.0381114,4.0,B0BSTPV9HY
umap,10000,4006,2.7383275,-1.4531922,4.0,B087M428L1
umap,10000,4007,-1.2395931,5.280092,5.0,B081LBFY9D
umap,10000,4008,0.15440384,2.7506988,3.0,B0813DY3FY
umap,10000,4009,-1.3594133,3.6177928,5.0,B088GT45PY
umap,10000,4010,2.8825557,-1.44009,3.0,B07HKFG85D
umap,10000,4011,-1.3483266,4.9630046,5.0,B0974WBDVS
umap,10000,4012,-1.1255918,4.9484777,4.0,B07ZB12C8G
umap,10000,4013,-3.438646,-3.4604268,5.0,B07XYQS9TP
umap,10000,4014,0.25354758,4.0001163,5.0,B07X54PV85
umap,10000,4015,2.717915,2.1353796,4.0,B0BMQ999F8
umap,10000,4016,-0.24214019,-0.92193156,3.0,B0BN4PNNBH
umap,10000,4017,-0.03647366,-5.078753,1.0,B07CB24GSV
umap,10000,4018,-0.5107218,0.34456676,4.0,B07K51MHPF
umap,10000,4019,1.2335016,-1.5469481,5.0,B07VJMBRVQ
umap,10000,4020,0.27728412,-5.217054,1.0,B07KZZZ3JL
umap,10000,4021,2.7666469,1.7498308,5.0,B07D33RMRN
umap,10000,4022,-4.9384365,0.44917685,5.0,B07C64VJNB
umap,10000,4023,0.15547802,-0.79894155,5.0,B07Z9ZYJ5Q
umap,10000,4024,-0.068249665,-1.4870468,5.0,B0BWSB1W9D
umap,10000,4025,-0.2221477,-5.703885,4.0,B07G8N2V9V
umap,10000,4026,-0.5705247,0.3633812,4.0,B08JZ4YSNR
umap,10000,4027,0.2534864,-0.99792516,5.0,B07CWT66DG
umap,10000,4028,1.3504462,-2.1706126,5.0,B07DWD3NNP
umap,10000,4029,-3.4990246,-3.4010518,5.0,B07H7DRWJN
umap,10000,4030,0.33964118,-0.85040545,4.0,B018LWTYGO
umap,10000,4031,0.14104356,1.6541319,4.0,B07BHGK4MC
umap,10000,4032,-0.21435656,-5.779799,5.0,B07DBY9H6X
umap,10000,4033,-3.4306772,-1.6187251,3.0,B079S3NVV4
umap,10000,4034,-2.7510147,1.2199663,3.0,B071HN7FB4
umap,10000,4035,-1.1190631,4.744583,5.0,B07CWJ8MM1
umap,10000,4036,-1.013797,-4.0591946,5.0,B00X69BZPG
umap,10000,4037,-0.4798783,-4.940757,5.0,B077378YSS
umap,10000,4038,-0.51128584,-3.5505648,5.0,B0C7KLM8L2
umap,10000,4039,0.090482615,-5.440935,5.0,B074F3YW3R
umap,10000,4040,-0.18547435,-5.1024027,3.0,B0747QMY9B
umap,10000,4041,1.6680577,3.0891416,5.0,B071QWMTST
umap,10000,4042,1.2242779,0.8767542,5.0,B07319K943
umap,10000,4043,-1.315501,4.893963,5.0,B071W8TY6H
umap,10000,4044,0.16932261,-1.0097467,5.0,B09RXJHHX7
umap,10000,4045,1.8961779,-1.4591311,5.0,B0BHTS96ZL
umap,10000,4046,-0.25640315,-5.1474123,5.0,B01MSZSL4I
umap,10000,4047,-0.9252313,-3.2410746,2.0,B018PQPALY
umap,10000,4048,-1.3982362,4.925251,4.0,B01ER4AZ9A
umap,10000,4049,1.7675512,-2.2579184,5.0,B07JMFQTC5
umap,10000,4050,0.13919497,4.0234513,5.0,B0167G90D8
umap,10000,4051,0.12323181,4.346309,5.0,B0C15Q5H7H
umap,10000,4052,1.1187236,3.021456,5.0,B01D3NROZE
umap,10000,4053,0.2835188,3.1520526,5.0,B00S74HGMG
umap,10000,4054,-3.9952528,0.4146517,4.0,B01DPGPOTC
umap,10000,4055,-1.1890017,4.909439,4.0,B06WRRWQDB
umap,10000,4056,2.8790073,-1.6339401,5.0,B0000CCQKV
umap,10000,4057,1.2060385,-2.2005608,5.0,B00RM11QHG
umap,10000,4058,-1.0174576,4.8587337,5.0,B071LP2ZRC
umap,10000,4059,2.6054385,2.1421828,5.0,B07L6JJDCG
umap,10000,4060,-2.1296113,2.4703383,5.0,B00F4A7A1I
umap,10000,4061,-2.0058892,-1.2109897,5.0,B00BUCLVZU
umap,10000,4062,1.5075537,-1.1577817,5.0,B00GJKW4YA
umap,10000,4063,0.8311749,-5.095362,5.0,B01L1FEJ6S
umap,10000,4064,-1.213732,-4.4354277,5.0,B00PJOPF98
umap,10000,4065,-0.5264911,-4.345544,5.0,B00LSYHLR2
umap,10000,4066,-0.19695385,-5.182144,5.0,B00M58CMYC
umap,10000,4067,-0.7874598,-3.5419993,5.0,B004I408OW
umap,10000,4068,-1.1974546,4.9642544,5.0,B00LGN7Y3G
umap,10000,4069,-1.2682425,-4.3820295,4.0,B00IG54NXG
umap,10000,4070,-0.8565677,-3.5522156,5.0,B00J3O9YRY
umap,10000,4071,-1.1184143,-4.0088463,5.0,B00FRKOFIQ
umap,10000,4072,-0.96915853,-3.7314332,5.0,B00XI6A46I
umap,10000,4073,-2.00293,-1.1094848,5.0,B00IAKLM54
umap,10000,4074,1.6531664,-0.4416506,5.0,B006DTXIHE
umap,10000,4075,0.8095132,4.395555,5.0,B00CB7T52O
umap,10000,4076,-0.47721064,0.49065366,3.0,B00CWLYLWS
umap,10000,4077,-1.203945,-4.3452106,5.0,B00A0JUO1Q
umap,10000,4078,-0.19183676,-5.1826615,5.0,B00CD1FB26
umap,10000,4079,-0.86596197,-3.4595263,3.0,B004M3EL3S
umap,10000,4080,-1.3364531,-3.8433428,3.0,B004I8WH9M
umap,10000,4081,1.468686,2.079766,3.0,B002COJEOU
umap,10000,4082,1.7637825,-1.4785029,4.0,B007R9CTE2
umap,10000,4083,0.34140313,3.9948077,5.0,B009T0NLYO
umap,10000,4084,0.40287727,1.6686876,5.0,B00NTRMUYU
umap,10000,4085,-0.5213625,2.6472273,5.0,B007X3VEC0
umap,10000,4086,0.9043551,4.069439,3.0,B008MF48J4
umap,10000,4087,1.3337439,3.1534069,5.0,B007OZNUCE
umap,10000,4088,1.4824665,2.0325682,5.0,B0BTJBQC91
umap,10000,4089,-0.799782,-3.3540726,5.0,B001F7AHOG
umap,10000,4090,-3.210729,-1.6063515,5.0,B001769K3O
umap,10000,4091,-2.5005765,2.065393,4.0,B0084Y96FE
umap,10000,4092,2.7013257,-0.9925713,5.0,B0B4QS4F25
umap,10000,4093,1.7640922,-0.70896345,4.0,B004NSUMTO
umap,10000,4094,-1.1038604,0.8255842,5.0,B00109Y2DQ
umap,10000,4095,-0.47255114,3.7866755,4.0,B003CFB1AS
umap,10000,4096,-1.3283209,-1.7203201,5.0,B002ONSRA6
umap,10000,4097,-1.4101193,-1.7703323,3.0,B004MSGEOC
umap,10000,4098,-1.9385724,-1.3926898,5.0,B005TI1ILS
umap,10000,4099,-1.329562,-1.1905074,5.0,B004NP1E9E
umap,10000,4100,1.224941,3.8438182,5.0,B01M0MT6BT
umap,10000,4101,1.2685512,3.5723822,5.0,B0057WTEWQ
umap,10000,4102,-1.2482281,-0.8742044,5.0,B004SBCF4Q
umap,10000,4103,-0.6809576,3.684504,5.0,B004JWA70I
umap,10000,4104,1.2920151,3.2976832,5.0,B074D5QYPN
umap,10000,4105,1.3017234,3.162944,5.0,B004HFS6Z0
umap,10000,4106,-4.0823245,0.9088715,5.0,B003VD1CVY
umap,10000,4107,-2.5286336,1.9750664,5.0,B003WQAIJC
umap,10000,4108,0.17860065,4.000927,4.0,B07PR21291
umap,10000,4109,-1.7265594,4.3933635,5.0,B004JMZPJQ
umap,10000,4110,-1.3612294,4.5516295,5.0,B004BQTTE2
umap,10000,4111,-1.6570865,-4.033645,5.0,B003JQLPYC
umap,10000,4112,4.2153378,-1.5793164,5.0,B003H4QV22
umap,10000,4113,-0.15988246,-5.0562153,5.0,B003UYU16G
umap,10000,4114,-2.2284114,0.75135475,4.0,B002XN7C6W
umap,10000,4115,-0.85722435,0.6596214,5.0,B003SHMKHS
umap,10000,4116,2.6442158,-1.212684,5.0,B07YFD37SF
umap,10000,4117,-1.9107822,-1.2666789,5.0,B0018O77Q2
umap,10000,4118,-1.636446,4.3839855,5.0,B001TZQITM
umap,10000,4119,0.43542695,-5.2709894,3.0,B0002QLQ96
umap,10000,4120,-1.1732335,-3.9547079,5.0,B00E57BSMI
umap,10000,4121,-2.0315797,-1.1313794,2.0,B002IC0YLS
umap,10000,4122,-2.5169938,1.9911535,3.0,B001Q3M9D6
umap,10000,4123,-1.1970943,-2.037022,5.0,B001TOD7MO
umap,10000,4124,-2.089257,-1.0495907,4.0,B002IC0YL8
umap,10000,4125,-2.5563939,1.8525455,3.0,B001OQC0JS
umap,10000,4126,-0.8513592,-3.5290341,5.0,B0007LI13U
umap,10000,4127,-3.1380775,-1.061924,4.0,B001C1MGKI
umap,10000,4128,-1.9762332,-1.2472728,5.0,B000ER5G6C
umap,10000,4129,2.607594,-1.0239327,5.0,B0006Q3B2W
umap,10000,4130,-2.0352347,-1.1533643,5.0,B00093IIRA
umap,10000,4131,-2.446869,1.8140256,4.0,B0019MOKYA
umap,10000,4132,-0.75636166,-3.3905616,4.0,B000H0QIRC
umap,10000,4133,0.9889895,2.6101077,5.0,B08J9NQ6CS
umap,10000,4134,8.807045,3.6163661,4.0,B082T7HDGT
umap,10000,4135,10.01667,5.7683935,4.0,B07KJ6GDGN
umap,10000,4136,-0.5838933,-4.0790963,5.0,B088CTT6KZ
umap,10000,4137,0.7617994,17.90032,1.0,B07KXVLRHG
umap,10000,4138,2.7037458,-1.4682113,5.0,B08RMVG7BY
umap,10000,4139,2.693428,-1.4044487,5.0,B0BCPC68J6
umap,10000,4140,3.1058226,-4.952518,4.0,B0757LCDD5
umap,10000,4141,1.481815,-1.5907384,5.0,B0B12PXQYM
umap,10000,4142,-3.8555624,1.3039477,5.0,B00FES2TU2
umap,10000,4143,0.24532606,-5.4881287,5.0,B001S0PX1M
umap,10000,4144,1.5042366,-0.801278,5.0,B005PCPI82
umap,10000,4145,6.155357,-1.6436933,5.0,B005DION7U
umap,10000,4146,0.7804998,-2.4132698,5.0,B076GVVB6R
umap,10000,4147,0.5828218,-5.370226,4.0,B0753CSBW1
umap,10000,4148,-1.0724868,-4.69798,5.0,B008F2YEN4
umap,10000,4149,-1.0683354,0.038206883,5.0,B0B24GTQ9G
umap,10000,4150,-0.30233815,-4.4268622,5.0,B00AZFMOS6
umap,10000,4151,0.19910505,3.9557278,5.0,B00WH2TB1S
umap,10000,4152,-0.19988771,-5.221801,5.0,B0046EDOWW
umap,10000,4153,-1.9155726,1.4343041,5.0,B077HGQ44Q
umap,10000,4154,2.2003155,0.13586411,1.0,B00E9MD700
umap,10000,4155,-0.536556,2.6180935,1.0,B09FLGDRMZ
umap,10000,4156,0.22059824,-5.493172,3.0,B0B4DPLGHQ
umap,10000,4157,0.42584,-5.377188,2.0,B08KR8CRQP
umap,10000,4158,4.5576205,1.6480966,5.0,B09DGFHKNC
umap,10000,4159,4.8698163,3.4942281,2.0,B0BWLWDLPF
umap,10000,4160,-1.0911052,-4.1301384,4.0,B08M9DXY4P
umap,10000,4161,-0.3896446,4.7340865,1.0,B06XSW5JRZ
umap,10000,4162,1.5238062,-0.46336395,5.0,B0B21DKG75
umap,10000,4163,4.295148,1.3932722,3.0,B00D23LYW0
umap,10000,4164,4.064284,2.0569725,5.0,B0194TXW4I
umap,10000,4165,1.4499637,0.9992789,5.0,B08D3LP9W4
umap,10000,4166,3.2918947,0.9412613,5.0,B07QC4WZFZ
umap,10000,4167,1.4536511,1.117851,5.0,B0002F67N2
umap,10000,4168,-1.3327963,1.5753143,5.0,B0BP9Z1LB5
umap,10000,4169,-0.19328876,-3.615251,5.0,B0791TX5P5
umap,10000,4170,-2.1576629,1.7138457,5.0,B0BPMLRQHQ
umap,10000,4171,4.021664,2.8871627,5.0,B07H65KP63
umap,10000,4172,-3.5670722,-3.5566878,5.0,B07KTYJ769
umap,10000,4173,2.2798417,3.4289765,5.0,B093K8HLJZ
umap,10000,4174,1.3000977,3.2997723,5.0,B07J2FGZSM
umap,10000,4175,-0.894233,2.0325344,4.0,B00OQVZDJM
umap,10000,4176,4.1003027,2.8828576,3.0,B00ZXB1US2
umap,10000,4177,2.9718883,1.6864692,3.0,B01N0H8WUZ
umap,10000,4178,3.8824763,0.11433222,5.0,B07SNQLZD4
umap,10000,4179,0.14288929,-5.105087,4.0,B07VQLT75P
umap,10000,4180,3.836166,3.2545614,5.0,B09SGKSD4P
umap,10000,4181,-2.7663178,0.107251175,2.0,B00RCSU7OW
umap,10000,4182,0.4775517,-5.0269895,5.0,B000MUXVYK
umap,10000,4183,2.0311332,2.881747,5.0,B07WZSTQD9
umap,10000,4184,-0.44836134,0.51558155,5.0,B00HPMCO4Q
umap,10000,4185,4.19633,-1.4686869,5.0,B0012BL8LG
umap,10000,4186,7.900604,3.2571268,5.0,B00L3KSP08
umap,10000,4187,-2.1378274,-0.84152067,3.0,B095YT1C6M
umap,10000,4188,-0.5452489,-4.210416,5.0,B07XV3GGRX
umap,10000,4189,-2.2422857,1.6431574,4.0,B071GGB84Y
umap,10000,4190,0.73037386,-2.294007,5.0,B075KP9XHS
umap,10000,4191,0.9676383,-2.4167857,4.0,B07GVWH35S
umap,10000,4192,-2.2352445,-2.2199962,4.0,B00ND5UOFU
umap,10000,4193,-1.4776522,-1.1138134,4.0,B00LD3Q56G
umap,10000,4194,0.6845837,-2.4908366,5.0,B000E1PXJS
umap,10000,4195,0.512228,-0.5925496,4.0,B007R9RUPU
umap,10000,4196,2.310592,0.76932424,5.0,B01M0GB8CC
umap,10000,4197,4.031078,1.4591714,1.0,B0C211KFK4
umap,10000,4198,1.3318049,1.0062209,5.0,B07GZFM1ZM
umap,10000,4199,5.008229,3.6111634,5.0,B07KJ6GDGN
umap,10000,4200,-3.3022838,2.2350268,5.0,B01DKOFZVQ
umap,10000,4201,-3.3704839,2.1527226,3.0,B00GMCLLYE
umap,10000,4202,1.1552064,-2.7523384,5.0,B0BHWQ3H17
umap,10000,4203,1.1744843,-2.8164966,5.0,B0819PCPBV
umap,10000,4204,4.782365,0.85126734,4.0,B00RELNQXG
umap,10000,4205,1.8841281,-0.8325429,5.0,B010JKMO7W
umap,10000,4206,0.45726988,-5.5148473,5.0,B01M9AWXJO
umap,10000,4207,-2.1912344,-0.91417617,4.0,B00BII1156
umap,10000,4208,-2.1372402,-0.9842836,5.0,B0B58ZK8CZ
umap,10000,4209,2.710194,-1.5959597,3.0,B071WW5M69
umap,10000,4210,3.9238658,0.82618684,2.0,B07DWXL8GD
umap,10000,4211,3.429193,2.6214058,1.0,B008RSH6NG
umap,10000,4212,0.3896352,3.7755337,5.0,B07X3GQT7V
umap,10000,4213,-0.008219558,-5.1442375,1.0,B07PYLT6DN
umap,10000,4214,-1.5401833,-1.4307134,1.0,B07XNXQCZ2
umap,10000,4215,2.6377835,2.6124308,5.0,B071K5BQPF
umap,10000,4216,-1.0674047,5.0406265,5.0,B07J3FMTJ4
umap,10000,4217,2.581,-1.7672735,1.0,B01MYT9D96
umap,10000,4218,-2.629148,-2.0282078,5.0,B00WHT67YA
umap,10000,4219,2.724315,-1.2662959,2.0,B084CZJK7H
umap,10000,4220,-1.719125,-1.3818195,5.0,B075X8471B
umap,10000,4221,-0.99046594,-4.1832285,5.0,B0153WUOXM
umap,10000,4222,-2.0205395,-2.9463928,2.0,B0C1N6CWVL
umap,10000,4223,-0.9355072,-3.9866126,1.0,B07S4MFN8Z
umap,10000,4224,-2.0634892,-1.06672,5.0,B078T633Q9
umap,10000,4225,-1.9490796,-1.661133,5.0,B08WJSHSLC
umap,10000,4226,-1.4567802,-1.3680325,5.0,B0791TX5P5
umap,10000,4227,-2.0636842,-1.7168188,5.0,B075X8471B
umap,10000,4228,-3.5618255,-3.2063324,5.0,B01BRWH8G8
umap,10000,4229,-1.1952289,-3.9703429,5.0,B01K8B8YA8
umap,10000,4230,-2.2399163,1.8013717,5.0,B00QFY4JRA
umap,10000,4231,2.3142574,-1.947156,3.0,B0774TF8WY
umap,10000,4232,3.7944784,2.263923,5.0,B07GP2ZDQ8
umap,10000,4233,2.0769746,1.5908152,5.0,B01MZ8ZU42
umap,10000,4234,2.4629655,1.6948551,5.0,B07CKQY7RN
umap,10000,4235,-0.52439106,-3.904753,5.0,B01D4HTIOY
umap,10000,4236,-1.0259707,3.5884898,5.0,B08H1SR1B3
umap,10000,4237,5.8601613,1.3419152,5.0,B09ZTW2DJJ
umap,10000,4238,0.3019329,-5.247271,5.0,B07YY1DCHG
umap,10000,4239,2.3230891,2.4560075,5.0,B08VRLPWQL
umap,10000,4240,0.10059536,-5.366265,4.0,B0858N128P
umap,10000,4241,2.1832116,-2.0472848,5.0,B08DXJB77C
umap,10000,4242,5.352341,0.8737666,5.0,B08RD8K7ZG
umap,10000,4243,3.9921968,1.1095741,5.0,B087R7MNBQ
umap,10000,4244,0.51708287,-5.0685935,1.0,B07TGTSKSH
umap,10000,4245,3.9549341,2.4471052,5.0,B0BJVP51YS
umap,10000,4246,-2.1816797,-0.8828866,5.0,B07TH2CYNT
umap,10000,4247,0.59846866,3.9568639,5.0,B099ZTR1GJ
umap,10000,4248,4.026681,0.51834345,2.0,B07S764D9V
umap,10000,4249,2.680237,1.1704334,1.0,B016UCB7G2
umap,10000,4250,3.1692784,1.18085,5.0,B01M7VOJFW
umap,10000,4251,4.2971463,-1.5661104,2.0,B000HVHYJW
umap,10000,4252,3.037536,1.4052862,1.0,B0C211KFK4
umap,10000,4253,-0.75243294,-3.1433494,5.0,B09W4XDQ9Q
umap,10000,4254,1.9440136,1.6268361,5.0,B0C6ML153J
umap,10000,4255,-0.51196563,2.5292513,5.0,B01AOODE18
umap,10000,4256,4.420426,-0.0358852,3.0,B00006IAGZ
umap,10000,4257,2.535857,0.23207061,3.0,B00L0YLRUW
umap,10000,4258,-1.4554899,-0.54245186,5.0,B00P8D9N52
umap,10000,4259,4.271473,3.6428032,5.0,B07PHQ93TV
umap,10000,4260,-0.95990795,1.8094542,5.0,B003VAGXZC
umap,10000,4261,1.885519,1.619165,5.0,B07GPGVYGX
umap,10000,4262,1.5315676,0.7783194,5.0,B09YVLCHCH
umap,10000,4263,2.9280305,3.1787684,5.0,B07KPCRBTL
umap,10000,4264,1.8771831,-2.0169313,1.0,B009XHC70W
umap,10000,4265,1.4778801,0.9556052,2.0,B08GWV46QP
umap,10000,4266,-0.1199099,3.408301,5.0,B09RH3B1YG
umap,10000,4267,0.431407,3.568173,5.0,B07CYG62HB
umap,10000,4268,0.2659685,-5.35193,1.0,B013ZR5KJU
umap,10000,4269,4.050095,0.967879,3.0,B01LX3FJ8X
umap,10000,4270,-1.6047301,-1.3015192,3.0,B086VR9J8Q
umap,10000,4271,-2.5499048,-2.0078497,5.0,B07GZFM1ZM
umap,10000,4272,3.9913783,1.508481,2.0,B0BS2TMK39
umap,10000,4273,5.9187164,-1.6439929,5.0,B003VAGXZC
umap,10000,4274,3.0081928,0.628392,2.0,B0B5R4Z5WH
umap,10000,4275,0.71551055,3.8766284,4.0,B07NPGGFYJ
umap,10000,4276,1.1572906,2.0145073,4.0,B07N8VFFNS
umap,10000,4277,-3.132819,-1.6872212,5.0,B074TC662N
umap,10000,4278,10.557752,-16.538311,5.0,B0791TX5P5
umap,10000,4279,0.7528723,-4.9768343,5.0,B073S582XZ
umap,10000,4280,-3.575698,-3.5210896,1.0,B07H65KP63
umap,10000,4281,1.1335006,4.0648794,5.0,B07HQH7M9T
umap,10000,4282,0.87071586,2.5131445,5.0,B07F4P3JH7
umap,10000,4283,-1.3882169,5.106417,5.0,B09NW99FDL
umap,10000,4284,0.82353354,2.8196933,5.0,B09FXTQ32M
umap,10000,4285,-1.0576996,2.064267,3.0,B0C1Z6K266
umap,10000,4286,0.10340729,-5.3206134,5.0,B0B2K1C5TG
umap,10000,4287,-1.5465024,2.1541917,5.0,B08R5WKLD8
umap,10000,4288,-0.33763242,2.3726954,4.0,B08ZC74KH9
umap,10000,4289,-0.04135503,2.2434826,5.0,B08FT8LKHC
umap,10000,4290,-0.63176584,-4.795061,4.0,B08SQ8QNPW
umap,10000,4291,-0.046338055,-3.8162117,4.0,B087CGPX49
umap,10000,4292,-1.9808677,1.7992828,4.0,B0BHT61RNB
umap,10000,4293,-2.2890573,1.6848394,3.0,B07KR82DHG
umap,10000,4294,-1.0510112,1.7343456,5.0,B000VL21KU
umap,10000,4295,-1.178091,1.9176927,2.0,B07K2ZHN9C
umap,10000,4296,0.19891605,-1.6153724,1.0,B07JGT5HCW
umap,10000,4297,-1.6431826,4.3871827,4.0,B07K9F16YG
umap,10000,4298,-2.282859,1.7170995,2.0,B07DLTYC6S
umap,10000,4299,0.52546716,-4.811169,5.0,B07K8XPS7J
umap,10000,4300,-0.19817595,-5.6827965,5.0,B083MMMKV5
umap,10000,4301,-2.1730678,1.7331889,5.0,B088W1VYR5
umap,10000,4302,-1.3662202,-0.6669024,4.0,B09HVB9XJ7
umap,10000,4303,-4.9734287,0.42388114,4.0,B07B4915CX
umap,10000,4304,0.9556141,-2.5938199,5.0,B07PYHMYWV
umap,10000,4305,-1.7033322,-3.577266,4.0,B07FLH7VLQ
umap,10000,4306,0.42979464,-4.800582,5.0,B07FC9BNQL
umap,10000,4307,-1.3647882,5.0584354,5.0,B07FP3LY47
umap,10000,4308,-2.9051995,3.0211413,5.0,B07JYZRZ3F
umap,10000,4309,0.5994803,2.7403593,2.0,B07B8QMNMV
umap,10000,4310,-2.4698927,2.6357872,3.0,B01NGTX7X8
umap,10000,4311,-0.8520751,4.871788,5.0,B07CSPD27K
umap,10000,4312,-1.1991463,5.210707,4.0,B01M6C9CC3
umap,10000,4313,0.18214813,4.332427,5.0,B071QWFRFG
umap,10000,4314,-1.2001482,4.9839945,5.0,B079L8JS1G
umap,10000,4315,-0.57361823,-5.181411,5.0,B073RZSTGL
umap,10000,4316,-1.3136021,-4.273716,5.0,B07C1QB53H
umap,10000,4317,0.4515991,-5.485401,5.0,B079P9QV3C
umap,10000,4318,4.4576807,-0.03147351,3.0,B01N5C85GL
umap,10000,4319,-1.2648221,-4.012464,5.0,B079V81NS8
umap,10000,4320,-4.9900393,0.41252947,5.0,B073WY596L
umap,10000,4321,0.38488144,-5.1167445,5.0,B074PP3ZPF
umap,10000,4322,0.45053113,-4.948804,4.0,B0747LJMDJ
umap,10000,4323,0.022282356,1.5173738,5.0,B077RKPYCS
umap,10000,4324,-1.2531673,3.9549282,5.0,B011I91K7S
umap,10000,4325,0.2656367,-1.0366629,5.0,B09RXJHHX7
umap,10000,4326,-2.4310238,2.7049527,5.0,B09299G7TR
umap,10000,4327,-0.98801315,-3.2384615,5.0,B01IWIBJ6K
umap,10000,4328,-3.536993,-3.4960346,5.0,B01K8B8YA8
umap,10000,4329,-2.2932868,-1.6845344,5.0,B01LWVSFZ8
umap,10000,4330,-1.2248898,4.982456,5.0,B01N5Y1V39
umap,10000,4331,-3.176373,2.1182866,5.0,B01M4LZBOM
umap,10000,4332,-1.3921101,-1.2106107,5.0,B016W8XDY8
umap,10000,4333,-0.05746728,1.5048509,5.0,B00QOQU95K
umap,10000,4334,-3.3467128,2.2010605,2.0,B07HL5SDPQ
umap,10000,4335,1.1394584,3.9925742,5.0,B00FQ1NO9W
umap,10000,4336,0.5470993,-4.8192267,5.0,B00DBRONZC
umap,10000,4337,-1.2643659,4.870752,4.0,B008E18PDG
umap,10000,4338,-1.5894135,-0.31639943,5.0,B009PK2MNY
umap,10000,4339,-1.6870438,4.4953012,3.0,B01KTKFMFS
umap,10000,4340,1.5553362,-1.7529598,1.0,B08Y8K3JK5
umap,10000,4341,1.9040054,-1.8695459,5.0,B093BNHQFR
umap,10000,4342,-3.7240915,-3.2799635,5.0,B07H65KP63
umap,10000,4343,1.8853744,3.9933631,5.0,B086WVQ3KB
umap,10000,4344,2.2344224,3.4457533,5.0,B098FZ19GX
umap,10000,4345,3.9307818,0.053237025,1.0,B07C4ZPTYT
umap,10000,4346,-2.7351,-0.0573581,2.0,B09WDS7KLW
umap,10000,4347,4.291267,0.07869483,5.0,B01B6AN7WK
umap,10000,4348,1.5301135,-0.63523954,5.0,B008R79VMQ
umap,10000,4349,-1.114754,1.9361602,3.0,B007LOSMS0
umap,10000,4350,-1.4858096,-0.48246363,1.0,B008USBYMM
umap,10000,4351,3.850701,1.5572232,5.0,B07FXJD8W1
umap,10000,4352,0.006378172,-5.470416,5.0,B013HSW4SM
umap,10000,4353,-1.0324355,0.89870137,4.0,B01J66NF46
umap,10000,4354,0.55144805,-5.2540255,1.0,B08JSMB43D
umap,10000,4355,-2.800269,2.0372279,5.0,B0BT22X92B
umap,10000,4356,3.7086794,0.030052787,3.0,B0B9LDXJ3X
umap,10000,4357,0.30561227,4.1584244,5.0,B08GLMFT79
umap,10000,4358,-0.053697463,1.4515185,5.0,B07SHFPD8S
umap,10000,4359,3.6615224,2.7163448,5.0,B0C876SJG6
umap,10000,4360,-2.3837705,-1.6533576,3.0,B075X8471B
umap,10000,4361,3.9675148,2.936984,5.0,B071RXTD57
umap,10000,4362,5.4105186,4.562886,5.0,B08CLNX58K
umap,10000,4363,2.5337713,4.021326,5.0,B00SC7GHSM
umap,10000,4364,-0.5066118,-3.800144,5.0,B00O15BQC6
umap,10000,4365,-0.8591309,-3.1080296,1.0,B000VN32O2
umap,10000,4366,-0.94740826,-2.6455042,4.0,B08PBPZB5Z
umap,10000,4367,1.0492066,0.80450165,1.0,B07PHQ93TV
umap,10000,4368,-1.6629075,-0.9831507,1.0,B07HZLHPKP
umap,10000,4369,-1.7640711,-0.9357024,1.0,B07S9THRC5
umap,10000,4370,-0.6668572,3.5888526,1.0,B0C9LWR99P
umap,10000,4371,-0.13782935,0.78217393,5.0,B0BSH231H2
umap,10000,4372,5.2710004,3.5379393,5.0,B01HAVSPOY
umap,10000,4373,2.9808087,1.4327755,5.0,B000067RG5
umap,10000,4374,3.1050608,0.81743324,2.0,B00711ST5O
umap,10000,4375,3.115871,0.8011662,1.0,B0133U4MHU
umap,10000,4376,-1.7275268,3.2841163,1.0,B00KA3LS8K
umap,10000,4377,1.0079529,2.7219224,5.0,B00NNBQKA2
umap,10000,4378,3.0009723,0.6115232,1.0,B00LEFU2EY
umap,10000,4379,0.47928095,-0.4204659,1.0,B01F4H1DM2
umap,10000,4380,4.386595,2.7367346,5.0,B016NP71MA
umap,10000,4381,3.191553,1.2861205,1.0,B00NWQZK3Q
umap,10000,4382,-0.5985585,0.59717846,5.0,B07454F4JH
umap,10000,4383,-0.24553472,-4.0099187,5.0,B07CZ2PZJM
umap,10000,4384,-0.55448854,2.7395384,1.0,B0B7HTGNQK
umap,10000,4385,2.9372485,0.69966143,1.0,B00906E03I
umap,10000,4386,7.547743,3.3280523,5.0,B081R1QS8K
umap,10000,4387,4.6689696,1.5683941,5.0,B08X2LQYZR
umap,10000,4388,5.3759575,0.83627796,5.0,B076WQHK2G
umap,10000,4389,5.3828616,0.8345356,5.0,B07QVCZQ7N
umap,10000,4390,5.3771787,0.83777857,5.0,B087F362BX
umap,10000,4391,5.3897796,0.8266804,5.0,B07FMQ4YR7
umap,10000,4392,5.373279,0.83881485,5.0,B08HS9ZWQL
umap,10000,4393,5.388319,0.8351329,5.0,B08FPD1938
umap,10000,4394,5.3679733,0.8420728,5.0,B08B1WQY3D
umap,10000,4395,5.3935747,0.8448365,5.0,B08DLSLCF3
umap,10000,4396,5.3810043,0.83631885,5.0,B07GNK18VJ
umap,10000,4397,5.402051,0.82635516,5.0,B0B6DPD19Z
umap,10000,4398,8.707754,5.68001,5.0,B072J983PB
umap,10000,4399,0.8926193,2.6377845,5.0,B07F4P3JH7
umap,10000,4400,2.4632232,2.5826457,5.0,B076BBWMDJ
umap,10000,4401,12.537102,-11.279257,5.0,B0043C0HJA
umap,10000,4402,4.322557,3.3199642,5.0,B07HWJ9TKL
umap,10000,4403,3.2668061,2.3118951,5.0,B0711ZKF75
umap,10000,4404,1.4256324,0.9988013,5.0,B0C26NRH8Z
umap,10000,4405,-0.11408287,-5.141342,3.0,B0BHNC2ZYV
umap,10000,4406,0.1771312,4.122456,5.0,B07S8WB3BR
umap,10000,4407,3.768281,0.7903715,1.0,B09BJJTKLK
umap,10000,4408,-0.43813777,2.5099852,5.0,B08TC81YQG
umap,10000,4409,1.9869481,-0.69174373,1.0,B0BBGK39G4
umap,10000,4410,0.49913916,-0.6880574,1.0,B08T9T4C7J
umap,10000,4411,0.46878612,1.0145714,4.0,B0B4F9H4DF
umap,10000,4412,-0.32851353,4.0691657,3.0,B0B47D3S6T
umap,10000,4413,5.166971,3.6143463,1.0,B09M8LN19F
umap,10000,4414,0.111325294,2.2458315,5.0,B09NQ7151V
umap,10000,4415,-1.6027588,-1.0829204,3.0,B0933G71SZ
umap,10000,4416,0.27302238,4.5676036,1.0,B09GDD648C
umap,10000,4417,0.16766737,3.8825338,1.0,B0BVYB9NVD
umap,10000,4418,1.3770506,-1.5576788,1.0,B0BVY4JVNG
umap,10000,4419,1.0301303,1.2507322,5.0,B0BVY5RHRR
umap,10000,4420,-0.12263248,-5.1417856,2.0,B0BLVYRWTX
umap,10000,4421,0.69458723,-0.6277165,4.0,B0BWYPV5NY
umap,10000,4422,1.3885381,-1.8242097,2.0,B07LG4FYVR
umap,10000,4423,0.83961755,-2.631747,5.0,B07ZQC6B9D
umap,10000,4424,-1.20665,-4.2070675,5.0,B078H4YD2L
umap,10000,4425,-5.0216913,0.38792247,5.0,B07P5JV6HT
umap,10000,4426,-4.9737325,0.4297177,1.0,B08M8Y6473
umap,10000,4427,0.14398228,0.23073415,5.0,B01IEU7UZ0
umap,10000,4428,1.0175171,-0.32004145,1.0,B0883DTP6L
umap,10000,4429,0.32138163,4.174262,1.0,B01MFBM684
umap,10000,4430,-0.107985854,0.40471557,5.0,B0BHMN1T7B
umap,10000,4431,4.268686,1.6026335,5.0,B073S3WQQH
umap,10000,4432,-1.7660618,-1.6504585,1.0,B01DLCQZGG
umap,10000,4433,1.4696661,0.4088804,4.0,B0BGMZZMZN
umap,10000,4434,-0.0800287,-4.7792964,5.0,B00WSLYQ7C
umap,10000,4435,-1.2057116,-4.408891,5.0,B00IOG3URW
umap,10000,4436,0.11928208,-0.8877271,5.0,B003KPBRRW
umap,10000,4437,2.307704,1.9932568,5.0,B0063N7UGA
umap,10000,4438,-1.4404223,-1.4017712,5.0,B004MFBH8S
umap,10000,4439,-0.3717633,2.4266584,1.0,B0009RKLMG
umap,10000,4440,-2.1312804,-2.5044818,5.0,B001GGAIGI
umap,10000,4441,-2.0632293,-2.2302551,5.0,B001DVZXC0
umap,10000,4442,0.559424,3.7549996,5.0,B08SHKWV8L
umap,10000,4443,0.65844333,4.057815,1.0,B078JCWJ9Z
umap,10000,4444,-1.3823727,1.0850976,3.0,B01CIEBS74
umap,10000,4445,-0.24145226,3.9382598,1.0,B01K6PBIRC
umap,10000,4446,-0.9640211,2.0660818,1.0,B01A08E70K
umap,10000,4447,0.98557657,-0.3260553,5.0,B00A83I8G2
umap,10000,4448,0.22754385,4.179019,5.0,B00GA2PELW
umap,10000,4449,-2.4145539,1.6899682,5.0,B00B8KXLT8
umap,10000,4450,3.7313266,0.13339238,1.0,B0BYPFJKT7
umap,10000,4451,-1.2132416,0.8092427,5.0,B008J0Z9TA
umap,10000,4452,0.28416315,1.020996,5.0,B00AW4O0M8
umap,10000,4453,0.14530914,4.100484,5.0,B004V9F61O
umap,10000,4454,-1.2130262,0.79213274,5.0,B004Q3C98S
umap,10000,4455,1.3944383,3.1975396,1.0,B00825C0PS
umap,10000,4456,0.26838905,4.4629135,5.0,B0777SJZ55
umap,10000,4457,6.0437875,-1.937777,5.0,B0043T7FXE
umap,10000,4458,3.9176106,1.5847553,1.0,B01J94SWWU
umap,10000,4459,2.3081744,-1.8727,5.0,B08XKBPPM3
umap,10000,4460,-2.2747357,1.7230266,3.0,B005HGILN0
umap,10000,4461,3.7998624,0.6391103,4.0,B0C36JWCCM
umap,10000,4462,0.5789639,-5.4304595,5.0,B09JQMJHXY
umap,10000,4463,5.323808,3.1620915,5.0,B0097BEFWC
umap,10000,4464,-0.18207687,-4.79532,3.0,B09L44Z63L
umap,10000,4465,2.1363976,-0.38558474,5.0,B0B7RL1835
umap,10000,4466,-0.8950916,-3.5622654,5.0,B07H65KP63
umap,10000,4467,0.6985289,3.2384539,5.0,B07JMQP6T6
umap,10000,4468,2.2713926,3.0035589,5.0,B094QBNBC4
umap,10000,4469,-1.9787962,-1.4960471,5.0,B07H65KP63
umap,10000,4470,-3.0934699,-1.727682,5.0,B0C26NRH8Z
umap,10000,4471,-2.1075394,-0.83637875,5.0,B09TKC23YB
umap,10000,4472,2.3320172,-2.0470066,5.0,B095H4PGJ5
umap,10000,4473,1.5128999,0.8500518,5.0,B0778MP49B
umap,10000,4474,0.4113047,-4.9364424,5.0,B0787KLT56
umap,10000,4475,-3.1573324,-2.7881896,5.0,B00ZVJAF9G
umap,10000,4476,1.6988877,-1.1261266,5.0,B013DN53WU
umap,10000,4477,0.21683726,0.8491664,5.0,B00PVIBIN4
umap,10000,4478,-0.7209224,-0.5209461,5.0,B01F69ARK2
umap,10000,4479,3.9475443,2.4229703,5.0,B00MWZTWJG
umap,10000,4480,3.7656949,-0.06056592,5.0,B07RYN4ZVL
umap,10000,4481,0.23026684,-4.848723,5.0,B07FM4HKWN
umap,10000,4482,-2.2348971,1.7200316,5.0,B0C61QZ71T
umap,10000,4483,2.6799138,0.48692653,1.0,B0BX86Q6PB
umap,10000,4484,-0.66711307,-3.3299644,5.0,B00BCSYZSW
umap,10000,4485,0.27576166,-5.210786,5.0,B00BONB8FS
umap,10000,4486,-0.035521463,1.476088,5.0,B003U46SWC
umap,10000,4487,0.43656734,0.919465,5.0,B0BC8KWS2Q
umap,10000,4488,-1.25726,4.9294477,5.0,B0BY98CSFT
umap,10000,4489,-1.2739364,4.809679,5.0,B0BRTPJ8FW
umap,10000,4490,-0.8913646,-4.7551193,5.0,B0BCF1BSXK
umap,10000,4491,-1.410188,-4.3316855,5.0,B08G6KK3L6
umap,10000,4492,-3.6770704,-3.2606487,5.0,B07HZLHPKP
umap,10000,4493,-1.0941913,5.2883015,1.0,B06XW7T3WD
umap,10000,4494,1.9915729,-0.67272747,1.0,B0B8J17B9L
umap,10000,4495,4.9575987,0.9419308,5.0,B0BN1LF4PS
umap,10000,4496,3.4427445,2.395418,5.0,B0822D8551
umap,10000,4497,0.45413995,2.0029955,5.0,B0B2K25S5S
umap,10000,4498,-3.1958096,-1.5503906,4.0,B08G1NNG1W
umap,10000,4499,-3.3036182,-1.6047518,5.0,B0C4P11F1C
umap,10000,4500,-3.2911758,-1.5832465,4.0,B0895N285F
umap,10000,4501,-1.6320076,-0.20881788,5.0,B0CDCF3MLP
umap,10000,4502,6.109229,-1.7990773,4.0,B09Y1PSVTB
umap,10000,4503,6.1609015,-1.7702012,4.0,B087Q5XTK9
umap,10000,4504,-0.4248264,0.42172286,5.0,B0C447ZT7H
umap,10000,4505,0.21170348,2.1523228,4.0,B087LS8ZRV
umap,10000,4506,1.4153738,-2.0741837,5.0,B08LPJL3KB
umap,10000,4507,-3.0992737,-1.675165,5.0,B08CV271C7
umap,10000,4508,1.4717784,-2.4083567,4.0,B08K42MJFP
umap,10000,4509,0.77594024,-2.6651673,5.0,B08Q2WMGKP
umap,10000,4510,1.2958958,-1.7261113,5.0,B08HM2TBPN
umap,10000,4511,0.32678556,-1.3140931,5.0,B08HS2ZCMB
umap,10000,4512,-0.47322506,0.22645068,5.0,B08QV1HG4S
umap,10000,4513,0.6232322,-2.2321157,5.0,B08HCDV6TT
umap,10000,4514,0.7433692,-2.4630005,5.0,B08FD2XKWH
umap,10000,4515,0.37148166,-0.92125887,5.0,B08GX2YF4D
umap,10000,4516,0.77381766,-2.4935381,5.0,B08CDD6PCW
umap,10000,4517,3.8123403,0.0056498838,4.0,B08315RYD4
umap,10000,4518,0.6787274,-2.4369383,5.0,B09LQ4FCD6
umap,10000,4519,1.4816278,-2.3112001,5.0,B08BC9J8QQ
umap,10000,4520,1.1051261,-2.4964578,5.0,B0B23LRBRP
umap,10000,4521,-2.828874,-1.7590765,5.0,B09WKF4TZ4
umap,10000,4522,0.820882,-2.3557053,5.0,B08DCSS6LH
umap,10000,4523,1.2831486,-1.7483982,5.0,B08BJ8TBZ4
umap,10000,4524,-1.5622482,0.963624,4.0,B08MFWGDH1
umap,10000,4525,0.2991338,-0.8778633,4.0,B09LH8BBBK
umap,10000,4526,-0.08296279,-1.2896312,4.0,B08C4NSZQK
umap,10000,4527,1.250872,-2.2741473,5.0,B087T7T8Z7
umap,10000,4528,0.9016867,-2.3182797,5.0,B08N3ZWCN8
umap,10000,4529,1.3439144,-2.3117402,5.0,B087TCTMKV
umap,10000,4530,3.2816393,-1.009366,4.0,B088K166SR
umap,10000,4531,3.2324765,-0.5789405,4.0,B08C5GPVP2
umap,10000,4532,-1.2603245,-1.6007903,5.0,B08P1YXVNR
umap,10000,4533,-1.4408458,-3.5760958,4.0,B0931DYBX5
umap,10000,4534,-1.4714466,3.1260962,4.0,B08FG7X8TL
umap,10000,4535,-2.8435168,1.3063408,5.0,B0BKG4RT1F
umap,10000,4536,0.6999635,0.34471512,4.0,B081VT2CPW
umap,10000,4537,0.24120547,2.1531904,5.0,B07Z7ZWC6S
umap,10000,4538,0.27548775,-0.96898586,5.0,B0859TMPHT
umap,10000,4539,-1.9633064,-3.1352255,4.0,B07XQ325Y3
umap,10000,4540,1.3097525,-1.7544876,5.0,B084Z66SFG
umap,10000,4541,6.0896997,-1.8022212,4.0,B09Y2SCDB2
umap,10000,4542,0.20461679,2.0843034,5.0,B07ZNQZC9W
umap,10000,4543,-0.9316269,-1.6160085,4.0,B0BVV61JV3
umap,10000,4544,4.3879414,0.100210525,5.0,B083XSR7Z6
umap,10000,4545,0.0287997,-1.344793,5.0,B082WCKGD8
umap,10000,4546,1.735411,-1.3250787,4.0,B083SG6P3J
umap,10000,4547,-1.0568796,-1.5476003,5.0,B0C45YWP9R
umap,10000,4548,-2.9808726,0.74536383,5.0,B07ZWYLVNY
umap,10000,4549,-0.47219416,-3.2448864,4.0,B07ZVG36ZR
umap,10000,4550,0.4233367,-1.9745175,5.0,B0823BYWGN
umap,10000,4551,-1.0570512,3.7942772,5.0,B083169BMW
umap,10000,4552,0.13501911,3.9373717,5.0,B0814BN42P
umap,10000,4553,-0.09337549,-1.0896878,5.0,B0B28GXPRR
umap,10000,4554,0.31670472,3.929018,5.0,B07YJXWDJP
umap,10000,4555,-0.619376,-3.3625922,4.0,B08LYFRFDK
umap,10000,4556,0.70016843,-2.2521858,5.0,B0814TG59P
umap,10000,4557,0.3948067,-1.0420738,5.0,B0773LJBZ5
umap,10000,4558,-1.3985922,1.7819812,5.0,B07WL1RMZK
umap,10000,4559,0.35308552,-0.9069173,4.0,B07Q8N8BN8
umap,10000,4560,0.44815704,-1.0004588,5.0,B07TX1M942
umap,10000,4561,-1.1082609,4.6231556,5.0,B07R3QL594
umap,10000,4562,0.031710114,-5.314031,5.0,B07QXJZ6HR
umap,10000,4563,-0.1682828,-1.1867937,4.0,B07PVG3ZW3
umap,10000,4564,0.5101759,-2.2601135,4.0,B0891X1KDY
umap,10000,4565,-1.218386,0.7951369,4.0,B07S1FMVKG
umap,10000,4566,-0.99082506,-3.112502,3.0,B0BJ7QMYBF
umap,10000,4567,4.3780212,-1.6926906,4.0,B07Q1DPGWM
umap,10000,4568,-0.058977958,-1.4543529,5.0,B07LFWRL26
umap,10000,4569,-1.7005378,2.2654085,4.0,B07PVM4YSX
umap,10000,4570,2.4376762,-0.9434317,4.0,B0BXPGHMN6
umap,10000,4571,-1.4517004,0.10937949,5.0,B09WHPJZD3
umap,10000,4572,-2.7556002,1.4719378,4.0,B08D8XN6C2
umap,10000,4573,-2.7185986,2.697688,4.0,B0B9HF8KDV
umap,10000,4574,0.22068852,4.1657853,4.0,B06ZYB8VD7
umap,10000,4575,0.6325616,-2.1553514,5.0,B07HF1TZ1X
umap,10000,4576,0.17782326,2.1047137,5.0,B07DND2W6W
umap,10000,4577,6.1445932,-1.8080931,4.0,B0BG27Y7DY
umap,10000,4578,-2.617725,1.8563459,4.0,B079YGJ9XL
umap,10000,4579,0.24213398,2.0681045,5.0,B076B3Q8JR
umap,10000,4580,0.2019587,-5.0653257,3.0,B077P4WWHV
umap,10000,4581,0.35363975,-4.9907813,5.0,B0778PCW73
umap,10000,4582,-0.018457647,1.5233598,4.0,B071XY12YY
umap,10000,4583,0.1667265,-3.819874,5.0,B0764DQM28
umap,10000,4584,-1.3978425,-3.7157848,5.0,B06XDH6XL3
umap,10000,4585,0.2732026,1.197204,5.0,B06WD61CF5
umap,10000,4586,0.20583627,0.9182382,5.0,B01MS79LGW
umap,10000,4587,1.2279067,-1.8465419,4.0,B01N526C57
umap,10000,4588,0.23685922,-1.363532,5.0,B07ZPPR4DH
umap,10000,4589,-0.5008251,-5.1495347,5.0,B01DM7AEKI
umap,10000,4590,3.4377892,-0.9371242,5.0,B01BD79DSS
umap,10000,4591,-1.4831127,-4.0525866,5.0,B0156KV764
umap,10000,4592,-2.4571955,2.709169,4.0,B00UAN79KQ
umap,10000,4593,-1.6809709,4.3405986,5.0,B00U5ROEIW
umap,10000,4594,-1.5676334,-0.37111178,4.0,B00SOXMCCO
umap,10000,4595,0.15770996,4.180512,5.0,B01BJLCN94
umap,10000,4596,1.168585,-1.4678841,3.0,B00O90HI3Y
umap,10000,4597,-1.6046524,-3.067557,4.0,B00GTRVO12
umap,10000,4598,2.6074805,-1.4965185,5.0,B07MFZMQHP
umap,10000,4599,-0.54024804,-3.2415268,5.0,B00I59VBH4
umap,10000,4600,0.17101097,0.82219964,5.0,B00ANG3T1S
umap,10000,4601,0.2360419,4.070764,4.0,B00EZBY6F0
umap,10000,4602,-1.7682322,4.458541,5.0,B00EN9Q35A
umap,10000,4603,-1.2768683,-4.218908,5.0,B00BF9I0JI
umap,10000,4604,-0.44756457,-2.9494503,5.0,B00CACUZF6
umap,10000,4605,0.5111297,3.8720493,4.0,B009YQ8BTI
umap,10000,4606,-2.4765294,2.665585,4.0,B008RW6QHY
umap,10000,4607,0.21200491,-5.2106805,4.0,B0094S37GS
umap,10000,4608,-0.5144543,4.0916095,4.0,B002MCZ2L6
umap,10000,4609,-0.03196216,4.381072,4.0,B00AFSNGAI
umap,10000,4610,-4.1088586,0.92519873,4.0,B006ZGB58Y
umap,10000,4611,-0.78259146,0.51178783,4.0,B0013G04AQ
umap,10000,4612,-0.5851189,-3.1278217,5.0,B003LNNOCO
umap,10000,4613,-1.7243552,4.444555,5.0,B004JMZPJQ
umap,10000,4614,0.23486122,4.0608916,5.0,B0079T724W
umap,10000,4615,-3.8194656,0.78047454,3.0,B007CRWQ74
umap,10000,4616,-0.092315234,-5.652744,5.0,B007K3SB6K
umap,10000,4617,-1.9153053,3.2720027,5.0,B003ES61EE
umap,10000,4618,-0.07769238,-5.6644187,4.0,B005FVDTAW
umap,10000,4619,-0.13418396,-5.604984,3.0,B004JU0E08
umap,10000,4620,-0.04718707,-5.5216074,5.0,B002YOENAS
umap,10000,4621,-3.5505326,-1.47816,4.0,B004K1EZDS
umap,10000,4622,-2.773153,1.9587201,4.0,B004I1KJ8U
umap,10000,4623,0.5456874,2.716134,5.0,B00267SENK
umap,10000,4624,-0.07882825,3.9775143,4.0,B004AM625G
umap,10000,4625,-1.2387487,-3.9788835,4.0,B0041HXGIQ
umap,10000,4626,-1.6715461,-3.7653687,3.0,B001D559Y8
umap,10000,4627,-1.199574,4.5489025,5.0,B0033A7K7A
umap,10000,4628,-3.4818494,-1.510443,5.0,B0013F6HK8
umap,10000,4629,-0.2099694,-5.657401,4.0,B0C39XH7F7
umap,10000,4630,-3.0567296,1.6763549,1.0,B07N86MCD2
umap,10000,4631,-0.06314893,-4.7044616,1.0,B00AFGP5MM
umap,10000,4632,1.8456222,-0.8596929,5.0,B07Z9X3397
umap,10000,4633,-0.37175658,3.5674493,5.0,B07S83DXDK
umap,10000,4634,5.0225873,3.7856624,5.0,B06W568Y6C
umap,10000,4635,5.4492126,4.5024366,5.0,B07H65KP63
umap,10000,4636,0.32749122,2.5202436,4.0,B0C5S13X5W
umap,10000,4637,0.36323476,-1.6566991,1.0,B083LC9WMB
umap,10000,4638,-0.44119298,-4.5281115,5.0,B097MPYBR7
umap,10000,4639,3.097962,-4.717388,3.0,B082TNQZYQ
umap,10000,4640,-4.9444814,0.43841517,5.0,B07MFZ9MHM
umap,10000,4641,-2.5329454,-1.9984962,5.0,B075X8471B
umap,10000,4642,4.4806657,2.342702,4.0,B076F4MWJ2
umap,10000,4643,0.9538059,4.4101305,5.0,B078XRNNDG
umap,10000,4644,0.94463205,2.8338914,5.0,B01BFIBRIE
umap,10000,4645,0.8606616,2.5089388,5.0,B01BRWH8G8
umap,10000,4646,2.6320615,3.146269,3.0,B0BB2LBQJ9
umap,10000,4647,0.3550651,4.5286365,5.0,B0995VY79Y
umap,10000,4648,0.29233012,2.4931395,5.0,B08SQKZDKR
umap,10000,4649,2.4894476,3.88696,5.0,B07D1MFR2V
umap,10000,4650,3.8892088,0.6199173,5.0,B091GFZJRT
umap,10000,4651,9.843846,5.744143,5.0,B07TLVMRNW
umap,10000,4652,-1.0120581,-4.090759,5.0,B07TJLM1YM
umap,10000,4653,-1.0768508,-4.106195,5.0,B078W4T2SS
umap,10000,4654,0.39269778,4.9393167,5.0,B07L63NVK4
umap,10000,4655,4.0334187,-1.1708608,3.0,B075QCZRXY
umap,10000,4656,-0.35857138,0.33219758,5.0,B09ZQ4GHM8
umap,10000,4657,6.6784515,1.2153958,5.0,B0C4T2HF5W
umap,10000,4658,0.51656276,3.7478158,5.0,B01HCGZY50
umap,10000,4659,0.43333778,4.854289,5.0,B09G2SP42N
umap,10000,4660,2.4959593,4.0660534,1.0,B00G2UBWGI
umap,10000,4661,0.61845505,-1.3918543,5.0,B07LF54F6H
umap,10000,4662,1.3069774,-1.0437183,5.0,B077XVH192
umap,10000,4663,0.510633,3.5853322,1.0,B07BSJCMGS
umap,10000,4664,-1.8335131,-0.99710107,5.0,B01ETRH0AM
umap,10000,4665,0.48662642,-4.9270678,5.0,B07V3RB9C1
umap,10000,4666,1.4816726,-1.0364558,5.0,B075WD3YHX
umap,10000,4667,0.93318826,-2.925978,4.0,B09F5PVRQD
umap,10000,4668,0.81269187,-2.9977546,5.0,B0B787CN26
umap,10000,4669,-0.50449187,2.0815384,5.0,B01I8VCDX4
umap,10000,4670,-0.14543366,-1.2488514,1.0,B0199HAOAU
umap,10000,4671,0.16353804,-1.0437124,5.0,B0761T4DHF
umap,10000,4672,-3.3764575,-1.2204292,5.0,B013CV95J0
umap,10000,4673,1.3420618,3.0048225,3.0,B07P374FF3
umap,10000,4674,-2.1121247,-2.3398302,5.0,B00RFLXE0A
umap,10000,4675,1.744309,-1.258637,4.0,B018SZT3BK
umap,10000,4676,-3.5145967,-1.5226371,5.0,B00QGOQ2BA
umap,10000,4677,-3.496752,-1.4493752,5.0,B01N0FGGBR
umap,10000,4678,-4.059906,0.8909425,5.0,B00TIYNGBY
umap,10000,4679,-1.8419442,-1.7419202,5.0,B08J91XPGV
umap,10000,4680,-0.6606247,-0.56676054,5.0,B00BH61UV4
umap,10000,4681,3.0069284,0.7753755,1.0,B09J49WZXQ
umap,10000,4682,2.8085508,2.0540516,4.0,B00O8NVPBI
umap,10000,4683,-0.4680402,-3.9585183,5.0,B001THL8SQ
umap,10000,4684,2.0555694,1.7570016,5.0,B01CXIFOU2
umap,10000,4685,0.13050021,-4.420202,5.0,B00LMRP6UY
umap,10000,4686,0.30449075,4.54714,4.0,B098Q3L9NJ
umap,10000,4687,3.921062,-0.07800786,1.0,B07H4SVXYP
umap,10000,4688,0.64929557,3.1106925,3.0,B09BQLWBR3
umap,10000,4689,-3.3705764,-1.2272598,1.0,B00NR1EHP8
umap,10000,4690,-0.4673646,-4.100455,5.0,B00FO0IHMY
umap,10000,4691,-0.5160802,2.454101,4.0,B00QRPPCMI
umap,10000,4692,-2.9126163,1.1886476,4.0,B0B2V9KS41
umap,10000,4693,-3.0282278,0.91388124,5.0,B081498PMW
umap,10000,4694,0.529661,2.3727279,2.0,B07PG6YW52
umap,10000,4695,0.8743366,2.572491,5.0,B0794ZR7T8
umap,10000,4696,-0.029916996,4.181644,5.0,B07FMBYFD1
umap,10000,4697,-0.035108242,0.56926847,3.0,B07PSGC87H
umap,10000,4698,3.5063837,2.332417,5.0,B08YFJYD5Z
umap,10000,4699,1.8110553,-1.8949883,5.0,B008KRZDYI
umap,10000,4700,1.5847808,-1.1893905,2.0,B08TZX2DW5
umap,10000,4701,5.834479,6.4509397,5.0,B0041OTZAM
umap,10000,4702,-2.5742388,-1.2111076,1.0,B09L7HBXYC
umap,10000,4703,-1.6114703,2.1546648,1.0,B08XQCYPJ3
umap,10000,4704,-1.506997,2.092715,5.0,B0BNSWXKFB
umap,10000,4705,-2.003492,-2.657181,5.0,B0C5S4MXKF
umap,10000,4706,-1.2331562,4.909414,4.0,B017EHRZX6
umap,10000,4707,-1.210322,4.9392157,2.0,B088LWZRQ8
umap,10000,4708,1.4700447,-1.8000078,4.0,B00GYP8MA0
umap,10000,4709,1.199339,-0.9437479,5.0,B07TKVB64D
umap,10000,4710,-1.979212,1.9524939,5.0,B014TUZ92U
umap,10000,4711,-1.5152103,1.0201783,5.0,B011BRUOMO
umap,10000,4712,3.4667814,-0.49849573,5.0,B00S05R5QY
umap,10000,4713,1.5477297,1.0502553,5.0,B07KTYJ769
umap,10000,4714,3.819197,0.6086631,5.0,B07SGBZF17
umap,10000,4715,2.3928375,-1.9607376,5.0,B078H4694S
umap,10000,4716,-2.2257426,-1.7743754,5.0,B075JZNHTD
umap,10000,4717,-0.81594396,-0.7117181,5.0,B01L73OEOG
umap,10000,4718,3.0361726,-4.979202,5.0,B01DOW5RTO
umap,10000,4719,-1.1435173,-4.227233,5.0,B01LZV6TYQ
umap,10000,4720,1.5571141,-0.14298879,5.0,B01FJPACGC
umap,10000,4721,-2.6791275,2.768873,2.0,B017NHHZ4G
umap,10000,4722,1.0163834,2.7389708,5.0,B07P374FF3
umap,10000,4723,3.6011777,2.7980938,5.0,B00BT6NZLA
umap,10000,4724,2.7277162,-1.4628223,4.0,B004I2KA4M
umap,10000,4725,3.9098797,-0.0610697,5.0,B00CRQUKQ4
umap,10000,4726,4.502581,1.4566613,5.0,B098ZZWTC5
umap,10000,4727,2.118191,2.399265,4.0,B0BLMPQL2D
umap,10000,4728,0.199167,3.8871791,5.0,B0079EZRGC
umap,10000,4729,1.8292589,3.9803977,5.0,B00BQM8S2S
umap,10000,4730,1.2960638,3.301177,5.0,B0051VVOB2
umap,10000,4731,0.98665416,4.35299,5.0,B009AOGJDE
umap,10000,4732,3.2588372,1.3990357,5.0,B07NSWGL41
umap,10000,4733,1.2411331,0.74005383,5.0,B011CUSX3C
umap,10000,4734,-1.4508116,-1.2287062,5.0,B08N9DPW69
umap,10000,4735,-2.7862566,1.3010439,4.0,B0BM2YG2K7
umap,10000,4736,3.50555,-0.1433486,5.0,B071FXZBMV
umap,10000,4737,1.3284581,-1.4986383,4.0,B07BK59YYC
umap,10000,4738,-0.99210995,0.6231165,5.0,B0C1BVZHD1
umap,10000,4739,1.7303276,-0.06553062,3.0,B07W1Q3X7S
umap,10000,4740,-0.38342834,-3.3613257,4.0,B07CPNR79C
umap,10000,4741,4.473586,-0.03439148,5.0,B082Z2KZP8
umap,10000,4742,3.683787,1.8102543,4.0,B07PQJGCVT
umap,10000,4743,2.2518446,-2.007688,5.0,B00KDOUH0G
umap,10000,4744,-0.82989854,-3.2779586,4.0,B001FA1O18
umap,10000,4745,-2.526915,1.3530471,5.0,B005FM8UL4
umap,10000,4746,-2.8682482,1.4818884,5.0,B07KVP7TTW
umap,10000,4747,2.9604907,-4.858596,5.0,B091YNGYMT
umap,10000,4748,1.1253264,3.959912,5.0,B00FJK0LDW
umap,10000,4749,-2.1479032,-0.60848415,1.0,B002UUTCMU
umap,10000,4750,3.5829089,1.0722972,1.0,B00WUWVO88
umap,10000,4751,-3.6154268,-3.4328642,2.0,B07HZLHPKP
umap,10000,4752,-2.1056995,1.9910675,4.0,B00N1XLAZC
umap,10000,4753,-2.4340432,-2.2184055,5.0,B01CCMUN8C
umap,10000,4754,6.1298914,-1.8218482,4.0,B00BIFNTMC
umap,10000,4755,0.37743038,2.1791494,5.0,B08FD79VFW
umap,10000,4756,3.0281694,2.512598,5.0,B07TXJQC3J
umap,10000,4757,-1.0973208,-4.122693,3.0,B07CRKFF9C
umap,10000,4758,-2.1952403,-1.3256326,1.0,B075X8471B
umap,10000,4759,3.999343,2.8731189,5.0,B0736ZHMMK
umap,10000,4760,-1.6827725,-3.1914773,5.0,B09FDMGNQR
umap,10000,4761,3.798136,0.58527446,5.0,B07NZ5F523
umap,10000,4762,1.5429536,1.8364874,5.0,B0BQRNFHCV
umap,10000,4763,2.6330614,2.2281642,5.0,B00SF6VSVG
umap,10000,4764,0.6067738,3.712765,5.0,B06XSGYL1Q
umap,10000,4765,-1.0547385,-3.0220692,5.0,B07Y4WVD8L
umap,10000,4766,1.2636085,-1.75537,5.0,B08HM51MMR
umap,10000,4767,2.0823386,-2.2631269,5.0,B08H5LZRVS
umap,10000,4768,-1.199369,-2.7685225,5.0,B08H5DV1YC
umap,10000,4769,1.7855755,-1.7570081,5.0,B08KTJC3P5
umap,10000,4770,5.9840875,-1.8325816,5.0,B09Y1PSVTB
umap,10000,4771,6.2508483,-1.5432873,5.0,B087Q5XTK9
umap,10000,4772,-0.9209497,0.78354514,5.0,B083P66G5H
umap,10000,4773,-0.5097915,0.33142462,5.0,B09BQQZQMM
umap,10000,4774,-1.7277143,4.000775,4.0,B082W1SWKC
umap,10000,4775,0.5239221,0.8103295,4.0,B08CSHM6L3
umap,10000,4776,1.1635263,-0.9990609,4.0,B07921HW1Z
umap,10000,4777,-0.9914937,3.6669219,5.0,B07X54PV85
umap,10000,4778,1.5358938,-1.2519785,4.0,B07VSGQ62K
umap,10000,4779,0.91291827,-2.539135,5.0,B0BMQ999F8
umap,10000,4780,0.74537045,-2.273301,5.0,B07SCXM7BH
umap,10000,4781,-0.70271146,-1.6543853,4.0,B07M8RNRGT
umap,10000,4782,1.6682913,-0.55430675,5.0,B0BGPJNJBH
umap,10000,4783,1.3359518,-1.614336,1.0,B07RXXTZ6R
umap,10000,4784,0.23778053,0.7633725,5.0,B07RF2123Z
umap,10000,4785,0.429327,-0.99213636,5.0,B07FQ94LV7
umap,10000,4786,-0.5409783,-5.1590047,4.0,B07S479R2L
umap,10000,4787,-0.66120327,-3.182793,4.0,B08TRD3FRW
umap,10000,4788,0.14817928,-1.0296673,4.0,B07PVG3ZW3
umap,10000,4789,2.354923,-1.1942987,4.0,B07YJ9L5MY
umap,10000,4790,-0.24466966,-1.3673772,4.0,B07QKBV6TP
umap,10000,4791,0.0969483,0.7841517,5.0,B00JZFG6QS
umap,10000,4792,-1.2647121,4.9444594,4.0,B07PPP7QMP
umap,10000,4793,-2.0571525,-3.086471,2.0,B07PCGV1FC
umap,10000,4794,-0.9825772,1.9633943,5.0,B07JGSN975
umap,10000,4795,-2.498108,1.3190403,2.0,B07M9K3122
umap,10000,4796,0.4253425,-5.353321,3.0,B07N5XKK95
umap,10000,4797,-2.5829384,1.9542421,4.0,B07G57SHSL
umap,10000,4798,0.34305373,-0.9722764,4.0,B07JX736SB
umap,10000,4799,1.2651981,-1.5307125,4.0,B07FZSR9JW
umap,10000,4800,1.1742566,-1.5378358,3.0,B07FDHN9V8
umap,10000,4801,-1.0651739,1.988199,4.0,B07STM5GQG
umap,10000,4802,6.054961,-1.8560032,4.0,B07BMX18JN
umap,10000,4803,0.0005171934,-1.2006795,5.0,B07N3B66YQ
umap,10000,4804,-3.6331935,-3.3801374,4.0,B07MC8C9LP
umap,10000,4805,1.7625903,-1.3670428,4.0,B07DN7XBN3
umap,10000,4806,-2.58011,1.8808016,1.0,B07MZRP64K
umap,10000,4807,0.0010311886,-5.368349,3.0,B07MCSKB9P
umap,10000,4808,2.071264,-1.2046635,4.0,B0BXPGHMN6
umap,10000,4809,-3.5513172,-1.5474837,5.0,B00QGOQ2BA
umap,10000,4810,-3.5305817,-1.6009423,5.0,B0C1D3JB4R
umap,10000,4811,-1.5121981,-0.5642396,5.0,B07LCDQSVL
umap,10000,4812,4.182461,-1.5152886,5.0,B08Y929JZN
umap,10000,4813,-1.5896716,1.6063648,4.0,B085QC3JXX
umap,10000,4814,1.7974837,2.2389586,4.0,B07JW1YSRH
umap,10000,4815,-1.0080658,3.739496,4.0,B07KXWX1VY
umap,10000,4816,-0.43913257,2.4079742,3.0,B0CBW96P7H
umap,10000,4817,-1.2931248,-4.1188083,4.0,B07HT12PD5
umap,10000,4818,-1.0281197,-3.6135798,4.0,B07HR7H4ML
umap,10000,4819,1.6400177,-0.19993724,5.0,B0BC2STR39
umap,10000,4820,-0.5887491,0.2929483,5.0,B0B6D4W3R7
umap,10000,4821,6.032934,-1.7805032,5.0,B0BG27Y7DY
umap,10000,4822,0.3548105,0.83268857,5.0,B06WVQ7SQL
umap,10000,4823,6.101133,-1.7224402,4.0,B074HYNMWG
umap,10000,4824,-1.2507209,5.029149,5.0,B0722Y445X
umap,10000,4825,0.1289776,0.7226051,2.0,B00CRGJDD0
umap,10000,4826,2.7579823,-1.082381,5.0,B06WP2Y7B4
umap,10000,4827,-1.3817613,5.302183,5.0,B01AC402TM
umap,10000,4828,-1.2289317,1.8597603,5.0,B01IOHQYDM
umap,10000,4829,-1.3752465,4.9758825,5.0,B01CXP8AX8
umap,10000,4830,-3.930933,-1.6611505,5.0,B00PEW7NP4
umap,10000,4831,-3.997939,-1.6621736,5.0,B00TLEXZ8K
umap,10000,4832,-3.9614172,-1.6723143,5.0,B00V5EMQAM
umap,10000,4833,0.45033243,0.50882566,5.0,B01BF11RJK
umap,10000,4834,0.4118248,0.5451806,5.0,B00ZVNTU6Q
umap,10000,4835,0.44241259,0.53056705,5.0,B01BF13LZ8
umap,10000,4836,0.4447316,0.5030246,5.0,B015IX72CM
umap,10000,4837,-1.0013798,4.8606167,5.0,B017KF7WH6
umap,10000,4838,0.2630136,3.139717,5.0,B00Y3DLTF0
umap,10000,4839,-1.0497322,0.64719564,4.0,B00SSUWGQK
umap,10000,4840,-2.9504158,0.43067175,5.0,B00M30SQL0
umap,10000,4841,-3.53535,-1.5078481,5.0,B00BK0YRZS
umap,10000,4842,-4.0010533,-1.6692592,5.0,B00MEIBYJM
umap,10000,4843,-4.0121694,-1.6704072,5.0,B00PT90SCW
umap,10000,4844,-4.0283747,-1.6679288,5.0,B00P9WGLCU
umap,10000,4845,-3.9954298,-1.6685902,5.0,B00NZV0LP0
umap,10000,4846,-3.9996202,-1.667981,5.0,B00MOTL0Q8
umap,10000,4847,-3.5899708,-1.6034505,4.0,B00KVD6CJY
umap,10000,4848,0.49159893,4.9301043,4.0,B00LIC2FHA
umap,10000,4849,-0.6797709,4.639435,3.0,B00CNMYP0E
umap,10000,4850,-1.5133882,-0.81864035,3.0,B000JTL6QO
umap,10000,4851,-1.8176754,1.113325,4.0,B001FN14RE
umap,10000,4852,-1.7977482,1.1145175,4.0,B0046TVZSW
umap,10000,4853,-1.3272682,0.91101617,5.0,B00IYOJD84
umap,10000,4854,0.7383049,2.348289,5.0,B00DGM6ZE4
umap,10000,4855,1.1120665,3.972497,4.0,B00EUFP66Y
umap,10000,4856,0.44716302,3.9867923,5.0,B00E60PZFK
umap,10000,4857,6.125396,-1.7724001,5.0,B006UIFTTS
umap,10000,4858,-1.1153041,4.833349,4.0,B00BW0QC8G
umap,10000,4859,1.1320748,4.0578704,5.0,B00B29X7R6
umap,10000,4860,2.8400881,2.7360923,2.0,B00A3G8ZIK
umap,10000,4861,-0.667345,0.3751397,5.0,B00GPL2ZJ2
umap,10000,4862,-1.0664058,-2.6065311,4.0,B000068EAM
umap,10000,4863,-1.0441959,-2.6147845,4.0,B0001M2FYQ
umap,10000,4864,1.0909153,2.686226,5.0,B0055D66V4
umap,10000,4865,-1.5943261,-0.8382375,5.0,B000XG8WV0
umap,10000,4866,0.48257098,3.9823763,4.0,B005EJLFXI
umap,10000,4867,0.33540922,3.169817,4.0,B005EJLFXS
umap,10000,4868,0.38612828,3.2632465,4.0,B005G0CUP2
umap,10000,4869,-2.5304587,1.7222483,5.0,B0026FCXCU
umap,10000,4870,-2.5508018,1.8963947,5.0,B002B55PR0
umap,10000,4871,-2.4681726,1.8254663,5.0,B000N386VE
umap,10000,4872,0.027257845,0.67224187,5.0,B0076LY2BY
umap,10000,4873,-1.3470162,-1.1922084,5.0,B007GNMNLS
umap,10000,4874,-1.3790832,-0.921565,5.0,B007GNMMNM
umap,10000,4875,-0.55055827,-3.0982137,5.0,B004YIZWYI
umap,10000,4876,5.2164164,4.1993427,5.0,B08KZ1TZYB
umap,10000,4877,-1.7007626,-3.1440156,5.0,B00LICJZYQ
umap,10000,4878,-1.3411912,-4.2750936,5.0,B07TRQ9JSH
umap,10000,4879,1.9940124,-1.0598252,5.0,B016NFJFYC
umap,10000,4880,-1.0292971,-0.69177866,1.0,B09XV3FW7H
umap,10000,4881,-0.5764724,-3.5889604,3.0,B0BRL1Z4WB
umap,10000,4882,2.9442244,0.6842373,1.0,B01GVOVB1A
umap,10000,4883,4.021364,-1.0817529,1.0,B08LYQT6C6
umap,10000,4884,-1.4714695,4.7743907,5.0,B08K2GBBY1
umap,10000,4885,2.1048946,1.6151934,5.0,B07KM2BW2P
umap,10000,4886,-1.6667212,-0.08393217,5.0,B08F28DTVP
umap,10000,4887,-1.3234793,5.3555293,5.0,B06WD7HC3C
umap,10000,4888,3.8776312,1.277618,5.0,B01MQFICHV
umap,10000,4889,-0.586641,2.5614707,5.0,B0753GNMW2
umap,10000,4890,0.7713651,0.8164258,1.0,B095JX15XF
umap,10000,4891,-2.390204,2.7711039,5.0,B0098USJJ2
umap,10000,4892,-0.53334945,-3.9216642,3.0,B088BG6512
umap,10000,4893,6.8131323,3.7734601,5.0,B07SYZRRS2
umap,10000,4894,0.44120795,5.031569,5.0,B07R78QTJ3
umap,10000,4895,7.48617,3.9945345,5.0,B00RBG6OE2
umap,10000,4896,4.695157,2.244047,5.0,B076PHPKML
umap,10000,4897,8.702743,5.6895456,5.0,B00OPTOKI0
umap,10000,4898,4.790382,2.24631,5.0,B01985CJUG
umap,10000,4899,5.0362473,1.7240933,5.0,B0779JLSB1
umap,10000,4900,-0.63725287,-4.046947,5.0,B00TFGX35Y
umap,10000,4901,3.7005577,1.5643262,5.0,B0013GJIBC
umap,10000,4902,0.86096656,2.8559206,1.0,B086Y77P1D
umap,10000,4903,-3.412991,0.6190559,1.0,B0852JSP1W
umap,10000,4904,3.3753633,0.96066505,1.0,B07JF2ZSC9
umap,10000,4905,-2.3515093,-1.6201723,5.0,B07H65KP63
umap,10000,4906,-1.1818137,-4.5570784,4.0,B0170RBJ9Q
umap,10000,4907,4.6259356,3.6213064,5.0,B08G43DN5X
umap,10000,4908,2.4194098,2.4374077,5.0,B07P6WSXBW
umap,10000,4909,0.021852165,-5.1306176,5.0,B07X6KGF9R
umap,10000,4910,-0.030645296,2.7495284,5.0,B079D84TFQ
umap,10000,4911,-2.9365036,0.6863165,5.0,B00N2ZDXW2
umap,10000,4912,-0.6510983,-4.100902,4.0,B09F3H9RRY
umap,10000,4913,8.337633,5.907957,5.0,B09YNVBNRT
umap,10000,4914,-0.36099312,-4.25747,5.0,B0C338S8M7
umap,10000,4915,-1.7384028,4.384691,2.0,B01M71YIG3
umap,10000,4916,-2.2281268,-1.829877,5.0,B07GZFM1ZM
umap,10000,4917,-2.0051105,-1.596029,4.0,B075X8471B
umap,10000,4918,5.274952,4.2238946,5.0,B076YTXPC8
umap,10000,4919,4.0819016,2.412066,5.0,B0B17GGGGY
umap,10000,4920,0.37072667,-4.913726,5.0,B07C6FHTSH
umap,10000,4921,3.2362285,1.5623487,5.0,B09N97CTTW
umap,10000,4922,-0.029525194,-3.6140134,1.0,B073VLYXRW
umap,10000,4923,7.561816,4.3513637,5.0,B0BHYZQ5LM
umap,10000,4924,7.5793147,4.3675356,5.0,B09Y8VRNRV
umap,10000,4925,7.573007,4.3635936,5.0,B0BPHSS2PW
umap,10000,4926,10.132346,5.8289385,5.0,B09YPZWP36
umap,10000,4927,-1.4154534,-4.3610735,5.0,B0B16HQ7NW
umap,10000,4928,-1.4081042,-4.254289,5.0,B0C2CJ136N
umap,10000,4929,-1.5629922,-3.642056,5.0,B097ZY395L
umap,10000,4930,-1.7149239,-1.2249703,4.0,B08FWXW5TC
umap,10000,4931,-1.0974159,4.9931474,5.0,B07N6YPCMZ
umap,10000,4932,-3.3677516,-1.1788708,5.0,B08NXWM3GK
umap,10000,4933,2.4047878,-1.2616626,5.0,B08BPG8YJ6
umap,10000,4934,-3.2640631,-1.2271428,3.0,B0BMJ4RFGT
umap,10000,4935,-2.488545,1.2195846,5.0,B08L588BBW
umap,10000,4936,-2.502467,1.0460178,5.0,B09XXVR2JT
umap,10000,4937,-2.540186,0.9832331,5.0,B09XXVR2JT
umap,10000,4938,-0.94584227,0.5204386,5.0,B07ZSD7CBJ
umap,10000,4939,-2.885109,1.3808533,5.0,B09TD6YRS4
umap,10000,4940,-3.4116113,-1.3579551,5.0,B08HPHRXDT
umap,10000,4941,-3.388602,-1.5440711,5.0,B0B5P8C87Y
umap,10000,4942,-2.850659,0.7354313,5.0,B084JSDR5B
umap,10000,4943,-2.5189064,2.20758,5.0,B095PVXLWJ
umap,10000,4944,-0.30917335,-3.3070202,5.0,B08WLY6BPG
umap,10000,4945,-0.1620878,-1.3858203,5.0,B0B8W72ZG6
umap,10000,4946,-4.9675684,0.43587744,5.0,B0BFFXDM1V
umap,10000,4947,-1.6365219,-0.22786048,5.0,B08QSLJKGX
umap,10000,4948,-3.2581346,-1.2790439,5.0,B0BN5D2G8G
umap,10000,4949,-2.7454789,1.671656,5.0,B093CFF943
umap,10000,4950,1.985013,1.0289813,4.0,B09K3ZLPB5
umap,10000,4951,-2.7799575,1.5794123,5.0,B08H5S9QZ5
umap,10000,4952,-2.4119408,1.0152491,5.0,B08RRS4W2D
umap,10000,4953,-3.380456,-1.5174544,5.0,B08N3DHVS1
umap,10000,4954,0.0065625836,-1.1530617,4.0,B0BV25ZQW3
umap,10000,4955,0.17919807,-5.5994,5.0,B0BDSZ2KT3
umap,10000,4956,0.09269129,-5.28011,5.0,B08JWJG7WS
umap,10000,4957,-3.0515077,0.8632848,5.0,B08R62YZ97
umap,10000,4958,-1.4409269,-1.7115504,5.0,B08T252MCJ
umap,10000,4959,0.05927704,-1.0711697,5.0,B087ZMWQB6
umap,10000,4960,0.3212901,-1.0428104,5.0,B08NDGD2V5
umap,10000,4961,-3.0013583,1.0695564,5.0,B08PBQGJ2Q
umap,10000,4962,-0.10947322,-1.398056,5.0,B08R6936N6
umap,10000,4963,0.06487837,-5.6545963,5.0,B08SQ8QNPW
umap,10000,4964,0.2690899,-5.491083,5.0,B08N63BCW8
umap,10000,4965,-2.9165542,1.3151225,5.0,B08DR5MNNG
umap,10000,4966,-0.043819197,-5.0116997,5.0,B0C4TNHV6H
umap,10000,4967,-2.993212,1.0339042,5.0,B08PB9PFPY
umap,10000,4968,0.17573625,0.70161515,5.0,B08T91YHPW
umap,10000,4969,-0.6286532,2.69582,5.0,B09XHR8WDZ
umap,10000,4970,-2.4866982,2.7042613,5.0,B08NJCDFPD
umap,10000,4971,-0.25237426,-1.3744168,5.0,B08PCWHQ7W
umap,10000,4972,-2.7814775,1.4674989,5.0,B08P3J2JP2
umap,10000,4973,0.21772234,-5.548021,5.0,B08Q81H52F
umap,10000,4974,-0.62546885,2.635535,5.0,B09X9BNL7K
umap,10000,4975,-1.3576995,4.9727054,5.0,B086GFYLYF
umap,10000,4976,0.16987553,-1.0446059,5.0,B08T9T4C7J
umap,10000,4977,-3.4625196,-1.5172373,5.0,B0922SG3ZT
umap,10000,4978,1.8868712,1.0198646,4.0,B0C68XNGG1
umap,10000,4979,-3.3458397,-1.3404881,5.0,B08V4FB3X3
umap,10000,4980,-1.9270729,1.0134364,5.0,B0BS2SLDVY
umap,10000,4981,-0.1493373,-1.371742,4.0,B08DHCNQQ2
umap,10000,4982,2.0666473,-1.0905046,5.0,B089X3PYHP
umap,10000,4983,-0.53693557,-1.2119855,5.0,B0BM3V5NTN
umap,10000,4984,-3.2373528,-1.3233372,5.0,B07TXDLM8T
umap,10000,4985,-3.372882,-1.4911058,5.0,B0BM3PMNM7
umap,10000,4986,2.755422,0.95227194,5.0,B0B8F272SB
umap,10000,4987,0.32867908,-5.0223703,5.0,B08HMHP2BP
umap,10000,4988,0.2359939,-5.6001034,5.0,B092HWCDVW
umap,10000,4989,-1.225263,-4.2012815,5.0,B08P19WSDC
umap,10000,4990,-2.214208,1.0859039,4.0,B08R9J16VM
umap,10000,4991,-1.487009,3.432343,5.0,B08J3T813G
umap,10000,4992,-0.32238752,-0.81500363,4.0,B08H1H29F4
umap,10000,4993,6.1304493,-1.80189,5.0,B07DBSKWQ5
umap,10000,4994,-0.15011255,-1.3645964,5.0,B08P5BMJ9D
umap,10000,4995,1.549611,-1.4210931,5.0,B09MHWMM15
umap,10000,4996,0.2678388,-5.5864887,5.0,B08L5LKVY7
umap,10000,4997,0.37537277,-2.0020864,5.0,B0874V465W
umap,10000,4998,1.4335129,-1.5218024,5.0,B095RSQWSQ
umap,10000,4999,-0.19606818,-5.665673,5.0,B081SLB69N
umap,10000,5000,0.16661195,-5.4868736,5.0,B08KDZ2NZX
umap,10000,5001,-0.12648769,-5.193568,5.0,B08KDX5H5Z
umap,10000,5002,-0.13128458,-1.40273,5.0,B081S5XL28
umap,10000,5003,-0.39355466,-0.92369705,5.0,B08F42NXGC
umap,10000,5004,-2.9938622,-1.2110304,4.0,B0C9LC3TWC
umap,10000,5005,0.2882576,-1.0920435,5.0,B08PXVLQPM
umap,10000,5006,-0.14040309,-1.2949036,5.0,B08PY4KLLT
umap,10000,5007,-2.9585545,1.2218686,5.0,B08F2KD7XV
umap,10000,5008,-2.950765,1.1624985,5.0,B0953CV398
umap,10000,5009,-0.4498535,-0.7261438,5.0,B0BRXKZHGM
umap,10000,5010,-0.43327242,-0.72058934,5.0,B08DNP7BR8
umap,10000,5011,-0.8961815,0.47158372,5.0,B08FCRFJ9V
umap,10000,5012,-0.42722923,-0.72926563,5.0,B09P3CXB5D
umap,10000,5013,-3.4557433,-1.4468436,5.0,B09G3MBH6V
umap,10000,5014,-1.4144651,-0.39629525,5.0,B08MVBT82R
umap,10000,5015,-2.9474578,1.1829659,5.0,B09M8N7YML
umap,10000,5016,-3.0600884,0.55379885,5.0,B088SV42R7
umap,10000,5017,-1.2983522,-4.1554103,5.0,B08JVG6ZYD
umap,10000,5018,-0.0955212,-1.2931963,5.0,B08J4HD9YM
umap,10000,5019,-3.5209224,-1.5048882,5.0,B09SN7TZ99
umap,10000,5020,0.15052831,-5.421432,5.0,B09ZMJCQ51
umap,10000,5021,-0.06795975,-5.091025,5.0,B08J835GBX
umap,10000,5022,-0.11589912,-1.3310527,5.0,B0BZHM9JD9
umap,10000,5023,0.1375755,-1.3031837,5.0,B08KJWJZ6B
umap,10000,5024,-1.2993792,-4.2552867,5.0,B094F8DLWL
umap,10000,5025,-1.2703967,-4.1090393,5.0,B0845NH17T
umap,10000,5026,-0.12366926,-1.377868,5.0,B0848H7FKT
umap,10000,5027,-2.9992065,0.9674852,5.0,B09RYVXYLV
umap,10000,5028,-0.008565677,-4.754751,5.0,B09LTXKQC9
umap,10000,5029,-0.14107697,-1.3720033,5.0,B0BWLTM2TR
umap,10000,5030,-0.46082088,4.779003,5.0,B0C7RMY5RV
umap,10000,5031,0.14488159,-4.589541,5.0,B0C5PC4J6W
umap,10000,5032,-0.052166086,-5.3021073,5.0,B08DCNVB7Y
umap,10000,5033,-0.041296892,-5.252168,5.0,B09M85WPFM
umap,10000,5034,-1.3525739,-4.3209915,4.0,B077ZNYSVY
umap,10000,5035,-1.6888783,2.1944816,5.0,B08GQLY9Q7
umap,10000,5036,-1.3969586,5.077726,5.0,B09KBKDN6P
umap,10000,5037,-3.3684754,-1.6807243,5.0,B08YFXR1KC
umap,10000,5038,3.1382573,3.8125348,5.0,B07WYLFQBK
umap,10000,5039,-0.045337312,-5.072897,5.0,B0B76HTH5W
umap,10000,5040,3.0714946,3.7721248,5.0,B07WYLFQBK
umap,10000,5041,3.1947265,3.9063017,5.0,B07RH7R1ZV
umap,10000,5042,-1.7953879,2.1591945,5.0,B09XTYMF6N
umap,10000,5043,3.1899877,3.821401,5.0,B083S3RB3W
umap,10000,5044,-0.038150657,-4.9856315,5.0,B07WF9SLQP
umap,10000,5045,-1.7471542,2.0559573,5.0,B083R4WXYG
umap,10000,5046,2.9062612,-1.2759167,5.0,B083SGXJH5
umap,10000,5047,3.148635,3.8639743,5.0,B08L6G1V2Y
umap,10000,5048,3.1756606,3.90571,5.0,B083RSDVGK
umap,10000,5049,3.2151446,3.8982878,5.0,B07RZ7KMY3
umap,10000,5050,3.1889417,3.9256265,5.0,B083QBBM8Z
umap,10000,5051,-1.2695765,5.0196333,4.0,B07YYWK432
umap,10000,5052,3.1766741,3.9075828,5.0,B07W2W4TMY
umap,10000,5053,3.1964905,3.8835506,5.0,B07VQT48HD
umap,10000,5054,3.200117,3.9195118,5.0,B083Q7TT1S
umap,10000,5055,-1.7090027,2.1839795,5.0,B09PHLPCVY
umap,10000,5056,3.1974673,3.9270532,5.0,B08C2SWB9G
umap,10000,5057,3.1866052,3.9281657,5.0,B08DFTYC47
umap,10000,5058,3.2212195,3.9429774,5.0,B082YBBZ8H
umap,10000,5059,-1.832385,2.342339,5.0,B0834ZYDCV
umap,10000,5060,-0.28819895,0.22382773,5.0,B07HDDRGNF
umap,10000,5061,-1.654393,2.171711,5.0,B0833VJ5FQ
umap,10000,5062,1.483419,-2.1748435,5.0,B08PFVF5L8
umap,10000,5063,3.1930177,3.926669,5.0,B09MLWMGZK
umap,10000,5064,0.5119585,-4.77136,5.0,B07VX7V91Q
umap,10000,5065,0.3062146,-5.0742507,5.0,B07XV3GGRX
umap,10000,5066,-0.022786109,-5.2513275,5.0,B08PFW1S1V
umap,10000,5067,2.8471951,-1.3864132,5.0,B07HKFG85D
umap,10000,5068,-2.9829087,0.46409285,5.0,B09S4C4CHW
umap,10000,5069,-2.7226088,2.7971106,5.0,B0B9HF8KDV
umap,10000,5070,3.2124655,3.9369588,5.0,B077FZMDN3
umap,10000,5071,-1.9969811,-1.4382101,5.0,B07D4FQB8S
umap,10000,5072,1.7006519,3.6099994,3.0,B0785QPDXM
umap,10000,5073,-0.2842875,-4.2603555,2.0,B07SHD43P6
umap,10000,5074,2.3625455,2.5200217,3.0,B081HH5X61
umap,10000,5075,10.536454,-16.550545,4.0,B089QHW4XN
umap,10000,5076,2.3425014,2.5156589,4.0,B08XJGMVK9
umap,10000,5077,10.537569,-16.549953,4.0,B07LG5WBTS
umap,10000,5078,7.310516,2.8601801,4.0,B08K7GNGC5
umap,10000,5079,5.827049,1.6090564,4.0,B0BFWPD9J4
umap,10000,5080,5.838388,1.609925,4.0,B0882S92LT
umap,10000,5081,5.4228606,3.2311783,4.0,B0BWVDRR6L
umap,10000,5082,5.4088244,3.2479997,5.0,B00L4PY754
umap,10000,5083,5.428263,3.234334,4.0,B087TPK5NX
umap,10000,5084,4.195936,2.1602094,3.0,B07TY892KH
umap,10000,5085,5.2547164,3.5257533,1.0,B00FFHDQP4
umap,10000,5086,5.2300377,4.1333,4.0,B00FZYT278
umap,10000,5087,1.4377818,1.0332184,5.0,B09PV3FX4S
umap,10000,5088,2.3412747,1.7424457,5.0,B08SFG899Z
umap,10000,5089,1.2909826,-2.1946094,2.0,B09KKV39T6
umap,10000,5090,-1.1268134,1.9082065,5.0,B09BNZ4Q11
umap,10000,5091,2.861946,1.1664824,5.0,B083ZF5BBP
umap,10000,5092,0.62405103,-5.2620244,5.0,B0C4TXH4W7
umap,10000,5093,3.8691988,0.6765548,5.0,B01HORSXZ0
umap,10000,5094,2.9818134,1.5405446,5.0,B0B8SX56M3
umap,10000,5095,2.2845254,2.8775594,5.0,B09CQ136KH
umap,10000,5096,-3.4062219,-1.4924719,4.0,B0B6DPD19Z
umap,10000,5097,3.108494,1.9417001,5.0,B08FJ5GV6L
umap,10000,5098,0.8096499,0.26915735,5.0,B0787348WK
umap,10000,5099,-0.821079,1.6309985,5.0,B08GRY1W93
umap,10000,5100,1.5556388,-0.66112936,5.0,B01GKODU92
umap,10000,5101,-0.37048063,0.5018601,5.0,B0784SY515
umap,10000,5102,1.680342,4.153011,5.0,B076LJ7W11
umap,10000,5103,0.20660083,-0.20817392,5.0,B09FQFFX15
umap,10000,5104,2.326563,0.7574806,5.0,B0949SYKMX
umap,10000,5105,-0.11626005,3.2274294,4.0,B0177NUYIU
umap,10000,5106,-2.9764006,-1.1306092,5.0,B008VK2XXS
umap,10000,5107,0.51064295,-5.3849277,5.0,B003H83XP6
umap,10000,5108,-0.9005319,2.160384,5.0,B06XH99NWW
umap,10000,5109,-2.0302615,-1.0949259,5.0,B078T633Q9
umap,10000,5110,1.8474642,4.0789623,5.0,B088FK6V33
umap,10000,5111,-0.9097864,-4.093552,5.0,B07YG5JF97
umap,10000,5112,0.23928556,4.0947914,1.0,B07KFTV3PW
umap,10000,5113,2.3458037,4.023981,5.0,B01A6NW5WQ
umap,10000,5114,-2.8947093,2.9903715,5.0,B01MQVXHUM
umap,10000,5115,1.1003145,2.8694854,5.0,B01BRWH8G8
umap,10000,5116,1.8873831,-0.013873737,5.0,B09BP1LB8L
umap,10000,5117,-2.1245725,-2.425935,3.0,B01B71XJBM
umap,10000,5118,-1.3808225,0.8414838,5.0,B011BRUOMO
umap,10000,5119,6.119494,-1.7151846,1.0,B07W9FV391
umap,10000,5120,2.2406974,-1.0915556,4.0,B074QLCKW6
umap,10000,5121,-0.1525703,-4.734396,5.0,B007UNOH0O
umap,10000,5122,5.0838957,3.9059322,5.0,B07K2Q5JY7
umap,10000,5123,0.69674706,1.4464169,5.0,B092W3K376
umap,10000,5124,-1.0386503,-1.6886083,5.0,B01HI9ODP8
umap,10000,5125,0.5181567,4.0655713,5.0,B01ITOEQT4
umap,10000,5126,1.3375499,-2.1676085,4.0,B00K8GZHUY
umap,10000,5127,1.2736391,3.771178,5.0,B007CGO45W
umap,10000,5128,-1.5351231,3.4081903,5.0,B09SXP5VB5
umap,10000,5129,1.7110708,-1.4682451,2.0,B0BNPL25Z9
umap,10000,5130,0.40347728,-5.2017756,4.0,B0001FTVEA
umap,10000,5131,-0.25622275,-3.2341068,5.0,B07MTCMHZX
umap,10000,5132,3.347205,2.76716,5.0,0062970704
umap,10000,5133,-0.07503032,-4.4447703,3.0,B09PRC3WC5
umap,10000,5134,3.0758848,-4.926091,3.0,B094V7S7D7
umap,10000,5135,4.1154275,1.7623962,4.0,B00JUQJWA4
umap,10000,5136,3.775875,0.55607754,4.0,B09LQ6T5WP
umap,10000,5137,1.5489495,-1.929958,5.0,B072FHJVT2
umap,10000,5138,2.5544415,3.7896755,5.0,B077TDVZK5
umap,10000,5139,4.2993574,3.6468897,4.0,B07P8QMBWN
umap,10000,5140,0.34644914,4.8913374,4.0,B004JWA70I
umap,10000,5141,1.4354755,3.2500188,5.0,B005KELQEU
umap,10000,5142,2.2749987,-2.070985,5.0,B0C7THZNCB
umap,10000,5143,4.5809665,1.8951463,5.0,B07GZFM1ZM
umap,10000,5144,2.8457413,1.1850867,1.0,B07T3HVV45
umap,10000,5145,0.9481718,2.5721729,5.0,B092C37YFP
umap,10000,5146,1.9225984,-0.902497,3.0,B0BC86L9C1
umap,10000,5147,7.1703706,3.777266,5.0,B07H65KP63
umap,10000,5148,0.50200623,4.1160254,1.0,B0BTBT3ZBD
umap,10000,5149,-0.54940957,3.714995,3.0,B0C3HNDTW1
umap,10000,5150,2.6309004,2.9998019,1.0,B09KT5177V
umap,10000,5151,0.11291749,3.9384086,3.0,B077SG14PF
umap,10000,5152,2.5820394,3.8014104,5.0,B07VM4W41Q
umap,10000,5153,-1.074996,-4.159717,5.0,B0BZC26QJ6
umap,10000,5154,-1.1678673,-4.2438564,5.0,B00KH62W7Q
umap,10000,5155,-1.0933344,1.8926153,5.0,B08LKM83M8
umap,10000,5156,5.747584,2.9895139,5.0,B09ZPT8Z8J
umap,10000,5157,0.48014903,3.6813364,5.0,B07MFSD8ZW
umap,10000,5158,7.4731197,3.936364,5.0,B087Z5WDJ2
umap,10000,5159,1.4106128,-2.31289,5.0,B0B9S7TTCZ
umap,10000,5160,-1.987328,3.9420323,5.0,B01CDWA930
umap,10000,5161,2.1928573,0.90174454,5.0,B003NLPHZQ
umap,10000,5162,-2.3788435,-1.8925573,5.0,B07GZFM1ZM
umap,10000,5163,2.5201602,-1.741982,5.0,B0B5S24VNN
umap,10000,5164,-1.3923584,0.89024836,5.0,B00GHBBK82
umap,10000,5165,3.0670717,1.9196247,4.0,B00X0VL4FG
umap,10000,5166,-2.030327,-1.664619,4.0,B01N44JBS4
umap,10000,5167,0.40430662,4.981115,5.0,B07DH8JGQ6
umap,10000,5168,-0.13774517,4.2162538,5.0,B07PFSKTNJ
umap,10000,5169,-0.12723029,4.232839,5.0,B07GZK69JX
umap,10000,5170,1.668381,-1.1653548,5.0,B0CFTZHBPS
umap,10000,5171,-0.21001749,4.1551256,5.0,B0BFFD94QK
umap,10000,5172,-2.1328118,-0.8677234,5.0,B00OV6KNDS
umap,10000,5173,-0.02415136,1.5296437,5.0,B07CXQRMLQ
umap,10000,5174,1.4308707,-1.230023,5.0,B07RN46PWL
umap,10000,5175,1.0203018,-1.0023717,5.0,B07DFPWZ86
umap,10000,5176,0.61452764,0.4659881,5.0,B08L93T3ZZ
umap,10000,5177,1.5532571,-0.06392291,1.0,B093K72JN6
umap,10000,5178,4.1583204,1.8625009,5.0,B01J962Q3E
umap,10000,5179,0.5461086,-1.4455348,2.0,B013ZJMR3K
umap,10000,5180,0.701799,-2.264121,5.0,B00IJHC0Q8
umap,10000,5181,1.729329,-0.8059926,5.0,B00L10CO7U
umap,10000,5182,-2.6377225,-2.0333896,5.0,B00IXX2Z1I
umap,10000,5183,0.8016737,-2.265843,4.0,B071WTX9CZ
umap,10000,5184,0.80430025,-1.0556844,4.0,B002VM4D76
umap,10000,5185,0.7536532,-2.3712327,5.0,B013EKI2DY
umap,10000,5186,-2.6186311,-1.2702558,5.0,B00XJKCT7K
umap,10000,5187,0.71694547,-5.2406063,4.0,B00JYFT4PO
umap,10000,5188,0.702018,-2.3690553,5.0,B00ESM3KOY
umap,10000,5189,0.7633357,-2.458352,5.0,B013EKI2DY
umap,10000,5190,-3.529332,0.27449816,1.0,B0957PJW3X
umap,10000,5191,0.28812036,4.144934,5.0,B07CHC71M2
umap,10000,5192,-1.3666128,-1.1386012,5.0,B004UETB20
umap,10000,5193,-0.6061193,4.7957964,5.0,B07R217P25
umap,10000,5194,3.5416954,1.9638997,5.0,B0C1J4XGB1
umap,10000,5195,3.1573472,1.3930515,5.0,B01N53QC9F
umap,10000,5196,3.701707,3.083052,5.0,B07GVS4RW2
umap,10000,5197,3.426676,2.896435,5.0,B01BH1LMPW
umap,10000,5198,-0.23849876,-1.4363129,5.0,B07H3NRQ5P
umap,10000,5199,0.1731774,-1.4386711,5.0,B001TKTHFY
umap,10000,5200,0.061250728,-1.3499095,5.0,B0031SEMBQ
umap,10000,5201,-0.5159626,-4.001439,5.0,B00FJILVDS
umap,10000,5202,-0.15250413,3.777929,5.0,B01DKA81PW
umap,10000,5203,0.23564617,4.0849767,5.0,B00GQTGQMK
umap,10000,5204,2.905083,-1.2507252,5.0,B0090T8NL0
umap,10000,5205,-1.66045,-1.2526188,4.0,B0971XBV8M
umap,10000,5206,4.3658414,3.6406915,5.0,B00G5N0ZZQ
umap,10000,5207,-0.22122653,-1.1726879,5.0,B0BQ1WB3HB
umap,10000,5208,-2.1600895,3.0571442,4.0,B0C38D92G3
umap,10000,5209,0.24431504,-0.9400816,5.0,B08FF3BDW5
umap,10000,5210,-2.1124918,3.0899832,4.0,B09Z2YS7NZ
umap,10000,5211,-2.137632,3.0576236,5.0,B0BCPPXHGL
umap,10000,5212,-0.7467766,0.503327,4.0,B0B5F2T39H
umap,10000,5213,-0.88329905,0.61151475,4.0,B0BBTD4ZNF
umap,10000,5214,1.4249988,-2.1152244,5.0,B0BHXQLLXB
umap,10000,5215,-2.256279,2.441227,5.0,B0BRCWP7G5
umap,10000,5216,5.967643,-1.9759963,4.0,B0BBVXJ517
umap,10000,5217,-2.3002872,2.5334463,5.0,B0BKL3TYWK
umap,10000,5218,0.07790299,-3.1336062,5.0,B09YR528HY
umap,10000,5219,-1.72483,4.236733,4.0,B09N7C6QRK
umap,10000,5220,-2.1654336,3.0419974,5.0,B0BCPPHKQB
umap,10000,5221,1.5100034,-0.4484456,5.0,B095MFQHW7
umap,10000,5222,-0.18594922,-5.8691125,4.0,B0BJS6CXDN
umap,10000,5223,-1.0392747,0.6289093,4.0,B09W7FMF69
umap,10000,5224,-1.3507187,-1.802998,4.0,B09WTTPTKY
umap,10000,5225,-1.5451702,2.0926423,5.0,B09YHBTBH5
umap,10000,5226,-1.576524,2.1915781,5.0,B09PBQJPDR
umap,10000,5227,-0.017009703,-5.5770435,5.0,B0B33KCS1Q
umap,10000,5228,-2.399445,2.6338234,4.0,B09T8FZ4P6
umap,10000,5229,4.3966885,0.031524707,4.0,B09T2P9F8B
umap,10000,5230,-2.1692157,2.6012673,5.0,B09N3FLQGS
umap,10000,5231,5.879008,-1.8558152,5.0,B0BK4XYBVK
umap,10000,5232,-0.10688609,-5.6589384,4.0,B09LK7TRYV
umap,10000,5233,6.107527,-1.782498,5.0,B09PYSNBDJ
umap,10000,5234,6.086918,-1.7928876,4.0,B0C8F5GQCV
umap,10000,5235,-0.11994701,-5.808918,5.0,B07XLX24YH
umap,10000,5236,-0.22013406,-5.879652,5.0,B09LG5R8TT
umap,10000,5237,-1.5597196,2.0505478,4.0,B0BWFQGY7C
umap,10000,5238,-2.1524417,3.048702,5.0,B0BW2QJ4WQ
umap,10000,5239,-2.3652542,2.0571172,5.0,B09QD16DGC
umap,10000,5240,-0.72797656,0.4735885,5.0,B0C5SQTX9S
umap,10000,5241,-5.0512967,0.365247,5.0,B09F4R42N7
umap,10000,5242,-0.4487013,-0.93106794,5.0,B0BNVFS65F
umap,10000,5243,-2.4817514,2.3422525,3.0,B07QV6T1T7
umap,10000,5244,-1.4425961,0.9028058,5.0,B08TJXX3MD
umap,10000,5245,1.3504081,-2.0014346,5.0,B0B7Z96WFM
umap,10000,5246,-1.514571,2.083763,5.0,B0912JH82X
umap,10000,5247,-0.12608765,-5.795221,5.0,B0BZ57TZWL
umap,10000,5248,-5.0961947,0.3296517,4.0,B08R7WLBG7
umap,10000,5249,-2.9973733,1.0818985,4.0,B09FDGFZP9
umap,10000,5250,-1.3381575,-1.7528011,2.0,B0BYSP7CWB
umap,10000,5251,-0.1165998,-5.73747,4.0,B08N1RHYTB
umap,10000,5252,-0.15362607,-5.8496346,5.0,B0C5B1LW2Y
umap,10000,5253,1.7373102,-1.329477,5.0,B08SHYNYFD
umap,10000,5254,-1.1815814,4.600092,2.0,B08131JS8S
umap,10000,5255,3.5087738,-0.862352,5.0,B08P6S2757
umap,10000,5256,0.9005705,-2.7457716,5.0,B08DMP2ZVS
umap,10000,5257,0.97499216,-2.743621,5.0,B08Q2WMGKP
umap,10000,5258,-1.6549019,2.2030904,5.0,B08BNN9M7N
umap,10000,5259,-2.46308,2.3027203,5.0,B00PJ4NIGA
umap,10000,5260,-2.5099468,1.1148838,5.0,B08F4TY5PG
umap,10000,5261,-0.6222577,0.41277686,5.0,B09HRKD9F7
umap,10000,5262,-0.47557932,2.4697077,5.0,B07TMDSS3Q
umap,10000,5263,-2.5101829,2.637451,4.0,B0BCWDGF17
umap,10000,5264,6.0419083,-1.9533908,5.0,B088TCN4ZM
umap,10000,5265,-0.1123753,-5.767091,5.0,B09B41329R
umap,10000,5266,-2.1053245,-2.991613,5.0,B0B9HJ69JY
umap,10000,5267,-1.3005993,1.993121,5.0,B07MMRD8MJ
umap,10000,5268,-1.4844538,3.1247728,5.0,B08FG7X8TL
umap,10000,5269,-2.1568973,3.0373852,5.0,B07CH2V7WM
umap,10000,5270,-2.1493394,3.0200863,4.0,B07JNSMYDR
umap,10000,5271,0.13255987,-5.6209617,4.0,B07SHGN942
umap,10000,5272,5.8363576,-1.9685686,2.0,B083R5QN26
umap,10000,5273,-1.7989715,1.0770179,5.0,B07X1B734T
umap,10000,5274,-2.8776705,1.2550254,5.0,B07QMSHWBH
umap,10000,5275,-4.099102,0.9417114,4.0,B09BDZ5297
umap,10000,5276,-0.59166205,0.3415101,4.0,B08541SH16
umap,10000,5277,-4.1019983,0.95743334,4.0,B07Q1DKVYR
umap,10000,5278,-1.1255603,5.1325,4.0,B07RPV215N
umap,10000,5279,-1.0484674,4.9726334,4.0,B07NPKR23M
umap,10000,5280,-0.10451885,0.6709416,4.0,B07QF6H27W
umap,10000,5281,-1.077091,4.9912577,4.0,B07P567MTJ
umap,10000,5282,-1.6500732,2.1885881,3.0,B07PVM4YSX
umap,10000,5283,-0.09874736,-5.628492,5.0,B07MNDKM2W
umap,10000,5284,-2.629222,1.887211,4.0,B07N2JWLQ6
umap,10000,5285,-0.7267908,0.51840997,5.0,B085QC3JXX
umap,10000,5286,-0.20209298,-5.9139676,4.0,B071RBLY8S
umap,10000,5287,-0.22025198,-5.85941,5.0,B07JYMFFVR
umap,10000,5288,0.07985386,-4.255803,4.0,B07HMQZ2RB
umap,10000,5289,-2.7224138,-0.10422005,4.0,B07GRM7FM9
umap,10000,5290,5.936794,-1.9693103,2.0,B07FNJB8TT
umap,10000,5291,-0.26262918,2.4661312,4.0,B072QZ8B2P
umap,10000,5292,0.42274553,-1.0030407,5.0,B07G2FHYZB
umap,10000,5293,5.9844136,-1.9631394,5.0,B07YYS5L1M
umap,10000,5294,-3.2547677,2.1854246,5.0,B07CDY63PP
umap,10000,5295,6.1303525,-1.792617,3.0,B0787GLJNQ
umap,10000,5296,-0.17551756,-5.845541,4.0,B079GYWPJN
umap,10000,5297,0.35906368,-1.0463394,4.0,B07514FL43
umap,10000,5298,-0.13064805,-3.0174582,5.0,B07B9RH8SJ
umap,10000,5299,5.878087,-1.9961064,5.0,B0753P1GTS
umap,10000,5300,0.5205593,2.7445288,4.0,B0BHGPDLS2
umap,10000,5301,-0.12444405,-5.7951107,5.0,B0778PCW73
umap,10000,5302,-0.45227793,0.42219716,4.0,B08KG14KCT
umap,10000,5303,-0.085028455,-5.5115232,3.0,B083MQJ4R4
umap,10000,5304,-4.993145,0.39123213,3.0,B075S4BX25
umap,10000,5305,-0.15534294,-5.849162,3.0,B074WGFJLZ
umap,10000,5306,1.4460467,-2.1589222,5.0,B01KQLAR6O
umap,10000,5307,-0.1631502,-5.862152,4.0,B074W5BKPJ
umap,10000,5308,5.81762,-1.9937317,5.0,B0745JLDR1
umap,10000,5309,1.4121461,-0.40467048,5.0,B01IMQPBHU
umap,10000,5310,-0.6766405,0.40742266,5.0,B07HHS78P1
umap,10000,5311,0.2100663,0.69791085,3.0,B06XFDVB2N
umap,10000,5312,-0.22123654,-5.8459606,5.0,B074KBHW65
umap,10000,5313,-1.9225928,-3.0899277,5.0,B0BSDQJCWP
umap,10000,5314,7.555927e-05,-5.508278,3.0,B0747LWDC1
umap,10000,5315,6.079539,-1.8429539,5.0,B074HYNMWG
umap,10000,5316,-0.1890445,-5.837898,5.0,B072JWYJMC
umap,10000,5317,-0.83240587,0.44931486,5.0,B09B4S7VNL
umap,10000,5318,-2.1908777,1.6991073,4.0,B017HTVXPW
umap,10000,5319,0.10716347,2.8790512,4.0,B06Y5WDVV3
umap,10000,5320,-1.4683124,-4.16964,4.0,B075FSD7LS
umap,10000,5321,-1.4403507,-4.0267873,5.0,B01JQL3EAG
umap,10000,5322,-2.2112806,1.8041584,4.0,B01MEH8J9Z
umap,10000,5323,-2.4524775,2.6875124,4.0,B01E5B04MI
umap,10000,5324,1.4312592,-2.1629028,5.0,B01IQX40O4
umap,10000,5325,-3.7540493,1.3748853,5.0,B01IEVLGK4
umap,10000,5326,-0.38323274,2.4382513,5.0,B01HXRGRUY
umap,10000,5327,-1.2053647,5.0590706,5.0,B01GWQIXBI
umap,10000,5328,-0.31880027,4.0531683,5.0,B01DZPIKG2
umap,10000,5329,-1.4195634,-4.132073,5.0,B00RWH740S
umap,10000,5330,-2.717996,2.745186,4.0,B01DD16L3W
umap,10000,5331,0.5395902,-5.7123904,4.0,B018X7KXD0
umap,10000,5332,5.9549503,-1.8896745,5.0,B015O5UM6M
umap,10000,5333,0.12588434,-5.3923345,4.0,B01D8F10P2
umap,10000,5334,-2.002052,3.9225876,5.0,B01DIMDG34
umap,10000,5335,-0.17325027,-3.0623682,5.0,B09W9VDT2F
umap,10000,5336,-2.1682384,2.9778514,5.0,B018TQUDSK
umap,10000,5337,-0.2752398,4.154482,5.0,B018JVE7PU
umap,10000,5338,2.8115106,-1.4320619,5.0,B016XHHOH0
umap,10000,5339,-1.999272,-3.097574,5.0,B0186SDYZU
umap,10000,5340,-5.0576096,0.36345333,4.0,B012FRTBBE
umap,10000,5341,-1.7222102,2.0278347,5.0,B07MQJ3HYM
umap,10000,5342,-0.35671726,-1.031317,5.0,B00SMBWVS8
umap,10000,5343,-2.7607503,2.711891,5.0,B00WG58QD0
umap,10000,5344,-1.674337,-0.12979709,5.0,B00ZW0D5N2
umap,10000,5345,-1.1825902,5.1805387,5.0,B01149G0YU
umap,10000,5346,-2.4105098,2.5043597,5.0,B015E2780I
umap,10000,5347,-1.6953709,4.4357057,5.0,B0142OHJJY
umap,10000,5348,0.56099623,2.745813,5.0,B0159WEDCO
umap,10000,5349,-2.2629693,2.458915,5.0,B00JL4HN8I
umap,10000,5350,-0.33438832,2.6253881,5.0,B00Y2CZCVE
umap,10000,5351,-1.2405668,5.014913,5.0,B00Z9DG5OS
umap,10000,5352,-1.6841061,-0.13271368,5.0,B00ZXTZ1SY
umap,10000,5353,0.13916902,-5.105169,4.0,B013F7OEUG
umap,10000,5354,-0.16071625,-5.0835285,5.0,B013B8AZKC
umap,10000,5355,-1.9897739,3.954849,5.0,B00VFX3AIU
umap,10000,5356,-2.9494114,1.2396977,4.0,B00T7NX6SY
umap,10000,5357,-2.874715,2.9307876,5.0,B00PW4WZUW
umap,10000,5358,-0.07104417,-5.416763,5.0,B00WUIA0U0
umap,10000,5359,-1.8869213,1.9131957,5.0,B00MHPWZI6
umap,10000,5360,-0.048222046,-5.642272,5.0,B010L82Q8E
umap,10000,5361,-2.781446,1.6891388,5.0,B00YOS9F8M
umap,10000,5362,-0.64317065,4.589794,5.0,B00ZA13HMC
umap,10000,5363,4.2048063,-1.556228,5.0,B0BNNY341B
umap,10000,5364,-1.5323043,2.3991702,5.0,B00X9NITTY
umap,10000,5365,1.3770047,-2.268025,5.0,B00QK5BCWE
umap,10000,5366,-1.5035828,-4.170823,5.0,B00XVQ0PCS
umap,10000,5367,1.0652752,-0.9086669,4.0,B00W4N3R2Y
umap,10000,5368,4.3551216,-1.6649052,5.0,B00NN6F2MO
umap,10000,5369,1.4357625,-2.1667883,5.0,B00M3SALAG
umap,10000,5370,-2.1400042,3.3446155,4.0,B00JL4H7E8
umap,10000,5371,-2.1681793,3.046092,5.0,B07HQ6GDH5
umap,10000,5372,0.07773693,-5.4894447,5.0,B00TF1YDH6
umap,10000,5373,-0.6323186,0.31198263,4.0,B00N1S46SA
umap,10000,5374,-0.57081294,-3.0632555,5.0,B00QTK9EGG
umap,10000,5375,1.4747474,-2.207124,5.0,B00VR2K9RO
umap,10000,5376,-0.3855515,2.5472975,5.0,B00P9F5THA
umap,10000,5377,4.1555486,-1.515921,5.0,B00RGLPNKI
umap,10000,5378,1.5009127,-2.1126816,5.0,B00QJQX1DM
umap,10000,5379,-2.6647718,2.7535102,5.0,B00UOR9SES
umap,10000,5380,0.34371567,-5.4893394,5.0,B00TY7YXYY
umap,10000,5381,0.09185235,-5.3410916,5.0,B00U18GOLK
umap,10000,5382,-2.723346,1.2861543,4.0,B00M48532Q
umap,10000,5383,-2.853922,1.2070463,4.0,B00SAD7VE2
umap,10000,5384,-2.4438925,2.6628542,5.0,B00KXFL1JG
umap,10000,5385,0.8366788,-2.75699,5.0,B08TTT6F56
umap,10000,5386,0.91592646,-2.7988844,5.0,B08TTT6F56
umap,10000,5387,0.87816256,-2.8373234,5.0,B00NXOMA8A
umap,10000,5388,0.19018202,3.038914,5.0,B00SSNIKV2
umap,10000,5389,-0.005464811,-5.445819,5.0,B00T1C353M
umap,10000,5390,0.38432112,-1.0035825,5.0,B00PTOAAO8
umap,10000,5391,-0.5911607,0.30457127,5.0,B00PTM8YT8
umap,10000,5392,0.55439377,-5.7379684,4.0,B07GXCFNKJ
umap,10000,5393,-2.4434352,2.4699872,5.0,B00R7F7NNS
umap,10000,5394,-2.454309,2.178467,5.0,B00COZRKCK
umap,10000,5395,-2.2931337,2.7298872,4.0,B00JKV6ZX6
umap,10000,5396,-3.6889942,-1.6451539,5.0,B00MRVJY1G
umap,10000,5397,-1.4524384,-4.125852,5.0,B00PJOPF98
umap,10000,5398,0.018753499,-5.67341,5.0,B00KQFO12W
umap,10000,5399,2.679218,-1.4045899,3.0,B07TKNPPQS
umap,10000,5400,0.3877491,4.003288,3.0,B081RJQCJK
umap,10000,5401,-3.6405766,-1.659072,5.0,B00TX00IQY
umap,10000,5402,-1.6483061,-0.12809469,4.0,B00KG74H24
umap,10000,5403,0.5289148,1.9870429,5.0,B00CIC0YKO
umap,10000,5404,0.1462548,0.82253915,4.0,B00K4PAP06
umap,10000,5405,-0.5796139,-0.6923187,5.0,B00JR6GCZA
umap,10000,5406,-0.16998003,-5.8204536,4.0,B00IUICOR6
umap,10000,5407,-3.8333464,1.3008136,5.0,B001H4B0AC
umap,10000,5408,-0.42025018,0.45106584,5.0,B00ISVKHBK
umap,10000,5409,0.1109634,0.7783278,5.0,B00M4AYP7S
umap,10000,5410,4.1970434,-1.5415318,1.0,B0000AKA8Y
umap,10000,5411,0.083250314,-4.731713,5.0,B008Y1KLME
umap,10000,5412,0.55490214,2.7579846,4.0,B00EQW6LY2
umap,10000,5413,-0.11881335,-5.764105,5.0,B00BWH7TIG
umap,10000,5414,-1.0678637,4.981061,4.0,B00BW0QC8G
umap,10000,5415,-2.625704,1.8856881,5.0,B00CZ84UB0
umap,10000,5416,0.10562422,0.78880584,4.0,B00BM1PWY0
umap,10000,5417,5.9432783,-1.9349786,4.0,B00ACC0P0Q
umap,10000,5418,0.4442078,-0.3507108,4.0,B00AGV7T5W
umap,10000,5419,-0.27356124,-3.41661,4.0,B0093IZOV0
umap,10000,5420,-4.124601,0.9329196,4.0,B008NN54WK
umap,10000,5421,-3.4329095,-1.5071224,5.0,B0044YU60M
umap,10000,5422,-2.7249076,2.7707014,2.0,B005L1LKF2
umap,10000,5423,-0.8661878,-3.2772362,5.0,B002LH3ZKC
umap,10000,5424,0.010965967,0.62277824,4.0,B009AU2JT6
umap,10000,5425,-2.4490726,2.6134582,5.0,B007BYLKC0
umap,10000,5426,-0.23401503,-5.9057136,3.0,B007P2NLKM
umap,10000,5427,-0.6397878,0.39081255,5.0,B008422JDM
umap,10000,5428,0.56486666,2.758503,4.0,B008AI3XDA
umap,10000,5429,-4.1115656,0.9845003,5.0,B007PXUMXK
umap,10000,5430,-0.07432566,-5.6429935,5.0,B00WUGT0B2
umap,10000,5431,-4.179543,0.997036,5.0,B003ZX8B2S
umap,10000,5432,-2.6489422,1.7927094,4.0,B005JXADTG
umap,10000,5433,-0.136909,-5.7996774,5.0,B00WUNA0DC
umap,10000,5434,0.0046132347,-5.7734632,4.0,B0035MDZKM
umap,10000,5435,0.36895487,-1.0133991,4.0,B0050Q00RC
umap,10000,5436,0.15758099,1.0126902,5.0,B0052D5BY0
umap,10000,5437,-0.15042129,-5.8584514,4.0,B00WU0P6PW
umap,10000,5438,-0.946738,-2.9196796,4.0,B004WOK2OY
umap,10000,5439,-0.21565942,-5.723818,4.0,B00WUIT2D6
umap,10000,5440,-0.17412171,-5.8753133,5.0,B000R2PC2M
umap,10000,5441,-0.8005703,0.49056193,2.0,B00SFBLJB0
umap,10000,5442,5.980769,-1.9800367,4.0,B0043T7FXE
umap,10000,5443,-2.9349575,1.1133858,4.0,B003X26LXW
umap,10000,5444,-0.15270256,-5.8582954,4.0,B000OQUMKI
umap,10000,5445,3.4468048,-0.9269092,5.0,B002EALEIG
umap,10000,5446,-0.20524953,-5.7813296,5.0,B00WU36LNU
umap,10000,5447,-0.72089905,4.1000857,4.0,B003V8ALAC
umap,10000,5448,-3.467363,-1.5080552,5.0,B002RYYZZS
umap,10000,5449,-2.4795604,1.2722038,3.0,B002PK13CM
umap,10000,5450,0.5245042,2.7855864,5.0,B00267SENK
umap,10000,5451,0.5181081,2.768128,4.0,B002OOWC4C
umap,10000,5452,6.1504335,-1.8084271,3.0,B0011FCV8W
umap,10000,5453,-4.1057134,0.9473381,4.0,B000V4TMWC
umap,10000,5454,-4.1223106,0.9391202,4.0,B001FVLTNA
umap,10000,5455,-2.5585678,1.97272,5.0,B001PKTR76
umap,10000,5456,-2.6493318,1.853166,4.0,B0023B14TK
umap,10000,5457,-4.1042,0.94053674,4.0,B00XIKXN9E
umap,10000,5458,-4.1214,0.97392374,4.0,B00XIJ22RO
umap,10000,5459,0.17088431,0.7786178,4.0,B0011NL8EW
umap,10000,5460,1.3010086,-0.9469024,5.0,B09MRVGC22
umap,10000,5461,-0.9186863,-3.8497617,5.0,B092KHH1SF
umap,10000,5462,-2.8844535,0.14683135,1.0,B07N39YBK7
umap,10000,5463,0.50948673,-0.47099394,5.0,B072TS7CY6
umap,10000,5464,0.9437427,2.6375027,5.0,B07F4P3JH7
umap,10000,5465,2.4118848,-1.7811029,5.0,B08BRJ98H3
umap,10000,5466,2.0642612,1.6039677,5.0,B07PHQ93TV
umap,10000,5467,2.277974,1.5561571,5.0,B00IM3P8GS
umap,10000,5468,0.24453625,4.0730863,2.0,B07QDPKFYY
umap,10000,5469,-2.7942238,1.2679341,4.0,B0BW543RH8
umap,10000,5470,0.23853327,4.266036,5.0,B07Z5G86LM
umap,10000,5471,1.8618691,-2.0511892,5.0,B081K9C3Q1
umap,10000,5472,0.20032631,4.1696854,5.0,B07Z9LY3G7
umap,10000,5473,-4.9837613,0.4198037,4.0,B08J5X2JNC
umap,10000,5474,1.5336707,-1.5170026,5.0,B07XR9TYQ1
umap,10000,5475,0.28394377,3.4056642,4.0,B0BR3MLGZZ
umap,10000,5476,0.71504253,2.7670395,5.0,B07XR5B32Q
umap,10000,5477,0.75548446,2.6735377,4.0,B07SPHMZF5
umap,10000,5478,3.0844104,-4.930594,5.0,B08BJ5S3HK
umap,10000,5479,2.0290077,1.2388403,5.0,B01L2UB4ZG
umap,10000,5480,-0.5690663,2.6257553,5.0,B08W5CW6JR
umap,10000,5481,-1.2797397,5.2688684,5.0,B07B8JMV94
umap,10000,5482,-1.2656144,5.2968907,5.0,B00OLO5NTY
umap,10000,5483,1.9786218,3.6847274,4.0,B00DQJUH96
umap,10000,5484,0.5381419,4.3571334,5.0,B00H5HF9R0
umap,10000,5485,0.5969783,3.814682,2.0,B018DHPTBG
umap,10000,5486,-1.1583494,4.7097797,5.0,B01IHN1GP4
umap,10000,5487,-2.91871,0.98161113,5.0,B00N2ZDXW2
umap,10000,5488,0.32452342,4.7414126,5.0,B013HHLBMS
umap,10000,5489,-2.4720538,1.5243398,5.0,B001P99T70
umap,10000,5490,1.472315,-0.48750052,5.0,B004XXVOGE
umap,10000,5491,1.9786655,-2.1178467,5.0,B0B1PR3TMD
umap,10000,5492,0.36435357,2.3789513,5.0,B0B45PDKL9
umap,10000,5493,1.3316661,-1.6531647,4.0,B0B7WPGQ49
umap,10000,5494,1.7186275,-2.1448307,5.0,B0BYYGZHG5
umap,10000,5495,0.40984586,-5.2371616,5.0,B09VDHXD8V
umap,10000,5496,0.08639206,-5.0550265,5.0,B07KQLQJ4B
umap,10000,5497,-3.2806823,-1.6014322,5.0,B08P38JF9X
umap,10000,5498,-1.769968,-1.19341,5.0,B08VV4PHQG
umap,10000,5499,-0.0034324804,3.7237403,3.0,B08HJ7SY1M
umap,10000,5500,-1.3327144,5.0969296,5.0,B0846QGZ53
umap,10000,5501,-0.31583172,-5.041608,4.0,B0BXXHD8NZ
umap,10000,5502,-1.5733523,-1.1181265,4.0,B0BTPBBL52
umap,10000,5503,0.4603899,-0.42126197,5.0,B01C9C43ZO
umap,10000,5504,0.5232838,4.2288523,5.0,B078D6HSWK
umap,10000,5505,2.82208,-1.3694395,5.0,B0BB6R89VF
umap,10000,5506,2.9705365,-1.3945892,4.0,B06VY4S9V2
umap,10000,5507,-3.5806463,-3.4703996,5.0,B01K8B8YA8
umap,10000,5508,1.9267097,-1.4216213,4.0,B01JRXRTC2
umap,10000,5509,2.7969673,-1.3840233,4.0,B0773C4WV6
umap,10000,5510,0.1865484,2.4520288,5.0,B074PL7GZM
umap,10000,5511,2.079405,0.46098325,4.0,B09MTSLT2T
umap,10000,5512,0.087475285,1.7333788,2.0,B084G4GY2N
umap,10000,5513,-0.4561156,2.4231513,4.0,B07FP8VLXS
umap,10000,5514,-1.7387542,4.349336,5.0,B01M30H97J
umap,10000,5515,-2.3355865,2.5375144,5.0,B00MT0SKAQ
umap,10000,5516,6.151051,-1.779135,5.0,B0BMTWS2P3
umap,10000,5517,1.9417965,-2.4203217,1.0,B004C51HRY
umap,10000,5518,-2.527155,0.37319013,2.0,B011G7J5TC
umap,10000,5519,-1.0791485,5.015671,4.0,B016ZQ1YBG
umap,10000,5520,-1.0605428,4.910171,5.0,B00LO5ANLQ
umap,10000,5521,-0.47644818,1.913336,5.0,B00NLAUF9W
umap,10000,5522,2.9171124,3.3120503,3.0,B00FXK0RAA
umap,10000,5523,1.5192144,0.09323693,5.0,B094JD6SHP
umap,10000,5524,-1.1549321,-4.080985,5.0,B007OYAVLI
umap,10000,5525,0.21580257,1.2531631,5.0,B072BW91HP
umap,10000,5526,-0.37374628,-0.80156285,5.0,B00ZMV7RL2
umap,10000,5527,-0.6369961,-4.282702,3.0,B00ODCAVD2
umap,10000,5528,0.78436136,2.6363294,5.0,B072KFWXW2
umap,10000,5529,1.9929255,2.352766,3.0,B076P649XP
umap,10000,5530,6.207676,-1.5868638,5.0,B0BMTWS2P3
umap,10000,5531,-0.25183657,0.15741807,5.0,B0CB1PRH8C
umap,10000,5532,0.97584826,2.66772,5.0,B00DNZ18JG
umap,10000,5533,-0.035161916,-3.2524705,5.0,B013EKI2DY
umap,10000,5534,2.277084,-1.1295824,5.0,B0034E2TFS
umap,10000,5535,6.1315,-1.7902448,5.0,B003I4FF28
umap,10000,5536,1.9826131,-0.73739415,1.0,B07YFPZ44L
umap,10000,5537,3.3653202,2.172875,1.0,B09MMKF44M
umap,10000,5538,2.3452768,4.056505,1.0,B00MV6INM8
umap,10000,5539,3.5406168,0.6667001,2.0,B07Q8N8BN8
umap,10000,5540,1.3558558,0.8262129,5.0,B07V3NVRMY
umap,10000,5541,7.0781775,3.8321092,5.0,B00ZYOGVO6
umap,10000,5542,7.226469,3.9738958,5.0,B01K1KIUEQ
umap,10000,5543,3.7862186,2.880089,5.0,B08723V9DD
umap,10000,5544,0.47056153,-5.602537,1.0,B07RWN6M2Q
umap,10000,5545,0.6352863,-4.9312067,5.0,B07PXGQC1Q
umap,10000,5546,2.573768,-1.8610629,5.0,B088W5C693
umap,10000,5547,3.377568,-0.04816505,5.0,B0B3X4NMHG
umap,10000,5548,2.8358512,2.6923277,5.0,B07W42V3CY
umap,10000,5549,1.2825203,3.336137,5.0,B087F335JL
umap,10000,5550,1.7138593,1.4107746,5.0,B084BMTJ5C
umap,10000,5551,3.0983064,1.1660839,1.0,B07NLBGSY5
umap,10000,5552,1.0691252,2.1429312,1.0,B001FA1O0O
umap,10000,5553,1.0562519,2.1056285,3.0,B07BVFTMCC
umap,10000,5554,-0.54613197,-4.006839,5.0,B0BW4PFM58
umap,10000,5555,3.4068613,1.7675573,5.0,B005ONMDYE
umap,10000,5556,0.40638763,3.8919652,5.0,B0090C7DRW
umap,10000,5557,-2.1674774,1.5834863,5.0,B00PFQPX5Q
umap,10000,5558,2.7105815,1.3394192,3.0,B0BZPMSM8G
umap,10000,5559,5.034027,3.4802299,3.0,B08RHJGH25
umap,10000,5560,1.7863065,2.2360554,5.0,B07QC4WTNC
umap,10000,5561,2.4440055,2.9716637,5.0,B09JWMNF4J
umap,10000,5562,0.5593254,0.8241472,5.0,B07BHBLMTG
umap,10000,5563,-1.4721462,3.1050882,2.0,B002RUBHOY
umap,10000,5564,-2.7844725,1.1984398,5.0,B072YVPJC6
umap,10000,5565,0.6478453,4.5449533,5.0,B07M87BB75
umap,10000,5566,0.58682257,3.86694,5.0,B07DQBC6NH
umap,10000,5567,0.97734416,4.5379534,2.0,B0BJCYP6H5
umap,10000,5568,1.0297332,-1.8556685,5.0,B07JHTZZGP
umap,10000,5569,0.57849145,4.4683356,5.0,B07CKVHZ5S
umap,10000,5570,1.669991,-0.33124766,3.0,B089SRK8VQ
umap,10000,5571,1.5340933,-0.24467826,3.0,B08GG9QKX6
umap,10000,5572,1.2610031,-0.9721776,1.0,B07XK74YD2
umap,10000,5573,3.2655766,1.4447557,5.0,B00I8R4MNI
umap,10000,5574,5.199277,2.0694766,5.0,B0874YZVWK
umap,10000,5575,2.3272762,0.73147184,1.0,B016VBCCZW
umap,10000,5576,0.31864503,-4.866107,3.0,B0170RBJ9Q
umap,10000,5577,3.117148,-4.9529953,5.0,B08DFS1M3V
umap,10000,5578,-1.1867194,4.065359,1.0,B07DK4BP7G
umap,10000,5579,5.0787144,3.9280877,4.0,B08T88P5XH
umap,10000,5580,-2.808848,3.0686824,1.0,B09YGXR745
umap,10000,5581,1.562142,1.0520698,5.0,B07GZFM1ZM
umap,10000,5582,1.3767116,0.8628676,5.0,B07KTYJ769
umap,10000,5583,4.8074937,0.84491813,4.0,B07N22BMM3
umap,10000,5584,-2.1718123,-2.807624,4.0,B00176T9OY
umap,10000,5585,-0.39838564,0.2638804,1.0,B0B6D4W3R7
umap,10000,5586,0.5748289,-5.7015476,3.0,B01A7OA8EQ
umap,10000,5587,-3.232574,2.3155975,5.0,B00EOF0K8Y
umap,10000,5588,1.2107391,4.0838447,5.0,B009S2CXLK
umap,10000,5589,1.319751,3.1792364,5.0,B00DOPNKLY
umap,10000,5590,-1.4803132,4.7788467,5.0,B007PR2INS
umap,10000,5591,2.3010364,-2.025152,5.0,B09GB669WY
umap,10000,5592,-2.378541,-1.5336696,5.0,B08RHKR66Z
umap,10000,5593,4.1401987,-1.3726796,5.0,B07G12L4SC
umap,10000,5594,-1.1533777,1.8102492,5.0,B08XWG924R
umap,10000,5595,1.3980017,3.2277148,5.0,B08YFJYD5Z
umap,10000,5596,1.1386114,4.1420293,5.0,B08Z2JQC6N
umap,10000,5597,3.0881727,-4.9616184,4.0,B01BDX9Q6Q
umap,10000,5598,0.119659536,4.1417074,3.0,B078C6N6CR
umap,10000,5599,-0.24161133,4.744906,5.0,B01D0VM2L0
umap,10000,5600,-0.25558832,4.0546675,3.0,B077TPFXZV
umap,10000,5601,4.314386,0.3069889,5.0,B07FDFSF4L
umap,10000,5602,-2.2188065,-1.5326515,4.0,B08D6FKS7T
umap,10000,5603,1.2683554,2.319852,5.0,B09K7J4NQ6
umap,10000,5604,0.62801784,3.5668848,5.0,B07R39D397
umap,10000,5605,1.1002584,1.2854158,1.0,B01MUD2CEB
umap,10000,5606,0.40129763,4.9283743,3.0,B00MA6MNDE
umap,10000,5607,0.29309216,-2.0009868,1.0,B003VVMXH8
umap,10000,5608,3.9300067,1.1188257,5.0,B0B1SCRLRG
umap,10000,5609,8.819093,3.619935,5.0,B09LRLD1Z3
umap,10000,5610,4.500897,1.9347607,5.0,B08WG19RPN
umap,10000,5611,3.8704169,2.3140666,5.0,B094Z97N4H
umap,10000,5612,-0.77181226,4.937251,4.0,B08BL6ZN6Y
umap,10000,5613,-0.30429113,3.9812057,4.0,B082GFTY83
umap,10000,5614,3.551143,1.9094384,5.0,B0BNTB3ZYV
umap,10000,5615,-0.659794,-0.56599313,5.0,B08HSN5K1Q
umap,10000,5616,1.3528785,3.1979823,5.0,B07J2RHGBS
umap,10000,5617,-0.09956228,-1.0108814,5.0,B0C2CR23T1
umap,10000,5618,-0.46319297,4.82283,5.0,B082SM1GCJ
umap,10000,5619,-1.6461481,4.63303,5.0,B002VPE1WK
umap,10000,5620,0.59342486,-5.627783,5.0,B07X25JRTM
umap,10000,5621,-2.461195,2.7185361,4.0,B09WZZ8S2B
umap,10000,5622,0.22825305,-4.5868354,4.0,B08W44HG6J
umap,10000,5623,6.139246,-1.8016878,5.0,B09TWQ2P1P
umap,10000,5624,0.3669471,-0.9580714,5.0,B09V2HP6V1
umap,10000,5625,-1.3772899,4.969326,5.0,B0C4LQRN6N
umap,10000,5626,-5.0421305,0.37630573,5.0,B09WJVXYBZ
umap,10000,5627,4.200849,-1.5405365,5.0,B09P39PM48
umap,10000,5628,-1.0066311,4.928642,5.0,B09MVPNHFR
umap,10000,5629,-5.063886,0.35818532,5.0,B092282VR7
umap,10000,5630,-2.0915713,-3.0808594,4.0,B0B38RQ6GG
umap,10000,5631,-5.0102262,0.4013247,5.0,B09GV21RZK
umap,10000,5632,-5.0471435,0.37151366,5.0,B09LRS1QDP
umap,10000,5633,-0.1682908,-3.1764994,3.0,B0957NZNC2
umap,10000,5634,-4.9831886,0.41612798,5.0,B09TP9LJWZ
umap,10000,5635,-5.062793,0.3568973,4.0,B0BBQ6PHVR
umap,10000,5636,-5.0760617,0.3490754,4.0,B0CDLQJT42
umap,10000,5637,1.45601,-2.013041,5.0,B08PFVF5L8
umap,10000,5638,6.0798717,-1.7559172,3.0,B07B7HYBQW
umap,10000,5639,4.1631303,-1.5215057,5.0,B07RLV97T3
umap,10000,5640,0.3975533,-4.995926,5.0,B07K8XPS7J
umap,10000,5641,1.5391942,-1.9971883,5.0,B07BWMNQTY
umap,10000,5642,-0.9061068,3.2064495,5.0,B072MKFNV6
umap,10000,5643,-1.1271713,4.9502764,4.0,B01MREKZDP
umap,10000,5644,0.19967982,-5.296269,5.0,B07119X97F
umap,10000,5645,1.4337827,-2.1893594,5.0,B01N14PF8X
umap,10000,5646,-2.4686027,1.0612959,4.0,B083JFTZMN
umap,10000,5647,-1.3922145,0.8766601,5.0,B01GR95HTQ
umap,10000,5648,0.1488804,-5.274343,4.0,B01F2O1E9E
umap,10000,5649,-0.6616614,-0.58761555,5.0,B01NAU4FF4
umap,10000,5650,-0.5682517,0.31553414,5.0,B008GAT8EU
umap,10000,5651,6.0050855,-2.0013847,5.0,B09KKBLNVD
umap,10000,5652,1.1307651,3.9177096,5.0,B00DQZQ5T6
umap,10000,5653,-1.2374845,0.87366575,5.0,B00IYOCFWU
umap,10000,5654,-3.3579128,-1.6958933,5.0,B00HQ883QW
umap,10000,5655,-1.2635394,0.9121104,1.0,B075B5T7L5
umap,10000,5656,0.7507081,2.5145242,4.0,B00BPO9HOA
umap,10000,5657,-1.6797789,4.3475375,5.0,B00OXKDTZG
umap,10000,5658,2.796187,-1.3207892,3.0,B004U4KVBA
umap,10000,5659,0.1357167,-4.4827585,4.0,B003H4QPJQ
umap,10000,5660,-2.4571137,0.9980903,4.0,B00WMM48Q6
umap,10000,5661,-1.5690022,-4.033335,5.0,B00RZWR23O
umap,10000,5662,-0.49301594,0.29284847,5.0,B00CN8BQV4
umap,10000,5663,-0.40868092,-1.9874587,4.0,B0078GCLU6
umap,10000,5664,1.3351704,3.1454263,5.0,B004HZYA6E
umap,10000,5665,-1.0055374,-3.0337913,5.0,B000FHD7PI
umap,10000,5666,-0.65929866,3.7380419,4.0,B004JWA70I
umap,10000,5667,-1.5863807,3.4181983,5.0,B001FR8POU
umap,10000,5668,-0.39496866,0.257509,1.0,B000M3GODW
umap,10000,5669,3.6284058,0.83993596,5.0,B001CEPYVS
umap,10000,5670,4.1839333,-1.5025185,3.0,B07YD48WNN
umap,10000,5671,-1.6256901,4.31838,5.0,B002VPE1X4
umap,10000,5672,0.1896558,0.8163043,5.0,B001FB6T62
umap,10000,5673,6.007171,-1.9885652,5.0,B00004VUGJ
umap,10000,5674,-2.4741566,1.8373677,4.0,B00022AH6I
umap,10000,5675,-3.4836168,-1.487568,3.0,B00008SCFL
umap,10000,5676,1.6677269,-0.47676176,5.0,B0771V3LT8
umap,10000,5677,3.0259564,2.3839715,5.0,B07C2XDXXJ
umap,10000,5678,2.4796681,2.6328475,5.0,B07R472JCB
umap,10000,5679,-0.5906013,-3.8972247,5.0,B0B887LGK2
umap,10000,5680,1.3380345,1.0570002,5.0,B0BVYN6JNT
umap,10000,5681,1.565139,-0.05681227,1.0,B0CBJWKDWR
umap,10000,5682,-1.7091022,-2.5321822,5.0,B09XQ1P16Z
umap,10000,5683,-2.1495917,0.9738394,5.0,B07SR6BCMR
umap,10000,5684,-1.4385246,-1.3329719,5.0,B0973HJC7X
umap,10000,5685,-0.6061536,-4.407347,1.0,B07NGRTX9C
umap,10000,5686,2.6711922,0.94862515,1.0,B07XMNYHZB
umap,10000,5687,0.42214724,4.9431543,5.0,B06XXRWN1P
umap,10000,5688,-1.4235798,-1.1761667,5.0,B07GZFM1ZM
umap,10000,5689,3.0447168,0.50954545,1.0,B07PMZVQRZ
umap,10000,5690,3.2820408,1.2304597,3.0,B0863881T1
umap,10000,5691,1.5347736,-0.25105137,5.0,B0BVR81LYV
umap,10000,5692,-0.95059,-3.8809876,4.0,B071WGSZ81
umap,10000,5693,1.6386803,-0.08405219,4.0,B07G52NHBZ
umap,10000,5694,-4.046257,1.0109069,2.0,B01D1GBME2
umap,10000,5695,-3.605458,-3.4399688,5.0,B0BNP555YN
umap,10000,5696,-0.71166396,-3.8199062,4.0,B0BSMRTWNJ
umap,10000,5697,3.0828876,-4.961601,1.0,B09F5TVT11
umap,10000,5698,2.4992757,1.8670589,4.0,B009DSTZS8
umap,10000,5699,4.9362144,3.488309,1.0,B00BW5U3HM
umap,10000,5700,-1.3263451,5.1351514,5.0,B08DL8GTDP
umap,10000,5701,0.5102998,-5.47934,3.0,B09J4GXN38
umap,10000,5702,2.6244934,2.9395134,5.0,B010BWYDYA
umap,10000,5703,-0.7586285,2.2901971,3.0,B0916VSRFG
umap,10000,5704,-2.6266356,-2.0626242,4.0,B07P5GWWQ4
umap,10000,5705,0.41670942,-5.5646906,5.0,B0C338S8M7
umap,10000,5706,0.52799684,-0.5354798,5.0,B071ZPV6YR
umap,10000,5707,-3.5908458,-3.2478046,5.0,B0791TX5P5
umap,10000,5708,4.1440096,1.3586069,4.0,B009XJX952
umap,10000,5709,-4.883708,0.4882375,4.0,B00HME2QRW
umap,10000,5710,4.851576,2.0164597,5.0,B07QG747VM
umap,10000,5711,6.6725836,1.2137314,5.0,B01I46MYKK
umap,10000,5712,-1.1897796,5.314375,4.0,B07BNCLQN8
umap,10000,5713,3.3038888,2.8289835,5.0,B0C5GSXCLX
umap,10000,5714,2.8357396,1.554424,5.0,B09554QF7L
umap,10000,5715,0.65633714,1.9613541,5.0,B00S87OXMI
umap,10000,5716,0.36340967,-5.764685,4.0,B00DDPZ5MW
umap,10000,5717,3.1252701,1.9753804,5.0,B003N3JFWU
umap,10000,5718,0.6449123,3.556892,5.0,B00374DFBM
umap,10000,5719,-0.6733166,3.68285,4.0,B00K1SKXPI
umap,10000,5720,2.5308878,3.975394,5.0,B07GB3SGSF
umap,10000,5721,1.5885214,-0.45744407,5.0,B07GN87JTJ
umap,10000,5722,2.906478,1.2328194,5.0,B00YBCKIL4
umap,10000,5723,-1.2515414,-4.008304,5.0,B001VNLRPC
umap,10000,5724,1.5418298,1.2739055,5.0,B00UNDEKWI
umap,10000,5725,1.9496421,1.6197808,5.0,B07P5Y4776
umap,10000,5726,0.34647414,-4.608091,5.0,B08NSJ8KQM
umap,10000,5727,2.5539005,3.8127892,5.0,B01MQRGROQ
umap,10000,5728,0.30174994,0.1904394,1.0,B07G5JV2B5
umap,10000,5729,-1.3255403,0.71979314,1.0,B00294P0T6
umap,10000,5730,3.5965166,2.6517816,5.0,B09FLNSZ8G
umap,10000,5731,5.0876794,1.9480742,5.0,B08XPWDSWW
umap,10000,5732,5.0965123,1.9120265,5.0,B08L758H87
umap,10000,5733,-0.9083221,-1.5398595,5.0,B08L7LF1KF
umap,10000,5734,-2.0877514,2.0703979,2.0,B07VDVS6BZ
umap,10000,5735,3.947249,2.5484421,5.0,B0BRLZFYTJ
umap,10000,5736,12.538957,-11.277126,5.0,B07ZPS3VZS
umap,10000,5737,2.6188161,3.0375168,5.0,B07VC2SCKN
umap,10000,5738,2.047909,2.8983016,5.0,B07Q59S539
umap,10000,5739,6.295199,3.9654994,5.0,B084WR1XFK
umap,10000,5740,5.319383,3.049008,5.0,B07Q2SJNZ5
umap,10000,5741,4.7845216,3.5691576,5.0,B01KSTSV76
umap,10000,5742,4.776883,3.5485141,5.0,B00LM0ZGIS
umap,10000,5743,-2.345869,-1.4806869,1.0,B07KFD7QPZ
umap,10000,5744,6.313087,3.9559317,5.0,B01K8B8YA8
umap,10000,5745,7.0716114,3.0972097,5.0,B01K9KW56M
umap,10000,5746,-1.6852068,3.3702228,5.0,B01L3VEC08
umap,10000,5747,2.9812531,0.6834078,2.0,B07S764D9V
umap,10000,5748,2.4202225,1.3312161,5.0,B017OVSXPG
umap,10000,5749,1.7360929,1.7048807,5.0,B086X8L8K2
umap,10000,5750,0.024038408,0.6291941,5.0,B09M85W9P8
umap,10000,5751,4.2391734,-1.5498493,1.0,B0BSKXJFKN
umap,10000,5752,-0.5239868,0.42854208,4.0,B07NW72QY9
umap,10000,5753,0.558511,-1.9860102,5.0,B0C7S8NBJK
umap,10000,5754,-0.46501532,0.4262025,5.0,B08KG14KCT
umap,10000,5755,3.6440406,-1.5132215,5.0,B098DSFTQM
umap,10000,5756,4.1489244,-1.5160532,4.0,B09H83QHPC
umap,10000,5757,4.2338977,-1.5281969,5.0,B07JZCP1NJ
umap,10000,5758,-0.88510996,0.7133231,1.0,B0BSF17PM2
umap,10000,5759,-0.47729605,0.42220664,5.0,B08D7638C8
umap,10000,5760,-0.5482022,0.52004987,3.0,B00LF10L02
umap,10000,5761,-0.6890996,-0.7265039,5.0,B007HSKSMI
umap,10000,5762,0.38954782,4.904355,5.0,B00BCXF6KS
umap,10000,5763,-2.455528,2.6136086,5.0,B074TMJ44M
umap,10000,5764,-2.1465757,3.0065882,1.0,B003C8RLAE
umap,10000,5765,-1.2925599,-0.66644627,1.0,B002K3Z3E8
umap,10000,5766,1.8552686,2.3571498,3.0,B00WUI07XK
umap,10000,5767,-2.4244683,2.267238,4.0,B00TG5FPHS
umap,10000,5768,0.2626835,3.9420514,5.0,B092J8MM28
umap,10000,5769,-0.59591204,2.7166202,5.0,B09KNJ518H
umap,10000,5770,3.9006772,1.3986177,5.0,B07JBCKX7M
umap,10000,5771,3.8144107,1.727842,5.0,B07DC3LH9C
umap,10000,5772,0.0037681132,-1.126228,5.0,B08C9FL1L7
umap,10000,5773,-1.4513136,5.1074314,5.0,B0B976N8JZ
umap,10000,5774,-3.702627,-3.3358555,2.0,B07VXXBTX4
umap,10000,5775,1.690153,0.46668014,5.0,B079HBKGSW
umap,10000,5776,3.5098038,-0.054823473,1.0,B07DK4BP7G
umap,10000,5777,1.3965509,3.2300637,1.0,B01MTF2Z37
umap,10000,5778,0.44668373,3.0264757,2.0,B06Y5WDVV3
umap,10000,5779,1.349411,3.2974212,2.0,B01M334NVP
umap,10000,5780,1.9817649,-0.5757359,1.0,B000BOLHH0
umap,10000,5781,0.6357687,3.7401907,5.0,B01608AHA8
umap,10000,5782,1.2580186,2.8358881,2.0,B010BWYDYA
umap,10000,5783,0.47201344,-3.3852592,1.0,B00JB31RYK
umap,10000,5784,-1.176643,-1.9192307,3.0,B007F9XHCM
umap,10000,5785,-0.4505512,-4.567492,5.0,B0CDVW2RNG
umap,10000,5786,2.177925,-2.0874417,5.0,B09CTHY2B3
umap,10000,5787,0.43207994,3.9287972,1.0,B07ZRGNMRJ
umap,10000,5788,1.3899686,3.198511,2.0,B07N8VFFNS
umap,10000,5789,0.0082123205,-4.5187945,3.0,B0B2JCSK1P
umap,10000,5790,1.9837574,1.6074027,5.0,B08F9ZCTCL
umap,10000,5791,2.6859348,1.9718841,5.0,B01MFCFKG5
umap,10000,5792,1.9708337,-2.0247047,5.0,B075SS891V
umap,10000,5793,3.144352,-5.0004582,5.0,B094V7S7D7
umap,10000,5794,2.3708203,-1.9940225,5.0,B082Y3SQ2V
umap,10000,5795,2.5872774,-1.5266646,2.0,B08CZL3CJS
umap,10000,5796,-1.1340626,1.9658061,5.0,B0B1SCRLRG
umap,10000,5797,0.3735797,4.289347,2.0,B08F1T7F6F
umap,10000,5798,1.1663632,4.0422554,5.0,B07MG4DMN9
umap,10000,5799,-3.994332,-1.6631037,5.0,B09RS2KZK4
umap,10000,5800,-0.2684602,-4.747061,5.0,B082QPHYZQ
umap,10000,5801,1.7226437,-2.5567827,5.0,B0B1HJ23M3
umap,10000,5802,-0.42310393,2.5287993,3.0,B086JJNYGS
umap,10000,5803,-0.9904285,3.7747655,5.0,B09FYWWVB8
umap,10000,5804,-3.3442862,-1.191965,4.0,B07116B33Z
umap,10000,5805,3.069383,-4.902943,4.0,B07ZFFYQCR
umap,10000,5806,0.5142622,4.0337205,5.0,B01HEW1KTG
umap,10000,5807,6.17871,-1.6585239,5.0,B01M7NFWQ5
umap,10000,5808,2.75099,-1.595912,5.0,B079FQRPXM
umap,10000,5809,-3.6892376,-1.6911114,1.0,B077XJB1Z8
umap,10000,5810,0.115169555,3.8417218,5.0,B0772D8VR1
umap,10000,5811,1.103549,2.1195617,2.0,B0BHF1HN6C
umap,10000,5812,-1.5102451,3.3682675,5.0,B00LI6NW8W
umap,10000,5813,5.0445533,3.5599828,1.0,B0BS2TMK39
umap,10000,5814,5.0715556,2.004837,5.0,B01N44JBS4
umap,10000,5815,-1.6442438,-3.2079027,4.0,B0BQV27MZ7
umap,10000,5816,-1.6655363,-3.2106607,4.0,B0BQV27MZ7
umap,10000,5817,-0.28772065,2.5163627,5.0,B0CCK5YXRC
umap,10000,5818,0.17545415,0.7826157,5.0,B0C6NZTYP5
umap,10000,5819,-4.529321,0.6869889,2.0,B09TPXD2VC
umap,10000,5820,6.0026207,-1.8820115,4.0,B0BWBC2GLD
umap,10000,5821,-1.699109,-3.7407932,5.0,B07X3HL7CC
umap,10000,5822,-0.8592868,0.64507216,5.0,B0C62815WM
umap,10000,5823,-5.0673957,0.35720274,3.0,B08M8Y6473
umap,10000,5824,1.7702849,-2.2039146,5.0,B08KZ3QN72
umap,10000,5825,-0.03511808,-5.412768,5.0,B081SDPJ47
umap,10000,5826,1.4760613,-1.4499482,4.0,B07HGW7B1D
umap,10000,5827,-0.67943656,-0.54469115,4.0,B06Y2XRYB2
umap,10000,5828,3.0578842,3.8093982,3.0,B08BXDW68Z
umap,10000,5829,3.3617716,2.8439498,5.0,B0935ZDCYD
umap,10000,5830,3.6013348,2.4677093,5.0,B07W5ZDHDH
umap,10000,5831,-0.8046281,2.2466686,5.0,B0C8SBPY3V
umap,10000,5832,2.3169,1.5483409,5.0,B06XQN1GKK
umap,10000,5833,2.3042533,1.5325677,5.0,B07S78GKZ6
umap,10000,5834,2.6464713,3.31797,5.0,B0C6PGZ3MB
umap,10000,5835,3.346226,0.599402,3.0,B07DQF7LQY
umap,10000,5836,2.8016307,1.7104802,5.0,B07MDYT2SW
umap,10000,5837,-2.3066008,1.3457688,5.0,B08CLNX58K
umap,10000,5838,0.9762542,-2.2006621,5.0,B08DCYHFD4
umap,10000,5839,0.4282123,-2.1966946,5.0,B07P16JC5W
umap,10000,5840,0.3676458,-4.947042,5.0,B00WUN9PE2
umap,10000,5841,2.8625054,0.54045874,5.0,B008I65TRM
umap,10000,5842,-2.064374,-1.6211798,5.0,B07ZZVX1F2
umap,10000,5843,3.1309211,0.89929193,1.0,B07PCZV64H
umap,10000,5844,0.620709,-1.5739491,1.0,B015CFY3WS
umap,10000,5845,-0.051863052,-5.174347,5.0,B08548M6FF
umap,10000,5846,2.2942262,-0.026943954,5.0,B00B502HL4
umap,10000,5847,-5.0111723,0.3926995,3.0,B08HHSFT21
umap,10000,5848,-5.079326,0.34337473,2.0,B0B51DHRMN
umap,10000,5849,-0.86056024,-3.227647,2.0,B01MDKJXCH
umap,10000,5850,0.92611974,4.5112543,5.0,B096FJY39R
umap,10000,5851,3.0835884,-4.926804,4.0,B09CQBFS81
umap,10000,5852,0.8088555,2.9261146,5.0,B09GLVS2BD
umap,10000,5853,1.3379145,4.267982,5.0,B07W92W39W
umap,10000,5854,3.3848236,1.4845712,5.0,B0928QBF8K
umap,10000,5855,0.305066,-4.939252,5.0,B00MO86ES8
umap,10000,5856,1.0502092,2.215288,1.0,B09MK92BX7
umap,10000,5857,-0.85303444,-3.0876763,5.0,B0BHQRTJYJ
umap,10000,5858,3.1324599,-4.985636,5.0,B094NMVYKT
umap,10000,5859,0.064252906,-4.756891,5.0,B08F9TMWN7
umap,10000,5860,-0.9110191,-3.187639,1.0,B09BDX2C9X
umap,10000,5861,3.1521702,-5.0007873,5.0,B0BFJ8KGTZ
umap,10000,5862,1.039363,2.6538465,5.0,B07H936BZT
umap,10000,5863,3.8223207,0.59345114,5.0,B07P5Y4776
umap,10000,5864,7.5261116,4.319702,5.0,B01M0SFMIH
umap,10000,5865,5.5315857,4.592811,5.0,B07PFSXZ2W
umap,10000,5866,1.9625694,-0.20872194,1.0,B0BWD4WGJB
umap,10000,5867,-0.6441891,-4.034719,5.0,B07S4KJV6W
umap,10000,5868,3.206166,1.2500714,5.0,B07QD3HZVJ
umap,10000,5869,3.8757164,-0.03213567,1.0,B0C9CKKCD6
umap,10000,5870,-2.444786,1.5172192,5.0,B08MRTZWJ5
umap,10000,5871,-0.3885907,-2.694882,2.0,B08QSB7SR3
umap,10000,5872,1.9950752,-0.6201746,4.0,B09BN75L3P
umap,10000,5873,2.6299272,3.07149,5.0,B0C4LW67ZG
umap,10000,5874,2.3421266,-1.8629512,5.0,B077ZS7D77
umap,10000,5875,6.8672447,3.1590173,5.0,B09571JZH1
umap,10000,5876,2.3567152,2.265899,5.0,B091KKX4DS
umap,10000,5877,16.711626,4.953737,1.0,B09GD22V7K
umap,10000,5878,3.2948205,0.387292,1.0,B0C337RV7Q
umap,10000,5879,4.2633395,1.615733,3.0,B0BP27ZQKC
umap,10000,5880,-0.42148378,-3.5574076,5.0,B07PXTY9BQ
umap,10000,5881,0.4171383,-3.5658224,1.0,B07G5C4YLY
umap,10000,5882,1.1471847,1.1284004,5.0,B0785WP8BF
umap,10000,5883,2.6171117,1.601532,3.0,B00902SHEU
umap,10000,5884,-1.7728395,-3.065149,5.0,B01MU55O1B
umap,10000,5885,0.39480668,-1.5425578,5.0,B00ASLSQHK
umap,10000,5886,4.4747148,-0.011266731,5.0,B005RY2BTC
umap,10000,5887,-1.7693856,1.9166925,5.0,B09M67L3J5
umap,10000,5888,-2.7272427,2.7708137,5.0,B09VP5QB8X
umap,10000,5889,0.10474972,4.253513,5.0,B07VRP3KBM
umap,10000,5890,0.17184083,4.33429,1.0,B07RWH9GM3
umap,10000,5891,1.464614,-2.1414866,5.0,B08B7RYM4P
umap,10000,5892,2.8314936,2.2127647,5.0,B098391NB7
umap,10000,5893,1.5260015,-2.20071,5.0,B0BRJGVZP8
umap,10000,5894,-0.17281188,4.0989366,5.0,B08399M3P8
umap,10000,5895,-4.7776666,0.57785296,5.0,B075JB46XP
umap,10000,5896,6.2128835,-1.6680261,5.0,B071Y2SG3R
umap,10000,5897,1.5380585,-0.58820736,3.0,B013O1V23K
umap,10000,5898,1.016115,2.855766,5.0,B01LD8GI3K
umap,10000,5899,4.015646,0.56661236,5.0,B008PXMWIW
umap,10000,5900,-1.6753713,-1.5811155,5.0,B099P2JF9Y
umap,10000,5901,4.241399,1.5577414,5.0,B0875M44Y5
umap,10000,5902,3.8867054,2.4019475,1.0,B008I63HDA
umap,10000,5903,1.2572238,-2.751825,5.0,B01ETQ62XY
umap,10000,5904,2.0221014,1.3357725,5.0,B00Z0V2NQ8
umap,10000,5905,2.106996,2.8183212,5.0,B0083J7EM2
umap,10000,5906,0.56761724,-0.39533654,1.0,B01LLANEAU
umap,10000,5907,0.21103135,2.0294232,5.0,B09P398XM9
umap,10000,5908,3.3279824,-0.6599303,5.0,B099PM811H
umap,10000,5909,3.2697895,-0.66419554,5.0,B07JPGXV7C
umap,10000,5910,4.1621323,1.5498724,5.0,B0BVBDXFHM
umap,10000,5911,3.9865117,2.4520965,5.0,B07H65KP63
umap,10000,5912,0.5155858,-5.51192,5.0,B07PXGQC1Q
umap,10000,5913,3.978194,2.4655757,5.0,B08XNCHTCY
umap,10000,5914,3.680322,2.864661,5.0,B07K1WWBJK
umap,10000,5915,3.6354008,2.8693888,5.0,B0863ZGP2R
umap,10000,5916,0.552382,3.6244826,5.0,B09ZKKXQWV
umap,10000,5917,3.6275442,2.9232597,5.0,B086MQ6F2N
umap,10000,5918,0.65388227,3.1520147,5.0,B09SHL7BVZ
umap,10000,5919,-1.0432185,1.8347508,5.0,B08D7JPKLZ
umap,10000,5920,-0.32339236,3.8833594,3.0,B073F6ZDL5
umap,10000,5921,3.26961,2.225204,5.0,B00O29HJXQ
umap,10000,5922,0.40203443,4.9784646,5.0,B00WT477P6
umap,10000,5923,0.6368975,-5.1416855,4.0,B06XKVSX25
umap,10000,5924,1.0236902,0.3567283,5.0,B08JPLNBZP
umap,10000,5925,-3.2096965,-2.824158,5.0,B07GZFM1ZM
umap,10000,5926,6.7788954,3.7127993,4.0,B08YFJYD5Z
umap,10000,5927,2.3005924,-1.9480003,5.0,B07WGPTZHR
umap,10000,5928,-1.6146033,-3.0930188,5.0,B0CCF6KKF9
umap,10000,5929,-1.9044728,-1.8440697,5.0,B07GZFM1ZM
umap,10000,5930,2.4028814,4.077838,5.0,B0124ES3VC
umap,10000,5931,0.36365533,-5.228536,5.0,B078C7XJ7Q
umap,10000,5932,0.7544266,3.9262273,1.0,B07DQDG547
umap,10000,5933,1.759174,-1.644897,5.0,B0CD7L5PKM
umap,10000,5934,-2.6654963,1.387259,5.0,B08QCM7FL1
umap,10000,5935,0.01358206,-4.0646076,3.0,B08H7SG2VN
umap,10000,5936,-0.050245088,-5.458455,4.0,B08DLS9V5D
umap,10000,5937,-0.23156422,-3.5414922,5.0,B07ZM19Y9H
umap,10000,5938,-0.06937884,-5.2322817,4.0,B0BN6DVC5H
umap,10000,5939,0.19696896,-5.4134583,3.0,B07XSL4F4C
umap,10000,5940,-2.914898,1.2715946,5.0,B0BPK419HZ
umap,10000,5941,-1.4284835,0.90312904,4.0,B09LM915XQ
umap,10000,5942,1.540405,-2.0568004,5.0,B0814YNH8V
umap,10000,5943,1.5698786,-0.8246916,4.0,B01D9TUL8Y
umap,10000,5944,0.1493571,-5.3404946,3.0,B09D41HQVZ
umap,10000,5945,4.361971,-1.6680777,4.0,B0842X9PHR
umap,10000,5946,2.608687,-1.4211738,5.0,B0838Y1F46
umap,10000,5947,-1.3892547,0.8791284,5.0,B0C1BVZHD1
umap,10000,5948,-2.4662876,1.0278554,5.0,B085STB7FR
umap,10000,5949,-1.328848,0.8572943,1.0,B09V1FT19S
umap,10000,5950,-0.8576807,0.5239593,4.0,B0BSF17PM2
umap,10000,5951,-2.919085,0.25981855,4.0,B081QWB92L
umap,10000,5952,-3.5580046,-3.5000007,4.0,B07H65KP63
umap,10000,5953,0.040110614,4.478826,5.0,B07NZLL5WB
umap,10000,5954,-0.26487067,3.0655375,5.0,B07FFVVDJ8
umap,10000,5955,3.1206412,-4.9639964,3.0,B074ZLVXCG
umap,10000,5956,-0.6445152,4.729501,4.0,B08RYZGXLL
umap,10000,5957,2.8360825,1.7128304,4.0,B07P5FQGR8
umap,10000,5958,6.133455,-1.7908503,4.0,B09T78HB28
umap,10000,5959,1.2284882,0.66221726,4.0,B0BZLBL1L9
umap,10000,5960,2.406684,0.39351672,5.0,B07Q9F2FMR
umap,10000,5961,1.8202635,0.39816105,5.0,B083JFTZMN
umap,10000,5962,-3.2377288,-1.4858663,5.0,B003O973OA
umap,10000,5963,3.71399,0.7229913,5.0,B07PMFD12W
umap,10000,5964,1.4416165,1.0058615,4.0,B00SZ304ZK
umap,10000,5965,0.8020615,3.6490936,5.0,B07P83VM1G
umap,10000,5966,0.91985756,4.351033,5.0,B08MQ5ZPGG
umap,10000,5967,0.8651332,2.528904,5.0,B08N3MBM2P
umap,10000,5968,-3.4081624,0.5781498,5.0,B0BM2YG2K7
umap,10000,5969,-1.3874121,-3.8910666,5.0,B084RJZ5BP
umap,10000,5970,1.6312013,1.5090863,5.0,B00XHTAIGM
umap,10000,5971,-3.468615,-1.4631376,5.0,B07VDLZ39V
umap,10000,5972,-0.58211124,-4.131441,5.0,B08DHJFJFY
umap,10000,5973,4.0624886,1.4636154,3.0,B07H65KP63
umap,10000,5974,0.29250816,0.8563124,2.0,B083Z7W1FK
umap,10000,5975,1.8205384,2.1097093,5.0,B0C46VF5GR
umap,10000,5976,0.5433706,2.257459,1.0,B095STM3C9
umap,10000,5977,2.408078,1.6805415,4.0,B018SOU7AM
umap,10000,5978,1.524879,0.6662061,4.0,B0C61VKHQL
umap,10000,5979,1.097389,-2.3719742,3.0,B07Y23TMZ4
umap,10000,5980,-2.133742,-2.2844317,4.0,B08VDBZPYL
umap,10000,5981,1.7059627,-0.2767634,3.0,B0B12G5Z92
umap,10000,5982,4.1080756,1.4772823,4.0,B09YXCM8N3
umap,10000,5983,3.6548193,1.5359439,5.0,B07L9BDY3T
umap,10000,5984,4.9850817,0.7330335,5.0,B00KFCRATC
umap,10000,5985,-1.4411447,-0.953057,3.0,B0BRQ9ZZ3D
umap,10000,5986,-0.068427086,0.69485533,4.0,B093L79VHX
umap,10000,5987,5.156181,3.5794144,4.0,B0BGRNBMKT
umap,10000,5988,2.5904107,0.29851887,3.0,B09Q371RZC
umap,10000,5989,0.41364384,2.3901272,4.0,B08DV5LB4C
umap,10000,5990,3.4628706,-0.90250725,5.0,B0BM9LLXPD
umap,10000,5991,-0.59568244,-4.2321253,3.0,B07N31CHLN
umap,10000,5992,4.1100216,1.516181,3.0,B09C2RQGGS
umap,10000,5993,-1.044062,-4.696117,1.0,B09DKQ58Y1
umap,10000,5994,4.042823,1.4389716,4.0,B09ZL3GXHN
umap,10000,5995,1.8392748,3.158527,5.0,B0B2VC4P21
umap,10000,5996,-0.7110651,-4.0505347,5.0,B01GF5ACUG
umap,10000,5997,-0.7297165,-4.0311065,2.0,B01BVX5BX0
umap,10000,5998,0.18052672,-3.4757016,1.0,B07P5Q8SC1
umap,10000,5999,2.6611106,0.4849106,1.0,B07NTRPYBB
umap,10000,6000,1.7657971,1.7670509,5.0,B073QNZ1SP
umap,10000,6001,2.218183,-1.8249166,5.0,B01EL7618C
umap,10000,6002,3.1833131,1.5756115,5.0,B075X8471B
umap,10000,6003,2.761562,3.3360589,5.0,B0B2K24RQT
umap,10000,6004,4.004619,1.3579957,1.0,B0B3D9WQD5
umap,10000,6005,3.0080369,2.8028607,5.0,B099KKGJQP
umap,10000,6006,-2.5224023,-1.9944957,5.0,B08F9ZCTCL
umap,10000,6007,5.8655734,1.3840485,5.0,B0753QWL5X
umap,10000,6008,0.24492024,-4.8273973,5.0,B0BGP6R8XS
umap,10000,6009,-0.9438088,-4.8027716,5.0,B0B59QBY9G
umap,10000,6010,-0.2852921,0.41956565,5.0,B071LPMSN1
umap,10000,6011,-1.5029548,5.1909757,3.0,B07QFPFR95
umap,10000,6012,3.8377786,-0.04994273,5.0,B0BV9FDWT9
umap,10000,6013,5.9245114,1.3317152,5.0,B073QX1ZMS
umap,10000,6014,3.8598964,-0.050907373,1.0,B07MBGQH15
umap,10000,6015,2.3991206,-2.0244272,5.0,B079661FSM
umap,10000,6016,-0.41023436,-3.663758,5.0,B086VR9J8Q
umap,10000,6017,-1.2561508,0.79046386,5.0,B07PDN1LCZ
umap,10000,6018,1.7685056,-0.6834529,4.0,B01MYG67JR
umap,10000,6019,1.4843168,-0.66333157,5.0,B01N18WZGK
umap,10000,6020,1.4681848,-0.45986304,5.0,B01K4IHBHC
umap,10000,6021,6.118213,-1.8395991,3.0,B004P1IU5C
umap,10000,6022,0.42479953,-0.98844284,5.0,B00ZWKHP6A
umap,10000,6023,-0.44078186,4.212511,5.0,B00RT03DVW
umap,10000,6024,-3.3406193,-0.10055413,5.0,B00I1781BY
umap,10000,6025,-1.021957,-4.7383614,4.0,B004VY77Q6
umap,10000,6026,0.75095725,-2.2943964,5.0,B07Q1JZ363
umap,10000,6027,-2.1710942,-0.89259976,5.0,B0014A50GE
umap,10000,6028,0.15623578,-3.275515,4.0,B088KNRJ8L
umap,10000,6029,-1.8068794,-2.9511623,3.0,B001J1PUOK
umap,10000,6030,-3.2614784,-1.0320864,5.0,B008V4S1C6
umap,10000,6031,3.5149255,-0.8004484,5.0,B08R5NGMS1
umap,10000,6032,-0.32730728,-4.7061067,5.0,B07PXGQC1Q
umap,10000,6033,0.01860021,1.5141824,5.0,B00NKZ5R28
umap,10000,6034,2.7348685,0.6086484,1.0,B07Q8Y7D4F
umap,10000,6035,-2.3753123,-2.2340074,4.0,B081629SRT
umap,10000,6036,0.25407752,2.10169,5.0,B00CST4LH4
umap,10000,6037,-2.1789274,1.7298284,5.0,B07DLC2SFZ
umap,10000,6038,-1.0809754,5.005299,5.0,B08VMR2974
umap,10000,6039,2.5545497,3.4081714,4.0,B08NB7R131
umap,10000,6040,2.9035468,0.93691987,1.0,B00ZIS0LGC
umap,10000,6041,-4.856935,0.5132961,5.0,B0CC2FVRJW
umap,10000,6042,2.5827637,0.8216693,3.0,B07WDDGFD6
umap,10000,6043,-1.6822629,-3.696402,5.0,B0914FVW5Z
umap,10000,6044,0.1866598,-5.3751965,5.0,B00DVH26EC
umap,10000,6045,-2.9027362,1.1032168,1.0,B00LVQ7KQO
umap,10000,6046,-1.441539,3.4553516,5.0,B09SXP5VB5
umap,10000,6047,3.0545018,1.472008,5.0,B0B46FBZ8J
umap,10000,6048,-0.7562326,-3.0466254,5.0,B00LWHU9D8
umap,10000,6049,2.978147,1.0578552,1.0,B07XJ9FF4M
umap,10000,6050,1.5982023,1.5071752,5.0,B0BMK6DC5W
umap,10000,6051,3.5064726,2.824955,5.0,B006MCDUZM
umap,10000,6052,8.706749,5.6925893,5.0,B07KVHJZSC
umap,10000,6053,3.9455853,1.8460008,5.0,B077ZVBJH2
umap,10000,6054,6.668434,1.2094146,5.0,B01EG5502W
umap,10000,6055,0.3397559,4.8079276,4.0,B07V6CGGW2
umap,10000,6056,2.8011024,2.525906,4.0,B088CW81Y6
umap,10000,6057,-2.8823936,1.4096248,4.0,B07NYXPL4P
umap,10000,6058,5.0935555,3.4270124,2.0,B015VW30US
umap,10000,6059,-0.9496313,-4.174258,1.0,B07H78ZPD2
umap,10000,6060,2.5893931,-1.3265178,5.0,B0BV6SQPK2
umap,10000,6061,0.23966427,-1.0439779,3.0,B0B6D4W3R7
umap,10000,6062,-2.147107,-0.959941,2.0,B07PMS2169
umap,10000,6063,4.096152,1.4913031,5.0,B0B42NYTZZ
umap,10000,6064,0.19820432,3.9909658,5.0,B08L9M826M
umap,10000,6065,-0.16229221,4.2471004,5.0,B07GDH82R4
umap,10000,6066,5.9650903,-1.7793666,5.0,B083HK32C3
umap,10000,6067,3.1078742,2.311724,5.0,B083HK32C3
umap,10000,6068,0.17028235,2.347786,5.0,B08N1DF9BX
umap,10000,6069,-0.40185586,0.41353622,3.0,B09PV3S1GT
umap,10000,6070,-0.63699484,2.6952603,5.0,B09ZRK3RGC
umap,10000,6071,2.0750544,0.29739755,4.0,B0B31QGH9J
umap,10000,6072,3.8060505,-0.21700434,3.0,B09NNGX5B5
umap,10000,6073,0.176026,2.5620267,5.0,B0B11NY3JQ
umap,10000,6074,0.27985552,4.1163015,5.0,B0B9WHZBXJ
umap,10000,6075,-0.56459874,-0.5718607,4.0,B0B79XMMHV
umap,10000,6076,-1.0999687,4.722647,3.0,B09XHWMDK2
umap,10000,6077,1.3755875,-2.210349,4.0,B0BGRVVCX7
umap,10000,6078,-2.7211192,2.7743988,3.0,B09TTH4JDN
umap,10000,6079,1.7356125,-1.3862838,4.0,B0B129DM9T
umap,10000,6080,1.5326124,-1.5485787,5.0,B0B8W6RJ26
umap,10000,6081,-1.1337599,4.8921294,4.0,B09XGTMY6X
umap,10000,6082,1.2317753,-2.05045,4.0,B09ZXDZVKR
umap,10000,6083,1.645506,-1.616326,5.0,B0B9GXVGJY
umap,10000,6084,-2.7662973,2.6591485,3.0,B0C6J653RZ
umap,10000,6085,0.8494241,-2.7707417,3.0,B09NRLQYC1
umap,10000,6086,1.7463624,0.14641806,5.0,B09N78QN2F
umap,10000,6087,-1.4774308,3.1149845,3.0,B0BTS267BB
umap,10000,6088,3.3273416,2.4389157,4.0,B08M43RVH4
umap,10000,6089,0.91812307,-0.9398629,5.0,B0B7Z96WFM
umap,10000,6090,4.356516,-1.6471395,3.0,B095K1SQ3W
umap,10000,6091,-2.9000902,3.000612,4.0,B08H7PD336
umap,10000,6092,0.64458185,-2.1938648,4.0,B0BZT5GQGJ
umap,10000,6093,1.2236667,-1.980505,5.0,B082YB9888
umap,10000,6094,0.51401174,-5.895416,4.0,B08BRF7XRM
umap,10000,6095,-0.008247006,-4.7269816,4.0,B0BJXSGLFJ
umap,10000,6096,-3.4628177,-1.51357,4.0,B0BT1BTW94
umap,10000,6097,6.1126575,-1.8395821,4.0,B0BFKK3NL9
umap,10000,6098,2.7821014,1.7217301,5.0,B0749WP3M3
umap,10000,6099,-0.82300687,-4.232311,4.0,B094MKQMZR
umap,10000,6100,1.9688122,-0.87960833,5.0,B082T8JN5K
umap,10000,6101,2.4088793,0.050671045,4.0,B07H5F2SSX
umap,10000,6102,-1.668249,-0.10181775,3.0,B0BF8WV66H
umap,10000,6103,-1.3727092,0.0555736,4.0,B097M9MNLD
umap,10000,6104,0.10068024,-5.7568717,4.0,B08BDM3ZJJ
umap,10000,6105,-0.09922083,-5.5599937,4.0,B0BKV47TKY
umap,10000,6106,1.3681357,-2.073535,5.0,B07SFXCF1N
umap,10000,6107,-1.356235,4.442923,4.0,B07WQ43G4G
umap,10000,6108,-0.374272,-1.8080556,5.0,B08XXNDWPG
umap,10000,6109,6.205065,-1.7311844,4.0,B07BMX18JN
umap,10000,6110,1.2370439,-2.1638348,5.0,B07JWFWDTZ
umap,10000,6111,-0.83674335,4.945021,4.0,B07DB645LG
umap,10000,6112,1.3158488,0.94142,3.0,B0B5TMT9Y5
umap,10000,6113,-0.39876428,2.4843812,3.0,B07DDDLQZV
umap,10000,6114,-1.2416139,4.489133,5.0,B086TRKJMP
umap,10000,6115,1.545787,-2.0251796,3.0,B07B9S451G
umap,10000,6116,-0.43061966,0.37404582,5.0,B07JHTVHM8
umap,10000,6117,-0.468186,0.30692238,5.0,B0BXSXFLQ5
umap,10000,6118,-0.4843074,0.4362565,4.0,B0B79D1NQ6
umap,10000,6119,0.29611352,-0.8950687,4.0,B0BH5LNYKV
umap,10000,6120,3.4698474,-0.9053102,4.0,B09LQ6T5WP
umap,10000,6121,-1.0571525,4.9397836,4.0,B073CVH3SX
umap,10000,6122,1.2700949,0.9231553,5.0,B087XYQFJ6
umap,10000,6123,-3.4621627,-1.4864396,5.0,B0106N5OOW
umap,10000,6124,1.4970894,-2.045067,5.0,B07CWF332K
umap,10000,6125,0.22738911,2.370199,4.0,B08Y929JZN
umap,10000,6126,-0.5792532,0.28716153,3.0,B07F6ZFRBG
umap,10000,6127,0.055290807,-5.4074163,3.0,B07T2451BH
umap,10000,6128,-2.1117496,-2.2357552,4.0,B07FVR4ZSG
umap,10000,6129,-0.124400295,0.746707,5.0,B07DKMJ61N
umap,10000,6130,0.0142475385,-5.288193,4.0,B07GZM4B3S
umap,10000,6131,-2.0790153,-1.0447347,4.0,B00ZVJ9L3C
umap,10000,6132,-3.9734929,0.4294439,3.0,B0727YR476
umap,10000,6133,0.07838203,-5.1675277,4.0,B07G7VT8KQ
umap,10000,6134,2.8827069,-1.3134989,4.0,B07BL8BRPX
umap,10000,6135,-1.1504866,4.8837423,4.0,B079RMP2HC
umap,10000,6136,-0.25461793,-5.0706687,3.0,B079MSMRDF
umap,10000,6137,-1.9782549,3.8045094,4.0,B07QDNWC7X
umap,10000,6138,-0.38148588,-4.97486,3.0,B0778PCW73
umap,10000,6139,0.5028233,-2.2495413,5.0,B07S5LZ1SQ
umap,10000,6140,-0.5545869,-1.786572,5.0,B01GCGKDN4
umap,10000,6141,-0.03822307,1.5404615,4.0,B071XY12YY
umap,10000,6142,-4.884902,0.48607266,5.0,B075S49D36
umap,10000,6143,-0.6158835,4.1805654,4.0,B075MCMSX5
umap,10000,6144,-0.51055354,-4.3789296,5.0,B076WTK9T8
umap,10000,6145,-2.8892925,3.0200994,3.0,B01MYWX7AM
umap,10000,6146,0.7758951,2.4739687,4.0,B077F12V6M
umap,10000,6147,-5.075101,0.34330133,3.0,B072MH9TC3
umap,10000,6148,0.12548077,-5.048407,4.0,B07PXGDCZJ
umap,10000,6149,-0.085216306,-5.207105,4.0,B06XSJV5B9
umap,10000,6150,0.030755462,-5.163371,4.0,B07CX3MDNY
umap,10000,6151,0.33973554,-5.0819144,2.0,B01M59LIIZ
umap,10000,6152,-0.9188101,-4.827676,5.0,B01DNYM78W
umap,10000,6153,-1.8806945,-1.194011,4.0,B01KICHFQQ
umap,10000,6154,-1.5669537,0.9633924,5.0,B0813GD741
umap,10000,6155,-1.2405349,0.8528224,5.0,B073FRWK8J
umap,10000,6156,-0.59581983,-4.3090463,4.0,B01CEAYWZW
umap,10000,6157,-1.2583178,4.7273583,4.0,B01E6VT9L4
umap,10000,6158,-4.0102825,0.88957125,4.0,B018791G9O
umap,10000,6159,-2.8069708,1.254216,4.0,B019IBD440
umap,10000,6160,-2.6815124,0.22961111,4.0,B00E91EGDS
umap,10000,6161,-3.810796,0.7283031,5.0,B00PN377C8
umap,10000,6162,-0.043703742,-5.3030076,3.0,B00JV0NSU4
umap,10000,6163,-1.2604568,0.8555159,5.0,B00IYOCBMO
umap,10000,6164,0.10913006,4.4098396,4.0,B00EOLNYXQ
umap,10000,6165,-0.1014939,-1.0721289,5.0,B00COEBCXY
umap,10000,6166,-3.3333669,-1.7308137,5.0,B00E98O7GC
umap,10000,6167,0.3923042,-1.0454693,4.0,B00CMYHMT4
umap,10000,6168,2.7525947,-1.390577,5.0,B00DJ375Y4
umap,10000,6169,-1.6368546,-3.6695662,4.0,B00BD7UXXS
umap,10000,6170,0.20091638,2.3624637,5.0,B014HX74TA
umap,10000,6171,-2.566221,0.6131238,3.0,B008DDPL4G
umap,10000,6172,1.2409625,-2.264998,5.0,B003ATZBWA
umap,10000,6173,-0.56024545,-3.1201682,4.0,B004M8SSZU
umap,10000,6174,0.31894615,-5.2204432,2.0,B005MR6CMG
umap,10000,6175,-0.15632762,-5.034601,4.0,B0058D8D3K
umap,10000,6176,0.51791453,-5.824543,5.0,B005DKZP7A
umap,10000,6177,-4.0918894,0.9952544,4.0,B003N2POVW
umap,10000,6178,-0.88578403,-4.8032236,4.0,B002VS4V0Y
umap,10000,6179,-0.47017708,0.47498575,5.0,B00387EW1K
umap,10000,6180,-0.5658877,2.5498328,5.0,B002MMY4WY
umap,10000,6181,-0.5499942,2.4646306,5.0,B002B4P788
umap,10000,6182,4.1244173,2.7510936,5.0,B09HRD9X5P
umap,10000,6183,-2.200788,-0.85386497,5.0,B076D1NHDT
umap,10000,6184,1.3262264,4.26,5.0,B081948XYF
umap,10000,6185,-0.8656992,-2.5165904,3.0,B00000J1QR
umap,10000,6186,-3.5684097,-3.5819066,5.0,B01K8B8YA8
umap,10000,6187,1.7937813,0.2957937,2.0,B09ZTC6LGP
umap,10000,6188,-0.6906571,3.6725304,5.0,B01DCXE2JQ
umap,10000,6189,-1.4911882,-1.8125205,1.0,B00AWKC0JM
umap,10000,6190,6.9139557,3.169621,5.0,B0754PQT43
umap,10000,6191,-1.4642955,4.9486246,5.0,B0BQRGJJ4Y
umap,10000,6192,1.789774,-0.5287282,5.0,B089F9YDFC
umap,10000,6193,-1.684113,-3.1518073,5.0,B008H0QXT2
umap,10000,6194,3.0063224,0.5832997,4.0,B0CCRNKX6X
umap,10000,6195,6.2058644,-1.6668913,5.0,B08YMVB98D
umap,10000,6196,6.184398,-1.7017016,5.0,B07FZ6DBT7
umap,10000,6197,1.3997278,2.5671537,5.0,B00WFJ1B48
umap,10000,6198,1.3722961,0.97127163,3.0,B073Q3H3JP
umap,10000,6199,1.1929466,0.14169966,3.0,B00CMVW2RO
umap,10000,6200,2.2399511,-0.18881243,5.0,B016QU7PAK
umap,10000,6201,-0.65595424,-0.5812026,5.0,B00K15LQZM
umap,10000,6202,-1.0587249,-4.833665,3.0,B07V2DMFM6
umap,10000,6203,3.0940552,-4.9410324,5.0,B08FCCSQ7V
umap,10000,6204,-1.4467602,-4.0064373,5.0,B06VVWRMNP
umap,10000,6205,-1.2372066,-4.1697617,5.0,B071W6B7M7
umap,10000,6206,4.364743,3.5727131,5.0,B00JLBIQ8W
umap,10000,6207,-1.3905351,0.88279146,5.0,B0C5MCSLKZ
umap,10000,6208,0.14107534,-4.549716,5.0,B08C6KBWPV
umap,10000,6209,1.2265712,3.0624645,5.0,B092C37YFP
umap,10000,6210,-2.2409706,-2.2508504,5.0,B08WJSHSLC
umap,10000,6211,1.4264423,-2.2704067,5.0,B09RZDNN93
umap,10000,6212,-1.1657048,-4.213586,5.0,B07NHVWP31
umap,10000,6213,-2.1095436,-1.7418709,5.0,B07GZFM1ZM
umap,10000,6214,-0.78988445,0.62800664,5.0,B0B6D4W3R7
umap,10000,6215,-0.7981439,0.57776886,5.0,B089PMMT1X
umap,10000,6216,-1.9810259,3.8257277,5.0,B01J1GJC5M
umap,10000,6217,2.7984467,1.2336272,5.0,B00G8MMQI8
umap,10000,6218,-1.0111431,0.67359716,5.0,B00E9W1ULS
umap,10000,6219,2.6350758,-1.6953629,5.0,B00MWHQZX0
umap,10000,6220,0.41754064,3.1515105,5.0,B019WHZE70
umap,10000,6221,-0.060816064,-2.3328,5.0,B00ZVJAF9G
umap,10000,6222,5.4237614,4.4525566,5.0,B0B75PV61F
umap,10000,6223,5.306885,4.3295255,5.0,B005JZMGM6
umap,10000,6224,0.11566111,-4.657356,5.0,B0BNV9818Q
umap,10000,6225,4.1811333,2.9363348,3.0,B0C338S8M7
umap,10000,6226,0.38382927,5.005568,5.0,B09J56DGWJ
umap,10000,6227,2.316181,-1.9472946,5.0,B0756HHHL2
umap,10000,6228,-1.1856952,-3.791613,5.0,B0BW4PFM58
umap,10000,6229,0.42079908,4.3532357,5.0,B00GA2P746
umap,10000,6230,8.818362,3.6145217,4.0,B01LD9HKHC
umap,10000,6231,0.15160699,-3.0649788,1.0,B07S764D9V
umap,10000,6232,0.43016884,4.959304,4.0,B081J3BB63
umap,10000,6233,4.284094,1.4623648,1.0,B09KV12J8N
umap,10000,6234,-1.0369062,-4.048289,5.0,B07XFBBLT3
umap,10000,6235,2.992028,2.0565853,5.0,B01FHRL3WE
umap,10000,6236,4.446093,-0.0217198,5.0,B09ZP4G7C8
umap,10000,6237,3.8937929,0.653814,1.0,B096RLH6YY
umap,10000,6238,1.5129713,1.1952357,5.0,B0856WDDJB
umap,10000,6239,-1.364508,5.3502235,5.0,B07FY19B4Q
umap,10000,6240,0.41591448,0.9521634,5.0,B084SPVTKZ
umap,10000,6241,-0.2664031,-5.581358,5.0,B07R8PR5YZ
umap,10000,6242,2.9744253,-4.8462653,5.0,B07VVJM82L
umap,10000,6243,3.3137925,0.11584488,1.0,B07ZNPPXN6
umap,10000,6244,-0.4713787,-3.509265,5.0,B07SGSXF95
umap,10000,6245,1.258195,0.82004285,5.0,B07PF9PWM3
umap,10000,6246,0.38987353,4.909748,5.0,B07V5DDC7R
umap,10000,6247,0.24563633,0.697133,5.0,B07P6DW1RB
umap,10000,6248,2.4517393,-1.1121705,1.0,B017LSIXDE
umap,10000,6249,0.037727095,-4.9614406,5.0,B00WW8M9D4
umap,10000,6250,-1.2604777,-4.576555,1.0,B07T99Q9PC
umap,10000,6251,3.7677767,0.65646166,5.0,B072ML61NW
umap,10000,6252,2.360712,2.540262,5.0,B01N44JBS4
umap,10000,6253,-1.1745015,1.8569646,5.0,B00C4P6AKS
umap,10000,6254,4.119186,1.8140527,5.0,B09ZNNX5X5
umap,10000,6255,4.328881,3.1762528,5.0,B0753G7SJ5
umap,10000,6256,1.8349249,3.9344494,5.0,B06XCNLLMQ
umap,10000,6257,2.3080263,-1.6625627,5.0,B071J21DWK
umap,10000,6258,3.5578732,1.9038072,5.0,B0BL98C1RC
umap,10000,6259,-2.861432,3.065059,2.0,B09PHC5TTW
umap,10000,6260,0.97818375,-2.7755744,1.0,B089LMWJJB
umap,10000,6261,2.4207747,2.34419,5.0,B07Z3ZF5NG
umap,10000,6262,2.9242587,2.1520357,5.0,B07VKM5R3G
umap,10000,6263,3.1266406,1.9932652,5.0,B07R7NNPMR
umap,10000,6264,-2.7686927,1.5807123,1.0,B01KPB7G1E
umap,10000,6265,2.3578675,-2.0640037,4.0,B07S2ZB67N
umap,10000,6266,1.1834164,4.1332774,5.0,B07BSVLHYD
umap,10000,6267,1.5318431,0.009685117,4.0,B00U87A5FU
umap,10000,6268,-0.57057285,-3.968519,5.0,B06XD9T2T5
umap,10000,6269,1.4260159,-2.549107,4.0,B0778TZKXR
umap,10000,6270,-0.7449214,-3.992315,4.0,B00KVJ4OI4
umap,10000,6271,1.4375176,1.1064993,5.0,B0C3HNDTW1
umap,10000,6272,3.4683702,1.2256566,5.0,B0C5PHZ4QS
umap,10000,6273,2.2559557,-1.9898777,5.0,B07JZCJBNX
umap,10000,6274,0.12803234,0.95353436,4.0,B075FLJ87G
umap,10000,6275,0.8678337,4.410328,2.0,B00E5NOWTS
umap,10000,6276,-0.7829752,0.51429945,3.0,B0052Q4Q5M
umap,10000,6277,0.12505649,-5.496839,3.0,B07BYR66X6
umap,10000,6278,0.43416744,4.0287166,3.0,B00E5NOXM4
umap,10000,6279,1.5994639,-1.9116262,4.0,B0089W5Q1O
umap,10000,6280,-0.51174796,-2.9958851,1.0,B0BXYXD1Q2
umap,10000,6281,-1.7289594,0.7989516,1.0,B00F2ENYPC
umap,10000,6282,0.5794212,-0.9765153,1.0,B00483WRZ6
umap,10000,6283,0.24131382,2.803549,2.0,B00CYZYKXW
umap,10000,6284,-1.1668407,0.7441535,3.0,B007JTKLEK
umap,10000,6285,-0.12521933,-5.2942476,2.0,B005PUZO92
umap,10000,6286,1.6797302,-0.60429466,4.0,B00461DNTO
umap,10000,6287,2.9329576,0.58113587,1.0,B084H2NHNN
umap,10000,6288,-1.0441096,4.8627324,5.0,B08HRLQNY3
umap,10000,6289,5.459021,4.5095835,5.0,B0742N5RFR
umap,10000,6290,-2.5644796,1.4718971,5.0,B074RYRX52
umap,10000,6291,3.2518392,1.6887076,1.0,B01LXQXUCU
umap,10000,6292,0.53694934,3.5615842,5.0,B09ND8GVKN
umap,10000,6293,3.9485037,0.7385966,5.0,B07V8KGH65
umap,10000,6294,2.8720737,-1.52077,5.0,B073QV3XFQ
umap,10000,6295,1.3397521,3.1651652,5.0,B07J3MJ33Y
umap,10000,6296,-2.9889338,0.75152665,5.0,B008NCD1OY
umap,10000,6297,-0.5935858,-0.5206156,5.0,B01MR3BFVP
umap,10000,6298,0.34075314,4.613514,5.0,B00EYDTA3W
umap,10000,6299,0.2384792,4.1198187,5.0,B004QIPH5U
umap,10000,6300,6.0575347,-1.8364556,5.0,B005HQ5138
umap,10000,6301,1.8675854,-0.050987113,5.0,B00OCBSASM
umap,10000,6302,1.6450337,-0.72959566,5.0,B0C2VGGZFR
umap,10000,6303,-1.787533,-1.8172593,5.0,B008GVOVK0
umap,10000,6304,0.15665717,-5.1669683,5.0,B07S764D9V
umap,10000,6305,2.7730973,1.0502008,1.0,B0BS6KLLT1
umap,10000,6306,-0.040942017,-5.0924535,5.0,B00FOHDK7O
umap,10000,6307,-1.534193,-1.2496024,5.0,B07DLP63DT
umap,10000,6308,-0.56245214,-0.6343688,5.0,B008O5112Y
umap,10000,6309,2.939774,1.2776418,2.0,B00DK3D2EA
umap,10000,6310,1.8446518,-0.7293295,5.0,B004HFS6Z0
umap,10000,6311,-0.91805506,-4.1554556,5.0,B088XTSGWR
umap,10000,6312,2.8181772,0.67979527,5.0,B0836H465T
umap,10000,6313,-1.8035214,-0.82397693,5.0,B08SQ9XWC4
umap,10000,6314,-3.6590035,-3.2932436,1.0,B07GZFM1ZM
umap,10000,6315,0.33593184,4.685867,5.0,B0777SJZ55
umap,10000,6316,4.017665,2.007291,5.0,B004L0JI94
umap,10000,6317,5.4571238,4.4985375,5.0,B00DC1YO1K
umap,10000,6318,-2.7901673,0.116331,5.0,B0C1ZSQL2V
umap,10000,6319,-3.3415158,-0.118378624,5.0,B079BZQ987
umap,10000,6320,5.1693797,4.4589324,5.0,B09F8SSSHK
umap,10000,6321,1.755768,-1.1094779,1.0,B0C3ZV9NNY
umap,10000,6322,2.9737186,2.0391202,5.0,B004YE6XBS
umap,10000,6323,4.798753,0.89469403,5.0,B075BMG6CT
umap,10000,6324,5.0805516,2.257174,1.0,B007O5HI7M
umap,10000,6325,2.2687979,3.6191282,4.0,B07X3GQT7V
umap,10000,6326,2.3793516,-1.8316987,4.0,B0BZK3HGPS
umap,10000,6327,-3.0456274,-1.7971017,4.0,B07JZYL38K
umap,10000,6328,2.5123599,3.8241148,4.0,B07VM4W41Q
umap,10000,6329,0.6771355,-2.2444043,3.0,B09G3CL3Y3
umap,10000,6330,3.08556,0.6678526,3.0,B001FWYGJS
umap,10000,6331,6.7521143,1.2656071,4.0,B0066HA1PU
umap,10000,6332,2.3319821,1.7457094,5.0,B089GP6PHV
umap,10000,6333,1.9844266,1.634521,5.0,B07DPC98DT
umap,10000,6334,2.201993,-2.011646,5.0,B06XW7D58S
umap,10000,6335,7.2484117,3.0579445,5.0,B01KT301YC
umap,10000,6336,3.1245992,3.733281,3.0,B08CN3WR3F
umap,10000,6337,1.4857711,1.1163229,3.0,B08SW1Y799
umap,10000,6338,4.086414,1.7764715,4.0,B0897P3D5B
umap,10000,6339,2.3167462,1.7412045,1.0,B072HFCC2S
umap,10000,6340,5.018557,0.9855475,5.0,B00008VIJ4
umap,10000,6341,0.42734948,0.9084082,5.0,B00FJDUPX0
umap,10000,6342,5.3505096,3.144592,5.0,B00PB76GU0
umap,10000,6343,0.30299422,-4.9195743,1.0,B09KQC7Z4S
umap,10000,6344,-0.8386714,1.8746086,5.0,B09G2QNSLY
umap,10000,6345,1.5982685,-1.5393687,5.0,B079BWHNQH
umap,10000,6346,-2.8529875,0.54939014,5.0,B00N2ZDXW2
umap,10000,6347,3.5718064,1.4304425,4.0,B07GYQDDY3
umap,10000,6348,3.6940906,2.9760504,5.0,B075NCK9BH
umap,10000,6349,1.2271113,-2.419856,5.0,B0BNPL25Z9
umap,10000,6350,1.387203,4.092931,5.0,B01J2PSK9G
umap,10000,6351,1.4439957,3.17862,5.0,B00OQVZDJM
umap,10000,6352,1.2035371,3.8316238,5.0,B00HZV88TW
umap,10000,6353,-2.0731468,-1.6347833,5.0,B0791TX5P5
umap,10000,6354,-0.56613326,-3.7651424,4.0,B07RDFCJSX
umap,10000,6355,1.0532864,4.201102,5.0,B07PZ75YCR
umap,10000,6356,4.260131,3.795018,5.0,B00UVSJU4S
umap,10000,6357,-1.5308957,1.1096938,5.0,B09XFW1VGL
umap,10000,6358,-2.0580735,-1.6291368,5.0,B07F4P3JH7
umap,10000,6359,-2.0028887,-1.6695261,5.0,B075X8471B
umap,10000,6360,2.3716152,4.069141,5.0,B01A5JRJJK
umap,10000,6361,0.4613977,3.5642073,5.0,B08GFYXJ5G
umap,10000,6362,0.45631582,3.587014,1.0,B094X7HC69
umap,10000,6363,1.8286769,-1.2414438,5.0,B07WGPTZHR
umap,10000,6364,1.7666404,-1.3827842,5.0,B0BGS23YKX
umap,10000,6365,-2.0640202,1.3922981,5.0,B07LG5WBTS
umap,10000,6366,6.2353544,-1.5898829,5.0,B0B4SWZTZ1
umap,10000,6367,0.41527352,0.6217911,5.0,B077X1ZB7H
umap,10000,6368,6.099097,-1.3726834,5.0,B01FAR9OQI
umap,10000,6369,0.3308484,-0.4705128,5.0,B0BGDQG1NB
umap,10000,6370,3.0492902,1.3671958,4.0,B07RPB2LC2
umap,10000,6371,-2.6388285,-2.116592,5.0,B012Q066SG
umap,10000,6372,2.603828,3.2581034,4.0,B01594Q35W
umap,10000,6373,1.814307,1.8159049,2.0,B07DLGVJMQ
umap,10000,6374,4.180781,2.2645755,5.0,B094XJT82N
umap,10000,6375,5.838495,6.460839,5.0,B0B5HVBK4L
umap,10000,6376,1.4893371,1.034685,5.0,B0BV93KQZR
umap,10000,6377,6.840288,9.187202,5.0,B01LPR3TPO
umap,10000,6378,2.7808325,1.6944875,5.0,B082WNC4NK
umap,10000,6379,2.6301847,-1.2897371,5.0,B0948F131R
umap,10000,6380,6.839975,9.186893,5.0,B079BQSPDZ
umap,10000,6381,4.3655906,-1.5834963,5.0,B08XQC6DFY
umap,10000,6382,-0.9894003,-4.503254,5.0,B07G2D2YLR
umap,10000,6383,2.6632864,-1.353214,5.0,B097K3MMWF
umap,10000,6384,2.3981118,-0.77843356,5.0,B07X8CFT5C
umap,10000,6385,4.92276,4.259285,5.0,B07NZ2QFBC
umap,10000,6386,0.8763927,1.8788764,5.0,B0C4GLY4S2
umap,10000,6387,7.3973165,2.757492,5.0,B092QG9RW5
umap,10000,6388,0.74131745,1.8407985,5.0,B0C1GFZ8Z3
umap,10000,6389,-2.353481,1.582618,5.0,B089FWTFNX
umap,10000,6390,0.900145,1.8488688,5.0,B07S3259MB
umap,10000,6391,-0.9942993,1.9897742,5.0,B08RXCLS3D
umap,10000,6392,10.027192,5.778166,5.0,B0C6F2ZQ1X
umap,10000,6393,-2.5052094,1.5150768,5.0,B0BXDDY8TX
umap,10000,6394,4.8394375,3.6405995,5.0,B0BTVN2YTV
umap,10000,6395,2.3145525,-1.8288443,5.0,B01DN7NZPI
umap,10000,6396,1.2952831,2.217047,5.0,B0BL699P9K
umap,10000,6397,1.37682,-0.17130277,5.0,B071CLKMRT
umap,10000,6398,-1.8463874,3.1877327,5.0,B007G5NNOW
umap,10000,6399,-2.166283,1.7775187,5.0,B0CFWKNNJK
umap,10000,6400,4.1917048,1.5421915,5.0,B08QVJNJBJ
umap,10000,6401,3.1869001,0.7182652,5.0,B0BSMGWD3Z
umap,10000,6402,5.8320184,6.452554,5.0,B0C6LKF6T3
umap,10000,6403,4.9148397,2.1961317,5.0,B0C2VZS9YP
umap,10000,6404,1.3030378,1.7316053,5.0,B0871ZF33N
umap,10000,6405,0.4416649,1.6502988,5.0,B08DKD8RNG
umap,10000,6406,2.3876963,2.8214414,5.0,B0C99B47P2
umap,10000,6407,6.701307,2.7404163,5.0,B09N42GVF7
umap,10000,6408,2.6258001,2.2998738,5.0,B078NNDXTG
umap,10000,6409,2.598726,2.1975172,5.0,B0BMQJYLQV
umap,10000,6410,1.5581083,-0.38089266,5.0,B0CCBVT73Z
umap,10000,6411,0.35557285,2.051441,5.0,B07H8PKR21
umap,10000,6412,2.071978,1.7096086,5.0,B089ZSGXX3
umap,10000,6413,0.83242726,3.5484574,2.0,B092K1Z84G
umap,10000,6414,0.25308785,4.0672255,5.0,B06Y5HFTMY
umap,10000,6415,12.538389,-11.277877,5.0,B01MTDB1GJ
umap,10000,6416,3.0789115,-4.954716,5.0,B0C1NTC6M1
umap,10000,6417,4.893741,2.2669382,5.0,B0BQ5JTZ89
umap,10000,6418,4.4431443,2.004257,5.0,B09M3BZYVP
umap,10000,6419,4.3925204,3.7319553,5.0,B07V3FWFQG
umap,10000,6420,7.26676,4.0322056,5.0,B07JHDJ11B
umap,10000,6421,2.2795904,2.1491272,5.0,B0B2D3YB5N
umap,10000,6422,2.2655723,1.7292188,5.0,B0BSMH71XL
umap,10000,6423,-0.25590685,-3.5553901,5.0,B07CZ6DCZ7
umap,10000,6424,2.0382717,1.6675075,5.0,B07BDR5PDW
umap,10000,6425,3.4333873,0.31593743,5.0,B071HVYGNJ
umap,10000,6426,4.2375174,3.2316792,5.0,B01N22LFPL
umap,10000,6427,5.012024,3.6174772,5.0,B07N1RYQ5Y
umap,10000,6428,0.83495384,-2.3171654,5.0,B01MG4DIDO
umap,10000,6429,2.3281922,-1.8874761,5.0,B0BHZ1GDVT
umap,10000,6430,0.7501584,0.78610325,5.0,B0BN74ZJDK
umap,10000,6431,3.440217,0.24799801,5.0,B01N58WYS7
umap,10000,6432,5.838523,6.4609604,5.0,B0BGCDYQQY
umap,10000,6433,-1.6137956,-1.1465061,5.0,B0B3SS4533
umap,10000,6434,8.702042,5.693071,5.0,B07GVWH35S
umap,10000,6435,-1.7743351,-0.80213875,5.0,B07BFTKJQN
umap,10000,6436,1.0482377,2.4152677,5.0,B09ST61M6Y
umap,10000,6437,1.416099,1.7487097,5.0,B0735BP1K4
umap,10000,6438,-2.023089,1.5755168,5.0,B07L9125V8
umap,10000,6439,0.003883592,-3.8407867,5.0,B07S7D2HWZ
umap,10000,6440,0.83307624,-1.9721797,5.0,B071R715MZ
umap,10000,6441,2.245681,2.124356,5.0,B07V7WRCCR
umap,10000,6442,-0.22373359,0.89825445,5.0,B0BBMN8HMM
umap,10000,6443,3.43411,0.33093783,5.0,B076WXJPQ1
umap,10000,6444,0.8044953,1.8674396,5.0,B073W74WR8
umap,10000,6445,5.0408382,1.5571357,5.0,B07GKNV5DC
umap,10000,6446,2.4440072,-1.7953105,5.0,B01D5RGZBC
umap,10000,6447,2.758764,2.8925862,5.0,B01G4T07IK
umap,10000,6448,2.1330662,1.6885855,5.0,B076VKZQ67
umap,10000,6449,2.5940495,3.041884,5.0,B0BDWN4RHW
umap,10000,6450,2.2815595,-1.821443,5.0,B0B28D16NX
umap,10000,6451,0.59054863,0.5558849,5.0,B01EMQ00UM
umap,10000,6452,4.765103,2.4249887,5.0,B01FN9QT34
umap,10000,6453,4.2813835,3.8164756,5.0,B07ZHY844C
umap,10000,6454,2.4460871,4.041815,5.0,B07Z9J861F
umap,10000,6455,4.277641,3.8153315,5.0,B003TZM6AK
umap,10000,6456,4.282903,3.8313305,5.0,B0BGNG1294
umap,10000,6457,4.274435,3.8122473,5.0,B0BHWQ3H17
umap,10000,6458,8.682893,5.6396756,5.0,B07WFQHWC6
umap,10000,6459,4.2821383,3.8242452,5.0,B0BKLGCC9S
umap,10000,6460,6.8400927,9.187066,5.0,B0713RRZMB
umap,10000,6461,1.9570616,1.1011819,5.0,B076MYJ3JF
umap,10000,6462,4.2746105,3.8370023,5.0,B07VFBX16H
umap,10000,6463,8.703345,5.6894917,5.0,B0BMQJYLQV
umap,10000,6464,1.5136365,0.94880664,5.0,B0997YZWNG
umap,10000,6465,4.7538505,2.3775377,5.0,B09N42GVF7
umap,10000,6466,4.3551764,-1.5834838,5.0,B078MWHS6H
umap,10000,6467,1.1069187,1.8437829,5.0,B0BNQ8W8W3
umap,10000,6468,1.4491183,0.87609625,5.0,B01N1U2GL2
umap,10000,6469,4.259911,3.8451982,5.0,B0BSFNSN8H
umap,10000,6470,-0.4806281,0.27358532,5.0,B098VHF5X1
umap,10000,6471,1.3877329,0.98967063,5.0,B0754QFYN3
umap,10000,6472,5.0543413,3.7129748,5.0,B07MC2ZSNY
umap,10000,6473,1.1726654,1.6750604,5.0,B01EFPX9XA
umap,10000,6474,1.9318777,1.6604494,5.0,B001QLFNCC
umap,10000,6475,3.8314204,0.63831884,5.0,B06XYS6ZX3
umap,10000,6476,5.8386583,6.4614463,5.0,B06XHY5VXF
umap,10000,6477,2.6333163,3.3032892,5.0,B00T38OHQ8
umap,10000,6478,2.5297077,2.5427573,5.0,B0C6FJFRJG
umap,10000,6479,-0.6292867,-4.711446,5.0,B01J54NLOI
umap,10000,6480,0.42737842,-5.033684,5.0,B01A5D5XF8
umap,10000,6481,1.8515399,-0.18336263,5.0,B071X8NZF8
umap,10000,6482,2.4124155,2.7921786,4.0,B01LWLK5CS
umap,10000,6483,8.703067,5.6895833,5.0,B07CM82N2N
umap,10000,6484,-2.3474765,1.6232617,5.0,B0BHFGL8H8
umap,10000,6485,4.996248,1.630868,5.0,B00L1UEZS6
umap,10000,6486,6.702224,2.7373106,5.0,B07GF2ZR8G
umap,10000,6487,4.941527,1.6270388,5.0,B01E3QM34W
umap,10000,6488,4.348401,3.759102,5.0,B07DK988T5
umap,10000,6489,-0.97312284,-0.992081,5.0,B091BD9T1Z
umap,10000,6490,-0.7250805,3.6567082,5.0,B005972X3Q
umap,10000,6491,-0.5420579,2.577542,4.0,B004ZKXXAK
umap,10000,6492,-2.0811956,-1.6816415,5.0,B00CX5P8FC
umap,10000,6493,0.44639167,4.028717,4.0,B01HHURN3W
umap,10000,6494,-2.0440128,-2.4016109,5.0,B0029U2XH2
umap,10000,6495,0.27726758,4.8402066,5.0,B01D9LJ0YI
umap,10000,6496,3.0813446,-4.9285674,3.0,B01DBT9XB8
umap,10000,6497,0.15867078,4.21073,5.0,B01D1NUDJK
umap,10000,6498,-0.60405886,3.7075775,5.0,B008AT6YGM
umap,10000,6499,-0.04271313,1.515252,5.0,B000WYVBR0
umap,10000,6500,-0.67436886,-0.59090656,5.0,B002R0JJYE
umap,10000,6501,-3.3584676,-1.5690763,5.0,B0002Z45DQ
umap,10000,6502,-1.3136523,-1.3084191,5.0,B001U3YK52
umap,10000,6503,-1.0386772,-3.9669394,1.0,B000XVM22U
umap,10000,6504,-0.49955377,-3.0608008,5.0,B000P6H7Y6
umap,10000,6505,0.23908111,-5.1061563,2.0,B00UWV8JLY
umap,10000,6506,-1.4561261,-1.2687088,5.0,B000RO7G6A
umap,10000,6507,-1.2828523,-1.3100003,5.0,B000PNPCH8
umap,10000,6508,-0.4953066,-3.619897,4.0,B0BVBFPD2X
umap,10000,6509,4.930976,3.4702992,3.0,B07DZTPQBX
umap,10000,6510,3.726541,3.9176774,5.0,B09XMHMQ6B
umap,10000,6511,-0.06198111,1.4219846,5.0,B0B5153M52
umap,10000,6512,-1.259893,-1.8639562,5.0,B087JF29BN
umap,10000,6513,4.595037,1.6117492,4.0,B0BW4PFM58
umap,10000,6514,2.690015,1.6019988,4.0,B01LYECH38
umap,10000,6515,-1.9049474,-1.5358021,4.0,B075JZNHTD
umap,10000,6516,2.7531044,2.7928393,4.0,B000067REN
umap,10000,6517,3.9693663,0.65115154,5.0,B09VDHXD8V
umap,10000,6518,-0.5759789,-4.3068295,5.0,B09Y4HCRLM
umap,10000,6519,-0.14097342,-2.8624654,1.0,B005C841OG
umap,10000,6520,1.9739212,2.3226054,4.0,B0166DXRJK
umap,10000,6521,2.5258079,-1.7824544,4.0,B07GPGVYGX
umap,10000,6522,0.27611202,-4.623412,5.0,B09VC5JFQQ
umap,10000,6523,3.0884569,3.8565507,5.0,B0BV2RGLX1
umap,10000,6524,-2.2555711,1.6640451,5.0,B0B1X7RC1B
umap,10000,6525,0.18492495,3.2131991,2.0,B0742N15FW
umap,10000,6526,-1.570444,-3.7570467,5.0,B09SGVQTCB
umap,10000,6527,-1.8515074,1.4633867,5.0,B09S6D9JVV
umap,10000,6528,-1.1211711,-4.606406,5.0,B09NL2ZWKQ
umap,10000,6529,-1.8722007,1.24382,5.0,B09LCFZZD3
umap,10000,6530,-1.3049058,0.8673621,3.0,B07LG5WBTS
umap,10000,6531,0.32921064,-1.4797665,5.0,B0054JE706
umap,10000,6532,-1.2752283,-4.1541343,5.0,B0B3GNJS9L
umap,10000,6533,-2.5974793,2.04218,5.0,B0B9625KDT
umap,10000,6534,0.49869198,-5.6247644,4.0,B07F6SN2B6
umap,10000,6535,-3.6895394,-3.3121915,5.0,B0991ZHK6P
umap,10000,6536,-2.6090257,1.2602242,5.0,B091PRCJ5Y
umap,10000,6537,0.32380843,2.8233898,5.0,B08LFYM64C
umap,10000,6538,-1.3241165,-4.185815,5.0,B08QZTSJMM
umap,10000,6539,-0.5816238,-5.155789,5.0,B0BQYQW5FM
umap,10000,6540,-1.3060519,-4.343436,5.0,B0B2K31HVM
umap,10000,6541,-0.38007173,-3.741304,5.0,B0C3KKZHBC
umap,10000,6542,-1.2526602,-4.0876174,5.0,B07G8N3PP1
umap,10000,6543,-1.376284,-4.2641935,5.0,B08KP8H1KW
umap,10000,6544,-3.037176,0.88152164,5.0,B08NP226CF
umap,10000,6545,-1.6719129,-3.6198578,5.0,B0B7HM1NQF
umap,10000,6546,-3.541473,-3.5433152,4.0,B08DMXDPW5
umap,10000,6547,-1.1031877,-4.782266,5.0,B08JVBMDY4
umap,10000,6548,1.6557335,-2.0040896,5.0,B0B4DCFYF9
umap,10000,6549,1.106674,-2.1893013,5.0,B08593Y8S9
umap,10000,6550,2.8150034,-1.5038875,4.0,B0C4CBWNMK
umap,10000,6551,1.612261,-1.8616929,5.0,B0C3ZV9NNY
umap,10000,6552,-1.5796705,-0.01910597,5.0,B0875QK1PN
umap,10000,6553,-2.5989168,1.7165838,5.0,B096K4MF5V
umap,10000,6554,-2.683344,2.419565,5.0,B07Y81J93G
umap,10000,6555,0.38468277,4.850967,5.0,B0788GR6PT
umap,10000,6556,-1.6167507,-3.6011527,5.0,B0BYRZKDQ9
umap,10000,6557,-1.6551536,-0.14585353,5.0,B0C1B8VYNY
umap,10000,6558,4.331081,-1.640064,4.0,B07WGNY5S1
umap,10000,6559,0.3173027,-1.0807798,5.0,B0B6PKJD93
umap,10000,6560,-0.18635543,-0.98402655,5.0,B07W6THQQZ
umap,10000,6561,-2.4538515,1.0597697,5.0,B087986YPY
umap,10000,6562,-3.6764784,-3.330432,4.0,B07H65KP63
umap,10000,6563,2.0892289,-1.9290478,5.0,B08Y961HLL
umap,10000,6564,-1.8946222,-1.607193,5.0,B07WSB9QGD
umap,10000,6565,-0.057941657,-4.685998,5.0,B09F3RBZB6
umap,10000,6566,3.4041085,-0.6012971,2.0,B07P1KFDVS
umap,10000,6567,-3.2804143,-1.5340154,5.0,B09J2LT45L
umap,10000,6568,-2.2087395,1.7686485,5.0,B07WZCJLHF
umap,10000,6569,-1.061638,3.7514164,5.0,B07QP1JGRF
umap,10000,6570,2.0583117,-2.095041,4.0,B00E1XGKLK
umap,10000,6571,-1.4801557,2.241271,5.0,B08XQJYK1L
umap,10000,6572,0.7544283,3.5974562,5.0,B0742LGP6C
umap,10000,6573,-0.99440116,-3.0274315,5.0,B07WV9FDD2
umap,10000,6574,2.7119353,-1.5253221,5.0,B0BRKGSJKH
umap,10000,6575,0.044568334,-5.393414,5.0,B07VM6NPKV
umap,10000,6576,1.3882221,0.8971564,5.0,B0BB6TYK7V
umap,10000,6577,0.6967222,3.2705905,3.0,B0792513F4
umap,10000,6578,-3.230692,2.1870255,5.0,B07SNDF84W
umap,10000,6579,-4.0791545,0.92214346,5.0,B07VY21RSF
umap,10000,6580,-1.6933229,1.5248183,5.0,B071R715MZ
umap,10000,6581,-0.7449175,-0.6896676,5.0,B07SL4Z4HD
umap,10000,6582,-4.070969,0.4787958,5.0,B07KL16YXB
umap,10000,6583,0.026214847,-5.3845167,5.0,B07P5Y2R1R
umap,10000,6584,-0.9056643,-3.7614548,5.0,B07JLGNDWF
umap,10000,6585,-0.3752103,-3.2675226,5.0,B07GB4ZD16
umap,10000,6586,-1.972053,-1.6026932,5.0,B07F1F7T7V
umap,10000,6587,-1.1727314,-4.043509,5.0,B09HCFHR8C
umap,10000,6588,-0.38796204,-3.2480822,5.0,B07DGGJZN2
umap,10000,6589,0.07473328,-3.8916814,5.0,B07JKG8V4Q
umap,10000,6590,-1.2731247,0.8411787,4.0,B073JWXGNT
umap,10000,6591,1.0479602,-1.8876866,3.0,B0B636J9N2
umap,10000,6592,3.476184,0.15752868,5.0,B09D7NN6YZ
umap,10000,6593,-0.20227143,-4.744601,5.0,B084RT6GF7
umap,10000,6594,0.76781297,-5.3433366,4.0,B07SXS4SLR
umap,10000,6595,2.9548757,0.7459485,1.0,B09K7JMBYK
umap,10000,6596,3.051492,-4.874296,5.0,B01MQVXPSU
umap,10000,6597,4.198534,-1.5493482,5.0,B08BLSF473
umap,10000,6598,-1.4803116,-1.1761067,1.0,B00FQEUD4I
umap,10000,6599,-0.26280624,4.087935,3.0,B00K0QLI6Y
umap,10000,6600,-4.020208,-1.6680212,3.0,B000W8UIZW
umap,10000,6601,-1.3819058,-1.8783993,3.0,B0071O4ETQ
umap,10000,6602,0.0638893,4.0636253,5.0,B07R2N71B8
umap,10000,6603,2.2152967,-2.0508432,5.0,B00BVKH1L4
umap,10000,6604,-0.15172072,-1.4734623,5.0,B004O0UGRO
umap,10000,6605,-1.2274395,0.86118495,5.0,B001CQT0X4
umap,10000,6606,-3.1295238,-1.6793847,5.0,B002WBX9C6
umap,10000,6607,-1.3636961,-1.9927385,1.0,B0038JECKY
umap,10000,6608,0.21330386,4.106909,5.0,B0040RT4S8
umap,10000,6609,-3.0988326,-1.2443151,3.0,B07VTK654B
umap,10000,6610,1.5810314,1.7667139,5.0,B07456BG8N
umap,10000,6611,1.7012305,3.7811103,5.0,B06XSGYL1Q
umap,10000,6612,5.243609,3.5508873,5.0,B01KBEOL5E
umap,10000,6613,-0.21692707,3.140265,4.0,B00WET4CA4
umap,10000,6614,-2.722655,-0.088849016,3.0,B0C2V2XLWP
umap,10000,6615,3.3691006,1.2853829,1.0,B07Q38SCGL
umap,10000,6616,-1.0331777,2.0315106,5.0,B07KTYJ769
umap,10000,6617,0.45771283,-0.38062745,1.0,B093CK9JZ6
umap,10000,6618,-2.0665429,-2.243167,4.0,B06XWD7457
umap,10000,6619,0.6044549,-5.3196607,5.0,B08FX6FB1S
umap,10000,6620,0.8268054,3.2017348,5.0,B07K9KQC1F
umap,10000,6621,1.7743872,1.1882772,5.0,B00PUBDKR4
umap,10000,6622,5.4514832,4.4983077,4.0,B00FG7N3F6
umap,10000,6623,1.0981439,3.9931316,5.0,B07W65V76B
umap,10000,6624,0.8956935,3.0074759,1.0,B075LX7S6B
umap,10000,6625,0.9868077,2.6136847,3.0,B01MTF2Z37
umap,10000,6626,0.38978136,-5.388602,1.0,B01GAF5EIQ
umap,10000,6627,-1.3197339,-3.2688918,5.0,B07K4ZZJCV
umap,10000,6628,1.4253414,3.211156,5.0,B00825BZUY
umap,10000,6629,1.4463642,3.1857257,5.0,B008682C9U
umap,10000,6630,-1.8822081,1.6888678,5.0,B09XFW1VGL
umap,10000,6631,-1.4107015,-3.3767352,5.0,B07DQCDY9M
umap,10000,6632,-1.3215894,-1.4417062,5.0,B09HJMC3T3
umap,10000,6633,1.3856328,3.231199,5.0,B07N8VFFNS
umap,10000,6634,0.93568647,2.646592,5.0,B07P374FF3
umap,10000,6635,7.25877,2.8351145,5.0,B07L5L1M23
umap,10000,6636,-0.8044666,-0.54931945,5.0,B01MTF2Z37
umap,10000,6637,-0.7984548,-1.8054638,5.0,B0186E64EC
umap,10000,6638,2.2276511,-1.0274442,5.0,B01ASWH5KW
umap,10000,6639,-2.081764,-2.1864448,5.0,B017JEF126
umap,10000,6640,-3.5214393,-3.5934126,4.0,B01K8B8YA8
umap,10000,6641,3.0931551,-4.888306,5.0,B01BDX9Q6Q
umap,10000,6642,1.3619972,3.225055,4.0,B010BWYDYA
umap,10000,6643,1.5660181,-0.54016536,4.0,B005BSKKGU
umap,10000,6644,1.756141,-1.852837,4.0,B01580BPU0
umap,10000,6645,0.83309793,-2.315433,5.0,B09H62C3T4
umap,10000,6646,0.47556272,-1.5807657,2.0,B0C4Y7WNT4
umap,10000,6647,2.8341532,0.68254834,1.0,B0B8W72ZG6
umap,10000,6648,1.8839206,0.35739437,1.0,B089M9S2PW
umap,10000,6649,2.2588773,2.2523232,1.0,B0BN7GFQR2
umap,10000,6650,6.0835953,-1.6929172,2.0,B07FCHTPJ4
umap,10000,6651,-2.4719627,1.249531,1.0,B07FRHLLSC
umap,10000,6652,4.2757025,3.65481,5.0,B01FH8V422
umap,10000,6653,3.338812,2.3947623,2.0,0544005031
umap,10000,6654,0.020506097,-5.039132,5.0,B08XPWDSWW
umap,10000,6655,0.42547855,4.0207915,5.0,B01AFSD4ZY
umap,10000,6656,-3.7262833,-3.322544,5.0,B07456BG8N
umap,10000,6657,0.52102816,0.49691266,5.0,B072C4KCQH
umap,10000,6658,3.9615598,0.6277044,5.0,B08XNCHTCY
umap,10000,6659,-1.701586,-3.183797,5.0,B08GYSSGG4
umap,10000,6660,3.098947,1.2391679,2.0,B000MXWSWI
umap,10000,6661,-2.0697336,-2.3985243,5.0,B01CKE0HUG
umap,10000,6662,1.1821074,4.1056476,5.0,B007T356BO
umap,10000,6663,1.1081448,4.021832,5.0,B08HPXBKGR
umap,10000,6664,-1.4522511,4.977424,4.0,B073P5S7KG
umap,10000,6665,-0.4486101,-4.8145585,5.0,B0BL5YHZPC
umap,10000,6666,2.264335,-1.8702083,5.0,B0C2R4513L
umap,10000,6667,2.4513137,-1.6337186,5.0,B08Y961HLL
umap,10000,6668,2.8957639,2.074126,4.0,B01K8B8YA8
umap,10000,6669,1.6057851,-0.95295405,5.0,B000EVS4YE
umap,10000,6670,-1.6782343,-0.14459035,5.0,B0BGNG1294
umap,10000,6671,0.5350602,0.7660722,5.0,B0B6D4W3R7
umap,10000,6672,3.5238807,2.5179315,5.0,B0C1FND41H
umap,10000,6673,0.48100734,-1.5141226,5.0,B06XN5KP8G
umap,10000,6674,1.4615927,2.1389153,5.0,B0841FLXW3
umap,10000,6675,-1.4110149,-4.305396,5.0,B0BG4NT7KZ
umap,10000,6676,1.9312592,-0.52135795,5.0,B00TOVTZ7K
umap,10000,6677,3.2146776,3.110238,5.0,B01EZ0ATM4
umap,10000,6678,7.5735216,4.3620067,5.0,B0039BPG1K
umap,10000,6679,2.5964077,-1.5647413,1.0,B07G95FFN3
umap,10000,6680,-3.7337058,0.86710227,5.0,B0829CM79J
umap,10000,6681,-0.58016694,2.4773662,3.0,B003VANO7C
umap,10000,6682,-1.5507709,-3.1537256,5.0,B004T0B8O4
umap,10000,6683,4.2033916,1.5446832,5.0,B01FV7Z1R8
umap,10000,6684,3.5357661,1.5405643,5.0,B00N41UTCG
umap,10000,6685,-2.173614,3.0926073,5.0,B06VSBV1JM
umap,10000,6686,1.644342,2.4534812,5.0,B078GM723Q
umap,10000,6687,-2.1307936,3.438858,5.0,B01EWBJ5RQ
umap,10000,6688,-2.7526922,2.7424912,5.0,B004UBNIMC
umap,10000,6689,-2.5120053,0.2503926,5.0,B07N8VLGGV
umap,10000,6690,1.3667843,-1.5244321,5.0,B075JY867R
umap,10000,6691,-0.66637105,-1.695334,5.0,B0C717RBB5
umap,10000,6692,3.8545942,0.9912169,5.0,B019MDJURE
umap,10000,6693,-1.33408,-4.104712,5.0,B0BW4PFM58
umap,10000,6694,0.41780356,3.7148905,5.0,B0BPMNM5J3
umap,10000,6695,0.5949041,-4.6467237,3.0,B005BT2KJE
umap,10000,6696,-0.6525112,0.2967355,2.0,B003UI62AG
umap,10000,6697,5.012554,1.6471326,5.0,B07ZCVQQ52
umap,10000,6698,7.353126,2.7223434,4.0,B007SYTQKG
umap,10000,6699,-1.1073536,5.1281586,5.0,B077Y84XBW
umap,10000,6700,-0.23520912,-0.9013818,5.0,B0B4W1TMNL
umap,10000,6701,0.75087845,-5.0878534,5.0,B07G3HYDJQ
umap,10000,6702,0.22409353,0.6017112,5.0,B07GDXCJLM
umap,10000,6703,0.9350923,-0.14700049,5.0,B01FRWONKI
umap,10000,6704,-0.2633435,1.5856302,5.0,B075ZQ37HX
umap,10000,6705,2.3365157,2.494292,5.0,B072PZLZ25
umap,10000,6706,-0.052342694,0.668353,5.0,B08D72C25X
umap,10000,6707,0.17471543,0.75595564,5.0,B072BQGT4P
umap,10000,6708,-3.4739118,-1.525109,5.0,B015PRO512
umap,10000,6709,-1.4559349,1.5979233,5.0,B00KZP1BUI
umap,10000,6710,3.92529,1.3459806,5.0,B0BJGKZKV9
umap,10000,6711,-0.44855338,-4.144951,5.0,B07WWK9GYJ
umap,10000,6712,0.7507652,0.80365074,3.0,B06X42H9VZ
umap,10000,6713,0.40413418,4.3521724,1.0,B00GPAFHIO
umap,10000,6714,-3.6544077,-3.3881524,4.0,B01MQMJFDK
umap,10000,6715,2.9642916,-1.2453818,5.0,B08TY4HJ8L
umap,10000,6716,3.8637817,0.7499561,5.0,B07M87MHHD
umap,10000,6717,0.5815421,-5.2402105,5.0,B001Z0OFBO
umap,10000,6718,4.2095475,-1.5484331,5.0,B0B8GXBY8T
umap,10000,6719,2.101216,-2.0339377,5.0,B0BJ6M972Z
umap,10000,6720,-0.3746631,-4.6083794,5.0,B08QHGXRHW
umap,10000,6721,0.1869769,-4.2545204,5.0,B01A09KCJ4
umap,10000,6722,2.0092776,3.1612375,5.0,B07QC4WTNC
umap,10000,6723,0.47098002,-4.960342,5.0,B0BZVGQ1M3
umap,10000,6724,-0.49251243,-3.4883525,4.0,B016NUTG5K
umap,10000,6725,2.6782224,1.9378717,4.0,B08XX49Y57
umap,10000,6726,4.9484487,1.1373807,5.0,B08CLNX58K
umap,10000,6727,0.14517908,2.497427,5.0,B07QL85PKS
umap,10000,6728,12.538319,-11.278578,4.0,B017DQXE3I
umap,10000,6729,3.954991,1.7725027,5.0,B016YVT9IW
umap,10000,6730,2.4995286,1.5588045,5.0,B01LWPGB6C
umap,10000,6731,5.8385596,6.4615393,5.0,B0002BESIM
umap,10000,6732,2.6425312,3.2821941,5.0,B07CLBNM1C
umap,10000,6733,-2.1426997,-0.9388738,5.0,B01AYH531O
umap,10000,6734,4.7677903,3.2517114,5.0,B0036WD5OC
umap,10000,6735,-0.9927206,-3.9211776,5.0,B07CPNR79C
umap,10000,6736,0.18579541,1.394329,3.0,B08ZF2Z7Y1
umap,10000,6737,-1.2916156,-1.9707825,5.0,B097QRSH31
umap,10000,6738,3.1625667,1.1979548,3.0,B0BW4PFM58
umap,10000,6739,-0.47548723,-1.8198372,1.0,B07G2C1N16
umap,10000,6740,2.9016316,0.41428587,1.0,B00HWML2I8
umap,10000,6741,8.3578825,5.8960247,4.0,B077JFK5YH
umap,10000,6742,3.7674036,3.0451767,5.0,B075X8471B
umap,10000,6743,6.896777,3.7598681,5.0,B09P4KJSTQ
umap,10000,6744,5.564334,4.637394,5.0,B09BZGJCGD
umap,10000,6745,4.964478,3.533824,2.0,B0079TOG82
umap,10000,6746,-0.44880736,2.4004714,1.0,B07RN5T3W4
umap,10000,6747,2.2206812,-1.9895449,5.0,B07NXTYXKK
umap,10000,6748,5.256337,3.5583498,5.0,B0000AI0N1
umap,10000,6749,-1.699672,-3.1672113,5.0,B07DN8G654
umap,10000,6750,0.09451429,1.7015346,5.0,B096M4G1H6
umap,10000,6751,3.4208102,1.8131062,5.0,B07KTYJ769
umap,10000,6752,-0.43614697,-0.7964201,5.0,B00Q20H3O8
umap,10000,6753,1.3561789,4.3334837,5.0,B07GK3LQVC
umap,10000,6754,1.2709054,3.1325219,5.0,B00D38XF6M
umap,10000,6755,1.2285526,3.878852,5.0,B01HHUMAYO
umap,10000,6756,2.9672573,0.71164817,1.0,B07G52NHBZ
umap,10000,6757,1.5290784,1.1203879,5.0,B000WYVBR0
umap,10000,6758,1.5874364,-0.3244065,5.0,B01B6SJ8HU
umap,10000,6759,3.2174184,0.96344465,1.0,B01LWRUX6B
umap,10000,6760,-4.064177,0.92621,5.0,B00TAEUMSM
umap,10000,6761,-1.8799913,-3.1611867,1.0,B01IRYARU8
umap,10000,6762,6.6342797,3.8067942,5.0,B00UOR9SES
umap,10000,6763,8.593768,5.7523875,1.0,B08925RBY3
umap,10000,6764,3.8958733,1.6161532,5.0,B01IU2X81C
umap,10000,6765,0.1720133,-4.6790957,5.0,B01IE4VQ7O
umap,10000,6766,5.455095,4.5074234,5.0,B000VADPHY
umap,10000,6767,3.6209772,-0.06765225,1.0,B09Y273HR1
umap,10000,6768,-1.3688297,5.1862087,5.0,B079PCYTVD
umap,10000,6769,3.2342408,2.2202919,5.0,B07QBPS1D9
umap,10000,6770,0.4004406,4.877386,5.0,B07L153XF4
umap,10000,6771,0.9312283,4.2891655,5.0,B0769WTJB5
umap,10000,6772,3.2781465,2.5886075,5.0,B00F19Q7YI
umap,10000,6773,-3.65103,1.3703598,5.0,B00GLJBTQ8
umap,10000,6774,3.2241533,2.8251264,5.0,B073J9QZLR
umap,10000,6775,0.32998642,4.890542,5.0,B01ISNY7EA
umap,10000,6776,-2.3361657,-1.6374265,5.0,B075XN1NZC
umap,10000,6777,0.92388046,2.6674075,5.0,B01AZ7LT20
umap,10000,6778,-3.3079178,2.2560093,5.0,B00VRLUTWA
umap,10000,6779,-3.326358,2.2124639,5.0,B08L4VBZ7Y
umap,10000,6780,-3.3151183,2.2093015,5.0,B074G884PQ
umap,10000,6781,3.5484104,2.7014039,5.0,B08R3D8R9W
umap,10000,6782,3.6044621,2.654678,5.0,B0756QHRK9
umap,10000,6783,3.0144174,1.7412285,5.0,B075X8471B
umap,10000,6784,-2.2285678,1.5344094,5.0,B07WMB4XS4
umap,10000,6785,-2.876848,-1.4866669,4.0,B00L0YLRUW
umap,10000,6786,1.0868105,3.3403404,4.0,B00DVBMFSU
umap,10000,6787,0.7561563,0.21520896,5.0,B08LJ6JVS2
umap,10000,6788,0.23839918,2.4428282,5.0,B086G2FCCG
umap,10000,6789,-0.9231114,4.872204,5.0,B08NZ26CXV
umap,10000,6790,0.55316275,4.317787,5.0,B083R8LPL7
umap,10000,6791,0.6470464,2.308759,5.0,B08DNNSCZR
umap,10000,6792,-1.8878398,-3.054579,3.0,B07F71NMQS
umap,10000,6793,-0.010921859,-3.7076209,3.0,B00NXE4N4Y
umap,10000,6794,1.5819268,-1.4782201,5.0,B0B12PXQYM
umap,10000,6795,3.7781007,0.6074205,5.0,B01M36DER8
umap,10000,6796,1.2381731,1.1700282,5.0,B09MTSLT2T
umap,10000,6797,2.0881176,-1.1020044,5.0,B000ALY22Q
umap,10000,6798,2.2989097,-1.1536312,5.0,B01K47BBB0
umap,10000,6799,2.3959157,-1.196572,5.0,B08SXQPZKF
umap,10000,6800,2.483281,4.0539412,5.0,B00E0I4UBS
umap,10000,6801,1.4862763,-0.38096058,5.0,B0BTYQQ62G
umap,10000,6802,1.2410576,1.2943515,5.0,B075X8471B
umap,10000,6803,-0.529592,4.669197,4.0,B000RPLMCI
umap,10000,6804,4.3439894,-1.6284341,5.0,B08XMGJ522
umap,10000,6805,-1.045329,-4.114095,2.0,B07XBX33N2
umap,10000,6806,0.12722836,-5.442092,1.0,B07H9NMYMY
umap,10000,6807,-3.2615547,2.1599903,5.0,B0169WO11G
umap,10000,6808,0.4816009,4.3131027,1.0,B00R8FPTOC
umap,10000,6809,0.43143737,1.6732855,4.0,B00VMH7PQM
umap,10000,6810,0.29068384,4.1515665,5.0,B07QZVNG2T
umap,10000,6811,0.80748445,-5.3656836,5.0,B01NBOPJW2
umap,10000,6812,-1.3115131,5.3246465,5.0,B018DR0OH0
umap,10000,6813,-3.7268786,0.7027442,4.0,B00SG3CWGS
umap,10000,6814,2.0161715,2.9541314,4.0,B00IKMLG3A
umap,10000,6815,5.4785843,4.515224,4.0,B075X8471B
umap,10000,6816,4.3518643,3.518912,4.0,B077XXNTCS
umap,10000,6817,3.0835996,1.1003582,4.0,B00ZVJAF9G
umap,10000,6818,-1.2072735,-4.3504705,4.0,B00V0923TG
umap,10000,6819,1.4125146,3.720809,5.0,B07S6QN4Q3
umap,10000,6820,1.4902253,-0.12813711,5.0,B078PFDHN4
umap,10000,6821,-1.4856265,-0.5054804,4.0,B07FDTCR9R
umap,10000,6822,-0.75916666,-0.642545,5.0,B015WCV70W
umap,10000,6823,-0.4088818,2.353117,2.0,B003VAHYNC
umap,10000,6824,0.47194943,-0.37572378,4.0,B08NW4W6WT
umap,10000,6825,4.5000362,1.8980675,5.0,B0184IC7VE
umap,10000,6826,4.477769,1.8969423,5.0,B017LSIXDE
umap,10000,6827,12.538588,-11.277902,5.0,B00EL94Z4I
umap,10000,6828,2.529495,3.9623187,5.0,B00EXCRPT0
umap,10000,6829,1.6528375,1.5926536,5.0,B01MTY7MSK
umap,10000,6830,1.6149266,1.0619344,5.0,B06XRG9QDV
umap,10000,6831,3.1695075,2.1058302,5.0,B09JQLTLG3
umap,10000,6832,1.8487195,2.2482965,5.0,B00FBJ04WO
umap,10000,6833,4.1125383,1.53688,5.0,B008I64J9G
umap,10000,6834,3.4611409,2.326636,5.0,B07BDQSYCD
umap,10000,6835,3.064099,2.0416331,5.0,B09NCBBB7P
umap,10000,6836,3.0956786,-1.2557552,5.0,B019C2WUIQ
umap,10000,6837,1.7492224,-0.60244983,2.0,B00NNDAFW4
umap,10000,6838,4.3357654,0.390961,4.0,B08934PYGP
umap,10000,6839,-0.5144789,2.5816693,3.0,B08G58HFTM
umap,10000,6840,0.28707048,3.7335613,5.0,B086GNR77J
umap,10000,6841,-3.3279328,-1.6571184,2.0,B00NZTL1Y2
umap,10000,6842,6.0922747,-1.627353,2.0,B07CLBNM1C
umap,10000,6843,-0.5675779,-4.0619025,5.0,B09MMWM2Y8
umap,10000,6844,2.3818247,2.4815571,4.0,B07CXF452P
umap,10000,6845,4.484765,3.6751156,5.0,B01LWP3001
umap,10000,6846,-1.6704376,-3.620989,3.0,B0BPLD4VK9
umap,10000,6847,4.3450665,3.8065479,5.0,B07C1M321K
umap,10000,6848,0.803175,-2.3314078,5.0,B088WK5XGD
umap,10000,6849,0.7031386,-2.2809567,5.0,B00O1RTQJE
umap,10000,6850,3.232251,1.3062971,5.0,B0BPN66WP7
umap,10000,6851,5.2548985,3.550993,5.0,B07FFTDLSL
umap,10000,6852,1.2830696,3.2829435,5.0,B07M66HC8K
umap,10000,6853,-2.7252061,-0.026622461,4.0,B07SJ2DFYG
umap,10000,6854,-2.1663725,-0.8729734,1.0,B07PYSGJ85
umap,10000,6855,-3.6332712,-3.481936,5.0,B07KTYJ769
umap,10000,6856,3.5905585,2.7742362,5.0,B07HZLHPKP
umap,10000,6857,3.2747526,1.9044726,5.0,B00KQNVQ6S
umap,10000,6858,-3.1239295,-1.3440163,5.0,B007IMPMW4
umap,10000,6859,1.8578717,2.0707815,5.0,B08SQ97LTP
umap,10000,6860,12.539446,-11.2776375,5.0,B013HZAZ90
umap,10000,6861,-1.4310706,3.152299,1.0,B00X53VN96
umap,10000,6862,-1.5718471,-1.4332268,5.0,B00BP5N498
umap,10000,6863,7.729678,2.5227363,5.0,B008RN04BM
umap,10000,6864,7.72822,2.525439,5.0,B007D5LY6O
umap,10000,6865,2.4901679,4.033288,5.0,B082QKGKVK
umap,10000,6866,2.3662717,0.76248765,5.0,B082X666WZ
umap,10000,6867,3.8770647,1.861996,5.0,B09G2RY9DV
umap,10000,6868,3.6417994,0.96523446,5.0,B082X666WZ
umap,10000,6869,3.8158607,1.8727053,5.0,B019DQ5PTM
umap,10000,6870,-0.5483018,2.8928566,5.0,B09HML29T7
umap,10000,6871,3.427616,1.7692188,5.0,B07MLV7TRJ
umap,10000,6872,4.9536552,0.91122,5.0,B00K8GZED4
umap,10000,6873,4.9100833,0.85569006,4.0,B01KFQB4ZI
umap,10000,6874,1.557655,-2.5072434,5.0,B00P060GNK
umap,10000,6875,0.18194577,-3.6945283,1.0,B00RBYN90G
umap,10000,6876,1.5968043,-2.5646458,5.0,B00KWR8ME2
umap,10000,6877,4.013747,2.42153,5.0,B00TTCZHWG
umap,10000,6878,-0.41638467,-4.673788,5.0,B00KWR8ME2
umap,10000,6879,4.1634746,-1.5086223,5.0,B01J9Y65DS
umap,10000,6880,-1.971955,1.9217952,5.0,B004YDL3C8
umap,10000,6881,-1.9618133,1.9523429,5.0,B005FNJ1Q6
umap,10000,6882,-1.9650627,1.921684,5.0,B007J3MO4G
umap,10000,6883,-1.9681479,1.9303653,5.0,B0054GEU7Y
umap,10000,6884,6.245953,-1.6404513,5.0,B00M8YKFN8
umap,10000,6885,1.4893013,3.246778,5.0,B00F6E8QL0
umap,10000,6886,2.5387638,2.910756,5.0,B00NFZH7K8
umap,10000,6887,-1.3380016,-0.12759282,5.0,B00BYHTK5Y
umap,10000,6888,2.0967722,3.3947566,5.0,B00DQZRNH4
umap,10000,6889,1.8189231,3.0831604,5.0,B00DQGIIM2
umap,10000,6890,6.221623,-1.7220678,5.0,B0085GULFA
umap,10000,6891,-1.0071927,-4.096326,5.0,B007WTWDV6
umap,10000,6892,0.42149898,-0.98250914,5.0,B0CCQHH8Z6
umap,10000,6893,-0.7060155,4.9433484,5.0,B00F5RZ8QO
umap,10000,6894,0.9068706,2.5795434,5.0,B00AFKCCSS
umap,10000,6895,3.5922706,2.7805164,5.0,B009EVGQVS
umap,10000,6896,2.1397104,-1.435488,5.0,B00BWF5U0M
umap,10000,6897,0.18742369,2.6761355,5.0,B00D39KXNO
umap,10000,6898,1.0908216,3.036175,5.0,B002GYWHSQ
umap,10000,6899,1.1581023,3.9657156,5.0,B00884RNKK
umap,10000,6900,6.0965843,-1.6843557,5.0,B002U0KE8Q
umap,10000,6901,1.197484,4.0453115,5.0,B008HK4J8O
umap,10000,6902,1.4433166,3.2122033,5.0,B0086829D4
umap,10000,6903,1.3265315,3.1642869,5.0,B009D7BJR4
umap,10000,6904,-2.0955029,1.7346603,5.0,B0000A0AEM
umap,10000,6905,2.8601184,2.350963,5.0,B099DJDGWJ
umap,10000,6906,-0.51631206,2.7719529,5.0,B004GNSGVW
umap,10000,6907,0.509917,-0.5536457,5.0,B07D1XGQHJ
umap,10000,6908,1.8987325,-1.9844172,5.0,B0B8Z16Y3N
umap,10000,6909,2.243891,-1.4008859,5.0,B006GWO5WK
umap,10000,6910,3.465562,1.3353075,5.0,B005DOK8NW
umap,10000,6911,2.4102485,-1.2121243,5.0,B006BGZJJ4
umap,10000,6912,1.3551167,-1.7618514,5.0,B006GWO5NE
umap,10000,6913,6.246573,-1.6564891,5.0,B0BVZZ36ZL
umap,10000,6914,0.85786474,3.4310956,5.0,B006ZT4VA0
umap,10000,6915,0.55558735,-4.6681266,5.0,B008HK3W1Y
umap,10000,6916,0.77398163,-2.1028214,4.0,B0BRK596NJ
umap,10000,6917,-5.0462,0.37792116,4.0,B0B74SVVGN
umap,10000,6918,-5.048251,0.35359886,4.0,B0BHFX8L75
umap,10000,6919,2.2286842,2.2807477,5.0,B00VTEIJK4
umap,10000,6920,-1.2440397,2.0318067,5.0,B0B3R5CQK9
umap,10000,6921,-1.2628399,2.1650407,5.0,B09SHQSNKY
umap,10000,6922,1.3581507,-1.8833866,5.0,B09W2D1PXG
umap,10000,6923,-1.6866294,4.2873654,4.0,B0B3X859SH
umap,10000,6924,-1.7535396,3.8512046,4.0,B07CH2V7WM
umap,10000,6925,0.294715,-0.88346547,4.0,B09J495LYS
umap,10000,6926,1.3603283,-1.8385261,4.0,B0B41Y16FN
umap,10000,6927,5.9612923,-2.0299828,3.0,B092CYKT29
umap,10000,6928,1.6697649,4.146943,4.0,B083PRXCLL
umap,10000,6929,0.10662181,-1.3710675,4.0,B08FY1L46Q
umap,10000,6930,-1.0817695,5.058949,4.0,B07WSZ7V16
umap,10000,6931,0.8712762,0.833639,5.0,B0BZD7P8ZQ
umap,10000,6932,2.4552197,-2.058203,4.0,B00VTEIJEA
umap,10000,6933,-0.80480343,-1.6715091,4.0,B096M2P5ZN
umap,10000,6934,1.4406984,-2.1228096,4.0,B09RZRCWLC
umap,10000,6935,-1.9585663,1.5871438,4.0,B09Z7SVVSP
umap,10000,6936,-0.40057713,-5.1573257,4.0,B07BMD9HYW
umap,10000,6937,-2.886487,0.2561425,4.0,B09VC87SS8
umap,10000,6938,0.28565842,2.9167135,4.0,B0B68XXR7S
umap,10000,6939,3.3371005,-1.0280678,5.0,B08ZMLWQSK
umap,10000,6940,-0.4847403,-1.758899,4.0,B08TRCQHWZ
umap,10000,6941,-0.5156667,2.4837766,4.0,B074QP5LRW
umap,10000,6942,6.0607543,-1.9476966,5.0,B00005T406
umap,10000,6943,-3.3865924,-1.2084104,4.0,B004XC6GJ0
umap,10000,6944,0.5876767,4.369849,5.0,B00OLSIY1Y
umap,10000,6945,0.5784683,4.4081006,5.0,B00G24PK0S
umap,10000,6946,6.2535586,-1.5026697,5.0,B088RD3BBW
umap,10000,6947,0.47605872,-5.542347,5.0,B00NJ4AP1S
umap,10000,6948,-0.54902726,2.5887725,3.0,B0BBDQRTWY
umap,10000,6949,0.5097937,-5.5344553,5.0,B00IU2D9VM
umap,10000,6950,-1.8218534,-2.1487126,4.0,B00DIFIP06
umap,10000,6951,-1.9826723,-1.680021,4.0,B00CX5P8FC
umap,10000,6952,1.6637923,-0.17340125,1.0,B089F9YDFC
umap,10000,6953,2.570298,-1.0535097,5.0,B00UXM6F22
umap,10000,6954,-1.4127574,-1.2219449,5.0,B004HYG9Y6
umap,10000,6955,3.5180142,2.8217542,4.0,B000WL0I1I
umap,10000,6956,4.5975537,1.6563023,4.0,B003VQSPUC
umap,10000,6957,-2.419234,1.9244373,5.0,B00B71ZZMY
umap,10000,6958,3.2196498,1.4430064,5.0,B0001VWIR6
umap,10000,6959,-0.77689564,-1.5482246,4.0,B003SN0IL2
umap,10000,6960,0.28109494,-2.164752,4.0,B0019EHU8G
umap,10000,6961,3.6184957,1.6569282,4.0,B00068DIB4
umap,10000,6962,1.2155204,0.74820447,1.0,B00LIP10KK
umap,10000,6963,5.0330067,2.0152721,5.0,B000W8OZE2
umap,10000,6964,0.54139197,0.9736992,5.0,B005DLDO4U
umap,10000,6965,2.9859676,0.752752,2.0,B002LZUY8A
umap,10000,6966,-1.980943,3.938873,5.0,B083VRLJM8
umap,10000,6967,3.0083573,1.3211735,1.0,B0741CNM7C
umap,10000,6968,2.6761305,3.389428,5.0,B08PCLDM5D
umap,10000,6969,-1.5844558,-3.7237835,5.0,B00PJY83K6
umap,10000,6970,0.22343132,-3.2884734,4.0,B005LKKNQA
umap,10000,6971,-2.840841,0.5271724,5.0,B00GM7V8I8
umap,10000,6972,-0.6750734,-3.7093737,1.0,B007FGY2EW
umap,10000,6973,0.2332358,4.1258783,4.0,B00HNFPZF0
umap,10000,6974,2.5917437,1.3371545,1.0,B09YL2D2RQ
umap,10000,6975,7.5729866,4.362989,5.0,B08D9HSXNF
umap,10000,6976,0.8718195,-2.2482762,3.0,B001P4ZJBA
umap,10000,6977,4.6984243,2.248254,5.0,B07VXNH138
umap,10000,6978,8.704417,5.690211,5.0,B082SWMNRZ
umap,10000,6979,9.962296,5.73697,3.0,B08XVF418R
umap,10000,6980,5.6937504,2.968848,5.0,B09T2J5YVT
umap,10000,6981,5.0711465,3.526269,1.0,B0BWD4WGJB
umap,10000,6982,4.7533855,2.2544498,2.0,B08XVF418R
umap,10000,6983,5.2871723,4.184525,4.0,B08DKR85CX
umap,10000,6984,0.6703091,3.381718,1.0,B075WSFTTV
umap,10000,6985,4.628663,1.9827429,4.0,B07VCHVTCM
umap,10000,6986,4.6397247,1.9970977,5.0,B07D8HMNTC
umap,10000,6987,-0.70181334,-4.1241503,3.0,B07HZLHPKP
umap,10000,6988,3.5014124,1.1951382,1.0,B07L4LJJ8T
umap,10000,6989,9.964566,5.7387233,3.0,B091CKJ8Y7
umap,10000,6990,7.5734706,4.363277,5.0,B0CBBFWH59
umap,10000,6991,6.5935717,3.8477917,5.0,B08SKKB73K
umap,10000,6992,4.349512,3.565728,4.0,B07KMD2VQ9
umap,10000,6993,-0.68711793,-4.026347,5.0,B09P4K2XVP
umap,10000,6994,3.5031648,-0.13459204,1.0,B08FN3ZK5T
umap,10000,6995,5.67826,1.334615,5.0,B07KNF2T3Z
umap,10000,6996,5.112203,3.576315,1.0,B003LL5ZHI
umap,10000,6997,1.5588175,2.1071498,1.0,B007OR1F9W
umap,10000,6998,5.0108266,1.6425079,5.0,B0119OYZX8
umap,10000,6999,6.8399835,9.186943,5.0,B01F2OOVAI
umap,10000,7000,6.841322,9.188441,5.0,B075JZNHTD
umap,10000,7001,3.2156975,1.1821599,5.0,B0BY2V6XS5
umap,10000,7002,3.4936178,1.2685978,5.0,B0C344TVJL
umap,10000,7003,2.379089,2.5872731,3.0,B08C8TVWYT
umap,10000,7004,5.367848,4.2728915,4.0,B09FC5PYHG
umap,10000,7005,2.319138,2.5370224,4.0,B091JXQ3FJ
umap,10000,7006,4.683981,3.0356915,5.0,B0824232TY
umap,10000,7007,5.481641,4.509298,5.0,B0BTW2Y8RK
umap,10000,7008,2.5785263,3.9753056,5.0,B08BY8HS9S
umap,10000,7009,0.54674304,0.96638167,5.0,B08HJ7K8KL
umap,10000,7010,5.8948636,-1.9230278,4.0,B082XXF1X9
umap,10000,7011,-1.1342436,-0.9044718,5.0,B08B3ZNPYZ
umap,10000,7012,2.5472076,3.9913867,4.0,B01DUL966O
umap,10000,7013,4.319712,1.5375639,5.0,B09GL247NY
umap,10000,7014,5.181285,4.2291074,5.0,B0BHZ1GDVT
umap,10000,7015,2.031478,1.6232914,5.0,B07SZ1H2FF
umap,10000,7016,3.2661312,0.35059702,5.0,B07R298P4D
umap,10000,7017,3.2626965,1.5196167,5.0,B08MWHSF8M
umap,10000,7018,6.681639,1.2085215,5.0,B01ICK7HVE
umap,10000,7019,2.762652,1.6827215,5.0,B0756YCTY3
umap,10000,7020,6.6531014,1.2209567,5.0,B07K1KH51Y
umap,10000,7021,4.4076476,3.6109726,5.0,B078RK9Q82
umap,10000,7022,5.2627387,4.2624507,4.0,B07PZFC633
umap,10000,7023,5.2557106,4.258105,4.0,B081B1R665
umap,10000,7024,5.5272064,4.597095,4.0,B0BDJ2L28L
umap,10000,7025,-0.5290265,2.5100152,2.0,B00L1Y11D4
umap,10000,7026,5.5159926,4.580295,4.0,B06XXFDHM6
umap,10000,7027,-0.29528958,0.40813038,3.0,B00DI12MQ8
umap,10000,7028,5.029276,4.073926,4.0,B00T76ZGDO
umap,10000,7029,3.9140654,0.73365223,3.0,B0718T3FMF
umap,10000,7030,-0.111099,0.77463293,4.0,B01273JZMG
umap,10000,7031,5.7106247,2.9861362,4.0,B0027VSSJU
umap,10000,7032,6.062853,1.8989264,4.0,B08KZ1TZYB
umap,10000,7033,6.051908,1.917086,4.0,B00EZMZTBO
umap,10000,7034,6.0519977,1.9054946,4.0,B009ZIILLI
umap,10000,7035,6.059916,1.9078634,4.0,B01DW72QKE
umap,10000,7036,6.0559335,1.9065881,4.0,B002ZIN9DU
umap,10000,7037,6.0565734,1.9179499,4.0,B01MZYDZUI
umap,10000,7038,6.0680165,1.9057477,4.0,B0BM11XSB1
umap,10000,7039,6.0734367,1.8968478,4.0,B089CF82GL
umap,10000,7040,6.0755167,1.9111204,4.0,B002T0G8TQ
umap,10000,7041,6.0716815,1.9087647,4.0,B01G3ZOPY2
umap,10000,7042,1.2472478,1.4455847,3.0,B00JDVRCI0
umap,10000,7043,2.7865736,1.648328,4.0,B01CKBFBC8
umap,10000,7044,-3.331879,-1.7413142,5.0,B015GDMGXO
umap,10000,7045,3.881133,0.6990606,5.0,B00GWC2S3M
umap,10000,7046,-1.2704132,-1.0166874,5.0,B01KBEOL5E
umap,10000,7047,5.700125,2.9804251,4.0,B00O0JGPK6
umap,10000,7048,-3.1869407,-1.6485413,5.0,B008Z4I7WQ
umap,10000,7049,3.2473729,1.6044824,4.0,B01AS8XUPK
umap,10000,7050,-3.374191,-1.6728517,5.0,B07W7N929N
umap,10000,7051,-2.0505986,-0.9057277,4.0,B00U3FPN4U
umap,10000,7052,-3.6796236,-3.3628514,5.0,B07PDHSLM6
umap,10000,7053,-0.24832039,4.6735168,5.0,B07P6L7BFK
umap,10000,7054,1.2787579,4.2901235,5.0,B09C4KQRHP
umap,10000,7055,-0.37195277,4.320294,5.0,B07T25WP4N
umap,10000,7056,-0.3968224,2.464051,5.0,B07PFDHHYJ
umap,10000,7057,-4.0752215,0.85704917,4.0,B00CD4221G
umap,10000,7058,-0.49433294,-2.9118254,5.0,B0CCCFW4XZ
umap,10000,7059,2.085503,0.32705095,5.0,B094JD6SHP
umap,10000,7060,-0.236893,-4.9913516,5.0,B085354NJJ
umap,10000,7061,0.83378816,-0.6683556,5.0,B0827ZV8TL
umap,10000,7062,-0.22557151,-4.851647,1.0,B07CB24GSV
umap,10000,7063,-0.0007893384,0.34851283,5.0,B01DBHFSY6
umap,10000,7064,2.6167257,1.6164585,5.0,B07CML419K
umap,10000,7065,-2.4098897,2.6377919,2.0,B074TMJ44M
umap,10000,7066,0.007425032,-4.7371936,5.0,B07Q39HCK1
umap,10000,7067,-0.59698695,-3.7167356,1.0,B01N4IVLII
umap,10000,7068,-1.791969,2.0980842,5.0,B00WUI0WOY
umap,10000,7069,3.167163,3.8896337,5.0,B09KZY1XJ8
umap,10000,7070,-0.7962264,-0.51636535,5.0,B08632C4MS
umap,10000,7071,0.29650208,0.48689932,5.0,B0C4F815VH
umap,10000,7072,-2.2837062,1.681049,5.0,B07CDY63PP
umap,10000,7073,1.071553,2.3079686,5.0,B0883SBTWF
umap,10000,7074,3.0501816,-4.908039,4.0,B071YND9BG
umap,10000,7075,4.67865,1.6306509,4.0,B00DQ4PDA4
umap,10000,7076,-3.7993855,1.3495512,5.0,B07VPG9DB9
umap,10000,7077,-0.14410609,4.3855853,5.0,B004Q5UQUO
umap,10000,7078,-4.6926484,0.608212,5.0,B07TJ7KPBS
umap,10000,7079,-3.2544496,-1.7094976,5.0,B07GRYTHBQ
umap,10000,7080,-0.47855815,4.6381907,1.0,B07ZZKC52P
umap,10000,7081,0.3373523,-0.93116355,5.0,B07YX379KP
umap,10000,7082,2.8954184,-1.4345404,5.0,B0BB6XM417
umap,10000,7083,-2.8019202,1.4595798,5.0,B06XK6PWSM
umap,10000,7084,1.4360678,-1.3644265,5.0,B078H92HVZ
umap,10000,7085,1.4592276,-2.0593114,5.0,B08DCYHFD4
umap,10000,7086,1.2253431,-1.183693,5.0,B013EKI2DY
umap,10000,7087,2.0823967,-0.51525986,5.0,B00XUXYSWU
umap,10000,7088,-2.7321146,0.055631794,5.0,B008MT9JJY
umap,10000,7089,-0.28892854,-2.066739,1.0,B00OJM63C4
umap,10000,7090,-0.37692335,-2.209698,5.0,B00MOF3EU2
umap,10000,7091,-0.3082938,-2.1581907,5.0,B00XUXYT6K
umap,10000,7092,-1.6099428,-2.8543859,4.0,B0007WTER6
umap,10000,7093,1.7163726,-1.4359388,5.0,B00HYPC7CI
umap,10000,7094,1.8086692,1.1682088,5.0,B01N66MD3P
umap,10000,7095,0.7092879,4.347035,5.0,B00KD752MQ
umap,10000,7096,5.460019,4.507465,5.0,B07BHXYJXB
umap,10000,7097,-2.859849,1.568189,5.0,B00EO9JNWY
umap,10000,7098,0.772995,-1.749262,5.0,B00LI9DUG8
umap,10000,7099,0.7619573,-2.2473955,5.0,B075KP9XHS
umap,10000,7100,6.100169,-1.4396063,5.0,B001DPY0VG
umap,10000,7101,0.907885,-2.6525064,5.0,B00XK0KKOS
umap,10000,7102,-2.1042333,-0.7191559,1.0,B007CMB81O
umap,10000,7103,1.1336088,-2.743884,5.0,B076HVLHNK
umap,10000,7104,-0.9007256,-3.311233,3.0,B00B43LL1E
umap,10000,7105,2.5834877,-1.1650655,5.0,B008L6YEK2
umap,10000,7106,1.1721694,4.021748,4.0,B0BMLZ1JDG
umap,10000,7107,1.003659,2.4731426,3.0,B07N8VFFNS
umap,10000,7108,1.334621,3.181721,2.0,B07J2FGZSM
umap,10000,7109,-2.107185,-2.8049862,5.0,B08P57BVNP
umap,10000,7110,-1.6706697,3.357273,5.0,B01JNYQXZY
umap,10000,7111,-1.0378764,5.15927,5.0,B07X8J7M6P
umap,10000,7112,-1.1491861,-3.0748062,4.0,B07RPF3C5S
umap,10000,7113,3.5482771,-0.53373635,5.0,B07S9PP56R
umap,10000,7114,0.28566638,1.7843598,1.0,B08KDKW2BM
umap,10000,7115,2.9232533,2.0767975,5.0,B091DZ4ZD8
umap,10000,7116,3.6373827,2.6756976,5.0,B010BWYDYA
umap,10000,7117,1.4053476,0.98134017,4.0,B00BX0YKX4
umap,10000,7118,3.68017,2.8094652,5.0,B007136E1S
umap,10000,7119,4.0267463,2.759605,5.0,B07W4MGFS6
umap,10000,7120,-0.6120731,-4.0365343,5.0,B07S764D9V
umap,10000,7121,12.561332,-11.201269,5.0,B00IIEICNC
umap,10000,7122,8.719097,5.697144,4.0,B00RYBW5ZQ
umap,10000,7123,-2.861542,1.2558419,1.0,B0C5SBGRNJ
umap,10000,7124,-0.14587563,-5.2375565,5.0,B0C338S8M7
umap,10000,7125,6.850283,3.1433034,1.0,B07ZCV7SJZ
umap,10000,7126,0.79863745,3.1332974,1.0,B01H5G7H16
umap,10000,7127,7.345342,3.4181733,5.0,B07TZFS5K4
umap,10000,7128,3.6507468,2.867784,5.0,B084LL5CM8
umap,10000,7129,4.485823,-0.03252544,5.0,B07F8BNDMB
umap,10000,7130,0.98239875,-2.4582753,5.0,B07RBV8H74
umap,10000,7131,3.9580183,1.2572416,5.0,B07VJQ5VBV
umap,10000,7132,-3.562058,-3.5412922,5.0,B07456BG8N
umap,10000,7133,2.2895248,-2.1269546,5.0,B01HRVABD0
umap,10000,7134,2.6188896,-1.795714,5.0,B07KCF1X4J
umap,10000,7135,3.0025477,2.6053562,5.0,B07JYY8YQX
umap,10000,7136,-1.249104,5.322346,1.0,B097QSG8YH
umap,10000,7137,0.04248935,4.8548045,5.0,B00QOSVSEE
umap,10000,7138,-3.9765625,0.50726575,5.0,B01A0MTS3W
umap,10000,7139,4.469023,2.1040058,1.0,B00HSGR7R8
umap,10000,7140,-0.23918134,4.735856,1.0,B008CQWAX4
umap,10000,7141,-0.1517186,-4.820158,5.0,B094CD8RL2
umap,10000,7142,2.6931093,1.545249,5.0,B0096FT902
umap,10000,7143,-0.3767196,-1.1326909,5.0,B072M34RQC
umap,10000,7144,2.1088657,-1.1465237,5.0,B078MW9GC6
umap,10000,7145,0.89540577,0.22841792,5.0,B0848M4BLB
umap,10000,7146,-3.6854126,-3.3362682,5.0,B01K8B8YA8
umap,10000,7147,-0.9119875,-0.54193693,5.0,B00LL8VEMS
umap,10000,7148,-2.5304785,-1.9836576,5.0,B07GZFM1ZM
umap,10000,7149,1.3219482,1.0407214,5.0,B0B786PFYJ
umap,10000,7150,2.4173536,4.026238,5.0,B075CHV8XD
umap,10000,7151,-1.3689895,-3.6370409,5.0,B091MT249X
umap,10000,7152,3.434149,-0.9040949,5.0,B08M9LMS1G
umap,10000,7153,6.720568,1.2351508,5.0,B0BHP1XGPS
umap,10000,7154,0.03115418,-1.6933371,5.0,B07H65KP63
umap,10000,7155,5.1771145,4.3738647,5.0,B0C27YYCDP
umap,10000,7156,6.8400254,9.18703,5.0,B0B6D4W3R7
umap,10000,7157,7.555898,4.3484993,5.0,B07VL7BNLZ
umap,10000,7158,1.3494207,4.311632,5.0,B09M6R151G
umap,10000,7159,4.7732,3.590371,5.0,B09Y55WW5P
umap,10000,7160,12.539326,-11.278488,5.0,B07LCVR5BW
umap,10000,7161,-0.045566004,1.4930515,5.0,B0886847XY
umap,10000,7162,4.630174,0.7626928,3.0,B01MDQJOPT
umap,10000,7163,3.6280234,1.3353206,5.0,B081D9XHPK
umap,10000,7164,1.5075676,1.0669976,5.0,B000WYVBR0
umap,10000,7165,4.777109,3.5809672,5.0,B096T31Z9T
umap,10000,7166,4.7504854,3.5733027,5.0,B079PG7JPP
umap,10000,7167,4.0799723,1.718196,5.0,B083TH1B45
umap,10000,7168,-0.06855463,-1.4248922,5.0,B002ODG5GO
umap,10000,7169,1.975273,-1.7579337,5.0,B01JB7ZU5M
umap,10000,7170,2.0805671,-1.8197141,5.0,B07SR19TKT
umap,10000,7171,-2.5096145,-1.9860711,5.0,B00O1RTQJE
umap,10000,7172,-2.5391195,-1.9914215,5.0,B092ZV6893
umap,10000,7173,-2.8511686,-1.3303484,1.0,B074TC662N
umap,10000,7174,6.8408375,9.186754,5.0,B07WRYFDLJ
umap,10000,7175,4.954568,3.4821846,5.0,B07PFY6P38
umap,10000,7176,0.4226354,3.7246149,5.0,B019O0XN5U
umap,10000,7177,-0.014824487,1.4932233,5.0,B078GK6JD3
umap,10000,7178,-3.0727472,-1.3535128,1.0,B00B5QEXB0
umap,10000,7179,-1.4509413,5.072084,4.0,B0BHSJPW79
umap,10000,7180,-1.2144011,4.4646206,5.0,B09XHWMDK2
umap,10000,7181,-2.02751,-3.0947626,4.0,B08T1DKCWJ
umap,10000,7182,0.81979084,-2.481119,4.0,B07FN9PR61
umap,10000,7183,1.1238649,3.9670873,5.0,B0C5QSYMXD
umap,10000,7184,4.1564384,-1.5174637,4.0,B086WMQMNB
umap,10000,7185,1.3279203,-1.9628675,5.0,B08F9S3SD5
umap,10000,7186,-0.707602,3.646872,4.0,B01MSNQI84
umap,10000,7187,-0.7907209,4.567735,4.0,B0B3JVPY1K
umap,10000,7188,-1.5172844,-4.1809363,3.0,B0935ZDCYD
umap,10000,7189,-1.5104979,-4.1776896,5.0,B01LZV6TYQ
umap,10000,7190,1.7101924,-2.0826495,5.0,B00DGRUY3M
umap,10000,7191,3.1791337,-1.3231378,4.0,B00NVKHLP8
umap,10000,7192,6.066,-1.8243026,5.0,B006MCDUZM
umap,10000,7193,-0.6597677,3.7432473,4.0,B00FZ9SMVU
umap,10000,7194,1.0513084,3.9624562,4.0,B00EW38CJW
umap,10000,7195,1.0917001,3.9062805,4.0,B00FF347V0
umap,10000,7196,-1.6022155,4.302592,3.0,B07P5NH459
umap,10000,7197,-2.0973985,-2.5741546,5.0,B0BSK363WC
umap,10000,7198,-1.3955004,3.4167423,5.0,B001E6BC6U
umap,10000,7199,0.093501635,-4.8816066,4.0,B005M08NM0
umap,10000,7200,-1.4925929,0.93489647,5.0,B004Q3C98S
umap,10000,7201,-2.5163376,1.8135767,5.0,B00WUIL5QS
umap,10000,7202,-1.3929049,5.2661858,5.0,B077CYZ34R
umap,10000,7203,1.573823,-1.069988,5.0,B09JBS4PNR
umap,10000,7204,2.5945382,1.204124,5.0,B08NYJ97LF
umap,10000,7205,0.9022876,4.181825,5.0,B09KBDYWB2
umap,10000,7206,2.7283428,0.9780883,1.0,B09W4DTMQX
umap,10000,7207,0.70642227,3.207629,5.0,B07YJ1G6ZF
umap,10000,7208,1.3835545,4.3821073,5.0,B07WH35RMM
umap,10000,7209,0.95372427,2.5602934,5.0,B009T8YY1U
umap,10000,7210,-0.4748646,2.561612,5.0,B09WDL98XR
umap,10000,7211,-0.4462753,-2.9786441,1.0,B08N5HW9HB
umap,10000,7212,-3.6659057,-3.351375,1.0,B08XVF418R
umap,10000,7213,-3.6916807,-3.3904295,2.0,B08DPP3T9Z
umap,10000,7214,-5.0300956,0.36742443,3.0,B0983VR4TD
umap,10000,7215,-2.9049103,1.1829548,5.0,B0BWD4WGJB
umap,10000,7216,-3.559959,-3.5362914,5.0,B08Z2X5V3C
umap,10000,7217,-3.5845847,-3.5069818,5.0,B08TRCTB5T
umap,10000,7218,-0.045680843,2.6651647,2.0,B08PTV9DSB
umap,10000,7219,-3.6932993,-3.3603895,2.0,B08YGKCHNF
umap,10000,7220,-0.8351201,2.3831728,2.0,B0BZNM5TLV
umap,10000,7221,3.0862305,-0.16788772,5.0,B00VY2325S
umap,10000,7222,2.7340724,-1.4387538,5.0,B01G6PPTH6
umap,10000,7223,1.1422443,2.9069571,3.0,B07TMJ8S5Z
umap,10000,7224,1.245784,3.9283884,5.0,B088T9VH7P
umap,10000,7225,-3.6784256,-3.3354993,3.0,B07VXXBTX4
umap,10000,7226,-2.9650211,1.5666109,5.0,B07DG5KLNK
umap,10000,7227,2.4876118,-1.8728379,2.0,B0773C4WV6
umap,10000,7228,2.747382,-1.4579834,5.0,B081DGFQDL
umap,10000,7229,-3.5082586,-3.5840528,5.0,B07MLY3JKV
umap,10000,7230,-3.7112472,-3.2641547,5.0,B07KTYJ769
umap,10000,7231,-3.5920532,-3.495363,5.0,B079C273LQ
umap,10000,7232,-2.9021828,1.2367206,5.0,B07F6D4Y54
umap,10000,7233,-3.5994818,-3.4749749,4.0,B07HZLHPKP
umap,10000,7234,1.482091,-1.3513905,5.0,B004YTWKPG
umap,10000,7235,-4.117419,0.9402619,5.0,B00VKH8PEK
umap,10000,7236,-1.3508247,-1.2760781,5.0,B00P99AA3E
umap,10000,7237,-0.045608405,1.4779149,5.0,B083TH1B45
umap,10000,7238,1.7900162,-0.5110995,5.0,B00JUINWSA
umap,10000,7239,0.27294305,0.48178703,5.0,B071KV2SMV
umap,10000,7240,-0.3380448,-4.047123,3.0,B0BWYY5H5M
umap,10000,7241,0.08143968,-5.1619244,5.0,B07G7J8FT4
umap,10000,7242,2.9164898,2.8764503,5.0,B0752WJMT7
umap,10000,7243,-0.110579275,-4.64593,3.0,B00NESU1XG
umap,10000,7244,-2.928558,0.6241652,5.0,B000CJ24VM
umap,10000,7245,2.6659653,2.0508232,5.0,B00GFZMI3G
umap,10000,7246,-1.3188822,5.339696,4.0,B07PQTRRMJ
umap,10000,7247,-1.0942125,-1.9635984,1.0,B09LNX8MHV
umap,10000,7248,-1.3457866,5.3351974,5.0,B00QSG2HE2
umap,10000,7249,-2.078319,-2.3423843,5.0,B07W5WFNY3
umap,10000,7250,5.7281713,-2.0092099,5.0,B0BFF6PFHC
umap,10000,7251,0.14672397,0.73427075,4.0,B001PKUURW
umap,10000,7252,2.9817202,2.355054,5.0,B07V5M4PBZ
umap,10000,7253,3.0562494,-4.878005,1.0,B094VVM37N
umap,10000,7254,3.0445359,-4.8829303,3.0,B07T2ZRCQV
umap,10000,7255,3.0913336,0.97678834,5.0,B00XZC47BS
umap,10000,7256,-0.9193575,2.107415,4.0,B099DBFNKR
umap,10000,7257,-0.67742026,-3.9130263,3.0,B0BLVNSWZB
umap,10000,7258,-0.049545716,-3.9972236,4.0,B09FD6Z1D1
umap,10000,7259,6.8362336,9.185096,5.0,B09NNGN2WG
umap,10000,7260,0.40179554,3.2711406,5.0,B07QHSGVTW
umap,10000,7261,-0.86905277,-4.0602384,5.0,B07MLY3JKV
umap,10000,7262,5.838786,6.462319,5.0,B019G7DWYI
umap,10000,7263,6.8405747,9.18809,5.0,B0BN74ZJDK
umap,10000,7264,3.3140278,1.9048005,5.0,B01K8B8YA8
umap,10000,7265,6.840218,9.187254,5.0,B08KZ1TZYB
umap,10000,7266,5.8388543,6.4631658,5.0,B010BWYDYA
umap,10000,7267,6.8428597,9.189199,5.0,B01E9AHU8Q
umap,10000,7268,-2.0944037,-2.3849838,5.0,B08P4VX48V
umap,10000,7269,4.273802,3.2774677,5.0,B07SQXY8DP
umap,10000,7270,5.4486423,4.497068,4.0,B01K8B8YA8
umap,10000,7271,4.323862,3.5996888,5.0,B00KWR8ME2
umap,10000,7272,0.42531398,4.9985933,5.0,B00E44C8PS
umap,10000,7273,0.5225534,0.93818575,5.0,B00KFNLKRY
umap,10000,7274,1.379923,-1.0766582,5.0,B09PNLGJ4S
umap,10000,7275,-0.31585145,-3.9057174,3.0,B077VS8B4M
umap,10000,7276,3.6677613,0.74170357,5.0,B07QD3HCG3
umap,10000,7277,-2.3835068,1.1482574,5.0,B0BVVJM2X8
umap,10000,7278,-0.104166,-3.7861204,1.0,B083GNMP2F
umap,10000,7279,3.32943,1.6066357,5.0,B0C1CR7FN5
umap,10000,7280,1.461904,1.2200767,3.0,B01K8B8YA8
umap,10000,7281,-1.176706,3.3803124,1.0,B07568SNYZ
umap,10000,7282,3.5858052,1.3655386,5.0,B08F6GPRH6
umap,10000,7283,3.559089,1.3218793,5.0,B0BM2YG2K7
umap,10000,7284,3.6486888,1.402429,5.0,B0BWD4WGJB
umap,10000,7285,3.6859689,1.3193641,5.0,B09W2JVHDP
umap,10000,7286,0.935828,3.6034229,5.0,B08J4FYNBD
umap,10000,7287,1.8335406,3.7283814,5.0,B0732QMQTC
umap,10000,7288,2.0809531,-1.2025098,5.0,B07PHY8JLL
umap,10000,7289,2.6049652,3.6502407,5.0,B009ZRN3JE
umap,10000,7290,0.690448,3.1335273,5.0,B0BYSKLWHY
umap,10000,7291,3.5499868,1.9741247,5.0,B08YGV62S4
umap,10000,7292,1.8991091,3.690047,5.0,B095WZ38KC
umap,10000,7293,1.8660307,1.4754478,5.0,B08YGKCHNF
umap,10000,7294,1.5279459,-0.49399874,5.0,B000NG67E4
umap,10000,7295,-1.2648034,-3.746956,5.0,B07MLY3JKV
umap,10000,7296,0.68074167,2.9743583,5.0,B089W47DTX
umap,10000,7297,0.7658416,3.723378,5.0,B0B6H961H2
umap,10000,7298,2.616007,3.6240847,5.0,B07L175T1W
umap,10000,7299,1.9182984,4.071126,5.0,B07DBYS7DG
umap,10000,7300,-2.242939,-1.8169931,5.0,B075JZNHTD
umap,10000,7301,3.481579,1.7589513,5.0,B013JMBAMC
umap,10000,7302,0.21933481,4.1347938,3.0,B01KJI4ZC6
umap,10000,7303,-0.009656679,4.1266747,3.0,B01M4JIZ24
umap,10000,7304,0.25543714,4.090681,3.0,B01ABDJFPG
umap,10000,7305,0.21399358,4.193888,4.0,B07WNJQFP9
umap,10000,7306,1.6509372,2.5646002,5.0,B016PTIG0U
umap,10000,7307,0.8862272,4.4269986,5.0,B01HFZNM9I
umap,10000,7308,0.4366854,4.952106,5.0,B00FF31LF0
umap,10000,7309,-0.53776544,-4.175091,5.0,B0BJ1SRSGL
umap,10000,7310,-0.6204964,-3.5468128,5.0,B00XHT9HBY
umap,10000,7311,-1.9099915,-0.83237964,5.0,B086VR2KY8
umap,10000,7312,0.4849434,-5.143094,5.0,B0721MP41Q
umap,10000,7313,4.452056,1.8847535,5.0,B0C4LF3H7D
umap,10000,7314,0.96227396,-4.989332,5.0,B00IA2D1GK
umap,10000,7315,3.0783525,0.47080413,5.0,B06XN5L3BS
umap,10000,7316,2.2376418,1.633318,5.0,B089W47DTX
umap,10000,7317,-0.6860248,3.6050124,5.0,B077XGL4PG
umap,10000,7318,-0.58000684,-3.413372,2.0,B00M9DBBK4
umap,10000,7319,1.6482431,4.127479,5.0,B08RDSZ3MQ
umap,10000,7320,1.8895929,0.33856937,5.0,B07WX7ZF31
umap,10000,7321,-0.88717514,-3.628962,5.0,B00BPYUC4E
umap,10000,7322,1.079091,1.0160162,5.0,B079B4ZWJ4
umap,10000,7323,0.10131122,4.2508273,5.0,B098954DRG
umap,10000,7324,5.2931747,3.1787167,1.0,B07S512NHP
umap,10000,7325,-0.029124977,1.485448,5.0,B07KT13216
umap,10000,7326,5.429575,4.5046,5.0,B08R1P33XC
umap,10000,7327,7.923081,3.2525127,5.0,B07VP3TVLH
umap,10000,7328,3.416408,2.6594923,5.0,B0896ZWXW5
umap,10000,7329,5.080593,3.5572474,1.0,B001NDIZA0
umap,10000,7330,0.43654683,1.5861971,5.0,B01N5G5PG2
umap,10000,7331,0.9264963,-0.89234895,1.0,B01MS1UZAZ
umap,10000,7332,-2.11774,-0.9804624,5.0,B00FL3N6O8
umap,10000,7333,-3.9956524,0.47374383,5.0,B09S1GVFJQ
umap,10000,7334,3.5737102,1.5334337,5.0,B07L9TMP4P
umap,10000,7335,0.23234555,-4.7226696,3.0,B0011Z9PM2
umap,10000,7336,3.0968688,-4.9290795,1.0,B07BKRHYRH
umap,10000,7337,0.44251433,5.020301,5.0,B07C3VFJ7P
umap,10000,7338,-2.8369317,1.1843982,2.0,B07K53QZTC
umap,10000,7339,-3.141607,0.79802537,1.0,B07G5ZG3Q4
umap,10000,7340,-3.4152613,2.126632,5.0,B07D7TQ5VR
umap,10000,7341,-0.6653052,0.48999593,5.0,B0B797SJXQ
umap,10000,7342,-0.31251797,0.13033539,4.0,B0B1DLFXPD
umap,10000,7343,-0.45546696,0.3647839,5.0,B0C58MBSHD
umap,10000,7344,0.27959824,4.7621365,5.0,B09RRY31RK
umap,10000,7345,-3.253887,-1.1564629,5.0,B08XZ8B4HD
umap,10000,7346,-0.83327484,0.46766543,5.0,B0BS2ZMHCL
umap,10000,7347,-0.59380245,-0.49988705,5.0,B087D8YFCD
umap,10000,7348,-0.504831,0.27179053,5.0,B07ZJHTX3G
umap,10000,7349,-0.5649348,0.27611393,3.0,B098VHF5X1
umap,10000,7350,-1.127719,0.6837834,5.0,B09HTM917T
umap,10000,7351,-3.21717,2.1262543,5.0,B06XJ7RGWC
umap,10000,7352,-3.3363883,2.1629863,5.0,B08V4PZMW6
umap,10000,7353,-3.2938638,2.1772745,5.0,B0925TWV1C
umap,10000,7354,1.1195961,0.2728644,3.0,B09M3BZYVP
umap,10000,7355,0.39019287,1.7288421,5.0,B082L6KJ2J
umap,10000,7356,-3.3562903,2.164123,5.0,B074K9ZFG2
umap,10000,7357,-1.254494,0.88627476,5.0,B006J70YRM
umap,10000,7358,-2.7804298,1.4901817,5.0,B08PFQ1L9F
umap,10000,7359,1.3611816,-1.63458,5.0,B07RW343WG
umap,10000,7360,-1.5102366,3.173106,5.0,B07DPKZTTV
umap,10000,7361,-1.1207538,0.6408666,5.0,B0C7H1XD7V
umap,10000,7362,1.5217589,-2.1040254,5.0,B0C88VJZJS
umap,10000,7363,-0.69931686,0.34691796,5.0,B0BJ239KS1
umap,10000,7364,-3.3908699,2.1615853,5.0,B08SRGK4HK
umap,10000,7365,-1.550461,0.7757474,5.0,B076DD5JNS
umap,10000,7366,-1.9270686,-3.034041,5.0,B07C7BTSYN
umap,10000,7367,-3.3508933,2.163896,5.0,B00O8RYVRO
umap,10000,7368,0.3833535,1.9962225,5.0,B01GUIEFJC
umap,10000,7369,-3.720961,1.4256305,4.0,B019PYKUM4
umap,10000,7370,0.4839632,-2.300774,5.0,B01N75TWSA
umap,10000,7371,-2.100571,-2.088836,4.0,B0BSBG645B
umap,10000,7372,0.20467646,2.0184605,5.0,B0BMD4XHQB
umap,10000,7373,-1.1390246,4.957317,5.0,B00EN9Q35A
umap,10000,7374,0.44752172,3.1167295,4.0,B085LQ2WWG
umap,10000,7375,0.31849116,-1.5942804,5.0,B07H6LYZSD
umap,10000,7376,0.4166085,3.7064104,5.0,B077TWB9GP
umap,10000,7377,-3.3620162,2.1601145,3.0,B00GMCLLYE
umap,10000,7378,-3.2808626,2.1220007,5.0,B071X9DRSB
umap,10000,7379,1.9514886,3.9934149,5.0,B088NGT57C
umap,10000,7380,-3.2467554,-3.6632586,3.0,B076751BN8
umap,10000,7381,-4.0931168,0.95632637,4.0,B07JJFR251
umap,10000,7382,5.866687,-1.9936609,5.0,B07BC2PNVL
umap,10000,7383,-1.0760205,0.8428322,1.0,B015W7XLF6
umap,10000,7384,0.48578677,-0.13411665,5.0,B071CQ134W
umap,10000,7385,2.3520489,-1.9111896,5.0,B0B1YBHS7T
umap,10000,7386,-2.0384471,-1.1415058,5.0,B00J7KM5X4
umap,10000,7387,0.14554568,-4.5771375,5.0,B071D7G6VC
umap,10000,7388,-0.5709198,1.7956908,5.0,B071PFK1L9
umap,10000,7389,0.3716799,-0.26497832,4.0,B099MTCTVV
umap,10000,7390,3.491562,1.2001833,5.0,B01HJ3JYMU
umap,10000,7391,-1.2470697,0.8433726,5.0,B071R715MZ
umap,10000,7392,0.25807098,-4.7074103,5.0,B06XSJHGDM
umap,10000,7393,0.76431453,-2.316306,5.0,B01N58WYS7
umap,10000,7394,-0.37097904,0.2547749,5.0,B01CL4D2FM
umap,10000,7395,-0.5108774,0.352087,5.0,B089PMMT1X
umap,10000,7396,-0.9653286,-0.13102706,5.0,B00L7AWOEC
umap,10000,7397,0.18691742,2.036299,5.0,B09LJ92JQM
umap,10000,7398,4.265595,-1.5168393,5.0,B00UOIK3FU
umap,10000,7399,-1.0763223,-3.1105793,3.0,B00GINCLI2
umap,10000,7400,-0.07600573,1.2378469,4.0,B00RVGXZBM
umap,10000,7401,0.16871525,-4.6191063,5.0,B00F3KBE8O
umap,10000,7402,-0.9598777,-1.6302215,5.0,B07BL3J6KL
umap,10000,7403,-0.08395655,0.53384817,2.0,B016M81ZLG
umap,10000,7404,-3.781944,1.3819121,5.0,B00P8WKF8M
umap,10000,7405,0.09947181,4.1162105,5.0,B00LEF25QW
umap,10000,7406,-1.0949781,3.275469,5.0,B003Q5GI2U
umap,10000,7407,-0.32961696,0.40627876,5.0,B01CL4CUI2
umap,10000,7408,-0.15524405,0.77730894,5.0,B01C5JZ3QY
umap,10000,7409,-1.8942156,-3.0500085,5.0,B00I59XQKO
umap,10000,7410,5.4377003,3.2617552,1.0,B00R5QB2OK
umap,10000,7411,0.5803301,3.7444112,5.0,B008NMCPTQ
umap,10000,7412,0.17673878,0.86234975,5.0,B01MPXZG3U
umap,10000,7413,4.958415,0.8349214,5.0,B009SGLIHQ
umap,10000,7414,6.260998,3.9634016,5.0,B07TQS63V7
umap,10000,7415,-1.7120942,-3.1839268,5.0,B001R57OOM
umap,10000,7416,0.05627963,-4.516277,5.0,B07YR475PS
umap,10000,7417,-0.18440744,-3.853915,5.0,B07KGVB6D6
umap,10000,7418,-1.3254876,-1.0173328,5.0,B07KF6WSL8
umap,10000,7419,0.28022784,3.8954225,5.0,B08JLSP8K2
umap,10000,7420,1.8661766,-2.1457124,5.0,B08WHB73DK
umap,10000,7421,0.52090067,4.3592553,5.0,B08HGHSZ8N
umap,10000,7422,-1.6370564,3.3626184,5.0,B008FPTID2
umap,10000,7423,2.2775211,1.909065,5.0,B07HZLHPKP
umap,10000,7424,-2.1585991,1.5944918,5.0,B01N25JC8H
umap,10000,7425,3.4839191,2.7587214,5.0,B07R7PRDDT
umap,10000,7426,-0.76789063,2.1142352,5.0,B09FS1WBKL
umap,10000,7427,-0.45514867,-3.4690244,5.0,B099P2JF9Y
umap,10000,7428,2.5939372,0.47848463,2.0,B082CCCQHH
umap,10000,7429,3.488461,-0.8626333,5.0,B08594S5LY
umap,10000,7430,0.38992098,4.905025,5.0,B01F6KUKNU
umap,10000,7431,2.6830702,1.801793,5.0,B0083J9330
umap,10000,7432,3.511697,-0.79571486,4.0,B01JA8KS2W
umap,10000,7433,0.54482543,3.2127738,2.0,B004EBG4J2
umap,10000,7434,-0.35693848,0.40981534,5.0,B009KMV96S
umap,10000,7435,-0.47212014,0.6670574,2.0,B002V3QE40
umap,10000,7436,4.695425,1.5694702,5.0,B00IVPU786
umap,10000,7437,-1.1571785,5.201053,5.0,B00FB50SBU
umap,10000,7438,-1.2773008,0.86033523,5.0,B00CE8DUYY
umap,10000,7439,3.335864,1.1065626,1.0,B00D695IF4
umap,10000,7440,2.8082135,1.5257673,5.0,B008I639UQ
umap,10000,7441,-3.120514,-1.5039243,5.0,B01CA6DXKK
umap,10000,7442,3.374331,1.7728676,5.0,B00DGJSDQ0
umap,10000,7443,-0.15544881,4.27816,5.0,B0CDLVKXF7
umap,10000,7444,-2.3911185,1.4812669,5.0,B004YD3OUC
umap,10000,7445,2.8160522,2.626954,5.0,B0BPWG9DBX
umap,10000,7446,-0.8702555,-2.6686292,5.0,B00499DUAK
umap,10000,7447,-0.5046113,0.28550613,5.0,B0014D6FBU
umap,10000,7448,2.9583323,1.7019562,5.0,B002782LTG
umap,10000,7449,0.31968313,3.2918475,5.0,B07W42V3CY
umap,10000,7450,-1.074095,-3.9184928,5.0,B0CBPK3RRC
umap,10000,7451,2.103521,1.5187383,5.0,B0BWD4WGJB
umap,10000,7452,1.8105879,1.7336001,5.0,B07X4FM76R
umap,10000,7453,-0.1629717,-3.951663,4.0,B078C6FSN4
umap,10000,7454,7.593787,4.000073,5.0,B08XPWDSWW
umap,10000,7455,8.821552,3.613355,5.0,B0B8JH3CF9
umap,10000,7456,1.4740752,1.0189432,5.0,B00QQH66AO
umap,10000,7457,2.3839993,2.3201797,3.0,B06XXLVKGF
umap,10000,7458,6.1229205,-1.6805954,5.0,B003ZWN7DW
umap,10000,7459,5.1518297,2.6845329,5.0,B0791TX5P5
umap,10000,7460,1.2991787,-0.89789057,5.0,B07V3JYVQH
umap,10000,7461,0.19705985,3.032134,5.0,B010MGIWR4
umap,10000,7462,6.1652565,-1.8221492,5.0,B001F42MKG
umap,10000,7463,0.91027397,4.498927,5.0,B00LF1YNHO
umap,10000,7464,2.7278867,1.1875939,1.0,B004BHDZIW
umap,10000,7465,0.5835917,-5.561461,3.0,B00UWV8JLY
umap,10000,7466,2.5679166,3.4847744,4.0,B0BX65VLJ9
umap,10000,7467,-3.841922,1.268139,5.0,B071114DHH
umap,10000,7468,4.998256,0.9691907,5.0,B07W42V3CY
umap,10000,7469,4.9620633,1.003275,4.0,B0C23DXZJ1
umap,10000,7470,0.41168788,4.994911,5.0,B01M5GZ9HH
umap,10000,7471,5.0141587,0.97768915,5.0,B00FC2KPEC
umap,10000,7472,-1.8355088,-2.474516,5.0,B0031TRZX2
umap,10000,7473,-0.41262898,-1.8509047,5.0,B0CCSMFH13
umap,10000,7474,0.48307547,-0.36425185,1.0,B002OJVANQ
umap,10000,7475,-4.9290614,0.43408078,5.0,B0095PZHPE
umap,10000,7476,5.83937,6.4633136,5.0,B01CIJGV4E
umap,10000,7477,5.839161,6.462209,5.0,B0187AEJTM
umap,10000,7478,5.9488535,1.3203276,5.0,B0185ROQ2C
umap,10000,7479,6.8408775,9.185663,5.0,B017EADYHE
umap,10000,7480,-1.5230014,-1.7470386,5.0,B004OF9XGO
umap,10000,7481,0.5764269,-0.59790665,5.0,B074T33YV1
umap,10000,7482,1.6846514,0.54372257,4.0,B079K962M6
umap,10000,7483,3.5412426,2.575953,5.0,B074GZPTRF
umap,10000,7484,-3.0770352,-1.6984472,5.0,B01NAFVWBJ
umap,10000,7485,0.21775623,3.8657825,3.0,B00D5YTO5K
umap,10000,7486,2.3466327,-1.0906197,5.0,B076P3K79R
umap,10000,7487,0.43584746,-0.38933074,1.0,B0778NFJD5
umap,10000,7488,0.6509212,1.4131495,3.0,B0168YIWSI
umap,10000,7489,1.4800696,2.1116672,5.0,B001BLI3HE
umap,10000,7490,-0.52264285,-4.2363977,4.0,B07BJ2F1Y8
umap,10000,7491,-0.03124853,-3.686885,1.0,B01LXJFMGF
umap,10000,7492,-0.57907325,3.5838175,3.0,B00DCC300U
umap,10000,7493,3.4310145,1.1758924,1.0,B0BRLZFYTJ
umap,10000,7494,-2.919612,0.78976804,2.0,B07DQF8LHL
umap,10000,7495,-3.6688879,-3.341719,4.0,B075KZTN4J
umap,10000,7496,-3.6006494,-3.4712927,1.0,B07456BG8N
umap,10000,7497,2.9647667,0.71869403,2.0,B09GYHBBZB
umap,10000,7498,6.8987727,3.1558013,5.0,B092VLXWQ7
umap,10000,7499,0.5276809,-5.4559603,4.0,B0BQTKWPTV
umap,10000,7500,6.9011245,3.1957943,5.0,B08V8FFS3S
umap,10000,7501,-1.6728263,4.6294956,5.0,B07F1TKR5W
umap,10000,7502,4.3349314,3.5476243,5.0,B07F2PMFBB
umap,10000,7503,-1.6849672,-0.15979093,3.0,B09MH42ZP1
umap,10000,7504,2.3987377,-1.6886402,1.0,B09TF5TPL5
umap,10000,7505,1.8096256,2.2694955,5.0,B008I636D6
umap,10000,7506,6.1625986,-1.717637,3.0,B01B1QBK78
umap,10000,7507,-0.98916,0.8395493,4.0,B08KZ1TZYB
umap,10000,7508,1.8226058,2.3074489,5.0,B0083J7OUO
umap,10000,7509,1.201232,4.0936456,5.0,B00FVU5VJE
umap,10000,7510,-2.724575,-0.07868769,5.0,B007ZG5GT2
umap,10000,7511,1.7118855,-1.5914912,5.0,B00KT3OM3O
umap,10000,7512,1.4541571,-0.097112805,5.0,B00GDPP0TC
umap,10000,7513,2.223739,-0.34470922,5.0,B08C5GK7NK
umap,10000,7514,3.0693762,2.798475,5.0,B01D3BDXQA
umap,10000,7515,1.4497454,3.1884975,5.0,B007HCCNJU
umap,10000,7516,-2.5910199,1.4777987,3.0,B005GLFSYQ
umap,10000,7517,6.8399487,9.187037,5.0,B07GZFM1ZM
umap,10000,7518,-0.8120383,-3.3008986,5.0,B07H65KP63
umap,10000,7519,5.0477777,3.6797385,5.0,B07MDB9WZM
umap,10000,7520,1.6168313,-1.2686014,5.0,B00IXL3P1O
umap,10000,7521,2.0954607,1.6438053,5.0,B075JZNHTD
umap,10000,7522,-3.0887034,-2.7295501,5.0,B01M3ULMWP
umap,10000,7523,5.025379,4.3040442,5.0,B073VMG4FN
umap,10000,7524,6.9184394,3.9636562,5.0,B075JB46XP
umap,10000,7525,-2.8439245,1.6430029,5.0,B004F9LF7E
umap,10000,7526,0.23754534,3.0646455,1.0,B0895N1RS2
umap,10000,7527,-2.4599276,1.9111629,5.0,B077VCJ8DZ
umap,10000,7528,-2.8129163,1.6401142,5.0,B07MPXBZSQ
umap,10000,7529,3.3446517,1.9577492,4.0,B00U0OJMYG
umap,10000,7530,1.6844583,1.497511,5.0,B002T8KWJA
umap,10000,7531,-2.9951637,-1.4356016,5.0,B00TQD235C
umap,10000,7532,0.5173844,3.6599314,5.0,B00RQWBBEY
umap,10000,7533,3.4504364,1.5375819,5.0,B00U84SJRO
umap,10000,7534,1.4129065,1.9148558,5.0,B0C7QWBN8V
umap,10000,7535,-2.841525,1.2030686,5.0,B0BW543RH8
umap,10000,7536,0.6019574,1.5482137,5.0,B07VV3C19F
umap,10000,7537,4.992201,3.6088264,5.0,B09TXLMZSM
umap,10000,7538,-2.5496824,1.434733,5.0,B0BX2NBL7M
umap,10000,7539,4.1766853,1.5508914,5.0,B09XDKT989
umap,10000,7540,2.7082798,-1.3516371,5.0,B083LLM6QJ
umap,10000,7541,0.546297,4.205722,5.0,B01GDM45H2
umap,10000,7542,-2.432953,2.5751393,5.0,B0BK7SPR22
umap,10000,7543,2.9924402,-4.861599,3.0,B0BJZNZQY7
umap,10000,7544,-0.03575412,3.6830268,5.0,B07XCGYYVF
umap,10000,7545,-0.07310832,-5.114497,5.0,B074F3YW3R
umap,10000,7546,-2.531629,1.2744627,3.0,B00P82C5F8
umap,10000,7547,1.5525874,-0.5294691,5.0,B004T8ZIV0
umap,10000,7548,-0.11438858,-5.1026735,5.0,B005RUP5UI
umap,10000,7549,3.5820148,1.535576,3.0,B00A157JK8
umap,10000,7550,0.49447325,3.6263645,5.0,B07BLKHQK6
umap,10000,7551,3.9165802,0.73155254,5.0,B09554QF7L
umap,10000,7552,2.0324616,-0.6023265,1.0,B01K6MPHV8
umap,10000,7553,-3.4242175,-3.462124,1.0,B01K8B8YA8
umap,10000,7554,2.4277697,4.028969,5.0,B016UM2IFG
umap,10000,7555,1.6287093,0.86968625,5.0,B00CX5P8FC
umap,10000,7556,-0.5716502,-3.8877203,5.0,B00KGMYWAQ
umap,10000,7557,5.344248,0.8181208,5.0,B00E0J0EL2
umap,10000,7558,-1.4794964,3.375635,1.0,B002C03AIA
umap,10000,7559,2.7647736,-1.4483962,5.0,B0BB6TYK7V
umap,10000,7560,6.6813083,1.2051693,5.0,B0C72D4J46
umap,10000,7561,1.676938,3.5573194,5.0,B09W42HJKL
umap,10000,7562,1.0582267,4.156114,5.0,B091F4312G
umap,10000,7563,1.0212554,2.6954873,5.0,B08YFJYD5Z
umap,10000,7564,1.3301904,3.2431867,4.0,B07J2FGZSM
umap,10000,7565,1.8537476,-0.81893116,5.0,B006GWO5WK
umap,10000,7566,1.1888967,3.091607,5.0,B0051VVOB2
umap,10000,7567,-1.13526,2.1041937,5.0,B003DZ168E
umap,10000,7568,-2.0472603,1.6371548,5.0,B00GQKOI88
umap,10000,7569,-2.0198882,1.5494456,5.0,B00O4OR4GQ
umap,10000,7570,3.6379604,2.8039355,5.0,B00R1ZEBUW
umap,10000,7571,2.3488855,-1.4672884,5.0,B01FD6D59I
umap,10000,7572,2.1499765,0.10590292,5.0,B01FD6D0I4
umap,10000,7573,3.4553435,2.3374882,5.0,B01DU9UMM8
umap,10000,7574,-2.0301106,1.7479243,5.0,B014TUZ92U
umap,10000,7575,-2.0718753,1.8276004,5.0,B01BH1QCES
umap,10000,7576,5.007085,1.6338266,5.0,B07FW2G81C
umap,10000,7577,1.8594471,-0.8123375,5.0,B00U84SJRO
umap,10000,7578,-4.493519,3.8006067,5.0,B00IF70SDO
umap,10000,7579,-4.492972,3.8005931,5.0,B0819PCPBV
umap,10000,7580,-1.8733686,1.613756,5.0,B07D21M6ZF
umap,10000,7581,-0.2671816,3.3393326,1.0,B071J9GQP8
umap,10000,7582,0.9427,2.583167,5.0,B00LWHU9D8
umap,10000,7583,3.0469701,1.4586245,5.0,B0BG9VDGBT
umap,10000,7584,3.5676243,-0.12898552,1.0,B01LVUUSK0
umap,10000,7585,-2.1259668,-2.4987206,1.0,B0BWL9DSW2
umap,10000,7586,2.5535593,3.2833185,5.0,B07PGL2N7J
umap,10000,7587,2.8049042,1.1368772,1.0,B07C9Y72T1
umap,10000,7588,4.3506446,1.5565816,3.0,B00KX6EJ9Y
umap,10000,7589,-3.7430372,1.3668607,5.0,B00F19Q7YI
umap,10000,7590,2.0672042,-1.9892541,2.0,B0BN74ZJDK
umap,10000,7591,3.9742951,1.9298291,5.0,B077VVNYLY
umap,10000,7592,4.380742,1.470946,5.0,B00006IS4X
umap,10000,7593,4.143947,2.0900903,4.0,B01ISM267G
umap,10000,7594,1.5459951,0.06005819,5.0,B00LTMUYHM
umap,10000,7595,2.3766634,-1.1383058,1.0,B017EVJG48
umap,10000,7596,4.1069617,1.4313022,5.0,B01I2MXME8
umap,10000,7597,2.5908005,3.368586,5.0,B01580BPU0
umap,10000,7598,2.1861985,-0.965804,5.0,B00KVCBU1K
umap,10000,7599,4.240474,1.5453011,5.0,B01LZ4D2T5
umap,10000,7600,6.0986795,-1.7762642,1.0,B00MN284T2
umap,10000,7601,-2.0266714,-2.405153,5.0,B07CBSSNXG
umap,10000,7602,-4.066182,0.84362864,3.0,B00JZSB7NW
umap,10000,7603,-0.018389802,-4.3088293,5.0,B00HX0RTKO
umap,10000,7604,1.5602963,-1.4781353,5.0,B00FA4Y66U
umap,10000,7605,1.8753123,-0.80697787,3.0,B016V8XF74
umap,10000,7606,1.5031711,-0.2361782,3.0,B0056B58AU
umap,10000,7607,0.70785934,3.1996515,5.0,B00DS4G2AW
umap,10000,7608,8.702901,5.6868567,5.0,B07RCBWTGR
umap,10000,7609,0.9571358,2.5191803,5.0,B00ET0H9R4
umap,10000,7610,-2.7370777,-0.02230144,5.0,B091BD9T1Z
umap,10000,7611,1.4409924,1.1516109,4.0,B0B4JQY8JY
umap,10000,7612,-1.980896,-1.217534,5.0,B0971XBV8M
umap,10000,7613,-4.954131,0.45091566,5.0,B08GLRVD95
umap,10000,7614,3.7078424,2.8383033,5.0,B071WNBH6S
umap,10000,7615,2.518065,2.8460898,5.0,B08SJ7541V
umap,10000,7616,4.2541833,1.7091298,5.0,B08Y8BGWSX
umap,10000,7617,2.3107722,-1.967163,5.0,B09RZFJT88
umap,10000,7618,2.0909894,-1.5227832,5.0,B073PT96NN
umap,10000,7619,2.3516562,1.7937802,5.0,B083S6N88S
umap,10000,7620,0.29291978,3.2193856,5.0,B07SMVHYHJ
umap,10000,7621,3.0184124,-4.874558,5.0,B073LZYQCR
umap,10000,7622,3.0694647,0.86460567,2.0,B087D9VRGC
umap,10000,7623,-1.9676207,-2.657095,5.0,B00RFLXE0A
umap,10000,7624,0.16745444,-4.281952,4.0,B072V3478X
umap,10000,7625,-0.42012176,0.44101924,5.0,B00INKHXY0
umap,10000,7626,-2.9099982,3.0498555,4.0,B00INO6JX2
umap,10000,7627,5.7243657,1.3336686,5.0,B07VXCFZN1
umap,10000,7628,0.56256187,3.5652027,5.0,B0054WF6JY
umap,10000,7629,-0.9444219,-4.028219,5.0,B07FLH7VLQ
umap,10000,7630,-0.46475402,-2.9831567,1.0,B07324B77V
umap,10000,7631,5.0748973,3.9184887,5.0,B01B3QMITU
umap,10000,7632,1.3895241,2.2952185,5.0,B083Y4S579
umap,10000,7633,1.6205971,-2.4739287,5.0,B09R4C84NX
umap,10000,7634,4.509711,1.7426155,5.0,B000RUJFOU
umap,10000,7635,-3.2240982,-1.7501258,1.0,B0087NZ31S
umap,10000,7636,-1.3657367,-1.2425987,5.0,B001413DWQ
umap,10000,7637,10.131955,5.828358,4.0,B0052SCU8U
umap,10000,7638,10.130784,5.8277636,4.0,B083TH1B45
umap,10000,7639,12.538543,-11.278469,5.0,B0089NF5VE
umap,10000,7640,12.537519,-11.281676,5.0,B00007M1TZ
umap,10000,7641,10.125578,5.8223696,4.0,B0015ADLOQ
umap,10000,7642,10.124476,5.821292,4.0,B0001Y6J14
umap,10000,7643,12.538853,-11.278112,5.0,B00IF0JAYE
umap,10000,7644,-0.014104547,0.030614963,5.0,B0027C8M8G
umap,10000,7645,4.964059,1.133329,5.0,B0053KRQRM
umap,10000,7646,3.9920964,1.6855568,5.0,B0CDLVKXF7
umap,10000,7647,4.9370985,1.1027024,5.0,B003LZ6F8M
umap,10000,7648,3.0241401,1.8136468,5.0,B07FPP6TB5
umap,10000,7649,4.5950646,1.6667038,5.0,B0C6D2TBZ7
umap,10000,7650,0.40540624,4.9295135,5.0,B06XS8W36K
umap,10000,7651,-0.42316192,2.4437237,5.0,B08LXZPC1M
umap,10000,7652,-2.1101146,-1.0183281,5.0,B07LD9TTZY
umap,10000,7653,-1.9952213,-1.786984,5.0,B075JZNHTD
umap,10000,7654,5.34523,3.1414075,5.0,B00IJH1W4O
umap,10000,7655,6.120577,-1.6599482,5.0,B07FTKQ97Q
umap,10000,7656,-0.031312533,-1.866606,5.0,B0876XG5ZM
umap,10000,7657,0.164084,-1.9834925,1.0,B00XHU3354
umap,10000,7658,-1.292725,-2.1226993,5.0,B07VLBTSZP
umap,10000,7659,-1.7903258,-1.4894898,5.0,B07R5QJ6YS
umap,10000,7660,1.7892874,-1.4269342,1.0,B07X53M18Z
umap,10000,7661,-1.359441,4.882528,5.0,B0BWNFGCYH
umap,10000,7662,-3.4555514,-1.4398206,1.0,B00Z0V2NQ8
umap,10000,7663,-2.4037175,1.5507569,4.0,B006P88VSE
umap,10000,7664,-2.339927,1.5271316,5.0,B000EVNWVO
umap,10000,7665,-4.112023,0.91040045,4.0,B000CSQRYS
umap,10000,7666,1.4732888,-1.8637023,5.0,B09RZDNN93
umap,10000,7667,1.6923507,-1.6164173,2.0,B09YTSXGQF
umap,10000,7668,0.86850065,-1.3908839,5.0,B097H72K1T
umap,10000,7669,0.47874278,-0.4947067,5.0,B07CG57KJM
umap,10000,7670,0.68283826,3.1963685,5.0,B07DZXVFTK
umap,10000,7671,3.1369662,1.435238,5.0,B08MC6ZD53
umap,10000,7672,6.5101147,1.2378427,5.0,B07VRB6X4Y
umap,10000,7673,6.204569,-1.6940658,5.0,B002DPUUL4
umap,10000,7674,6.735769,3.5104485,5.0,B07RYNFR2B
umap,10000,7675,2.5782955,2.5102575,5.0,B07PNT3VKK
umap,10000,7676,2.866345,2.4656408,5.0,B07S4KJV6W
umap,10000,7677,6.1031976,-1.6531008,5.0,B073W6ZC7B
umap,10000,7678,0.4339133,3.4300618,5.0,B004GINYGY
umap,10000,7679,4.818688,1.1362538,5.0,B004I1E1LG
umap,10000,7680,2.009622,-0.63698345,1.0,B08K2S5B88
umap,10000,7681,0.6330436,-5.0722747,5.0,B07XJ1DHSS
umap,10000,7682,2.8864617,-1.4115514,5.0,B08Y8FSTMT
umap,10000,7683,2.188338,-1.0323896,5.0,B0B3NCYQPT
umap,10000,7684,0.5119807,2.0022633,5.0,B09Q3NR84W
umap,10000,7685,4.7196856,0.8118044,5.0,B07HL5J1NF
umap,10000,7686,-0.46295658,3.6759694,5.0,B07WBX3VFM
umap,10000,7687,1.777903,-1.9488571,5.0,B09LLRD6N6
umap,10000,7688,2.3100839,-1.8372278,5.0,B079MRJHSD
umap,10000,7689,-0.043176007,3.9019141,5.0,B01EKMLDNQ
umap,10000,7690,3.0466735,-4.898041,5.0,B075R5G8DS
umap,10000,7691,-2.501432,-0.3465572,5.0,B01DFKBI6G
umap,10000,7692,1.58095,-2.1849382,5.0,B01D5NR70E
umap,10000,7693,0.4420047,5.036938,4.0,B019I9X4YC
umap,10000,7694,-3.0716941,-1.5192133,5.0,B08V2MLHLN
umap,10000,7695,0.43944034,3.5720675,4.0,B01HBSGTQ2
umap,10000,7696,2.1042786,2.5987403,5.0,B07LBRZ5TH
umap,10000,7697,3.068436,1.558177,5.0,B00BWF5U0M
umap,10000,7698,1.4460026,-0.9693388,5.0,B0BCDMS3PH
umap,10000,7699,0.7005927,1.7373645,5.0,B00DQJTYGS
umap,10000,7700,2.69676,3.9037368,5.0,B009X21N1G
umap,10000,7701,-2.0371554,-1.5670462,5.0,B00E0J0EL2
umap,10000,7702,-1.2589886,0.84841365,5.0,B008J0Z9TA
umap,10000,7703,2.8553042,-1.3108306,5.0,B07YFD37SF
umap,10000,7704,-1.1426245,0.7497823,5.0,B0046EDOWW
umap,10000,7705,-0.32839286,0.08799547,5.0,B005KQ0S8S
umap,10000,7706,0.6526044,-5.499156,5.0,B007L87V60
umap,10000,7707,1.2007468,3.1517303,5.0,B0051VVOB2
umap,10000,7708,-1.1771257,-4.147075,5.0,B005130BFA
umap,10000,7709,-2.488133,1.8596537,5.0,B0033VKKB2
umap,10000,7710,-1.126275,-4.2979093,5.0,B06Y3CYKQ2
umap,10000,7711,2.8823106,2.0000558,5.0,B0B6TW92BS
umap,10000,7712,1.9392846,1.984378,5.0,B01K8B8YA8
umap,10000,7713,2.5384157,3.158995,5.0,B09WDS7KLW
umap,10000,7714,1.6039343,-0.47060984,4.0,B07G61MFF6
umap,10000,7715,-1.0925514,-4.1242266,5.0,B0C6DWCB3D
umap,10000,7716,-0.09640629,-4.535373,5.0,B01KIPDDU0
umap,10000,7717,3.133733,1.9025751,5.0,B0742KMWL8
umap,10000,7718,-1.1579275,4.7331486,5.0,B00WHZVQFE
umap,10000,7719,2.336039,2.569824,5.0,B08XB923TK
umap,10000,7720,-4.052027,0.88832825,4.0,B0BN82YZQR
umap,10000,7721,-2.6981726,1.2538439,5.0,B0BF4WCZ8Q
umap,10000,7722,-0.49517414,4.773149,3.0,B07H4HXW14
umap,10000,7723,-1.2421036,4.4645824,5.0,B0BD9HDHPJ
umap,10000,7724,-0.5534537,-3.8495326,5.0,B0BTCLFDHM
umap,10000,7725,2.947412,1.3156406,1.0,B09HRD9X5P
umap,10000,7726,5.460515,4.513838,5.0,B0BMZS8QRZ
umap,10000,7727,2.1832879,1.592526,5.0,B011BRUOMO
umap,10000,7728,-2.5899842,-2.0465367,5.0,B08F9ZCTCL
umap,10000,7729,6.8399568,9.18708,5.0,B083XHP2GN
umap,10000,7730,-3.6469402,0.685258,5.0,B07P87SZMJ
umap,10000,7731,2.3123105,0.7381427,5.0,B07R8WFTG5
umap,10000,7732,4.974459,1.0270102,5.0,B07BKZVWDM
umap,10000,7733,6.1233487,-1.7519698,5.0,B002NIGDX0
umap,10000,7734,-1.1053843,1.9636508,3.0,B005Z2TG9Y
umap,10000,7735,1.1774974,3.3150327,4.0,B00U21WD4S
umap,10000,7736,-0.9398737,0.6951793,5.0,B086KSZWTW
umap,10000,7737,3.2834303,0.77351654,5.0,B0015ADR1I
umap,10000,7738,2.2791538,1.5901575,5.0,B08ZN9HT9W
umap,10000,7739,6.6297607,3.834021,5.0,B08ZN9HT9W
umap,10000,7740,6.693401,3.8409045,5.0,B08ZN9HT9W
umap,10000,7741,2.4710522,4.0756946,5.0,B0773YFM2N
umap,10000,7742,-2.9285617,0.13131678,5.0,B016AQXG80
umap,10000,7743,-0.21081054,1.3128306,5.0,B01MTF2Z37
umap,10000,7744,3.952515,1.7039938,5.0,B00S67CZLG
umap,10000,7745,2.3559012,4.075204,5.0,B00DQZTJKI
umap,10000,7746,1.5112091,2.8592029,4.0,B00KQNVQ6S
umap,10000,7747,2.8062222,2.3603606,5.0,B00GLJBZKI
umap,10000,7748,0.23330493,4.0374475,5.0,B0BKQZGST4
umap,10000,7749,3.1439738,0.85927224,5.0,B019GSZ6FK
umap,10000,7750,-1.0982487,0.7021863,5.0,B0B9WN2WDC
umap,10000,7751,-1.0890145,4.7457724,4.0,B09V3D2NM2
umap,10000,7752,-0.5093806,-3.102112,3.0,B0BHL9HXML
umap,10000,7753,-1.2835671,0.8745969,4.0,B07D1J88CF
umap,10000,7754,-2.8166106,1.3008025,4.0,B096K4MF5V
umap,10000,7755,-1.8943169,-3.1587183,5.0,B00007KDX6
umap,10000,7756,-0.7048605,3.6542206,5.0,B0C5D6ZX72
umap,10000,7757,3.1594157,-5.003795,5.0,B08FCGDR1W
umap,10000,7758,0.08874855,4.329404,4.0,B08JV8NB1Z
umap,10000,7759,-1.9882336,-1.8637577,2.0,B075X8471B
umap,10000,7760,-1.437773,-1.1920229,4.0,B079TT1C7Z
umap,10000,7761,-0.35076728,4.148727,5.0,B018FLUTT2
umap,10000,7762,4.881255,0.94627523,5.0,B085MY79KW
umap,10000,7763,7.5747504,4.364322,5.0,B07F4P3JH7
umap,10000,7764,1.8963348,1.6044413,5.0,B0BPMNM5J3
umap,10000,7765,0.5103807,4.7014275,5.0,B075RV7KR1
umap,10000,7766,7.5818396,4.3711705,5.0,B0773YFM2N
umap,10000,7767,1.7401861,1.7020705,4.0,B078DMYPB1
umap,10000,7768,-0.80992484,-4.606524,1.0,B07V2DMFM6
umap,10000,7769,3.2263682,0.54976666,1.0,B07D19LHXS
umap,10000,7770,-0.30090746,-3.837428,5.0,B011CV9G3C
umap,10000,7771,1.0510774,-2.5725038,5.0,B08KGXGDX5
umap,10000,7772,1.4253836,1.0146942,5.0,B0C7BDST52
umap,10000,7773,-3.5823722,-3.5509381,2.0,B08D7JPKLZ
umap,10000,7774,-4.4959626,3.801727,5.0,B018JR70U8
umap,10000,7775,-4.4959755,3.8019526,5.0,B008H66BH0
umap,10000,7776,-4.49665,3.802208,5.0,B00XK7Q72U
umap,10000,7777,2.0164561,-0.5780237,1.0,B09MYKYJ7W
umap,10000,7778,0.3648972,-4.9737744,5.0,B07QPPTBBC
umap,10000,7779,0.79392844,-2.2503335,3.0,B0B76BV9JN
umap,10000,7780,0.097210154,1.6323987,5.0,B09ZV2LJ67
umap,10000,7781,1.176223,-2.4855747,1.0,B08ZCQ3GVR
umap,10000,7782,5.297263,4.202741,5.0,B07P8BW3P2
umap,10000,7783,2.7326999,1.7157269,5.0,B0C4F2NHWH
umap,10000,7784,2.9870522,0.95159364,1.0,B087WJV8DY
umap,10000,7785,-1.618778,-3.5184338,3.0,B01NCUP9F3
umap,10000,7786,0.24222462,2.8822753,3.0,B06Y5WDVV3
umap,10000,7787,1.683511,-0.49992836,5.0,B00IVFUJBG
umap,10000,7788,1.0255781,-2.2253659,4.0,B078QK9856
umap,10000,7789,1.270492,-0.91453755,5.0,B01HXBUBUW
umap,10000,7790,0.8384382,-2.305236,1.0,B08VWZRB92
umap,10000,7791,1.0204704,-1.8745266,5.0,B012WF7ORW
umap,10000,7792,2.3621466,-1.8298533,1.0,B0B3RVRQKG
umap,10000,7793,-1.8998893,3.5924194,3.0,B08HM14L1P
umap,10000,7794,-3.4058616,-1.4222594,4.0,B08FWNNWTB
umap,10000,7795,1.5706412,-1.9191575,5.0,B09F95J33F
umap,10000,7796,-2.0537815,-2.4090843,4.0,B07GTGHQHB
umap,10000,7797,3.4501827,0.8522072,3.0,B07JPM5867
umap,10000,7798,-0.44343123,0.20252843,4.0,B0BWYPV5NY
umap,10000,7799,-0.45090958,3.6301856,3.0,B072ML61NW
umap,10000,7800,1.0755543,-0.7195422,4.0,B06Y41XM9Z
umap,10000,7801,1.5544605,1.3112044,4.0,B0152Z8644
umap,10000,7802,-3.358834,-1.4420118,5.0,B00F0DD0I6
umap,10000,7803,0.84253335,1.2068279,5.0,B006GFDOMO
umap,10000,7804,1.6031493,-1.7819303,5.0,B00WJE31QK
umap,10000,7805,-0.32567963,-3.2910047,2.0,B005LKB0IU
umap,10000,7806,0.08243849,-4.4810386,4.0,B00N438N3G
umap,10000,7807,5.384813,3.2355814,4.0,B00KG6YRPC
umap,10000,7808,1.524775,-0.09642441,3.0,B002DQTDTI
umap,10000,7809,-3.467811,-1.468629,5.0,B01GW1GO7S
umap,10000,7810,0.5131546,-1.5877645,5.0,B007UXTSTE
umap,10000,7811,-0.0710623,-2.9123335,5.0,B007GFX0PY
umap,10000,7812,-0.41488472,-2.5692852,4.0,B007Q45EF4
umap,10000,7813,-0.4731505,0.4007804,5.0,B00GPL2ZJ2
umap,10000,7814,1.259359,2.17565,5.0,B0058BG0UK
umap,10000,7815,2.8924034,2.2969377,5.0,B00023763Y
umap,10000,7816,-0.32063374,-1.6017606,5.0,B07Q1JVCTS
umap,10000,7817,-2.2469542,1.7841878,4.0,B003A5TX82
umap,10000,7818,0.5331905,-0.016568122,5.0,B002B480PA
umap,10000,7819,3.4841325,0.5862594,4.0,B00006BAJP
umap,10000,7820,-2.00148,-1.8750011,5.0,B017T9KF1S
umap,10000,7821,0.11441683,1.7953132,5.0,B010O0CBHU
umap,10000,7822,3.854158,1.0910752,5.0,B0B277V5RW
umap,10000,7823,0.06324361,0.5075277,5.0,B011KFQASE
umap,10000,7824,3.0068688,1.0632153,5.0,B004B7KO9U
umap,10000,7825,-1.9774275,-1.5393412,5.0,B00JMNUGSM
umap,10000,7826,3.8345933,0.85183173,5.0,B001BMKNZI
umap,10000,7827,0.22009397,3.3562906,1.0,B00ASLSQHK
umap,10000,7828,-1.6559856,-3.6407945,5.0,B0002344GG
umap,10000,7829,-3.238682,-1.590138,5.0,B0B97T3CQS
umap,10000,7830,-1.5937917,-1.8253225,5.0,B009L0409C
umap,10000,7831,-2.1627975,-0.9568927,3.0,B009IHHQUS
umap,10000,7832,-1.427578,-1.1510122,5.0,B002IRU936
umap,10000,7833,-1.4347035,-3.6244678,5.0,B00INCA0VG
umap,10000,7834,0.8616043,-2.2817795,5.0,B007KA5GFW
umap,10000,7835,-1.5312796,-3.4273376,5.0,B00XAJD7NA
umap,10000,7836,-2.1944788,-0.91702807,5.0,B008J54SKQ
umap,10000,7837,-1.522312,-1.6176237,5.0,B00176NKPS
umap,10000,7838,-2.52585,1.4818081,5.0,B005LTIJZI
umap,10000,7839,1.7738823,0.35736966,5.0,B08HYTVDQ6
umap,10000,7840,-1.3688469,1.2367191,4.0,B004HYGDCY
umap,10000,7841,-3.1086977,0.90523773,1.0,B0B7X9YLJX
umap,10000,7842,-0.5480581,2.5952883,5.0,B00CYX54C0
umap,10000,7843,3.050143,-4.917976,5.0,B07GFDT3YZ
umap,10000,7844,-0.47240615,0.43745372,4.0,B00U82O92U
umap,10000,7845,0.91903734,2.6057963,5.0,B00KHQWPZA
umap,10000,7846,0.27461907,4.1500263,4.0,B01ITUHLK4
umap,10000,7847,2.5023308,3.4090807,4.0,B00OVV2XX6
umap,10000,7848,4.664836,1.684327,5.0,B07SYW3XL1
umap,10000,7849,4.8255744,0.8998137,5.0,B0B6QVY9VB
umap,10000,7850,2.5183485,1.5853372,4.0,B00ST1Y2QU
umap,10000,7851,4.550694,1.8247191,4.0,B079GT4XJC
umap,10000,7852,-3.5875752,-3.4960446,3.0,B01K8B8YA8
umap,10000,7853,3.6371825,2.040849,5.0,B0036ZZ72W
umap,10000,7854,-3.1105227,-1.5561806,4.0,B0C49M9KPL
umap,10000,7855,5.052283,1.9563102,5.0,B09BL28YV5
umap,10000,7856,2.4791472,-1.1309093,4.0,B0B496582G
umap,10000,7857,2.3992126,-1.968702,5.0,B09XYMSZLL
umap,10000,7858,-3.6383271,-3.3930738,4.0,B07YP657FB
umap,10000,7859,3.2034686,0.96454805,2.0,B08QR8G55V
umap,10000,7860,1.4003408,0.89162016,5.0,B0C6D2VKPG
umap,10000,7861,1.9320632,-1.3243011,5.0,B01HRVABD0
umap,10000,7862,0.9526931,2.5811403,4.0,B07YD45KWW
umap,10000,7863,3.4589446,-0.82137173,5.0,B0BM9GV17J
umap,10000,7864,3.4854753,1.9208385,5.0,B07NDM32KQ
umap,10000,7865,3.508151,-0.63422114,5.0,B0C39DB47Z
umap,10000,7866,2.4357362,1.1478724,5.0,B07XBNWBC1
umap,10000,7867,-1.4400421,5.2278037,5.0,B074FTRZ8H
umap,10000,7868,4.2649226,2.7005963,5.0,B075JZNHTD
umap,10000,7869,-0.5606565,2.6130102,5.0,B01N57FYOD
umap,10000,7870,1.1504798,-1.972028,5.0,B07H7Z43ZY
umap,10000,7871,6.1406155,-1.630137,5.0,B0BVZZ36ZL
umap,10000,7872,0.57870615,-1.5075195,5.0,B08HD11Q4X
umap,10000,7873,1.506586,-2.2442544,5.0,B088GVRWKH
umap,10000,7874,6.220197,-1.6758524,5.0,B07X7TKDV2
umap,10000,7875,-0.477791,2.5019805,5.0,B07X84NZWF
umap,10000,7876,3.872265,0.90526944,5.0,B0C2PVFRWV
umap,10000,7877,2.018071,-1.0818294,5.0,B094TY4485
umap,10000,7878,1.0638295,-2.126069,5.0,B0C2PVFRWV
umap,10000,7879,0.33215857,0.9075949,5.0,B077GN5H7D
umap,10000,7880,1.4378965,4.3097157,5.0,B06XFVP9X7
umap,10000,7881,2.7250323,1.0224404,3.0,B074M6WRJC
umap,10000,7882,3.0621085,2.0419772,5.0,B01D1NSWFW
umap,10000,7883,1.7160556,-2.2390342,5.0,B01ISLH4V0
umap,10000,7884,1.3745663,-1.7347244,5.0,B074W2JMS6
umap,10000,7885,3.0670004,1.5113013,5.0,B000V6T5BI
umap,10000,7886,2.7231007,3.128,5.0,B07CKNG3KL
umap,10000,7887,-1.4712349,4.8531427,4.0,B00W110K4C
umap,10000,7888,0.51127213,-0.4658921,5.0,B00404SUZ4
umap,10000,7889,-0.7609256,-3.758922,3.0,B07P374FF3
umap,10000,7890,1.3494908,0.9079089,4.0,B08SW5Y36C
umap,10000,7891,0.9840968,2.5459104,3.0,B08YFJYD5Z
umap,10000,7892,4.677762,1.6139177,4.0,B08XJWRCKF
umap,10000,7893,-1.4601475,4.8296537,5.0,B08T15H2QL
umap,10000,7894,0.9107956,-5.1192865,5.0,B08ZKVYCK2
umap,10000,7895,7.6174107,2.9608138,5.0,B073JWXGNT
umap,10000,7896,7.4844937,3.2267585,5.0,B01GSHGBGU
umap,10000,7897,5.068387,0.94376385,5.0,B01FJUM2GU
umap,10000,7898,2.1900597,1.6265504,5.0,B092HSPZJ3
umap,10000,7899,5.1071205,0.93378025,5.0,B08DL8GTDP
umap,10000,7900,-0.6709251,-4.1343946,5.0,B01GF5ACUG
umap,10000,7901,5.1554866,3.952323,5.0,B07D443HDX
umap,10000,7902,4.350873,-1.6487876,1.0,B07JFSKMGQ
umap,10000,7903,5.838962,6.462687,5.0,B00CRQUKQ4
umap,10000,7904,-2.0407076,-1.7701536,4.0,B08WJSHSLC
umap,10000,7905,-3.2415829,-1.580584,1.0,B09M8N7YML
umap,10000,7906,1.9403131,-0.9160686,4.0,B0C6KQTXMZ
umap,10000,7907,-2.81488,-1.6924466,5.0,B00TS3NA6Q
umap,10000,7908,5.235001,3.4902763,5.0,B0BGCDYQQY
umap,10000,7909,-2.4792027,1.355468,5.0,B01A75AIBI
umap,10000,7910,2.6488385,2.6873243,2.0,B0050JJU3E
umap,10000,7911,6.198356,-1.6799958,4.0,B00KMRGF28
umap,10000,7912,1.4226502,0.7851347,5.0,B00J8BOH92
umap,10000,7913,-2.4483213,-1.880294,2.0,B0791T9CV7
umap,10000,7914,0.106776066,1.8390833,5.0,B077Z7NVBK
umap,10000,7915,4.275279,1.4569801,5.0,B00NKZ5R28
umap,10000,7916,4.300955,1.4517881,5.0,B08NTV82R3
umap,10000,7917,5.199908,4.188894,5.0,B003F6M3AG
umap,10000,7918,2.2262244,1.4281286,3.0,B01E565PIQ
umap,10000,7919,0.50925726,0.4416848,3.0,B017KOEARW
umap,10000,7920,0.06456587,-4.8170652,4.0,B00FO0IHMY
umap,10000,7921,-2.9267359,1.2286743,4.0,B01CW4BG4K
umap,10000,7922,0.7122702,-4.9035225,5.0,B0166SVYT0
umap,10000,7923,6.1139493,-1.718172,3.0,B00M48154Q
umap,10000,7924,-1.1607324,-4.1628284,3.0,B017T99JPG
umap,10000,7925,6.313429,3.9567032,5.0,B07H65KP63
umap,10000,7926,2.029343,1.6297365,5.0,B09529D86J
umap,10000,7927,1.6693832,-0.2791011,4.0,B01M3ULMWP
umap,10000,7928,-1.1235427,-4.2667675,4.0,B01AHWA2C6
umap,10000,7929,3.3199031,-0.7593265,4.0,B000CPZZAI
umap,10000,7930,-1.129494,1.940175,5.0,B0B1SWPFZS
umap,10000,7931,2.9276943,-1.274054,5.0,B0000AI0N1
umap,10000,7932,-1.1245437,-4.801445,5.0,B091JB6HQ7
umap,10000,7933,0.9406736,1.2684726,5.0,B004KSQANO
umap,10000,7934,0.9795356,1.2804797,5.0,B095JX15XF
umap,10000,7935,1.8299989,-0.43831012,5.0,B0039UN6SQ
umap,10000,7936,-2.8398364,0.59771854,5.0,B003NF5IVU
umap,10000,7937,-2.0542054,1.6136163,5.0,B003ZHV70C
umap,10000,7938,-4.047371,1.0265552,5.0,B00XKG49XA
umap,10000,7939,1.9438641,1.1044805,5.0,B002LITI70
umap,10000,7940,-3.9755573,1.1153126,5.0,B002IKKFJ6
umap,10000,7941,0.17762929,-4.337824,1.0,B09TFJS6GS
umap,10000,7942,-3.5632653,-3.5582843,4.0,B01K8B8YA8
umap,10000,7943,-1.9537609,-2.1314337,4.0,B07Y9D4JRD
umap,10000,7944,3.1126957,2.4375725,5.0,B07FXH4XVB
umap,10000,7945,5.033763,3.638208,5.0,B07C51583P
umap,10000,7946,7.3106875,3.9880424,3.0,B01DZDXSPM
umap,10000,7947,-1.2773812,-3.4896593,4.0,B0001FTVEK
umap,10000,7948,2.4447098,2.5191903,4.0,B01A6LSAZY
umap,10000,7949,-1.9843515,3.9313443,5.0,B0814WC1Y2
umap,10000,7950,2.350885,-2.0378695,5.0,B07GPGVYGX
umap,10000,7951,3.2504325,2.0890937,5.0,B00H471GRS
umap,10000,7952,-2.4364429,1.9138454,5.0,B06ZYJ9JQ5
umap,10000,7953,-1.6857367,4.4479046,5.0,B00BDC86NC
umap,10000,7954,-0.21730922,4.6720843,2.0,B00O1766VK
umap,10000,7955,-2.79092,1.0790294,5.0,B006P88VSE
umap,10000,7956,-0.38175026,4.368456,5.0,B00FAVIBCI
umap,10000,7957,3.4785118,1.7487912,5.0,B0BCPC68J6
umap,10000,7958,0.19526704,-5.4561176,5.0,B07DG251LH
umap,10000,7959,0.5082964,-5.554898,5.0,B06XKMZJJG
umap,10000,7960,0.21305253,4.160454,5.0,B00DJE33CG
umap,10000,7961,0.86778426,0.79894954,5.0,B07GZFM1ZM
umap,10000,7962,1.4032811,4.2701826,5.0,B07QVQ7WHQ
umap,10000,7963,3.303364,1.8295717,5.0,B07YYY1DDZ
umap,10000,7964,-3.5947685,-3.521889,5.0,B01K8B8YA8
umap,10000,7965,-1.4796448,-1.5775771,5.0,B00QOOZ4DE
umap,10000,7966,-2.0733762,-2.1519387,5.0,B071G57XQ2
umap,10000,7967,4.128334,3.3220294,5.0,B07QH6JJ5T
umap,10000,7968,2.3180716,-2.0756373,5.0,B00PKTU83U
umap,10000,7969,-0.03955904,4.2068954,4.0,B01K6PAWVK
umap,10000,7970,-0.37966743,2.662543,5.0,B0187WS270
umap,10000,7971,1.8561759,-1.0651551,5.0,B0C6PGZ3MB
umap,10000,7972,-1.8676546,1.1930075,5.0,B0C71PTXVC
umap,10000,7973,1.5743606,-1.4631649,5.0,B0BJ6YQDWC
umap,10000,7974,-2.3302646,1.8473662,5.0,B00RSM91J4
umap,10000,7975,6.910518,3.7686162,5.0,B01K8B8YA8
umap,10000,7976,-2.3995714,2.0058262,3.0,B008VXF5CQ
umap,10000,7977,4.304583,-1.6081951,5.0,B011SZ0COE
umap,10000,7978,4.8791866,0.97946256,5.0,B07W4MGFS6
umap,10000,7979,1.0322095,2.8146477,5.0,B010BWYDYA
umap,10000,7980,1.9302969,2.0739775,4.0,B07QMWR9GZ
umap,10000,7981,-0.30338058,4.643476,5.0,B07KG7BLFD
umap,10000,7982,0.37652355,3.9438374,3.0,B07CMBQFQL
umap,10000,7983,0.48013672,4.2685213,5.0,B00JEY4TUK
umap,10000,7984,0.14953205,-4.0075707,1.0,B0B6ZPFCPL
umap,10000,7985,0.12097916,-4.0202823,2.0,B08ZCP3Q1V
umap,10000,7986,5.114197,4.016269,5.0,B08RP4ZYVY
umap,10000,7987,-0.017203324,-3.314808,1.0,B07TKKDCGT
umap,10000,7988,-0.839648,3.383421,4.0,B01054S5FM
umap,10000,7989,4.312557,0.3511647,4.0,B00VBO0BNU
umap,10000,7990,4.3242526,2.7466605,5.0,B07V5WR9RM
umap,10000,7991,10.13275,5.8287177,5.0,B00FBJ0CJY
umap,10000,7992,2.53422,2.9490435,5.0,B01MPXJE8B
umap,10000,7993,6.6806507,1.2316567,5.0,B00BFRKYVM
umap,10000,7994,3.1560736,1.144524,1.0,B01LWRVB94
umap,10000,7995,6.6920114,1.2218648,5.0,B07ZFK6CZR
umap,10000,7996,6.6981688,1.1902322,5.0,B00HPMCO14
umap,10000,7997,6.684137,1.2075902,5.0,B077KGY9L2
umap,10000,7998,3.286624,2.410242,5.0,B08F2YHQ67
umap,10000,7999,0.34571806,2.493773,5.0,B075RXVW38
umap,10000,8000,0.7716157,4.4680433,5.0,B0B68XPYWJ
umap,10000,8001,-1.221287,-3.707022,5.0,B01K8B8YA8
umap,10000,8002,1.1000019,4.4063406,5.0,B073RHYXD1
umap,10000,8003,-1.3132285,-1.0787416,5.0,B0074FGR74
umap,10000,8004,-1.0626645,-4.7389765,5.0,B07P1FN7KQ
umap,10000,8005,-0.46652597,2.4857895,5.0,B004SUILFO
umap,10000,8006,0.7456364,-0.5460848,1.0,B0BZ49NHW2
umap,10000,8007,-2.9871895,1.6123618,5.0,B09GJWYXSP
umap,10000,8008,-2.771359,1.3631573,4.0,B08F6GPRH6
umap,10000,8009,2.325179,-1.914793,4.0,B09GMBHL8Z
umap,10000,8010,-3.5465379,-3.5777252,4.0,B07H65KP63
umap,10000,8011,-0.0124728335,1.53056,4.0,B00QOOZ4DE
umap,10000,8012,0.4647269,4.3022304,5.0,B00NSF6AYO
umap,10000,8013,1.3060836,0.91480464,5.0,B0CDPYGLTJ
umap,10000,8014,0.54957366,2.4632185,5.0,B07DQK6LQ9
umap,10000,8015,0.4839627,2.5309737,5.0,B07QN33986
umap,10000,8016,0.40537694,4.8852663,5.0,B094F88W46
umap,10000,8017,0.89501166,2.7099752,5.0,B0B6977T74
umap,10000,8018,-0.60990864,2.5361702,3.0,B08LGLSZP5
umap,10000,8019,7.5800323,4.369231,5.0,B07TF3YGJV
umap,10000,8020,0.27074206,-4.860931,5.0,B07J9LTMHJ
umap,10000,8021,0.14249524,3.539884,5.0,B071NVWQ82
umap,10000,8022,6.164317,-1.6654326,5.0,B07FCHTPJ4
umap,10000,8023,1.3760569,3.2039714,5.0,B00OQVZDJM
umap,10000,8024,0.42991775,4.910519,5.0,B00FVU5VJE
umap,10000,8025,-2.0689952,-2.2836535,5.0,B001GGAIIQ
umap,10000,8026,3.452475,-0.53621316,4.0,B08MWHSF8M
umap,10000,8027,1.5771,-1.898546,4.0,B017OY19TU
umap,10000,8028,6.111572,-1.7528044,4.0,B09Y8XXHYX
umap,10000,8029,5.1236343,1.9695983,4.0,B075M6275Q
umap,10000,8030,5.126265,1.96057,4.0,B0BBB6452B
umap,10000,8031,-1.1766881,-1.8181949,1.0,B0BPWG9DBX
umap,10000,8032,10.271652,-16.645643,4.0,B00D875R5K
umap,10000,8033,9.948373,-16.788181,4.0,B00NH12LCY
umap,10000,8034,5.178439,3.5858204,2.0,B00EO8L5TE
umap,10000,8035,0.015738921,-2.3276415,2.0,B002HEQD8K
umap,10000,8036,-2.9991937,1.080737,5.0,B013UT8P5Y
umap,10000,8037,4.938389,0.9397172,4.0,B013XHWAS6
umap,10000,8038,4.0288057,2.9102833,5.0,B003XRES32
umap,10000,8039,0.18376859,4.163955,5.0,B09HY98RGZ
umap,10000,8040,1.6819688,3.1357331,4.0,B06XQDWCJ2
umap,10000,8041,0.3917164,3.6939533,2.0,B01AHLQ53M
umap,10000,8042,0.25697,4.1329174,2.0,B01GDPL4IW
umap,10000,8043,1.1169217,3.9958608,1.0,B01D9K3NVK
umap,10000,8044,1.4664457,4.2756834,4.0,B06XT8SFRH
umap,10000,8045,-2.5056376,1.9848868,5.0,B005TGKX9S
umap,10000,8046,6.622074,2.739943,1.0,B07GW9TJ3G
umap,10000,8047,2.3805783,1.8236063,1.0,B07CPKBY82
umap,10000,8048,-2.1088388,2.0627406,1.0,B00004TBLW
umap,10000,8049,0.91374373,2.6072714,5.0,B01MTF2Z37
umap,10000,8050,2.9058385,0.39658508,5.0,B00NH12BXS
umap,10000,8051,1.0767968,2.8356745,3.0,B01BRWH8G8
umap,10000,8052,1.9288309,-1.9890898,5.0,B017G8ILMC
umap,10000,8053,1.3662031,3.9107265,5.0,B00APR4H2K
umap,10000,8054,1.4530591,-2.5068617,5.0,B002GU5XKE
umap,10000,8055,-2.1504755,-2.4208324,5.0,B00JJ5ILJ4
umap,10000,8056,-0.08554421,1.4678812,5.0,B000WYVBR0
umap,10000,8057,-1.1167479,1.9709526,4.0,B08FR6DJQ3
umap,10000,8058,2.3767745,-1.3722601,5.0,B07KTYJ769
umap,10000,8059,-2.0188847,-1.5876948,5.0,B075X8471B
umap,10000,8060,-0.6956491,5.183707,5.0,B0971384WR
umap,10000,8061,0.65849566,-2.161706,1.0,B07H5S7X4X
umap,10000,8062,3.338741,0.7755277,1.0,B0087IMWUS
umap,10000,8063,-2.4050794,0.15043017,5.0,B09NZX16XD
umap,10000,8064,0.8350842,2.607445,5.0,B08YFJ1D9V
umap,10000,8065,5.1600575,3.5700843,1.0,B01M3Y66CY
umap,10000,8066,1.2748687,0.9067398,5.0,B08WJSHSLC
umap,10000,8067,1.0264546,2.9090562,5.0,B08J9NQ6CS
umap,10000,8068,3.0023422,-4.862686,5.0,B07JHLG7G1
umap,10000,8069,2.8826036,1.9209249,1.0,B075M7TH3Z
umap,10000,8070,0.21428657,2.6329916,5.0,B00HHEAMXC
umap,10000,8071,-2.2269578,1.6824704,5.0,B00AY8VHNW
umap,10000,8072,0.3303101,4.8086133,5.0,B002NNIJXM
umap,10000,8073,2.477669,4.069897,5.0,B07PZS2WX9
umap,10000,8074,7.0954437,3.8196263,5.0,B07KTYJ769
umap,10000,8075,0.87907743,2.1616518,5.0,B07N8VFFNS
umap,10000,8076,-0.75050104,-4.0581417,3.0,B0986XZDBZ
umap,10000,8077,2.2492514,3.5521538,4.0,B08BJM6LCG
umap,10000,8078,2.6536543,3.3909543,5.0,B07BRQPVFZ
umap,10000,8079,-0.41846383,-2.977842,3.0,B09V28P31X
umap,10000,8080,4.2072363,-1.5087279,4.0,B07N1FF2GT
umap,10000,8081,7.775139,3.9141426,5.0,B01ITOESHY
umap,10000,8082,10.134649,5.828769,4.0,B001B7H6B2
umap,10000,8083,3.8136284,0.6915957,4.0,B00YBCG1LU
umap,10000,8084,-3.1525652,-1.5872388,5.0,B0077BB3VA
umap,10000,8085,3.293577,1.611954,5.0,B00XIL0U9O
umap,10000,8086,-2.3581252,1.4976329,5.0,B083JFTZMN
umap,10000,8087,5.2374854,3.405165,4.0,B08DKR85CX
umap,10000,8088,4.3757534,3.026005,3.0,B07JG1VFBX
umap,10000,8089,0.44984728,-4.9599433,2.0,B07LH21GR2
umap,10000,8090,3.725265,0.6684573,5.0,B0BNCFB59F
umap,10000,8091,-2.920123,0.6967697,5.0,B072QLXK2T
umap,10000,8092,-1.0414294,-4.6953197,5.0,B06XDSMDKV
umap,10000,8093,0.88730335,-4.9154773,5.0,B07HQM66CY
umap,10000,8094,1.2967051,4.392816,5.0,B01N6HUME3
umap,10000,8095,-0.32959336,4.705368,5.0,B011XNE9XQ
umap,10000,8096,4.975303,0.926425,5.0,B01MTY7MSK
umap,10000,8097,7.600235,4.3901944,5.0,B07F4P3JH7
umap,10000,8098,1.7438154,0.014634232,5.0,B01N24N9TH
umap,10000,8099,2.751602,3.2785947,1.0,B09GKFLD57
umap,10000,8100,2.1079385,1.5587835,5.0,B0B4SWZTZ1
umap,10000,8101,-3.5497715,-3.5655239,5.0,B0BFHLQJPM
umap,10000,8102,-0.44438213,4.567176,5.0,B074KQJ297
umap,10000,8103,0.43333906,4.4306116,5.0,B071W8ZRGP
umap,10000,8104,2.0216079,2.8824573,5.0,B008I647MA
umap,10000,8105,1.5144098,-0.71933043,5.0,B00X088DZI
umap,10000,8106,0.20150752,-4.85481,5.0,B0179DDIQI
umap,10000,8107,1.6098955,-2.1263363,5.0,B00SMVLPIK
umap,10000,8108,3.4805312,0.9083788,5.0,B07454F4JH
umap,10000,8109,0.27024916,-5.3800273,2.0,B007VKII6A
umap,10000,8110,2.722193,-1.0357093,5.0,B07RS68PJ7
umap,10000,8111,1.5333393,-0.6855669,5.0,B00G2UTVH0
umap,10000,8112,-0.55390203,0.35331956,5.0,B09VS4V18K
umap,10000,8113,-0.99286777,-3.8951907,5.0,B00WA4PSEM
umap,10000,8114,-1.2712559,0.89265764,5.0,B075B5T7L5
umap,10000,8115,-0.8498942,-3.9614449,5.0,B0BZKKY978
umap,10000,8116,0.45629424,4.461633,5.0,B018Y226XO
umap,10000,8117,-2.9054666,1.2721512,5.0,B079DTP64M
umap,10000,8118,0.8196686,3.3915908,5.0,B07H9HGTC6
umap,10000,8119,2.7319188,-1.0429517,5.0,B077DGQJJZ
umap,10000,8120,2.314882,-0.98457897,3.0,B0012BL8LG
umap,10000,8121,0.9999808,-2.6650188,5.0,B00O072KD4
umap,10000,8122,0.8757206,-2.8311732,5.0,B00WECQQMS
umap,10000,8123,-1.4287748,-4.404658,4.0,B01C6ESQM6
umap,10000,8124,2.7550411,-1.3723162,5.0,B00YYDHA9S
umap,10000,8125,1.578069,0.55467826,5.0,B095JX15XF
umap,10000,8126,-1.4700029,0.96488917,5.0,B01N0H8WUZ
umap,10000,8127,-2.5315495,2.0799363,5.0,B06ZYJ9JQ5
umap,10000,8128,-0.36386535,-3.0968583,5.0,B004M8SSZK
umap,10000,8129,-1.9827404,-2.2048945,5.0,B00WTZGRRE
umap,10000,8130,-4.084985,0.9465839,4.0,B00TAEKUL6
umap,10000,8131,4.2667294,-1.5834388,4.0,B00D7CWSCG
umap,10000,8132,-0.66574925,-0.5612675,5.0,B004G8QO8E
umap,10000,8133,-1.1186576,-3.0919805,4.0,B006B1C3UW
umap,10000,8134,-1.1351179,-4.7135754,5.0,B00009QOW4
umap,10000,8135,-1.0009998,-4.7279525,5.0,B004CLYOH8
umap,10000,8136,3.0566037,-4.898502,5.0,B0BMGP2ZZZ
umap,10000,8137,0.11516605,4.073336,5.0,B0B17SVFFL
umap,10000,8138,-1.3488052,-4.1811333,3.0,B08HMMB7J5
umap,10000,8139,-0.9412044,-3.451619,5.0,B07H65KP63
umap,10000,8140,8.336105,5.9060154,5.0,B0BF5WX7GV
umap,10000,8141,0.05746422,4.191142,5.0,B07211G2X7
umap,10000,8142,2.873369,2.1177886,5.0,B088R271ZP
umap,10000,8143,2.7488267,2.0402133,5.0,B089367QQD
umap,10000,8144,2.7244124,2.3196356,5.0,B07K8XPS7J
umap,10000,8145,3.2857857,2.5816257,5.0,B06ZZJ5NL7
umap,10000,8146,0.33592194,3.1246924,4.0,B00AY6OPUQ
umap,10000,8147,3.9651945,2.3151934,5.0,B07YZ8Q3QM
umap,10000,8148,0.9194654,-2.1651337,5.0,B071WBWGBT
umap,10000,8149,-1.6743048,-1.5177515,5.0,B01M1LBMEI
umap,10000,8150,-1.8681209,-1.0110118,5.0,B075X8471B
umap,10000,8151,3.7594213,3.0970917,4.0,B0C6LBCGJ5
umap,10000,8152,3.7686932,3.1154733,4.0,B010LHRFM2
umap,10000,8153,3.7531648,3.102701,4.0,B074DXQ5VL
umap,10000,8154,3.7383492,3.102435,4.0,B00TQQN2GI
umap,10000,8155,3.7580142,3.0945382,4.0,B00X7WZ9U4
umap,10000,8156,3.7478807,3.1181629,5.0,B00465UNYI
umap,10000,8157,3.7788033,3.1131778,5.0,B01LY54Q7R
umap,10000,8158,-2.945985,0.7085575,5.0,B00N2ZDXW2
umap,10000,8159,-0.4549306,0.3540882,5.0,B08G14NBCS
umap,10000,8160,4.9235387,1.1403358,5.0,B07TMNZPXK
umap,10000,8161,-1.5472324,-4.0591054,5.0,B0CBWV3Q8B
umap,10000,8162,2.028363,-0.3415459,5.0,B07HCXQCV6
umap,10000,8163,0.8432256,-2.102126,5.0,B077ZWC2BR
umap,10000,8164,-2.7413008,-0.02169507,5.0,B07G59MHGQ
umap,10000,8165,-1.6179498,-1.6016843,5.0,B0C7FQSVNL
umap,10000,8166,-1.4764732,-1.2753423,5.0,B00LD3Q56G
umap,10000,8167,1.9191736,2.2275903,5.0,B01LWRUX6B
umap,10000,8168,2.6755166,-0.967719,5.0,B073J7KY1P
umap,10000,8169,1.8722157,2.2586098,5.0,B00YCWKD5E
umap,10000,8170,-2.6093037,-2.0359895,5.0,B075X8471B
umap,10000,8171,6.2126126,-1.6830915,5.0,B00E7IPN0I
umap,10000,8172,6.2210646,-1.6738366,5.0,B08YMVB98D
umap,10000,8173,1.9016933,2.2145598,5.0,B008I636D6
umap,10000,8174,0.5302186,3.7201896,5.0,B07KS6KDDB
umap,10000,8175,-1.3013673,0.8739366,5.0,B073JYC4XM
umap,10000,8176,0.87997454,-1.9587001,5.0,B01JCHOKW0
umap,10000,8177,-1.6190665,-1.4815114,5.0,B07NSJS814
umap,10000,8178,-2.4385467,1.6321162,5.0,B00VGI2YUY
umap,10000,8179,-2.3406947,1.7190578,5.0,B06VVZ42SY
umap,10000,8180,-1.4768438,-1.2480562,5.0,B002RSQ732
umap,10000,8181,-0.22216506,-3.8625212,5.0,B019MBUX40
umap,10000,8182,6.8403697,9.187231,5.0,B00EHFJGW2
umap,10000,8183,-1.9146174,1.6343793,5.0,B0064I7CIU
umap,10000,8184,-0.5293204,0.38827956,5.0,B003GZ828I
umap,10000,8185,4.211449,1.6472641,5.0,B0083J7XCS
umap,10000,8186,-1.4703983,-0.69320863,5.0,B00C74T1UC
umap,10000,8187,2.944951,1.8502041,5.0,B007T13LD6
umap,10000,8188,-1.0590491,-4.699197,5.0,B00FL2WX2K
umap,10000,8189,-1.4689054,-0.6231535,1.0,B0012N0ZAY
umap,10000,8190,4.882926,1.0353564,5.0,B016XQU30Q
umap,10000,8191,-1.0695049,-0.24090979,4.0,B01MTF2Z37
umap,10000,8192,2.0934877,2.6057236,5.0,B017A33Q78
umap,10000,8193,1.8771161,-1.4520284,5.0,B0BR525W2N
umap,10000,8194,-1.5129039,-3.4450004,5.0,B08L4TPHMJ
umap,10000,8195,2.208185,-2.0671427,5.0,B075M6275Q
umap,10000,8196,1.2546711,4.300931,4.0,B012TEXKM4
umap,10000,8197,1.7249423,-0.46250573,3.0,B00KNJJPSG
umap,10000,8198,3.6427543,1.0991979,5.0,B07P241647
umap,10000,8199,5.0047016,0.9513582,5.0,B09BYCKXY4
umap,10000,8200,-3.809414,1.073148,5.0,B00XK13TQS
umap,10000,8201,5.0076404,1.6187755,5.0,B07KNV32TZ
umap,10000,8202,-2.7772892,1.5743432,5.0,B08LZJ8GMH
umap,10000,8203,3.804362,1.4955413,5.0,B07Q585X37
umap,10000,8204,3.4782135,1.4895818,5.0,B071FNW1NT
umap,10000,8205,4.219203,-1.5506153,5.0,B073SB1T9C
umap,10000,8206,0.47870287,-5.514255,4.0,B01CTQ5TKI
umap,10000,8207,-0.45654184,3.0860467,4.0,B01798WTD6
umap,10000,8208,0.37571603,4.674937,5.0,B01HURMBNY
umap,10000,8209,3.1985533,1.868845,5.0,B00JR6Q76Y
umap,10000,8210,2.750049,3.1560972,5.0,B01K8B8YA8
umap,10000,8211,3.5203333,2.7352355,5.0,B01F48MVTU
umap,10000,8212,3.7110968,2.9493184,5.0,B09YXH5HGM
umap,10000,8213,4.988164,3.4445477,1.0,B09KYF64YM
umap,10000,8214,2.5621383,3.0029564,4.0,B007QV9K34
umap,10000,8215,-2.0983593,-2.5149581,2.0,B00IF70T4M
umap,10000,8216,-0.38217857,0.97208464,2.0,B003CKC8W8
umap,10000,8217,0.19263625,-5.393605,5.0,B06X19MMDG
umap,10000,8218,-0.4843543,0.30889404,3.0,B079683PSX
umap,10000,8219,-2.0457158,3.6275642,3.0,B07C1DJDSV
umap,10000,8220,2.3586197,-1.4863802,5.0,B01ASXFWEC
umap,10000,8221,-2.67013,1.841199,3.0,B00RKNND2W
umap,10000,8222,-1.0167775,-2.3104947,1.0,B0757B1ZSX
umap,10000,8223,1.1344533,3.8505588,5.0,B07PJQYTFB
umap,10000,8224,6.1808763,-1.6519499,1.0,B071XB24FM
umap,10000,8225,-3.3595517,-1.411546,4.0,B0C3DJMBTC
umap,10000,8226,0.9285132,-4.999116,5.0,B0C3WKJF3P
umap,10000,8227,0.04038242,2.4177506,5.0,B00WRDS0AU
umap,10000,8228,-1.604724,4.2860966,5.0,B08P3VMW76
umap,10000,8229,-0.1415311,-5.136582,4.0,B01K3ZR0RC
umap,10000,8230,2.043631,0.31490552,4.0,B09MTSLT2T
umap,10000,8231,0.6160083,-5.5043983,5.0,B07W4GJGCM
umap,10000,8232,-0.87184197,4.8046713,5.0,B0132I723Y
umap,10000,8233,1.3176643,3.1005423,3.0,B0117U82EM
umap,10000,8234,-0.6924872,3.5729487,5.0,B015JX3H48
umap,10000,8235,-0.95690286,-1.9738362,5.0,B00000J1QR
umap,10000,8236,-1.2667189,-1.745852,3.0,B00AWKC0EC
umap,10000,8237,2.5782254,-1.8972017,5.0,B0000CCQKV
umap,10000,8238,-1.8809155,-3.07288,1.0,B00XIPZEPU
umap,10000,8239,1.0701072,3.9758635,5.0,B004A7ZEI2
umap,10000,8240,-2.0001192,-1.8296946,5.0,B00W4TKYCO
umap,10000,8241,-1.032603,-4.7318397,5.0,B01LVVG5XS
umap,10000,8242,-1.1689978,1.8754749,4.0,B0B1SWPFZS
umap,10000,8243,2.9710307,2.198203,5.0,B001KOTDYO
umap,10000,8244,-1.7190871,2.3299997,1.0,B00UTDSI5M
umap,10000,8245,0.33431074,0.8594261,5.0,B002NKCHRY
umap,10000,8246,2.1777828,-0.533876,5.0,B0CC5Y53YT
umap,10000,8247,-0.94779503,-3.196404,5.0,B0C3NMZ2C7
umap,10000,8248,0.99225116,2.4004977,1.0,B07P374FF3
umap,10000,8249,-1.7044775,-1.8851523,4.0,B01K8B8YA8
umap,10000,8250,6.663361,1.212723,5.0,B0B68Y9D3S
umap,10000,8251,3.7173162,0.6669508,5.0,B01M0GB8CC
umap,10000,8252,-1.7292806,2.0129497,5.0,B01JIBWCX4
umap,10000,8253,3.0884128,-4.9268622,5.0,B087GCGWXS
umap,10000,8254,1.187515,-2.5131044,5.0,B07VGHBZGT
umap,10000,8255,3.7438285,3.0139658,5.0,B015D8EBLW
umap,10000,8256,6.92175,3.7882044,5.0,B00KGPSDDA
umap,10000,8257,-0.782608,-3.9034715,5.0,B08F38BHK1
umap,10000,8258,1.9195758,1.6133741,5.0,B07BFCVJZC
umap,10000,8259,-1.6638497,-1.4529237,5.0,B0CBPXRPNC
umap,10000,8260,3.7501829,2.922797,5.0,B08ZLVK881
umap,10000,8261,4.0772943,2.8556983,5.0,B08KXL6KQM
umap,10000,8262,2.4945679,4.061842,5.0,B08BCHD12K
umap,10000,8263,0.53257334,-0.43926418,5.0,B08CT9CYK4
umap,10000,8264,-0.34487295,2.2337282,5.0,B072JW9LT8
umap,10000,8265,4.7621446,3.5817926,5.0,B08RYZ219J
umap,10000,8266,4.39254,1.5422186,3.0,B0BYFHJWHC
umap,10000,8267,4.1612234,1.4542351,3.0,B0B6JK8HHJ
umap,10000,8268,5.0552716,1.2437016,5.0,B097XG3LYF
umap,10000,8269,3.0558631,0.7000874,4.0,B095GFVX6T
umap,10000,8270,2.2826967,-1.6116427,5.0,B09L7VKD2K
umap,10000,8271,-0.945121,-3.2547987,5.0,B088B3SX7T
umap,10000,8272,-0.93232995,-2.813655,5.0,B081RBXJ11
umap,10000,8273,0.5678509,-5.4457297,3.0,B077XB4QMQ
umap,10000,8274,2.6950212,3.0170457,5.0,B07QYZZD8K
umap,10000,8275,2.4770174,4.0605392,5.0,B0815BWYXC
umap,10000,8276,-0.6093093,-4.0200124,5.0,B07YCS8J8F
umap,10000,8277,0.43849203,-4.581572,1.0,B01LZ1UH3M
umap,10000,8278,2.3755639,-1.7882303,5.0,B01AT23UGE
umap,10000,8279,10.122729,5.819954,4.0,B083TH1B45
umap,10000,8280,3.0598238,-4.906462,3.0,B0894MY5JK
umap,10000,8281,-0.52038544,2.6268113,5.0,B0725X7NSJ
umap,10000,8282,-0.36533755,-0.89407915,5.0,B01C6HBJOA
umap,10000,8283,-1.6428157,-1.0713012,5.0,B086VR9J8Q
umap,10000,8284,0.13608754,1.5130078,4.0,B07XLMRNC4
umap,10000,8285,1.61727,-2.469732,5.0,B01JPDTZXK
umap,10000,8286,-1.1314747,-3.1420155,4.0,B0742J4GTD
umap,10000,8287,-2.0679183,-2.4633768,4.0,B07H1KQ3SH
umap,10000,8288,-2.0312216,-1.5961905,5.0,B075X8471B
umap,10000,8289,8.701023,5.6932034,5.0,B0B7W6K288
umap,10000,8290,0.47715166,-0.5083375,5.0,B0C15Q5H7H
umap,10000,8291,-5.116663,0.30225438,3.0,B09F688VDG
umap,10000,8292,6.1947985,-1.7228687,5.0,B094TY4485
umap,10000,8293,12.538974,-11.278272,5.0,B096FJY39R
umap,10000,8294,3.6195555,2.8630557,5.0,B06XW7T3WD
umap,10000,8295,7.479356,3.9800382,4.0,B0837CF4LW
umap,10000,8296,4.0427647,2.920128,5.0,B08P72Y8MN
umap,10000,8297,4.0145245,2.924453,5.0,B07ZPS3VZS
umap,10000,8298,12.542794,-11.27459,5.0,B00404SUZ4
umap,10000,8299,2.520418,4.048525,5.0,B07CHBD8TH
umap,10000,8300,12.54958,-11.294291,5.0,B073XJMWPX
umap,10000,8301,6.6215153,3.8596363,5.0,B07V7C2K3Y
umap,10000,8302,12.527123,-11.282098,5.0,B07Q585X37
umap,10000,8303,12.5412245,-11.275334,5.0,B07QF64V3H
umap,10000,8304,10.138085,5.8339963,1.0,B07MG9J4T1
umap,10000,8305,3.6186733,2.849989,5.0,B09K3KX9V9
umap,10000,8306,-0.6148609,-4.0217447,5.0,B0BW4PFM58
umap,10000,8307,0.91968966,2.5225277,5.0,B07NTRR9JB
umap,10000,8308,4.790646,3.6113248,5.0,B07N8VFFNS
umap,10000,8309,3.6971302,2.8719034,5.0,B00O4OR4GQ
umap,10000,8310,3.6314106,2.8681073,5.0,B01BHBL6US
umap,10000,8311,3.6194196,2.9121907,5.0,B01MEH8J9Z
umap,10000,8312,5.297655,3.0990624,5.0,B0BBRM88BJ
umap,10000,8313,-5.068827,0.35210314,5.0,B0B45T7YNX
umap,10000,8314,-1.4615453,5.2128916,5.0,B09BQBLQW9
umap,10000,8315,0.2523577,2.2945914,5.0,B074N81CZN
umap,10000,8316,0.523427,1.9234204,5.0,B07BHQ8YVJ
umap,10000,8317,-0.46945515,3.612266,4.0,B00LU9HKEY
umap,10000,8318,2.3396466,-1.2026026,5.0,B016OTLSWO
umap,10000,8319,0.73163813,3.335224,5.0,B01LYC1X4I
umap,10000,8320,0.8483058,1.3731874,5.0,B07TKJYRR7
umap,10000,8321,4.5016203,-0.032667123,5.0,B0BJZFH3VZ
umap,10000,8322,-2.3359995,-1.627622,5.0,B00WY654TU
umap,10000,8323,-1.0673537,2.036379,4.0,B00T7L96VW
umap,10000,8324,-1.1771076,-0.13731654,4.0,B000HRYV38
umap,10000,8325,-1.4083697,-1.1629484,5.0,B00BFQHGUU
umap,10000,8326,1.3496411,-1.8392543,5.0,B01MYMMZS1
umap,10000,8327,0.3796755,4.7635784,5.0,B009WYE7PE
umap,10000,8328,-1.2211235,-3.974942,5.0,B077Y93YRR
umap,10000,8329,3.0236762,0.78215253,5.0,B087C28QM5
umap,10000,8330,-3.5279768,-3.6202197,5.0,B01K8B8YA8
umap,10000,8331,4.7509637,1.0514276,5.0,B012CDLF3S
umap,10000,8332,4.8293953,0.95591015,5.0,B00F4QUIZC
umap,10000,8333,3.0514908,2.3386126,5.0,B01BFIBRIE
umap,10000,8334,10.286433,-16.644629,5.0,B006GWO5WK
umap,10000,8335,7.1140714,3.849479,5.0,B00AFKCASA
umap,10000,8336,0.39905635,4.9738894,5.0,B003P7VU40
umap,10000,8337,3.0153954,0.4568548,1.0,B08R9PTZ5G
umap,10000,8338,4.8399434,1.6508996,5.0,B0B4DCFYF9
umap,10000,8339,-3.1924946,-1.4317235,5.0,B07GT37484
umap,10000,8340,0.5531508,3.1351948,5.0,B08B87QPVX
umap,10000,8341,-1.7324216,-1.8221639,5.0,B077Z7NVBK
umap,10000,8342,0.41959184,4.947846,5.0,B079GK18R8
umap,10000,8343,-2.0581646,-0.8907414,5.0,B00VJUH8WI
umap,10000,8344,-1.9718378,1.8001175,5.0,B002LC2DQ4
umap,10000,8345,-2.942121,0.7287819,5.0,B0866SG5XM
umap,10000,8346,2.0539916,3.2881808,5.0,B0864SF4GC
umap,10000,8347,0.58895403,-5.2522407,5.0,B0002JY712
umap,10000,8348,2.3849263,2.1321242,5.0,B09F8RQZ44
umap,10000,8349,1.485402,1.4054185,5.0,B078NNDXTG
umap,10000,8350,0.5795438,2.1213775,5.0,B09F8RQZ44
umap,10000,8351,2.135169,1.3052163,4.0,B08BFZQKGY
umap,10000,8352,1.6064178,-0.36224625,5.0,B081GHTVQ6
umap,10000,8353,0.6560326,-5.592099,5.0,B00WFRI8G4
umap,10000,8354,2.0019987,0.79096156,5.0,B0BZPC1SM5
umap,10000,8355,0.20666577,4.202645,5.0,B01GCBXD2W
umap,10000,8356,2.4415994,-1.7805486,5.0,B078NNDXTG
umap,10000,8357,-1.9775425,-1.5662982,4.0,B075X8471B
umap,10000,8358,2.5413342,3.4495797,3.0,B01LYO6PVK
umap,10000,8359,3.0545633,-4.9712796,5.0,B085XS36F5
umap,10000,8360,4.875369,0.8225239,5.0,B082YTP6NR
umap,10000,8361,-2.191084,-0.88928527,5.0,B00BJ2MC0E
umap,10000,8362,3.0880835,2.0766747,5.0,B00C16UL96
umap,10000,8363,3.4997966,-0.86276394,5.0,B08TBW4VDB
umap,10000,8364,3.2931645,-0.98686224,5.0,B00N02W4RC
umap,10000,8365,-3.380901,-3.3002582,5.0,B01K8B8YA8
umap,10000,8366,-1.2167315,1.1466604,5.0,B08DLSLCF3
umap,10000,8367,2.5082886,4.0585113,5.0,B09L3KQK6V
umap,10000,8368,1.5761632,-1.0928774,5.0,B0B5D96R42
umap,10000,8369,-5.1125007,0.32074118,5.0,B0843HV4D5
umap,10000,8370,5.156419,4.0700784,3.0,B0BS6KLLT1
umap,10000,8371,7.454779,3.9321914,5.0,B0060BBD40
umap,10000,8372,8.814488,3.6181333,5.0,B09MDX8FTY
umap,10000,8373,5.085882,3.5932417,1.0,B009CRH0QE
umap,10000,8374,7.2168503,2.8210258,5.0,B00AU0ALZE
umap,10000,8375,7.7325144,2.5212245,5.0,B008GWPC1Q
umap,10000,8376,3.1434157,1.4849726,5.0,B0007LXQBW
umap,10000,8377,3.9017076,1.8780174,5.0,B07FCHTPJ4
umap,10000,8378,3.3742926,1.7590058,5.0,B008GMGNBE
umap,10000,8379,2.5527406,1.9826022,5.0,B073SJ7436
umap,10000,8380,-1.1343299,2.0039303,5.0,B00CB4UCW4
umap,10000,8381,1.8364586,-1.2508937,2.0,B08TCCVSMZ
umap,10000,8382,-0.7992205,-3.972302,5.0,B08B45R9CF
umap,10000,8383,-2.0477982,-2.4423788,5.0,B086YLVSK4
umap,10000,8384,-2.4394085,2.605642,5.0,B0843TLRPS
umap,10000,8385,-2.259104,1.6898346,5.0,B01N7OJNEX
umap,10000,8386,5.9619226,1.5772505,5.0,B015IYIFTU
umap,10000,8387,-2.327831,2.0015366,5.0,B077XMWV75
umap,10000,8388,-0.5094104,0.31296533,5.0,B07454F4JH
umap,10000,8389,-0.14461029,-5.1092014,5.0,B07Q5CPHX2
umap,10000,8390,1.6569735,-0.4313452,5.0,B08KRC18S8
umap,10000,8391,1.9932214,1.6458882,5.0,B07GZFM1ZM
umap,10000,8392,2.012024,1.5851972,5.0,B01N1X28F1
umap,10000,8393,1.9211955,1.2287208,2.0,B01K1UKI46
umap,10000,8394,2.235124,1.571252,5.0,B006T9B6R2
umap,10000,8395,1.6963891,1.8244133,4.0,B01636P5Q8
umap,10000,8396,4.2740545,1.5684686,5.0,B000WYVBR0
umap,10000,8397,1.4390682,1.0826927,5.0,B074M6SXC4
umap,10000,8398,7.5774364,4.3700366,5.0,B075X8471B
umap,10000,8399,-1.1900752,-0.15675597,3.0,B0111XJXIE
umap,10000,8400,3.5105374,2.902614,5.0,B09GLZ94XX
umap,10000,8401,-1.0115975,-2.2692945,2.0,B0C5ZCFXB6
umap,10000,8402,5.015175,1.6522238,5.0,B08KZ1TZYB
umap,10000,8403,5.1607714,2.0489175,5.0,B01J90ONQ8
umap,10000,8404,3.8006628,-0.272201,5.0,B01LX3GTZ0
umap,10000,8405,2.5828373,3.8983786,5.0,B071HXTMWV
umap,10000,8406,2.6695635,3.035732,3.0,B0007KPRU6
umap,10000,8407,-0.9363275,-2.9796076,5.0,B000ABTP8C
umap,10000,8408,-2.2124755,-0.882615,5.0,B077M3B33F
umap,10000,8409,-3.8896167,0.52396244,5.0,B07H3W1FD8
umap,10000,8410,-2.214203,-0.88267034,5.0,B07JBHB63N
umap,10000,8411,3.4312465,1.2447222,5.0,B005IW3HM8
umap,10000,8412,2.507272,3.8947592,5.0,B073YM36ZD
umap,10000,8413,-0.2582373,4.6730075,5.0,B09C4KQRHP
umap,10000,8414,2.3867617,4.094891,5.0,B01DQM3DQ6
umap,10000,8415,4.455086,0.07428086,5.0,B00466YF9G
umap,10000,8416,3.1882463,2.526232,4.0,B089BWXRGJ
umap,10000,8417,2.1692379,1.5570779,4.0,B089PCBJ45
umap,10000,8418,1.1292207,0.3590289,3.0,B07Q1CVZ9P
umap,10000,8419,9.95009,-16.781637,5.0,B00NKZ5R28
umap,10000,8420,5.1146636,4.4388328,5.0,B00QOQU95K
umap,10000,8421,0.80860347,-2.4578335,1.0,B0006N3EVS
umap,10000,8422,4.3105855,3.3849938,5.0,B002V5AYAS
umap,10000,8423,-0.5316189,2.5385194,5.0,B008RBHP98
umap,10000,8424,0.3906777,4.91819,5.0,B0CFCW881C
umap,10000,8425,3.4281127,-0.94467306,5.0,B09S6QPQFS
umap,10000,8426,0.47819677,4.9594088,5.0,B07ZSBXMVB
umap,10000,8427,-0.050723445,-1.2206252,5.0,B08PFN3CMM
umap,10000,8428,-3.7598526,1.3595073,5.0,B0796VRYV3
umap,10000,8429,2.6644647,-1.5184282,5.0,B08P57SRLD
umap,10000,8430,1.5648698,1.4589934,5.0,B09Z6S8C7W
umap,10000,8431,-0.368327,0.654628,5.0,B00E5TQ3OY
umap,10000,8432,0.75275576,-2.2923367,5.0,B07SMNZK8H
umap,10000,8433,-3.0457046,-1.7023051,4.0,B014YN7LVE
umap,10000,8434,2.9097981,2.1016328,5.0,B07RCMTLHD
umap,10000,8435,4.537486,1.8406792,5.0,B0B2DD1SC2
umap,10000,8436,3.4411392,1.6107347,5.0,B07NPFJJ7K
umap,10000,8437,1.3934565,0.7418496,3.0,B014FEM0X6
umap,10000,8438,4.18591,1.510255,5.0,B073JWXGNT
umap,10000,8439,3.4979424,1.8761072,5.0,B01H3KTZUK
umap,10000,8440,1.741358,-1.9735646,1.0,B07Q2SJNZ5
umap,10000,8441,-2.5813031,1.2873621,5.0,B074ZN2FD1
umap,10000,8442,-1.854032,-2.0926092,1.0,B00IF70T4M
umap,10000,8443,-1.0445075,-3.8010259,4.0,B00FJILVDS
umap,10000,8444,-2.6925569,1.2210653,1.0,B016I3T3CI
umap,10000,8445,5.565072,4.6433134,4.0,B010BWYDYA
umap,10000,8446,-0.04129952,1.5140189,2.0,B083TH1B45
umap,10000,8447,2.7212098,1.0861127,1.0,B07DHDFW5V
umap,10000,8448,4.3705187,-1.6572607,5.0,B07D99QDVD
umap,10000,8449,4.2837687,3.9817314,5.0,B01N2PIJFU
umap,10000,8450,6.3165507,3.9559214,5.0,B08D7JPKLZ
umap,10000,8451,6.3184314,3.955533,5.0,B07WGPTZHR
umap,10000,8452,6.325077,3.952541,5.0,B07GZFM1ZM
umap,10000,8453,3.4268014,2.2220104,5.0,B077PW3F3R
umap,10000,8454,-1.6874669,-0.08504053,1.0,B07C4LHBGY
umap,10000,8455,0.7758747,3.6092632,5.0,B07Z4CL2TV
umap,10000,8456,-2.2195323,-0.88479507,5.0,B08GGWYRH5
umap,10000,8457,-5.0442586,0.36539862,1.0,B07B499PWG
umap,10000,8458,-0.8769562,-3.2347922,5.0,B01KSTSV76
umap,10000,8459,0.27592617,1.3207148,5.0,B01FWTFTSQ
umap,10000,8460,-1.0143783,4.9189463,5.0,B00FB50SBU
umap,10000,8461,0.2585442,2.1084876,5.0,B00CLZ047Q
umap,10000,8462,0.42014402,4.8927956,5.0,B0081SK5BW
umap,10000,8463,0.3077442,-5.1228456,5.0,B01EL0GY1S
umap,10000,8464,-1.1372039,0.8748346,5.0,B008J0Z9TA
umap,10000,8465,0.7848124,0.3347791,5.0,B003VAHYQY
umap,10000,8466,-1.122361,-4.8419046,5.0,B0BBMLD8QT
umap,10000,8467,-2.584939,1.8449402,5.0,B002TSY0VQ
umap,10000,8468,5.548673,4.626649,5.0,B09P75RTYY
umap,10000,8469,3.2927995,1.0866975,4.0,B0BY4NTVXJ
umap,10000,8470,5.553857,4.62973,5.0,B075SX8S68
umap,10000,8471,10.264964,-16.623583,5.0,B08F6GPRH6
umap,10000,8472,7.2789183,3.0382717,5.0,B081RNDJY7
umap,10000,8473,1.0627736,4.0275354,2.0,B07Q25VN2S
umap,10000,8474,5.215384,2.7871943,5.0,B07PHQ93TV
umap,10000,8475,5.5746655,4.645055,4.0,B0B6QVY9VB
umap,10000,8476,3.831679,1.1178719,3.0,B01EB6CS6M
umap,10000,8477,10.135999,5.830347,4.0,B079PG7JPP
umap,10000,8478,2.307161,-1.1031195,1.0,B0CB5LX6MT
umap,10000,8479,0.92746794,4.368343,1.0,B09QL59Q12
umap,10000,8480,-1.3094429,-1.2015715,1.0,B072HRPC28
umap,10000,8481,-3.4110384,-0.0153774675,1.0,B01BKUB6BA
umap,10000,8482,-2.340375,1.5244353,1.0,B00AY8VHNW
umap,10000,8483,0.96139497,2.3476245,2.0,B010BWYDYA
umap,10000,8484,-0.1728234,4.514031,4.0,B08KZQGVY7
umap,10000,8485,-1.1254971,4.8861785,3.0,B07STZNWSB
umap,10000,8486,-0.575663,2.5776303,3.0,B002MMY4WY
umap,10000,8487,2.3706698,-1.6484053,5.0,B09XYMSZLL
umap,10000,8488,0.4187681,4.875695,3.0,B07R8TYD3V
umap,10000,8489,-1.0304816,4.9552126,5.0,B0846Y39KQ
umap,10000,8490,0.27251098,4.5983453,1.0,B01K6PBILI
umap,10000,8491,-0.53642696,3.7381828,3.0,B016B12PUE
umap,10000,8492,0.4740042,1.0197415,5.0,B00KGVMBDW
umap,10000,8493,2.4289503,3.4448333,4.0,B0145NTTAY
umap,10000,8494,2.6921012,2.1282055,3.0,B087QP4G7B
umap,10000,8495,2.9079905,2.4326956,5.0,B07PPQDW97
umap,10000,8496,1.8377457,4.0835648,5.0,B076H996XM
umap,10000,8497,5.2636523,4.2722387,5.0,B08P72Y8MN
umap,10000,8498,5.569939,4.646977,5.0,B0949SYKMX
umap,10000,8499,7.2760377,3.5079718,5.0,B0C6G2BD65
umap,10000,8500,7.920223,3.255432,5.0,B000068P8W
umap,10000,8501,-0.60781837,-4.1073174,5.0,B01DUF3UVC
umap,10000,8502,4.025138,2.4074988,5.0,B018UYHBJA
umap,10000,8503,5.020401,1.736848,5.0,B01MEH8J9Z
umap,10000,8504,-0.6057081,-4.084693,5.0,B073SJD2MK
umap,10000,8505,4.732545,3.2837992,5.0,B00J6TVWX0
umap,10000,8506,6.6244965,1.2255266,5.0,B01FCAALW4
umap,10000,8507,1.1472694,4.3059583,5.0,B00KV698CE
umap,10000,8508,6.1318517,-1.6971169,5.0,B088NMVW4Y
umap,10000,8509,2.7250094,0.4119893,5.0,B07FP4DVVF
umap,10000,8510,2.3588672,-1.9424714,5.0,B0C2Q3DYFY
umap,10000,8511,2.0812876,-1.9877355,5.0,B0BGS23YKX
umap,10000,8512,-0.9195492,5.1424346,5.0,B019EN7TV6
umap,10000,8513,-2.949858,0.67548776,5.0,B00N2ZDXW2
umap,10000,8514,1.554622,-0.4144535,5.0,B00Z9QVRS4
umap,10000,8515,-2.1858854,-1.7315382,2.0,B00U3FPN4U
umap,10000,8516,-4.089409,0.91993713,5.0,B08CS13Y1K
umap,10000,8517,3.5593395,2.1368961,5.0,B07KQ2P38Y
umap,10000,8518,-3.2758722,-1.6255604,5.0,B0C9HG28Z5
umap,10000,8519,1.1417758,-0.6610812,5.0,B07LGS3RTV
umap,10000,8520,2.3620825,1.9047956,5.0,B01N91OF9H
umap,10000,8521,2.3902926,1.9857081,5.0,B07SRDPZ9Z
umap,10000,8522,-4.10597,0.98797476,5.0,B01CKPDUHW
umap,10000,8523,-2.7141151,1.6718975,5.0,B074BCTX1Q
umap,10000,8524,-2.156103,-2.4643493,5.0,B001U2DPUE
umap,10000,8525,1.6494603,-0.39104313,5.0,B007RBSWAK
umap,10000,8526,1.512546,1.0496868,5.0,B0002F67N2
umap,10000,8527,-0.30322245,5.0923886,5.0,B009LNTBM0
umap,10000,8528,-2.7328746,2.786315,5.0,B00M8SR4UQ
umap,10000,8529,-0.3765999,4.4759088,3.0,B07JWCD55K
umap,10000,8530,5.2825007,4.216124,5.0,B01M5K1ZHG
umap,10000,8531,2.6588588,3.0550385,5.0,B071XTGHFT
umap,10000,8532,-2.3657439,-1.5886254,5.0,B097NJJPLY
umap,10000,8533,4.201386,3.7825024,5.0,B0BHJRY8J4
umap,10000,8534,-3.8775601,1.2645217,5.0,B014FED7V0
umap,10000,8535,-1.0085456,5.097311,5.0,B07BWFNBZK
umap,10000,8536,1.6582816,4.1287937,4.0,B09CQ1117G
umap,10000,8537,6.0808434,-1.8536365,4.0,B0BC264P98
umap,10000,8538,0.23969005,2.2003107,5.0,B0C7GM1QVC
umap,10000,8539,0.17563011,-5.368616,4.0,B07G2DVQD5
umap,10000,8540,4.7948613,0.81713074,5.0,B073ZF73VD
umap,10000,8541,-1.0799279,-4.106475,5.0,B08B9XVSHC
umap,10000,8542,2.5835063,0.49357152,2.0,B0C2JCVNGC
umap,10000,8543,4.45636,1.7392098,3.0,B0B219JSZR
umap,10000,8544,6.3161345,3.9577036,5.0,B07SR9JHQF
umap,10000,8545,-1.910243,-0.8644007,5.0,B0914FVW5Z
umap,10000,8546,2.7973232,1.1210611,4.0,B06XHWWJRW
umap,10000,8547,0.42839262,0.9387951,4.0,B001U5617K
umap,10000,8548,3.5196202,-0.73330146,4.0,B00IRMTYA0
umap,10000,8549,2.0743234,1.4166589,3.0,B004IWPX76
umap,10000,8550,2.767536,0.84761167,4.0,B0000BYDKO
umap,10000,8551,2.178303,1.5555506,4.0,B000ETQLRS
umap,10000,8552,-1.333,-4.502289,2.0,B0BT9KCJC4
umap,10000,8553,3.2772505,1.1355104,1.0,B00BWF5U0M
umap,10000,8554,4.279528,4.1024613,5.0,B00PFQPX5Q
umap,10000,8555,4.276188,4.107202,5.0,B00MBFPT44
umap,10000,8556,4.2839346,4.1079907,4.0,B00K57LP4I
umap,10000,8557,4.281233,4.1053305,5.0,B07D5CGJCM
umap,10000,8558,4.2795587,4.1038637,5.0,B07DYWW1P2
umap,10000,8559,5.9732423,-1.5843476,1.0,B004AM5RAM
umap,10000,8560,-2.0493824,-3.0429313,1.0,B000PCCLPU
umap,10000,8561,0.5786465,-5.487023,1.0,B00428N9OK
umap,10000,8562,-1.4030586,-1.7678584,2.0,B004BLK24S
umap,10000,8563,-1.8076545,-1.2805126,1.0,B004K1EOCA
umap,10000,8564,-1.1067674,-1.910522,1.0,B0015VW3NK
umap,10000,8565,0.64286554,3.5882437,5.0,B07Q2ZKBQS
umap,10000,8566,-0.15897278,-4.821526,5.0,B085LCT6HY
umap,10000,8567,7.7360764,2.5182855,5.0,B07QPQYC74
umap,10000,8568,5.1489882,2.041821,5.0,B074TDR8GL
umap,10000,8569,5.1466794,2.0294437,5.0,B01BDX9Q6Q
umap,10000,8570,5.2047553,1.924169,5.0,B00FZKC38M
umap,10000,8571,7.7358336,2.5191994,5.0,B08HXZ6Y2X
umap,10000,8572,8.822776,3.616467,5.0,B076VQPBGH
umap,10000,8573,12.538079,-11.279048,5.0,B07HN6M7C3
umap,10000,8574,1.6198425,-2.2094579,5.0,B08DTJZCG6
umap,10000,8575,-2.8015397,1.3403847,1.0,B0C94WMF72
umap,10000,8576,-0.52759457,-3.6868057,5.0,B08LZKCGQ6
umap,10000,8577,0.49402326,-5.2594395,3.0,B00Q784UUA
umap,10000,8578,3.7878354,1.8413603,5.0,B006MCDUZM
umap,10000,8579,-0.49431854,2.299829,4.0,B08741MW5Z
umap,10000,8580,1.404366,0.99766755,5.0,B0BDFF4WD7
umap,10000,8581,-0.3410071,0.48817557,5.0,B0BSF17PM2
umap,10000,8582,0.90543807,-2.353701,5.0,B088M291LL
umap,10000,8583,4.217961,1.4938519,5.0,B0BJW2XLMR
umap,10000,8584,-3.577563,-3.4370477,4.0,B07MLY3JKV
umap,10000,8585,3.4530845,1.2774959,5.0,B075XN1NZC
umap,10000,8586,1.4189252,1.0280843,5.0,B00UAA4J6G
umap,10000,8587,1.505643,0.99100244,5.0,B076HNWDMX
umap,10000,8588,1.5315146,0.80816776,5.0,B07KTYJ769
umap,10000,8589,-0.27045476,0.39021176,5.0,B09V6Q26GD
umap,10000,8590,-1.2544588,1.5266486,5.0,B0C7S8NBJK
umap,10000,8591,-2.1364279,-2.4219835,5.0,B074CGF6ZN
umap,10000,8592,-3.2927709,-1.7051512,5.0,B00O0O0E8U
umap,10000,8593,2.6495857,1.7151052,4.0,B0762NBZMW
umap,10000,8594,-2.0887086,-2.5548894,3.0,B078WQS575
umap,10000,8595,3.3059595,2.3164678,4.0,B07456BG8N
umap,10000,8596,3.1043644,1.3611343,5.0,B014QQE0Y0
umap,10000,8597,-3.8486757,1.2827716,5.0,B01I4TE612
umap,10000,8598,2.2235756,1.7179856,5.0,B00976DCQC
umap,10000,8599,-2.0933464,-2.3939366,4.0,B00006JPE1
umap,10000,8600,-1.7237203,-1.9785239,5.0,B000SA7I0M
umap,10000,8601,2.4917362,1.6445897,5.0,B0037JB75S
umap,10000,8602,-2.208119,-2.2788851,5.0,B00C9UJLOU
umap,10000,8603,3.1278806,1.4596667,5.0,B07783VF16
umap,10000,8604,3.992634,1.9905982,5.0,B000AAN76Y
umap,10000,8605,2.2030516,1.742356,5.0,B09M3TZ3Q6
umap,10000,8606,3.985634,2.056634,4.0,B00GLQAF7A
umap,10000,8607,1.3188058,0.7365445,5.0,B0BJ1SLJH1
umap,10000,8608,-1.0186822,-4.7023244,4.0,B09QY1BNWW
umap,10000,8609,4.2198057,1.5354868,5.0,B01BW1RN50
umap,10000,8610,4.206864,1.5882083,5.0,B00K95MYDC
umap,10000,8611,-2.259387,-2.3034427,4.0,B00VTD1UQA
umap,10000,8612,2.389337,1.6292536,5.0,B004Z9XG0I
umap,10000,8613,2.1482933,1.7550764,4.0,B00M5WLZDW
umap,10000,8614,2.0881665,1.6299416,5.0,B009OVGKTQ
umap,10000,8615,-0.5252145,2.6352425,4.0,B005QC69FW
umap,10000,8616,3.0701804,1.6583407,5.0,B004RXKWI6
umap,10000,8617,-0.5946452,-0.6174717,5.0,B0BFM2GP2B
umap,10000,8618,2.4512193,1.5571458,5.0,B00KTEN3TM
umap,10000,8619,1.119521,-0.87696874,5.0,B013XILRWA
umap,10000,8620,1.6755388,1.732148,5.0,B0B6QHB66K
umap,10000,8621,4.2543154,1.5571556,5.0,B00D6AICR4
umap,10000,8622,4.2498527,1.4694867,5.0,B00AFX35OU
umap,10000,8623,-0.4188746,-3.4733253,4.0,B00BN3N0FU
umap,10000,8624,4.2216773,1.420225,5.0,B00UP20VV6
umap,10000,8625,-2.3066936,1.7883321,4.0,B00HQ6ZU6K
umap,10000,8626,-2.1535826,-2.3427966,5.0,B08K4FTDW6
umap,10000,8627,-2.0862455,1.6838049,5.0,B00BCGRZ04
umap,10000,8628,3.0198598,-4.7780538,5.0,B0046EDOWW
umap,10000,8629,-1.4477834,-4.4816213,5.0,B0027VT6V4
umap,10000,8630,5.979107,-2.0379245,3.0,B0043T7FXE
umap,10000,8631,3.5146618,1.423507,5.0,B003ES5ZSW
umap,10000,8632,-1.8745345,-1.4537811,4.0,B00E0J0EL2
umap,10000,8633,1.2580397,3.3762174,5.0,B006GWO5WK
umap,10000,8634,1.1855273,3.4655974,4.0,B00902SFC4
umap,10000,8635,0.030327274,-1.8478682,5.0,B009A4B6YG
umap,10000,8636,1.3173906,3.276077,4.0,B01FU08V64
umap,10000,8637,-0.5456562,-4.408287,4.0,B005FVNGRS
umap,10000,8638,-1.7177948,4.504893,4.0,B0039BPG1A
umap,10000,8639,1.3731749,4.3495255,5.0,B00E8HSNO6
umap,10000,8640,-1.8844889,-2.3027008,1.0,B01EW098XS
umap,10000,8641,-1.3594317,-4.1823993,3.0,B0B5LDDVFN
umap,10000,8642,-3.5363946,-3.1825728,3.0,B01K8B8YA8
umap,10000,8643,-1.9722503,0.95877916,5.0,B00J4E8KI2
umap,10000,8644,4.8608813,0.8196483,5.0,B00501T8XY
umap,10000,8645,-1.7032735,3.3384182,5.0,B07BV831R5
umap,10000,8646,1.8219632,-1.9426101,1.0,B00BWF5U0M
umap,10000,8647,-1.2757065,5.1442423,5.0,B07X4G3DXL
umap,10000,8648,0.2433732,4.850516,5.0,B09ZDNLXGV
umap,10000,8649,1.4072728,-2.225677,5.0,B0C6PGZ3MB
umap,10000,8650,-0.5286574,2.5719018,5.0,B00X5P8BJO
umap,10000,8651,-2.0555563,-1.6462286,5.0,B01MTF2Z37
umap,10000,8652,-2.737791,-0.028865209,5.0,B00C4P6AKS
umap,10000,8653,12.514621,-11.261559,5.0,B00LOV6XA0
umap,10000,8654,-1.735496,-1.4278651,5.0,B00E0J0EL2
umap,10000,8655,-1.4782534,0.93614733,5.0,B01N5QBQJC
umap,10000,8656,-0.39718387,4.7390275,3.0,B08CGT1RDZ
umap,10000,8657,-2.7754097,1.2503042,5.0,B01C4UY0JK
umap,10000,8658,0.7993045,-5.169851,5.0,B00518DEN6
umap,10000,8659,5.839398,6.4628115,5.0,B00DK9A404
umap,10000,8660,4.0514164,2.890694,5.0,B00UWV8JLY
umap,10000,8661,5.1625504,3.5935755,5.0,B005DPFSA4
umap,10000,8662,3.3185787,2.0843937,5.0,B00C3GIQU0
umap,10000,8663,-0.69361836,3.645703,3.0,B00DQUAEHA
umap,10000,8664,5.8543954,-1.5913376,1.0,B00DN7DMWK
umap,10000,8665,6.679026,1.2114352,5.0,B08CVGBDC3
umap,10000,8666,0.9328524,-4.923407,4.0,B0B7RWGW3H
umap,10000,8667,-3.081613,-1.5792216,5.0,B09HH5SP61
umap,10000,8668,4.1150103,1.6259807,5.0,B07B4HF18C
umap,10000,8669,3.7427208,1.210098,5.0,B09NLQ8C4X
umap,10000,8670,4.6516232,2.011658,5.0,B0958S8T74
umap,10000,8671,6.3969617,3.4690402,5.0,B08LPHXW3C
umap,10000,8672,4.491109,1.9613712,5.0,B0C5QB1B1X
umap,10000,8673,5.1040688,1.9609191,5.0,B0C58WY192
umap,10000,8674,1.3664154,-2.4818842,5.0,B0BMQJYLQV
umap,10000,8675,3.4985707,0.24198161,5.0,B076RVWJ42
umap,10000,8676,3.6065118,0.31580493,5.0,B0928NJJTZ
umap,10000,8677,0.8503486,-4.9740157,5.0,B098K6N6TX
umap,10000,8678,2.7092488,2.2459853,5.0,B089B6LTLV
umap,10000,8679,1.5129515,1.128669,5.0,B07VFRBFZZ
umap,10000,8680,5.16404,2.011906,5.0,B07GWQT4YD
umap,10000,8681,3.1746995,2.5009003,5.0,B0C5RJNG9C
umap,10000,8682,1.0070987,2.7004955,5.0,B01MEG2HXP
umap,10000,8683,2.0274608,3.317935,5.0,B07YZQBWZC
umap,10000,8684,3.1973343,1.3535513,4.0,B00IM3P8GS
umap,10000,8685,0.3554069,-4.994565,5.0,B00519WNBO
umap,10000,8686,-1.3817892,-3.6563377,5.0,B007Q45EF4
umap,10000,8687,-1.197318,-4.3101873,4.0,B01LZV6TYQ
umap,10000,8688,3.9360998,2.6110861,5.0,B09SQ1LJ8Y
umap,10000,8689,0.12783471,4.137921,5.0,B017D09KHI
umap,10000,8690,-1.3449162,5.261662,5.0,B00O9RRPXA
umap,10000,8691,3.0063536,0.7237375,5.0,B071GCMLM5
umap,10000,8692,-1.4721992,5.104647,4.0,B071ZD714M
umap,10000,8693,-0.68281513,3.6640558,1.0,B00M8K7AXU
umap,10000,8694,1.1714398,3.9817243,5.0,B005KDY8AU
umap,10000,8695,0.22273876,4.4429846,5.0,B008BR4LFE
umap,10000,8696,2.8470733,2.1430025,5.0,B0173QNVT0
umap,10000,8697,4.1680984,2.2299314,5.0,B010BWYDYA
umap,10000,8698,-3.0179174,0.97775066,5.0,B002ISZD2C
umap,10000,8699,0.6100092,-1.4606566,5.0,B077V2BF3C
umap,10000,8700,-2.1725094,1.910563,4.0,B004AA2Y9Q
umap,10000,8701,7.087205,3.8192635,5.0,B07H65KP63
umap,10000,8702,4.4994516,1.9334493,5.0,B08GJFX4XK
umap,10000,8703,1.3944069,3.2215164,5.0,B09Z3L87SV
umap,10000,8704,5.427846,4.4655123,5.0,B06Y2VP3C7
umap,10000,8705,1.1598982,-1.0335943,5.0,B01D0V1CAM
umap,10000,8706,5.7139573,2.9697158,5.0,B0BL6788GP
umap,10000,8707,-0.22896652,-4.4339876,5.0,B08XPWDSWW
umap,10000,8708,-1.0556808,-4.3201075,4.0,B07S4MFN8Z
umap,10000,8709,5.1782274,2.0718005,5.0,B07PHQ93TV
umap,10000,8710,3.5637488,2.7180808,5.0,B00V49LV86
umap,10000,8711,0.88263935,2.6707194,5.0,B00DGM721O
umap,10000,8712,1.8237383,-1.9555328,5.0,B07QKTLJ96
umap,10000,8713,4.171883,-1.5796288,5.0,B008RCERWA
umap,10000,8714,1.5567882,-1.0249308,5.0,B0C2VGGZFR
umap,10000,8715,-0.047409356,4.2010946,2.0,B00FAY38QY
umap,10000,8716,-1.0285113,2.0490067,5.0,B00ARBTMGA
umap,10000,8717,1.5588197,-0.7581589,5.0,B01ND0UV73
umap,10000,8718,7.0115786,3.3356373,5.0,B07GJJC8L8
umap,10000,8719,0.2676829,0.7621687,5.0,B0092649HI
umap,10000,8720,0.21850505,2.5300064,5.0,B07DTPD57D
umap,10000,8721,-1.0943364,-4.6575274,5.0,B08Q4LVDFK
umap,10000,8722,6.251481,-1.5447719,5.0,B00ETHLPZY
umap,10000,8723,-1.7367308,3.2961552,5.0,B000LBTXW4
umap,10000,8724,-0.54376674,2.5386193,5.0,B003VANO7C
umap,10000,8725,-1.0196075,-4.806829,5.0,B0B59QBY9G
umap,10000,8726,-0.7949143,-3.3226557,5.0,B07HZLHPKP
umap,10000,8727,-2.3286061,1.6132678,5.0,B0BW9VV8QD
umap,10000,8728,1.3300009,1.2029802,5.0,B08NCM4W1W
umap,10000,8729,1.3088799,0.88722557,5.0,B0BT1TM3S2
umap,10000,8730,-2.4766095,1.8121309,5.0,B001T9NVJS
umap,10000,8731,2.8429596,2.3274899,2.0,B0BG5HRTGL
umap,10000,8732,5.4476924,4.5088816,3.0,B0C6KQTXMZ
umap,10000,8733,4.9316916,0.8904758,5.0,B007ZHXFJY
umap,10000,8734,-1.6148466,-3.615056,2.0,B06XGWGVQG
umap,10000,8735,0.18854366,4.2441607,5.0,B071XJ1GT6
umap,10000,8736,12.528022,-11.28692,4.0,B07BFTKJQN
umap,10000,8737,6.6320567,1.2240105,5.0,B004KNO59K
umap,10000,8738,2.8581889,1.0429275,5.0,B00U84SJRO
umap,10000,8739,0.98641133,4.309297,1.0,B0109Z633I
umap,10000,8740,4.732962,3.245993,5.0,B084VFH8MT
umap,10000,8741,-0.15645814,-3.591354,2.0,B09F3QS8FM
umap,10000,8742,0.973948,2.3765924,1.0,B07H8WS1FT
umap,10000,8743,0.6955643,4.1542635,5.0,B089229X4R
umap,10000,8744,2.2833674,3.4024699,5.0,B088X4982Z
umap,10000,8745,3.295264,0.55642885,3.0,B07RHVNFQ6
umap,10000,8746,3.2724576,2.8089502,5.0,B07ZYGQ1FC
umap,10000,8747,7.4829426,3.4315271,5.0,B0BJW5LJ4J
umap,10000,8748,-0.15395288,-3.9176877,5.0,B08XPWDSWW
umap,10000,8749,-0.21343708,-4.4543514,5.0,B08XNCHTCY
umap,10000,8750,-2.020967,1.5621306,4.0,B07MTCMHZX
umap,10000,8751,2.0294282,3.2776375,5.0,B07BVPL7PB
umap,10000,8752,-0.5460163,3.888229,5.0,B07LGNLFP5
umap,10000,8753,0.9511157,-2.3179367,5.0,B07F9R1F1L
umap,10000,8754,8.334365,5.905974,5.0,B075L7DDMJ
umap,10000,8755,8.323563,5.918804,2.0,B07D13N5PX
umap,10000,8756,8.339768,5.906427,5.0,B08M5KCX78
umap,10000,8757,8.320322,5.916105,5.0,B00WG0JZOE
umap,10000,8758,7.587208,4.3758283,5.0,B09L52XKBD
umap,10000,8759,3.2106328,2.2651317,1.0,B01NBTFNVA
umap,10000,8760,0.10612113,4.1764083,5.0,B010B2BCHG
umap,10000,8761,0.35889784,3.7416434,4.0,B004MBGFRA
umap,10000,8762,-0.40527308,-4.5227885,5.0,B0B462WKM7
umap,10000,8763,-3.3490493,-1.5368677,5.0,B07MN6J8JW
umap,10000,8764,4.499263,1.586169,1.0,B07FPRZ69X
umap,10000,8765,3.1133678,1.1642351,2.0,B075X8471B
umap,10000,8766,-3.5137346,-3.5912714,5.0,B07FQDMKFT
umap,10000,8767,5.6512585,2.9289076,5.0,B0C7Q3X76Q
umap,10000,8768,-2.0344217,-1.6675913,5.0,B07VXXBTX4
umap,10000,8769,-3.715705,-3.3006861,4.0,B01K8B8YA8
umap,10000,8770,-1.429373,-1.1894815,5.0,B00LD3Q56G
umap,10000,8771,2.4917355,1.3847383,5.0,B01CW4BG4K
umap,10000,8772,2.5621774,2.964017,5.0,B07RCMTLHD
umap,10000,8773,0.9156095,3.550567,5.0,B06XRTFG29
umap,10000,8774,-4.911971,0.45861757,5.0,B0095PZHPE
umap,10000,8775,0.41192687,2.855677,4.0,B07RZXNBVZ
umap,10000,8776,-0.1169452,-5.029612,1.0,B083V1J96K
umap,10000,8777,4.804506,0.807726,5.0,B00LZKIHRC
umap,10000,8778,2.0670614,1.5988454,5.0,B075L7G2N7
umap,10000,8779,-1.9899629,-0.88351315,5.0,B07WDN2ST4
umap,10000,8780,4.324147,-1.6492366,5.0,B07WHTQW4X
umap,10000,8781,0.34209916,-4.861108,5.0,B0BJXSGLFJ
umap,10000,8782,6.435014,3.4462652,5.0,B09JQLTLG3
umap,10000,8783,6.8216043,3.7045834,5.0,B09MMWM2Y8
umap,10000,8784,-0.16854697,-5.0772896,4.0,B07VD3M6M3
umap,10000,8785,-2.3027394,-1.8702593,5.0,B075X8471B
umap,10000,8786,0.47662526,3.9557312,4.0,B0742CM7T8
umap,10000,8787,-2.7532768,1.3890389,5.0,B06XPSGS4W
umap,10000,8788,2.024149,2.898426,5.0,B01M104VJD
umap,10000,8789,-0.5790722,-3.9775314,5.0,B07RX8B9TW
umap,10000,8790,-3.1647131,-1.4676281,5.0,B07V4WSHD2
umap,10000,8791,-1.4354517,3.4082072,5.0,B0BQRVK3BG
umap,10000,8792,1.3400557,3.1594298,5.0,B00KDROTZM
umap,10000,8793,1.2765608,0.95524067,5.0,B07S6X2D8C
umap,10000,8794,6.0589833,-1.6824169,5.0,B07J4XWXTR
umap,10000,8795,0.04274354,1.4724909,5.0,B07PQHH5PB
umap,10000,8796,2.0359812,1.5953792,5.0,B01M3PZ2JQ
umap,10000,8797,0.09047124,-5.2649813,5.0,B08XNCHTCY
umap,10000,8798,-2.7966087,2.1939828,5.0,B08K8W68BX
umap,10000,8799,-0.29008448,-2.708739,5.0,B08TMGTH7N
umap,10000,8800,-3.7266002,-3.3269625,5.0,B07H65KP63
umap,10000,8801,-2.5886831,1.5265664,5.0,B07YT5FVNM
umap,10000,8802,-2.00724,-1.5705578,5.0,B0791TX5P5
umap,10000,8803,-3.3572006,-1.2057618,5.0,B01MSTB5KW
umap,10000,8804,1.0311265,-0.07460256,5.0,B01MY7VEFC
umap,10000,8805,-2.2664092,2.2176223,5.0,B01HH8H2WQ
umap,10000,8806,5.2521057,4.402719,5.0,B00O1RTQJE
umap,10000,8807,2.3242462,-1.8906171,5.0,B08ZT2BTZ1
umap,10000,8808,-0.34324133,0.40731457,5.0,B010CBASS0
umap,10000,8809,-0.29472366,-3.5194483,5.0,B01N75TWSA
umap,10000,8810,-1.9741851,1.4890281,5.0,B009RUZ7TS
umap,10000,8811,-1.6382953,-3.1397953,3.0,B005LEXA2K
umap,10000,8812,-3.18921,-1.6864918,5.0,B08JPHJX5S
umap,10000,8813,-1.9679941,-1.6733199,5.0,B075X8471B
umap,10000,8814,0.41420302,3.807385,5.0,B00N1X40WW
umap,10000,8815,-2.4818976,1.9458072,4.0,B0075VFJKS
umap,10000,8816,1.5934759,-0.61155623,5.0,B000C12GH2
umap,10000,8817,-4.9255495,0.4669419,5.0,B0077L8YOO
umap,10000,8818,-0.55431134,3.7911134,5.0,B0BTYP1CWP
umap,10000,8819,3.146368,2.523286,5.0,B00F0IQTE8
umap,10000,8820,0.2872968,4.241938,5.0,B072QXJPG9
umap,10000,8821,0.38791266,-5.5076227,5.0,B007136E1S
umap,10000,8822,-1.0463103,1.551201,5.0,B086Q94W37
umap,10000,8823,2.7816582,0.31740382,4.0,B081K9C3Q1
umap,10000,8824,3.6372344,2.8210025,5.0,B01MQWUXZS
umap,10000,8825,2.575652,0.22419704,4.0,B07MPSFJSZ
umap,10000,8826,3.6068416,2.8369083,5.0,B07P61KDSK
umap,10000,8827,-1.0600001,-4.1383977,5.0,B07146G1RF
umap,10000,8828,2.7493756,-1.6082591,5.0,B0841M2SCJ
umap,10000,8829,0.345753,-1.9851681,5.0,B0BZGV4PDL
umap,10000,8830,-0.23581102,-4.4379225,5.0,B09QCC1SP1
umap,10000,8831,1.1030265,-2.4221966,5.0,B09Y89FYTD
umap,10000,8832,0.57162625,1.1018342,5.0,B0C2P7CNWG
umap,10000,8833,2.0871093,0.44389862,3.0,B09MTSLT2T
umap,10000,8834,3.421311,0.40860483,1.0,B09K3VN4S1
umap,10000,8835,0.57931024,-5.171078,5.0,B08ZKC3M12
umap,10000,8836,-0.62694424,-4.7285466,1.0,B08R41TDR2
umap,10000,8837,-1.4371235,3.259904,5.0,B08MWXCN68
umap,10000,8838,3.4740167,1.335344,5.0,B07CHN8Q6C
umap,10000,8839,3.181568,2.1230948,5.0,B07CLBNM1C
umap,10000,8840,-1.3331813,5.351943,5.0,B0772NK2JP
umap,10000,8841,-2.1400278,1.106972,5.0,B0BHFGL8H8
umap,10000,8842,0.18199931,2.2788913,5.0,B07WJJ7TWY
umap,10000,8843,0.19954582,2.1972022,5.0,B07WJJ7TWY
umap,10000,8844,2.80763,1.6865094,5.0,B07Q37N4TD
umap,10000,8845,-0.97499174,1.9940054,5.0,B085FS21T4
umap,10000,8846,0.797706,-2.242406,5.0,B07RL3MMDF
umap,10000,8847,0.64543587,-0.07396239,5.0,B073ZNX5JR
umap,10000,8848,-0.3231359,-4.676962,5.0,B08BG7J2MN
umap,10000,8849,4.912354,3.2145925,1.0,B07HLGT6HH
umap,10000,8850,2.9312127,2.9731498,5.0,B01HNRWGWW
umap,10000,8851,-1.0115579,-2.294346,1.0,B08G45Z8QB
umap,10000,8852,3.9172256,2.6065276,5.0,B09XQZY2CH
umap,10000,8853,1.9234787,-0.8920195,5.0,B08XYC4R9F
umap,10000,8854,-0.0084935045,1.5163361,5.0,B00NKYYMAW
umap,10000,8855,-0.635784,3.6718524,5.0,B07PV7RXMY
umap,10000,8856,-0.51768935,-4.5183244,5.0,B0C72D4J46
umap,10000,8857,0.5106027,-5.6465106,5.0,B0C2Q17PND
umap,10000,8858,0.5608748,-5.588269,5.0,B01N754J9X
umap,10000,8859,2.3148046,-1.8256292,2.0,B075VN5726
umap,10000,8860,2.1998298,-1.0537603,4.0,B07K6K87MB
umap,10000,8861,0.4286712,-0.38594636,2.0,B0B9M9H977
umap,10000,8862,1.2168107,4.0231466,1.0,B0C5SZ464W
umap,10000,8863,1.1674554,4.1086893,4.0,B087DPB298
umap,10000,8864,-2.460691,1.4374282,4.0,B0BNT7CQCH
umap,10000,8865,-0.68597645,3.5820527,5.0,B07BGW4D2Q
umap,10000,8866,0.5748075,3.282117,5.0,B076BPM5HW
umap,10000,8867,0.34429315,4.2674756,5.0,B012HGRTLC
umap,10000,8868,0.9372792,2.57508,5.0,B01FWT4V12
umap,10000,8869,-0.66667336,3.7277336,5.0,B00FGI3CBU
umap,10000,8870,1.2480683,3.086096,3.0,B00D38XF6M
umap,10000,8871,1.3037685,3.2897208,5.0,B00DR0B6XK
umap,10000,8872,0.026408365,-5.324324,3.0,B0BHWYQ47Y
umap,10000,8873,4.00297,1.3350375,2.0,B089S37WLH
umap,10000,8874,-2.3613083,-1.5978997,5.0,B0BMQ15Q65
umap,10000,8875,2.4966245,1.5915464,5.0,B07NTRSXGS
umap,10000,8876,-2.2360485,0.35922348,5.0,B0BM2YG2K7
umap,10000,8877,-3.5817726,-3.5659997,5.0,B0BP9Z1LB5
umap,10000,8878,2.703199,1.7323673,5.0,B07PC129ZC
umap,10000,8879,0.54370505,-0.5431293,5.0,B0B5DFFJ6S
umap,10000,8880,3.1462188,0.8722854,3.0,B01EB6CS6M
umap,10000,8881,-0.34703636,-4.415732,2.0,B091GHBXWG
umap,10000,8882,3.9418657,2.551753,4.0,B088HJXY2N
umap,10000,8883,0.35136867,3.631779,5.0,B08X6KB2YX
umap,10000,8884,0.7630984,2.2072828,5.0,B0BGCDYQQY
umap,10000,8885,3.047257,1.9045893,5.0,B07G8NP3LL
umap,10000,8886,-0.6289602,-3.8152652,5.0,B0C211KFK4
umap,10000,8887,0.7540697,-2.2824495,5.0,B00O1RTQJE
umap,10000,8888,0.45172745,0.8507746,5.0,B07GS2X6DD
umap,10000,8889,-3.151642,-1.3495555,2.0,B014YN7LVE
umap,10000,8890,0.023195237,-4.3679852,5.0,B084ZJLLSX
umap,10000,8891,2.8752236,2.0860667,5.0,B08F46G9KV
umap,10000,8892,-3.1198065,-1.6723104,5.0,B09VYMTDF9
umap,10000,8893,1.7200342,-1.3119183,5.0,B08YDSSD7P
umap,10000,8894,3.1796465,1.2512995,3.0,B07TY1CLDN
umap,10000,8895,5.29012,3.136701,5.0,B07KBW29P8
umap,10000,8896,2.254566,-1.7679642,5.0,B07GZFM1ZM
umap,10000,8897,-3.2994812,-1.5262028,5.0,B06WP29NHV
umap,10000,8898,0.56703806,4.308476,5.0,B005H8IFB6
umap,10000,8899,0.024033854,0.045692112,1.0,B00Q64O4KQ
umap,10000,8900,3.462642,2.486742,5.0,B011HNJENW
umap,10000,8901,-1.0907348,-4.6591144,5.0,B00LRTMG7S
umap,10000,8902,-1.082322,-4.5927944,5.0,B0C2VCQT3R
umap,10000,8903,4.3496594,-1.6490132,5.0,B07MJTPGGW
umap,10000,8904,1.2279966,-2.7575386,5.0,B01MS39GX8
umap,10000,8905,1.1091545,-2.827448,5.0,B076H7HV8B
umap,10000,8906,3.3276882,1.7776102,5.0,B07GPGVYGX
umap,10000,8907,-1.2097028,-4.3484645,5.0,B00N40XALY
umap,10000,8908,1.3452072,0.7618967,5.0,B07CQ8Q22G
umap,10000,8909,-2.933304,3.0170946,5.0,B0085JBI6S
umap,10000,8910,1.0231674,-2.3883705,4.0,B00NH131LY
umap,10000,8911,0.6915894,-2.2415228,5.0,B01278555M
umap,10000,8912,0.17309341,1.8753296,5.0,B01KF2V9P2
umap,10000,8913,2.2063875,-1.9715188,5.0,B09YJXSPPW
umap,10000,8914,-2.9489124,3.0399947,5.0,B0053T5QPW
umap,10000,8915,-2.927729,3.0277216,4.0,B00HHLBRTI
umap,10000,8916,-3.3652582,-1.2634708,5.0,B07XPQF1FJ
umap,10000,8917,-2.0526197,-2.2797537,5.0,B00K3EPYP4
umap,10000,8918,-0.7867692,0.60049933,5.0,B013CCTM2E
umap,10000,8919,-1.4975452,0.09904824,4.0,B01GE19HMK
umap,10000,8920,0.5568114,4.2565966,5.0,B01LY1TAFR
umap,10000,8921,-0.28003755,2.4585497,5.0,B07BHGMNM5
umap,10000,8922,-0.97696936,-3.085286,4.0,B0016BQECA
umap,10000,8923,0.0062156306,4.06358,2.0,B01MTF2Z37
umap,10000,8924,-1.7326337,-0.8208451,4.0,B09JLSN7LH
umap,10000,8925,5.0057096,1.6330527,5.0,B07BGFJGGP
umap,10000,8926,5.0002513,1.6248723,5.0,B07F4P3JH7
umap,10000,8927,8.70447,5.690199,5.0,B01GI29AG8
umap,10000,8928,3.338223,2.7106214,5.0,B07SC1GP3C
umap,10000,8929,1.1271554,-1.0966817,1.0,B004CAJU8W
umap,10000,8930,2.2597408,2.9902568,4.0,B00CPVDWHA
umap,10000,8931,0.8389621,3.257738,5.0,B00S5J7UWY
umap,10000,8932,0.86162716,3.4288387,2.0,B00RRFMVEE
umap,10000,8933,6.050795,-1.5838264,2.0,B0B4SWZTZ1
umap,10000,8934,-1.7467152,-1.4622966,5.0,B075XN1NZC
umap,10000,8935,-0.031996503,1.5388712,5.0,B07KXN4KH8
umap,10000,8936,1.4983884,2.9626615,5.0,0345803507
umap,10000,8937,7.3887134,3.0455115,5.0,B0BLPBRLZ9
umap,10000,8938,-1.55403,-4.581652,5.0,B0B25GGTLY
umap,10000,8939,5.1300993,3.29032,5.0,B0BGSFH998
umap,10000,8940,2.0735419,3.278014,5.0,B07PNFZHLH
umap,10000,8941,7.590786,4.378817,5.0,B0BC4KR4MG
umap,10000,8942,-0.54864067,-4.0667253,5.0,B078PR4486
umap,10000,8943,6.5378294,3.5020192,5.0,B08HJHKCNM
umap,10000,8944,3.6040566,1.5854431,5.0,B0C14L1HPS
umap,10000,8945,2.028991,-0.7461753,5.0,B01N4NS31O
umap,10000,8946,12.527636,-11.288069,5.0,B07LG5WBTS
umap,10000,8947,-2.30955,1.5550919,4.0,B0BF59V2F7
umap,10000,8948,6.8409166,9.182147,5.0,B08228ZBSL
umap,10000,8949,2.0466363,3.2441907,5.0,B07PFHBVSL
umap,10000,8950,5.4050155,3.1265893,1.0,B08KRC18S8
umap,10000,8951,6.0596457,1.9033664,5.0,B09T52XXVR
umap,10000,8952,0.551172,2.0525398,2.0,B0BPWG9DBX
umap,10000,8953,5.695122,-1.9804686,1.0,B0006GDC1M
umap,10000,8954,1.4031451,3.2445946,4.0,B07N8VFFNS
umap,10000,8955,2.7913337,1.8378121,5.0,B010BWYDYA
umap,10000,8956,7.4141035,3.2571723,5.0,B00I0G8GNY
umap,10000,8957,12.541317,-11.274854,5.0,B00A1ACI36
umap,10000,8958,7.517388,3.3607254,5.0,B00LQL91I4
umap,10000,8959,2.7118382,3.7458353,5.0,B00EUUZMGI
umap,10000,8960,3.5043073,-0.77955467,5.0,B07NX9VY1C
umap,10000,8961,1.0174885,4.332243,5.0,B01F9RGOI0
umap,10000,8962,1.3978829,0.72747344,5.0,B08GF1H7RZ
umap,10000,8963,3.1172297,1.3912039,3.0,B008KVUAGU
umap,10000,8964,-0.92065585,-2.8714712,5.0,B00CWWF9KK
umap,10000,8965,-2.069325,1.4677294,5.0,B0013BM7TW
umap,10000,8966,-1.5349456,4.276417,5.0,B00091S0WA
umap,10000,8967,-2.4736104,1.624881,5.0,B006K555EU
umap,10000,8968,0.051132854,-4.763078,5.0,B00P2E000O
umap,10000,8969,-0.28184584,4.543198,5.0,B00C1EGPR0
umap,10000,8970,-1.071132,-4.672061,5.0,B009DNL19O
umap,10000,8971,-1.2127486,-4.1622796,4.0,B007OYAVLI
umap,10000,8972,-0.8395608,-4.790401,5.0,B09SMNKMFH
umap,10000,8973,1.1435987,4.4450326,4.0,B0033ZSDL2
umap,10000,8974,1.7081932,-1.3653513,3.0,B0B18M2Q3R
umap,10000,8975,4.9779997,0.9636436,5.0,B01F854ZPC
umap,10000,8976,0.8477462,2.709344,5.0,B00D3F9H62
umap,10000,8977,6.8401794,9.186974,5.0,B00SE8UKHI
umap,10000,8978,5.1639457,4.4843926,5.0,B0785NMZFJ
umap,10000,8979,5.162764,4.48214,5.0,B00CUJIA42
umap,10000,8980,5.160508,4.4987755,5.0,B01BKUB6BA
umap,10000,8981,3.0468543,1.4734409,1.0,B00KQI1MK8
umap,10000,8982,8.701829,5.6929317,5.0,B00Y1BWM3W
umap,10000,8983,6.8401504,9.187038,5.0,B00FA4Y82W
umap,10000,8984,0.18695189,4.1332355,5.0,B003LNKAT4
umap,10000,8985,1.007752,-0.28632972,5.0,B0BB6RBYJ6
umap,10000,8986,1.0661056,-0.2830342,5.0,B002PAR0K6
umap,10000,8987,-1.1682886,4.7675653,5.0,B0777SJZ55
umap,10000,8988,1.423542,2.0814521,4.0,B07YFD37SF
umap,10000,8989,-0.55937827,0.33684778,4.0,B00KR4XB64
umap,10000,8990,-2.2429287,1.699018,5.0,B0771VF9TJ
umap,10000,8991,4.481813,1.9150919,5.0,B0859VXQF9
umap,10000,8992,0.32429233,-0.9387324,5.0,B0BQHKBGK3
umap,10000,8993,-1.2768903,-4.1443105,5.0,B0B62PR5FN
umap,10000,8994,-2.869363,1.2885864,3.0,B0B278F7HQ
umap,10000,8995,0.28812575,-0.9549461,5.0,B09WMNMJ4R
umap,10000,8996,1.3179102,-1.9288784,5.0,B0B28RMNM2
umap,10000,8997,0.15035124,-1.1147301,5.0,B09L19PN2V
umap,10000,8998,-1.2968521,3.5858335,5.0,B08LD44HHW
umap,10000,8999,1.0058621,-2.4257174,5.0,B0B6VK2363
umap,10000,9000,-5.0621505,0.3608469,5.0,B08HHSFT21
umap,10000,9001,-2.5263186,1.0687413,5.0,B0C5XLT6NV
umap,10000,9002,0.26625913,-0.8976877,5.0,B0871ZHCKK
umap,10000,9003,0.13751331,2.3734426,5.0,B0894QWB7N
umap,10000,9004,-1.3110492,4.9071555,5.0,B00IJU0K2Q
umap,10000,9005,2.5584931,1.0021966,5.0,B000BS255Y
umap,10000,9006,-1.8133726,1.2224075,5.0,B00H4BBWGY
umap,10000,9007,4.8559475,0.91899866,5.0,B00YBBU0KE
umap,10000,9008,6.0345345,-1.8876084,5.0,B00BZC31WQ
umap,10000,9009,-0.45024085,3.90083,5.0,B00CV9M7AO
umap,10000,9010,-1.3511777,0.86632055,5.0,B006MUMLK4
umap,10000,9011,-1.613261,1.4393783,5.0,B0051XDOZO
umap,10000,9012,-1.9963909,3.924949,5.0,B01BZYZU18
umap,10000,9013,-1.6011809,4.3471174,5.0,B00CVED3UC
umap,10000,9014,-1.7993286,4.168539,5.0,B088BVT672
umap,10000,9015,-1.6999571,2.4354665,5.0,B006F34ZIY
umap,10000,9016,-2.4652839,2.7151253,5.0,B004VEJYEO
umap,10000,9017,-1.6086429,2.6256995,5.0,B008525P1O
umap,10000,9018,-2.4448996,2.71239,3.0,B0047FHEMG
umap,10000,9019,-1.8397596,1.6040865,5.0,B00GE4MNQA
umap,10000,9020,-1.7048949,4.4573007,5.0,B002VPE1WK
umap,10000,9021,-1.3462732,0.82979083,5.0,B0C8633DBV
umap,10000,9022,3.3420658,-0.97563493,5.0,B000NPZ4D0
umap,10000,9023,-2.122108,3.4196396,5.0,B0046141OA
umap,10000,9024,-2.119196,3.402624,1.0,B00GUOPY4C
umap,10000,9025,-0.77784646,-3.0762389,2.0,B001FZQ93Q
umap,10000,9026,1.109916,3.9867594,4.0,B0063KGRBW
umap,10000,9027,-0.87735456,-3.3128695,4.0,B002FU63SQ
umap,10000,9028,-0.07240801,-4.087392,2.0,B0BZJ3N9KZ
umap,10000,9029,-1.5662185,-4.5520625,4.0,B0BV6W16MV
umap,10000,9030,-3.3243222,-3.4540172,5.0,B08F1P3BCC
umap,10000,9031,1.27231,1.4880632,5.0,B07KPT46ZS
umap,10000,9032,1.9186544,-1.752807,1.0,B00856VHH6
umap,10000,9033,0.08672513,-5.2736135,2.0,B082THWZF1
umap,10000,9034,-0.56601727,-4.0739565,5.0,B0BG8L1PP1
umap,10000,9035,1.950635,1.6158342,5.0,B00HQWLHJI
umap,10000,9036,1.6910316,1.8191636,5.0,B07D1MK7W1
umap,10000,9037,5.8391066,6.462809,5.0,B00BWF5U0M
umap,10000,9038,3.2547534,1.2761711,2.0,B0015ACUKC
umap,10000,9039,-2.1720493,2.1054945,5.0,B09SB493F8
umap,10000,9040,1.8764713,-1.0485984,1.0,B08JGJP91B
umap,10000,9041,0.21077989,-5.0919485,1.0,B00IVC5XRY
umap,10000,9042,3.7332883,1.2192436,4.0,B0777YWCN9
umap,10000,9043,3.029225,2.0658512,5.0,B07L92L2WW
umap,10000,9044,10.146488,5.8409915,5.0,B00IKMHS28
umap,10000,9045,10.134689,5.829731,5.0,B00IVPU786
umap,10000,9046,10.13404,5.832037,5.0,B00HWMPSJC
umap,10000,9047,3.674281,2.8466468,5.0,B00UBNCLGC
umap,10000,9048,10.134791,5.8302717,5.0,B08KZ1TZYB
umap,10000,9049,12.553475,-11.289869,5.0,B01N75TWSA
umap,10000,9050,12.537777,-11.278457,5.0,B00NQ9OQU2
umap,10000,9051,12.5320635,-11.279828,5.0,B00U3FPN4U
umap,10000,9052,7.635457,2.9490256,5.0,B00L0YLRUW
umap,10000,9053,12.534398,-11.281181,5.0,B00R124LAK
umap,10000,9054,7.6191072,2.9523902,5.0,B01CRA11IU
umap,10000,9055,12.526125,-11.289835,5.0,B016N0RIXC
umap,10000,9056,1.4012092,4.363866,5.0,B09V9H9MVQ
umap,10000,9057,0.97103864,2.6208913,5.0,B01N24N9TH
umap,10000,9058,7.620386,2.9592335,5.0,B07BV97DCH
umap,10000,9059,-1.6985745,-1.4452983,3.0,B00GR4PSAK
umap,10000,9060,-0.532756,3.6433089,5.0,B00BR485DC
umap,10000,9061,4.232223,1.6983863,5.0,B00TC6FKOY
umap,10000,9062,0.6149687,3.5366917,5.0,B018CWI6M6
umap,10000,9063,1.0985557,1.2433481,5.0,B083BR5DJB
umap,10000,9064,10.222191,-16.598225,5.0,B07S5JVP78
umap,10000,9065,2.2901442,1.6035749,5.0,B09Y5NJ3DZ
umap,10000,9066,0.2333549,-5.286158,5.0,B07T8FG649
umap,10000,9067,0.9662773,-2.9538362,4.0,B00SRHXBIQ
umap,10000,9068,4.5025387,1.9264163,5.0,B06XFXX5JH
umap,10000,9069,2.217928,1.4188149,4.0,B0784G52RL
umap,10000,9070,2.8936772,-1.2985762,5.0,B09KV19HQ5
umap,10000,9071,0.6880544,2.8529623,5.0,B00S0BWR2K
umap,10000,9072,2.3050513,2.1626332,5.0,B073Z97TVC
umap,10000,9073,2.5284295,3.9844558,5.0,B00XJKC4SE
umap,10000,9074,0.51889396,-5.417098,1.0,B0094R4POC
umap,10000,9075,7.0001006,3.8630853,5.0,B01EKKQ02C
umap,10000,9076,2.650407,2.8087044,5.0,B018SZT3BK
umap,10000,9077,2.0365548,1.7602698,5.0,B015NBTFFQ
umap,10000,9078,6.6144176,3.8741763,5.0,B00I8TU9KQ
umap,10000,9079,-0.5719413,-3.8049314,5.0,B07TJLM1YM
umap,10000,9080,2.0456634,-2.0767837,5.0,B0BZ15FM42
umap,10000,9081,-0.21288875,-0.9396728,5.0,B01EN1PI8K
umap,10000,9082,-1.0238941,-2.932328,5.0,B004H1M6MI
umap,10000,9083,3.2964716,2.0436924,5.0,B00JKQKAL4
umap,10000,9084,0.14536792,-4.584364,5.0,B071GYD3WV
umap,10000,9085,2.8826604,1.6615756,1.0,B009IZ82DA
umap,10000,9086,3.620369,2.1285508,5.0,B00C4VSJD8
umap,10000,9087,2.6246836,3.318626,5.0,B00F8PP3OK
umap,10000,9088,-1.2579631,1.7573137,5.0,B0071KSMSY
umap,10000,9089,1.3584696,3.1539435,5.0,B007HCCNJU
umap,10000,9090,2.0185728,-1.5699575,5.0,B004UW0EMS
umap,10000,9091,1.1799375,3.5783525,5.0,B004SD22PQ
umap,10000,9092,4.097192,3.455609,5.0,B0000AHO91
umap,10000,9093,-1.1720436,-1.6541632,5.0,B073HF74TG
umap,10000,9094,-2.0528638,-0.9354669,5.0,B000P0QD6U
umap,10000,9095,1.3762419,3.2087412,5.0,B005DOK8NW
umap,10000,9096,1.3659488,-2.0034995,5.0,B007VDMI0O
umap,10000,9097,0.3273166,-4.8422465,5.0,B005M08NM0
umap,10000,9098,1.5848721,2.852281,5.0,B007TMXJK0
umap,10000,9099,-0.50389016,-4.6986003,5.0,B0084VBF8I
umap,10000,9100,4.862915,0.81939423,5.0,B007XTIPH6
umap,10000,9101,4.8706427,0.8130829,5.0,B09TWVB2TH
umap,10000,9102,1.0906466,-2.3284633,4.0,B002MZZSGC
umap,10000,9103,4.8251247,0.8265302,5.0,B000P0S7UK
umap,10000,9104,4.8079057,0.8088294,5.0,B005755TZY
umap,10000,9105,-0.9554599,2.2342968,4.0,B0007T26YW
umap,10000,9106,-2.0724819,-0.9205328,5.0,B00011R47U
umap,10000,9107,1.8189269,1.6986883,5.0,B09S35XDHK
umap,10000,9108,-1.0836588,5.082383,5.0,B09794SBLT
umap,10000,9109,-0.768294,0.60607296,5.0,B0BRZFGB6R
umap,10000,9110,0.57027376,3.679386,5.0,B07XY2ZKYB
umap,10000,9111,-3.629821,-3.3301055,3.0,B07GZFM1ZM
umap,10000,9112,1.1713271,0.5992673,5.0,B00023NDLS
umap,10000,9113,0.47763667,-3.885929,5.0,B09RD36X6L
umap,10000,9114,-4.925241,0.46293673,5.0,B0095PZHPE
umap,10000,9115,-3.844105,0.2756006,3.0,B09YLKXNSN
umap,10000,9116,4.9283357,1.9398836,5.0,B0BMXMNG7G
umap,10000,9117,0.9042957,-5.084411,1.0,B09Y4HCRLM
umap,10000,9118,3.8021004,-0.16197135,1.0,B01D0H1ILY
umap,10000,9119,-1.4560666,3.1597831,5.0,B077TY2YN2
umap,10000,9120,1.5579579,-0.89463454,5.0,B07DWR6TYJ
umap,10000,9121,1.4607245,-0.580794,5.0,B07ZP187WJ
umap,10000,9122,3.4214501,-0.895771,4.0,B07LH37N6B
umap,10000,9123,-0.50399137,2.8012393,4.0,B07FN2N9ZF
umap,10000,9124,3.1461508,1.2887095,5.0,B005NYD7US
umap,10000,9125,2.9511838,1.1129702,1.0,B00ZGRGE70
umap,10000,9126,1.0728585,-0.55437833,2.0,B01DDREF2A
umap,10000,9127,3.2476797,1.5302469,4.0,B0088TKH3A
umap,10000,9128,4.650693,0.65875906,4.0,B000086EYG
umap,10000,9129,3.0547779,1.8034954,5.0,B0BR6ZF28J
umap,10000,9130,2.6813703,1.0472972,1.0,B09C82NT4X
umap,10000,9131,2.7988048,-1.5388604,4.0,B09JJYSYJD
umap,10000,9132,-2.0165865,1.4983839,5.0,B092LNDYSG
umap,10000,9133,1.4663538,-0.4426909,5.0,B07L1PB117
umap,10000,9134,-2.6451252,1.7481713,5.0,B08HGFB47M
umap,10000,9135,-1.7304987,1.0826582,5.0,B0BRZG5TK4
umap,10000,9136,-0.39494452,0.43797725,4.0,B0B6D4W3R7
umap,10000,9137,0.08400671,-4.698485,5.0,B099YNPQJ5
umap,10000,9138,2.2207253,-1.4402894,3.0,B0BVV55XQ1
umap,10000,9139,5.003865,1.6312319,5.0,B08FXL1HBL
umap,10000,9140,3.8361747,1.1666971,1.0,B09YH2K3FL
umap,10000,9141,2.7531326,1.0049249,1.0,B01H3XYJS0
umap,10000,9142,4.9302464,1.5371295,5.0,B07K37HKT8
umap,10000,9143,-0.52620935,-3.082284,5.0,B08TX9GNB3
umap,10000,9144,-1.1677245,-2.0924888,1.0,B000056KYO
umap,10000,9145,-2.1227982,-0.829513,5.0,B01N7KKDOT
umap,10000,9146,2.735729,0.9839678,1.0,B00IF70SDO
umap,10000,9147,3.532641,0.73542285,5.0,B0016OYZBY
umap,10000,9148,-1.918055,-2.0142293,1.0,B005QCD0GS
umap,10000,9149,0.23950054,2.4193056,3.0,B005IXSXPI
umap,10000,9150,-0.33307463,-5.826024,2.0,B000IIBHGK
umap,10000,9151,0.020584652,-3.401369,3.0,B000001OMZ
umap,10000,9152,-0.6986607,-0.1952761,5.0,B07TMJ8S5Z
umap,10000,9153,3.025906,0.5865774,2.0,B09DGFHKNC
umap,10000,9154,1.5018905,0.015352019,1.0,B09Q4NHCWY
umap,10000,9155,-0.9253521,-2.8549097,5.0,B07S6X6RLG
umap,10000,9156,2.674587,2.258621,5.0,B0BTPBBL52
umap,10000,9157,3.841874,0.84805715,5.0,B09Z93GXLK
umap,10000,9158,-1.158828,-3.2027006,5.0,B088CSDZQM
umap,10000,9159,2.0491323,-2.1348367,5.0,B08J83TR22
umap,10000,9160,-2.1524282,-0.8622367,5.0,B0BV3NWX67
umap,10000,9161,3.4023721,2.4555318,5.0,B07R1KHSR4
umap,10000,9162,3.5177984,0.21789637,5.0,B0C6PGZ3MB
umap,10000,9163,-1.2512628,-1.9229934,4.0,B0B6D4W3R7
umap,10000,9164,4.90985,3.246705,2.0,B0C5M4WVY2
umap,10000,9165,-2.0335114,1.9464005,5.0,B0BRLZFYTJ
umap,10000,9166,3.3800602,-0.8983899,5.0,B06XD17W7W
umap,10000,9167,1.5615371,-0.48167604,5.0,B01LYCMLY5
umap,10000,9168,3.78348,0.70527047,5.0,B08739SDH3
umap,10000,9169,-2.7458506,1.4061505,3.0,B079YDZ3QJ
umap,10000,9170,-2.2680204,1.5946431,2.0,B0817VT1Q2
umap,10000,9171,-2.660471,1.257781,3.0,B07KBZ52PN
umap,10000,9172,1.4343818,-0.0660137,5.0,B07QY74JVJ
umap,10000,9173,-1.4855536,3.139248,5.0,B07ZV5P9RQ
umap,10000,9174,-0.71270907,-4.875834,5.0,B093Q4CMGB
umap,10000,9175,-0.84252083,0.66936517,5.0,B0BJW2XLMR
umap,10000,9176,0.60124665,-5.407341,5.0,B07S764D9V
umap,10000,9177,2.3689282,4.1171765,5.0,B08KG14KCT
umap,10000,9178,3.3737547,1.3323025,1.0,B00FBJ48JE
umap,10000,9179,2.6784685,1.0485085,3.0,B0CCD3VDQN
umap,10000,9180,4.2769585,1.582273,5.0,B00OUUTYIU
umap,10000,9181,3.72059,0.5854463,5.0,B07BB4QSLL
umap,10000,9182,1.8225995,-1.2454368,5.0,B08739SDH3
umap,10000,9183,3.2940483,1.3266178,5.0,B01LY2QRH0
umap,10000,9184,3.3144655,1.3749111,5.0,B00FBJ460K
umap,10000,9185,4.0818715,2.0230167,5.0,B0C7TS233Q
umap,10000,9186,-2.413276,1.5542198,5.0,B087MDK9DK
umap,10000,9187,4.186106,2.6243196,5.0,B092WHC7C1
umap,10000,9188,-2.4321694,2.639924,5.0,B012ZHJNV2
umap,10000,9189,-3.9283772,0.54690015,5.0,B01L3VEC94
umap,10000,9190,-3.3096428,0.8614174,5.0,B011NT1ODS
umap,10000,9191,2.3205016,-0.9292794,5.0,B01H14SFRM
umap,10000,9192,2.5109735,1.8760378,5.0,B00P6N9KE8
umap,10000,9193,6.675389,1.2106351,5.0,B09966K2LT
umap,10000,9194,7.2280765,3.9764614,5.0,B000YQSKPM
umap,10000,9195,-0.76960164,0.67102325,5.0,B00JW6O9EQ
umap,10000,9196,0.4416609,5.0016537,5.0,B00B3507Q8
umap,10000,9197,4.220863,1.678861,5.0,B00FRQ0TBC
umap,10000,9198,4.361768,3.1463277,5.0,B00EUY59Z8
umap,10000,9199,2.5585804,2.8578503,5.0,B004VF4D9E
umap,10000,9200,-0.63641244,-4.1442747,5.0,B009UNGTH6
umap,10000,9201,-1.7257035,4.469628,5.0,B002NUDGOC
umap,10000,9202,1.7824414,-1.6349893,5.0,B002RZ3CBU
umap,10000,9203,3.6740963,1.3300779,5.0,B00632MUHA
umap,10000,9204,-3.3591344,-1.7351565,3.0,B093HBZVT6
umap,10000,9205,1.2941923,0.84264725,5.0,B07VGTG17P
umap,10000,9206,1.7237242,-1.3615185,5.0,B0753G7SJ5
umap,10000,9207,3.1422894,0.8878121,1.0,B09Y2SCJPD
umap,10000,9208,-3.206501,-1.2587191,1.0,B09J2LT45L
umap,10000,9209,0.010939075,4.6960406,5.0,B08CXBT1VP
umap,10000,9210,2.9052837,-1.2888504,5.0,B08B65KK8V
umap,10000,9211,-1.1883112,1.8426882,5.0,B00BTKGHDE
umap,10000,9212,2.1878042,-1.7636338,1.0,B0967JBZN9
umap,10000,9213,2.3553104,-2.0081754,5.0,B0796LV9SY
umap,10000,9214,0.80147815,2.5326324,5.0,B0914VHYJZ
umap,10000,9215,4.2630024,3.8652892,5.0,B0BDPY3QVG
umap,10000,9216,0.32175758,4.049028,5.0,B091YR9YWJ
umap,10000,9217,1.8901507,-0.96564347,5.0,B0B5N1GTBN
umap,10000,9218,3.579232,1.6918063,5.0,B08RSCQBHR
umap,10000,9219,5.4736867,4.5236773,5.0,B093C6DW8H
umap,10000,9220,7.515794,3.3551388,5.0,B078LVK34L
umap,10000,9221,3.4008322,1.7636193,5.0,B082T78RKN
umap,10000,9222,-3.5607626,-3.216237,5.0,B0791TX5P5
umap,10000,9223,4.0029025,0.7733488,5.0,B07HKTKJ5C
umap,10000,9224,2.6249137,3.408674,5.0,B07CLBNM1C
umap,10000,9225,8.7372675,5.6574936,5.0,B07CKKX42P
umap,10000,9226,6.8402853,9.187113,5.0,B08P1TWXC9
umap,10000,9227,2.5160716,4.0537987,5.0,B07N5LJCWN
umap,10000,9228,4.431711,3.6086886,4.0,B01D84LZ1W
umap,10000,9229,5.2782235,4.183065,5.0,B00HJ0VXJQ
umap,10000,9230,4.751668,3.2473152,4.0,B0BGNG1294
umap,10000,9231,4.748913,3.2578542,2.0,B01N75TWSA
umap,10000,9232,-2.0475407,-0.94253904,5.0,B01NAWBY12
umap,10000,9233,0.3746181,2.1681452,4.0,B06XXLVKGF
umap,10000,9234,4.4110856,3.431067,2.0,B00FR6SQFS
umap,10000,9235,-0.6880984,-4.0567284,1.0,B00SMBFZNG
umap,10000,9236,-0.94535947,-4.144088,5.0,B007PZYBTY
umap,10000,9237,-0.4827817,-4.565717,3.0,B01E6OSCBY
umap,10000,9238,-2.0570228,-1.2761638,5.0,B07HNVKJSL
umap,10000,9239,1.8829763,-1.2578722,5.0,B0CFB5XD2Z
umap,10000,9240,-1.1476814,-4.257548,5.0,B09W4W9SYF
umap,10000,9241,1.9269246,-0.9300065,5.0,B0756HHHL2
umap,10000,9242,-0.4982187,-4.046624,2.0,B0BS1615YC
umap,10000,9243,0.16199742,-5.078405,4.0,B08Q2D3XR1
umap,10000,9244,-1.3470584,-0.9722856,4.0,B00LD3Q56G
umap,10000,9245,-0.06277088,-4.783256,5.0,B07S764D9V
umap,10000,9246,1.4588737,-2.0181148,5.0,B00IWA1MNE
umap,10000,9247,1.7462159,-1.9017831,5.0,B00HPTTZDC
umap,10000,9248,0.87792456,-5.0640683,3.0,B00J3VUKVQ
umap,10000,9249,1.5578275,3.5548117,5.0,B00DBR67WO
umap,10000,9250,-2.2072573,-0.8306809,5.0,B00E59WGTU
umap,10000,9251,0.88281655,-5.085323,5.0,B00KJLMMA6
umap,10000,9252,0.013292622,3.3211987,4.0,B00M7E3OZA
umap,10000,9253,4.736834,1.5703635,5.0,B08MBTW7HC
umap,10000,9254,3.5032444,-0.6239749,5.0,B071WW8P83
umap,10000,9255,3.4676054,-0.7707068,5.0,B06XW37LBG
umap,10000,9256,3.682313,1.3136123,5.0,B01CW4BN5M
umap,10000,9257,-2.9084451,1.1085126,5.0,B016F3M7OM
umap,10000,9258,0.16209622,4.173383,4.0,B09FJLY7BH
umap,10000,9259,-0.6247466,3.672062,5.0,B0BZVF3W2L
umap,10000,9260,-0.701048,3.6380095,2.0,B09175ND1N
umap,10000,9261,0.20188013,4.082486,3.0,B09D7KRFWV
umap,10000,9262,-0.869662,3.6465259,1.0,B08R3MG1DL
umap,10000,9263,-0.5851801,4.94437,5.0,B07BWFNBZK
umap,10000,9264,4.073146,-1.470129,5.0,B0C2QJ4FF7
umap,10000,9265,1.4259179,-1.5524502,3.0,B07KVKGQ4K
umap,10000,9266,0.67564595,-2.1619153,5.0,B01GTH5Z3E
umap,10000,9267,0.1441704,3.4262028,3.0,B0BPMM75N8
umap,10000,9268,1.6002692,-0.79052573,2.0,B0184NF68A
umap,10000,9269,1.0732753,-2.2429373,5.0,B01F9RGSFE
umap,10000,9270,0.5453607,3.5301206,5.0,B01B7X4HVQ
umap,10000,9271,1.4557865,-2.140889,5.0,B00M5JG8ZK
umap,10000,9272,0.06307986,-4.8457313,5.0,B06XKM77TP
umap,10000,9273,-2.1351326,3.3636127,5.0,B00DQDWUFQ
umap,10000,9274,-1.7072645,4.5033345,5.0,B008D6SX8Y
umap,10000,9275,-2.5045664,1.2181551,4.0,B00UY5Y868
umap,10000,9276,6.8400583,9.18712,5.0,B072JJNVJ5
umap,10000,9277,5.300285,4.180074,3.0,B073VMG4FN
umap,10000,9278,4.394424,3.5812328,4.0,B0144AAIWQ
umap,10000,9279,12.539298,-11.284951,4.0,B01B6197JG
umap,10000,9280,6.8567553,9.203986,4.0,B00HC0691U
umap,10000,9281,5.542181,2.89786,4.0,B00STPOLIA
umap,10000,9282,5.8397737,6.463554,4.0,B000FIY08U
umap,10000,9283,1.1913445,3.9664369,5.0,B09MVNFD2W
umap,10000,9284,1.1496334,3.892377,5.0,B016836DDK
umap,10000,9285,1.208337,3.1019714,5.0,B00VKIY9RG
umap,10000,9286,-0.4389724,-4.4115133,5.0,B08CRRL7CR
umap,10000,9287,0.42058867,-5.5298696,5.0,B06X16Z7DZ
umap,10000,9288,-2.195246,-0.8960865,1.0,B07BKBJS45
umap,10000,9289,-1.3651309,-1.809975,1.0,B00X5C22SS
umap,10000,9290,1.2988852,3.1561148,4.0,B008GFRE5A
umap,10000,9291,1.3714952,3.2497442,5.0,B006GWO5WK
umap,10000,9292,0.52205044,3.5974505,5.0,B0BQHNB35H
umap,10000,9293,0.39577436,-4.532013,1.0,B09FPY6YK2
umap,10000,9294,-1.8043331,-0.7030515,5.0,B08LPTDW6T
umap,10000,9295,3.069354,0.8105915,5.0,B00E0E2DIE
umap,10000,9296,-3.2820523,-1.482714,5.0,B07Q478Y95
umap,10000,9297,0.35389057,0.8879711,5.0,B081VSP25F
umap,10000,9298,-3.6940691,-3.2833102,4.0,B07FQ24C67
umap,10000,9299,-1.9818516,1.4986228,5.0,B07Y1QGRWC
umap,10000,9300,-1.4184203,-2.3526444,5.0,B07KTYJ769
umap,10000,9301,-2.9183826,0.99834317,5.0,B07N86MCD2
umap,10000,9302,4.699185,3.1069229,1.0,B0BS2TMK39
umap,10000,9303,-0.26937407,-4.7538486,5.0,B07P65VSYR
umap,10000,9304,-2.8810956,1.2273527,5.0,B07G62CTBW
umap,10000,9305,-3.360284,-1.1929159,5.0,B07BG98GNZ
umap,10000,9306,1.9968066,-1.9604386,5.0,B07GTGHQHB
umap,10000,9307,0.33171287,4.0689282,5.0,B01862K1YS
umap,10000,9308,-5.0688815,0.35814893,5.0,B017Y6B8CQ
umap,10000,9309,1.8293484,-1.0751348,5.0,B06Y26RTKR
umap,10000,9310,-3.578413,-3.5708988,3.0,B01K8B8YA8
umap,10000,9311,-2.8485467,1.1593761,5.0,B00CR0JAT8
umap,10000,9312,-0.9069833,-4.181104,5.0,B00CO07C5A
umap,10000,9313,-1.931147,1.4570278,5.0,B004UETB20
umap,10000,9314,-2.8921463,1.163375,2.0,B084T3RMQ6
umap,10000,9315,-0.6763365,0.61995196,3.0,B0BP52CQCW
umap,10000,9316,-1.775827,-1.1374727,4.0,B07H2F373Y
umap,10000,9317,0.25707352,4.767053,3.0,B095ZV29YF
umap,10000,9318,-0.48997533,-0.07359008,1.0,B00RXEWOAA
umap,10000,9319,4.2560577,-1.4518648,5.0,B00KF7Q4WG
umap,10000,9320,-4.0873427,0.46968347,3.0,B077T4G4PX
umap,10000,9321,-1.55658,-4.4684234,2.0,B0063NU3AA
umap,10000,9322,-0.96810377,-4.086846,5.0,B005F4N6G6
umap,10000,9323,-0.64822763,0.52190346,1.0,B00XI4OL82
umap,10000,9324,-0.0787073,0.25850543,4.0,B01EOHXF0G
umap,10000,9325,-0.55863076,0.41539106,2.0,B010278JVM
umap,10000,9326,-1.2388343,-4.3102684,3.0,B0BW4PFM58
umap,10000,9327,-0.7230455,0.5237558,3.0,B06XHWWJRW
umap,10000,9328,-2.887717,-1.0658547,2.0,B0BDDXWX5T
umap,10000,9329,2.1817212,2.46541,5.0,B00AYJFXIQ
umap,10000,9330,-1.5180941,3.3938396,1.0,B000068P8W
umap,10000,9331,-1.3802489,-1.8020599,1.0,B001TK3D4K
umap,10000,9332,-3.246988,-1.2297165,5.0,B083NFNN99
umap,10000,9333,1.5742676,-0.49004218,5.0,B07SD4SNSB
umap,10000,9334,0.22157736,3.1376097,4.0,B078YQS231
umap,10000,9335,0.5367243,-5.8603883,4.0,B083TWD5HP
umap,10000,9336,1.4994522,-2.2163486,4.0,B01KSCZHQG
umap,10000,9337,-3.563505,-3.5094373,4.0,B07MLY3JKV
umap,10000,9338,1.4724869,-0.44615442,5.0,B00ZDGITGI
umap,10000,9339,2.9739177,-1.4090148,3.0,B07F8ZHBLS
umap,10000,9340,0.14002089,0.6652885,5.0,B0BZLBL1L9
umap,10000,9341,1.6539924,-0.53890955,3.0,B0CBVWHXTS
umap,10000,9342,1.4022013,-1.7915452,1.0,B07QRZBZ9D
umap,10000,9343,0.33443567,-2.9595711,3.0,B07K25P3N1
umap,10000,9344,-0.023238683,-5.323848,4.0,B08YKHW429
umap,10000,9345,-2.879904,1.2240901,4.0,B07324B77V
umap,10000,9346,0.29034287,1.7191942,3.0,B01COWDBYS
umap,10000,9347,-0.23560695,3.1974225,5.0,B00Q5CZ0RA
umap,10000,9348,0.5409538,3.8104367,4.0,B00WMK3D0K
umap,10000,9349,-2.845441,1.1772873,3.0,B00SIM78R0
umap,10000,9350,2.0515742,1.5857905,5.0,B07QW3MNXQ
umap,10000,9351,-1.1925696,-3.563538,5.0,B0058BG0UK
umap,10000,9352,3.9855669,1.2267976,4.0,B004O4HTDE
umap,10000,9353,2.0366576,2.31635,5.0,B0067HY7HW
umap,10000,9354,5.152156,3.859605,5.0,B00E1CRC86
umap,10000,9355,-2.1626003,3.0344794,5.0,B00007LA0T
umap,10000,9356,-2.4895525,1.431917,4.0,B00906D9YE
umap,10000,9357,4.2722764,1.6168172,5.0,B0088N90AW
umap,10000,9358,-2.0332541,3.6721559,5.0,B0058I7CVE
umap,10000,9359,0.21524325,-5.4001265,4.0,B00WURKW1S
umap,10000,9360,-2.1130116,-2.4408267,5.0,B07DGZ8ZC7
umap,10000,9361,0.0024998498,-1.8487259,5.0,B00XHU3354
umap,10000,9362,1.4579965,-1.0297192,5.0,B01EQWU9EO
umap,10000,9363,-4.0709643,0.9603123,5.0,B00SG3CWGS
umap,10000,9364,-1.7532625,1.1228347,5.0,B091LDVYZK
umap,10000,9365,0.83274055,3.8553011,1.0,B0129D1QYE
umap,10000,9366,-1.0509428,4.99846,5.0,B00CQUVHC2
umap,10000,9367,1.1413834,3.865004,5.0,B07C9H4JY8
umap,10000,9368,0.72900844,3.6377537,5.0,B00O4SBLBQ
umap,10000,9369,1.3679293,3.3604918,5.0,B012SXFW72
umap,10000,9370,1.3778273,3.2261064,5.0,B010BWYDYA
umap,10000,9371,-4.0614095,0.9208835,5.0,B01I4TE612
umap,10000,9372,0.41211995,-5.545049,4.0,B0C1ZHJRGB
umap,10000,9373,4.772897,3.5601063,5.0,B0822MT2NH
umap,10000,9374,4.7058983,3.2965322,5.0,B07CWQGX93
umap,10000,9375,2.3379865,1.7313958,5.0,B00HEEOQBO
umap,10000,9376,4.306787,3.7441747,5.0,B079V4L9BD
umap,10000,9377,3.2748835,0.77018726,1.0,B0BJVDXRQX
umap,10000,9378,-2.0459108,-2.2270117,5.0,B0BL6788GP
umap,10000,9379,2.0711997,0.36488062,5.0,B0BYYJPGQB
umap,10000,9380,0.37781122,-5.654823,2.0,B005M08M2Q
umap,10000,9381,3.8129096,0.6998539,5.0,B09BN68NPQ
umap,10000,9382,0.033280127,0.8365575,5.0,B09659G5MR
umap,10000,9383,4.1575933,1.5947477,5.0,B07S764D9V
umap,10000,9384,4.0779696,1.2472118,5.0,B072FHJVT2
umap,10000,9385,-1.344764,5.3505063,5.0,B007RHU7F2
umap,10000,9386,-2.1353793,-0.9742255,5.0,B08W461XSH
umap,10000,9387,-2.8662164,1.2506202,5.0,B08F6GPRH6
umap,10000,9388,0.52532464,3.8494823,5.0,B07Q2ZKBQS
umap,10000,9389,4.904595,0.9633517,5.0,B01BERGPX8
umap,10000,9390,0.58898854,-5.5072694,1.0,B00DF37H3W
umap,10000,9391,3.1610725,1.1343771,5.0,B000001OKZ
umap,10000,9392,2.8718548,2.4478867,5.0,B01M0EKE4T
umap,10000,9393,1.2655716,0.8767141,5.0,B0087NZ31S
umap,10000,9394,0.92059207,2.6072006,5.0,B0189XYW08
umap,10000,9395,-0.44959387,-3.832559,5.0,B0C3H2SV75
umap,10000,9396,1.4473133,-0.17033552,5.0,B07TJ38TNL
umap,10000,9397,-2.303743,1.9025977,5.0,B0095FQH1M
umap,10000,9398,-1.2656125,5.0355697,5.0,B007Y91RAC
umap,10000,9399,3.5733252,2.613228,5.0,B00CU2K7VI
umap,10000,9400,-0.8961322,-2.5244722,5.0,B00512Q4M0
umap,10000,9401,1.5790174,-1.3946421,5.0,B00B3OA7R8
umap,10000,9402,-1.5451676,0.9277791,1.0,B003DV4234
umap,10000,9403,-2.2000837,-1.8040141,5.0,B0C3NMZ2C7
umap,10000,9404,-5.034288,0.3801691,5.0,B0BLD1HN66
umap,10000,9405,1.1713855,1.0185094,5.0,B07W5QVC72
umap,10000,9406,-5.023065,0.3977746,5.0,B08PB9FFM8
umap,10000,9407,2.92365,2.3169036,5.0,B0BG75H724
umap,10000,9408,1.4571955,3.2972054,5.0,B01M3ULMWP
umap,10000,9409,0.7622334,4.483139,5.0,B0719KZW4L
umap,10000,9410,2.6316242,0.67578644,5.0,B01940JPLQ
umap,10000,9411,3.1139243,1.2380933,4.0,B071YPQQFF
umap,10000,9412,3.096741,2.4060109,5.0,B08L3SWXY1
umap,10000,9413,2.5415585,3.2141426,4.0,B07BF5VW8K
umap,10000,9414,3.2853558,2.8121986,4.0,B072N2RZJG
umap,10000,9415,2.217327,-1.8256953,4.0,B07SSYXHRR
umap,10000,9416,-4.877108,0.5084168,4.0,B00ITHFHL8
umap,10000,9417,3.8479302,2.7403662,5.0,B003ILIFEG
umap,10000,9418,3.4726741,1.4127663,4.0,B00841AGCO
umap,10000,9419,1.4265292,3.2735236,5.0,B00OQVZDJM
umap,10000,9420,-2.2624104,1.7164248,4.0,B001I3X3HU
umap,10000,9421,0.63590854,-5.571153,5.0,B08FX6FB1S
umap,10000,9422,3.8402762,1.3967248,1.0,B0000BYDKO
umap,10000,9423,1.7551453,-0.4345001,1.0,B0C81DBWRQ
umap,10000,9424,6.6794467,1.2112759,5.0,B09ZKN1KVG
umap,10000,9425,4.577969,1.6294891,5.0,B0719897GN
umap,10000,9426,4.042911,1.1829342,5.0,B0756NMHLD
umap,10000,9427,3.5575466,1.3393834,5.0,B00LHERVM8
umap,10000,9428,0.42450225,5.0152154,5.0,B00P0ZAKG4
umap,10000,9429,-0.7984449,-3.2183042,5.0,B09FHGH3Q4
umap,10000,9430,3.8728368,3.0347986,5.0,B07XKPDG2Q
umap,10000,9431,10.137031,5.832468,3.0,B084LS3RQJ
umap,10000,9432,4.322075,2.9967773,3.0,B07PBD8C26
umap,10000,9433,2.6303132,3.0554023,4.0,B08MBX4FNC
umap,10000,9434,2.626975,3.0352468,4.0,B0BRZFGB6R
umap,10000,9435,1.4688375,4.3162804,4.0,B07NL2S9QW
umap,10000,9436,5.1594343,4.4834023,4.0,B01LWWRZD1
umap,10000,9437,0.65690184,3.4472141,4.0,B09H64B2QN
umap,10000,9438,2.0479808,3.6356697,3.0,B0BZ5KPQZK
umap,10000,9439,0.48852736,-5.518718,5.0,B01J0S4AAS
umap,10000,9440,10.025953,5.7769823,4.0,B0B3HP29S4
umap,10000,9441,0.80307823,1.9864972,5.0,B07TLKYNHG
umap,10000,9442,4.4342237,1.8303641,5.0,B0C556BW5M
umap,10000,9443,4.249218,1.538191,5.0,B01MS0KRA4
umap,10000,9444,4.256026,1.5692515,5.0,B00GN76HAG
umap,10000,9445,3.8348925,1.7600667,5.0,B0BCWK45KD
umap,10000,9446,2.193667,1.6573993,5.0,B07211W6X2
umap,10000,9447,3.5668516,1.7203238,5.0,B07C9C7N4G
umap,10000,9448,2.618923,3.375988,5.0,B011K4XZQ0
umap,10000,9449,2.842828,2.4434447,4.0,B01C7HZ47M
umap,10000,9450,2.727929,2.4014044,4.0,B0BHSV5MQ2
umap,10000,9451,10.141258,5.8335304,5.0,B0B1M6Q6XC
umap,10000,9452,2.7883847,3.0380125,5.0,B07QG6F5C8
umap,10000,9453,3.2607722,2.1979876,5.0,B07DK3RTX9
umap,10000,9454,-0.8003646,-3.780172,5.0,B0BW4PFM58
umap,10000,9455,2.2752519,-1.7905949,5.0,B07NBQ1WJ7
umap,10000,9456,-0.8213217,-3.958902,5.0,B0B5SXC463
umap,10000,9457,-1.0573913,-3.7527359,5.0,B08X7H3GMK
umap,10000,9458,0.109082036,-5.4973073,1.0,B09SGB2WV4
umap,10000,9459,1.1510142,0.77579707,5.0,B00176T9OY
umap,10000,9460,1.1546985,-0.74099433,5.0,B07R4SP65H
umap,10000,9461,-0.18275665,-3.7817943,5.0,B08CHHKM9M
umap,10000,9462,0.9976413,1.1902819,5.0,B07GSCCJ9Y
umap,10000,9463,-0.60236204,-2.8367603,1.0,B07VTK654B
umap,10000,9464,0.70746464,0.4727686,5.0,B01D8BK8YA
umap,10000,9465,1.484223,2.484989,5.0,B07WLLZYNQ
umap,10000,9466,-2.0682218,-2.4835644,5.0,B071V7SV6P
umap,10000,9467,-3.5148304,-1.5230379,2.0,B078KNZBHM
umap,10000,9468,4.194606,-1.4629499,5.0,B07Y4XH11L
umap,10000,9469,0.35284662,0.747124,3.0,B071ZT43CQ
umap,10000,9470,-2.1364467,2.4183044,5.0,B01LNDARMS
umap,10000,9471,1.9293295,-0.335059,5.0,B00K8UO288
umap,10000,9472,3.446147,1.5144844,5.0,B018QEETLM
umap,10000,9473,3.8609712,1.8060303,5.0,B008I780R2
umap,10000,9474,2.8700747,1.121811,1.0,B07G61JRYR
umap,10000,9475,-0.8119383,-3.3109887,5.0,B00P9WK1BW
umap,10000,9476,-0.40311337,0.21255608,5.0,B07R74DWW1
umap,10000,9477,-0.49566865,-3.5032191,5.0,B00B1V2FA0
umap,10000,9478,2.4406695,4.0951014,5.0,B004RG19VM
umap,10000,9479,3.8194969,1.6522683,4.0,B003K1L7QW
umap,10000,9480,3.6637654,1.5305172,4.0,B002UKSZUU
umap,10000,9481,-1.0502928,-4.7367806,1.0,B08SRC7S69
umap,10000,9482,0.58283293,-5.5447326,1.0,B005XI09RS
umap,10000,9483,-2.7817733,0.09300151,5.0,B0001OHH0Q
umap,10000,9484,2.6353807,3.3728666,5.0,B01K8B8YA8
umap,10000,9485,3.2184708,0.8821292,2.0,B0B62NG1V7
umap,10000,9486,-0.029844487,3.4868557,3.0,B00F42VLNY
umap,10000,9487,0.67696166,-5.197542,5.0,B0BXT9S5NK
umap,10000,9488,-0.22672299,3.2726786,5.0,B00ROT77QA
umap,10000,9489,-1.3956251,3.1357613,5.0,B01LYECMO6
umap,10000,9490,-4.8052816,0.42837852,5.0,B0B3GVH1ZP
umap,10000,9491,-0.35213923,3.717909,5.0,B084GZHTGM
umap,10000,9492,-1.9489312,-2.74874,2.0,B0C929SCCK
umap,10000,9493,4.1839747,-1.4763976,5.0,B088R271ZP
umap,10000,9494,1.1408176,0.90657705,5.0,B0B42NYTZZ
umap,10000,9495,1.0529503,0.18861997,2.0,B017OJEAL4
umap,10000,9496,-0.26603568,3.1449375,5.0,B004GF1WUC
umap,10000,9497,-3.025668,0.84667116,5.0,B07K9DVZ3H
umap,10000,9498,1.7743893,1.5980377,5.0,B00MIBN71I
umap,10000,9499,0.008041509,-0.06588102,1.0,B006GOFW3E
umap,10000,9500,-1.755769,-3.0733654,5.0,B0C383TJY5
umap,10000,9501,6.2370625,-1.6302364,5.0,B07FCHTPJ4
umap,10000,9502,-0.12120138,-1.1303962,3.0,B0C1NBH2CH
umap,10000,9503,1.4327902,2.2996898,5.0,B0CB3NLJM1
umap,10000,9504,0.09512194,0.05655185,5.0,B087MBGQNL
umap,10000,9505,2.8027878,0.9809407,1.0,B08BS55JS5
umap,10000,9506,-1.9238074,-0.8751449,5.0,B081Y3WTPD
umap,10000,9507,3.4587517,2.6957297,4.0,B07RR5WZCR
umap,10000,9508,3.1887789,2.6628504,5.0,B07Q2MXPH6
umap,10000,9509,-0.12458418,-3.8262305,5.0,B07XBQ2ZSD
umap,10000,9510,0.10617735,1.5047892,5.0,B0788M3W6K
umap,10000,9511,-2.9638097,-1.7206492,5.0,B01KCY5MBU
umap,10000,9512,-0.38807917,4.716934,5.0,B071KRNH9X
umap,10000,9513,1.3524286,0.8549807,1.0,B0755H37CV
umap,10000,9514,-3.0974412,-1.4971483,5.0,B0BHMVBV9M
umap,10000,9515,1.3186048,3.3342717,5.0,B01CO4XWDQ
umap,10000,9516,1.7241988,1.1804459,5.0,B00US2SX4K
umap,10000,9517,0.29866207,1.0274311,4.0,B01B16MXLU
umap,10000,9518,-2.8857577,-1.0398717,5.0,B00C2H0YUA
umap,10000,9519,1.0744106,-2.8396375,5.0,B0194JXWXO
umap,10000,9520,-3.3934133,-1.2120545,4.0,B00AJHDZSI
umap,10000,9521,-2.3774002,-1.5933609,5.0,B00PBIJHQY
umap,10000,9522,1.5562506,-0.27690268,5.0,B0BWJWBD24
umap,10000,9523,1.1727142,0.64874864,4.0,B07VTK654B
umap,10000,9524,4.1249666,2.134517,5.0,B086WTZ5VZ
umap,10000,9525,3.0261896,1.8716738,5.0,B092KCHPLP
umap,10000,9526,4.7897186,3.2225873,5.0,B07Q3DLCJ4
umap,10000,9527,2.9275105,2.462907,5.0,B073JL2NJR
umap,10000,9528,2.6432922,2.863286,5.0,B01MTF2Z37
umap,10000,9529,-3.6480758,-3.3502975,5.0,B01KIOU4EO
umap,10000,9530,2.8022456,2.0851488,5.0,B075RV7KR1
umap,10000,9531,5.8382187,1.6158559,4.0,B07CRWJMKH
umap,10000,9532,4.244573,-1.5045848,2.0,B01IVQY6GS
umap,10000,9533,0.25197297,0.26504707,2.0,B076XFGK32
umap,10000,9534,4.06339,1.7621297,4.0,B076XFGK32
umap,10000,9535,5.543826,4.6208835,4.0,B07TZP1SD3
umap,10000,9536,3.897034,0.7642956,4.0,B09BQT9ZHB
umap,10000,9537,0.8494577,-2.339005,4.0,B01MQ1YEYH
umap,10000,9538,7.4168477,3.0683558,4.0,B08DJVJN1V
umap,10000,9539,5.4713345,4.5235925,5.0,B01HIS30IA
umap,10000,9540,-0.6387117,0.60364443,5.0,B0BJW2XLMR
umap,10000,9541,4.0696836,1.8825879,5.0,B08BCY3KJW
umap,10000,9542,4.338028,-1.6590681,3.0,B01LW9B75D
umap,10000,9543,0.77487683,-2.333522,4.0,B0752F4561
umap,10000,9544,5.583198,4.6558385,4.0,B01N4P5SQ3
umap,10000,9545,-0.3806867,0.4003126,4.0,B09GL247NY
umap,10000,9546,2.3557239,1.3699093,5.0,B00CGYCNG2
umap,10000,9547,-0.40157568,0.507183,5.0,B07V3FWFQG
umap,10000,9548,6.818734,9.1662035,5.0,B01DLWQPJI
umap,10000,9549,1.3372666,-2.2462041,5.0,B003L1AFUU
umap,10000,9550,3.895369,1.8421893,5.0,B002CQU14A
umap,10000,9551,4.4140797,3.411709,4.0,B01BNKD0IO
umap,10000,9552,7.3485084,3.0523186,5.0,B0042UINC6
umap,10000,9553,1.8536055,1.6009834,4.0,B09SWWCN6Q
umap,10000,9554,-2.2920318,1.6519825,5.0,B0049U407Q
umap,10000,9555,7.5383987,3.3607438,5.0,B00D38XF6M
umap,10000,9556,7.4357147,3.0389757,5.0,B00JKQK9JW
umap,10000,9557,-0.014626103,0.66001385,5.0,B00OAXPYXG
umap,10000,9558,-2.3829875,0.0891178,5.0,B07YFCBZ6W
umap,10000,9559,-3.151458,-1.5662661,5.0,B01AX8XHRQ
umap,10000,9560,0.40331236,0.4723948,5.0,B01323CST2
umap,10000,9561,-2.03026,-2.2685306,5.0,B002VJKAWG
umap,10000,9562,-0.7983223,0.6167642,5.0,B07Y98X47F
umap,10000,9563,1.4446248,-0.10735588,5.0,B09PKGGQV1
umap,10000,9564,-3.1432703,-1.5659788,5.0,B00NTWK8VW
umap,10000,9565,3.0470247,-4.900297,5.0,B08YDWRL77
umap,10000,9566,0.31367654,-3.1605163,4.0,B015A6ZOA4
umap,10000,9567,2.1746504,1.670495,5.0,B009RUZ7TS
umap,10000,9568,-0.4345883,2.6642573,5.0,B00L4NMI1G
umap,10000,9569,2.7042398,-1.1199133,5.0,B07WRSHHW5
umap,10000,9570,1.5905026,1.1484475,5.0,B0C7H46FRH
umap,10000,9571,1.0034977,-2.2286181,5.0,B01N5DLW2U
umap,10000,9572,-0.49328965,0.6997978,5.0,B0BV2M58F6
umap,10000,9573,-0.407683,2.29283,4.0,B07D6RDCG3
umap,10000,9574,1.1651222,4.4810414,2.0,B00F4BYXMG
umap,10000,9575,1.088956,-2.8363004,4.0,B07S8F43Y6
umap,10000,9576,0.92912716,-2.712032,4.0,B07S8F43Y6
umap,10000,9577,-1.0398484,-4.8132863,4.0,B01I1XC5LE
umap,10000,9578,1.8576713,0.40295243,5.0,B089PMMT1X
umap,10000,9579,1.153536,-2.823721,4.0,B07Z5CWTD6
umap,10000,9580,3.1551838,1.755414,5.0,B077XYYXJ1
umap,10000,9581,3.3991735,-0.9782924,3.0,B075WSDM9N
umap,10000,9582,-1.5860937,-2.1888266,5.0,B079PG7JPP
umap,10000,9583,3.0622683,1.6160201,5.0,B00BIKI2BK
umap,10000,9584,2.0389092,1.5123004,5.0,B07GBNN79K
umap,10000,9585,0.812223,-2.8355422,5.0,B003ZX8N44
umap,10000,9586,-1.3912462,-3.991984,5.0,B004T0WFVE
umap,10000,9587,5.0396466,3.8221533,5.0,B008DVMRXG
umap,10000,9588,0.5671985,-2.1881073,5.0,B01N75TWSA
umap,10000,9589,-0.8497259,-2.4705973,5.0,B01AUR77FI
umap,10000,9590,-0.80637604,0.70321465,5.0,B00KW34P0Q
umap,10000,9591,0.66061586,-2.6468961,5.0,B07DX98TJK
umap,10000,9592,-0.452019,-2.0502594,5.0,B0041OTZAM
umap,10000,9593,-0.22510283,-2.025147,5.0,B075KP9XHS
umap,10000,9594,0.65577316,0.7383253,1.0,B07XJFZPGR
umap,10000,9595,2.851075,1.7824023,5.0,B09Z9TJ5ND
umap,10000,9596,-1.9327986,3.991191,5.0,B08P3VMW76
umap,10000,9597,2.7730982,1.1050074,1.0,B015QBMZ8W
umap,10000,9598,-0.9043135,0.77280504,5.0,B0C5BZLNW6
umap,10000,9599,0.38661838,4.6496167,4.0,B08F4VHM1N
umap,10000,9600,2.1949801,1.7588543,5.0,B01GF0KV6G
umap,10000,9601,-5.0200443,0.38142622,5.0,B08S55D31N
umap,10000,9602,-1.2490457,4.8717146,5.0,B07RLQV8CP
umap,10000,9603,0.33841988,4.173414,5.0,B07KWZCLWH
umap,10000,9604,6.016932,-1.9610637,5.0,B0BDM6RFTY
umap,10000,9605,1.3766674,3.823866,1.0,B077MXCXDQ
umap,10000,9606,3.0502093,0.75834686,1.0,B00EJSNL7I
umap,10000,9607,4.3203335,2.2335443,5.0,B0BTPBBL52
umap,10000,9608,-1.560265,-1.4758613,4.0,B0BMWKN3HB
umap,10000,9609,-1.5982858,-3.8180094,4.0,B097DP7D93
umap,10000,9610,-1.5209578,-3.322531,5.0,B01DUF3UVC
umap,10000,9611,-1.4993316,-1.5272347,4.0,B08F14WY7L
umap,10000,9612,2.7664855,3.231803,5.0,B06XSGYL1Q
umap,10000,9613,3.93155,1.6362488,5.0,B078MCNFR1
umap,10000,9614,2.4774141,2.90077,5.0,B00R81X5A6
umap,10000,9615,2.4240892,2.600371,4.0,B083NYMDDH
umap,10000,9616,2.4042587,4.002371,4.0,B07T58DGSZ
umap,10000,9617,-1.6848977,-3.208274,4.0,B07FK3G173
umap,10000,9618,-1.7942873,-3.0720701,3.0,B0BPS1NNNJ
umap,10000,9619,-2.4855409,-0.20254979,1.0,B07H6X3YQN
umap,10000,9620,-2.0649166,-2.332904,4.0,B00DHHOZBI
umap,10000,9621,-1.0942951,-3.054268,3.0,B0B5XL2KF3
umap,10000,9622,0.3552895,1.2287787,5.0,B013JZCAZK
umap,10000,9623,-0.8343259,-3.7523568,5.0,B01M8HMK79
umap,10000,9624,0.06368866,0.49563995,4.0,B073GVZTSQ
umap,10000,9625,2.6181822,3.056088,5.0,B097QFQ8X3
umap,10000,9626,-1.9321835,0.90637004,5.0,B01BLXLR38
umap,10000,9627,3.632649,1.1094395,4.0,B01N217763
umap,10000,9628,-3.3492014,-3.0401673,4.0,B0B75PV61F
umap,10000,9629,3.622352,2.8704169,5.0,B08PYYS9M3
umap,10000,9630,7.6208353,3.0572696,5.0,B00EL94Z4I
umap,10000,9631,-0.29769075,3.04512,1.0,B00N99FXIS
umap,10000,9632,4.0379972,1.734135,4.0,B00J2M8Z4A
umap,10000,9633,-2.8107257,-2.7177002,5.0,B00U3FPN4U
umap,10000,9634,-2.3986177,-1.8732169,5.0,B00SWJEB3S
umap,10000,9635,-0.5098506,-3.9990616,5.0,B00SMBGP76
umap,10000,9636,-2.345942,1.6635154,5.0,B00I5VVJNI
umap,10000,9637,4.148032,1.904577,5.0,B00OFLNE1C
umap,10000,9638,-4.9331074,0.4586904,5.0,B0095PZHPE
umap,10000,9639,2.959765,0.6362271,1.0,B079GB8ZX9
umap,10000,9640,3.8003297,0.5510692,5.0,B077TY2YN2
umap,10000,9641,1.0068682,0.35452133,4.0,B07Q465CFL
umap,10000,9642,10.193567,-16.679588,5.0,B08P72Y8MN
umap,10000,9643,3.2648535,2.9420152,5.0,B0BD7G6ZCS
umap,10000,9644,0.42975533,5.0506124,5.0,B07XXDC7XN
umap,10000,9645,3.9885898,1.6124175,5.0,B0BDFX1HPD
umap,10000,9646,4.1246266,1.5172992,5.0,B06XW1SCWZ
umap,10000,9647,-1.80894,-3.0566943,5.0,B09N7SXX1X
umap,10000,9648,0.69058526,0.6416908,2.0,B07Q9LSQYS
umap,10000,9649,1.344557,-1.9561319,5.0,B08X18FFSL
umap,10000,9650,3.2112312,0.9054051,3.0,B07JPG6C8V
umap,10000,9651,7.1561537,3.5558317,5.0,B00JABGJSM
umap,10000,9652,4.874579,3.5747273,4.0,B00AEF7RLG
umap,10000,9653,-0.105509184,-4.837135,5.0,B00UV94J2A
umap,10000,9654,1.5944037,-1.8782419,5.0,B082Z5L2LD
umap,10000,9655,-2.607826,0.18522105,5.0,B081HG6HT1
umap,10000,9656,0.26787153,2.530288,5.0,B074N81CZN
umap,10000,9657,0.18925928,3.7911122,5.0,B01HEW2C9I
umap,10000,9658,-3.6520083,-3.400313,5.0,B01KIOU4EO
umap,10000,9659,4.9163337,0.85593796,3.0,B003LMOVQS
umap,10000,9660,-2.3663003,1.822433,5.0,B004XASKIM
umap,10000,9661,1.7149152,-0.4864375,5.0,B000XSBVMU
umap,10000,9662,-0.50360024,-4.0928373,5.0,B01BLVF344
umap,10000,9663,-2.1138213,-1.6144183,5.0,B09WDKTDDV
umap,10000,9664,0.4362452,4.5949492,5.0,B0BGKK3M4Y
umap,10000,9665,2.2423756,-1.5895952,1.0,B0834TH2FK
umap,10000,9666,4.4402785,3.647275,5.0,B09B2131LR
umap,10000,9667,1.7359331,-2.0949445,5.0,B09CM1FZKL
umap,10000,9668,-0.4577718,-3.1283662,4.0,B07BM9CLKG
umap,10000,9669,0.7681819,-4.910501,5.0,B09Y54MQWT
umap,10000,9670,-2.1142464,-2.9042022,4.0,B07FKQ1KC8
umap,10000,9671,-0.987749,-3.9263523,5.0,B01JAT1F5K
umap,10000,9672,0.7120078,2.2188628,5.0,B098HS1NDV
umap,10000,9673,3.6373293,0.40993696,4.0,B00DODLLEO
umap,10000,9674,0.52940196,3.096012,5.0,B00DYTM9K8
umap,10000,9675,1.9882969,1.4728265,4.0,B001PRKKB6
umap,10000,9676,0.22046962,-4.959097,3.0,B00WUHUYHA
umap,10000,9677,4.503693,-0.023815705,5.0,B08LB4WFZR
umap,10000,9678,0.12558606,2.4457686,4.0,B0923M3V4W
umap,10000,9679,3.4224315,1.3167119,5.0,B002N3MM6W
umap,10000,9680,1.1418527,-0.9950568,5.0,B0922N4R9Z
umap,10000,9681,-0.9630739,-3.9828835,5.0,B09Q5BNT76
umap,10000,9682,0.4796542,1.6656725,5.0,B01LYXG93H
umap,10000,9683,6.167923,-1.7280267,5.0,B09W4DTMQX
umap,10000,9684,6.1927047,-1.670397,5.0,B09ZTC6LGP
umap,10000,9685,0.51737046,4.279098,5.0,B01N5ALH90
umap,10000,9686,-2.0778654,-2.5652232,3.0,B006GVWJNI
umap,10000,9687,0.5015066,-5.0706677,5.0,B003VANOFY
umap,10000,9688,4.089847,1.5233786,2.0,B0BMXDFY8Y
umap,10000,9689,1.2435242,2.1994042,3.0,B07Q2SJNZ5
umap,10000,9690,0.32008985,1.4883828,5.0,B0C6KX8YPM
umap,10000,9691,-0.64911866,-3.4684803,1.0,B0B8TZ9YDH
umap,10000,9692,-2.2815528,1.4205891,5.0,B0BK3DV12L
umap,10000,9693,0.2999406,1.0530953,5.0,B0BPHX4WNB
umap,10000,9694,-2.5491662,1.4113029,5.0,B092YLD576
umap,10000,9695,2.7028909,-1.5303525,5.0,B0B5347K29
umap,10000,9696,-2.9284937,1.2077308,5.0,B0BKRFS2WT
umap,10000,9697,-2.0104482,-1.7741647,5.0,B0C2BT4F7F
umap,10000,9698,-2.4785967,1.4058472,5.0,B0C69TG6ZW
umap,10000,9699,1.5635475,-2.0120745,5.0,B0BLZ768Q7
umap,10000,9700,0.41282088,1.0405786,5.0,B0C8MXJBZG
umap,10000,9701,-0.011161262,3.8648417,5.0,B0C245SLN9
umap,10000,9702,3.367993,1.0821404,1.0,B0C5HYL59M
umap,10000,9703,-0.8626399,-2.4973068,1.0,B0CC54P9YK
umap,10000,9704,2.902875,1.5367336,1.0,B0C27W4YKT
umap,10000,9705,-2.3952544,1.5179907,1.0,B093GXP1JF
umap,10000,9706,-5.0878882,0.34014347,5.0,B0BGHSTHH1
umap,10000,9707,-0.6389985,-0.5926681,5.0,B0BTYMPPJC
umap,10000,9708,0.9431123,2.707921,5.0,B0BHYM36X2
umap,10000,9709,-2.3031907,1.6618781,5.0,B0B8RBCCT8
umap,10000,9710,0.23414212,0.9393457,5.0,B0BGGG4Q5N
umap,10000,9711,-0.4949317,-0.69246906,5.0,B0B45QNQFM
umap,10000,9712,-2.7251987,2.7145786,5.0,B0B8BTDT7M
umap,10000,9713,-2.4365292,1.6211425,5.0,B0B2DGY1J8
umap,10000,9714,-1.3744551,-4.158695,5.0,B09WJSWGGZ
umap,10000,9715,0.6186296,2.711268,5.0,B0BCK4LVC9
umap,10000,9716,0.24076028,2.4302278,5.0,B0BNJ5CGMJ
umap,10000,9717,-5.106515,0.32520017,5.0,B0C1N9W872
umap,10000,9718,4.178587,-1.5219408,5.0,B0B6W3BGKB
umap,10000,9719,-0.8195577,-0.70162326,5.0,B0BGPK95HK
umap,10000,9720,-0.7144447,-0.6247829,5.0,B0C53DQ4P5
umap,10000,9721,4.198191,-1.5475274,5.0,B0B58TWYTD
umap,10000,9722,-1.0511934,-3.0048718,5.0,B0B294T7XS
umap,10000,9723,1.6160175,-2.027932,5.0,B0B7DLH38Q
umap,10000,9724,2.7674072,-1.4867121,5.0,B0BGPK95HK
umap,10000,9725,-0.72205096,-0.61656034,5.0,B0B9LWVRG1
umap,10000,9726,-1.3646396,-1.1623417,3.0,B09ZZXSZTY
umap,10000,9727,6.1837683,-1.7613194,5.0,B0BTYQXHLS
umap,10000,9728,1.696539,-1.3610257,5.0,B0B28NS372
umap,10000,9729,-0.69329125,-0.63003904,5.0,B091GFJJ4W
umap,10000,9730,0.93644094,0.9052333,5.0,B0BXL9C5K8
umap,10000,9731,1.3703314,-1.8416425,5.0,B09PY7R912
umap,10000,9732,-3.40703,-1.5038841,2.0,B09S6SXFRC
umap,10000,9733,0.7533467,2.5705252,5.0,B09VH1STX5
umap,10000,9734,-1.5803275,-0.98863393,3.0,B09LLN4NQV
umap,10000,9735,-0.053278908,-5.174999,5.0,B09LY2JFYN
umap,10000,9736,0.511812,-4.98469,5.0,B09KRD53TD
umap,10000,9737,6.167018,-1.6426034,5.0,B09HCG3QBG
umap,10000,9738,-0.34251568,4.187051,1.0,B07RLTCZFH
umap,10000,9739,-0.36008766,4.3483906,2.0,B07KXN1HRL
umap,10000,9740,2.6624508,-1.4773971,5.0,B095NZHHFK
umap,10000,9741,4.3457,-0.14571826,5.0,B0C4XQ34T3
umap,10000,9742,-1.6436452,2.130263,5.0,B0921Z5SS6
umap,10000,9743,0.13142532,-5.307874,2.0,B07ZPC9QD4
umap,10000,9744,-0.5608311,-4.246378,5.0,B092D916BL
umap,10000,9745,1.586313,-1.1414703,1.0,B0967JBZN9
umap,10000,9746,1.0764513,2.11684,1.0,B08SBVX4R5
umap,10000,9747,-0.6005456,0.39094257,5.0,B09DXXSS9Z
umap,10000,9748,2.7181513,-1.5772635,3.0,B09CYHT3VK
umap,10000,9749,-3.6827133,-3.3093445,2.0,B07KTYJ769
umap,10000,9750,-1.3256305,5.063423,5.0,B08K3MLG2H
umap,10000,9751,-0.08310475,-3.8547957,5.0,B08HH6RB61
umap,10000,9752,-0.01644725,4.746137,1.0,B08H8DCYWC
umap,10000,9753,1.4611561,-1.8791958,4.0,B08D6K3FP6
umap,10000,9754,-0.5566617,0.33746484,5.0,B07725JKKY
umap,10000,9755,2.6403298,-1.4313146,1.0,B082TVTLLQ
umap,10000,9756,4.361004,-1.6477722,2.0,B07N1L5HX1
umap,10000,9757,-2.7601311,2.7596967,4.0,B088KRWG5K
umap,10000,9758,1.7447879,-1.4418062,5.0,B07SB3MN9N
umap,10000,9759,-3.3857987,-1.5432649,5.0,B09YQZL8T6
umap,10000,9760,-0.2904889,-4.9604483,5.0,B09F3RBZB6
umap,10000,9761,-2.7765353,1.3355838,5.0,B087GDZ6C5
umap,10000,9762,-0.88789034,4.97481,5.0,B08LH7WC6B
umap,10000,9763,0.12866913,-1.063273,5.0,B083BJDFRQ
umap,10000,9764,-1.4831378,3.3641372,2.0,B07MHZHVDK
umap,10000,9765,-0.40382585,-3.52198,3.0,B07T4NW4JQ
umap,10000,9766,-5.0278583,0.38246322,5.0,B07X1PTK35
umap,10000,9767,-1.9960564,1.4921497,5.0,B07YCS388T
umap,10000,9768,-0.6894381,0.31943738,5.0,B07H7BN13K
umap,10000,9769,1.4817793,-1.2686605,5.0,B07CHJ1SLT
umap,10000,9770,1.6678356,-0.48715022,5.0,B07FKS68JT
umap,10000,9771,-1.668233,-3.8505394,5.0,B07V46WGH5
umap,10000,9772,-2.5630038,1.3251368,4.0,B07JW2DM4C
umap,10000,9773,0.50999033,-0.97873026,5.0,B07TX1M942
umap,10000,9774,-0.64584816,0.30811858,5.0,B07VQSR121
umap,10000,9775,1.7037632,-1.0096542,5.0,B07TM2WXCC
umap,10000,9776,0.28203687,-1.6863111,4.0,B073WRJ44V
umap,10000,9777,-1.3454077,5.070685,5.0,B081CC65ZS
umap,10000,9778,-0.7329121,0.501141,1.0,B07PKM9YZC
umap,10000,9779,-0.84276134,0.6360876,5.0,B07SBMKC8S
umap,10000,9780,-2.0990446,1.5617771,5.0,B07Q4F3SQH
umap,10000,9781,1.6240733,-0.44616815,5.0,B07P7GG2GC
umap,10000,9782,-0.16489603,-5.7088895,5.0,B07QL578VM
umap,10000,9783,-2.7266068,-0.067585185,4.0,B06XRNP6NL
umap,10000,9784,-0.9427127,-3.1445239,4.0,B06ZYY2876
umap,10000,9785,2.3459065,2.484159,5.0,B01F9RH0R4
umap,10000,9786,5.158803,2.04825,5.0,B00D1V2FKS
umap,10000,9787,7.7207036,2.5100727,5.0,B016XYGFOG
umap,10000,9788,-1.2728844,-1.1682119,5.0,B00NUS8QQY
umap,10000,9789,7.5406995,4.3306847,5.0,B009W4QYG4
umap,10000,9790,4.055227,1.5056784,4.0,B009M3VL36
umap,10000,9791,-0.43790868,-4.424683,2.0,B01BRWH8G8
umap,10000,9792,7.5921946,4.0727363,5.0,B09B74YKSB
umap,10000,9793,7.732419,2.5193303,1.0,B07N8VFFNS
umap,10000,9794,7.5308414,4.149614,5.0,B08KZ1TZYB
umap,10000,9795,-0.85327655,-0.63303024,5.0,B09L5PM4MK
umap,10000,9796,1.5315169,1.3369135,5.0,B08F2X7GNJ
umap,10000,9797,1.4512582,0.029542148,5.0,B08P7WCRDM
umap,10000,9798,3.1559906,1.062492,5.0,B01N75TWSA
umap,10000,9799,-0.51949793,-4.007407,5.0,B099V8GPR4
umap,10000,9800,-0.5968306,-3.9792218,5.0,B074WGHWS7
umap,10000,9801,3.5010939,1.8848491,5.0,B076J59CLH
umap,10000,9802,3.549746,1.8695095,5.0,B079LNWB52
umap,10000,9803,4.149599,1.8529775,5.0,B0B84XMBTM
umap,10000,9804,2.946958,1.7436484,5.0,B000WYVBR0
umap,10000,9805,-1.6808745,-1.474777,5.0,B07D4F2P26
umap,10000,9806,3.6564572,1.8711399,5.0,B01HCUUOPG
umap,10000,9807,4.0870514,2.058913,5.0,B075X8471B
umap,10000,9808,3.7524986,1.6115546,5.0,B01AWOAUJY
umap,10000,9809,3.999789,1.7137192,5.0,B07WMB4XS4
umap,10000,9810,3.8936923,1.6832905,5.0,B01H4XBYIW
umap,10000,9811,2.0080376,-0.6403724,1.0,B00RD7MZMO
umap,10000,9812,5.016075,1.6433252,5.0,B00PSKE25G
umap,10000,9813,3.820336,1.671999,5.0,B07647T8NX
umap,10000,9814,3.5707297,1.8085868,5.0,B0C2HWSXNL
umap,10000,9815,3.886648,1.6820493,5.0,B00EUUZMGI
umap,10000,9816,3.5166593,1.8881556,5.0,B09DFW1W8B
umap,10000,9817,5.1667795,2.0556116,5.0,B01GOAVEZY
umap,10000,9818,6.840651,9.187858,5.0,B00RYLI0LE
umap,10000,9819,12.551715,-11.295623,5.0,B0045EOWS8
umap,10000,9820,12.537859,-11.279552,5.0,B096T31Z9T
umap,10000,9821,3.8653173,0.6930383,3.0,B0C1ZHJRGB
umap,10000,9822,0.1387157,4.394719,1.0,B07MVY15LS
umap,10000,9823,0.077759214,4.425568,1.0,B083R7LDYQ
umap,10000,9824,0.12759511,4.365711,1.0,B07P7VFSSY
umap,10000,9825,1.5318507,-2.1233635,2.0,B07JV9N352
umap,10000,9826,2.919989,2.6971755,3.0,B07D6Q2MNG
umap,10000,9827,0.18344854,4.208345,2.0,B08ZZH5KM4
umap,10000,9828,-1.6498314,-3.2407138,5.0,B00007KDX6
umap,10000,9829,1.767099,1.8665694,2.0,B0002G44P4
umap,10000,9830,-1.2323819,-4.2112956,3.0,B0B75PV61F
umap,10000,9831,0.5375982,-5.8374457,4.0,B01CYNT772
umap,10000,9832,1.1198634,2.7053866,5.0,B08WLQGKM2
umap,10000,9833,5.9878716,-1.250326,5.0,B09HTV2T4T
umap,10000,9834,-1.9434249,-3.0609047,5.0,B00BSYCZZ0
umap,10000,9835,-2.0070522,-3.0643144,3.0,B00140DBRY
umap,10000,9836,2.804702,1.200658,2.0,B00VKM5YG2
umap,10000,9837,0.47009325,2.4101732,3.0,B01D3NROZE
umap,10000,9838,0.6266486,3.4063792,5.0,B014VA1ZD0
umap,10000,9839,0.48720154,1.0511446,5.0,B00159LRXY
umap,10000,9840,0.26862139,3.4077172,2.0,B01BH5TLK6
umap,10000,9841,2.7697752,1.0122471,2.0,B07RL3LRZ8
umap,10000,9842,-1.7131872,-2.9141657,4.0,B0016OEV7C
umap,10000,9843,-1.1218284,-3.2643478,3.0,B006SUWZH2
umap,10000,9844,-0.63529736,-4.1271243,5.0,B00BCA40S0
umap,10000,9845,1.5589228,-1.9606755,5.0,B00K8GZED4
umap,10000,9846,4.0378895,1.8308688,5.0,B00006JQ06
umap,10000,9847,1.4041833,-1.4095149,2.0,B001TH7GUU
umap,10000,9848,-1.2181982,0.86931884,3.0,B00IEYGALM
umap,10000,9849,0.51159275,3.930331,5.0,B002VPE1Q6
umap,10000,9850,0.96881306,2.6979823,5.0,B00MHI0QGQ
umap,10000,9851,4.363881,1.429013,1.0,B01MCWS5YA
umap,10000,9852,5.937808,-1.9480679,5.0,B07CLBNM1C
umap,10000,9853,3.5132284,-0.9194109,3.0,B010CCZJSS
umap,10000,9854,-1.2599674,-1.9670932,5.0,B000F4C1H6
umap,10000,9855,-2.2458482,-2.719523,5.0,B004OVE61U
umap,10000,9856,-3.3520985,-1.5925735,1.0,B0BL3B9ZVW
umap,10000,9857,-0.6992536,0.4591271,1.0,B0BM96BQYV
umap,10000,9858,-3.7788217,-1.6511974,5.0,B08KHV7H1S
umap,10000,9859,-2.0342228,-0.8782625,5.0,B0C46HBG9F
umap,10000,9860,5.255414,3.5590553,5.0,B09G3MBH6V
umap,10000,9861,-3.3417447,-1.7301319,1.0,B0B592HWSM
umap,10000,9862,-3.3324342,-1.708983,1.0,B09ZKYHD2P
umap,10000,9863,-2.593599,1.3525575,5.0,B0BM5Y3LPK
umap,10000,9864,-2.7113712,1.2910424,1.0,B0829KDY9X
umap,10000,9865,0.8495357,2.4693398,1.0,B08QQTQNDC
umap,10000,9866,-0.85108745,-4.240086,5.0,B0B3JVPY1K
umap,10000,9867,-2.6178308,-2.064651,5.0,B07GZFM1ZM
umap,10000,9868,-2.9439006,0.70238364,1.0,B00N2ZDXW2
umap,10000,9869,10.316091,-16.646755,5.0,B084VFH8MT
umap,10000,9870,4.3004155,1.8456285,5.0,B07MVGHLL4
umap,10000,9871,7.3065624,4.096065,5.0,B01K8B8YA8
umap,10000,9872,7.6176634,2.9537747,5.0,B07N8VFFNS
umap,10000,9873,7.085545,3.841498,5.0,B0792K2BK6
umap,10000,9874,7.617044,2.9641457,5.0,B0791TX5P5
umap,10000,9875,-3.699108,-3.3139377,5.0,B07KTYJ769
umap,10000,9876,3.2156973,0.88471717,1.0,B08RYZGXLL
umap,10000,9877,0.37993786,4.8416014,5.0,B076H96CZF
umap,10000,9878,4.0974607,2.1839142,5.0,B07PNKJ7N3
umap,10000,9879,5.247983,3.5578482,5.0,B07S4N7K19
umap,10000,9880,7.6200013,2.9591348,5.0,B00BGSPW9Y
umap,10000,9881,3.086006,2.2203498,4.0,B078SCKP5Q
umap,10000,9882,3.8188787,1.712575,4.0,B0BL6788GP
umap,10000,9883,4.243186,3.1041398,5.0,B07ZCZHCZX
umap,10000,9884,2.6467152,2.1916924,5.0,B083BY7WNN
umap,10000,9885,-0.51005936,-4.6106467,5.0,B01LVVG5XS
umap,10000,9886,2.6129444,2.920936,5.0,B08S6LTM2Y
umap,10000,9887,2.3114898,2.5333605,5.0,B07F2GQGTY
umap,10000,9888,0.80997765,3.0043328,4.0,B07KS5MZYP
umap,10000,9889,-0.8354771,0.68383366,5.0,B09Q7JDCGN
umap,10000,9890,0.023617594,-4.4494424,2.0,B0C3GSXJDJ
umap,10000,9891,0.46034616,-2.1964624,5.0,B00AVY6DUG
umap,10000,9892,0.39887112,-2.198941,5.0,B00CJHXY0U
umap,10000,9893,4.3704567,-1.6730032,5.0,B095RL4KBZ
umap,10000,9894,1.4013505,3.617074,5.0,B0B3BTZ7KR
umap,10000,9895,1.6651134,-0.42878172,5.0,B075SJWX43
umap,10000,9896,6.952096,3.8288374,5.0,B01KIOU4EO
umap,10000,9897,-0.52663714,-2.9791148,4.0,B00KJLMBQQ
umap,10000,9898,3.199916,-1.1112652,5.0,B07TS9412P
umap,10000,9899,-0.10754113,-3.628099,5.0,B06WWBS9BY
umap,10000,9900,-2.1462827,1.7450792,5.0,B00BXERYMY
umap,10000,9901,1.3147639,0.9225899,5.0,B07PGL2N7J
umap,10000,9902,0.7721947,3.2800357,5.0,B07F4P3JH7
umap,10000,9903,2.4130266,2.7388155,5.0,B077MVFQWZ
umap,10000,9904,12.53787,-11.279415,5.0,B00BR5FZ7U
umap,10000,9905,8.821754,3.6146536,5.0,B01LYQ4QCE
umap,10000,9906,8.81942,3.613756,5.0,B00935K7OC
umap,10000,9907,8.819309,3.6141462,5.0,B07JL18G1D
umap,10000,9908,8.822139,3.6146276,5.0,B008I64TOQ
umap,10000,9909,12.560881,-11.255264,5.0,B07N5MT53H
umap,10000,9910,4.333625,3.8497329,5.0,B073HQ46VD
umap,10000,9911,7.5905256,4.389065,5.0,B002J9GHIO
umap,10000,9912,12.537647,-11.2801,5.0,B00KCZTAI6
umap,10000,9913,7.448383,3.9996471,5.0,B001P05MDE
umap,10000,9914,7.451194,3.9810648,5.0,B01LWRVB4P
umap,10000,9915,7.4593043,3.9960535,5.0,B00DQGIHNW
umap,10000,9916,-4.0706177,0.88485897,5.0,B0BBQRCQS2
umap,10000,9917,-2.3852274,-1.5808924,5.0,B00ZSB1UE6
umap,10000,9918,0.17379655,4.0991106,4.0,B003PET5XG
umap,10000,9919,2.9952345,1.8738339,5.0,B07H65KP63
umap,10000,9920,-1.3405393,0.05835625,5.0,B09WMH6MR6
umap,10000,9921,-0.26829892,-4.941009,4.0,B09F3RBZB6
umap,10000,9922,-2.0963316,-1.0716519,3.0,B07GKT53H5
umap,10000,9923,0.3455627,-1.0920489,5.0,B07H2BKBR5
umap,10000,9924,0.20971602,2.6770868,5.0,B0953BVTHX
umap,10000,9925,2.1712396,-1.9236968,5.0,B017WGIH36
umap,10000,9926,-1.3516146,5.157252,5.0,B07SCH4PCM
umap,10000,9927,3.9164686,0.72753423,5.0,B07XBQLL71
umap,10000,9928,-2.0683234,-0.88756126,5.0,B0CBQJ36ZN
umap,10000,9929,-1.101748,-4.645707,5.0,B0BJ517NSM
umap,10000,9930,3.6483443,2.8627315,5.0,B07GVS4RW2
umap,10000,9931,4.759584,3.5783863,5.0,B075JZNHTD
umap,10000,9932,0.672217,4.003293,5.0,B01ITOFEX6
umap,10000,9933,6.1197505,-1.8334283,5.0,B016MXPQMA
umap,10000,9934,2.1250336,1.8423636,5.0,B01FV2HIYC
umap,10000,9935,0.40889695,0.53440255,4.0,B01C0W3SSG
umap,10000,9936,1.1070664,0.19188763,5.0,B004K4TE5O
umap,10000,9937,0.8675302,2.766302,5.0,B00MP0J0YK
umap,10000,9938,4.427575,3.2186534,4.0,B007L2OQLO
umap,10000,9939,6.838093,9.186154,5.0,B0159CNMY4
umap,10000,9940,1.9473375,-2.322859,5.0,B081CCP77B
umap,10000,9941,4.034898,1.0867175,5.0,B01GR9FDVI
umap,10000,9942,4.0000577,2.20381,5.0,B082SR59W9
umap,10000,9943,-1.0791643,5.2217293,5.0,B00GVRHON2
umap,10000,9944,3.4296432,1.7654307,5.0,B0079MA92Q
umap,10000,9945,0.26069796,4.122612,5.0,B08672V1D2
umap,10000,9946,0.09585386,-2.3634734,5.0,B07CGC1ZSM
umap,10000,9947,3.424756,1.2116028,3.0,B01BXEIVV6
umap,10000,9948,-0.51154643,2.399741,1.0,B00LCKPNAO
umap,10000,9949,0.9258899,2.591536,3.0,B010BWYDYA
umap,10000,9950,1.9285724,1.0898743,5.0,B000P0O12I
umap,10000,9951,-1.5372728,-4.5732923,5.0,B0BY8N7HHG
umap,10000,9952,4.0065665,0.8010253,5.0,B0077L5XSY
umap,10000,9953,5.0491695,4.426324,5.0,B01ABWGHHG
umap,10000,9954,1.2810717,-2.2860541,5.0,B0777KLKJ1
umap,10000,9955,2.423086,1.4821572,1.0,B01AX44544
umap,10000,9956,0.3693951,-5.0161114,4.0,B07KQL6J9Q
umap,10000,9957,0.4408131,0.91132903,5.0,B01C4HCBNA
umap,10000,9958,3.8609474,0.6750005,4.0,B09SBN4V44
umap,10000,9959,3.3603132,0.4152466,5.0,B0C7THZNCB
umap,10000,9960,1.6052155,4.0467234,3.0,B01IOGPY0C
umap,10000,9961,-2.0605674,1.5540022,5.0,B07JJHQ6PF
umap,10000,9962,-1.0684658,-0.53041226,5.0,B07FPQ343D
umap,10000,9963,4.042262,2.1928914,5.0,B00B3P1IGG
umap,10000,9964,1.7360426,-1.9413776,5.0,B00FA4Y82W
umap,10000,9965,1.1412698,3.8043995,5.0,B00C0ZAY8G
umap,10000,9966,0.25971112,4.586648,5.0,B007WAWHD4
umap,10000,9967,-0.64410764,-3.5183294,4.0,B004SBBD1C
umap,10000,9968,-1.0107559,-1.8490396,4.0,B0015ACUKC
umap,10000,9969,-2.5504785,1.926662,2.0,B00395WIXA
umap,10000,9970,2.4944131,3.9501429,5.0,B09F366D8L
umap,10000,9971,12.555974,-11.261079,5.0,B016N0SX18
umap,10000,9972,2.7357237,2.2463293,5.0,B00KCZTAI6
umap,10000,9973,-3.4778762,-1.4931911,5.0,B01IUDUJE0
umap,10000,9974,2.1066744,3.0927413,5.0,B01M012CWI
umap,10000,9975,-0.24093723,3.68594,5.0,B00FO1QRXO
umap,10000,9976,-1.6291683,-3.563323,5.0,B00BLX9510
umap,10000,9977,-1.5107049,-1.1292765,5.0,B00BCGRTFK
umap,10000,9978,-1.4734613,-0.92041177,2.0,B01B24A3W2
umap,10000,9979,3.0125265,2.2497602,4.0,B07QRYFYVW
umap,10000,9980,4.3288794,1.786862,5.0,B08J79T7CQ
umap,10000,9981,-0.54618186,-3.7732785,5.0,B086X2282Y
umap,10000,9982,-5.092825,0.34199247,5.0,B00FB2XNCE
umap,10000,9983,8.698036,5.6719556,5.0,B08RD8K7ZG
umap,10000,9984,0.4485257,0.9394738,5.0,B07C9YV85F
umap,10000,9985,3.6923397,3.0338867,5.0,B002VPE1Q6
umap,10000,9986,7.6194787,2.9685888,5.0,B08WPB22H1
umap,10000,9987,3.2382286,1.6622682,5.0,B077ZS7D77
umap,10000,9988,0.22260092,2.5538282,5.0,B07F41HCGD
umap,10000,9989,0.41660962,5.0079436,5.0,B07KJB17KT
umap,10000,9990,6.4622784,3.4623017,5.0,B009UNGYHG
umap,10000,9991,6.7231083,3.6479828,5.0,B07BTS2KWK
umap,10000,9992,6.7443776,3.664256,5.0,B0BJPSZ739
umap,10000,9993,3.350827,1.7422006,5.0,B07JPYJ5H1
umap,10000,9994,2.9827518,2.8194268,5.0,B07Z8R8X9Y
umap,10000,9995,1.1613517,0.6201607,5.0,B08DMXDPW5
umap,10000,9996,1.8325222,0.032917816,5.0,B085WKPBW7
umap,10000,9997,2.7085757,1.74613,5.0,B01C3SK0FG
umap,10000,9998,0.49138293,-1.0055565,4.0,B09YRQP4YS
umap,10000,9999,1.8770609,0.005583769,5.0,B09BP1LB8L
